genome,fragment,original_removed_start,original_removed_stop,original_removed_length,inserted_gene_id,inserted_gene_header,inserted_gene_length,inserted_start,inserted_stop,strand
Akkermansia_muciniphila,Akkermansia_muciniphila,1706143,1706439,297,MEG_3539|Biocides|Multi-biocide_resistance|Multi-biocide_MFS_efflux_pump|LDE,MEG_3539|Biocides|Multi-biocide_resistance|Multi-biocide_MFS_efflux_pump|LDE,1209,1706143,1707351,+
Bacteroides_fragilis,Bacteroides_fragilis,48906,50831,1926,MEG_7785|Biocides|Multi-biocide_resistance|Multi-biocide_RND_efflux_pump|VMEB,MEG_7785|Biocides|Multi-biocide_resistance|Multi-biocide_RND_efflux_pump|VMEB,3162,48906,52067,+
Bacteroides_fragilis,Bacteroides_fragilis,380286,381188,903,MEG_7092|Drugs|Tetracyclines|Tetracycline_resistance_MFS_efflux_pumps|TETL,MEG_7092|Drugs|Tetracyclines|Tetracycline_resistance_MFS_efflux_pumps|TETL,1383,381522,382904,+
Bacteroides_fragilis,Bacteroides_fragilis,402236,403441,1206,MEG_11241|Drugs|Fosfomycin|Fosfomycin_thiol_transferases|FOSA,MEG_11241|Drugs|Fosfomycin|Fosfomycin_thiol_transferases|FOSA,420,403952,404371,+
Bacteroides_fragilis,Bacteroides_fragilis,403466,403978,513,MEG_3616|Drugs|MLS|Lincosamide_nucleotidyltransferases|LNUF,MEG_3616|Drugs|MLS|Lincosamide_nucleotidyltransferases|LNUF,846,404396,405241,+
Bacteroides_fragilis,Bacteroides_fragilis,1825829,1827158,1330,MEG_4083|Multi-compound|Drug_and_biocide_resistance|Drug_and_biocide_RND_efflux_pumps|MTRD,MEG_4083|Multi-compound|Drug_and_biocide_resistance|Drug_and_biocide_RND_efflux_pumps|MTRD,3204,1827092,1830295,+
Bifidobacterium_adolescentis,Bifidobacterium_adolescentis,1255962,1256299,338,MEG_1978|Drugs|betalactams|Class_C_betalactamases|CMY,MEG_1978|Drugs|betalactams|Class_C_betalactamases|CMY,1230,1255962,1257191,+
Bifidobacterium_adolescentis,Bifidobacterium_adolescentis,1470793,1474093,3301,MEG_2917|Drugs|Phenicol|Phenicol_resistance_MFS_efflux_pumps|FLOR,MEG_2917|Drugs|Phenicol|Phenicol_resistance_MFS_efflux_pumps|FLOR,1215,1471685,1472899,+
Bifidobacterium_adolescentis,Bifidobacterium_adolescentis,1956215,1957669,1455,MEG_3271|Drugs|Multi-drug_resistance|Multi-drug_RND_efflux_pumps|HNS,MEG_3271|Drugs|Multi-drug_resistance|Multi-drug_RND_efflux_pumps|HNS,414,1955021,1955434,+
Clostridioides_difficile,Clostridium_difficille,367386,368324,939,MEG_10588|Drugs|betalactams|Class_A_betalactamases|OKP,MEG_10588|Drugs|betalactams|Class_A_betalactamases|OKP,861,367386,368246,+
Clostridioides_difficile,Clostridium_difficille,888451,888792,342,MEG_3576|Drugs|betalactams|Class_A_betalactamases|LEN,MEG_3576|Drugs|betalactams|Class_A_betalactamases|LEN,822,888373,889194,+
Clostridioides_difficile,Clostridium_difficille,890676,891249,574,MEG_7788|Biocides|Multi-biocide_resistance|Multi-biocide_RND_efflux_pump|VMEE,MEG_7788|Biocides|Multi-biocide_resistance|Multi-biocide_RND_efflux_pump|VMEE,1095,891078,892172,+
Clostridioides_difficile,Clostridium_difficille,1184042,1184551,510,MEG_6612|Drugs|Sulfonamides|Sulfonamide-resistant_dihydropteroate_synthases|SULI,MEG_6612|Drugs|Sulfonamides|Sulfonamide-resistant_dihydropteroate_synthases|SULI,852,1184965,1185816,+
Clostridioides_difficile,Clostridium_difficille,1430567,1431034,468,MEG_11396|Metals|Cadmium_resistance|Cadmium_resistance_chaperone|HSCC,MEG_11396|Metals|Cadmium_resistance|Cadmium_resistance_chaperone|HSCC,1680,1431832,1433511,+
Clostridioides_difficile,Clostridium_difficille,1482656,1483981,1326,MEG_11362|Metals|Arsenic_resistance|Arsenic_resistance_N-acetyltransferases|ARSN2,MEG_11362|Metals|Arsenic_resistance|Arsenic_resistance_N-acetyltransferases|ARSN2,444,1485133,1485576,+
Clostridioides_difficile,Clostridium_difficille,1677480,1679313,1834,MEG_498|Multi-compound|Biocide_and_metal_resistance|Biocide_and_metal_resistance_protein|ACTA,MEG_498|Multi-compound|Biocide_and_metal_resistance|Biocide_and_metal_resistance_protein|ACTA,1626,1679075,1680700,+
Clostridioides_difficile,Clostridium_difficille,1679574,1680674,1101,MEG_11308|Drugs|Multi-drug_resistance|Multi-drug_SMR_efflux_regulator|EMRE,MEG_11308|Drugs|Multi-drug_resistance|Multi-drug_SMR_efflux_regulator|EMRE,324,1680961,1681284,+
Clostridioides_difficile,Clostridium_difficille,1681495,1683633,2139,MEG_2928|Drugs|Phenicol|Phenicol_resistance_MFS_efflux_pumps|FLOR,MEG_2928|Drugs|Phenicol|Phenicol_resistance_MFS_efflux_pumps|FLOR,1215,1682105,1683319,+
Clostridioides_difficile,Clostridium_difficille,1779516,1780253,738,MEG_405|Multi-compound|Drug_and_biocide_and_metal_resistance|Drug_and_biocide_and_metal_RND_efflux_pumps|ACRD,MEG_405|Multi-compound|Drug_and_biocide_and_metal_resistance|Drug_and_biocide_and_metal_RND_efflux_pumps|ACRD,3117,1779202,1782318,+
Clostridioides_difficile,Clostridium_difficille,2731316,2732968,1653,MEG_2549|Drugs|Trimethoprim|Dihydrofolate_reductase|DFRA,MEG_2549|Drugs|Trimethoprim|Dihydrofolate_reductase|DFRA,474,2733381,2733854,+
Clostridium_perfringens,Clostridium_perfringens.final.genome,968146,969852,1707,MEG_7847|Metals|Zinc_resistance|Zinc_resistance_protein|ZIAA,MEG_7847|Metals|Zinc_resistance|Zinc_resistance_protein|ZIAA,2166,968146,970311,+
Clostridium_perfringens,Clostridium_perfringens.final.genome,3124924,3126633,1710,MEG_8805|Drugs|Lipopeptides|Colistin_phosphoethanolamine_transferase|MCR,MEG_8805|Drugs|Lipopeptides|Colistin_phosphoethanolamine_transferase|MCR,1617,3125383,3126999,+
Enterococcus_faecalis,Enterococcus_faecalis,110300,110794,495,MEG_3283|Metals|Nickel_resistance|Nickel_resistance_protein|HUPE,MEG_3283|Metals|Nickel_resistance|Nickel_resistance_protein|HUPE,576,110300,110875,+
Enterococcus_faecalis,Enterococcus_faecalis,318515,319159,645,MEG_6960|Metals|Tellurium_resistance|Tellurium_resistance_protein|TERW,MEG_6960|Metals|Tellurium_resistance|Tellurium_resistance_protein|TERW,468,318596,319063,+
Enterococcus_faecalis,Enterococcus_faecalis,686369,688471,2103,MEG_6502|Metals|Multi-metal_resistance|Multi-metal_RND_efflux_pumps|SILC,MEG_6502|Metals|Multi-metal_resistance|Multi-metal_RND_efflux_pumps|SILC,1386,686273,687658,+
Enterococcus_faecalis,Enterococcus_faecalis,688488,688844,357,MEG_3025|Drugs|Fosfomycin|Fosfomycin_thiol_transferases|FOSX,MEG_3025|Drugs|Fosfomycin|Fosfomycin_thiol_transferases|FOSX,465,687675,688139,+
Enterococcus_faecalis,Enterococcus_faecalis,692857,693912,1056,MEG_5396|Drugs|Aminocoumarins|Aminocoumarin-resistant_DNA_topoisomerases|PARY,MEG_5396|Drugs|Aminocoumarins|Aminocoumarin-resistant_DNA_topoisomerases|PARY,2112,692152,694263,+
Enterococcus_faecalis,Enterococcus_faecalis,693942,695021,1080,MEG_6162|Drugs|Nucleosides|Streptothricin_acetyltransferase|SAT,MEG_6162|Drugs|Nucleosides|Streptothricin_acetyltransferase|SAT,522,694293,694814,+
Enterococcus_faecalis,Enterococcus_faecalis,695101,696843,1743,MEG_5953|Drugs|Fluoroquinolones|Quinolone_resistance_protein_Qnr|QNRB,MEG_5953|Drugs|Fluoroquinolones|Quinolone_resistance_protein_Qnr|QNRB,681,694894,695574,+
Enterococcus_faecalis,Enterococcus_faecalis,696879,697244,366,MEG_8021|Drugs|Phenicol|Phenicol_resistance_MFS_efflux_pumps|CML,MEG_8021|Drugs|Phenicol|Phenicol_resistance_MFS_efflux_pumps|CML,1203,695610,696812,+
Enterococcus_faecalis,Enterococcus_faecalis,697377,697748,372,MEG_4203|Biocides|Paraquat_resistance|Paraquat_resistance_protein|NMPC,MEG_4203|Biocides|Paraquat_resistance|Paraquat_resistance_protein|NMPC,1089,696945,698033,+
Enterococcus_faecalis,Enterococcus_faecalis,698134,699873,1740,MEG_7682|Drugs|Multi-drug_resistance|Multi-drug_ABC_efflux_pumps|VGA,MEG_7682|Drugs|Multi-drug_resistance|Multi-drug_ABC_efflux_pumps|VGA,1569,698419,699987,+
Enterococcus_faecalis,Enterococcus_faecalis,699893,700204,312,MEG_7456|Drugs|Glycopeptides|VanA-type_regulator|VANRA,MEG_7456|Drugs|Glycopeptides|VanA-type_regulator|VANRA,1032,700007,701038,+
Enterococcus_faecalis,Enterococcus_faecalis,982309,983805,1497,MEG_11498|Drugs|Metronidazole|nim_nitroimidazole_reductase|NIMI,MEG_11498|Drugs|Metronidazole|nim_nitroimidazole_reductase|NIMI,498,983143,983640,+
Enterococcus_faecalis,Enterococcus_faecalis,1135205,1135685,481,MEG_7325|Metals|Tungsten_Resistance|Tungsten_ABC_efflux_pumps|TUPC,MEG_7325|Metals|Tungsten_Resistance|Tungsten_ABC_efflux_pumps|TUPC,645,1135040,1135684,+
Enterococcus_faecalis,Enterococcus_faecalis,1529260,1531416,2157,MEG_6621|Drugs|Sulfonamides|Sulfonamide-resistant_dihydropteroate_synthases|SULII,MEG_6621|Drugs|Sulfonamides|Sulfonamide-resistant_dihydropteroate_synthases|SULII,816,1529259,1530074,+
Enterococcus_faecalis,Enterococcus_faecalis,1778781,1780508,1728,MEG_4120|Metals|Nickel_resistance|Nickel_MFS_efflux_pumps|NCRAN,MEG_4120|Metals|Nickel_resistance|Nickel_MFS_efflux_pumps|NCRAN,1299,1777439,1778737,+
Enterococcus_faecalis,Enterococcus_faecalis,1781067,1782120,1054,MEG_7469|Drugs|Glycopeptides|VanB-type_regulator|VANRB,MEG_7469|Drugs|Glycopeptides|VanB-type_regulator|VANRB,663,1779296,1779958,+
Enterococcus_faecalis,Enterococcus_faecalis,2454688,2455842,1155,MEG_2982|Drugs|Fosfomycin|Fosfomycin_thiol_transferases|FOSA,MEG_2982|Drugs|Fosfomycin|Fosfomycin_thiol_transferases|FOSA,390,2452526,2452915,+
Escherichia_coli_B1109,Escherichia_coli_chromosome,895,2199,1305,MEG_3015|Drugs|Fosfomycin|Fosfomycin_thiol_transferases|FOSB,MEG_3015|Drugs|Fosfomycin|Fosfomycin_thiol_transferases|FOSB,420,895,1314,+
Escherichia_coli_B1109,Escherichia_coli_chromosome,36248,37486,1239,MEG_5892|Drugs|Fluoroquinolones|Quinolone_resistance_protein_Qnr|QNRB,MEG_5892|Drugs|Fluoroquinolones|Quinolone_resistance_protein_Qnr|QNRB,645,35363,36007,+
Escherichia_coli_B1109,Escherichia_coli_chromosome,60987,64580,3594,MEG_8785|Drugs|Lipopeptides|Colistin_phosphoethanolamine_transferase|MCR,MEG_8785|Drugs|Lipopeptides|Colistin_phosphoethanolamine_transferase|MCR,1626,59508,61133,+
Escherichia_coli_B1109,Escherichia_coli_chromosome,64585,65199,615,MEG_2508|Drugs|Trimethoprim|Dihydrofolate_reductase|DFRA,MEG_2508|Drugs|Trimethoprim|Dihydrofolate_reductase|DFRA,474,61138,61611,+
Escherichia_coli_B1109,Escherichia_coli_chromosome,65615,68316,2702,MEG_5799|Multi-compound|Drug_and_metal_resistance|Drug_and_metal_MFS_efflux_pumps|PMRBM,MEG_5799|Multi-compound|Drug_and_metal_resistance|Drug_and_metal_MFS_efflux_pumps|PMRBM,1095,62027,63121,+
Escherichia_coli_B1109,Escherichia_coli_chromosome,170713,171681,969,MEG_10165|Drugs|Aminoglycosides|Aminoglycoside_N-acetyltransferases|AAC6-PRIME,MEG_10165|Drugs|Aminoglycosides|Aminoglycoside_N-acetyltransferases|AAC6-PRIME,555,165518,166072,+
Escherichia_coli_B1109,Escherichia_coli_chromosome,226281,226524,244,MEG_1124|Drugs|Rifampin|Rifampin_ADP-ribosyltransferase_Arr|ARR,MEG_1124|Drugs|Rifampin|Rifampin_ADP-ribosyltransferase_Arr|ARR,453,220672,221124,+
Escherichia_coli_B1109,Escherichia_coli_chromosome,226821,227044,224,MEG_7009|Drugs|Tetracyclines|Tetracycline_resistance_MFS_efflux_pumps|TET56,MEG_7009|Drugs|Tetracyclines|Tetracycline_resistance_MFS_efflux_pumps|TET56,1170,221421,222590,+
Escherichia_coli_B1109,Escherichia_coli_chromosome,230136,231778,1643,MEG_6608|Drugs|Sulfonamides|Sulfonamide-resistant_dihydropteroate_synthases|SULI,MEG_6608|Drugs|Sulfonamides|Sulfonamide-resistant_dihydropteroate_synthases|SULI,831,225682,226512,+
Escherichia_coli_B1109,Escherichia_coli_chromosome,257792,258982,1191,MEG_4056|Drugs|Cationic_antimicrobial_peptides|Defensin-resistant_mprF|MPRF,MEG_4056|Drugs|Cationic_antimicrobial_peptides|Defensin-resistant_mprF|MPRF,1710,252526,254235,+
Escherichia_coli_B1109,Escherichia_coli_chromosome,350235,350573,339,MEG_3855|Metals|Mercury_resistance|Mercury_resistance_protein|MERB,MEG_3855|Metals|Mercury_resistance|Mercury_resistance_protein|MERB,729,345488,346216,+
Escherichia_coli_B1109,Escherichia_coli_chromosome,350792,351616,825,MEG_3760|Multi-compound|Drug_and_biocide_resistance|Drug_and_biocide_MATE_efflux_pumps|MDTK,MEG_3760|Multi-compound|Drug_and_biocide_resistance|Drug_and_biocide_MATE_efflux_pumps|MDTK,1425,346435,347859,+
Escherichia_coli_B1109,Escherichia_coli_chromosome,351737,352009,273,MEG_7852|Metals|Zinc_resistance|Zinc_resistance_protein|ZNEB,MEG_7852|Metals|Zinc_resistance|Zinc_resistance_protein|ZNEB,1158,347980,349137,+
Escherichia_coli_B1109,Escherichia_coli_chromosome,371421,373543,2123,MEG_11454|Drugs|Lipopeptides|Colistin_phosphoethanolamine_transferase|MCR,MEG_11454|Drugs|Lipopeptides|Colistin_phosphoethanolamine_transferase|MCR,1626,368549,370174,+
Escherichia_coli_B1109,Escherichia_coli_chromosome,374956,382403,7448,MEG_2834|Drugs|MLS|23S_rRNA_methyltransferases|ERMG,MEG_2834|Drugs|MLS|23S_rRNA_methyltransferases|ERMG,735,371587,372321,+
Escherichia_coli_B1109,Escherichia_coli_chromosome,394801,396653,1853,MEG_2118|Multi-compound|Drug_and_biocide_resistance|Drug_and_biocide_RND_efflux_regulator|CPXAR,MEG_2118|Multi-compound|Drug_and_biocide_resistance|Drug_and_biocide_RND_efflux_regulator|CPXAR,699,384719,385417,+
Escherichia_coli_B1109,Escherichia_coli_chromosome,433777,434943,1167,MEG_310|Drugs|Aminoglycosides|Aminoglycoside_N-acetyltransferases|AAC6-PRIME,MEG_310|Drugs|Aminoglycosides|Aminoglycoside_N-acetyltransferases|AAC6-PRIME,555,422541,423095,+
Escherichia_coli_B1109,Escherichia_coli_chromosome,476193,477598,1406,MEG_8784|Drugs|Lipopeptides|Colistin_phosphoethanolamine_transferase|MCR,MEG_8784|Drugs|Lipopeptides|Colistin_phosphoethanolamine_transferase|MCR,1626,464345,465970,+
Escherichia_coli_B1109,Escherichia_coli_chromosome,515894,516544,651,MEG_7547|Drugs|Glycopeptides|VanA-type_resistance_protein|VANXA,MEG_7547|Drugs|Glycopeptides|VanA-type_resistance_protein|VANXA,609,504266,504874,+
Escherichia_coli_B1109,Escherichia_coli_chromosome,533414,533641,228,MEG_4125|Metals|Multi-metal_resistance|Multi-metal_MFS_efflux_pumps|NCRC,MEG_4125|Metals|Multi-metal_resistance|Multi-metal_MFS_efflux_pumps|NCRC,696,521744,522439,+
Escherichia_coli_B1109,Escherichia_coli_chromosome,597759,598505,747,MEG_6161|Drugs|Nucleosides|Streptothricin_acetyltransferase|SAT,MEG_6161|Drugs|Nucleosides|Streptothricin_acetyltransferase|SAT,525,586557,587081,+
Escherichia_coli_B1109,Escherichia_coli_chromosome,612826,614363,1538,MEG_3657|Drugs|Multi-drug_resistance|Multi-drug_ABC_efflux_pumps|MACA,MEG_3657|Drugs|Multi-drug_resistance|Multi-drug_ABC_efflux_pumps|MACA,1179,601402,602580,+
Escherichia_coli_B1109,Escherichia_coli_chromosome,614442,615374,933,MEG_2663|Multi-compound|Biocide_and_metal_resistance|Biocide_and_metal_resistance_protein|DPSA,MEG_2663|Multi-compound|Biocide_and_metal_resistance|Biocide_and_metal_resistance_protein|DPSA,489,602659,603147,+
Escherichia_coli_B1109,Escherichia_coli_chromosome,650772,651338,567,MEG_3666|Drugs|Lipopeptides|Colistin_phosphoethanolamine_transferase|MCR,MEG_3666|Drugs|Lipopeptides|Colistin_phosphoethanolamine_transferase|MCR,1617,638545,640161,+
Escherichia_coli_B1109,Escherichia_coli_chromosome,813494,814867,1374,MEG_11247|Drugs|Fosfomycin|Fosfomycin_thiol_transferases|FOSA,MEG_11247|Drugs|Fosfomycin|Fosfomycin_thiol_transferases|FOSA,423,802317,802739,+
Escherichia_coli_B1109,Escherichia_coli_chromosome,822438,823019,582,MEG_6977|Drugs|Tetracyclines|Tetracycline_resistance_MFS_efflux_pumps|TET35,MEG_6977|Drugs|Tetracyclines|Tetracycline_resistance_MFS_efflux_pumps|TET35,1602,810310,811911,+
Escherichia_coli_B1109,Escherichia_coli_chromosome,884896,885577,682,MEG_3018|Drugs|Fosfomycin|Fosfomycin_thiol_transferases|FOSD,MEG_3018|Drugs|Fosfomycin|Fosfomycin_thiol_transferases|FOSD,420,873788,874207,+
Escherichia_coli_B1109,Escherichia_coli_chromosome,886713,887048,336,MEG_9964|Drugs|Fluoroquinolones|Quinolone_resistance_protein_Qnr|QNRS,MEG_9964|Drugs|Fluoroquinolones|Quinolone_resistance_protein_Qnr|QNRS,654,875343,875996,+
Escherichia_coli_B1109,Escherichia_coli_chromosome,941277,941669,393,MEG_2662|Multi-compound|Biocide_and_metal_resistance|Biocide_and_metal_resistance_protein|DPR,MEG_2662|Multi-compound|Biocide_and_metal_resistance|Biocide_and_metal_resistance_protein|DPR,519,930225,930743,+
Escherichia_coli_B1109,Escherichia_coli_chromosome,945817,946206,390,MEG_7281|Metals|Multi-metal_resistance|Multi-metal_ABC_efflux_pumps|TROD,MEG_7281|Metals|Multi-metal_resistance|Multi-metal_ABC_efflux_pumps|TROD,1104,934891,935994,+
Escherichia_coli_B1109,Escherichia_coli_chromosome,946220,946654,435,MEG_1907|Drugs|betalactams|Class_C_betalactamases|CMY,MEG_1907|Drugs|betalactams|Class_C_betalactamases|CMY,1146,936008,937153,+
Escherichia_coli_B1109,Escherichia_coli_chromosome,987113,989392,2280,MEG_1707|Metals|Chromium_resistance|Chromium_resistance_protein|CHRA,MEG_1707|Metals|Chromium_resistance|Chromium_resistance_protein|CHRA,1206,977612,978817,+
Escherichia_coli_B1109,Escherichia_coli_chromosome,989912,990673,762,MEG_6168|Drugs|Nucleosides|Streptothricin_acetyltransferase|SAT,MEG_6168|Drugs|Nucleosides|Streptothricin_acetyltransferase|SAT,570,979337,979906,+
Escherichia_coli_B1109,Escherichia_coli_chromosome,1001554,1002954,1401,MEG_2080|Metals|Copper_resistance|Copper_resistance_regulator|COPY,MEG_2080|Metals|Copper_resistance|Copper_resistance_regulator|COPY,438,990787,991224,+
Escherichia_coli_B1109,Escherichia_coli_chromosome,1003110,1004645,1536,MEG_3670|Drugs|Lipopeptides|Colistin_phosphoethanolamine_transferase|MCR,MEG_3670|Drugs|Lipopeptides|Colistin_phosphoethanolamine_transferase|MCR,1626,991380,993005,+
Escherichia_coli_B1109,Escherichia_coli_chromosome,1070324,1071906,1583,MEG_2665|Multi-compound|Biocide_and_metal_resistance|Biocide_and_metal_resistance_protein|DPSA,MEG_2665|Multi-compound|Biocide_and_metal_resistance|Biocide_and_metal_resistance_protein|DPSA,489,1058684,1059172,+
Escherichia_coli_B1109,Escherichia_coli_chromosome,1114770,1115538,769,MEG_2493|Drugs|Trimethoprim|Dihydrofolate_reductase|DFRA,MEG_2493|Drugs|Trimethoprim|Dihydrofolate_reductase|DFRA,474,1102036,1102509,+
Escherichia_coli_B1109,Escherichia_coli_chromosome,1117560,1120237,2678,MEG_1230|Metals|Iron_resistance|Iron_resistance_protein|BFRA,MEG_1230|Metals|Iron_resistance|Iron_resistance_protein|BFRA,480,1104531,1105010,+
Escherichia_coli_B1109,Escherichia_coli_chromosome,1203233,1204021,789,MEG_5814|Metals|Arsenic_resistance|Arsenic_resistance_protein|PSTB,MEG_5814|Metals|Arsenic_resistance|Arsenic_resistance_protein|PSTB,774,1188006,1188779,+
Escherichia_coli_B1109,Escherichia_coli_chromosome,1288994,1289407,414,MEG_6158|Drugs|Nucleosides|Streptothricin_acetyltransferase|SAT,MEG_6158|Drugs|Nucleosides|Streptothricin_acetyltransferase|SAT,555,1273752,1274306,+
Escherichia_coli_B1109,Escherichia_coli_chromosome,1310067,1311167,1101,MEG_11386|Drugs|Lipopeptides|Daptomycin_efflux_regulator|DRCR,MEG_11386|Drugs|Lipopeptides|Daptomycin_efflux_regulator|DRCR,672,1294966,1295637,+
Escherichia_coli_B1109,Escherichia_coli_chromosome,1322847,1323125,279,MEG_1159|Metals|Arsenic_resistance|Arsenic_resistance_protein|ARSC,MEG_1159|Metals|Arsenic_resistance|Arsenic_resistance_protein|ARSC,420,1307317,1307736,+
Escherichia_coli_B1109,Escherichia_coli_chromosome,1347199,1348740,1542,MEG_11323|Metals|Arsenic_resistance|Arsenic_resistance_protein|ARSB,MEG_11323|Metals|Arsenic_resistance|Arsenic_resistance_protein|ARSB,1083,1331810,1332892,+
Escherichia_coli_B1109,Escherichia_coli_chromosome,1348880,1349416,537,MEG_715|Metals|Arsenic_resistance|Arsenite_oxidase_regulator|AIOR,MEG_715|Metals|Arsenic_resistance|Arsenite_oxidase_regulator|AIOR,1329,1333032,1334360,+
Escherichia_coli_B1109,Escherichia_coli_chromosome,1365270,1365536,267,MEG_11332|Metals|Arsenic_resistance|Arsenic_resistance_regulator|ARSR,MEG_11332|Metals|Arsenic_resistance|Arsenic_resistance_regulator|ARSR,351,1350214,1350564,+
Escherichia_coli_B1109,Escherichia_coli_chromosome,1381839,1382678,840,MEG_7272|Biocides|Phenolic_compound_resistance|Phenolic_RND_efflux_pump|TRIAP,MEG_7272|Biocides|Phenolic_compound_resistance|Phenolic_RND_efflux_pump|TRIAP,618,1366867,1367484,+
Escherichia_coli_B1109,Escherichia_coli_chromosome,1425125,1425382,258,MEG_2975|Drugs|Fosfomycin|Fosfomycin_phosphorylation|FOMB,MEG_2975|Drugs|Fosfomycin|Fosfomycin_phosphorylation|FOMB,980,1409931,1410910,+
Escherichia_coli_B1109,Escherichia_coli_chromosome,1425623,1426255,633,MEG_5901|Drugs|Fluoroquinolones|Quinolone_resistance_protein_Qnr|QNRB,MEG_5901|Drugs|Fluoroquinolones|Quinolone_resistance_protein_Qnr|QNRB,645,1411151,1411795,+
Escherichia_coli_B1109,Escherichia_coli_chromosome,1469128,1470336,1209,MEG_5413|Metals|Lead_resistance|Lead_P-type_ATPase_regulator|PBRR,MEG_5413|Metals|Lead_resistance|Lead_P-type_ATPase_regulator|PBRR,453,1454668,1455120,+
Escherichia_coli_B1109,Escherichia_coli_chromosome,1478965,1480191,1227,MEG_6942|Drugs|betalactams|Class_A_betalactamases|TEM,MEG_6942|Drugs|betalactams|Class_A_betalactamases|TEM,1123,1463749,1464871,+
Escherichia_coli_B1109,Escherichia_coli_chromosome,1543874,1544341,468,MEG_7543|Drugs|Glycopeptides|VanG-type_accessory_protein|VANWG,MEG_7543|Drugs|Glycopeptides|VanG-type_accessory_protein|VANWG,846,1528554,1529399,+
Escherichia_coli_B1109,Escherichia_coli_chromosome,1550914,1551495,582,MEG_6607|Drugs|Sulfonamides|Sulfonamide-resistant_dihydropteroate_synthases|SULI,MEG_6607|Drugs|Sulfonamides|Sulfonamide-resistant_dihydropteroate_synthases|SULI,840,1535972,1536811,+
Escherichia_coli_B1109,Escherichia_coli_chromosome,1661150,1662227,1078,MEG_32|Drugs|Aminoglycosides|Aminoglycoside_N-acetyltransferases|AAC3,MEG_32|Drugs|Aminoglycosides|Aminoglycoside_N-acetyltransferases|AAC3,786,1646466,1647251,+
Escherichia_coli_B1109,Escherichia_coli_chromosome,1712870,1714618,1749,MEG_2576|Drugs|Trimethoprim|Dihydrofolate_reductase|DFRD,MEG_2576|Drugs|Trimethoprim|Dihydrofolate_reductase|DFRD,520,1697894,1698413,+
Escherichia_coli_B1109,Escherichia_coli_chromosome,1799343,1800065,723,MEG_3014|Drugs|Fosfomycin|Fosfomycin_thiol_transferases|FOSB,MEG_3014|Drugs|Fosfomycin|Fosfomycin_thiol_transferases|FOSB,420,1783138,1783557,+
Escherichia_coli_B1109,Escherichia_coli_chromosome,1806344,1807576,1233,MEG_3080|Biocides|Acid_resistance|Acid_resistance_regulator|GADE,MEG_3080|Biocides|Acid_resistance|Acid_resistance_regulator|GADE,528,1789836,1790363,+
Escherichia_coli_B1109,Escherichia_coli_chromosome,1817397,1818629,1233,MEG_7243|Drugs|Tetracyclines|Tetracycline_inactivation_enzymes|TETX,MEG_7243|Drugs|Tetracyclines|Tetracycline_inactivation_enzymes|TETX,1167,1800184,1801350,+
Escherichia_coli_B1109,Escherichia_coli_chromosome,1849527,1849994,468,MEG_3841|Metals|Mercury_resistance|Mercury_resistance_protein|MERA,MEG_3841|Metals|Mercury_resistance|Mercury_resistance_protein|MERA,1644,1832248,1833891,+
Escherichia_coli_B1109,Escherichia_coli_chromosome,1905565,1906623,1059,MEG_1137|Drugs|Rifampin|Rifampin_ADP-ribosyltransferase_Arr|ARR,MEG_1137|Drugs|Rifampin|Rifampin_ADP-ribosyltransferase_Arr|ARR,453,1889462,1889914,+
Escherichia_coli_B1109,Escherichia_coli_chromosome,1906625,1908088,1464,MEG_9662|Drugs|betalactams|Class_A_betalactamases|OXY,MEG_9662|Drugs|betalactams|Class_A_betalactamases|OXY,876,1889916,1890791,+
Escherichia_coli_B1109,Escherichia_coli_chromosome,1908533,1909321,789,MEG_1192|Multi-compound|Drug_and_biocide_and_metal_resistance|Drug_and_biocide_and_metal_RND_efflux_regulator|BAER,MEG_1192|Multi-compound|Drug_and_biocide_and_metal_resistance|Drug_and_biocide_and_metal_RND_efflux_regulator|BAER,723,1891236,1891958,+
Escherichia_coli_B1109,Escherichia_coli_chromosome,1918354,1919295,942,MEG_11429|Metals|Tellurium_resistance|Tellurium_resistance_protein|TERA,MEG_11429|Metals|Tellurium_resistance|Tellurium_resistance_protein|TERA,1152,1900991,1902142,+
Escherichia_coli_B1109,Escherichia_coli_chromosome,1981447,1982124,678,MEG_3134|Multi-compound|Drug_and_biocide_and_metal_resistance|Drug_and_biocide_and_metal_RND_efflux_pumps|GESC,MEG_3134|Multi-compound|Drug_and_biocide_and_metal_resistance|Drug_and_biocide_and_metal_RND_efflux_pumps|GESC,1512,1964294,1965805,+
Escherichia_coli_B1109,Escherichia_coli_chromosome,1986316,1986459,144,MEG_2877|Biocides|Phenolic_compound_resistance|Phenolic_resistance_protein|FABL,MEG_2877|Biocides|Phenolic_compound_resistance|Phenolic_resistance_protein|FABL,753,1969997,1970749,+
Escherichia_coli_B1109,Escherichia_coli_chromosome,2011449,2012271,823,MEG_8093|Drugs|Fosfomycin|Fosfomycin_thiol_transferases|FOSM,MEG_8093|Drugs|Fosfomycin|Fosfomycin_thiol_transferases|FOSM,429,1995739,1996167,+
Escherichia_coli_B1109,Escherichia_coli_chromosome,2012296,2013834,1539,MEG_2512|Drugs|Trimethoprim|Dihydrofolate_reductase|DFRA,MEG_2512|Drugs|Trimethoprim|Dihydrofolate_reductase|DFRA,474,1996192,1996665,+
Escherichia_coli_B1109,Escherichia_coli_chromosome,2018585,2020195,1611,MEG_7447|Drugs|Glycopeptides|VanN-type_resistance_protein|VANN,MEG_7447|Drugs|Glycopeptides|VanN-type_resistance_protein|VANN,1606,2001416,2003021,+
Escherichia_coli_B1109,Escherichia_coli_chromosome,2033761,2035662,1902,MEG_5849|Multi-compound|Drug_and_biocide_resistance|Drug_and_biocide_SMR_efflux_pumps|QACJ,MEG_5849|Multi-compound|Drug_and_biocide_resistance|Drug_and_biocide_SMR_efflux_pumps|QACJ,324,2016587,2016910,+
Escherichia_coli_B1109,Escherichia_coli_chromosome,2100121,2103264,3144,MEG_6170|Drugs|Nucleosides|Streptothricin_acetyltransferase|SAT,MEG_6170|Drugs|Nucleosides|Streptothricin_acetyltransferase|SAT,543,2081369,2081911,+
Escherichia_coli_B1109,Escherichia_coli_chromosome,2103276,2104499,1224,MEG_5410|Metals|Lead_resistance|Lead_P-type_ATPase_transporter|PBRA,MEG_5410|Metals|Lead_resistance|Lead_P-type_ATPase_transporter|PBRA,2400,2081923,2084322,+
Escherichia_coli_B1109,Escherichia_coli_chromosome,2104515,2104847,333,MEG_1552|Drugs|Phenicol|Chloramphenicol_acetyltransferases|CAT,MEG_1552|Drugs|Phenicol|Chloramphenicol_acetyltransferases|CAT,660,2084338,2084997,+
Escherichia_coli_B1109,Escherichia_coli_chromosome,2105234,2106253,1020,MEG_3685|Drugs|Lipopeptides|Colistin_phosphoethanolamine_transferase|MCR,MEG_3685|Drugs|Lipopeptides|Colistin_phosphoethanolamine_transferase|MCR,1626,2085384,2087009,+
Escherichia_coli_B1109,Escherichia_coli_chromosome,2106410,2108525,2116,MEG_1747|Multi-compound|Drug_and_biocide_and_metal_resistance|Drug_and_biocide_and_metal_RND_efflux_regulator|CMER,MEG_1747|Multi-compound|Drug_and_biocide_and_metal_resistance|Drug_and_biocide_and_metal_RND_efflux_regulator|CMER,633,2087166,2087798,+
Escherichia_coli_B1109,Escherichia_coli_chromosome,2163207,2164650,1444,MEG_4177|Metals|Nickel_resistance|Nickel_ABC_efflux_regulator|NIKR,MEG_4177|Metals|Nickel_resistance|Nickel_ABC_efflux_regulator|NIKR,402,2142480,2142881,+
Escherichia_coli_B1109,Escherichia_coli_chromosome,2166169,2166576,408,MEG_7774|Biocides|Multi-biocide_resistance|Multi-biocide_RND_efflux_pump|VMEA,MEG_7774|Biocides|Multi-biocide_resistance|Multi-biocide_RND_efflux_pump|VMEA,1140,2144400,2145539,+
Escherichia_coli_B1109,Escherichia_coli_chromosome,2169190,2171694,2505,MEG_7265|Biocides|Multi-biocide_resistance|Multi-biocide_RND_efflux_pump|TOLC,MEG_7265|Biocides|Multi-biocide_resistance|Multi-biocide_RND_efflux_pump|TOLC,142,2148153,2148294,+
Escherichia_coli_B1109,Escherichia_coli_chromosome,2194950,2196143,1194,MEG_1579|Drugs|Phenicol|Chloramphenicol_acetyltransferases|CATA,MEG_1579|Drugs|Phenicol|Chloramphenicol_acetyltransferases|CATA,648,2171550,2172197,+
Escherichia_coli_B1109,Escherichia_coli_chromosome,2196166,2199315,3150,MEG_11472|Drugs|Multi-drug_resistance|Multi-drug_RND_efflux_pumps|MEXC1,MEG_11472|Drugs|Multi-drug_resistance|Multi-drug_RND_efflux_pumps|MEXC1,1164,2172220,2173383,+
Escherichia_coli_B1109,Escherichia_coli_chromosome,2208170,2209915,1746,MEG_4187|Drugs|Metronidazole|nim_nitroimidazole_reductase|NIMH,MEG_4187|Drugs|Metronidazole|nim_nitroimidazole_reductase|NIMH,458,2182238,2182695,+
Escherichia_coli_B1109,Escherichia_coli_chromosome,2285632,2286789,1158,MEG_3851|Metals|Mercury_resistance|Mercury_resistance_protein|MERB,MEG_3851|Metals|Mercury_resistance|Mercury_resistance_protein|MERB,657,2258412,2259068,+
Escherichia_coli_B1109,Escherichia_coli_chromosome,2299750,2300859,1110,MEG_972|Drugs|Aminoglycosides|Aminoglycoside_O-nucleotidyltransferases|ANT3-DPRIME,MEG_972|Drugs|Aminoglycosides|Aminoglycoside_O-nucleotidyltransferases|ANT3-DPRIME,780,2272029,2272808,+
Escherichia_coli_B1109,Escherichia_coli_chromosome,2437916,2438626,711,MEG_11252|Metals|Arsenic_resistance|Arsenic_resistance_regulator|ARSR,MEG_11252|Metals|Arsenic_resistance|Arsenic_resistance_regulator|ARSR,321,2409865,2410185,+
Escherichia_coli_B1109,Escherichia_coli_chromosome,2515262,2516812,1551,MEG_1138|Drugs|Rifampin|Rifampin_ADP-ribosyltransferase_Arr|ARR,MEG_1138|Drugs|Rifampin|Rifampin_ADP-ribosyltransferase_Arr|ARR,453,2486821,2487273,+
Escherichia_coli_B1109,Escherichia_coli_chromosome,2568583,2569527,945,MEG_6631|Drugs|Sulfonamides|Sulfonamide-resistant_dihydropteroate_synthases|SULII,MEG_6631|Drugs|Sulfonamides|Sulfonamide-resistant_dihydropteroate_synthases|SULII,816,2539044,2539859,+
Escherichia_coli_B1109,Escherichia_coli_chromosome,2596802,2599156,2355,MEG_1468|Biocides|Multi-biocide_resistance|Multi-biocide_resistance_regulator|BLTR,MEG_1468|Biocides|Multi-biocide_resistance|Multi-biocide_resistance_regulator|BLTR,822,2567134,2567955,+
Escherichia_coli_B1109,Escherichia_coli_chromosome,2602305,2602682,378,MEG_3935|Biocides|Multi-biocide_resistance|Multi-biocide_RND_efflux_pump|MEXV,MEG_3935|Biocides|Multi-biocide_resistance|Multi-biocide_RND_efflux_pump|MEXV,1131,2571104,2572234,+
Escherichia_coli_B1109,Escherichia_coli_chromosome,2636034,2637200,1167,MEG_10128|Drugs|Rifampin|Rifampin_monooyxgenase|ROX,MEG_10128|Drugs|Rifampin|Rifampin_monooyxgenase|ROX,1431,2605586,2607016,+
Escherichia_coli_B1109,Escherichia_coli_chromosome,2661030,2661899,870,MEG_2656|Multi-compound|Biocide_and_metal_resistance|Biocide_and_metal_resistance_protein|DPR,MEG_2656|Multi-compound|Biocide_and_metal_resistance|Biocide_and_metal_resistance_protein|DPR,519,2630846,2631364,+
Escherichia_coli_B1109,Escherichia_coli_chromosome,2715843,2717075,1233,MEG_3078|Biocides|Acid_resistance|Acid_resistance_protein|GADB,MEG_3078|Biocides|Acid_resistance|Acid_resistance_protein|GADB,1401,2685308,2686708,+
Escherichia_coli_B1109,Escherichia_coli_chromosome,2790664,2792388,1725,MEG_3884|Metals|Mercury_resistance|Mercury_resistance_regulator|MERR,MEG_3884|Metals|Mercury_resistance|Mercury_resistance_regulator|MERR,456,2760297,2760752,+
Escherichia_coli_B1109,Escherichia_coli_chromosome,2818761,2821457,2697,MEG_7846|Metals|Zinc_resistance|Zinc_resistance_protein|ZEVB,MEG_7846|Metals|Zinc_resistance|Zinc_resistance_protein|ZEVB,969,2787125,2788093,+
Escherichia_coli_B1109,Escherichia_coli_chromosome,2916772,2917905,1134,MEG_3435|Metals|Multi-metal_resistance|Multi-metal_resistance_regulator|IRLR,MEG_3435|Metals|Multi-metal_resistance|Multi-metal_resistance_regulator|IRLR,690,2883408,2884097,+
Escherichia_coli_B1109,Escherichia_coli_chromosome,2918524,2918991,468,MEG_2669|Multi-compound|Biocide_and_metal_resistance|Biocide_and_metal_resistance_protein|DPSA,MEG_2669|Multi-compound|Biocide_and_metal_resistance|Biocide_and_metal_resistance_protein|DPSA,489,2884716,2885204,+
Escherichia_coli_B1109,Escherichia_coli_chromosome,2930360,2930698,339,MEG_11357|Drugs|Organoarsenicals|Arsinothricin_resistance_N-acetyltransferases|ARSN1,MEG_11357|Drugs|Organoarsenicals|Arsinothricin_resistance_N-acetyltransferases|ARSN1,561,2896573,2897133,+
Escherichia_coli_B1109,Escherichia_coli_chromosome,2950535,2952178,1644,MEG_1181|Biocides|Acid_resistance|Acid_resistance_protein|ASR,MEG_1181|Biocides|Acid_resistance|Acid_resistance_protein|ASR,336,2916970,2917305,+
Escherichia_coli_B1109,Escherichia_coli_chromosome,2982016,2986561,4546,MEG_3692|Drugs|Lipopeptides|Colistin_phosphoethanolamine_transferase|MCR,MEG_3692|Drugs|Lipopeptides|Colistin_phosphoethanolamine_transferase|MCR,1644,2947143,2948786,+
Escherichia_coli_B1109,Escherichia_coli_chromosome,3001112,3002761,1650,MEG_1704|Multi-compound|Biocide_and_metal_resistance|Biocide_and_metal_resistance_protein|CHR,MEG_1704|Multi-compound|Biocide_and_metal_resistance|Biocide_and_metal_resistance_protein|CHR,561,2963337,2963897,+
Escherichia_coli_B1109,Escherichia_coli_chromosome,3008080,3008544,465,MEG_5955|Drugs|Fluoroquinolones|Quinolone_resistance_protein_Qnr|QNRB,MEG_5955|Drugs|Fluoroquinolones|Quinolone_resistance_protein_Qnr|QNRB,681,2969216,2969896,+
Escherichia_coli_B1109,Escherichia_coli_chromosome,3008630,3008953,324,MEG_4317|Drugs|Multi-drug_resistance|Multi-drug_ABC_efflux_pumps|OPTRA,MEG_4317|Drugs|Multi-drug_resistance|Multi-drug_ABC_efflux_pumps|OPTRA,1968,2969982,2971949,+
Escherichia_coli_B1109,Escherichia_coli_chromosome,3026010,3026525,516,MEG_8657|Drugs|Fluoroquinolones|Quinolone_resistance_protein_Qnr|QNRE,MEG_8657|Drugs|Fluoroquinolones|Quinolone_resistance_protein_Qnr|QNRE,645,2989006,2989650,+
Escherichia_coli_B1109,Escherichia_coli_chromosome,3062385,3063209,825,MEG_11249|Drugs|Fosfomycin|Fosfomycin_thiol_transferases|FOSU,MEG_11249|Drugs|Fosfomycin|Fosfomycin_thiol_transferases|FOSU,414,3025510,3025923,+
Escherichia_coli_B1109,Escherichia_coli_chromosome,3072494,3072877,384,MEG_743|Drugs|Aminoglycosides|Aminoglycoside_O-nucleotidyltransferases|ANT2-DPRIME,MEG_743|Drugs|Aminoglycosides|Aminoglycoside_O-nucleotidyltransferases|ANT2-DPRIME,534,3035208,3035741,+
Escherichia_coli_B1109,Escherichia_coli_chromosome,3081467,3084186,2720,MEG_5420|Metals|Copper_resistance|Copper_resistance_protein|PCOC,MEG_5420|Metals|Copper_resistance|Copper_resistance_protein|PCOC,381,3044331,3044711,+
Escherichia_coli_B1109,Escherichia_coli_chromosome,3167935,3168780,846,MEG_3073|Drugs|Fusidic_acid|Fusidic_acid_esterases|FUSF,MEG_3073|Drugs|Fusidic_acid|Fusidic_acid_esterases|FUSF,645,3128460,3129104,+
Escherichia_coli_B1109,Escherichia_coli_chromosome,3178654,3179556,903,MEG_4102|Drugs|Multi-drug_resistance|Multi-drug_RND_efflux_pumps|MUXC,MEG_4102|Drugs|Multi-drug_resistance|Multi-drug_RND_efflux_pumps|MUXC,3111,3138978,3142088,+
Escherichia_coli_B1109,Escherichia_coli_chromosome,3180355,3182423,2069,MEG_2992|Drugs|Fosfomycin|Fosfomycin_thiol_transferases|FOSA,MEG_2992|Drugs|Fosfomycin|Fosfomycin_thiol_transferases|FOSA,429,3142887,3143315,+
Escherichia_coli_B1109,Escherichia_coli_chromosome,3184595,3185215,621,MEG_7821|Metals|Multi-metal_resistance|Multi-metal_resistance_protein|YFEA,MEG_7821|Metals|Multi-metal_resistance|Multi-metal_resistance_protein|YFEA,969,3145487,3146455,+
Escherichia_coli_B1109,Escherichia_coli_chromosome,3241981,3242607,627,MEG_3703|Drugs|Lipopeptides|Colistin_phosphoethanolamine_transferase|MCR,MEG_3703|Drugs|Lipopeptides|Colistin_phosphoethanolamine_transferase|MCR,1626,3203221,3204846,+
Escherichia_coli_B1109,Escherichia_coli_chromosome,3283548,3284498,951,MEG_4000|Metals|Multi-metal_resistance|Multi-metal_resistance_protein|MNTR,MEG_4000|Metals|Multi-metal_resistance|Multi-metal_resistance_protein|MNTR,468,3245787,3246254,+
Escherichia_coli_B1109,Escherichia_coli_chromosome,3374400,3375440,1041,MEG_6700|Drugs|betalactams|Class_A_betalactamases|TEM,MEG_6700|Drugs|betalactams|Class_A_betalactamases|TEM,861,3336156,3337016,+
Escherichia_coli_B1109,Escherichia_coli_chromosome,3375527,3377376,1850,MEG_7324|Metals|Tungsten_Resistance|Tungsten_ABC_efflux_pumps|TUPB,MEG_7324|Metals|Tungsten_Resistance|Tungsten_ABC_efflux_pumps|TUPB,687,3337103,3337789,+
Escherichia_coli_B1109,Escherichia_coli_chromosome,3377559,3378332,774,MEG_367|Drugs|Aminoglycosides|Aminoglycoside_N-acetyltransferases|AAC6-PRIME,MEG_367|Drugs|Aminoglycosides|Aminoglycoside_N-acetyltransferases|AAC6-PRIME,606,3337972,3338577,+
Escherichia_coli_B1109,Escherichia_coli_chromosome,3390713,3391279,567,MEG_5797|Multi-compound|Drug_and_biocide_resistance|Drug_and_biocide_MFS_efflux_pumps|PMRA,MEG_5797|Multi-compound|Drug_and_biocide_resistance|Drug_and_biocide_MFS_efflux_pumps|PMRA,1200,3350958,3352157,+
Escherichia_coli_B1109,Escherichia_coli_chromosome,3418509,3418922,414,MEG_3836|Multi-compound|Drug_and_biocide_resistance|Drug_and_biocide_MATE_efflux_regulator|MEPR,MEG_3836|Multi-compound|Drug_and_biocide_resistance|Drug_and_biocide_MATE_efflux_regulator|MEPR,420,3379387,3379806,+
Escherichia_coli_B1109,Escherichia_coli_chromosome,3419028,3419462,435,MEG_5828|Multi-compound|Drug_and_biocide_resistance|Drug_and_biocide_SMR_efflux_pumps|QACE,MEG_5828|Multi-compound|Drug_and_biocide_resistance|Drug_and_biocide_SMR_efflux_pumps|QACE,333,3379912,3380244,+
Escherichia_coli_B1109,Escherichia_coli_chromosome,3430825,3432015,1191,MEG_5816|Metals|Arsenic_resistance|Arsenic_resistance_protein|PSTS,MEG_5816|Metals|Arsenic_resistance|Arsenic_resistance_protein|PSTS,1041,3391607,3392647,+
Escherichia_coli_B1109,Escherichia_coli_chromosome,3677911,3679311,1401,MEG_3691|Drugs|Lipopeptides|Colistin_phosphoethanolamine_transferase|MCR,MEG_3691|Drugs|Lipopeptides|Colistin_phosphoethanolamine_transferase|MCR,1407,3638543,3639949,+
Escherichia_coli_B1109,Escherichia_coli_chromosome,3679681,3680505,825,MEG_4316|Drugs|Multi-drug_resistance|Multi-drug_ABC_efflux_pumps|OPTRA,MEG_4316|Drugs|Multi-drug_resistance|Multi-drug_ABC_efflux_pumps|OPTRA,1968,3640319,3642286,+
Escherichia_coli_B1109,Escherichia_coli_chromosome,3680873,3681601,729,MEG_11436|Biocides|Peroxide_resistance|Peroxide_resistance_stress_protein|KATP,MEG_11436|Biocides|Peroxide_resistance|Peroxide_resistance_stress_protein|KATP,2211,3642654,3644864,+
Escherichia_coli_B1109,Escherichia_coli_chromosome,3681964,3685077,3114,MEG_396|Metals|Iron_resistance|Iron_resistance_protein|ACN,MEG_396|Metals|Iron_resistance|Iron_resistance_protein|ACN,2832,3645227,3648058,+
Escherichia_coli_B1109,Escherichia_coli_chromosome,3685102,3686259,1158,MEG_4221|Metals|Nickel_resistance|Nickel_resistance_regulator|NRSS,MEG_4221|Metals|Nickel_resistance|Nickel_resistance_regulator|NRSS,1365,3648083,3649447,+
Escherichia_coli_B1109,Escherichia_coli_chromosome,3686598,3687080,483,MEG_3285|Metals|Nickel_resistance|Nickel_resistance_protein|HUPN,MEG_3285|Metals|Nickel_resistance|Nickel_resistance_protein|HUPN,327,3649786,3650112,+
Escherichia_coli_B1109,Escherichia_coli_chromosome,3693631,3694062,432,MEG_4072|Drugs|MLS|MLS_resistance_ABC_efflux_pumps|MSRC,MEG_4072|Drugs|MLS|MLS_resistance_ABC_efflux_pumps|MSRC,1479,3656663,3658141,+
Escherichia_coli_B1109,Escherichia_coli_chromosome,3694068,3698983,4916,MEG_5772|Biocides|Peroxide_resistance|peroxide_resistance_regulator|PERR,MEG_5772|Biocides|Peroxide_resistance|peroxide_resistance_regulator|PERR,447,3658147,3658593,+
Escherichia_coli_B1109,Escherichia_coli_chromosome,3704001,3706199,2199,MEG_1714|Metals|Chromium_resistance|Chromium_resistance_protein|CHRE,MEG_1714|Metals|Chromium_resistance|Chromium_resistance_protein|CHRE,342,3663611,3663952,+
Escherichia_coli_B1109,Escherichia_coli_chromosome,3825137,3825769,633,MEG_7859|Metals|Zinc_resistance|Zinc_resistance_protein|ZNUC,MEG_7859|Metals|Zinc_resistance|Zinc_resistance_protein|ZNUC,756,3782890,3783645,+
Escherichia_coli_B1109,Escherichia_coli_chromosome,3872759,3873184,426,MEG_2073|Metals|Copper_resistance|Copper_resistance_regulator|COPR,MEG_2073|Metals|Copper_resistance|Copper_resistance_regulator|COPR,684,3830635,3831318,+
Escherichia_coli_B1109,Escherichia_coli_chromosome,3893753,3896857,3105,MEG_5994|Drugs|Fluoroquinolones|Quinolone_resistance_protein_Qnr|QNRB,MEG_5994|Drugs|Fluoroquinolones|Quinolone_resistance_protein_Qnr|QNRB,645,3851887,3852531,+
Escherichia_coli_B1109,Escherichia_coli_chromosome,3896869,3898026,1158,MEG_1147|Metals|Arsenic_resistance|Arsenic_resistance_protein|ARSB,MEG_1147|Metals|Arsenic_resistance|Arsenic_resistance_protein|ARSB,1041,3852543,3853583,+
Escherichia_coli_B1109,Escherichia_coli_chromosome,3898425,3899087,663,MEG_7691|Drugs|MLS|Streptogramin_B_ester_bond_cleavage|VGBA,MEG_7691|Drugs|MLS|Streptogramin_B_ester_bond_cleavage|VGBA,900,3853982,3854881,+
Escherichia_coli_B1109,Escherichia_coli_chromosome,3926089,3926403,315,MEG_7235|Drugs|Tetracyclines|Tetracycline_resistance_ribosomal_protection_proteins|TETW,MEG_7235|Drugs|Tetracyclines|Tetracycline_resistance_ribosomal_protection_proteins|TETW,1920,3881883,3883802,+
Escherichia_coli_B1109,Escherichia_coli_chromosome,4096493,4097257,765,MEG_11515|Drugs|Ionophores|Ionophore_ABC_efflux_pump|NARA,MEG_11515|Drugs|Ionophores|Ionophore_ABC_efflux_pump|NARA,882,4053892,4054773,+
Escherichia_coli_B1109,Escherichia_coli_chromosome,4108853,4109674,822,MEG_7819|Biocides|Multi-biocide_resistance|Multi-biocide_resistance_regulator|YDEO,MEG_7819|Biocides|Multi-biocide_resistance|Multi-biocide_resistance_regulator|YDEO,762,4066369,4067130,+
Escherichia_coli_B1109,Escherichia_coli_chromosome,4128325,4129122,798,MEG_3677|Drugs|Lipopeptides|Colistin_phosphoethanolamine_transferase|MCR,MEG_3677|Drugs|Lipopeptides|Colistin_phosphoethanolamine_transferase|MCR,1623,4085781,4087403,+
Escherichia_coli_B1109,Escherichia_coli_chromosome,4132052,4133539,1488,MEG_1155|Metals|Arsenic_resistance|Arsenic_resistance_protein|ARSC,MEG_1155|Metals|Arsenic_resistance|Arsenic_resistance_protein|ARSC,396,4090333,4090728,+
Escherichia_coli_B1109,Escherichia_coli_chromosome,4141972,4142364,393,MEG_7182|Drugs|Tetracyclines|Tetracycline_resistance_ribosomal_protection_proteins|TETQ,MEG_7182|Drugs|Tetracyclines|Tetracycline_resistance_ribosomal_protection_proteins|TETQ,2013,4099161,4101173,+
Escherichia_coli_B1109,Escherichia_coli_chromosome,4175276,4176768,1493,MEG_7605|Drugs|Glycopeptides|VanD-type_accessory_protein|VANYD,MEG_7605|Drugs|Glycopeptides|VanD-type_accessory_protein|VANYD,1071,4134085,4135155,+
Escherichia_coli_B1109,Escherichia_coli_chromosome,4287909,4288619,711,MEG_3887|Metals|Mercury_resistance|Mercury_resistance_regulator|MERR2,MEG_3887|Metals|Mercury_resistance|Mercury_resistance_regulator|MERR2,435,4246296,4246730,+
Escherichia_coli_B1109,Escherichia_coli_chromosome,4458335,4459363,1029,MEG_2513|Drugs|Trimethoprim|Dihydrofolate_reductase|DFRA,MEG_2513|Drugs|Trimethoprim|Dihydrofolate_reductase|DFRA,474,4416446,4416919,+
Escherichia_coli_B1109,Escherichia_coli_chromosome,4572564,4573247,684,MEG_7001|Drugs|Tetracyclines|Tetracycline_resistance_MFS_efflux_pumps|TET48,MEG_7001|Drugs|Tetracyclines|Tetracycline_resistance_MFS_efflux_pumps|TET48,1200,4530120,4531319,+
Escherichia_coli_B1109,Escherichia_coli_chromosome,4710663,4711139,477,MEG_3453|Metals|Tellurium_resistance|Tellurium_resistance_protein|KLAC,MEG_3453|Metals|Tellurium_resistance|Tellurium_resistance_protein|KLAC,954,4668735,4669688,+
Escherichia_coli_B1109,Escherichia_coli_chromosome,4731817,4734930,3114,MEG_2989|Drugs|Fosfomycin|Fosfomycin_thiol_transferases|FOSA,MEG_2989|Drugs|Fosfomycin|Fosfomycin_thiol_transferases|FOSA,408,4690366,4690773,+
Escherichia_coli_B3008,Escherichia_coli_B3008,96874,98247,1374,MEG_6546|Biocides|Peroxide_resistance|peroxide_resistance_protein|SODB,MEG_6546|Biocides|Peroxide_resistance|peroxide_resistance_protein|SODB,582,96874,97455,+
Escherichia_coli_B3008,Escherichia_coli_B3008,105729,106310,582,MEG_7045|Drugs|Tetracyclines|Tetracycline_resistance_MFS_efflux_pumps|TETB,MEG_7045|Drugs|Tetracyclines|Tetracycline_resistance_MFS_efflux_pumps|TETB,1206,104937,106142,+
Escherichia_coli_B3008,Escherichia_coli_B3008,168004,168685,682,MEG_8806|Drugs|Lipopeptides|Colistin_phosphoethanolamine_transferase|MCR,MEG_8806|Drugs|Lipopeptides|Colistin_phosphoethanolamine_transferase|MCR,1617,167836,169452,+
Escherichia_coli_B3008,Escherichia_coli_B3008,169821,170156,336,MEG_2919|Drugs|Phenicol|Phenicol_resistance_MFS_efflux_pumps|FLOR,MEG_2919|Drugs|Phenicol|Phenicol_resistance_MFS_efflux_pumps|FLOR,1215,170588,171802,+
Escherichia_coli_B3008,Escherichia_coli_B3008,244385,244777,393,MEG_407|Multi-compound|Drug_and_biocide_and_metal_resistance|Drug_and_biocide_and_metal_RND_efflux_pumps|ACRD,MEG_407|Multi-compound|Drug_and_biocide_and_metal_resistance|Drug_and_biocide_and_metal_RND_efflux_pumps|ACRD,3114,246031,249144,+
Escherichia_coli_B3008,Escherichia_coli_B3008,248925,249314,390,MEG_3912|Multi-compound|Drug_and_biocide_resistance|Drug_and_biocide_RND_efflux_pumps|MEXF,MEG_3912|Multi-compound|Drug_and_biocide_resistance|Drug_and_biocide_RND_efflux_pumps|MEXF,3189,253292,256480,+
Escherichia_coli_B3008,Escherichia_coli_B3008,249328,249762,435,MEG_5997|Drugs|Fluoroquinolones|Quinolone_resistance_protein_Qnr|QNRB,MEG_5997|Drugs|Fluoroquinolones|Quinolone_resistance_protein_Qnr|QNRB,645,256494,257138,+
Escherichia_coli_B3008,Escherichia_coli_B3008,282393,284672,2280,MEG_8087|Biocides|Aldehyde_resistance|Aldehyde_degradation|FORMA,MEG_8087|Biocides|Aldehyde_resistance|Aldehyde_degradation|FORMA,1110,289769,290878,+
Escherichia_coli_B3008,Escherichia_coli_B3008,285192,285953,762,MEG_9961|Multi-compound|Drug_and_biocide_and_metal_resistance|Drug_and_biocide_and_metal_RND_efflux_regulator|BAER,MEG_9961|Multi-compound|Drug_and_biocide_and_metal_resistance|Drug_and_biocide_and_metal_RND_efflux_regulator|BAER,723,291398,292120,+
Escherichia_coli_B3008,Escherichia_coli_B3008,296834,298234,1401,MEG_7641|Multi-compound|Drug_and_biocide_resistance|Drug_and_biocide_MATE_efflux_pumps|VCMA,MEG_7641|Multi-compound|Drug_and_biocide_resistance|Drug_and_biocide_MATE_efflux_pumps|VCMA,1386,303001,304386,+
Escherichia_coli_B3008,Escherichia_coli_B3008,298390,299925,1536,MEG_7851|Metals|Zinc_resistance|Zinc_resistance_protein|ZITB,MEG_7851|Metals|Zinc_resistance|Zinc_resistance_protein|ZITB,942,304542,305483,+
Escherichia_coli_B3008,Escherichia_coli_B3008,374200,375782,1583,MEG_1740|Multi-compound|Drug_and_biocide_and_metal_resistance|Drug_and_biocide_and_metal_RND_efflux_pumps|CMEB,MEG_1740|Multi-compound|Drug_and_biocide_and_metal_resistance|Drug_and_biocide_and_metal_RND_efflux_pumps|CMEB,3123,379758,382880,+
Escherichia_coli_B3008,Escherichia_coli_B3008,500610,501398,789,MEG_2092|Metals|Multi-metal_resistance|Multi-metal_resistance_protein|CORD,MEG_2092|Metals|Multi-metal_resistance|Multi-metal_resistance_protein|CORD,378,507708,508085,+
Escherichia_coli_B3008,Escherichia_coli_B3008,557521,557934,414,MEG_406|Multi-compound|Drug_and_biocide_and_metal_resistance|Drug_and_biocide_and_metal_RND_efflux_pumps|ACRD,MEG_406|Multi-compound|Drug_and_biocide_and_metal_resistance|Drug_and_biocide_and_metal_RND_efflux_pumps|ACRD,3114,564208,567321,+
Escherichia_coli_B3008,Escherichia_coli_B3008,578774,579874,1101,MEG_2682|Metals|Multi-metal_resistance|Multi-metal_resistance_protein|DSBA,MEG_2682|Metals|Multi-metal_resistance|Multi-metal_resistance_protein|DSBA,627,588161,588787,+
Escherichia_coli_B3008,Escherichia_coli_B3008,591553,591831,279,MEG_7276|Biocides|Phenolic_compound_resistance|Phenolic_RND_efflux_pump|TRICP,MEG_7276|Biocides|Phenolic_compound_resistance|Phenolic_RND_efflux_pump|TRICP,2748,600466,603213,+
Escherichia_coli_B3008,Escherichia_coli_B3008,615905,617446,1542,MEG_2658|Multi-compound|Biocide_and_metal_resistance|Biocide_and_metal_resistance_protein|DPR,MEG_2658|Multi-compound|Biocide_and_metal_resistance|Biocide_and_metal_resistance_protein|DPR,519,627287,627805,+
Escherichia_coli_B3008,Escherichia_coli_B3008,617586,618122,537,MEG_4197|Metals|Nickel_resistance|Nickel_resistance_protein|NIRC,MEG_4197|Metals|Nickel_resistance|Nickel_resistance_protein|NIRC,924,627945,628868,+
Escherichia_coli_B3008,Escherichia_coli_B3008,634752,635018,267,MEG_2044|Metals|Copper_resistance|Copper_resistance_protein|COPC,MEG_2044|Metals|Copper_resistance|Copper_resistance_protein|COPC,534,645498,646031,+
Escherichia_coli_B3008,Escherichia_coli_B3008,665567,665824,258,MEG_5843|Multi-compound|Drug_and_biocide_resistance|Drug_and_biocide_SMR_efflux_pumps|QACG,MEG_5843|Multi-compound|Drug_and_biocide_resistance|Drug_and_biocide_SMR_efflux_pumps|QACG,333,676580,676912,+
Escherichia_coli_B3008,Escherichia_coli_B3008,666065,666697,633,MEG_11230|Drugs|Fluoroquinolones|Quinolone_resistance_protein_Qnr|QNRA,MEG_11230|Drugs|Fluoroquinolones|Quinolone_resistance_protein_Qnr|QNRA,657,677153,677809,+
Escherichia_coli_B3008,Escherichia_coli_B3008,709598,710806,1209,MEG_5411|Metals|Lead_resistance|Lead_P-type_ATPase_transporter|PBRB,MEG_5411|Metals|Lead_resistance|Lead_P-type_ATPase_transporter|PBRB,1077,720710,721786,+
Escherichia_coli_B3008,Escherichia_coli_B3008,719437,720663,1227,MEG_7269|Metals|Tellurium_resistance|Tellurium_resistance_protein|TRGA,MEG_7269|Metals|Tellurium_resistance|Tellurium_resistance_protein|TRGA,441,730417,730857,+
Escherichia_coli_B3008,Escherichia_coli_B3008,815285,816362,1078,MEG_2444|Multi-compound|Biocide_and_metal_resistance|Biocide_and_metal_resistance_protein|CUID,MEG_2444|Multi-compound|Biocide_and_metal_resistance|Biocide_and_metal_resistance_protein|CUID,1611,825479,827089,+
Escherichia_coli_B3008,Escherichia_coli_B3008,867004,868752,1749,MEG_3019|Drugs|Fosfomycin|Fosfomycin_thiol_transferases|FOSE,MEG_3019|Drugs|Fosfomycin|Fosfomycin_thiol_transferases|FOSE,405,877731,878135,+
Escherichia_coli_B3008,Escherichia_coli_B3008,944287,945009,723,MEG_10141|Drugs|Sulfonamides|Sulfonamide_resistant_ECF_transporter_comonent|THFT,MEG_10141|Drugs|Sulfonamides|Sulfonamide_resistant_ECF_transporter_comonent|THFT,558,953670,954227,+
Escherichia_coli_B3008,Escherichia_coli_B3008,986187,987419,1233,MEG_1193|Multi-compound|Drug_and_biocide_and_metal_resistance|Drug_and_biocide_and_metal_RND_efflux_regulator|BAES,MEG_1193|Multi-compound|Drug_and_biocide_and_metal_resistance|Drug_and_biocide_and_metal_RND_efflux_regulator|BAES,1404,995405,996808,+
Escherichia_coli_B3008,Escherichia_coli_B3008,1017765,1018232,468,MEG_3074|Drugs|Fusidic_acid|Fusidic_acid_esterases|FUSH,MEG_3074|Drugs|Fusidic_acid|Fusidic_acid_esterases|FUSH,1530,1027154,1028683,+
Escherichia_coli_B3008,Escherichia_coli_B3008,1082966,1084024,1059,MEG_6026|Drugs|Fluoroquinolones|Quinolone_resistance_protein_Qnr|QNRS,MEG_6026|Drugs|Fluoroquinolones|Quinolone_resistance_protein_Qnr|QNRS,657,1093417,1094073,+
Escherichia_coli_B3008,Escherichia_coli_B3008,1084026,1085489,1464,MEG_1165|Metals|Arsenic_resistance|Arsenic_resistance_protein|ARSD,MEG_1165|Metals|Arsenic_resistance|Arsenic_resistance_protein|ARSD,363,1094075,1094437,+
Escherichia_coli_B3008,Escherichia_coli_B3008,1085934,1086722,789,MEG_10506|Drugs|betalactams|Class_A_betalactamases|OKP,MEG_10506|Drugs|betalactams|Class_A_betalactamases|OKP,861,1094882,1095742,+
Escherichia_coli_B3008,Escherichia_coli_B3008,1095755,1096696,942,MEG_7862|Metals|Zinc_resistance|Zinc_resistance_regulator|ZRAR,MEG_7862|Metals|Zinc_resistance|Zinc_resistance_regulator|ZRAR,1326,1104775,1106100,+
Escherichia_coli_B3008,Escherichia_coli_B3008,1159583,1160260,678,MEG_1717|Metals|Chromium_resistance|Chromium_resistance_protein|CHRR,MEG_1717|Metals|Chromium_resistance|Chromium_resistance_protein|CHRR,732,1168987,1169718,+
Escherichia_coli_B3008,Escherichia_coli_B3008,1164452,1164595,144,MEG_2884|Multi-compound|Drug_and_biocide_resistance|Drug_and_biocide_MFS_efflux_pumps|FARA,MEG_2884|Multi-compound|Drug_and_biocide_resistance|Drug_and_biocide_MFS_efflux_pumps|FARA,1155,1173910,1175064,+
Escherichia_coli_B3008,Escherichia_coli_B3008,1189654,1190476,823,MEG_8271|Drugs|Metronidazole|nim_nitroimidazole_reductase|NIMG,MEG_8271|Drugs|Metronidazole|nim_nitroimidazole_reductase|NIMG,495,1200123,1200617,+
Escherichia_coli_B3008,Escherichia_coli_B3008,1190501,1192033,1533,MEG_5787|Metals|Multi-metal_resistance|Multi-metal_resistance_protein|PITA,MEG_5787|Metals|Multi-metal_resistance|Multi-metal_resistance_protein|PITA,1500,1200642,1202141,+
Escherichia_coli_B3008,Escherichia_coli_B3008,1198852,1200462,1611,MEG_2547|Drugs|Trimethoprim|Dihydrofolate_reductase|DFRA,MEG_2547|Drugs|Trimethoprim|Dihydrofolate_reductase|DFRA,474,1208960,1209433,+
Escherichia_coli_B3008,Escherichia_coli_B3008,1214029,1215930,1902,MEG_2541|Drugs|Trimethoprim|Dihydrofolate_reductase|DFRA,MEG_2541|Drugs|Trimethoprim|Dihydrofolate_reductase|DFRA,570,1223000,1223569,+
Escherichia_coli_B3008,Escherichia_coli_B3008,1280378,1283521,3144,MEG_3395|Drugs|betalactams|Class_B_betalactamases|IMP,MEG_3395|Drugs|betalactams|Class_B_betalactamases|IMP,885,1288017,1288901,+
Escherichia_coli_B3008,Escherichia_coli_B3008,1283533,1284756,1224,MEG_1182|Biocides|Acid_resistance|Acid_resistance_protein|ASR,MEG_1182|Biocides|Acid_resistance|Acid_resistance_protein|ASR,309,1288913,1289221,+
Escherichia_coli_B3008,Escherichia_coli_B3008,1284772,1285104,333,MEG_723|Metals|Aluminum_resistance|Aluminum_resistance_protein|ALU1P,MEG_723|Metals|Aluminum_resistance|Aluminum_resistance_protein|ALU1P,561,1289237,1289797,+
Escherichia_coli_B3008,Escherichia_coli_B3008,1285262,1286635,1374,MEG_6513|Multi-compound|Biocide_and_metal_resistance|Biocide_and_metal_ABC_efflux_pumps|SITA,MEG_6513|Multi-compound|Biocide_and_metal_resistance|Biocide_and_metal_ABC_efflux_pumps|SITA,918,1289955,1290872,+
Escherichia_coli_B3008,Escherichia_coli_B3008,1286792,1288888,2097,MEG_8638|Drugs|Multi-drug_resistance|Multi-drug_ABC_efflux_pumps|POXT,MEG_8638|Drugs|Multi-drug_resistance|Multi-drug_ABC_efflux_pumps|POXT,1635,1291029,1292663,+
Escherichia_coli_B3008,Escherichia_coli_B3008,1348604,1350047,1444,MEG_8090|Drugs|Fosfomycin|Fosfomycin_thiol_transferases|FOSL,MEG_8090|Drugs|Fosfomycin|Fosfomycin_thiol_transferases|FOSL,411,1352379,1352789,+
Escherichia_coli_B3008,Escherichia_coli_B3008,1351566,1351973,408,MEG_4196|Metals|Nickel_resistance|Nickel_resistance_protein|NIRB,MEG_4196|Metals|Nickel_resistance|Nickel_resistance_protein|NIRB,270,1354308,1354577,+
Escherichia_coli_B3008,Escherichia_coli_B3008,1354587,1354798,212,MEG_11439|Multi-compound|Drug_and_biocide_and_metal_resistance|Drug_and_biocide_and_metal_RND_efflux_pumps|CMEB,MEG_11439|Multi-compound|Drug_and_biocide_and_metal_resistance|Drug_and_biocide_and_metal_RND_efflux_pumps|CMEB,3123,1357191,1360313,+
Escherichia_coli_B3008,Escherichia_coli_B3008,1380953,1382146,1194,MEG_6645|Biocides|Multi-biocide_resistance|Multi-biocide_RND_efflux_pump|TBTA,MEG_6645|Biocides|Multi-biocide_resistance|Multi-biocide_RND_efflux_pump|TBTA,1149,1386468,1387616,+
Escherichia_coli_B3008,Escherichia_coli_B3008,1382169,1385318,3150,MEG_7036|Drugs|Tetracyclines|Tetracycline_resistance_ABC_efflux_pumps|TETA60,MEG_7036|Drugs|Tetracyclines|Tetracycline_resistance_ABC_efflux_pumps|TETA60,1740,1387639,1389378,+
Escherichia_coli_B3008,Escherichia_coli_B3008,1394201,1395918,1718,MEG_11452|Drugs|Lipopeptides|Colistin_phosphoethanolamine_transferase|MCR,MEG_11452|Drugs|Lipopeptides|Colistin_phosphoethanolamine_transferase|MCR,1698,1398261,1399958,+
Escherichia_coli_B3008,Escherichia_coli_B3008,1481490,1482647,1158,MEG_182|Drugs|Aminoglycosides|Aminoglycoside_N-acetyltransferases|AAC6-PRIME,MEG_182|Drugs|Aminoglycosides|Aminoglycoside_N-acetyltransferases|AAC6-PRIME,555,1485530,1486084,+
Escherichia_coli_B3008,Escherichia_coli_B3008,1495702,1496811,1110,MEG_2744|Drugs|MLS|Macrolide_esterases|EREA,MEG_2744|Drugs|MLS|Macrolide_esterases|EREA,1221,1499139,1500359,+
Escherichia_coli_B3008,Escherichia_coli_B3008,1644995,1645429,435,MEG_7857|Metals|Zinc_resistance|Zinc_resistance_protein|ZNUB,MEG_7857|Metals|Zinc_resistance|Zinc_resistance_protein|ZNUB,277,1648543,1648819,+
Escherichia_coli_B3008,Escherichia_coli_B3008,1645647,1647724,2078,MEG_7820|Biocides|Acid_resistance|Acid_resistance_protein|YDEP,MEG_7820|Biocides|Acid_resistance|Acid_resistance_protein|YDEP,2280,1649037,1651316,+
Escherichia_coli_B3008,Escherichia_coli_B3008,1647779,1648708,930,MEG_7861|Metals|Zinc_resistance|Zinc_resistance_regulator|ZRAR,MEG_7861|Metals|Zinc_resistance|Zinc_resistance_regulator|ZRAR,1314,1651371,1652684,+
Escherichia_coli_B3008,Escherichia_coli_B3008,1648713,1649093,381,MEG_4299|Biocides|Multi-biocide_resistance|Multi-biocide_RND_efflux_pump|OPRM,MEG_4299|Biocides|Multi-biocide_resistance|Multi-biocide_RND_efflux_pump|OPRM,889,1652689,1653577,+
Escherichia_coli_B3008,Escherichia_coli_B3008,1649133,1650023,891,MEG_6542|Biocides|Peroxide_resistance|peroxide_resistance_protein|SODA,MEG_6542|Biocides|Peroxide_resistance|peroxide_resistance_protein|SODA,621,1653617,1654237,+
Escherichia_coli_B3008,Escherichia_coli_B3008,1650029,1651846,1818,MEG_7838|Multi-compound|Drug_and_biocide_and_metal_resistance|Drug_and_biocide_and_metal_SMR_efflux_pump|YKKC,MEG_7838|Multi-compound|Drug_and_biocide_and_metal_resistance|Drug_and_biocide_and_metal_SMR_efflux_pump|YKKC,339,1654243,1654581,+
Escherichia_coli_B3008,Escherichia_coli_B3008,1653828,1656304,2477,MEG_11242|Drugs|Fosfomycin|Fosfomycin_thiol_transferases|FOSA,MEG_11242|Drugs|Fosfomycin|Fosfomycin_thiol_transferases|FOSA,423,1656563,1656985,+
Escherichia_coli_B3008,Escherichia_coli_B3008,1656933,1660075,3143,MEG_5957|Drugs|Fluoroquinolones|Quinolone_resistance_protein_Qnr|QNRB,MEG_5957|Drugs|Fluoroquinolones|Quinolone_resistance_protein_Qnr|QNRB,681,1657614,1658294,+
Escherichia_coli_B3008,Escherichia_coli_B3008,1660086,1661378,1293,MEG_4089|Drugs|Mupirocin|Mupirocin-resistant_isoleucyl-tRNA_synthetase|MUPA,MEG_4089|Drugs|Mupirocin|Mupirocin-resistant_isoleucyl-tRNA_synthetase|MUPA,3075,1658305,1661379,+
Escherichia_coli_B3008,Escherichia_coli_B3008,1661492,1661845,354,MEG_1754|Drugs|Phenicol|Phenicol_resistance_MFS_efflux_pumps|CMLA,MEG_1754|Drugs|Phenicol|Phenicol_resistance_MFS_efflux_pumps|CMLA,1260,1661493,1662752,+
Escherichia_coli_B3008,Escherichia_coli_B3008,1661874,1663259,1386,MEG_370|Drugs|Fosfomycin|Fosfomycin_MFS_efflux_pump|ABAQ,MEG_370|Drugs|Fosfomycin|Fosfomycin_MFS_efflux_pump|ABAQ,1305,1662781,1664085,+
Escherichia_coli_B3008,Escherichia_coli_B3008,1663449,1665597,2149,MEG_1584|Drugs|Phenicol|Chloramphenicol_acetyltransferases|CATA,MEG_1584|Drugs|Phenicol|Chloramphenicol_acetyltransferases|CATA,660,1664275,1664934,+
Escherichia_coli_B3008,Escherichia_coli_B3008,1665848,1666279,432,MEG_1146|Metals|Arsenic_resistance|Arsenic_resistance_protein|ARSB,MEG_1146|Metals|Arsenic_resistance|Arsenic_resistance_protein|ARSB,1041,1665185,1666225,+
Escherichia_coli_B3008,Escherichia_coli_B3008,1701952,1702662,711,MEG_4059|Metals|Multi-metal_resistance|Multi-metal_resistance_protein|MREA,MEG_4059|Metals|Multi-metal_resistance|Multi-metal_resistance_protein|MREA,288,1701898,1702185,+
Escherichia_coli_B3008,Escherichia_coli_B3008,1779088,1780638,1551,MEG_1555|Drugs|Phenicol|Chloramphenicol_acetyltransferases|CAT,MEG_1555|Drugs|Phenicol|Chloramphenicol_acetyltransferases|CAT,630,1778611,1779240,+
Escherichia_coli_B3008,Escherichia_coli_B3008,1832407,1833351,945,MEG_2010|Metals|Multi-metal_resistance|Multi-metal_resistance_protein|CNRC,MEG_2010|Metals|Multi-metal_resistance|Multi-metal_resistance_protein|CNRC,1257,1831009,1832265,+
Escherichia_coli_B3008,Escherichia_coli_B3008,1859219,1861573,2355,MEG_9982|Drugs|Metronidazole|nim_nitroimidazole_reductase|NIMB,MEG_9982|Drugs|Metronidazole|nim_nitroimidazole_reductase|NIMB,468,1858133,1858600,+
Escherichia_coli_B3008,Escherichia_coli_B3008,1864722,1865099,378,MEG_6016|Drugs|Fluoroquinolones|Quinolone_resistance_protein_Qnr|QNRE,MEG_6016|Drugs|Fluoroquinolones|Quinolone_resistance_protein_Qnr|QNRE,645,1861749,1862393,+
Escherichia_coli_B3008,Escherichia_coli_B3008,1901784,1902950,1167,MEG_2756|Drugs|MLS|23S_rRNA_methyltransferases|ERM,MEG_2756|Drugs|MLS|23S_rRNA_methyltransferases|ERM,801,1899078,1899878,+
Escherichia_coli_B3008,Escherichia_coli_B3008,1926778,1927647,870,MEG_6634|Drugs|Sulfonamides|Sulfonamide-resistant_dihydropteroate_synthases|SULII,MEG_6634|Drugs|Sulfonamides|Sulfonamide-resistant_dihydropteroate_synthases|SULII,819,1923706,1924524,+
Escherichia_coli_B3008,Escherichia_coli_B3008,1996446,1997654,1209,MEG_7384|Drugs|Glycopeptides|VanD-type_resistance_protein|VAND,MEG_7384|Drugs|Glycopeptides|VanD-type_resistance_protein|VAND,1032,1993323,1994354,+
Escherichia_coli_B3008,Escherichia_coli_B3008,2039099,2041795,2697,MEG_1748|Multi-compound|Drug_and_biocide_and_metal_resistance|Drug_and_biocide_and_metal_RND_efflux_regulator|CMER,MEG_1748|Multi-compound|Drug_and_biocide_and_metal_resistance|Drug_and_biocide_and_metal_RND_efflux_regulator|CMER,633,2035799,2036431,+
Escherichia_coli_B3008,Escherichia_coli_B3008,2136984,2138117,1134,MEG_2039|Metals|Copper_resistance|Copper_resistance_protein|COPB,MEG_2039|Metals|Copper_resistance|Copper_resistance_protein|COPB,987,2131620,2132606,+
Escherichia_coli_B3008,Escherichia_coli_B3008,2138736,2139202,467,MEG_5995|Drugs|Fluoroquinolones|Quinolone_resistance_protein_Qnr|QNRB,MEG_5995|Drugs|Fluoroquinolones|Quinolone_resistance_protein_Qnr|QNRB,681,2133225,2133905,+
Escherichia_coli_B3008,Escherichia_coli_B3008,2150570,2150908,339,MEG_6549|Biocides|Multi-biocide_resistance|Multi-biocide_resistance_regulator|SOXRB,MEG_6549|Biocides|Multi-biocide_resistance|Multi-biocide_resistance_regulator|SOXRB,465,2145273,2145737,+
Escherichia_coli_B3008,Escherichia_coli_B3008,2217730,2219373,1644,MEG_1702|Multi-compound|Biocide_and_metal_resistance|Biocide_and_metal_resistance_protein|CHR,MEG_1702|Multi-compound|Biocide_and_metal_resistance|Biocide_and_metal_resistance_protein|CHR,609,2212559,2213167,+
Escherichia_coli_B3008,Escherichia_coli_B3008,2248704,2253249,4546,MEG_3069|Drugs|Fusidic_acid|Ribosomal_zinc-binding_protein|FUSD,MEG_3069|Drugs|Fusidic_acid|Ribosomal_zinc-binding_protein|FUSD,642,2242498,2243139,+
Escherichia_coli_B3008,Escherichia_coli_B3008,2267800,2269449,1650,MEG_4314|Drugs|Multi-drug_resistance|Multi-drug_ABC_efflux_pumps|OPTRA,MEG_4314|Drugs|Multi-drug_resistance|Multi-drug_ABC_efflux_pumps|OPTRA,1968,2257690,2259657,+
Escherichia_coli_B3008,Escherichia_coli_B3008,2274770,2275234,465,MEG_3839|Metals|Mercury_resistance|Mercury_resistance_protein|MERA,MEG_3839|Metals|Mercury_resistance|Mercury_resistance_protein|MERA,359,2264978,2265336,+
Escherichia_coli_B3008,Escherichia_coli_B3008,2275320,2275643,324,MEG_2880|Drugs|Elfamycins|Elfamycin_efflux_pumps|FACT,MEG_2880|Drugs|Elfamycins|Elfamycin_efflux_pumps|FACT,1680,2265422,2267101,+
Escherichia_coli_B3008,Escherichia_coli_B3008,2292758,2293273,516,MEG_2867|Biocides|Acid_resistance|Acid_resistance_regulator|EVGA,MEG_2867|Biocides|Acid_resistance|Acid_resistance_regulator|EVGA,615,2284216,2284830,+
Escherichia_coli_B3008,Escherichia_coli_B3008,2329147,2329971,825,MEG_2062|Metals|Copper_resistance|Copper_resistance_protein|COPL,MEG_2062|Metals|Copper_resistance|Copper_resistance_protein|COPL,420,2320704,2321123,+
Escherichia_coli_B3008,Escherichia_coli_B3008,2347480,2349602,2123,MEG_1680|Drugs|MLS|23S_rRNA_methyltransferases|CFR,MEG_1680|Drugs|MLS|23S_rRNA_methyltransferases|CFR,1251,2338632,2339882,+
Escherichia_coli_B3008,Escherichia_coli_B3008,2349887,2350178,292,MEG_3514|Multi-compound|Drug_and_biocide_resistance|Drug_and_biocide_SMR_efflux_pumps|KPNE,MEG_3514|Multi-compound|Drug_and_biocide_resistance|Drug_and_biocide_SMR_efflux_pumps|KPNE,363,2340167,2340529,+
Escherichia_coli_B3008,Escherichia_coli_B3008,2436061,2436906,846,MEG_294|Drugs|Aminoglycosides|Aminoglycoside_N-acetyltransferases|AAC6-PRIME,MEG_294|Drugs|Aminoglycosides|Aminoglycoside_N-acetyltransferases|AAC6-PRIME,552,2426412,2426963,+
Escherichia_coli_B3008,Escherichia_coli_B3008,2446780,2447682,903,MEG_1466|Biocides|Polyamine_resistance|Spermine/spermidine_acetyltransferase|BLTD,MEG_1466|Biocides|Polyamine_resistance|Spermine/spermidine_acetyltransferase|BLTD,459,2436837,2437295,+
Escherichia_coli_B3008,Escherichia_coli_B3008,2448481,2450549,2069,MEG_2736|Multi-compound|Drug_and_biocide_resistance|Drug_and_biocide_MFS_efflux_pumps|EMRY,MEG_2736|Multi-compound|Drug_and_biocide_resistance|Drug_and_biocide_MFS_efflux_pumps|EMRY,1539,2438094,2439632,+
Escherichia_coli_B3008,Escherichia_coli_B3008,2452721,2453341,621,MEG_10008|Drugs|Rifampin|Rifampin-resistant_beta-subunit_of_RNA_polymerase_RpoB|RPOB,MEG_10008|Drugs|Rifampin|Rifampin-resistant_beta-subunit_of_RNA_polymerase_RpoB|RPOB,4029,2441804,2445832,+
Escherichia_coli_B3008,Escherichia_coli_B3008,2506834,2507460,627,MEG_7081|Drugs|Tetracyclines|Tetracycline_resistance_MFS_efflux_pumps|TETG,MEG_7081|Drugs|Tetracyclines|Tetracycline_resistance_MFS_efflux_pumps|TETG,1128,2499325,2500452,+
Escherichia_coli_B3008,Escherichia_coli_B3008,2548015,2548965,951,MEG_2051|Metals|Copper_resistance|Copper_resistance_protein|COPD,MEG_2051|Metals|Copper_resistance|Copper_resistance_protein|COPD,930,2541007,2541936,+
Escherichia_coli_B3008,Escherichia_coli_B3008,2637309,2638349,1041,MEG_2678|Metals|Multi-metal_resistance|Multi-metal_resistance_protein|DSBA,MEG_2678|Metals|Multi-metal_resistance|Multi-metal_resistance_protein|DSBA,627,2630280,2630906,+
Escherichia_coli_B3008,Escherichia_coli_B3008,2638435,2640284,1850,MEG_6639|Drugs|Sulfonamides|Sulfonamide-resistant_dihydropteroate_synthases|SULIII,MEG_6639|Drugs|Sulfonamides|Sulfonamide-resistant_dihydropteroate_synthases|SULIII,792,2630992,2631783,+
Escherichia_coli_B3008,Escherichia_coli_B3008,2640467,2641240,774,MEG_8718|Drugs|Tetracyclines|Tetracycline_inactivation_enzymes|TETX,MEG_8718|Drugs|Tetracyclines|Tetracycline_inactivation_enzymes|TETX,1167,2631966,2633132,+
Escherichia_coli_B3008,Escherichia_coli_B3008,2653622,2654188,567,MEG_7867|Metals|Zinc_resistance|Zinc_resistance_regulator|ZUR,MEG_7867|Metals|Zinc_resistance|Zinc_resistance_regulator|ZUR,576,2645514,2646089,+
Escherichia_coli_B3008,Escherichia_coli_B3008,2681419,2681832,414,MEG_4162|Metals|Sodium_resistance|Sodium_resistance_protein|NHAA,MEG_4162|Metals|Sodium_resistance|Sodium_resistance_protein|NHAA,1167,2673320,2674486,+
Escherichia_coli_B3008,Escherichia_coli_B3008,2681938,2682372,435,MEG_3291|Biocides|Acetate_resistance|Acetate_resistance_protein|ICLR,MEG_3291|Biocides|Acetate_resistance|Acetate_resistance_protein|ICLR,864,2674592,2675455,+
Escherichia_coli_B3008,Escherichia_coli_B3008,2691325,2692515,1191,MEG_5321|Biocides|Multi-biocide_resistance|Multi-biocide_resistance_regulator|OXYRKP,MEG_5321|Biocides|Multi-biocide_resistance|Multi-biocide_resistance_regulator|OXYRKP,918,2684408,2685325,+
Escherichia_coli_B3008,Escherichia_coli_B3008,2892140,2893540,1401,MEG_3704|Drugs|Lipopeptides|Colistin_phosphoethanolamine_transferase|MCR,MEG_3704|Drugs|Lipopeptides|Colistin_phosphoethanolamine_transferase|MCR,1626,2884950,2886575,+
Escherichia_coli_B3008,Escherichia_coli_B3008,2893910,2894734,825,MEG_2888|Metals|Multi-metal_resistance|Multi-metal_ABC_efflux_pumps|FBPA,MEG_2888|Metals|Multi-metal_resistance|Multi-metal_ABC_efflux_pumps|FBPA,999,2886945,2887943,+
Escherichia_coli_B3008,Escherichia_coli_B3008,2895102,2895830,729,MEG_5975|Drugs|Fluoroquinolones|Quinolone_resistance_protein_Qnr|QNRB,MEG_5975|Drugs|Fluoroquinolones|Quinolone_resistance_protein_Qnr|QNRB,681,2888311,2888991,+
Escherichia_coli_B3008,Escherichia_coli_B3008,2896193,2899306,3114,MEG_4383|Drugs|Tetracyclines|Tetracycline_resistance_ABC_efflux_pumps|OTRC,MEG_4383|Drugs|Tetracyclines|Tetracycline_resistance_ABC_efflux_pumps|OTRC,1056,2889354,2890409,+
Escherichia_coli_B3008,Escherichia_coli_B3008,2899331,2900488,1158,MEG_11325|Metals|Arsenic_resistance|Arsenic_resistance_protein|ARSB,MEG_11325|Metals|Arsenic_resistance|Arsenic_resistance_protein|ARSB,1059,2890434,2891492,+
Escherichia_coli_B3008,Escherichia_coli_B3008,2900827,2901354,528,MEG_8236|Drugs|Lipopeptides|Colistin_phosphoethanolamine_transferase|MCR,MEG_8236|Drugs|Lipopeptides|Colistin_phosphoethanolamine_transferase|MCR,1626,2891831,2893456,+
Escherichia_coli_B3008,Escherichia_coli_B3008,2902980,2903312,333,MEG_7530|Drugs|Glycopeptides|VanE-type_resistance_protein|VANTE,MEG_7530|Drugs|Glycopeptides|VanE-type_resistance_protein|VANTE,2109,2895082,2897190,+
Escherichia_coli_B3008,Escherichia_coli_B3008,2903416,2903754,339,MEG_3440|Metals|Multi-metal_resistance|Multi-metal_resistance_regulator|IRLS,MEG_3440|Metals|Multi-metal_resistance|Multi-metal_resistance_regulator|IRLS,1395,2897294,2898688,+
Escherichia_coli_B3008,Escherichia_coli_B3008,2907859,2908284,426,MEG_2178|Drugs|betalactams|Class_A_betalactamases|CTX,MEG_2178|Drugs|betalactams|Class_A_betalactamases|CTX,876,2902793,2903668,+
Escherichia_coli_B3008,Escherichia_coli_B3008,2908297,2909586,1290,MEG_7818|Biocides|Peroxide_resistance|peroxide_resistance_protein|YDEI,MEG_7818|Biocides|Peroxide_resistance|peroxide_resistance_protein|YDEI,393,2903681,2904073,+
Escherichia_coli_B3008,Escherichia_coli_B3008,2909640,2909993,354,MEG_11243|Drugs|Fosfomycin|Fosfomycin_thiol_transferases|FOSA,MEG_11243|Drugs|Fosfomycin|Fosfomycin_thiol_transferases|FOSA,423,2904127,2904549,+
Escherichia_coli_B3008,Escherichia_coli_B3008,2919382,2920881,1500,MEG_7951|Drugs|betalactams|Class_C_betalactamases|ADC,MEG_7951|Drugs|betalactams|Class_C_betalactamases|ADC,1152,2913938,2915089,+
Escherichia_coli_B3008,Escherichia_coli_B3008,2939505,2939936,432,MEG_4190|Drugs|Metronidazole|nim_nitroimidazole_reductase|NIMI,MEG_4190|Drugs|Metronidazole|nim_nitroimidazole_reductase|NIMI,457,2933713,2934169,+
Escherichia_coli_B3008,Escherichia_coli_B3008,2939942,2944857,4916,MEG_1198|Drugs|Cationic_antimicrobial_peptides|Polymyxin_B_resistance_regulator|BASRS,MEG_1198|Drugs|Cationic_antimicrobial_peptides|Polymyxin_B_resistance_regulator|BASRS,1434,2934175,2935608,+
Escherichia_coli_B3008,Escherichia_coli_B3008,2949875,2952073,2199,MEG_11326|Metals|Arsenic_resistance|Arsenic_resistance_protein|ARSB,MEG_11326|Metals|Arsenic_resistance|Arsenic_resistance_protein|ARSB,1056,2940626,2941681,+
Escherichia_coli_B3008,Escherichia_coli_B3008,3073242,3073874,633,MEG_2714|Biocides|Quaternary_Ammonium_Compounds_(QACs)_resistance|QAC_efflux_pump|EMEA,MEG_2714|Biocides|Quaternary_Ammonium_Compounds_(QACs)_resistance|QAC_efflux_pump|EMEA,1182,3062850,3064031,+
Escherichia_coli_B3008,Escherichia_coli_B3008,3120864,3121289,426,MEG_3140|Multi-compound|Biocide_and_metal_resistance|Biocide_and_metal_resistance_protein|GLPF,MEG_3140|Multi-compound|Biocide_and_metal_resistance|Biocide_and_metal_resistance_protein|GLPF,846,3111021,3111866,+
Escherichia_coli_B3008,Escherichia_coli_B3008,3141864,3144968,3105,MEG_11324|Metals|Arsenic_resistance|Arsenic_resistance_protein|ARSB,MEG_11324|Metals|Arsenic_resistance|Arsenic_resistance_protein|ARSB,1080,3132441,3133520,+
Escherichia_coli_B3008,Escherichia_coli_B3008,3144980,3146137,1158,MEG_2514|Drugs|Trimethoprim|Dihydrofolate_reductase|DFRA,MEG_2514|Drugs|Trimethoprim|Dihydrofolate_reductase|DFRA,474,3133532,3134005,+
Escherichia_coli_B3008,Escherichia_coli_B3008,3146536,3147198,663,MEG_2534|Drugs|Trimethoprim|Dihydrofolate_reductase|DFRA,MEG_2534|Drugs|Trimethoprim|Dihydrofolate_reductase|DFRA,474,3134404,3134877,+
Escherichia_coli_B3008,Escherichia_coli_B3008,3174955,3175269,315,MEG_2755|Drugs|MLS|23S_rRNA_methyltransferases|ERM,MEG_2755|Drugs|MLS|23S_rRNA_methyltransferases|ERM,969,3162634,3163602,+
Escherichia_coli_B3008,Escherichia_coli_B3008,3344477,3345241,765,MEG_6605|Drugs|Sulfonamides|Sulfonamide-resistant_dihydropteroate_synthases|SULI,MEG_6605|Drugs|Sulfonamides|Sulfonamide-resistant_dihydropteroate_synthases|SULI,840,3332810,3333649,+
Escherichia_coli_B3008,Escherichia_coli_B3008,3356836,3357657,822,MEG_816|Drugs|Aminoglycosides|Aminoglycoside_O-nucleotidyltransferases|ANT3-DPRIME,MEG_816|Drugs|Aminoglycosides|Aminoglycoside_O-nucleotidyltransferases|ANT3-DPRIME,846,3345244,3346089,+
Escherichia_coli_B3008,Escherichia_coli_B3008,3376306,3377103,798,MEG_4193|Drugs|Metronidazole|nim_nitroimidazole_reductase|NIMI,MEG_4193|Drugs|Metronidazole|nim_nitroimidazole_reductase|NIMI,457,3364738,3365194,+
Escherichia_coli_B3008,Escherichia_coli_B3008,3381379,3381520,142,MEG_6637|Drugs|Sulfonamides|Sulfonamide-resistant_dihydropteroate_synthases|SULII,MEG_6637|Drugs|Sulfonamides|Sulfonamide-resistant_dihydropteroate_synthases|SULII,816,3369470,3370285,+
Escherichia_coli_B3008,Escherichia_coli_B3008,3389950,3390342,393,MEG_3873|Metals|Mercury_resistance|Mercury_resistance_protein|MERP,MEG_3873|Metals|Mercury_resistance|Mercury_resistance_protein|MERP,276,3378715,3378990,+
Escherichia_coli_B3008,Escherichia_coli_B3008,3423256,3424748,1493,MEG_7831|Multi-compound|Biocide_and_metal_resistance|Biocide_and_metal_resistance_protein|YGIW,MEG_7831|Multi-compound|Biocide_and_metal_resistance|Biocide_and_metal_resistance_protein|YGIW,393,3411904,3412296,+
Escherichia_coli_B3008,Escherichia_coli_B3008,3457169,3458893,1725,MEG_3876|Metals|Mercury_resistance|Mercury_resistance_protein|MERP,MEG_3876|Metals|Mercury_resistance|Mercury_resistance_protein|MERP,342,3444717,3445058,+
Escherichia_coli_B3008,Escherichia_coli_B3008,3538980,3539690,711,MEG_3996|Multi-compound|Drug_and_biocide_resistance|Drug_and_biocide_SMR_efflux_pumps|MMR,MEG_3996|Multi-compound|Drug_and_biocide_resistance|Drug_and_biocide_SMR_efflux_pumps|MMR,324,3525145,3525468,+
Escherichia_coli_B3008,Escherichia_coli_B3008,3720578,3721606,1029,MEG_2805|Drugs|MLS|23S_rRNA_methyltransferases|ERMB,MEG_2805|Drugs|MLS|23S_rRNA_methyltransferases|ERMB,738,3706356,3707093,+
Escherichia_coli_B3008,Escherichia_coli_B3008,3774190,3775728,1539,MEG_2351|Drugs|betalactams|Class_A_betalactamases|CTX,MEG_2351|Drugs|betalactams|Class_A_betalactamases|CTX,876,3759677,3760552,+
Escherichia_coli_B3008,Escherichia_coli_B3008,3775745,3776917,1173,MEG_6961|Metals|Tellurium_resistance|Tellurium_resistance_protein|TERZ,MEG_6961|Metals|Tellurium_resistance|Tellurium_resistance_protein|TERZ,585,3760569,3761153,+
Escherichia_coli_B3008,Escherichia_coli_B3008,3777044,3777574,531,MEG_11365|Metals|Arsenic_resistance|Arsenic_resistance_N-acetyltransferases|ARSN2,MEG_11365|Metals|Arsenic_resistance|Arsenic_resistance_N-acetyltransferases|ARSN2,429,3761280,3761708,+
Escherichia_coli_B3008,Escherichia_coli_B3008,3827235,3827918,684,MEG_5945|Drugs|Fluoroquinolones|Quinolone_resistance_protein_Qnr|QNRB,MEG_5945|Drugs|Fluoroquinolones|Quinolone_resistance_protein_Qnr|QNRB,645,3811369,3812013,+
Escherichia_coli_B3008,Escherichia_coli_B3008,3965156,3965632,477,MEG_265|Drugs|Aminoglycosides|Aminoglycoside_N-acetyltransferases|AAC6-PRIME,MEG_265|Drugs|Aminoglycosides|Aminoglycoside_N-acetyltransferases|AAC6-PRIME,552,3949251,3949802,+
Escherichia_coli_B3008,Escherichia_coli_B3008,3986310,3989423,3114,MEG_6652|Metals|Copper_resistance|Copper_resistance_protein|TCRB,MEG_6652|Metals|Copper_resistance|Copper_resistance_protein|TCRB,2133,3970480,3972612,+
Escherichia_coli_B3008,Escherichia_coli_B3008,4031212,4032516,1305,MEG_1669|Drugs|betalactams|Class_B_betalactamases|CFIA,MEG_1669|Drugs|betalactams|Class_B_betalactamases|CFIA,750,4014401,4015150,+
Escherichia_coli_B3008,Escherichia_coli_B3008,4062656,4063894,1239,MEG_2715|Biocides|Multi-biocide_resistance|Multi-biocide_RND_efflux_pump|EMHA,MEG_2715|Biocides|Multi-biocide_resistance|Multi-biocide_RND_efflux_pump|EMHA,1158,4045290,4046447,+
Escherichia_coli_B3008,Escherichia_coli_B3008,4087393,4090986,3594,MEG_3452|Metals|Tellurium_resistance|Tellurium_resistance_protein|KLAB,MEG_3452|Metals|Tellurium_resistance|Tellurium_resistance_protein|KLAB,1137,4069946,4071082,+
Escherichia_coli_B3008,Escherichia_coli_B3008,4090991,4091605,615,MEG_3914|Multi-compound|Drug_and_biocide_resistance|Drug_and_biocide_RND_efflux_pumps|MEXH,MEG_3914|Multi-compound|Drug_and_biocide_resistance|Drug_and_biocide_RND_efflux_pumps|MEXH,1113,4071087,4072199,+
Escherichia_coli_B3008,Escherichia_coli_B3008,4092021,4094722,2702,MEG_3867|Metals|Mercury_resistance|Mercury_resistance_protein|MERE,MEG_3867|Metals|Mercury_resistance|Mercury_resistance_protein|MERE,237,4072615,4072851,+
Escherichia_coli_B3008,Escherichia_coli_B3008,4192758,4193726,969,MEG_7422|Drugs|Glycopeptides|VanD-type_resistance_protein|VANHD,MEG_7422|Drugs|Glycopeptides|VanD-type_resistance_protein|VANHD,699,4170887,4171585,+
Escherichia_coli_B3008,Escherichia_coli_B3008,4248330,4248573,244,MEG_7856|Metals|Zinc_resistance|Zinc_resistance_protein|ZNUA,MEG_7856|Metals|Zinc_resistance|Zinc_resistance_protein|ZNUA,933,4226189,4227121,+
Escherichia_coli_B3008,Escherichia_coli_B3008,4248882,4249117,236,MEG_4307|Drugs|Multi-drug_resistance|Multi-drug_ABC_efflux_pumps|OPTRA,MEG_4307|Drugs|Multi-drug_resistance|Multi-drug_ABC_efflux_pumps|OPTRA,1968,4227430,4229397,+
Escherichia_coli_B3008,Escherichia_coli_B3008,4252209,4253852,1644,MEG_3896|Metals|Mercury_resistance|Mercury_resistance_protein|MERT,MEG_3896|Metals|Mercury_resistance|Mercury_resistance_protein|MERT,351,4232489,4232839,+
Escherichia_coli_B3008,Escherichia_coli_B3008,4279690,4280880,1191,MEG_7617|Drugs|Glycopeptides|VanA-type_accessory_protein|VANZA,MEG_7617|Drugs|Glycopeptides|VanA-type_accessory_protein|VANZA,480,4258677,4259156,+
Escherichia_coli_B3008,Escherichia_coli_B3008,4371975,4372313,339,MEG_7789|Biocides|Multi-biocide_resistance|Multi-biocide_RND_efflux_pump|VMEF,MEG_7789|Biocides|Multi-biocide_resistance|Multi-biocide_RND_efflux_pump|VMEF,3114,4350251,4353364,+
Escherichia_coli_B3008,Escherichia_coli_B3008,4372532,4373356,825,MEG_7610|Drugs|Glycopeptides|VanF-type_accessory_protein|VANYF,MEG_7610|Drugs|Glycopeptides|VanF-type_accessory_protein|VANYF,969,4353583,4354551,+
Escherichia_coli_B3008,Escherichia_coli_B3008,4373477,4373749,273,MEG_1477|Drugs|Glycopeptides|Bleomycin_resistance_protein|BRP,MEG_1477|Drugs|Glycopeptides|Bleomycin_resistance_protein|BRP,366,4354672,4355037,+
Escherichia_coli_B3008,Escherichia_coli_B3008,4392383,4394505,2123,MEG_11312|Drugs|Fosfomycin|Fosfomycin_thiol_transferases|FOSA,MEG_11312|Drugs|Fosfomycin|Fosfomycin_thiol_transferases|FOSA,408,4373671,4374078,+
Escherichia_coli_B3008,Escherichia_coli_B3008,4395918,4403365,7448,MEG_3011|Drugs|Fosfomycin|Fosfomycin_thiol_transferases|FOSB,MEG_3011|Drugs|Fosfomycin|Fosfomycin_thiol_transferases|FOSB,420,4375491,4375910,+
Escherichia_coli_B3008,Escherichia_coli_B3008,4415880,4417732,1853,MEG_4199|Metals|Nickel_resistance|Nickel_resistance_protein|NIXA,MEG_4199|Metals|Nickel_resistance|Nickel_resistance_protein|NIXA,996,4388425,4389420,+
Escherichia_coli_B3008,Escherichia_coli_B3008,4460035,4461201,1167,MEG_4179|Drugs|Metronidazole|nim_nitroimidazole_reductase|NIMA,MEG_4179|Drugs|Metronidazole|nim_nitroimidazole_reductase|NIMA,531,4431723,4432253,+
Escherichia_coli_B3008,Escherichia_coli_B3008,4512960,4514365,1406,MEG_6163|Drugs|Nucleosides|Streptothricin_acetyltransferase|SAT,MEG_6163|Drugs|Nucleosides|Streptothricin_acetyltransferase|SAT,525,4484012,4484536,+
Escherichia_coli_B3008,Escherichia_coli_B3008,4539420,4540070,651,MEG_7477|Drugs|Glycopeptides|VanD-type_regulator|VANRD,MEG_7477|Drugs|Glycopeptides|VanD-type_regulator|VANRD,699,4509591,4510289,+
Escherichia_coli_B3008,Escherichia_coli_B3008,4546739,4546852,114,MEG_11510|Drugs|Tetracyclines|Tetracycline_resistance_ribosomal_protection_proteins|TETO,MEG_11510|Drugs|Tetracyclines|Tetracycline_resistance_ribosomal_protection_proteins|TETO,1920,4516958,4518877,+
Escherichia_coli_B3008,Escherichia_coli_B3008,4556181,4556408,228,MEG_3287|Biocides|Peroxide_resistance|Peroxide_resistance_stress_protein|IBPA,MEG_3287|Biocides|Peroxide_resistance|Peroxide_resistance_stress_protein|IBPA,414,4528206,4528619,+
Escherichia_coli_B3008,Escherichia_coli_B3008,4620924,4621670,747,MEG_3077|Biocides|Acid_resistance|Acid_resistance_protein|GADA,MEG_3077|Biocides|Acid_resistance|Acid_resistance_protein|GADA,852,4593135,4593986,+
Escherichia_coli_B3008,Escherichia_coli_B3008,4636500,4637528,1029,MEG_7011|Drugs|Tetracyclines|Tetracycline_resistance_MFS_efflux_pumps|TET58,MEG_7011|Drugs|Tetracyclines|Tetracycline_resistance_MFS_efflux_pumps|TET58,1032,4608816,4609847,+
Escherichia_coli_B3008,Escherichia_coli_B3008,4637607,4638539,933,MEG_1708|Metals|Chromium_resistance|Chromium_resistance_protein|CHRA,MEG_1708|Metals|Chromium_resistance|Chromium_resistance_protein|CHRA,1125,4609926,4611050,+
Escherichia_coli_B3008,Escherichia_coli_B3008,4673934,4674500,567,MEG_1951|Drugs|betalactams|Class_C_betalactamases|CMY,MEG_1951|Drugs|betalactams|Class_C_betalactamases|CMY,1149,4646445,4647593,+
Escherichia_coli_B766,E.coli.B766.final.genome,47522,48655,1134,MEG_4188|Drugs|Metronidazole|nim_nitroimidazole_reductase|NIMI,MEG_4188|Drugs|Metronidazole|nim_nitroimidazole_reductase|NIMI,519,47522,48040,+
Escherichia_coli_B766,E.coli.B766.final.genome,49274,49740,467,MEG_2793|Drugs|MLS|23S_rRNA_methyltransferases|ERMB,MEG_2793|Drugs|MLS|23S_rRNA_methyltransferases|ERMB,738,48659,49396,+
Escherichia_coli_B766,E.coli.B766.final.genome,60952,61290,339,MEG_316|Drugs|Aminoglycosides|Aminoglycoside_N-acetyltransferases|AAC6-PRIME,MEG_316|Drugs|Aminoglycosides|Aminoglycoside_N-acetyltransferases|AAC6-PRIME,1440,60608,62047,+
Escherichia_coli_B766,E.coli.B766.final.genome,90720,92363,1644,MEG_1701|Metals|Sodium_resistance|Sodium_resistance_protein|CHAA,MEG_1701|Metals|Sodium_resistance|Sodium_resistance_protein|CHAA,1101,91477,92577,+
Escherichia_coli_B766,E.coli.B766.final.genome,115019,119564,4546,MEG_1759|Drugs|Phenicol|Phenicol_resistance_MFS_efflux_pumps|CMLA,MEG_1759|Drugs|Phenicol|Phenicol_resistance_MFS_efflux_pumps|CMLA,1260,115233,116492,+
Escherichia_coli_B766,E.coli.B766.final.genome,133595,135244,1650,MEG_1723|Drugs|Multi-drug_resistance|MDR_23S_ribosomal_RNA_methyltransferase|CIPA,MEG_1723|Drugs|Multi-drug_resistance|MDR_23S_ribosomal_RNA_methyltransferase|CIPA,1041,130523,131563,+
Escherichia_coli_B766,E.coli.B766.final.genome,140563,141027,465,MEG_4172|Metals|Nickel_resistance|Nickel_ABC_efflux_pumps|NIKD,MEG_4172|Metals|Nickel_resistance|Nickel_ABC_efflux_pumps|NIKD,762,136882,137643,+
Escherichia_coli_B766,E.coli.B766.final.genome,141113,141436,324,MEG_7323|Metals|Tungsten_Resistance|Tungsten_ABC_efflux_pumps|TUPA,MEG_7323|Metals|Tungsten_Resistance|Tungsten_ABC_efflux_pumps|TUPA,861,137729,138589,+
Escherichia_coli_B766,E.coli.B766.final.genome,158530,159045,516,MEG_8692|Multi-compound|Drug_and_biocide_resistance|Drug_and_biocide_MFS_efflux_pumps|SDRM,MEG_8692|Multi-compound|Drug_and_biocide_resistance|Drug_and_biocide_MFS_efflux_pumps|SDRM,1344,155683,157026,+
Escherichia_coli_B766,E.coli.B766.final.genome,197937,198761,825,MEG_1745|Multi-compound|Drug_and_biocide_and_metal_resistance|Drug_and_biocide_and_metal_RND_efflux_pumps|CMEF,MEG_1745|Multi-compound|Drug_and_biocide_and_metal_resistance|Drug_and_biocide_and_metal_RND_efflux_pumps|CMEF,3018,195918,198935,+
Escherichia_coli_B766,E.coli.B766.final.genome,215908,218030,2123,MEG_7420|Drugs|Glycopeptides|VanD-type_resistance_protein|VANHD,MEG_7420|Drugs|Glycopeptides|VanD-type_resistance_protein|VANHD,972,216082,217053,+
Escherichia_coli_B766,E.coli.B766.final.genome,218315,218606,292,MEG_717|Metals|Arsenic_resistance|Arsenite_oxidase_regulator|AIOX,MEG_717|Metals|Arsenic_resistance|Arsenite_oxidase_regulator|AIOX,921,217338,218258,+
Escherichia_coli_B766,E.coli.B766.final.genome,314203,315048,846,MEG_11313|Drugs|Fosfomycin|Fosfomycin_thiol_transferases|FOSX,MEG_11313|Drugs|Fosfomycin|Fosfomycin_thiol_transferases|FOSX,411,313855,314265,+
Escherichia_coli_B766,E.coli.B766.final.genome,324923,325825,903,MEG_6611|Drugs|Sulfonamides|Sulfonamide-resistant_dihydropteroate_synthases|SULI,MEG_6611|Drugs|Sulfonamides|Sulfonamide-resistant_dihydropteroate_synthases|SULI,840,324140,324979,+
Escherichia_coli_B766,E.coli.B766.final.genome,359306,361374,2069,MEG_8240|Drugs|Lipopeptides|Colistin_phosphoethanolamine_transferase|MCR,MEG_8240|Drugs|Lipopeptides|Colistin_phosphoethanolamine_transferase|MCR,1620,358460,360079,+
Escherichia_coli_B766,E.coli.B766.final.genome,363879,364166,288,MEG_5276|Drugs|betalactams|Class_D_betalactamases|OXA,MEG_5276|Drugs|betalactams|Class_D_betalactamases|OXA,822,362584,363405,+
Escherichia_coli_B766,E.coli.B766.final.genome,422259,422884,626,MEG_2022|Metals|Copper_resistance|Copper_resistance_protein|COPA,MEG_2022|Metals|Copper_resistance|Copper_resistance_protein|COPA,1413,421498,422910,+
Escherichia_coli_B766,E.coli.B766.final.genome,463499,463635,137,MEG_1131|Drugs|Rifampin|Rifampin_ADP-ribosyltransferase_Arr|ARR,MEG_1131|Drugs|Rifampin|Rifampin_ADP-ribosyltransferase_Arr|ARR,453,463525,463977,+
Escherichia_coli_B766,E.coli.B766.final.genome,465210,466160,951,MEG_6962|Metals|Tellurium_resistance|Tellurium_resistance_protein|TERZ,MEG_6962|Metals|Tellurium_resistance|Tellurium_resistance_protein|TERZ,582,465552,466133,+
Escherichia_coli_B766,E.coli.B766.final.genome,556729,557769,1041,MEG_2017|Metals|Copper_resistance|Copper_resistance_regulator|COMR,MEG_2017|Metals|Copper_resistance|Copper_resistance_regulator|COMR,633,556702,557334,+
Escherichia_coli_B766,E.coli.B766.final.genome,557856,559703,1848,MEG_137|Drugs|Aminoglycosides|Aminoglycoside_N-acetyltransferases|AAC6-PRIME,MEG_137|Drugs|Aminoglycosides|Aminoglycoside_N-acetyltransferases|AAC6-PRIME,564,557421,557984,+
Escherichia_coli_B766,E.coli.B766.final.genome,559796,560569,774,MEG_4322|Drugs|Multi-drug_resistance|Multi-drug_ABC_efflux_pumps|OPTRA,MEG_4322|Drugs|Multi-drug_resistance|Multi-drug_ABC_efflux_pumps|OPTRA,1968,558077,560044,+
Escherichia_coli_B766,E.coli.B766.final.genome,572951,573517,567,MEG_4195|Metals|Nickel_resistance|Nickel_resistance_protein|NIRA,MEG_4195|Metals|Nickel_resistance|Nickel_resistance_protein|NIRA,1071,572426,573496,+
Escherichia_coli_B766,E.coli.B766.final.genome,600747,601160,414,MEG_7450|Drugs|Glycopeptides|VanA-type_regulator|VANRA,MEG_7450|Drugs|Glycopeptides|VanA-type_regulator|VANRA,696,600726,601421,+
Escherichia_coli_B766,E.coli.B766.final.genome,601266,601700,435,MEG_2533|Drugs|Trimethoprim|Dihydrofolate_reductase|DFRA,MEG_2533|Drugs|Trimethoprim|Dihydrofolate_reductase|DFRA,474,601527,602000,+
Escherichia_coli_B766,E.coli.B766.final.genome,613066,614256,1191,MEG_3741|Multi-compound|Drug_and_biocide_and_metal_resistance|Drug_and_biocide_and_metal_MFS_efflux_pumps|MDRL,MEG_3741|Multi-compound|Drug_and_biocide_and_metal_resistance|Drug_and_biocide_and_metal_MFS_efflux_pumps|MDRL,1194,613366,614559,+
Escherichia_coli_B766,E.coli.B766.final.genome,834145,835545,1401,MEG_2063|Metals|Copper_resistance|Copper_resistance_protein|COPL,MEG_2063|Metals|Copper_resistance|Copper_resistance_protein|COPL,420,834448,834867,+
Escherichia_coli_B766,E.coli.B766.final.genome,835915,836739,825,MEG_7255|Drugs|Glycopeptides|Bleomycin_resistance_protein|TLMB,MEG_7255|Drugs|Glycopeptides|Bleomycin_resistance_protein|TLMB,879,835237,836115,+
Escherichia_coli_B766,E.coli.B766.final.genome,837107,837835,729,MEG_11244|Drugs|Fosfomycin|Fosfomycin_thiol_transferases|FOSA,MEG_11244|Drugs|Fosfomycin|Fosfomycin_thiol_transferases|FOSA,423,836483,836905,+
Escherichia_coli_B766,E.coli.B766.final.genome,838198,841311,3114,MEG_6623|Drugs|Sulfonamides|Sulfonamide-resistant_dihydropteroate_synthases|SULII,MEG_6623|Drugs|Sulfonamides|Sulfonamide-resistant_dihydropteroate_synthases|SULII,852,837268,838119,+
Escherichia_coli_B766,E.coli.B766.final.genome,841336,842493,1158,MEG_6617|Drugs|Sulfonamides|Sulfonamide-resistant_dihydropteroate_synthases|SULII,MEG_6617|Drugs|Sulfonamides|Sulfonamide-resistant_dihydropteroate_synthases|SULII,816,838144,838959,+
Escherichia_coli_B766,E.coli.B766.final.genome,842832,843359,528,MEG_8654|Drugs|Fluoroquinolones|Quinolone_resistance_protein_Qnr|QNRB,MEG_8654|Drugs|Fluoroquinolones|Quinolone_resistance_protein_Qnr|QNRB,645,839298,839942,+
Escherichia_coli_B766,E.coli.B766.final.genome,844985,845317,333,MEG_2698|Biocides|Multi-biocide_resistance|Multi-biocide_SMR_efflux_pump|EBRB,MEG_2698|Biocides|Multi-biocide_resistance|Multi-biocide_SMR_efflux_pump|EBRB,357,841568,841924,+
Escherichia_coli_B766,E.coli.B766.final.genome,845421,845759,339,MEG_3810|Drugs|MLS|MLS_resistance_MFS_efflux_pumps|MEFA,MEG_3810|Drugs|MLS|MLS_resistance_MFS_efflux_pumps|MEFA,1218,842028,843245,+
Escherichia_coli_B766,E.coli.B766.final.genome,851367,851787,421,MEG_2504|Drugs|Trimethoprim|Dihydrofolate_reductase|DFRA,MEG_2504|Drugs|Trimethoprim|Dihydrofolate_reductase|DFRA,474,848853,849326,+
Escherichia_coli_B766,E.coli.B766.final.genome,851800,853089,1290,MEG_6087|Drugs|Rifampin|Rifampin_phosphotransferase|RPH,MEG_6087|Drugs|Rifampin|Rifampin_phosphotransferase|RPH,2619,849339,851957,+
Escherichia_coli_B766,E.coli.B766.final.genome,853143,853496,354,MEG_4054|Drugs|Cationic_antimicrobial_peptides|Defensin-resistant_mprF|MPRF,MEG_4054|Drugs|Cationic_antimicrobial_peptides|Defensin-resistant_mprF|MPRF,2643,852011,854653,+
Escherichia_coli_B766,E.coli.B766.final.genome,862711,864210,1500,MEG_2556|Drugs|Trimethoprim|Dihydrofolate_reductase|DFRA,MEG_2556|Drugs|Trimethoprim|Dihydrofolate_reductase|DFRA,534,863868,864401,+
Escherichia_coli_B766,E.coli.B766.final.genome,876968,877369,402,MEG_3597|Drugs|Multi-drug_resistance|Multi-drug_ABC_efflux_pumps|LMRD,MEG_3597|Drugs|Multi-drug_resistance|Multi-drug_ABC_efflux_pumps|LMRD,1995,877159,879153,+
Escherichia_coli_B766,E.coli.B766.final.genome,877375,882290,4916,MEG_2061|Metals|Copper_resistance|Copper_resistance_protein|COPK,MEG_2061|Metals|Copper_resistance|Copper_resistance_protein|COPK,285,879159,879443,+
Escherichia_coli_B766,E.coli.B766.final.genome,887308,889506,2199,MEG_4170|Metals|Nickel_resistance|Nickel_ABC_efflux_pumps|NIKC,MEG_4170|Metals|Nickel_resistance|Nickel_ABC_efflux_pumps|NIKC,834,884461,885294,+
Escherichia_coli_B766,E.coli.B766.final.genome,1012888,1013520,633,MEG_5888|Drugs|Fluoroquinolones|Quinolone_resistance_protein_Qnr|QNRB,MEG_5888|Drugs|Fluoroquinolones|Quinolone_resistance_protein_Qnr|QNRB,645,1008676,1009320,+
Escherichia_coli_B766,E.coli.B766.final.genome,1045404,1045829,426,MEG_2569|Drugs|Trimethoprim|Dihydrofolate_reductase|DFRB,MEG_2569|Drugs|Trimethoprim|Dihydrofolate_reductase|DFRB,237,1041204,1041440,+
Escherichia_coli_B766,E.coli.B766.final.genome,1066401,1069505,3105,MEG_7247|Drugs|Tetracyclines|Tetracycline_resistance_MFS_efflux_pumps|TETZ,MEG_7247|Drugs|Tetracyclines|Tetracycline_resistance_MFS_efflux_pumps|TETZ,1251,1062012,1063262,+
Escherichia_coli_B766,E.coli.B766.final.genome,1069517,1070674,1158,MEG_7804|Drugs|Mycobacterium_tuberculosis-specific_Drug|Viomycin_phosphotransferases|VPH,MEG_7804|Drugs|Mycobacterium_tuberculosis-specific_Drug|Viomycin_phosphotransferases|VPH,864,1063274,1064137,+
Escherichia_coli_B766,E.coli.B766.final.genome,1071073,1071735,663,MEG_1215|Drugs|Bacitracin|Bacitracin_ABC_transporter|BCRC,MEG_1215|Drugs|Bacitracin|Bacitracin_ABC_transporter|BCRC,612,1064536,1065147,+
Escherichia_coli_B766,E.coli.B766.final.genome,1098737,1099051,315,MEG_722|Drugs|Cationic_antimicrobial_peptides|Lipid_A_modification|ALMG,MEG_722|Drugs|Cationic_antimicrobial_peptides|Lipid_A_modification|ALMG,822,1092149,1092970,+
Escherichia_coli_B766,E.coli.B766.final.genome,1268296,1269060,765,MEG_4185|Drugs|Metronidazole|nim_nitroimidazole_reductase|NIME,MEG_4185|Drugs|Metronidazole|nim_nitroimidazole_reductase|NIME,458,1262215,1262672,+
Escherichia_coli_B766,E.coli.B766.final.genome,1280655,1281474,820,MEG_6499|Metals|Multi-metal_resistance|Multi-metal_RND_efflux_pumps|SILA,MEG_6499|Metals|Multi-metal_resistance|Multi-metal_RND_efflux_pumps|SILA,3147,1274267,1277413,+
Escherichia_coli_B766,E.coli.B766.final.genome,1300107,1300904,798,MEG_1168|Biocides|Naphthoquinone|Naphthoquinone_resistance_protein|ARSHN,MEG_1168|Biocides|Naphthoquinone|Naphthoquinone_resistance_protein|ARSHN,621,1296046,1296666,+
Escherichia_coli_B766,E.coli.B766.final.genome,1305180,1305321,142,MEG_2011|Metals|Multi-metal_resistance|Multi-metal_resistance_regulator|CNRH,MEG_2011|Metals|Multi-metal_resistance|Multi-metal_resistance_regulator|CNRH,576,1300942,1301517,+
Escherichia_coli_B766,E.coli.B766.final.genome,1313754,1314146,393,MEG_6649|Drugs|Tetracenomycin|Tetracenomycin_MFS_efflux_pump|TCMA,MEG_6649|Drugs|Tetracenomycin|Tetracenomycin_MFS_efflux_pump|TCMA,1617,1309950,1311566,+
Escherichia_coli_B766,E.coli.B766.final.genome,1344830,1346322,1493,MEG_6028|Drugs|Fluoroquinolones|Quinolone_resistance_protein_Qnr|QNRS,MEG_6028|Drugs|Fluoroquinolones|Quinolone_resistance_protein_Qnr|QNRS,657,1342250,1342906,+
Escherichia_coli_B766,E.coli.B766.final.genome,1461811,1462521,711,MEG_7209|Drugs|Tetracyclines|Tetracycline_resistance_ribosomal_protection_proteins|TETW,MEG_7209|Drugs|Tetracyclines|Tetracycline_resistance_ribosomal_protection_proteins|TETW,1920,1458395,1460314,+
Escherichia_coli_B766,E.coli.B766.final.genome,1687547,1688575,1029,MEG_5404|Drugs|betalactams|Penicillin_binding_protein|PBP2,MEG_5404|Drugs|betalactams|Penicillin_binding_protein|PBP2,1998,1685340,1687337,+
Escherichia_coli_B766,E.coli.B766.final.genome,1754313,1755851,1539,MEG_2077|Metals|Copper_resistance|Copper_resistance_regulator|COPS,MEG_2077|Metals|Copper_resistance|Copper_resistance_regulator|COPS,1464,1753075,1754538,+
Escherichia_coli_B766,E.coli.B766.final.genome,1755868,1757040,1173,MEG_2914|Drugs|Phenicol|Phenicol_resistance_MFS_efflux_pumps|FLOR,MEG_2914|Drugs|Phenicol|Phenicol_resistance_MFS_efflux_pumps|FLOR,1215,1754555,1755769,+
Escherichia_coli_B766,E.coli.B766.final.genome,1757167,1757697,531,MEG_11359|Drugs|Organoarsenicals|Arsinothricin_resistance_N-acetyltransferases|ARSN1,MEG_11359|Drugs|Organoarsenicals|Arsinothricin_resistance_N-acetyltransferases|ARSN1,510,1755896,1756405,+
Escherichia_coli_B766,E.coli.B766.final.genome,1801410,1802093,684,MEG_1764|Drugs|Phenicol|Phenicol_resistance_MFS_efflux_pumps|CMLA,MEG_1764|Drugs|Phenicol|Phenicol_resistance_MFS_efflux_pumps|CMLA,1260,1800118,1801377,+
Escherichia_coli_B766,E.coli.B766.final.genome,1938806,1939282,477,MEG_7854|Metals|Zinc_resistance|Zinc_resistance_regulator|ZNTR,MEG_7854|Metals|Zinc_resistance|Zinc_resistance_regulator|ZNTR,426,1938090,1938515,+
Escherichia_coli_B766,E.coli.B766.final.genome,1960739,1963852,3114,MEG_9974|Biocides|Phenolic_compound_resistance|Triclosan-resistant_mutation|FABG,MEG_9974|Biocides|Phenolic_compound_resistance|Triclosan-resistant_mutation|FABG,744,1959972,1960715,+
Escherichia_coli_B766,E.coli.B766.final.genome,1994970,1996274,1305,MEG_7855|Metals|Zinc_resistance|Zinc_resistance_protein|ZNUA,MEG_7855|Metals|Zinc_resistance|Zinc_resistance_protein|ZNUA,987,1991833,1992819,+
Escherichia_coli_B766,E.coli.B766.final.genome,2025234,2026472,1239,MEG_1710|Metals|Chromium_resistance|Chromium_resistance_protein|CHRB1,MEG_1710|Metals|Chromium_resistance|Chromium_resistance_protein|CHRB1,975,2021779,2022753,+
Escherichia_coli_B766,E.coli.B766.final.genome,2043314,2044552,1239,MEG_968|Drugs|Aminoglycosides|Aminoglycoside_O-nucleotidyltransferases|ANT3-DPRIME,MEG_968|Drugs|Aminoglycosides|Aminoglycoside_O-nucleotidyltransferases|ANT3-DPRIME,789,2039595,2040383,+
Escherichia_coli_B766,E.coli.B766.final.genome,2068051,2071644,3594,MEG_1562|Drugs|Phenicol|Chloramphenicol_acetyltransferases|CATA,MEG_1562|Drugs|Phenicol|Chloramphenicol_acetyltransferases|CATA,642,2063882,2064523,+
Escherichia_coli_B766,E.coli.B766.final.genome,2071649,2072263,615,MEG_5416|Metals|Copper_resistance|Copper_resistance_protein|PCOA,MEG_5416|Metals|Copper_resistance|Copper_resistance_protein|PCOA,1818,2064528,2066345,+
Escherichia_coli_B766,E.coli.B766.final.genome,2072679,2075380,2702,MEG_2726|Multi-compound|Drug_and_biocide_resistance|Drug_and_biocide_MFS_efflux_pumps|EMRBSM,MEG_2726|Multi-compound|Drug_and_biocide_resistance|Drug_and_biocide_MFS_efflux_pumps|EMRBSM,1587,2066761,2068347,+
Escherichia_coli_B766,E.coli.B766.final.genome,2216368,2217336,969,MEG_6562|Metals|Chromium_resistance|Chromium_resistance_protein|SRPCC,MEG_6562|Metals|Chromium_resistance|Chromium_resistance_protein|SRPCC,1182,2209335,2210516,+
Escherichia_coli_B766,E.coli.B766.final.genome,2260557,2260800,244,MEG_8800|Drugs|Lipopeptides|Colistin_phosphoethanolamine_transferase|MCR,MEG_8800|Drugs|Lipopeptides|Colistin_phosphoethanolamine_transferase|MCR,1626,2253737,2255362,+
Escherichia_coli_B766,E.coli.B766.final.genome,2261085,2261320,236,MEG_7779|Biocides|Multi-biocide_resistance|Multi-biocide_RND_efflux_pump|VMEA,MEG_7779|Biocides|Multi-biocide_resistance|Multi-biocide_RND_efflux_pump|VMEA,1140,2255647,2256786,+
Escherichia_coli_B766,E.coli.B766.final.genome,2264412,2266055,1644,MEG_1125|Drugs|Rifampin|Rifampin_ADP-ribosyltransferase_Arr|ARR,MEG_1125|Drugs|Rifampin|Rifampin_ADP-ribosyltransferase_Arr|ARR,453,2259878,2260330,+
Escherichia_coli_B766,E.coli.B766.final.genome,2291328,2292518,1191,MEG_3859|Metals|Mercury_resistance|Mercury_resistance_protein|MERC,MEG_3859|Metals|Mercury_resistance|Mercury_resistance_protein|MERC,435,2285603,2286037,+
Escherichia_coli_B766,E.coli.B766.final.genome,2384587,2384925,339,MEG_6514|Multi-compound|Biocide_and_metal_resistance|Biocide_and_metal_ABC_efflux_pumps|SITB,MEG_6514|Multi-compound|Biocide_and_metal_resistance|Biocide_and_metal_ABC_efflux_pumps|SITB,822,2378106,2378927,+
Escherichia_coli_B766,E.coli.B766.final.genome,2385144,2385968,825,MEG_7811|Metals|Iron_resistance|Iron_resistance_protein|YBTP,MEG_7811|Metals|Iron_resistance|Iron_resistance_protein|YBTP,1803,2379146,2380948,+
Escherichia_coli_B766,E.coli.B766.final.genome,2386089,2386361,273,MEG_4005|Metals|Multi-metal_resistance|Multi-metal_ABC_efflux_pumps|MODB,MEG_4005|Metals|Multi-metal_resistance|Multi-metal_ABC_efflux_pumps|MODB,690,2381069,2381758,+
Escherichia_coli_B766,E.coli.B766.final.genome,2436762,2438884,2123,MEG_711|Metals|Arsenic_resistance|Arsenite_oxidase|AIOA,MEG_711|Metals|Arsenic_resistance|Arsenite_oxidase|AIOA,2481,2432159,2434639,+
Escherichia_coli_B766,E.coli.B766.final.genome,2440297,2447744,7448,MEG_3075|Metals|Aluminum_resistance|Aluminum_ATPase_|G2ALT,MEG_3075|Metals|Aluminum_resistance|Aluminum_ATPase_|G2ALT,666,2436052,2436717,+
Escherichia_coli_B766,E.coli.B766.final.genome,2460412,2462265,1854,MEG_8125|Drugs|betalactams|Class_B_betalactamases|GOB,MEG_8125|Drugs|betalactams|Class_B_betalactamases|GOB,873,2449385,2450257,+
Escherichia_coli_B766,E.coli.B766.final.genome,2502264,2503430,1167,MEG_6572|Biocides|Multi-biocide_resistance|Multi-biocide_SMR_efflux_pump|SSME,MEG_6572|Biocides|Multi-biocide_resistance|Multi-biocide_SMR_efflux_pump|SSME,333,2490256,2490588,+
Escherichia_coli_B766,E.coli.B766.final.genome,2529405,2530810,1406,MEG_4200|Metals|Nickel_resistance|Nickel_resistance_protein|NIXA,MEG_4200|Metals|Nickel_resistance|Nickel_resistance_protein|NIXA,927,2516563,2517489,+
Escherichia_coli_B766,E.coli.B766.final.genome,2547042,2547692,651,MEG_5936|Drugs|Fluoroquinolones|Quinolone_resistance_protein_Qnr|QNRB,MEG_5936|Drugs|Fluoroquinolones|Quinolone_resistance_protein_Qnr|QNRB,681,2533721,2534401,+
Escherichia_coli_B766,E.coli.B766.final.genome,2563786,2564013,228,MEG_8674|Drugs|Rifampin|Rifampin-resistant_beta-subunit_of_RNA_polymerase_RpoB|RPOB,MEG_8674|Drugs|Rifampin|Rifampin-resistant_beta-subunit_of_RNA_polymerase_RpoB|RPOB,3561,2550495,2554055,+
Escherichia_coli_B766,E.coli.B766.final.genome,2576634,2576966,333,MEG_5846|Multi-compound|Drug_and_biocide_resistance|Drug_and_biocide_SMR_efflux_pumps|QACG,MEG_5846|Multi-compound|Drug_and_biocide_resistance|Drug_and_biocide_SMR_efflux_pumps|QACG,324,2566676,2566999,+
Escherichia_coli_B766,E.coli.B766.final.genome,2631796,2632542,747,MEG_1122|Drugs|Cationic_antimicrobial_peptides|Polymyxin_B_resistance_regulator|ARNA,MEG_1122|Drugs|Cationic_antimicrobial_peptides|Polymyxin_B_resistance_regulator|ARNA,1989,2621829,2623817,+
Escherichia_coli_B766,E.coli.B766.final.genome,2648652,2649680,1029,MEG_7237|Drugs|Tetracyclines|Tetracycline_resistance_ribosomal_protection_proteins|TETW,MEG_7237|Drugs|Tetracyclines|Tetracycline_resistance_ribosomal_protection_proteins|TETW,1920,2639927,2641846,+
Escherichia_coli_B766,E.coli.B766.final.genome,2649759,2650691,933,MEG_7158|Drugs|Tetracyclines|Tetracycline_resistance_ribosomal_protection_proteins|TETO,MEG_7158|Drugs|Tetracyclines|Tetracycline_resistance_ribosomal_protection_proteins|TETO,1920,2641925,2643844,+
Escherichia_coli_B766,E.coli.B766.final.genome,2686087,2686653,567,MEG_3027|Drugs|Fosfomycin|Fosfomycin_thiol_transferases|FOSX,MEG_3027|Drugs|Fosfomycin|Fosfomycin_thiol_transferases|FOSX,402,2679240,2679641,+
Escherichia_coli_B766,E.coli.B766.final.genome,2856975,2858348,1374,MEG_4128|Metals|Nickel_resistance|Nickel_MFS_efflux_regulator|NCRYN,MEG_4128|Metals|Nickel_resistance|Nickel_MFS_efflux_regulator|NCRYN,423,2849963,2850385,+
Escherichia_coli_B766,E.coli.B766.final.genome,2865919,2866500,582,MEG_7328|Drugs|Cationic_antimicrobial_peptides|Lipid_A_modification|UGD,MEG_7328|Drugs|Cationic_antimicrobial_peptides|Lipid_A_modification|UGD,1167,2857956,2859122,+
Escherichia_coli_B766,E.coli.B766.final.genome,2928384,2929065,682,MEG_11457|Drugs|Lipopeptides|Colistin_phosphoethanolamine_transferase|MCR,MEG_11457|Drugs|Lipopeptides|Colistin_phosphoethanolamine_transferase|MCR,1623,2921006,2922628,+
Escherichia_coli_B766,E.coli.B766.final.genome,2930201,2930536,336,MEG_7028|Drugs|Tetracyclines|Tetracycline_resistance_MFS_efflux_pumps|TETA,MEG_7028|Drugs|Tetracyclines|Tetracycline_resistance_MFS_efflux_pumps|TETA,1200,2923764,2924963,+
Escherichia_coli_B766,E.coli.B766.final.genome,3004734,3005126,393,MEG_5928|Drugs|Fluoroquinolones|Quinolone_resistance_protein_Qnr|QNRB,MEG_5928|Drugs|Fluoroquinolones|Quinolone_resistance_protein_Qnr|QNRB,681,2999161,2999841,+
Escherichia_coli_B766,E.coli.B766.final.genome,3015522,3015911,390,MEG_4169|Metals|Nickel_resistance|Nickel_ABC_efflux_pumps|NIKB,MEG_4169|Metals|Nickel_resistance|Nickel_ABC_efflux_pumps|NIKB,945,3010237,3011181,+
Escherichia_coli_B766,E.coli.B766.final.genome,3015925,3016359,435,MEG_11455|Drugs|Lipopeptides|Colistin_phosphoethanolamine_transferase|MCR,MEG_11455|Drugs|Lipopeptides|Colistin_phosphoethanolamine_transferase|MCR,1626,3011195,3012820,+
Escherichia_coli_B766,E.coli.B766.final.genome,3052754,3055033,2280,MEG_499|Multi-compound|Biocide_and_metal_resistance|Biocide_and_metal_resistance_protein|ACTA,MEG_499|Multi-compound|Biocide_and_metal_resistance|Biocide_and_metal_resistance_protein|ACTA,1632,3049215,3050846,+
Escherichia_coli_B766,E.coli.B766.final.genome,3055553,3056314,762,MEG_6628|Drugs|Sulfonamides|Sulfonamide-resistant_dihydropteroate_synthases|SULII,MEG_6628|Drugs|Sulfonamides|Sulfonamide-resistant_dihydropteroate_synthases|SULII,816,3051366,3052181,+
Escherichia_coli_B766,E.coli.B766.final.genome,3067195,3068595,1401,MEG_4192|Drugs|Metronidazole|nim_nitroimidazole_reductase|NIMI,MEG_4192|Drugs|Metronidazole|nim_nitroimidazole_reductase|NIMI,463,3063062,3063524,+
Escherichia_coli_B766,E.coli.B766.final.genome,3068751,3070286,1536,MEG_1703|Multi-compound|Biocide_and_metal_resistance|Biocide_and_metal_resistance_protein|CHR,MEG_1703|Multi-compound|Biocide_and_metal_resistance|Biocide_and_metal_resistance_protein|CHR,453,3063680,3064132,+
Escherichia_coli_B766,E.coli.B766.final.genome,3144510,3146092,1583,MEG_4191|Drugs|Metronidazole|nim_nitroimidazole_reductase|NIMI,MEG_4191|Drugs|Metronidazole|nim_nitroimidazole_reductase|NIMI,457,3138356,3138812,+
Escherichia_coli_B766,E.coli.B766.final.genome,3313253,3314041,789,MEG_6017|Drugs|Fluoroquinolones|Quinolone_resistance_protein_Qnr|QNRS,MEG_6017|Drugs|Fluoroquinolones|Quinolone_resistance_protein_Qnr|QNRS,657,3305973,3306629,+
Escherichia_coli_B766,E.coli.B766.final.genome,3367135,3367548,414,MEG_3004|Drugs|Fosfomycin|Fosfomycin_thiol_transferases|FOSB,MEG_3004|Drugs|Fosfomycin|Fosfomycin_thiol_transferases|FOSB,417,3359723,3360139,+
Escherichia_coli_B766,E.coli.B766.final.genome,3387677,3388777,1101,MEG_1592|Drugs|Phenicol|Chloramphenicol_acetyltransferases|CATA,MEG_1592|Drugs|Phenicol|Chloramphenicol_acetyltransferases|CATA,660,3380268,3380927,+
Escherichia_coli_B766,E.coli.B766.final.genome,3393031,3394131,1101,MEG_11305|Drugs|Trimethoprim|Dihydrofolate_reductase|DFRA,MEG_11305|Drugs|Trimethoprim|Dihydrofolate_reductase|DFRA,477,3385181,3385657,+
Escherichia_coli_B766,E.coli.B766.final.genome,3405813,3406091,279,MEG_4144|Drugs|betalactams|Class_B_betalactamases|NDM,MEG_4144|Drugs|betalactams|Class_B_betalactamases|NDM,813,3397339,3398151,+
Escherichia_coli_B766,E.coli.B766.final.genome,3430255,3431796,1542,MEG_10048|Drugs|Lipopeptides|Polymyxin_resistant_aminoacyl_carrier_protein|ALMF,MEG_10048|Drugs|Lipopeptides|Polymyxin_resistant_aminoacyl_carrier_protein|ALMF,237,3422315,3422551,+
Escherichia_coli_B766,E.coli.B766.final.genome,3431936,3432472,537,MEG_5809|Drugs|Multi-drug_resistance|Multi-drug_ABC_efflux_pumps|POXT,MEG_5809|Drugs|Multi-drug_resistance|Multi-drug_ABC_efflux_pumps|POXT,1629,3422691,3424319,+
Escherichia_coli_B766,E.coli.B766.final.genome,3448353,3448619,267,MEG_2432|Drugs|betalactams|Class_A_betalactamases|CTX,MEG_2432|Drugs|betalactams|Class_A_betalactamases|CTX,950,3440200,3441149,+
Escherichia_coli_B766,E.coli.B766.final.genome,3480551,3480808,258,MEG_5922|Drugs|Fluoroquinolones|Quinolone_resistance_protein_Qnr|QNRB,MEG_5922|Drugs|Fluoroquinolones|Quinolone_resistance_protein_Qnr|QNRB,680,3473081,3473760,+
Escherichia_coli_B766,E.coli.B766.final.genome,3481049,3481681,633,MEG_4365|Multi-compound|Drug_and_biocide_resistance|Drug_and_biocide_RND_efflux_pumps|OQXB,MEG_4365|Multi-compound|Drug_and_biocide_resistance|Drug_and_biocide_RND_efflux_pumps|OQXB,3153,3474001,3477153,+
Escherichia_coli_B766,E.coli.B766.final.genome,3524565,3525773,1209,MEG_812|Drugs|Aminoglycosides|Aminoglycoside_O-nucleotidyltransferases|ANT3-DPRIME,MEG_812|Drugs|Aminoglycosides|Aminoglycoside_O-nucleotidyltransferases|ANT3-DPRIME,792,3520037,3520828,+
Escherichia_coli_B766,E.coli.B766.final.genome,3534404,3535630,1227,MEG_3768|Drugs|betalactams|Penicillin_binding_protein|MECA,MEG_3768|Drugs|betalactams|Penicillin_binding_protein|MECA,2001,3529459,3531459,+
Escherichia_coli_B766,E.coli.B766.final.genome,3629201,3630269,1069,MEG_1554|Drugs|Phenicol|Chloramphenicol_acetyltransferases|CAT,MEG_1554|Drugs|Phenicol|Chloramphenicol_acetyltransferases|CAT,660,3625030,3625689,+
Escherichia_coli_B766,E.coli.B766.final.genome,3681087,3682835,1749,MEG_6636|Drugs|Sulfonamides|Sulfonamide-resistant_dihydropteroate_synthases|SULII,MEG_6636|Drugs|Sulfonamides|Sulfonamide-resistant_dihydropteroate_synthases|SULII,819,3676507,3677325,+
Escherichia_coli_B766,E.coli.B766.final.genome,3786710,3787432,723,MEG_4278|Drugs|MLS|Macrolide_glycosyltransferases|OLEI,MEG_4278|Drugs|MLS|Macrolide_glycosyltransferases|OLEI,1275,3781200,3782474,+
Escherichia_coli_B766,E.coli.B766.final.genome,3830284,3831516,1233,MEG_4055|Drugs|Cationic_antimicrobial_peptides|Defensin-resistant_mprF|MPRF,MEG_4055|Drugs|Cationic_antimicrobial_peptides|Defensin-resistant_mprF|MPRF,2598,3825326,3827923,+
Escherichia_coli_B766,E.coli.B766.final.genome,3868599,3869067,469,MEG_11432|Drugs|Multi-drug_resistance|ABC-F_ribosomal_protection_protein|VGAF,MEG_11432|Drugs|Multi-drug_resistance|ABC-F_ribosomal_protection_protein|VGAF,1386,3865006,3866391,+
Escherichia_coli_B766,E.coli.B766.final.genome,3877111,3877578,468,MEG_7813|Multi-compound|Biocide_and_metal_resistance|Biocide_and_metal_resistance_protein|YCHH,MEG_7813|Multi-compound|Biocide_and_metal_resistance|Biocide_and_metal_resistance_protein|YCHH,279,3874435,3874713,+
Escherichia_coli_B766,E.coli.B766.final.genome,3933005,3934063,1059,MEG_2023|Metals|Copper_resistance|Copper_resistance_protein|COPA,MEG_2023|Metals|Copper_resistance|Copper_resistance_protein|COPA,1860,3930140,3931999,+
Escherichia_coli_B766,E.coli.B766.final.genome,3934065,3935528,1464,MEG_7458|Drugs|Glycopeptides|VanA-type_regulator|VANRA,MEG_7458|Drugs|Glycopeptides|VanA-type_regulator|VANRA,912,3932001,3932912,+
Escherichia_coli_B766,E.coli.B766.final.genome,3935973,3936761,789,MEG_3871|Metals|Mercury_resistance|Mercury_resistance_protein|MERG,MEG_3871|Metals|Mercury_resistance|Mercury_resistance_protein|MERG,654,3933357,3934010,+
Escherichia_coli_B766,E.coli.B766.final.genome,3945799,3946740,942,MEG_5971|Drugs|Fluoroquinolones|Quinolone_resistance_protein_Qnr|QNRB,MEG_5971|Drugs|Fluoroquinolones|Quinolone_resistance_protein_Qnr|QNRB,681,3943048,3943728,+
Escherichia_coli_B766,E.coli.B766.final.genome,4008985,4009657,673,MEG_4091|Drugs|Mupirocin|Mupirocin-resistant_isoleucyl-tRNA_synthetase|MUPB,MEG_4091|Drugs|Mupirocin|Mupirocin-resistant_isoleucyl-tRNA_synthetase|MUPB,3102,4005973,4009074,+
Escherichia_coli_B766,E.coli.B766.final.genome,4037121,4037943,823,MEG_712|Metals|Arsenic_resistance|Arsenite_oxidase|AIOA,MEG_712|Metals|Arsenic_resistance|Arsenite_oxidase|AIOA,2481,4036538,4039018,+
Escherichia_coli_B766,E.coli.B766.final.genome,4037968,4039500,1533,MEG_2614|Drugs|Phenicol|Phenicol_resistance_MFS_efflux_pumps|DHAP,MEG_2614|Drugs|Phenicol|Phenicol_resistance_MFS_efflux_pumps|DHAP,1188,4039043,4040230,+
Escherichia_coli_B766,E.coli.B766.final.genome,4046269,4047893,1625,MEG_2500|Drugs|Trimethoprim|Dihydrofolate_reductase|DFRA,MEG_2500|Drugs|Trimethoprim|Dihydrofolate_reductase|DFRA,474,4046999,4047472,+
Escherichia_coli_B766,E.coli.B766.final.genome,4061444,4063345,1902,MEG_899|Drugs|Aminoglycosides|Aminoglycoside_O-nucleotidyltransferases|ANT3-DPRIME,MEG_899|Drugs|Aminoglycosides|Aminoglycoside_O-nucleotidyltransferases|ANT3-DPRIME,789,4061023,4061811,+
Escherichia_coli_B766,E.coli.B766.final.genome,4128304,4131447,3144,MEG_7817|Biocides|Paraquat_resistance|Paraquat_efflux_pump|YDDG,MEG_7817|Biocides|Paraquat_resistance|Paraquat_efflux_pump|YDDG,882,4126770,4127651,+
Escherichia_coli_B766,E.coli.B766.final.genome,4131459,4132682,1224,MEG_1767|Drugs|Phenicol|Phenicol_resistance_MFS_efflux_pumps|CMLA,MEG_1767|Drugs|Phenicol|Phenicol_resistance_MFS_efflux_pumps|CMLA,1260,4127663,4128922,+
Escherichia_coli_B766,E.coli.B766.final.genome,4132698,4133030,333,MEG_7628|Drugs|MLS|Streptogramin_A_O-acetyltransferase|VATE,MEG_7628|Drugs|MLS|Streptogramin_A_O-acetyltransferase|VATE,645,4128938,4129582,+
Escherichia_coli_B766,E.coli.B766.final.genome,4133064,4134436,1373,MEG_3718|Drugs|Lipopeptides|Colistin_phosphoethanolamine_transferase|MCR,MEG_3718|Drugs|Lipopeptides|Colistin_phosphoethanolamine_transferase|MCR,1623,4129616,4131238,+
Escherichia_coli_B766,E.coli.B766.final.genome,4134593,4136689,2097,MEG_375|Multi-compound|Drug_and_biocide_resistance|Drug_and_biocide_SMR_efflux_pumps|ABES,MEG_375|Multi-compound|Drug_and_biocide_resistance|Drug_and_biocide_SMR_efflux_pumps|ABES,330,4131395,4131724,+
Escherichia_coli_B766,E.coli.B766.final.genome,4208906,4210347,1442,MEG_1711|Metals|Chromium_resistance|Chromium_resistance_protein|CHRB1,MEG_1711|Metals|Chromium_resistance|Chromium_resistance_protein|CHRB1,894,4203941,4204834,+
Escherichia_coli_B766,E.coli.B766.final.genome,4211866,4212273,408,MEG_11516|Drugs|Ionophores|Ionophore_ABC_efflux_pump|NARB,MEG_11516|Drugs|Ionophores|Ionophore_ABC_efflux_pump|NARB,1614,4206353,4207966,+
Escherichia_coli_B766,E.coli.B766.final.genome,4214887,4217391,2505,MEG_713|Metals|Arsenic_resistance|Arsenite_oxidase|AIOB,MEG_713|Metals|Arsenic_resistance|Arsenite_oxidase|AIOB,522,4210580,4211101,+
Escherichia_coli_B766,E.coli.B766.final.genome,4240445,4241638,1194,MEG_3880|Metals|Mercury_resistance|Mercury_resistance_regulator|MERR,MEG_3880|Metals|Mercury_resistance|Mercury_resistance_regulator|MERR,435,4234155,4234589,+
Escherichia_coli_B766,E.coli.B766.final.genome,4241661,4244828,3168,MEG_6165|Drugs|Nucleosides|Streptothricin_acetyltransferase|SAT,MEG_6165|Drugs|Nucleosides|Streptothricin_acetyltransferase|SAT,543,4234612,4235154,+
Escherichia_coli_B766,E.coli.B766.final.genome,4253710,4255427,1718,MEG_1190|Drugs|Bacitracin|Undecaprenyl_pyrophosphate_phosphatase|BACA,MEG_1190|Drugs|Bacitracin|Undecaprenyl_pyrophosphate_phosphatase|BACA,822,4244036,4244857,+
Escherichia_coli_B766,E.coli.B766.final.genome,4331950,4333107,1158,MEG_7672|Multi-compound|Drug_and_biocide_resistance|Drug_and_biocide_RND_efflux_pumps|VEXE,MEG_7672|Multi-compound|Drug_and_biocide_resistance|Drug_and_biocide_RND_efflux_pumps|VEXE,1101,4321380,4322480,+
Escherichia_coli_B766,E.coli.B766.final.genome,4346136,4347245,1110,MEG_6560|Biocides|Multi-biocide_resistance|Multi-biocide_RND_efflux_pump|SRPB,MEG_6560|Biocides|Multi-biocide_resistance|Multi-biocide_RND_efflux_pump|SRPB,3150,4335509,4338658,+
Escherichia_coli_B766,E.coli.B766.final.genome,4587816,4588526,711,MEG_1172|Metals|Arsenic_resistance|Arsenic_resistance_regulator|ARSR,MEG_1172|Metals|Arsenic_resistance|Arsenic_resistance_regulator|ARSR,318,4579229,4579546,+
Escherichia_coli_B766,E.coli.B766.final.genome,4664216,4665766,1551,MEG_3862|Metals|Mercury_resistance|Mercury_resistance_regulator|MERD,MEG_3862|Metals|Mercury_resistance|Mercury_resistance_regulator|MERD,366,4655236,4655601,+
Escherichia_coli_B766,E.coli.B766.final.genome,4717325,4718269,945,MEG_1116|Drugs|Multi-drug_resistance|MDR_regulator|ARLR,MEG_1116|Drugs|Multi-drug_resistance|MDR_regulator|ARLR,660,4707160,4707819,+
Escherichia_coli_B766,E.coli.B766.final.genome,4744009,4746363,2355,MEG_6600|Drugs|Sulfonamides|Sulfonamide-resistant_dihydropteroate_synthases|SULI,MEG_6600|Drugs|Sulfonamides|Sulfonamide-resistant_dihydropteroate_synthases|SULI,840,4733559,4734398,+
Escherichia_coli_B766,E.coli.B766.final.genome,4749512,4749889,378,MEG_3847|Metals|Mercury_resistance|Mercury_resistance_protein|MERB,MEG_3847|Metals|Mercury_resistance|Mercury_resistance_protein|MERB,639,4737547,4738185,+
Escherichia_coli_B766,E.coli.B766.final.genome,4785728,4786894,1167,MEG_7782|Biocides|Multi-biocide_resistance|Multi-biocide_RND_efflux_pump|VMEA,MEG_7782|Biocides|Multi-biocide_resistance|Multi-biocide_RND_efflux_pump|VMEA,1140,4774024,4775163,+
Escherichia_coli_B766,E.coli.B766.final.genome,4810652,4811521,870,MEG_3067|Drugs|Fusidic_acid|Ribosomal_zinc-binding_protein|FUSB,MEG_3067|Drugs|Fusidic_acid|Ribosomal_zinc-binding_protein|FUSB,642,4798921,4799562,+
Escherichia_coli_B766,E.coli.B766.final.genome,4874318,4875550,1233,MEG_11466|Drugs|Tetracyclines|Tetracycline_resistance_MFS_efflux_pumps|TETE,MEG_11466|Drugs|Tetracyclines|Tetracycline_resistance_MFS_efflux_pumps|TETE,1218,4862359,4863576,+
Escherichia_coli_B766,E.coli.B766.final.genome,4976600,4979296,2697,MEG_6655|Multi-compound|Biocide_and_metal_resistance|Biocide_and_metal_resistance_protein|TEHA,MEG_6655|Multi-compound|Biocide_and_metal_resistance|Biocide_and_metal_resistance_protein|TEHA,993,4964626,4965618,+
Escherichia_coli_JM109,E.coli.JM109.final.genome,34920,35312,393,MEG_8787|Drugs|Lipopeptides|Colistin_phosphoethanolamine_transferase|MCR,MEG_8787|Drugs|Lipopeptides|Colistin_phosphoethanolamine_transferase|MCR,1626,34920,36545,+
Escherichia_coli_JM109,E.coli.JM109.final.genome,39460,39849,390,MEG_1739|Multi-compound|Drug_and_biocide_and_metal_resistance|Drug_and_biocide_and_metal_RND_efflux_pumps|CMEB,MEG_1739|Multi-compound|Drug_and_biocide_and_metal_resistance|Drug_and_biocide_and_metal_RND_efflux_pumps|CMEB,3123,40693,43815,+
Escherichia_coli_JM109,E.coli.JM109.final.genome,39863,40297,435,MEG_8020|Drugs|Phenicol|Phenicol_resistance_MFS_efflux_pumps|CML,MEG_8020|Drugs|Phenicol|Phenicol_resistance_MFS_efflux_pumps|CML,1194,43829,45022,+
Escherichia_coli_JM109,E.coli.JM109.final.genome,72931,75210,2280,MEG_3908|Multi-compound|Drug_and_biocide_resistance|Drug_and_biocide_RND_efflux_pumps|MEXE,MEG_3908|Multi-compound|Drug_and_biocide_resistance|Drug_and_biocide_RND_efflux_pumps|MEXE,1242,77656,78897,+
Escherichia_coli_JM109,E.coli.JM109.final.genome,75730,76491,762,MEG_6983|Drugs|Tetracyclines|Tetracycline_resistance_MFS_efflux_pumps|TET38,MEG_6983|Drugs|Tetracyclines|Tetracycline_resistance_MFS_efflux_pumps|TET38,1353,79417,80769,+
Escherichia_coli_JM109,E.coli.JM109.final.genome,87372,88772,1401,MEG_6958|Metals|Tellurium_resistance|Tellurium_resistance_protein|TERD,MEG_6958|Metals|Tellurium_resistance|Tellurium_resistance_protein|TERD,579,91650,92228,+
Escherichia_coli_JM109,E.coli.JM109.final.genome,88928,90463,1536,MEG_11499|Drugs|Metronidazole|nim_nitroimidazole_reductase|NIME,MEG_11499|Drugs|Metronidazole|nim_nitroimidazole_reductase|NIME,513,92384,92896,+
Escherichia_coli_JM109,E.coli.JM109.final.genome,157261,158843,1583,MEG_2999|Drugs|Fosfomycin|Fosfomycin_thiol_transferases|FOSA,MEG_2999|Drugs|Fosfomycin|Fosfomycin_thiol_transferases|FOSA,426,159694,160119,+
Escherichia_coli_JM109,E.coli.JM109.final.genome,309397,310185,789,MEG_1485|Metals|Multi-metal_resistance|Multi-metal_resistance_regulator|CADC,MEG_1485|Metals|Multi-metal_resistance|Multi-metal_resistance_regulator|CADC,369,310673,311041,+
Escherichia_coli_JM109,E.coli.JM109.final.genome,366314,366727,414,MEG_2664|Multi-compound|Biocide_and_metal_resistance|Biocide_and_metal_resistance_protein|DPSA,MEG_2664|Multi-compound|Biocide_and_metal_resistance|Biocide_and_metal_resistance_protein|DPSA,489,367170,367658,+
Escherichia_coli_JM109,E.coli.JM109.final.genome,387387,388487,1101,MEG_5412|Metals|Lead_resistance|Lead_P-type_ATPase_transporter|PBRD,MEG_5412|Metals|Lead_resistance|Lead_P-type_ATPase_transporter|PBRD,870,388318,389187,+
Escherichia_coli_JM109,E.coli.JM109.final.genome,400167,400445,279,MEG_5776|Drugs|Lipopeptides|Lipid_A_phosphatase|PGBB,MEG_5776|Drugs|Lipopeptides|Lipid_A_phosphatase|PGBB,711,400867,401577,+
Escherichia_coli_JM109,E.coli.JM109.final.genome,424519,426060,1542,MEG_8452|Drugs|Multi-drug_resistance|MDR_regulator|PARS,MEG_8452|Drugs|Multi-drug_resistance|MDR_regulator|PARS,1287,425651,426937,+
Escherichia_coli_JM109,E.coli.JM109.final.genome,426200,426736,537,MEG_2974|Drugs|Fosfomycin|Fosfomycin_phosphorylation|FOMB,MEG_2974|Drugs|Fosfomycin|Fosfomycin_phosphorylation|FOMB,993,427077,428069,+
Escherichia_coli_JM109,E.coli.JM109.final.genome,442601,442867,267,MEG_8788|Drugs|Lipopeptides|Colistin_phosphoethanolamine_transferase|MCR,MEG_8788|Drugs|Lipopeptides|Colistin_phosphoethanolamine_transferase|MCR,1626,443934,445559,+
Escherichia_coli_JM109,E.coli.JM109.final.genome,474702,474959,258,MEG_4184|Drugs|Metronidazole|nim_nitroimidazole_reductase|NIME,MEG_4184|Drugs|Metronidazole|nim_nitroimidazole_reductase|NIME,435,477394,477828,+
Escherichia_coli_JM109,E.coli.JM109.final.genome,475200,475832,633,MEG_7184|Drugs|Tetracyclines|Tetracycline_resistance_ribosomal_protection_proteins|TETQ,MEG_7184|Drugs|Tetracyclines|Tetracycline_resistance_ribosomal_protection_proteins|TETQ,1926,478069,479994,+
Escherichia_coli_JM109,E.coli.JM109.final.genome,518706,519914,1209,MEG_1134|Drugs|Rifampin|Rifampin_ADP-ribosyltransferase_Arr|ARR,MEG_1134|Drugs|Rifampin|Rifampin_ADP-ribosyltransferase_Arr|ARR,453,522868,523320,+
Escherichia_coli_JM109,E.coli.JM109.final.genome,528542,529768,1227,MEG_5417|Metals|Copper_resistance|Copper_resistance_protein|PCOB,MEG_5417|Metals|Copper_resistance|Copper_resistance_protein|PCOB,1020,531948,532967,+
Escherichia_coli_JM109,E.coli.JM109.final.genome,624116,625193,1078,MEG_1655|Metals|Chromium_resistance|Chromate_ABC_efflux_pump|CEUE,MEG_1655|Metals|Chromium_resistance|Chromate_ABC_efflux_pump|CEUE,942,627315,628256,+
Escherichia_coli_JM109,E.coli.JM109.final.genome,675837,677585,1749,MEG_2019|Metals|Copper_resistance|Copper_resistance_protein|COPA,MEG_2019|Metals|Copper_resistance|Copper_resistance_protein|COPA,2505,678900,681404,+
Escherichia_coli_JM109,E.coli.JM109.final.genome,752300,753022,723,MEG_6577|Biocides|Multi-biocide_resistance|Multi-biocide_SMR_efflux_pump|SUGE,MEG_6577|Biocides|Multi-biocide_resistance|Multi-biocide_SMR_efflux_pump|SUGE,537,756119,756655,+
Escherichia_coli_JM109,E.coli.JM109.final.genome,759301,760533,1233,MEG_3068|Drugs|Fusidic_acid|Ribosomal_zinc-binding_protein|FUSC,MEG_3068|Drugs|Fusidic_acid|Ribosomal_zinc-binding_protein|FUSC,639,762934,763572,+
Escherichia_coli_JM109,E.coli.JM109.final.genome,790556,791023,468,MEG_2899|Multi-compound|Biocide_and_metal_resistance|Biocide_and_metal_ABC_efflux_pumps|FETB,MEG_2899|Multi-compound|Biocide_and_metal_resistance|Biocide_and_metal_ABC_efflux_pumps|FETB,807,793595,794401,+
Escherichia_coli_JM109,E.coli.JM109.final.genome,846594,847652,1059,MEG_7273|Biocides|Phenolic_compound_resistance|Phenolic_RND_efflux_pump|TRIB,MEG_7273|Biocides|Phenolic_compound_resistance|Phenolic_RND_efflux_pump|TRIB,1071,849972,851042,+
Escherichia_coli_JM109,E.coli.JM109.final.genome,847654,849117,1464,MEG_4183|Drugs|Metronidazole|nim_nitroimidazole_reductase|NIME,MEG_4183|Drugs|Metronidazole|nim_nitroimidazole_reductase|NIME,513,851044,851556,+
Escherichia_coli_JM109,E.coli.JM109.final.genome,849562,850350,789,MEG_6047|Drugs|Rifampin|RNA-polymerase_binding_protein|RBPA,MEG_6047|Drugs|Rifampin|RNA-polymerase_binding_protein|RBPA,345,852001,852345,+
Escherichia_coli_JM109,E.coli.JM109.final.genome,859383,860324,942,MEG_4163|Metals|Sodium_resistance|Sodium_resistance_protein|NHAB,MEG_4163|Metals|Sodium_resistance|Sodium_resistance_protein|NHAB,1515,861378,862892,+
Escherichia_coli_JM109,E.coli.JM109.final.genome,922474,923151,678,MEG_6673|Drugs|betalactams|Class_A_betalactamases|TEM,MEG_6673|Drugs|betalactams|Class_A_betalactamases|TEM,861,925042,925902,+
Escherichia_coli_JM109,E.coli.JM109.final.genome,927343,927486,144,MEG_8777|Drugs|Lipopeptides|Colistin_phosphoethanolamine_transferase|MCR,MEG_8777|Drugs|Lipopeptides|Colistin_phosphoethanolamine_transferase|MCR,1698,930094,931791,+
Escherichia_coli_JM109,E.coli.JM109.final.genome,952479,953301,823,MEG_7392|Drugs|Glycopeptides|VanG-type_resistance_protein|VANG,MEG_7392|Drugs|Glycopeptides|VanG-type_resistance_protein|VANG,1101,956784,957884,+
Escherichia_coli_JM109,E.coli.JM109.final.genome,953326,954864,1539,MEG_503|Metals|Copper_resistance|Copper_resistance_protein|ACTPC,MEG_503|Metals|Copper_resistance|Copper_resistance_protein|ACTPC,2526,957909,960434,+
Escherichia_coli_JM109,E.coli.JM109.final.genome,960813,962423,1611,MEG_1179|Drugs|Multi-drug_resistance|Multi-drug_RND_efflux_regulator|ASMA,MEG_1179|Drugs|Multi-drug_resistance|Multi-drug_RND_efflux_regulator|ASMA,1824,966383,968206,+
Escherichia_coli_JM109,E.coli.JM109.final.genome,975989,977890,1902,MEG_2661|Multi-compound|Biocide_and_metal_resistance|Biocide_and_metal_resistance_protein|DPR,MEG_2661|Multi-compound|Biocide_and_metal_resistance|Biocide_and_metal_resistance_protein|DPR,519,981772,982290,+
Escherichia_coli_JM109,E.coli.JM109.final.genome,1042343,1045486,3144,MEG_1705|Metals|Chromium_resistance|Chromium_resistance_protein|CHRA,MEG_1705|Metals|Chromium_resistance|Chromium_resistance_protein|CHRA,1251,1046743,1047993,+
Escherichia_coli_JM109,E.coli.JM109.final.genome,1045498,1046721,1224,MEG_1170|Metals|Arsenic_resistance|Arsenic_resistance_protein|ARSP,MEG_1170|Metals|Arsenic_resistance|Arsenic_resistance_protein|ARSP,948,1048005,1048952,+
Escherichia_coli_JM109,E.coli.JM109.final.genome,1046737,1047069,333,MEG_5265|Drugs|betalactams|Class_D_betalactamases|OXA,MEG_5265|Drugs|betalactams|Class_D_betalactamases|OXA,825,1048968,1049792,+
Escherichia_coli_JM109,E.coli.JM109.final.genome,1047227,1048600,1374,MEG_5968|Drugs|Fluoroquinolones|Quinolone_resistance_protein_Qnr|QNRB,MEG_5968|Drugs|Fluoroquinolones|Quinolone_resistance_protein_Qnr|QNRB,680,1049950,1050629,+
Escherichia_coli_JM109,E.coli.JM109.final.genome,1048757,1050872,2116,MEG_2485|Drugs|Trimethoprim|Dihydrofolate_reductase|DFRA,MEG_2485|Drugs|Trimethoprim|Dihydrofolate_reductase|DFRA,498,1050786,1051283,+
Escherichia_coli_JM109,E.coli.JM109.final.genome,1116672,1118115,1444,MEG_2067|Metals|Copper_resistance|Copper_resistance_protein|COPP,MEG_2067|Metals|Copper_resistance|Copper_resistance_protein|COPP,201,1117083,1117283,+
Escherichia_coli_JM109,E.coli.JM109.final.genome,1119634,1120041,408,MEG_6622|Drugs|Sulfonamides|Sulfonamide-resistant_dihydropteroate_synthases|SULII,MEG_6622|Drugs|Sulfonamides|Sulfonamide-resistant_dihydropteroate_synthases|SULII,816,1118802,1119617,+
Escherichia_coli_JM109,E.coli.JM109.final.genome,1122655,1125159,2505,MEG_1709|Multi-compound|Biocide_and_metal_resistance|Biocide_and_metal_resistance_regulator|CHRB,MEG_1709|Multi-compound|Biocide_and_metal_resistance|Biocide_and_metal_resistance_regulator|CHRB,939,1122231,1123169,+
Escherichia_coli_JM109,E.coli.JM109.final.genome,1148415,1149608,1194,MEG_2546|Drugs|Trimethoprim|Dihydrofolate_reductase|DFRA,MEG_2546|Drugs|Trimethoprim|Dihydrofolate_reductase|DFRA,474,1146425,1146898,+
Escherichia_coli_JM109,E.coli.JM109.final.genome,1149631,1152780,3150,MEG_502|Metals|Tellurium_resistance|Tellurium_resistance_protein|ACTP1,MEG_502|Metals|Tellurium_resistance|Tellurium_resistance_protein|ACTP1,1656,1146921,1148576,+
Escherichia_coli_JM109,E.coli.JM109.final.genome,1161635,1163380,1746,MEG_4126|Metals|Nickel_resistance|Nickel_MFS_efflux_pumps|NCRCN,MEG_4126|Metals|Nickel_resistance|Nickel_MFS_efflux_pumps|NCRCN,1131,1157431,1158561,+
Escherichia_coli_JM109,E.coli.JM109.final.genome,1239096,1240253,1158,MEG_1145|Metals|Arsenic_resistance|Arsenic_resistance_protein|ARSB,MEG_1145|Metals|Arsenic_resistance|Arsenic_resistance_protein|ARSB,1290,1234277,1235566,+
Escherichia_coli_JM109,E.coli.JM109.final.genome,1255812,1256921,1110,MEG_11287|Drugs|Aminoglycosides|Aminoglycoside_N-acetyltransferases|AAC6-PRIME,MEG_11287|Drugs|Aminoglycosides|Aminoglycoside_N-acetyltransferases|AAC6-PRIME,429,1251125,1251553,+
Escherichia_coli_JM109,E.coli.JM109.final.genome,1295069,1295779,711,MEG_7773|Biocides|Multi-biocide_resistance|Multi-biocide_RND_efflux_pump|VMEA,MEG_7773|Biocides|Multi-biocide_resistance|Multi-biocide_RND_efflux_pump|VMEA,1140,1289701,1290840,+
Escherichia_coli_JM109,E.coli.JM109.final.genome,1372415,1373965,1551,MEG_7178|Drugs|Tetracyclines|Tetracycline_resistance_ribosomal_protection_proteins|TETQ,MEG_7178|Drugs|Tetracyclines|Tetracycline_resistance_ribosomal_protection_proteins|TETQ,1926,1367476,1369401,+
Escherichia_coli_JM109,E.coli.JM109.final.genome,1425736,1426680,945,MEG_3865|Metals|Mercury_resistance|Mercury_resistance_regulator|MERD,MEG_3865|Metals|Mercury_resistance|Mercury_resistance_regulator|MERD,366,1421172,1421537,+
Escherichia_coli_JM109,E.coli.JM109.final.genome,1453939,1456293,2355,MEG_8238|Drugs|Lipopeptides|Colistin_phosphoethanolamine_transferase|MCR,MEG_8238|Drugs|Lipopeptides|Colistin_phosphoethanolamine_transferase|MCR,1620,1448796,1450415,+
Escherichia_coli_JM109,E.coli.JM109.final.genome,1459442,1459819,378,MEG_2864|Drugs|Phenicol|Chloramphenicol_hydrolase|ESTD,MEG_2864|Drugs|Phenicol|Chloramphenicol_hydrolase|ESTD,927,1453564,1454490,+
Escherichia_coli_JM109,E.coli.JM109.final.genome,1492393,1493559,1167,MEG_1738|Multi-compound|Drug_and_biocide_and_metal_resistance|Drug_and_biocide_and_metal_RND_efflux_pumps|CMEA,MEG_1738|Multi-compound|Drug_and_biocide_and_metal_resistance|Drug_and_biocide_and_metal_RND_efflux_pumps|CMEA,1104,1487064,1488167,+
Escherichia_coli_JM109,E.coli.JM109.final.genome,1518827,1519696,870,MEG_6578|Biocides|Multi-biocide_resistance|Multi-biocide_SMR_efflux_pump|SUGE,MEG_6578|Biocides|Multi-biocide_resistance|Multi-biocide_SMR_efflux_pump|SUGE,318,1513435,1513752,+
Escherichia_coli_JM109,E.coli.JM109.final.genome,1585618,1586850,1233,MEG_6519|Biocides|Multi-biocide_resistance|Multi-biocide_ABC_efflux_pump|SMDA,MEG_6519|Biocides|Multi-biocide_resistance|Multi-biocide_ABC_efflux_pump|SMDA,1776,1579674,1581449,+
Escherichia_coli_JM109,E.coli.JM109.final.genome,1642495,1644219,1725,MEG_6642|Drugs|Sulfonamides|Sulfonamide_monooxygenase|SULX,MEG_6642|Drugs|Sulfonamides|Sulfonamide_monooxygenase|SULX,1272,1637094,1638365,+
Escherichia_coli_JM109,E.coli.JM109.final.genome,1684588,1687284,2697,MEG_5774|Metals|Multi-metal_resistance|Multi-metal_resistance_protein|PFR,MEG_5774|Metals|Multi-metal_resistance|Multi-metal_resistance_protein|PFR,504,1678734,1679237,+
Escherichia_coli_JM109,E.coli.JM109.final.genome,1776741,1777874,1134,MEG_3133|Multi-compound|Drug_and_biocide_and_metal_resistance|Drug_and_biocide_and_metal_RND_efflux_pumps|GESB,MEG_3133|Multi-compound|Drug_and_biocide_and_metal_resistance|Drug_and_biocide_and_metal_RND_efflux_pumps|GESB,3168,1768694,1771861,+
Escherichia_coli_JM109,E.coli.JM109.final.genome,1778493,1778960,468,MEG_3814|Drugs|MLS|MLS_resistance_MFS_efflux_pumps|MEFA,MEG_3814|Drugs|MLS|MLS_resistance_MFS_efflux_pumps|MEFA,1218,1772480,1773697,+
Escherichia_coli_JM109,E.coli.JM109.final.genome,1790329,1790667,339,MEG_1593|Drugs|Phenicol|Chloramphenicol_acetyltransferases|CATA,MEG_1593|Drugs|Phenicol|Chloramphenicol_acetyltransferases|CATA,671,1785066,1785736,+
Escherichia_coli_JM109,E.coli.JM109.final.genome,1820095,1821738,1644,MEG_4359|Multi-compound|Drug_and_biocide_resistance|Drug_and_biocide_RND_efflux_pumps|OQXB,MEG_4359|Multi-compound|Drug_and_biocide_resistance|Drug_and_biocide_RND_efflux_pumps|OQXB,3153,1815164,1818316,+
Escherichia_coli_JM109,E.coli.JM109.final.genome,1851576,1856121,4546,MEG_7371|Drugs|Glycopeptides|VanC-type_resistance_protein|VANC,MEG_7371|Drugs|Glycopeptides|VanC-type_resistance_protein|VANC,1622,1848154,1849775,+
Escherichia_coli_JM109,E.coli.JM109.final.genome,1870672,1872321,1650,MEG_2654|Metals|Copper_resistance|Copper_resistance_protein|DNAK,MEG_2654|Metals|Copper_resistance|Copper_resistance_protein|DNAK,1878,1864326,1866203,+
Escherichia_coli_JM109,E.coli.JM109.final.genome,1877641,1878105,465,MEG_4211|Drugs|Multi-drug_resistance|Multi-drug_MFS_efflux_pumps|NORBD,MEG_4211|Drugs|Multi-drug_resistance|Multi-drug_MFS_efflux_pumps|NORBD,1401,1871523,1872923,+
Escherichia_coli_JM109,E.coli.JM109.final.genome,1878191,1878514,324,MEG_11236|Drugs|Fluoroquinolones|Quinolone_resistance_protein_Qnr|QNRE,MEG_11236|Drugs|Fluoroquinolones|Quinolone_resistance_protein_Qnr|QNRE,645,1873009,1873653,+
Escherichia_coli_JM109,E.coli.JM109.final.genome,1895571,1896086,516,MEG_3003|Drugs|Fosfomycin|Fosfomycin_thiol_transferases|FOSA,MEG_3003|Drugs|Fosfomycin|Fosfomycin_thiol_transferases|FOSA,347,1890710,1891056,+
Escherichia_coli_JM109,E.coli.JM109.final.genome,1931946,1932770,825,MEG_3256|Biocides|Acid_resistance|Acid_resistance_protein|HEFA,MEG_3256|Biocides|Acid_resistance|Acid_resistance_protein|HEFA,1434,1926916,1928349,+
Escherichia_coli_JM109,E.coli.JM109.final.genome,1941957,1942340,384,MEG_4168|Metals|Nickel_resistance|Nickel_ABC_efflux_pumps|NIKB,MEG_4168|Metals|Nickel_resistance|Nickel_ABC_efflux_pumps|NIKB,945,1937536,1938480,+
Escherichia_coli_JM109,E.coli.JM109.final.genome,1950932,1953651,2720,MEG_1157|Metals|Arsenic_resistance|Arsenic_resistance_protein|ARSC,MEG_1157|Metals|Arsenic_resistance|Arsenic_resistance_protein|ARSC,393,1947072,1947464,+
Escherichia_coli_JM109,E.coli.JM109.final.genome,2037480,2038325,846,MEG_6609|Drugs|Sulfonamides|Sulfonamide-resistant_dihydropteroate_synthases|SULI,MEG_6609|Drugs|Sulfonamides|Sulfonamide-resistant_dihydropteroate_synthases|SULI,840,2031293,2032132,+
Escherichia_coli_JM109,E.coli.JM109.final.genome,2048199,2049101,903,MEG_8658|Drugs|Fluoroquinolones|Quinolone_resistance_protein_Qnr|QNRVC,MEG_8658|Drugs|Fluoroquinolones|Quinolone_resistance_protein_Qnr|QNRVC,657,2042006,2042662,+
Escherichia_coli_JM109,E.coli.JM109.final.genome,2049900,2051968,2069,MEG_1123|Drugs|Rifampin|Rifampin_ADP-ribosyltransferase_Arr|ARR,MEG_1123|Drugs|Rifampin|Rifampin_ADP-ribosyltransferase_Arr|ARR,453,2043461,2043913,+
Escherichia_coli_JM109,E.coli.JM109.final.genome,2054140,2054760,621,MEG_11328|Metals|Arsenic_resistance|Arsenic_resistance_protein|ARSD,MEG_11328|Metals|Arsenic_resistance|Arsenic_resistance_protein|ARSD,366,2046085,2046450,+
Escherichia_coli_JM109,E.coli.JM109.final.genome,2111526,2112152,627,MEG_3875|Metals|Mercury_resistance|Mercury_resistance_protein|MERP,MEG_3875|Metals|Mercury_resistance|Mercury_resistance_protein|MERP,276,2103216,2103491,+
Escherichia_coli_JM109,E.coli.JM109.final.genome,2153186,2154136,951,MEG_1727|Drugs|Multi-drug_resistance|MDR_23S_ribosomal_RNA_methyltransferase|CLBB,MEG_1727|Drugs|Multi-drug_resistance|MDR_23S_ribosomal_RNA_methyltransferase|CLBB,1032,2144525,2145556,+
Escherichia_coli_JM109,E.coli.JM109.final.genome,2244028,2245068,1041,MEG_11254|Drugs|Trimethoprim|Dihydrofolate_reductase|DFRB,MEG_11254|Drugs|Trimethoprim|Dihydrofolate_reductase|DFRB,237,2235448,2235684,+
Escherichia_coli_JM109,E.coli.JM109.final.genome,2245155,2247004,1850,MEG_1729|Drugs|Multi-drug_resistance|MDR_23S_ribosomal_RNA_methyltransferase|CLBD,MEG_1729|Drugs|Multi-drug_resistance|MDR_23S_ribosomal_RNA_methyltransferase|CLBD,1050,2235771,2236820,+
Escherichia_coli_JM109,E.coli.JM109.final.genome,2247187,2247960,774,MEG_3257|Biocides|Acid_resistance|Acid_resistance_protein|HEFC,MEG_3257|Biocides|Acid_resistance|Acid_resistance_protein|HEFC,3087,2237003,2240089,+
Escherichia_coli_JM109,E.coli.JM109.final.genome,2260335,2260901,567,MEG_7113|Drugs|Tetracyclines|Tetracycline_resistance_ribosomal_protection_proteins|TETM,MEG_7113|Drugs|Tetracyclines|Tetracycline_resistance_ribosomal_protection_proteins|TETM,1920,2252464,2254383,+
Escherichia_coli_JM109,E.coli.JM109.final.genome,2288131,2288544,414,MEG_4344|Multi-compound|Drug_and_biocide_resistance|Drug_and_biocide_RND_efflux_pumps|OQXB,MEG_4344|Multi-compound|Drug_and_biocide_resistance|Drug_and_biocide_RND_efflux_pumps|OQXB,3153,2281613,2284765,+
Escherichia_coli_JM109,E.coli.JM109.final.genome,2288650,2289084,435,MEG_4321|Drugs|Multi-drug_resistance|Multi-drug_ABC_efflux_pumps|OPTRA,MEG_4321|Drugs|Multi-drug_resistance|Multi-drug_ABC_efflux_pumps|OPTRA,1968,2284871,2286838,+
Escherichia_coli_JM109,E.coli.JM109.final.genome,2300447,2301637,1191,MEG_6651|Metals|Copper_resistance|Copper_resistance_protein|TCRA,MEG_6651|Metals|Copper_resistance|Copper_resistance_protein|TCRA,2436,2298201,2300636,+
Escherichia_coli_JM109,E.coli.JM109.final.genome,2318451,2318612,162,MEG_1171|Metals|Arsenic_resistance|Arsenic_resistance_regulator|ARSR,MEG_1171|Metals|Arsenic_resistance|Arsenic_resistance_regulator|ARSR,354,2317450,2317803,+
Escherichia_coli_JM109,E.coli.JM109.final.genome,2489311,2490707,1397,MEG_6479|Drugs|betalactams|Class_A_betalactamases|SHV,MEG_6479|Drugs|betalactams|Class_A_betalactamases|SHV,861,2488502,2489362,+
Escherichia_coli_JM109,E.coli.JM109.final.genome,2491077,2491901,825,MEG_8259|Drugs|MLS|MLS_resistance_ABC_efflux_pumps|MSRG,MEG_8259|Drugs|MLS|MLS_resistance_ABC_efflux_pumps|MSRG,1458,2489732,2491189,+
Escherichia_coli_JM109,E.coli.JM109.final.genome,2492269,2492997,729,MEG_1706|Metals|Chromium_resistance|Chromium_resistance_protein|CHRA,MEG_1706|Metals|Chromium_resistance|Chromium_resistance_protein|CHRA,1377,2491557,2492933,+
Escherichia_coli_JM109,E.coli.JM109.final.genome,2493360,2496473,3114,MEG_6995|Drugs|Tetracyclines|Tetracycline_resistance_MFS_efflux_pumps|TET42,MEG_6995|Drugs|Tetracyclines|Tetracycline_resistance_MFS_efflux_pumps|TET42,1287,2493296,2494582,+
Escherichia_coli_JM109,E.coli.JM109.final.genome,2496498,2497655,1158,MEG_1214|Drugs|Bacitracin|Bacitracin_ABC_transporter|BCRB,MEG_1214|Drugs|Bacitracin|Bacitracin_ABC_transporter|BCRB,627,2494607,2495233,+
Escherichia_coli_JM109,E.coli.JM109.final.genome,2497994,2498521,528,MEG_11507|Drugs|MLS|23S_rRNA_methyltransferases|ERM,MEG_11507|Drugs|MLS|23S_rRNA_methyltransferases|ERM,738,2495572,2496309,+
Escherichia_coli_JM109,E.coli.JM109.final.genome,2500147,2500479,333,MEG_2557|Drugs|Trimethoprim|Dihydrofolate_reductase|DFRB,MEG_2557|Drugs|Trimethoprim|Dihydrofolate_reductase|DFRB,237,2497935,2498171,+
Escherichia_coli_JM109,E.coli.JM109.final.genome,2500583,2500921,339,MEG_5905|Drugs|Fluoroquinolones|Quinolone_resistance_protein_Qnr|QNRB,MEG_5905|Drugs|Fluoroquinolones|Quinolone_resistance_protein_Qnr|QNRB,645,2498275,2498919,+
Escherichia_coli_JM109,E.coli.JM109.final.genome,2506224,2506649,426,MEG_4291|Drugs|Multi-drug_resistance|Multi-drug_RND_efflux_pumps|OPCM,MEG_4291|Drugs|Multi-drug_resistance|Multi-drug_RND_efflux_pumps|OPCM,1536,2504222,2505757,+
Escherichia_coli_JM109,E.coli.JM109.final.genome,2506662,2507951,1290,MEG_7341|Drugs|Glycopeptides|VanA-type_resistance_protein|VANA,MEG_7341|Drugs|Glycopeptides|VanA-type_resistance_protein|VANA,1032,2505770,2506801,+
Escherichia_coli_JM109,E.coli.JM109.final.genome,2508005,2508358,354,MEG_8247|Drugs|Multi-drug_resistance|Multi-drug_RND_efflux_pumps|MEXC1,MEG_8247|Drugs|Multi-drug_resistance|Multi-drug_RND_efflux_pumps|MEXC1,1164,2506855,2508018,+
Escherichia_coli_JM109,E.coli.JM109.final.genome,2517745,2519244,1500,MEG_1741|Multi-compound|Drug_and_biocide_and_metal_resistance|Drug_and_biocide_and_metal_RND_efflux_pumps|CMEC,MEG_1741|Multi-compound|Drug_and_biocide_and_metal_resistance|Drug_and_biocide_and_metal_RND_efflux_pumps|CMEC,1479,2517405,2518883,+
Escherichia_coli_JM109,E.coli.JM109.final.genome,2537865,2538296,432,MEG_7569|Drugs|Glycopeptides|VanD-type_resistance_protein|VANXD,MEG_7569|Drugs|Glycopeptides|VanD-type_resistance_protein|VANXD,609,2537504,2538112,+
Escherichia_coli_JM109,E.coli.JM109.final.genome,2538302,2543217,4916,MEG_4218|Metals|Nickel_resistance|Nickel_RND_efflux_pumps|NRSA,MEG_4218|Metals|Nickel_resistance|Nickel_RND_efflux_pumps|NRSA,3165,2538118,2541282,+
Escherichia_coli_JM109,E.coli.JM109.final.genome,2548235,2550433,2199,MEG_4165|Metals|Cobalt_resistance|Cobalt_transporting_ATPase|NHLF,MEG_4165|Metals|Cobalt_resistance|Cobalt_transporting_ATPase|NHLF,1059,2546300,2547358,+
Escherichia_coli_JM109,E.coli.JM109.final.genome,2670133,2670765,633,MEG_1755|Drugs|Phenicol|Phenicol_resistance_MFS_efflux_pumps|CMLA,MEG_1755|Drugs|Phenicol|Phenicol_resistance_MFS_efflux_pumps|CMLA,1260,2667058,2668317,+
Escherichia_coli_JM109,E.coli.JM109.final.genome,2717755,2718180,426,MEG_3079|Biocides|Acid_resistance|Acid_resistance_protein|GADC,MEG_3079|Biocides|Acid_resistance|Acid_resistance_protein|GADC,1536,2715307,2716842,+
Escherichia_coli_JM109,E.coli.JM109.final.genome,2738745,2741849,3105,MEG_6034|Drugs|Fluoroquinolones|Quinolone_resistance_protein_Qnr|QNRVC,MEG_6034|Drugs|Fluoroquinolones|Quinolone_resistance_protein_Qnr|QNRVC,657,2737407,2738063,+
Escherichia_coli_JM109,E.coli.JM109.final.genome,2741861,2743018,1158,MEG_6515|Multi-compound|Biocide_and_metal_resistance|Biocide_and_metal_ABC_efflux_pumps|SITC,MEG_6515|Multi-compound|Biocide_and_metal_resistance|Biocide_and_metal_ABC_efflux_pumps|SITC,861,2738075,2738935,+
Escherichia_coli_JM109,E.coli.JM109.final.genome,2743417,2744079,663,MEG_5801|Drugs|Cationic_antimicrobial_peptides|Lipid_A_modification|PMRF,MEG_5801|Drugs|Cationic_antimicrobial_peptides|Lipid_A_modification|PMRF,969,2739334,2740302,+
Escherichia_coli_JM109,E.coli.JM109.final.genome,2771081,2771395,315,MEG_4178|Drugs|Metronidazole|nim_nitroimidazole_reductase|NIMA,MEG_4178|Drugs|Metronidazole|nim_nitroimidazole_reductase|NIMA,457,2767304,2767760,+
Escherichia_coli_JM109,E.coli.JM109.final.genome,2941726,2942490,765,MEG_80|Drugs|Aminoglycosides|Aminoglycoside_N-acetyltransferases|AAC6-PRIME,MEG_80|Drugs|Aminoglycosides|Aminoglycoside_N-acetyltransferases|AAC6-PRIME,441,2938091,2938531,+
Escherichia_coli_JM109,E.coli.JM109.final.genome,2954085,2954906,822,MEG_398|Metals|Arsenic_resistance|Arsenic_resistance_membrane_transporter|ACR3,MEG_398|Metals|Arsenic_resistance|Arsenic_resistance_membrane_transporter|ACR3,1044,2950126,2951169,+
Escherichia_coli_JM109,E.coli.JM109.final.genome,2974893,2975690,798,MEG_6160|Drugs|Nucleosides|Streptothricin_acetyltransferase|SAT,MEG_6160|Drugs|Nucleosides|Streptothricin_acetyltransferase|SAT,525,2971156,2971680,+
Escherichia_coli_JM109,E.coli.JM109.final.genome,2979966,2980107,142,MEG_2874|Biocides|Phenolic_compound_resistance|Phenolic_resistance_protein|FABI,MEG_2874|Biocides|Phenolic_compound_resistance|Phenolic_resistance_protein|FABI,771,2975956,2976726,+
Escherichia_coli_JM109,E.coli.JM109.final.genome,2988540,2988932,393,MEG_8662|Drugs|Metronidazole|rdxA_nitroimidazole_reductase|RDXA,MEG_8662|Drugs|Metronidazole|rdxA_nitroimidazole_reductase|RDXA,633,2985159,2985791,+
Escherichia_coli_JM109,E.coli.JM109.final.genome,3021845,3023337,1493,MEG_8061|Drugs|Trimethoprim|Dihydrofolate_reductase|DFRA,MEG_8061|Drugs|Trimethoprim|Dihydrofolate_reductase|DFRA,534,3018704,3019237,+
Escherichia_coli_JM109,E.coli.JM109.final.genome,3119394,3120104,711,MEG_7414|Drugs|Glycopeptides|VanB-type_resistance_protein|VANHB,MEG_7414|Drugs|Glycopeptides|VanB-type_resistance_protein|VANHB,972,3115294,3116265,+
Escherichia_coli_JM109,E.coli.JM109.final.genome,3291827,3292855,1029,MEG_3806|Drugs|MLS|MLS_resistance_MFS_efflux_pumps|MEFA,MEG_3806|Drugs|MLS|MLS_resistance_MFS_efflux_pumps|MEFA,1218,3287988,3289205,+
Escherichia_coli_JM109,E.coli.JM109.final.genome,3331071,3331232,162,MEG_11443|Biocides|Phenolic_compound_resistance|Triclosan-resistant_mutation|FABG,MEG_11443|Biocides|Phenolic_compound_resistance|Triclosan-resistant_mutation|FABG,967,3327421,3328387,+
Escherichia_coli_JM109,E.coli.JM109.final.genome,3332403,3332569,167,MEG_6084|Drugs|Multi-drug_resistance|Multi-drug_MFS_efflux_pumps|ROSB,MEG_6084|Drugs|Multi-drug_resistance|Multi-drug_MFS_efflux_pumps|ROSB,1692,3329558,3331249,+
Escherichia_coli_JM109,E.coli.JM109.final.genome,3347935,3349473,1539,MEG_2494|Drugs|Trimethoprim|Dihydrofolate_reductase|DFRA,MEG_2494|Drugs|Trimethoprim|Dihydrofolate_reductase|DFRA,474,3346615,3347088,+
Escherichia_coli_JM109,E.coli.JM109.final.genome,3349490,3350662,1173,MEG_7615|Drugs|Glycopeptides|VanA-type_accessory_protein|VANZA,MEG_7615|Drugs|Glycopeptides|VanA-type_accessory_protein|VANZA,510,3347105,3347614,+
Escherichia_coli_JM109,E.coli.JM109.final.genome,3350789,3351319,531,MEG_7778|Biocides|Multi-biocide_resistance|Multi-biocide_RND_efflux_pump|VMEA,MEG_7778|Biocides|Multi-biocide_resistance|Multi-biocide_RND_efflux_pump|VMEA,1140,3347741,3348880,+
Escherichia_coli_JM109,E.coli.JM109.final.genome,3412029,3412712,684,MEG_3885|Metals|Mercury_resistance|Mercury_resistance_regulator|MERR1,MEG_3885|Metals|Mercury_resistance|Mercury_resistance_regulator|MERR1,399,3409590,3409988,+
Escherichia_coli_JM109,E.coli.JM109.final.genome,3550209,3550685,477,MEG_6593|Drugs|Sulfonamides|Sulfonamide-resistant_dihydropteroate_synthases|SULI,MEG_6593|Drugs|Sulfonamides|Sulfonamide-resistant_dihydropteroate_synthases|SULI,840,3547485,3548324,+
Escherichia_coli_JM109,E.coli.JM109.final.genome,3571371,3574484,3114,MEG_9902|Drugs|betalactams|Class_D_betalactamases|OXA,MEG_9902|Drugs|betalactams|Class_D_betalactamases|OXA,789,3569010,3569798,+
Escherichia_coli_JM109,E.coli.JM109.final.genome,3605883,3607187,1305,MEG_964|Drugs|Aminoglycosides|Aminoglycoside_O-nucleotidyltransferases|ANT3-DPRIME,MEG_964|Drugs|Aminoglycosides|Aminoglycoside_O-nucleotidyltransferases|ANT3-DPRIME,792,3601197,3601988,+
Escherichia_coli_JM109,E.coli.JM109.final.genome,3642583,3643821,1239,MEG_3870|Metals|Mercury_resistance|Mercury_resistance_protein|MERF,MEG_3870|Metals|Mercury_resistance|Mercury_resistance_protein|MERF,246,3637384,3637629,+
Escherichia_coli_JM109,E.coli.JM109.final.genome,3667322,3670915,3594,MEG_3072|Drugs|Fusidic_acid|Fusidic_acid_esterases|FUSF,MEG_3072|Drugs|Fusidic_acid|Fusidic_acid_esterases|FUSF,645,3661130,3661774,+
Escherichia_coli_JM109,E.coli.JM109.final.genome,3670920,3671534,615,MEG_2681|Metals|Multi-metal_resistance|Multi-metal_resistance_protein|DSBA,MEG_2681|Metals|Multi-metal_resistance|Multi-metal_resistance_protein|DSBA,627,3661779,3662405,+
Escherichia_coli_JM109,E.coli.JM109.final.genome,3671950,3674651,2702,MEG_4186|Drugs|Metronidazole|nim_nitroimidazole_reductase|NIMF,MEG_4186|Drugs|Metronidazole|nim_nitroimidazole_reductase|NIMF,455,3662821,3663275,+
Escherichia_coli_JM109,E.coli.JM109.final.genome,3788449,3789417,969,MEG_6002|Drugs|Fluoroquinolones|Quinolone_resistance_protein_Qnr|QNRB,MEG_6002|Drugs|Fluoroquinolones|Quinolone_resistance_protein_Qnr|QNRB,644,3777073,3777716,+
Escherichia_coli_JM109,E.coli.JM109.final.genome,3844018,3844261,244,MEG_2666|Multi-compound|Biocide_and_metal_resistance|Biocide_and_metal_resistance_protein|DPSA,MEG_2666|Multi-compound|Biocide_and_metal_resistance|Biocide_and_metal_resistance_protein|DPSA,489,3832317,3832805,+
Escherichia_coli_JM109,E.coli.JM109.final.genome,3844558,3844781,224,MEG_2897|Metals|Multi-metal_resistance|Multi-metal_ABC_efflux_pumps|FECE,MEG_2897|Metals|Multi-metal_resistance|Multi-metal_ABC_efflux_pumps|FECE,768,3833102,3833869,+
Escherichia_coli_JM109,E.coli.JM109.final.genome,3847873,3849516,1644,MEG_4116|Metals|Multi-metal_resistance|Multi-metal_resistance_protein|NCCX,MEG_4116|Metals|Multi-metal_resistance|Multi-metal_resistance_protein|NCCX,447,3836961,3837407,+
Escherichia_coli_JM109,E.coli.JM109.final.genome,3876614,3877804,1191,MEG_1127|Drugs|Rifampin|Rifampin_ADP-ribosyltransferase_Arr|ARR,MEG_1127|Drugs|Rifampin|Rifampin_ADP-ribosyltransferase_Arr|ARR,453,3864505,3864957,+
Escherichia_coli_JM109,E.coli.JM109.final.genome,3969076,3969414,339,MEG_7074|Drugs|Tetracyclines|Tetracycline_resistance_MFS_efflux_pumps|TETE,MEG_7074|Drugs|Tetracyclines|Tetracycline_resistance_MFS_efflux_pumps|TETE,1196,3956229,3957424,+
Escherichia_coli_JM109,E.coli.JM109.final.genome,3969633,3970457,825,MEG_2878|Biocides|Phenolic_compound_resistance|Phenolic_resistance_protein|FABV,MEG_2878|Biocides|Phenolic_compound_resistance|Phenolic_resistance_protein|FABV,900,3957643,3958542,+
Escherichia_coli_JM109,E.coli.JM109.final.genome,3970578,3970850,273,MEG_5655|Drugs|betalactams|Class_C_betalactamases|PDC,MEG_5655|Drugs|betalactams|Class_C_betalactamases|PDC,1194,3958663,3959856,+
Escherichia_coli_JM109,E.coli.JM109.final.genome,3992573,3994695,2123,MEG_1467|Biocides|Multi-biocide_resistance|Multi-biocide_resistance_regulator|BLTR,MEG_1467|Biocides|Multi-biocide_resistance|Multi-biocide_resistance_regulator|BLTR,822,3981579,3982400,+
Escherichia_coli_JM109,E.coli.JM109.final.genome,3996108,4003555,7448,MEG_1487|Metals|Cadmium_resistance|Cadmium_resistance_regulator|CADR,MEG_1487|Metals|Cadmium_resistance|Cadmium_resistance_regulator|CADR,444,3983813,3984256,+
Escherichia_coli_JM109,E.coli.JM109.final.genome,4015959,4017811,1853,MEG_4198|Metals|Nickel_resistance|Nickel_resistance_protein|NIRD,MEG_4198|Metals|Nickel_resistance|Nickel_resistance_protein|NIRD,495,3996660,3997154,+
Escherichia_coli_JM109,E.coli.JM109.final.genome,4057957,4059123,1167,MEG_1743|Multi-compound|Drug_and_biocide_and_metal_resistance|Drug_and_biocide_and_metal_RND_efflux_pumps|CMED,MEG_1743|Multi-compound|Drug_and_biocide_and_metal_resistance|Drug_and_biocide_and_metal_RND_efflux_pumps|CMED,1275,4037300,4038574,+
Escherichia_coli_JM109,E.coli.JM109.final.genome,4097913,4099318,1406,MEG_3878|Metals|Mercury_resistance|Mercury_resistance_protein|MERP,MEG_3878|Metals|Mercury_resistance|Mercury_resistance_protein|MERP,351,4077364,4077714,+
Escherichia_coli_JM109,E.coli.JM109.final.genome,4115545,4116195,651,MEG_7787|Biocides|Multi-biocide_resistance|Multi-biocide_RND_efflux_pump|VMED,MEG_7787|Biocides|Multi-biocide_resistance|Multi-biocide_RND_efflux_pump|VMED,3123,4093941,4097063,+
Escherichia_coli_JM109,E.coli.JM109.final.genome,4122329,4122502,174,MEG_2920|Drugs|Phenicol|Phenicol_resistance_MFS_efflux_pumps|FLOR,MEG_2920|Drugs|Phenicol|Phenicol_resistance_MFS_efflux_pumps|FLOR,1215,4103197,4104411,+
Escherichia_coli_JM109,E.coli.JM109.final.genome,4132357,4132584,228,MEG_1758|Drugs|Phenicol|Phenicol_resistance_MFS_efflux_pumps|CMLA,MEG_1758|Drugs|Phenicol|Phenicol_resistance_MFS_efflux_pumps|CMLA,1257,4114266,4115522,+
Escherichia_coli_JM109,E.coli.JM109.final.genome,4197528,4198274,747,MEG_10001|Drugs|betalactams|Class_D_betalactamases|OXA,MEG_10001|Drugs|betalactams|Class_D_betalactamases|OXA,840,4180466,4181305,+
Escherichia_coli_JM109,E.coli.JM109.final.genome,4212595,4214132,1538,MEG_7845|Metals|Zinc_resistance|Zinc_resistance_protein|ZEVA,MEG_7845|Metals|Zinc_resistance|Zinc_resistance_protein|ZEVA,621,4195626,4196246,+
Escherichia_coli_JM109,E.coli.JM109.final.genome,4214211,4215143,933,MEG_1566|Drugs|Phenicol|Chloramphenicol_acetyltransferases|CATA,MEG_1566|Drugs|Phenicol|Chloramphenicol_acetyltransferases|CATA,642,4196325,4196966,+
Escherichia_coli_JM109,E.coli.JM109.final.genome,4250540,4251106,567,MEG_2731|Drugs|Multi-drug_resistance|Multi-drug_SMR_efflux_regulator|EMRE,MEG_2731|Drugs|Multi-drug_resistance|Multi-drug_SMR_efflux_regulator|EMRE,333,4232363,4232695,+
Escherichia_coli_JM109,E.coli.JM109.final.genome,4411964,4413337,1374,MEG_3863|Metals|Mercury_resistance|Mercury_resistance_regulator|MERD,MEG_3863|Metals|Mercury_resistance|Mercury_resistance_regulator|MERD,366,4393553,4393918,+
Escherichia_coli_JM109,E.coli.JM109.final.genome,4420835,4421416,582,MEG_1775|Drugs|Phenicol|Phenicol_resistance_MFS_efflux_pumps|CMLB,MEG_1775|Drugs|Phenicol|Phenicol_resistance_MFS_efflux_pumps|CMLB,1266,4401416,4402681,+
Escherichia_coli_JM109,E.coli.JM109.final.genome,4483326,4484007,682,MEG_1461|Drugs|Glycopeptides|Bleomycin_resistance_protein|BLM,MEG_1461|Drugs|Glycopeptides|Bleomycin_resistance_protein|BLM,906,4464591,4465496,+
Escherichia_coli_JM109,E.coli.JM109.final.genome,4485143,4485478,336,MEG_2136|Metals|Copper_resistance|Copper_resistance_regulator|CSOR,MEG_2136|Metals|Copper_resistance|Copper_resistance_regulator|CSOR,306,4466632,4466937,+
Escherichia_coli_b2207,E.coli.b2207.final.plasmid,13158,16607,3450,MEG_1586|Drugs|Phenicol|Chloramphenicol_acetyltransferases|CATA,MEG_1586|Drugs|Phenicol|Chloramphenicol_acetyltransferases|CATA,648,13158,13805,+
Escherichia_coli_b2207,E.coli.b2207.final.genome,60261,61370,1110,MEG_2455|Metals|Copper_resistance|Copper_resistance_protein|CUTC,MEG_2455|Metals|Copper_resistance|Copper_resistance_protein|CUTC,747,60261,61007,+
Escherichia_coli_b2207,E.coli.b2207.final.genome,74333,75490,1158,MEG_2048|Metals|Copper_resistance|Copper_resistance_protein|COPC,MEG_2048|Metals|Copper_resistance|Copper_resistance_protein|COPC,381,73970,74350,+
Escherichia_coli_b2207,E.coli.b2207.final.genome,149857,151602,1746,MEG_8808|Drugs|Lipopeptides|Colistin_phosphoethanolamine_transferase|MCR,MEG_8808|Drugs|Lipopeptides|Colistin_phosphoethanolamine_transferase|MCR,1617,148717,150333,+
Escherichia_coli_b2207,E.coli.b2207.final.genome,171642,174791,3150,MEG_6957|Metals|Tellurium_resistance|Tellurium_resistance_protein|TERC,MEG_6957|Metals|Tellurium_resistance|Tellurium_resistance_protein|TERC,1041,170373,171413,+
Escherichia_coli_b2207,E.coli.b2207.final.genome,174814,176007,1194,MEG_2672|Metals|Multi-metal_resistance|Multi-metal_resistance_protein|DSBA,MEG_2672|Metals|Multi-metal_resistance|Multi-metal_resistance_protein|DSBA,627,171436,172062,+
Escherichia_coli_b2207,E.coli.b2207.final.genome,199251,201755,2505,MEG_3750|Multi-compound|Drug_and_biocide_and_metal_resistance|Drug_and_biocide_and_metal_RND_efflux_pumps|MDTC,MEG_3750|Multi-compound|Drug_and_biocide_and_metal_resistance|Drug_and_biocide_and_metal_RND_efflux_pumps|MDTC,3081,195306,198386,+
Escherichia_coli_b2207,E.coli.b2207.final.genome,204369,204776,408,MEG_2921|Drugs|Phenicol|Phenicol_resistance_MFS_efflux_pumps|FLOR,MEG_2921|Drugs|Phenicol|Phenicol_resistance_MFS_efflux_pumps|FLOR,1215,201000,202214,+
Escherichia_coli_b2207,E.coli.b2207.final.genome,206295,207738,1444,MEG_2700|Drugs|Cationic_antimicrobial_peptides|Edeine_acetyltransferase|EDEQ,MEG_2700|Drugs|Cationic_antimicrobial_peptides|Edeine_acetyltransferase|EDEQ,438,203733,204170,+
Escherichia_coli_b2207,E.coli.b2207.final.genome,268365,269381,1017,MEG_7468|Drugs|Glycopeptides|VanB-type_regulator|VANRB,MEG_7468|Drugs|Glycopeptides|VanB-type_regulator|VANRB,1344,264797,266140,+
Escherichia_coli_b2207,E.coli.b2207.final.genome,310050,312165,2116,MEG_8092|Drugs|Fosfomycin|Fosfomycin_thiol_transferases|FOSM,MEG_8092|Drugs|Fosfomycin|Fosfomycin_thiol_transferases|FOSM,420,306809,307228,+
Escherichia_coli_b2207,E.coli.b2207.final.genome,312322,313695,1374,MEG_4123|Metals|Nickel_resistance|Nickel_MFS_efflux_regulator|NCRBN,MEG_4123|Metals|Nickel_resistance|Nickel_MFS_efflux_regulator|NCRBN,270,307385,307654,+
Escherichia_coli_b2207,E.coli.b2207.final.genome,313853,314185,333,MEG_2082|Metals|Copper_resistance|Copper_resistance_regulator|COPZ,MEG_2082|Metals|Copper_resistance|Copper_resistance_regulator|COPZ,210,307812,308021,+
Escherichia_coli_b2207,E.coli.b2207.final.genome,314201,315424,1224,MEG_7594|Drugs|Glycopeptides|VanA-type_accessory_protein|VANYA,MEG_7594|Drugs|Glycopeptides|VanA-type_accessory_protein|VANYA,891,308037,308927,+
Escherichia_coli_b2207,E.coli.b2207.final.genome,315436,318579,3144,MEG_3669|Drugs|Lipopeptides|Colistin_phosphoethanolamine_transferase|MCR,MEG_3669|Drugs|Lipopeptides|Colistin_phosphoethanolamine_transferase|MCR,1626,308939,310564,+
Escherichia_coli_b2207,E.coli.b2207.final.genome,383022,384923,1902,MEG_1153|Metals|Multi-metal_resistance|Multi-metal_resistance_protein|ARSBM,MEG_1153|Metals|Multi-metal_resistance|Multi-metal_resistance_protein|ARSBM,1290,375007,376296,+
Escherichia_coli_b2207,E.coli.b2207.final.genome,398489,400099,1611,MEG_2550|Drugs|Trimethoprim|Dihydrofolate_reductase|DFRA,MEG_2550|Drugs|Trimethoprim|Dihydrofolate_reductase|DFRA,474,389862,390335,+
Escherichia_coli_b2207,E.coli.b2207.final.genome,404850,406388,1539,MEG_4171|Metals|Nickel_resistance|Nickel_ABC_efflux_pumps|NIKD,MEG_4171|Metals|Nickel_resistance|Nickel_ABC_efflux_pumps|NIKD,765,395086,395850,+
Escherichia_coli_b2207,E.coli.b2207.final.genome,406413,407235,823,MEG_6653|Metals|Copper_resistance|Copper_resistance_protein|TCRY,MEG_6653|Metals|Copper_resistance|Copper_resistance_protein|TCRY,456,395875,396330,+
Escherichia_coli_b2207,E.coli.b2207.final.genome,432228,432371,144,MEG_7391|Drugs|Glycopeptides|VanE-type_resistance_protein|VANE,MEG_7391|Drugs|Glycopeptides|VanE-type_resistance_protein|VANE,604,421323,421926,+
Escherichia_coli_b2207,E.coli.b2207.final.genome,436333,437010,678,MEG_4342|Multi-compound|Drug_and_biocide_resistance|Drug_and_biocide_RND_efflux_pumps|OQXB,MEG_4342|Multi-compound|Drug_and_biocide_resistance|Drug_and_biocide_RND_efflux_pumps|OQXB,3153,425888,429040,+
Escherichia_coli_b2207,E.coli.b2207.final.genome,498945,499886,942,MEG_1462|Drugs|Glycopeptides|Bleomycin_resistance_protein|BLM,MEG_1462|Drugs|Glycopeptides|Bleomycin_resistance_protein|BLM,369,490975,491343,+
Escherichia_coli_b2207,E.coli.b2207.final.genome,508919,509707,789,MEG_6545|Biocides|Peroxide_resistance|peroxide_resistance_protein|SODB,MEG_6545|Biocides|Peroxide_resistance|peroxide_resistance_protein|SODB,582,500376,500957,+
Escherichia_coli_b2207,E.coli.b2207.final.genome,510152,511615,1464,MEG_6166|Drugs|Nucleosides|Streptothricin_acetyltransferase|SAT,MEG_6166|Drugs|Nucleosides|Streptothricin_acetyltransferase|SAT,543,501402,501944,+
Escherichia_coli_b2207,E.coli.b2207.final.genome,511617,512675,1059,MEG_2850|Drugs|MLS|23S_rRNA_methyltransferases|ERMU,MEG_2850|Drugs|MLS|23S_rRNA_methyltransferases|ERMU,837,501946,502782,+
Escherichia_coli_b2207,E.coli.b2207.final.genome,568246,568713,468,MEG_11327|Metals|Arsenic_resistance|Arsenic_resistance_protein|ARSD,MEG_11327|Metals|Arsenic_resistance|Arsenic_resistance_protein|ARSD,372,558353,558724,+
Escherichia_coli_b2207,E.coli.b2207.final.genome,598736,599968,1233,MEG_5950|Drugs|Fluoroquinolones|Quinolone_resistance_protein_Qnr|QNRB,MEG_5950|Drugs|Fluoroquinolones|Quinolone_resistance_protein_Qnr|QNRB,645,588747,589391,+
Escherichia_coli_b2207,E.coli.b2207.final.genome,606247,606969,723,MEG_7687|Drugs|Multi-drug_resistance|Multi-drug_ABC_efflux_pumps|VGA,MEG_7687|Drugs|Multi-drug_resistance|Multi-drug_ABC_efflux_pumps|VGA,1569,595670,597238,+
Escherichia_coli_b2207,E.coli.b2207.final.genome,706174,706618,445,MEG_3868|Metals|Mercury_resistance|Mercury_resistance_protein|MERE,MEG_3868|Metals|Mercury_resistance|Mercury_resistance_protein|MERE,237,696443,696679,+
Escherichia_coli_b2207,E.coli.b2207.final.genome,782629,784377,1749,MEG_3070|Drugs|Fusidic_acid|Ribosomal_zinc-binding_protein|FUSD,MEG_3070|Drugs|Fusidic_acid|Ribosomal_zinc-binding_protein|FUSD,642,772690,773331,+
Escherichia_coli_b2207,E.coli.b2207.final.genome,835027,836104,1078,MEG_8036|Drugs|Lipopeptides|Colistin_phosphoethanolamine_transferase|CPRS,MEG_8036|Drugs|Lipopeptides|Colistin_phosphoethanolamine_transferase|CPRS,1296,823981,825276,+
Escherichia_coli_b2207,E.coli.b2207.final.genome,970364,971590,1227,MEG_5956|Drugs|Fluoroquinolones|Quinolone_resistance_protein_Qnr|QNRB,MEG_5956|Drugs|Fluoroquinolones|Quinolone_resistance_protein_Qnr|QNRB,681,959536,960216,+
Escherichia_coli_b2207,E.coli.b2207.final.genome,980219,981427,1209,MEG_1682|Drugs|Multi-drug_resistance|MDR_23S_ribosomal_RNA_methyltransferase|CFRA,MEG_1682|Drugs|Multi-drug_resistance|MDR_23S_ribosomal_RNA_methyltransferase|CFRA,1050,968845,969894,+
Escherichia_coli_b2207,E.coli.b2207.final.genome,1024302,1024934,633,MEG_7868|Metals|Zinc_resistance|Zinc_resistance_regulator|ZUR,MEG_7868|Metals|Zinc_resistance|Zinc_resistance_regulator|ZUR,516,1012769,1013284,+
Escherichia_coli_b2207,E.coli.b2207.final.genome,1025175,1025432,258,MEG_3017|Drugs|Fosfomycin|Fosfomycin_thiol_transferases|FOSC,MEG_3017|Drugs|Fosfomycin|Fosfomycin_thiol_transferases|FOSC,549,1013525,1014073,+
Escherichia_coli_b2207,E.coli.b2207.final.genome,1068455,1068721,267,MEG_1136|Drugs|Rifampin|Rifampin_ADP-ribosyltransferase_Arr|ARR,MEG_1136|Drugs|Rifampin|Rifampin_ADP-ribosyltransferase_Arr|ARR,453,1057096,1057548,+
Escherichia_coli_b2207,E.coli.b2207.final.genome,1094751,1095287,537,MEG_7271|Biocides|Phenolic_compound_resistance|Phenolic_RND_efflux_pump|TRIA,MEG_7271|Biocides|Phenolic_compound_resistance|Phenolic_RND_efflux_pump|TRIA,1152,1083578,1084729,+
Escherichia_coli_b2207,E.coli.b2207.final.genome,1095427,1096968,1542,MEG_4174|Metals|Nickel_resistance|Nickel_ABC_efflux_pumps|NIKE,MEG_4174|Metals|Nickel_resistance|Nickel_ABC_efflux_pumps|NIKE,807,1084869,1085675,+
Escherichia_coli_b2207,E.coli.b2207.final.genome,1121043,1121321,279,MEG_7444|Drugs|Glycopeptides|VanL-type_resistance_protein|VANL,MEG_7444|Drugs|Glycopeptides|VanL-type_resistance_protein|VANL,1050,1109750,1110799,+
Escherichia_coli_b2207,E.coli.b2207.final.genome,1133002,1134102,1101,MEG_6540|Biocides|Peroxide_resistance|peroxide_resistance_protein|SODA,MEG_6540|Biocides|Peroxide_resistance|peroxide_resistance_protein|SODA,621,1122480,1123100,+
Escherichia_coli_b2207,E.coli.b2207.final.genome,1154762,1155175,414,MEG_2553|Drugs|Trimethoprim|Dihydrofolate_reductase|DFRA,MEG_2553|Drugs|Trimethoprim|Dihydrofolate_reductase|DFRA,510,1143760,1144269,+
Escherichia_coli_b2207,E.coli.b2207.final.genome,1267383,1268171,789,MEG_7203|Drugs|Tetracyclines|Tetracycline_resistance_ribosomal_protection_proteins|TETT,MEG_7203|Drugs|Tetracyclines|Tetracycline_resistance_ribosomal_protection_proteins|TETT,1956,1256477,1258432,+
Escherichia_coli_b2207,E.coli.b2207.final.genome,1392215,1393797,1583,MEG_2993|Drugs|Fosfomycin|Fosfomycin_thiol_transferases|FOSA,MEG_2993|Drugs|Fosfomycin|Fosfomycin_thiol_transferases|FOSA,420,1382476,1382895,+
Escherichia_coli_b2207,E.coli.b2207.final.genome,1464864,1466399,1536,MEG_4204|Biocides|Paraquat_resistance|Paraquat_resistance_protein|NMPC,MEG_4204|Biocides|Paraquat_resistance|Paraquat_resistance_protein|NMPC,849,1453962,1454810,+
Escherichia_coli_b2207,E.coli.b2207.final.genome,1466555,1467951,1397,MEG_1115|Drugs|Multi-drug_resistance|MDR_regulator|ARLR,MEG_1115|Drugs|Multi-drug_resistance|MDR_regulator|ARLR,660,1454966,1455625,+
Escherichia_coli_b2207,E.coli.b2207.final.genome,1478829,1479590,762,MEG_11495|Drugs|Metronidazole|nim_nitroimidazole_reductase|NIMI,MEG_11495|Drugs|Metronidazole|nim_nitroimidazole_reductase|NIMI,498,1466503,1467000,+
Escherichia_coli_b2207,E.coli.b2207.final.genome,1480110,1482389,2280,MEG_2478|Metals|Multi-metal_resistance|Multi-metal_RND_efflux_pumps|CZNC,MEG_2478|Metals|Multi-metal_resistance|Multi-metal_RND_efflux_pumps|CZNC,1275,1467520,1468794,+
Escherichia_coli_b2207,E.coli.b2207.final.genome,1516356,1516790,435,MEG_2891|Metals|Multi-metal_resistance|Multi-metal_ABC_efflux_pumps|FBPC,MEG_2891|Metals|Multi-metal_resistance|Multi-metal_ABC_efflux_pumps|FBPC,1071,1502761,1503831,+
Escherichia_coli_b2207,E.coli.b2207.final.genome,1516804,1517193,390,MEG_4337|Multi-compound|Drug_and_biocide_resistance|Drug_and_biocide_RND_efflux_pumps|OQXB,MEG_4337|Multi-compound|Drug_and_biocide_resistance|Drug_and_biocide_RND_efflux_pumps|OQXB,3153,1503845,1506997,+
Escherichia_coli_b2207,E.coli.b2207.final.genome,1521340,1521732,393,MEG_11350|Drugs|MLS|Macrolide_esterases|ESTX,MEG_11350|Drugs|MLS|Macrolide_esterases|ESTX,843,1511144,1511986,+
Escherichia_coli_b2207,E.coli.b2207.final.genome,1552245,1552580,336,MEG_1716|Metals|Chromium_resistance|Chromium_resistance_regulator|CHRI,MEG_1716|Metals|Chromium_resistance|Chromium_resistance_regulator|CHRI,495,1542499,1542993,+
Escherichia_coli_b2207,E.coli.b2207.final.genome,1553716,1554397,682,MEG_2876|Biocides|Phenolic_compound_resistance|Phenolic_resistance_protein|FABK,MEG_2876|Biocides|Phenolic_compound_resistance|Phenolic_resistance_protein|FABK,975,1544129,1545103,+
Escherichia_coli_b2207,E.coli.b2207.final.genome,1616271,1616852,582,MEG_2701|Biocides|Acid_resistance|Acid_resistance_protein|EEFA,MEG_2701|Biocides|Acid_resistance|Acid_resistance_protein|EEFA,1125,1606977,1608101,+
Escherichia_coli_b2207,E.coli.b2207.final.genome,1624423,1625796,1374,MEG_1776|Drugs|Phenicol|Phenicol_resistance_MFS_efflux_pumps|CMLR,MEG_1776|Drugs|Phenicol|Phenicol_resistance_MFS_efflux_pumps|CMLR,1179,1615672,1616850,+
Escherichia_coli_b2207,E.coli.b2207.final.genome,1787745,1788311,567,MEG_11505|Drugs|Metronidazole|nim_nitroimidazole_reductase|NIMF,MEG_11505|Drugs|Metronidazole|nim_nitroimidazole_reductase|NIMF,492,1778799,1779290,+
Escherichia_coli_b2207,E.coli.b2207.final.genome,1823708,1824640,933,MEG_7490|Drugs|Glycopeptides|VanB-type_regulator|VANSB,MEG_7490|Drugs|Glycopeptides|VanB-type_regulator|VANSB,1344,1814687,1816030,+
Escherichia_coli_b2207,E.coli.b2207.final.genome,1824719,1826256,1538,MEG_6561|Biocides|Multi-biocide_resistance|Multi-biocide_RND_efflux_pump|SRPC,MEG_6561|Biocides|Multi-biocide_resistance|Multi-biocide_RND_efflux_pump|SRPC,1413,1816109,1817521,+
Escherichia_coli_b2207,E.coli.b2207.final.genome,1840577,1841323,747,MEG_5813|Metals|Arsenic_resistance|Arsenic_resistance_protein|PSTA,MEG_5813|Metals|Arsenic_resistance|Arsenic_resistance_protein|PSTA,891,1831842,1832732,+
Escherichia_coli_b2207,E.coli.b2207.final.genome,1904213,1904440,228,MEG_2983|Drugs|Fosfomycin|Fosfomycin_thiol_transferases|FOSA,MEG_2983|Drugs|Fosfomycin|Fosfomycin_thiol_transferases|FOSA,417,1895622,1896038,+
Escherichia_coli_b2207,E.coli.b2207.final.genome,1920526,1921176,651,MEG_1713|Metals|Chromium_resistance|Chromium_resistance_protein|CHRC,MEG_1713|Metals|Chromium_resistance|Chromium_resistance_protein|CHRC,594,1912124,1912717,+
Escherichia_coli_b2207,E.coli.b2207.final.genome,1927225,1930816,3592,MEG_3289|Biocides|Peroxide_resistance|Peroxide_resistance_stress_protein|IBPB,MEG_3289|Biocides|Peroxide_resistance|Peroxide_resistance_stress_protein|IBPB,435,1918766,1919200,+
Escherichia_coli_b2207,E.coli.b2207.final.genome,1963045,1964450,1406,MEG_5800|Multi-compound|Drug_and_metal_resistance|Drug_and_metal_MFS_efflux_pumps|PMRCM,MEG_5800|Multi-compound|Drug_and_metal_resistance|Drug_and_metal_MFS_efflux_pumps|PMRCM,1647,1951429,1953075,+
Escherichia_coli_b2207,E.coli.b2207.final.genome,2021603,2022769,1167,MEG_1129|Drugs|Rifampin|Rifampin_ADP-ribosyltransferase_Arr|ARR,MEG_1129|Drugs|Rifampin|Rifampin_ADP-ribosyltransferase_Arr|ARR,453,2010228,2010680,+
Escherichia_coli_b2207,E.coli.b2207.final.genome,2062383,2064236,1854,MEG_9965|Drugs|Metronidazole|nim_nitroimidazole_reductase|NIMH,MEG_9965|Drugs|Metronidazole|nim_nitroimidazole_reductase|NIMH,453,2050294,2050746,+
Escherichia_coli_b2207,E.coli.b2207.final.genome,2075907,2083354,7448,MEG_7525|Drugs|Glycopeptides|VanC-type_resistance_protein|VANTC,MEG_7525|Drugs|Glycopeptides|VanC-type_resistance_protein|VANTC,2139,2062417,2064555,+
Escherichia_coli_b2207,E.coli.b2207.final.genome,2084767,2086889,2123,MEG_7262|Drugs|Nucleosides|Tunicamycin_resistance_protein|TMRB,MEG_7262|Drugs|Nucleosides|Tunicamycin_resistance_protein|TMRB,594,2065968,2066561,+
Escherichia_coli_b2207,E.coli.b2207.final.genome,2106292,2106564,273,MEG_6633|Drugs|Sulfonamides|Sulfonamide-resistant_dihydropteroate_synthases|SULII,MEG_6633|Drugs|Sulfonamides|Sulfonamide-resistant_dihydropteroate_synthases|SULII,852,2085964,2086815,+
Escherichia_coli_b2207,E.coli.b2207.final.genome,2106685,2107509,825,MEG_1224|Multi-compound|Drug_and_biocide_resistance|Drug_and_biocide_RND_efflux_pumps|BEPD,MEG_1224|Multi-compound|Drug_and_biocide_resistance|Drug_and_biocide_RND_efflux_pumps|BEPD,1194,2086936,2088129,+
Escherichia_coli_b2207,E.coli.b2207.final.genome,2107728,2108066,339,MEG_6153|Multi-compound|Biocide_and_metal_resistance|Biocide_and_metal_resistance_protein|RUVB,MEG_6153|Multi-compound|Biocide_and_metal_resistance|Biocide_and_metal_resistance_protein|RUVB,1193,2088348,2089540,+
Escherichia_coli_b2207,E.coli.b2207.final.genome,2200269,2201459,1191,MEG_1160|Metals|Arsenic_resistance|Arsenic_resistance_protein|ARSC,MEG_1160|Metals|Arsenic_resistance|Arsenic_resistance_protein|ARSC,396,2181743,2182138,+
Escherichia_coli_b2207,E.coli.b2207.final.genome,2227359,2229002,1644,MEG_1162|Metals|Multi-metal_resistance|Multi-metal_resistance_protein|ARSCM,MEG_1162|Metals|Multi-metal_resistance|Multi-metal_resistance_protein|ARSCM,426,2208038,2208463,+
Escherichia_coli_b2207,E.coli.b2207.final.genome,2232094,2232317,224,MEG_3063|Metals|Iron_resistance|Iron_resistance_regulator|FURA,MEG_3063|Metals|Iron_resistance|Iron_resistance_regulator|FURA,444,2211555,2211998,+
Escherichia_coli_b2207,E.coli.b2207.final.genome,2232614,2232857,244,MEG_3924|Multi-compound|Drug_and_biocide_resistance|Drug_and_biocide_RND_efflux_regulator|MEXR,MEG_3924|Multi-compound|Drug_and_biocide_resistance|Drug_and_biocide_RND_efflux_regulator|MEXR,444,2212295,2212738,+
Escherichia_coli_b2207,E.coli.b2207.final.genome,2287459,2288427,969,MEG_11299|Drugs|Bacitracin|Bacitracin_ABC_transporter|BCRA,MEG_11299|Drugs|Bacitracin|Bacitracin_ABC_transporter|BCRA,924,2267340,2268263,+
Escherichia_coli_b2207,E.coli.b2207.final.genome,2390785,2393486,2702,MEG_154|Drugs|Aminoglycosides|Aminoglycoside_N-acetyltransferases|AAC6-PRIME,MEG_154|Drugs|Aminoglycosides|Aminoglycoside_N-acetyltransferases|AAC6-PRIME,441,2370621,2371061,+
Escherichia_coli_b2207,E.coli.b2207.final.genome,2393902,2394516,615,MEG_2460|Metals|Copper_resistance|Copper_resistance_protein|CUTR,MEG_2460|Metals|Copper_resistance|Copper_resistance_protein|CUTR,357,2371477,2371833,+
Escherichia_coli_b2207,E.coli.b2207.final.genome,2394521,2398114,3594,MEG_6583|Drugs|Sulfonamides|Sulfonamide-resistant_dihydropteroate_synthases|SULI,MEG_6583|Drugs|Sulfonamides|Sulfonamide-resistant_dihydropteroate_synthases|SULI,840,2371838,2372677,+
Escherichia_coli_b2207,E.coli.b2207.final.genome,2421615,2422853,1239,MEG_4194|Drugs|Metronidazole|nim_nitroimidazole_reductase|NIMJ,MEG_4194|Drugs|Metronidazole|nim_nitroimidazole_reductase|NIMJ,498,2396178,2396675,+
Escherichia_coli_b2207,E.coli.b2207.final.genome,2456900,2458204,1305,MEG_178|Drugs|Aminoglycosides|Aminoglycoside_N-acetyltransferases|AAC6-PRIME,MEG_178|Drugs|Aminoglycosides|Aminoglycoside_N-acetyltransferases|AAC6-PRIME,441,2430722,2431162,+
Escherichia_coli_b2207,E.coli.b2207.final.genome,2489603,2492716,3114,MEG_3864|Metals|Mercury_resistance|Mercury_resistance_regulator|MERD,MEG_3864|Metals|Mercury_resistance|Mercury_resistance_regulator|MERD,366,2462561,2462926,+
Escherichia_coli_b2207,E.coli.b2207.final.genome,2513402,2513878,477,MEG_6419|Drugs|betalactams|Class_A_betalactamases|SHV,MEG_6419|Drugs|betalactams|Class_A_betalactamases|SHV,891,2483612,2484502,+
Escherichia_coli_b2207,E.coli.b2207.final.genome,2652715,2653398,684,MEG_1744|Multi-compound|Drug_and_biocide_and_metal_resistance|Drug_and_biocide_and_metal_RND_efflux_pumps|CMEE,MEG_1744|Multi-compound|Drug_and_biocide_and_metal_resistance|Drug_and_biocide_and_metal_RND_efflux_pumps|CMEE,741,2623339,2624079,+
Escherichia_coli_b2207,E.coli.b2207.final.genome,2692084,2692614,531,MEG_949|Drugs|Aminoglycosides|Aminoglycoside_O-nucleotidyltransferases|ANT3-DPRIME,MEG_949|Drugs|Aminoglycosides|Aminoglycoside_O-nucleotidyltransferases|ANT3-DPRIME,972,2662765,2663736,+
Escherichia_coli_b2207,E.coli.b2207.final.genome,2692741,2693913,1173,MEG_404|Multi-compound|Drug_and_biocide_and_metal_resistance|Drug_and_biocide_and_metal_RND_efflux_pumps|ACRD,MEG_404|Multi-compound|Drug_and_biocide_and_metal_resistance|Drug_and_biocide_and_metal_RND_efflux_pumps|ACRD,3114,2663863,2666976,+
Escherichia_coli_b2207,E.coli.b2207.final.genome,2693930,2695468,1539,MEG_2994|Drugs|Fosfomycin|Fosfomycin_thiol_transferases|FOSA,MEG_2994|Drugs|Fosfomycin|Fosfomycin_thiol_transferases|FOSA,426,2666993,2667418,+
Escherichia_coli_b2207,E.coli.b2207.final.genome,2747870,2748893,1024,MEG_2422|Drugs|betalactams|Class_A_betalactamases|CTX,MEG_2422|Drugs|betalactams|Class_A_betalactamases|CTX,876,2719820,2720695,+
Escherichia_coli_b2207,E.coli.b2207.final.genome,2927458,2928168,711,MEG_3883|Metals|Mercury_resistance|Mercury_resistance_regulator|MERR,MEG_3883|Metals|Mercury_resistance|Mercury_resistance_regulator|MERR,435,2899260,2899694,+
Escherichia_coli_b2207,E.coli.b2207.final.genome,3105187,3106679,1493,MEG_6626|Drugs|Sulfonamides|Sulfonamide-resistant_dihydropteroate_synthases|SULII,MEG_6626|Drugs|Sulfonamides|Sulfonamide-resistant_dihydropteroate_synthases|SULII,816,3076713,3077528,+
Escherichia_coli_b2207,E.coli.b2207.final.genome,3139592,3139984,393,MEG_4003|Metals|Multi-metal_resistance|Multi-metal_ABC_efflux_pumps|MODA,MEG_4003|Metals|Multi-metal_resistance|Multi-metal_ABC_efflux_pumps|MODA,810,3110441,3111250,+
Escherichia_coli_b2207,E.coli.b2207.final.genome,3148417,3149904,1488,MEG_3846|Metals|Mercury_resistance|Mercury_resistance_protein|MERB,MEG_3846|Metals|Mercury_resistance|Mercury_resistance_protein|MERB,639,3119683,3120321,+
Escherichia_coli_b2207,E.coli.b2207.final.genome,3152834,3153631,798,MEG_5422|Metals|Copper_resistance|Copper_resistance_protein|PCOD,MEG_5422|Metals|Copper_resistance|Copper_resistance_protein|PCOD,930,3123251,3124180,+
Escherichia_coli_b2207,E.coli.b2207.final.genome,3173525,3174346,822,MEG_1483|Metals|Multi-metal_resistance|Multi-metal_resistance_protein|CADA,MEG_1483|Metals|Multi-metal_resistance|Multi-metal_resistance_protein|CADA,2061,3144074,3146134,+
Escherichia_coli_b2207,E.coli.b2207.final.genome,3185942,3186707,766,MEG_2906|Drugs|Phenicol|Phenicol_resistance_MFS_efflux_pumps|FEXB,MEG_2906|Drugs|Phenicol|Phenicol_resistance_MFS_efflux_pumps|FEXB,1410,3157730,3159139,+
Escherichia_coli_b2207,E.coli.b2207.final.genome,3356799,3357113,315,MEG_4206|Multi-compound|Drug_and_biocide_resistance|Drug_and_biocide_MFS_efflux_pumps|NORA,MEG_4206|Multi-compound|Drug_and_biocide_resistance|Drug_and_biocide_MFS_efflux_pumps|NORA,482,3329231,3329712,+
Escherichia_coli_b2207,E.coli.b2207.final.genome,3385547,3386209,663,MEG_7848|Metals|Zinc_resistance|Zinc_resistance_regulator|ZIAR,MEG_7848|Metals|Zinc_resistance|Zinc_resistance_regulator|ZIAR,399,3358146,3358544,+
Escherichia_coli_b2207,E.coli.b2207.final.genome,3386608,3387765,1158,MEG_2509|Drugs|Trimethoprim|Dihydrofolate_reductase|DFRA,MEG_2509|Drugs|Trimethoprim|Dihydrofolate_reductase|DFRA,474,3358943,3359416,+
Escherichia_coli_b2207,E.coli.b2207.final.genome,3387777,3390881,3105,MEG_10806|Drugs|betalactams|Class_A_betalactamases|LEN,MEG_10806|Drugs|betalactams|Class_A_betalactamases|LEN,861,3359428,3360288,+
Escherichia_coli_b2207,E.coli.b2207.final.genome,3411425,3411850,426,MEG_7438|Drugs|Glycopeptides|VanD-type_resistance_protein|VANHD,MEG_7438|Drugs|Glycopeptides|VanD-type_resistance_protein|VANHD,2695,3380832,3383526,+
Escherichia_coli_b2207,E.coli.b2207.final.genome,3458838,3459470,633,MEG_1742|Multi-compound|Drug_and_biocide_and_metal_resistance|Drug_and_biocide_and_metal_RND_efflux_pumps|CMEC,MEG_1742|Multi-compound|Drug_and_biocide_and_metal_resistance|Drug_and_biocide_and_metal_RND_efflux_pumps|CMEC,1479,3430514,3431992,+
Escherichia_coli_b2207,E.coli.b2207.final.genome,3578394,3580592,2199,MEG_7274|Biocides|Phenolic_compound_resistance|Phenolic_RND_efflux_pump|TRIBP,MEG_7274|Biocides|Phenolic_compound_resistance|Phenolic_RND_efflux_pump|TRIBP,294,3550916,3551209,+
Escherichia_coli_b2207,E.coli.b2207.final.genome,3585610,3590525,4916,MEG_6603|Drugs|Sulfonamides|Sulfonamide-resistant_dihydropteroate_synthases|SULI,MEG_6603|Drugs|Sulfonamides|Sulfonamide-resistant_dihydropteroate_synthases|SULI,840,3556227,3557066,+
Escherichia_coli_b2207,E.coli.b2207.final.genome,3590531,3590962,432,MEG_3142|Multi-compound|Biocide_and_metal_resistance|Biocide_and_metal_resistance_protein|GLPF,MEG_3142|Multi-compound|Biocide_and_metal_resistance|Biocide_and_metal_resistance_protein|GLPF,846,3557072,3557917,+
Escherichia_coli_b2207,E.coli.b2207.final.genome,3608494,3608928,435,MEG_6052|Metals|Chromium_resistance|Chromium_resistance_protein|RECG,MEG_6052|Metals|Chromium_resistance|Chromium_resistance_protein|RECG,472,3575449,3575920,+
Escherichia_coli_b2207,E.coli.b2207.final.genome,3609146,3611223,2078,MEG_4294|Drugs|Multi-drug_resistance|Multi-drug_RND_efflux_pumps|OPMH,MEG_4294|Drugs|Multi-drug_resistance|Multi-drug_RND_efflux_pumps|OPMH,1449,3576138,3577586,+
Escherichia_coli_b2207,E.coli.b2207.final.genome,3611278,3612207,930,MEG_1194|Multi-compound|Drug_and_biocide_and_metal_resistance|Drug_and_biocide_and_metal_RND_efflux_regulator|BAES,MEG_1194|Multi-compound|Drug_and_biocide_and_metal_resistance|Drug_and_biocide_and_metal_RND_efflux_regulator|BAES,1404,3577641,3579044,+
Escherichia_coli_b2207,E.coli.b2207.final.genome,3612212,3612592,381,MEG_3006|Drugs|Fosfomycin|Fosfomycin_thiol_transferases|FOSB,MEG_3006|Drugs|Fosfomycin|Fosfomycin_thiol_transferases|FOSB,420,3579049,3579468,+
Escherichia_coli_b2207,E.coli.b2207.final.genome,3612632,3613522,891,MEG_3434|Drugs|Rifampin|Monooxygenase|IRI,MEG_3434|Drugs|Rifampin|Monooxygenase|IRI,1440,3579508,3580947,+
Escherichia_coli_b2207,E.coli.b2207.final.genome,3613528,3615345,1818,MEG_6140|Biocides|Multi-biocide_resistance|Multi-biocide_resistance_regulator|RPOS,MEG_6140|Biocides|Multi-biocide_resistance|Multi-biocide_resistance_regulator|RPOS,1089,3580953,3582041,+
Escherichia_coli_b2207,E.coli.b2207.final.genome,3617327,3619803,2477,MEG_2845|Drugs|MLS|23S_rRNA_methyltransferases|ERMS,MEG_2845|Drugs|MLS|23S_rRNA_methyltransferases|ERMS,960,3584023,3584982,+
Escherichia_coli_b2207,E.coli.b2207.final.genome,3620432,3623574,3143,MEG_6581|Drugs|Sulfonamides|Sulfonamide-resistant_dihydropteroate_synthases|SULI,MEG_6581|Drugs|Sulfonamides|Sulfonamide-resistant_dihydropteroate_synthases|SULI,840,3585611,3586450,+
Escherichia_coli_b2207,E.coli.b2207.final.genome,3623585,3624877,1293,MEG_7858|Metals|Zinc_resistance|Zinc_resistance_protein|ZNUB,MEG_7858|Metals|Zinc_resistance|Zinc_resistance_protein|ZNUB,786,3586461,3587246,+
Escherichia_coli_b2207,E.coli.b2207.final.genome,3624991,3625344,354,MEG_4182|Drugs|Metronidazole|nim_nitroimidazole_reductase|NIMD,MEG_4182|Drugs|Metronidazole|nim_nitroimidazole_reductase|NIMD,495,3587360,3587854,+
Escherichia_coli_b2207,E.coli.b2207.final.genome,3625372,3626757,1386,MEG_2657|Multi-compound|Biocide_and_metal_resistance|Biocide_and_metal_resistance_protein|DPR,MEG_2657|Multi-compound|Biocide_and_metal_resistance|Biocide_and_metal_resistance_protein|DPR,519,3587882,3588400,+
Escherichia_coli_b2207,E.coli.b2207.final.genome,3626947,3629094,2148,MEG_6086|Drugs|Rifampin|Rifampin_phosphotransferase|RPH,MEG_6086|Drugs|Rifampin|Rifampin_phosphotransferase|RPH,2607,3588590,3591196,+
Escherichia_coli_b2207,E.coli.b2207.final.genome,3629346,3629777,432,MEG_906|Drugs|Aminoglycosides|Aminoglycoside_O-nucleotidyltransferases|ANT3-DPRIME,MEG_906|Drugs|Aminoglycosides|Aminoglycoside_O-nucleotidyltransferases|ANT3-DPRIME,789,3591448,3592236,+
Escherichia_coli_b2207,E.coli.b2207.final.genome,3646133,3647632,1500,MEG_11335|Metals|Multi-metal_resistance|Multi-metal_resistance_regulator|CADC,MEG_11335|Metals|Multi-metal_resistance|Multi-metal_resistance_regulator|CADC,360,3608592,3608951,+
Escherichia_coli_b2207,E.coli.b2207.final.genome,3657019,3657372,354,MEG_5929|Drugs|Fluoroquinolones|Quinolone_resistance_protein_Qnr|QNRB,MEG_5929|Drugs|Fluoroquinolones|Quinolone_resistance_protein_Qnr|QNRB,681,3618338,3619018,+
Escherichia_coli_b2207,E.coli.b2207.final.genome,3657426,3658715,1290,MEG_3843|Metals|Mercury_resistance|Mercury_resistance_protein|MERA,MEG_3843|Metals|Mercury_resistance|Mercury_resistance_protein|MERA,1707,3619072,3620778,+
Escherichia_coli_b2207,E.coli.b2207.final.genome,3658728,3659153,426,MEG_8064|Drugs|Trimethoprim|Dihydrofolate_reductase|DFRA,MEG_8064|Drugs|Trimethoprim|Dihydrofolate_reductase|DFRA,498,3620791,3621288,+
Escherichia_coli_b2207,E.coli.b2207.final.genome,3663257,3663595,339,MEG_7159|Drugs|Tetracyclines|Tetracycline_resistance_ribosomal_protection_proteins|TETO,MEG_7159|Drugs|Tetracyclines|Tetracycline_resistance_ribosomal_protection_proteins|TETO,1920,3625392,3627311,+
Escherichia_coli_b2207,E.coli.b2207.final.genome,3663699,3664031,333,MEG_7059|Drugs|Tetracyclines|Tetracycline_resistance_MFS_efflux_pumps|TETC,MEG_7059|Drugs|Tetracyclines|Tetracycline_resistance_MFS_efflux_pumps|TETC,1191,3627415,3628605,+
Escherichia_coli_b2207,E.coli.b2207.final.genome,3665657,3666184,528,MEG_2739|Drugs|Cationic_antimicrobial_peptides|Lipid_A_modification|EPTA,MEG_2739|Drugs|Cationic_antimicrobial_peptides|Lipid_A_modification|EPTA,1644,3630231,3631874,+
Escherichia_coli_b2207,E.coli.b2207.final.genome,3666523,3667680,1158,MEG_10895|Drugs|betalactams|Class_A_betalactamases|LEN,MEG_10895|Drugs|betalactams|Class_A_betalactamases|LEN,861,3632213,3633073,+
Escherichia_coli_b2207,E.coli.b2207.final.genome,3667705,3670818,3114,MEG_2898|Multi-compound|Biocide_and_metal_resistance|Biocide_and_metal_ABC_efflux_pumps|FETA,MEG_2898|Multi-compound|Biocide_and_metal_resistance|Biocide_and_metal_ABC_efflux_pumps|FETA,678,3633098,3633775,+
Escherichia_coli_b2207,E.coli.b2207.final.genome,3671181,3671909,729,MEG_6541|Biocides|Peroxide_resistance|peroxide_resistance_protein|SODA,MEG_6541|Biocides|Peroxide_resistance|peroxide_resistance_protein|SODA,612,3634138,3634749,+
Escherichia_coli_b2207,E.coli.b2207.final.genome,3672277,3673101,825,MEG_6053|Metals|Multi-metal_resistance|Multi-metal_resistance_protein|RECGM,MEG_6053|Metals|Multi-metal_resistance|Multi-metal_resistance_protein|RECGM,2076,3635117,3637192,+
Escherichia_coli_b2207,E.coli.b2207.final.genome,3673471,3674871,1401,MEG_3265|Drugs|Multi-drug_resistance|Multi-drug_RND_efflux_pumps|HLYD,MEG_3265|Drugs|Multi-drug_resistance|Multi-drug_RND_efflux_pumps|HLYD,1176,3637562,3638737,+
Escherichia_coli_b2207,E.coli.b2207.final.genome,3856917,3858107,1191,MEG_3608|Drugs|MLS|Lincosamide_nucleotidyltransferases|LNUA,MEG_3608|Drugs|MLS|Lincosamide_nucleotidyltransferases|LNUA,486,3820783,3821268,+
Escherichia_coli_b2207,E.coli.b2207.final.genome,3869470,3869904,435,MEG_501|Multi-compound|Biocide_and_metal_resistance|Biocide_and_metal_resistance_protein|ACTP,MEG_501|Multi-compound|Biocide_and_metal_resistance|Biocide_and_metal_resistance_protein|ACTP,2484,3832631,3835114,+
Escherichia_coli_b2207,E.coli.b2207.final.genome,3870010,3870423,414,MEG_3167|Metals|Gold_resistance|Gold_resistance_regulator|GOLS,MEG_3167|Metals|Gold_resistance|Gold_resistance_regulator|GOLS,465,3835220,3835684,+
Escherichia_coli_b2207,E.coli.b2207.final.genome,3897653,3898219,567,MEG_7491|Drugs|Glycopeptides|VanB-type_regulator|VANSB,MEG_7491|Drugs|Glycopeptides|VanB-type_regulator|VANSB,1326,3862914,3864239,+
Escherichia_coli_b2207,E.coli.b2207.final.genome,3910594,3911367,774,MEG_1169|Metals|Arsenic_resistance|Arsenic_resistance_protein|ARSM,MEG_1169|Metals|Arsenic_resistance|Arsenic_resistance_protein|ARSM,852,3876614,3877465,+
Escherichia_coli_b2207,E.coli.b2207.final.genome,3911550,3913399,1850,MEG_11228|Metals|Mercury_resistance|Mercury_resistance_protein|MERB,MEG_11228|Metals|Mercury_resistance|Mercury_resistance_protein|MERB,657,3877648,3878304,+
Escherichia_coli_b2207,E.coli.b2207.final.genome,3913486,3914526,1041,MEG_5775|Metals|Multi-metal_resistance|Multi-metal_resistance_protein|PFR,MEG_5775|Metals|Multi-metal_resistance|Multi-metal_resistance_protein|PFR,504,3878391,3878894,+
Escherichia_coli_b2207,E.coli.b2207.final.genome,4004408,4005358,951,MEG_7678|Drugs|Multi-drug_resistance|Multi-drug_ABC_efflux_pumps|VGA,MEG_7678|Drugs|Multi-drug_resistance|Multi-drug_ABC_efflux_pumps|VGA,1569,3968776,3970344,+
Escherichia_coli_b2207,E.coli.b2207.final.genome,4046285,4046911,627,MEG_2875|Biocides|Phenolic_compound_resistance|Phenolic_resistance_protein|FABI,MEG_2875|Biocides|Phenolic_compound_resistance|Phenolic_resistance_protein|FABI,789,4011271,4012059,+
Escherichia_coli_b2207,E.coli.b2207.final.genome,4103638,4104258,621,MEG_11358|Drugs|Organoarsenicals|Arsinothricin_resistance_N-acetyltransferases|ARSN1,MEG_11358|Drugs|Organoarsenicals|Arsinothricin_resistance_N-acetyltransferases|ARSN1,543,4068786,4069328,+
Escherichia_coli_b2207,E.coli.b2207.final.genome,4106429,4108497,2069,MEG_8451|Drugs|Multi-drug_resistance|MDR_regulator|PARR,MEG_8451|Drugs|Multi-drug_resistance|MDR_regulator|PARR,708,4071499,4072206,+
Escherichia_coli_b2207,E.coli.b2207.final.genome,4109296,4110198,903,MEG_11438|Biocides|Peroxide_resistance|Peroxide_resistance_stress_protein|SODC,MEG_11438|Biocides|Peroxide_resistance|Peroxide_resistance_stress_protein|SODC,534,4073005,4073538,+
Escherichia_coli_b2207,E.coli.b2207.final.genome,4120072,4120917,846,MEG_2021|Metals|Copper_resistance|Copper_resistance_protein|COPA,MEG_2021|Metals|Copper_resistance|Copper_resistance_protein|COPA,1926,4083412,4085337,+
Escherichia_coli_b2207,E.coli.b2207.final.genome,4204645,4207364,2720,MEG_920|Drugs|Aminoglycosides|Aminoglycoside_O-nucleotidyltransferases|ANT3-DPRIME,MEG_920|Drugs|Aminoglycosides|Aminoglycoside_O-nucleotidyltransferases|ANT3-DPRIME,789,4169065,4169853,+
Escherichia_coli_b2207,E.coli.b2207.final.genome,4215931,4216314,384,MEG_3874|Metals|Mercury_resistance|Mercury_resistance_protein|MERP,MEG_3874|Metals|Mercury_resistance|Mercury_resistance_protein|MERP,276,4178420,4178695,+
Escherichia_coli_b2207,E.coli.b2207.final.genome,4225599,4226423,825,MEG_2926|Drugs|Phenicol|Phenicol_resistance_MFS_efflux_pumps|FLOR,MEG_2926|Drugs|Phenicol|Phenicol_resistance_MFS_efflux_pumps|FLOR,1215,4187980,4189194,+
Escherichia_coli_b2207,E.coli.b2207.final.genome,4262283,4262798,516,MEG_4214|Drugs|Aminocoumarins|Aminocoumarin_efflux_pump|NOVA,MEG_4214|Drugs|Aminocoumarins|Aminocoumarin_efflux_pump|NOVA,1848,4225054,4226901,+
Escherichia_coli_b2207,E.coli.b2207.final.genome,4279854,4280177,324,MEG_6167|Drugs|Nucleosides|Streptothricin_acetyltransferase|SAT,MEG_6167|Drugs|Nucleosides|Streptothricin_acetyltransferase|SAT,525,4243957,4244481,+
Escherichia_coli_b2207,E.coli.b2207.final.genome,4280263,4280727,465,MEG_11363|Metals|Arsenic_resistance|Arsenic_resistance_N-acetyltransferases|ARSN2,MEG_11363|Metals|Arsenic_resistance|Arsenic_resistance_N-acetyltransferases|ARSN2,444,4244567,4245010,+
Escherichia_coli_b2207,E.coli.b2207.final.genome,4286046,4287695,1650,MEG_7669|Multi-compound|Drug_and_biocide_resistance|Drug_and_biocide_RND_efflux_pumps|VEXB,MEG_7669|Multi-compound|Drug_and_biocide_resistance|Drug_and_biocide_RND_efflux_pumps|VEXB,3111,4250329,4253439,+
Escherichia_coli_b2207,E.coli.b2207.final.genome,4301794,4306261,4468,MEG_10070|Drugs|MLS|ABC-F_ATPase_ribosomal_protection_protein|CPLR,MEG_10070|Drugs|MLS|ABC-F_ATPase_ribosomal_protection_protein|CPLR,1653,4267538,4269190,+
Escherichia_coli_b2207,E.coli.b2207.final.genome,4336101,4337744,1644,MEG_9969|Drugs|Trimethoprim|Dihydrofolate_reductase|DFRB,MEG_9969|Drugs|Trimethoprim|Dihydrofolate_reductase|DFRB,237,4299030,4299266,+
Escherichia_coli_b2207,E.coli.b2207.final.genome,4432627,4432965,339,MEG_2088|Metals|Multi-metal_resistance|Multi-metal_resistance_protein|CORB,MEG_2088|Metals|Multi-metal_resistance|Multi-metal_resistance_protein|CORB,684,4394149,4394832,+
Escherichia_coli_b2207,E.coli.b2207.final.genome,4444483,4444800,318,MEG_3066|Drugs|Fusidic_acid|Ribosomal_zinc-binding_protein|FUSB,MEG_3066|Drugs|Fusidic_acid|Ribosomal_zinc-binding_protein|FUSB,642,4406350,4406991,+
Escherichia_coli_b2207,E.coli.b2207.final.genome,4445419,4446552,1134,MEG_6654|Metals|Copper_resistance|Copper_resistance_protein|TCRZ,MEG_6654|Metals|Copper_resistance|Copper_resistance_protein|TCRZ,207,4407610,4407816,+
Escherichia_coli_b2207,E.coli.b2207.final.genome,4538501,4541197,2697,MEG_3279|Biocides|Multi-biocide_resistance|Multi-biocide_resistance_protein|HSMR,MEG_3279|Biocides|Multi-biocide_resistance|Multi-biocide_resistance_protein|HSMR,339,4499765,4500103,+
Escherichia_coli_b2207,E.coli.b2207.final.genome,4614937,4616661,1725,MEG_2463|Metals|Multi-metal_resistance|Multi-metal_RND_efflux_pumps|CZCB,MEG_2463|Metals|Multi-metal_resistance|Multi-metal_RND_efflux_pumps|CZCB,1563,4573843,4575405,+
Escherichia_coli_b2207,E.coli.b2207.final.genome,4686816,4688048,1233,MEG_3255|Biocides|Acid_resistance|Acid_resistance_protein|HDEB,MEG_3255|Biocides|Acid_resistance|Acid_resistance_protein|HDEB,339,4645560,4645898,+
Escherichia_coli_b2207,E.coli.b2207.final.genome,4735279,4736148,870,MEG_6525|Multi-compound|Drug_and_biocide_resistance|Drug_and_biocide_RND_efflux_pumps|SME,MEG_6525|Multi-compound|Drug_and_biocide_resistance|Drug_and_biocide_RND_efflux_pumps|SME,1404,4693129,4694532,+
Escherichia_coli_b2207,E.coli.b2207.final.genome,4758629,4759795,1167,MEG_5541|Drugs|betalactams|Class_C_betalactamases|PDC,MEG_5541|Drugs|betalactams|Class_C_betalactamases|PDC,1194,4717013,4718206,+
Escherichia_coli_b2207,E.coli.b2207.final.genome,4798128,4798505,378,MEG_3743|Multi-compound|Drug_and_biocide_and_metal_resistance|Drug_and_biocide_and_metal_MFS_efflux_pumps|MDRL,MEG_3743|Multi-compound|Drug_and_biocide_and_metal_resistance|Drug_and_biocide_and_metal_MFS_efflux_pumps|MDRL,1194,4756539,4757732,+
Escherichia_coli_b2207,E.coli.b2207.final.genome,4801654,4804008,2355,MEG_1769|Drugs|Phenicol|Phenicol_resistance_MFS_efflux_pumps|CMLA,MEG_1769|Drugs|Phenicol|Phenicol_resistance_MFS_efflux_pumps|CMLA,1273,4760881,4762153,+
Escherichia_coli_b2207,E.coli.b2207.final.genome,4831254,4832198,945,MEG_6615|Drugs|Sulfonamides|Sulfonamide-resistant_dihydropteroate_synthases|SULI,MEG_6615|Drugs|Sulfonamides|Sulfonamide-resistant_dihydropteroate_synthases|SULI,968,4789399,4790366,+
Escherichia_coli_b2207,E.coli.b2207.final.genome,4883970,4885520,1551,MEG_8243|Drugs|MLS|MLS_resistance_MFS_efflux_pumps|MEFD,MEG_8243|Drugs|MLS|MLS_resistance_MFS_efflux_pumps|MEFD,1200,4842138,4843337,+
Escherichia_coli_b2207,E.coli.b2207.final.genome,4962156,4962866,711,MEG_3916|Multi-compound|Drug_and_biocide_resistance|Drug_and_biocide_RND_efflux_pumps|MEXJ,MEG_3916|Multi-compound|Drug_and_biocide_resistance|Drug_and_biocide_RND_efflux_pumps|MEXJ,1104,4919973,4921076,+
Faecalibacterium_prausnitzii,Faecalibacterium_prausnitzii,1123416,1125335,1920,MEG_6375|Drugs|betalactams|Class_A_betalactamases|SHV,MEG_6375|Drugs|betalactams|Class_A_betalactamases|SHV,861,1123416,1124276,+
Prevotella_corporis,Prevotella_corporis.final.genome2,62174,64099,1926,MEG_1158|Metals|Arsenic_resistance|Arsenic_resistance_protein|ARSC,MEG_1158|Metals|Arsenic_resistance|Arsenic_resistance_protein|ARSC,396,62174,62569,+
Salmonella_enterica,Salmonella_enterica,58288,59645,1358,MEG_1587|Drugs|Phenicol|Chloramphenicol_acetyltransferases|CATA,MEG_1587|Drugs|Phenicol|Chloramphenicol_acetyltransferases|CATA,660,58288,58947,+
Salmonella_enterica,Salmonella_enterica,66045,66257,213,MEG_2819|Drugs|MLS|23S_rRNA_methyltransferases|ERMC,MEG_2819|Drugs|MLS|23S_rRNA_methyltransferases|ERMC,735,65347,66081,+
Salmonella_enterica,Salmonella_enterica,106840,107331,492,MEG_11442|Multi-compound|Drug_and_biocide_and_metal_resistance|Drug_and_biocide_and_metal_RND_efflux_pumps|CMEA,MEG_11442|Multi-compound|Drug_and_biocide_and_metal_resistance|Drug_and_biocide_and_metal_RND_efflux_pumps|CMEA,1104,106664,107767,+
Salmonella_enterica,Salmonella_enterica,118668,118884,217,MEG_352|Drugs|Aminoglycosides|Aminoglycoside_N-acetyltransferases|AAC6-PRIME,MEG_352|Drugs|Aminoglycosides|Aminoglycoside_N-acetyltransferases|AAC6-PRIME,1476,119104,120579,+
Salmonella_enterica,Salmonella_enterica,153670,154022,353,MEG_737|Drugs|Aminoglycosides|Aminoglycoside_O-nucleotidyltransferases|ANT2-DPRIME,MEG_737|Drugs|Aminoglycosides|Aminoglycoside_O-nucleotidyltransferases|ANT2-DPRIME,534,155365,155898,+
Salmonella_enterica,Salmonella_enterica,198300,199181,882,MEG_8231|Drugs|Lipopeptides|Colistin-resistant_mutant|LPSB,MEG_8231|Drugs|Lipopeptides|Colistin-resistant_mutant|LPSB,1101,200176,201276,+
Salmonella_enterica,Salmonella_enterica,199704,200792,1089,MEG_7275|Biocides|Phenolic_compound_resistance|Phenolic_RND_efflux_pump|TRIC,MEG_7275|Biocides|Phenolic_compound_resistance|Phenolic_RND_efflux_pump|TRIC,3048,201799,204846,+
Salmonella_enterica,Salmonella_enterica,201341,202828,1488,MEG_4217|Metals|Multi-metal_resistance|Multi-metal_resistance_protein|NREB,MEG_4217|Metals|Multi-metal_resistance|Multi-metal_resistance_protein|NREB,1251,205395,206645,+
Salmonella_enterica,Salmonella_enterica,251886,252323,438,MEG_6956|Metals|Tellurium_resistance|Tellurium_resistance_protein|TERB,MEG_6956|Metals|Tellurium_resistance|Tellurium_resistance_protein|TERB,369,255703,256071,+
Salmonella_enterica,Salmonella_enterica,331784,332572,789,MEG_11338|Multi-compound|Drug_and_biocide_and_metal_resistance|Drug_and_biocide_and_metal_RND_efflux_pumps|CMEB,MEG_11338|Multi-compound|Drug_and_biocide_and_metal_resistance|Drug_and_biocide_and_metal_RND_efflux_pumps|CMEB,3120,335532,338651,+
Salmonella_enterica,Salmonella_enterica,386924,387337,414,MEG_2574|Drugs|Trimethoprim|Dihydrofolate_reductase|DFRD,MEG_2574|Drugs|Trimethoprim|Dihydrofolate_reductase|DFRD,501,393003,393503,+
Salmonella_enterica,Salmonella_enterica,408636,409721,1086,MEG_2127|Metals|Copper_resistance|Copper_resistance_regulator|CRDR,MEG_2127|Metals|Copper_resistance|Copper_resistance_regulator|CRDR,642,414802,415443,+
Salmonella_enterica,Salmonella_enterica,448388,449927,1540,MEG_371|Drugs|Multi-drug_resistance|Multi-drug_ABC_efflux_pumps|ABCA,MEG_371|Drugs|Multi-drug_resistance|Multi-drug_ABC_efflux_pumps|ABCA,4359,454110,458468,+
Salmonella_enterica,Salmonella_enterica,534599,535543,945,MEG_6629|Drugs|Sulfonamides|Sulfonamide-resistant_dihydropteroate_synthases|SULII,MEG_6629|Drugs|Sulfonamides|Sulfonamide-resistant_dihydropteroate_synthases|SULII,816,543140,543955,+
Salmonella_enterica,Salmonella_enterica,587762,588484,723,MEG_6164|Drugs|Nucleosides|Streptothricin_acetyltransferase|SAT,MEG_6164|Drugs|Nucleosides|Streptothricin_acetyltransferase|SAT,522,596174,596695,+
Salmonella_enterica,Salmonella_enterica,641756,643180,1425,MEG_8689|Drugs|Multi-drug_resistance|Multi-drug_ABC_efflux_pumps|SALC,MEG_8689|Drugs|Multi-drug_resistance|Multi-drug_ABC_efflux_pumps|SALC,1626,649967,651592,+
Salmonella_enterica,Salmonella_enterica,752398,759842,7445,MEG_1173|Metals|Arsenic_resistance|Arsenic_resistance_regulator|ARSR,MEG_1173|Metals|Arsenic_resistance|Arsenic_resistance_regulator|ARSR,354,760810,761163,+
Salmonella_enterica,Salmonella_enterica,761250,763372,2123,MEG_2747|Drugs|MLS|Macrolide_esterases|EREA,MEG_2747|Drugs|MLS|Macrolide_esterases|EREA,1227,762571,763797,+
Salmonella_enterica,Salmonella_enterica,903810,904112,303,MEG_3061|Multi-compound|Biocide_and_metal_resistance|Biocide_and_metal_resistance_protein|FRNE,MEG_3061|Multi-compound|Biocide_and_metal_resistance|Biocide_and_metal_resistance_protein|FRNE,759,904235,904993,+
Salmonella_enterica,Salmonella_enterica,941432,942037,606,MEG_6141|Biocides|Multi-biocide_resistance|Multi-biocide_resistance_regulator|RPOS,MEG_6141|Biocides|Multi-biocide_resistance|Multi-biocide_resistance_regulator|RPOS,1029,942313,943341,+
Salmonella_enterica,Salmonella_enterica,943499,944419,921,MEG_5869|Drugs|Fluoroquinolones|Quinolone_resistance_protein_Qnr|QNRA,MEG_5869|Drugs|Fluoroquinolones|Quinolone_resistance_protein_Qnr|QNRA,657,944803,945459,+
Salmonella_enterica,Salmonella_enterica,1063526,1064762,1237,MEG_7451|Drugs|Glycopeptides|VanA-type_regulator|VANRA,MEG_7451|Drugs|Glycopeptides|VanA-type_regulator|VANRA,696,1064566,1065261,+
Salmonella_enterica,Salmonella_enterica,1131737,1134850,3114,MEG_7841|Multi-compound|Biocide_and_metal_resistance|Biocide_and_metal_resistance_protein|YODB,MEG_7841|Multi-compound|Biocide_and_metal_resistance|Biocide_and_metal_resistance_protein|YODB,228,1132236,1132463,+
Salmonella_enterica,Salmonella_enterica,1359929,1360607,679,MEG_6595|Drugs|Sulfonamides|Sulfonamide-resistant_dihydropteroate_synthases|SULI,MEG_6595|Drugs|Sulfonamides|Sulfonamide-resistant_dihydropteroate_synthases|SULI,840,1357542,1358381,+
Salmonella_enterica,Salmonella_enterica,1437072,1437602,531,MEG_3633|Drugs|betalactams|Class_B_betalactamases|LRA,MEG_3633|Drugs|betalactams|Class_B_betalactamases|LRA,1161,1434846,1436006,+
Salmonella_enterica,Salmonella_enterica,1437729,1438901,1173,MEG_4053|Drugs|Cationic_antimicrobial_peptides|Defensin-resistant_mprF|MPRF,MEG_4053|Drugs|Cationic_antimicrobial_peptides|Defensin-resistant_mprF|MPRF,2544,1436133,1438676,+
Salmonella_enterica,Salmonella_enterica,1438918,1440456,1539,MEG_5802|Multi-compound|Drug_and_metal_resistance|Drug_and_metal_MFS_efflux_pumps|PMRG,MEG_5802|Multi-compound|Drug_and_metal_resistance|Drug_and_metal_MFS_efflux_pumps|PMRG,606,1438693,1439298,+
Salmonella_enterica,Salmonella_enterica,1482054,1485485,3432,MEG_3139|Drugs|MLS|Macrolide_glycosyltransferases|GIMA,MEG_3139|Drugs|MLS|Macrolide_glycosyltransferases|GIMA,1254,1480896,1482149,+
Salmonella_enterica,Salmonella_enterica,1568135,1569161,1027,MEG_3693|Drugs|Lipopeptides|Colistin_phosphoethanolamine_transferase|MCR,MEG_3693|Drugs|Lipopeptides|Colistin_phosphoethanolamine_transferase|MCR,1698,1564799,1566496,+
Salmonella_enterica,Salmonella_enterica,1813984,1814801,818,MEG_7812|Metals|Iron_resistance|Iron_resistance_protein|YBTQ,MEG_7812|Metals|Iron_resistance|Iron_resistance_protein|YBTQ,1803,1811319,1813121,+
Salmonella_enterica,Salmonella_enterica,1822852,1823313,462,MEG_6157|Drugs|Nucleosides|Streptothricin_acetyltransferase|SAT,MEG_6157|Drugs|Nucleosides|Streptothricin_acetyltransferase|SAT,525,1821172,1821696,+
Salmonella_enterica,Salmonella_enterica,1964870,1965182,313,MEG_6955|Metals|Tellurium_resistance|Tellurium_resistance_protein|TERB,MEG_6955|Metals|Tellurium_resistance|Tellurium_resistance_protein|TERB,456,1963253,1963708,+
Salmonella_enterica,Salmonella_enterica,1998332,2001405,3074,MEG_2765|Drugs|MLS|23S_rRNA_methyltransferases|ERM,MEG_2765|Drugs|MLS|23S_rRNA_methyltransferases|ERM,732,1996858,1997589,+
Salmonella_enterica,Salmonella_enterica,2051403,2052035,633,MEG_7837|Biocides|Multi-biocide_resistance|Multi-biocide_resistance_protein|YJCG,MEG_7837|Biocides|Multi-biocide_resistance|Multi-biocide_resistance_protein|YJCG,1650,2047587,2049236,+
Salmonella_enterica,Salmonella_enterica,2177986,2180036,2051,MEG_3028|Drugs|Fosfomycin|Fosfomycin_thiol_transferases|FOSX,MEG_3028|Drugs|Fosfomycin|Fosfomycin_thiol_transferases|FOSX,402,2175187,2175588,+
Salmonella_enterica,Salmonella_enterica,2193913,2195394,1482,MEG_1471|Multi-compound|Drug_and_biocide_resistance|Drug_and_biocide_MFS_efflux_regulator|BMR,MEG_1471|Multi-compound|Drug_and_biocide_resistance|Drug_and_biocide_MFS_efflux_regulator|BMR,1170,2189465,2190634,+
Salmonella_enterica,Salmonella_enterica,2260440,2262114,1675,MEG_3010|Drugs|Fosfomycin|Fosfomycin_thiol_transferases|FOSB,MEG_3010|Drugs|Fosfomycin|Fosfomycin_thiol_transferases|FOSB,417,2255680,2256096,+
Salmonella_enterica,Salmonella_enterica,2276653,2277192,540,MEG_2900|Multi-compound|Biocide_and_metal_resistance|Biocide_and_metal_ABC_efflux_pumps|FETB,MEG_2900|Multi-compound|Biocide_and_metal_resistance|Biocide_and_metal_ABC_efflux_pumps|FETB,780,2270635,2271414,+
Salmonella_enterica,Salmonella_enterica,2426862,2428047,1186,MEG_2501|Drugs|Trimethoprim|Dihydrofolate_reductase|DFRA,MEG_2501|Drugs|Trimethoprim|Dihydrofolate_reductase|DFRA,474,2421084,2421557,+
Salmonella_enterica,Salmonella_enterica,2465371,2467785,2415,MEG_11353|Drugs|MLS|Macrolide_esterases|ESTX,MEG_11353|Drugs|MLS|Macrolide_esterases|ESTX,843,2458881,2459723,+
Salmonella_enterica,Salmonella_enterica,2479294,2479847,554,MEG_963|Drugs|Aminoglycosides|Aminoglycoside_O-nucleotidyltransferases|ANT3-DPRIME,MEG_963|Drugs|Aminoglycosides|Aminoglycoside_O-nucleotidyltransferases|ANT3-DPRIME,792,2471232,2472023,+
Salmonella_enterica,Salmonella_enterica,2483346,2484117,772,MEG_3856|Metals|Mercury_resistance|Mercury_resistance_protein|MERB,MEG_3856|Metals|Mercury_resistance|Mercury_resistance_protein|MERB,657,2475522,2476178,+
Salmonella_enterica,Salmonella_enterica,2484206,2486053,1848,MEG_4527|Drugs|betalactams|Class_D_betalactamases|OXA,MEG_4527|Drugs|betalactams|Class_D_betalactamases|OXA,825,2476267,2477091,+
Salmonella_enterica,Salmonella_enterica,2486189,2487229,1041,MEG_7834|Multi-compound|Biocide_and_metal_resistance|Biocide_and_metal_resistance_protein|YHCN,MEG_7834|Multi-compound|Biocide_and_metal_resistance|Biocide_and_metal_resistance_protein|YHCN,264,2477227,2477490,+
Salmonella_enterica,Salmonella_enterica,2579929,2580879,951,MEG_11286|Drugs|Aminoglycosides|Aminoglycoside_N-acetyltransferases|AAC6-PRIME,MEG_11286|Drugs|Aminoglycosides|Aminoglycoside_N-acetyltransferases|AAC6-PRIME,435,2570190,2570624,+
Salmonella_enterica,Salmonella_enterica,2625629,2626252,624,MEG_3254|Biocides|Acid_resistance|Acid_resistance_protein|HDEB,MEG_3254|Biocides|Acid_resistance|Acid_resistance_protein|HDEB,327,2615374,2615700,+
Salmonella_enterica,Salmonella_enterica,2687108,2687728,621,MEG_4173|Metals|Nickel_resistance|Nickel_ABC_efflux_pumps|NIKE,MEG_4173|Metals|Nickel_resistance|Nickel_ABC_efflux_pumps|NIKE,807,2676556,2677362,+
Salmonella_enterica,Salmonella_enterica,2688952,2691013,2062,MEG_538|Drugs|betalactams|Class_C_betalactamases|ADC,MEG_538|Drugs|betalactams|Class_C_betalactamases|ADC,1152,2678586,2679737,+
Salmonella_enterica,Salmonella_enterica,2691811,2692688,878,MEG_14|Drugs|Aminoglycosides|Aminoglycoside_N-acetyltransferases|AAC2-PRIME,MEG_14|Drugs|Aminoglycosides|Aminoglycoside_N-acetyltransferases|AAC2-PRIME,783,2680535,2681317,+
Salmonella_enterica,Salmonella_enterica,2716436,2717281,846,MEG_10191|Drugs|Multi-drug_resistance|Multi-drug_ABC_efflux_pumps|SALD,MEG_10191|Drugs|Multi-drug_resistance|Multi-drug_ABC_efflux_pumps|SALD,1635,2705065,2706699,+
Salmonella_enterica,Salmonella_enterica,2764988,2765905,918,MEG_11496|Drugs|Metronidazole|nim_nitroimidazole_reductase|NIMI,MEG_11496|Drugs|Metronidazole|nim_nitroimidazole_reductase|NIMI,498,2754406,2754903,+
Salmonella_enterica,Salmonella_enterica,2932480,2934129,1650,MEG_3849|Metals|Mercury_resistance|Mercury_resistance_protein|MERB,MEG_3849|Metals|Mercury_resistance|Mercury_resistance_protein|MERB,660,2921478,2922137,+
Salmonella_enterica,Salmonella_enterica,2990094,2990399,306,MEG_2059|Metals|Copper_resistance|Copper_resistance_protein|COPG,MEG_2059|Metals|Copper_resistance|Copper_resistance_protein|COPG,525,2978102,2978626,+
Salmonella_enterica,Salmonella_enterica,3100536,3103244,2709,MEG_4164|Metals|Sodium_resistance|Sodium_resistance_protein|NHAB,MEG_4164|Metals|Sodium_resistance|Sodium_resistance_protein|NHAB,1542,3088763,3090304,+
Salmonella_enterica,Salmonella_enterica,3179029,3179170,142,MEG_7794|Biocides|Multi-biocide_resistance|Multi-biocide_RND_efflux_pump|VMEK,MEG_7794|Biocides|Multi-biocide_resistance|Multi-biocide_RND_efflux_pump|VMEK,3132,3166089,3169220,+
Salmonella_enterica,Salmonella_enterica,3267332,3268201,870,MEG_3674|Drugs|Lipopeptides|Colistin_phosphoethanolamine_transferase|MCR,MEG_3674|Drugs|Lipopeptides|Colistin_phosphoethanolamine_transferase|MCR,1623,3257382,3259004,+
Salmonella_enterica,Salmonella_enterica,3378591,3378968,378,MEG_3064|Metals|Iron_resistance|Iron_resistance_regulator|FURA,MEG_3064|Metals|Iron_resistance|Iron_resistance_regulator|FURA,453,3369394,3369846,+
Salmonella_enterica,Salmonella_enterica,3382129,3384478,2350,MEG_6543|Biocides|Peroxide_resistance|peroxide_resistance_protein|SODA,MEG_6543|Biocides|Peroxide_resistance|peroxide_resistance_protein|SODA,288,3373007,3373294,+
Salmonella_enterica,Salmonella_enterica,3474730,3476339,1610,MEG_3551|Drugs|betalactams|Class_A_betalactamases|LEN,MEG_3551|Drugs|betalactams|Class_A_betalactamases|LEN,789,3463546,3464334,+
Salmonella_enterica,Salmonella_enterica,3718507,3724371,5865,MEG_6588|Drugs|Sulfonamides|Sulfonamide-resistant_dihydropteroate_synthases|SULI,MEG_6588|Drugs|Sulfonamides|Sulfonamide-resistant_dihydropteroate_synthases|SULI,840,3706502,3707341,+
Salmonella_enterica,Salmonella_enterica,3724648,3726936,2289,MEG_7285|Drugs|Thiopeptides|Thiostrepton_23S_rRNA_methyltransferases|TSNR,MEG_7285|Drugs|Thiopeptides|Thiostrepton_23S_rRNA_methyltransferases|TSNR,813,3707618,3708430,+
Salmonella_enterica,Salmonella_enterica,3726948,3727412,465,MEG_3168|Metals|Multi-metal_resistance|Multi-metal_resistance_protein|GOLT,MEG_3168|Metals|Multi-metal_resistance|Multi-metal_resistance_protein|GOLT,2289,3708442,3710730,+
Salmonella_enterica,Salmonella_enterica,3856625,3857201,577,MEG_3622|Biocides|Acetate_resistance|Acetate_resistance_protein|LPDT,MEG_3622|Biocides|Acetate_resistance|Acetate_resistance_protein|LPDT,2355,3839943,3842297,+
Salmonella_enterica,Salmonella_enterica,3858200,3859393,1194,MEG_3913|Multi-compound|Drug_and_biocide_resistance|Drug_and_biocide_RND_efflux_pumps|MEXG,MEG_3913|Multi-compound|Drug_and_biocide_resistance|Drug_and_biocide_RND_efflux_pumps|MEXG,447,3843296,3843742,+
Salmonella_enterica,Salmonella_enterica,3886000,3886211,212,MEG_9194|Multi-compound|Drug_and_biocide_resistance|Drug_and_biocide_RND_efflux_pumps|ACRA,MEG_9194|Multi-compound|Drug_and_biocide_resistance|Drug_and_biocide_RND_efflux_pumps|ACRA,1194,3870349,3871542,+
Salmonella_enterica,Salmonella_enterica,4022679,4024580,1902,MEG_5873|Drugs|Fluoroquinolones|Quinolone_resistance_protein_Qnr|QNRA,MEG_5873|Drugs|Fluoroquinolones|Quinolone_resistance_protein_Qnr|QNRA,657,4008010,4008666,+
Salmonella_enterica,Salmonella_enterica,4043178,4044857,1680,MEG_3877|Metals|Mercury_resistance|Mercury_resistance_protein|MERP,MEG_3877|Metals|Mercury_resistance|Mercury_resistance_protein|MERP,276,4027264,4027539,+
Salmonella_enterica,Salmonella_enterica,4050816,4052354,1539,MEG_1156|Metals|Arsenic_resistance|Arsenic_resistance_protein|ARSC,MEG_1156|Metals|Arsenic_resistance|Arsenic_resistance_protein|ARSC,396,4033498,4033893,+
Salmonella_enterica,Salmonella_enterica,4052374,4053252,879,MEG_2009|Metals|Multi-metal_resistance|Multi-metal_resistance_protein|CNRB,MEG_2009|Metals|Multi-metal_resistance|Multi-metal_resistance_protein|CNRB,1188,4033913,4035100,+
Salmonella_enterica,Salmonella_enterica,4086456,4087128,673,MEG_5918|Drugs|Fluoroquinolones|Quinolone_resistance_protein_Qnr|QNRB,MEG_5918|Drugs|Fluoroquinolones|Quinolone_resistance_protein_Qnr|QNRB,648,4068304,4068951,+
Salmonella_enterica,Salmonella_enterica,4152505,4153940,1436,MEG_6585|Drugs|Sulfonamides|Sulfonamide-resistant_dihydropteroate_synthases|SULI,MEG_6585|Drugs|Sulfonamides|Sulfonamide-resistant_dihydropteroate_synthases|SULI,864,4134328,4135191,+
Salmonella_enterica,Salmonella_enterica,4208964,4209373,410,MEG_3719|Drugs|Lipopeptides|Colistin_phosphoethanolamine_transferase|MCR,MEG_3719|Drugs|Lipopeptides|Colistin_phosphoethanolamine_transferase|MCR,1626,4190215,4191840,+
Salmonella_enterica,Salmonella_enterica,4391419,4391952,534,MEG_3881|Metals|Mercury_resistance|Mercury_resistance_regulator|MERR,MEG_3881|Metals|Mercury_resistance|Mercury_resistance_regulator|MERR,408,4373886,4374293,+
Salmonella_enterica,Salmonella_enterica,4422327,4423416,1090,MEG_1652|Biocides|Biguanide_resistance|Biguanide_cation_efflux|CEPAB,MEG_1652|Biocides|Biguanide_resistance|Biguanide_cation_efflux|CEPAB,903,4404668,4405570,+
Salmonella_enterica,Salmonella_enterica,4510827,4512035,1209,MEG_1130|Drugs|Rifampin|Rifampin_ADP-ribosyltransferase_Arr|ARR,MEG_1130|Drugs|Rifampin|Rifampin_ADP-ribosyltransferase_Arr|ARR,453,4492981,4493433,+
Veillonella_rogosae,veillonella_rogosae,938131,939120,990,MEG_2702|Biocides|Acid_resistance|Acid_resistance_protein|EEFX,MEG_2702|Biocides|Acid_resistance|Acid_resistance_protein|EEFX,186,938131,938316,+
Veillonella_rogosae,veillonella_rogosae,2152782,2154721,1940,MEG_2517|Drugs|Trimethoprim|Dihydrofolate_reductase|DFRA,MEG_2517|Drugs|Trimethoprim|Dihydrofolate_reductase|DFRA,474,2151978,2152451,+
