genome,fragment,original_removed_start,original_removed_stop,original_removed_length,inserted_gene_id,inserted_gene_header,inserted_gene_length,inserted_start,inserted_stop,strand
Akkermansia_muciniphila,Akkermansia_muciniphila,1706143,1706439,297,MEG_9902|Drugs|betalactams|Class_D_betalactamases|OXA,MEG_9902|Drugs|betalactams|Class_D_betalactamases|OXA,789,1706143,1706931,+
Bacteroides_fragilis,Bacteroides_fragilis,48906,50831,1926,MEG_3839|Metals|Mercury_resistance|Mercury_resistance_protein|MERA,MEG_3839|Metals|Mercury_resistance|Mercury_resistance_protein|MERA,359,48906,49264,+
Bacteroides_fragilis,Bacteroides_fragilis,380286,381188,903,MEG_3841|Metals|Mercury_resistance|Mercury_resistance_protein|MERA,MEG_3841|Metals|Mercury_resistance|Mercury_resistance_protein|MERA,1644,378719,380362,+
Bacteroides_fragilis,Bacteroides_fragilis,402236,403441,1206,MEG_3295|Drugs|Mupirocin|Mupirocin-resistant_isoleucyl-tRNA_synthetase|ILES,MEG_3295|Drugs|Mupirocin|Mupirocin-resistant_isoleucyl-tRNA_synthetase|ILES,3324,401410,404733,+
Bacteroides_fragilis,Bacteroides_fragilis,403466,403978,513,MEG_3025|Drugs|Fosfomycin|Fosfomycin_thiol_transferases|FOSX,MEG_3025|Drugs|Fosfomycin|Fosfomycin_thiol_transferases|FOSX,465,404758,405222,+
Bacteroides_fragilis,Bacteroides_fragilis,1825829,1827158,1330,MEG_3862|Metals|Mercury_resistance|Mercury_resistance_regulator|MERD,MEG_3862|Metals|Mercury_resistance|Mercury_resistance_regulator|MERD,366,1827073,1827438,+
Bifidobacterium_adolescentis,Bifidobacterium_adolescentis,1255962,1256299,338,MEG_5892|Drugs|Fluoroquinolones|Quinolone_resistance_protein_Qnr|QNRB,MEG_5892|Drugs|Fluoroquinolones|Quinolone_resistance_protein_Qnr|QNRB,645,1255962,1256606,+
Bifidobacterium_adolescentis,Bifidobacterium_adolescentis,1470793,1474093,3301,MEG_3265|Drugs|Multi-drug_resistance|Multi-drug_RND_efflux_pumps|HLYD,MEG_3265|Drugs|Multi-drug_resistance|Multi-drug_RND_efflux_pumps|HLYD,1176,1471100,1472275,+
Bifidobacterium_adolescentis,Bifidobacterium_adolescentis,1956215,1957669,1455,MEG_1160|Metals|Arsenic_resistance|Arsenic_resistance_protein|ARSC,MEG_1160|Metals|Arsenic_resistance|Arsenic_resistance_protein|ARSC,396,1954397,1954792,+
Clostridioides_difficile,Clostridium_difficille,367386,368324,939,MEG_11230|Drugs|Fluoroquinolones|Quinolone_resistance_protein_Qnr|QNRA,MEG_11230|Drugs|Fluoroquinolones|Quinolone_resistance_protein_Qnr|QNRA,657,367386,368042,+
Clostridioides_difficile,Clostridium_difficille,888451,888792,342,MEG_4307|Drugs|Multi-drug_resistance|Multi-drug_ABC_efflux_pumps|OPTRA,MEG_4307|Drugs|Multi-drug_resistance|Multi-drug_ABC_efflux_pumps|OPTRA,1968,888169,890136,+
Clostridioides_difficile,Clostridium_difficille,890676,891249,574,MEG_712|Metals|Arsenic_resistance|Arsenite_oxidase|AIOA,MEG_712|Metals|Arsenic_resistance|Arsenite_oxidase|AIOA,2481,892020,894500,+
Clostridioides_difficile,Clostridium_difficille,1184042,1184551,510,MEG_2501|Drugs|Trimethoprim|Dihydrofolate_reductase|DFRA,MEG_2501|Drugs|Trimethoprim|Dihydrofolate_reductase|DFRA,474,1187293,1187766,+
Clostridioides_difficile,Clostridium_difficille,1430567,1431034,468,MEG_2444|Multi-compound|Biocide_and_metal_resistance|Biocide_and_metal_resistance_protein|CUID,MEG_2444|Multi-compound|Biocide_and_metal_resistance|Biocide_and_metal_resistance_protein|CUID,1611,1433782,1435392,+
Clostridioides_difficile,Clostridium_difficille,1482656,1483981,1326,MEG_8090|Drugs|Fosfomycin|Fosfomycin_thiol_transferases|FOSL,MEG_8090|Drugs|Fosfomycin|Fosfomycin_thiol_transferases|FOSL,411,1487014,1487424,+
Clostridioides_difficile,Clostridium_difficille,1677480,1679313,1834,MEG_3670|Drugs|Lipopeptides|Colistin_phosphoethanolamine_transferase|MCR,MEG_3670|Drugs|Lipopeptides|Colistin_phosphoethanolamine_transferase|MCR,1626,1680923,1682548,+
Clostridioides_difficile,Clostridium_difficille,1679574,1680674,1101,MEG_3666|Drugs|Lipopeptides|Colistin_phosphoethanolamine_transferase|MCR,MEG_3666|Drugs|Lipopeptides|Colistin_phosphoethanolamine_transferase|MCR,1617,1682809,1684425,+
Clostridioides_difficile,Clostridium_difficille,1681495,1683633,2139,MEG_7160|Drugs|Tetracyclines|Tetracycline_resistance_ribosomal_protection_proteins|TETO,MEG_7160|Drugs|Tetracyclines|Tetracycline_resistance_ribosomal_protection_proteins|TETO,1920,1685246,1687165,+
Clostridioides_difficile,Clostridium_difficille,1779516,1780253,738,MEG_4220|Metals|Nickel_resistance|Nickel_resistance_regulator|NRSR,MEG_4220|Metals|Nickel_resistance|Nickel_resistance_regulator|NRSR,705,1783048,1783752,+
Clostridioides_difficile,Clostridium_difficille,2731316,2732968,1653,MEG_2845|Drugs|MLS|23S_rRNA_methyltransferases|ERMS,MEG_2845|Drugs|MLS|23S_rRNA_methyltransferases|ERMS,960,2734815,2735774,+
Clostridium_perfringens,Clostridium_perfringens.final.genome,968146,969852,1707,MEG_2666|Multi-compound|Biocide_and_metal_resistance|Biocide_and_metal_resistance_protein|DPSA,MEG_2666|Multi-compound|Biocide_and_metal_resistance|Biocide_and_metal_resistance_protein|DPSA,489,968146,968634,+
Clostridium_perfringens,Clostridium_perfringens.final.genome,3124924,3126633,1710,MEG_2974|Drugs|Fosfomycin|Fosfomycin_phosphorylation|FOMB,MEG_2974|Drugs|Fosfomycin|Fosfomycin_phosphorylation|FOMB,993,3123706,3124698,+
Enterococcus_faecalis,Enterococcus_faecalis,110300,110794,495,MEG_8778|Drugs|Lipopeptides|Colistin_phosphoethanolamine_transferase|MCR,MEG_8778|Drugs|Lipopeptides|Colistin_phosphoethanolamine_transferase|MCR,1644,110300,111943,+
Enterococcus_faecalis,Enterococcus_faecalis,318515,319159,645,MEG_2993|Drugs|Fosfomycin|Fosfomycin_thiol_transferases|FOSA,MEG_2993|Drugs|Fosfomycin|Fosfomycin_thiol_transferases|FOSA,420,319664,320083,+
Enterococcus_faecalis,Enterococcus_faecalis,686369,688471,2103,MEG_2899|Multi-compound|Biocide_and_metal_resistance|Biocide_and_metal_ABC_efflux_pumps|FETB,MEG_2899|Multi-compound|Biocide_and_metal_resistance|Biocide_and_metal_ABC_efflux_pumps|FETB,807,687293,688099,+
Enterococcus_faecalis,Enterococcus_faecalis,688488,688844,357,MEG_3914|Multi-compound|Drug_and_biocide_resistance|Drug_and_biocide_RND_efflux_pumps|MEXH,MEG_3914|Multi-compound|Drug_and_biocide_resistance|Drug_and_biocide_RND_efflux_pumps|MEXH,1113,688116,689228,+
Enterococcus_faecalis,Enterococcus_faecalis,692857,693912,1056,MEG_7209|Drugs|Tetracyclines|Tetracycline_resistance_ribosomal_protection_proteins|TETW,MEG_7209|Drugs|Tetracyclines|Tetracycline_resistance_ribosomal_protection_proteins|TETW,1920,693241,695160,+
Enterococcus_faecalis,Enterococcus_faecalis,693942,695021,1080,MEG_7848|Metals|Zinc_resistance|Zinc_resistance_regulator|ZIAR,MEG_7848|Metals|Zinc_resistance|Zinc_resistance_regulator|ZIAR,399,695190,695588,+
Enterococcus_faecalis,Enterococcus_faecalis,695101,696843,1743,MEG_6601|Drugs|Sulfonamides|Sulfonamide-resistant_dihydropteroate_synthases|SULI,MEG_6601|Drugs|Sulfonamides|Sulfonamide-resistant_dihydropteroate_synthases|SULI,840,695668,696507,+
Enterococcus_faecalis,Enterococcus_faecalis,696879,697244,366,MEG_3677|Drugs|Lipopeptides|Colistin_phosphoethanolamine_transferase|MCR,MEG_3677|Drugs|Lipopeptides|Colistin_phosphoethanolamine_transferase|MCR,1623,696543,698165,+
Enterococcus_faecalis,Enterococcus_faecalis,697377,697748,372,MEG_7275|Biocides|Phenolic_compound_resistance|Phenolic_RND_efflux_pump|TRIC,MEG_7275|Biocides|Phenolic_compound_resistance|Phenolic_RND_efflux_pump|TRIC,3048,698298,701345,+
Enterococcus_faecalis,Enterococcus_faecalis,698134,699873,1740,MEG_2514|Drugs|Trimethoprim|Dihydrofolate_reductase|DFRA,MEG_2514|Drugs|Trimethoprim|Dihydrofolate_reductase|DFRA,474,701731,702204,+
Enterococcus_faecalis,Enterococcus_faecalis,699893,700204,312,MEG_6961|Metals|Tellurium_resistance|Tellurium_resistance_protein|TERZ,MEG_6961|Metals|Tellurium_resistance|Tellurium_resistance_protein|TERZ,585,702224,702808,+
Enterococcus_faecalis,Enterococcus_faecalis,982309,983805,1497,MEG_6562|Metals|Chromium_resistance|Chromium_resistance_protein|SRPCC,MEG_6562|Metals|Chromium_resistance|Chromium_resistance_protein|SRPCC,1182,984913,986094,+
Enterococcus_faecalis,Enterococcus_faecalis,1135205,1135685,481,MEG_2092|Metals|Multi-metal_resistance|Multi-metal_resistance_protein|CORD,MEG_2092|Metals|Multi-metal_resistance|Multi-metal_resistance_protein|CORD,378,1137494,1137871,+
Enterococcus_faecalis,Enterococcus_faecalis,1529260,1531416,2157,MEG_10141|Drugs|Sulfonamides|Sulfonamide_resistant_ECF_transporter_comonent|THFT,MEG_10141|Drugs|Sulfonamides|Sulfonamide_resistant_ECF_transporter_comonent|THFT,558,1531446,1532003,+
Enterococcus_faecalis,Enterococcus_faecalis,1778781,1780508,1728,MEG_2658|Multi-compound|Biocide_and_metal_resistance|Biocide_and_metal_resistance_protein|DPR,MEG_2658|Multi-compound|Biocide_and_metal_resistance|Biocide_and_metal_resistance_protein|DPR,519,1779368,1779886,+
Enterococcus_faecalis,Enterococcus_faecalis,1781067,1782120,1054,MEG_1769|Drugs|Phenicol|Phenicol_resistance_MFS_efflux_pumps|CMLA,MEG_1769|Drugs|Phenicol|Phenicol_resistance_MFS_efflux_pumps|CMLA,1273,1780445,1781717,+
Enterococcus_faecalis,Enterococcus_faecalis,2454688,2455842,1155,MEG_7092|Drugs|Tetracyclines|Tetracycline_resistance_MFS_efflux_pumps|TETL,MEG_7092|Drugs|Tetracyclines|Tetracycline_resistance_MFS_efflux_pumps|TETL,1383,2454285,2455667,+
Escherichia_coli_B1109,Escherichia_coli_chromosome,895,2199,1305,MEG_4089|Drugs|Mupirocin|Mupirocin-resistant_isoleucyl-tRNA_synthetase|MUPA,MEG_4089|Drugs|Mupirocin|Mupirocin-resistant_isoleucyl-tRNA_synthetase|MUPA,3075,895,3969,+
Escherichia_coli_B1109,Escherichia_coli_chromosome,36248,37486,1239,MEG_2073|Metals|Copper_resistance|Copper_resistance_regulator|COPR,MEG_2073|Metals|Copper_resistance|Copper_resistance_regulator|COPR,684,38018,38701,+
Escherichia_coli_B1109,Escherichia_coli_chromosome,60987,64580,3594,MEG_9662|Drugs|betalactams|Class_A_betalactamases|OXY,MEG_9662|Drugs|betalactams|Class_A_betalactamases|OXY,876,62202,63077,+
Escherichia_coli_B1109,Escherichia_coli_chromosome,64585,65199,615,MEG_1162|Metals|Multi-metal_resistance|Multi-metal_resistance_protein|ARSCM,MEG_1162|Metals|Multi-metal_resistance|Multi-metal_resistance_protein|ARSCM,426,63082,63507,+
Escherichia_coli_B1109,Escherichia_coli_chromosome,65615,68316,2702,MEG_2765|Drugs|MLS|23S_rRNA_methyltransferases|ERM,MEG_2765|Drugs|MLS|23S_rRNA_methyltransferases|ERM,732,63923,64654,+
Escherichia_coli_B1109,Escherichia_coli_chromosome,170713,171681,969,MEG_3843|Metals|Mercury_resistance|Mercury_resistance_protein|MERA,MEG_3843|Metals|Mercury_resistance|Mercury_resistance_protein|MERA,1707,167051,168757,+
Escherichia_coli_B1109,Escherichia_coli_chromosome,226281,226524,244,MEG_7813|Multi-compound|Biocide_and_metal_resistance|Biocide_and_metal_resistance_protein|YCHH,MEG_7813|Multi-compound|Biocide_and_metal_resistance|Biocide_and_metal_resistance_protein|YCHH,279,223357,223635,+
Escherichia_coli_B1109,Escherichia_coli_chromosome,226821,227044,224,MEG_1723|Drugs|Multi-drug_resistance|MDR_23S_ribosomal_RNA_methyltransferase|CIPA,MEG_1723|Drugs|Multi-drug_resistance|MDR_23S_ribosomal_RNA_methyltransferase|CIPA,1041,223932,224972,+
Escherichia_coli_B1109,Escherichia_coli_chromosome,230136,231778,1643,MEG_10048|Drugs|Lipopeptides|Polymyxin_resistant_aminoacyl_carrier_protein|ALMF,MEG_10048|Drugs|Lipopeptides|Polymyxin_resistant_aminoacyl_carrier_protein|ALMF,237,228064,228300,+
Escherichia_coli_B1109,Escherichia_coli_chromosome,257792,258982,1191,MEG_3168|Metals|Multi-metal_resistance|Multi-metal_resistance_protein|GOLT,MEG_3168|Metals|Multi-metal_resistance|Multi-metal_resistance_protein|GOLT,2289,254314,256602,+
Escherichia_coli_B1109,Escherichia_coli_chromosome,350235,350573,339,MEG_7268|Biocides|Multi-biocide_resistance|Multi-biocide_RND_efflux_pump|TOLCSM,MEG_7268|Biocides|Multi-biocide_resistance|Multi-biocide_RND_efflux_pump|TOLCSM,1359,347855,349213,+
Escherichia_coli_B1109,Escherichia_coli_chromosome,350792,351616,825,MEG_1167|Metals|Arsenic_resistance|Arsenic_resistance_protein|ARSH,MEG_1167|Metals|Arsenic_resistance|Arsenic_resistance_protein|ARSH,699,349432,350130,+
Escherichia_coli_B1109,Escherichia_coli_chromosome,351737,352009,273,MEG_7687|Drugs|Multi-drug_resistance|Multi-drug_ABC_efflux_pumps|VGA,MEG_7687|Drugs|Multi-drug_resistance|Multi-drug_ABC_efflux_pumps|VGA,1569,350251,351819,+
Escherichia_coli_B1109,Escherichia_coli_chromosome,371421,373543,2123,MEG_3611|Drugs|MLS|Lincosamide_nucleotidyltransferases|LNUC,MEG_3611|Drugs|MLS|Lincosamide_nucleotidyltransferases|LNUC,495,371231,371725,+
Escherichia_coli_B1109,Escherichia_coli_chromosome,374956,382403,7448,MEG_2876|Biocides|Phenolic_compound_resistance|Phenolic_resistance_protein|FABK,MEG_2876|Biocides|Phenolic_compound_resistance|Phenolic_resistance_protein|FABK,975,373138,374112,+
Escherichia_coli_B1109,Escherichia_coli_chromosome,394801,396653,1853,MEG_3873|Metals|Mercury_resistance|Mercury_resistance_protein|MERP,MEG_3873|Metals|Mercury_resistance|Mercury_resistance_protein|MERP,276,386510,386785,+
Escherichia_coli_B1109,Escherichia_coli_chromosome,433777,434943,1167,MEG_6016|Drugs|Fluoroquinolones|Quinolone_resistance_protein_Qnr|QNRE,MEG_6016|Drugs|Fluoroquinolones|Quinolone_resistance_protein_Qnr|QNRE,645,423909,424553,+
Escherichia_coli_B1109,Escherichia_coli_chromosome,476193,477598,1406,MEG_5413|Metals|Lead_resistance|Lead_P-type_ATPase_regulator|PBRR,MEG_5413|Metals|Lead_resistance|Lead_P-type_ATPase_regulator|PBRR,453,465803,466255,+
Escherichia_coli_B1109,Escherichia_coli_chromosome,515894,516544,651,MEG_7787|Biocides|Multi-biocide_resistance|Multi-biocide_RND_efflux_pump|VMED,MEG_7787|Biocides|Multi-biocide_resistance|Multi-biocide_RND_efflux_pump|VMED,3123,504551,507673,+
Escherichia_coli_B1109,Escherichia_coli_chromosome,533414,533641,228,MEG_11496|Drugs|Metronidazole|nim_nitroimidazole_reductase|NIMI,MEG_11496|Drugs|Metronidazole|nim_nitroimidazole_reductase|NIMI,498,524543,525040,+
Escherichia_coli_B1109,Escherichia_coli_chromosome,597759,598505,747,MEG_7672|Multi-compound|Drug_and_biocide_resistance|Drug_and_biocide_RND_efflux_pumps|VEXE,MEG_7672|Multi-compound|Drug_and_biocide_resistance|Drug_and_biocide_RND_efflux_pumps|VEXE,1101,589158,590258,+
Escherichia_coli_B1109,Escherichia_coli_chromosome,612826,614363,1538,MEG_8087|Biocides|Aldehyde_resistance|Aldehyde_degradation|FORMA,MEG_8087|Biocides|Aldehyde_resistance|Aldehyde_degradation|FORMA,1110,604579,605688,+
Escherichia_coli_B1109,Escherichia_coli_chromosome,614442,615374,933,MEG_3139|Drugs|MLS|Macrolide_glycosyltransferases|GIMA,MEG_3139|Drugs|MLS|Macrolide_glycosyltransferases|GIMA,1254,605767,607020,+
Escherichia_coli_B1109,Escherichia_coli_chromosome,650772,651338,567,MEG_2867|Biocides|Acid_resistance|Acid_resistance_regulator|EVGA,MEG_2867|Biocides|Acid_resistance|Acid_resistance_regulator|EVGA,615,642418,643032,+
Escherichia_coli_B1109,Escherichia_coli_chromosome,813494,814867,1374,MEG_906|Drugs|Aminoglycosides|Aminoglycoside_O-nucleotidyltransferases|ANT3-DPRIME,MEG_906|Drugs|Aminoglycosides|Aminoglycoside_O-nucleotidyltransferases|ANT3-DPRIME,789,805188,805976,+
Escherichia_coli_B1109,Escherichia_coli_chromosome,822438,823019,582,MEG_11305|Drugs|Trimethoprim|Dihydrofolate_reductase|DFRA,MEG_11305|Drugs|Trimethoprim|Dihydrofolate_reductase|DFRA,477,813547,814023,+
Escherichia_coli_B1109,Escherichia_coli_chromosome,884896,885577,682,MEG_6648|Biocides|Multi-biocide_resistance|Multi-biocide_RND_efflux_regulator|TBTR,MEG_6648|Biocides|Multi-biocide_resistance|Multi-biocide_RND_efflux_regulator|TBTR,780,875900,876679,+
Escherichia_coli_B1109,Escherichia_coli_chromosome,886713,887048,336,MEG_2521|Drugs|Trimethoprim|Dihydrofolate_reductase|DFRA,MEG_2521|Drugs|Trimethoprim|Dihydrofolate_reductase|DFRA,498,877815,878312,+
Escherichia_coli_B1109,Escherichia_coli_chromosome,941277,941669,393,MEG_4163|Metals|Sodium_resistance|Sodium_resistance_protein|NHAB,MEG_4163|Metals|Sodium_resistance|Sodium_resistance_protein|NHAB,1515,932541,934055,+
Escherichia_coli_B1109,Escherichia_coli_chromosome,945817,946206,390,MEG_7036|Drugs|Tetracyclines|Tetracycline_resistance_ABC_efflux_pumps|TETA60,MEG_7036|Drugs|Tetracyclines|Tetracycline_resistance_ABC_efflux_pumps|TETA60,1740,938203,939942,+
Escherichia_coli_B1109,Escherichia_coli_chromosome,946220,946654,435,MEG_7789|Biocides|Multi-biocide_resistance|Multi-biocide_RND_efflux_pump|VMEF,MEG_7789|Biocides|Multi-biocide_resistance|Multi-biocide_RND_efflux_pump|VMEF,3114,939956,943069,+
Escherichia_coli_B1109,Escherichia_coli_chromosome,987113,989392,2280,MEG_3880|Metals|Mercury_resistance|Mercury_resistance_regulator|MERR,MEG_3880|Metals|Mercury_resistance|Mercury_resistance_regulator|MERR,435,983528,983962,+
Escherichia_coli_B1109,Escherichia_coli_chromosome,989912,990673,762,MEG_3693|Drugs|Lipopeptides|Colistin_phosphoethanolamine_transferase|MCR,MEG_3693|Drugs|Lipopeptides|Colistin_phosphoethanolamine_transferase|MCR,1698,984482,986179,+
Escherichia_coli_B1109,Escherichia_coli_chromosome,1001554,1002954,1401,MEG_3270|Multi-compound|Biocide_and_metal_resistance|Biocide_and_metal_resistance_regulator|HMRR,MEG_3270|Multi-compound|Biocide_and_metal_resistance|Biocide_and_metal_resistance_regulator|HMRR,444,997060,997503,+
Escherichia_coli_B1109,Escherichia_coli_chromosome,1003110,1004645,1536,MEG_3669|Drugs|Lipopeptides|Colistin_phosphoethanolamine_transferase|MCR,MEG_3669|Drugs|Lipopeptides|Colistin_phosphoethanolamine_transferase|MCR,1626,997659,999284,+
Escherichia_coli_B1109,Escherichia_coli_chromosome,1070324,1071906,1583,MEG_5934|Drugs|Fluoroquinolones|Quinolone_resistance_protein_Qnr|QNRB,MEG_5934|Drugs|Fluoroquinolones|Quinolone_resistance_protein_Qnr|QNRB,681,1064963,1065643,+
Escherichia_coli_B1109,Escherichia_coli_chromosome,1114770,1115538,769,MEG_6641|Drugs|Sulfonamides|Flavin_reductase|SULR,MEG_6641|Drugs|Sulfonamides|Flavin_reductase|SULR,585,1108507,1109091,+
Escherichia_coli_B1109,Escherichia_coli_chromosome,1117560,1120237,2678,MEG_7525|Drugs|Glycopeptides|VanC-type_resistance_protein|VANTC,MEG_7525|Drugs|Glycopeptides|VanC-type_resistance_protein|VANTC,2139,1111113,1113251,+
Escherichia_coli_B1109,Escherichia_coli_chromosome,1203233,1204021,789,MEG_4221|Metals|Nickel_resistance|Nickel_resistance_regulator|NRSS,MEG_4221|Metals|Nickel_resistance|Nickel_resistance_regulator|NRSS,1365,1196247,1197611,+
Escherichia_coli_B1109,Escherichia_coli_chromosome,1288994,1289407,414,MEG_6544|Biocides|Peroxide_resistance|peroxide_resistance_protein|SODB,MEG_6544|Biocides|Peroxide_resistance|peroxide_resistance_protein|SODB,579,1282584,1283162,+
Escherichia_coli_B1109,Escherichia_coli_chromosome,1310067,1311167,1101,MEG_4337|Multi-compound|Drug_and_biocide_resistance|Drug_and_biocide_RND_efflux_pumps|OQXB,MEG_4337|Multi-compound|Drug_and_biocide_resistance|Drug_and_biocide_RND_efflux_pumps|OQXB,3153,1303822,1306974,+
Escherichia_coli_B1109,Escherichia_coli_chromosome,1322847,1323125,279,MEG_2990|Drugs|Fosfomycin|Fosfomycin_thiol_transferases|FOSA,MEG_2990|Drugs|Fosfomycin|Fosfomycin_thiol_transferases|FOSA,582,1318654,1319235,+
Escherichia_coli_B1109,Escherichia_coli_chromosome,1347199,1348740,1542,MEG_6600|Drugs|Sulfonamides|Sulfonamide-resistant_dihydropteroate_synthases|SULI,MEG_6600|Drugs|Sulfonamides|Sulfonamide-resistant_dihydropteroate_synthases|SULI,840,1343309,1344148,+
Escherichia_coli_B1109,Escherichia_coli_chromosome,1348880,1349416,537,MEG_7547|Drugs|Glycopeptides|VanA-type_resistance_protein|VANXA,MEG_7547|Drugs|Glycopeptides|VanA-type_resistance_protein|VANXA,609,1344288,1344896,+
Escherichia_coli_B1109,Escherichia_coli_chromosome,1365270,1365536,267,MEG_3288|Biocides|Peroxide_resistance|Peroxide_resistance_stress_protein|IBPB,MEG_3288|Biocides|Peroxide_resistance|Peroxide_resistance_stress_protein|IBPB,429,1360750,1361178,+
Escherichia_coli_B1109,Escherichia_coli_chromosome,1381839,1382678,840,MEG_2574|Drugs|Trimethoprim|Dihydrofolate_reductase|DFRD,MEG_2574|Drugs|Trimethoprim|Dihydrofolate_reductase|DFRD,501,1377481,1377981,+
Escherichia_coli_B1109,Escherichia_coli_chromosome,1425125,1425382,258,MEG_5410|Metals|Lead_resistance|Lead_P-type_ATPase_transporter|PBRA,MEG_5410|Metals|Lead_resistance|Lead_P-type_ATPase_transporter|PBRA,2400,1420428,1422827,+
Escherichia_coli_B1109,Escherichia_coli_chromosome,1425623,1426255,633,MEG_3075|Metals|Aluminum_resistance|Aluminum_ATPase_|G2ALT,MEG_3075|Metals|Aluminum_resistance|Aluminum_ATPase_|G2ALT,666,1423068,1423733,+
Escherichia_coli_B1109,Escherichia_coli_chromosome,1469128,1470336,1209,MEG_11363|Metals|Arsenic_resistance|Arsenic_resistance_N-acetyltransferases|ARSN2,MEG_11363|Metals|Arsenic_resistance|Arsenic_resistance_N-acetyltransferases|ARSN2,444,1466606,1467049,+
Escherichia_coli_B1109,Escherichia_coli_chromosome,1478965,1480191,1227,MEG_2463|Metals|Multi-metal_resistance|Multi-metal_RND_efflux_pumps|CZCB,MEG_2463|Metals|Multi-metal_resistance|Multi-metal_RND_efflux_pumps|CZCB,1563,1475678,1477240,+
Escherichia_coli_B1109,Escherichia_coli_chromosome,1543874,1544341,468,MEG_9992|Drugs|MLS|23S_rRNA_methyltransferases|CFR,MEG_9992|Drugs|MLS|23S_rRNA_methyltransferases|CFR,1074,1540923,1541996,+
Escherichia_coli_B1109,Escherichia_coli_chromosome,1550914,1551495,582,MEG_6612|Drugs|Sulfonamides|Sulfonamide-resistant_dihydropteroate_synthases|SULI,MEG_6612|Drugs|Sulfonamides|Sulfonamide-resistant_dihydropteroate_synthases|SULI,852,1548569,1549420,+
Escherichia_coli_B1109,Escherichia_coli_chromosome,1661150,1662227,1078,MEG_7773|Biocides|Multi-biocide_resistance|Multi-biocide_RND_efflux_pump|VMEA,MEG_7773|Biocides|Multi-biocide_resistance|Multi-biocide_RND_efflux_pump|VMEA,1140,1659075,1660214,+
Escherichia_coli_B1109,Escherichia_coli_chromosome,1712870,1714618,1749,MEG_9969|Drugs|Trimethoprim|Dihydrofolate_reductase|DFRB,MEG_9969|Drugs|Trimethoprim|Dihydrofolate_reductase|DFRB,237,1710857,1711093,+
Escherichia_coli_B1109,Escherichia_coli_chromosome,1799343,1800065,723,MEG_1748|Multi-compound|Drug_and_biocide_and_metal_resistance|Drug_and_biocide_and_metal_RND_efflux_regulator|CMER,MEG_1748|Multi-compound|Drug_and_biocide_and_metal_resistance|Drug_and_biocide_and_metal_RND_efflux_regulator|CMER,633,1795818,1796450,+
Escherichia_coli_B1109,Escherichia_coli_chromosome,1806344,1807576,1233,MEG_743|Drugs|Aminoglycosides|Aminoglycoside_O-nucleotidyltransferases|ANT2-DPRIME,MEG_743|Drugs|Aminoglycosides|Aminoglycoside_O-nucleotidyltransferases|ANT2-DPRIME,534,1802729,1803262,+
Escherichia_coli_B1109,Escherichia_coli_chromosome,1817397,1818629,1233,MEG_2914|Drugs|Phenicol|Phenicol_resistance_MFS_efflux_pumps|FLOR,MEG_2914|Drugs|Phenicol|Phenicol_resistance_MFS_efflux_pumps|FLOR,1215,1813083,1814297,+
Escherichia_coli_B1109,Escherichia_coli_chromosome,1849527,1849994,468,MEG_6597|Drugs|Sulfonamides|Sulfonamide-resistant_dihydropteroate_synthases|SULI,MEG_6597|Drugs|Sulfonamides|Sulfonamide-resistant_dihydropteroate_synthases|SULI,840,1845195,1846034,+
Escherichia_coli_B1109,Escherichia_coli_chromosome,1905565,1906623,1059,MEG_1592|Drugs|Phenicol|Chloramphenicol_acetyltransferases|CATA,MEG_1592|Drugs|Phenicol|Chloramphenicol_acetyltransferases|CATA,660,1901605,1902264,+
Escherichia_coli_B1109,Escherichia_coli_chromosome,1906625,1908088,1464,MEG_1231|Metals|Copper_resistance|Copper_resistance_regulator|BHSA,MEG_1231|Metals|Copper_resistance|Copper_resistance_regulator|BHSA,258,1902266,1902523,+
Escherichia_coli_B1109,Escherichia_coli_chromosome,1908533,1909321,789,MEG_10506|Drugs|betalactams|Class_A_betalactamases|OKP,MEG_10506|Drugs|betalactams|Class_A_betalactamases|OKP,861,1902968,1903828,+
Escherichia_coli_B1109,Escherichia_coli_chromosome,1918354,1919295,942,MEG_3279|Biocides|Multi-biocide_resistance|Multi-biocide_resistance_protein|HSMR,MEG_3279|Biocides|Multi-biocide_resistance|Multi-biocide_resistance_protein|HSMR,339,1912861,1913199,+
Escherichia_coli_B1109,Escherichia_coli_chromosome,1981447,1982124,678,MEG_4194|Drugs|Metronidazole|nim_nitroimidazole_reductase|NIMJ,MEG_4194|Drugs|Metronidazole|nim_nitroimidazole_reductase|NIMJ,498,1975351,1975848,+
Escherichia_coli_B1109,Escherichia_coli_chromosome,1986316,1986459,144,MEG_1706|Metals|Chromium_resistance|Chromium_resistance_protein|CHRA,MEG_1706|Metals|Chromium_resistance|Chromium_resistance_protein|CHRA,1377,1980040,1981416,+
Escherichia_coli_B1109,Escherichia_coli_chromosome,2011449,2012271,823,MEG_4291|Drugs|Multi-drug_resistance|Multi-drug_RND_efflux_pumps|OPCM,MEG_4291|Drugs|Multi-drug_resistance|Multi-drug_RND_efflux_pumps|OPCM,1536,2006406,2007941,+
Escherichia_coli_B1109,Escherichia_coli_chromosome,2012296,2013834,1539,MEG_6958|Metals|Tellurium_resistance|Tellurium_resistance_protein|TERD,MEG_6958|Metals|Tellurium_resistance|Tellurium_resistance_protein|TERD,579,2007966,2008544,+
Escherichia_coli_B1109,Escherichia_coli_chromosome,2018585,2020195,1611,MEG_9974|Biocides|Phenolic_compound_resistance|Triclosan-resistant_mutation|FABG,MEG_9974|Biocides|Phenolic_compound_resistance|Triclosan-resistant_mutation|FABG,744,2013295,2014038,+
Escherichia_coli_B1109,Escherichia_coli_chromosome,2033761,2035662,1902,MEG_4299|Biocides|Multi-biocide_resistance|Multi-biocide_RND_efflux_pump|OPRM,MEG_4299|Biocides|Multi-biocide_resistance|Multi-biocide_RND_efflux_pump|OPRM,889,2027604,2028492,+
Escherichia_coli_B1109,Escherichia_coli_chromosome,2100121,2103264,3144,MEG_3883|Metals|Mercury_resistance|Mercury_resistance_regulator|MERR,MEG_3883|Metals|Mercury_resistance|Mercury_resistance_regulator|MERR,435,2092951,2093385,+
Escherichia_coli_B1109,Escherichia_coli_chromosome,2103276,2104499,1224,MEG_4171|Metals|Nickel_resistance|Nickel_ABC_efflux_pumps|NIKD,MEG_4171|Metals|Nickel_resistance|Nickel_ABC_efflux_pumps|NIKD,765,2093397,2094161,+
Escherichia_coli_B1109,Escherichia_coli_chromosome,2104515,2104847,333,MEG_3896|Metals|Mercury_resistance|Mercury_resistance_protein|MERT,MEG_3896|Metals|Mercury_resistance|Mercury_resistance_protein|MERT,351,2094177,2094527,+
Escherichia_coli_B1109,Escherichia_coli_chromosome,2105234,2106253,1020,MEG_7857|Metals|Zinc_resistance|Zinc_resistance_protein|ZNUB,MEG_7857|Metals|Zinc_resistance|Zinc_resistance_protein|ZNUB,277,2094914,2095190,+
Escherichia_coli_B1109,Escherichia_coli_chromosome,2106410,2108525,2116,MEG_5420|Metals|Copper_resistance|Copper_resistance_protein|PCOC,MEG_5420|Metals|Copper_resistance|Copper_resistance_protein|PCOC,381,2095347,2095727,+
Escherichia_coli_B1109,Escherichia_coli_chromosome,2163207,2164650,1444,MEG_1709|Multi-compound|Biocide_and_metal_resistance|Biocide_and_metal_resistance_regulator|CHRB,MEG_1709|Multi-compound|Biocide_and_metal_resistance|Biocide_and_metal_resistance_regulator|CHRB,939,2150409,2151347,+
Escherichia_coli_B1109,Escherichia_coli_chromosome,2166169,2166576,408,MEG_6962|Metals|Tellurium_resistance|Tellurium_resistance_protein|TERZ,MEG_6962|Metals|Tellurium_resistance|Tellurium_resistance_protein|TERZ,582,2152866,2153447,+
Escherichia_coli_B1109,Escherichia_coli_chromosome,2169190,2171694,2505,MEG_11398|Drugs|MLS|Lincosamide_nucleotidyltransferases|LNU,MEG_11398|Drugs|MLS|Lincosamide_nucleotidyltransferases|LNU,771,2156061,2156831,+
Escherichia_coli_B1109,Escherichia_coli_chromosome,2194950,2196143,1194,MEG_1129|Drugs|Rifampin|Rifampin_ADP-ribosyltransferase_Arr|ARR,MEG_1129|Drugs|Rifampin|Rifampin_ADP-ribosyltransferase_Arr|ARR,453,2180087,2180539,+
Escherichia_coli_B1109,Escherichia_coli_chromosome,2196166,2199315,3150,MEG_6634|Drugs|Sulfonamides|Sulfonamide-resistant_dihydropteroate_synthases|SULII,MEG_6634|Drugs|Sulfonamides|Sulfonamide-resistant_dihydropteroate_synthases|SULII,819,2180562,2181380,+
Escherichia_coli_B1109,Escherichia_coli_chromosome,2208170,2209915,1746,MEG_8779|Drugs|Lipopeptides|Colistin_phosphoethanolamine_transferase|MCR,MEG_8779|Drugs|Lipopeptides|Colistin_phosphoethanolamine_transferase|MCR,1626,2190235,2191860,+
Escherichia_coli_B1109,Escherichia_coli_chromosome,2285632,2286789,1158,MEG_8231|Drugs|Lipopeptides|Colistin-resistant_mutant|LPSB,MEG_8231|Drugs|Lipopeptides|Colistin-resistant_mutant|LPSB,1101,2267577,2268677,+
Escherichia_coli_B1109,Escherichia_coli_chromosome,2299750,2300859,1110,MEG_6577|Biocides|Multi-biocide_resistance|Multi-biocide_SMR_efflux_pump|SUGE,MEG_6577|Biocides|Multi-biocide_resistance|Multi-biocide_SMR_efflux_pump|SUGE,537,2281638,2282174,+
Escherichia_coli_B1109,Escherichia_coli_chromosome,2437916,2438626,711,MEG_1708|Metals|Chromium_resistance|Chromium_resistance_protein|CHRA,MEG_1708|Metals|Chromium_resistance|Chromium_resistance_protein|CHRA,1125,2419231,2420355,+
Escherichia_coli_B1109,Escherichia_coli_chromosome,2515262,2516812,1551,MEG_3616|Drugs|MLS|Lincosamide_nucleotidyltransferases|LNUF,MEG_3616|Drugs|MLS|Lincosamide_nucleotidyltransferases|LNUF,846,2496991,2497836,+
Escherichia_coli_B1109,Escherichia_coli_chromosome,2568583,2569527,945,MEG_7451|Drugs|Glycopeptides|VanA-type_regulator|VANRA,MEG_7451|Drugs|Glycopeptides|VanA-type_regulator|VANRA,696,2549607,2550302,+
Escherichia_coli_B1109,Escherichia_coli_chromosome,2596802,2599156,2355,MEG_5922|Drugs|Fluoroquinolones|Quinolone_resistance_protein_Qnr|QNRB,MEG_5922|Drugs|Fluoroquinolones|Quinolone_resistance_protein_Qnr|QNRB,680,2577577,2578256,+
Escherichia_coli_B1109,Escherichia_coli_chromosome,2602305,2602682,378,MEG_11362|Metals|Arsenic_resistance|Arsenic_resistance_N-acetyltransferases|ARSN2,MEG_11362|Metals|Arsenic_resistance|Arsenic_resistance_N-acetyltransferases|ARSN2,444,2581405,2581848,+
Escherichia_coli_B1109,Escherichia_coli_chromosome,2636034,2637200,1167,MEG_7009|Drugs|Tetracyclines|Tetracycline_resistance_MFS_efflux_pumps|TET56,MEG_7009|Drugs|Tetracyclines|Tetracycline_resistance_MFS_efflux_pumps|TET56,1170,2615200,2616369,+
Escherichia_coli_B1109,Escherichia_coli_chromosome,2661030,2661899,870,MEG_7781|Biocides|Multi-biocide_resistance|Multi-biocide_RND_efflux_pump|VMEA,MEG_7781|Biocides|Multi-biocide_resistance|Multi-biocide_RND_efflux_pump|VMEA,1140,2640199,2641338,+
Escherichia_coli_B1109,Escherichia_coli_chromosome,2715843,2717075,1233,MEG_3076|Biocides|Acid_resistance|Acid_resistance_protein|GADA,MEG_3076|Biocides|Acid_resistance|Acid_resistance_protein|GADA,1401,2695282,2696682,+
Escherichia_coli_B1109,Escherichia_coli_chromosome,2790664,2792388,1725,MEG_3078|Biocides|Acid_resistance|Acid_resistance_protein|GADB,MEG_3078|Biocides|Acid_resistance|Acid_resistance_protein|GADB,1401,2770271,2771671,+
Escherichia_coli_B1109,Escherichia_coli_chromosome,2818761,2821457,2697,MEG_5801|Drugs|Cationic_antimicrobial_peptides|Lipid_A_modification|PMRF,MEG_5801|Drugs|Cationic_antimicrobial_peptides|Lipid_A_modification|PMRF,969,2798044,2799012,+
Escherichia_coli_B1109,Escherichia_coli_chromosome,2916772,2917905,1134,MEG_7243|Drugs|Tetracyclines|Tetracycline_inactivation_enzymes|TETX,MEG_7243|Drugs|Tetracyclines|Tetracycline_inactivation_enzymes|TETX,1167,2894327,2895493,+
Escherichia_coli_B1109,Escherichia_coli_chromosome,2918524,2918991,468,MEG_5997|Drugs|Fluoroquinolones|Quinolone_resistance_protein_Qnr|QNRB,MEG_5997|Drugs|Fluoroquinolones|Quinolone_resistance_protein_Qnr|QNRB,645,2896112,2896756,+
Escherichia_coli_B1109,Escherichia_coli_chromosome,2930360,2930698,339,MEG_3003|Drugs|Fosfomycin|Fosfomycin_thiol_transferases|FOSA,MEG_3003|Drugs|Fosfomycin|Fosfomycin_thiol_transferases|FOSA,347,2908125,2908471,+
Escherichia_coli_B1109,Escherichia_coli_chromosome,2950535,2952178,1644,MEG_8662|Drugs|Metronidazole|rdxA_nitroimidazole_reductase|RDXA,MEG_8662|Drugs|Metronidazole|rdxA_nitroimidazole_reductase|RDXA,633,2928308,2928940,+
Escherichia_coli_B1109,Escherichia_coli_chromosome,2982016,2986561,4546,MEG_3551|Drugs|betalactams|Class_A_betalactamases|LEN,MEG_3551|Drugs|betalactams|Class_A_betalactamases|LEN,789,2958778,2959566,+
Escherichia_coli_B1109,Escherichia_coli_chromosome,3001112,3002761,1650,MEG_3283|Metals|Nickel_resistance|Nickel_resistance_protein|HUPE,MEG_3283|Metals|Nickel_resistance|Nickel_resistance_protein|HUPE,576,2974117,2974692,+
Escherichia_coli_B1109,Escherichia_coli_chromosome,3008080,3008544,465,MEG_7001|Drugs|Tetracyclines|Tetracycline_resistance_MFS_efflux_pumps|TET48,MEG_7001|Drugs|Tetracyclines|Tetracycline_resistance_MFS_efflux_pumps|TET48,1200,2980011,2981210,+
Escherichia_coli_B1109,Escherichia_coli_chromosome,3008630,3008953,324,MEG_3141|Multi-compound|Biocide_and_metal_resistance|Biocide_and_metal_resistance_protein|GLPF,MEG_3141|Multi-compound|Biocide_and_metal_resistance|Biocide_and_metal_resistance_protein|GLPF,846,2981296,2982141,+
Escherichia_coli_B1109,Escherichia_coli_chromosome,3026010,3026525,516,MEG_1124|Drugs|Rifampin|Rifampin_ADP-ribosyltransferase_Arr|ARR,MEG_1124|Drugs|Rifampin|Rifampin_ADP-ribosyltransferase_Arr|ARR,453,2999198,2999650,+
Escherichia_coli_B1109,Escherichia_coli_chromosome,3062385,3063209,825,MEG_3073|Drugs|Fusidic_acid|Fusidic_acid_esterases|FUSF,MEG_3073|Drugs|Fusidic_acid|Fusidic_acid_esterases|FUSF,645,3035510,3036154,+
Escherichia_coli_B1109,Escherichia_coli_chromosome,3072494,3072877,384,MEG_6603|Drugs|Sulfonamides|Sulfonamide-resistant_dihydropteroate_synthases|SULI,MEG_6603|Drugs|Sulfonamides|Sulfonamide-resistant_dihydropteroate_synthases|SULI,840,3045439,3046278,+
Escherichia_coli_B1109,Escherichia_coli_chromosome,3081467,3084186,2720,MEG_5276|Drugs|betalactams|Class_D_betalactamases|OXA,MEG_5276|Drugs|betalactams|Class_D_betalactamases|OXA,822,3054868,3055689,+
Escherichia_coli_B1109,Escherichia_coli_chromosome,3167935,3168780,846,MEG_6160|Drugs|Nucleosides|Streptothricin_acetyltransferase|SAT,MEG_6160|Drugs|Nucleosides|Streptothricin_acetyltransferase|SAT,525,3139438,3139962,+
Escherichia_coli_B1109,Escherichia_coli_chromosome,3178654,3179556,903,MEG_7283|Metals|Multi-metal_resistance|Multi-metal_ABC_efflux_regulator|TROR,MEG_7283|Metals|Multi-metal_resistance|Multi-metal_ABC_efflux_regulator|TROR,462,3149836,3150297,+
Escherichia_coli_B1109,Escherichia_coli_chromosome,3180355,3182423,2069,MEG_1466|Biocides|Polyamine_resistance|Spermine/spermidine_acetyltransferase|BLTD,MEG_1466|Biocides|Polyamine_resistance|Spermine/spermidine_acetyltransferase|BLTD,459,3151096,3151554,+
Escherichia_coli_B1109,Escherichia_coli_chromosome,3184595,3185215,621,MEG_3748|Multi-compound|Drug_and_biocide_and_metal_resistance|Drug_and_biocide_and_metal_RND_efflux_pumps|MDTB,MEG_3748|Multi-compound|Drug_and_biocide_and_metal_resistance|Drug_and_biocide_and_metal_RND_efflux_pumps|MDTB,3123,3153726,3156848,+
Escherichia_coli_B1109,Escherichia_coli_chromosome,3241981,3242607,627,MEG_11494|Drugs|Metronidazole|nim_nitroimidazole_reductase|NIMI,MEG_11494|Drugs|Metronidazole|nim_nitroimidazole_reductase|NIMI,498,3213614,3214111,+
Escherichia_coli_B1109,Escherichia_coli_chromosome,3283548,3284498,951,MEG_1165|Metals|Arsenic_resistance|Arsenic_resistance_protein|ARSD,MEG_1165|Metals|Arsenic_resistance|Arsenic_resistance_protein|ARSD,363,3255052,3255414,+
Escherichia_coli_B1109,Escherichia_coli_chromosome,3374400,3375440,1041,MEG_2923|Drugs|Phenicol|Phenicol_resistance_MFS_efflux_pumps|FLOR,MEG_2923|Drugs|Phenicol|Phenicol_resistance_MFS_efflux_pumps|FLOR,1215,3345316,3346530,+
Escherichia_coli_B1109,Escherichia_coli_chromosome,3375527,3377376,1850,MEG_2726|Multi-compound|Drug_and_biocide_resistance|Drug_and_biocide_MFS_efflux_pumps|EMRBSM,MEG_2726|Multi-compound|Drug_and_biocide_resistance|Drug_and_biocide_MFS_efflux_pumps|EMRBSM,1587,3346617,3348203,+
Escherichia_coli_B1109,Escherichia_coli_chromosome,3377559,3378332,774,MEG_3888|Metals|Mercury_resistance|Mercury_resistance_regulator|MERR2,MEG_3888|Metals|Mercury_resistance|Mercury_resistance_regulator|MERR2,390,3348386,3348775,+
Escherichia_coli_B1109,Escherichia_coli_chromosome,3390713,3391279,567,MEG_365|Drugs|Aminoglycosides|Aminoglycoside_N-acetyltransferases|AAC6-PRIME,MEG_365|Drugs|Aminoglycosides|Aminoglycoside_N-acetyltransferases|AAC6-PRIME,555,3361156,3361710,+
Escherichia_coli_B1109,Escherichia_coli_chromosome,3418509,3418922,414,MEG_4053|Drugs|Cationic_antimicrobial_peptides|Defensin-resistant_mprF|MPRF,MEG_4053|Drugs|Cationic_antimicrobial_peptides|Defensin-resistant_mprF|MPRF,2544,3388940,3391483,+
Escherichia_coli_B1109,Escherichia_coli_chromosome,3419028,3419462,435,MEG_7074|Drugs|Tetracyclines|Tetracycline_resistance_MFS_efflux_pumps|TETE,MEG_7074|Drugs|Tetracyclines|Tetracycline_resistance_MFS_efflux_pumps|TETE,1196,3391589,3392784,+
Escherichia_coli_B1109,Escherichia_coli_chromosome,3430825,3432015,1191,MEG_11505|Drugs|Metronidazole|nim_nitroimidazole_reductase|NIMF,MEG_11505|Drugs|Metronidazole|nim_nitroimidazole_reductase|NIMF,492,3404147,3404638,+
Escherichia_coli_B1109,Escherichia_coli_chromosome,3677911,3679311,1401,MEG_396|Metals|Iron_resistance|Iron_resistance_protein|ACN,MEG_396|Metals|Iron_resistance|Iron_resistance_protein|ACN,2832,3650534,3653365,+
Escherichia_coli_B1109,Escherichia_coli_chromosome,3679681,3680505,825,MEG_2700|Drugs|Cationic_antimicrobial_peptides|Edeine_acetyltransferase|EDEQ,MEG_2700|Drugs|Cationic_antimicrobial_peptides|Edeine_acetyltransferase|EDEQ,438,3653735,3654172,+
Escherichia_coli_B1109,Escherichia_coli_chromosome,3680873,3681601,729,MEG_7276|Biocides|Phenolic_compound_resistance|Phenolic_RND_efflux_pump|TRICP,MEG_7276|Biocides|Phenolic_compound_resistance|Phenolic_RND_efflux_pump|TRICP,2748,3654540,3657287,+
Escherichia_coli_B1109,Escherichia_coli_chromosome,3681964,3685077,3114,MEG_6983|Drugs|Tetracyclines|Tetracycline_resistance_MFS_efflux_pumps|TET38,MEG_6983|Drugs|Tetracyclines|Tetracycline_resistance_MFS_efflux_pumps|TET38,1353,3657650,3659002,+
Escherichia_coli_B1109,Escherichia_coli_chromosome,3685102,3686259,1158,MEG_1138|Drugs|Rifampin|Rifampin_ADP-ribosyltransferase_Arr|ARR,MEG_1138|Drugs|Rifampin|Rifampin_ADP-ribosyltransferase_Arr|ARR,453,3659027,3659479,+
Escherichia_coli_B1109,Escherichia_coli_chromosome,3686598,3687080,483,MEG_3015|Drugs|Fosfomycin|Fosfomycin_thiol_transferases|FOSB,MEG_3015|Drugs|Fosfomycin|Fosfomycin_thiol_transferases|FOSB,420,3659818,3660237,+
Escherichia_coli_B1109,Escherichia_coli_chromosome,3693631,3694062,432,MEG_717|Metals|Arsenic_resistance|Arsenite_oxidase_regulator|AIOX,MEG_717|Metals|Arsenic_resistance|Arsenite_oxidase_regulator|AIOX,921,3666788,3667708,+
Escherichia_coli_B1109,Escherichia_coli_chromosome,3694068,3698983,4916,MEG_4005|Metals|Multi-metal_resistance|Multi-metal_ABC_efflux_pumps|MODB,MEG_4005|Metals|Multi-metal_resistance|Multi-metal_ABC_efflux_pumps|MODB,690,3667714,3668403,+
Escherichia_coli_B1109,Escherichia_coli_chromosome,3704001,3706199,2199,MEG_2994|Drugs|Fosfomycin|Fosfomycin_thiol_transferases|FOSA,MEG_2994|Drugs|Fosfomycin|Fosfomycin_thiol_transferases|FOSA,426,3673421,3673846,+
Escherichia_coli_B1109,Escherichia_coli_chromosome,3825137,3825769,633,MEG_8788|Drugs|Lipopeptides|Colistin_phosphoethanolamine_transferase|MCR,MEG_8788|Drugs|Lipopeptides|Colistin_phosphoethanolamine_transferase|MCR,1626,3792784,3794409,+
Escherichia_coli_B1109,Escherichia_coli_chromosome,3872759,3873184,426,MEG_6655|Multi-compound|Biocide_and_metal_resistance|Biocide_and_metal_resistance_protein|TEHA,MEG_6655|Multi-compound|Biocide_and_metal_resistance|Biocide_and_metal_resistance_protein|TEHA,993,3841399,3842391,+
Escherichia_coli_B1109,Escherichia_coli_chromosome,3893753,3896857,3105,MEG_7819|Biocides|Multi-biocide_resistance|Multi-biocide_resistance_regulator|YDEO,MEG_7819|Biocides|Multi-biocide_resistance|Multi-biocide_resistance_regulator|YDEO,762,3862960,3863721,+
Escherichia_coli_B1109,Escherichia_coli_chromosome,3896869,3898026,1158,MEG_182|Drugs|Aminoglycosides|Aminoglycoside_N-acetyltransferases|AAC6-PRIME,MEG_182|Drugs|Aminoglycosides|Aminoglycoside_N-acetyltransferases|AAC6-PRIME,555,3863733,3864287,+
Escherichia_coli_B1109,Escherichia_coli_chromosome,3898425,3899087,663,MEG_4177|Metals|Nickel_resistance|Nickel_ABC_efflux_regulator|NIKR,MEG_4177|Metals|Nickel_resistance|Nickel_ABC_efflux_regulator|NIKR,402,3864686,3865087,+
Escherichia_coli_B1109,Escherichia_coli_chromosome,3926089,3926403,315,MEG_4321|Drugs|Multi-drug_resistance|Multi-drug_ABC_efflux_pumps|OPTRA,MEG_4321|Drugs|Multi-drug_resistance|Multi-drug_ABC_efflux_pumps|OPTRA,1968,3892089,3894056,+
Escherichia_coli_B1109,Escherichia_coli_chromosome,4096493,4097257,765,MEG_3080|Biocides|Acid_resistance|Acid_resistance_regulator|GADE,MEG_3080|Biocides|Acid_resistance|Acid_resistance_regulator|GADE,528,4064146,4064673,+
Escherichia_coli_B1109,Escherichia_coli_chromosome,4108853,4109674,822,MEG_9994|Drugs|Fluoroquinolones|Fluoroquinolone-resistant_DNA_topoisomerases|GYRA,MEG_9994|Drugs|Fluoroquinolones|Fluoroquinolone-resistant_DNA_topoisomerases|GYRA,2508,4076269,4078776,+
Escherichia_coli_B1109,Escherichia_coli_chromosome,4128325,4129122,798,MEG_3685|Drugs|Lipopeptides|Colistin_phosphoethanolamine_transferase|MCR,MEG_3685|Drugs|Lipopeptides|Colistin_phosphoethanolamine_transferase|MCR,1626,4097427,4099052,+
Escherichia_coli_B1109,Escherichia_coli_chromosome,4132052,4133539,1488,MEG_2533|Drugs|Trimethoprim|Dihydrofolate_reductase|DFRA,MEG_2533|Drugs|Trimethoprim|Dihydrofolate_reductase|DFRA,474,4101982,4102455,+
Escherichia_coli_B1109,Escherichia_coli_chromosome,4141972,4142364,393,MEG_7328|Drugs|Cationic_antimicrobial_peptides|Lipid_A_modification|UGD,MEG_7328|Drugs|Cationic_antimicrobial_peptides|Lipid_A_modification|UGD,1167,4110888,4112054,+
Escherichia_coli_B1109,Escherichia_coli_chromosome,4175276,4176768,1493,MEG_1582|Drugs|Phenicol|Chloramphenicol_acetyltransferases|CATA,MEG_1582|Drugs|Phenicol|Chloramphenicol_acetyltransferases|CATA,660,4144966,4145625,+
Escherichia_coli_B1109,Escherichia_coli_chromosome,4287909,4288619,711,MEG_2561|Drugs|Trimethoprim|Dihydrofolate_reductase|DFRB,MEG_2561|Drugs|Trimethoprim|Dihydrofolate_reductase|DFRB,237,4256766,4257002,+
Escherichia_coli_B1109,Escherichia_coli_chromosome,4458335,4459363,1029,MEG_2900|Multi-compound|Biocide_and_metal_resistance|Biocide_and_metal_ABC_efflux_pumps|FETB,MEG_2900|Multi-compound|Biocide_and_metal_resistance|Biocide_and_metal_ABC_efflux_pumps|FETB,780,4426718,4427497,+
Escherichia_coli_B1109,Escherichia_coli_chromosome,4572564,4573247,684,MEG_4090|Drugs|Mupirocin|Mupirocin-resistant_isoleucyl-tRNA_synthetase|MUPA,MEG_4090|Drugs|Mupirocin|Mupirocin-resistant_isoleucyl-tRNA_synthetase|MUPA,3075,4540698,4543772,+
Escherichia_coli_B1109,Escherichia_coli_chromosome,4710663,4711139,477,MEG_8093|Drugs|Fosfomycin|Fosfomycin_thiol_transferases|FOSM,MEG_8093|Drugs|Fosfomycin|Fosfomycin_thiol_transferases|FOSM,429,4681188,4681616,+
Escherichia_coli_B1109,Escherichia_coli_chromosome,4731817,4734930,3114,MEG_2077|Metals|Copper_resistance|Copper_resistance_regulator|COPS,MEG_2077|Metals|Copper_resistance|Copper_resistance_regulator|COPS,1464,4702294,4703757,+
Escherichia_coli_B3008,Escherichia_coli_B3008,96874,98247,1374,MEG_7594|Drugs|Glycopeptides|VanA-type_accessory_protein|VANYA,MEG_7594|Drugs|Glycopeptides|VanA-type_accessory_protein|VANYA,891,96874,97764,+
Escherichia_coli_B3008,Escherichia_coli_B3008,105729,106310,582,MEG_7182|Drugs|Tetracyclines|Tetracycline_resistance_ribosomal_protection_proteins|TETQ,MEG_7182|Drugs|Tetracyclines|Tetracycline_resistance_ribosomal_protection_proteins|TETQ,2013,105246,107258,+
Escherichia_coli_B3008,Escherichia_coli_B3008,168004,168685,682,MEG_11228|Metals|Mercury_resistance|Mercury_resistance_protein|MERB,MEG_11228|Metals|Mercury_resistance|Mercury_resistance_protein|MERB,657,168952,169608,+
Escherichia_coli_B3008,Escherichia_coli_B3008,169821,170156,336,MEG_1584|Drugs|Phenicol|Chloramphenicol_acetyltransferases|CATA,MEG_1584|Drugs|Phenicol|Chloramphenicol_acetyltransferases|CATA,660,170744,171403,+
Escherichia_coli_B3008,Escherichia_coli_B3008,244385,244777,393,MEG_7691|Drugs|MLS|Streptogramin_B_ester_bond_cleavage|VGBA,MEG_7691|Drugs|MLS|Streptogramin_B_ester_bond_cleavage|VGBA,900,245632,246531,+
Escherichia_coli_B3008,Escherichia_coli_B3008,248925,249314,390,MEG_2715|Biocides|Multi-biocide_resistance|Multi-biocide_RND_efflux_pump|EMHA,MEG_2715|Biocides|Multi-biocide_resistance|Multi-biocide_RND_efflux_pump|EMHA,1158,250679,251836,+
Escherichia_coli_B3008,Escherichia_coli_B3008,249328,249762,435,MEG_11455|Drugs|Lipopeptides|Colistin_phosphoethanolamine_transferase|MCR,MEG_11455|Drugs|Lipopeptides|Colistin_phosphoethanolamine_transferase|MCR,1626,251850,253475,+
Escherichia_coli_B3008,Escherichia_coli_B3008,282393,284672,2280,MEG_1755|Drugs|Phenicol|Phenicol_resistance_MFS_efflux_pumps|CMLA,MEG_1755|Drugs|Phenicol|Phenicol_resistance_MFS_efflux_pumps|CMLA,1260,286106,287365,+
Escherichia_coli_B3008,Escherichia_coli_B3008,285192,285953,762,MEG_816|Drugs|Aminoglycosides|Aminoglycoside_O-nucleotidyltransferases|ANT3-DPRIME,MEG_816|Drugs|Aminoglycosides|Aminoglycoside_O-nucleotidyltransferases|ANT3-DPRIME,846,287885,288730,+
Escherichia_coli_B3008,Escherichia_coli_B3008,296834,298234,1401,MEG_11286|Drugs|Aminoglycosides|Aminoglycoside_N-acetyltransferases|AAC6-PRIME,MEG_11286|Drugs|Aminoglycosides|Aminoglycoside_N-acetyltransferases|AAC6-PRIME,435,299611,300045,+
Escherichia_coli_B3008,Escherichia_coli_B3008,298390,299925,1536,MEG_1587|Drugs|Phenicol|Chloramphenicol_acetyltransferases|CATA,MEG_1587|Drugs|Phenicol|Chloramphenicol_acetyltransferases|CATA,660,300201,300860,+
Escherichia_coli_B3008,Escherichia_coli_B3008,374200,375782,1583,MEG_3514|Multi-compound|Drug_and_biocide_resistance|Drug_and_biocide_SMR_efflux_pumps|KPNE,MEG_3514|Multi-compound|Drug_and_biocide_resistance|Drug_and_biocide_SMR_efflux_pumps|KPNE,363,375135,375497,+
Escherichia_coli_B3008,Escherichia_coli_B3008,500610,501398,789,MEG_4162|Metals|Sodium_resistance|Sodium_resistance_protein|NHAA,MEG_4162|Metals|Sodium_resistance|Sodium_resistance_protein|NHAA,1167,500325,501491,+
Escherichia_coli_B3008,Escherichia_coli_B3008,557521,557934,414,MEG_7682|Drugs|Multi-drug_resistance|Multi-drug_ABC_efflux_pumps|VGA,MEG_7682|Drugs|Multi-drug_resistance|Multi-drug_ABC_efflux_pumps|VGA,1569,557614,559182,+
Escherichia_coli_B3008,Escherichia_coli_B3008,578774,579874,1101,MEG_2682|Metals|Multi-metal_resistance|Multi-metal_resistance_protein|DSBA,MEG_2682|Metals|Multi-metal_resistance|Multi-metal_resistance_protein|DSBA,627,580022,580648,+
Escherichia_coli_B3008,Escherichia_coli_B3008,591553,591831,279,MEG_7841|Multi-compound|Biocide_and_metal_resistance|Biocide_and_metal_resistance_protein|YODB,MEG_7841|Multi-compound|Biocide_and_metal_resistance|Biocide_and_metal_resistance_protein|YODB,228,592327,592554,+
Escherichia_coli_B3008,Escherichia_coli_B3008,615905,617446,1542,MEG_3761|Multi-compound|Drug_and_biocide_resistance|Drug_and_biocide_MFS_efflux_pumps|MDTM,MEG_3761|Multi-compound|Drug_and_biocide_resistance|Drug_and_biocide_MFS_efflux_pumps|MDTM,1233,616628,617860,+
Escherichia_coli_B3008,Escherichia_coli_B3008,617586,618122,537,MEG_4317|Drugs|Multi-drug_resistance|Multi-drug_ABC_efflux_pumps|OPTRA,MEG_4317|Drugs|Multi-drug_resistance|Multi-drug_ABC_efflux_pumps|OPTRA,1968,618000,619967,+
Escherichia_coli_B3008,Escherichia_coli_B3008,634752,635018,267,MEG_7414|Drugs|Glycopeptides|VanB-type_resistance_protein|VANHB,MEG_7414|Drugs|Glycopeptides|VanB-type_resistance_protein|VANHB,972,636597,637568,+
Escherichia_coli_B3008,Escherichia_coli_B3008,665567,665824,258,MEG_11359|Drugs|Organoarsenicals|Arsinothricin_resistance_N-acetyltransferases|ARSN1,MEG_11359|Drugs|Organoarsenicals|Arsinothricin_resistance_N-acetyltransferases|ARSN1,510,668117,668626,+
Escherichia_coli_B3008,Escherichia_coli_B3008,666065,666697,633,MEG_8271|Drugs|Metronidazole|nim_nitroimidazole_reductase|NIMG,MEG_8271|Drugs|Metronidazole|nim_nitroimidazole_reductase|NIMG,495,668867,669361,+
Escherichia_coli_B3008,Escherichia_coli_B3008,709598,710806,1209,MEG_1741|Multi-compound|Drug_and_biocide_and_metal_resistance|Drug_and_biocide_and_metal_RND_efflux_pumps|CMEC,MEG_1741|Multi-compound|Drug_and_biocide_and_metal_resistance|Drug_and_biocide_and_metal_RND_efflux_pumps|CMEC,1479,712262,713740,+
Escherichia_coli_B3008,Escherichia_coli_B3008,719437,720663,1227,MEG_7821|Metals|Multi-metal_resistance|Multi-metal_resistance_protein|YFEA,MEG_7821|Metals|Multi-metal_resistance|Multi-metal_resistance_protein|YFEA,969,722371,723339,+
Escherichia_coli_B3008,Escherichia_coli_B3008,815285,816362,1078,MEG_8800|Drugs|Lipopeptides|Colistin_phosphoethanolamine_transferase|MCR,MEG_8800|Drugs|Lipopeptides|Colistin_phosphoethanolamine_transferase|MCR,1626,817961,819586,+
Escherichia_coli_B3008,Escherichia_coli_B3008,867004,868752,1749,MEG_80|Drugs|Aminoglycosides|Aminoglycoside_N-acetyltransferases|AAC6-PRIME,MEG_80|Drugs|Aminoglycosides|Aminoglycoside_N-acetyltransferases|AAC6-PRIME,441,870228,870668,+
Escherichia_coli_B3008,Escherichia_coli_B3008,944287,945009,723,MEG_11498|Drugs|Metronidazole|nim_nitroimidazole_reductase|NIMI,MEG_11498|Drugs|Metronidazole|nim_nitroimidazole_reductase|NIMI,498,946203,946700,+
Escherichia_coli_B3008,Escherichia_coli_B3008,986187,987419,1233,MEG_4180|Drugs|Metronidazole|nim_nitroimidazole_reductase|NIMB,MEG_4180|Drugs|Metronidazole|nim_nitroimidazole_reductase|NIMB,495,987878,988372,+
Escherichia_coli_B3008,Escherichia_coli_B3008,1017765,1018232,468,MEG_9965|Drugs|Metronidazole|nim_nitroimidazole_reductase|NIMH,MEG_9965|Drugs|Metronidazole|nim_nitroimidazole_reductase|NIMH,453,1018718,1019170,+
Escherichia_coli_B3008,Escherichia_coli_B3008,1082966,1084024,1059,MEG_3140|Multi-compound|Biocide_and_metal_resistance|Biocide_and_metal_resistance_protein|GLPF,MEG_3140|Multi-compound|Biocide_and_metal_resistance|Biocide_and_metal_resistance_protein|GLPF,846,1083904,1084749,+
Escherichia_coli_B3008,Escherichia_coli_B3008,1084026,1085489,1464,MEG_5846|Multi-compound|Drug_and_biocide_resistance|Drug_and_biocide_SMR_efflux_pumps|QACG,MEG_5846|Multi-compound|Drug_and_biocide_resistance|Drug_and_biocide_SMR_efflux_pumps|QACG,324,1084751,1085074,+
Escherichia_coli_B3008,Escherichia_coli_B3008,1085934,1086722,789,MEG_2576|Drugs|Trimethoprim|Dihydrofolate_reductase|DFRD,MEG_2576|Drugs|Trimethoprim|Dihydrofolate_reductase|DFRD,520,1085519,1086038,+
Escherichia_coli_B3008,Escherichia_coli_B3008,1095755,1096696,942,MEG_893|Drugs|Aminoglycosides|Aminoglycoside_O-nucleotidyltransferases|ANT3-DPRIME,MEG_893|Drugs|Aminoglycosides|Aminoglycoside_O-nucleotidyltransferases|ANT3-DPRIME,792,1095071,1095862,+
Escherichia_coli_B3008,Escherichia_coli_B3008,1159583,1160260,678,MEG_7641|Multi-compound|Drug_and_biocide_resistance|Drug_and_biocide_MATE_efflux_pumps|VCMA,MEG_7641|Multi-compound|Drug_and_biocide_resistance|Drug_and_biocide_MATE_efflux_pumps|VCMA,1386,1158749,1160134,+
Escherichia_coli_B3008,Escherichia_coli_B3008,1164452,1164595,144,MEG_2614|Drugs|Phenicol|Phenicol_resistance_MFS_efflux_pumps|DHAP,MEG_2614|Drugs|Phenicol|Phenicol_resistance_MFS_efflux_pumps|DHAP,1188,1164326,1165513,+
Escherichia_coli_B3008,Escherichia_coli_B3008,1189654,1190476,823,MEG_7133|Drugs|Tetracyclines|Tetracycline_resistance_ribosomal_protection_proteins|TETM,MEG_7133|Drugs|Tetracyclines|Tetracycline_resistance_ribosomal_protection_proteins|TETM,1920,1190572,1192491,+
Escherichia_coli_B3008,Escherichia_coli_B3008,1190501,1192033,1533,MEG_4359|Multi-compound|Drug_and_biocide_resistance|Drug_and_biocide_RND_efflux_pumps|OQXB,MEG_4359|Multi-compound|Drug_and_biocide_resistance|Drug_and_biocide_RND_efflux_pumps|OQXB,3153,1192516,1195668,+
Escherichia_coli_B3008,Escherichia_coli_B3008,1198852,1200462,1611,MEG_991|Drugs|Aminoglycosides|Aminoglycoside_O-nucleotidyltransferases|ANT6,MEG_991|Drugs|Aminoglycosides|Aminoglycoside_O-nucleotidyltransferases|ANT6,861,1202487,1203347,+
Escherichia_coli_B3008,Escherichia_coli_B3008,1214029,1215930,1902,MEG_6623|Drugs|Sulfonamides|Sulfonamide-resistant_dihydropteroate_synthases|SULII,MEG_6623|Drugs|Sulfonamides|Sulfonamide-resistant_dihydropteroate_synthases|SULII,852,1216914,1217765,+
Escherichia_coli_B3008,Escherichia_coli_B3008,1280378,1283521,3144,MEG_11249|Drugs|Fosfomycin|Fosfomycin_thiol_transferases|FOSU,MEG_11249|Drugs|Fosfomycin|Fosfomycin_thiol_transferases|FOSU,414,1282213,1282626,+
Escherichia_coli_B3008,Escherichia_coli_B3008,1283533,1284756,1224,MEG_2553|Drugs|Trimethoprim|Dihydrofolate_reductase|DFRA,MEG_2553|Drugs|Trimethoprim|Dihydrofolate_reductase|DFRA,510,1282638,1283147,+
Escherichia_coli_B3008,Escherichia_coli_B3008,1284772,1285104,333,MEG_3027|Drugs|Fosfomycin|Fosfomycin_thiol_transferases|FOSX,MEG_3027|Drugs|Fosfomycin|Fosfomycin_thiol_transferases|FOSX,402,1283163,1283564,+
Escherichia_coli_B3008,Escherichia_coli_B3008,1285262,1286635,1374,MEG_6611|Drugs|Sulfonamides|Sulfonamide-resistant_dihydropteroate_synthases|SULI,MEG_6611|Drugs|Sulfonamides|Sulfonamide-resistant_dihydropteroate_synthases|SULI,840,1283722,1284561,+
Escherichia_coli_B3008,Escherichia_coli_B3008,1286792,1288888,2097,MEG_1729|Drugs|Multi-drug_resistance|MDR_23S_ribosomal_RNA_methyltransferase|CLBD,MEG_1729|Drugs|Multi-drug_resistance|MDR_23S_ribosomal_RNA_methyltransferase|CLBD,1050,1284718,1285767,+
Escherichia_coli_B3008,Escherichia_coli_B3008,1348604,1350047,1444,MEG_2513|Drugs|Trimethoprim|Dihydrofolate_reductase|DFRA,MEG_2513|Drugs|Trimethoprim|Dihydrofolate_reductase|DFRA,474,1345483,1345956,+
Escherichia_coli_B3008,Escherichia_coli_B3008,1351566,1351973,408,MEG_1744|Multi-compound|Drug_and_biocide_and_metal_resistance|Drug_and_biocide_and_metal_RND_efflux_pumps|CMEE,MEG_1744|Multi-compound|Drug_and_biocide_and_metal_resistance|Drug_and_biocide_and_metal_RND_efflux_pumps|CMEE,741,1347475,1348215,+
Escherichia_coli_B3008,Escherichia_coli_B3008,1354587,1354798,212,MEG_1745|Multi-compound|Drug_and_biocide_and_metal_resistance|Drug_and_biocide_and_metal_RND_efflux_pumps|CMEF,MEG_1745|Multi-compound|Drug_and_biocide_and_metal_resistance|Drug_and_biocide_and_metal_RND_efflux_pumps|CMEF,3018,1350829,1353846,+
Escherichia_coli_B3008,Escherichia_coli_B3008,1380953,1382146,1194,MEG_11499|Drugs|Metronidazole|nim_nitroimidazole_reductase|NIME,MEG_11499|Drugs|Metronidazole|nim_nitroimidazole_reductase|NIME,513,1380001,1380513,+
Escherichia_coli_B3008,Escherichia_coli_B3008,1382169,1385318,3150,MEG_10001|Drugs|betalactams|Class_D_betalactamases|OXA,MEG_10001|Drugs|betalactams|Class_D_betalactamases|OXA,840,1380536,1381375,+
Escherichia_coli_B3008,Escherichia_coli_B3008,1394201,1395918,1718,MEG_8238|Drugs|Lipopeptides|Colistin_phosphoethanolamine_transferase|MCR,MEG_8238|Drugs|Lipopeptides|Colistin_phosphoethanolamine_transferase|MCR,1620,1390258,1391877,+
Escherichia_coli_B3008,Escherichia_coli_B3008,1481490,1482647,1158,MEG_6610|Drugs|Sulfonamides|Sulfonamide-resistant_dihydropteroate_synthases|SULI,MEG_6610|Drugs|Sulfonamides|Sulfonamide-resistant_dihydropteroate_synthases|SULI,840,1477449,1478288,+
Escherichia_coli_B3008,Escherichia_coli_B3008,1495702,1496811,1110,MEG_2071|Metals|Copper_resistance|Copper_resistance_regulator|COPR,MEG_2071|Metals|Copper_resistance|Copper_resistance_regulator|COPR,693,1491343,1492035,+
Escherichia_coli_B3008,Escherichia_coli_B3008,1644995,1645429,435,MEG_2731|Drugs|Multi-drug_resistance|Multi-drug_SMR_efflux_regulator|EMRE,MEG_2731|Drugs|Multi-drug_resistance|Multi-drug_SMR_efflux_regulator|EMRE,333,1640219,1640551,+
Escherichia_coli_B3008,Escherichia_coli_B3008,1645647,1647724,2078,MEG_10070|Drugs|MLS|ABC-F_ATPase_ribosomal_protection_protein|CPLR,MEG_10070|Drugs|MLS|ABC-F_ATPase_ribosomal_protection_protein|CPLR,1653,1640769,1642421,+
Escherichia_coli_B3008,Escherichia_coli_B3008,1647779,1648708,930,MEG_6673|Drugs|betalactams|Class_A_betalactamases|TEM,MEG_6673|Drugs|betalactams|Class_A_betalactamases|TEM,861,1642476,1643336,+
Escherichia_coli_B3008,Escherichia_coli_B3008,1648713,1649093,381,MEG_3895|Metals|Mercury_resistance|Mercury_resistance_protein|MERT,MEG_3895|Metals|Mercury_resistance|Mercury_resistance_protein|MERT,297,1643341,1643637,+
Escherichia_coli_B3008,Escherichia_coli_B3008,1649133,1650023,891,MEG_4195|Metals|Nickel_resistance|Nickel_resistance_protein|NIRA,MEG_4195|Metals|Nickel_resistance|Nickel_resistance_protein|NIRA,1071,1643677,1644747,+
Escherichia_coli_B3008,Escherichia_coli_B3008,1650029,1651846,1818,MEG_7391|Drugs|Glycopeptides|VanE-type_resistance_protein|VANE,MEG_7391|Drugs|Glycopeptides|VanE-type_resistance_protein|VANE,604,1644753,1645356,+
Escherichia_coli_B3008,Escherichia_coli_B3008,1653828,1656304,2477,MEG_2999|Drugs|Fosfomycin|Fosfomycin_thiol_transferases|FOSA,MEG_2999|Drugs|Fosfomycin|Fosfomycin_thiol_transferases|FOSA,426,1647338,1647763,+
Escherichia_coli_B3008,Escherichia_coli_B3008,1656933,1660075,3143,MEG_8692|Multi-compound|Drug_and_biocide_resistance|Drug_and_biocide_MFS_efflux_pumps|SDRM,MEG_8692|Multi-compound|Drug_and_biocide_resistance|Drug_and_biocide_MFS_efflux_pumps|SDRM,1344,1648392,1649735,+
Escherichia_coli_B3008,Escherichia_coli_B3008,1660086,1661378,1293,MEG_8638|Drugs|Multi-drug_resistance|Multi-drug_ABC_efflux_pumps|POXT,MEG_8638|Drugs|Multi-drug_resistance|Multi-drug_ABC_efflux_pumps|POXT,1635,1649746,1651380,+
Escherichia_coli_B3008,Escherichia_coli_B3008,1661492,1661845,354,MEG_6575|Biocides|Multi-biocide_resistance|Multi-biocide_SMR_efflux_pump|SUGE,MEG_6575|Biocides|Multi-biocide_resistance|Multi-biocide_SMR_efflux_pump|SUGE,468,1651494,1651961,+
Escherichia_coli_B3008,Escherichia_coli_B3008,1661874,1663259,1386,MEG_1655|Metals|Chromium_resistance|Chromate_ABC_efflux_pump|CEUE,MEG_1655|Metals|Chromium_resistance|Chromate_ABC_efflux_pump|CEUE,942,1651990,1652931,+
Escherichia_coli_B3008,Escherichia_coli_B3008,1663449,1665597,2149,MEG_3876|Metals|Mercury_resistance|Mercury_resistance_protein|MERP,MEG_3876|Metals|Mercury_resistance|Mercury_resistance_protein|MERP,342,1653121,1653462,+
Escherichia_coli_B3008,Escherichia_coli_B3008,1665848,1666279,432,MEG_11386|Drugs|Lipopeptides|Daptomycin_efflux_regulator|DRCR,MEG_11386|Drugs|Lipopeptides|Daptomycin_efflux_regulator|DRCR,672,1653713,1654384,+
Escherichia_coli_B3008,Escherichia_coli_B3008,1701952,1702662,711,MEG_2664|Multi-compound|Biocide_and_metal_resistance|Biocide_and_metal_resistance_protein|DPSA,MEG_2664|Multi-compound|Biocide_and_metal_resistance|Biocide_and_metal_resistance_protein|DPSA,489,1690057,1690545,+
Escherichia_coli_B3008,Escherichia_coli_B3008,1779088,1780638,1551,MEG_3453|Metals|Tellurium_resistance|Tellurium_resistance_protein|KLAC,MEG_3453|Metals|Tellurium_resistance|Tellurium_resistance_protein|KLAC,954,1766971,1767924,+
Escherichia_coli_B3008,Escherichia_coli_B3008,1832407,1833351,945,MEG_1593|Drugs|Phenicol|Chloramphenicol_acetyltransferases|CATA,MEG_1593|Drugs|Phenicol|Chloramphenicol_acetyltransferases|CATA,671,1819693,1820363,+
Escherichia_coli_B3008,Escherichia_coli_B3008,1859219,1861573,2355,MEG_2921|Drugs|Phenicol|Phenicol_resistance_MFS_efflux_pumps|FLOR,MEG_2921|Drugs|Phenicol|Phenicol_resistance_MFS_efflux_pumps|FLOR,1215,1846231,1847445,+
Escherichia_coli_B3008,Escherichia_coli_B3008,1864722,1865099,378,MEG_6649|Drugs|Tetracenomycin|Tetracenomycin_MFS_efflux_pump|TCMA,MEG_6649|Drugs|Tetracenomycin|Tetracenomycin_MFS_efflux_pump|TCMA,1617,1850594,1852210,+
Escherichia_coli_B3008,Escherichia_coli_B3008,1901784,1902950,1167,MEG_4189|Drugs|Metronidazole|nim_nitroimidazole_reductase|NIMI,MEG_4189|Drugs|Metronidazole|nim_nitroimidazole_reductase|NIMI,457,1888895,1889351,+
Escherichia_coli_B3008,Escherichia_coli_B3008,1926778,1927647,870,MEG_2504|Drugs|Trimethoprim|Dihydrofolate_reductase|DFRA,MEG_2504|Drugs|Trimethoprim|Dihydrofolate_reductase|DFRA,474,1913179,1913652,+
Escherichia_coli_B3008,Escherichia_coli_B3008,1996446,1997654,1209,MEG_3074|Drugs|Fusidic_acid|Fusidic_acid_esterases|FUSH,MEG_3074|Drugs|Fusidic_acid|Fusidic_acid_esterases|FUSH,1530,1982451,1983980,+
Escherichia_coli_B3008,Escherichia_coli_B3008,2039099,2041795,2697,MEG_1467|Biocides|Multi-biocide_resistance|Multi-biocide_resistance_regulator|BLTR,MEG_1467|Biocides|Multi-biocide_resistance|Multi-biocide_resistance_regulator|BLTR,822,2025425,2026246,+
Escherichia_coli_B3008,Escherichia_coli_B3008,2136984,2138117,1134,MEG_2485|Drugs|Trimethoprim|Dihydrofolate_reductase|DFRA,MEG_2485|Drugs|Trimethoprim|Dihydrofolate_reductase|DFRA,498,2121435,2121932,+
Escherichia_coli_B3008,Escherichia_coli_B3008,2138736,2139202,467,MEG_4091|Drugs|Mupirocin|Mupirocin-resistant_isoleucyl-tRNA_synthetase|MUPB,MEG_4091|Drugs|Mupirocin|Mupirocin-resistant_isoleucyl-tRNA_synthetase|MUPB,3102,2122551,2125652,+
Escherichia_coli_B3008,Escherichia_coli_B3008,2150570,2150908,339,MEG_8272|Drugs|Metronidazole|nim_nitroimidazole_reductase|NIMK,MEG_8272|Drugs|Metronidazole|nim_nitroimidazole_reductase|NIMK,507,2137020,2137526,+
Escherichia_coli_B3008,Escherichia_coli_B3008,2217730,2219373,1644,MEG_10077|Drugs|Lipopeptides|Daptomycin-resistant_mutant|DRMA,MEG_10077|Drugs|Lipopeptides|Daptomycin-resistant_mutant|DRMA,645,2204348,2204992,+
Escherichia_coli_B3008,Escherichia_coli_B3008,2248704,2253249,4546,MEG_4172|Metals|Nickel_resistance|Nickel_ABC_efflux_pumps|NIKD,MEG_4172|Metals|Nickel_resistance|Nickel_ABC_efflux_pumps|NIKD,762,2234323,2235084,+
Escherichia_coli_B3008,Escherichia_coli_B3008,2267800,2269449,1650,MEG_6164|Drugs|Nucleosides|Streptothricin_acetyltransferase|SAT,MEG_6164|Drugs|Nucleosides|Streptothricin_acetyltransferase|SAT,522,2249635,2250156,+
Escherichia_coli_B3008,Escherichia_coli_B3008,2274770,2275234,465,MEG_1738|Multi-compound|Drug_and_biocide_and_metal_resistance|Drug_and_biocide_and_metal_RND_efflux_pumps|CMEA,MEG_1738|Multi-compound|Drug_and_biocide_and_metal_resistance|Drug_and_biocide_and_metal_RND_efflux_pumps|CMEA,1104,2255477,2256580,+
Escherichia_coli_B3008,Escherichia_coli_B3008,2275320,2275643,324,MEG_406|Multi-compound|Drug_and_biocide_and_metal_resistance|Drug_and_biocide_and_metal_RND_efflux_pumps|ACRD,MEG_406|Multi-compound|Drug_and_biocide_and_metal_resistance|Drug_and_biocide_and_metal_RND_efflux_pumps|ACRD,3114,2256666,2259779,+
Escherichia_coli_B3008,Escherichia_coli_B3008,2292758,2293273,516,MEG_3067|Drugs|Fusidic_acid|Ribosomal_zinc-binding_protein|FUSB,MEG_3067|Drugs|Fusidic_acid|Ribosomal_zinc-binding_protein|FUSB,642,2276894,2277535,+
Escherichia_coli_B3008,Escherichia_coli_B3008,2329147,2329971,825,MEG_2756|Drugs|MLS|23S_rRNA_methyltransferases|ERM,MEG_2756|Drugs|MLS|23S_rRNA_methyltransferases|ERM,801,2313409,2314209,+
Escherichia_coli_B3008,Escherichia_coli_B3008,2347480,2349602,2123,MEG_7371|Drugs|Glycopeptides|VanC-type_resistance_protein|VANC,MEG_7371|Drugs|Glycopeptides|VanC-type_resistance_protein|VANC,1622,2331718,2333339,+
Escherichia_coli_B3008,Escherichia_coli_B3008,2349887,2350178,292,MEG_8451|Drugs|Multi-drug_resistance|MDR_regulator|PARR,MEG_8451|Drugs|Multi-drug_resistance|MDR_regulator|PARR,708,2333624,2334331,+
Escherichia_coli_B3008,Escherichia_coli_B3008,2436061,2436906,846,MEG_11287|Drugs|Aminoglycosides|Aminoglycoside_N-acetyltransferases|AAC6-PRIME,MEG_11287|Drugs|Aminoglycosides|Aminoglycoside_N-acetyltransferases|AAC6-PRIME,429,2420214,2420642,+
Escherichia_coli_B3008,Escherichia_coli_B3008,2446780,2447682,903,MEG_2048|Metals|Copper_resistance|Copper_resistance_protein|COPC,MEG_2048|Metals|Copper_resistance|Copper_resistance_protein|COPC,381,2430516,2430896,+
Escherichia_coli_B3008,Escherichia_coli_B3008,2448481,2450549,2069,MEG_6561|Biocides|Multi-biocide_resistance|Multi-biocide_RND_efflux_pump|SRPC,MEG_6561|Biocides|Multi-biocide_resistance|Multi-biocide_RND_efflux_pump|SRPC,1413,2431695,2433107,+
Escherichia_coli_B3008,Escherichia_coli_B3008,2452721,2453341,621,MEG_10013|Multi-compound|Drug_and_biocide_and_metal_resistance|Drug_and_biocide_and_metal_RND_efflux_regulator|BAES,MEG_10013|Multi-compound|Drug_and_biocide_and_metal_resistance|Drug_and_biocide_and_metal_RND_efflux_regulator|BAES,1404,2435279,2436682,+
Escherichia_coli_B3008,Escherichia_coli_B3008,2506834,2507460,627,MEG_7858|Metals|Zinc_resistance|Zinc_resistance_protein|ZNUB,MEG_7858|Metals|Zinc_resistance|Zinc_resistance_protein|ZNUB,786,2490175,2490960,+
Escherichia_coli_B3008,Escherichia_coli_B3008,2548015,2548965,951,MEG_6654|Metals|Copper_resistance|Copper_resistance_protein|TCRZ,MEG_6654|Metals|Copper_resistance|Copper_resistance_protein|TCRZ,207,2531515,2531721,+
Escherichia_coli_B3008,Escherichia_coli_B3008,2637309,2638349,1041,MEG_6609|Drugs|Sulfonamides|Sulfonamide-resistant_dihydropteroate_synthases|SULI,MEG_6609|Drugs|Sulfonamides|Sulfonamide-resistant_dihydropteroate_synthases|SULI,840,2620065,2620904,+
Escherichia_coli_B3008,Escherichia_coli_B3008,2638435,2640284,1850,MEG_7219|Drugs|Tetracyclines|Tetracycline_resistance_ribosomal_protection_proteins|TETW,MEG_7219|Drugs|Tetracyclines|Tetracycline_resistance_ribosomal_protection_proteins|TETW,1920,2620990,2622909,+
Escherichia_coli_B3008,Escherichia_coli_B3008,2640467,2641240,774,MEG_8657|Drugs|Fluoroquinolones|Quinolone_resistance_protein_Qnr|QNRE,MEG_8657|Drugs|Fluoroquinolones|Quinolone_resistance_protein_Qnr|QNRE,645,2623092,2623736,+
Escherichia_coli_B3008,Escherichia_coli_B3008,2653622,2654188,567,MEG_6959|Metals|Tellurium_resistance|Tellurium_resistance_protein|TERE,MEG_6959|Metals|Tellurium_resistance|Tellurium_resistance_protein|TERE,576,2636118,2636693,+
Escherichia_coli_B3008,Escherichia_coli_B3008,2681419,2681832,414,MEG_1707|Metals|Chromium_resistance|Chromium_resistance_protein|CHRA,MEG_1707|Metals|Chromium_resistance|Chromium_resistance_protein|CHRA,1206,2663924,2665129,+
Escherichia_coli_B3008,Escherichia_coli_B3008,2681938,2682372,435,MEG_4192|Drugs|Metronidazole|nim_nitroimidazole_reductase|NIMI,MEG_4192|Drugs|Metronidazole|nim_nitroimidazole_reductase|NIMI,463,2665235,2665697,+
Escherichia_coli_B3008,Escherichia_coli_B3008,2691325,2692515,1191,MEG_14|Drugs|Aminoglycosides|Aminoglycoside_N-acetyltransferases|AAC2-PRIME,MEG_14|Drugs|Aminoglycosides|Aminoglycoside_N-acetyltransferases|AAC2-PRIME,783,2674650,2675432,+
Escherichia_coli_B3008,Escherichia_coli_B3008,2892140,2893540,1401,MEG_2919|Drugs|Phenicol|Phenicol_resistance_MFS_efflux_pumps|FLOR,MEG_2919|Drugs|Phenicol|Phenicol_resistance_MFS_efflux_pumps|FLOR,1215,2875057,2876271,+
Escherichia_coli_B3008,Escherichia_coli_B3008,2893910,2894734,825,MEG_7477|Drugs|Glycopeptides|VanD-type_regulator|VANRD,MEG_7477|Drugs|Glycopeptides|VanD-type_regulator|VANRD,699,2876641,2877339,+
Escherichia_coli_B3008,Escherichia_coli_B3008,2895102,2895830,729,MEG_4054|Drugs|Cationic_antimicrobial_peptides|Defensin-resistant_mprF|MPRF,MEG_4054|Drugs|Cationic_antimicrobial_peptides|Defensin-resistant_mprF|MPRF,2643,2877707,2880349,+
Escherichia_coli_B3008,Escherichia_coli_B3008,2896193,2899306,3114,MEG_7837|Biocides|Multi-biocide_resistance|Multi-biocide_resistance_protein|YJCG,MEG_7837|Biocides|Multi-biocide_resistance|Multi-biocide_resistance_protein|YJCG,1650,2880712,2882361,+
Escherichia_coli_B3008,Escherichia_coli_B3008,2899331,2900488,1158,MEG_2517|Drugs|Trimethoprim|Dihydrofolate_reductase|DFRA,MEG_2517|Drugs|Trimethoprim|Dihydrofolate_reductase|DFRA,474,2882386,2882859,+
Escherichia_coli_B3008,Escherichia_coli_B3008,2900827,2901354,528,MEG_1554|Drugs|Phenicol|Chloramphenicol_acetyltransferases|CAT,MEG_1554|Drugs|Phenicol|Chloramphenicol_acetyltransferases|CAT,660,2883198,2883857,+
Escherichia_coli_B3008,Escherichia_coli_B3008,2902980,2903312,333,MEG_4178|Drugs|Metronidazole|nim_nitroimidazole_reductase|NIMA,MEG_4178|Drugs|Metronidazole|nim_nitroimidazole_reductase|NIMA,457,2885483,2885939,+
Escherichia_coli_B3008,Escherichia_coli_B3008,2903416,2903754,339,MEG_812|Drugs|Aminoglycosides|Aminoglycoside_O-nucleotidyltransferases|ANT3-DPRIME,MEG_812|Drugs|Aminoglycosides|Aminoglycoside_O-nucleotidyltransferases|ANT3-DPRIME,792,2886043,2886834,+
Escherichia_coli_B3008,Escherichia_coli_B3008,2907859,2908284,426,MEG_3255|Biocides|Acid_resistance|Acid_resistance_protein|HDEB,MEG_3255|Biocides|Acid_resistance|Acid_resistance_protein|HDEB,339,2890939,2891277,+
Escherichia_coli_B3008,Escherichia_coli_B3008,2908297,2909586,1290,MEG_7818|Biocides|Peroxide_resistance|peroxide_resistance_protein|YDEI,MEG_7818|Biocides|Peroxide_resistance|peroxide_resistance_protein|YDEI,393,2891290,2891682,+
Escherichia_coli_B3008,Escherichia_coli_B3008,2909640,2909993,354,MEG_713|Metals|Arsenic_resistance|Arsenite_oxidase|AIOB,MEG_713|Metals|Arsenic_resistance|Arsenite_oxidase|AIOB,522,2891736,2892257,+
Escherichia_coli_B3008,Escherichia_coli_B3008,2919382,2920881,1500,MEG_1756|Drugs|Phenicol|Phenicol_resistance_MFS_efflux_pumps|CMLA,MEG_1756|Drugs|Phenicol|Phenicol_resistance_MFS_efflux_pumps|CMLA,1260,2901646,2902905,+
Escherichia_coli_B3008,Escherichia_coli_B3008,2939505,2939936,432,MEG_2039|Metals|Copper_resistance|Copper_resistance_protein|COPB,MEG_2039|Metals|Copper_resistance|Copper_resistance_protein|COPB,987,2921529,2922515,+
Escherichia_coli_B3008,Escherichia_coli_B3008,2939942,2944857,4916,MEG_6028|Drugs|Fluoroquinolones|Quinolone_resistance_protein_Qnr|QNRS,MEG_6028|Drugs|Fluoroquinolones|Quinolone_resistance_protein_Qnr|QNRS,657,2922521,2923177,+
Escherichia_coli_B3008,Escherichia_coli_B3008,2949875,2952073,2199,MEG_1147|Metals|Arsenic_resistance|Arsenic_resistance_protein|ARSB,MEG_1147|Metals|Arsenic_resistance|Arsenic_resistance_protein|ARSB,1041,2928195,2929235,+
Escherichia_coli_B3008,Escherichia_coli_B3008,3073242,3073874,633,MEG_3847|Metals|Mercury_resistance|Mercury_resistance_protein|MERB,MEG_3847|Metals|Mercury_resistance|Mercury_resistance_protein|MERB,639,3050404,3051042,+
Escherichia_coli_B3008,Escherichia_coli_B3008,3120864,3121289,426,MEG_10088|Drugs|Rifampin|RNA_polymerase_protection_protein|HELR,MEG_10088|Drugs|Rifampin|RNA_polymerase_protection_protein|HELR,2169,3098032,3100200,+
Escherichia_coli_B3008,Escherichia_coli_B3008,3141864,3144968,3105,MEG_1169|Metals|Arsenic_resistance|Arsenic_resistance_protein|ARSM,MEG_1169|Metals|Arsenic_resistance|Arsenic_resistance_protein|ARSM,852,3120775,3121626,+
Escherichia_coli_B3008,Escherichia_coli_B3008,3144980,3146137,1158,MEG_5953|Drugs|Fluoroquinolones|Quinolone_resistance_protein_Qnr|QNRB,MEG_5953|Drugs|Fluoroquinolones|Quinolone_resistance_protein_Qnr|QNRB,681,3121638,3122318,+
Escherichia_coli_B3008,Escherichia_coli_B3008,3146536,3147198,663,MEG_7272|Biocides|Phenolic_compound_resistance|Phenolic_RND_efflux_pump|TRIAP,MEG_7272|Biocides|Phenolic_compound_resistance|Phenolic_RND_efflux_pump|TRIAP,618,3122717,3123334,+
Escherichia_coli_B3008,Escherichia_coli_B3008,3174955,3175269,315,MEG_6640|Drugs|Sulfonamides|Sulfonamide-resistant_dihydropteroate_synthases|SULIV,MEG_6640|Drugs|Sulfonamides|Sulfonamide-resistant_dihydropteroate_synthases|SULIV,863,3151091,3151953,+
Escherichia_coli_B3008,Escherichia_coli_B3008,3344477,3345241,765,MEG_6540|Biocides|Peroxide_resistance|peroxide_resistance_protein|SODA,MEG_6540|Biocides|Peroxide_resistance|peroxide_resistance_protein|SODA,621,3321161,3321781,+
Escherichia_coli_B3008,Escherichia_coli_B3008,3356836,3357657,822,MEG_1179|Drugs|Multi-drug_resistance|Multi-drug_RND_efflux_regulator|ASMA,MEG_1179|Drugs|Multi-drug_resistance|Multi-drug_RND_efflux_regulator|ASMA,1824,3333376,3335199,+
Escherichia_coli_B3008,Escherichia_coli_B3008,3376306,3377103,798,MEG_7785|Biocides|Multi-biocide_resistance|Multi-biocide_RND_efflux_pump|VMEB,MEG_7785|Biocides|Multi-biocide_resistance|Multi-biocide_RND_efflux_pump|VMEB,3162,3353848,3357009,+
Escherichia_coli_B3008,Escherichia_coli_B3008,3381379,3381520,142,MEG_2834|Drugs|MLS|23S_rRNA_methyltransferases|ERMG,MEG_2834|Drugs|MLS|23S_rRNA_methyltransferases|ERMG,735,3361285,3362019,+
Escherichia_coli_B3008,Escherichia_coli_B3008,3389950,3390342,393,MEG_3028|Drugs|Fosfomycin|Fosfomycin_thiol_transferases|FOSX,MEG_3028|Drugs|Fosfomycin|Fosfomycin_thiol_transferases|FOSX,402,3370449,3370850,+
Escherichia_coli_B3008,Escherichia_coli_B3008,3423256,3424748,1493,MEG_1118|Drugs|Multi-drug_resistance|MDR_regulator|ARLS,MEG_1118|Drugs|Multi-drug_resistance|MDR_regulator|ARLS,1356,3403764,3405119,+
Escherichia_coli_B3008,Escherichia_coli_B3008,3457169,3458893,1725,MEG_2891|Metals|Multi-metal_resistance|Multi-metal_ABC_efflux_pumps|FBPC,MEG_2891|Metals|Multi-metal_resistance|Multi-metal_ABC_efflux_pumps|FBPC,1071,3437540,3438610,+
Escherichia_coli_B3008,Escherichia_coli_B3008,3538980,3539690,711,MEG_1552|Drugs|Phenicol|Chloramphenicol_acetyltransferases|CAT,MEG_1552|Drugs|Phenicol|Chloramphenicol_acetyltransferases|CAT,660,3518697,3519356,+
Escherichia_coli_B3008,Escherichia_coli_B3008,3720578,3721606,1029,MEG_7237|Drugs|Tetracyclines|Tetracycline_resistance_ribosomal_protection_proteins|TETW,MEG_7237|Drugs|Tetracyclines|Tetracycline_resistance_ribosomal_protection_proteins|TETW,1920,3700244,3702163,+
Escherichia_coli_B3008,Escherichia_coli_B3008,3774190,3775728,1539,MEG_7269|Metals|Tellurium_resistance|Tellurium_resistance_protein|TRGA,MEG_7269|Metals|Tellurium_resistance|Tellurium_resistance_protein|TRGA,441,3754747,3755187,+
Escherichia_coli_B3008,Escherichia_coli_B3008,3775745,3776917,1173,MEG_11510|Drugs|Tetracyclines|Tetracycline_resistance_ribosomal_protection_proteins|TETO,MEG_11510|Drugs|Tetracyclines|Tetracycline_resistance_ribosomal_protection_proteins|TETO,1920,3755204,3757123,+
Escherichia_coli_B3008,Escherichia_coli_B3008,3777044,3777574,531,MEG_2661|Multi-compound|Biocide_and_metal_resistance|Biocide_and_metal_resistance_protein|DPR,MEG_2661|Multi-compound|Biocide_and_metal_resistance|Biocide_and_metal_resistance_protein|DPR,519,3757250,3757768,+
Escherichia_coli_B3008,Escherichia_coli_B3008,3827235,3827918,684,MEG_3622|Biocides|Acetate_resistance|Acetate_resistance_protein|LPDT,MEG_3622|Biocides|Acetate_resistance|Acetate_resistance_protein|LPDT,2355,3807429,3809783,+
Escherichia_coli_B3008,Escherichia_coli_B3008,3965156,3965632,477,MEG_2722|Multi-compound|Drug_and_biocide_resistance|Drug_and_biocide_MFS_efflux_pumps|EMRA,MEG_2722|Multi-compound|Drug_and_biocide_resistance|Drug_and_biocide_MFS_efflux_pumps|EMRA,1173,3947021,3948193,+
Escherichia_coli_B3008,Escherichia_coli_B3008,3986310,3989423,3114,MEG_1468|Biocides|Multi-biocide_resistance|Multi-biocide_resistance_regulator|BLTR,MEG_1468|Biocides|Multi-biocide_resistance|Multi-biocide_resistance_regulator|BLTR,822,3968871,3969692,+
Escherichia_coli_B3008,Escherichia_coli_B3008,4031212,4032516,1305,MEG_2023|Metals|Copper_resistance|Copper_resistance_protein|COPA,MEG_2023|Metals|Copper_resistance|Copper_resistance_protein|COPA,1860,4011481,4013340,+
Escherichia_coli_B3008,Escherichia_coli_B3008,4062656,4063894,1239,MEG_11452|Drugs|Lipopeptides|Colistin_phosphoethanolamine_transferase|MCR,MEG_11452|Drugs|Lipopeptides|Colistin_phosphoethanolamine_transferase|MCR,1698,4043480,4045177,+
Escherichia_coli_B3008,Escherichia_coli_B3008,4087393,4090986,3594,MEG_8802|Drugs|Lipopeptides|Colistin_phosphoethanolamine_transferase|MCR,MEG_8802|Drugs|Lipopeptides|Colistin_phosphoethanolamine_transferase|MCR,1620,4068676,4070295,+
Escherichia_coli_B3008,Escherichia_coli_B3008,4090991,4091605,615,MEG_8787|Drugs|Lipopeptides|Colistin_phosphoethanolamine_transferase|MCR,MEG_8787|Drugs|Lipopeptides|Colistin_phosphoethanolamine_transferase|MCR,1626,4070300,4071925,+
Escherichia_coli_B3008,Escherichia_coli_B3008,4092021,4094722,2702,MEG_2982|Drugs|Fosfomycin|Fosfomycin_thiol_transferases|FOSA,MEG_2982|Drugs|Fosfomycin|Fosfomycin_thiol_transferases|FOSA,390,4072341,4072730,+
Escherichia_coli_B3008,Escherichia_coli_B3008,4192758,4193726,969,MEG_6629|Drugs|Sulfonamides|Sulfonamide-resistant_dihydropteroate_synthases|SULII,MEG_6629|Drugs|Sulfonamides|Sulfonamide-resistant_dihydropteroate_synthases|SULII,816,4170766,4171581,+
Escherichia_coli_B3008,Escherichia_coli_B3008,4248330,4248573,244,MEG_7255|Drugs|Glycopeptides|Bleomycin_resistance_protein|TLMB,MEG_7255|Drugs|Glycopeptides|Bleomycin_resistance_protein|TLMB,879,4226185,4227063,+
Escherichia_coli_B3008,Escherichia_coli_B3008,4248882,4249117,236,MEG_2011|Metals|Multi-metal_resistance|Multi-metal_resistance_regulator|CNRH,MEG_2011|Metals|Multi-metal_resistance|Multi-metal_resistance_regulator|CNRH,576,4227372,4227947,+
Escherichia_coli_B3008,Escherichia_coli_B3008,4252209,4253852,1644,MEG_8674|Drugs|Rifampin|Rifampin-resistant_beta-subunit_of_RNA_polymerase_RpoB|RPOB,MEG_8674|Drugs|Rifampin|Rifampin-resistant_beta-subunit_of_RNA_polymerase_RpoB|RPOB,3561,4231039,4234599,+
Escherichia_coli_B3008,Escherichia_coli_B3008,4279690,4280880,1191,MEG_1978|Drugs|betalactams|Class_C_betalactamases|CMY,MEG_1978|Drugs|betalactams|Class_C_betalactamases|CMY,1230,4260437,4261666,+
Escherichia_coli_B3008,Escherichia_coli_B3008,4371975,4372313,339,MEG_86|Drugs|Aminoglycosides|Aminoglycoside_N-acetyltransferases|AAC6-PRIME,MEG_86|Drugs|Aminoglycosides|Aminoglycoside_N-acetyltransferases|AAC6-PRIME,549,4352761,4353309,+
Escherichia_coli_B3008,Escherichia_coli_B3008,4372532,4373356,825,MEG_7444|Drugs|Glycopeptides|VanL-type_resistance_protein|VANL,MEG_7444|Drugs|Glycopeptides|VanL-type_resistance_protein|VANL,1050,4353528,4354577,+
Escherichia_coli_B3008,Escherichia_coli_B3008,4373477,4373749,273,MEG_972|Drugs|Aminoglycosides|Aminoglycoside_O-nucleotidyltransferases|ANT3-DPRIME,MEG_972|Drugs|Aminoglycosides|Aminoglycoside_O-nucleotidyltransferases|ANT3-DPRIME,780,4354698,4355477,+
Escherichia_coli_B3008,Escherichia_coli_B3008,4392383,4394505,2123,MEG_723|Metals|Aluminum_resistance|Aluminum_resistance_protein|ALU1P,MEG_723|Metals|Aluminum_resistance|Aluminum_resistance_protein|ALU1P,561,4374111,4374671,+
Escherichia_coli_B3008,Escherichia_coli_B3008,4395918,4403365,7448,MEG_2578|Drugs|Trimethoprim|Dihydrofolate_reductase|DFRF,MEG_2578|Drugs|Trimethoprim|Dihydrofolate_reductase|DFRF,495,4376084,4376578,+
Escherichia_coli_B3008,Escherichia_coli_B3008,4415880,4417732,1853,MEG_1586|Drugs|Phenicol|Chloramphenicol_acetyltransferases|CATA,MEG_1586|Drugs|Phenicol|Chloramphenicol_acetyltransferases|CATA,648,4389093,4389740,+
Escherichia_coli_B3008,Escherichia_coli_B3008,4460035,4461201,1167,MEG_5422|Metals|Copper_resistance|Copper_resistance_protein|PCOD,MEG_5422|Metals|Copper_resistance|Copper_resistance_protein|PCOD,930,4432043,4432972,+
Escherichia_coli_B3008,Escherichia_coli_B3008,4512960,4514365,1406,MEG_7081|Drugs|Tetracyclines|Tetracycline_resistance_MFS_efflux_pumps|TETG,MEG_7081|Drugs|Tetracyclines|Tetracycline_resistance_MFS_efflux_pumps|TETG,1128,4484731,4485858,+
Escherichia_coli_B3008,Escherichia_coli_B3008,4539420,4540070,651,MEG_11242|Drugs|Fosfomycin|Fosfomycin_thiol_transferases|FOSA,MEG_11242|Drugs|Fosfomycin|Fosfomycin_thiol_transferases|FOSA,423,4510913,4511335,+
Escherichia_coli_B3008,Escherichia_coli_B3008,4546739,4546852,114,MEG_7543|Drugs|Glycopeptides|VanG-type_accessory_protein|VANWG,MEG_7543|Drugs|Glycopeptides|VanG-type_accessory_protein|VANWG,846,4518004,4518849,+
Escherichia_coli_B3008,Escherichia_coli_B3008,4556181,4556408,228,MEG_4218|Metals|Nickel_resistance|Nickel_RND_efflux_pumps|NRSA,MEG_4218|Metals|Nickel_resistance|Nickel_RND_efflux_pumps|NRSA,3165,4528178,4531342,+
Escherichia_coli_B3008,Escherichia_coli_B3008,4620924,4621670,747,MEG_1127|Drugs|Rifampin|Rifampin_ADP-ribosyltransferase_Arr|ARR,MEG_1127|Drugs|Rifampin|Rifampin_ADP-ribosyltransferase_Arr|ARR,453,4595858,4596310,+
Escherichia_coli_B3008,Escherichia_coli_B3008,4636500,4637528,1029,MEG_2701|Biocides|Acid_resistance|Acid_resistance_protein|EEFA,MEG_2701|Biocides|Acid_resistance|Acid_resistance_protein|EEFA,1125,4611140,4612264,+
Escherichia_coli_B3008,Escherichia_coli_B3008,4637607,4638539,933,MEG_1714|Metals|Chromium_resistance|Chromium_resistance_protein|CHRE,MEG_1714|Metals|Chromium_resistance|Chromium_resistance_protein|CHRE,342,4612343,4612684,+
Escherichia_coli_B3008,Escherichia_coli_B3008,4673934,4674500,567,MEG_2744|Drugs|MLS|Macrolide_esterases|EREA,MEG_2744|Drugs|MLS|Macrolide_esterases|EREA,1221,4648079,4649299,+
Escherichia_coli_B766,E.coli.B766.final.genome,47522,48655,1134,MEG_6578|Biocides|Multi-biocide_resistance|Multi-biocide_SMR_efflux_pump|SUGE,MEG_6578|Biocides|Multi-biocide_resistance|Multi-biocide_SMR_efflux_pump|SUGE,318,47522,47839,+
Escherichia_coli_B766,E.coli.B766.final.genome,49274,49740,467,MEG_6598|Drugs|Sulfonamides|Sulfonamide-resistant_dihydropteroate_synthases|SULI,MEG_6598|Drugs|Sulfonamides|Sulfonamide-resistant_dihydropteroate_synthases|SULI,840,48458,49297,+
Escherichia_coli_B766,E.coli.B766.final.genome,60952,61290,339,MEG_499|Multi-compound|Biocide_and_metal_resistance|Biocide_and_metal_resistance_protein|ACTA,MEG_499|Multi-compound|Biocide_and_metal_resistance|Biocide_and_metal_resistance_protein|ACTA,1632,60509,62140,+
Escherichia_coli_B766,E.coli.B766.final.genome,90720,92363,1644,MEG_5798|Multi-compound|Drug_and_metal_resistance|Drug_and_metal_MFS_efflux_pumps|PMRAM,MEG_5798|Multi-compound|Drug_and_metal_resistance|Drug_and_metal_MFS_efflux_pumps|PMRAM,669,91570,92238,+
Escherichia_coli_B766,E.coli.B766.final.genome,115019,119564,4546,MEG_7796|Biocides|Multi-biocide_resistance|Multi-biocide_RND_efflux_pump|VMEQ,MEG_7796|Biocides|Multi-biocide_resistance|Multi-biocide_RND_efflux_pump|VMEQ,3141,114894,118034,+
Escherichia_coli_B766,E.coli.B766.final.genome,133595,135244,1650,MEG_310|Drugs|Aminoglycosides|Aminoglycoside_N-acetyltransferases|AAC6-PRIME,MEG_310|Drugs|Aminoglycosides|Aminoglycoside_N-acetyltransferases|AAC6-PRIME,555,132065,132619,+
Escherichia_coli_B766,E.coli.B766.final.genome,140563,141027,465,MEG_6656|Multi-compound|Biocide_and_metal_resistance|Biocide_and_metal_resistance_protein|TEHB,MEG_6656|Multi-compound|Biocide_and_metal_resistance|Biocide_and_metal_resistance_protein|TEHB,594,137938,138531,+
Escherichia_coli_B766,E.coli.B766.final.genome,141113,141436,324,MEG_3864|Metals|Mercury_resistance|Mercury_resistance_regulator|MERD,MEG_3864|Metals|Mercury_resistance|Mercury_resistance_regulator|MERD,366,138617,138982,+
Escherichia_coli_B766,E.coli.B766.final.genome,158530,159045,516,MEG_7015|Drugs|Tetracyclines|Tetracycline_resistance_MFS_efflux_pumps|TETA,MEG_7015|Drugs|Tetracyclines|Tetracycline_resistance_MFS_efflux_pumps|TETA,1200,156076,157275,+
Escherichia_coli_B766,E.coli.B766.final.genome,197937,198761,825,MEG_1122|Drugs|Cationic_antimicrobial_peptides|Polymyxin_B_resistance_regulator|ARNA,MEG_1122|Drugs|Cationic_antimicrobial_peptides|Polymyxin_B_resistance_regulator|ARNA,1989,196167,198155,+
Escherichia_coli_B766,E.coli.B766.final.genome,215908,218030,2123,MEG_6955|Metals|Tellurium_resistance|Tellurium_resistance_protein|TERB,MEG_6955|Metals|Tellurium_resistance|Tellurium_resistance_protein|TERB,456,215302,215757,+
Escherichia_coli_B766,E.coli.B766.final.genome,218315,218606,292,MEG_3257|Biocides|Acid_resistance|Acid_resistance_protein|HEFC,MEG_3257|Biocides|Acid_resistance|Acid_resistance_protein|HEFC,3087,216042,219128,+
Escherichia_coli_B766,E.coli.B766.final.genome,314203,315048,846,MEG_2819|Drugs|MLS|23S_rRNA_methyltransferases|ERMC,MEG_2819|Drugs|MLS|23S_rRNA_methyltransferases|ERMC,735,314725,315459,+
Escherichia_coli_B766,E.coli.B766.final.genome,324923,325825,903,MEG_1085|Drugs|Aminoglycosides|Aminoglycoside_O-phosphotransferases|APH6,MEG_1085|Drugs|Aminoglycosides|Aminoglycoside_O-phosphotransferases|APH6,837,325334,326170,+
Escherichia_coli_B766,E.coli.B766.final.genome,359306,361374,2069,MEG_3063|Metals|Iron_resistance|Iron_resistance_regulator|FURA,MEG_3063|Metals|Iron_resistance|Iron_resistance_regulator|FURA,444,359651,360094,+
Escherichia_coli_B766,E.coli.B766.final.genome,363879,364166,288,MEG_3887|Metals|Mercury_resistance|Mercury_resistance_regulator|MERR2,MEG_3887|Metals|Mercury_resistance|Mercury_resistance_regulator|MERR2,435,362599,363033,+
Escherichia_coli_B766,E.coli.B766.final.genome,422259,422884,626,MEG_1717|Metals|Chromium_resistance|Chromium_resistance_protein|CHRR,MEG_1717|Metals|Chromium_resistance|Chromium_resistance_protein|CHRR,732,421126,421857,+
Escherichia_coli_B766,E.coli.B766.final.genome,463499,463635,137,MEG_2878|Biocides|Phenolic_compound_resistance|Phenolic_resistance_protein|FABV,MEG_2878|Biocides|Phenolic_compound_resistance|Phenolic_resistance_protein|FABV,900,462472,463371,+
Escherichia_coli_B766,E.coli.B766.final.genome,465210,466160,951,MEG_6960|Metals|Tellurium_resistance|Tellurium_resistance_protein|TERW,MEG_6960|Metals|Tellurium_resistance|Tellurium_resistance_protein|TERW,468,464946,465413,+
Escherichia_coli_B766,E.coli.B766.final.genome,556729,557769,1041,MEG_7861|Metals|Zinc_resistance|Zinc_resistance_regulator|ZRAR,MEG_7861|Metals|Zinc_resistance|Zinc_resistance_regulator|ZRAR,1314,555982,557295,+
Escherichia_coli_B766,E.coli.B766.final.genome,557856,559703,1848,MEG_11396|Metals|Cadmium_resistance|Cadmium_resistance_chaperone|HSCC,MEG_11396|Metals|Cadmium_resistance|Cadmium_resistance_chaperone|HSCC,1680,557382,559061,+
Escherichia_coli_B766,E.coli.B766.final.genome,559796,560569,774,MEG_3633|Drugs|betalactams|Class_B_betalactamases|LRA,MEG_3633|Drugs|betalactams|Class_B_betalactamases|LRA,1161,559154,560314,+
Escherichia_coli_B766,E.coli.B766.final.genome,572951,573517,567,MEG_1193|Multi-compound|Drug_and_biocide_and_metal_resistance|Drug_and_biocide_and_metal_RND_efflux_regulator|BAES,MEG_1193|Multi-compound|Drug_and_biocide_and_metal_resistance|Drug_and_biocide_and_metal_RND_efflux_regulator|BAES,1404,572696,574099,+
Escherichia_coli_B766,E.coli.B766.final.genome,600747,601160,414,MEG_6651|Metals|Copper_resistance|Copper_resistance_protein|TCRA,MEG_6651|Metals|Copper_resistance|Copper_resistance_protein|TCRA,2436,601329,603764,+
Escherichia_coli_B766,E.coli.B766.final.genome,601266,601700,435,MEG_1125|Drugs|Rifampin|Rifampin_ADP-ribosyltransferase_Arr|ARR,MEG_1125|Drugs|Rifampin|Rifampin_ADP-ribosyltransferase_Arr|ARR,453,603870,604322,+
Escherichia_coli_B766,E.coli.B766.final.genome,613066,614256,1191,MEG_1471|Multi-compound|Drug_and_biocide_resistance|Drug_and_biocide_MFS_efflux_regulator|BMR,MEG_1471|Multi-compound|Drug_and_biocide_resistance|Drug_and_biocide_MFS_efflux_regulator|BMR,1170,615688,616857,+
Escherichia_coli_B766,E.coli.B766.final.genome,834145,835545,1401,MEG_4173|Metals|Nickel_resistance|Nickel_ABC_efflux_pumps|NIKE,MEG_4173|Metals|Nickel_resistance|Nickel_ABC_efflux_pumps|NIKE,807,836746,837552,+
Escherichia_coli_B766,E.coli.B766.final.genome,835915,836739,825,MEG_7357|Drugs|Glycopeptides|VanC-type_resistance_protein|VANC,MEG_7357|Drugs|Glycopeptides|VanC-type_resistance_protein|VANC,1053,837922,838974,+
Escherichia_coli_B766,E.coli.B766.final.genome,837107,837835,729,MEG_8785|Drugs|Lipopeptides|Colistin_phosphoethanolamine_transferase|MCR,MEG_8785|Drugs|Lipopeptides|Colistin_phosphoethanolamine_transferase|MCR,1626,839342,840967,+
Escherichia_coli_B766,E.coli.B766.final.genome,838198,841311,3114,MEG_1181|Biocides|Acid_resistance|Acid_resistance_protein|ASR,MEG_1181|Biocides|Acid_resistance|Acid_resistance_protein|ASR,336,841330,841665,+
Escherichia_coli_B766,E.coli.B766.final.genome,841336,842493,1158,MEG_4126|Metals|Nickel_resistance|Nickel_MFS_efflux_pumps|NCRCN,MEG_4126|Metals|Nickel_resistance|Nickel_MFS_efflux_pumps|NCRCN,1131,841690,842820,+
Escherichia_coli_B766,E.coli.B766.final.genome,842832,843359,528,MEG_3289|Biocides|Peroxide_resistance|Peroxide_resistance_stress_protein|IBPB,MEG_3289|Biocides|Peroxide_resistance|Peroxide_resistance_stress_protein|IBPB,435,843159,843593,+
Escherichia_coli_B766,E.coli.B766.final.genome,844985,845317,333,MEG_5774|Metals|Multi-metal_resistance|Multi-metal_resistance_protein|PFR,MEG_5774|Metals|Multi-metal_resistance|Multi-metal_resistance_protein|PFR,504,845219,845722,+
Escherichia_coli_B766,E.coli.B766.final.genome,845421,845759,339,MEG_4160|Metals|Chromium_resistance|Chromium_resistance_protein|NFSA,MEG_4160|Metals|Chromium_resistance|Chromium_resistance_protein|NFSA,723,845826,846548,+
Escherichia_coli_B766,E.coli.B766.final.genome,851367,851787,421,MEG_7804|Drugs|Mycobacterium_tuberculosis-specific_Drug|Viomycin_phosphotransferases|VPH,MEG_7804|Drugs|Mycobacterium_tuberculosis-specific_Drug|Viomycin_phosphotransferases|VPH,864,852156,853019,+
Escherichia_coli_B766,E.coli.B766.final.genome,851800,853089,1290,MEG_316|Drugs|Aminoglycosides|Aminoglycoside_N-acetyltransferases|AAC6-PRIME,MEG_316|Drugs|Aminoglycosides|Aminoglycoside_N-acetyltransferases|AAC6-PRIME,1440,853032,854471,+
Escherichia_coli_B766,E.coli.B766.final.genome,853143,853496,354,MEG_7178|Drugs|Tetracyclines|Tetracycline_resistance_ribosomal_protection_proteins|TETQ,MEG_7178|Drugs|Tetracyclines|Tetracycline_resistance_ribosomal_protection_proteins|TETQ,1926,854525,856450,+
Escherichia_coli_B766,E.coli.B766.final.genome,862711,864210,1500,MEG_881|Drugs|Aminoglycosides|Aminoglycoside_O-nucleotidyltransferases|ANT3-DPRIME,MEG_881|Drugs|Aminoglycosides|Aminoglycoside_O-nucleotidyltransferases|ANT3-DPRIME,792,865665,866456,+
Escherichia_coli_B766,E.coli.B766.final.genome,876968,877369,402,MEG_5321|Biocides|Multi-biocide_resistance|Multi-biocide_resistance_regulator|OXYRKP,MEG_5321|Biocides|Multi-biocide_resistance|Multi-biocide_resistance_regulator|OXYRKP,918,879214,880131,+
Escherichia_coli_B766,E.coli.B766.final.genome,877375,882290,4916,MEG_2884|Multi-compound|Drug_and_biocide_resistance|Drug_and_biocide_MFS_efflux_pumps|FARA,MEG_2884|Multi-compound|Drug_and_biocide_resistance|Drug_and_biocide_MFS_efflux_pumps|FARA,1155,880137,881291,+
Escherichia_coli_B766,E.coli.B766.final.genome,887308,889506,2199,MEG_7447|Drugs|Glycopeptides|VanN-type_resistance_protein|VANN,MEG_7447|Drugs|Glycopeptides|VanN-type_resistance_protein|VANN,1606,886309,887914,+
Escherichia_coli_B766,E.coli.B766.final.genome,1012888,1013520,633,MEG_5888|Drugs|Fluoroquinolones|Quinolone_resistance_protein_Qnr|QNRB,MEG_5888|Drugs|Fluoroquinolones|Quinolone_resistance_protein_Qnr|QNRB,645,1011296,1011940,+
Escherichia_coli_B766,E.coli.B766.final.genome,1045404,1045829,426,MEG_367|Drugs|Aminoglycosides|Aminoglycoside_N-acetyltransferases|AAC6-PRIME,MEG_367|Drugs|Aminoglycosides|Aminoglycoside_N-acetyltransferases|AAC6-PRIME,606,1043824,1044429,+
Escherichia_coli_B766,E.coli.B766.final.genome,1066401,1069505,3105,MEG_3890|Metals|Mercury_resistance|Mercury_resistance_protein|MERT,MEG_3890|Metals|Mercury_resistance|Mercury_resistance_protein|MERT,615,1065001,1065615,+
Escherichia_coli_B766,E.coli.B766.final.genome,1069517,1070674,1158,MEG_1562|Drugs|Phenicol|Chloramphenicol_acetyltransferases|CATA,MEG_1562|Drugs|Phenicol|Chloramphenicol_acetyltransferases|CATA,642,1065627,1066268,+
Escherichia_coli_B766,E.coli.B766.final.genome,1071073,1071735,663,MEG_6017|Drugs|Fluoroquinolones|Quinolone_resistance_protein_Qnr|QNRS,MEG_6017|Drugs|Fluoroquinolones|Quinolone_resistance_protein_Qnr|QNRS,657,1066667,1067323,+
Escherichia_coli_B766,E.coli.B766.final.genome,1098737,1099051,315,MEG_3875|Metals|Mercury_resistance|Mercury_resistance_protein|MERP,MEG_3875|Metals|Mercury_resistance|Mercury_resistance_protein|MERP,276,1094325,1094600,+
Escherichia_coli_B766,E.coli.B766.final.genome,1268296,1269060,765,MEG_2546|Drugs|Trimethoprim|Dihydrofolate_reductase|DFRA,MEG_2546|Drugs|Trimethoprim|Dihydrofolate_reductase|DFRA,474,1263845,1264318,+
Escherichia_coli_B766,E.coli.B766.final.genome,1280655,1281474,820,MEG_3142|Multi-compound|Biocide_and_metal_resistance|Biocide_and_metal_resistance_protein|GLPF,MEG_3142|Multi-compound|Biocide_and_metal_resistance|Biocide_and_metal_resistance_protein|GLPF,846,1275913,1276758,+
Escherichia_coli_B766,E.coli.B766.final.genome,1300107,1300904,798,MEG_1703|Multi-compound|Biocide_and_metal_resistance|Biocide_and_metal_resistance_protein|CHR,MEG_1703|Multi-compound|Biocide_and_metal_resistance|Biocide_and_metal_resistance_protein|CHR,453,1295391,1295843,+
Escherichia_coli_B766,E.coli.B766.final.genome,1305180,1305321,142,MEG_7778|Biocides|Multi-biocide_resistance|Multi-biocide_RND_efflux_pump|VMEA,MEG_7778|Biocides|Multi-biocide_resistance|Multi-biocide_RND_efflux_pump|VMEA,1140,1300119,1301258,+
Escherichia_coli_B766,E.coli.B766.final.genome,1313754,1314146,393,MEG_1150|Metals|Multi-metal_resistance|Multi-metal_resistance_protein|ARSBM,MEG_1150|Metals|Multi-metal_resistance|Multi-metal_resistance_protein|ARSBM,1290,1309691,1310980,+
Escherichia_coli_B766,E.coli.B766.final.genome,1344830,1346322,1493,MEG_7569|Drugs|Glycopeptides|VanD-type_resistance_protein|VANXD,MEG_7569|Drugs|Glycopeptides|VanD-type_resistance_protein|VANXD,609,1341664,1342272,+
Escherichia_coli_B766,E.coli.B766.final.genome,1461811,1462521,711,MEG_8654|Drugs|Fluoroquinolones|Quinolone_resistance_protein_Qnr|QNRB,MEG_8654|Drugs|Fluoroquinolones|Quinolone_resistance_protein_Qnr|QNRB,645,1457761,1458405,+
Escherichia_coli_B766,E.coli.B766.final.genome,1687547,1688575,1029,MEG_3064|Metals|Iron_resistance|Iron_resistance_regulator|FURA,MEG_3064|Metals|Iron_resistance|Iron_resistance_regulator|FURA,453,1683431,1683883,+
Escherichia_coli_B766,E.coli.B766.final.genome,1754313,1755851,1539,MEG_10191|Drugs|Multi-drug_resistance|Multi-drug_ABC_efflux_pumps|SALD,MEG_10191|Drugs|Multi-drug_resistance|Multi-drug_ABC_efflux_pumps|SALD,1635,1749621,1751255,+
Escherichia_coli_B766,E.coli.B766.final.genome,1755868,1757040,1173,MEG_11247|Drugs|Fosfomycin|Fosfomycin_thiol_transferases|FOSA,MEG_11247|Drugs|Fosfomycin|Fosfomycin_thiol_transferases|FOSA,423,1751272,1751694,+
Escherichia_coli_B766,E.coli.B766.final.genome,1757167,1757697,531,MEG_3167|Metals|Gold_resistance|Gold_resistance_regulator|GOLS,MEG_3167|Metals|Gold_resistance|Gold_resistance_regulator|GOLS,465,1751821,1752285,+
Escherichia_coli_B766,E.coli.B766.final.genome,1801410,1802093,684,MEG_1747|Multi-compound|Drug_and_biocide_and_metal_resistance|Drug_and_biocide_and_metal_RND_efflux_regulator|CMER,MEG_1747|Multi-compound|Drug_and_biocide_and_metal_resistance|Drug_and_biocide_and_metal_RND_efflux_regulator|CMER,633,1795998,1796630,+
Escherichia_coli_B766,E.coli.B766.final.genome,1938806,1939282,477,MEG_5873|Drugs|Fluoroquinolones|Quinolone_resistance_protein_Qnr|QNRA,MEG_5873|Drugs|Fluoroquinolones|Quinolone_resistance_protein_Qnr|QNRA,657,1933343,1933999,+
Escherichia_coli_B766,E.coli.B766.final.genome,1960739,1963852,3114,MEG_1128|Drugs|Rifampin|Rifampin_ADP-ribosyltransferase_Arr|ARR,MEG_1128|Drugs|Rifampin|Rifampin_ADP-ribosyltransferase_Arr|ARR,432,1955456,1955887,+
Escherichia_coli_B766,E.coli.B766.final.genome,1994970,1996274,1305,MEG_5968|Drugs|Fluoroquinolones|Quinolone_resistance_protein_Qnr|QNRB,MEG_5968|Drugs|Fluoroquinolones|Quinolone_resistance_protein_Qnr|QNRB,680,1987005,1987684,+
Escherichia_coli_B766,E.coli.B766.final.genome,2025234,2026472,1239,MEG_6026|Drugs|Fluoroquinolones|Quinolone_resistance_protein_Qnr|QNRS,MEG_6026|Drugs|Fluoroquinolones|Quinolone_resistance_protein_Qnr|QNRS,657,2016644,2017300,+
Escherichia_coli_B766,E.coli.B766.final.genome,2043314,2044552,1239,MEG_3440|Metals|Multi-metal_resistance|Multi-metal_resistance_regulator|IRLS,MEG_3440|Metals|Multi-metal_resistance|Multi-metal_resistance_regulator|IRLS,1395,2034142,2035536,+
Escherichia_coli_B766,E.coli.B766.final.genome,2068051,2071644,3594,MEG_1123|Drugs|Rifampin|Rifampin_ADP-ribosyltransferase_Arr|ARR,MEG_1123|Drugs|Rifampin|Rifampin_ADP-ribosyltransferase_Arr|ARR,453,2059035,2059487,+
Escherichia_coli_B766,E.coli.B766.final.genome,2071649,2072263,615,MEG_2549|Drugs|Trimethoprim|Dihydrofolate_reductase|DFRA,MEG_2549|Drugs|Trimethoprim|Dihydrofolate_reductase|DFRA,474,2059492,2059965,+
Escherichia_coli_B766,E.coli.B766.final.genome,2072679,2075380,2702,MEG_2022|Metals|Copper_resistance|Copper_resistance_protein|COPA,MEG_2022|Metals|Copper_resistance|Copper_resistance_protein|COPA,1413,2060381,2061793,+
Escherichia_coli_B766,E.coli.B766.final.genome,2216368,2217336,969,MEG_2928|Drugs|Phenicol|Phenicol_resistance_MFS_efflux_pumps|FLOR,MEG_2928|Drugs|Phenicol|Phenicol_resistance_MFS_efflux_pumps|FLOR,1215,2202781,2203995,+
Escherichia_coli_B766,E.coli.B766.final.genome,2260557,2260800,244,MEG_7338|Drugs|Glycopeptides|VanA-type_resistance_protein|VANA,MEG_7338|Drugs|Glycopeptides|VanA-type_resistance_protein|VANA,1041,2247216,2248256,+
Escherichia_coli_B766,E.coli.B766.final.genome,2261085,2261320,236,MEG_3868|Metals|Mercury_resistance|Mercury_resistance_protein|MERE,MEG_3868|Metals|Mercury_resistance|Mercury_resistance_protein|MERE,237,2248541,2248777,+
Escherichia_coli_B766,E.coli.B766.final.genome,2264412,2266055,1644,MEG_1115|Drugs|Multi-drug_resistance|MDR_regulator|ARLR,MEG_1115|Drugs|Multi-drug_resistance|MDR_regulator|ARLR,660,2251869,2252528,+
Escherichia_coli_B766,E.coli.B766.final.genome,2291328,2292518,1191,MEG_3867|Metals|Mercury_resistance|Mercury_resistance_protein|MERE,MEG_3867|Metals|Mercury_resistance|Mercury_resistance_protein|MERE,237,2277801,2278037,+
Escherichia_coli_B766,E.coli.B766.final.genome,2384587,2384925,339,MEG_9964|Drugs|Fluoroquinolones|Quinolone_resistance_protein_Qnr|QNRS,MEG_9964|Drugs|Fluoroquinolones|Quinolone_resistance_protein_Qnr|QNRS,654,2370106,2370759,+
Escherichia_coli_B766,E.coli.B766.final.genome,2385144,2385968,825,MEG_8689|Drugs|Multi-drug_resistance|Multi-drug_ABC_efflux_pumps|SALC,MEG_8689|Drugs|Multi-drug_resistance|Multi-drug_ABC_efflux_pumps|SALC,1626,2370978,2372603,+
Escherichia_coli_B766,E.coli.B766.final.genome,2386089,2386361,273,MEG_1764|Drugs|Phenicol|Phenicol_resistance_MFS_efflux_pumps|CMLA,MEG_1764|Drugs|Phenicol|Phenicol_resistance_MFS_efflux_pumps|CMLA,1260,2372724,2373983,+
Escherichia_coli_B766,E.coli.B766.final.genome,2436762,2438884,2123,MEG_2569|Drugs|Trimethoprim|Dihydrofolate_reductase|DFRB,MEG_2569|Drugs|Trimethoprim|Dihydrofolate_reductase|DFRB,237,2424384,2424620,+
Escherichia_coli_B766,E.coli.B766.final.genome,2440297,2447744,7448,MEG_2494|Drugs|Trimethoprim|Dihydrofolate_reductase|DFRA,MEG_2494|Drugs|Trimethoprim|Dihydrofolate_reductase|DFRA,474,2426033,2426506,+
Escherichia_coli_B766,E.coli.B766.final.genome,2460412,2462265,1854,MEG_4196|Metals|Nickel_resistance|Nickel_resistance_protein|NIRB,MEG_4196|Metals|Nickel_resistance|Nickel_resistance_protein|NIRB,270,2439174,2439443,+
Escherichia_coli_B766,E.coli.B766.final.genome,2502264,2503430,1167,MEG_3859|Metals|Mercury_resistance|Mercury_resistance_protein|MERC,MEG_3859|Metals|Mercury_resistance|Mercury_resistance_protein|MERC,435,2479442,2479876,+
Escherichia_coli_B766,E.coli.B766.final.genome,2529405,2530810,1406,MEG_3657|Drugs|Multi-drug_resistance|Multi-drug_ABC_efflux_pumps|MACA,MEG_3657|Drugs|Multi-drug_resistance|Multi-drug_ABC_efflux_pumps|MACA,1179,2505851,2507029,+
Escherichia_coli_B766,E.coli.B766.final.genome,2547042,2547692,651,MEG_11178|Drugs|betalactams|Class_D_betalactamases|OXA,MEG_11178|Drugs|betalactams|Class_D_betalactamases|OXA,795,2523261,2524055,+
Escherichia_coli_B766,E.coli.B766.final.genome,2563786,2564013,228,MEG_6581|Drugs|Sulfonamides|Sulfonamide-resistant_dihydropteroate_synthases|SULI,MEG_6581|Drugs|Sulfonamides|Sulfonamide-resistant_dihydropteroate_synthases|SULI,840,2540149,2540988,+
Escherichia_coli_B766,E.coli.B766.final.genome,2576634,2576966,333,MEG_4056|Drugs|Cationic_antimicrobial_peptides|Defensin-resistant_mprF|MPRF,MEG_4056|Drugs|Cationic_antimicrobial_peptides|Defensin-resistant_mprF|MPRF,1710,2553609,2555318,+
Escherichia_coli_B766,E.coli.B766.final.genome,2631796,2632542,747,MEG_716|Metals|Arsenic_resistance|Arsenite_oxidase_regulator|AIOS,MEG_716|Metals|Arsenic_resistance|Arsenite_oxidase_regulator|AIOS,1467,2610148,2611614,+
Escherichia_coli_B766,E.coli.B766.final.genome,2648652,2649680,1029,MEG_11358|Drugs|Organoarsenicals|Arsinothricin_resistance_N-acetyltransferases|ARSN1,MEG_11358|Drugs|Organoarsenicals|Arsinothricin_resistance_N-acetyltransferases|ARSN1,543,2627724,2628266,+
Escherichia_coli_B766,E.coli.B766.final.genome,2649759,2650691,933,MEG_2509|Drugs|Trimethoprim|Dihydrofolate_reductase|DFRA,MEG_2509|Drugs|Trimethoprim|Dihydrofolate_reductase|DFRA,474,2628345,2628818,+
Escherichia_coli_B766,E.coli.B766.final.genome,2686087,2686653,567,MEG_6513|Multi-compound|Biocide_and_metal_resistance|Biocide_and_metal_ABC_efflux_pumps|SITA,MEG_6513|Multi-compound|Biocide_and_metal_resistance|Biocide_and_metal_ABC_efflux_pumps|SITA,918,2664214,2665131,+
Escherichia_coli_B766,E.coli.B766.final.genome,2856975,2858348,1374,MEG_2083|Metals|Copper_resistance|Copper_resistance_regulator|COPZ,MEG_2083|Metals|Copper_resistance|Copper_resistance_regulator|COPZ,210,2835453,2835662,+
Escherichia_coli_B766,E.coli.B766.final.genome,2865919,2866500,582,MEG_2983|Drugs|Fosfomycin|Fosfomycin_thiol_transferases|FOSA,MEG_2983|Drugs|Fosfomycin|Fosfomycin_thiol_transferases|FOSA,417,2843233,2843649,+
Escherichia_coli_B766,E.coli.B766.final.genome,2928384,2929065,682,MEG_371|Drugs|Multi-drug_resistance|Multi-drug_ABC_efflux_pumps|ABCA,MEG_371|Drugs|Multi-drug_resistance|Multi-drug_ABC_efflux_pumps|ABCA,4359,2905533,2909891,+
Escherichia_coli_B766,E.coli.B766.final.genome,2930201,2930536,336,MEG_7847|Metals|Zinc_resistance|Zinc_resistance_protein|ZIAA,MEG_7847|Metals|Zinc_resistance|Zinc_resistance_protein|ZIAA,2166,2911027,2913192,+
Escherichia_coli_B766,E.coli.B766.final.genome,3004734,3005126,393,MEG_7852|Metals|Zinc_resistance|Zinc_resistance_protein|ZNEB,MEG_7852|Metals|Zinc_resistance|Zinc_resistance_protein|ZNEB,1158,2987390,2988547,+
Escherichia_coli_B766,E.coli.B766.final.genome,3015522,3015911,390,MEG_3908|Multi-compound|Drug_and_biocide_resistance|Drug_and_biocide_RND_efflux_pumps|MEXE,MEG_3908|Multi-compound|Drug_and_biocide_resistance|Drug_and_biocide_RND_efflux_pumps|MEXE,1242,2998943,3000184,+
Escherichia_coli_B766,E.coli.B766.final.genome,3015925,3016359,435,MEG_6054|Drugs|Rifampin|Rifampin_glycosyltransferase|RGT,MEG_6054|Drugs|Rifampin|Rifampin_glycosyltransferase|RGT,1236,3000198,3001433,+
Escherichia_coli_B766,E.coli.B766.final.genome,3052754,3055033,2280,MEG_6047|Drugs|Rifampin|RNA-polymerase_binding_protein|RBPA,MEG_6047|Drugs|Rifampin|RNA-polymerase_binding_protein|RBPA,345,3037828,3038172,+
Escherichia_coli_B766,E.coli.B766.final.genome,3055553,3056314,762,MEG_2743|Drugs|MLS|Macrolide_esterases|EREA,MEG_2743|Drugs|MLS|Macrolide_esterases|EREA,1227,3038692,3039918,+
Escherichia_coli_B766,E.coli.B766.final.genome,3067195,3068595,1401,MEG_6572|Biocides|Multi-biocide_resistance|Multi-biocide_SMR_efflux_pump|SSME,MEG_6572|Biocides|Multi-biocide_resistance|Multi-biocide_SMR_efflux_pump|SSME,333,3050799,3051131,+
Escherichia_coli_B766,E.coli.B766.final.genome,3068751,3070286,1536,MEG_6653|Metals|Copper_resistance|Copper_resistance_protein|TCRY,MEG_6653|Metals|Copper_resistance|Copper_resistance_protein|TCRY,456,3051287,3051742,+
Escherichia_coli_B766,E.coli.B766.final.genome,3144510,3146092,1583,MEG_4217|Metals|Multi-metal_resistance|Multi-metal_resistance_protein|NREB,MEG_4217|Metals|Multi-metal_resistance|Multi-metal_resistance_protein|NREB,1251,3125966,3127216,+
Escherichia_coli_B766,E.coli.B766.final.genome,3313253,3314041,789,MEG_538|Drugs|betalactams|Class_C_betalactamases|ADC,MEG_538|Drugs|betalactams|Class_C_betalactamases|ADC,1152,3294377,3295528,+
Escherichia_coli_B766,E.coli.B766.final.genome,3367135,3367548,414,MEG_6086|Drugs|Rifampin|Rifampin_phosphotransferase|RPH,MEG_6086|Drugs|Rifampin|Rifampin_phosphotransferase|RPH,2607,3348622,3351228,+
Escherichia_coli_B766,E.coli.B766.final.genome,3387677,3388777,1101,MEG_3004|Drugs|Fosfomycin|Fosfomycin_thiol_transferases|FOSB,MEG_3004|Drugs|Fosfomycin|Fosfomycin_thiol_transferases|FOSB,417,3371357,3371773,+
Escherichia_coli_B766,E.coli.B766.final.genome,3393031,3394131,1101,MEG_5786|Multi-compound|Drug_and_biocide_resistance|Drug_and_biocide_SMR_efflux_regulator|PHOR,MEG_5786|Multi-compound|Drug_and_biocide_resistance|Drug_and_biocide_SMR_efflux_regulator|PHOR,1467,3376027,3377493,+
Escherichia_coli_B766,E.coli.B766.final.genome,3405813,3406091,279,MEG_7469|Drugs|Glycopeptides|VanB-type_regulator|VANRB,MEG_7469|Drugs|Glycopeptides|VanB-type_regulator|VANRB,663,3389175,3389837,+
Escherichia_coli_B766,E.coli.B766.final.genome,3430255,3431796,1542,MEG_3291|Biocides|Acetate_resistance|Acetate_resistance_protein|ICLR,MEG_3291|Biocides|Acetate_resistance|Acetate_resistance_protein|ICLR,864,3414001,3414864,+
Escherichia_coli_B766,E.coli.B766.final.genome,3431936,3432472,537,MEG_7811|Metals|Iron_resistance|Iron_resistance_protein|YBTP,MEG_7811|Metals|Iron_resistance|Iron_resistance_protein|YBTP,1803,3415004,3416806,+
Escherichia_coli_B766,E.coli.B766.final.genome,3448353,3448619,267,MEG_2136|Metals|Copper_resistance|Copper_resistance_regulator|CSOR,MEG_2136|Metals|Copper_resistance|Copper_resistance_regulator|CSOR,306,3432687,3432992,+
Escherichia_coli_B766,E.coli.B766.final.genome,3480551,3480808,258,MEG_498|Multi-compound|Biocide_and_metal_resistance|Biocide_and_metal_resistance_protein|ACTA,MEG_498|Multi-compound|Biocide_and_metal_resistance|Biocide_and_metal_resistance_protein|ACTA,1626,3464924,3466549,+
Escherichia_coli_B766,E.coli.B766.final.genome,3481049,3481681,633,MEG_1702|Multi-compound|Biocide_and_metal_resistance|Biocide_and_metal_resistance_protein|CHR,MEG_1702|Multi-compound|Biocide_and_metal_resistance|Biocide_and_metal_resistance_protein|CHR,609,3466790,3467398,+
Escherichia_coli_B766,E.coli.B766.final.genome,3524565,3525773,1209,MEG_3435|Metals|Multi-metal_resistance|Multi-metal_resistance_regulator|IRLR,MEG_3435|Metals|Multi-metal_resistance|Multi-metal_resistance_regulator|IRLR,690,3510282,3510971,+
Escherichia_coli_B766,E.coli.B766.final.genome,3534404,3535630,1227,MEG_1775|Drugs|Phenicol|Phenicol_resistance_MFS_efflux_pumps|CMLB,MEG_1775|Drugs|Phenicol|Phenicol_resistance_MFS_efflux_pumps|CMLB,1266,3519602,3520867,+
Escherichia_coli_B766,E.coli.B766.final.genome,3629201,3630269,1069,MEG_1727|Drugs|Multi-drug_resistance|MDR_23S_ribosomal_RNA_methyltransferase|CLBB,MEG_1727|Drugs|Multi-drug_resistance|MDR_23S_ribosomal_RNA_methyltransferase|CLBB,1032,3614438,3615469,+
Escherichia_coli_B766,E.coli.B766.final.genome,3681087,3682835,1749,MEG_11515|Drugs|Ionophores|Ionophore_ABC_efflux_pump|NARA,MEG_11515|Drugs|Ionophores|Ionophore_ABC_efflux_pump|NARA,882,3666287,3667168,+
Escherichia_coli_B766,E.coli.B766.final.genome,3786710,3787432,723,MEG_2531|Drugs|Trimethoprim|Dihydrofolate_reductase|DFRA,MEG_2531|Drugs|Trimethoprim|Dihydrofolate_reductase|DFRA,474,3771043,3771516,+
Escherichia_coli_B766,E.coli.B766.final.genome,3830284,3831516,1233,MEG_4059|Metals|Multi-metal_resistance|Multi-metal_resistance_protein|MREA,MEG_4059|Metals|Multi-metal_resistance|Multi-metal_resistance_protein|MREA,288,3814368,3814655,+
Escherichia_coli_B766,E.coli.B766.final.genome,3868599,3869067,469,MEG_11454|Drugs|Lipopeptides|Colistin_phosphoethanolamine_transferase|MCR,MEG_11454|Drugs|Lipopeptides|Colistin_phosphoethanolamine_transferase|MCR,1626,3851738,3853363,+
Escherichia_coli_B766,E.coli.B766.final.genome,3877111,3877578,468,MEG_3836|Multi-compound|Drug_and_biocide_resistance|Drug_and_biocide_MATE_efflux_regulator|MEPR,MEG_3836|Multi-compound|Drug_and_biocide_resistance|Drug_and_biocide_MATE_efflux_regulator|MEPR,420,3861407,3861826,+
Escherichia_coli_B766,E.coli.B766.final.genome,3933005,3934063,1059,MEG_5861|Drugs|Fluoroquinolones|Quinolone_active_efflux|QEPA,MEG_5861|Drugs|Fluoroquinolones|Quinolone_active_efflux|QEPA,1536,3917253,3918788,+
Escherichia_coli_B766,E.coli.B766.final.genome,3934065,3935528,1464,MEG_5797|Multi-compound|Drug_and_biocide_resistance|Drug_and_biocide_MFS_efflux_pumps|PMRA,MEG_5797|Multi-compound|Drug_and_biocide_resistance|Drug_and_biocide_MFS_efflux_pumps|PMRA,1200,3918790,3919989,+
Escherichia_coli_B766,E.coli.B766.final.genome,3935973,3936761,789,MEG_2010|Metals|Multi-metal_resistance|Multi-metal_resistance_protein|CNRC,MEG_2010|Metals|Multi-metal_resistance|Multi-metal_resistance_protein|CNRC,1257,3920434,3921690,+
Escherichia_coli_B766,E.coli.B766.final.genome,3945799,3946740,942,MEG_4169|Metals|Nickel_resistance|Nickel_ABC_efflux_pumps|NIKB,MEG_4169|Metals|Nickel_resistance|Nickel_ABC_efflux_pumps|NIKB,945,3930728,3931672,+
Escherichia_coli_B766,E.coli.B766.final.genome,4008985,4009657,673,MEG_1680|Drugs|MLS|23S_rRNA_methyltransferases|CFR,MEG_1680|Drugs|MLS|23S_rRNA_methyltransferases|CFR,1251,3993917,3995167,+
Escherichia_coli_B766,E.coli.B766.final.genome,4037121,4037943,823,MEG_2714|Biocides|Quaternary_Ammonium_Compounds_(QACs)_resistance|QAC_efflux_pump|EMEA,MEG_2714|Biocides|Quaternary_Ammonium_Compounds_(QACs)_resistance|QAC_efflux_pump|EMEA,1182,4022631,4023812,+
Escherichia_coli_B766,E.coli.B766.final.genome,4037968,4039500,1533,MEG_11436|Biocides|Peroxide_resistance|Peroxide_resistance_stress_protein|KATP,MEG_11436|Biocides|Peroxide_resistance|Peroxide_resistance_stress_protein|KATP,2211,4023837,4026047,+
Escherichia_coli_B766,E.coli.B766.final.genome,4046269,4047893,1625,MEG_715|Metals|Arsenic_resistance|Arsenite_oxidase_regulator|AIOR,MEG_715|Metals|Arsenic_resistance|Arsenite_oxidase_regulator|AIOR,1329,4032816,4034144,+
Escherichia_coli_B766,E.coli.B766.final.genome,4061444,4063345,1902,MEG_2044|Metals|Copper_resistance|Copper_resistance_protein|COPC,MEG_2044|Metals|Copper_resistance|Copper_resistance_protein|COPC,534,4047695,4048228,+
Escherichia_coli_B766,E.coli.B766.final.genome,4128304,4131447,3144,MEG_6162|Drugs|Nucleosides|Streptothricin_acetyltransferase|SAT,MEG_6162|Drugs|Nucleosides|Streptothricin_acetyltransferase|SAT,522,4113187,4113708,+
Escherichia_coli_B766,E.coli.B766.final.genome,4131459,4132682,1224,MEG_11244|Drugs|Fosfomycin|Fosfomycin_thiol_transferases|FOSA,MEG_11244|Drugs|Fosfomycin|Fosfomycin_thiol_transferases|FOSA,423,4113720,4114142,+
Escherichia_coli_B766,E.coli.B766.final.genome,4132698,4133030,333,MEG_2874|Biocides|Phenolic_compound_resistance|Phenolic_resistance_protein|FABI,MEG_2874|Biocides|Phenolic_compound_resistance|Phenolic_resistance_protein|FABI,771,4114158,4114928,+
Escherichia_coli_B766,E.coli.B766.final.genome,4133064,4134436,1373,MEG_1195|Multi-compound|Drug_and_biocide_and_metal_resistance|Drug_and_biocide_and_metal_RND_efflux_regulator|BAES,MEG_1195|Multi-compound|Drug_and_biocide_and_metal_resistance|Drug_and_biocide_and_metal_RND_efflux_regulator|BAES,1401,4114962,4116362,+
Escherichia_coli_B766,E.coli.B766.final.genome,4134593,4136689,2097,MEG_2351|Drugs|betalactams|Class_A_betalactamases|CTX,MEG_2351|Drugs|betalactams|Class_A_betalactamases|CTX,876,4116519,4117394,+
Escherichia_coli_B766,E.coli.B766.final.genome,4208906,4210347,1442,MEG_7325|Metals|Tungsten_Resistance|Tungsten_ABC_efflux_pumps|TUPC,MEG_7325|Metals|Tungsten_Resistance|Tungsten_ABC_efflux_pumps|TUPC,645,4189611,4190255,+
Escherichia_coli_B766,E.coli.B766.final.genome,4211866,4212273,408,MEG_10895|Drugs|betalactams|Class_A_betalactamases|LEN,MEG_10895|Drugs|betalactams|Class_A_betalactamases|LEN,861,4191774,4192634,+
Escherichia_coli_B766,E.coli.B766.final.genome,4214887,4217391,2505,MEG_1483|Metals|Multi-metal_resistance|Multi-metal_resistance_protein|CADA,MEG_1483|Metals|Multi-metal_resistance|Multi-metal_resistance_protein|CADA,2061,4195248,4197308,+
Escherichia_coli_B766,E.coli.B766.final.genome,4240445,4241638,1194,MEG_7441|Drugs|Glycopeptides|VanI-type_resistance_protein|VANI,MEG_7441|Drugs|Glycopeptides|VanI-type_resistance_protein|VANI,1026,4220362,4221387,+
Escherichia_coli_B766,E.coli.B766.final.genome,4241661,4244828,3168,MEG_1025|Drugs|Aminoglycosides|Aminoglycoside_O-phosphotransferases|APH3-DPRIME,MEG_1025|Drugs|Aminoglycosides|Aminoglycoside_O-phosphotransferases|APH3-DPRIME,816,4221410,4222225,+
Escherichia_coli_B766,E.coli.B766.final.genome,4253710,4255427,1718,MEG_1737|Multi-compound|Drug_and_biocide_and_metal_resistance|Drug_and_biocide_and_metal_RND_efflux_pumps|CMEA,MEG_1737|Multi-compound|Drug_and_biocide_and_metal_resistance|Drug_and_biocide_and_metal_RND_efflux_pumps|CMEA,1104,4231107,4232210,+
Escherichia_coli_B766,E.coli.B766.final.genome,4331950,4333107,1158,MEG_7605|Drugs|Glycopeptides|VanD-type_accessory_protein|VANYD,MEG_7605|Drugs|Glycopeptides|VanD-type_accessory_protein|VANYD,1071,4308733,4309803,+
Escherichia_coli_B766,E.coli.B766.final.genome,4346136,4347245,1110,MEG_1139|Metals|Arsenic_resistance|Arsenic_resistance_protein|ARRA,MEG_1139|Metals|Arsenic_resistance|Arsenic_resistance_protein|ARRA,2565,4322832,4325396,+
Escherichia_coli_B766,E.coli.B766.final.genome,4587816,4588526,711,MEG_7839|Multi-compound|Drug_and_biocide_and_metal_resistance|Drug_and_biocide_and_metal_SMR_efflux_pump|YKKC,MEG_7839|Multi-compound|Drug_and_biocide_and_metal_resistance|Drug_and_biocide_and_metal_SMR_efflux_pump|YKKC,318,4565967,4566284,+
Escherichia_coli_B766,E.coli.B766.final.genome,4664216,4665766,1551,MEG_7203|Drugs|Tetracyclines|Tetracycline_resistance_ribosomal_protection_proteins|TETT,MEG_7203|Drugs|Tetracyclines|Tetracycline_resistance_ribosomal_protection_proteins|TETT,1956,4641974,4643929,+
Escherichia_coli_B766,E.coli.B766.final.genome,4717325,4718269,945,MEG_1194|Multi-compound|Drug_and_biocide_and_metal_resistance|Drug_and_biocide_and_metal_RND_efflux_regulator|BAES,MEG_1194|Multi-compound|Drug_and_biocide_and_metal_resistance|Drug_and_biocide_and_metal_RND_efflux_regulator|BAES,1404,4695488,4696891,+
Escherichia_coli_B766,E.coli.B766.final.genome,4744009,4746363,2355,MEG_6560|Biocides|Multi-biocide_resistance|Multi-biocide_RND_efflux_pump|SRPB,MEG_6560|Biocides|Multi-biocide_resistance|Multi-biocide_RND_efflux_pump|SRPB,3150,4722631,4725780,+
Escherichia_coli_B766,E.coli.B766.final.genome,4749512,4749889,378,MEG_6542|Biocides|Peroxide_resistance|peroxide_resistance_protein|SODA,MEG_6542|Biocides|Peroxide_resistance|peroxide_resistance_protein|SODA,621,4728929,4729549,+
Escherichia_coli_B766,E.coli.B766.final.genome,4785728,4786894,1167,MEG_6519|Biocides|Multi-biocide_resistance|Multi-biocide_ABC_efflux_pump|SMDA,MEG_6519|Biocides|Multi-biocide_resistance|Multi-biocide_ABC_efflux_pump|SMDA,1776,4765388,4767163,+
Escherichia_coli_B766,E.coli.B766.final.genome,4810652,4811521,870,MEG_4128|Metals|Nickel_resistance|Nickel_MFS_efflux_regulator|NCRYN,MEG_4128|Metals|Nickel_resistance|Nickel_MFS_efflux_regulator|NCRYN,423,4790921,4791343,+
Escherichia_coli_B766,E.coli.B766.final.genome,4874318,4875550,1233,MEG_2997|Drugs|Fosfomycin|Fosfomycin_thiol_transferases|FOSA,MEG_2997|Drugs|Fosfomycin|Fosfomycin_thiol_transferases|FOSA,576,4854140,4854715,+
Escherichia_coli_B766,E.coli.B766.final.genome,4976600,4979296,2697,MEG_2460|Metals|Copper_resistance|Copper_resistance_protein|CUTR,MEG_2460|Metals|Copper_resistance|Copper_resistance_protein|CUTR,357,4955765,4956121,+
Escherichia_coli_JM109,E.coli.JM109.final.genome,34920,35312,393,MEG_10128|Drugs|Rifampin|Rifampin_monooyxgenase|ROX,MEG_10128|Drugs|Rifampin|Rifampin_monooyxgenase|ROX,1431,34920,36350,+
Escherichia_coli_JM109,E.coli.JM109.final.genome,39460,39849,390,MEG_5936|Drugs|Fluoroquinolones|Quinolone_resistance_protein_Qnr|QNRB,MEG_5936|Drugs|Fluoroquinolones|Quinolone_resistance_protein_Qnr|QNRB,681,40498,41178,+
Escherichia_coli_JM109,E.coli.JM109.final.genome,39863,40297,435,MEG_7530|Drugs|Glycopeptides|VanE-type_resistance_protein|VANTE,MEG_7530|Drugs|Glycopeptides|VanE-type_resistance_protein|VANTE,2109,41192,43300,+
Escherichia_coli_JM109,E.coli.JM109.final.genome,72931,75210,2280,MEG_920|Drugs|Aminoglycosides|Aminoglycoside_O-nucleotidyltransferases|ANT3-DPRIME,MEG_920|Drugs|Aminoglycosides|Aminoglycoside_O-nucleotidyltransferases|ANT3-DPRIME,789,75934,76722,+
Escherichia_coli_JM109,E.coli.JM109.final.genome,75730,76491,762,MEG_2038|Metals|Copper_resistance|Copper_resistance_protein|COPB,MEG_2038|Metals|Copper_resistance|Copper_resistance_protein|COPB,981,77242,78222,+
Escherichia_coli_JM109,E.coli.JM109.final.genome,87372,88772,1401,MEG_11312|Drugs|Fosfomycin|Fosfomycin_thiol_transferases|FOSA,MEG_11312|Drugs|Fosfomycin|Fosfomycin_thiol_transferases|FOSA,408,89103,89510,+
Escherichia_coli_JM109,E.coli.JM109.final.genome,88928,90463,1536,MEG_11516|Drugs|Ionophores|Ionophore_ABC_efflux_pump|NARB,MEG_11516|Drugs|Ionophores|Ionophore_ABC_efflux_pump|NARB,1614,89666,91279,+
Escherichia_coli_JM109,E.coli.JM109.final.genome,157261,158843,1583,MEG_1776|Drugs|Phenicol|Phenicol_resistance_MFS_efflux_pumps|CMLR,MEG_1776|Drugs|Phenicol|Phenicol_resistance_MFS_efflux_pumps|CMLR,1179,158077,159255,+
Escherichia_coli_JM109,E.coli.JM109.final.genome,309397,310185,789,MEG_265|Drugs|Aminoglycosides|Aminoglycoside_N-acetyltransferases|AAC6-PRIME,MEG_265|Drugs|Aminoglycosides|Aminoglycoside_N-acetyltransferases|AAC6-PRIME,552,309809,310360,+
Escherichia_coli_JM109,E.coli.JM109.final.genome,366314,366727,414,MEG_1743|Multi-compound|Drug_and_biocide_and_metal_resistance|Drug_and_biocide_and_metal_RND_efflux_pumps|CMED,MEG_1743|Multi-compound|Drug_and_biocide_and_metal_resistance|Drug_and_biocide_and_metal_RND_efflux_pumps|CMED,1275,366489,367763,+
Escherichia_coli_JM109,E.coli.JM109.final.genome,387387,388487,1101,MEG_6639|Drugs|Sulfonamides|Sulfonamide-resistant_dihydropteroate_synthases|SULIII,MEG_6639|Drugs|Sulfonamides|Sulfonamide-resistant_dihydropteroate_synthases|SULIII,792,388423,389214,+
Escherichia_coli_JM109,E.coli.JM109.final.genome,400167,400445,279,MEG_5775|Metals|Multi-metal_resistance|Multi-metal_resistance_protein|PFR,MEG_5775|Metals|Multi-metal_resistance|Multi-metal_resistance_protein|PFR,504,400894,401397,+
Escherichia_coli_JM109,E.coli.JM109.final.genome,424519,426060,1542,MEG_6170|Drugs|Nucleosides|Streptothricin_acetyltransferase|SAT,MEG_6170|Drugs|Nucleosides|Streptothricin_acetyltransferase|SAT,543,425471,426013,+
Escherichia_coli_JM109,E.coli.JM109.final.genome,426200,426736,537,MEG_2127|Metals|Copper_resistance|Copper_resistance_regulator|CRDR,MEG_2127|Metals|Copper_resistance|Copper_resistance_regulator|CRDR,642,426153,426794,+
Escherichia_coli_JM109,E.coli.JM109.final.genome,442601,442867,267,MEG_4183|Drugs|Metronidazole|nim_nitroimidazole_reductase|NIME,MEG_4183|Drugs|Metronidazole|nim_nitroimidazole_reductase|NIME,513,442659,443171,+
Escherichia_coli_JM109,E.coli.JM109.final.genome,474702,474959,258,MEG_2052|Metals|Copper_resistance|Copper_resistance_protein|COPD,MEG_2052|Metals|Copper_resistance|Copper_resistance_protein|COPD,936,475006,475941,+
Escherichia_coli_JM109,E.coli.JM109.final.genome,475200,475832,633,MEG_1173|Metals|Arsenic_resistance|Arsenic_resistance_regulator|ARSR,MEG_1173|Metals|Arsenic_resistance|Arsenic_resistance_regulator|ARSR,354,476182,476535,+
Escherichia_coli_JM109,E.coli.JM109.final.genome,518706,519914,1209,MEG_2021|Metals|Copper_resistance|Copper_resistance_protein|COPA,MEG_2021|Metals|Copper_resistance|Copper_resistance_protein|COPA,1926,519409,521334,+
Escherichia_coli_JM109,E.coli.JM109.final.genome,528542,529768,1227,MEG_7420|Drugs|Glycopeptides|VanD-type_resistance_protein|VANHD,MEG_7420|Drugs|Glycopeptides|VanD-type_resistance_protein|VANHD,972,529962,530933,+
Escherichia_coli_JM109,E.coli.JM109.final.genome,624116,625193,1078,MEG_11313|Drugs|Fosfomycin|Fosfomycin_thiol_transferases|FOSX,MEG_11313|Drugs|Fosfomycin|Fosfomycin_thiol_transferases|FOSX,411,625281,625691,+
Escherichia_coli_JM109,E.coli.JM109.final.genome,675837,677585,1749,MEG_1566|Drugs|Phenicol|Chloramphenicol_acetyltransferases|CATA,MEG_1566|Drugs|Phenicol|Chloramphenicol_acetyltransferases|CATA,642,676335,676976,+
Escherichia_coli_JM109,E.coli.JM109.final.genome,752300,753022,723,MEG_6479|Drugs|betalactams|Class_A_betalactamases|SHV,MEG_6479|Drugs|betalactams|Class_A_betalactamases|SHV,861,751691,752551,+
Escherichia_coli_JM109,E.coli.JM109.final.genome,759301,760533,1233,MEG_1158|Metals|Arsenic_resistance|Arsenic_resistance_protein|ARSC,MEG_1158|Metals|Arsenic_resistance|Arsenic_resistance_protein|ARSC,396,758830,759225,+
Escherichia_coli_JM109,E.coli.JM109.final.genome,790556,791023,468,MEG_5828|Multi-compound|Drug_and_biocide_resistance|Drug_and_biocide_SMR_efflux_pumps|QACE,MEG_5828|Multi-compound|Drug_and_biocide_resistance|Drug_and_biocide_SMR_efflux_pumps|QACE,333,789248,789580,+
Escherichia_coli_JM109,E.coli.JM109.final.genome,846594,847652,1059,MEG_2665|Multi-compound|Biocide_and_metal_resistance|Biocide_and_metal_resistance_protein|DPSA,MEG_2665|Multi-compound|Biocide_and_metal_resistance|Biocide_and_metal_resistance_protein|DPSA,489,845151,845639,+
Escherichia_coli_JM109,E.coli.JM109.final.genome,847654,849117,1464,MEG_1159|Metals|Arsenic_resistance|Arsenic_resistance_protein|ARSC,MEG_1159|Metals|Arsenic_resistance|Arsenic_resistance_protein|ARSC,420,845641,846060,+
Escherichia_coli_JM109,E.coli.JM109.final.genome,849562,850350,789,MEG_7113|Drugs|Tetracyclines|Tetracycline_resistance_ribosomal_protection_proteins|TETM,MEG_7113|Drugs|Tetracyclines|Tetracycline_resistance_ribosomal_protection_proteins|TETM,1920,846505,848424,+
Escherichia_coli_JM109,E.coli.JM109.final.genome,859383,860324,942,MEG_11429|Metals|Tellurium_resistance|Tellurium_resistance_protein|TERA,MEG_11429|Metals|Tellurium_resistance|Tellurium_resistance_protein|TERA,1152,857457,858608,+
Escherichia_coli_JM109,E.coli.JM109.final.genome,922474,923151,678,MEG_6583|Drugs|Sulfonamides|Sulfonamide-resistant_dihydropteroate_synthases|SULI,MEG_6583|Drugs|Sulfonamides|Sulfonamide-resistant_dihydropteroate_synthases|SULI,840,920758,921597,+
Escherichia_coli_JM109,E.coli.JM109.final.genome,927343,927486,144,MEG_10323|Drugs|betalactams|Class_C_betalactamases|PDC,MEG_10323|Drugs|betalactams|Class_C_betalactamases|PDC,1188,925789,926976,+
Escherichia_coli_JM109,E.coli.JM109.final.genome,952479,953301,823,MEG_3750|Multi-compound|Drug_and_biocide_and_metal_resistance|Drug_and_biocide_and_metal_RND_efflux_pumps|MDTC,MEG_3750|Multi-compound|Drug_and_biocide_and_metal_resistance|Drug_and_biocide_and_metal_RND_efflux_pumps|MDTC,3081,951969,955049,+
Escherichia_coli_JM109,E.coli.JM109.final.genome,953326,954864,1539,MEG_7140|Drugs|Tetracyclines|Tetracycline_resistance_ribosomal_protection_proteins|TETM,MEG_7140|Drugs|Tetracyclines|Tetracycline_resistance_ribosomal_protection_proteins|TETM,1920,955074,956993,+
Escherichia_coli_JM109,E.coli.JM109.final.genome,960813,962423,1611,MEG_3290|Biocides|Acetate_resistance|Acetate_resistance_protein|ICLR,MEG_3290|Biocides|Acetate_resistance|Acetate_resistance_protein|ICLR,825,962942,963766,+
Escherichia_coli_JM109,E.coli.JM109.final.genome,975989,977890,1902,MEG_3760|Multi-compound|Drug_and_biocide_resistance|Drug_and_biocide_MATE_efflux_pumps|MDTK,MEG_3760|Multi-compound|Drug_and_biocide_resistance|Drug_and_biocide_MATE_efflux_pumps|MDTK,1425,977332,978756,+
Escherichia_coli_JM109,E.coli.JM109.final.genome,1042343,1045486,3144,MEG_7273|Biocides|Phenolic_compound_resistance|Phenolic_RND_efflux_pump|TRIB,MEG_7273|Biocides|Phenolic_compound_resistance|Phenolic_RND_efflux_pump|TRIB,1071,1043209,1044279,+
Escherichia_coli_JM109,E.coli.JM109.final.genome,1045498,1046721,1224,MEG_8658|Drugs|Fluoroquinolones|Quinolone_resistance_protein_Qnr|QNRVC,MEG_8658|Drugs|Fluoroquinolones|Quinolone_resistance_protein_Qnr|QNRVC,657,1044291,1044947,+
Escherichia_coli_JM109,E.coli.JM109.final.genome,1046737,1047069,333,MEG_6957|Metals|Tellurium_resistance|Tellurium_resistance_protein|TERC,MEG_6957|Metals|Tellurium_resistance|Tellurium_resistance_protein|TERC,1041,1044963,1046003,+
Escherichia_coli_JM109,E.coli.JM109.final.genome,1047227,1048600,1374,MEG_6525|Multi-compound|Drug_and_biocide_resistance|Drug_and_biocide_RND_efflux_pumps|SME,MEG_6525|Multi-compound|Drug_and_biocide_resistance|Drug_and_biocide_RND_efflux_pumps|SME,1404,1046161,1047564,+
Escherichia_coli_JM109,E.coli.JM109.final.genome,1048757,1050872,2116,MEG_7184|Drugs|Tetracyclines|Tetracycline_resistance_ribosomal_protection_proteins|TETQ,MEG_7184|Drugs|Tetracyclines|Tetracycline_resistance_ribosomal_protection_proteins|TETQ,1926,1047721,1049646,+
Escherichia_coli_JM109,E.coli.JM109.final.genome,1116672,1118115,1444,MEG_2654|Metals|Copper_resistance|Copper_resistance_protein|DNAK,MEG_2654|Metals|Copper_resistance|Copper_resistance_protein|DNAK,1878,1115446,1117323,+
Escherichia_coli_JM109,E.coli.JM109.final.genome,1119634,1120041,408,MEG_5950|Drugs|Fluoroquinolones|Quinolone_resistance_protein_Qnr|QNRB,MEG_5950|Drugs|Fluoroquinolones|Quinolone_resistance_protein_Qnr|QNRB,645,1118842,1119486,+
Escherichia_coli_JM109,E.coli.JM109.final.genome,1122655,1125159,2505,MEG_7862|Metals|Zinc_resistance|Zinc_resistance_regulator|ZRAR,MEG_7862|Metals|Zinc_resistance|Zinc_resistance_regulator|ZRAR,1326,1122100,1123425,+
Escherichia_coli_JM109,E.coli.JM109.final.genome,1148415,1149608,1194,MEG_2442|Metals|Copper_resistance|Copper_resistance_regulator|CUER,MEG_2442|Metals|Copper_resistance|Copper_resistance_regulator|CUER,432,1146681,1147112,+
Escherichia_coli_JM109,E.coli.JM109.final.genome,1149631,1152780,3150,MEG_2019|Metals|Copper_resistance|Copper_resistance_protein|COPA,MEG_2019|Metals|Copper_resistance|Copper_resistance_protein|COPA,2505,1147135,1149639,+
Escherichia_coli_JM109,E.coli.JM109.final.genome,1161635,1163380,1746,MEG_7856|Metals|Zinc_resistance|Zinc_resistance_protein|ZNUA,MEG_7856|Metals|Zinc_resistance|Zinc_resistance_protein|ZNUA,933,1158494,1159426,+
Escherichia_coli_JM109,E.coli.JM109.final.genome,1239096,1240253,1158,MEG_3597|Drugs|Multi-drug_resistance|Multi-drug_ABC_efflux_pumps|LMRD,MEG_3597|Drugs|Multi-drug_resistance|Multi-drug_ABC_efflux_pumps|LMRD,1995,1235142,1237136,+
Escherichia_coli_JM109,E.coli.JM109.final.genome,1255812,1256921,1110,MEG_2702|Biocides|Acid_resistance|Acid_resistance_protein|EEFX,MEG_2702|Biocides|Acid_resistance|Acid_resistance_protein|EEFX,186,1252695,1252880,+
Escherichia_coli_JM109,E.coli.JM109.final.genome,1295069,1295779,711,MEG_4203|Biocides|Paraquat_resistance|Paraquat_resistance_protein|NMPC,MEG_4203|Biocides|Paraquat_resistance|Paraquat_resistance_protein|NMPC,1089,1291028,1292116,+
Escherichia_coli_JM109,E.coli.JM109.final.genome,1372415,1373965,1551,MEG_6515|Multi-compound|Biocide_and_metal_resistance|Biocide_and_metal_ABC_efflux_pumps|SITC,MEG_6515|Multi-compound|Biocide_and_metal_resistance|Biocide_and_metal_ABC_efflux_pumps|SITC,861,1368752,1369612,+
Escherichia_coli_JM109,E.coli.JM109.final.genome,1425736,1426680,945,MEG_4144|Drugs|betalactams|Class_B_betalactamases|NDM,MEG_4144|Drugs|betalactams|Class_B_betalactamases|NDM,813,1421383,1422195,+
Escherichia_coli_JM109,E.coli.JM109.final.genome,1453939,1456293,2355,MEG_2478|Metals|Multi-metal_resistance|Multi-metal_RND_efflux_pumps|CZNC,MEG_2478|Metals|Multi-metal_resistance|Multi-metal_RND_efflux_pumps|CZNC,1275,1449454,1450728,+
Escherichia_coli_JM109,E.coli.JM109.final.genome,1459442,1459819,378,MEG_2113|Drugs|Phenicol|Chloramphenicol_phosphotransferase|CPT,MEG_2113|Drugs|Phenicol|Chloramphenicol_phosphotransferase|CPT,531,1453877,1454407,+
Escherichia_coli_JM109,E.coli.JM109.final.genome,1492393,1493559,1167,MEG_4188|Drugs|Metronidazole|nim_nitroimidazole_reductase|NIMI,MEG_4188|Drugs|Metronidazole|nim_nitroimidazole_reductase|NIMI,519,1486981,1487499,+
Escherichia_coli_JM109,E.coli.JM109.final.genome,1518827,1519696,870,MEG_11323|Metals|Arsenic_resistance|Arsenic_resistance_protein|ARSB,MEG_11323|Metals|Arsenic_resistance|Arsenic_resistance_protein|ARSB,1083,1512767,1513849,+
Escherichia_coli_JM109,E.coli.JM109.final.genome,1585618,1586850,1233,MEG_6084|Drugs|Multi-drug_resistance|Multi-drug_MFS_efflux_pumps|ROSB,MEG_6084|Drugs|Multi-drug_resistance|Multi-drug_MFS_efflux_pumps|ROSB,1692,1579771,1581462,+
Escherichia_coli_JM109,E.coli.JM109.final.genome,1642495,1644219,1725,MEG_5799|Multi-compound|Drug_and_metal_resistance|Drug_and_metal_MFS_efflux_pumps|PMRBM,MEG_5799|Multi-compound|Drug_and_metal_resistance|Drug_and_metal_MFS_efflux_pumps|PMRBM,1095,1637107,1638201,+
Escherichia_coli_JM109,E.coli.JM109.final.genome,1684588,1687284,2697,MEG_3608|Drugs|MLS|Lincosamide_nucleotidyltransferases|LNUA,MEG_3608|Drugs|MLS|Lincosamide_nucleotidyltransferases|LNUA,486,1678570,1679055,+
Escherichia_coli_JM109,E.coli.JM109.final.genome,1776741,1777874,1134,MEG_6002|Drugs|Fluoroquinolones|Quinolone_resistance_protein_Qnr|QNRB,MEG_6002|Drugs|Fluoroquinolones|Quinolone_resistance_protein_Qnr|QNRB,644,1768512,1769155,+
Escherichia_coli_JM109,E.coli.JM109.final.genome,1778493,1778960,468,MEG_8777|Drugs|Lipopeptides|Colistin_phosphoethanolamine_transferase|MCR,MEG_8777|Drugs|Lipopeptides|Colistin_phosphoethanolamine_transferase|MCR,1698,1769774,1771471,+
Escherichia_coli_JM109,E.coli.JM109.final.genome,1790329,1790667,339,MEG_7265|Biocides|Multi-biocide_resistance|Multi-biocide_RND_efflux_pump|TOLC,MEG_7265|Biocides|Multi-biocide_resistance|Multi-biocide_RND_efflux_pump|TOLC,142,1782840,1782981,+
Escherichia_coli_JM109,E.coli.JM109.final.genome,1820095,1821738,1644,MEG_2082|Metals|Copper_resistance|Copper_resistance_regulator|COPZ,MEG_2082|Metals|Copper_resistance|Copper_resistance_regulator|COPZ,210,1812409,1812618,+
Escherichia_coli_JM109,E.coli.JM109.final.genome,1851576,1856121,4546,MEG_5891|Drugs|Fluoroquinolones|Quinolone_resistance_protein_Qnr|QNRB,MEG_5891|Drugs|Fluoroquinolones|Quinolone_resistance_protein_Qnr|QNRB,645,1842456,1843100,+
Escherichia_coli_JM109,E.coli.JM109.final.genome,1870672,1872321,1650,MEG_2989|Drugs|Fosfomycin|Fosfomycin_thiol_transferases|FOSA,MEG_2989|Drugs|Fosfomycin|Fosfomycin_thiol_transferases|FOSA,408,1857651,1858058,+
Escherichia_coli_JM109,E.coli.JM109.final.genome,1877641,1878105,465,MEG_2662|Multi-compound|Biocide_and_metal_resistance|Biocide_and_metal_resistance_protein|DPR,MEG_2662|Multi-compound|Biocide_and_metal_resistance|Biocide_and_metal_resistance_protein|DPR,519,1863378,1863896,+
Escherichia_coli_JM109,E.coli.JM109.final.genome,1878191,1878514,324,MEG_8064|Drugs|Trimethoprim|Dihydrofolate_reductase|DFRA,MEG_8064|Drugs|Trimethoprim|Dihydrofolate_reductase|DFRA,498,1863982,1864479,+
Escherichia_coli_JM109,E.coli.JM109.final.genome,1895571,1896086,516,MEG_404|Multi-compound|Drug_and_biocide_and_metal_resistance|Drug_and_biocide_and_metal_RND_efflux_pumps|ACRD,MEG_404|Multi-compound|Drug_and_biocide_and_metal_resistance|Drug_and_biocide_and_metal_RND_efflux_pumps|ACRD,3114,1881536,1884649,+
Escherichia_coli_JM109,E.coli.JM109.final.genome,1931946,1932770,825,MEG_2541|Drugs|Trimethoprim|Dihydrofolate_reductase|DFRA,MEG_2541|Drugs|Trimethoprim|Dihydrofolate_reductase|DFRA,570,1920509,1921078,+
Escherichia_coli_JM109,E.coli.JM109.final.genome,1941957,1942340,384,MEG_11252|Metals|Arsenic_resistance|Arsenic_resistance_regulator|ARSR,MEG_11252|Metals|Arsenic_resistance|Arsenic_resistance_regulator|ARSR,321,1930265,1930585,+
Escherichia_coli_JM109,E.coli.JM109.final.genome,1950932,1953651,2720,MEG_2063|Metals|Copper_resistance|Copper_resistance_protein|COPL,MEG_2063|Metals|Copper_resistance|Copper_resistance_protein|COPL,420,1939177,1939596,+
Escherichia_coli_JM109,E.coli.JM109.final.genome,2037480,2038325,846,MEG_4314|Drugs|Multi-drug_resistance|Multi-drug_ABC_efflux_pumps|OPTRA,MEG_4314|Drugs|Multi-drug_resistance|Multi-drug_ABC_efflux_pumps|OPTRA,1968,2023425,2025392,+
Escherichia_coli_JM109,E.coli.JM109.final.genome,2048199,2049101,903,MEG_8718|Drugs|Tetracyclines|Tetracycline_inactivation_enzymes|TETX,MEG_8718|Drugs|Tetracyclines|Tetracycline_inactivation_enzymes|TETX,1167,2035266,2036432,+
Escherichia_coli_JM109,E.coli.JM109.final.genome,2049900,2051968,2069,MEG_3849|Metals|Mercury_resistance|Mercury_resistance_protein|MERB,MEG_3849|Metals|Mercury_resistance|Mercury_resistance_protein|MERB,660,2037231,2037890,+
Escherichia_coli_JM109,E.coli.JM109.final.genome,2054140,2054760,621,MEG_3744|Multi-compound|Drug_and_biocide_and_metal_resistance|Drug_and_biocide_and_metal_RND_efflux_pumps|MDTA,MEG_3744|Multi-compound|Drug_and_biocide_and_metal_resistance|Drug_and_biocide_and_metal_RND_efflux_pumps|MDTA,1242,2040062,2041303,+
Escherichia_coli_JM109,E.coli.JM109.final.genome,2111526,2112152,627,MEG_949|Drugs|Aminoglycosides|Aminoglycoside_O-nucleotidyltransferases|ANT3-DPRIME,MEG_949|Drugs|Aminoglycosides|Aminoglycoside_O-nucleotidyltransferases|ANT3-DPRIME,972,2098069,2099040,+
Escherichia_coli_JM109,E.coli.JM109.final.genome,2153186,2154136,951,MEG_3874|Metals|Mercury_resistance|Mercury_resistance_protein|MERP,MEG_3874|Metals|Mercury_resistance|Mercury_resistance_protein|MERP,276,2140074,2140349,+
Escherichia_coli_JM109,E.coli.JM109.final.genome,2244028,2245068,1041,MEG_4316|Drugs|Multi-drug_resistance|Multi-drug_ABC_efflux_pumps|OPTRA,MEG_4316|Drugs|Multi-drug_resistance|Multi-drug_ABC_efflux_pumps|OPTRA,1968,2230241,2232208,+
Escherichia_coli_JM109,E.coli.JM109.final.genome,2245155,2247004,1850,MEG_4123|Metals|Nickel_resistance|Nickel_MFS_efflux_regulator|NCRBN,MEG_4123|Metals|Nickel_resistance|Nickel_MFS_efflux_regulator|NCRBN,270,2232295,2232564,+
Escherichia_coli_JM109,E.coli.JM109.final.genome,2247187,2247960,774,MEG_2096|Metals|Cobalt_resistance|Cobalt_transporting_ATPase|CORT,MEG_2096|Metals|Cobalt_resistance|Cobalt_transporting_ATPase|CORT,1929,2232747,2234675,+
Escherichia_coli_JM109,E.coli.JM109.final.genome,2260335,2260901,567,MEG_3912|Multi-compound|Drug_and_biocide_resistance|Drug_and_biocide_RND_efflux_pumps|MEXF,MEG_3912|Multi-compound|Drug_and_biocide_resistance|Drug_and_biocide_RND_efflux_pumps|MEXF,3189,2247050,2250238,+
Escherichia_coli_JM109,E.coli.JM109.final.genome,2288131,2288544,414,MEG_6652|Metals|Copper_resistance|Copper_resistance_protein|TCRB,MEG_6652|Metals|Copper_resistance|Copper_resistance_protein|TCRB,2133,2277468,2279600,+
Escherichia_coli_JM109,E.coli.JM109.final.genome,2288650,2289084,435,MEG_1477|Drugs|Glycopeptides|Bleomycin_resistance_protein|BRP,MEG_1477|Drugs|Glycopeptides|Bleomycin_resistance_protein|BRP,366,2279706,2280071,+
Escherichia_coli_JM109,E.coli.JM109.final.genome,2300447,2301637,1191,MEG_10189|Drugs|Tetracyclines|Tetracycline_resistance_ABC_efflux_pumps|TETA60,MEG_10189|Drugs|Tetracyclines|Tetracycline_resistance_ABC_efflux_pumps|TETA60,1740,2291434,2293173,+
Escherichia_coli_JM109,E.coli.JM109.final.genome,2318451,2318612,162,MEG_2067|Metals|Copper_resistance|Copper_resistance_protein|COPP,MEG_2067|Metals|Copper_resistance|Copper_resistance_protein|COPP,201,2309987,2310187,+
Escherichia_coli_JM109,E.coli.JM109.final.genome,2489311,2490707,1397,MEG_11466|Drugs|Tetracyclines|Tetracycline_resistance_MFS_efflux_pumps|TETE,MEG_11466|Drugs|Tetracyclines|Tetracycline_resistance_MFS_efflux_pumps|TETE,1218,2480886,2482103,+
Escherichia_coli_JM109,E.coli.JM109.final.genome,2491077,2491901,825,MEG_1171|Metals|Arsenic_resistance|Arsenic_resistance_regulator|ARSR,MEG_1171|Metals|Arsenic_resistance|Arsenic_resistance_regulator|ARSR,354,2482473,2482826,+
Escherichia_coli_JM109,E.coli.JM109.final.genome,2492269,2492997,729,MEG_3703|Drugs|Lipopeptides|Colistin_phosphoethanolamine_transferase|MCR,MEG_3703|Drugs|Lipopeptides|Colistin_phosphoethanolamine_transferase|MCR,1626,2483194,2484819,+
Escherichia_coli_JM109,E.coli.JM109.final.genome,2493360,2496473,3114,MEG_11360|Metals|Arsenic_resistance|Arsenic_resistance_N-acetyltransferases|ARSN2,MEG_11360|Metals|Arsenic_resistance|Arsenic_resistance_N-acetyltransferases|ARSN2,495,2485182,2485676,+
Escherichia_coli_JM109,E.coli.JM109.final.genome,2496498,2497655,1158,MEG_1177|Metals|Multi-metal_resistance|Multi-metal_resistance_protein|ARSRM,MEG_1177|Metals|Multi-metal_resistance|Multi-metal_resistance_protein|ARSRM,354,2485701,2486054,+
Escherichia_coli_JM109,E.coli.JM109.final.genome,2497994,2498521,528,MEG_2088|Metals|Multi-metal_resistance|Multi-metal_resistance_protein|CORB,MEG_2088|Metals|Multi-metal_resistance|Multi-metal_resistance_protein|CORB,684,2486393,2487076,+
Escherichia_coli_JM109,E.coli.JM109.final.genome,2500147,2500479,333,MEG_11497|Drugs|Metronidazole|nim_nitroimidazole_reductase|NIMI,MEG_11497|Drugs|Metronidazole|nim_nitroimidazole_reductase|NIMI,498,2488702,2489199,+
Escherichia_coli_JM109,E.coli.JM109.final.genome,2500583,2500921,339,MEG_6514|Multi-compound|Biocide_and_metal_resistance|Biocide_and_metal_ABC_efflux_pumps|SITB,MEG_6514|Multi-compound|Biocide_and_metal_resistance|Biocide_and_metal_ABC_efflux_pumps|SITB,822,2489303,2490124,+
Escherichia_coli_JM109,E.coli.JM109.final.genome,2506224,2506649,426,MEG_8061|Drugs|Trimethoprim|Dihydrofolate_reductase|DFRA,MEG_8061|Drugs|Trimethoprim|Dihydrofolate_reductase|DFRA,534,2495427,2495960,+
Escherichia_coli_JM109,E.coli.JM109.final.genome,2506662,2507951,1290,MEG_5411|Metals|Lead_resistance|Lead_P-type_ATPase_transporter|PBRB,MEG_5411|Metals|Lead_resistance|Lead_P-type_ATPase_transporter|PBRB,1077,2495973,2497049,+
Escherichia_coli_JM109,E.coli.JM109.final.genome,2508005,2508358,354,MEG_4182|Drugs|Metronidazole|nim_nitroimidazole_reductase|NIMD,MEG_4182|Drugs|Metronidazole|nim_nitroimidazole_reductase|NIMD,495,2497103,2497597,+
Escherichia_coli_JM109,E.coli.JM109.final.genome,2517745,2519244,1500,MEG_6593|Drugs|Sulfonamides|Sulfonamide-resistant_dihydropteroate_synthases|SULI,MEG_6593|Drugs|Sulfonamides|Sulfonamide-resistant_dihydropteroate_synthases|SULI,840,2506984,2507823,+
Escherichia_coli_JM109,E.coli.JM109.final.genome,2537865,2538296,432,MEG_5813|Metals|Arsenic_resistance|Arsenic_resistance_protein|PSTA,MEG_5813|Metals|Arsenic_resistance|Arsenic_resistance_protein|PSTA,891,2526444,2527334,+
Escherichia_coli_JM109,E.coli.JM109.final.genome,2538302,2543217,4916,MEG_5412|Metals|Lead_resistance|Lead_P-type_ATPase_transporter|PBRD,MEG_5412|Metals|Lead_resistance|Lead_P-type_ATPase_transporter|PBRD,870,2527340,2528209,+
Escherichia_coli_JM109,E.coli.JM109.final.genome,2548235,2550433,2199,MEG_405|Multi-compound|Drug_and_biocide_and_metal_resistance|Drug_and_biocide_and_metal_RND_efflux_pumps|ACRD,MEG_405|Multi-compound|Drug_and_biocide_and_metal_resistance|Drug_and_biocide_and_metal_RND_efflux_pumps|ACRD,3117,2533227,2536343,+
Escherichia_coli_JM109,E.coli.JM109.final.genome,2670133,2670765,633,MEG_6637|Drugs|Sulfonamides|Sulfonamide-resistant_dihydropteroate_synthases|SULII,MEG_6637|Drugs|Sulfonamides|Sulfonamide-resistant_dihydropteroate_synthases|SULII,816,2656043,2656858,+
Escherichia_coli_JM109,E.coli.JM109.final.genome,2717755,2718180,426,MEG_11357|Drugs|Organoarsenicals|Arsinothricin_resistance_N-acetyltransferases|ARSN1,MEG_11357|Drugs|Organoarsenicals|Arsinothricin_resistance_N-acetyltransferases|ARSN1,561,2703848,2704408,+
Escherichia_coli_JM109,E.coli.JM109.final.genome,2738745,2741849,3105,MEG_5809|Drugs|Multi-drug_resistance|Multi-drug_ABC_efflux_pumps|POXT,MEG_5809|Drugs|Multi-drug_resistance|Multi-drug_ABC_efflux_pumps|POXT,1629,2724973,2726601,+
Escherichia_coli_JM109,E.coli.JM109.final.genome,2741861,2743018,1158,MEG_2880|Drugs|Elfamycins|Elfamycin_efflux_pumps|FACT,MEG_2880|Drugs|Elfamycins|Elfamycin_efflux_pumps|FACT,1680,2726613,2728292,+
Escherichia_coli_JM109,E.coli.JM109.final.genome,2743417,2744079,663,MEG_11432|Drugs|Multi-drug_resistance|ABC-F_ribosomal_protection_protein|VGAF,MEG_11432|Drugs|Multi-drug_resistance|ABC-F_ribosomal_protection_protein|VGAF,1386,2728691,2730076,+
Escherichia_coli_JM109,E.coli.JM109.final.genome,2771081,2771395,315,MEG_6052|Metals|Chromium_resistance|Chromium_resistance_protein|RECG,MEG_6052|Metals|Chromium_resistance|Chromium_resistance_protein|RECG,472,2757078,2757549,+
Escherichia_coli_JM109,E.coli.JM109.final.genome,2941726,2942490,765,MEG_7392|Drugs|Glycopeptides|VanG-type_resistance_protein|VANG,MEG_7392|Drugs|Glycopeptides|VanG-type_resistance_protein|VANG,1101,2927880,2928980,+
Escherichia_coli_JM109,E.coli.JM109.final.genome,2954085,2954906,822,MEG_6089|Drugs|Rifampin|Rifampin_phosphotransferase|RPH,MEG_6089|Drugs|Rifampin|Rifampin_phosphotransferase|RPH,2655,2940575,2943229,+
Escherichia_coli_JM109,E.coli.JM109.final.genome,2974893,2975690,798,MEG_8065|Drugs|Trimethoprim|Dihydrofolate_reductase|DFRA,MEG_8065|Drugs|Trimethoprim|Dihydrofolate_reductase|DFRA,501,2963216,2963716,+
Escherichia_coli_JM109,E.coli.JM109.final.genome,2979966,2980107,142,MEG_2522|Drugs|Trimethoprim|Dihydrofolate_reductase|DFRA,MEG_2522|Drugs|Trimethoprim|Dihydrofolate_reductase|DFRA,498,2967992,2968489,+
Escherichia_coli_JM109,E.coli.JM109.final.genome,2988540,2988932,393,MEG_61|Drugs|Aminoglycosides|Aminoglycoside_N-acetyltransferases|AAC3,MEG_61|Drugs|Aminoglycosides|Aminoglycoside_N-acetyltransferases|AAC3,861,2976922,2977782,+
Escherichia_coli_JM109,E.coli.JM109.final.genome,3021845,3023337,1493,MEG_3011|Drugs|Fosfomycin|Fosfomycin_thiol_transferases|FOSB,MEG_3011|Drugs|Fosfomycin|Fosfomycin_thiol_transferases|FOSB,420,3010695,3011114,+
Escherichia_coli_JM109,E.coli.JM109.final.genome,3119394,3120104,711,MEG_9968|Drugs|Trimethoprim|Dihydrofolate_reductase|DFRB,MEG_9968|Drugs|Trimethoprim|Dihydrofolate_reductase|DFRB,237,3107171,3107407,+
Escherichia_coli_JM109,E.coli.JM109.final.genome,3291827,3292855,1029,MEG_2443|Metals|Copper_resistance|Copper_resistance_regulator|CUER,MEG_2443|Metals|Copper_resistance|Copper_resistance_regulator|CUER,408,3279130,3279537,+
Escherichia_coli_JM109,E.coli.JM109.final.genome,3331071,3331232,162,MEG_7669|Multi-compound|Drug_and_biocide_resistance|Drug_and_biocide_RND_efflux_pumps|VEXB,MEG_7669|Multi-compound|Drug_and_biocide_resistance|Drug_and_biocide_RND_efflux_pumps|VEXB,3111,3317753,3320863,+
Escherichia_coli_JM109,E.coli.JM109.final.genome,3332403,3332569,167,MEG_7788|Biocides|Multi-biocide_resistance|Multi-biocide_RND_efflux_pump|VMEE,MEG_7788|Biocides|Multi-biocide_resistance|Multi-biocide_RND_efflux_pump|VMEE,1095,3322034,3323128,+
Escherichia_coli_JM109,E.coli.JM109.final.genome,3347935,3349473,1539,MEG_6559|Biocides|Multi-biocide_resistance|Multi-biocide_RND_efflux_pump|SRPA,MEG_6559|Biocides|Multi-biocide_resistance|Multi-biocide_RND_efflux_pump|SRPA,1149,3338494,3339642,+
Escherichia_coli_JM109,E.coli.JM109.final.genome,3349490,3350662,1173,MEG_6082|Multi-compound|Drug_and_biocide_and_metal_resistance|Drug_and_biocide_and_metal_RND_efflux_pumps|ROBA,MEG_6082|Multi-compound|Drug_and_biocide_and_metal_resistance|Drug_and_biocide_and_metal_RND_efflux_pumps|ROBA,870,3339659,3340528,+
Escherichia_coli_JM109,E.coli.JM109.final.genome,3350789,3351319,531,MEG_3066|Drugs|Fusidic_acid|Ribosomal_zinc-binding_protein|FUSB,MEG_3066|Drugs|Fusidic_acid|Ribosomal_zinc-binding_protein|FUSB,642,3340655,3341296,+
Escherichia_coli_JM109,E.coli.JM109.final.genome,3412029,3412712,684,MEG_4125|Metals|Multi-metal_resistance|Multi-metal_MFS_efflux_pumps|NCRC,MEG_4125|Metals|Multi-metal_resistance|Multi-metal_MFS_efflux_pumps|NCRC,696,3402006,3402701,+
Escherichia_coli_JM109,E.coli.JM109.final.genome,3550209,3550685,477,MEG_7834|Multi-compound|Biocide_and_metal_resistance|Biocide_and_metal_resistance_protein|YHCN,MEG_7834|Multi-compound|Biocide_and_metal_resistance|Biocide_and_metal_resistance_protein|YHCN,264,3540198,3540461,+
Escherichia_coli_JM109,E.coli.JM109.final.genome,3571371,3574484,3114,MEG_3133|Multi-compound|Drug_and_biocide_and_metal_resistance|Drug_and_biocide_and_metal_RND_efflux_pumps|GESB,MEG_3133|Multi-compound|Drug_and_biocide_and_metal_resistance|Drug_and_biocide_and_metal_RND_efflux_pumps|GESB,3168,3561147,3564314,+
Escherichia_coli_JM109,E.coli.JM109.final.genome,3605883,3607187,1305,MEG_9961|Multi-compound|Drug_and_biocide_and_metal_resistance|Drug_and_biocide_and_metal_RND_efflux_regulator|BAER,MEG_9961|Multi-compound|Drug_and_biocide_and_metal_resistance|Drug_and_biocide_and_metal_RND_efflux_regulator|BAER,723,3595713,3596435,+
Escherichia_coli_JM109,E.coli.JM109.final.genome,3642583,3643821,1239,MEG_3072|Drugs|Fusidic_acid|Fusidic_acid_esterases|FUSF,MEG_3072|Drugs|Fusidic_acid|Fusidic_acid_esterases|FUSF,645,3631831,3632475,+
Escherichia_coli_JM109,E.coli.JM109.final.genome,3667322,3670915,3594,MEG_968|Drugs|Aminoglycosides|Aminoglycoside_O-nucleotidyltransferases|ANT3-DPRIME,MEG_968|Drugs|Aminoglycosides|Aminoglycoside_O-nucleotidyltransferases|ANT3-DPRIME,789,3655976,3656764,+
Escherichia_coli_JM109,E.coli.JM109.final.genome,3670920,3671534,615,MEG_1578|Drugs|Phenicol|Chloramphenicol_acetyltransferases|CATA,MEG_1578|Drugs|Phenicol|Chloramphenicol_acetyltransferases|CATA,660,3656769,3657428,+
Escherichia_coli_JM109,E.coli.JM109.final.genome,3671950,3674651,2702,MEG_504|Multi-compound|Biocide_and_metal_resistance|Biocide_and_metal_resistance_regulator|ACTR,MEG_504|Multi-compound|Biocide_and_metal_resistance|Biocide_and_metal_resistance_regulator|ACTR,585,3657844,3658428,+
Escherichia_coli_JM109,E.coli.JM109.final.genome,3788449,3789417,969,MEG_4211|Drugs|Multi-drug_resistance|Multi-drug_MFS_efflux_pumps|NORBD,MEG_4211|Drugs|Multi-drug_resistance|Multi-drug_MFS_efflux_pumps|NORBD,1401,3772226,3773626,+
Escherichia_coli_JM109,E.coli.JM109.final.genome,3844018,3844261,244,MEG_3749|Multi-compound|Drug_and_biocide_and_metal_resistance|Drug_and_biocide_and_metal_RND_efflux_pumps|MDTC,MEG_3749|Multi-compound|Drug_and_biocide_and_metal_resistance|Drug_and_biocide_and_metal_RND_efflux_pumps|MDTC,3078,3828227,3831304,+
Escherichia_coli_JM109,E.coli.JM109.final.genome,3844558,3844781,224,MEG_7296|Multi-compound|Drug_and_biocide_resistance|Drug_and_biocide_RND_efflux_regulator|TTGR,MEG_7296|Multi-compound|Drug_and_biocide_resistance|Drug_and_biocide_RND_efflux_regulator|TTGR,633,3831601,3832233,+
Escherichia_coli_JM109,E.coli.JM109.final.genome,3847873,3849516,1644,MEG_4175|Metals|Nickel_resistance|Nickel_ABC_efflux_regulator|NIKR,MEG_4175|Metals|Nickel_resistance|Nickel_ABC_efflux_regulator|NIKR,121,3835325,3835445,+
Escherichia_coli_JM109,E.coli.JM109.final.genome,3876614,3877804,1191,MEG_4083|Multi-compound|Drug_and_biocide_resistance|Drug_and_biocide_RND_efflux_pumps|MTRD,MEG_4083|Multi-compound|Drug_and_biocide_resistance|Drug_and_biocide_RND_efflux_pumps|MTRD,3204,3862543,3865746,+
Escherichia_coli_JM109,E.coli.JM109.final.genome,3969076,3969414,339,MEG_3819|Drugs|MLS|MLS_resistance_MFS_efflux_pumps|MEFA,MEG_3819|Drugs|MLS|MLS_resistance_MFS_efflux_pumps|MEFA,1227,3957018,3958244,+
Escherichia_coli_JM109,E.coli.JM109.final.genome,3969633,3970457,825,MEG_7285|Drugs|Thiopeptides|Thiostrepton_23S_rRNA_methyltransferases|TSNR,MEG_7285|Drugs|Thiopeptides|Thiostrepton_23S_rRNA_methyltransferases|TSNR,813,3958463,3959275,+
Escherichia_coli_JM109,E.coli.JM109.final.genome,3970578,3970850,273,MEG_3851|Metals|Mercury_resistance|Mercury_resistance_protein|MERB,MEG_3851|Metals|Mercury_resistance|Mercury_resistance_protein|MERB,657,3959396,3960052,+
Escherichia_coli_JM109,E.coli.JM109.final.genome,3992573,3994695,2123,MEG_3271|Drugs|Multi-drug_resistance|Multi-drug_RND_efflux_pumps|HNS,MEG_3271|Drugs|Multi-drug_resistance|Multi-drug_RND_efflux_pumps|HNS,414,3981775,3982188,+
Escherichia_coli_JM109,E.coli.JM109.final.genome,3996108,4003555,7448,MEG_2178|Drugs|betalactams|Class_A_betalactamases|CTX,MEG_2178|Drugs|betalactams|Class_A_betalactamases|CTX,876,3983601,3984476,+
Escherichia_coli_JM109,E.coli.JM109.final.genome,4015959,4017811,1853,MEG_5802|Multi-compound|Drug_and_metal_resistance|Drug_and_metal_MFS_efflux_pumps|PMRG,MEG_5802|Multi-compound|Drug_and_metal_resistance|Drug_and_metal_MFS_efflux_pumps|PMRG,606,3996880,3997485,+
Escherichia_coli_JM109,E.coli.JM109.final.genome,4057957,4059123,1167,MEG_7042|Drugs|Tetracyclines|Tetracycline_resistance_MFS_efflux_pumps|TETB,MEG_7042|Drugs|Tetracyclines|Tetracycline_resistance_MFS_efflux_pumps|TETB,1206,4037631,4038836,+
Escherichia_coli_JM109,E.coli.JM109.final.genome,4097913,4099318,1406,MEG_2792|Drugs|MLS|23S_rRNA_methyltransferases|ERMB,MEG_2792|Drugs|MLS|23S_rRNA_methyltransferases|ERMB,753,4077626,4078378,+
Escherichia_coli_JM109,E.coli.JM109.final.genome,4115545,4116195,651,MEG_3272|Metals|Nickel_resistance|Nickel_resistance_protein|HOXN,MEG_3272|Metals|Nickel_resistance|Nickel_resistance_protein|HOXN,1056,4094605,4095660,+
Escherichia_coli_JM109,E.coli.JM109.final.genome,4122329,4122502,174,MEG_2988|Drugs|Fosfomycin|Fosfomycin_thiol_transferases|FOSA,MEG_2988|Drugs|Fosfomycin|Fosfomycin_thiol_transferases|FOSA,423,4101794,4102216,+
Escherichia_coli_JM109,E.coli.JM109.final.genome,4132357,4132584,228,MEG_6626|Drugs|Sulfonamides|Sulfonamide-resistant_dihydropteroate_synthases|SULII,MEG_6626|Drugs|Sulfonamides|Sulfonamide-resistant_dihydropteroate_synthases|SULII,816,4112071,4112886,+
Escherichia_coli_JM109,E.coli.JM109.final.genome,4197528,4198274,747,MEG_2698|Biocides|Multi-biocide_resistance|Multi-biocide_SMR_efflux_pump|EBRB,MEG_2698|Biocides|Multi-biocide_resistance|Multi-biocide_SMR_efflux_pump|EBRB,357,4177830,4178186,+
Escherichia_coli_JM109,E.coli.JM109.final.genome,4212595,4214132,1538,MEG_4120|Metals|Nickel_resistance|Nickel_MFS_efflux_pumps|NCRAN,MEG_4120|Metals|Nickel_resistance|Nickel_MFS_efflux_pumps|NCRAN,1299,4192507,4193805,+
Escherichia_coli_JM109,E.coli.JM109.final.genome,4214211,4215143,933,MEG_3810|Drugs|MLS|MLS_resistance_MFS_efflux_pumps|MEFA,MEG_3810|Drugs|MLS|MLS_resistance_MFS_efflux_pumps|MEFA,1218,4193884,4195101,+
Escherichia_coli_JM109,E.coli.JM109.final.genome,4250540,4251106,567,MEG_5945|Drugs|Fluoroquinolones|Quinolone_resistance_protein_Qnr|QNRB,MEG_5945|Drugs|Fluoroquinolones|Quinolone_resistance_protein_Qnr|QNRB,645,4230498,4231142,+
Escherichia_coli_JM109,E.coli.JM109.final.genome,4411964,4413337,1374,MEG_1462|Drugs|Glycopeptides|Bleomycin_resistance_protein|BLM,MEG_1462|Drugs|Glycopeptides|Bleomycin_resistance_protein|BLM,369,4392000,4392368,+
Escherichia_coli_JM109,E.coli.JM109.final.genome,4420835,4421416,582,MEG_964|Drugs|Aminoglycosides|Aminoglycoside_O-nucleotidyltransferases|ANT3-DPRIME,MEG_964|Drugs|Aminoglycosides|Aminoglycoside_O-nucleotidyltransferases|ANT3-DPRIME,792,4399866,4400657,+
Escherichia_coli_JM109,E.coli.JM109.final.genome,4483326,4484007,682,MEG_3916|Multi-compound|Drug_and_biocide_resistance|Drug_and_biocide_RND_efflux_pumps|MEXJ,MEG_3916|Multi-compound|Drug_and_biocide_resistance|Drug_and_biocide_RND_efflux_pumps|MEXJ,1104,4462567,4463670,+
Escherichia_coli_JM109,E.coli.JM109.final.genome,4485143,4485478,336,MEG_11365|Metals|Arsenic_resistance|Arsenic_resistance_N-acetyltransferases|ARSN2,MEG_11365|Metals|Arsenic_resistance|Arsenic_resistance_N-acetyltransferases|ARSN2,429,4464806,4465234,+
Escherichia_coli_b2207,E.coli.b2207.final.plasmid,13158,16607,3450,MEG_7628|Drugs|MLS|Streptogramin_A_O-acetyltransferase|VATE,MEG_7628|Drugs|MLS|Streptogramin_A_O-acetyltransferase|VATE,645,13158,13802,+
Escherichia_coli_b2207,E.coli.b2207.final.genome,60261,61370,1110,MEG_2975|Drugs|Fosfomycin|Fosfomycin_phosphorylation|FOMB,MEG_2975|Drugs|Fosfomycin|Fosfomycin_phosphorylation|FOMB,980,60261,61240,+
Escherichia_coli_b2207,E.coli.b2207.final.genome,74333,75490,1158,MEG_5928|Drugs|Fluoroquinolones|Quinolone_resistance_protein_Qnr|QNRB,MEG_5928|Drugs|Fluoroquinolones|Quinolone_resistance_protein_Qnr|QNRB,681,74203,74883,+
Escherichia_coli_b2207,E.coli.b2207.final.genome,149857,151602,1746,MEG_2986|Drugs|Fosfomycin|Fosfomycin_thiol_transferases|FOSA,MEG_2986|Drugs|Fosfomycin|Fosfomycin_thiol_transferases|FOSA,417,149250,149666,+
Escherichia_coli_b2207,E.coli.b2207.final.genome,171642,174791,3150,MEG_5541|Drugs|betalactams|Class_C_betalactamases|PDC,MEG_5541|Drugs|betalactams|Class_C_betalactamases|PDC,1194,169706,170899,+
Escherichia_coli_b2207,E.coli.b2207.final.genome,174814,176007,1194,MEG_3865|Metals|Mercury_resistance|Mercury_resistance_regulator|MERD,MEG_3865|Metals|Mercury_resistance|Mercury_resistance_regulator|MERD,366,170922,171287,+
Escherichia_coli_b2207,E.coli.b2207.final.genome,199251,201755,2505,MEG_503|Metals|Copper_resistance|Copper_resistance_protein|ACTPC,MEG_503|Metals|Copper_resistance|Copper_resistance_protein|ACTPC,2526,194531,197056,+
Escherichia_coli_b2207,E.coli.b2207.final.genome,204369,204776,408,MEG_7468|Drugs|Glycopeptides|VanB-type_regulator|VANRB,MEG_7468|Drugs|Glycopeptides|VanB-type_regulator|VANRB,1344,199670,201013,+
Escherichia_coli_b2207,E.coli.b2207.final.genome,206295,207738,1444,MEG_5869|Drugs|Fluoroquinolones|Quinolone_resistance_protein_Qnr|QNRA,MEG_5869|Drugs|Fluoroquinolones|Quinolone_resistance_protein_Qnr|QNRA,657,202532,203188,+
Escherichia_coli_b2207,E.coli.b2207.final.genome,268365,269381,1017,MEG_4365|Multi-compound|Drug_and_biocide_resistance|Drug_and_biocide_RND_efflux_pumps|OQXB,MEG_4365|Multi-compound|Drug_and_biocide_resistance|Drug_and_biocide_RND_efflux_pumps|OQXB,3153,263815,266967,+
Escherichia_coli_b2207,E.coli.b2207.final.genome,310050,312165,2116,MEG_8036|Drugs|Lipopeptides|Colistin_phosphoethanolamine_transferase|CPRS,MEG_8036|Drugs|Lipopeptides|Colistin_phosphoethanolamine_transferase|CPRS,1296,307636,308931,+
Escherichia_coli_b2207,E.coli.b2207.final.genome,312322,313695,1374,MEG_11326|Metals|Arsenic_resistance|Arsenic_resistance_protein|ARSB,MEG_11326|Metals|Arsenic_resistance|Arsenic_resistance_protein|ARSB,1056,309088,310143,+
Escherichia_coli_b2207,E.coli.b2207.final.genome,313853,314185,333,MEG_7490|Drugs|Glycopeptides|VanB-type_regulator|VANSB,MEG_7490|Drugs|Glycopeptides|VanB-type_regulator|VANSB,1344,310301,311644,+
Escherichia_coli_b2207,E.coli.b2207.final.genome,314201,315424,1224,MEG_2793|Drugs|MLS|23S_rRNA_methyltransferases|ERMB,MEG_2793|Drugs|MLS|23S_rRNA_methyltransferases|ERMB,738,311660,312397,+
Escherichia_coli_b2207,E.coli.b2207.final.genome,315436,318579,3144,MEG_6580|Drugs|Sulfonamides|Sulfonamide-resistant_dihydropteroate_synthases|SULI,MEG_6580|Drugs|Sulfonamides|Sulfonamide-resistant_dihydropteroate_synthases|SULI,828,312409,313236,+
Escherichia_coli_b2207,E.coli.b2207.final.genome,383022,384923,1902,MEG_2672|Metals|Multi-metal_resistance|Multi-metal_resistance_protein|DSBA,MEG_2672|Metals|Multi-metal_resistance|Multi-metal_resistance_protein|DSBA,627,377679,378305,+
Escherichia_coli_b2207,E.coli.b2207.final.genome,398489,400099,1611,MEG_8247|Drugs|Multi-drug_resistance|Multi-drug_RND_efflux_pumps|MEXC1,MEG_8247|Drugs|Multi-drug_resistance|Multi-drug_RND_efflux_pumps|MEXC1,1164,391871,393034,+
Escherichia_coli_b2207,E.coli.b2207.final.genome,404850,406388,1539,MEG_11500|Drugs|Metronidazole|nim_nitroimidazole_reductase|NIMH,MEG_11500|Drugs|Metronidazole|nim_nitroimidazole_reductase|NIMH,495,397785,398279,+
Escherichia_coli_b2207,E.coli.b2207.final.genome,406413,407235,823,MEG_3870|Metals|Mercury_resistance|Mercury_resistance_protein|MERF,MEG_3870|Metals|Mercury_resistance|Mercury_resistance_protein|MERF,246,398304,398549,+
Escherichia_coli_b2207,E.coli.b2207.final.genome,432228,432371,144,MEG_6543|Biocides|Peroxide_resistance|peroxide_resistance_protein|SODA,MEG_6543|Biocides|Peroxide_resistance|peroxide_resistance_protein|SODA,288,423542,423829,+
Escherichia_coli_b2207,E.coli.b2207.final.genome,436333,437010,678,MEG_5975|Drugs|Fluoroquinolones|Quinolone_resistance_protein_Qnr|QNRB,MEG_5975|Drugs|Fluoroquinolones|Quinolone_resistance_protein_Qnr|QNRB,681,427791,428471,+
Escherichia_coli_b2207,E.coli.b2207.final.genome,498945,499886,942,MEG_7011|Drugs|Tetracyclines|Tetracycline_resistance_MFS_efflux_pumps|TET58,MEG_7011|Drugs|Tetracyclines|Tetracycline_resistance_MFS_efflux_pumps|TET58,1032,490406,491437,+
Escherichia_coli_b2207,E.coli.b2207.final.genome,508919,509707,789,MEG_11338|Multi-compound|Drug_and_biocide_and_metal_resistance|Drug_and_biocide_and_metal_RND_efflux_pumps|CMEB,MEG_11338|Multi-compound|Drug_and_biocide_and_metal_resistance|Drug_and_biocide_and_metal_RND_efflux_pumps|CMEB,3120,500470,503589,+
Escherichia_coli_b2207,E.coli.b2207.final.genome,510152,511615,1464,MEG_3254|Biocides|Acid_resistance|Acid_resistance_protein|HDEB,MEG_3254|Biocides|Acid_resistance|Acid_resistance_protein|HDEB,327,504034,504360,+
Escherichia_coli_b2207,E.coli.b2207.final.genome,511617,512675,1059,MEG_2850|Drugs|MLS|23S_rRNA_methyltransferases|ERMU,MEG_2850|Drugs|MLS|23S_rRNA_methyltransferases|ERMU,837,504362,505198,+
Escherichia_coli_b2207,E.coli.b2207.final.genome,568246,568713,468,MEG_2493|Drugs|Trimethoprim|Dihydrofolate_reductase|DFRA,MEG_2493|Drugs|Trimethoprim|Dihydrofolate_reductase|DFRA,474,560769,561242,+
Escherichia_coli_b2207,E.coli.b2207.final.genome,598736,599968,1233,MEG_3539|Biocides|Multi-biocide_resistance|Multi-biocide_MFS_efflux_pump|LDE,MEG_3539|Biocides|Multi-biocide_resistance|Multi-biocide_MFS_efflux_pump|LDE,1209,591265,592473,+
Escherichia_coli_b2207,E.coli.b2207.final.genome,606247,606969,723,MEG_2920|Drugs|Phenicol|Phenicol_resistance_MFS_efflux_pumps|FLOR,MEG_2920|Drugs|Phenicol|Phenicol_resistance_MFS_efflux_pumps|FLOR,1215,598752,599966,+
Escherichia_coli_b2207,E.coli.b2207.final.genome,706174,706618,445,MEG_1465|Biocides|Polyamine_resistance|Spermine/spermidine_acetyltransferase|BLTD,MEG_1465|Biocides|Polyamine_resistance|Spermine/spermidine_acetyltransferase|BLTD,459,699171,699629,+
Escherichia_coli_b2207,E.coli.b2207.final.genome,782629,784377,1749,MEG_7868|Metals|Zinc_resistance|Zinc_resistance_regulator|ZUR,MEG_7868|Metals|Zinc_resistance|Zinc_resistance_regulator|ZUR,516,775640,776155,+
Escherichia_coli_b2207,E.coli.b2207.final.genome,835027,836104,1078,MEG_5905|Drugs|Fluoroquinolones|Quinolone_resistance_protein_Qnr|QNRB,MEG_5905|Drugs|Fluoroquinolones|Quinolone_resistance_protein_Qnr|QNRB,645,826805,827449,+
Escherichia_coli_b2207,E.coli.b2207.final.genome,970364,971590,1227,MEG_7450|Drugs|Glycopeptides|VanA-type_regulator|VANRA,MEG_7450|Drugs|Glycopeptides|VanA-type_regulator|VANRA,696,961709,962404,+
Escherichia_coli_b2207,E.coli.b2207.final.genome,980219,981427,1209,MEG_2547|Drugs|Trimethoprim|Dihydrofolate_reductase|DFRA,MEG_2547|Drugs|Trimethoprim|Dihydrofolate_reductase|DFRA,474,971033,971506,+
Escherichia_coli_b2207,E.coli.b2207.final.genome,1024302,1024934,633,MEG_1141|Metals|Arsenic_resistance|Arsenic_resistance_protein|ARRB,MEG_1141|Metals|Arsenic_resistance|Arsenic_resistance_protein|ARRB,705,1014381,1015085,+
Escherichia_coli_b2207,E.coli.b2207.final.genome,1025175,1025432,258,MEG_2898|Multi-compound|Biocide_and_metal_resistance|Biocide_and_metal_ABC_efflux_pumps|FETA,MEG_2898|Multi-compound|Biocide_and_metal_resistance|Biocide_and_metal_ABC_efflux_pumps|FETA,678,1015326,1016003,+
Escherichia_coli_b2207,E.coli.b2207.final.genome,1068455,1068721,267,MEG_6585|Drugs|Sulfonamides|Sulfonamide-resistant_dihydropteroate_synthases|SULI,MEG_6585|Drugs|Sulfonamides|Sulfonamide-resistant_dihydropteroate_synthases|SULI,864,1059026,1059889,+
Escherichia_coli_b2207,E.coli.b2207.final.genome,1094751,1095287,537,MEG_3069|Drugs|Fusidic_acid|Ribosomal_zinc-binding_protein|FUSD,MEG_3069|Drugs|Fusidic_acid|Ribosomal_zinc-binding_protein|FUSD,642,1085919,1086560,+
Escherichia_coli_b2207,E.coli.b2207.final.genome,1095427,1096968,1542,MEG_4000|Metals|Multi-metal_resistance|Multi-metal_resistance_protein|MNTR,MEG_4000|Metals|Multi-metal_resistance|Multi-metal_resistance_protein|MNTR,468,1086700,1087167,+
Escherichia_coli_b2207,E.coli.b2207.final.genome,1121043,1121321,279,MEG_2656|Multi-compound|Biocide_and_metal_resistance|Biocide_and_metal_resistance_protein|DPR,MEG_2656|Multi-compound|Biocide_and_metal_resistance|Biocide_and_metal_resistance_protein|DPR,519,1111242,1111760,+
Escherichia_coli_b2207,E.coli.b2207.final.genome,1133002,1134102,1101,MEG_2009|Metals|Multi-metal_resistance|Multi-metal_resistance_protein|CNRB,MEG_2009|Metals|Multi-metal_resistance|Multi-metal_resistance_protein|CNRB,1188,1123441,1124628,+
Escherichia_coli_b2207,E.coli.b2207.final.genome,1154762,1155175,414,MEG_6587|Drugs|Sulfonamides|Sulfonamide-resistant_dihydropteroate_synthases|SULI,MEG_6587|Drugs|Sulfonamides|Sulfonamide-resistant_dihydropteroate_synthases|SULI,840,1145288,1146127,+
Escherichia_coli_b2207,E.coli.b2207.final.genome,1267383,1268171,789,MEG_3000|Drugs|Fosfomycin|Fosfomycin_thiol_transferases|FOSA,MEG_3000|Drugs|Fosfomycin|Fosfomycin_thiol_transferases|FOSA,399,1258335,1258733,+
Escherichia_coli_b2207,E.coli.b2207.final.genome,1392215,1393797,1583,MEG_3741|Multi-compound|Drug_and_biocide_and_metal_resistance|Drug_and_biocide_and_metal_MFS_efflux_pumps|MDRL,MEG_3741|Multi-compound|Drug_and_biocide_and_metal_resistance|Drug_and_biocide_and_metal_MFS_efflux_pumps|MDRL,1194,1382777,1383970,+
Escherichia_coli_b2207,E.coli.b2207.final.genome,1464864,1466399,1536,MEG_1907|Drugs|betalactams|Class_C_betalactamases|CMY,MEG_1907|Drugs|betalactams|Class_C_betalactamases|CMY,1146,1455037,1456182,+
Escherichia_coli_b2207,E.coli.b2207.final.genome,1466555,1467951,1397,MEG_3881|Metals|Mercury_resistance|Mercury_resistance_regulator|MERR,MEG_3881|Metals|Mercury_resistance|Mercury_resistance_regulator|MERR,408,1456338,1456745,+
Escherichia_coli_b2207,E.coli.b2207.final.genome,1478829,1479590,762,MEG_4198|Metals|Nickel_resistance|Nickel_resistance_protein|NIRD,MEG_4198|Metals|Nickel_resistance|Nickel_resistance_protein|NIRD,495,1467623,1468117,+
Escherichia_coli_b2207,E.coli.b2207.final.genome,1480110,1482389,2280,MEG_2118|Multi-compound|Drug_and_biocide_resistance|Drug_and_biocide_RND_efflux_regulator|CPXAR,MEG_2118|Multi-compound|Drug_and_biocide_resistance|Drug_and_biocide_RND_efflux_regulator|CPXAR,699,1468637,1469335,+
Escherichia_coli_b2207,E.coli.b2207.final.genome,1516356,1516790,435,MEG_11350|Drugs|MLS|Macrolide_esterases|ESTX,MEG_11350|Drugs|MLS|Macrolide_esterases|ESTX,843,1503302,1504144,+
Escherichia_coli_b2207,E.coli.b2207.final.genome,1516804,1517193,390,MEG_5772|Biocides|Peroxide_resistance|peroxide_resistance_regulator|PERR,MEG_5772|Biocides|Peroxide_resistance|peroxide_resistance_regulator|PERR,447,1504158,1504604,+
Escherichia_coli_b2207,E.coli.b2207.final.genome,1521340,1521732,393,MEG_1579|Drugs|Phenicol|Chloramphenicol_acetyltransferases|CATA,MEG_1579|Drugs|Phenicol|Chloramphenicol_acetyltransferases|CATA,648,1508751,1509398,+
Escherichia_coli_b2207,E.coli.b2207.final.genome,1552245,1552580,336,MEG_6546|Biocides|Peroxide_resistance|peroxide_resistance_protein|SODB,MEG_6546|Biocides|Peroxide_resistance|peroxide_resistance_protein|SODB,582,1539911,1540492,+
Escherichia_coli_b2207,E.coli.b2207.final.genome,1553716,1554397,682,MEG_5396|Drugs|Aminocoumarins|Aminocoumarin-resistant_DNA_topoisomerases|PARY,MEG_5396|Drugs|Aminocoumarins|Aminocoumarin-resistant_DNA_topoisomerases|PARY,2112,1541628,1543739,+
Escherichia_coli_b2207,E.coli.b2207.final.genome,1616271,1616852,582,MEG_6977|Drugs|Tetracyclines|Tetracycline_resistance_MFS_efflux_pumps|TET35,MEG_6977|Drugs|Tetracyclines|Tetracycline_resistance_MFS_efflux_pumps|TET35,1602,1605613,1607214,+
Escherichia_coli_b2207,E.coli.b2207.final.genome,1624423,1625796,1374,MEG_7323|Metals|Tungsten_Resistance|Tungsten_ABC_efflux_pumps|TUPA,MEG_7323|Metals|Tungsten_Resistance|Tungsten_ABC_efflux_pumps|TUPA,861,1614785,1615645,+
Escherichia_coli_b2207,E.coli.b2207.final.genome,1787745,1788311,567,MEG_7817|Biocides|Paraquat_resistance|Paraquat_efflux_pump|YDDG,MEG_7817|Biocides|Paraquat_resistance|Paraquat_efflux_pump|YDDG,882,1777594,1778475,+
Escherichia_coli_b2207,E.coli.b2207.final.genome,1823708,1824640,933,MEG_3134|Multi-compound|Drug_and_biocide_and_metal_resistance|Drug_and_biocide_and_metal_RND_efflux_pumps|GESC,MEG_3134|Multi-compound|Drug_and_biocide_and_metal_resistance|Drug_and_biocide_and_metal_RND_efflux_pumps|GESC,1512,1813872,1815383,+
Escherichia_coli_b2207,E.coli.b2207.final.genome,1824719,1826256,1538,MEG_11443|Biocides|Phenolic_compound_resistance|Triclosan-resistant_mutation|FABG,MEG_11443|Biocides|Phenolic_compound_resistance|Triclosan-resistant_mutation|FABG,967,1815462,1816428,+
Escherichia_coli_b2207,E.coli.b2207.final.genome,1840577,1841323,747,MEG_7235|Drugs|Tetracyclines|Tetracycline_resistance_ribosomal_protection_proteins|TETW,MEG_7235|Drugs|Tetracyclines|Tetracycline_resistance_ribosomal_protection_proteins|TETW,1920,1830749,1832668,+
Escherichia_coli_b2207,E.coli.b2207.final.genome,1904213,1904440,228,MEG_4197|Metals|Nickel_resistance|Nickel_resistance_protein|NIRC,MEG_4197|Metals|Nickel_resistance|Nickel_resistance_protein|NIRC,924,1895558,1896481,+
Escherichia_coli_b2207,E.coli.b2207.final.genome,1920526,1921176,651,MEG_6087|Drugs|Rifampin|Rifampin_phosphotransferase|RPH,MEG_6087|Drugs|Rifampin|Rifampin_phosphotransferase|RPH,2619,1912567,1915185,+
Escherichia_coli_b2207,E.coli.b2207.final.genome,1927225,1930816,3592,MEG_6645|Biocides|Multi-biocide_resistance|Multi-biocide_RND_efflux_pump|TBTA,MEG_6645|Biocides|Multi-biocide_resistance|Multi-biocide_RND_efflux_pump|TBTA,1149,1921234,1922382,+
Escherichia_coli_b2207,E.coli.b2207.final.genome,1963045,1964450,1406,MEG_7144|Drugs|Tetracyclines|Tetracycline_resistance_ribosomal_protection_proteins|TETM,MEG_7144|Drugs|Tetracyclines|Tetracycline_resistance_ribosomal_protection_proteins|TETM,1920,1954611,1956530,+
Escherichia_coli_b2207,E.coli.b2207.final.genome,2021603,2022769,1167,MEG_1182|Biocides|Acid_resistance|Acid_resistance_protein|ASR,MEG_1182|Biocides|Acid_resistance|Acid_resistance_protein|ASR,309,2013683,2013991,+
Escherichia_coli_b2207,E.coli.b2207.final.genome,2062383,2064236,1854,MEG_6956|Metals|Tellurium_resistance|Tellurium_resistance_protein|TERB,MEG_6956|Metals|Tellurium_resistance|Tellurium_resistance_protein|TERB,369,2053605,2053973,+
Escherichia_coli_b2207,E.coli.b2207.final.genome,2075907,2083354,7448,MEG_3674|Drugs|Lipopeptides|Colistin_phosphoethanolamine_transferase|MCR,MEG_3674|Drugs|Lipopeptides|Colistin_phosphoethanolamine_transferase|MCR,1623,2065644,2067266,+
Escherichia_coli_b2207,E.coli.b2207.final.genome,2084767,2086889,2123,MEG_3002|Drugs|Fosfomycin|Fosfomycin_thiol_transferases|FOSA,MEG_3002|Drugs|Fosfomycin|Fosfomycin_thiol_transferases|FOSA,433,2068679,2069111,+
Escherichia_coli_b2207,E.coli.b2207.final.genome,2106292,2106564,273,MEG_4294|Drugs|Multi-drug_resistance|Multi-drug_RND_efflux_pumps|OPMH,MEG_4294|Drugs|Multi-drug_resistance|Multi-drug_RND_efflux_pumps|OPMH,1449,2088514,2089962,+
Escherichia_coli_b2207,E.coli.b2207.final.genome,2106685,2107509,825,MEG_3871|Metals|Mercury_resistance|Mercury_resistance_protein|MERG,MEG_3871|Metals|Mercury_resistance|Mercury_resistance_protein|MERG,654,2090083,2090736,+
Escherichia_coli_b2207,E.coli.b2207.final.genome,2107728,2108066,339,MEG_2534|Drugs|Trimethoprim|Dihydrofolate_reductase|DFRA,MEG_2534|Drugs|Trimethoprim|Dihydrofolate_reductase|DFRA,474,2090955,2091428,+
Escherichia_coli_b2207,E.coli.b2207.final.genome,2200269,2201459,1191,MEG_3395|Drugs|betalactams|Class_B_betalactamases|IMP,MEG_3395|Drugs|betalactams|Class_B_betalactamases|IMP,885,2183631,2184515,+
Escherichia_coli_b2207,E.coli.b2207.final.genome,2227359,2229002,1644,MEG_6053|Metals|Multi-metal_resistance|Multi-metal_resistance_protein|RECGM,MEG_6053|Metals|Multi-metal_resistance|Multi-metal_resistance_protein|RECGM,2076,2210415,2212490,+
Escherichia_coli_b2207,E.coli.b2207.final.genome,2232094,2232317,224,MEG_5404|Drugs|betalactams|Penicillin_binding_protein|PBP2,MEG_5404|Drugs|betalactams|Penicillin_binding_protein|PBP2,1998,2215582,2217579,+
Escherichia_coli_b2207,E.coli.b2207.final.genome,2232614,2232857,244,MEG_1742|Multi-compound|Drug_and_biocide_and_metal_resistance|Drug_and_biocide_and_metal_RND_efflux_pumps|CMEC,MEG_1742|Multi-compound|Drug_and_biocide_and_metal_resistance|Drug_and_biocide_and_metal_RND_efflux_pumps|CMEC,1479,2217876,2219354,+
Escherichia_coli_b2207,E.coli.b2207.final.genome,2287459,2288427,969,MEG_5800|Multi-compound|Drug_and_metal_resistance|Drug_and_metal_MFS_efflux_pumps|PMRCM,MEG_5800|Multi-compound|Drug_and_metal_resistance|Drug_and_metal_MFS_efflux_pumps|PMRCM,1647,2273956,2275602,+
Escherichia_coli_b2207,E.coli.b2207.final.genome,2390785,2393486,2702,MEG_11439|Multi-compound|Drug_and_biocide_and_metal_resistance|Drug_and_biocide_and_metal_RND_efflux_pumps|CMEB,MEG_11439|Multi-compound|Drug_and_biocide_and_metal_resistance|Drug_and_biocide_and_metal_RND_efflux_pumps|CMEB,3123,2377960,2381082,+
Escherichia_coli_b2207,E.coli.b2207.final.genome,2393902,2394516,615,MEG_2556|Drugs|Trimethoprim|Dihydrofolate_reductase|DFRA,MEG_2556|Drugs|Trimethoprim|Dihydrofolate_reductase|DFRA,534,2381498,2382031,+
Escherichia_coli_b2207,E.coli.b2207.final.genome,2394521,2398114,3594,MEG_11241|Drugs|Fosfomycin|Fosfomycin_thiol_transferases|FOSA,MEG_11241|Drugs|Fosfomycin|Fosfomycin_thiol_transferases|FOSA,420,2382036,2382455,+
Escherichia_coli_b2207,E.coli.b2207.final.genome,2421615,2422853,1239,MEG_137|Drugs|Aminoglycosides|Aminoglycoside_N-acetyltransferases|AAC6-PRIME,MEG_137|Drugs|Aminoglycosides|Aminoglycoside_N-acetyltransferases|AAC6-PRIME,564,2405956,2406519,+
Escherichia_coli_b2207,E.coli.b2207.final.genome,2456900,2458204,1305,MEG_2835|Drugs|MLS|23S_rRNA_methyltransferases|ERMG,MEG_2835|Drugs|MLS|23S_rRNA_methyltransferases|ERMG,735,2440566,2441300,+
Escherichia_coli_b2207,E.coli.b2207.final.genome,2489603,2492716,3114,MEG_4298|Biocides|Multi-biocide_resistance|Multi-biocide_RND_efflux_pump|OPRJ,MEG_4298|Biocides|Multi-biocide_resistance|Multi-biocide_RND_efflux_pump|OPRJ,1440,2472699,2474138,+
Escherichia_coli_b2207,E.coli.b2207.final.genome,2513402,2513878,477,MEG_3452|Metals|Tellurium_resistance|Tellurium_resistance_protein|KLAB,MEG_3452|Metals|Tellurium_resistance|Tellurium_resistance_protein|KLAB,1137,2494824,2495960,+
Escherichia_coli_b2207,E.coli.b2207.final.genome,2652715,2653398,684,MEG_7782|Biocides|Multi-biocide_resistance|Multi-biocide_RND_efflux_pump|VMEA,MEG_7782|Biocides|Multi-biocide_resistance|Multi-biocide_RND_efflux_pump|VMEA,1140,2634797,2635936,+
Escherichia_coli_b2207,E.coli.b2207.final.genome,2692084,2692614,531,MEG_4527|Drugs|betalactams|Class_D_betalactamases|OXA,MEG_4527|Drugs|betalactams|Class_D_betalactamases|OXA,825,2674622,2675446,+
Escherichia_coli_b2207,E.coli.b2207.final.genome,2692741,2693913,1173,MEG_1767|Drugs|Phenicol|Phenicol_resistance_MFS_efflux_pumps|CMLA,MEG_1767|Drugs|Phenicol|Phenicol_resistance_MFS_efflux_pumps|CMLA,1260,2675573,2676832,+
Escherichia_coli_b2207,E.coli.b2207.final.genome,2693930,2695468,1539,MEG_3692|Drugs|Lipopeptides|Colistin_phosphoethanolamine_transferase|MCR,MEG_3692|Drugs|Lipopeptides|Colistin_phosphoethanolamine_transferase|MCR,1644,2676849,2678492,+
Escherichia_coli_b2207,E.coli.b2207.final.genome,2747870,2748893,1024,MEG_1198|Drugs|Cationic_antimicrobial_peptides|Polymyxin_B_resistance_regulator|BASRS,MEG_1198|Drugs|Cationic_antimicrobial_peptides|Polymyxin_B_resistance_regulator|BASRS,1434,2730894,2732327,+
Escherichia_coli_b2207,E.coli.b2207.final.genome,2927458,2928168,711,MEG_2061|Metals|Copper_resistance|Copper_resistance_protein|COPK,MEG_2061|Metals|Copper_resistance|Copper_resistance_protein|COPK,285,2910892,2911176,+
Escherichia_coli_b2207,E.coli.b2207.final.genome,3105187,3106679,1493,MEG_7846|Metals|Zinc_resistance|Zinc_resistance_protein|ZEVB,MEG_7846|Metals|Zinc_resistance|Zinc_resistance_protein|ZEVB,969,3088195,3089163,+
Escherichia_coli_b2207,E.coli.b2207.final.genome,3139592,3139984,393,MEG_7372|Drugs|Glycopeptides|VanC-type_resistance_protein|VANC,MEG_7372|Drugs|Glycopeptides|VanC-type_resistance_protein|VANC,1622,3122076,3123697,+
Escherichia_coli_b2207,E.coli.b2207.final.genome,3148417,3149904,1488,MEG_8805|Drugs|Lipopeptides|Colistin_phosphoethanolamine_transferase|MCR,MEG_8805|Drugs|Lipopeptides|Colistin_phosphoethanolamine_transferase|MCR,1617,3132130,3133746,+
Escherichia_coli_b2207,E.coli.b2207.final.genome,3152834,3153631,798,MEG_1710|Metals|Chromium_resistance|Chromium_resistance_protein|CHRB1,MEG_1710|Metals|Chromium_resistance|Chromium_resistance_protein|CHRB1,975,3136676,3137650,+
Escherichia_coli_b2207,E.coli.b2207.final.genome,3173525,3174346,822,MEG_6167|Drugs|Nucleosides|Streptothricin_acetyltransferase|SAT,MEG_6167|Drugs|Nucleosides|Streptothricin_acetyltransferase|SAT,525,3157544,3158068,+
Escherichia_coli_b2207,E.coli.b2207.final.genome,3185942,3186707,766,MEG_7866|Multi-compound|Biocide_and_metal_resistance|Biocide_and_metal_resistance_protein|ZUPT,MEG_7866|Multi-compound|Biocide_and_metal_resistance|Biocide_and_metal_resistance_protein|ZUPT,774,3169664,3170437,+
Escherichia_coli_b2207,E.coli.b2207.final.genome,3356799,3357113,315,MEG_1740|Multi-compound|Drug_and_biocide_and_metal_resistance|Drug_and_biocide_and_metal_RND_efflux_pumps|CMEB,MEG_1740|Multi-compound|Drug_and_biocide_and_metal_resistance|Drug_and_biocide_and_metal_RND_efflux_pumps|CMEB,3123,3340529,3343651,+
Escherichia_coli_b2207,E.coli.b2207.final.genome,3385547,3386209,663,MEG_3014|Drugs|Fosfomycin|Fosfomycin_thiol_transferases|FOSB,MEG_3014|Drugs|Fosfomycin|Fosfomycin_thiol_transferases|FOSB,420,3372085,3372504,+
Escherichia_coli_b2207,E.coli.b2207.final.genome,3386608,3387765,1158,MEG_7159|Drugs|Tetracyclines|Tetracycline_resistance_ribosomal_protection_proteins|TETO,MEG_7159|Drugs|Tetracyclines|Tetracycline_resistance_ribosomal_protection_proteins|TETO,1920,3372903,3374822,+
Escherichia_coli_b2207,E.coli.b2207.final.genome,3387777,3390881,3105,MEG_407|Multi-compound|Drug_and_biocide_and_metal_resistance|Drug_and_biocide_and_metal_RND_efflux_pumps|ACRD,MEG_407|Multi-compound|Drug_and_biocide_and_metal_resistance|Drug_and_biocide_and_metal_RND_efflux_pumps|ACRD,3114,3374834,3377947,+
Escherichia_coli_b2207,E.coli.b2207.final.genome,3411425,3411850,426,MEG_7812|Metals|Iron_resistance|Iron_resistance_protein|YBTQ,MEG_7812|Metals|Iron_resistance|Iron_resistance_protein|YBTQ,1803,3398491,3400293,+
Escherichia_coli_b2207,E.coli.b2207.final.genome,3458838,3459470,633,MEG_1230|Metals|Iron_resistance|Iron_resistance_protein|BFRA,MEG_1230|Metals|Iron_resistance|Iron_resistance_protein|BFRA,480,3447281,3447760,+
Escherichia_coli_b2207,E.coli.b2207.final.genome,3578394,3580592,2199,MEG_7286|Multi-compound|Drug_and_biocide_resistance|Drug_and_biocide_RND_efflux_pumps|TTGA,MEG_7286|Multi-compound|Drug_and_biocide_resistance|Drug_and_biocide_RND_efflux_pumps|TTGA,1155,3566684,3567838,+
Escherichia_coli_b2207,E.coli.b2207.final.genome,3585610,3590525,4916,MEG_8808|Drugs|Lipopeptides|Colistin_phosphoethanolamine_transferase|MCR,MEG_8808|Drugs|Lipopeptides|Colistin_phosphoethanolamine_transferase|MCR,1617,3572856,3574472,+
Escherichia_coli_b2207,E.coli.b2207.final.genome,3590531,3590962,432,MEG_352|Drugs|Aminoglycosides|Aminoglycoside_N-acetyltransferases|AAC6-PRIME,MEG_352|Drugs|Aminoglycosides|Aminoglycoside_N-acetyltransferases|AAC6-PRIME,1476,3574478,3575953,+
Escherichia_coli_b2207,E.coli.b2207.final.genome,3608494,3608928,435,MEG_3869|Metals|Mercury_resistance|Mercury_resistance_protein|MERF,MEG_3869|Metals|Mercury_resistance|Mercury_resistance_protein|MERF,246,3593485,3593730,+
Escherichia_coli_b2207,E.coli.b2207.final.genome,3609146,3611223,2078,MEG_4174|Metals|Nickel_resistance|Nickel_ABC_efflux_pumps|NIKE,MEG_4174|Metals|Nickel_resistance|Nickel_ABC_efflux_pumps|NIKE,807,3593948,3594754,+
Escherichia_coli_b2207,E.coli.b2207.final.genome,3611278,3612207,930,MEG_3019|Drugs|Fosfomycin|Fosfomycin_thiol_transferases|FOSE,MEG_3019|Drugs|Fosfomycin|Fosfomycin_thiol_transferases|FOSE,405,3594809,3595213,+
Escherichia_coli_b2207,E.coli.b2207.final.genome,3612212,3612592,381,MEG_1214|Drugs|Bacitracin|Bacitracin_ABC_transporter|BCRB,MEG_1214|Drugs|Bacitracin|Bacitracin_ABC_transporter|BCRB,627,3595218,3595844,+
Escherichia_coli_b2207,E.coli.b2207.final.genome,3612632,3613522,891,MEG_7491|Drugs|Glycopeptides|VanB-type_regulator|VANSB,MEG_7491|Drugs|Glycopeptides|VanB-type_regulator|VANSB,1326,3595884,3597209,+
Escherichia_coli_b2207,E.coli.b2207.final.genome,3613528,3615345,1818,MEG_4206|Multi-compound|Drug_and_biocide_resistance|Drug_and_biocide_MFS_efflux_pumps|NORA,MEG_4206|Multi-compound|Drug_and_biocide_resistance|Drug_and_biocide_MFS_efflux_pumps|NORA,482,3597215,3597696,+
Escherichia_coli_b2207,E.coli.b2207.final.genome,3617327,3619803,2477,MEG_1153|Metals|Multi-metal_resistance|Multi-metal_resistance_protein|ARSBM,MEG_1153|Metals|Multi-metal_resistance|Multi-metal_resistance_protein|ARSBM,1290,3599678,3600967,+
Escherichia_coli_b2207,E.coli.b2207.final.genome,3620432,3623574,3143,MEG_3897|Metals|Mercury_resistance|Mercury_resistance_protein|MERT,MEG_3897|Metals|Mercury_resistance|Mercury_resistance_protein|MERT,351,3601596,3601946,+
Escherichia_coli_b2207,E.coli.b2207.final.genome,3623585,3624877,1293,MEG_2432|Drugs|betalactams|Class_A_betalactamases|CTX,MEG_2432|Drugs|betalactams|Class_A_betalactamases|CTX,950,3601957,3602906,+
Escherichia_coli_b2207,E.coli.b2207.final.genome,3624991,3625344,354,MEG_3284|Metals|Nickel_resistance|Nickel_resistance_protein|HUPE,MEG_3284|Metals|Nickel_resistance|Nickel_resistance_protein|HUPE,600,3603020,3603619,+
Escherichia_coli_b2207,E.coli.b2207.final.genome,3625372,3626757,1386,MEG_6158|Drugs|Nucleosides|Streptothricin_acetyltransferase|SAT,MEG_6158|Drugs|Nucleosides|Streptothricin_acetyltransferase|SAT,555,3603647,3604201,+
Escherichia_coli_b2207,E.coli.b2207.final.genome,3626947,3629094,2148,MEG_3068|Drugs|Fusidic_acid|Ribosomal_zinc-binding_protein|FUSC,MEG_3068|Drugs|Fusidic_acid|Ribosomal_zinc-binding_protein|FUSC,639,3604391,3605029,+
Escherichia_coli_b2207,E.coli.b2207.final.genome,3629346,3629777,432,MEG_1155|Metals|Arsenic_resistance|Arsenic_resistance_protein|ARSC,MEG_1155|Metals|Arsenic_resistance|Arsenic_resistance_protein|ARSC,396,3605281,3605676,+
Escherichia_coli_b2207,E.coli.b2207.final.genome,3646133,3647632,1500,MEG_7867|Metals|Zinc_resistance|Zinc_resistance_regulator|ZUR,MEG_7867|Metals|Zinc_resistance|Zinc_resistance_regulator|ZUR,576,3622032,3622607,+
Escherichia_coli_b2207,E.coli.b2207.final.genome,3657019,3657372,354,MEG_3806|Drugs|MLS|MLS_resistance_MFS_efflux_pumps|MEFA,MEG_3806|Drugs|MLS|MLS_resistance_MFS_efflux_pumps|MEFA,1218,3631994,3633211,+
Escherichia_coli_b2207,E.coli.b2207.final.genome,3657426,3658715,1290,MEG_3691|Drugs|Lipopeptides|Colistin_phosphoethanolamine_transferase|MCR,MEG_3691|Drugs|Lipopeptides|Colistin_phosphoethanolamine_transferase|MCR,1407,3633265,3634671,+
Escherichia_coli_b2207,E.coli.b2207.final.genome,3658728,3659153,426,MEG_11325|Metals|Arsenic_resistance|Arsenic_resistance_protein|ARSB,MEG_11325|Metals|Arsenic_resistance|Arsenic_resistance_protein|ARSB,1059,3634684,3635742,+
Escherichia_coli_b2207,E.coli.b2207.final.genome,3663257,3663595,339,MEG_10163|Drugs|Aminoglycosides|Aminoglycoside_N-acetyltransferases|AAC6-PRIME,MEG_10163|Drugs|Aminoglycosides|Aminoglycoside_N-acetyltransferases|AAC6-PRIME,555,3639846,3640400,+
Escherichia_coli_b2207,E.coli.b2207.final.genome,3663699,3664031,333,MEG_5901|Drugs|Fluoroquinolones|Quinolone_resistance_protein_Qnr|QNRB,MEG_5901|Drugs|Fluoroquinolones|Quinolone_resistance_protein_Qnr|QNRB,645,3640504,3641148,+
Escherichia_coli_b2207,E.coli.b2207.final.genome,3665657,3666184,528,MEG_178|Drugs|Aminoglycosides|Aminoglycoside_N-acetyltransferases|AAC6-PRIME,MEG_178|Drugs|Aminoglycosides|Aminoglycoside_N-acetyltransferases|AAC6-PRIME,441,3642774,3643214,+
Escherichia_coli_b2207,E.coli.b2207.final.genome,3666523,3667680,1158,MEG_9971|Drugs|Tetracyclines|Tetracycline_resistance_MFS_efflux_pumps|TET62,MEG_9971|Drugs|Tetracyclines|Tetracycline_resistance_MFS_efflux_pumps|TET62,1221,3643553,3644773,+
Escherichia_coli_b2207,E.coli.b2207.final.genome,3667705,3670818,3114,MEG_6141|Biocides|Multi-biocide_resistance|Multi-biocide_resistance_regulator|RPOS,MEG_6141|Biocides|Multi-biocide_resistance|Multi-biocide_resistance_regulator|RPOS,1029,3644798,3645826,+
Escherichia_coli_b2207,E.coli.b2207.final.genome,3671181,3671909,729,MEG_2670|Drugs|Multi-drug_resistance|Multi-drug_ABC_efflux_pumps|DRRA,MEG_2670|Drugs|Multi-drug_resistance|Multi-drug_ABC_efflux_pumps|DRRA,882,3646189,3647070,+
Escherichia_coli_b2207,E.coli.b2207.final.genome,3672277,3673101,825,MEG_1951|Drugs|betalactams|Class_C_betalactamases|CMY,MEG_1951|Drugs|betalactams|Class_C_betalactamases|CMY,1149,3647438,3648586,+
Escherichia_coli_b2207,E.coli.b2207.final.genome,3673471,3674871,1401,MEG_8784|Drugs|Lipopeptides|Colistin_phosphoethanolamine_transferase|MCR,MEG_8784|Drugs|Lipopeptides|Colistin_phosphoethanolamine_transferase|MCR,1626,3648956,3650581,+
Escherichia_coli_b2207,E.coli.b2207.final.genome,3856917,3858107,1191,MEG_7212|Drugs|Tetracyclines|Tetracycline_resistance_ribosomal_protection_proteins|TETW,MEG_7212|Drugs|Tetracyclines|Tetracycline_resistance_ribosomal_protection_proteins|TETW,1920,3832627,3834546,+
Escherichia_coli_b2207,E.coli.b2207.final.genome,3869470,3869904,435,MEG_3884|Metals|Mercury_resistance|Mercury_resistance_regulator|MERR,MEG_3884|Metals|Mercury_resistance|Mercury_resistance_regulator|MERR,456,3845909,3846364,+
Escherichia_coli_b2207,E.coli.b2207.final.genome,3870010,3870423,414,MEG_7845|Metals|Zinc_resistance|Zinc_resistance_protein|ZEVA,MEG_7845|Metals|Zinc_resistance|Zinc_resistance_protein|ZEVA,621,3846470,3847090,+
Escherichia_coli_b2207,E.coli.b2207.final.genome,3897653,3898219,567,MEG_3061|Multi-compound|Biocide_and_metal_resistance|Biocide_and_metal_resistance_protein|FRNE,MEG_3061|Multi-compound|Biocide_and_metal_resistance|Biocide_and_metal_resistance_protein|FRNE,759,3874320,3875078,+
Escherichia_coli_b2207,E.coli.b2207.final.genome,3910594,3911367,774,MEG_1715|Metals|Chromium_resistance|Chromium_resistance_regulator|CHRF,MEG_1715|Metals|Chromium_resistance|Chromium_resistance_regulator|CHRF,423,3887453,3887875,+
Escherichia_coli_b2207,E.coli.b2207.final.genome,3911550,3913399,1850,MEG_1713|Metals|Chromium_resistance|Chromium_resistance_protein|CHRC,MEG_1713|Metals|Chromium_resistance|Chromium_resistance_protein|CHRC,594,3888058,3888651,+
Escherichia_coli_b2207,E.coli.b2207.final.genome,3913486,3914526,1041,MEG_3010|Drugs|Fosfomycin|Fosfomycin_thiol_transferases|FOSB,MEG_3010|Drugs|Fosfomycin|Fosfomycin_thiol_transferases|FOSB,417,3888738,3889154,+
Escherichia_coli_b2207,E.coli.b2207.final.genome,4004408,4005358,951,MEG_1701|Metals|Sodium_resistance|Sodium_resistance_protein|CHAA,MEG_1701|Metals|Sodium_resistance|Sodium_resistance_protein|CHAA,1101,3979036,3980136,+
Escherichia_coli_b2207,E.coli.b2207.final.genome,4046285,4046911,627,MEG_8236|Drugs|Lipopeptides|Colistin_phosphoethanolamine_transferase|MCR,MEG_8236|Drugs|Lipopeptides|Colistin_phosphoethanolamine_transferase|MCR,1626,4021063,4022688,+
Escherichia_coli_b2207,E.coli.b2207.final.genome,4103638,4104258,621,MEG_7831|Multi-compound|Biocide_and_metal_resistance|Biocide_and_metal_resistance_protein|YGIW,MEG_7831|Multi-compound|Biocide_and_metal_resistance|Biocide_and_metal_resistance_protein|YGIW,393,4079415,4079807,+
Escherichia_coli_b2207,E.coli.b2207.final.genome,4106429,4108497,2069,MEG_4170|Metals|Nickel_resistance|Nickel_ABC_efflux_pumps|NIKC,MEG_4170|Metals|Nickel_resistance|Nickel_ABC_efflux_pumps|NIKC,834,4081978,4082811,+
Escherichia_coli_b2207,E.coli.b2207.final.genome,4109296,4110198,903,MEG_7458|Drugs|Glycopeptides|VanA-type_regulator|VANRA,MEG_7458|Drugs|Glycopeptides|VanA-type_regulator|VANRA,912,4083610,4084521,+
Escherichia_coli_b2207,E.coli.b2207.final.genome,4120072,4120917,846,MEG_1145|Metals|Arsenic_resistance|Arsenic_resistance_protein|ARSB,MEG_1145|Metals|Arsenic_resistance|Arsenic_resistance_protein|ARSB,1290,4094395,4095684,+
Escherichia_coli_b2207,E.coli.b2207.final.genome,4204645,4207364,2720,MEG_2455|Metals|Copper_resistance|Copper_resistance_protein|CUTC,MEG_2455|Metals|Copper_resistance|Copper_resistance_protein|CUTC,747,4179412,4180158,+
Escherichia_coli_b2207,E.coli.b2207.final.genome,4215931,4216314,384,MEG_2755|Drugs|MLS|23S_rRNA_methyltransferases|ERM,MEG_2755|Drugs|MLS|23S_rRNA_methyltransferases|ERM,969,4188725,4189693,+
Escherichia_coli_b2207,E.coli.b2207.final.genome,4225599,4226423,825,MEG_3743|Multi-compound|Drug_and_biocide_and_metal_resistance|Drug_and_biocide_and_metal_MFS_efflux_pumps|MDRL,MEG_3743|Multi-compound|Drug_and_biocide_and_metal_resistance|Drug_and_biocide_and_metal_MFS_efflux_pumps|MDRL,1194,4198978,4200171,+
Escherichia_coli_b2207,E.coli.b2207.final.genome,4262283,4262798,516,MEG_5918|Drugs|Fluoroquinolones|Quinolone_resistance_protein_Qnr|QNRB,MEG_5918|Drugs|Fluoroquinolones|Quinolone_resistance_protein_Qnr|QNRB,648,4236031,4236678,+
Escherichia_coli_b2207,E.coli.b2207.final.genome,4279854,4280177,324,MEG_1134|Drugs|Rifampin|Rifampin_ADP-ribosyltransferase_Arr|ARR,MEG_1134|Drugs|Rifampin|Rifampin_ADP-ribosyltransferase_Arr|ARR,453,4253734,4254186,+
Escherichia_coli_b2207,E.coli.b2207.final.genome,4280263,4280727,465,MEG_4116|Metals|Multi-metal_resistance|Multi-metal_resistance_protein|NCCX,MEG_4116|Metals|Multi-metal_resistance|Multi-metal_resistance_protein|NCCX,447,4254272,4254718,+
Escherichia_coli_b2207,E.coli.b2207.final.genome,4286046,4287695,1650,MEG_6165|Drugs|Nucleosides|Streptothricin_acetyltransferase|SAT,MEG_6165|Drugs|Nucleosides|Streptothricin_acetyltransferase|SAT,543,4260037,4260579,+
Escherichia_coli_b2207,E.coli.b2207.final.genome,4301794,4306261,4468,MEG_3576|Drugs|betalactams|Class_A_betalactamases|LEN,MEG_3576|Drugs|betalactams|Class_A_betalactamases|LEN,822,4274678,4275499,+
Escherichia_coli_b2207,E.coli.b2207.final.genome,4336101,4337744,1644,MEG_10588|Drugs|betalactams|Class_A_betalactamases|OKP,MEG_10588|Drugs|betalactams|Class_A_betalactamases|OKP,861,4305339,4306199,+
Escherichia_coli_b2207,E.coli.b2207.final.genome,4432627,4432965,339,MEG_1135|Drugs|Rifampin|Rifampin_ADP-ribosyltransferase_Arr|ARR,MEG_1135|Drugs|Rifampin|Rifampin_ADP-ribosyltransferase_Arr|ARR,543,4401082,4401624,+
Escherichia_coli_b2207,E.coli.b2207.final.genome,4444483,4444800,318,MEG_2663|Multi-compound|Biocide_and_metal_resistance|Biocide_and_metal_resistance_protein|DPSA,MEG_2663|Multi-compound|Biocide_and_metal_resistance|Biocide_and_metal_resistance_protein|DPSA,489,4413142,4413630,+
Escherichia_coli_b2207,E.coli.b2207.final.genome,4445419,4446552,1134,MEG_8092|Drugs|Fosfomycin|Fosfomycin_thiol_transferases|FOSM,MEG_8092|Drugs|Fosfomycin|Fosfomycin_thiol_transferases|FOSM,420,4414249,4414668,+
Escherichia_coli_b2207,E.coli.b2207.final.genome,4538501,4541197,2697,MEG_11254|Drugs|Trimethoprim|Dihydrofolate_reductase|DFRB,MEG_11254|Drugs|Trimethoprim|Dihydrofolate_reductase|DFRB,237,4506617,4506853,+
Escherichia_coli_b2207,E.coli.b2207.final.genome,4614937,4616661,1725,MEG_6617|Drugs|Sulfonamides|Sulfonamide-resistant_dihydropteroate_synthases|SULII,MEG_6617|Drugs|Sulfonamides|Sulfonamide-resistant_dihydropteroate_synthases|SULII,816,4580593,4581408,+
Escherichia_coli_b2207,E.coli.b2207.final.genome,4686816,4688048,1233,MEG_2875|Biocides|Phenolic_compound_resistance|Phenolic_resistance_protein|FABI,MEG_2875|Biocides|Phenolic_compound_resistance|Phenolic_resistance_protein|FABI,789,4651563,4652351,+
Escherichia_coli_b2207,E.coli.b2207.final.genome,4735279,4736148,870,MEG_963|Drugs|Aminoglycosides|Aminoglycoside_O-nucleotidyltransferases|ANT3-DPRIME,MEG_963|Drugs|Aminoglycosides|Aminoglycoside_O-nucleotidyltransferases|ANT3-DPRIME,792,4699582,4700373,+
Escherichia_coli_b2207,E.coli.b2207.final.genome,4758629,4759795,1167,MEG_2669|Multi-compound|Biocide_and_metal_resistance|Biocide_and_metal_resistance_protein|DPSA,MEG_2669|Multi-compound|Biocide_and_metal_resistance|Biocide_and_metal_resistance_protein|DPSA,489,4722854,4723342,+
Escherichia_coli_b2207,E.coli.b2207.final.genome,4798128,4798505,378,MEG_1224|Multi-compound|Drug_and_biocide_resistance|Drug_and_biocide_RND_efflux_pumps|BEPD,MEG_1224|Multi-compound|Drug_and_biocide_resistance|Drug_and_biocide_RND_efflux_pumps|BEPD,1194,4761675,4762868,+
Escherichia_coli_b2207,E.coli.b2207.final.genome,4801654,4804008,2355,MEG_6608|Drugs|Sulfonamides|Sulfonamide-resistant_dihydropteroate_synthases|SULI,MEG_6608|Drugs|Sulfonamides|Sulfonamide-resistant_dihydropteroate_synthases|SULI,831,4766017,4766847,+
Escherichia_coli_b2207,E.coli.b2207.final.genome,4831254,4832198,945,MEG_6595|Drugs|Sulfonamides|Sulfonamide-resistant_dihydropteroate_synthases|SULI,MEG_6595|Drugs|Sulfonamides|Sulfonamide-resistant_dihydropteroate_synthases|SULI,840,4794093,4794932,+
Escherichia_coli_b2207,E.coli.b2207.final.genome,4883970,4885520,1551,MEG_3269|Multi-compound|Biocide_and_metal_resistance|Biocide_and_metal_resistance_regulator|HMRR,MEG_3269|Multi-compound|Biocide_and_metal_resistance|Biocide_and_metal_resistance_regulator|HMRR,390,4846704,4847093,+
Escherichia_coli_b2207,E.coli.b2207.final.genome,4962156,4962866,711,MEG_5929|Drugs|Fluoroquinolones|Quinolone_resistance_protein_Qnr|QNRB,MEG_5929|Drugs|Fluoroquinolones|Quinolone_resistance_protein_Qnr|QNRB,681,4923729,4924409,+
Faecalibacterium_prausnitzii,Faecalibacterium_prausnitzii,1123416,1125335,1920,MEG_6633|Drugs|Sulfonamides|Sulfonamide-resistant_dihydropteroate_synthases|SULII,MEG_6633|Drugs|Sulfonamides|Sulfonamide-resistant_dihydropteroate_synthases|SULII,852,1123416,1124267,+
Prevotella_corporis,Prevotella_corporis.final.genome2,62174,64099,1926,MEG_9982|Drugs|Metronidazole|nim_nitroimidazole_reductase|NIMB,MEG_9982|Drugs|Metronidazole|nim_nitroimidazole_reductase|NIMB,468,62174,62641,+
Salmonella_enterica,Salmonella_enterica,58288,59645,1358,MEG_6605|Drugs|Sulfonamides|Sulfonamide-resistant_dihydropteroate_synthases|SULI,MEG_6605|Drugs|Sulfonamides|Sulfonamide-resistant_dihydropteroate_synthases|SULI,840,58288,59127,+
Salmonella_enterica,Salmonella_enterica,66045,66257,213,MEG_3287|Biocides|Peroxide_resistance|Peroxide_resistance_stress_protein|IBPA,MEG_3287|Biocides|Peroxide_resistance|Peroxide_resistance_stress_protein|IBPA,414,65527,65940,+
Salmonella_enterica,Salmonella_enterica,106840,107331,492,MEG_5814|Metals|Arsenic_resistance|Arsenic_resistance_protein|PSTB,MEG_5814|Metals|Arsenic_resistance|Arsenic_resistance_protein|PSTB,774,106523,107296,+
Salmonella_enterica,Salmonella_enterica,118668,118884,217,MEG_1461|Drugs|Glycopeptides|Bleomycin_resistance_protein|BLM,MEG_1461|Drugs|Glycopeptides|Bleomycin_resistance_protein|BLM,906,118633,119538,+
Salmonella_enterica,Salmonella_enterica,153670,154022,353,MEG_1196|Drugs|Bacitracin|Undecaprenyl_pyrophosphate_phosphatase|BAHA,MEG_1196|Drugs|Bacitracin|Undecaprenyl_pyrophosphate_phosphatase|BAHA,2259,154324,156582,+
Salmonella_enterica,Salmonella_enterica,198300,199181,882,MEG_4214|Drugs|Aminocoumarins|Aminocoumarin_efflux_pump|NOVA,MEG_4214|Drugs|Aminocoumarins|Aminocoumarin_efflux_pump|NOVA,1848,200860,202707,+
Salmonella_enterica,Salmonella_enterica,199704,200792,1089,MEG_1652|Biocides|Biguanide_resistance|Biguanide_cation_efflux|CEPAB,MEG_1652|Biocides|Biguanide_resistance|Biguanide_cation_efflux|CEPAB,903,203230,204132,+
Salmonella_enterica,Salmonella_enterica,201341,202828,1488,MEG_32|Drugs|Aminoglycosides|Aminoglycoside_N-acetyltransferases|AAC3,MEG_32|Drugs|Aminoglycosides|Aminoglycoside_N-acetyltransferases|AAC3,786,204681,205466,+
Salmonella_enterica,Salmonella_enterica,251886,252323,438,MEG_3846|Metals|Mercury_resistance|Mercury_resistance_protein|MERB,MEG_3846|Metals|Mercury_resistance|Mercury_resistance_protein|MERB,639,254524,255162,+
Salmonella_enterica,Salmonella_enterica,331784,332572,789,MEG_11308|Drugs|Multi-drug_resistance|Multi-drug_SMR_efflux_regulator|EMRE,MEG_11308|Drugs|Multi-drug_resistance|Multi-drug_SMR_efflux_regulator|EMRE,324,334623,334946,+
Salmonella_enterica,Salmonella_enterica,386924,387337,414,MEG_3877|Metals|Mercury_resistance|Mercury_resistance_protein|MERP,MEG_3877|Metals|Mercury_resistance|Mercury_resistance_protein|MERP,276,389298,389573,+
Salmonella_enterica,Salmonella_enterica,408636,409721,1086,MEG_3768|Drugs|betalactams|Penicillin_binding_protein|MECA,MEG_3768|Drugs|betalactams|Penicillin_binding_protein|MECA,2001,410872,412872,+
Salmonella_enterica,Salmonella_enterica,448388,449927,1540,MEG_6615|Drugs|Sulfonamides|Sulfonamide-resistant_dihydropteroate_synthases|SULI,MEG_6615|Drugs|Sulfonamides|Sulfonamide-resistant_dihydropteroate_synthases|SULI,968,451539,452506,+
Salmonella_enterica,Salmonella_enterica,534599,535543,945,MEG_4200|Metals|Nickel_resistance|Nickel_resistance_protein|NIXA,MEG_4200|Metals|Nickel_resistance|Nickel_resistance_protein|NIXA,927,537178,538104,+
Salmonella_enterica,Salmonella_enterica,587762,588484,723,MEG_5955|Drugs|Fluoroquinolones|Quinolone_resistance_protein_Qnr|QNRB,MEG_5955|Drugs|Fluoroquinolones|Quinolone_resistance_protein_Qnr|QNRB,681,590323,591003,+
Salmonella_enterica,Salmonella_enterica,641756,643180,1425,MEG_2736|Multi-compound|Drug_and_biocide_resistance|Drug_and_biocide_MFS_efflux_pumps|EMRY,MEG_2736|Multi-compound|Drug_and_biocide_resistance|Drug_and_biocide_MFS_efflux_pumps|EMRY,1539,644275,645813,+
Salmonella_enterica,Salmonella_enterica,752398,759842,7445,MEG_7013|Drugs|Tetracyclines|Tetracycline_resistance_MFS_efflux_pumps|TET59,MEG_7013|Drugs|Tetracyclines|Tetracycline_resistance_MFS_efflux_pumps|TET59,1203,755031,756233,+
Salmonella_enterica,Salmonella_enterica,761250,763372,2123,MEG_2906|Drugs|Phenicol|Phenicol_resistance_MFS_efflux_pumps|FEXB,MEG_2906|Drugs|Phenicol|Phenicol_resistance_MFS_efflux_pumps|FEXB,1410,757641,759050,+
Salmonella_enterica,Salmonella_enterica,903810,904112,303,MEG_5414|Metals|Lead_resistance|Lead_P-type_ATPase_transporter|PBRT,MEG_5414|Metals|Lead_resistance|Lead_P-type_ATPase_transporter|PBRT,1893,899488,901380,+
Salmonella_enterica,Salmonella_enterica,941432,942037,606,MEG_6549|Biocides|Multi-biocide_resistance|Multi-biocide_resistance_regulator|SOXRB,MEG_6549|Biocides|Multi-biocide_resistance|Multi-biocide_resistance_regulator|SOXRB,465,938700,939164,+
Salmonella_enterica,Salmonella_enterica,943499,944419,921,MEG_3704|Drugs|Lipopeptides|Colistin_phosphoethanolamine_transferase|MCR,MEG_3704|Drugs|Lipopeptides|Colistin_phosphoethanolamine_transferase|MCR,1626,940626,942251,+
Salmonella_enterica,Salmonella_enterica,1063526,1064762,1237,MEG_6499|Metals|Multi-metal_resistance|Multi-metal_RND_efflux_pumps|SILA,MEG_6499|Metals|Multi-metal_resistance|Multi-metal_RND_efflux_pumps|SILA,3147,1061358,1064504,+
Salmonella_enterica,Salmonella_enterica,1131737,1134850,3114,MEG_1168|Biocides|Naphthoquinone|Naphthoquinone_resistance_protein|ARSHN,MEG_1168|Biocides|Naphthoquinone|Naphthoquinone_resistance_protein|ARSHN,621,1131479,1132099,+
Salmonella_enterica,Salmonella_enterica,1359929,1360607,679,MEG_6995|Drugs|Tetracyclines|Tetracycline_resistance_MFS_efflux_pumps|TET42,MEG_6995|Drugs|Tetracyclines|Tetracycline_resistance_MFS_efflux_pumps|TET42,1287,1357178,1358464,+
Salmonella_enterica,Salmonella_enterica,1437072,1437602,531,MEG_2527|Drugs|Trimethoprim|Dihydrofolate_reductase|DFRA,MEG_2527|Drugs|Trimethoprim|Dihydrofolate_reductase|DFRA,474,1434929,1435402,+
Salmonella_enterica,Salmonella_enterica,1437729,1438901,1173,MEG_756|Drugs|Aminoglycosides|Aminoglycoside_O-nucleotidyltransferases|ANT2-DPRIME,MEG_756|Drugs|Aminoglycosides|Aminoglycoside_O-nucleotidyltransferases|ANT2-DPRIME,534,1435529,1436062,+
Salmonella_enterica,Salmonella_enterica,1438918,1440456,1539,MEG_2739|Drugs|Cationic_antimicrobial_peptides|Lipid_A_modification|EPTA,MEG_2739|Drugs|Cationic_antimicrobial_peptides|Lipid_A_modification|EPTA,1644,1436079,1437722,+
Salmonella_enterica,Salmonella_enterica,1482054,1485485,3432,MEG_4204|Biocides|Paraquat_resistance|Paraquat_resistance_protein|NMPC,MEG_4204|Biocides|Paraquat_resistance|Paraquat_resistance_protein|NMPC,849,1479320,1480168,+
Salmonella_enterica,Salmonella_enterica,1568135,1569161,1027,MEG_1485|Metals|Multi-metal_resistance|Multi-metal_resistance_regulator|CADC,MEG_1485|Metals|Multi-metal_resistance|Multi-metal_resistance_regulator|CADC,369,1562818,1563186,+
Salmonella_enterica,Salmonella_enterica,1813984,1814801,818,MEG_1034|Drugs|Aminoglycosides|Aminoglycoside_O-phosphotransferases|APH3-DPRIME,MEG_1034|Drugs|Aminoglycosides|Aminoglycoside_O-phosphotransferases|APH3-DPRIME,807,1808009,1808815,+
Salmonella_enterica,Salmonella_enterica,1822852,1823313,462,MEG_1754|Drugs|Phenicol|Phenicol_resistance_MFS_efflux_pumps|CMLA,MEG_1754|Drugs|Phenicol|Phenicol_resistance_MFS_efflux_pumps|CMLA,1260,1816866,1818125,+
Salmonella_enterica,Salmonella_enterica,1964870,1965182,313,MEG_5843|Multi-compound|Drug_and_biocide_resistance|Drug_and_biocide_SMR_efflux_pumps|QACG,MEG_5843|Multi-compound|Drug_and_biocide_resistance|Drug_and_biocide_SMR_efflux_pumps|QACG,333,1959682,1960014,+
Salmonella_enterica,Salmonella_enterica,1998332,2001405,3074,MEG_6636|Drugs|Sulfonamides|Sulfonamide-resistant_dihydropteroate_synthases|SULII,MEG_6636|Drugs|Sulfonamides|Sulfonamide-resistant_dihydropteroate_synthases|SULII,819,1993164,1993982,+
Salmonella_enterica,Salmonella_enterica,2051403,2052035,633,MEG_1131|Drugs|Rifampin|Rifampin_ADP-ribosyltransferase_Arr|ARR,MEG_1131|Drugs|Rifampin|Rifampin_ADP-ribosyltransferase_Arr|ARR,453,2043980,2044432,+
Salmonella_enterica,Salmonella_enterica,2177986,2180036,2051,MEG_2897|Metals|Multi-metal_resistance|Multi-metal_ABC_efflux_pumps|FECE,MEG_2897|Metals|Multi-metal_resistance|Multi-metal_ABC_efflux_pumps|FECE,768,2170383,2171150,+
Salmonella_enterica,Salmonella_enterica,2193913,2195394,1482,MEG_7456|Drugs|Glycopeptides|VanA-type_regulator|VANRA,MEG_7456|Drugs|Glycopeptides|VanA-type_regulator|VANRA,1032,2185027,2186058,+
Salmonella_enterica,Salmonella_enterica,2260440,2262114,1675,MEG_1170|Metals|Arsenic_resistance|Arsenic_resistance_protein|ARSP,MEG_1170|Metals|Arsenic_resistance|Arsenic_resistance_protein|ARSP,948,2251104,2252051,+
Salmonella_enterica,Salmonella_enterica,2276653,2277192,540,MEG_1487|Metals|Cadmium_resistance|Cadmium_resistance_regulator|CADR,MEG_1487|Metals|Cadmium_resistance|Cadmium_resistance_regulator|CADR,444,2266590,2267033,+
Salmonella_enterica,Salmonella_enterica,2426862,2428047,1186,MEG_5655|Drugs|betalactams|Class_C_betalactamases|PDC,MEG_5655|Drugs|betalactams|Class_C_betalactamases|PDC,1194,2416703,2417896,+
Salmonella_enterica,Salmonella_enterica,2465371,2467785,2415,MEG_7274|Biocides|Phenolic_compound_resistance|Phenolic_RND_efflux_pump|TRIBP,MEG_7274|Biocides|Phenolic_compound_resistance|Phenolic_RND_efflux_pump|TRIBP,294,2455220,2455513,+
Salmonella_enterica,Salmonella_enterica,2479294,2479847,554,MEG_6419|Drugs|betalactams|Class_A_betalactamases|SHV,MEG_6419|Drugs|betalactams|Class_A_betalactamases|SHV,891,2467022,2467912,+
Salmonella_enterica,Salmonella_enterica,2483346,2484117,772,MEG_4165|Metals|Cobalt_resistance|Cobalt_transporting_ATPase|NHLF,MEG_4165|Metals|Cobalt_resistance|Cobalt_transporting_ATPase|NHLF,1059,2471411,2472469,+
Salmonella_enterica,Salmonella_enterica,2484206,2486053,1848,MEG_7854|Metals|Zinc_resistance|Zinc_resistance_regulator|ZNTR,MEG_7854|Metals|Zinc_resistance|Zinc_resistance_regulator|ZNTR,426,2472558,2472983,+
Salmonella_enterica,Salmonella_enterica,2486189,2487229,1041,MEG_1116|Drugs|Multi-drug_resistance|MDR_regulator|ARLR,MEG_1116|Drugs|Multi-drug_resistance|MDR_regulator|ARLR,660,2473119,2473778,+
Salmonella_enterica,Salmonella_enterica,2579929,2580879,951,MEG_8240|Drugs|Lipopeptides|Colistin_phosphoethanolamine_transferase|MCR,MEG_8240|Drugs|Lipopeptides|Colistin_phosphoethanolamine_transferase|MCR,1620,2566478,2568097,+
Salmonella_enterica,Salmonella_enterica,2625629,2626252,624,MEG_8452|Drugs|Multi-drug_resistance|MDR_regulator|PARS,MEG_8452|Drugs|Multi-drug_resistance|MDR_regulator|PARS,1287,2612847,2614133,+
Salmonella_enterica,Salmonella_enterica,2687108,2687728,621,MEG_7438|Drugs|Glycopeptides|VanD-type_resistance_protein|VANHD,MEG_7438|Drugs|Glycopeptides|VanD-type_resistance_protein|VANHD,2695,2674989,2677683,+
Salmonella_enterica,Salmonella_enterica,2688952,2691013,2062,MEG_3070|Drugs|Fusidic_acid|Ribosomal_zinc-binding_protein|FUSD,MEG_3070|Drugs|Fusidic_acid|Ribosomal_zinc-binding_protein|FUSD,642,2678907,2679548,+
Salmonella_enterica,Salmonella_enterica,2691811,2692688,878,MEG_1711|Metals|Chromium_resistance|Chromium_resistance_protein|CHRB1,MEG_1711|Metals|Chromium_resistance|Chromium_resistance_protein|CHRB1,894,2680346,2681239,+
Salmonella_enterica,Salmonella_enterica,2716436,2717281,846,MEG_8021|Drugs|Phenicol|Phenicol_resistance_MFS_efflux_pumps|CML,MEG_8021|Drugs|Phenicol|Phenicol_resistance_MFS_efflux_pumps|CML,1203,2704987,2706189,+
Salmonella_enterica,Salmonella_enterica,2764988,2765905,918,MEG_2500|Drugs|Trimethoprim|Dihydrofolate_reductase|DFRA,MEG_2500|Drugs|Trimethoprim|Dihydrofolate_reductase|DFRA,474,2753896,2754369,+
Salmonella_enterica,Salmonella_enterica,2932480,2934129,1650,MEG_4186|Drugs|Metronidazole|nim_nitroimidazole_reductase|NIMF,MEG_4186|Drugs|Metronidazole|nim_nitroimidazole_reductase|NIMF,455,2920944,2921398,+
Salmonella_enterica,Salmonella_enterica,2990094,2990399,306,MEG_4193|Drugs|Metronidazole|nim_nitroimidazole_reductase|NIMI,MEG_4193|Drugs|Metronidazole|nim_nitroimidazole_reductase|NIMI,457,2977363,2977819,+
Salmonella_enterica,Salmonella_enterica,3100536,3103244,2709,MEG_6588|Drugs|Sulfonamides|Sulfonamide-resistant_dihydropteroate_synthases|SULI,MEG_6588|Drugs|Sulfonamides|Sulfonamide-resistant_dihydropteroate_synthases|SULI,840,3087956,3088795,+
Salmonella_enterica,Salmonella_enterica,3179029,3179170,142,MEG_4312|Drugs|Multi-drug_resistance|Multi-drug_ABC_efflux_pumps|OPTRA,MEG_4312|Drugs|Multi-drug_resistance|Multi-drug_ABC_efflux_pumps|OPTRA,1968,3164580,3166547,+
Salmonella_enterica,Salmonella_enterica,3267332,3268201,870,MEG_5849|Multi-compound|Drug_and_biocide_resistance|Drug_and_biocide_SMR_efflux_pumps|QACJ,MEG_5849|Multi-compound|Drug_and_biocide_resistance|Drug_and_biocide_SMR_efflux_pumps|QACJ,324,3254709,3255032,+
Salmonella_enterica,Salmonella_enterica,3378591,3378968,378,MEG_7610|Drugs|Glycopeptides|VanF-type_accessory_protein|VANYF,MEG_7610|Drugs|Glycopeptides|VanF-type_accessory_protein|VANYF,969,3365422,3366390,+
Salmonella_enterica,Salmonella_enterica,3382129,3384478,2350,MEG_4222|Drugs|Thiopeptides|Thiostrepton_23S_rRNA_methyltransferases|NSHR,MEG_4222|Drugs|Thiopeptides|Thiostrepton_23S_rRNA_methyltransferases|NSHR,825,3369551,3370375,+
Salmonella_enterica,Salmonella_enterica,3474730,3476339,1610,MEG_2051|Metals|Copper_resistance|Copper_resistance_protein|COPD,MEG_2051|Metals|Copper_resistance|Copper_resistance_protein|COPD,930,3460627,3461556,+
Salmonella_enterica,Salmonella_enterica,3718507,3724371,5865,MEG_1126|Drugs|Rifampin|Rifampin_ADP-ribosyltransferase_Arr|ARR,MEG_1126|Drugs|Rifampin|Rifampin_ADP-ribosyltransferase_Arr|ARR,414,3703724,3704137,+
Salmonella_enterica,Salmonella_enterica,3724648,3726936,2289,MEG_3935|Biocides|Multi-biocide_resistance|Multi-biocide_RND_efflux_pump|MEXV,MEG_3935|Biocides|Multi-biocide_resistance|Multi-biocide_RND_efflux_pump|MEXV,1131,3704414,3705544,+
Salmonella_enterica,Salmonella_enterica,3726948,3727412,465,MEG_2550|Drugs|Trimethoprim|Dihydrofolate_reductase|DFRA,MEG_2550|Drugs|Trimethoprim|Dihydrofolate_reductase|DFRA,474,3705556,3706029,+
Salmonella_enterica,Salmonella_enterica,3856625,3857201,577,MEG_11507|Drugs|MLS|23S_rRNA_methyltransferases|ERM,MEG_11507|Drugs|MLS|23S_rRNA_methyltransferases|ERM,738,3835242,3835979,+
Salmonella_enterica,Salmonella_enterica,3858200,3859393,1194,MEG_7615|Drugs|Glycopeptides|VanA-type_accessory_protein|VANZA,MEG_7615|Drugs|Glycopeptides|VanA-type_accessory_protein|VANZA,510,3836978,3837487,+
Salmonella_enterica,Salmonella_enterica,3886000,3886211,212,MEG_1156|Metals|Arsenic_resistance|Arsenic_resistance_protein|ARSC,MEG_1156|Metals|Arsenic_resistance|Arsenic_resistance_protein|ARSC,396,3864094,3864489,+
Salmonella_enterica,Salmonella_enterica,4022679,4024580,1902,MEG_8067|Drugs|Trimethoprim|Dihydrofolate_reductase|DFRA,MEG_8067|Drugs|Trimethoprim|Dihydrofolate_reductase|DFRA,792,4000957,4001748,+
Salmonella_enterica,Salmonella_enterica,4043178,4044857,1680,MEG_2062|Metals|Copper_resistance|Copper_resistance_protein|COPL,MEG_2062|Metals|Copper_resistance|Copper_resistance_protein|COPL,420,4020346,4020765,+
Salmonella_enterica,Salmonella_enterica,4050816,4052354,1539,MEG_11335|Metals|Multi-metal_resistance|Multi-metal_resistance_regulator|CADC,MEG_11335|Metals|Multi-metal_resistance|Multi-metal_resistance_regulator|CADC,360,4026724,4027083,+
Salmonella_enterica,Salmonella_enterica,4052374,4053252,879,MEG_7794|Biocides|Multi-biocide_resistance|Multi-biocide_RND_efflux_pump|VMEK,MEG_7794|Biocides|Multi-biocide_resistance|Multi-biocide_RND_efflux_pump|VMEK,3132,4027103,4030234,+
Salmonella_enterica,Salmonella_enterica,4086456,4087128,673,MEG_11442|Multi-compound|Drug_and_biocide_and_metal_resistance|Drug_and_biocide_and_metal_RND_efflux_pumps|CMEA,MEG_11442|Multi-compound|Drug_and_biocide_and_metal_resistance|Drug_and_biocide_and_metal_RND_efflux_pumps|CMEA,1104,4063438,4064541,+
Salmonella_enterica,Salmonella_enterica,4152505,4153940,1436,MEG_1190|Drugs|Bacitracin|Undecaprenyl_pyrophosphate_phosphatase|BACA,MEG_1190|Drugs|Bacitracin|Undecaprenyl_pyrophosphate_phosphatase|BACA,822,4129918,4130739,+
Salmonella_enterica,Salmonella_enterica,4208964,4209373,410,MEG_3894|Metals|Mercury_resistance|Mercury_resistance_protein|MERT,MEG_3894|Metals|Mercury_resistance|Mercury_resistance_protein|MERT,351,4185763,4186113,+
Salmonella_enterica,Salmonella_enterica,4391419,4391952,534,MEG_7783|Biocides|Multi-biocide_resistance|Multi-biocide_RND_efflux_pump|VMEA,MEG_7783|Biocides|Multi-biocide_resistance|Multi-biocide_RND_efflux_pump|VMEA,1140,4368159,4369298,+
Salmonella_enterica,Salmonella_enterica,4422327,4423416,1090,MEG_2017|Metals|Copper_resistance|Copper_resistance_regulator|COMR,MEG_2017|Metals|Copper_resistance|Copper_resistance_regulator|COMR,633,4399673,4400305,+
Salmonella_enterica,Salmonella_enterica,4510827,4512035,1209,MEG_2747|Drugs|MLS|Macrolide_esterases|EREA,MEG_2747|Drugs|MLS|Macrolide_esterases|EREA,1227,4487716,4488942,+
Veillonella_rogosae,veillonella_rogosae,938131,939120,990,MEG_11457|Drugs|Lipopeptides|Colistin_phosphoethanolamine_transferase|MCR,MEG_11457|Drugs|Lipopeptides|Colistin_phosphoethanolamine_transferase|MCR,1623,938131,939753,+
Veillonella_rogosae,veillonella_rogosae,2152782,2154721,1940,MEG_11352|Drugs|MLS|Macrolide_esterases|ESTX,MEG_11352|Drugs|MLS|Macrolide_esterases|ESTX,843,2153415,2154257,+
