genome,fragment,original_removed_start,original_removed_stop,original_removed_length,inserted_gene_id,inserted_gene_header,inserted_gene_length,inserted_start,inserted_stop,strand
Akkermansia_muciniphila,Akkermansia_muciniphila,1706143,1706439,297,MEG_7235|Drugs|Tetracyclines|Tetracycline_resistance_ribosomal_protection_proteins|TETW,MEG_7235|Drugs|Tetracyclines|Tetracycline_resistance_ribosomal_protection_proteins|TETW,1920,1706143,1708062,+
Bacteroides_fragilis,Bacteroides_fragilis,48906,50831,1926,MEG_7247|Drugs|Tetracyclines|Tetracycline_resistance_MFS_efflux_pumps|TETZ,MEG_7247|Drugs|Tetracyclines|Tetracycline_resistance_MFS_efflux_pumps|TETZ,1251,48906,50156,+
Bacteroides_fragilis,Bacteroides_fragilis,380286,381188,903,MEG_1467|Biocides|Multi-biocide_resistance|Multi-biocide_resistance_regulator|BLTR,MEG_1467|Biocides|Multi-biocide_resistance|Multi-biocide_resistance_regulator|BLTR,822,379611,380432,+
Bacteroides_fragilis,Bacteroides_fragilis,402236,403441,1206,MEG_10008|Drugs|Rifampin|Rifampin-resistant_beta-subunit_of_RNA_polymerase_RpoB|RPOB,MEG_10008|Drugs|Rifampin|Rifampin-resistant_beta-subunit_of_RNA_polymerase_RpoB|RPOB,4029,401480,405508,+
Bacteroides_fragilis,Bacteroides_fragilis,403466,403978,513,MEG_3253|Biocides|Acid_resistance|Acid_resistance_protein|HDEA,MEG_3253|Biocides|Acid_resistance|Acid_resistance_protein|HDEA,333,405533,405865,+
Bacteroides_fragilis,Bacteroides_fragilis,1825829,1827158,1330,MEG_7821|Metals|Multi-metal_resistance|Multi-metal_resistance_protein|YFEA,MEG_7821|Metals|Multi-metal_resistance|Multi-metal_resistance_protein|YFEA,969,1827716,1828684,+
Bifidobacterium_adolescentis,Bifidobacterium_adolescentis,1255962,1256299,338,MEG_6141|Biocides|Multi-biocide_resistance|Multi-biocide_resistance_regulator|RPOS,MEG_6141|Biocides|Multi-biocide_resistance|Multi-biocide_resistance_regulator|RPOS,1029,1255962,1256990,+
Bifidobacterium_adolescentis,Bifidobacterium_adolescentis,1470793,1474093,3301,MEG_11236|Drugs|Fluoroquinolones|Quinolone_resistance_protein_Qnr|QNRE,MEG_11236|Drugs|Fluoroquinolones|Quinolone_resistance_protein_Qnr|QNRE,645,1471484,1472128,+
Bifidobacterium_adolescentis,Bifidobacterium_adolescentis,1956215,1957669,1455,MEG_6588|Drugs|Sulfonamides|Sulfonamide-resistant_dihydropteroate_synthases|SULI,MEG_6588|Drugs|Sulfonamides|Sulfonamide-resistant_dihydropteroate_synthases|SULI,840,1954250,1955089,+
Clostridioides_difficile,Clostridium_difficille,367386,368324,939,MEG_7819|Biocides|Multi-biocide_resistance|Multi-biocide_resistance_regulator|YDEO,MEG_7819|Biocides|Multi-biocide_resistance|Multi-biocide_resistance_regulator|YDEO,762,367386,368147,+
Clostridioides_difficile,Clostridium_difficille,888451,888792,342,MEG_7868|Metals|Zinc_resistance|Zinc_resistance_regulator|ZUR,MEG_7868|Metals|Zinc_resistance|Zinc_resistance_regulator|ZUR,516,888274,888789,+
Clostridioides_difficile,Clostridium_difficille,890676,891249,574,MEG_2839|Drugs|MLS|23S_rRNA_methyltransferases|ERMO,MEG_2839|Drugs|MLS|23S_rRNA_methyltransferases|ERMO,780,890673,891452,+
Clostridioides_difficile,Clostridium_difficille,1184042,1184551,510,MEG_6595|Drugs|Sulfonamides|Sulfonamide-resistant_dihydropteroate_synthases|SULI,MEG_6595|Drugs|Sulfonamides|Sulfonamide-resistant_dihydropteroate_synthases|SULI,840,1184245,1185084,+
Clostridioides_difficile,Clostridium_difficille,1430567,1431034,468,MEG_6956|Metals|Tellurium_resistance|Tellurium_resistance_protein|TERB,MEG_6956|Metals|Tellurium_resistance|Tellurium_resistance_protein|TERB,369,1431100,1431468,+
Clostridioides_difficile,Clostridium_difficille,1482656,1483981,1326,MEG_7831|Multi-compound|Biocide_and_metal_resistance|Biocide_and_metal_resistance_protein|YGIW,MEG_7831|Multi-compound|Biocide_and_metal_resistance|Biocide_and_metal_resistance_protein|YGIW,393,1483090,1483482,+
Clostridioides_difficile,Clostridium_difficille,1677480,1679313,1834,MEG_3132|Multi-compound|Drug_and_biocide_and_metal_resistance|Drug_and_biocide_and_metal_RND_efflux_pumps|GESA,MEG_3132|Multi-compound|Drug_and_biocide_and_metal_resistance|Drug_and_biocide_and_metal_RND_efflux_pumps|GESA,1227,1676981,1678207,+
Clostridioides_difficile,Clostridium_difficille,1679574,1680674,1101,MEG_154|Drugs|Aminoglycosides|Aminoglycoside_N-acetyltransferases|AAC6-PRIME,MEG_154|Drugs|Aminoglycosides|Aminoglycoside_N-acetyltransferases|AAC6-PRIME,441,1678468,1678908,+
Clostridioides_difficile,Clostridium_difficille,1681495,1683633,2139,MEG_963|Drugs|Aminoglycosides|Aminoglycoside_O-nucleotidyltransferases|ANT3-DPRIME,MEG_963|Drugs|Aminoglycosides|Aminoglycoside_O-nucleotidyltransferases|ANT3-DPRIME,792,1679729,1680520,+
Clostridioides_difficile,Clostridium_difficille,1779516,1780253,738,MEG_3669|Drugs|Lipopeptides|Colistin_phosphoethanolamine_transferase|MCR,MEG_3669|Drugs|Lipopeptides|Colistin_phosphoethanolamine_transferase|MCR,1626,1776403,1778028,+
Clostridioides_difficile,Clostridium_difficille,2731316,2732968,1653,MEG_6089|Drugs|Rifampin|Rifampin_phosphotransferase|RPH,MEG_6089|Drugs|Rifampin|Rifampin_phosphotransferase|RPH,2655,2729091,2731745,+
Clostridium_perfringens,Clostridium_perfringens.final.genome,968146,969852,1707,MEG_6157|Drugs|Nucleosides|Streptothricin_acetyltransferase|SAT,MEG_6157|Drugs|Nucleosides|Streptothricin_acetyltransferase|SAT,525,968146,968670,+
Clostridium_perfringens,Clostridium_perfringens.final.genome,3124924,3126633,1710,MEG_7392|Drugs|Glycopeptides|VanG-type_resistance_protein|VANG,MEG_7392|Drugs|Glycopeptides|VanG-type_resistance_protein|VANG,1101,3123742,3124842,+
Enterococcus_faecalis,Enterococcus_faecalis,110300,110794,495,MEG_5802|Multi-compound|Drug_and_metal_resistance|Drug_and_metal_MFS_efflux_pumps|PMRG,MEG_5802|Multi-compound|Drug_and_metal_resistance|Drug_and_metal_MFS_efflux_pumps|PMRG,606,110300,110905,+
Enterococcus_faecalis,Enterococcus_faecalis,318515,319159,645,MEG_7255|Drugs|Glycopeptides|Bleomycin_resistance_protein|TLMB,MEG_7255|Drugs|Glycopeptides|Bleomycin_resistance_protein|TLMB,879,318626,319504,+
Enterococcus_faecalis,Enterococcus_faecalis,686369,688471,2103,MEG_7276|Biocides|Phenolic_compound_resistance|Phenolic_RND_efflux_pump|TRICP,MEG_7276|Biocides|Phenolic_compound_resistance|Phenolic_RND_efflux_pump|TRICP,2748,686714,689461,+
Enterococcus_faecalis,Enterococcus_faecalis,688488,688844,357,MEG_1748|Multi-compound|Drug_and_biocide_and_metal_resistance|Drug_and_biocide_and_metal_RND_efflux_regulator|CMER,MEG_1748|Multi-compound|Drug_and_biocide_and_metal_resistance|Drug_and_biocide_and_metal_RND_efflux_regulator|CMER,633,689478,690110,+
Enterococcus_faecalis,Enterococcus_faecalis,692857,693912,1056,MEG_4089|Drugs|Mupirocin|Mupirocin-resistant_isoleucyl-tRNA_synthetase|MUPA,MEG_4089|Drugs|Mupirocin|Mupirocin-resistant_isoleucyl-tRNA_synthetase|MUPA,3075,694123,697197,+
Enterococcus_faecalis,Enterococcus_faecalis,693942,695021,1080,MEG_3741|Multi-compound|Drug_and_biocide_and_metal_resistance|Drug_and_biocide_and_metal_MFS_efflux_pumps|MDRL,MEG_3741|Multi-compound|Drug_and_biocide_and_metal_resistance|Drug_and_biocide_and_metal_MFS_efflux_pumps|MDRL,1194,697227,698420,+
Enterococcus_faecalis,Enterococcus_faecalis,695101,696843,1743,MEG_1224|Multi-compound|Drug_and_biocide_resistance|Drug_and_biocide_RND_efflux_pumps|BEPD,MEG_1224|Multi-compound|Drug_and_biocide_resistance|Drug_and_biocide_RND_efflux_pumps|BEPD,1194,698500,699693,+
Enterococcus_faecalis,Enterococcus_faecalis,696879,697244,366,MEG_3283|Metals|Nickel_resistance|Nickel_resistance_protein|HUPE,MEG_3283|Metals|Nickel_resistance|Nickel_resistance_protein|HUPE,576,699729,700304,+
Enterococcus_faecalis,Enterococcus_faecalis,697377,697748,372,MEG_2521|Drugs|Trimethoprim|Dihydrofolate_reductase|DFRA,MEG_2521|Drugs|Trimethoprim|Dihydrofolate_reductase|DFRA,498,700437,700934,+
Enterococcus_faecalis,Enterococcus_faecalis,698134,699873,1740,MEG_2561|Drugs|Trimethoprim|Dihydrofolate_reductase|DFRB,MEG_2561|Drugs|Trimethoprim|Dihydrofolate_reductase|DFRB,237,701320,701556,+
Enterococcus_faecalis,Enterococcus_faecalis,699893,700204,312,MEG_3295|Drugs|Mupirocin|Mupirocin-resistant_isoleucyl-tRNA_synthetase|ILES,MEG_3295|Drugs|Mupirocin|Mupirocin-resistant_isoleucyl-tRNA_synthetase|ILES,3324,701576,704899,+
Enterococcus_faecalis,Enterococcus_faecalis,982309,983805,1497,MEG_1025|Drugs|Aminoglycosides|Aminoglycoside_O-phosphotransferases|APH3-DPRIME,MEG_1025|Drugs|Aminoglycosides|Aminoglycoside_O-phosphotransferases|APH3-DPRIME,816,987004,987819,+
Enterococcus_faecalis,Enterococcus_faecalis,1135205,1135685,481,MEG_5774|Metals|Multi-metal_resistance|Multi-metal_resistance_protein|PFR,MEG_5774|Metals|Multi-metal_resistance|Multi-metal_resistance_protein|PFR,504,1139219,1139722,+
Enterococcus_faecalis,Enterococcus_faecalis,1529260,1531416,2157,MEG_4344|Multi-compound|Drug_and_biocide_resistance|Drug_and_biocide_RND_efflux_pumps|OQXB,MEG_4344|Multi-compound|Drug_and_biocide_resistance|Drug_and_biocide_RND_efflux_pumps|OQXB,3153,1533297,1536449,+
Enterococcus_faecalis,Enterococcus_faecalis,1778781,1780508,1728,MEG_5922|Drugs|Fluoroquinolones|Quinolone_resistance_protein_Qnr|QNRB,MEG_5922|Drugs|Fluoroquinolones|Quinolone_resistance_protein_Qnr|QNRB,680,1783814,1784493,+
Enterococcus_faecalis,Enterococcus_faecalis,1781067,1782120,1054,MEG_722|Drugs|Cationic_antimicrobial_peptides|Lipid_A_modification|ALMG,MEG_722|Drugs|Cationic_antimicrobial_peptides|Lipid_A_modification|ALMG,822,1785052,1785873,+
Enterococcus_faecalis,Enterococcus_faecalis,2454688,2455842,1155,MEG_3004|Drugs|Fosfomycin|Fosfomycin_thiol_transferases|FOSB,MEG_3004|Drugs|Fosfomycin|Fosfomycin_thiol_transferases|FOSB,417,2458441,2458857,+
Escherichia_coli_B1109,Escherichia_coli_chromosome,895,2199,1305,MEG_3141|Multi-compound|Biocide_and_metal_resistance|Biocide_and_metal_resistance_protein|GLPF,MEG_3141|Multi-compound|Biocide_and_metal_resistance|Biocide_and_metal_resistance_protein|GLPF,846,895,1740,+
Escherichia_coli_B1109,Escherichia_coli_chromosome,36248,37486,1239,MEG_3075|Metals|Aluminum_resistance|Aluminum_ATPase_|G2ALT,MEG_3075|Metals|Aluminum_resistance|Aluminum_ATPase_|G2ALT,666,35789,36454,+
Escherichia_coli_B1109,Escherichia_coli_chromosome,60987,64580,3594,MEG_3000|Drugs|Fosfomycin|Fosfomycin_thiol_transferases|FOSA,MEG_3000|Drugs|Fosfomycin|Fosfomycin_thiol_transferases|FOSA,399,59955,60353,+
Escherichia_coli_B1109,Escherichia_coli_chromosome,64585,65199,615,MEG_6652|Metals|Copper_resistance|Copper_resistance_protein|TCRB,MEG_6652|Metals|Copper_resistance|Copper_resistance_protein|TCRB,2133,60358,62490,+
Escherichia_coli_B1109,Escherichia_coli_chromosome,65615,68316,2702,MEG_1652|Biocides|Biguanide_resistance|Biguanide_cation_efflux|CEPAB,MEG_1652|Biocides|Biguanide_resistance|Biguanide_cation_efflux|CEPAB,903,62906,63808,+
Escherichia_coli_B1109,Escherichia_coli_chromosome,170713,171681,969,MEG_4192|Drugs|Metronidazole|nim_nitroimidazole_reductase|NIMI,MEG_4192|Drugs|Metronidazole|nim_nitroimidazole_reductase|NIMI,463,166205,166667,+
Escherichia_coli_B1109,Escherichia_coli_chromosome,226281,226524,244,MEG_2714|Biocides|Quaternary_Ammonium_Compounds_(QACs)_resistance|QAC_efflux_pump|EMEA,MEG_2714|Biocides|Quaternary_Ammonium_Compounds_(QACs)_resistance|QAC_efflux_pump|EMEA,1182,221267,222448,+
Escherichia_coli_B1109,Escherichia_coli_chromosome,226821,227044,224,MEG_4191|Drugs|Metronidazole|nim_nitroimidazole_reductase|NIMI,MEG_4191|Drugs|Metronidazole|nim_nitroimidazole_reductase|NIMI,457,222745,223201,+
Escherichia_coli_B1109,Escherichia_coli_chromosome,230136,231778,1643,MEG_2891|Metals|Multi-metal_resistance|Multi-metal_ABC_efflux_pumps|FBPC,MEG_2891|Metals|Multi-metal_resistance|Multi-metal_ABC_efflux_pumps|FBPC,1071,226293,227363,+
Escherichia_coli_B1109,Escherichia_coli_chromosome,257792,258982,1191,MEG_178|Drugs|Aminoglycosides|Aminoglycoside_N-acetyltransferases|AAC6-PRIME,MEG_178|Drugs|Aminoglycosides|Aminoglycoside_N-acetyltransferases|AAC6-PRIME,441,253377,253817,+
Escherichia_coli_B1109,Escherichia_coli_chromosome,350235,350573,339,MEG_6639|Drugs|Sulfonamides|Sulfonamide-resistant_dihydropteroate_synthases|SULIII,MEG_6639|Drugs|Sulfonamides|Sulfonamide-resistant_dihydropteroate_synthases|SULIII,792,345070,345861,+
Escherichia_coli_B1109,Escherichia_coli_chromosome,350792,351616,825,MEG_5891|Drugs|Fluoroquinolones|Quinolone_resistance_protein_Qnr|QNRB,MEG_5891|Drugs|Fluoroquinolones|Quinolone_resistance_protein_Qnr|QNRB,645,346080,346724,+
Escherichia_coli_B1109,Escherichia_coli_chromosome,351737,352009,273,MEG_2569|Drugs|Trimethoprim|Dihydrofolate_reductase|DFRB,MEG_2569|Drugs|Trimethoprim|Dihydrofolate_reductase|DFRB,237,346845,347081,+
Escherichia_coli_B1109,Escherichia_coli_chromosome,371421,373543,2123,MEG_375|Multi-compound|Drug_and_biocide_resistance|Drug_and_biocide_SMR_efflux_pumps|ABES,MEG_375|Multi-compound|Drug_and_biocide_resistance|Drug_and_biocide_SMR_efflux_pumps|ABES,330,366493,366822,+
Escherichia_coli_B1109,Escherichia_coli_chromosome,374956,382403,7448,MEG_4171|Metals|Nickel_resistance|Nickel_ABC_efflux_pumps|NIKD,MEG_4171|Metals|Nickel_resistance|Nickel_ABC_efflux_pumps|NIKD,765,368235,368999,+
Escherichia_coli_B1109,Escherichia_coli_chromosome,394801,396653,1853,MEG_1461|Drugs|Glycopeptides|Bleomycin_resistance_protein|BLM,MEG_1461|Drugs|Glycopeptides|Bleomycin_resistance_protein|BLM,906,381397,382302,+
Escherichia_coli_B1109,Escherichia_coli_chromosome,433777,434943,1167,MEG_7846|Metals|Zinc_resistance|Zinc_resistance_protein|ZEVB,MEG_7846|Metals|Zinc_resistance|Zinc_resistance_protein|ZEVB,969,419426,420394,+
Escherichia_coli_B1109,Escherichia_coli_chromosome,476193,477598,1406,MEG_2657|Multi-compound|Biocide_and_metal_resistance|Biocide_and_metal_resistance_protein|DPR,MEG_2657|Multi-compound|Biocide_and_metal_resistance|Biocide_and_metal_resistance_protein|DPR,519,461644,462162,+
Escherichia_coli_B1109,Escherichia_coli_chromosome,515894,516544,651,MEG_5888|Drugs|Fluoroquinolones|Quinolone_resistance_protein_Qnr|QNRB,MEG_5888|Drugs|Fluoroquinolones|Quinolone_resistance_protein_Qnr|QNRB,645,500458,501102,+
Escherichia_coli_B1109,Escherichia_coli_chromosome,533414,533641,228,MEG_10070|Drugs|MLS|ABC-F_ATPase_ribosomal_protection_protein|CPLR,MEG_10070|Drugs|MLS|ABC-F_ATPase_ribosomal_protection_protein|CPLR,1653,517972,519624,+
Escherichia_coli_B1109,Escherichia_coli_chromosome,597759,598505,747,MEG_2755|Drugs|MLS|23S_rRNA_methyltransferases|ERM,MEG_2755|Drugs|MLS|23S_rRNA_methyltransferases|ERM,969,583742,584710,+
Escherichia_coli_B1109,Escherichia_coli_chromosome,612826,614363,1538,MEG_5828|Multi-compound|Drug_and_biocide_resistance|Drug_and_biocide_SMR_efflux_pumps|QACE,MEG_5828|Multi-compound|Drug_and_biocide_resistance|Drug_and_biocide_SMR_efflux_pumps|QACE,333,599031,599363,+
Escherichia_coli_B1109,Escherichia_coli_chromosome,614442,615374,933,MEG_2765|Drugs|MLS|23S_rRNA_methyltransferases|ERM,MEG_2765|Drugs|MLS|23S_rRNA_methyltransferases|ERM,732,599442,600173,+
Escherichia_coli_B1109,Escherichia_coli_chromosome,650772,651338,567,MEG_11305|Drugs|Trimethoprim|Dihydrofolate_reductase|DFRA,MEG_11305|Drugs|Trimethoprim|Dihydrofolate_reductase|DFRA,477,635571,636047,+
Escherichia_coli_B1109,Escherichia_coli_chromosome,813494,814867,1374,MEG_4173|Metals|Nickel_resistance|Nickel_ABC_efflux_pumps|NIKE,MEG_4173|Metals|Nickel_resistance|Nickel_ABC_efflux_pumps|NIKE,807,798203,799009,+
Escherichia_coli_B1109,Escherichia_coli_chromosome,822438,823019,582,MEG_3279|Biocides|Multi-biocide_resistance|Multi-biocide_resistance_protein|HSMR,MEG_3279|Biocides|Multi-biocide_resistance|Multi-biocide_resistance_protein|HSMR,339,806580,806918,+
Escherichia_coli_B1109,Escherichia_coli_chromosome,884896,885577,682,MEG_2670|Drugs|Multi-drug_resistance|Multi-drug_ABC_efflux_pumps|DRRA,MEG_2670|Drugs|Multi-drug_resistance|Multi-drug_ABC_efflux_pumps|DRRA,882,868795,869676,+
Escherichia_coli_B1109,Escherichia_coli_chromosome,886713,887048,336,MEG_3677|Drugs|Lipopeptides|Colistin_phosphoethanolamine_transferase|MCR,MEG_3677|Drugs|Lipopeptides|Colistin_phosphoethanolamine_transferase|MCR,1623,870812,872434,+
Escherichia_coli_B1109,Escherichia_coli_chromosome,941277,941669,393,MEG_6653|Metals|Copper_resistance|Copper_resistance_protein|TCRY,MEG_6653|Metals|Copper_resistance|Copper_resistance_protein|TCRY,456,926663,927118,+
Escherichia_coli_B1109,Escherichia_coli_chromosome,945817,946206,390,MEG_10001|Drugs|betalactams|Class_D_betalactamases|OXA,MEG_10001|Drugs|betalactams|Class_D_betalactamases|OXA,840,931266,932105,+
Escherichia_coli_B1109,Escherichia_coli_chromosome,946220,946654,435,MEG_1155|Metals|Arsenic_resistance|Arsenic_resistance_protein|ARSC,MEG_1155|Metals|Arsenic_resistance|Arsenic_resistance_protein|ARSC,396,932119,932514,+
Escherichia_coli_B1109,Escherichia_coli_chromosome,987113,989392,2280,MEG_1680|Drugs|MLS|23S_rRNA_methyltransferases|CFR,MEG_1680|Drugs|MLS|23S_rRNA_methyltransferases|CFR,1251,972973,974223,+
Escherichia_coli_B1109,Escherichia_coli_chromosome,989912,990673,762,MEG_3514|Multi-compound|Drug_and_biocide_resistance|Drug_and_biocide_SMR_efflux_pumps|KPNE,MEG_3514|Multi-compound|Drug_and_biocide_resistance|Drug_and_biocide_SMR_efflux_pumps|KPNE,363,974743,975105,+
Escherichia_coli_B1109,Escherichia_coli_chromosome,1001554,1002954,1401,MEG_1477|Drugs|Glycopeptides|Bleomycin_resistance_protein|BRP,MEG_1477|Drugs|Glycopeptides|Bleomycin_resistance_protein|BRP,366,985986,986351,+
Escherichia_coli_B1109,Escherichia_coli_chromosome,1003110,1004645,1536,MEG_11436|Biocides|Peroxide_resistance|Peroxide_resistance_stress_protein|KATP,MEG_11436|Biocides|Peroxide_resistance|Peroxide_resistance_stress_protein|KATP,2211,986507,988717,+
Escherichia_coli_B1109,Escherichia_coli_chromosome,1070324,1071906,1583,MEG_4055|Drugs|Cationic_antimicrobial_peptides|Defensin-resistant_mprF|MPRF,MEG_4055|Drugs|Cationic_antimicrobial_peptides|Defensin-resistant_mprF|MPRF,2598,1054396,1056993,+
Escherichia_coli_B1109,Escherichia_coli_chromosome,1114770,1115538,769,MEG_7856|Metals|Zinc_resistance|Zinc_resistance_protein|ZNUA,MEG_7856|Metals|Zinc_resistance|Zinc_resistance_protein|ZNUA,933,1099857,1100789,+
Escherichia_coli_B1109,Escherichia_coli_chromosome,1117560,1120237,2678,MEG_2665|Multi-compound|Biocide_and_metal_resistance|Biocide_and_metal_resistance_protein|DPSA,MEG_2665|Multi-compound|Biocide_and_metal_resistance|Biocide_and_metal_resistance_protein|DPSA,489,1102811,1103299,+
Escherichia_coli_B1109,Escherichia_coli_chromosome,1203233,1204021,789,MEG_10013|Multi-compound|Drug_and_biocide_and_metal_resistance|Drug_and_biocide_and_metal_RND_efflux_regulator|BAES,MEG_10013|Multi-compound|Drug_and_biocide_and_metal_resistance|Drug_and_biocide_and_metal_RND_efflux_regulator|BAES,1404,1186295,1187698,+
Escherichia_coli_B1109,Escherichia_coli_chromosome,1288994,1289407,414,MEG_1754|Drugs|Phenicol|Phenicol_resistance_MFS_efflux_pumps|CMLA,MEG_1754|Drugs|Phenicol|Phenicol_resistance_MFS_efflux_pumps|CMLA,1260,1272671,1273930,+
Escherichia_coli_B1109,Escherichia_coli_chromosome,1310067,1311167,1101,MEG_2661|Multi-compound|Biocide_and_metal_resistance|Biocide_and_metal_resistance_protein|DPR,MEG_2661|Multi-compound|Biocide_and_metal_resistance|Biocide_and_metal_resistance_protein|DPR,519,1294590,1295108,+
Escherichia_coli_B1109,Escherichia_coli_chromosome,1322847,1323125,279,MEG_4204|Biocides|Paraquat_resistance|Paraquat_resistance_protein|NMPC,MEG_4204|Biocides|Paraquat_resistance|Paraquat_resistance_protein|NMPC,849,1306788,1307636,+
Escherichia_coli_B1109,Escherichia_coli_chromosome,1347199,1348740,1542,MEG_7617|Drugs|Glycopeptides|VanA-type_accessory_protein|VANZA,MEG_7617|Drugs|Glycopeptides|VanA-type_accessory_protein|VANZA,480,1331710,1332189,+
Escherichia_coli_B1109,Escherichia_coli_chromosome,1348880,1349416,537,MEG_6085|Drugs|Rifampin|Monooxygenase|ROX,MEG_6085|Drugs|Rifampin|Monooxygenase|ROX,1422,1332329,1333750,+
Escherichia_coli_B1109,Escherichia_coli_chromosome,1365270,1365536,267,MEG_6585|Drugs|Sulfonamides|Sulfonamide-resistant_dihydropteroate_synthases|SULI,MEG_6585|Drugs|Sulfonamides|Sulfonamide-resistant_dihydropteroate_synthases|SULI,864,1349604,1350467,+
Escherichia_coli_B1109,Escherichia_coli_chromosome,1381839,1382678,840,MEG_8064|Drugs|Trimethoprim|Dihydrofolate_reductase|DFRA,MEG_8064|Drugs|Trimethoprim|Dihydrofolate_reductase|DFRA,498,1366770,1367267,+
Escherichia_coli_B1109,Escherichia_coli_chromosome,1425125,1425382,258,MEG_1215|Drugs|Bacitracin|Bacitracin_ABC_transporter|BCRC,MEG_1215|Drugs|Bacitracin|Bacitracin_ABC_transporter|BCRC,612,1409714,1410325,+
Escherichia_coli_B1109,Escherichia_coli_chromosome,1425623,1426255,633,MEG_1196|Drugs|Bacitracin|Undecaprenyl_pyrophosphate_phosphatase|BAHA,MEG_1196|Drugs|Bacitracin|Undecaprenyl_pyrophosphate_phosphatase|BAHA,2259,1410566,1412824,+
Escherichia_coli_B1109,Escherichia_coli_chromosome,1469128,1470336,1209,MEG_2039|Metals|Copper_resistance|Copper_resistance_protein|COPB,MEG_2039|Metals|Copper_resistance|Copper_resistance_protein|COPB,987,1455697,1456683,+
Escherichia_coli_B1109,Escherichia_coli_chromosome,1478965,1480191,1227,MEG_1755|Drugs|Phenicol|Phenicol_resistance_MFS_efflux_pumps|CMLA,MEG_1755|Drugs|Phenicol|Phenicol_resistance_MFS_efflux_pumps|CMLA,1260,1465312,1466571,+
Escherichia_coli_B1109,Escherichia_coli_chromosome,1543874,1544341,468,MEG_3847|Metals|Mercury_resistance|Mercury_resistance_protein|MERB,MEG_3847|Metals|Mercury_resistance|Mercury_resistance_protein|MERB,639,1530254,1530892,+
Escherichia_coli_B1109,Escherichia_coli_chromosome,1550914,1551495,582,MEG_2118|Multi-compound|Drug_and_biocide_resistance|Drug_and_biocide_RND_efflux_regulator|CPXAR,MEG_2118|Multi-compound|Drug_and_biocide_resistance|Drug_and_biocide_RND_efflux_regulator|CPXAR,699,1537465,1538163,+
Escherichia_coli_B1109,Escherichia_coli_chromosome,1661150,1662227,1078,MEG_1122|Drugs|Cationic_antimicrobial_peptides|Polymyxin_B_resistance_regulator|ARNA,MEG_1122|Drugs|Cationic_antimicrobial_peptides|Polymyxin_B_resistance_regulator|ARNA,1989,1647818,1649806,+
Escherichia_coli_B1109,Escherichia_coli_chromosome,1712870,1714618,1749,MEG_2063|Metals|Copper_resistance|Copper_resistance_protein|COPL,MEG_2063|Metals|Copper_resistance|Copper_resistance_protein|COPL,420,1700449,1700868,+
Escherichia_coli_B1109,Escherichia_coli_chromosome,1799343,1800065,723,MEG_899|Drugs|Aminoglycosides|Aminoglycoside_O-nucleotidyltransferases|ANT3-DPRIME,MEG_899|Drugs|Aminoglycosides|Aminoglycoside_O-nucleotidyltransferases|ANT3-DPRIME,789,1785593,1786381,+
Escherichia_coli_B1109,Escherichia_coli_chromosome,1806344,1807576,1233,MEG_5417|Metals|Copper_resistance|Copper_resistance_protein|PCOB,MEG_5417|Metals|Copper_resistance|Copper_resistance_protein|PCOB,1020,1792660,1793679,+
Escherichia_coli_B1109,Escherichia_coli_chromosome,1817397,1818629,1233,MEG_6551|Multi-compound|Drug_and_biocide_and_metal_resistance|Drug_and_biocide_and_metal_resistance_regulator|SOXS,MEG_6551|Multi-compound|Drug_and_biocide_and_metal_resistance|Drug_and_biocide_and_metal_resistance_regulator|SOXS,324,1803500,1803823,+
Escherichia_coli_B1109,Escherichia_coli_chromosome,1849527,1849994,468,MEG_3070|Drugs|Fusidic_acid|Ribosomal_zinc-binding_protein|FUSD,MEG_3070|Drugs|Fusidic_acid|Ribosomal_zinc-binding_protein|FUSD,642,1834721,1835362,+
Escherichia_coli_B1109,Escherichia_coli_chromosome,1905565,1906623,1059,MEG_1578|Drugs|Phenicol|Chloramphenicol_acetyltransferases|CATA,MEG_1578|Drugs|Phenicol|Chloramphenicol_acetyltransferases|CATA,660,1890933,1891592,+
Escherichia_coli_B1109,Escherichia_coli_chromosome,1906625,1908088,1464,MEG_7144|Drugs|Tetracyclines|Tetracycline_resistance_ribosomal_protection_proteins|TETM,MEG_7144|Drugs|Tetracyclines|Tetracycline_resistance_ribosomal_protection_proteins|TETM,1920,1891594,1893513,+
Escherichia_coli_B1109,Escherichia_coli_chromosome,1908533,1909321,789,MEG_5928|Drugs|Fluoroquinolones|Quinolone_resistance_protein_Qnr|QNRB,MEG_5928|Drugs|Fluoroquinolones|Quinolone_resistance_protein_Qnr|QNRB,681,1893958,1894638,+
Escherichia_coli_B1109,Escherichia_coli_chromosome,1918354,1919295,942,MEG_2614|Drugs|Phenicol|Phenicol_resistance_MFS_efflux_pumps|DHAP,MEG_2614|Drugs|Phenicol|Phenicol_resistance_MFS_efflux_pumps|DHAP,1188,1903671,1904858,+
Escherichia_coli_B1109,Escherichia_coli_chromosome,1981447,1982124,678,MEG_1715|Metals|Chromium_resistance|Chromium_resistance_regulator|CHRF,MEG_1715|Metals|Chromium_resistance|Chromium_resistance_regulator|CHRF,423,1967010,1967432,+
Escherichia_coli_B1109,Escherichia_coli_chromosome,1986316,1986459,144,MEG_3133|Multi-compound|Drug_and_biocide_and_metal_resistance|Drug_and_biocide_and_metal_RND_efflux_pumps|GESB,MEG_3133|Multi-compound|Drug_and_biocide_and_metal_resistance|Drug_and_biocide_and_metal_RND_efflux_pumps|GESB,3168,1971624,1974791,+
Escherichia_coli_B1109,Escherichia_coli_chromosome,2011449,2012271,823,MEG_3810|Drugs|MLS|MLS_resistance_MFS_efflux_pumps|MEFA,MEG_3810|Drugs|MLS|MLS_resistance_MFS_efflux_pumps|MEFA,1218,1999781,2000998,+
Escherichia_coli_B1109,Escherichia_coli_chromosome,2012296,2013834,1539,MEG_5869|Drugs|Fluoroquinolones|Quinolone_resistance_protein_Qnr|QNRA,MEG_5869|Drugs|Fluoroquinolones|Quinolone_resistance_protein_Qnr|QNRA,657,2001023,2001679,+
Escherichia_coli_B1109,Escherichia_coli_chromosome,2018585,2020195,1611,MEG_7357|Drugs|Glycopeptides|VanC-type_resistance_protein|VANC,MEG_7357|Drugs|Glycopeptides|VanC-type_resistance_protein|VANC,1053,2006430,2007482,+
Escherichia_coli_B1109,Escherichia_coli_chromosome,2033761,2035662,1902,MEG_10128|Drugs|Rifampin|Rifampin_monooyxgenase|ROX,MEG_10128|Drugs|Rifampin|Rifampin_monooyxgenase|ROX,1431,2021048,2022478,+
Escherichia_coli_B1109,Escherichia_coli_chromosome,2100121,2103264,3144,MEG_2793|Drugs|MLS|23S_rRNA_methyltransferases|ERMB,MEG_2793|Drugs|MLS|23S_rRNA_methyltransferases|ERMB,738,2086937,2087674,+
Escherichia_coli_B1109,Escherichia_coli_chromosome,2103276,2104499,1224,MEG_949|Drugs|Aminoglycosides|Aminoglycoside_O-nucleotidyltransferases|ANT3-DPRIME,MEG_949|Drugs|Aminoglycosides|Aminoglycoside_O-nucleotidyltransferases|ANT3-DPRIME,972,2087686,2088657,+
Escherichia_coli_B1109,Escherichia_coli_chromosome,2104515,2104847,333,MEG_7547|Drugs|Glycopeptides|VanA-type_resistance_protein|VANXA,MEG_7547|Drugs|Glycopeptides|VanA-type_resistance_protein|VANXA,609,2088673,2089281,+
Escherichia_coli_B1109,Escherichia_coli_chromosome,2105234,2106253,1020,MEG_2921|Drugs|Phenicol|Phenicol_resistance_MFS_efflux_pumps|FLOR,MEG_2921|Drugs|Phenicol|Phenicol_resistance_MFS_efflux_pumps|FLOR,1215,2089668,2090882,+
Escherichia_coli_B1109,Escherichia_coli_chromosome,2106410,2108525,2116,MEG_1189|Drugs|Bacitracin|Undecaprenyl_pyrophosphate_phosphatase|BACA,MEG_1189|Drugs|Bacitracin|Undecaprenyl_pyrophosphate_phosphatase|BACA,822,2091039,2091860,+
Escherichia_coli_B1109,Escherichia_coli_chromosome,2163207,2164650,1444,MEG_6513|Multi-compound|Biocide_and_metal_resistance|Biocide_and_metal_ABC_efflux_pumps|SITA,MEG_6513|Multi-compound|Biocide_and_metal_resistance|Biocide_and_metal_ABC_efflux_pumps|SITA,918,2146542,2147459,+
Escherichia_coli_B1109,Escherichia_coli_chromosome,2166169,2166576,408,MEG_1465|Biocides|Polyamine_resistance|Spermine/spermidine_acetyltransferase|BLTD,MEG_1465|Biocides|Polyamine_resistance|Spermine/spermidine_acetyltransferase|BLTD,459,2148978,2149436,+
Escherichia_coli_B1109,Escherichia_coli_chromosome,2169190,2171694,2505,MEG_2899|Multi-compound|Biocide_and_metal_resistance|Biocide_and_metal_ABC_efflux_pumps|FETB,MEG_2899|Multi-compound|Biocide_and_metal_resistance|Biocide_and_metal_ABC_efflux_pumps|FETB,807,2152050,2152856,+
Escherichia_coli_B1109,Escherichia_coli_chromosome,2194950,2196143,1194,MEG_8692|Multi-compound|Drug_and_biocide_resistance|Drug_and_biocide_MFS_efflux_pumps|SDRM,MEG_8692|Multi-compound|Drug_and_biocide_resistance|Drug_and_biocide_MFS_efflux_pumps|SDRM,1344,2176112,2177455,+
Escherichia_coli_B1109,Escherichia_coli_chromosome,2196166,2199315,3150,MEG_5404|Drugs|betalactams|Penicillin_binding_protein|PBP2,MEG_5404|Drugs|betalactams|Penicillin_binding_protein|PBP2,1998,2177478,2179475,+
Escherichia_coli_B1109,Escherichia_coli_chromosome,2208170,2209915,1746,MEG_7783|Biocides|Multi-biocide_resistance|Multi-biocide_RND_efflux_pump|VMEA,MEG_7783|Biocides|Multi-biocide_resistance|Multi-biocide_RND_efflux_pump|VMEA,1140,2188330,2189469,+
Escherichia_coli_B1109,Escherichia_coli_chromosome,2285632,2286789,1158,MEG_407|Multi-compound|Drug_and_biocide_and_metal_resistance|Drug_and_biocide_and_metal_RND_efflux_pumps|ACRD,MEG_407|Multi-compound|Drug_and_biocide_and_metal_resistance|Drug_and_biocide_and_metal_RND_efflux_pumps|ACRD,3114,2265186,2268299,+
Escherichia_coli_B1109,Escherichia_coli_chromosome,2299750,2300859,1110,MEG_1156|Metals|Arsenic_resistance|Arsenic_resistance_protein|ARSC,MEG_1156|Metals|Arsenic_resistance|Arsenic_resistance_protein|ARSC,396,2281260,2281655,+
Escherichia_coli_B1109,Escherichia_coli_chromosome,2437916,2438626,711,MEG_7281|Metals|Multi-metal_resistance|Multi-metal_ABC_efflux_pumps|TROD,MEG_7281|Metals|Multi-metal_resistance|Multi-metal_ABC_efflux_pumps|TROD,1104,2418712,2419815,+
Escherichia_coli_B1109,Escherichia_coli_chromosome,2515262,2516812,1551,MEG_2664|Multi-compound|Biocide_and_metal_resistance|Biocide_and_metal_resistance_protein|DPSA,MEG_2664|Multi-compound|Biocide_and_metal_resistance|Biocide_and_metal_resistance_protein|DPSA,489,2496451,2496939,+
Escherichia_coli_B1109,Escherichia_coli_chromosome,2568583,2569527,945,MEG_398|Metals|Arsenic_resistance|Arsenic_resistance_membrane_transporter|ACR3,MEG_398|Metals|Arsenic_resistance|Arsenic_resistance_membrane_transporter|ACR3,1044,2548710,2549753,+
Escherichia_coli_B1109,Escherichia_coli_chromosome,2596802,2599156,2355,MEG_3760|Multi-compound|Drug_and_biocide_resistance|Drug_and_biocide_MATE_efflux_pumps|MDTK,MEG_3760|Multi-compound|Drug_and_biocide_resistance|Drug_and_biocide_MATE_efflux_pumps|MDTK,1425,2577028,2578452,+
Escherichia_coli_B1109,Escherichia_coli_chromosome,2602305,2602682,378,MEG_3867|Metals|Mercury_resistance|Mercury_resistance_protein|MERE,MEG_3867|Metals|Mercury_resistance|Mercury_resistance_protein|MERE,237,2581601,2581837,+
Escherichia_coli_B1109,Escherichia_coli_chromosome,2636034,2637200,1167,MEG_2662|Multi-compound|Biocide_and_metal_resistance|Biocide_and_metal_resistance_protein|DPR,MEG_2662|Multi-compound|Biocide_and_metal_resistance|Biocide_and_metal_resistance_protein|DPR,519,2615189,2615707,+
Escherichia_coli_B1109,Escherichia_coli_chromosome,2661030,2661899,870,MEG_1703|Multi-compound|Biocide_and_metal_resistance|Biocide_and_metal_resistance_protein|CHR,MEG_1703|Multi-compound|Biocide_and_metal_resistance|Biocide_and_metal_resistance_protein|CHR,453,2639537,2639989,+
Escherichia_coli_B1109,Escherichia_coli_chromosome,2715843,2717075,1233,MEG_5786|Multi-compound|Drug_and_biocide_resistance|Drug_and_biocide_SMR_efflux_regulator|PHOR,MEG_5786|Multi-compound|Drug_and_biocide_resistance|Drug_and_biocide_SMR_efflux_regulator|PHOR,1467,2693933,2695399,+
Escherichia_coli_B1109,Escherichia_coli_chromosome,2790664,2792388,1725,MEG_2722|Multi-compound|Drug_and_biocide_resistance|Drug_and_biocide_MFS_efflux_pumps|EMRA,MEG_2722|Multi-compound|Drug_and_biocide_resistance|Drug_and_biocide_MFS_efflux_pumps|EMRA,1173,2768988,2770160,+
Escherichia_coli_B1109,Escherichia_coli_chromosome,2818761,2821457,2697,MEG_2553|Drugs|Trimethoprim|Dihydrofolate_reductase|DFRA,MEG_2553|Drugs|Trimethoprim|Dihydrofolate_reductase|DFRA,510,2796533,2797042,+
Escherichia_coli_B1109,Escherichia_coli_chromosome,2916772,2917905,1134,MEG_3843|Metals|Mercury_resistance|Mercury_resistance_protein|MERA,MEG_3843|Metals|Mercury_resistance|Mercury_resistance_protein|MERA,1707,2892357,2894063,+
Escherichia_coli_B1109,Escherichia_coli_chromosome,2918524,2918991,468,MEG_3284|Metals|Nickel_resistance|Nickel_resistance_protein|HUPE,MEG_3284|Metals|Nickel_resistance|Nickel_resistance_protein|HUPE,600,2894682,2895281,+
Escherichia_coli_B1109,Escherichia_coli_chromosome,2930360,2930698,339,MEG_1483|Metals|Multi-metal_resistance|Multi-metal_resistance_protein|CADA,MEG_1483|Metals|Multi-metal_resistance|Multi-metal_resistance_protein|CADA,2061,2906650,2908710,+
Escherichia_coli_B1109,Escherichia_coli_chromosome,2950535,2952178,1644,MEG_1169|Metals|Arsenic_resistance|Arsenic_resistance_protein|ARSM,MEG_1169|Metals|Arsenic_resistance|Arsenic_resistance_protein|ARSM,852,2928547,2929398,+
Escherichia_coli_B1109,Escherichia_coli_chromosome,2982016,2986561,4546,MEG_2546|Drugs|Trimethoprim|Dihydrofolate_reductase|DFRA,MEG_2546|Drugs|Trimethoprim|Dihydrofolate_reductase|DFRA,474,2959236,2959709,+
Escherichia_coli_B1109,Escherichia_coli_chromosome,3001112,3002761,1650,MEG_2073|Metals|Copper_resistance|Copper_resistance_regulator|COPR,MEG_2073|Metals|Copper_resistance|Copper_resistance_regulator|COPR,684,2974260,2974943,+
Escherichia_coli_B1109,Escherichia_coli_chromosome,3008080,3008544,465,MEG_2080|Metals|Copper_resistance|Copper_resistance_regulator|COPY,MEG_2080|Metals|Copper_resistance|Copper_resistance_regulator|COPY,438,2980262,2980699,+
Escherichia_coli_B1109,Escherichia_coli_chromosome,3008630,3008953,324,MEG_6597|Drugs|Sulfonamides|Sulfonamide-resistant_dihydropteroate_synthases|SULI,MEG_6597|Drugs|Sulfonamides|Sulfonamide-resistant_dihydropteroate_synthases|SULI,840,2980785,2981624,+
Escherichia_coli_B1109,Escherichia_coli_chromosome,3026010,3026525,516,MEG_4365|Multi-compound|Drug_and_biocide_resistance|Drug_and_biocide_RND_efflux_pumps|OQXB,MEG_4365|Multi-compound|Drug_and_biocide_resistance|Drug_and_biocide_RND_efflux_pumps|OQXB,3153,2998681,3001833,+
Escherichia_coli_B1109,Escherichia_coli_chromosome,3062385,3063209,825,MEG_11507|Drugs|MLS|23S_rRNA_methyltransferases|ERM,MEG_11507|Drugs|MLS|23S_rRNA_methyltransferases|ERM,738,3037693,3038430,+
Escherichia_coli_B1109,Escherichia_coli_chromosome,3072494,3072877,384,MEG_1978|Drugs|betalactams|Class_C_betalactamases|CMY,MEG_1978|Drugs|betalactams|Class_C_betalactamases|CMY,1230,3047715,3048944,+
Escherichia_coli_B1109,Escherichia_coli_chromosome,3081467,3084186,2720,MEG_7444|Drugs|Glycopeptides|VanL-type_resistance_protein|VANL,MEG_7444|Drugs|Glycopeptides|VanL-type_resistance_protein|VANL,1050,3057534,3058583,+
Escherichia_coli_B1109,Escherichia_coli_chromosome,3167935,3168780,846,MEG_4278|Drugs|MLS|Macrolide_glycosyltransferases|OLEI,MEG_4278|Drugs|MLS|Macrolide_glycosyltransferases|OLEI,1275,3142332,3143606,+
Escherichia_coli_B1109,Escherichia_coli_chromosome,3178654,3179556,903,MEG_4217|Metals|Multi-metal_resistance|Multi-metal_resistance_protein|NREB,MEG_4217|Metals|Multi-metal_resistance|Multi-metal_resistance_protein|NREB,1251,3153480,3154730,+
Escherichia_coli_B1109,Escherichia_coli_chromosome,3180355,3182423,2069,MEG_6170|Drugs|Nucleosides|Streptothricin_acetyltransferase|SAT,MEG_6170|Drugs|Nucleosides|Streptothricin_acetyltransferase|SAT,543,3155529,3156071,+
Escherichia_coli_B1109,Escherichia_coli_chromosome,3184595,3185215,621,MEG_11335|Metals|Multi-metal_resistance|Multi-metal_resistance_regulator|CADC,MEG_11335|Metals|Multi-metal_resistance|Multi-metal_resistance_regulator|CADC,360,3158243,3158602,+
Escherichia_coli_B1109,Escherichia_coli_chromosome,3241981,3242607,627,MEG_717|Metals|Arsenic_resistance|Arsenite_oxidase_regulator|AIOX,MEG_717|Metals|Arsenic_resistance|Arsenite_oxidase_regulator|AIOX,921,3215368,3216288,+
Escherichia_coli_B1109,Escherichia_coli_chromosome,3283548,3284498,951,MEG_3288|Biocides|Peroxide_resistance|Peroxide_resistance_stress_protein|IBPB,MEG_3288|Biocides|Peroxide_resistance|Peroxide_resistance_stress_protein|IBPB,429,3257229,3257657,+
Escherichia_coli_B1109,Escherichia_coli_chromosome,3374400,3375440,1041,MEG_8259|Drugs|MLS|MLS_resistance_ABC_efflux_pumps|MSRG,MEG_8259|Drugs|MLS|MLS_resistance_ABC_efflux_pumps|MSRG,1458,3347559,3349016,+
Escherichia_coli_B1109,Escherichia_coli_chromosome,3375527,3377376,1850,MEG_4123|Metals|Nickel_resistance|Nickel_MFS_efflux_regulator|NCRBN,MEG_4123|Metals|Nickel_resistance|Nickel_MFS_efflux_regulator|NCRBN,270,3349103,3349372,+
Escherichia_coli_B1109,Escherichia_coli_chromosome,3377559,3378332,774,MEG_6656|Multi-compound|Biocide_and_metal_resistance|Biocide_and_metal_resistance_protein|TEHB,MEG_6656|Multi-compound|Biocide_and_metal_resistance|Biocide_and_metal_resistance_protein|TEHB,594,3349555,3350148,+
Escherichia_coli_B1109,Escherichia_coli_chromosome,3390713,3391279,567,MEG_7785|Biocides|Multi-biocide_resistance|Multi-biocide_RND_efflux_pump|VMEB,MEG_7785|Biocides|Multi-biocide_resistance|Multi-biocide_RND_efflux_pump|VMEB,3162,3362529,3365690,+
Escherichia_coli_B1109,Escherichia_coli_chromosome,3418509,3418922,414,MEG_11353|Drugs|MLS|Macrolide_esterases|ESTX,MEG_11353|Drugs|MLS|Macrolide_esterases|ESTX,843,3392920,3393762,+
Escherichia_coli_B1109,Escherichia_coli_chromosome,3419028,3419462,435,MEG_6621|Drugs|Sulfonamides|Sulfonamide-resistant_dihydropteroate_synthases|SULII,MEG_6621|Drugs|Sulfonamides|Sulfonamide-resistant_dihydropteroate_synthases|SULII,816,3393868,3394683,+
Escherichia_coli_B1109,Escherichia_coli_chromosome,3430825,3432015,1191,MEG_7610|Drugs|Glycopeptides|VanF-type_accessory_protein|VANYF,MEG_7610|Drugs|Glycopeptides|VanF-type_accessory_protein|VANYF,969,3406046,3407014,+
Escherichia_coli_B1109,Escherichia_coli_chromosome,3677911,3679311,1401,MEG_10141|Drugs|Sulfonamides|Sulfonamide_resistant_ECF_transporter_comonent|THFT,MEG_10141|Drugs|Sulfonamides|Sulfonamide_resistant_ECF_transporter_comonent|THFT,558,3652910,3653467,+
Escherichia_coli_B1109,Escherichia_coli_chromosome,3679681,3680505,825,MEG_906|Drugs|Aminoglycosides|Aminoglycoside_O-nucleotidyltransferases|ANT3-DPRIME,MEG_906|Drugs|Aminoglycosides|Aminoglycoside_O-nucleotidyltransferases|ANT3-DPRIME,789,3653837,3654625,+
Escherichia_coli_B1109,Escherichia_coli_chromosome,3680873,3681601,729,MEG_5414|Metals|Lead_resistance|Lead_P-type_ATPase_transporter|PBRT,MEG_5414|Metals|Lead_resistance|Lead_P-type_ATPase_transporter|PBRT,1893,3654993,3656885,+
Escherichia_coli_B1109,Escherichia_coli_chromosome,3681964,3685077,3114,MEG_1137|Drugs|Rifampin|Rifampin_ADP-ribosyltransferase_Arr|ARR,MEG_1137|Drugs|Rifampin|Rifampin_ADP-ribosyltransferase_Arr|ARR,453,3657248,3657700,+
Escherichia_coli_B1109,Escherichia_coli_chromosome,3685102,3686259,1158,MEG_265|Drugs|Aminoglycosides|Aminoglycoside_N-acetyltransferases|AAC6-PRIME,MEG_265|Drugs|Aminoglycosides|Aminoglycoside_N-acetyltransferases|AAC6-PRIME,552,3657725,3658276,+
Escherichia_coli_B1109,Escherichia_coli_chromosome,3686598,3687080,483,MEG_9662|Drugs|betalactams|Class_A_betalactamases|OXY,MEG_9662|Drugs|betalactams|Class_A_betalactamases|OXY,876,3658615,3659490,+
Escherichia_coli_B1109,Escherichia_coli_chromosome,3693631,3694062,432,MEG_3666|Drugs|Lipopeptides|Colistin_phosphoethanolamine_transferase|MCR,MEG_3666|Drugs|Lipopeptides|Colistin_phosphoethanolamine_transferase|MCR,1617,3666041,3667657,+
Escherichia_coli_B1109,Escherichia_coli_chromosome,3694068,3698983,4916,MEG_7219|Drugs|Tetracyclines|Tetracycline_resistance_ribosomal_protection_proteins|TETW,MEG_7219|Drugs|Tetracyclines|Tetracycline_resistance_ribosomal_protection_proteins|TETW,1920,3667663,3669582,+
Escherichia_coli_B1109,Escherichia_coli_chromosome,3704001,3706199,2199,MEG_3270|Multi-compound|Biocide_and_metal_resistance|Biocide_and_metal_resistance_regulator|HMRR,MEG_3270|Multi-compound|Biocide_and_metal_resistance|Biocide_and_metal_resistance_regulator|HMRR,444,3674600,3675043,+
Escherichia_coli_B1109,Escherichia_coli_chromosome,3825137,3825769,633,MEG_7867|Metals|Zinc_resistance|Zinc_resistance_regulator|ZUR,MEG_7867|Metals|Zinc_resistance|Zinc_resistance_regulator|ZUR,576,3793981,3794556,+
Escherichia_coli_B1109,Escherichia_coli_chromosome,3872759,3873184,426,MEG_2512|Drugs|Trimethoprim|Dihydrofolate_reductase|DFRA,MEG_2512|Drugs|Trimethoprim|Dihydrofolate_reductase|DFRA,474,3841546,3842019,+
Escherichia_coli_B1109,Escherichia_coli_chromosome,3893753,3896857,3105,MEG_6540|Biocides|Peroxide_resistance|peroxide_resistance_protein|SODA,MEG_6540|Biocides|Peroxide_resistance|peroxide_resistance_protein|SODA,621,3862588,3863208,+
Escherichia_coli_B1109,Escherichia_coli_chromosome,3896869,3898026,1158,MEG_3633|Drugs|betalactams|Class_B_betalactamases|LRA,MEG_3633|Drugs|betalactams|Class_B_betalactamases|LRA,1161,3863220,3864380,+
Escherichia_coli_B1109,Escherichia_coli_chromosome,3898425,3899087,663,MEG_2071|Metals|Copper_resistance|Copper_resistance_regulator|COPR,MEG_2071|Metals|Copper_resistance|Copper_resistance_regulator|COPR,693,3864779,3865471,+
Escherichia_coli_B1109,Escherichia_coli_chromosome,3926089,3926403,315,MEG_7203|Drugs|Tetracyclines|Tetracycline_resistance_ribosomal_protection_proteins|TETT,MEG_7203|Drugs|Tetracyclines|Tetracycline_resistance_ribosomal_protection_proteins|TETT,1956,3892473,3894428,+
Escherichia_coli_B1109,Escherichia_coli_chromosome,4096493,4097257,765,MEG_3862|Metals|Mercury_resistance|Mercury_resistance_regulator|MERD,MEG_3862|Metals|Mercury_resistance|Mercury_resistance_regulator|MERD,366,4064518,4064883,+
Escherichia_coli_B1109,Escherichia_coli_chromosome,4108853,4109674,822,MEG_5957|Drugs|Fluoroquinolones|Quinolone_resistance_protein_Qnr|QNRB,MEG_5957|Drugs|Fluoroquinolones|Quinolone_resistance_protein_Qnr|QNRB,681,4076479,4077159,+
Escherichia_coli_B1109,Escherichia_coli_chromosome,4128325,4129122,798,MEG_6609|Drugs|Sulfonamides|Sulfonamide-resistant_dihydropteroate_synthases|SULI,MEG_6609|Drugs|Sulfonamides|Sulfonamide-resistant_dihydropteroate_synthases|SULI,840,4095810,4096649,+
Escherichia_coli_B1109,Escherichia_coli_chromosome,4132052,4133539,1488,MEG_11357|Drugs|Organoarsenicals|Arsinothricin_resistance_N-acetyltransferases|ARSN1,MEG_11357|Drugs|Organoarsenicals|Arsinothricin_resistance_N-acetyltransferases|ARSN1,561,4099579,4100139,+
Escherichia_coli_B1109,Escherichia_coli_chromosome,4141972,4142364,393,MEG_5797|Multi-compound|Drug_and_biocide_resistance|Drug_and_biocide_MFS_efflux_pumps|PMRA,MEG_5797|Multi-compound|Drug_and_biocide_resistance|Drug_and_biocide_MFS_efflux_pumps|PMRA,1200,4108572,4109771,+
Escherichia_coli_B1109,Escherichia_coli_chromosome,4175276,4176768,1493,MEG_2092|Metals|Multi-metal_resistance|Multi-metal_resistance_protein|CORD,MEG_2092|Metals|Multi-metal_resistance|Multi-metal_resistance_protein|CORD,378,4142683,4143060,+
Escherichia_coli_B1109,Escherichia_coli_chromosome,4287909,4288619,711,MEG_7778|Biocides|Multi-biocide_resistance|Multi-biocide_RND_efflux_pump|VMEA,MEG_7778|Biocides|Multi-biocide_resistance|Multi-biocide_RND_efflux_pump|VMEA,1140,4254201,4255340,+
Escherichia_coli_B1109,Escherichia_coli_chromosome,4458335,4459363,1029,MEG_2011|Metals|Multi-metal_resistance|Multi-metal_resistance_regulator|CNRH,MEG_2011|Metals|Multi-metal_resistance|Multi-metal_resistance_regulator|CNRH,576,4425056,4425631,+
Escherichia_coli_B1109,Escherichia_coli_chromosome,4572564,4573247,684,MEG_3718|Drugs|Lipopeptides|Colistin_phosphoethanolamine_transferase|MCR,MEG_3718|Drugs|Lipopeptides|Colistin_phosphoethanolamine_transferase|MCR,1623,4538832,4540454,+
Escherichia_coli_B1109,Escherichia_coli_chromosome,4710663,4711139,477,MEG_2928|Drugs|Phenicol|Phenicol_resistance_MFS_efflux_pumps|FLOR,MEG_2928|Drugs|Phenicol|Phenicol_resistance_MFS_efflux_pumps|FLOR,1215,4677870,4679084,+
Escherichia_coli_B1109,Escherichia_coli_chromosome,4731817,4734930,3114,MEG_2736|Multi-compound|Drug_and_biocide_resistance|Drug_and_biocide_MFS_efflux_pumps|EMRY,MEG_2736|Multi-compound|Drug_and_biocide_resistance|Drug_and_biocide_MFS_efflux_pumps|EMRY,1539,4699762,4701300,+
Escherichia_coli_B3008,Escherichia_coli_B3008,96874,98247,1374,MEG_6636|Drugs|Sulfonamides|Sulfonamide-resistant_dihydropteroate_synthases|SULII,MEG_6636|Drugs|Sulfonamides|Sulfonamide-resistant_dihydropteroate_synthases|SULII,819,96874,97692,+
Escherichia_coli_B3008,Escherichia_coli_B3008,105729,106310,582,MEG_11247|Drugs|Fosfomycin|Fosfomycin_thiol_transferases|FOSA,MEG_11247|Drugs|Fosfomycin|Fosfomycin_thiol_transferases|FOSA,423,105174,105596,+
Escherichia_coli_B3008,Escherichia_coli_B3008,168004,168685,682,MEG_3285|Metals|Nickel_resistance|Nickel_resistance_protein|HUPN,MEG_3285|Metals|Nickel_resistance|Nickel_resistance_protein|HUPN,327,167290,167616,+
Escherichia_coli_B3008,Escherichia_coli_B3008,169821,170156,336,MEG_7525|Drugs|Glycopeptides|VanC-type_resistance_protein|VANTC,MEG_7525|Drugs|Glycopeptides|VanC-type_resistance_protein|VANTC,2139,168752,170890,+
Escherichia_coli_B3008,Escherichia_coli_B3008,244385,244777,393,MEG_11457|Drugs|Lipopeptides|Colistin_phosphoethanolamine_transferase|MCR,MEG_11457|Drugs|Lipopeptides|Colistin_phosphoethanolamine_transferase|MCR,1623,245119,246741,+
Escherichia_coli_B3008,Escherichia_coli_B3008,248925,249314,390,MEG_8788|Drugs|Lipopeptides|Colistin_phosphoethanolamine_transferase|MCR,MEG_8788|Drugs|Lipopeptides|Colistin_phosphoethanolamine_transferase|MCR,1626,250889,252514,+
Escherichia_coli_B3008,Escherichia_coli_B3008,249328,249762,435,MEG_7296|Multi-compound|Drug_and_biocide_resistance|Drug_and_biocide_RND_efflux_regulator|TTGR,MEG_7296|Multi-compound|Drug_and_biocide_resistance|Drug_and_biocide_RND_efflux_regulator|TTGR,633,252528,253160,+
Escherichia_coli_B3008,Escherichia_coli_B3008,282393,284672,2280,MEG_4316|Drugs|Multi-drug_resistance|Multi-drug_ABC_efflux_pumps|OPTRA,MEG_4316|Drugs|Multi-drug_resistance|Multi-drug_ABC_efflux_pumps|OPTRA,1968,285791,287758,+
Escherichia_coli_B3008,Escherichia_coli_B3008,285192,285953,762,MEG_11252|Metals|Arsenic_resistance|Arsenic_resistance_regulator|ARSR,MEG_11252|Metals|Arsenic_resistance|Arsenic_resistance_regulator|ARSR,321,288278,288598,+
Escherichia_coli_B3008,Escherichia_coli_B3008,296834,298234,1401,MEG_2455|Metals|Copper_resistance|Copper_resistance_protein|CUTC,MEG_2455|Metals|Copper_resistance|Copper_resistance_protein|CUTC,747,299479,300225,+
Escherichia_coli_B3008,Escherichia_coli_B3008,298390,299925,1536,MEG_1586|Drugs|Phenicol|Chloramphenicol_acetyltransferases|CATA,MEG_1586|Drugs|Phenicol|Chloramphenicol_acetyltransferases|CATA,648,300381,301028,+
Escherichia_coli_B3008,Escherichia_coli_B3008,374200,375782,1583,MEG_964|Drugs|Aminoglycosides|Aminoglycoside_O-nucleotidyltransferases|ANT3-DPRIME,MEG_964|Drugs|Aminoglycosides|Aminoglycoside_O-nucleotidyltransferases|ANT3-DPRIME,792,375303,376094,+
Escherichia_coli_B3008,Escherichia_coli_B3008,500610,501398,789,MEG_137|Drugs|Aminoglycosides|Aminoglycoside_N-acetyltransferases|AAC6-PRIME,MEG_137|Drugs|Aminoglycosides|Aminoglycoside_N-acetyltransferases|AAC6-PRIME,564,500922,501485,+
Escherichia_coli_B3008,Escherichia_coli_B3008,557521,557934,414,MEG_7641|Multi-compound|Drug_and_biocide_resistance|Drug_and_biocide_MATE_efflux_pumps|VCMA,MEG_7641|Multi-compound|Drug_and_biocide_resistance|Drug_and_biocide_MATE_efflux_pumps|VCMA,1386,557608,558993,+
Escherichia_coli_B3008,Escherichia_coli_B3008,578774,579874,1101,MEG_4211|Drugs|Multi-drug_resistance|Multi-drug_MFS_efflux_pumps|NORBD,MEG_4211|Drugs|Multi-drug_resistance|Multi-drug_MFS_efflux_pumps|NORBD,1401,579833,581233,+
Escherichia_coli_B3008,Escherichia_coli_B3008,591553,591831,279,MEG_2835|Drugs|MLS|23S_rRNA_methyltransferases|ERMG,MEG_2835|Drugs|MLS|23S_rRNA_methyltransferases|ERMG,735,592912,593646,+
Escherichia_coli_B3008,Escherichia_coli_B3008,615905,617446,1542,MEG_10895|Drugs|betalactams|Class_A_betalactamases|LEN,MEG_10895|Drugs|betalactams|Class_A_betalactamases|LEN,861,617720,618580,+
Escherichia_coli_B3008,Escherichia_coli_B3008,617586,618122,537,MEG_7422|Drugs|Glycopeptides|VanD-type_resistance_protein|VANHD,MEG_7422|Drugs|Glycopeptides|VanD-type_resistance_protein|VANHD,699,618720,619418,+
Escherichia_coli_B3008,Escherichia_coli_B3008,634752,635018,267,MEG_2062|Metals|Copper_resistance|Copper_resistance_protein|COPL,MEG_2062|Metals|Copper_resistance|Copper_resistance_protein|COPL,420,636048,636467,+
Escherichia_coli_B3008,Escherichia_coli_B3008,665567,665824,258,MEG_396|Metals|Iron_resistance|Iron_resistance_protein|ACN,MEG_396|Metals|Iron_resistance|Iron_resistance_protein|ACN,2832,667016,669847,+
Escherichia_coli_B3008,Escherichia_coli_B3008,666065,666697,633,MEG_3674|Drugs|Lipopeptides|Colistin_phosphoethanolamine_transferase|MCR,MEG_3674|Drugs|Lipopeptides|Colistin_phosphoethanolamine_transferase|MCR,1623,670088,671710,+
Escherichia_coli_B3008,Escherichia_coli_B3008,709598,710806,1209,MEG_3744|Multi-compound|Drug_and_biocide_and_metal_resistance|Drug_and_biocide_and_metal_RND_efflux_pumps|MDTA,MEG_3744|Multi-compound|Drug_and_biocide_and_metal_resistance|Drug_and_biocide_and_metal_RND_efflux_pumps|MDTA,1242,714611,715852,+
Escherichia_coli_B3008,Escherichia_coli_B3008,719437,720663,1227,MEG_10806|Drugs|betalactams|Class_A_betalactamases|LEN,MEG_10806|Drugs|betalactams|Class_A_betalactamases|LEN,861,724483,725343,+
Escherichia_coli_B3008,Escherichia_coli_B3008,815285,816362,1078,MEG_6169|Drugs|Nucleosides|Streptothricin_acetyltransferase|SAT,MEG_6169|Drugs|Nucleosides|Streptothricin_acetyltransferase|SAT,543,819965,820507,+
Escherichia_coli_B3008,Escherichia_coli_B3008,867004,868752,1749,MEG_7464|Drugs|Glycopeptides|VanB-type_regulator|VANRB,MEG_7464|Drugs|Glycopeptides|VanB-type_regulator|VANRB,663,871149,871811,+
Escherichia_coli_B3008,Escherichia_coli_B3008,944287,945009,723,MEG_4170|Metals|Nickel_resistance|Nickel_ABC_efflux_pumps|NIKC,MEG_4170|Metals|Nickel_resistance|Nickel_ABC_efflux_pumps|NIKC,834,947346,948179,+
Escherichia_coli_B3008,Escherichia_coli_B3008,986187,987419,1233,MEG_6594|Drugs|Sulfonamides|Sulfonamide-resistant_dihydropteroate_synthases|SULI,MEG_6594|Drugs|Sulfonamides|Sulfonamide-resistant_dihydropteroate_synthases|SULI,840,989357,990196,+
Escherichia_coli_B3008,Escherichia_coli_B3008,1017765,1018232,468,MEG_2700|Drugs|Cationic_antimicrobial_peptides|Edeine_acetyltransferase|EDEQ,MEG_2700|Drugs|Cationic_antimicrobial_peptides|Edeine_acetyltransferase|EDEQ,438,1020542,1020979,+
Escherichia_coli_B3008,Escherichia_coli_B3008,1082966,1084024,1059,MEG_4164|Metals|Sodium_resistance|Sodium_resistance_protein|NHAB,MEG_4164|Metals|Sodium_resistance|Sodium_resistance_protein|NHAB,1542,1085713,1087254,+
Escherichia_coli_B3008,Escherichia_coli_B3008,1084026,1085489,1464,MEG_2127|Metals|Copper_resistance|Copper_resistance_regulator|CRDR,MEG_2127|Metals|Copper_resistance|Copper_resistance_regulator|CRDR,642,1087256,1087897,+
Escherichia_coli_B3008,Escherichia_coli_B3008,1085934,1086722,789,MEG_7262|Drugs|Nucleosides|Tunicamycin_resistance_protein|TMRB,MEG_7262|Drugs|Nucleosides|Tunicamycin_resistance_protein|TMRB,594,1088342,1088935,+
Escherichia_coli_B3008,Escherichia_coli_B3008,1095755,1096696,942,MEG_1775|Drugs|Phenicol|Phenicol_resistance_MFS_efflux_pumps|CMLB,MEG_1775|Drugs|Phenicol|Phenicol_resistance_MFS_efflux_pumps|CMLB,1266,1097968,1099233,+
Escherichia_coli_B3008,Escherichia_coli_B3008,1159583,1160260,678,MEG_7447|Drugs|Glycopeptides|VanN-type_resistance_protein|VANN,MEG_7447|Drugs|Glycopeptides|VanN-type_resistance_protein|VANN,1606,1162120,1163725,+
Escherichia_coli_B3008,Escherichia_coli_B3008,1164452,1164595,144,MEG_7271|Biocides|Phenolic_compound_resistance|Phenolic_RND_efflux_pump|TRIA,MEG_7271|Biocides|Phenolic_compound_resistance|Phenolic_RND_efflux_pump|TRIA,1152,1167917,1169068,+
Escherichia_coli_B3008,Escherichia_coli_B3008,1189654,1190476,823,MEG_6163|Drugs|Nucleosides|Streptothricin_acetyltransferase|SAT,MEG_6163|Drugs|Nucleosides|Streptothricin_acetyltransferase|SAT,525,1194127,1194651,+
Escherichia_coli_B3008,Escherichia_coli_B3008,1190501,1192033,1533,MEG_2556|Drugs|Trimethoprim|Dihydrofolate_reductase|DFRA,MEG_2556|Drugs|Trimethoprim|Dihydrofolate_reductase|DFRA,534,1194676,1195209,+
Escherichia_coli_B3008,Escherichia_coli_B3008,1198852,1200462,1611,MEG_2999|Drugs|Fosfomycin|Fosfomycin_thiol_transferases|FOSA,MEG_2999|Drugs|Fosfomycin|Fosfomycin_thiol_transferases|FOSA,426,1202028,1202453,+
Escherichia_coli_B3008,Escherichia_coli_B3008,1214029,1215930,1902,MEG_1582|Drugs|Phenicol|Chloramphenicol_acetyltransferases|CATA,MEG_1582|Drugs|Phenicol|Chloramphenicol_acetyltransferases|CATA,660,1216020,1216679,+
Escherichia_coli_B3008,Escherichia_coli_B3008,1280378,1283521,3144,MEG_1132|Drugs|Rifampin|Rifampin_ADP-ribosyltransferase_Arr|ARR,MEG_1132|Drugs|Rifampin|Rifampin_ADP-ribosyltransferase_Arr|ARR,453,1281127,1281579,+
Escherichia_coli_B3008,Escherichia_coli_B3008,1283533,1284756,1224,MEG_6086|Drugs|Rifampin|Rifampin_phosphotransferase|RPH,MEG_6086|Drugs|Rifampin|Rifampin_phosphotransferase|RPH,2607,1281591,1284197,+
Escherichia_coli_B3008,Escherichia_coli_B3008,1284772,1285104,333,MEG_1134|Drugs|Rifampin|Rifampin_ADP-ribosyltransferase_Arr|ARR,MEG_1134|Drugs|Rifampin|Rifampin_ADP-ribosyltransferase_Arr|ARR,453,1284213,1284665,+
Escherichia_coli_B3008,Escherichia_coli_B3008,1285262,1286635,1374,MEG_5971|Drugs|Fluoroquinolones|Quinolone_resistance_protein_Qnr|QNRB,MEG_5971|Drugs|Fluoroquinolones|Quinolone_resistance_protein_Qnr|QNRB,681,1284823,1285503,+
Escherichia_coli_B3008,Escherichia_coli_B3008,1286792,1288888,2097,MEG_3691|Drugs|Lipopeptides|Colistin_phosphoethanolamine_transferase|MCR,MEG_3691|Drugs|Lipopeptides|Colistin_phosphoethanolamine_transferase|MCR,1407,1285660,1287066,+
Escherichia_coli_B3008,Escherichia_coli_B3008,1348604,1350047,1444,MEG_6543|Biocides|Peroxide_resistance|peroxide_resistance_protein|SODA,MEG_6543|Biocides|Peroxide_resistance|peroxide_resistance_protein|SODA,288,1346782,1347069,+
Escherichia_coli_B3008,Escherichia_coli_B3008,1351566,1351973,408,MEG_3743|Multi-compound|Drug_and_biocide_and_metal_resistance|Drug_and_biocide_and_metal_MFS_efflux_pumps|MDRL,MEG_3743|Multi-compound|Drug_and_biocide_and_metal_resistance|Drug_and_biocide_and_metal_MFS_efflux_pumps|MDRL,1194,1348588,1349781,+
Escherichia_coli_B3008,Escherichia_coli_B3008,1354587,1354798,212,MEG_6560|Biocides|Multi-biocide_resistance|Multi-biocide_RND_efflux_pump|SRPB,MEG_6560|Biocides|Multi-biocide_resistance|Multi-biocide_RND_efflux_pump|SRPB,3150,1352395,1355544,+
Escherichia_coli_B3008,Escherichia_coli_B3008,1380953,1382146,1194,MEG_1145|Metals|Arsenic_resistance|Arsenic_resistance_protein|ARSB,MEG_1145|Metals|Arsenic_resistance|Arsenic_resistance_protein|ARSB,1290,1381699,1382988,+
Escherichia_coli_B3008,Escherichia_coli_B3008,1382169,1385318,3150,MEG_1135|Drugs|Rifampin|Rifampin_ADP-ribosyltransferase_Arr|ARR,MEG_1135|Drugs|Rifampin|Rifampin_ADP-ribosyltransferase_Arr|ARR,543,1383011,1383553,+
Escherichia_coli_B3008,Escherichia_coli_B3008,1394201,1395918,1718,MEG_4198|Metals|Nickel_resistance|Nickel_resistance_protein|NIRD,MEG_4198|Metals|Nickel_resistance|Nickel_resistance_protein|NIRD,495,1392436,1392930,+
Escherichia_coli_B3008,Escherichia_coli_B3008,1481490,1482647,1158,MEG_3873|Metals|Mercury_resistance|Mercury_resistance_protein|MERP,MEG_3873|Metals|Mercury_resistance|Mercury_resistance_protein|MERP,276,1478502,1478777,+
Escherichia_coli_B3008,Escherichia_coli_B3008,1495702,1496811,1110,MEG_4179|Drugs|Metronidazole|nim_nitroimidazole_reductase|NIMA,MEG_4179|Drugs|Metronidazole|nim_nitroimidazole_reductase|NIMA,531,1491832,1492362,+
Escherichia_coli_B3008,Escherichia_coli_B3008,1644995,1645429,435,MEG_501|Multi-compound|Biocide_and_metal_resistance|Biocide_and_metal_resistance_protein|ACTP,MEG_501|Multi-compound|Biocide_and_metal_resistance|Biocide_and_metal_resistance_protein|ACTP,2484,1640546,1643029,+
Escherichia_coli_B3008,Escherichia_coli_B3008,1645647,1647724,2078,MEG_4045|Drugs|MLS|Macrolide_phosphotransferases|MPHG,MEG_4045|Drugs|MLS|Macrolide_phosphotransferases|MPHG,885,1643247,1644131,+
Escherichia_coli_B3008,Escherichia_coli_B3008,1647779,1648708,930,MEG_2747|Drugs|MLS|Macrolide_esterases|EREA,MEG_2747|Drugs|MLS|Macrolide_esterases|EREA,1227,1644186,1645412,+
Escherichia_coli_B3008,Escherichia_coli_B3008,1648713,1649093,381,MEG_8231|Drugs|Lipopeptides|Colistin-resistant_mutant|LPSB,MEG_8231|Drugs|Lipopeptides|Colistin-resistant_mutant|LPSB,1101,1645417,1646517,+
Escherichia_coli_B3008,Escherichia_coli_B3008,1649133,1650023,891,MEG_5411|Metals|Lead_resistance|Lead_P-type_ATPase_transporter|PBRB,MEG_5411|Metals|Lead_resistance|Lead_P-type_ATPase_transporter|PBRB,1077,1646557,1647633,+
Escherichia_coli_B3008,Escherichia_coli_B3008,1650029,1651846,1818,MEG_3814|Drugs|MLS|MLS_resistance_MFS_efflux_pumps|MEFA,MEG_3814|Drugs|MLS|MLS_resistance_MFS_efflux_pumps|MEFA,1218,1647639,1648856,+
Escherichia_coli_B3008,Escherichia_coli_B3008,1653828,1656304,2477,MEG_6617|Drugs|Sulfonamides|Sulfonamide-resistant_dihydropteroate_synthases|SULII,MEG_6617|Drugs|Sulfonamides|Sulfonamide-resistant_dihydropteroate_synthases|SULII,816,1650838,1651653,+
Escherichia_coli_B3008,Escherichia_coli_B3008,1656933,1660075,3143,MEG_3615|Drugs|MLS|Lincosamide_nucleotidyltransferases|LNUF,MEG_3615|Drugs|MLS|Lincosamide_nucleotidyltransferases|LNUF,822,1652282,1653103,+
Escherichia_coli_B3008,Escherichia_coli_B3008,1660086,1661378,1293,MEG_3894|Metals|Mercury_resistance|Mercury_resistance_protein|MERT,MEG_3894|Metals|Mercury_resistance|Mercury_resistance_protein|MERT,351,1653114,1653464,+
Escherichia_coli_B3008,Escherichia_coli_B3008,1661492,1661845,354,MEG_2442|Metals|Copper_resistance|Copper_resistance_regulator|CUER,MEG_2442|Metals|Copper_resistance|Copper_resistance_regulator|CUER,432,1653578,1654009,+
Escherichia_coli_B3008,Escherichia_coli_B3008,1661874,1663259,1386,MEG_2082|Metals|Copper_resistance|Copper_resistance_regulator|COPZ,MEG_2082|Metals|Copper_resistance|Copper_resistance_regulator|COPZ,210,1654038,1654247,+
Escherichia_coli_B3008,Escherichia_coli_B3008,1663449,1665597,2149,MEG_2792|Drugs|MLS|23S_rRNA_methyltransferases|ERMB,MEG_2792|Drugs|MLS|23S_rRNA_methyltransferases|ERMB,753,1654437,1655189,+
Escherichia_coli_B3008,Escherichia_coli_B3008,1665848,1666279,432,MEG_2756|Drugs|MLS|23S_rRNA_methyltransferases|ERM,MEG_2756|Drugs|MLS|23S_rRNA_methyltransferases|ERM,801,1655440,1656240,+
Escherichia_coli_B3008,Escherichia_coli_B3008,1701952,1702662,711,MEG_5873|Drugs|Fluoroquinolones|Quinolone_resistance_protein_Qnr|QNRA,MEG_5873|Drugs|Fluoroquinolones|Quinolone_resistance_protein_Qnr|QNRA,657,1691913,1692569,+
Escherichia_coli_B3008,Escherichia_coli_B3008,1779088,1780638,1551,MEG_1741|Multi-compound|Drug_and_biocide_and_metal_resistance|Drug_and_biocide_and_metal_RND_efflux_pumps|CMEC,MEG_1741|Multi-compound|Drug_and_biocide_and_metal_resistance|Drug_and_biocide_and_metal_RND_efflux_pumps|CMEC,1479,1768995,1770473,+
Escherichia_coli_B3008,Escherichia_coli_B3008,1832407,1833351,945,MEG_2822|Drugs|MLS|23S_rRNA_methyltransferases|ERMC,MEG_2822|Drugs|MLS|23S_rRNA_methyltransferases|ERMC,735,1822242,1822976,+
Escherichia_coli_B3008,Escherichia_coli_B3008,1859219,1861573,2355,MEG_1125|Drugs|Rifampin|Rifampin_ADP-ribosyltransferase_Arr|ARR,MEG_1125|Drugs|Rifampin|Rifampin_ADP-ribosyltransferase_Arr|ARR,453,1848844,1849296,+
Escherichia_coli_B3008,Escherichia_coli_B3008,1864722,1865099,378,MEG_7178|Drugs|Tetracyclines|Tetracycline_resistance_ribosomal_protection_proteins|TETQ,MEG_7178|Drugs|Tetracyclines|Tetracycline_resistance_ribosomal_protection_proteins|TETQ,1926,1852445,1854370,+
Escherichia_coli_B3008,Escherichia_coli_B3008,1901784,1902950,1167,MEG_2494|Drugs|Trimethoprim|Dihydrofolate_reductase|DFRA,MEG_2494|Drugs|Trimethoprim|Dihydrofolate_reductase|DFRA,474,1891055,1891528,+
Escherichia_coli_B3008,Escherichia_coli_B3008,1926778,1927647,870,MEG_743|Drugs|Aminoglycosides|Aminoglycoside_O-nucleotidyltransferases|ANT2-DPRIME,MEG_743|Drugs|Aminoglycosides|Aminoglycoside_O-nucleotidyltransferases|ANT2-DPRIME,534,1915356,1915889,+
Escherichia_coli_B3008,Escherichia_coli_B3008,1996446,1997654,1209,MEG_2920|Drugs|Phenicol|Phenicol_resistance_MFS_efflux_pumps|FLOR,MEG_2920|Drugs|Phenicol|Phenicol_resistance_MFS_efflux_pumps|FLOR,1215,1984688,1985902,+
Escherichia_coli_B3008,Escherichia_coli_B3008,2039099,2041795,2697,MEG_1744|Multi-compound|Drug_and_biocide_and_metal_resistance|Drug_and_biocide_and_metal_RND_efflux_pumps|CMEE,MEG_1744|Multi-compound|Drug_and_biocide_and_metal_resistance|Drug_and_biocide_and_metal_RND_efflux_pumps|CMEE,741,2027347,2028087,+
Escherichia_coli_B3008,Escherichia_coli_B3008,2136984,2138117,1134,MEG_6962|Metals|Tellurium_resistance|Tellurium_resistance_protein|TERZ,MEG_6962|Metals|Tellurium_resistance|Tellurium_resistance_protein|TERZ,582,2123276,2123857,+
Escherichia_coli_B3008,Escherichia_coli_B3008,2138736,2139202,467,MEG_5410|Metals|Lead_resistance|Lead_P-type_ATPase_transporter|PBRA,MEG_5410|Metals|Lead_resistance|Lead_P-type_ATPase_transporter|PBRA,2400,2124476,2126875,+
Escherichia_coli_B3008,Escherichia_coli_B3008,2150570,2150908,339,MEG_7371|Drugs|Glycopeptides|VanC-type_resistance_protein|VANC,MEG_7371|Drugs|Glycopeptides|VanC-type_resistance_protein|VANC,1622,2138243,2139864,+
Escherichia_coli_B3008,Escherichia_coli_B3008,2217730,2219373,1644,MEG_8271|Drugs|Metronidazole|nim_nitroimidazole_reductase|NIMG,MEG_8271|Drugs|Metronidazole|nim_nitroimidazole_reductase|NIMG,495,2206686,2207180,+
Escherichia_coli_B3008,Escherichia_coli_B3008,2248704,2253249,4546,MEG_5801|Drugs|Cationic_antimicrobial_peptides|Lipid_A_modification|PMRF,MEG_5801|Drugs|Cationic_antimicrobial_peptides|Lipid_A_modification|PMRF,969,2236511,2237479,+
Escherichia_coli_B3008,Escherichia_coli_B3008,2267800,2269449,1650,MEG_4184|Drugs|Metronidazole|nim_nitroimidazole_reductase|NIME,MEG_4184|Drugs|Metronidazole|nim_nitroimidazole_reductase|NIME,435,2252030,2252464,+
Escherichia_coli_B3008,Escherichia_coli_B3008,2274770,2275234,465,MEG_2897|Metals|Multi-metal_resistance|Multi-metal_ABC_efflux_pumps|FECE,MEG_2897|Metals|Multi-metal_resistance|Multi-metal_ABC_efflux_pumps|FECE,768,2257785,2258552,+
Escherichia_coli_B3008,Escherichia_coli_B3008,2275320,2275643,324,MEG_2051|Metals|Copper_resistance|Copper_resistance_protein|COPD,MEG_2051|Metals|Copper_resistance|Copper_resistance_protein|COPD,930,2258638,2259567,+
Escherichia_coli_B3008,Escherichia_coli_B3008,2292758,2293273,516,MEG_4321|Drugs|Multi-drug_resistance|Multi-drug_ABC_efflux_pumps|OPTRA,MEG_4321|Drugs|Multi-drug_resistance|Multi-drug_ABC_efflux_pumps|OPTRA,1968,2276682,2278649,+
Escherichia_coli_B3008,Escherichia_coli_B3008,2329147,2329971,825,MEG_6028|Drugs|Fluoroquinolones|Quinolone_resistance_protein_Qnr|QNRS,MEG_6028|Drugs|Fluoroquinolones|Quinolone_resistance_protein_Qnr|QNRS,657,2314523,2315179,+
Escherichia_coli_B3008,Escherichia_coli_B3008,2347480,2349602,2123,MEG_11495|Drugs|Metronidazole|nim_nitroimidazole_reductase|NIMI,MEG_11495|Drugs|Metronidazole|nim_nitroimidazole_reductase|NIMI,498,2332688,2333185,+
Escherichia_coli_B3008,Escherichia_coli_B3008,2349887,2350178,292,MEG_4183|Drugs|Metronidazole|nim_nitroimidazole_reductase|NIME,MEG_4183|Drugs|Metronidazole|nim_nitroimidazole_reductase|NIME,513,2333470,2333982,+
Escherichia_coli_B3008,Escherichia_coli_B3008,2436061,2436906,846,MEG_6961|Metals|Tellurium_resistance|Tellurium_resistance_protein|TERZ,MEG_6961|Metals|Tellurium_resistance|Tellurium_resistance_protein|TERZ,585,2419865,2420449,+
Escherichia_coli_B3008,Escherichia_coli_B3008,2446780,2447682,903,MEG_7272|Biocides|Phenolic_compound_resistance|Phenolic_RND_efflux_pump|TRIAP,MEG_7272|Biocides|Phenolic_compound_resistance|Phenolic_RND_efflux_pump|TRIAP,618,2430323,2430940,+
Escherichia_coli_B3008,Escherichia_coli_B3008,2448481,2450549,2069,MEG_7682|Drugs|Multi-drug_resistance|Multi-drug_ABC_efflux_pumps|VGA,MEG_7682|Drugs|Multi-drug_resistance|Multi-drug_ABC_efflux_pumps|VGA,1569,2431739,2433307,+
Escherichia_coli_B3008,Escherichia_coli_B3008,2452721,2453341,621,MEG_2743|Drugs|MLS|Macrolide_esterases|EREA,MEG_2743|Drugs|MLS|Macrolide_esterases|EREA,1227,2435479,2436705,+
Escherichia_coli_B3008,Escherichia_coli_B3008,2506834,2507460,627,MEG_6514|Multi-compound|Biocide_and_metal_resistance|Biocide_and_metal_ABC_efflux_pumps|SITB,MEG_6514|Multi-compound|Biocide_and_metal_resistance|Biocide_and_metal_ABC_efflux_pumps|SITB,822,2490198,2491019,+
Escherichia_coli_B3008,Escherichia_coli_B3008,2548015,2548965,951,MEG_3066|Drugs|Fusidic_acid|Ribosomal_zinc-binding_protein|FUSB,MEG_3066|Drugs|Fusidic_acid|Ribosomal_zinc-binding_protein|FUSB,642,2531574,2532215,+
Escherichia_coli_B3008,Escherichia_coli_B3008,2637309,2638349,1041,MEG_2550|Drugs|Trimethoprim|Dihydrofolate_reductase|DFRA,MEG_2550|Drugs|Trimethoprim|Dihydrofolate_reductase|DFRA,474,2620559,2621032,+
Escherichia_coli_B3008,Escherichia_coli_B3008,2638435,2640284,1850,MEG_7414|Drugs|Glycopeptides|VanB-type_resistance_protein|VANHB,MEG_7414|Drugs|Glycopeptides|VanB-type_resistance_protein|VANHB,972,2621118,2622089,+
Escherichia_coli_B3008,Escherichia_coli_B3008,2640467,2641240,774,MEG_4162|Metals|Sodium_resistance|Sodium_resistance_protein|NHAA,MEG_4162|Metals|Sodium_resistance|Sodium_resistance_protein|NHAA,1167,2622272,2623438,+
Escherichia_coli_B3008,Escherichia_coli_B3008,2653622,2654188,567,MEG_3883|Metals|Mercury_resistance|Mercury_resistance_regulator|MERR,MEG_3883|Metals|Mercury_resistance|Mercury_resistance_regulator|MERR,435,2635820,2636254,+
Escherichia_coli_B3008,Escherichia_coli_B3008,2681419,2681832,414,MEG_9969|Drugs|Trimethoprim|Dihydrofolate_reductase|DFRB,MEG_9969|Drugs|Trimethoprim|Dihydrofolate_reductase|DFRB,237,2663485,2663721,+
Escherichia_coli_B3008,Escherichia_coli_B3008,2681938,2682372,435,MEG_4144|Drugs|betalactams|Class_B_betalactamases|NDM,MEG_4144|Drugs|betalactams|Class_B_betalactamases|NDM,813,2663827,2664639,+
Escherichia_coli_B3008,Escherichia_coli_B3008,2691325,2692515,1191,MEG_7341|Drugs|Glycopeptides|VanA-type_resistance_protein|VANA,MEG_7341|Drugs|Glycopeptides|VanA-type_resistance_protein|VANA,1032,2673592,2674623,+
Escherichia_coli_B3008,Escherichia_coli_B3008,2892140,2893540,1401,MEG_3768|Drugs|betalactams|Penicillin_binding_protein|MECA,MEG_3768|Drugs|betalactams|Penicillin_binding_protein|MECA,2001,2874248,2876248,+
Escherichia_coli_B3008,Escherichia_coli_B3008,2893910,2894734,825,MEG_5918|Drugs|Fluoroquinolones|Quinolone_resistance_protein_Qnr|QNRB,MEG_5918|Drugs|Fluoroquinolones|Quinolone_resistance_protein_Qnr|QNRB,648,2876618,2877265,+
Escherichia_coli_B3008,Escherichia_coli_B3008,2895102,2895830,729,MEG_6603|Drugs|Sulfonamides|Sulfonamide-resistant_dihydropteroate_synthases|SULI,MEG_6603|Drugs|Sulfonamides|Sulfonamide-resistant_dihydropteroate_synthases|SULI,840,2877633,2878472,+
Escherichia_coli_B3008,Escherichia_coli_B3008,2896193,2899306,3114,MEG_4193|Drugs|Metronidazole|nim_nitroimidazole_reductase|NIMI,MEG_4193|Drugs|Metronidazole|nim_nitroimidazole_reductase|NIMI,457,2878835,2879291,+
Escherichia_coli_B3008,Escherichia_coli_B3008,2899331,2900488,1158,MEG_1141|Metals|Arsenic_resistance|Arsenic_resistance_protein|ARRB,MEG_1141|Metals|Arsenic_resistance|Arsenic_resistance_protein|ARRB,705,2879316,2880020,+
Escherichia_coli_B3008,Escherichia_coli_B3008,2900827,2901354,528,MEG_2513|Drugs|Trimethoprim|Dihydrofolate_reductase|DFRA,MEG_2513|Drugs|Trimethoprim|Dihydrofolate_reductase|DFRA,474,2880359,2880832,+
Escherichia_coli_B3008,Escherichia_coli_B3008,2902980,2903312,333,MEG_5968|Drugs|Fluoroquinolones|Quinolone_resistance_protein_Qnr|QNRB,MEG_5968|Drugs|Fluoroquinolones|Quinolone_resistance_protein_Qnr|QNRB,680,2882458,2883137,+
Escherichia_coli_B3008,Escherichia_coli_B3008,2903416,2903754,339,MEG_7212|Drugs|Tetracyclines|Tetracycline_resistance_ribosomal_protection_proteins|TETW,MEG_7212|Drugs|Tetracyclines|Tetracycline_resistance_ribosomal_protection_proteins|TETW,1920,2883241,2885160,+
Escherichia_coli_B3008,Escherichia_coli_B3008,2907859,2908284,426,MEG_7817|Biocides|Paraquat_resistance|Paraquat_efflux_pump|YDDG,MEG_7817|Biocides|Paraquat_resistance|Paraquat_efflux_pump|YDDG,882,2889265,2890146,+
Escherichia_coli_B3008,Escherichia_coli_B3008,2908297,2909586,1290,MEG_2023|Metals|Copper_resistance|Copper_resistance_protein|COPA,MEG_2023|Metals|Copper_resistance|Copper_resistance_protein|COPA,1860,2890159,2892018,+
Escherichia_coli_B3008,Escherichia_coli_B3008,2909640,2909993,354,MEG_1133|Drugs|Rifampin|Rifampin_ADP-ribosyltransferase_Arr|ARR,MEG_1133|Drugs|Rifampin|Rifampin_ADP-ribosyltransferase_Arr|ARR,453,2892072,2892524,+
Escherichia_coli_B3008,Escherichia_coli_B3008,2919382,2920881,1500,MEG_3895|Metals|Mercury_resistance|Mercury_resistance_protein|MERT,MEG_3895|Metals|Mercury_resistance|Mercury_resistance_protein|MERT,297,2901913,2902209,+
Escherichia_coli_B3008,Escherichia_coli_B3008,2939505,2939936,432,MEG_6995|Drugs|Tetracyclines|Tetracycline_resistance_MFS_efflux_pumps|TET42,MEG_6995|Drugs|Tetracyclines|Tetracycline_resistance_MFS_efflux_pumps|TET42,1287,2920833,2922119,+
Escherichia_coli_B3008,Escherichia_coli_B3008,2939942,2944857,4916,MEG_2989|Drugs|Fosfomycin|Fosfomycin_thiol_transferases|FOSA,MEG_2989|Drugs|Fosfomycin|Fosfomycin_thiol_transferases|FOSA,408,2922125,2922532,+
Escherichia_coli_B3008,Escherichia_coli_B3008,2949875,2952073,2199,MEG_2024|Metals|Copper_resistance|Copper_resistance_protein|COPA,MEG_2024|Metals|Copper_resistance|Copper_resistance_protein|COPA,213,2927550,2927762,+
Escherichia_coli_B3008,Escherichia_coli_B3008,3073242,3073874,633,MEG_8093|Drugs|Fosfomycin|Fosfomycin_thiol_transferases|FOSM,MEG_8093|Drugs|Fosfomycin|Fosfomycin_thiol_transferases|FOSM,429,3048931,3049359,+
Escherichia_coli_B3008,Escherichia_coli_B3008,3120864,3121289,426,MEG_1139|Metals|Arsenic_resistance|Arsenic_resistance_protein|ARRA,MEG_1139|Metals|Arsenic_resistance|Arsenic_resistance_protein|ARRA,2565,3096349,3098913,+
Escherichia_coli_B3008,Escherichia_coli_B3008,3141864,3144968,3105,MEG_3289|Biocides|Peroxide_resistance|Peroxide_resistance_stress_protein|IBPB,MEG_3289|Biocides|Peroxide_resistance|Peroxide_resistance_stress_protein|IBPB,435,3119488,3119922,+
Escherichia_coli_B3008,Escherichia_coli_B3008,3144980,3146137,1158,MEG_11352|Drugs|MLS|Macrolide_esterases|ESTX,MEG_11352|Drugs|MLS|Macrolide_esterases|ESTX,843,3119934,3120776,+
Escherichia_coli_B3008,Escherichia_coli_B3008,3146536,3147198,663,MEG_2898|Multi-compound|Biocide_and_metal_resistance|Biocide_and_metal_ABC_efflux_pumps|FETA,MEG_2898|Multi-compound|Biocide_and_metal_resistance|Biocide_and_metal_ABC_efflux_pumps|FETA,678,3121175,3121852,+
Escherichia_coli_B3008,Escherichia_coli_B3008,3174955,3175269,315,MEG_1198|Drugs|Cationic_antimicrobial_peptides|Polymyxin_B_resistance_regulator|BASRS,MEG_1198|Drugs|Cationic_antimicrobial_peptides|Polymyxin_B_resistance_regulator|BASRS,1434,3149609,3151042,+
Escherichia_coli_B3008,Escherichia_coli_B3008,3344477,3345241,765,MEG_7669|Multi-compound|Drug_and_biocide_resistance|Drug_and_biocide_RND_efflux_pumps|VEXB,MEG_7669|Multi-compound|Drug_and_biocide_resistance|Drug_and_biocide_RND_efflux_pumps|VEXB,3111,3320250,3323360,+
Escherichia_coli_B3008,Escherichia_coli_B3008,3356836,3357657,822,MEG_2444|Multi-compound|Biocide_and_metal_resistance|Biocide_and_metal_resistance_protein|CUID,MEG_2444|Multi-compound|Biocide_and_metal_resistance|Biocide_and_metal_resistance_protein|CUID,1611,3334955,3336565,+
Escherichia_coli_B3008,Escherichia_coli_B3008,3376306,3377103,798,MEG_3539|Biocides|Multi-biocide_resistance|Multi-biocide_MFS_efflux_pump|LDE,MEG_3539|Biocides|Multi-biocide_resistance|Multi-biocide_MFS_efflux_pump|LDE,1209,3355214,3356422,+
Escherichia_coli_B3008,Escherichia_coli_B3008,3381379,3381520,142,MEG_11429|Metals|Tellurium_resistance|Tellurium_resistance_protein|TERA,MEG_11429|Metals|Tellurium_resistance|Tellurium_resistance_protein|TERA,1152,3360698,3361849,+
Escherichia_coli_B3008,Escherichia_coli_B3008,3389950,3390342,393,MEG_6955|Metals|Tellurium_resistance|Tellurium_resistance_protein|TERB,MEG_6955|Metals|Tellurium_resistance|Tellurium_resistance_protein|TERB,456,3370279,3370734,+
Escherichia_coli_B3008,Escherichia_coli_B3008,3423256,3424748,1493,MEG_1740|Multi-compound|Drug_and_biocide_and_metal_resistance|Drug_and_biocide_and_metal_RND_efflux_pumps|CMEB,MEG_1740|Multi-compound|Drug_and_biocide_and_metal_resistance|Drug_and_biocide_and_metal_RND_efflux_pumps|CMEB,3123,3403648,3406770,+
Escherichia_coli_B3008,Escherichia_coli_B3008,3457169,3458893,1725,MEG_3693|Drugs|Lipopeptides|Colistin_phosphoethanolamine_transferase|MCR,MEG_3693|Drugs|Lipopeptides|Colistin_phosphoethanolamine_transferase|MCR,1698,3439191,3440888,+
Escherichia_coli_B3008,Escherichia_coli_B3008,3538980,3539690,711,MEG_2993|Drugs|Fosfomycin|Fosfomycin_thiol_transferases|FOSA,MEG_2993|Drugs|Fosfomycin|Fosfomycin_thiol_transferases|FOSA,420,3520975,3521394,+
Escherichia_coli_B3008,Escherichia_coli_B3008,3720578,3721606,1029,MEG_1701|Metals|Sodium_resistance|Sodium_resistance_protein|CHAA,MEG_1701|Metals|Sodium_resistance|Sodium_resistance_protein|CHAA,1101,3702282,3703382,+
Escherichia_coli_B3008,Escherichia_coli_B3008,3774190,3775728,1539,MEG_5994|Drugs|Fluoroquinolones|Quinolone_resistance_protein_Qnr|QNRB,MEG_5994|Drugs|Fluoroquinolones|Quinolone_resistance_protein_Qnr|QNRB,645,3755966,3756610,+
Escherichia_coli_B3008,Escherichia_coli_B3008,3775745,3776917,1173,MEG_2663|Multi-compound|Biocide_and_metal_resistance|Biocide_and_metal_resistance_protein|DPSA,MEG_2663|Multi-compound|Biocide_and_metal_resistance|Biocide_and_metal_resistance_protein|DPSA,489,3756627,3757115,+
Escherichia_coli_B3008,Escherichia_coli_B3008,3777044,3777574,531,MEG_7042|Drugs|Tetracyclines|Tetracycline_resistance_MFS_efflux_pumps|TETB,MEG_7042|Drugs|Tetracyclines|Tetracycline_resistance_MFS_efflux_pumps|TETB,1206,3757242,3758447,+
Escherichia_coli_B3008,Escherichia_coli_B3008,3827235,3827918,684,MEG_4083|Multi-compound|Drug_and_biocide_resistance|Drug_and_biocide_RND_efflux_pumps|MTRD,MEG_4083|Multi-compound|Drug_and_biocide_resistance|Drug_and_biocide_RND_efflux_pumps|MTRD,3204,3808108,3811311,+
Escherichia_coli_B3008,Escherichia_coli_B3008,3965156,3965632,477,MEG_11452|Drugs|Lipopeptides|Colistin_phosphoethanolamine_transferase|MCR,MEG_11452|Drugs|Lipopeptides|Colistin_phosphoethanolamine_transferase|MCR,1698,3948549,3950246,+
Escherichia_coli_B3008,Escherichia_coli_B3008,3986310,3989423,3114,MEG_3916|Multi-compound|Drug_and_biocide_resistance|Drug_and_biocide_RND_efflux_pumps|MEXJ,MEG_3916|Multi-compound|Drug_and_biocide_resistance|Drug_and_biocide_RND_efflux_pumps|MEXJ,1104,3970924,3972027,+
Escherichia_coli_B3008,Escherichia_coli_B3008,4031212,4032516,1305,MEG_2578|Drugs|Trimethoprim|Dihydrofolate_reductase|DFRF,MEG_2578|Drugs|Trimethoprim|Dihydrofolate_reductase|DFRF,495,4013816,4014310,+
Escherichia_coli_B3008,Escherichia_coli_B3008,4062656,4063894,1239,MEG_4322|Drugs|Multi-drug_resistance|Multi-drug_ABC_efflux_pumps|OPTRA,MEG_4322|Drugs|Multi-drug_resistance|Multi-drug_ABC_efflux_pumps|OPTRA,1968,4044450,4046417,+
Escherichia_coli_B3008,Escherichia_coli_B3008,4087393,4090986,3594,MEG_5816|Metals|Arsenic_resistance|Arsenic_resistance_protein|PSTS,MEG_5816|Metals|Arsenic_resistance|Arsenic_resistance_protein|PSTS,1041,4069916,4070956,+
Escherichia_coli_B3008,Escherichia_coli_B3008,4090991,4091605,615,MEG_2919|Drugs|Phenicol|Phenicol_resistance_MFS_efflux_pumps|FLOR,MEG_2919|Drugs|Phenicol|Phenicol_resistance_MFS_efflux_pumps|FLOR,1215,4070961,4072175,+
Escherichia_coli_B3008,Escherichia_coli_B3008,4092021,4094722,2702,MEG_5861|Drugs|Fluoroquinolones|Quinolone_active_efflux|QEPA,MEG_5861|Drugs|Fluoroquinolones|Quinolone_active_efflux|QEPA,1536,4072591,4074126,+
Escherichia_coli_B3008,Escherichia_coli_B3008,4192758,4193726,969,MEG_6655|Multi-compound|Biocide_and_metal_resistance|Biocide_and_metal_resistance_protein|TEHA,MEG_6655|Multi-compound|Biocide_and_metal_resistance|Biocide_and_metal_resistance_protein|TEHA,993,4172162,4173154,+
Escherichia_coli_B3008,Escherichia_coli_B3008,4248330,4248573,244,MEG_2501|Drugs|Trimethoprim|Dihydrofolate_reductase|DFRA,MEG_2501|Drugs|Trimethoprim|Dihydrofolate_reductase|DFRA,474,4227758,4228231,+
Escherichia_coli_B3008,Escherichia_coli_B3008,4248882,4249117,236,MEG_7858|Metals|Zinc_resistance|Zinc_resistance_protein|ZNUB,MEG_7858|Metals|Zinc_resistance|Zinc_resistance_protein|ZNUB,786,4228540,4229325,+
Escherichia_coli_B3008,Escherichia_coli_B3008,4252209,4253852,1644,MEG_2744|Drugs|MLS|Macrolide_esterases|EREA,MEG_2744|Drugs|MLS|Macrolide_esterases|EREA,1221,4232417,4233637,+
Escherichia_coli_B3008,Escherichia_coli_B3008,4279690,4280880,1191,MEG_3576|Drugs|betalactams|Class_A_betalactamases|LEN,MEG_3576|Drugs|betalactams|Class_A_betalactamases|LEN,822,4259475,4260296,+
Escherichia_coli_B3008,Escherichia_coli_B3008,4371975,4372313,339,MEG_6034|Drugs|Fluoroquinolones|Quinolone_resistance_protein_Qnr|QNRVC,MEG_6034|Drugs|Fluoroquinolones|Quinolone_resistance_protein_Qnr|QNRVC,657,4351391,4352047,+
Escherichia_coli_B3008,Escherichia_coli_B3008,4372532,4373356,825,MEG_6577|Biocides|Multi-biocide_resistance|Multi-biocide_SMR_efflux_pump|SUGE,MEG_6577|Biocides|Multi-biocide_resistance|Multi-biocide_SMR_efflux_pump|SUGE,537,4352266,4352802,+
Escherichia_coli_B3008,Escherichia_coli_B3008,4373477,4373749,273,MEG_11242|Drugs|Fosfomycin|Fosfomycin_thiol_transferases|FOSA,MEG_11242|Drugs|Fosfomycin|Fosfomycin_thiol_transferases|FOSA,423,4352923,4353345,+
Escherichia_coli_B3008,Escherichia_coli_B3008,4392383,4394505,2123,MEG_3846|Metals|Mercury_resistance|Mercury_resistance_protein|MERB,MEG_3846|Metals|Mercury_resistance|Mercury_resistance_protein|MERB,639,4371979,4372617,+
Escherichia_coli_B3008,Escherichia_coli_B3008,4395918,4403365,7448,MEG_2504|Drugs|Trimethoprim|Dihydrofolate_reductase|DFRA,MEG_2504|Drugs|Trimethoprim|Dihydrofolate_reductase|DFRA,474,4374030,4374503,+
Escherichia_coli_B3008,Escherichia_coli_B3008,4415880,4417732,1853,MEG_7951|Drugs|betalactams|Class_C_betalactamases|ADC,MEG_7951|Drugs|betalactams|Class_C_betalactamases|ADC,1152,4387018,4388169,+
Escherichia_coli_B3008,Escherichia_coli_B3008,4460035,4461201,1167,MEG_1729|Drugs|Multi-drug_resistance|MDR_23S_ribosomal_RNA_methyltransferase|CLBD,MEG_1729|Drugs|Multi-drug_resistance|MDR_23S_ribosomal_RNA_methyltransferase|CLBD,1050,4430472,4431521,+
Escherichia_coli_B3008,Escherichia_coli_B3008,4512960,4514365,1406,MEG_7158|Drugs|Tetracyclines|Tetracycline_resistance_ribosomal_protection_proteins|TETO,MEG_7158|Drugs|Tetracyclines|Tetracycline_resistance_ribosomal_protection_proteins|TETO,1920,4483280,4485199,+
Escherichia_coli_B3008,Escherichia_coli_B3008,4539420,4540070,651,MEG_1165|Metals|Arsenic_resistance|Arsenic_resistance_protein|ARSD,MEG_1165|Metals|Arsenic_resistance|Arsenic_resistance_protein|ARSD,363,4510254,4510616,+
Escherichia_coli_B3008,Escherichia_coli_B3008,4546739,4546852,114,MEG_3868|Metals|Mercury_resistance|Mercury_resistance_protein|MERE,MEG_3868|Metals|Mercury_resistance|Mercury_resistance_protein|MERE,237,4517285,4517521,+
Escherichia_coli_B3008,Escherichia_coli_B3008,4556181,4556408,228,MEG_1757|Drugs|Phenicol|Phenicol_resistance_MFS_efflux_pumps|CMLA,MEG_1757|Drugs|Phenicol|Phenicol_resistance_MFS_efflux_pumps|CMLA,1260,4526850,4528109,+
Escherichia_coli_B3008,Escherichia_coli_B3008,4620924,4621670,747,MEG_893|Drugs|Aminoglycosides|Aminoglycoside_O-nucleotidyltransferases|ANT3-DPRIME,MEG_893|Drugs|Aminoglycosides|Aminoglycoside_O-nucleotidyltransferases|ANT3-DPRIME,792,4592625,4593416,+
Escherichia_coli_B3008,Escherichia_coli_B3008,4636500,4637528,1029,MEG_4056|Drugs|Cationic_antimicrobial_peptides|Defensin-resistant_mprF|MPRF,MEG_4056|Drugs|Cationic_antimicrobial_peptides|Defensin-resistant_mprF|MPRF,1710,4608246,4609955,+
Escherichia_coli_B3008,Escherichia_coli_B3008,4637607,4638539,933,MEG_2432|Drugs|betalactams|Class_A_betalactamases|CTX,MEG_2432|Drugs|betalactams|Class_A_betalactamases|CTX,950,4610034,4610983,+
Escherichia_coli_B3008,Escherichia_coli_B3008,4673934,4674500,567,MEG_972|Drugs|Aminoglycosides|Aminoglycoside_O-nucleotidyltransferases|ANT3-DPRIME,MEG_972|Drugs|Aminoglycosides|Aminoglycoside_O-nucleotidyltransferases|ANT3-DPRIME,780,4646378,4647157,+
Escherichia_coli_B766,E.coli.B766.final.genome,47522,48655,1134,MEG_4200|Metals|Nickel_resistance|Nickel_resistance_protein|NIXA,MEG_4200|Metals|Nickel_resistance|Nickel_resistance_protein|NIXA,927,47522,48448,+
Escherichia_coli_B766,E.coli.B766.final.genome,49274,49740,467,MEG_3692|Drugs|Lipopeptides|Colistin_phosphoethanolamine_transferase|MCR,MEG_3692|Drugs|Lipopeptides|Colistin_phosphoethanolamine_transferase|MCR,1644,49067,50710,+
Escherichia_coli_B766,E.coli.B766.final.genome,60952,61290,339,MEG_1592|Drugs|Phenicol|Chloramphenicol_acetyltransferases|CATA,MEG_1592|Drugs|Phenicol|Chloramphenicol_acetyltransferases|CATA,660,61922,62581,+
Escherichia_coli_B766,E.coli.B766.final.genome,90720,92363,1644,MEG_8065|Drugs|Trimethoprim|Dihydrofolate_reductase|DFRA,MEG_8065|Drugs|Trimethoprim|Dihydrofolate_reductase|DFRA,501,92011,92511,+
Escherichia_coli_B766,E.coli.B766.final.genome,115019,119564,4546,MEG_712|Metals|Arsenic_resistance|Arsenite_oxidase|AIOA,MEG_712|Metals|Arsenic_resistance|Arsenite_oxidase|AIOA,2481,115167,117647,+
Escherichia_coli_B766,E.coli.B766.final.genome,133595,135244,1650,MEG_498|Multi-compound|Biocide_and_metal_resistance|Biocide_and_metal_resistance_protein|ACTA,MEG_498|Multi-compound|Biocide_and_metal_resistance|Biocide_and_metal_resistance_protein|ACTA,1626,131678,133303,+
Escherichia_coli_B766,E.coli.B766.final.genome,140563,141027,465,MEG_6375|Drugs|betalactams|Class_A_betalactamases|SHV,MEG_6375|Drugs|betalactams|Class_A_betalactamases|SHV,861,138622,139482,+
Escherichia_coli_B766,E.coli.B766.final.genome,141113,141436,324,MEG_6651|Metals|Copper_resistance|Copper_resistance_protein|TCRA,MEG_6651|Metals|Copper_resistance|Copper_resistance_protein|TCRA,2436,139568,142003,+
Escherichia_coli_B766,E.coli.B766.final.genome,158530,159045,516,MEG_7841|Multi-compound|Biocide_and_metal_resistance|Biocide_and_metal_resistance_protein|YODB,MEG_7841|Multi-compound|Biocide_and_metal_resistance|Biocide_and_metal_resistance_protein|YODB,228,159097,159324,+
Escherichia_coli_B766,E.coli.B766.final.genome,197937,198761,825,MEG_11510|Drugs|Tetracyclines|Tetracycline_resistance_ribosomal_protection_proteins|TETO,MEG_11510|Drugs|Tetracyclines|Tetracycline_resistance_ribosomal_protection_proteins|TETO,1920,198216,200135,+
Escherichia_coli_B766,E.coli.B766.final.genome,215908,218030,2123,MEG_4172|Metals|Nickel_resistance|Nickel_ABC_efflux_pumps|NIKD,MEG_4172|Metals|Nickel_resistance|Nickel_ABC_efflux_pumps|NIKD,762,217282,218043,+
Escherichia_coli_B766,E.coli.B766.final.genome,218315,218606,292,MEG_2682|Metals|Multi-metal_resistance|Multi-metal_resistance_protein|DSBA,MEG_2682|Metals|Multi-metal_resistance|Multi-metal_resistance_protein|DSBA,627,218328,218954,+
Escherichia_coli_B766,E.coli.B766.final.genome,314203,315048,846,MEG_2880|Drugs|Elfamycins|Elfamycin_efflux_pumps|FACT,MEG_2880|Drugs|Elfamycins|Elfamycin_efflux_pumps|FACT,1680,314551,316230,+
Escherichia_coli_B766,E.coli.B766.final.genome,324923,325825,903,MEG_2884|Multi-compound|Drug_and_biocide_resistance|Drug_and_biocide_MFS_efflux_pumps|FARA,MEG_2884|Multi-compound|Drug_and_biocide_resistance|Drug_and_biocide_MFS_efflux_pumps|FARA,1155,326105,327259,+
Escherichia_coli_B766,E.coli.B766.final.genome,359306,361374,2069,MEG_5901|Drugs|Fluoroquinolones|Quinolone_resistance_protein_Qnr|QNRB,MEG_5901|Drugs|Fluoroquinolones|Quinolone_resistance_protein_Qnr|QNRB,645,360740,361384,+
Escherichia_coli_B766,E.coli.B766.final.genome,363879,364166,288,MEG_7384|Drugs|Glycopeptides|VanD-type_resistance_protein|VAND,MEG_7384|Drugs|Glycopeptides|VanD-type_resistance_protein|VAND,1032,363889,364920,+
Escherichia_coli_B766,E.coli.B766.final.genome,422259,422884,626,MEG_11313|Drugs|Fosfomycin|Fosfomycin_thiol_transferases|FOSX,MEG_11313|Drugs|Fosfomycin|Fosfomycin_thiol_transferases|FOSX,411,423013,423423,+
Escherichia_coli_B766,E.coli.B766.final.genome,463499,463635,137,MEG_1555|Drugs|Phenicol|Chloramphenicol_acetyltransferases|CAT,MEG_1555|Drugs|Phenicol|Chloramphenicol_acetyltransferases|CAT,630,464038,464667,+
Escherichia_coli_B766,E.coli.B766.final.genome,465210,466160,951,MEG_3913|Multi-compound|Drug_and_biocide_resistance|Drug_and_biocide_RND_efflux_pumps|MEXG,MEG_3913|Multi-compound|Drug_and_biocide_resistance|Drug_and_biocide_RND_efflux_pumps|MEXG,447,466242,466688,+
Escherichia_coli_B766,E.coli.B766.final.genome,556729,557769,1041,MEG_7045|Drugs|Tetracyclines|Tetracycline_resistance_MFS_efflux_pumps|TETB,MEG_7045|Drugs|Tetracyclines|Tetracycline_resistance_MFS_efflux_pumps|TETB,1206,557257,558462,+
Escherichia_coli_B766,E.coli.B766.final.genome,557856,559703,1848,MEG_3291|Biocides|Acetate_resistance|Acetate_resistance_protein|ICLR,MEG_3291|Biocides|Acetate_resistance|Acetate_resistance_protein|ICLR,864,558549,559412,+
Escherichia_coli_B766,E.coli.B766.final.genome,559796,560569,774,MEG_6166|Drugs|Nucleosides|Streptothricin_acetyltransferase|SAT,MEG_6166|Drugs|Nucleosides|Streptothricin_acetyltransferase|SAT,543,559505,560047,+
Escherichia_coli_B766,E.coli.B766.final.genome,572951,573517,567,MEG_2019|Metals|Copper_resistance|Copper_resistance_protein|COPA,MEG_2019|Metals|Copper_resistance|Copper_resistance_protein|COPA,2505,572429,574933,+
Escherichia_coli_B766,E.coli.B766.final.genome,600747,601160,414,MEG_6957|Metals|Tellurium_resistance|Tellurium_resistance_protein|TERC,MEG_6957|Metals|Tellurium_resistance|Tellurium_resistance_protein|TERC,1041,602163,603203,+
Escherichia_coli_B766,E.coli.B766.final.genome,601266,601700,435,MEG_1466|Biocides|Polyamine_resistance|Spermine/spermidine_acetyltransferase|BLTD,MEG_1466|Biocides|Polyamine_resistance|Spermine/spermidine_acetyltransferase|BLTD,459,603309,603767,+
Escherichia_coli_B766,E.coli.B766.final.genome,613066,614256,1191,MEG_2547|Drugs|Trimethoprim|Dihydrofolate_reductase|DFRA,MEG_2547|Drugs|Trimethoprim|Dihydrofolate_reductase|DFRA,474,615133,615606,+
Escherichia_coli_B766,E.coli.B766.final.genome,834145,835545,1401,MEG_11362|Metals|Arsenic_resistance|Arsenic_resistance_N-acetyltransferases|ARSN2,MEG_11362|Metals|Arsenic_resistance|Arsenic_resistance_N-acetyltransferases|ARSN2,444,835495,835938,+
Escherichia_coli_B766,E.coli.B766.final.genome,835915,836739,825,MEG_1177|Metals|Multi-metal_resistance|Multi-metal_resistance_protein|ARSRM,MEG_1177|Metals|Multi-metal_resistance|Multi-metal_resistance_protein|ARSRM,354,836308,836661,+
Escherichia_coli_B766,E.coli.B766.final.genome,837107,837835,729,MEG_7092|Drugs|Tetracyclines|Tetracycline_resistance_MFS_efflux_pumps|TETL,MEG_7092|Drugs|Tetracyclines|Tetracycline_resistance_MFS_efflux_pumps|TETL,1383,837029,838411,+
Escherichia_coli_B766,E.coli.B766.final.genome,838198,841311,3114,MEG_4059|Metals|Multi-metal_resistance|Multi-metal_resistance_protein|MREA,MEG_4059|Metals|Multi-metal_resistance|Multi-metal_resistance_protein|MREA,288,838774,839061,+
Escherichia_coli_B766,E.coli.B766.final.genome,841336,842493,1158,MEG_3914|Multi-compound|Drug_and_biocide_resistance|Drug_and_biocide_RND_efflux_pumps|MEXH,MEG_3914|Multi-compound|Drug_and_biocide_resistance|Drug_and_biocide_RND_efflux_pumps|MEXH,1113,839086,840198,+
Escherichia_coli_B766,E.coli.B766.final.genome,842832,843359,528,MEG_3140|Multi-compound|Biocide_and_metal_resistance|Biocide_and_metal_resistance_protein|GLPF,MEG_3140|Multi-compound|Biocide_and_metal_resistance|Biocide_and_metal_resistance_protein|GLPF,846,840537,841382,+
Escherichia_coli_B766,E.coli.B766.final.genome,844985,845317,333,MEG_5276|Drugs|betalactams|Class_D_betalactamases|OXA,MEG_5276|Drugs|betalactams|Class_D_betalactamases|OXA,822,843008,843829,+
Escherichia_coli_B766,E.coli.B766.final.genome,845421,845759,339,MEG_7011|Drugs|Tetracyclines|Tetracycline_resistance_MFS_efflux_pumps|TET58,MEG_7011|Drugs|Tetracyclines|Tetracycline_resistance_MFS_efflux_pumps|TET58,1032,843933,844964,+
Escherichia_coli_B766,E.coli.B766.final.genome,851367,851787,421,MEG_7855|Metals|Zinc_resistance|Zinc_resistance_protein|ZNUA,MEG_7855|Metals|Zinc_resistance|Zinc_resistance_protein|ZNUA,987,850572,851558,+
Escherichia_coli_B766,E.coli.B766.final.genome,851800,853089,1290,MEG_11363|Metals|Arsenic_resistance|Arsenic_resistance_N-acetyltransferases|ARSN2,MEG_11363|Metals|Arsenic_resistance|Arsenic_resistance_N-acetyltransferases|ARSN2,444,851571,852014,+
Escherichia_coli_B766,E.coli.B766.final.genome,853143,853496,354,MEG_3616|Drugs|MLS|Lincosamide_nucleotidyltransferases|LNUF,MEG_3616|Drugs|MLS|Lincosamide_nucleotidyltransferases|LNUF,846,852068,852913,+
Escherichia_coli_B766,E.coli.B766.final.genome,862711,864210,1500,MEG_2514|Drugs|Trimethoprim|Dihydrofolate_reductase|DFRA,MEG_2514|Drugs|Trimethoprim|Dihydrofolate_reductase|DFRA,474,862128,862601,+
Escherichia_coli_B766,E.coli.B766.final.genome,876968,877369,402,MEG_7820|Biocides|Acid_resistance|Acid_resistance_protein|YDEP,MEG_7820|Biocides|Acid_resistance|Acid_resistance_protein|YDEP,2280,875359,877638,+
Escherichia_coli_B766,E.coli.B766.final.genome,877375,882290,4916,MEG_1168|Biocides|Naphthoquinone|Naphthoquinone_resistance_protein|ARSHN,MEG_1168|Biocides|Naphthoquinone|Naphthoquinone_resistance_protein|ARSHN,621,877644,878264,+
Escherichia_coli_B766,E.coli.B766.final.genome,887308,889506,2199,MEG_4194|Drugs|Metronidazole|nim_nitroimidazole_reductase|NIMJ,MEG_4194|Drugs|Metronidazole|nim_nitroimidazole_reductase|NIMJ,498,883282,883779,+
Escherichia_coli_B766,E.coli.B766.final.genome,1012888,1013520,633,MEG_6026|Drugs|Fluoroquinolones|Quinolone_resistance_protein_Qnr|QNRS,MEG_6026|Drugs|Fluoroquinolones|Quinolone_resistance_protein_Qnr|QNRS,657,1007161,1007817,+
Escherichia_coli_B766,E.coli.B766.final.genome,1045404,1045829,426,MEG_2914|Drugs|Phenicol|Phenicol_resistance_MFS_efflux_pumps|FLOR,MEG_2914|Drugs|Phenicol|Phenicol_resistance_MFS_efflux_pumps|FLOR,1215,1039701,1040915,+
Escherichia_coli_B766,E.coli.B766.final.genome,1066401,1069505,3105,MEG_2876|Biocides|Phenolic_compound_resistance|Phenolic_resistance_protein|FABK,MEG_2876|Biocides|Phenolic_compound_resistance|Phenolic_resistance_protein|FABK,975,1061487,1062461,+
Escherichia_coli_B766,E.coli.B766.final.genome,1069517,1070674,1158,MEG_7773|Biocides|Multi-biocide_resistance|Multi-biocide_RND_efflux_pump|VMEA,MEG_7773|Biocides|Multi-biocide_resistance|Multi-biocide_RND_efflux_pump|VMEA,1140,1062473,1063612,+
Escherichia_coli_B766,E.coli.B766.final.genome,1071073,1071735,663,MEG_6605|Drugs|Sulfonamides|Sulfonamide-resistant_dihydropteroate_synthases|SULI,MEG_6605|Drugs|Sulfonamides|Sulfonamide-resistant_dihydropteroate_synthases|SULI,840,1064011,1064850,+
Escherichia_coli_B766,E.coli.B766.final.genome,1098737,1099051,315,MEG_10323|Drugs|betalactams|Class_C_betalactamases|PDC,MEG_10323|Drugs|betalactams|Class_C_betalactamases|PDC,1188,1091852,1093039,+
Escherichia_coli_B766,E.coli.B766.final.genome,1268296,1269060,765,MEG_6562|Metals|Chromium_resistance|Chromium_resistance_protein|SRPCC,MEG_6562|Metals|Chromium_resistance|Chromium_resistance_protein|SRPCC,1182,1262284,1263465,+
Escherichia_coli_B766,E.coli.B766.final.genome,1280655,1281474,820,MEG_3168|Metals|Multi-metal_resistance|Multi-metal_resistance_protein|GOLT,MEG_3168|Metals|Multi-metal_resistance|Multi-metal_resistance_protein|GOLT,2289,1275060,1277348,+
Escherichia_coli_B766,E.coli.B766.final.genome,1300107,1300904,798,MEG_6541|Biocides|Peroxide_resistance|peroxide_resistance_protein|SODA,MEG_6541|Biocides|Peroxide_resistance|peroxide_resistance_protein|SODA,612,1295981,1296592,+
Escherichia_coli_B766,E.coli.B766.final.genome,1305180,1305321,142,MEG_8806|Drugs|Lipopeptides|Colistin_phosphoethanolamine_transferase|MCR,MEG_8806|Drugs|Lipopeptides|Colistin_phosphoethanolamine_transferase|MCR,1617,1300868,1302484,+
Escherichia_coli_B766,E.coli.B766.final.genome,1313754,1314146,393,MEG_2061|Metals|Copper_resistance|Copper_resistance_protein|COPK,MEG_2061|Metals|Copper_resistance|Copper_resistance_protein|COPK,285,1310917,1311201,+
Escherichia_coli_B766,E.coli.B766.final.genome,1344830,1346322,1493,MEG_6632|Drugs|Sulfonamides|Sulfonamide-resistant_dihydropteroate_synthases|SULII,MEG_6632|Drugs|Sulfonamides|Sulfonamide-resistant_dihydropteroate_synthases|SULII,816,1341885,1342700,+
Escherichia_coli_B766,E.coli.B766.final.genome,1461811,1462521,711,MEG_11326|Metals|Arsenic_resistance|Arsenic_resistance_protein|ARSB,MEG_11326|Metals|Arsenic_resistance|Arsenic_resistance_protein|ARSB,1056,1458189,1459244,+
Escherichia_coli_B766,E.coli.B766.final.genome,1687547,1688575,1029,MEG_6673|Drugs|betalactams|Class_A_betalactamases|TEM,MEG_6673|Drugs|betalactams|Class_A_betalactamases|TEM,861,1684270,1685130,+
Escherichia_coli_B766,E.coli.B766.final.genome,1754313,1755851,1539,MEG_1127|Drugs|Rifampin|Rifampin_ADP-ribosyltransferase_Arr|ARR,MEG_1127|Drugs|Rifampin|Rifampin_ADP-ribosyltransferase_Arr|ARR,453,1750868,1751320,+
Escherichia_coli_B766,E.coli.B766.final.genome,1755868,1757040,1173,MEG_2819|Drugs|MLS|23S_rRNA_methyltransferases|ERMC,MEG_2819|Drugs|MLS|23S_rRNA_methyltransferases|ERMC,735,1751337,1752071,+
Escherichia_coli_B766,E.coli.B766.final.genome,1757167,1757697,531,MEG_1167|Metals|Arsenic_resistance|Arsenic_resistance_protein|ARSH,MEG_1167|Metals|Arsenic_resistance|Arsenic_resistance_protein|ARSH,699,1752198,1752896,+
Escherichia_coli_B766,E.coli.B766.final.genome,1801410,1802093,684,MEG_7468|Drugs|Glycopeptides|VanB-type_regulator|VANRB,MEG_7468|Drugs|Glycopeptides|VanB-type_regulator|VANRB,1344,1796609,1797952,+
Escherichia_coli_B766,E.coli.B766.final.genome,1938806,1939282,477,MEG_2988|Drugs|Fosfomycin|Fosfomycin_thiol_transferases|FOSA,MEG_2988|Drugs|Fosfomycin|Fosfomycin_thiol_transferases|FOSA,423,1934665,1935087,+
Escherichia_coli_B766,E.coli.B766.final.genome,1960739,1963852,3114,MEG_1085|Drugs|Aminoglycosides|Aminoglycoside_O-phosphotransferases|APH6,MEG_1085|Drugs|Aminoglycosides|Aminoglycoside_O-phosphotransferases|APH6,837,1956544,1957380,+
Escherichia_coli_B766,E.coli.B766.final.genome,1994970,1996274,1305,MEG_8021|Drugs|Phenicol|Phenicol_resistance_MFS_efflux_pumps|CML,MEG_8021|Drugs|Phenicol|Phenicol_resistance_MFS_efflux_pumps|CML,1203,1988498,1989700,+
Escherichia_coli_B766,E.coli.B766.final.genome,2025234,2026472,1239,MEG_3875|Metals|Mercury_resistance|Mercury_resistance_protein|MERP,MEG_3875|Metals|Mercury_resistance|Mercury_resistance_protein|MERP,276,2018660,2018935,+
Escherichia_coli_B766,E.coli.B766.final.genome,2043314,2044552,1239,MEG_4181|Drugs|Metronidazole|nim_nitroimidazole_reductase|NIMC,MEG_4181|Drugs|Metronidazole|nim_nitroimidazole_reductase|NIMC,492,2035777,2036268,+
Escherichia_coli_B766,E.coli.B766.final.genome,2068051,2071644,3594,MEG_2527|Drugs|Trimethoprim|Dihydrofolate_reductase|DFRA,MEG_2527|Drugs|Trimethoprim|Dihydrofolate_reductase|DFRA,474,2059767,2060240,+
Escherichia_coli_B766,E.coli.B766.final.genome,2071649,2072263,615,MEG_7237|Drugs|Tetracyclines|Tetracycline_resistance_ribosomal_protection_proteins|TETW,MEG_7237|Drugs|Tetracyclines|Tetracycline_resistance_ribosomal_protection_proteins|TETW,1920,2060245,2062164,+
Escherichia_coli_B766,E.coli.B766.final.genome,2072679,2075380,2702,MEG_8800|Drugs|Lipopeptides|Colistin_phosphoethanolamine_transferase|MCR,MEG_8800|Drugs|Lipopeptides|Colistin_phosphoethanolamine_transferase|MCR,1626,2062580,2064205,+
Escherichia_coli_B766,E.coli.B766.final.genome,2216368,2217336,969,MEG_3935|Biocides|Multi-biocide_resistance|Multi-biocide_RND_efflux_pump|MEXV,MEG_3935|Biocides|Multi-biocide_resistance|Multi-biocide_RND_efflux_pump|MEXV,1131,2205193,2206323,+
Escherichia_coli_B766,E.coli.B766.final.genome,2260557,2260800,244,MEG_3888|Metals|Mercury_resistance|Mercury_resistance_regulator|MERR2,MEG_3888|Metals|Mercury_resistance|Mercury_resistance_regulator|MERR2,390,2249544,2249933,+
Escherichia_coli_B766,E.coli.B766.final.genome,2261085,2261320,236,MEG_6615|Drugs|Sulfonamides|Sulfonamide-resistant_dihydropteroate_synthases|SULI,MEG_6615|Drugs|Sulfonamides|Sulfonamide-resistant_dihydropteroate_synthases|SULI,968,2250218,2251185,+
Escherichia_coli_B766,E.coli.B766.final.genome,2264412,2266055,1644,MEG_7391|Drugs|Glycopeptides|VanE-type_resistance_protein|VANE,MEG_7391|Drugs|Glycopeptides|VanE-type_resistance_protein|VANE,604,2254277,2254880,+
Escherichia_coli_B766,E.coli.B766.final.genome,2291328,2292518,1191,MEG_9994|Drugs|Fluoroquinolones|Fluoroquinolone-resistant_DNA_topoisomerases|GYRA,MEG_9994|Drugs|Fluoroquinolones|Fluoroquinolone-resistant_DNA_topoisomerases|GYRA,2508,2280153,2282660,+
Escherichia_coli_B766,E.coli.B766.final.genome,2384587,2384925,339,MEG_7001|Drugs|Tetracyclines|Tetracycline_resistance_MFS_efflux_pumps|TET48,MEG_7001|Drugs|Tetracyclines|Tetracycline_resistance_MFS_efflux_pumps|TET48,1200,2374729,2375928,+
Escherichia_coli_B766,E.coli.B766.final.genome,2385144,2385968,825,MEG_10506|Drugs|betalactams|Class_A_betalactamases|OKP,MEG_10506|Drugs|betalactams|Class_A_betalactamases|OKP,861,2376147,2377007,+
Escherichia_coli_B766,E.coli.B766.final.genome,2386089,2386361,273,MEG_6082|Multi-compound|Drug_and_biocide_and_metal_resistance|Drug_and_biocide_and_metal_RND_efflux_pumps|ROBA,MEG_6082|Multi-compound|Drug_and_biocide_and_metal_resistance|Drug_and_biocide_and_metal_RND_efflux_pumps|ROBA,870,2377128,2377997,+
Escherichia_coli_B766,E.coli.B766.final.genome,2436762,2438884,2123,MEG_7687|Drugs|Multi-drug_resistance|Multi-drug_ABC_efflux_pumps|VGA,MEG_7687|Drugs|Multi-drug_resistance|Multi-drug_ABC_efflux_pumps|VGA,1569,2428398,2429966,+
Escherichia_coli_B766,E.coli.B766.final.genome,2440297,2447744,7448,MEG_2669|Multi-compound|Biocide_and_metal_resistance|Biocide_and_metal_resistance_protein|DPSA,MEG_2669|Multi-compound|Biocide_and_metal_resistance|Biocide_and_metal_resistance_protein|DPSA,489,2431379,2431867,+
Escherichia_coli_B766,E.coli.B766.final.genome,2460412,2462265,1854,MEG_538|Drugs|betalactams|Class_C_betalactamases|ADC,MEG_538|Drugs|betalactams|Class_C_betalactamases|ADC,1152,2444535,2445686,+
Escherichia_coli_B766,E.coli.B766.final.genome,2502264,2503430,1167,MEG_3908|Multi-compound|Drug_and_biocide_resistance|Drug_and_biocide_RND_efflux_pumps|MEXE,MEG_3908|Multi-compound|Drug_and_biocide_resistance|Drug_and_biocide_RND_efflux_pumps|MEXE,1242,2485685,2486926,+
Escherichia_coli_B766,E.coli.B766.final.genome,2529405,2530810,1406,MEG_1711|Metals|Chromium_resistance|Chromium_resistance_protein|CHRB1,MEG_1711|Metals|Chromium_resistance|Chromium_resistance_protein|CHRB1,894,2512901,2513794,+
Escherichia_coli_B766,E.coli.B766.final.genome,2547042,2547692,651,MEG_2038|Metals|Copper_resistance|Copper_resistance_protein|COPB,MEG_2038|Metals|Copper_resistance|Copper_resistance_protein|COPB,981,2530026,2531006,+
Escherichia_coli_B766,E.coli.B766.final.genome,2563786,2564013,228,MEG_7838|Multi-compound|Drug_and_biocide_and_metal_resistance|Drug_and_biocide_and_metal_SMR_efflux_pump|YKKC,MEG_7838|Multi-compound|Drug_and_biocide_and_metal_resistance|Drug_and_biocide_and_metal_SMR_efflux_pump|YKKC,339,2547100,2547438,+
Escherichia_coli_B766,E.coli.B766.final.genome,2576634,2576966,333,MEG_1230|Metals|Iron_resistance|Iron_resistance_protein|BFRA,MEG_1230|Metals|Iron_resistance|Iron_resistance_protein|BFRA,480,2560059,2560538,+
Escherichia_coli_B766,E.coli.B766.final.genome,2631796,2632542,747,MEG_2701|Biocides|Acid_resistance|Acid_resistance_protein|EEFA,MEG_2701|Biocides|Acid_resistance|Acid_resistance_protein|EEFA,1125,2615368,2616492,+
Escherichia_coli_B766,E.coli.B766.final.genome,2648652,2649680,1029,MEG_3078|Biocides|Acid_resistance|Acid_resistance_protein|GADB,MEG_3078|Biocides|Acid_resistance|Acid_resistance_protein|GADB,1401,2632602,2634002,+
Escherichia_coli_B766,E.coli.B766.final.genome,2649759,2650691,933,MEG_1716|Metals|Chromium_resistance|Chromium_resistance_regulator|CHRI,MEG_1716|Metals|Chromium_resistance|Chromium_resistance_regulator|CHRI,495,2634081,2634575,+
Escherichia_coli_B766,E.coli.B766.final.genome,2686087,2686653,567,MEG_2010|Metals|Multi-metal_resistance|Multi-metal_resistance_protein|CNRC,MEG_2010|Metals|Multi-metal_resistance|Multi-metal_resistance_protein|CNRC,1257,2669971,2671227,+
Escherichia_coli_B766,E.coli.B766.final.genome,2856975,2858348,1374,MEG_2443|Metals|Copper_resistance|Copper_resistance_regulator|CUER,MEG_2443|Metals|Copper_resistance|Copper_resistance_regulator|CUER,408,2841549,2841956,+
Escherichia_coli_B766,E.coli.B766.final.genome,2865919,2866500,582,MEG_4125|Metals|Multi-metal_resistance|Multi-metal_MFS_efflux_pumps|NCRC,MEG_4125|Metals|Multi-metal_resistance|Multi-metal_MFS_efflux_pumps|NCRC,696,2849527,2850222,+
Escherichia_coli_B766,E.coli.B766.final.genome,2928384,2929065,682,MEG_1194|Multi-compound|Drug_and_biocide_and_metal_resistance|Drug_and_biocide_and_metal_RND_efflux_regulator|BAES,MEG_1194|Multi-compound|Drug_and_biocide_and_metal_resistance|Drug_and_biocide_and_metal_RND_efflux_regulator|BAES,1404,2912106,2913509,+
Escherichia_coli_B766,E.coli.B766.final.genome,2930201,2930536,336,MEG_6168|Drugs|Nucleosides|Streptothricin_acetyltransferase|SAT,MEG_6168|Drugs|Nucleosides|Streptothricin_acetyltransferase|SAT,570,2914645,2915214,+
Escherichia_coli_B766,E.coli.B766.final.genome,3004734,3005126,393,MEG_5776|Drugs|Lipopeptides|Lipid_A_phosphatase|PGBB,MEG_5776|Drugs|Lipopeptides|Lipid_A_phosphatase|PGBB,711,2989412,2990122,+
Escherichia_coli_B766,E.coli.B766.final.genome,3015522,3015911,390,MEG_5787|Metals|Multi-metal_resistance|Multi-metal_resistance_protein|PITA,MEG_5787|Metals|Multi-metal_resistance|Multi-metal_resistance_protein|PITA,1500,3000518,3002017,+
Escherichia_coli_B766,E.coli.B766.final.genome,3015925,3016359,435,MEG_5905|Drugs|Fluoroquinolones|Quinolone_resistance_protein_Qnr|QNRB,MEG_5905|Drugs|Fluoroquinolones|Quinolone_resistance_protein_Qnr|QNRB,645,3002031,3002675,+
Escherichia_coli_B766,E.coli.B766.final.genome,3052754,3055033,2280,MEG_7818|Biocides|Peroxide_resistance|peroxide_resistance_protein|YDEI,MEG_7818|Biocides|Peroxide_resistance|peroxide_resistance_protein|YDEI,393,3039070,3039462,+
Escherichia_coli_B766,E.coli.B766.final.genome,3055553,3056314,762,MEG_7811|Metals|Iron_resistance|Iron_resistance_protein|YBTP,MEG_7811|Metals|Iron_resistance|Iron_resistance_protein|YBTP,1803,3039982,3041784,+
Escherichia_coli_B766,E.coli.B766.final.genome,3067195,3068595,1401,MEG_7372|Drugs|Glycopeptides|VanC-type_resistance_protein|VANC,MEG_7372|Drugs|Glycopeptides|VanC-type_resistance_protein|VANC,1622,3052665,3054286,+
Escherichia_coli_B766,E.coli.B766.final.genome,3068751,3070286,1536,MEG_4195|Metals|Nickel_resistance|Nickel_resistance_protein|NIRA,MEG_4195|Metals|Nickel_resistance|Nickel_resistance_protein|NIRA,1071,3054442,3055512,+
Escherichia_coli_B766,E.coli.B766.final.genome,3144510,3146092,1583,MEG_1138|Drugs|Rifampin|Rifampin_ADP-ribosyltransferase_Arr|ARR,MEG_1138|Drugs|Rifampin|Rifampin_ADP-ribosyltransferase_Arr|ARR,453,3129736,3130188,+
Escherichia_coli_B766,E.coli.B766.final.genome,3313253,3314041,789,MEG_6583|Drugs|Sulfonamides|Sulfonamide-resistant_dihydropteroate_synthases|SULI,MEG_6583|Drugs|Sulfonamides|Sulfonamide-resistant_dihydropteroate_synthases|SULI,840,3297349,3298188,+
Escherichia_coli_B766,E.coli.B766.final.genome,3367135,3367548,414,MEG_4180|Drugs|Metronidazole|nim_nitroimidazole_reductase|NIMB,MEG_4180|Drugs|Metronidazole|nim_nitroimidazole_reductase|NIMB,495,3351282,3351776,+
Escherichia_coli_B766,E.coli.B766.final.genome,3387677,3388777,1101,MEG_3084|Biocides|Quaternary_Ammonium_Compounds_(QACs)_resistance|QAC-resistant_protein_UDP_glucose_4_epimerase|GALE,MEG_3084|Biocides|Quaternary_Ammonium_Compounds_(QACs)_resistance|QAC-resistant_protein_UDP_glucose_4_epimerase|GALE,990,3371905,3372894,+
Escherichia_coli_B766,E.coli.B766.final.genome,3393031,3394131,1101,MEG_3002|Drugs|Fosfomycin|Fosfomycin_thiol_transferases|FOSA,MEG_3002|Drugs|Fosfomycin|Fosfomycin_thiol_transferases|FOSA,433,3377148,3377580,+
Escherichia_coli_B766,E.coli.B766.final.genome,3405813,3406091,279,MEG_6593|Drugs|Sulfonamides|Sulfonamide-resistant_dihydropteroate_synthases|SULI,MEG_6593|Drugs|Sulfonamides|Sulfonamide-resistant_dihydropteroate_synthases|SULI,840,3389262,3390101,+
Escherichia_coli_B766,E.coli.B766.final.genome,3430255,3431796,1542,MEG_1710|Metals|Chromium_resistance|Chromium_resistance_protein|CHRB1,MEG_1710|Metals|Chromium_resistance|Chromium_resistance_protein|CHRB1,975,3414265,3415239,+
Escherichia_coli_B766,E.coli.B766.final.genome,3431936,3432472,537,MEG_310|Drugs|Aminoglycosides|Aminoglycoside_N-acetyltransferases|AAC6-PRIME,MEG_310|Drugs|Aminoglycosides|Aminoglycoside_N-acetyltransferases|AAC6-PRIME,555,3415379,3415933,+
Escherichia_coli_B766,E.coli.B766.final.genome,3448353,3448619,267,MEG_2867|Biocides|Acid_resistance|Acid_resistance_regulator|EVGA,MEG_2867|Biocides|Acid_resistance|Acid_resistance_regulator|EVGA,615,3431814,3432428,+
Escherichia_coli_B766,E.coli.B766.final.genome,3480551,3480808,258,MEG_2022|Metals|Copper_resistance|Copper_resistance_protein|COPA,MEG_2022|Metals|Copper_resistance|Copper_resistance_protein|COPA,1413,3464360,3465772,+
Escherichia_coli_B766,E.coli.B766.final.genome,3481049,3481681,633,MEG_6479|Drugs|betalactams|Class_A_betalactamases|SHV,MEG_6479|Drugs|betalactams|Class_A_betalactamases|SHV,861,3466013,3466873,+
Escherichia_coli_B766,E.coli.B766.final.genome,3524565,3525773,1209,MEG_3395|Drugs|betalactams|Class_B_betalactamases|IMP,MEG_3395|Drugs|betalactams|Class_B_betalactamases|IMP,885,3509757,3510641,+
Escherichia_coli_B766,E.coli.B766.final.genome,3534404,3535630,1227,MEG_6607|Drugs|Sulfonamides|Sulfonamide-resistant_dihydropteroate_synthases|SULI,MEG_6607|Drugs|Sulfonamides|Sulfonamide-resistant_dihydropteroate_synthases|SULI,840,3519272,3520111,+
Escherichia_coli_B766,E.coli.B766.final.genome,3629201,3630269,1069,MEG_1759|Drugs|Phenicol|Phenicol_resistance_MFS_efflux_pumps|CMLA,MEG_1759|Drugs|Phenicol|Phenicol_resistance_MFS_efflux_pumps|CMLA,1260,3613682,3614941,+
Escherichia_coli_B766,E.coli.B766.final.genome,3681087,3682835,1749,MEG_816|Drugs|Aminoglycosides|Aminoglycoside_O-nucleotidyltransferases|ANT3-DPRIME,MEG_816|Drugs|Aminoglycosides|Aminoglycoside_O-nucleotidyltransferases|ANT3-DPRIME,846,3665759,3666604,+
Escherichia_coli_B766,E.coli.B766.final.genome,3786710,3787432,723,MEG_3269|Multi-compound|Biocide_and_metal_resistance|Biocide_and_metal_resistance_regulator|HMRR,MEG_3269|Multi-compound|Biocide_and_metal_resistance|Biocide_and_metal_resistance_regulator|HMRR,390,3770479,3770868,+
Escherichia_coli_B766,E.coli.B766.final.genome,3830284,3831516,1233,MEG_1485|Metals|Multi-metal_resistance|Multi-metal_resistance_regulator|CADC,MEG_1485|Metals|Multi-metal_resistance|Multi-metal_resistance_regulator|CADC,369,3813720,3814088,+
Escherichia_coli_B766,E.coli.B766.final.genome,3868599,3869067,469,MEG_3839|Metals|Mercury_resistance|Mercury_resistance_protein|MERA,MEG_3839|Metals|Mercury_resistance|Mercury_resistance_protein|MERA,359,3851171,3851529,+
Escherichia_coli_B766,E.coli.B766.final.genome,3877111,3877578,468,MEG_11516|Drugs|Ionophores|Ionophore_ABC_efflux_pump|NARB,MEG_11516|Drugs|Ionophores|Ionophore_ABC_efflux_pump|NARB,1614,3859573,3861186,+
Escherichia_coli_B766,E.coli.B766.final.genome,3933005,3934063,1059,MEG_1159|Metals|Arsenic_resistance|Arsenic_resistance_protein|ARSC,MEG_1159|Metals|Arsenic_resistance|Arsenic_resistance_protein|ARSC,420,3916613,3917032,+
Escherichia_coli_B766,E.coli.B766.final.genome,3934065,3935528,1464,MEG_11454|Drugs|Lipopeptides|Colistin_phosphoethanolamine_transferase|MCR,MEG_11454|Drugs|Lipopeptides|Colistin_phosphoethanolamine_transferase|MCR,1626,3917034,3918659,+
Escherichia_coli_B766,E.coli.B766.final.genome,3935973,3936761,789,MEG_7804|Drugs|Mycobacterium_tuberculosis-specific_Drug|Viomycin_phosphotransferases|VPH,MEG_7804|Drugs|Mycobacterium_tuberculosis-specific_Drug|Viomycin_phosphotransferases|VPH,864,3919104,3919967,+
Escherichia_coli_B766,E.coli.B766.final.genome,3945799,3946740,942,MEG_8779|Drugs|Lipopeptides|Colistin_phosphoethanolamine_transferase|MCR,MEG_8779|Drugs|Lipopeptides|Colistin_phosphoethanolamine_transferase|MCR,1626,3929005,3930630,+
Escherichia_coli_B766,E.coli.B766.final.genome,4008985,4009657,673,MEG_2485|Drugs|Trimethoprim|Dihydrofolate_reductase|DFRA,MEG_2485|Drugs|Trimethoprim|Dihydrofolate_reductase|DFRA,498,3992875,3993372,+
Escherichia_coli_B766,E.coli.B766.final.genome,4037121,4037943,823,MEG_6601|Drugs|Sulfonamides|Sulfonamide-resistant_dihydropteroate_synthases|SULI,MEG_6601|Drugs|Sulfonamides|Sulfonamide-resistant_dihydropteroate_synthases|SULI,840,4020836,4021675,+
Escherichia_coli_B766,E.coli.B766.final.genome,4037968,4039500,1533,MEG_7543|Drugs|Glycopeptides|VanG-type_accessory_protein|VANWG,MEG_7543|Drugs|Glycopeptides|VanG-type_accessory_protein|VANWG,846,4021700,4022545,+
Escherichia_coli_B766,E.coli.B766.final.genome,4046269,4047893,1625,MEG_11500|Drugs|Metronidazole|nim_nitroimidazole_reductase|NIMH,MEG_11500|Drugs|Metronidazole|nim_nitroimidazole_reductase|NIMH,495,4029314,4029808,+
Escherichia_coli_B766,E.coli.B766.final.genome,4061444,4063345,1902,MEG_405|Multi-compound|Drug_and_biocide_and_metal_resistance|Drug_and_biocide_and_metal_RND_efflux_pumps|ACRD,MEG_405|Multi-compound|Drug_and_biocide_and_metal_resistance|Drug_and_biocide_and_metal_RND_efflux_pumps|ACRD,3117,4043359,4046475,+
Escherichia_coli_B766,E.coli.B766.final.genome,4128304,4131447,3144,MEG_7286|Multi-compound|Drug_and_biocide_resistance|Drug_and_biocide_RND_efflux_pumps|TTGA,MEG_7286|Multi-compound|Drug_and_biocide_resistance|Drug_and_biocide_RND_efflux_pumps|TTGA,1155,4111434,4112588,+
Escherichia_coli_B766,E.coli.B766.final.genome,4131459,4132682,1224,MEG_3719|Drugs|Lipopeptides|Colistin_phosphoethanolamine_transferase|MCR,MEG_3719|Drugs|Lipopeptides|Colistin_phosphoethanolamine_transferase|MCR,1626,4112600,4114225,+
Escherichia_coli_B766,E.coli.B766.final.genome,4132698,4133030,333,MEG_2879|Biocides|Phenolic_compound_resistance|Phenolic_resistance_protein|FABV,MEG_2879|Biocides|Phenolic_compound_resistance|Phenolic_resistance_protein|FABV,297,4114241,4114537,+
Escherichia_coli_B766,E.coli.B766.final.genome,4133064,4134436,1373,MEG_881|Drugs|Aminoglycosides|Aminoglycoside_O-nucleotidyltransferases|ANT3-DPRIME,MEG_881|Drugs|Aminoglycosides|Aminoglycoside_O-nucleotidyltransferases|ANT3-DPRIME,792,4114571,4115362,+
Escherichia_coli_B766,E.coli.B766.final.genome,4134593,4136689,2097,MEG_2067|Metals|Copper_resistance|Copper_resistance_protein|COPP,MEG_2067|Metals|Copper_resistance|Copper_resistance_protein|COPP,201,4115519,4115719,+
Escherichia_coli_B766,E.coli.B766.final.genome,4208906,4210347,1442,MEG_1579|Drugs|Phenicol|Chloramphenicol_acetyltransferases|CATA,MEG_1579|Drugs|Phenicol|Chloramphenicol_acetyltransferases|CATA,648,4187936,4188583,+
Escherichia_coli_B766,E.coli.B766.final.genome,4211866,4212273,408,MEG_1136|Drugs|Rifampin|Rifampin_ADP-ribosyltransferase_Arr|ARR,MEG_1136|Drugs|Rifampin|Rifampin_ADP-ribosyltransferase_Arr|ARR,453,4190102,4190554,+
Escherichia_coli_B766,E.coli.B766.final.genome,4214887,4217391,2505,MEG_294|Drugs|Aminoglycosides|Aminoglycoside_N-acetyltransferases|AAC6-PRIME,MEG_294|Drugs|Aminoglycosides|Aminoglycoside_N-acetyltransferases|AAC6-PRIME,552,4193168,4193719,+
Escherichia_coli_B766,E.coli.B766.final.genome,4240445,4241638,1194,MEG_4126|Metals|Nickel_resistance|Nickel_MFS_efflux_pumps|NCRCN,MEG_4126|Metals|Nickel_resistance|Nickel_MFS_efflux_pumps|NCRCN,1131,4216773,4217903,+
Escherichia_coli_B766,E.coli.B766.final.genome,4241661,4244828,3168,MEG_6983|Drugs|Tetracyclines|Tetracycline_resistance_MFS_efflux_pumps|TET38,MEG_6983|Drugs|Tetracyclines|Tetracycline_resistance_MFS_efflux_pumps|TET38,1353,4217926,4219278,+
Escherichia_coli_B766,E.coli.B766.final.genome,4253710,4255427,1718,MEG_6631|Drugs|Sulfonamides|Sulfonamide-resistant_dihydropteroate_synthases|SULII,MEG_6631|Drugs|Sulfonamides|Sulfonamide-resistant_dihydropteroate_synthases|SULII,816,4228160,4228975,+
Escherichia_coli_B766,E.coli.B766.final.genome,4331950,4333107,1158,MEG_1191|Multi-compound|Drug_and_biocide_and_metal_resistance|Drug_and_biocide_and_metal_RND_efflux_regulator|BAER,MEG_1191|Multi-compound|Drug_and_biocide_and_metal_resistance|Drug_and_biocide_and_metal_RND_efflux_regulator|BAER,723,4305498,4306220,+
Escherichia_coli_B766,E.coli.B766.final.genome,4346136,4347245,1110,MEG_2009|Metals|Multi-metal_resistance|Multi-metal_resistance_protein|CNRB,MEG_2009|Metals|Multi-metal_resistance|Multi-metal_resistance_protein|CNRB,1188,4319249,4320436,+
Escherichia_coli_B766,E.coli.B766.final.genome,4587816,4588526,711,MEG_3077|Biocides|Acid_resistance|Acid_resistance_protein|GADA,MEG_3077|Biocides|Acid_resistance|Acid_resistance_protein|GADA,852,4561007,4561858,+
Escherichia_coli_B766,E.coli.B766.final.genome,4664216,4665766,1551,MEG_1116|Drugs|Multi-drug_resistance|MDR_regulator|ARLR,MEG_1116|Drugs|Multi-drug_resistance|MDR_regulator|ARLR,660,4637548,4638207,+
Escherichia_coli_B766,E.coli.B766.final.genome,4717325,4718269,945,MEG_11438|Biocides|Peroxide_resistance|Peroxide_resistance_stress_protein|SODC,MEG_11438|Biocides|Peroxide_resistance|Peroxide_resistance_stress_protein|SODC,534,4689766,4690299,+
Escherichia_coli_B766,E.coli.B766.final.genome,4744009,4746363,2355,MEG_1742|Multi-compound|Drug_and_biocide_and_metal_resistance|Drug_and_biocide_and_metal_RND_efflux_pumps|CMEC,MEG_1742|Multi-compound|Drug_and_biocide_and_metal_resistance|Drug_and_biocide_and_metal_RND_efflux_pumps|CMEC,1479,4716039,4717517,+
Escherichia_coli_B766,E.coli.B766.final.genome,4749512,4749889,378,MEG_6545|Biocides|Peroxide_resistance|peroxide_resistance_protein|SODB,MEG_6545|Biocides|Peroxide_resistance|peroxide_resistance_protein|SODB,582,4720666,4721247,+
Escherichia_coli_B766,E.coli.B766.final.genome,4785728,4786894,1167,MEG_3876|Metals|Mercury_resistance|Mercury_resistance_protein|MERP,MEG_3876|Metals|Mercury_resistance|Mercury_resistance_protein|MERP,342,4757086,4757427,+
Escherichia_coli_B766,E.coli.B766.final.genome,4810652,4811521,870,MEG_6499|Metals|Multi-metal_resistance|Multi-metal_RND_efflux_pumps|SILA,MEG_6499|Metals|Multi-metal_resistance|Multi-metal_RND_efflux_pumps|SILA,3147,4781185,4784331,+
Escherichia_coli_B766,E.coli.B766.final.genome,4874318,4875550,1233,MEG_4221|Metals|Nickel_resistance|Nickel_resistance_regulator|NRSS,MEG_4221|Metals|Nickel_resistance|Nickel_resistance_regulator|NRSS,1365,4847128,4848492,+
Escherichia_coli_B766,E.coli.B766.final.genome,4976600,4979296,2697,MEG_4185|Drugs|Metronidazole|nim_nitroimidazole_reductase|NIME,MEG_4185|Drugs|Metronidazole|nim_nitroimidazole_reductase|NIME,458,4949542,4949999,+
Escherichia_coli_JM109,E.coli.JM109.final.genome,34920,35312,393,MEG_3597|Drugs|Multi-drug_resistance|Multi-drug_ABC_efflux_pumps|LMRD,MEG_3597|Drugs|Multi-drug_resistance|Multi-drug_ABC_efflux_pumps|LMRD,1995,34920,36914,+
Escherichia_coli_JM109,E.coli.JM109.final.genome,39460,39849,390,MEG_3079|Biocides|Acid_resistance|Acid_resistance_protein|GADC,MEG_3079|Biocides|Acid_resistance|Acid_resistance_protein|GADC,1536,41062,42597,+
Escherichia_coli_JM109,E.coli.JM109.final.genome,39863,40297,435,MEG_6608|Drugs|Sulfonamides|Sulfonamide-resistant_dihydropteroate_synthases|SULI,MEG_6608|Drugs|Sulfonamides|Sulfonamide-resistant_dihydropteroate_synthases|SULI,831,42611,43441,+
Escherichia_coli_JM109,E.coli.JM109.final.genome,72931,75210,2280,MEG_11312|Drugs|Fosfomycin|Fosfomycin_thiol_transferases|FOSA,MEG_11312|Drugs|Fosfomycin|Fosfomycin_thiol_transferases|FOSA,408,76075,76482,+
Escherichia_coli_JM109,E.coli.JM109.final.genome,75730,76491,762,MEG_2805|Drugs|MLS|23S_rRNA_methyltransferases|ERMB,MEG_2805|Drugs|MLS|23S_rRNA_methyltransferases|ERMB,738,77002,77739,+
Escherichia_coli_JM109,E.coli.JM109.final.genome,87372,88772,1401,MEG_9968|Drugs|Trimethoprim|Dihydrofolate_reductase|DFRB,MEG_9968|Drugs|Trimethoprim|Dihydrofolate_reductase|DFRB,237,88620,88856,+
Escherichia_coli_JM109,E.coli.JM109.final.genome,88928,90463,1536,MEG_5422|Metals|Copper_resistance|Copper_resistance_protein|PCOD,MEG_5422|Metals|Copper_resistance|Copper_resistance_protein|PCOD,930,89012,89941,+
Escherichia_coli_JM109,E.coli.JM109.final.genome,157261,158843,1583,MEG_4299|Biocides|Multi-biocide_resistance|Multi-biocide_RND_efflux_pump|OPRM,MEG_4299|Biocides|Multi-biocide_resistance|Multi-biocide_RND_efflux_pump|OPRM,889,156739,157627,+
Escherichia_coli_JM109,E.coli.JM109.final.genome,309397,310185,789,MEG_3608|Drugs|MLS|Lincosamide_nucleotidyltransferases|LNUA,MEG_3608|Drugs|MLS|Lincosamide_nucleotidyltransferases|LNUA,486,308181,308666,+
Escherichia_coli_JM109,E.coli.JM109.final.genome,366314,366727,414,MEG_2739|Drugs|Cationic_antimicrobial_peptides|Lipid_A_modification|EPTA,MEG_2739|Drugs|Cationic_antimicrobial_peptides|Lipid_A_modification|EPTA,1644,364795,366438,+
Escherichia_coli_JM109,E.coli.JM109.final.genome,387387,388487,1101,MEG_1593|Drugs|Phenicol|Chloramphenicol_acetyltransferases|CATA,MEG_1593|Drugs|Phenicol|Chloramphenicol_acetyltransferases|CATA,671,387098,387768,+
Escherichia_coli_JM109,E.coli.JM109.final.genome,400167,400445,279,MEG_3819|Drugs|MLS|MLS_resistance_MFS_efflux_pumps|MEFA,MEG_3819|Drugs|MLS|MLS_resistance_MFS_efflux_pumps|MEFA,1227,399448,400674,+
Escherichia_coli_JM109,E.coli.JM109.final.genome,424519,426060,1542,MEG_3863|Metals|Mercury_resistance|Mercury_resistance_regulator|MERD,MEG_3863|Metals|Mercury_resistance|Mercury_resistance_regulator|MERD,366,424748,425113,+
Escherichia_coli_JM109,E.coli.JM109.final.genome,426200,426736,537,MEG_3887|Metals|Mercury_resistance|Mercury_resistance_regulator|MERR2,MEG_3887|Metals|Mercury_resistance|Mercury_resistance_regulator|MERR2,435,425253,425687,+
Escherichia_coli_JM109,E.coli.JM109.final.genome,442601,442867,267,MEG_1709|Multi-compound|Biocide_and_metal_resistance|Biocide_and_metal_resistance_regulator|CHRB,MEG_1709|Multi-compound|Biocide_and_metal_resistance|Biocide_and_metal_resistance_regulator|CHRB,939,441552,442490,+
Escherichia_coli_JM109,E.coli.JM109.final.genome,474702,474959,258,MEG_3849|Metals|Mercury_resistance|Mercury_resistance_protein|MERB,MEG_3849|Metals|Mercury_resistance|Mercury_resistance_protein|MERB,660,474325,474984,+
Escherichia_coli_JM109,E.coli.JM109.final.genome,475200,475832,633,MEG_6047|Drugs|Rifampin|RNA-polymerase_binding_protein|RBPA,MEG_6047|Drugs|Rifampin|RNA-polymerase_binding_protein|RBPA,345,475225,475569,+
Escherichia_coli_JM109,E.coli.JM109.final.genome,518706,519914,1209,MEG_7441|Drugs|Glycopeptides|VanI-type_resistance_protein|VANI,MEG_7441|Drugs|Glycopeptides|VanI-type_resistance_protein|VANI,1026,518443,519468,+
Escherichia_coli_JM109,E.coli.JM109.final.genome,528542,529768,1227,MEG_3670|Drugs|Lipopeptides|Colistin_phosphoethanolamine_transferase|MCR,MEG_3670|Drugs|Lipopeptides|Colistin_phosphoethanolamine_transferase|MCR,1626,528096,529721,+
Escherichia_coli_JM109,E.coli.JM109.final.genome,624116,625193,1078,MEG_1170|Metals|Arsenic_resistance|Arsenic_resistance_protein|ARSP,MEG_1170|Metals|Arsenic_resistance|Arsenic_resistance_protein|ARSP,948,624069,625016,+
Escherichia_coli_JM109,E.coli.JM109.final.genome,675837,677585,1749,MEG_7854|Metals|Zinc_resistance|Zinc_resistance_regulator|ZNTR,MEG_7854|Metals|Zinc_resistance|Zinc_resistance_regulator|ZNTR,426,675660,676085,+
Escherichia_coli_JM109,E.coli.JM109.final.genome,752300,753022,723,MEG_7834|Multi-compound|Biocide_and_metal_resistance|Biocide_and_metal_resistance_protein|YHCN,MEG_7834|Multi-compound|Biocide_and_metal_resistance|Biocide_and_metal_resistance_protein|YHCN,264,750800,751063,+
Escherichia_coli_JM109,E.coli.JM109.final.genome,759301,760533,1233,MEG_11243|Drugs|Fosfomycin|Fosfomycin_thiol_transferases|FOSA,MEG_11243|Drugs|Fosfomycin|Fosfomycin_thiol_transferases|FOSA,423,757342,757764,+
Escherichia_coli_JM109,E.coli.JM109.final.genome,790556,791023,468,MEG_1714|Metals|Chromium_resistance|Chromium_resistance_protein|CHRE,MEG_1714|Metals|Chromium_resistance|Chromium_resistance_protein|CHRE,342,787787,788128,+
Escherichia_coli_JM109,E.coli.JM109.final.genome,846594,847652,1059,MEG_11332|Metals|Arsenic_resistance|Arsenic_resistance_regulator|ARSR,MEG_11332|Metals|Arsenic_resistance|Arsenic_resistance_regulator|ARSR,351,843699,844049,+
Escherichia_coli_JM109,E.coli.JM109.final.genome,847654,849117,1464,MEG_4178|Drugs|Metronidazole|nim_nitroimidazole_reductase|NIMA,MEG_4178|Drugs|Metronidazole|nim_nitroimidazole_reductase|NIMA,457,844051,844507,+
Escherichia_coli_JM109,E.coli.JM109.final.genome,849562,850350,789,MEG_10048|Drugs|Lipopeptides|Polymyxin_resistant_aminoacyl_carrier_protein|ALMF,MEG_10048|Drugs|Lipopeptides|Polymyxin_resistant_aminoacyl_carrier_protein|ALMF,237,844952,845188,+
Escherichia_coli_JM109,E.coli.JM109.final.genome,859383,860324,942,MEG_6977|Drugs|Tetracyclines|Tetracycline_resistance_MFS_efflux_pumps|TET35,MEG_6977|Drugs|Tetracyclines|Tetracycline_resistance_MFS_efflux_pumps|TET35,1602,854221,855822,+
Escherichia_coli_JM109,E.coli.JM109.final.genome,922474,923151,678,MEG_2113|Drugs|Phenicol|Chloramphenicol_phosphotransferase|CPT,MEG_2113|Drugs|Phenicol|Chloramphenicol_phosphotransferase|CPT,531,917972,918502,+
Escherichia_coli_JM109,E.coli.JM109.final.genome,927343,927486,144,MEG_7140|Drugs|Tetracyclines|Tetracycline_resistance_ribosomal_protection_proteins|TETM,MEG_7140|Drugs|Tetracyclines|Tetracycline_resistance_ribosomal_protection_proteins|TETM,1920,922694,924613,+
Escherichia_coli_JM109,E.coli.JM109.final.genome,952479,953301,823,MEG_7028|Drugs|Tetracyclines|Tetracycline_resistance_MFS_efflux_pumps|TETA,MEG_7028|Drugs|Tetracyclines|Tetracycline_resistance_MFS_efflux_pumps|TETA,1200,949606,950805,+
Escherichia_coli_JM109,E.coli.JM109.final.genome,953326,954864,1539,MEG_2672|Metals|Multi-metal_resistance|Multi-metal_resistance_protein|DSBA,MEG_2672|Metals|Multi-metal_resistance|Multi-metal_resistance_protein|DSBA,627,950830,951456,+
Escherichia_coli_JM109,E.coli.JM109.final.genome,960813,962423,1611,MEG_4167|Metals|Nickel_resistance|Nickel_ABC_efflux_pumps|NIKA,MEG_4167|Metals|Nickel_resistance|Nickel_ABC_efflux_pumps|NIKA,1575,957405,958979,+
Escherichia_coli_JM109,E.coli.JM109.final.genome,975989,977890,1902,MEG_2715|Biocides|Multi-biocide_resistance|Multi-biocide_RND_efflux_pump|EMHA,MEG_2715|Biocides|Multi-biocide_resistance|Multi-biocide_RND_efflux_pump|EMHA,1158,972545,973702,+
Escherichia_coli_JM109,E.coli.JM109.final.genome,1042343,1045486,3144,MEG_371|Drugs|Multi-drug_resistance|Multi-drug_ABC_efflux_pumps|ABCA,MEG_371|Drugs|Multi-drug_resistance|Multi-drug_ABC_efflux_pumps|ABCA,4359,1038155,1042513,+
Escherichia_coli_JM109,E.coli.JM109.final.genome,1045498,1046721,1224,MEG_1739|Multi-compound|Drug_and_biocide_and_metal_resistance|Drug_and_biocide_and_metal_RND_efflux_pumps|CMEB,MEG_1739|Multi-compound|Drug_and_biocide_and_metal_resistance|Drug_and_biocide_and_metal_RND_efflux_pumps|CMEB,3123,1042525,1045647,+
Escherichia_coli_JM109,E.coli.JM109.final.genome,1046737,1047069,333,MEG_8061|Drugs|Trimethoprim|Dihydrofolate_reductase|DFRA,MEG_8061|Drugs|Trimethoprim|Dihydrofolate_reductase|DFRA,534,1045663,1046196,+
Escherichia_coli_JM109,E.coli.JM109.final.genome,1047227,1048600,1374,MEG_2500|Drugs|Trimethoprim|Dihydrofolate_reductase|DFRA,MEG_2500|Drugs|Trimethoprim|Dihydrofolate_reductase|DFRA,474,1046354,1046827,+
Escherichia_coli_JM109,E.coli.JM109.final.genome,1048757,1050872,2116,MEG_7857|Metals|Zinc_resistance|Zinc_resistance_protein|ZNUB,MEG_7857|Metals|Zinc_resistance|Zinc_resistance_protein|ZNUB,277,1046984,1047260,+
Escherichia_coli_JM109,E.coli.JM109.final.genome,1116672,1118115,1444,MEG_4102|Drugs|Multi-drug_resistance|Multi-drug_RND_efflux_pumps|MUXC,MEG_4102|Drugs|Multi-drug_resistance|Multi-drug_RND_efflux_pumps|MUXC,3111,1113060,1116170,+
Escherichia_coli_JM109,E.coli.JM109.final.genome,1119634,1120041,408,MEG_6633|Drugs|Sulfonamides|Sulfonamide-resistant_dihydropteroate_synthases|SULII,MEG_6633|Drugs|Sulfonamides|Sulfonamide-resistant_dihydropteroate_synthases|SULII,852,1117689,1118540,+
Escherichia_coli_JM109,E.coli.JM109.final.genome,1122655,1125159,2505,MEG_8778|Drugs|Lipopeptides|Colistin_phosphoethanolamine_transferase|MCR,MEG_8778|Drugs|Lipopeptides|Colistin_phosphoethanolamine_transferase|MCR,1644,1121154,1122797,+
Escherichia_coli_JM109,E.coli.JM109.final.genome,1148415,1149608,1194,MEG_4165|Metals|Cobalt_resistance|Cobalt_transporting_ATPase|NHLF,MEG_4165|Metals|Cobalt_resistance|Cobalt_transporting_ATPase|NHLF,1059,1146053,1147111,+
Escherichia_coli_JM109,E.coli.JM109.final.genome,1149631,1152780,3150,MEG_6642|Drugs|Sulfonamides|Sulfonamide_monooxygenase|SULX,MEG_6642|Drugs|Sulfonamides|Sulfonamide_monooxygenase|SULX,1272,1147134,1148405,+
Escherichia_coli_JM109,E.coli.JM109.final.genome,1161635,1163380,1746,MEG_6162|Drugs|Nucleosides|Streptothricin_acetyltransferase|SAT,MEG_6162|Drugs|Nucleosides|Streptothricin_acetyltransferase|SAT,522,1157260,1157781,+
Escherichia_coli_JM109,E.coli.JM109.final.genome,1239096,1240253,1158,MEG_5997|Drugs|Fluoroquinolones|Quinolone_resistance_protein_Qnr|QNRB,MEG_5997|Drugs|Fluoroquinolones|Quinolone_resistance_protein_Qnr|QNRB,645,1233497,1234141,+
Escherichia_coli_JM109,E.coli.JM109.final.genome,1255812,1256921,1110,MEG_7461|Drugs|Glycopeptides|VanB-type_regulator|VANRB,MEG_7461|Drugs|Glycopeptides|VanB-type_regulator|VANRB,660,1249700,1250359,+
Escherichia_coli_JM109,E.coli.JM109.final.genome,1295069,1295779,711,MEG_5772|Biocides|Peroxide_resistance|peroxide_resistance_regulator|PERR,MEG_5772|Biocides|Peroxide_resistance|peroxide_resistance_regulator|PERR,447,1288507,1288953,+
Escherichia_coli_JM109,E.coli.JM109.final.genome,1372415,1373965,1551,MEG_1764|Drugs|Phenicol|Phenicol_resistance_MFS_efflux_pumps|CMLA,MEG_1764|Drugs|Phenicol|Phenicol_resistance_MFS_efflux_pumps|CMLA,1260,1365589,1366848,+
Escherichia_coli_JM109,E.coli.JM109.final.genome,1425736,1426680,945,MEG_7009|Drugs|Tetracyclines|Tetracycline_resistance_MFS_efflux_pumps|TET56,MEG_7009|Drugs|Tetracyclines|Tetracycline_resistance_MFS_efflux_pumps|TET56,1170,1418619,1419788,+
Escherichia_coli_JM109,E.coli.JM109.final.genome,1453939,1456293,2355,MEG_3255|Biocides|Acid_resistance|Acid_resistance_protein|HDEB,MEG_3255|Biocides|Acid_resistance|Acid_resistance_protein|HDEB,339,1447047,1447385,+
Escherichia_coli_JM109,E.coli.JM109.final.genome,1459442,1459819,378,MEG_6587|Drugs|Sulfonamides|Sulfonamide-resistant_dihydropteroate_synthases|SULI,MEG_6587|Drugs|Sulfonamides|Sulfonamide-resistant_dihydropteroate_synthases|SULI,840,1450534,1451373,+
Escherichia_coli_JM109,E.coli.JM109.final.genome,1492393,1493559,1167,MEG_3254|Biocides|Acid_resistance|Acid_resistance_protein|HDEB,MEG_3254|Biocides|Acid_resistance|Acid_resistance_protein|HDEB,327,1483947,1484273,+
Escherichia_coli_JM109,E.coli.JM109.final.genome,1518827,1519696,870,MEG_7813|Multi-compound|Biocide_and_metal_resistance|Biocide_and_metal_resistance_protein|YCHH,MEG_7813|Multi-compound|Biocide_and_metal_resistance|Biocide_and_metal_resistance_protein|YCHH,279,1509541,1509819,+
Escherichia_coli_JM109,E.coli.JM109.final.genome,1585618,1586850,1233,MEG_8125|Drugs|betalactams|Class_B_betalactamases|GOB,MEG_8125|Drugs|betalactams|Class_B_betalactamases|GOB,873,1575741,1576613,+
Escherichia_coli_JM109,E.coli.JM109.final.genome,1642495,1644219,1725,MEG_2136|Metals|Copper_resistance|Copper_resistance_regulator|CSOR,MEG_2136|Metals|Copper_resistance|Copper_resistance_regulator|CSOR,306,1632258,1632563,+
Escherichia_coli_JM109,E.coli.JM109.final.genome,1684588,1687284,2697,MEG_11515|Drugs|Ionophores|Ionophore_ABC_efflux_pump|NARA,MEG_11515|Drugs|Ionophores|Ionophore_ABC_efflux_pump|NARA,882,1672932,1673813,+
Escherichia_coli_JM109,E.coli.JM109.final.genome,1776741,1777874,1134,MEG_3745|Multi-compound|Drug_and_biocide_and_metal_resistance|Drug_and_biocide_and_metal_RND_efflux_pumps|MDTA,MEG_3745|Multi-compound|Drug_and_biocide_and_metal_resistance|Drug_and_biocide_and_metal_RND_efflux_pumps|MDTA,1257,1763270,1764526,+
Escherichia_coli_JM109,E.coli.JM109.final.genome,1778493,1778960,468,MEG_3912|Multi-compound|Drug_and_biocide_resistance|Drug_and_biocide_RND_efflux_pumps|MEXF,MEG_3912|Multi-compound|Drug_and_biocide_resistance|Drug_and_biocide_RND_efflux_pumps|MEXF,3189,1765145,1768333,+
Escherichia_coli_JM109,E.coli.JM109.final.genome,1790329,1790667,339,MEG_3069|Drugs|Fusidic_acid|Ribosomal_zinc-binding_protein|FUSD,MEG_3069|Drugs|Fusidic_acid|Ribosomal_zinc-binding_protein|FUSD,642,1779702,1780343,+
Escherichia_coli_JM109,E.coli.JM109.final.genome,1820095,1821738,1644,MEG_7530|Drugs|Glycopeptides|VanE-type_resistance_protein|VANTE,MEG_7530|Drugs|Glycopeptides|VanE-type_resistance_protein|VANTE,2109,1809771,1811879,+
Escherichia_coli_JM109,E.coli.JM109.final.genome,1851576,1856121,4546,MEG_3870|Metals|Mercury_resistance|Mercury_resistance_protein|MERF,MEG_3870|Metals|Mercury_resistance|Mercury_resistance_protein|MERF,246,1841717,1841962,+
Escherichia_coli_JM109,E.coli.JM109.final.genome,1870672,1872321,1650,MEG_1704|Multi-compound|Biocide_and_metal_resistance|Biocide_and_metal_resistance_protein|CHR,MEG_1704|Multi-compound|Biocide_and_metal_resistance|Biocide_and_metal_resistance_protein|CHR,561,1856513,1857073,+
Escherichia_coli_JM109,E.coli.JM109.final.genome,1877641,1878105,465,MEG_6161|Drugs|Nucleosides|Streptothricin_acetyltransferase|SAT,MEG_6161|Drugs|Nucleosides|Streptothricin_acetyltransferase|SAT,525,1862393,1862917,+
Escherichia_coli_JM109,E.coli.JM109.final.genome,1878191,1878514,324,MEG_1123|Drugs|Rifampin|Rifampin_ADP-ribosyltransferase_Arr|ARR,MEG_1123|Drugs|Rifampin|Rifampin_ADP-ribosyltransferase_Arr|ARR,453,1863003,1863455,+
Escherichia_coli_JM109,E.coli.JM109.final.genome,1895571,1896086,516,MEG_7325|Metals|Tungsten_Resistance|Tungsten_ABC_efflux_pumps|TUPC,MEG_7325|Metals|Tungsten_Resistance|Tungsten_ABC_efflux_pumps|TUPC,645,1880512,1881156,+
Escherichia_coli_JM109,E.coli.JM109.final.genome,1931946,1932770,825,MEG_7866|Multi-compound|Biocide_and_metal_resistance|Biocide_and_metal_resistance_protein|ZUPT,MEG_7866|Multi-compound|Biocide_and_metal_resistance|Biocide_and_metal_resistance_protein|ZUPT,774,1917016,1917789,+
Escherichia_coli_JM109,E.coli.JM109.final.genome,1941957,1942340,384,MEG_4072|Drugs|MLS|MLS_resistance_ABC_efflux_pumps|MSRC,MEG_4072|Drugs|MLS|MLS_resistance_ABC_efflux_pumps|MSRC,1479,1926976,1928454,+
Escherichia_coli_JM109,E.coli.JM109.final.genome,1950932,1953651,2720,MEG_6167|Drugs|Nucleosides|Streptothricin_acetyltransferase|SAT,MEG_6167|Drugs|Nucleosides|Streptothricin_acetyltransferase|SAT,525,1937046,1937570,+
Escherichia_coli_JM109,E.coli.JM109.final.genome,2037480,2038325,846,MEG_4222|Drugs|Thiopeptides|Thiostrepton_23S_rRNA_methyltransferases|NSHR,MEG_4222|Drugs|Thiopeptides|Thiostrepton_23S_rRNA_methyltransferases|NSHR,825,2021399,2022223,+
Escherichia_coli_JM109,E.coli.JM109.final.genome,2048199,2049101,903,MEG_2917|Drugs|Phenicol|Phenicol_resistance_MFS_efflux_pumps|FLOR,MEG_2917|Drugs|Phenicol|Phenicol_resistance_MFS_efflux_pumps|FLOR,1215,2032097,2033311,+
Escherichia_coli_JM109,E.coli.JM109.final.genome,2049900,2051968,2069,MEG_1727|Drugs|Multi-drug_resistance|MDR_23S_ribosomal_RNA_methyltransferase|CLBB,MEG_1727|Drugs|Multi-drug_resistance|MDR_23S_ribosomal_RNA_methyltransferase|CLBB,1032,2034110,2035141,+
Escherichia_coli_JM109,E.coli.JM109.final.genome,2054140,2054760,621,MEG_3865|Metals|Mercury_resistance|Mercury_resistance_regulator|MERD,MEG_3865|Metals|Mercury_resistance|Mercury_resistance_regulator|MERD,366,2037313,2037678,+
Escherichia_coli_JM109,E.coli.JM109.final.genome,2111526,2112152,627,MEG_5950|Drugs|Fluoroquinolones|Quinolone_resistance_protein_Qnr|QNRB,MEG_5950|Drugs|Fluoroquinolones|Quinolone_resistance_protein_Qnr|QNRB,645,2094444,2095088,+
Escherichia_coli_JM109,E.coli.JM109.final.genome,2153186,2154136,951,MEG_7450|Drugs|Glycopeptides|VanA-type_regulator|VANRA,MEG_7450|Drugs|Glycopeptides|VanA-type_regulator|VANRA,696,2136122,2136817,+
Escherichia_coli_JM109,E.coli.JM109.final.genome,2244028,2245068,1041,MEG_6158|Drugs|Nucleosides|Streptothricin_acetyltransferase|SAT,MEG_6158|Drugs|Nucleosides|Streptothricin_acetyltransferase|SAT,555,2226709,2227263,+
Escherichia_coli_JM109,E.coli.JM109.final.genome,2245155,2247004,1850,MEG_4197|Metals|Nickel_resistance|Nickel_resistance_protein|NIRC,MEG_4197|Metals|Nickel_resistance|Nickel_resistance_protein|NIRC,924,2227350,2228273,+
Escherichia_coli_JM109,E.coli.JM109.final.genome,2247187,2247960,774,MEG_7848|Metals|Zinc_resistance|Zinc_resistance_regulator|ZIAR,MEG_7848|Metals|Zinc_resistance|Zinc_resistance_regulator|ZIAR,399,2228456,2228854,+
Escherichia_coli_JM109,E.coli.JM109.final.genome,2260335,2260901,567,MEG_6088|Drugs|Rifampin|Rifampin_phosphotransferase|RPH,MEG_6088|Drugs|Rifampin|Rifampin_phosphotransferase|RPH,2598,2241229,2243826,+
Escherichia_coli_JM109,E.coli.JM109.final.genome,2288131,2288544,414,MEG_6700|Drugs|betalactams|Class_A_betalactamases|TEM,MEG_6700|Drugs|betalactams|Class_A_betalactamases|TEM,861,2271056,2271916,+
Escherichia_coli_JM109,E.coli.JM109.final.genome,2288650,2289084,435,MEG_11386|Drugs|Lipopeptides|Daptomycin_efflux_regulator|DRCR,MEG_11386|Drugs|Lipopeptides|Daptomycin_efflux_regulator|DRCR,672,2272022,2272693,+
Escherichia_coli_JM109,E.coli.JM109.final.genome,2300447,2301637,1191,MEG_723|Metals|Aluminum_resistance|Aluminum_resistance_protein|ALU1P,MEG_723|Metals|Aluminum_resistance|Aluminum_resistance_protein|ALU1P,561,2284056,2284616,+
Escherichia_coli_JM109,E.coli.JM109.final.genome,2318451,2318612,162,MEG_1131|Drugs|Rifampin|Rifampin_ADP-ribosyltransferase_Arr|ARR,MEG_1131|Drugs|Rifampin|Rifampin_ADP-ribosyltransferase_Arr|ARR,453,2301430,2301882,+
Escherichia_coli_JM109,E.coli.JM109.final.genome,2489311,2490707,1397,MEG_502|Metals|Tellurium_resistance|Tellurium_resistance_protein|ACTP1,MEG_502|Metals|Tellurium_resistance|Tellurium_resistance_protein|ACTP1,1656,2472581,2474236,+
Escherichia_coli_JM109,E.coli.JM109.final.genome,2491077,2491901,825,MEG_2678|Metals|Multi-metal_resistance|Multi-metal_resistance_protein|DSBA,MEG_2678|Metals|Multi-metal_resistance|Multi-metal_resistance_protein|DSBA,627,2474606,2475232,+
Escherichia_coli_JM109,E.coli.JM109.final.genome,2492269,2492997,729,MEG_1713|Metals|Chromium_resistance|Chromium_resistance_protein|CHRC,MEG_1713|Metals|Chromium_resistance|Chromium_resistance_protein|CHRC,594,2475600,2476193,+
Escherichia_coli_JM109,E.coli.JM109.final.genome,2493360,2496473,3114,MEG_1566|Drugs|Phenicol|Chloramphenicol_acetyltransferases|CATA,MEG_1566|Drugs|Phenicol|Chloramphenicol_acetyltransferases|CATA,642,2476556,2477197,+
Escherichia_coli_JM109,E.coli.JM109.final.genome,2496498,2497655,1158,MEG_3028|Drugs|Fosfomycin|Fosfomycin_thiol_transferases|FOSX,MEG_3028|Drugs|Fosfomycin|Fosfomycin_thiol_transferases|FOSX,402,2477222,2477623,+
Escherichia_coli_JM109,E.coli.JM109.final.genome,2497994,2498521,528,MEG_4091|Drugs|Mupirocin|Mupirocin-resistant_isoleucyl-tRNA_synthetase|MUPB,MEG_4091|Drugs|Mupirocin|Mupirocin-resistant_isoleucyl-tRNA_synthetase|MUPB,3102,2477962,2481063,+
Escherichia_coli_JM109,E.coli.JM109.final.genome,2500147,2500479,333,MEG_5798|Multi-compound|Drug_and_metal_resistance|Drug_and_metal_MFS_efflux_pumps|PMRAM,MEG_5798|Multi-compound|Drug_and_metal_resistance|Drug_and_metal_MFS_efflux_pumps|PMRAM,669,2482689,2483357,+
Escherichia_coli_JM109,E.coli.JM109.final.genome,2500583,2500921,339,MEG_352|Drugs|Aminoglycosides|Aminoglycoside_N-acetyltransferases|AAC6-PRIME,MEG_352|Drugs|Aminoglycosides|Aminoglycoside_N-acetyltransferases|AAC6-PRIME,1476,2483461,2484936,+
Escherichia_coli_JM109,E.coli.JM109.final.genome,2506224,2506649,426,MEG_8662|Drugs|Metronidazole|rdxA_nitroimidazole_reductase|RDXA,MEG_8662|Drugs|Metronidazole|rdxA_nitroimidazole_reductase|RDXA,633,2490239,2490871,+
Escherichia_coli_JM109,E.coli.JM109.final.genome,2506662,2507951,1290,MEG_9992|Drugs|MLS|23S_rRNA_methyltransferases|CFR,MEG_9992|Drugs|MLS|23S_rRNA_methyltransferases|CFR,1074,2490884,2491957,+
Escherichia_coli_JM109,E.coli.JM109.final.genome,2508005,2508358,354,MEG_7594|Drugs|Glycopeptides|VanA-type_accessory_protein|VANYA,MEG_7594|Drugs|Glycopeptides|VanA-type_accessory_protein|VANYA,891,2492011,2492901,+
Escherichia_coli_JM109,E.coli.JM109.final.genome,2517745,2519244,1500,MEG_1171|Metals|Arsenic_resistance|Arsenic_resistance_regulator|ARSR,MEG_1171|Metals|Arsenic_resistance|Arsenic_resistance_regulator|ARSR,354,2502288,2502641,+
Escherichia_coli_JM109,E.coli.JM109.final.genome,2537865,2538296,432,MEG_6053|Metals|Multi-metal_resistance|Multi-metal_resistance_protein|RECGM,MEG_6053|Metals|Multi-metal_resistance|Multi-metal_resistance_protein|RECGM,2076,2521262,2523337,+
Escherichia_coli_JM109,E.coli.JM109.final.genome,2538302,2543217,4916,MEG_5843|Multi-compound|Drug_and_biocide_resistance|Drug_and_biocide_SMR_efflux_pumps|QACG,MEG_5843|Multi-compound|Drug_and_biocide_resistance|Drug_and_biocide_SMR_efflux_pumps|QACG,333,2523343,2523675,+
Escherichia_coli_JM109,E.coli.JM109.final.genome,2548235,2550433,2199,MEG_8777|Drugs|Lipopeptides|Colistin_phosphoethanolamine_transferase|MCR,MEG_8777|Drugs|Lipopeptides|Colistin_phosphoethanolamine_transferase|MCR,1698,2528693,2530390,+
Escherichia_coli_JM109,E.coli.JM109.final.genome,2670133,2670765,633,MEG_6958|Metals|Tellurium_resistance|Tellurium_resistance_protein|TERD,MEG_6958|Metals|Tellurium_resistance|Tellurium_resistance_protein|TERD,579,2650090,2650668,+
Escherichia_coli_JM109,E.coli.JM109.final.genome,2717755,2718180,426,MEG_7451|Drugs|Glycopeptides|VanA-type_regulator|VANRA,MEG_7451|Drugs|Glycopeptides|VanA-type_regulator|VANRA,696,2697658,2698353,+
Escherichia_coli_JM109,E.coli.JM109.final.genome,2738745,2741849,3105,MEG_756|Drugs|Aminoglycosides|Aminoglycoside_O-nucleotidyltransferases|ANT2-DPRIME,MEG_756|Drugs|Aminoglycosides|Aminoglycoside_O-nucleotidyltransferases|ANT2-DPRIME,534,2718918,2719451,+
Escherichia_coli_JM109,E.coli.JM109.final.genome,2741861,2743018,1158,MEG_7275|Biocides|Phenolic_compound_resistance|Phenolic_RND_efflux_pump|TRIC,MEG_7275|Biocides|Phenolic_compound_resistance|Phenolic_RND_efflux_pump|TRIC,3048,2719463,2722510,+
Escherichia_coli_JM109,E.coli.JM109.final.genome,2743417,2744079,663,MEG_6559|Biocides|Multi-biocide_resistance|Multi-biocide_RND_efflux_pump|SRPA,MEG_6559|Biocides|Multi-biocide_resistance|Multi-biocide_RND_efflux_pump|SRPA,1149,2722909,2724057,+
Escherichia_coli_JM109,E.coli.JM109.final.genome,2771081,2771395,315,MEG_3853|Metals|Mercury_resistance|Mercury_resistance_protein|MERB,MEG_3853|Metals|Mercury_resistance|Mercury_resistance_protein|MERB,657,2751059,2751715,+
Escherichia_coli_JM109,E.coli.JM109.final.genome,2941726,2942490,765,MEG_3064|Metals|Iron_resistance|Iron_resistance_regulator|FURA,MEG_3064|Metals|Iron_resistance|Iron_resistance_regulator|FURA,453,2922046,2922498,+
Escherichia_coli_JM109,E.coli.JM109.final.genome,2954085,2954906,822,MEG_713|Metals|Arsenic_resistance|Arsenite_oxidase|AIOB,MEG_713|Metals|Arsenic_resistance|Arsenite_oxidase|AIOB,522,2934093,2934614,+
Escherichia_coli_JM109,E.coli.JM109.final.genome,2974893,2975690,798,MEG_8090|Drugs|Fosfomycin|Fosfomycin_thiol_transferases|FOSL,MEG_8090|Drugs|Fosfomycin|Fosfomycin_thiol_transferases|FOSL,411,2954601,2955011,+
Escherichia_coli_JM109,E.coli.JM109.final.genome,2979966,2980107,142,MEG_8805|Drugs|Lipopeptides|Colistin_phosphoethanolamine_transferase|MCR,MEG_8805|Drugs|Lipopeptides|Colistin_phosphoethanolamine_transferase|MCR,1617,2959287,2960903,+
Escherichia_coli_JM109,E.coli.JM109.final.genome,2988540,2988932,393,MEG_9982|Drugs|Metronidazole|nim_nitroimidazole_reductase|NIMB,MEG_9982|Drugs|Metronidazole|nim_nitroimidazole_reductase|NIMB,468,2969336,2969803,+
Escherichia_coli_JM109,E.coli.JM109.final.genome,3021845,3023337,1493,MEG_7779|Biocides|Multi-biocide_resistance|Multi-biocide_RND_efflux_pump|VMEA,MEG_7779|Biocides|Multi-biocide_resistance|Multi-biocide_RND_efflux_pump|VMEA,1140,3002716,3003855,+
Escherichia_coli_JM109,E.coli.JM109.final.genome,3119394,3120104,711,MEG_3869|Metals|Mercury_resistance|Mercury_resistance_protein|MERF,MEG_3869|Metals|Mercury_resistance|Mercury_resistance_protein|MERF,246,3099912,3100157,+
Escherichia_coli_JM109,E.coli.JM109.final.genome,3291827,3292855,1029,MEG_1584|Drugs|Phenicol|Chloramphenicol_acetyltransferases|CATA,MEG_1584|Drugs|Phenicol|Chloramphenicol_acetyltransferases|CATA,660,3271880,3272539,+
Escherichia_coli_JM109,E.coli.JM109.final.genome,3331071,3331232,162,MEG_6165|Drugs|Nucleosides|Streptothricin_acetyltransferase|SAT,MEG_6165|Drugs|Nucleosides|Streptothricin_acetyltransferase|SAT,543,3310755,3311297,+
Escherichia_coli_JM109,E.coli.JM109.final.genome,3332403,3332569,167,MEG_7059|Drugs|Tetracyclines|Tetracycline_resistance_MFS_efflux_pumps|TETC,MEG_7059|Drugs|Tetracyclines|Tetracycline_resistance_MFS_efflux_pumps|TETC,1191,3312468,3313658,+
Escherichia_coli_JM109,E.coli.JM109.final.genome,3347935,3349473,1539,MEG_8451|Drugs|Multi-drug_resistance|MDR_regulator|PARR,MEG_8451|Drugs|Multi-drug_resistance|MDR_regulator|PARR,708,3329024,3329731,+
Escherichia_coli_JM109,E.coli.JM109.final.genome,3349490,3350662,1173,MEG_1214|Drugs|Bacitracin|Bacitracin_ABC_transporter|BCRB,MEG_1214|Drugs|Bacitracin|Bacitracin_ABC_transporter|BCRB,627,3329748,3330374,+
Escherichia_coli_JM109,E.coli.JM109.final.genome,3350789,3351319,531,MEG_7782|Biocides|Multi-biocide_resistance|Multi-biocide_RND_efflux_pump|VMEA,MEG_7782|Biocides|Multi-biocide_resistance|Multi-biocide_RND_efflux_pump|VMEA,1140,3330501,3331640,+
Escherichia_coli_JM109,E.coli.JM109.final.genome,3412029,3412712,684,MEG_3859|Metals|Mercury_resistance|Mercury_resistance_protein|MERC,MEG_3859|Metals|Mercury_resistance|Mercury_resistance_protein|MERC,435,3392350,3392784,+
Escherichia_coli_JM109,E.coli.JM109.final.genome,3550209,3550685,477,MEG_1130|Drugs|Rifampin|Rifampin_ADP-ribosyltransferase_Arr|ARR,MEG_1130|Drugs|Rifampin|Rifampin_ADP-ribosyltransferase_Arr|ARR,453,3530281,3530733,+
Escherichia_coli_JM109,E.coli.JM109.final.genome,3571371,3574484,3114,MEG_6544|Biocides|Peroxide_resistance|peroxide_resistance_protein|SODB,MEG_6544|Biocides|Peroxide_resistance|peroxide_resistance_protein|SODB,579,3551419,3551997,+
Escherichia_coli_JM109,E.coli.JM109.final.genome,3605883,3607187,1305,MEG_5884|Drugs|Fluoroquinolones|Quinolone_resistance_protein_Qnr|QNRB,MEG_5884|Drugs|Fluoroquinolones|Quinolone_resistance_protein_Qnr|QNRB,645,3583396,3584040,+
Escherichia_coli_JM109,E.coli.JM109.final.genome,3642583,3643821,1239,MEG_7113|Drugs|Tetracyclines|Tetracycline_resistance_ribosomal_protection_proteins|TETM,MEG_7113|Drugs|Tetracyclines|Tetracycline_resistance_ribosomal_protection_proteins|TETM,1920,3619436,3621355,+
Escherichia_coli_JM109,E.coli.JM109.final.genome,3667322,3670915,3594,MEG_7458|Drugs|Glycopeptides|VanA-type_regulator|VANRA,MEG_7458|Drugs|Glycopeptides|VanA-type_regulator|VANRA,912,3644856,3645767,+
Escherichia_coli_JM109,E.coli.JM109.final.genome,3670920,3671534,615,MEG_3657|Drugs|Multi-drug_resistance|Multi-drug_ABC_efflux_pumps|MACA,MEG_3657|Drugs|Multi-drug_resistance|Multi-drug_ABC_efflux_pumps|MACA,1179,3645772,3646950,+
Escherichia_coli_JM109,E.coli.JM109.final.genome,3671950,3674651,2702,MEG_7243|Drugs|Tetracyclines|Tetracycline_inactivation_enzymes|TETX,MEG_7243|Drugs|Tetracyclines|Tetracycline_inactivation_enzymes|TETX,1167,3647366,3648532,+
Escherichia_coli_JM109,E.coli.JM109.final.genome,3788449,3789417,969,MEG_2533|Drugs|Trimethoprim|Dihydrofolate_reductase|DFRA,MEG_2533|Drugs|Trimethoprim|Dihydrofolate_reductase|DFRA,474,3762330,3762803,+
Escherichia_coli_JM109,E.coli.JM109.final.genome,3844018,3844261,244,MEG_4160|Metals|Chromium_resistance|Chromium_resistance_protein|NFSA,MEG_4160|Metals|Chromium_resistance|Chromium_resistance_protein|NFSA,723,3817404,3818126,+
Escherichia_coli_JM109,E.coli.JM109.final.genome,3844558,3844781,224,MEG_8658|Drugs|Fluoroquinolones|Quinolone_resistance_protein_Qnr|QNRVC,MEG_8658|Drugs|Fluoroquinolones|Quinolone_resistance_protein_Qnr|QNRVC,657,3818423,3819079,+
Escherichia_coli_JM109,E.coli.JM109.final.genome,3847873,3849516,1644,MEG_6164|Drugs|Nucleosides|Streptothricin_acetyltransferase|SAT,MEG_6164|Drugs|Nucleosides|Streptothricin_acetyltransferase|SAT,522,3822171,3822692,+
Escherichia_coli_JM109,E.coli.JM109.final.genome,3876614,3877804,1191,MEG_3874|Metals|Mercury_resistance|Mercury_resistance_protein|MERP,MEG_3874|Metals|Mercury_resistance|Mercury_resistance_protein|MERP,276,3849790,3850065,+
Escherichia_coli_JM109,E.coli.JM109.final.genome,3969076,3969414,339,MEG_6546|Biocides|Peroxide_resistance|peroxide_resistance_protein|SODB,MEG_6546|Biocides|Peroxide_resistance|peroxide_resistance_protein|SODB,582,3941337,3941918,+
Escherichia_coli_JM109,E.coli.JM109.final.genome,3969633,3970457,825,MEG_6140|Biocides|Multi-biocide_resistance|Multi-biocide_resistance_regulator|RPOS,MEG_6140|Biocides|Multi-biocide_resistance|Multi-biocide_resistance_regulator|RPOS,1089,3942137,3943225,+
Escherichia_coli_JM109,E.coli.JM109.final.genome,3970578,3970850,273,MEG_2576|Drugs|Trimethoprim|Dihydrofolate_reductase|DFRD,MEG_2576|Drugs|Trimethoprim|Dihydrofolate_reductase|DFRD,520,3943346,3943865,+
Escherichia_coli_JM109,E.coli.JM109.final.genome,3992573,3994695,2123,MEG_7209|Drugs|Tetracyclines|Tetracycline_resistance_ribosomal_protection_proteins|TETW,MEG_7209|Drugs|Tetracyclines|Tetracycline_resistance_ribosomal_protection_proteins|TETW,1920,3965588,3967507,+
Escherichia_coli_JM109,E.coli.JM109.final.genome,3996108,4003555,7448,MEG_3841|Metals|Mercury_resistance|Mercury_resistance_protein|MERA,MEG_3841|Metals|Mercury_resistance|Mercury_resistance_protein|MERA,1644,3968920,3970563,+
Escherichia_coli_JM109,E.coli.JM109.final.genome,4015959,4017811,1853,MEG_370|Drugs|Fosfomycin|Fosfomycin_MFS_efflux_pump|ABAQ,MEG_370|Drugs|Fosfomycin|Fosfomycin_MFS_efflux_pump|ABAQ,1305,3982967,3984271,+
Escherichia_coli_JM109,E.coli.JM109.final.genome,4057957,4059123,1167,MEG_7324|Metals|Tungsten_Resistance|Tungsten_ABC_efflux_pumps|TUPB,MEG_7324|Metals|Tungsten_Resistance|Tungsten_ABC_efflux_pumps|TUPB,687,4024417,4025103,+
Escherichia_coli_JM109,E.coli.JM109.final.genome,4097913,4099318,1406,MEG_2048|Metals|Copper_resistance|Copper_resistance_protein|COPC,MEG_2048|Metals|Copper_resistance|Copper_resistance_protein|COPC,381,4063893,4064273,+
Escherichia_coli_JM109,E.coli.JM109.final.genome,4115545,4116195,651,MEG_8808|Drugs|Lipopeptides|Colistin_phosphoethanolamine_transferase|MCR,MEG_8808|Drugs|Lipopeptides|Colistin_phosphoethanolamine_transferase|MCR,1617,4080500,4082116,+
Escherichia_coli_JM109,E.coli.JM109.final.genome,4122329,4122502,174,MEG_3611|Drugs|MLS|Lincosamide_nucleotidyltransferases|LNUC,MEG_3611|Drugs|MLS|Lincosamide_nucleotidyltransferases|LNUC,495,4088250,4088744,+
Escherichia_coli_JM109,E.coli.JM109.final.genome,4132357,4132584,228,MEG_2077|Metals|Copper_resistance|Copper_resistance_regulator|COPS,MEG_2077|Metals|Copper_resistance|Copper_resistance_regulator|COPS,1464,4098599,4100062,+
Escherichia_coli_JM109,E.coli.JM109.final.genome,4197528,4198274,747,MEG_3139|Drugs|MLS|Macrolide_glycosyltransferases|GIMA,MEG_3139|Drugs|MLS|Macrolide_glycosyltransferases|GIMA,1254,4165006,4166259,+
Escherichia_coli_JM109,E.coli.JM109.final.genome,4212595,4214132,1538,MEG_6017|Drugs|Fluoroquinolones|Quinolone_resistance_protein_Qnr|QNRS,MEG_6017|Drugs|Fluoroquinolones|Quinolone_resistance_protein_Qnr|QNRS,657,4180580,4181236,+
Escherichia_coli_JM109,E.coli.JM109.final.genome,4214211,4215143,933,MEG_1462|Drugs|Glycopeptides|Bleomycin_resistance_protein|BLM,MEG_1462|Drugs|Glycopeptides|Bleomycin_resistance_protein|BLM,369,4181315,4181683,+
Escherichia_coli_JM109,E.coli.JM109.final.genome,4250540,4251106,567,MEG_4177|Metals|Nickel_resistance|Nickel_ABC_efflux_regulator|NIKR,MEG_4177|Metals|Nickel_resistance|Nickel_ABC_efflux_regulator|NIKR,402,4217080,4217481,+
Escherichia_coli_JM109,E.coli.JM109.final.genome,4411964,4413337,1374,MEG_1158|Metals|Arsenic_resistance|Arsenic_resistance_protein|ARSC,MEG_1158|Metals|Arsenic_resistance|Arsenic_resistance_protein|ARSC,396,4378339,4378734,+
Escherichia_coli_JM109,E.coli.JM109.final.genome,4420835,4421416,582,MEG_6581|Drugs|Sulfonamides|Sulfonamide-resistant_dihydropteroate_synthases|SULI,MEG_6581|Drugs|Sulfonamides|Sulfonamide-resistant_dihydropteroate_synthases|SULI,840,4386232,4387071,+
Escherichia_coli_JM109,E.coli.JM109.final.genome,4483326,4484007,682,MEG_1173|Metals|Arsenic_resistance|Arsenic_resistance_regulator|ARSR,MEG_1173|Metals|Arsenic_resistance|Arsenic_resistance_regulator|ARSR,354,4448981,4449334,+
Escherichia_coli_JM109,E.coli.JM109.final.genome,4485143,4485478,336,MEG_4291|Drugs|Multi-drug_resistance|Multi-drug_RND_efflux_pumps|OPCM,MEG_4291|Drugs|Multi-drug_resistance|Multi-drug_RND_efflux_pumps|OPCM,1536,4450470,4452005,+
Escherichia_coli_b2207,E.coli.b2207.final.plasmid,13158,16607,3450,MEG_8236|Drugs|Lipopeptides|Colistin_phosphoethanolamine_transferase|MCR,MEG_8236|Drugs|Lipopeptides|Colistin_phosphoethanolamine_transferase|MCR,1626,13158,14783,+
Escherichia_coli_b2207,E.coli.b2207.final.genome,60261,61370,1110,MEG_3749|Multi-compound|Drug_and_biocide_and_metal_resistance|Drug_and_biocide_and_metal_RND_efflux_pumps|MDTC,MEG_3749|Multi-compound|Drug_and_biocide_and_metal_resistance|Drug_and_biocide_and_metal_RND_efflux_pumps|MDTC,3078,60261,63338,+
Escherichia_coli_b2207,E.coli.b2207.final.genome,74333,75490,1158,MEG_812|Drugs|Aminoglycosides|Aminoglycoside_O-nucleotidyltransferases|ANT3-DPRIME,MEG_812|Drugs|Aminoglycosides|Aminoglycoside_O-nucleotidyltransferases|ANT3-DPRIME,792,76301,77092,+
Escherichia_coli_b2207,E.coli.b2207.final.genome,149857,151602,1746,MEG_11287|Drugs|Aminoglycosides|Aminoglycoside_N-acetyltransferases|AAC6-PRIME,MEG_11287|Drugs|Aminoglycosides|Aminoglycoside_N-acetyltransferases|AAC6-PRIME,429,151459,151887,+
Escherichia_coli_b2207,E.coli.b2207.final.genome,171642,174791,3150,MEG_1756|Drugs|Phenicol|Phenicol_resistance_MFS_efflux_pumps|CMLA,MEG_1756|Drugs|Phenicol|Phenicol_resistance_MFS_efflux_pumps|CMLA,1260,171927,173186,+
Escherichia_coli_b2207,E.coli.b2207.final.genome,174814,176007,1194,MEG_6542|Biocides|Peroxide_resistance|peroxide_resistance_protein|SODA,MEG_6542|Biocides|Peroxide_resistance|peroxide_resistance_protein|SODA,621,173209,173829,+
Escherichia_coli_b2207,E.coli.b2207.final.genome,199251,201755,2505,MEG_7812|Metals|Iron_resistance|Iron_resistance_protein|YBTQ,MEG_7812|Metals|Iron_resistance|Iron_resistance_protein|YBTQ,1803,197073,198875,+
Escherichia_coli_b2207,E.coli.b2207.final.genome,204369,204776,408,MEG_2658|Multi-compound|Biocide_and_metal_resistance|Biocide_and_metal_resistance_protein|DPR,MEG_2658|Multi-compound|Biocide_and_metal_resistance|Biocide_and_metal_resistance_protein|DPR,519,201489,202007,+
Escherichia_coli_b2207,E.coli.b2207.final.genome,206295,207738,1444,MEG_1745|Multi-compound|Drug_and_biocide_and_metal_resistance|Drug_and_biocide_and_metal_RND_efflux_pumps|CMEF,MEG_1745|Multi-compound|Drug_and_biocide_and_metal_resistance|Drug_and_biocide_and_metal_RND_efflux_pumps|CMEF,3018,203526,206543,+
Escherichia_coli_b2207,E.coli.b2207.final.genome,268365,269381,1017,MEG_7013|Drugs|Tetracyclines|Tetracycline_resistance_MFS_efflux_pumps|TET59,MEG_7013|Drugs|Tetracyclines|Tetracycline_resistance_MFS_efflux_pumps|TET59,1203,267170,268372,+
Escherichia_coli_b2207,E.coli.b2207.final.genome,310050,312165,2116,MEG_3452|Metals|Tellurium_resistance|Tellurium_resistance_protein|KLAB,MEG_3452|Metals|Tellurium_resistance|Tellurium_resistance_protein|KLAB,1137,309041,310177,+
Escherichia_coli_b2207,E.coli.b2207.final.genome,312322,313695,1374,MEG_2656|Multi-compound|Biocide_and_metal_resistance|Biocide_and_metal_resistance_protein|DPR,MEG_2656|Multi-compound|Biocide_and_metal_resistance|Biocide_and_metal_resistance_protein|DPR,519,310334,310852,+
Escherichia_coli_b2207,E.coli.b2207.final.genome,313853,314185,333,MEG_1655|Metals|Chromium_resistance|Chromate_ABC_efflux_pump|CEUE,MEG_1655|Metals|Chromium_resistance|Chromate_ABC_efflux_pump|CEUE,942,311010,311951,+
Escherichia_coli_b2207,E.coli.b2207.final.genome,314201,315424,1224,MEG_3877|Metals|Mercury_resistance|Mercury_resistance_protein|MERP,MEG_3877|Metals|Mercury_resistance|Mercury_resistance_protein|MERP,276,311967,312242,+
Escherichia_coli_b2207,E.coli.b2207.final.genome,315436,318579,3144,MEG_4383|Drugs|Tetracyclines|Tetracycline_resistance_ABC_efflux_pumps|OTRC,MEG_4383|Drugs|Tetracyclines|Tetracycline_resistance_ABC_efflux_pumps|OTRC,1056,312254,313309,+
Escherichia_coli_b2207,E.coli.b2207.final.genome,383022,384923,1902,MEG_2083|Metals|Copper_resistance|Copper_resistance_regulator|COPZ,MEG_2083|Metals|Copper_resistance|Copper_resistance_regulator|COPZ,210,377752,377961,+
Escherichia_coli_b2207,E.coli.b2207.final.genome,398489,400099,1611,MEG_2845|Drugs|MLS|23S_rRNA_methyltransferases|ERMS,MEG_2845|Drugs|MLS|23S_rRNA_methyltransferases|ERMS,960,391527,392486,+
Escherichia_coli_b2207,E.coli.b2207.final.genome,404850,406388,1539,MEG_3434|Drugs|Rifampin|Monooxygenase|IRI,MEG_3434|Drugs|Rifampin|Monooxygenase|IRI,1440,397237,398676,+
Escherichia_coli_b2207,E.coli.b2207.final.genome,406413,407235,823,MEG_7074|Drugs|Tetracyclines|Tetracycline_resistance_MFS_efflux_pumps|TETE,MEG_7074|Drugs|Tetracyclines|Tetracycline_resistance_MFS_efflux_pumps|TETE,1196,398701,399896,+
Escherichia_coli_b2207,E.coli.b2207.final.genome,432228,432371,144,MEG_7788|Biocides|Multi-biocide_resistance|Multi-biocide_RND_efflux_pump|VMEE,MEG_7788|Biocides|Multi-biocide_resistance|Multi-biocide_RND_efflux_pump|VMEE,1095,424889,425983,+
Escherichia_coli_b2207,E.coli.b2207.final.genome,436333,437010,678,MEG_3271|Drugs|Multi-drug_resistance|Multi-drug_RND_efflux_pumps|HNS,MEG_3271|Drugs|Multi-drug_resistance|Multi-drug_RND_efflux_pumps|HNS,414,429945,430358,+
Escherichia_coli_b2207,E.coli.b2207.final.genome,498945,499886,942,MEG_2992|Drugs|Fosfomycin|Fosfomycin_thiol_transferases|FOSA,MEG_2992|Drugs|Fosfomycin|Fosfomycin_thiol_transferases|FOSA,429,492293,492721,+
Escherichia_coli_b2207,E.coli.b2207.final.genome,508919,509707,789,MEG_2698|Biocides|Multi-biocide_resistance|Multi-biocide_SMR_efflux_pump|EBRB,MEG_2698|Biocides|Multi-biocide_resistance|Multi-biocide_SMR_efflux_pump|EBRB,357,501754,502110,+
Escherichia_coli_b2207,E.coli.b2207.final.genome,510152,511615,1464,MEG_4206|Multi-compound|Drug_and_biocide_resistance|Drug_and_biocide_MFS_efflux_pumps|NORA,MEG_4206|Multi-compound|Drug_and_biocide_resistance|Drug_and_biocide_MFS_efflux_pumps|NORA,482,502555,503036,+
Escherichia_coli_b2207,E.coli.b2207.final.genome,511617,512675,1059,MEG_7774|Biocides|Multi-biocide_resistance|Multi-biocide_RND_efflux_pump|VMEA,MEG_7774|Biocides|Multi-biocide_resistance|Multi-biocide_RND_efflux_pump|VMEA,1140,503038,504177,+
Escherichia_coli_b2207,E.coli.b2207.final.genome,568246,568713,468,MEG_2478|Metals|Multi-metal_resistance|Multi-metal_RND_efflux_pumps|CZNC,MEG_2478|Metals|Multi-metal_resistance|Multi-metal_RND_efflux_pumps|CZNC,1275,559748,561022,+
Escherichia_coli_b2207,E.coli.b2207.final.genome,598736,599968,1233,MEG_6960|Metals|Tellurium_resistance|Tellurium_resistance_protein|TERW,MEG_6960|Metals|Tellurium_resistance|Tellurium_resistance_protein|TERW,468,591045,591512,+
Escherichia_coli_b2207,E.coli.b2207.final.genome,606247,606969,723,MEG_4188|Drugs|Metronidazole|nim_nitroimidazole_reductase|NIMI,MEG_4188|Drugs|Metronidazole|nim_nitroimidazole_reductase|NIMI,519,597791,598309,+
Escherichia_coli_b2207,E.coli.b2207.final.genome,706174,706618,445,MEG_3265|Drugs|Multi-drug_resistance|Multi-drug_RND_efflux_pumps|HLYD,MEG_3265|Drugs|Multi-drug_resistance|Multi-drug_RND_efflux_pumps|HLYD,1176,697514,698689,+
Escherichia_coli_b2207,E.coli.b2207.final.genome,782629,784377,1749,MEG_2498|Drugs|Trimethoprim|Dihydrofolate_reductase|DFRA,MEG_2498|Drugs|Trimethoprim|Dihydrofolate_reductase|DFRA,474,774700,775173,+
Escherichia_coli_b2207,E.coli.b2207.final.genome,835027,836104,1078,MEG_3134|Multi-compound|Drug_and_biocide_and_metal_resistance|Drug_and_biocide_and_metal_RND_efflux_pumps|GESC,MEG_3134|Multi-compound|Drug_and_biocide_and_metal_resistance|Drug_and_biocide_and_metal_RND_efflux_pumps|GESC,1512,825823,827334,+
Escherichia_coli_b2207,E.coli.b2207.final.genome,970364,971590,1227,MEG_7268|Biocides|Multi-biocide_resistance|Multi-biocide_RND_efflux_pump|TOLCSM,MEG_7268|Biocides|Multi-biocide_resistance|Multi-biocide_RND_efflux_pump|TOLCSM,1359,961594,962952,+
Escherichia_coli_b2207,E.coli.b2207.final.genome,980219,981427,1209,MEG_11249|Drugs|Fosfomycin|Fosfomycin_thiol_transferases|FOSU,MEG_11249|Drugs|Fosfomycin|Fosfomycin_thiol_transferases|FOSU,414,971581,971994,+
Escherichia_coli_b2207,E.coli.b2207.final.genome,1024302,1024934,633,MEG_2059|Metals|Copper_resistance|Copper_resistance_protein|COPG,MEG_2059|Metals|Copper_resistance|Copper_resistance_protein|COPG,525,1014869,1015393,+
Escherichia_coli_b2207,E.coli.b2207.final.genome,1025175,1025432,258,MEG_4298|Biocides|Multi-biocide_resistance|Multi-biocide_RND_efflux_pump|OPRJ,MEG_4298|Biocides|Multi-biocide_resistance|Multi-biocide_RND_efflux_pump|OPRJ,1440,1015634,1017073,+
Escherichia_coli_b2207,E.coli.b2207.final.genome,1068455,1068721,267,MEG_1737|Multi-compound|Drug_and_biocide_and_metal_resistance|Drug_and_biocide_and_metal_RND_efflux_pumps|CMEA,MEG_1737|Multi-compound|Drug_and_biocide_and_metal_resistance|Drug_and_biocide_and_metal_RND_efflux_pumps|CMEA,1104,1060096,1061199,+
Escherichia_coli_b2207,E.coli.b2207.final.genome,1094751,1095287,537,MEG_6159|Drugs|Nucleosides|Streptothricin_acetyltransferase|SAT,MEG_6159|Drugs|Nucleosides|Streptothricin_acetyltransferase|SAT,1506,1087229,1088734,+
Escherichia_coli_b2207,E.coli.b2207.final.genome,1095427,1096968,1542,MEG_3836|Multi-compound|Drug_and_biocide_resistance|Drug_and_biocide_MATE_efflux_regulator|MEPR,MEG_3836|Multi-compound|Drug_and_biocide_resistance|Drug_and_biocide_MATE_efflux_regulator|MEPR,420,1088874,1089293,+
Escherichia_coli_b2207,E.coli.b2207.final.genome,1121043,1121321,279,MEG_4053|Drugs|Cationic_antimicrobial_peptides|Defensin-resistant_mprF|MPRF,MEG_4053|Drugs|Cationic_antimicrobial_peptides|Defensin-resistant_mprF|MPRF,2544,1113368,1115911,+
Escherichia_coli_b2207,E.coli.b2207.final.genome,1133002,1134102,1101,MEG_6502|Metals|Multi-metal_resistance|Multi-metal_RND_efflux_pumps|SILC,MEG_6502|Metals|Multi-metal_resistance|Multi-metal_RND_efflux_pumps|SILC,1386,1127592,1128977,+
Escherichia_coli_b2207,E.coli.b2207.final.genome,1154762,1155175,414,MEG_7265|Biocides|Multi-biocide_resistance|Multi-biocide_RND_efflux_pump|TOLC,MEG_7265|Biocides|Multi-biocide_resistance|Multi-biocide_RND_efflux_pump|TOLC,142,1149637,1149778,+
Escherichia_coli_b2207,E.coli.b2207.final.genome,1267383,1268171,789,MEG_3073|Drugs|Fusidic_acid|Fusidic_acid_esterases|FUSF,MEG_3073|Drugs|Fusidic_acid|Fusidic_acid_esterases|FUSF,645,1261986,1262630,+
Escherichia_coli_b2207,E.coli.b2207.final.genome,1392215,1393797,1583,MEG_9961|Multi-compound|Drug_and_biocide_and_metal_resistance|Drug_and_biocide_and_metal_RND_efflux_regulator|BAER,MEG_9961|Multi-compound|Drug_and_biocide_and_metal_resistance|Drug_and_biocide_and_metal_RND_efflux_regulator|BAER,723,1386674,1387396,+
Escherichia_coli_b2207,E.coli.b2207.final.genome,1464864,1466399,1536,MEG_3003|Drugs|Fosfomycin|Fosfomycin_thiol_transferases|FOSA,MEG_3003|Drugs|Fosfomycin|Fosfomycin_thiol_transferases|FOSA,347,1458463,1458809,+
Escherichia_coli_b2207,E.coli.b2207.final.genome,1466555,1467951,1397,MEG_1193|Multi-compound|Drug_and_biocide_and_metal_resistance|Drug_and_biocide_and_metal_RND_efflux_regulator|BAES,MEG_1193|Multi-compound|Drug_and_biocide_and_metal_resistance|Drug_and_biocide_and_metal_RND_efflux_regulator|BAES,1404,1458965,1460368,+
Escherichia_coli_b2207,E.coli.b2207.final.genome,1478829,1479590,762,MEG_7691|Drugs|MLS|Streptogramin_B_ester_bond_cleavage|VGBA,MEG_7691|Drugs|MLS|Streptogramin_B_ester_bond_cleavage|VGBA,900,1471246,1472145,+
Escherichia_coli_b2207,E.coli.b2207.final.genome,1480110,1482389,2280,MEG_5413|Metals|Lead_resistance|Lead_P-type_ATPase_regulator|PBRR,MEG_5413|Metals|Lead_resistance|Lead_P-type_ATPase_regulator|PBRR,453,1472665,1473117,+
Escherichia_coli_b2207,E.coli.b2207.final.genome,1516356,1516790,435,MEG_3750|Multi-compound|Drug_and_biocide_and_metal_resistance|Drug_and_biocide_and_metal_RND_efflux_pumps|MDTC,MEG_3750|Multi-compound|Drug_and_biocide_and_metal_resistance|Drug_and_biocide_and_metal_RND_efflux_pumps|MDTC,3081,1507084,1510164,+
Escherichia_coli_b2207,E.coli.b2207.final.genome,1516804,1517193,390,MEG_406|Multi-compound|Drug_and_biocide_and_metal_resistance|Drug_and_biocide_and_metal_RND_efflux_pumps|ACRD,MEG_406|Multi-compound|Drug_and_biocide_and_metal_resistance|Drug_and_biocide_and_metal_RND_efflux_pumps|ACRD,3114,1510178,1513291,+
Escherichia_coli_b2207,E.coli.b2207.final.genome,1521340,1521732,393,MEG_2994|Drugs|Fosfomycin|Fosfomycin_thiol_transferases|FOSA,MEG_2994|Drugs|Fosfomycin|Fosfomycin_thiol_transferases|FOSA,426,1517438,1517863,+
Escherichia_coli_b2207,E.coli.b2207.final.genome,1552245,1552580,336,MEG_3142|Multi-compound|Biocide_and_metal_resistance|Biocide_and_metal_resistance_protein|GLPF,MEG_3142|Multi-compound|Biocide_and_metal_resistance|Biocide_and_metal_resistance_protein|GLPF,846,1548376,1549221,+
Escherichia_coli_b2207,E.coli.b2207.final.genome,1553716,1554397,682,MEG_4199|Metals|Nickel_resistance|Nickel_resistance_protein|NIXA,MEG_4199|Metals|Nickel_resistance|Nickel_resistance_protein|NIXA,996,1550357,1551352,+
Escherichia_coli_b2207,E.coli.b2207.final.genome,1616271,1616852,582,MEG_3080|Biocides|Acid_resistance|Acid_resistance_regulator|GADE,MEG_3080|Biocides|Acid_resistance|Acid_resistance_regulator|GADE,528,1613226,1613753,+
Escherichia_coli_b2207,E.coli.b2207.final.genome,1624423,1625796,1374,MEG_9971|Drugs|Tetracyclines|Tetracycline_resistance_MFS_efflux_pumps|TET62,MEG_9971|Drugs|Tetracyclines|Tetracycline_resistance_MFS_efflux_pumps|TET62,1221,1621324,1622544,+
Escherichia_coli_b2207,E.coli.b2207.final.genome,1787745,1788311,567,MEG_10189|Drugs|Tetracyclines|Tetracycline_resistance_ABC_efflux_pumps|TETA60,MEG_10189|Drugs|Tetracyclines|Tetracycline_resistance_ABC_efflux_pumps|TETA60,1740,1784493,1786232,+
Escherichia_coli_b2207,E.coli.b2207.final.genome,1823708,1824640,933,MEG_2668|Multi-compound|Biocide_and_metal_resistance|Biocide_and_metal_resistance_protein|DPSA,MEG_2668|Multi-compound|Biocide_and_metal_resistance|Biocide_and_metal_resistance_protein|DPSA,489,1821629,1822117,+
Escherichia_coli_b2207,E.coli.b2207.final.genome,1824719,1826256,1538,MEG_2834|Drugs|MLS|23S_rRNA_methyltransferases|ERMG,MEG_2834|Drugs|MLS|23S_rRNA_methyltransferases|ERMG,735,1822196,1822930,+
Escherichia_coli_b2207,E.coli.b2207.final.genome,1840577,1841323,747,MEG_8638|Drugs|Multi-drug_resistance|Multi-drug_ABC_efflux_pumps|POXT,MEG_8638|Drugs|Multi-drug_resistance|Multi-drug_ABC_efflux_pumps|POXT,1635,1837251,1838885,+
Escherichia_coli_b2207,E.coli.b2207.final.genome,1904213,1904440,228,MEG_6645|Biocides|Multi-biocide_resistance|Multi-biocide_RND_efflux_pump|TBTA,MEG_6645|Biocides|Multi-biocide_resistance|Multi-biocide_RND_efflux_pump|TBTA,1149,1901775,1902923,+
Escherichia_coli_b2207,E.coli.b2207.final.genome,1920526,1921176,651,MEG_109|Drugs|Aminoglycosides|Aminoglycoside_N-acetyltransferases|AAC6-PRIME,MEG_109|Drugs|Aminoglycosides|Aminoglycoside_N-acetyltransferases|AAC6-PRIME,441,1919009,1919449,+
Escherichia_coli_b2207,E.coli.b2207.final.genome,1927225,1930816,3592,MEG_920|Drugs|Aminoglycosides|Aminoglycoside_O-nucleotidyltransferases|ANT3-DPRIME,MEG_920|Drugs|Aminoglycosides|Aminoglycoside_O-nucleotidyltransferases|ANT3-DPRIME,789,1925498,1926286,+
Escherichia_coli_b2207,E.coli.b2207.final.genome,1963045,1964450,1406,MEG_4527|Drugs|betalactams|Class_D_betalactamases|OXA,MEG_4527|Drugs|betalactams|Class_D_betalactamases|OXA,825,1958515,1959339,+
Escherichia_coli_b2207,E.coli.b2207.final.genome,2021603,2022769,1167,MEG_10588|Drugs|betalactams|Class_A_betalactamases|OKP,MEG_10588|Drugs|betalactams|Class_A_betalactamases|OKP,861,2016492,2017352,+
Escherichia_coli_b2207,E.coli.b2207.final.genome,2062383,2064236,1854,MEG_8238|Drugs|Lipopeptides|Colistin_phosphoethanolamine_transferase|MCR,MEG_8238|Drugs|Lipopeptides|Colistin_phosphoethanolamine_transferase|MCR,1620,2056966,2058585,+
Escherichia_coli_b2207,E.coli.b2207.final.genome,2075907,2083354,7448,MEG_1669|Drugs|betalactams|Class_B_betalactamases|CFIA,MEG_1669|Drugs|betalactams|Class_B_betalactamases|CFIA,750,2070256,2071005,+
Escherichia_coli_b2207,E.coli.b2207.final.genome,2084767,2086889,2123,MEG_6626|Drugs|Sulfonamides|Sulfonamide-resistant_dihydropteroate_synthases|SULII,MEG_6626|Drugs|Sulfonamides|Sulfonamide-resistant_dihydropteroate_synthases|SULII,816,2072418,2073233,+
Escherichia_coli_b2207,E.coli.b2207.final.genome,2106292,2106564,273,MEG_1146|Metals|Arsenic_resistance|Arsenic_resistance_protein|ARSB,MEG_1146|Metals|Arsenic_resistance|Arsenic_resistance_protein|ARSB,1041,2092636,2093676,+
Escherichia_coli_b2207,E.coli.b2207.final.genome,2106685,2107509,825,MEG_11178|Drugs|betalactams|Class_D_betalactamases|OXA,MEG_11178|Drugs|betalactams|Class_D_betalactamases|OXA,795,2093797,2094591,+
Escherichia_coli_b2207,E.coli.b2207.final.genome,2107728,2108066,339,MEG_7490|Drugs|Glycopeptides|VanB-type_regulator|VANSB,MEG_7490|Drugs|Glycopeptides|VanB-type_regulator|VANSB,1344,2094810,2096153,+
Escherichia_coli_b2207,E.coli.b2207.final.genome,2200269,2201459,1191,MEG_3067|Drugs|Fusidic_acid|Ribosomal_zinc-binding_protein|FUSB,MEG_3067|Drugs|Fusidic_acid|Ribosomal_zinc-binding_protein|FUSB,642,2188356,2188997,+
Escherichia_coli_b2207,E.coli.b2207.final.genome,2227359,2229002,1644,MEG_2681|Metals|Multi-metal_resistance|Multi-metal_resistance_protein|DSBA,MEG_2681|Metals|Multi-metal_resistance|Multi-metal_resistance_protein|DSBA,627,2214897,2215523,+
Escherichia_coli_b2207,E.coli.b2207.final.genome,2232094,2232317,224,MEG_182|Drugs|Aminoglycosides|Aminoglycoside_N-acetyltransferases|AAC6-PRIME,MEG_182|Drugs|Aminoglycosides|Aminoglycoside_N-acetyltransferases|AAC6-PRIME,555,2218615,2219169,+
Escherichia_coli_b2207,E.coli.b2207.final.genome,2232614,2232857,244,MEG_11254|Drugs|Trimethoprim|Dihydrofolate_reductase|DFRB,MEG_11254|Drugs|Trimethoprim|Dihydrofolate_reductase|DFRB,237,2219466,2219702,+
Escherichia_coli_b2207,E.coli.b2207.final.genome,2287459,2288427,969,MEG_5945|Drugs|Fluoroquinolones|Quinolone_resistance_protein_Qnr|QNRB,MEG_5945|Drugs|Fluoroquinolones|Quinolone_resistance_protein_Qnr|QNRB,645,2274304,2274948,+
Escherichia_coli_b2207,E.coli.b2207.final.genome,2390785,2393486,2702,MEG_5936|Drugs|Fluoroquinolones|Quinolone_resistance_protein_Qnr|QNRB,MEG_5936|Drugs|Fluoroquinolones|Quinolone_resistance_protein_Qnr|QNRB,681,2377306,2377986,+
Escherichia_coli_b2207,E.coli.b2207.final.genome,2393902,2394516,615,MEG_711|Metals|Arsenic_resistance|Arsenite_oxidase|AIOA,MEG_711|Metals|Arsenic_resistance|Arsenite_oxidase|AIOA,2481,2378402,2380882,+
Escherichia_coli_b2207,E.coli.b2207.final.genome,2394521,2398114,3594,MEG_6419|Drugs|betalactams|Class_A_betalactamases|SHV,MEG_6419|Drugs|betalactams|Class_A_betalactamases|SHV,891,2380887,2381777,+
Escherichia_coli_b2207,E.coli.b2207.final.genome,2421615,2422853,1239,MEG_4187|Drugs|Metronidazole|nim_nitroimidazole_reductase|NIMH,MEG_4187|Drugs|Metronidazole|nim_nitroimidazole_reductase|NIMH,458,2405278,2405735,+
Escherichia_coli_b2207,E.coli.b2207.final.genome,2456900,2458204,1305,MEG_7605|Drugs|Glycopeptides|VanD-type_accessory_protein|VANYD,MEG_7605|Drugs|Glycopeptides|VanD-type_accessory_protein|VANYD,1071,2439782,2440852,+
Escherichia_coli_b2207,E.coli.b2207.final.genome,2489603,2492716,3114,MEG_1128|Drugs|Rifampin|Rifampin_ADP-ribosyltransferase_Arr|ARR,MEG_1128|Drugs|Rifampin|Rifampin_ADP-ribosyltransferase_Arr|ARR,432,2472251,2472682,+
Escherichia_coli_b2207,E.coli.b2207.final.genome,2513402,2513878,477,MEG_6610|Drugs|Sulfonamides|Sulfonamide-resistant_dihydropteroate_synthases|SULI,MEG_6610|Drugs|Sulfonamides|Sulfonamide-resistant_dihydropteroate_synthases|SULI,840,2493368,2494207,+
Escherichia_coli_b2207,E.coli.b2207.final.genome,2652715,2653398,684,MEG_11359|Drugs|Organoarsenicals|Arsinothricin_resistance_N-acetyltransferases|ARSN1,MEG_11359|Drugs|Organoarsenicals|Arsinothricin_resistance_N-acetyltransferases|ARSN1,510,2633044,2633553,+
Escherichia_coli_b2207,E.coli.b2207.final.genome,2692084,2692614,531,MEG_9194|Multi-compound|Drug_and_biocide_resistance|Drug_and_biocide_RND_efflux_pumps|ACRA,MEG_9194|Multi-compound|Drug_and_biocide_resistance|Drug_and_biocide_RND_efflux_pumps|ACRA,1194,2672239,2673432,+
Escherichia_coli_b2207,E.coli.b2207.final.genome,2692741,2693913,1173,MEG_7133|Drugs|Tetracyclines|Tetracycline_resistance_ribosomal_protection_proteins|TETM,MEG_7133|Drugs|Tetracyclines|Tetracycline_resistance_ribosomal_protection_proteins|TETM,1920,2673559,2675478,+
Escherichia_coli_b2207,E.coli.b2207.final.genome,2693930,2695468,1539,MEG_11323|Metals|Arsenic_resistance|Arsenic_resistance_protein|ARSB,MEG_11323|Metals|Arsenic_resistance|Arsenic_resistance_protein|ARSB,1083,2675495,2676577,+
Escherichia_coli_b2207,E.coli.b2207.final.genome,2747870,2748893,1024,MEG_9974|Biocides|Phenolic_compound_resistance|Triclosan-resistant_mutation|FABG,MEG_9974|Biocides|Phenolic_compound_resistance|Triclosan-resistant_mutation|FABG,744,2728979,2729722,+
Escherichia_coli_b2207,E.coli.b2207.final.genome,2927458,2928168,711,MEG_5929|Drugs|Fluoroquinolones|Quinolone_resistance_protein_Qnr|QNRB,MEG_5929|Drugs|Fluoroquinolones|Quinolone_resistance_protein_Qnr|QNRB,681,2908287,2908967,+
Escherichia_coli_b2207,E.coli.b2207.final.genome,3105187,3106679,1493,MEG_6634|Drugs|Sulfonamides|Sulfonamide-resistant_dihydropteroate_synthases|SULII,MEG_6634|Drugs|Sulfonamides|Sulfonamide-resistant_dihydropteroate_synthases|SULII,819,3085986,3086804,+
Escherichia_coli_b2207,E.coli.b2207.final.genome,3139592,3139984,393,MEG_1717|Metals|Chromium_resistance|Chromium_resistance_protein|CHRR,MEG_1717|Metals|Chromium_resistance|Chromium_resistance_protein|CHRR,732,3119717,3120448,+
Escherichia_coli_b2207,E.coli.b2207.final.genome,3148417,3149904,1488,MEG_1181|Biocides|Acid_resistance|Acid_resistance_protein|ASR,MEG_1181|Biocides|Acid_resistance|Acid_resistance_protein|ASR,336,3128881,3129216,+
Escherichia_coli_b2207,E.coli.b2207.final.genome,3152834,3153631,798,MEG_5775|Metals|Multi-metal_resistance|Multi-metal_resistance_protein|PFR,MEG_5775|Metals|Multi-metal_resistance|Multi-metal_resistance_protein|PFR,504,3132146,3132649,+
Escherichia_coli_b2207,E.coli.b2207.final.genome,3173525,3174346,822,MEG_504|Multi-compound|Biocide_and_metal_resistance|Biocide_and_metal_resistance_regulator|ACTR,MEG_504|Multi-compound|Biocide_and_metal_resistance|Biocide_and_metal_resistance_regulator|ACTR,585,3152543,3153127,+
Escherichia_coli_b2207,E.coli.b2207.final.genome,3185942,3186707,766,MEG_11230|Drugs|Fluoroquinolones|Quinolone_resistance_protein_Qnr|QNRA,MEG_11230|Drugs|Fluoroquinolones|Quinolone_resistance_protein_Qnr|QNRA,657,3164723,3165379,+
Escherichia_coli_b2207,E.coli.b2207.final.genome,3356799,3357113,315,MEG_7796|Biocides|Multi-biocide_resistance|Multi-biocide_RND_efflux_pump|VMEQ,MEG_7796|Biocides|Multi-biocide_resistance|Multi-biocide_RND_efflux_pump|VMEQ,3141,3335471,3338611,+
Escherichia_coli_b2207,E.coli.b2207.final.genome,3385547,3386209,663,MEG_6519|Biocides|Multi-biocide_resistance|Multi-biocide_ABC_efflux_pump|SMDA,MEG_6519|Biocides|Multi-biocide_resistance|Multi-biocide_ABC_efflux_pump|SMDA,1776,3367045,3368820,+
Escherichia_coli_b2207,E.coli.b2207.final.genome,3386608,3387765,1158,MEG_1192|Multi-compound|Drug_and_biocide_and_metal_resistance|Drug_and_biocide_and_metal_RND_efflux_regulator|BAER,MEG_1192|Multi-compound|Drug_and_biocide_and_metal_resistance|Drug_and_biocide_and_metal_RND_efflux_regulator|BAER,723,3369219,3369941,+
Escherichia_coli_b2207,E.coli.b2207.final.genome,3387777,3390881,3105,MEG_7794|Biocides|Multi-biocide_resistance|Multi-biocide_RND_efflux_pump|VMEK,MEG_7794|Biocides|Multi-biocide_resistance|Multi-biocide_RND_efflux_pump|VMEK,3132,3369953,3373084,+
Escherichia_coli_b2207,E.coli.b2207.final.genome,3411425,3411850,426,MEG_5849|Multi-compound|Drug_and_biocide_resistance|Drug_and_biocide_SMR_efflux_pumps|QACJ,MEG_5849|Multi-compound|Drug_and_biocide_resistance|Drug_and_biocide_SMR_efflux_pumps|QACJ,324,3393628,3393951,+
Escherichia_coli_b2207,E.coli.b2207.final.genome,3458838,3459470,633,MEG_6648|Biocides|Multi-biocide_resistance|Multi-biocide_RND_efflux_regulator|TBTR,MEG_6648|Biocides|Multi-biocide_resistance|Multi-biocide_RND_efflux_regulator|TBTR,780,3440939,3441718,+
Escherichia_coli_b2207,E.coli.b2207.final.genome,3578394,3580592,2199,MEG_8452|Drugs|Multi-drug_resistance|MDR_regulator|PARS,MEG_8452|Drugs|Multi-drug_resistance|MDR_regulator|PARS,1287,3560642,3561928,+
Escherichia_coli_b2207,E.coli.b2207.final.genome,3585610,3590525,4916,MEG_61|Drugs|Aminoglycosides|Aminoglycoside_N-acetyltransferases|AAC3,MEG_61|Drugs|Aminoglycosides|Aminoglycoside_N-acetyltransferases|AAC3,861,3566946,3567806,+
Escherichia_coli_b2207,E.coli.b2207.final.genome,3590531,3590962,432,MEG_7015|Drugs|Tetracyclines|Tetracycline_resistance_MFS_efflux_pumps|TETA,MEG_7015|Drugs|Tetracyclines|Tetracycline_resistance_MFS_efflux_pumps|TETA,1200,3567812,3569011,+
Escherichia_coli_b2207,E.coli.b2207.final.genome,3608494,3608928,435,MEG_6002|Drugs|Fluoroquinolones|Quinolone_resistance_protein_Qnr|QNRB,MEG_6002|Drugs|Fluoroquinolones|Quinolone_resistance_protein_Qnr|QNRB,644,3586543,3587186,+
Escherichia_coli_b2207,E.coli.b2207.final.genome,3609146,3611223,2078,MEG_11324|Metals|Arsenic_resistance|Arsenic_resistance_protein|ARSB,MEG_11324|Metals|Arsenic_resistance|Arsenic_resistance_protein|ARSB,1080,3587404,3588483,+
Escherichia_coli_b2207,E.coli.b2207.final.genome,3611278,3612207,930,MEG_3453|Metals|Tellurium_resistance|Tellurium_resistance_protein|KLAC,MEG_3453|Metals|Tellurium_resistance|Tellurium_resistance_protein|KLAC,954,3588538,3589491,+
Escherichia_coli_b2207,E.coli.b2207.final.genome,3612212,3612592,381,MEG_8067|Drugs|Trimethoprim|Dihydrofolate_reductase|DFRA,MEG_8067|Drugs|Trimethoprim|Dihydrofolate_reductase|DFRA,792,3589496,3590287,+
Escherichia_coli_b2207,E.coli.b2207.final.genome,3612632,3613522,891,MEG_3440|Metals|Multi-metal_resistance|Multi-metal_resistance_regulator|IRLS,MEG_3440|Metals|Multi-metal_resistance|Multi-metal_resistance_regulator|IRLS,1395,3590327,3591721,+
Escherichia_coli_b2207,E.coli.b2207.final.genome,3613528,3615345,1818,MEG_5420|Metals|Copper_resistance|Copper_resistance_protein|PCOC,MEG_5420|Metals|Copper_resistance|Copper_resistance_protein|PCOC,381,3591727,3592107,+
Escherichia_coli_b2207,E.coli.b2207.final.genome,3617327,3619803,2477,MEG_8087|Biocides|Aldehyde_resistance|Aldehyde_degradation|FORMA,MEG_8087|Biocides|Aldehyde_resistance|Aldehyde_degradation|FORMA,1110,3594089,3595198,+
Escherichia_coli_b2207,E.coli.b2207.final.genome,3620432,3623574,3143,MEG_10077|Drugs|Lipopeptides|Daptomycin-resistant_mutant|DRMA,MEG_10077|Drugs|Lipopeptides|Daptomycin-resistant_mutant|DRMA,645,3595827,3596471,+
Escherichia_coli_b2207,E.coli.b2207.final.genome,3623585,3624877,1293,MEG_1115|Drugs|Multi-drug_resistance|MDR_regulator|ARLR,MEG_1115|Drugs|Multi-drug_resistance|MDR_regulator|ARLR,660,3596482,3597141,+
Escherichia_coli_b2207,E.coli.b2207.final.genome,3624991,3625344,354,MEG_3896|Metals|Mercury_resistance|Mercury_resistance_protein|MERT,MEG_3896|Metals|Mercury_resistance|Mercury_resistance_protein|MERT,351,3597255,3597605,+
Escherichia_coli_b2207,E.coli.b2207.final.genome,3625372,3626757,1386,MEG_5953|Drugs|Fluoroquinolones|Quinolone_resistance_protein_Qnr|QNRB,MEG_5953|Drugs|Fluoroquinolones|Quinolone_resistance_protein_Qnr|QNRB,681,3597633,3598313,+
Escherichia_coli_b2207,E.coli.b2207.final.genome,3626947,3629094,2148,MEG_4090|Drugs|Mupirocin|Mupirocin-resistant_isoleucyl-tRNA_synthetase|MUPA,MEG_4090|Drugs|Mupirocin|Mupirocin-resistant_isoleucyl-tRNA_synthetase|MUPA,3075,3598503,3601577,+
Escherichia_coli_b2207,E.coli.b2207.final.genome,3629346,3629777,432,MEG_5814|Metals|Arsenic_resistance|Arsenic_resistance_protein|PSTB,MEG_5814|Metals|Arsenic_resistance|Arsenic_resistance_protein|PSTB,774,3601829,3602602,+
Escherichia_coli_b2207,E.coli.b2207.final.genome,3646133,3647632,1500,MEG_1769|Drugs|Phenicol|Phenicol_resistance_MFS_efflux_pumps|CMLA,MEG_1769|Drugs|Phenicol|Phenicol_resistance_MFS_efflux_pumps|CMLA,1273,3618958,3620230,+
Escherichia_coli_b2207,E.coli.b2207.final.genome,3657019,3657372,354,MEG_3704|Drugs|Lipopeptides|Colistin_phosphoethanolamine_transferase|MCR,MEG_3704|Drugs|Lipopeptides|Colistin_phosphoethanolamine_transferase|MCR,1626,3629617,3631242,+
Escherichia_coli_b2207,E.coli.b2207.final.genome,3657426,3658715,1290,MEG_2702|Biocides|Acid_resistance|Acid_resistance_protein|EEFX,MEG_2702|Biocides|Acid_resistance|Acid_resistance_protein|EEFX,186,3631296,3631481,+
Escherichia_coli_b2207,E.coli.b2207.final.genome,3658728,3659153,426,MEG_3018|Drugs|Fosfomycin|Fosfomycin_thiol_transferases|FOSD,MEG_3018|Drugs|Fosfomycin|Fosfomycin_thiol_transferases|FOSD,420,3631494,3631913,+
Escherichia_coli_b2207,E.coli.b2207.final.genome,3663257,3663595,339,MEG_11365|Metals|Arsenic_resistance|Arsenic_resistance_N-acetyltransferases|ARSN2,MEG_11365|Metals|Arsenic_resistance|Arsenic_resistance_N-acetyltransferases|ARSN2,429,3636017,3636445,+
Escherichia_coli_b2207,E.coli.b2207.final.genome,3663699,3664031,333,MEG_1231|Metals|Copper_resistance|Copper_resistance_regulator|BHSA,MEG_1231|Metals|Copper_resistance|Copper_resistance_regulator|BHSA,258,3636549,3636806,+
Escherichia_coli_b2207,E.coli.b2207.final.genome,3665657,3666184,528,MEG_5655|Drugs|betalactams|Class_C_betalactamases|PDC,MEG_5655|Drugs|betalactams|Class_C_betalactamases|PDC,1194,3638432,3639625,+
Escherichia_coli_b2207,E.coli.b2207.final.genome,3666523,3667680,1158,MEG_11358|Drugs|Organoarsenicals|Arsinothricin_resistance_N-acetyltransferases|ARSN1,MEG_11358|Drugs|Organoarsenicals|Arsinothricin_resistance_N-acetyltransferases|ARSN1,543,3639964,3640506,+
Escherichia_coli_b2207,E.coli.b2207.final.genome,3667705,3670818,3114,MEG_2923|Drugs|Phenicol|Phenicol_resistance_MFS_efflux_pumps|FLOR,MEG_2923|Drugs|Phenicol|Phenicol_resistance_MFS_efflux_pumps|FLOR,1215,3640531,3641745,+
Escherichia_coli_b2207,E.coli.b2207.final.genome,3671181,3671909,729,MEG_8243|Drugs|MLS|MLS_resistance_MFS_efflux_pumps|MEFD,MEG_8243|Drugs|MLS|MLS_resistance_MFS_efflux_pumps|MEFD,1200,3642108,3643307,+
Escherichia_coli_b2207,E.coli.b2207.final.genome,3672277,3673101,825,MEG_7269|Metals|Tellurium_resistance|Tellurium_resistance_protein|TRGA,MEG_7269|Metals|Tellurium_resistance|Tellurium_resistance_protein|TRGA,441,3643675,3644115,+
Escherichia_coli_b2207,E.coli.b2207.final.genome,3673471,3674871,1401,MEG_3287|Biocides|Peroxide_resistance|Peroxide_resistance_stress_protein|IBPA,MEG_3287|Biocides|Peroxide_resistance|Peroxide_resistance_stress_protein|IBPA,414,3644485,3644898,+
Escherichia_coli_b2207,E.coli.b2207.final.genome,3856917,3858107,1191,MEG_1707|Metals|Chromium_resistance|Chromium_resistance_protein|CHRA,MEG_1707|Metals|Chromium_resistance|Chromium_resistance_protein|CHRA,1206,3826944,3828149,+
Escherichia_coli_b2207,E.coli.b2207.final.genome,3869470,3869904,435,MEG_7628|Drugs|MLS|Streptogramin_A_O-acetyltransferase|VATE,MEG_7628|Drugs|MLS|Streptogramin_A_O-acetyltransferase|VATE,645,3839512,3840156,+
Escherichia_coli_b2207,E.coli.b2207.final.genome,3870010,3870423,414,MEG_5956|Drugs|Fluoroquinolones|Quinolone_resistance_protein_Qnr|QNRB,MEG_5956|Drugs|Fluoroquinolones|Quinolone_resistance_protein_Qnr|QNRB,681,3840262,3840942,+
Escherichia_coli_b2207,E.coli.b2207.final.genome,3897653,3898219,567,MEG_5975|Drugs|Fluoroquinolones|Quinolone_resistance_protein_Qnr|QNRB,MEG_5975|Drugs|Fluoroquinolones|Quinolone_resistance_protein_Qnr|QNRB,681,3868172,3868852,+
Escherichia_coli_b2207,E.coli.b2207.final.genome,3910594,3911367,774,MEG_7081|Drugs|Tetracyclines|Tetracycline_resistance_MFS_efflux_pumps|TETG,MEG_7081|Drugs|Tetracyclines|Tetracycline_resistance_MFS_efflux_pumps|TETG,1128,3881227,3882354,+
Escherichia_coli_b2207,E.coli.b2207.final.genome,3911550,3913399,1850,MEG_1468|Biocides|Multi-biocide_resistance|Multi-biocide_resistance_regulator|BLTR,MEG_1468|Biocides|Multi-biocide_resistance|Multi-biocide_resistance_regulator|BLTR,822,3882537,3883358,+
Escherichia_coli_b2207,E.coli.b2207.final.genome,3913486,3914526,1041,MEG_1702|Multi-compound|Biocide_and_metal_resistance|Biocide_and_metal_resistance_protein|CHR,MEG_1702|Multi-compound|Biocide_and_metal_resistance|Biocide_and_metal_resistance_protein|CHR,609,3883445,3884053,+
Escherichia_coli_b2207,E.coli.b2207.final.genome,4004408,4005358,951,MEG_2509|Drugs|Trimethoprim|Dihydrofolate_reductase|DFRA,MEG_2509|Drugs|Trimethoprim|Dihydrofolate_reductase|DFRA,474,3973935,3974408,+
Escherichia_coli_b2207,E.coli.b2207.final.genome,4046285,4046911,627,MEG_7789|Biocides|Multi-biocide_resistance|Multi-biocide_RND_efflux_pump|VMEF,MEG_7789|Biocides|Multi-biocide_resistance|Multi-biocide_RND_efflux_pump|VMEF,3114,4015335,4018448,+
Escherichia_coli_b2207,E.coli.b2207.final.genome,4103638,4104258,621,MEG_6942|Drugs|betalactams|Class_A_betalactamases|TEM,MEG_6942|Drugs|betalactams|Class_A_betalactamases|TEM,1123,4075175,4076297,+
Escherichia_coli_b2207,E.coli.b2207.final.genome,4106429,4108497,2069,MEG_1907|Drugs|betalactams|Class_C_betalactamases|CMY,MEG_1907|Drugs|betalactams|Class_C_betalactamases|CMY,1146,4078468,4079613,+
Escherichia_coli_b2207,E.coli.b2207.final.genome,4109296,4110198,903,MEG_11442|Multi-compound|Drug_and_biocide_and_metal_resistance|Drug_and_biocide_and_metal_RND_efflux_pumps|CMEA,MEG_11442|Multi-compound|Drug_and_biocide_and_metal_resistance|Drug_and_biocide_and_metal_RND_efflux_pumps|CMEA,1104,4080412,4081515,+
Escherichia_coli_b2207,E.coli.b2207.final.genome,4120072,4120917,846,MEG_6628|Drugs|Sulfonamides|Sulfonamide-resistant_dihydropteroate_synthases|SULII,MEG_6628|Drugs|Sulfonamides|Sulfonamide-resistant_dihydropteroate_synthases|SULII,816,4091389,4092204,+
Escherichia_coli_b2207,E.coli.b2207.final.genome,4204645,4207364,2720,MEG_2508|Drugs|Trimethoprim|Dihydrofolate_reductase|DFRA,MEG_2508|Drugs|Trimethoprim|Dihydrofolate_reductase|DFRA,474,4175932,4176405,+
Escherichia_coli_b2207,E.coli.b2207.final.genome,4215931,4216314,384,MEG_4214|Drugs|Aminocoumarins|Aminocoumarin_efflux_pump|NOVA,MEG_4214|Drugs|Aminocoumarins|Aminocoumarin_efflux_pump|NOVA,1848,4184972,4186819,+
Escherichia_coli_b2207,E.coli.b2207.final.genome,4225599,4226423,825,MEG_6087|Drugs|Rifampin|Rifampin_phosphotransferase|RPH,MEG_6087|Drugs|Rifampin|Rifampin_phosphotransferase|RPH,2619,4196104,4198722,+
Escherichia_coli_b2207,E.coli.b2207.final.genome,4262283,4262798,516,MEG_1190|Drugs|Bacitracin|Undecaprenyl_pyrophosphate_phosphatase|BACA,MEG_1190|Drugs|Bacitracin|Undecaprenyl_pyrophosphate_phosphatase|BACA,822,4234582,4235403,+
Escherichia_coli_b2207,E.coli.b2207.final.genome,4279854,4280177,324,MEG_6623|Drugs|Sulfonamides|Sulfonamide-resistant_dihydropteroate_synthases|SULII,MEG_6623|Drugs|Sulfonamides|Sulfonamide-resistant_dihydropteroate_synthases|SULII,852,4252459,4253310,+
Escherichia_coli_b2207,E.coli.b2207.final.genome,4280263,4280727,465,MEG_2096|Metals|Cobalt_resistance|Cobalt_transporting_ATPase|CORT,MEG_2096|Metals|Cobalt_resistance|Cobalt_transporting_ATPase|CORT,1929,4253396,4255324,+
Escherichia_coli_b2207,E.coli.b2207.final.genome,4286046,4287695,1650,MEG_3885|Metals|Mercury_resistance|Mercury_resistance_regulator|MERR1,MEG_3885|Metals|Mercury_resistance|Mercury_resistance_regulator|MERR1,399,4260643,4261041,+
Escherichia_coli_b2207,E.coli.b2207.final.genome,4301794,4306261,4468,MEG_2666|Multi-compound|Biocide_and_metal_resistance|Biocide_and_metal_resistance_protein|DPSA,MEG_2666|Multi-compound|Biocide_and_metal_resistance|Biocide_and_metal_resistance_protein|DPSA,489,4275140,4275628,+
Escherichia_coli_b2207,E.coli.b2207.final.genome,4336101,4337744,1644,MEG_7569|Drugs|Glycopeptides|VanD-type_resistance_protein|VANXD,MEG_7569|Drugs|Glycopeptides|VanD-type_resistance_protein|VANXD,609,4305468,4306076,+
Escherichia_coli_b2207,E.coli.b2207.final.genome,4432627,4432965,339,MEG_3881|Metals|Mercury_resistance|Mercury_resistance_regulator|MERR,MEG_3881|Metals|Mercury_resistance|Mercury_resistance_regulator|MERR,408,4400959,4401366,+
Escherichia_coli_b2207,E.coli.b2207.final.genome,4444483,4444800,318,MEG_2654|Metals|Copper_resistance|Copper_resistance_protein|DNAK,MEG_2654|Metals|Copper_resistance|Copper_resistance_protein|DNAK,1878,4412884,4414761,+
Escherichia_coli_b2207,E.coli.b2207.final.genome,4445419,4446552,1134,MEG_4218|Metals|Nickel_resistance|Nickel_RND_efflux_pumps|NRSA,MEG_4218|Metals|Nickel_resistance|Nickel_RND_efflux_pumps|NRSA,3165,4415380,4418544,+
Escherichia_coli_b2207,E.coli.b2207.final.genome,4538501,4541197,2697,MEG_6016|Drugs|Fluoroquinolones|Quinolone_resistance_protein_Qnr|QNRE,MEG_6016|Drugs|Fluoroquinolones|Quinolone_resistance_protein_Qnr|QNRE,645,4510493,4511137,+
Escherichia_coli_b2207,E.coli.b2207.final.genome,4614937,4616661,1725,MEG_3072|Drugs|Fusidic_acid|Fusidic_acid_esterases|FUSF,MEG_3072|Drugs|Fusidic_acid|Fusidic_acid_esterases|FUSF,645,4584877,4585521,+
Escherichia_coli_b2207,E.coli.b2207.final.genome,4686816,4688048,1233,MEG_3011|Drugs|Fosfomycin|Fosfomycin_thiol_transferases|FOSB,MEG_3011|Drugs|Fosfomycin|Fosfomycin_thiol_transferases|FOSB,420,4655676,4656095,+
Escherichia_coli_b2207,E.coli.b2207.final.genome,4735279,4736148,870,MEG_3685|Drugs|Lipopeptides|Colistin_phosphoethanolamine_transferase|MCR,MEG_3685|Drugs|Lipopeptides|Colistin_phosphoethanolamine_transferase|MCR,1626,4703326,4704951,+
Escherichia_coli_b2207,E.coli.b2207.final.genome,4758629,4759795,1167,MEG_3622|Biocides|Acetate_resistance|Acetate_resistance_protein|LPDT,MEG_3622|Biocides|Acetate_resistance|Acetate_resistance_protein|LPDT,2355,4727432,4729786,+
Escherichia_coli_b2207,E.coli.b2207.final.genome,4798128,4798505,378,MEG_3852|Metals|Mercury_resistance|Mercury_resistance_protein|MERB,MEG_3852|Metals|Mercury_resistance|Mercury_resistance_protein|MERB,645,4768119,4768763,+
Escherichia_coli_b2207,E.coli.b2207.final.genome,4801654,4804008,2355,MEG_11327|Metals|Arsenic_resistance|Arsenic_resistance_protein|ARSD,MEG_11327|Metals|Arsenic_resistance|Arsenic_resistance_protein|ARSD,372,4771912,4772283,+
Escherichia_coli_b2207,E.coli.b2207.final.genome,4831254,4832198,945,MEG_1129|Drugs|Rifampin|Rifampin_ADP-ribosyltransferase_Arr|ARR,MEG_1129|Drugs|Rifampin|Rifampin_ADP-ribosyltransferase_Arr|ARR,453,4799529,4799981,+
Escherichia_coli_b2207,E.coli.b2207.final.genome,4883970,4885520,1551,MEG_8272|Drugs|Metronidazole|nim_nitroimidazole_reductase|NIMK,MEG_8272|Drugs|Metronidazole|nim_nitroimidazole_reductase|NIMK,507,4851753,4852259,+
Escherichia_coli_b2207,E.coli.b2207.final.genome,4962156,4962866,711,MEG_8787|Drugs|Lipopeptides|Colistin_phosphoethanolamine_transferase|MCR,MEG_8787|Drugs|Lipopeptides|Colistin_phosphoethanolamine_transferase|MCR,1626,4928895,4930520,+
Faecalibacterium_prausnitzii,Faecalibacterium_prausnitzii,1123416,1125335,1920,MEG_2351|Drugs|betalactams|Class_A_betalactamases|CTX,MEG_2351|Drugs|betalactams|Class_A_betalactamases|CTX,876,1123416,1124291,+
Prevotella_corporis,Prevotella_corporis.final.genome2,62174,64099,1926,MEG_1213|Drugs|Bacitracin|Bacitracin_ABC_transporter|BCRA,MEG_1213|Drugs|Bacitracin|Bacitracin_ABC_transporter|BCRA,921,62174,63094,+
Salmonella_enterica,Salmonella_enterica,58288,59645,1358,MEG_11299|Drugs|Bacitracin|Bacitracin_ABC_transporter|BCRA,MEG_11299|Drugs|Bacitracin|Bacitracin_ABC_transporter|BCRA,924,58288,59211,+
Salmonella_enterica,Salmonella_enterica,66045,66257,213,MEG_3897|Metals|Mercury_resistance|Mercury_resistance_protein|MERT,MEG_3897|Metals|Mercury_resistance|Mercury_resistance_protein|MERT,351,65611,65961,+
Salmonella_enterica,Salmonella_enterica,106840,107331,492,MEG_6600|Drugs|Sulfonamides|Sulfonamide-resistant_dihydropteroate_synthases|SULI,MEG_6600|Drugs|Sulfonamides|Sulfonamide-resistant_dihydropteroate_synthases|SULI,840,106544,107383,+
Salmonella_enterica,Salmonella_enterica,118668,118884,217,MEG_4054|Drugs|Cationic_antimicrobial_peptides|Defensin-resistant_mprF|MPRF,MEG_4054|Drugs|Cationic_antimicrobial_peptides|Defensin-resistant_mprF|MPRF,2643,118720,121362,+
Salmonella_enterica,Salmonella_enterica,153670,154022,353,MEG_5412|Metals|Lead_resistance|Lead_P-type_ATPase_transporter|PBRD,MEG_5412|Metals|Lead_resistance|Lead_P-type_ATPase_transporter|PBRD,870,156148,157017,+
Salmonella_enterica,Salmonella_enterica,198300,199181,882,MEG_6549|Biocides|Multi-biocide_resistance|Multi-biocide_resistance_regulator|SOXRB,MEG_6549|Biocides|Multi-biocide_resistance|Multi-biocide_resistance_regulator|SOXRB,465,201295,201759,+
Salmonella_enterica,Salmonella_enterica,199704,200792,1089,MEG_6649|Drugs|Tetracenomycin|Tetracenomycin_MFS_efflux_pump|TCMA,MEG_6649|Drugs|Tetracenomycin|Tetracenomycin_MFS_efflux_pump|TCMA,1617,202282,203898,+
Salmonella_enterica,Salmonella_enterica,201341,202828,1488,MEG_9002|Drugs|betalactams|Class_C_betalactamases|MIR,MEG_9002|Drugs|betalactams|Class_C_betalactamases|MIR,1146,204447,205592,+
Salmonella_enterica,Salmonella_enterica,251886,252323,438,MEG_14|Drugs|Aminoglycosides|Aminoglycoside_N-acetyltransferases|AAC2-PRIME,MEG_14|Drugs|Aminoglycosides|Aminoglycoside_N-acetyltransferases|AAC2-PRIME,783,254650,255432,+
Salmonella_enterica,Salmonella_enterica,331784,332572,789,MEG_3742|Multi-compound|Drug_and_biocide_and_metal_resistance|Drug_and_biocide_and_metal_MFS_efflux_pumps|MDRL,MEG_3742|Multi-compound|Drug_and_biocide_and_metal_resistance|Drug_and_biocide_and_metal_MFS_efflux_pumps|MDRL,1194,334893,336086,+
Salmonella_enterica,Salmonella_enterica,386924,387337,414,MEG_5416|Metals|Copper_resistance|Copper_resistance_protein|PCOA,MEG_5416|Metals|Copper_resistance|Copper_resistance_protein|PCOA,1818,390438,392255,+
Salmonella_enterica,Salmonella_enterica,408636,409721,1086,MEG_7839|Multi-compound|Drug_and_biocide_and_metal_resistance|Drug_and_biocide_and_metal_SMR_efflux_pump|YKKC,MEG_7839|Multi-compound|Drug_and_biocide_and_metal_resistance|Drug_and_biocide_and_metal_SMR_efflux_pump|YKKC,318,413554,413871,+
Salmonella_enterica,Salmonella_enterica,448388,449927,1540,MEG_6052|Metals|Chromium_resistance|Chromium_resistance_protein|RECG,MEG_6052|Metals|Chromium_resistance|Chromium_resistance_protein|RECG,472,452538,453009,+
Salmonella_enterica,Salmonella_enterica,534599,535543,945,MEG_6578|Biocides|Multi-biocide_resistance|Multi-biocide_SMR_efflux_pump|SUGE,MEG_6578|Biocides|Multi-biocide_resistance|Multi-biocide_SMR_efflux_pump|SUGE,318,537681,537998,+
Salmonella_enterica,Salmonella_enterica,587762,588484,723,MEG_2557|Drugs|Trimethoprim|Dihydrofolate_reductase|DFRB,MEG_2557|Drugs|Trimethoprim|Dihydrofolate_reductase|DFRB,237,590217,590453,+
Salmonella_enterica,Salmonella_enterica,641756,643180,1425,MEG_3884|Metals|Mercury_resistance|Mercury_resistance_regulator|MERR,MEG_3884|Metals|Mercury_resistance|Mercury_resistance_regulator|MERR,456,643725,644180,+
Salmonella_enterica,Salmonella_enterica,752398,759842,7445,MEG_2017|Metals|Copper_resistance|Copper_resistance_regulator|COMR,MEG_2017|Metals|Copper_resistance|Copper_resistance_regulator|COMR,633,753398,754030,+
Salmonella_enterica,Salmonella_enterica,761250,763372,2123,MEG_2926|Drugs|Phenicol|Phenicol_resistance_MFS_efflux_pumps|FLOR,MEG_2926|Drugs|Phenicol|Phenicol_resistance_MFS_efflux_pumps|FLOR,1215,755438,756652,+
Salmonella_enterica,Salmonella_enterica,903810,904112,303,MEG_4175|Metals|Nickel_resistance|Nickel_ABC_efflux_regulator|NIKR,MEG_4175|Metals|Nickel_resistance|Nickel_ABC_efflux_regulator|NIKR,121,897090,897210,+
Salmonella_enterica,Salmonella_enterica,941432,942037,606,MEG_2574|Drugs|Trimethoprim|Dihydrofolate_reductase|DFRD,MEG_2574|Drugs|Trimethoprim|Dihydrofolate_reductase|DFRD,501,934530,935030,+
Salmonella_enterica,Salmonella_enterica,943499,944419,921,MEG_3871|Metals|Mercury_resistance|Mercury_resistance_protein|MERG,MEG_3871|Metals|Mercury_resistance|Mercury_resistance_protein|MERG,654,936492,937145,+
Salmonella_enterica,Salmonella_enterica,1063526,1064762,1237,MEG_8247|Drugs|Multi-drug_resistance|Multi-drug_RND_efflux_pumps|MEXC1,MEG_8247|Drugs|Multi-drug_resistance|Multi-drug_RND_efflux_pumps|MEXC1,1164,1056252,1057415,+
Salmonella_enterica,Salmonella_enterica,1131737,1134850,3114,MEG_6054|Drugs|Rifampin|Rifampin_glycosyltransferase|RGT,MEG_6054|Drugs|Rifampin|Rifampin_glycosyltransferase|RGT,1236,1124390,1125625,+
Salmonella_enterica,Salmonella_enterica,1359929,1360607,679,MEG_7036|Drugs|Tetracyclines|Tetracycline_resistance_ABC_efflux_pumps|TETA60,MEG_7036|Drugs|Tetracyclines|Tetracycline_resistance_ABC_efflux_pumps|TETA60,1740,1350704,1352443,+
Salmonella_enterica,Salmonella_enterica,1437072,1437602,531,MEG_2982|Drugs|Fosfomycin|Fosfomycin_thiol_transferases|FOSA,MEG_2982|Drugs|Fosfomycin|Fosfomycin_thiol_transferases|FOSA,390,1428908,1429297,+
Salmonella_enterica,Salmonella_enterica,1437729,1438901,1173,MEG_4312|Drugs|Multi-drug_resistance|Multi-drug_ABC_efflux_pumps|OPTRA,MEG_4312|Drugs|Multi-drug_resistance|Multi-drug_ABC_efflux_pumps|OPTRA,1968,1429424,1431391,+
Salmonella_enterica,Salmonella_enterica,1438918,1440456,1539,MEG_3014|Drugs|Fosfomycin|Fosfomycin_thiol_transferases|FOSB,MEG_3014|Drugs|Fosfomycin|Fosfomycin_thiol_transferases|FOSB,420,1431408,1431827,+
Salmonella_enterica,Salmonella_enterica,1482054,1485485,3432,MEG_1179|Drugs|Multi-drug_resistance|Multi-drug_RND_efflux_regulator|ASMA,MEG_1179|Drugs|Multi-drug_resistance|Multi-drug_RND_efflux_regulator|ASMA,1824,1473425,1475248,+
Salmonella_enterica,Salmonella_enterica,1568135,1569161,1027,MEG_3068|Drugs|Fusidic_acid|Ribosomal_zinc-binding_protein|FUSC,MEG_3068|Drugs|Fusidic_acid|Ribosomal_zinc-binding_protein|FUSC,639,1557898,1558536,+
Salmonella_enterica,Salmonella_enterica,1813984,1814801,818,MEG_11466|Drugs|Tetracyclines|Tetracycline_resistance_MFS_efflux_pumps|TETE,MEG_11466|Drugs|Tetracyclines|Tetracycline_resistance_MFS_efflux_pumps|TETE,1218,1803359,1804576,+
Salmonella_enterica,Salmonella_enterica,1822852,1823313,462,MEG_3732|Drugs|Lipopeptides|Colistin_phosphoethanolamine_transferase|MCR,MEG_3732|Drugs|Lipopeptides|Colistin_phosphoethanolamine_transferase|MCR,1626,1812627,1814252,+
Salmonella_enterica,Salmonella_enterica,1964870,1965182,313,MEG_3878|Metals|Mercury_resistance|Mercury_resistance_protein|MERP,MEG_3878|Metals|Mercury_resistance|Mercury_resistance_protein|MERP,351,1955809,1956159,+
Salmonella_enterica,Salmonella_enterica,1998332,2001405,3074,MEG_7420|Drugs|Glycopeptides|VanD-type_resistance_protein|VANHD,MEG_7420|Drugs|Glycopeptides|VanD-type_resistance_protein|VANHD,972,1989309,1990280,+
Salmonella_enterica,Salmonella_enterica,2051403,2052035,633,MEG_1554|Drugs|Phenicol|Chloramphenicol_acetyltransferases|CAT,MEG_1554|Drugs|Phenicol|Chloramphenicol_acetyltransferases|CAT,660,2040278,2040937,+
Salmonella_enterica,Salmonella_enterica,2177986,2180036,2051,MEG_7781|Biocides|Multi-biocide_resistance|Multi-biocide_RND_efflux_pump|VMEA,MEG_7781|Biocides|Multi-biocide_resistance|Multi-biocide_RND_efflux_pump|VMEA,1140,2166888,2168027,+
Salmonella_enterica,Salmonella_enterica,2193913,2195394,1482,MEG_3851|Metals|Mercury_resistance|Mercury_resistance_protein|MERB,MEG_3851|Metals|Mercury_resistance|Mercury_resistance_protein|MERB,657,2181904,2182560,+
Salmonella_enterica,Salmonella_enterica,2260440,2262114,1675,MEG_4294|Drugs|Multi-drug_resistance|Multi-drug_RND_efflux_pumps|OPMH,MEG_4294|Drugs|Multi-drug_resistance|Multi-drug_RND_efflux_pumps|OPMH,1449,2247606,2249054,+
Salmonella_enterica,Salmonella_enterica,2276653,2277192,540,MEG_1562|Drugs|Phenicol|Chloramphenicol_acetyltransferases|CATA,MEG_1562|Drugs|Phenicol|Chloramphenicol_acetyltransferases|CATA,642,2263593,2264234,+
Salmonella_enterica,Salmonella_enterica,2426862,2428047,1186,MEG_2531|Drugs|Trimethoprim|Dihydrofolate_reductase|DFRA,MEG_2531|Drugs|Trimethoprim|Dihydrofolate_reductase|DFRA,474,2413904,2414377,+
Salmonella_enterica,Salmonella_enterica,2465371,2467785,2415,MEG_3880|Metals|Mercury_resistance|Mercury_resistance_regulator|MERR,MEG_3880|Metals|Mercury_resistance|Mercury_resistance_regulator|MERR,435,2451701,2452135,+
Salmonella_enterica,Salmonella_enterica,2479294,2479847,554,MEG_367|Drugs|Aminoglycosides|Aminoglycoside_N-acetyltransferases|AAC6-PRIME,MEG_367|Drugs|Aminoglycosides|Aminoglycoside_N-acetyltransferases|AAC6-PRIME,606,2463644,2464249,+
Salmonella_enterica,Salmonella_enterica,2483346,2484117,772,MEG_11439|Multi-compound|Drug_and_biocide_and_metal_resistance|Drug_and_biocide_and_metal_RND_efflux_pumps|CMEB,MEG_11439|Multi-compound|Drug_and_biocide_and_metal_resistance|Drug_and_biocide_and_metal_RND_efflux_pumps|CMEB,3123,2467748,2470870,+
Salmonella_enterica,Salmonella_enterica,2484206,2486053,1848,MEG_5321|Biocides|Multi-biocide_resistance|Multi-biocide_resistance_regulator|OXYRKP,MEG_5321|Biocides|Multi-biocide_resistance|Multi-biocide_resistance_regulator|OXYRKP,918,2470959,2471876,+
Salmonella_enterica,Salmonella_enterica,2486189,2487229,1041,MEG_4203|Biocides|Paraquat_resistance|Paraquat_resistance_protein|NMPC,MEG_4203|Biocides|Paraquat_resistance|Paraquat_resistance_protein|NMPC,1089,2472012,2473100,+
Salmonella_enterica,Salmonella_enterica,2579929,2580879,951,MEG_4169|Metals|Nickel_resistance|Nickel_ABC_efflux_pumps|NIKB,MEG_4169|Metals|Nickel_resistance|Nickel_ABC_efflux_pumps|NIKB,945,2565800,2566744,+
Salmonella_enterica,Salmonella_enterica,2625629,2626252,624,MEG_4189|Drugs|Metronidazole|nim_nitroimidazole_reductase|NIMI,MEG_4189|Drugs|Metronidazole|nim_nitroimidazole_reductase|NIMI,457,2611494,2611950,+
Salmonella_enterica,Salmonella_enterica,2687108,2687728,621,MEG_1157|Metals|Arsenic_resistance|Arsenic_resistance_protein|ARSC,MEG_1157|Metals|Arsenic_resistance|Arsenic_resistance_protein|ARSC,393,2672806,2673198,+
Salmonella_enterica,Salmonella_enterica,2688952,2691013,2062,MEG_7438|Drugs|Glycopeptides|VanD-type_resistance_protein|VANHD,MEG_7438|Drugs|Glycopeptides|VanD-type_resistance_protein|VANHD,2695,2674422,2677116,+
Salmonella_enterica,Salmonella_enterica,2691811,2692688,878,MEG_3806|Drugs|MLS|MLS_resistance_MFS_efflux_pumps|MEFA,MEG_3806|Drugs|MLS|MLS_resistance_MFS_efflux_pumps|MEFA,1218,2677914,2679131,+
Salmonella_enterica,Salmonella_enterica,2716436,2717281,846,MEG_3006|Drugs|Fosfomycin|Fosfomycin_thiol_transferases|FOSB,MEG_3006|Drugs|Fosfomycin|Fosfomycin_thiol_transferases|FOSB,420,2702879,2703298,+
Salmonella_enterica,Salmonella_enterica,2764988,2765905,918,MEG_6959|Metals|Tellurium_resistance|Tellurium_resistance_protein|TERE,MEG_6959|Metals|Tellurium_resistance|Tellurium_resistance_protein|TERE,576,2751005,2751580,+
Salmonella_enterica,Salmonella_enterica,2932480,2934129,1650,MEG_1160|Metals|Arsenic_resistance|Arsenic_resistance_protein|ARSC,MEG_1160|Metals|Arsenic_resistance|Arsenic_resistance_protein|ARSC,396,2918155,2918550,+
Salmonella_enterica,Salmonella_enterica,2990094,2990399,306,MEG_968|Drugs|Aminoglycosides|Aminoglycoside_O-nucleotidyltransferases|ANT3-DPRIME,MEG_968|Drugs|Aminoglycosides|Aminoglycoside_O-nucleotidyltransferases|ANT3-DPRIME,789,2974515,2975303,+
Salmonella_enterica,Salmonella_enterica,3100536,3103244,2709,MEG_4163|Metals|Sodium_resistance|Sodium_resistance_protein|NHAB,MEG_4163|Metals|Sodium_resistance|Sodium_resistance_protein|NHAB,1515,3085440,3086954,+
Salmonella_enterica,Salmonella_enterica,3179029,3179170,142,MEG_3256|Biocides|Acid_resistance|Acid_resistance_protein|HEFA,MEG_3256|Biocides|Acid_resistance|Acid_resistance_protein|HEFA,1434,3162739,3164172,+
Salmonella_enterica,Salmonella_enterica,3267332,3268201,870,MEG_4337|Multi-compound|Drug_and_biocide_resistance|Drug_and_biocide_RND_efflux_pumps|OQXB,MEG_4337|Multi-compound|Drug_and_biocide_resistance|Drug_and_biocide_RND_efflux_pumps|OQXB,3153,3252334,3255486,+
Salmonella_enterica,Salmonella_enterica,3378591,3378968,378,MEG_5541|Drugs|betalactams|Class_C_betalactamases|PDC,MEG_5541|Drugs|betalactams|Class_C_betalactamases|PDC,1194,3365876,3367069,+
Salmonella_enterica,Salmonella_enterica,3382129,3384478,2350,MEG_8674|Drugs|Rifampin|Rifampin-resistant_beta-subunit_of_RNA_polymerase_RpoB|RPOB,MEG_8674|Drugs|Rifampin|Rifampin-resistant_beta-subunit_of_RNA_polymerase_RpoB|RPOB,3561,3370230,3373790,+
Salmonella_enterica,Salmonella_enterica,3474730,3476339,1610,MEG_6637|Drugs|Sulfonamides|Sulfonamide-resistant_dihydropteroate_synthases|SULII,MEG_6637|Drugs|Sulfonamides|Sulfonamide-resistant_dihydropteroate_synthases|SULII,816,3464042,3464857,+
Salmonella_enterica,Salmonella_enterica,3718507,3724371,5865,MEG_2541|Drugs|Trimethoprim|Dihydrofolate_reductase|DFRA,MEG_2541|Drugs|Trimethoprim|Dihydrofolate_reductase|DFRA,570,3707025,3707594,+
Salmonella_enterica,Salmonella_enterica,3724648,3726936,2289,MEG_9964|Drugs|Fluoroquinolones|Quinolone_resistance_protein_Qnr|QNRS,MEG_9964|Drugs|Fluoroquinolones|Quinolone_resistance_protein_Qnr|QNRS,654,3707871,3708524,+
Salmonella_enterica,Salmonella_enterica,3726948,3727412,465,MEG_11000|Drugs|betalactams|Class_A_betalactamases|OXY,MEG_11000|Drugs|betalactams|Class_A_betalactamases|OXY,873,3708536,3709408,+
Salmonella_enterica,Salmonella_enterica,3856625,3857201,577,MEG_2731|Drugs|Multi-drug_resistance|Multi-drug_SMR_efflux_regulator|EMRE,MEG_2731|Drugs|Multi-drug_resistance|Multi-drug_SMR_efflux_regulator|EMRE,333,3838621,3838953,+
Salmonella_enterica,Salmonella_enterica,3858200,3859393,1194,MEG_1767|Drugs|Phenicol|Phenicol_resistance_MFS_efflux_pumps|CMLA,MEG_1767|Drugs|Phenicol|Phenicol_resistance_MFS_efflux_pumps|CMLA,1260,3839952,3841211,+
Salmonella_enterica,Salmonella_enterica,3886000,3886211,212,MEG_3890|Metals|Mercury_resistance|Mercury_resistance_protein|MERT,MEG_3890|Metals|Mercury_resistance|Mercury_resistance_protein|MERT,615,3867818,3868432,+
Salmonella_enterica,Salmonella_enterica,4022679,4024580,1902,MEG_4186|Drugs|Metronidazole|nim_nitroimidazole_reductase|NIMF,MEG_4186|Drugs|Metronidazole|nim_nitroimidazole_reductase|NIMF,455,4004900,4005354,+
Salmonella_enterica,Salmonella_enterica,4043178,4044857,1680,MEG_2850|Drugs|MLS|23S_rRNA_methyltransferases|ERMU,MEG_2850|Drugs|MLS|23S_rRNA_methyltransferases|ERMU,837,4023952,4024788,+
Salmonella_enterica,Salmonella_enterica,4050816,4052354,1539,MEG_5396|Drugs|Aminocoumarins|Aminocoumarin-resistant_DNA_topoisomerases|PARY,MEG_5396|Drugs|Aminocoumarins|Aminocoumarin-resistant_DNA_topoisomerases|PARY,2112,4030747,4032858,+
Salmonella_enterica,Salmonella_enterica,4052374,4053252,879,MEG_1147|Metals|Arsenic_resistance|Arsenic_resistance_protein|ARSB,MEG_1147|Metals|Arsenic_resistance|Arsenic_resistance_protein|ARSB,1041,4032878,4033918,+
Salmonella_enterica,Salmonella_enterica,4086456,4087128,673,MEG_32|Drugs|Aminoglycosides|Aminoglycoside_N-acetyltransferases|AAC3,MEG_32|Drugs|Aminoglycosides|Aminoglycoside_N-acetyltransferases|AAC3,786,4067122,4067907,+
Salmonella_enterica,Salmonella_enterica,4152505,4153940,1436,MEG_7678|Drugs|Multi-drug_resistance|Multi-drug_ABC_efflux_pumps|VGA,MEG_7678|Drugs|Multi-drug_resistance|Multi-drug_ABC_efflux_pumps|VGA,1569,4133284,4134852,+
Salmonella_enterica,Salmonella_enterica,4208964,4209373,410,MEG_1124|Drugs|Rifampin|Rifampin_ADP-ribosyltransferase_Arr|ARR,MEG_1124|Drugs|Rifampin|Rifampin_ADP-ribosyltransferase_Arr|ARR,453,4189876,4190328,+
Salmonella_enterica,Salmonella_enterica,4391419,4391952,534,MEG_7456|Drugs|Glycopeptides|VanA-type_regulator|VANRA,MEG_7456|Drugs|Glycopeptides|VanA-type_regulator|VANRA,1032,4372374,4373405,+
Salmonella_enterica,Salmonella_enterica,4422327,4423416,1090,MEG_3748|Multi-compound|Drug_and_biocide_and_metal_resistance|Drug_and_biocide_and_metal_RND_efflux_pumps|MDTB,MEG_3748|Multi-compound|Drug_and_biocide_and_metal_resistance|Drug_and_biocide_and_metal_RND_efflux_pumps|MDTB,3123,4403780,4406902,+
Salmonella_enterica,Salmonella_enterica,4510827,4512035,1209,MEG_5265|Drugs|betalactams|Class_D_betalactamases|OXA,MEG_5265|Drugs|betalactams|Class_D_betalactamases|OXA,825,4494313,4495137,+
Veillonella_rogosae,veillonella_rogosae,938131,939120,990,MEG_1150|Metals|Multi-metal_resistance|Multi-metal_resistance_protein|ARSBM,MEG_1150|Metals|Multi-metal_resistance|Multi-metal_resistance_protein|ARSBM,1290,938131,939420,+
Veillonella_rogosae,veillonella_rogosae,2152782,2154721,1940,MEG_11499|Drugs|Metronidazole|nim_nitroimidazole_reductase|NIME,MEG_11499|Drugs|Metronidazole|nim_nitroimidazole_reductase|NIME,513,2153082,2153594,+
