genome,fragment,original_removed_start,original_removed_stop,original_removed_length,inserted_gene_id,inserted_gene_header,inserted_gene_length,inserted_start,inserted_stop,strand
Akkermansia_muciniphila,Akkermansia_muciniphila,1706143,1706439,297,MEG_1739|Multi-compound|Drug_and_biocide_and_metal_resistance|Drug_and_biocide_and_metal_RND_efflux_pumps|CMEB,MEG_1739|Multi-compound|Drug_and_biocide_and_metal_resistance|Drug_and_biocide_and_metal_RND_efflux_pumps|CMEB,3123,1706143,1709265,+
Bacteroides_fragilis,Bacteroides_fragilis,48906,50831,1926,MEG_9994|Drugs|Fluoroquinolones|Fluoroquinolone-resistant_DNA_topoisomerases|GYRA,MEG_9994|Drugs|Fluoroquinolones|Fluoroquinolone-resistant_DNA_topoisomerases|GYRA,2508,48906,51413,+
Bacteroides_fragilis,Bacteroides_fragilis,380286,381188,903,MEG_1757|Drugs|Phenicol|Phenicol_resistance_MFS_efflux_pumps|CMLA,MEG_1757|Drugs|Phenicol|Phenicol_resistance_MFS_efflux_pumps|CMLA,1260,380868,382127,+
Bacteroides_fragilis,Bacteroides_fragilis,402236,403441,1206,MEG_4317|Drugs|Multi-drug_resistance|Multi-drug_ABC_efflux_pumps|OPTRA,MEG_4317|Drugs|Multi-drug_resistance|Multi-drug_ABC_efflux_pumps|OPTRA,1968,403175,405142,+
Bacteroides_fragilis,Bacteroides_fragilis,403466,403978,513,MEG_7841|Multi-compound|Biocide_and_metal_resistance|Biocide_and_metal_resistance_protein|YODB,MEG_7841|Multi-compound|Biocide_and_metal_resistance|Biocide_and_metal_resistance_protein|YODB,228,405167,405394,+
Bacteroides_fragilis,Bacteroides_fragilis,1825829,1827158,1330,MEG_6959|Metals|Tellurium_resistance|Tellurium_resistance_protein|TERE,MEG_6959|Metals|Tellurium_resistance|Tellurium_resistance_protein|TERE,576,1827245,1827820,+
Bifidobacterium_adolescentis,Bifidobacterium_adolescentis,1255962,1256299,338,MEG_3002|Drugs|Fosfomycin|Fosfomycin_thiol_transferases|FOSA,MEG_3002|Drugs|Fosfomycin|Fosfomycin_thiol_transferases|FOSA,433,1255962,1256394,+
Bifidobacterium_adolescentis,Bifidobacterium_adolescentis,1470793,1474093,3301,MEG_3913|Multi-compound|Drug_and_biocide_resistance|Drug_and_biocide_RND_efflux_pumps|MEXG,MEG_3913|Multi-compound|Drug_and_biocide_resistance|Drug_and_biocide_RND_efflux_pumps|MEXG,447,1470888,1471334,+
Bifidobacterium_adolescentis,Bifidobacterium_adolescentis,1956215,1957669,1455,MEG_7846|Metals|Zinc_resistance|Zinc_resistance_protein|ZEVB,MEG_7846|Metals|Zinc_resistance|Zinc_resistance_protein|ZEVB,969,1953456,1954424,+
Clostridioides_difficile,Clostridium_difficille,367386,368324,939,MEG_3027|Drugs|Fosfomycin|Fosfomycin_thiol_transferases|FOSX,MEG_3027|Drugs|Fosfomycin|Fosfomycin_thiol_transferases|FOSX,402,367386,367787,+
Clostridioides_difficile,Clostridium_difficille,888451,888792,342,MEG_4203|Biocides|Paraquat_resistance|Paraquat_resistance_protein|NMPC,MEG_4203|Biocides|Paraquat_resistance|Paraquat_resistance_protein|NMPC,1089,887914,889002,+
Clostridioides_difficile,Clostridium_difficille,890676,891249,574,MEG_1177|Metals|Multi-metal_resistance|Multi-metal_resistance_protein|ARSRM,MEG_1177|Metals|Multi-metal_resistance|Multi-metal_resistance_protein|ARSRM,354,890886,891239,+
Clostridioides_difficile,Clostridium_difficille,1184042,1184551,510,MEG_1907|Drugs|betalactams|Class_C_betalactamases|CMY,MEG_1907|Drugs|betalactams|Class_C_betalactamases|CMY,1146,1184032,1185177,+
Clostridioides_difficile,Clostridium_difficille,1430567,1431034,468,MEG_3768|Drugs|betalactams|Penicillin_binding_protein|MECA,MEG_3768|Drugs|betalactams|Penicillin_binding_protein|MECA,2001,1431193,1433193,+
Clostridioides_difficile,Clostridium_difficille,1482656,1483981,1326,MEG_3291|Biocides|Acetate_resistance|Acetate_resistance_protein|ICLR,MEG_3291|Biocides|Acetate_resistance|Acetate_resistance_protein|ICLR,864,1484815,1485678,+
Clostridioides_difficile,Clostridium_difficille,1677480,1679313,1834,MEG_1755|Drugs|Phenicol|Phenicol_resistance_MFS_efflux_pumps|CMLA,MEG_1755|Drugs|Phenicol|Phenicol_resistance_MFS_efflux_pumps|CMLA,1260,1679177,1680436,+
Clostridioides_difficile,Clostridium_difficille,1679574,1680674,1101,MEG_5971|Drugs|Fluoroquinolones|Quinolone_resistance_protein_Qnr|QNRB,MEG_5971|Drugs|Fluoroquinolones|Quinolone_resistance_protein_Qnr|QNRB,681,1680697,1681377,+
Clostridioides_difficile,Clostridium_difficille,1681495,1683633,2139,MEG_1578|Drugs|Phenicol|Chloramphenicol_acetyltransferases|CATA,MEG_1578|Drugs|Phenicol|Chloramphenicol_acetyltransferases|CATA,660,1682198,1682857,+
Clostridioides_difficile,Clostridium_difficille,1779516,1780253,738,MEG_11442|Multi-compound|Drug_and_biocide_and_metal_resistance|Drug_and_biocide_and_metal_RND_efflux_pumps|CMEA,MEG_11442|Multi-compound|Drug_and_biocide_and_metal_resistance|Drug_and_biocide_and_metal_RND_efflux_pumps|CMEA,1104,1778740,1779843,+
Clostridioides_difficile,Clostridium_difficille,2731316,2732968,1653,MEG_6593|Drugs|Sulfonamides|Sulfonamide-resistant_dihydropteroate_synthases|SULI,MEG_6593|Drugs|Sulfonamides|Sulfonamide-resistant_dihydropteroate_synthases|SULI,840,2730906,2731745,+
Clostridium_perfringens,Clostridium_perfringens.final.genome,968146,969852,1707,MEG_7789|Biocides|Multi-biocide_resistance|Multi-biocide_RND_efflux_pump|VMEF,MEG_7789|Biocides|Multi-biocide_resistance|Multi-biocide_RND_efflux_pump|VMEF,3114,968146,971259,+
Clostridium_perfringens,Clostridium_perfringens.final.genome,3124924,3126633,1710,MEG_7384|Drugs|Glycopeptides|VanD-type_resistance_protein|VAND,MEG_7384|Drugs|Glycopeptides|VanD-type_resistance_protein|VAND,1032,3126331,3127362,+
Enterococcus_faecalis,Enterococcus_faecalis,110300,110794,495,MEG_6575|Biocides|Multi-biocide_resistance|Multi-biocide_SMR_efflux_pump|SUGE,MEG_6575|Biocides|Multi-biocide_resistance|Multi-biocide_SMR_efflux_pump|SUGE,468,110300,110767,+
Enterococcus_faecalis,Enterococcus_faecalis,318515,319159,645,MEG_6002|Drugs|Fluoroquinolones|Quinolone_resistance_protein_Qnr|QNRB,MEG_6002|Drugs|Fluoroquinolones|Quinolone_resistance_protein_Qnr|QNRB,644,318488,319131,+
Enterococcus_faecalis,Enterococcus_faecalis,686369,688471,2103,MEG_6085|Drugs|Rifampin|Monooxygenase|ROX,MEG_6085|Drugs|Rifampin|Monooxygenase|ROX,1422,686341,687762,+
Enterococcus_faecalis,Enterococcus_faecalis,688488,688844,357,MEG_7855|Metals|Zinc_resistance|Zinc_resistance_protein|ZNUA,MEG_7855|Metals|Zinc_resistance|Zinc_resistance_protein|ZNUA,987,687779,688765,+
Enterococcus_faecalis,Enterococcus_faecalis,692857,693912,1056,MEG_2755|Drugs|MLS|23S_rRNA_methyltransferases|ERM,MEG_2755|Drugs|MLS|23S_rRNA_methyltransferases|ERM,969,692778,693746,+
Enterococcus_faecalis,Enterococcus_faecalis,693942,695021,1080,MEG_7469|Drugs|Glycopeptides|VanB-type_regulator|VANRB,MEG_7469|Drugs|Glycopeptides|VanB-type_regulator|VANRB,663,693776,694438,+
Enterococcus_faecalis,Enterococcus_faecalis,695101,696843,1743,MEG_963|Drugs|Aminoglycosides|Aminoglycoside_O-nucleotidyltransferases|ANT3-DPRIME,MEG_963|Drugs|Aminoglycosides|Aminoglycoside_O-nucleotidyltransferases|ANT3-DPRIME,792,694518,695309,+
Enterococcus_faecalis,Enterococcus_faecalis,696879,697244,366,MEG_3063|Metals|Iron_resistance|Iron_resistance_regulator|FURA,MEG_3063|Metals|Iron_resistance|Iron_resistance_regulator|FURA,444,695345,695788,+
Enterococcus_faecalis,Enterococcus_faecalis,697377,697748,372,MEG_5934|Drugs|Fluoroquinolones|Quinolone_resistance_protein_Qnr|QNRB,MEG_5934|Drugs|Fluoroquinolones|Quinolone_resistance_protein_Qnr|QNRB,681,695921,696601,+
Enterococcus_faecalis,Enterococcus_faecalis,698134,699873,1740,MEG_7796|Biocides|Multi-biocide_resistance|Multi-biocide_RND_efflux_pump|VMEQ,MEG_7796|Biocides|Multi-biocide_resistance|Multi-biocide_RND_efflux_pump|VMEQ,3141,696987,700127,+
Enterococcus_faecalis,Enterococcus_faecalis,699893,700204,312,MEG_2698|Biocides|Multi-biocide_resistance|Multi-biocide_SMR_efflux_pump|EBRB,MEG_2698|Biocides|Multi-biocide_resistance|Multi-biocide_SMR_efflux_pump|EBRB,357,700147,700503,+
Enterococcus_faecalis,Enterococcus_faecalis,982309,983805,1497,MEG_3760|Multi-compound|Drug_and_biocide_resistance|Drug_and_biocide_MATE_efflux_pumps|MDTK,MEG_3760|Multi-compound|Drug_and_biocide_resistance|Drug_and_biocide_MATE_efflux_pumps|MDTK,1425,982608,984032,+
Enterococcus_faecalis,Enterococcus_faecalis,1135205,1135685,481,MEG_1231|Metals|Copper_resistance|Copper_resistance_regulator|BHSA,MEG_1231|Metals|Copper_resistance|Copper_resistance_regulator|BHSA,258,1135432,1135689,+
Enterococcus_faecalis,Enterococcus_faecalis,1529260,1531416,2157,MEG_2534|Drugs|Trimethoprim|Dihydrofolate_reductase|DFRA,MEG_2534|Drugs|Trimethoprim|Dihydrofolate_reductase|DFRA,474,1529264,1529737,+
Enterococcus_faecalis,Enterococcus_faecalis,1778781,1780508,1728,MEG_6542|Biocides|Peroxide_resistance|peroxide_resistance_protein|SODA,MEG_6542|Biocides|Peroxide_resistance|peroxide_resistance_protein|SODA,621,1777102,1777722,+
Enterococcus_faecalis,Enterococcus_faecalis,1781067,1782120,1054,MEG_3285|Metals|Nickel_resistance|Nickel_resistance_protein|HUPN,MEG_3285|Metals|Nickel_resistance|Nickel_resistance_protein|HUPN,327,1778281,1778607,+
Enterococcus_faecalis,Enterococcus_faecalis,2454688,2455842,1155,MEG_3851|Metals|Mercury_resistance|Mercury_resistance_protein|MERB,MEG_3851|Metals|Mercury_resistance|Mercury_resistance_protein|MERB,657,2451175,2451831,+
Escherichia_coli_B1109,Escherichia_coli_chromosome,895,2199,1305,MEG_7866|Multi-compound|Biocide_and_metal_resistance|Biocide_and_metal_resistance_protein|ZUPT,MEG_7866|Multi-compound|Biocide_and_metal_resistance|Biocide_and_metal_resistance_protein|ZUPT,774,895,1668,+
Escherichia_coli_B1109,Escherichia_coli_chromosome,36248,37486,1239,MEG_6016|Drugs|Fluoroquinolones|Quinolone_resistance_protein_Qnr|QNRE,MEG_6016|Drugs|Fluoroquinolones|Quinolone_resistance_protein_Qnr|QNRE,645,35717,36361,+
Escherichia_coli_B1109,Escherichia_coli_chromosome,60987,64580,3594,MEG_4072|Drugs|MLS|MLS_resistance_ABC_efflux_pumps|MSRC,MEG_4072|Drugs|MLS|MLS_resistance_ABC_efflux_pumps|MSRC,1479,59862,61340,+
Escherichia_coli_B1109,Escherichia_coli_chromosome,64585,65199,615,MEG_5892|Drugs|Fluoroquinolones|Quinolone_resistance_protein_Qnr|QNRB,MEG_5892|Drugs|Fluoroquinolones|Quinolone_resistance_protein_Qnr|QNRB,645,61345,61989,+
Escherichia_coli_B1109,Escherichia_coli_chromosome,65615,68316,2702,MEG_713|Metals|Arsenic_resistance|Arsenite_oxidase|AIOB,MEG_713|Metals|Arsenic_resistance|Arsenite_oxidase|AIOB,522,62405,62926,+
Escherichia_coli_B1109,Escherichia_coli_chromosome,170713,171681,969,MEG_3018|Drugs|Fosfomycin|Fosfomycin_thiol_transferases|FOSD,MEG_3018|Drugs|Fosfomycin|Fosfomycin_thiol_transferases|FOSD,420,165323,165742,+
Escherichia_coli_B1109,Escherichia_coli_chromosome,226281,226524,244,MEG_7817|Biocides|Paraquat_resistance|Paraquat_efflux_pump|YDDG,MEG_7817|Biocides|Paraquat_resistance|Paraquat_efflux_pump|YDDG,882,220342,221223,+
Escherichia_coli_B1109,Escherichia_coli_chromosome,226821,227044,224,MEG_6640|Drugs|Sulfonamides|Sulfonamide-resistant_dihydropteroate_synthases|SULIV,MEG_6640|Drugs|Sulfonamides|Sulfonamide-resistant_dihydropteroate_synthases|SULIV,863,221520,222382,+
Escherichia_coli_B1109,Escherichia_coli_chromosome,230136,231778,1643,MEG_11496|Drugs|Metronidazole|nim_nitroimidazole_reductase|NIMI,MEG_11496|Drugs|Metronidazole|nim_nitroimidazole_reductase|NIMI,498,225474,225971,+
Escherichia_coli_B1109,Escherichia_coli_chromosome,257792,258982,1191,MEG_11357|Drugs|Organoarsenicals|Arsinothricin_resistance_N-acetyltransferases|ARSN1,MEG_11357|Drugs|Organoarsenicals|Arsinothricin_resistance_N-acetyltransferases|ARSN1,561,251985,252545,+
Escherichia_coli_B1109,Escherichia_coli_chromosome,350235,350573,339,MEG_10323|Drugs|betalactams|Class_C_betalactamases|PDC,MEG_10323|Drugs|betalactams|Class_C_betalactamases|PDC,1188,343798,344985,+
Escherichia_coli_B1109,Escherichia_coli_chromosome,350792,351616,825,MEG_2658|Multi-compound|Biocide_and_metal_resistance|Biocide_and_metal_resistance_protein|DPR,MEG_2658|Multi-compound|Biocide_and_metal_resistance|Biocide_and_metal_resistance_protein|DPR,519,345204,345722,+
Escherichia_coli_B1109,Escherichia_coli_chromosome,351737,352009,273,MEG_2019|Metals|Copper_resistance|Copper_resistance_protein|COPA,MEG_2019|Metals|Copper_resistance|Copper_resistance_protein|COPA,2505,345843,348347,+
Escherichia_coli_B1109,Escherichia_coli_chromosome,371421,373543,2123,MEG_5276|Drugs|betalactams|Class_D_betalactamases|OXA,MEG_5276|Drugs|betalactams|Class_D_betalactamases|OXA,822,367759,368580,+
Escherichia_coli_B1109,Escherichia_coli_chromosome,374956,382403,7448,MEG_9961|Multi-compound|Drug_and_biocide_and_metal_resistance|Drug_and_biocide_and_metal_RND_efflux_regulator|BAER,MEG_9961|Multi-compound|Drug_and_biocide_and_metal_resistance|Drug_and_biocide_and_metal_RND_efflux_regulator|BAER,723,369993,370715,+
Escherichia_coli_B1109,Escherichia_coli_chromosome,394801,396653,1853,MEG_2876|Biocides|Phenolic_compound_resistance|Phenolic_resistance_protein|FABK,MEG_2876|Biocides|Phenolic_compound_resistance|Phenolic_resistance_protein|FABK,975,383113,384087,+
Escherichia_coli_B1109,Escherichia_coli_chromosome,433777,434943,1167,MEG_3876|Metals|Mercury_resistance|Mercury_resistance_protein|MERP,MEG_3876|Metals|Mercury_resistance|Mercury_resistance_protein|MERP,342,421211,421552,+
Escherichia_coli_B1109,Escherichia_coli_chromosome,476193,477598,1406,MEG_3287|Biocides|Peroxide_resistance|Peroxide_resistance_stress_protein|IBPA,MEG_3287|Biocides|Peroxide_resistance|Peroxide_resistance_stress_protein|IBPA,414,462802,463215,+
Escherichia_coli_B1109,Escherichia_coli_chromosome,515894,516544,651,MEG_1025|Drugs|Aminoglycosides|Aminoglycoside_O-phosphotransferases|APH3-DPRIME,MEG_1025|Drugs|Aminoglycosides|Aminoglycoside_O-phosphotransferases|APH3-DPRIME,816,501511,502326,+
Escherichia_coli_B1109,Escherichia_coli_chromosome,533414,533641,228,MEG_2744|Drugs|MLS|Macrolide_esterases|EREA,MEG_2744|Drugs|MLS|Macrolide_esterases|EREA,1221,519196,520416,+
Escherichia_coli_B1109,Escherichia_coli_chromosome,597759,598505,747,MEG_11498|Drugs|Metronidazole|nim_nitroimidazole_reductase|NIMI,MEG_11498|Drugs|Metronidazole|nim_nitroimidazole_reductase|NIMI,498,584534,585031,+
Escherichia_coli_B1109,Escherichia_coli_chromosome,612826,614363,1538,MEG_2512|Drugs|Trimethoprim|Dihydrofolate_reductase|DFRA,MEG_2512|Drugs|Trimethoprim|Dihydrofolate_reductase|DFRA,474,599352,599825,+
Escherichia_coli_B1109,Escherichia_coli_chromosome,614442,615374,933,MEG_3677|Drugs|Lipopeptides|Colistin_phosphoethanolamine_transferase|MCR,MEG_3677|Drugs|Lipopeptides|Colistin_phosphoethanolamine_transferase|MCR,1623,599904,601526,+
Escherichia_coli_B1109,Escherichia_coli_chromosome,650772,651338,567,MEG_5888|Drugs|Fluoroquinolones|Quinolone_resistance_protein_Qnr|QNRB,MEG_5888|Drugs|Fluoroquinolones|Quinolone_resistance_protein_Qnr|QNRB,645,636924,637568,+
Escherichia_coli_B1109,Escherichia_coli_chromosome,813494,814867,1374,MEG_4206|Multi-compound|Drug_and_biocide_resistance|Drug_and_biocide_MFS_efflux_pumps|NORA,MEG_4206|Multi-compound|Drug_and_biocide_resistance|Drug_and_biocide_MFS_efflux_pumps|NORA,482,799724,800205,+
Escherichia_coli_B1109,Escherichia_coli_chromosome,822438,823019,582,MEG_2983|Drugs|Fosfomycin|Fosfomycin_thiol_transferases|FOSA,MEG_2983|Drugs|Fosfomycin|Fosfomycin_thiol_transferases|FOSA,417,807776,808192,+
Escherichia_coli_B1109,Escherichia_coli_chromosome,884896,885577,682,MEG_11332|Metals|Arsenic_resistance|Arsenic_resistance_regulator|ARSR,MEG_11332|Metals|Arsenic_resistance|Arsenic_resistance_regulator|ARSR,351,870069,870419,+
Escherichia_coli_B1109,Escherichia_coli_chromosome,886713,887048,336,MEG_8064|Drugs|Trimethoprim|Dihydrofolate_reductase|DFRA,MEG_8064|Drugs|Trimethoprim|Dihydrofolate_reductase|DFRA,498,871555,872052,+
Escherichia_coli_B1109,Escherichia_coli_chromosome,941277,941669,393,MEG_968|Drugs|Aminoglycosides|Aminoglycoside_O-nucleotidyltransferases|ANT3-DPRIME,MEG_968|Drugs|Aminoglycosides|Aminoglycoside_O-nucleotidyltransferases|ANT3-DPRIME,789,926281,927069,+
Escherichia_coli_B1109,Escherichia_coli_chromosome,945817,946206,390,MEG_4144|Drugs|betalactams|Class_B_betalactamases|NDM,MEG_4144|Drugs|betalactams|Class_B_betalactamases|NDM,813,931217,932029,+
Escherichia_coli_B1109,Escherichia_coli_chromosome,946220,946654,435,MEG_2986|Drugs|Fosfomycin|Fosfomycin_thiol_transferases|FOSA,MEG_2986|Drugs|Fosfomycin|Fosfomycin_thiol_transferases|FOSA,417,932043,932459,+
Escherichia_coli_B1109,Escherichia_coli_chromosome,987113,989392,2280,MEG_8452|Drugs|Multi-drug_resistance|MDR_regulator|PARS,MEG_8452|Drugs|Multi-drug_resistance|MDR_regulator|PARS,1287,972918,974204,+
Escherichia_coli_B1109,Escherichia_coli_chromosome,989912,990673,762,MEG_4198|Metals|Nickel_resistance|Nickel_resistance_protein|NIRD,MEG_4198|Metals|Nickel_resistance|Nickel_resistance_protein|NIRD,495,974724,975218,+
Escherichia_coli_B1109,Escherichia_coli_chromosome,1001554,1002954,1401,MEG_1729|Drugs|Multi-drug_resistance|MDR_23S_ribosomal_RNA_methyltransferase|CLBD,MEG_1729|Drugs|Multi-drug_resistance|MDR_23S_ribosomal_RNA_methyltransferase|CLBD,1050,986099,987148,+
Escherichia_coli_B1109,Escherichia_coli_chromosome,1003110,1004645,1536,MEG_7530|Drugs|Glycopeptides|VanE-type_resistance_protein|VANTE,MEG_7530|Drugs|Glycopeptides|VanE-type_resistance_protein|VANTE,2109,987304,989412,+
Escherichia_coli_B1109,Escherichia_coli_chromosome,1070324,1071906,1583,MEG_3019|Drugs|Fosfomycin|Fosfomycin_thiol_transferases|FOSE,MEG_3019|Drugs|Fosfomycin|Fosfomycin_thiol_transferases|FOSE,405,1055091,1055495,+
Escherichia_coli_B1109,Escherichia_coli_chromosome,1114770,1115538,769,MEG_1139|Metals|Arsenic_resistance|Arsenic_resistance_protein|ARRA,MEG_1139|Metals|Arsenic_resistance|Arsenic_resistance_protein|ARRA,2565,1098359,1100923,+
Escherichia_coli_B1109,Escherichia_coli_chromosome,1117560,1120237,2678,MEG_5861|Drugs|Fluoroquinolones|Quinolone_active_efflux|QEPA,MEG_5861|Drugs|Fluoroquinolones|Quinolone_active_efflux|QEPA,1536,1102945,1104480,+
Escherichia_coli_B1109,Escherichia_coli_chromosome,1203233,1204021,789,MEG_4167|Metals|Nickel_resistance|Nickel_ABC_efflux_pumps|NIKA,MEG_4167|Metals|Nickel_resistance|Nickel_ABC_efflux_pumps|NIKA,1575,1187476,1189050,+
Escherichia_coli_B1109,Escherichia_coli_chromosome,1288994,1289407,414,MEG_6419|Drugs|betalactams|Class_A_betalactamases|SHV,MEG_6419|Drugs|betalactams|Class_A_betalactamases|SHV,891,1274023,1274913,+
Escherichia_coli_B1109,Escherichia_coli_chromosome,1310067,1311167,1101,MEG_6654|Metals|Copper_resistance|Copper_resistance_protein|TCRZ,MEG_6654|Metals|Copper_resistance|Copper_resistance_protein|TCRZ,207,1295573,1295779,+
Escherichia_coli_B1109,Escherichia_coli_chromosome,1322847,1323125,279,MEG_7247|Drugs|Tetracyclines|Tetracycline_resistance_MFS_efflux_pumps|TETZ,MEG_7247|Drugs|Tetracyclines|Tetracycline_resistance_MFS_efflux_pumps|TETZ,1251,1307459,1308709,+
Escherichia_coli_B1109,Escherichia_coli_chromosome,1347199,1348740,1542,MEG_8787|Drugs|Lipopeptides|Colistin_phosphoethanolamine_transferase|MCR,MEG_8787|Drugs|Lipopeptides|Colistin_phosphoethanolamine_transferase|MCR,1626,1332783,1334408,+
Escherichia_coli_B1109,Escherichia_coli_chromosome,1348880,1349416,537,MEG_4173|Metals|Nickel_resistance|Nickel_ABC_efflux_pumps|NIKE,MEG_4173|Metals|Nickel_resistance|Nickel_ABC_efflux_pumps|NIKE,807,1334548,1335354,+
Escherichia_coli_B1109,Escherichia_coli_chromosome,1365270,1365536,267,MEG_7678|Drugs|Multi-drug_resistance|Multi-drug_ABC_efflux_pumps|VGA,MEG_7678|Drugs|Multi-drug_resistance|Multi-drug_ABC_efflux_pumps|VGA,1569,1351208,1352776,+
Escherichia_coli_B1109,Escherichia_coli_chromosome,1381839,1382678,840,MEG_5410|Metals|Lead_resistance|Lead_P-type_ATPase_transporter|PBRA,MEG_5410|Metals|Lead_resistance|Lead_P-type_ATPase_transporter|PBRA,2400,1369079,1371478,+
Escherichia_coli_B1109,Escherichia_coli_chromosome,1425125,1425382,258,MEG_4204|Biocides|Paraquat_resistance|Paraquat_resistance_protein|NMPC,MEG_4204|Biocides|Paraquat_resistance|Paraquat_resistance_protein|NMPC,849,1413925,1414773,+
Escherichia_coli_B1109,Escherichia_coli_chromosome,1425623,1426255,633,MEG_5950|Drugs|Fluoroquinolones|Quinolone_resistance_protein_Qnr|QNRB,MEG_5950|Drugs|Fluoroquinolones|Quinolone_resistance_protein_Qnr|QNRB,645,1415014,1415658,+
Escherichia_coli_B1109,Escherichia_coli_chromosome,1469128,1470336,1209,MEG_5411|Metals|Lead_resistance|Lead_P-type_ATPase_transporter|PBRB,MEG_5411|Metals|Lead_resistance|Lead_P-type_ATPase_transporter|PBRB,1077,1458531,1459607,+
Escherichia_coli_B1109,Escherichia_coli_chromosome,1478965,1480191,1227,MEG_3890|Metals|Mercury_resistance|Mercury_resistance_protein|MERT,MEG_3890|Metals|Mercury_resistance|Mercury_resistance_protein|MERT,615,1468236,1468850,+
Escherichia_coli_B1109,Escherichia_coli_chromosome,1543874,1544341,468,MEG_4211|Drugs|Multi-drug_resistance|Multi-drug_MFS_efflux_pumps|NORBD,MEG_4211|Drugs|Multi-drug_resistance|Multi-drug_MFS_efflux_pumps|NORBD,1401,1532533,1533933,+
Escherichia_coli_B1109,Escherichia_coli_chromosome,1550914,1551495,582,MEG_2982|Drugs|Fosfomycin|Fosfomycin_thiol_transferases|FOSA,MEG_2982|Drugs|Fosfomycin|Fosfomycin_thiol_transferases|FOSA,390,1540506,1540895,+
Escherichia_coli_B1109,Escherichia_coli_chromosome,1661150,1662227,1078,MEG_4123|Metals|Nickel_resistance|Nickel_MFS_efflux_regulator|NCRBN,MEG_4123|Metals|Nickel_resistance|Nickel_MFS_efflux_regulator|NCRBN,270,1650550,1650819,+
Escherichia_coli_B1109,Escherichia_coli_chromosome,1712870,1714618,1749,MEG_3256|Biocides|Acid_resistance|Acid_resistance_protein|HEFA,MEG_3256|Biocides|Acid_resistance|Acid_resistance_protein|HEFA,1434,1701462,1702895,+
Escherichia_coli_B1109,Escherichia_coli_chromosome,1799343,1800065,723,MEG_1190|Drugs|Bacitracin|Undecaprenyl_pyrophosphate_phosphatase|BACA,MEG_1190|Drugs|Bacitracin|Undecaprenyl_pyrophosphate_phosphatase|BACA,822,1787620,1788441,+
Escherichia_coli_B1109,Escherichia_coli_chromosome,1806344,1807576,1233,MEG_11515|Drugs|Ionophores|Ionophore_ABC_efflux_pump|NARA,MEG_11515|Drugs|Ionophores|Ionophore_ABC_efflux_pump|NARA,882,1794720,1795601,+
Escherichia_coli_B1109,Escherichia_coli_chromosome,1817397,1818629,1233,MEG_5809|Drugs|Multi-drug_resistance|Multi-drug_ABC_efflux_pumps|POXT,MEG_5809|Drugs|Multi-drug_resistance|Multi-drug_ABC_efflux_pumps|POXT,1629,1805422,1807050,+
Escherichia_coli_B1109,Escherichia_coli_chromosome,1849527,1849994,468,MEG_7268|Biocides|Multi-biocide_resistance|Multi-biocide_RND_efflux_pump|TOLCSM,MEG_7268|Biocides|Multi-biocide_resistance|Multi-biocide_RND_efflux_pump|TOLCSM,1359,1837948,1839306,+
Escherichia_coli_B1109,Escherichia_coli_chromosome,1905565,1906623,1059,MEG_2792|Drugs|MLS|23S_rRNA_methyltransferases|ERMB,MEG_2792|Drugs|MLS|23S_rRNA_methyltransferases|ERMB,753,1894877,1895629,+
Escherichia_coli_B1109,Escherichia_coli_chromosome,1906625,1908088,1464,MEG_7159|Drugs|Tetracyclines|Tetracycline_resistance_ribosomal_protection_proteins|TETO,MEG_7159|Drugs|Tetracyclines|Tetracycline_resistance_ribosomal_protection_proteins|TETO,1920,1895631,1897550,+
Escherichia_coli_B1109,Escherichia_coli_chromosome,1908533,1909321,789,MEG_2731|Drugs|Multi-drug_resistance|Multi-drug_SMR_efflux_regulator|EMRE,MEG_2731|Drugs|Multi-drug_resistance|Multi-drug_SMR_efflux_regulator|EMRE,333,1897995,1898327,+
Escherichia_coli_B1109,Escherichia_coli_chromosome,1918354,1919295,942,MEG_2822|Drugs|MLS|23S_rRNA_methyltransferases|ERMC,MEG_2822|Drugs|MLS|23S_rRNA_methyltransferases|ERMC,735,1907360,1908094,+
Escherichia_coli_B1109,Escherichia_coli_chromosome,1981447,1982124,678,MEG_3539|Biocides|Multi-biocide_resistance|Multi-biocide_MFS_efflux_pump|LDE,MEG_3539|Biocides|Multi-biocide_resistance|Multi-biocide_MFS_efflux_pump|LDE,1209,1970246,1971454,+
Escherichia_coli_B1109,Escherichia_coli_chromosome,1986316,1986459,144,MEG_716|Metals|Arsenic_resistance|Arsenite_oxidase_regulator|AIOS,MEG_716|Metals|Arsenic_resistance|Arsenite_oxidase_regulator|AIOS,1467,1975646,1977112,+
Escherichia_coli_B1109,Escherichia_coli_chromosome,2011449,2012271,823,MEG_6610|Drugs|Sulfonamides|Sulfonamide-resistant_dihydropteroate_synthases|SULI,MEG_6610|Drugs|Sulfonamides|Sulfonamide-resistant_dihydropteroate_synthases|SULI,840,2002102,2002941,+
Escherichia_coli_B1109,Escherichia_coli_chromosome,2012296,2013834,1539,MEG_5416|Metals|Copper_resistance|Copper_resistance_protein|PCOA,MEG_5416|Metals|Copper_resistance|Copper_resistance_protein|PCOA,1818,2002966,2004783,+
Escherichia_coli_B1109,Escherichia_coli_chromosome,2018585,2020195,1611,MEG_7858|Metals|Zinc_resistance|Zinc_resistance_protein|ZNUB,MEG_7858|Metals|Zinc_resistance|Zinc_resistance_protein|ZNUB,786,2009534,2010319,+
Escherichia_coli_B1109,Escherichia_coli_chromosome,2033761,2035662,1902,MEG_6054|Drugs|Rifampin|Rifampin_glycosyltransferase|RGT,MEG_6054|Drugs|Rifampin|Rifampin_glycosyltransferase|RGT,1236,2023885,2025120,+
Escherichia_coli_B1109,Escherichia_coli_chromosome,2100121,2103264,3144,MEG_2880|Drugs|Elfamycins|Elfamycin_efflux_pumps|FACT,MEG_2880|Drugs|Elfamycins|Elfamycin_efflux_pumps|FACT,1680,2089579,2091258,+
Escherichia_coli_B1109,Escherichia_coli_chromosome,2103276,2104499,1224,MEG_3070|Drugs|Fusidic_acid|Ribosomal_zinc-binding_protein|FUSD,MEG_3070|Drugs|Fusidic_acid|Ribosomal_zinc-binding_protein|FUSD,642,2091270,2091911,+
Escherichia_coli_B1109,Escherichia_coli_chromosome,2104515,2104847,333,MEG_6580|Drugs|Sulfonamides|Sulfonamide-resistant_dihydropteroate_synthases|SULI,MEG_6580|Drugs|Sulfonamides|Sulfonamide-resistant_dihydropteroate_synthases|SULI,828,2091927,2092754,+
Escherichia_coli_B1109,Escherichia_coli_chromosome,2105234,2106253,1020,MEG_812|Drugs|Aminoglycosides|Aminoglycoside_O-nucleotidyltransferases|ANT3-DPRIME,MEG_812|Drugs|Aminoglycosides|Aminoglycoside_O-nucleotidyltransferases|ANT3-DPRIME,792,2093141,2093932,+
Escherichia_coli_B1109,Escherichia_coli_chromosome,2106410,2108525,2116,MEG_10588|Drugs|betalactams|Class_A_betalactamases|OKP,MEG_10588|Drugs|betalactams|Class_A_betalactamases|OKP,861,2094089,2094949,+
Escherichia_coli_B1109,Escherichia_coli_chromosome,2163207,2164650,1444,MEG_5772|Biocides|Peroxide_resistance|peroxide_resistance_regulator|PERR,MEG_5772|Biocides|Peroxide_resistance|peroxide_resistance_regulator|PERR,447,2149631,2150077,+
Escherichia_coli_B1109,Escherichia_coli_chromosome,2166169,2166576,408,MEG_5420|Metals|Copper_resistance|Copper_resistance_protein|PCOC,MEG_5420|Metals|Copper_resistance|Copper_resistance_protein|PCOC,381,2151596,2151976,+
Escherichia_coli_B1109,Escherichia_coli_chromosome,2169190,2171694,2505,MEG_8718|Drugs|Tetracyclines|Tetracycline_inactivation_enzymes|TETX,MEG_8718|Drugs|Tetracyclines|Tetracycline_inactivation_enzymes|TETX,1167,2154590,2155756,+
Escherichia_coli_B1109,Escherichia_coli_chromosome,2194950,2196143,1194,MEG_4000|Metals|Multi-metal_resistance|Multi-metal_resistance_protein|MNTR,MEG_4000|Metals|Multi-metal_resistance|Multi-metal_resistance_protein|MNTR,468,2179012,2179479,+
Escherichia_coli_B1109,Escherichia_coli_chromosome,2196166,2199315,3150,MEG_11000|Drugs|betalactams|Class_A_betalactamases|OXY,MEG_11000|Drugs|betalactams|Class_A_betalactamases|OXY,873,2179502,2180374,+
Escherichia_coli_B1109,Escherichia_coli_chromosome,2208170,2209915,1746,MEG_3514|Multi-compound|Drug_and_biocide_resistance|Drug_and_biocide_SMR_efflux_pumps|KPNE,MEG_3514|Multi-compound|Drug_and_biocide_resistance|Drug_and_biocide_SMR_efflux_pumps|KPNE,363,2189229,2189591,+
Escherichia_coli_B1109,Escherichia_coli_chromosome,2285632,2286789,1158,MEG_3895|Metals|Mercury_resistance|Mercury_resistance_protein|MERT,MEG_3895|Metals|Mercury_resistance|Mercury_resistance_protein|MERT,297,2265308,2265604,+
Escherichia_coli_B1109,Escherichia_coli_chromosome,2299750,2300859,1110,MEG_14|Drugs|Aminoglycosides|Aminoglycoside_N-acetyltransferases|AAC2-PRIME,MEG_14|Drugs|Aminoglycosides|Aminoglycoside_N-acetyltransferases|AAC2-PRIME,783,2278565,2279347,+
Escherichia_coli_B1109,Escherichia_coli_chromosome,2437916,2438626,711,MEG_3744|Multi-compound|Drug_and_biocide_and_metal_resistance|Drug_and_biocide_and_metal_RND_efflux_pumps|MDTA,MEG_3744|Multi-compound|Drug_and_biocide_and_metal_resistance|Drug_and_biocide_and_metal_RND_efflux_pumps|MDTA,1242,2416404,2417645,+
Escherichia_coli_B1109,Escherichia_coli_chromosome,2515262,2516812,1551,MEG_11398|Drugs|MLS|Lincosamide_nucleotidyltransferases|LNU,MEG_11398|Drugs|MLS|Lincosamide_nucleotidyltransferases|LNU,771,2494281,2495051,+
Escherichia_coli_B1109,Escherichia_coli_chromosome,2568583,2569527,945,MEG_2736|Multi-compound|Drug_and_biocide_resistance|Drug_and_biocide_MFS_efflux_pumps|EMRY,MEG_2736|Multi-compound|Drug_and_biocide_resistance|Drug_and_biocide_MFS_efflux_pumps|EMRY,1539,2546822,2548360,+
Escherichia_coli_B1109,Escherichia_coli_chromosome,2596802,2599156,2355,MEG_10189|Drugs|Tetracyclines|Tetracycline_resistance_ABC_efflux_pumps|TETA60,MEG_10189|Drugs|Tetracyclines|Tetracycline_resistance_ABC_efflux_pumps|TETA60,1740,2575635,2577374,+
Escherichia_coli_B1109,Escherichia_coli_chromosome,2602305,2602682,378,MEG_6026|Drugs|Fluoroquinolones|Quinolone_resistance_protein_Qnr|QNRS,MEG_6026|Drugs|Fluoroquinolones|Quinolone_resistance_protein_Qnr|QNRS,657,2580523,2581179,+
Escherichia_coli_B1109,Escherichia_coli_chromosome,2636034,2637200,1167,MEG_1707|Metals|Chromium_resistance|Chromium_resistance_protein|CHRA,MEG_1707|Metals|Chromium_resistance|Chromium_resistance_protein|CHRA,1206,2614531,2615736,+
Escherichia_coli_B1109,Escherichia_coli_chromosome,2661030,2661899,870,MEG_5953|Drugs|Fluoroquinolones|Quinolone_resistance_protein_Qnr|QNRB,MEG_5953|Drugs|Fluoroquinolones|Quinolone_resistance_protein_Qnr|QNRB,681,2639566,2640246,+
Escherichia_coli_B1109,Escherichia_coli_chromosome,2715843,2717075,1233,MEG_2765|Drugs|MLS|23S_rRNA_methyltransferases|ERM,MEG_2765|Drugs|MLS|23S_rRNA_methyltransferases|ERM,732,2694190,2694921,+
Escherichia_coli_B1109,Escherichia_coli_chromosome,2790664,2792388,1725,MEG_2919|Drugs|Phenicol|Phenicol_resistance_MFS_efflux_pumps|FLOR,MEG_2919|Drugs|Phenicol|Phenicol_resistance_MFS_efflux_pumps|FLOR,1215,2768510,2769724,+
Escherichia_coli_B1109,Escherichia_coli_chromosome,2818761,2821457,2697,MEG_8125|Drugs|betalactams|Class_B_betalactamases|GOB,MEG_8125|Drugs|betalactams|Class_B_betalactamases|GOB,873,2796097,2796969,+
Escherichia_coli_B1109,Escherichia_coli_chromosome,2916772,2917905,1134,MEG_2839|Drugs|MLS|23S_rRNA_methyltransferases|ERMO,MEG_2839|Drugs|MLS|23S_rRNA_methyltransferases|ERMO,780,2892284,2893063,+
Escherichia_coli_B1109,Escherichia_coli_chromosome,2918524,2918991,468,MEG_7296|Multi-compound|Drug_and_biocide_resistance|Drug_and_biocide_RND_efflux_regulator|TTGR,MEG_7296|Multi-compound|Drug_and_biocide_resistance|Drug_and_biocide_RND_efflux_regulator|TTGR,633,2893682,2894314,+
Escherichia_coli_B1109,Escherichia_coli_chromosome,2930360,2930698,339,MEG_5869|Drugs|Fluoroquinolones|Quinolone_resistance_protein_Qnr|QNRA,MEG_5869|Drugs|Fluoroquinolones|Quinolone_resistance_protein_Qnr|QNRA,657,2905683,2906339,+
Escherichia_coli_B1109,Escherichia_coli_chromosome,2950535,2952178,1644,MEG_11230|Drugs|Fluoroquinolones|Quinolone_resistance_protein_Qnr|QNRA,MEG_11230|Drugs|Fluoroquinolones|Quinolone_resistance_protein_Qnr|QNRA,657,2926176,2926832,+
Escherichia_coli_B1109,Escherichia_coli_chromosome,2982016,2986561,4546,MEG_1215|Drugs|Bacitracin|Bacitracin_ABC_transporter|BCRC,MEG_1215|Drugs|Bacitracin|Bacitracin_ABC_transporter|BCRC,612,2956670,2957281,+
Escherichia_coli_B1109,Escherichia_coli_chromosome,3001112,3002761,1650,MEG_154|Drugs|Aminoglycosides|Aminoglycoside_N-acetyltransferases|AAC6-PRIME,MEG_154|Drugs|Aminoglycosides|Aminoglycoside_N-acetyltransferases|AAC6-PRIME,441,2971832,2972272,+
Escherichia_coli_B1109,Escherichia_coli_chromosome,3008080,3008544,465,MEG_11438|Biocides|Peroxide_resistance|Peroxide_resistance_stress_protein|SODC,MEG_11438|Biocides|Peroxide_resistance|Peroxide_resistance_stress_protein|SODC,534,2977591,2978124,+
Escherichia_coli_B1109,Escherichia_coli_chromosome,3008630,3008953,324,MEG_2926|Drugs|Phenicol|Phenicol_resistance_MFS_efflux_pumps|FLOR,MEG_2926|Drugs|Phenicol|Phenicol_resistance_MFS_efflux_pumps|FLOR,1215,2978210,2979424,+
Escherichia_coli_B1109,Escherichia_coli_chromosome,3026010,3026525,516,MEG_7862|Metals|Zinc_resistance|Zinc_resistance_regulator|ZRAR,MEG_7862|Metals|Zinc_resistance|Zinc_resistance_regulator|ZRAR,1326,2996481,2997806,+
Escherichia_coli_B1109,Escherichia_coli_chromosome,3062385,3063209,825,MEG_7178|Drugs|Tetracyclines|Tetracycline_resistance_ribosomal_protection_proteins|TETQ,MEG_7178|Drugs|Tetracyclines|Tetracycline_resistance_ribosomal_protection_proteins|TETQ,1926,3033666,3035591,+
Escherichia_coli_B1109,Escherichia_coli_chromosome,3072494,3072877,384,MEG_7594|Drugs|Glycopeptides|VanA-type_accessory_protein|VANYA,MEG_7594|Drugs|Glycopeptides|VanA-type_accessory_protein|VANYA,891,3044876,3045766,+
Escherichia_coli_B1109,Escherichia_coli_chromosome,3081467,3084186,2720,MEG_3253|Biocides|Acid_resistance|Acid_resistance_protein|HDEA,MEG_3253|Biocides|Acid_resistance|Acid_resistance_protein|HDEA,333,3054356,3054688,+
Escherichia_coli_B1109,Escherichia_coli_chromosome,3167935,3168780,846,MEG_2077|Metals|Copper_resistance|Copper_resistance_regulator|COPS,MEG_2077|Metals|Copper_resistance|Copper_resistance_regulator|COPS,1464,3138437,3139900,+
Escherichia_coli_B1109,Escherichia_coli_chromosome,3178654,3179556,903,MEG_10191|Drugs|Multi-drug_resistance|Multi-drug_ABC_efflux_pumps|SALD,MEG_10191|Drugs|Multi-drug_resistance|Multi-drug_ABC_efflux_pumps|SALD,1635,3149774,3151408,+
Escherichia_coli_B1109,Escherichia_coli_chromosome,3180355,3182423,2069,MEG_2666|Multi-compound|Biocide_and_metal_resistance|Biocide_and_metal_resistance_protein|DPSA,MEG_2666|Multi-compound|Biocide_and_metal_resistance|Biocide_and_metal_resistance_protein|DPSA,489,3152207,3152695,+
Escherichia_coli_B1109,Escherichia_coli_chromosome,3184595,3185215,621,MEG_9982|Drugs|Metronidazole|nim_nitroimidazole_reductase|NIMB,MEG_9982|Drugs|Metronidazole|nim_nitroimidazole_reductase|NIMB,468,3154867,3155334,+
Escherichia_coli_B1109,Escherichia_coli_chromosome,3241981,3242607,627,MEG_10048|Drugs|Lipopeptides|Polymyxin_resistant_aminoacyl_carrier_protein|ALMF,MEG_10048|Drugs|Lipopeptides|Polymyxin_resistant_aminoacyl_carrier_protein|ALMF,237,3212100,3212336,+
Escherichia_coli_B1109,Escherichia_coli_chromosome,3283548,3284498,951,MEG_881|Drugs|Aminoglycosides|Aminoglycoside_O-nucleotidyltransferases|ANT3-DPRIME,MEG_881|Drugs|Aminoglycosides|Aminoglycoside_O-nucleotidyltransferases|ANT3-DPRIME,792,3253277,3254068,+
Escherichia_coli_B1109,Escherichia_coli_chromosome,3374400,3375440,1041,MEG_3073|Drugs|Fusidic_acid|Fusidic_acid_esterases|FUSF,MEG_3073|Drugs|Fusidic_acid|Fusidic_acid_esterases|FUSF,645,3343970,3344614,+
Escherichia_coli_B1109,Escherichia_coli_chromosome,3375527,3377376,1850,MEG_5918|Drugs|Fluoroquinolones|Quinolone_resistance_protein_Qnr|QNRB,MEG_5918|Drugs|Fluoroquinolones|Quinolone_resistance_protein_Qnr|QNRB,648,3344701,3345348,+
Escherichia_coli_B1109,Escherichia_coli_chromosome,3377559,3378332,774,MEG_5776|Drugs|Lipopeptides|Lipid_A_phosphatase|PGBB,MEG_5776|Drugs|Lipopeptides|Lipid_A_phosphatase|PGBB,711,3345531,3346241,+
Escherichia_coli_B1109,Escherichia_coli_chromosome,3390713,3391279,567,MEG_3072|Drugs|Fusidic_acid|Fusidic_acid_esterases|FUSF,MEG_3072|Drugs|Fusidic_acid|Fusidic_acid_esterases|FUSF,645,3358622,3359266,+
Escherichia_coli_B1109,Escherichia_coli_chromosome,3418509,3418922,414,MEG_5891|Drugs|Fluoroquinolones|Quinolone_resistance_protein_Qnr|QNRB,MEG_5891|Drugs|Fluoroquinolones|Quinolone_resistance_protein_Qnr|QNRB,645,3386496,3387140,+
Escherichia_coli_B1109,Escherichia_coli_chromosome,3419028,3419462,435,MEG_4322|Drugs|Multi-drug_resistance|Multi-drug_ABC_efflux_pumps|OPTRA,MEG_4322|Drugs|Multi-drug_resistance|Multi-drug_ABC_efflux_pumps|OPTRA,1968,3387246,3389213,+
Escherichia_coli_B1109,Escherichia_coli_chromosome,3430825,3432015,1191,MEG_1978|Drugs|betalactams|Class_C_betalactamases|CMY,MEG_1978|Drugs|betalactams|Class_C_betalactamases|CMY,1230,3400576,3401805,+
Escherichia_coli_B1109,Escherichia_coli_chromosome,3677911,3679311,1401,MEG_6628|Drugs|Sulfonamides|Sulfonamide-resistant_dihydropteroate_synthases|SULII,MEG_6628|Drugs|Sulfonamides|Sulfonamide-resistant_dihydropteroate_synthases|SULII,816,3647701,3648516,+
Escherichia_coli_B1109,Escherichia_coli_chromosome,3679681,3680505,825,MEG_8238|Drugs|Lipopeptides|Colistin_phosphoethanolamine_transferase|MCR,MEG_8238|Drugs|Lipopeptides|Colistin_phosphoethanolamine_transferase|MCR,1620,3648886,3650505,+
Escherichia_coli_B1109,Escherichia_coli_chromosome,3680873,3681601,729,MEG_7059|Drugs|Tetracyclines|Tetracycline_resistance_MFS_efflux_pumps|TETC,MEG_7059|Drugs|Tetracyclines|Tetracycline_resistance_MFS_efflux_pumps|TETC,1191,3650873,3652063,+
Escherichia_coli_B1109,Escherichia_coli_chromosome,3681964,3685077,3114,MEG_11249|Drugs|Fosfomycin|Fosfomycin_thiol_transferases|FOSU,MEG_11249|Drugs|Fosfomycin|Fosfomycin_thiol_transferases|FOSU,414,3652426,3652839,+
Escherichia_coli_B1109,Escherichia_coli_chromosome,3685102,3686259,1158,MEG_11252|Metals|Arsenic_resistance|Arsenic_resistance_regulator|ARSR,MEG_11252|Metals|Arsenic_resistance|Arsenic_resistance_regulator|ARSR,321,3652864,3653184,+
Escherichia_coli_B1109,Escherichia_coli_chromosome,3686598,3687080,483,MEG_7804|Drugs|Mycobacterium_tuberculosis-specific_Drug|Viomycin_phosphotransferases|VPH,MEG_7804|Drugs|Mycobacterium_tuberculosis-specific_Drug|Viomycin_phosphotransferases|VPH,864,3653523,3654386,+
Escherichia_coli_B1109,Escherichia_coli_chromosome,3693631,3694062,432,MEG_3622|Biocides|Acetate_resistance|Acetate_resistance_protein|LPDT,MEG_3622|Biocides|Acetate_resistance|Acetate_resistance_protein|LPDT,2355,3660937,3663291,+
Escherichia_coli_B1109,Escherichia_coli_chromosome,3694068,3698983,4916,MEG_3859|Metals|Mercury_resistance|Mercury_resistance_protein|MERC,MEG_3859|Metals|Mercury_resistance|Mercury_resistance_protein|MERC,435,3663297,3663731,+
Escherichia_coli_B1109,Escherichia_coli_chromosome,3704001,3706199,2199,MEG_4321|Drugs|Multi-drug_resistance|Multi-drug_ABC_efflux_pumps|OPTRA,MEG_4321|Drugs|Multi-drug_resistance|Multi-drug_ABC_efflux_pumps|OPTRA,1968,3668749,3670716,+
Escherichia_coli_B1109,Escherichia_coli_chromosome,3825137,3825769,633,MEG_3611|Drugs|MLS|Lincosamide_nucleotidyltransferases|LNUC,MEG_3611|Drugs|MLS|Lincosamide_nucleotidyltransferases|LNUC,495,3789654,3790148,+
Escherichia_coli_B1109,Escherichia_coli_chromosome,3872759,3873184,426,MEG_4342|Multi-compound|Drug_and_biocide_resistance|Drug_and_biocide_RND_efflux_pumps|OQXB,MEG_4342|Multi-compound|Drug_and_biocide_resistance|Drug_and_biocide_RND_efflux_pumps|OQXB,3153,3837138,3840290,+
Escherichia_coli_B1109,Escherichia_coli_chromosome,3893753,3896857,3105,MEG_7341|Drugs|Glycopeptides|VanA-type_resistance_protein|VANA,MEG_7341|Drugs|Glycopeptides|VanA-type_resistance_protein|VANA,1032,3860859,3861890,+
Escherichia_coli_B1109,Escherichia_coli_chromosome,3896869,3898026,1158,MEG_2009|Metals|Multi-metal_resistance|Multi-metal_resistance_protein|CNRB,MEG_2009|Metals|Multi-metal_resistance|Multi-metal_resistance_protein|CNRB,1188,3861902,3863089,+
Escherichia_coli_B1109,Escherichia_coli_chromosome,3898425,3899087,663,MEG_3742|Multi-compound|Drug_and_biocide_and_metal_resistance|Drug_and_biocide_and_metal_MFS_efflux_pumps|MDRL,MEG_3742|Multi-compound|Drug_and_biocide_and_metal_resistance|Drug_and_biocide_and_metal_MFS_efflux_pumps|MDRL,1194,3863488,3864681,+
Escherichia_coli_B1109,Escherichia_coli_chromosome,3926089,3926403,315,MEG_1214|Drugs|Bacitracin|Bacitracin_ABC_transporter|BCRB,MEG_1214|Drugs|Bacitracin|Bacitracin_ABC_transporter|BCRB,627,3891683,3892309,+
Escherichia_coli_B1109,Escherichia_coli_chromosome,4096493,4097257,765,MEG_7785|Biocides|Multi-biocide_resistance|Multi-biocide_RND_efflux_pump|VMEB,MEG_7785|Biocides|Multi-biocide_resistance|Multi-biocide_RND_efflux_pump|VMEB,3162,4062399,4065560,+
Escherichia_coli_B1109,Escherichia_coli_chromosome,4108853,4109674,822,MEG_10088|Drugs|Rifampin|RNA_polymerase_protection_protein|HELR,MEG_10088|Drugs|Rifampin|RNA_polymerase_protection_protein|HELR,2169,4077156,4079324,+
Escherichia_coli_B1109,Escherichia_coli_chromosome,4128325,4129122,798,MEG_11338|Multi-compound|Drug_and_biocide_and_metal_resistance|Drug_and_biocide_and_metal_RND_efflux_pumps|CMEB,MEG_11338|Multi-compound|Drug_and_biocide_and_metal_resistance|Drug_and_biocide_and_metal_RND_efflux_pumps|CMEB,3120,4097975,4101094,+
Escherichia_coli_B1109,Escherichia_coli_chromosome,4132052,4133539,1488,MEG_5956|Drugs|Fluoroquinolones|Quinolone_resistance_protein_Qnr|QNRB,MEG_5956|Drugs|Fluoroquinolones|Quinolone_resistance_protein_Qnr|QNRB,681,4104024,4104704,+
Escherichia_coli_B1109,Escherichia_coli_chromosome,4141972,4142364,393,MEG_7490|Drugs|Glycopeptides|VanB-type_regulator|VANSB,MEG_7490|Drugs|Glycopeptides|VanB-type_regulator|VANSB,1344,4113137,4114480,+
Escherichia_coli_B1109,Escherichia_coli_chromosome,4175276,4176768,1493,MEG_1157|Metals|Arsenic_resistance|Arsenic_resistance_protein|ARSC,MEG_1157|Metals|Arsenic_resistance|Arsenic_resistance_protein|ARSC,393,4147392,4147784,+
Escherichia_coli_B1109,Escherichia_coli_chromosome,4287909,4288619,711,MEG_7783|Biocides|Multi-biocide_resistance|Multi-biocide_RND_efflux_pump|VMEA,MEG_7783|Biocides|Multi-biocide_resistance|Multi-biocide_RND_efflux_pump|VMEA,1140,4258925,4260064,+
Escherichia_coli_B1109,Escherichia_coli_chromosome,4458335,4459363,1029,MEG_11350|Drugs|MLS|Macrolide_esterases|ESTX,MEG_11350|Drugs|MLS|Macrolide_esterases|ESTX,843,4429780,4430622,+
Escherichia_coli_B1109,Escherichia_coli_chromosome,4572564,4573247,684,MEG_3067|Drugs|Fusidic_acid|Ribosomal_zinc-binding_protein|FUSB,MEG_3067|Drugs|Fusidic_acid|Ribosomal_zinc-binding_protein|FUSB,642,4543823,4544464,+
Escherichia_coli_B1109,Escherichia_coli_chromosome,4710663,4711139,477,MEG_5786|Multi-compound|Drug_and_biocide_resistance|Drug_and_biocide_SMR_efflux_regulator|PHOR,MEG_5786|Multi-compound|Drug_and_biocide_resistance|Drug_and_biocide_SMR_efflux_regulator|PHOR,1467,4681880,4683346,+
Escherichia_coli_B1109,Escherichia_coli_chromosome,4731817,4734930,3114,MEG_10141|Drugs|Sulfonamides|Sulfonamide_resistant_ECF_transporter_comonent|THFT,MEG_10141|Drugs|Sulfonamides|Sulfonamide_resistant_ECF_transporter_comonent|THFT,558,4704024,4704581,+
Escherichia_coli_B3008,Escherichia_coli_B3008,96874,98247,1374,MEG_6962|Metals|Tellurium_resistance|Tellurium_resistance_protein|TERZ,MEG_6962|Metals|Tellurium_resistance|Tellurium_resistance_protein|TERZ,582,96874,97455,+
Escherichia_coli_B3008,Escherichia_coli_B3008,105729,106310,582,MEG_4175|Metals|Nickel_resistance|Nickel_ABC_efflux_regulator|NIKR,MEG_4175|Metals|Nickel_resistance|Nickel_ABC_efflux_regulator|NIKR,121,104937,105057,+
Escherichia_coli_B3008,Escherichia_coli_B3008,168004,168685,682,MEG_3597|Drugs|Multi-drug_resistance|Multi-drug_ABC_efflux_pumps|LMRD,MEG_3597|Drugs|Multi-drug_resistance|Multi-drug_ABC_efflux_pumps|LMRD,1995,166751,168745,+
Escherichia_coli_B3008,Escherichia_coli_B3008,169821,170156,336,MEG_2917|Drugs|Phenicol|Phenicol_resistance_MFS_efflux_pumps|FLOR,MEG_2917|Drugs|Phenicol|Phenicol_resistance_MFS_efflux_pumps|FLOR,1215,169881,171095,+
Escherichia_coli_B3008,Escherichia_coli_B3008,244385,244777,393,MEG_6047|Drugs|Rifampin|RNA-polymerase_binding_protein|RBPA,MEG_6047|Drugs|Rifampin|RNA-polymerase_binding_protein|RBPA,345,245324,245668,+
Escherichia_coli_B3008,Escherichia_coli_B3008,248925,249314,390,MEG_2756|Drugs|MLS|23S_rRNA_methyltransferases|ERM,MEG_2756|Drugs|MLS|23S_rRNA_methyltransferases|ERM,801,249816,250616,+
Escherichia_coli_B3008,Escherichia_coli_B3008,249328,249762,435,MEG_5396|Drugs|Aminocoumarins|Aminocoumarin-resistant_DNA_topoisomerases|PARY,MEG_5396|Drugs|Aminocoumarins|Aminocoumarin-resistant_DNA_topoisomerases|PARY,2112,250630,252741,+
Escherichia_coli_B3008,Escherichia_coli_B3008,282393,284672,2280,MEG_3836|Multi-compound|Drug_and_biocide_resistance|Drug_and_biocide_MATE_efflux_regulator|MEPR,MEG_3836|Multi-compound|Drug_and_biocide_resistance|Drug_and_biocide_MATE_efflux_regulator|MEPR,420,285372,285791,+
Escherichia_coli_B3008,Escherichia_coli_B3008,285192,285953,762,MEG_1159|Metals|Arsenic_resistance|Arsenic_resistance_protein|ARSC,MEG_1159|Metals|Arsenic_resistance|Arsenic_resistance_protein|ARSC,420,286311,286730,+
Escherichia_coli_B3008,Escherichia_coli_B3008,296834,298234,1401,MEG_1465|Biocides|Polyamine_resistance|Spermine/spermidine_acetyltransferase|BLTD,MEG_1465|Biocides|Polyamine_resistance|Spermine/spermidine_acetyltransferase|BLTD,459,297611,298069,+
Escherichia_coli_B3008,Escherichia_coli_B3008,298390,299925,1536,MEG_3015|Drugs|Fosfomycin|Fosfomycin_thiol_transferases|FOSB,MEG_3015|Drugs|Fosfomycin|Fosfomycin_thiol_transferases|FOSB,420,298225,298644,+
Escherichia_coli_B3008,Escherichia_coli_B3008,374200,375782,1583,MEG_1462|Drugs|Glycopeptides|Bleomycin_resistance_protein|BLM,MEG_1462|Drugs|Glycopeptides|Bleomycin_resistance_protein|BLM,369,372919,373287,+
Escherichia_coli_B3008,Escherichia_coli_B3008,500610,501398,789,MEG_1552|Drugs|Phenicol|Chloramphenicol_acetyltransferases|CAT,MEG_1552|Drugs|Phenicol|Chloramphenicol_acetyltransferases|CAT,660,498115,498774,+
Escherichia_coli_B3008,Escherichia_coli_B3008,557521,557934,414,MEG_4192|Drugs|Metronidazole|nim_nitroimidazole_reductase|NIMI,MEG_4192|Drugs|Metronidazole|nim_nitroimidazole_reductase|NIMI,463,554897,555359,+
Escherichia_coli_B3008,Escherichia_coli_B3008,578774,579874,1101,MEG_7325|Metals|Tungsten_Resistance|Tungsten_ABC_efflux_pumps|TUPC,MEG_7325|Metals|Tungsten_Resistance|Tungsten_ABC_efflux_pumps|TUPC,645,576199,576843,+
Escherichia_coli_B3008,Escherichia_coli_B3008,591553,591831,279,MEG_6549|Biocides|Multi-biocide_resistance|Multi-biocide_resistance_regulator|SOXRB,MEG_6549|Biocides|Multi-biocide_resistance|Multi-biocide_resistance_regulator|SOXRB,465,588522,588986,+
Escherichia_coli_B3008,Escherichia_coli_B3008,615905,617446,1542,MEG_3914|Multi-compound|Drug_and_biocide_resistance|Drug_and_biocide_RND_efflux_pumps|MEXH,MEG_3914|Multi-compound|Drug_and_biocide_resistance|Drug_and_biocide_RND_efflux_pumps|MEXH,1113,613060,614172,+
Escherichia_coli_B3008,Escherichia_coli_B3008,617586,618122,537,MEG_2549|Drugs|Trimethoprim|Dihydrofolate_reductase|DFRA,MEG_2549|Drugs|Trimethoprim|Dihydrofolate_reductase|DFRA,474,614312,614785,+
Escherichia_coli_B3008,Escherichia_coli_B3008,634752,635018,267,MEG_7265|Biocides|Multi-biocide_resistance|Multi-biocide_RND_efflux_pump|TOLC,MEG_7265|Biocides|Multi-biocide_resistance|Multi-biocide_RND_efflux_pump|TOLC,142,631415,631556,+
Escherichia_coli_B3008,Escherichia_coli_B3008,665567,665824,258,MEG_4163|Metals|Sodium_resistance|Sodium_resistance_protein|NHAB,MEG_4163|Metals|Sodium_resistance|Sodium_resistance_protein|NHAB,1515,662105,663619,+
Escherichia_coli_B3008,Escherichia_coli_B3008,666065,666697,633,MEG_2884|Multi-compound|Drug_and_biocide_resistance|Drug_and_biocide_MFS_efflux_pumps|FARA,MEG_2884|Multi-compound|Drug_and_biocide_resistance|Drug_and_biocide_MFS_efflux_pumps|FARA,1155,663860,665014,+
Escherichia_coli_B3008,Escherichia_coli_B3008,709598,710806,1209,MEG_2517|Drugs|Trimethoprim|Dihydrofolate_reductase|DFRA,MEG_2517|Drugs|Trimethoprim|Dihydrofolate_reductase|DFRA,474,707915,708388,+
Escherichia_coli_B3008,Escherichia_coli_B3008,719437,720663,1227,MEG_3003|Drugs|Fosfomycin|Fosfomycin_thiol_transferases|FOSA,MEG_3003|Drugs|Fosfomycin|Fosfomycin_thiol_transferases|FOSA,347,717019,717365,+
Escherichia_coli_B3008,Escherichia_coli_B3008,815285,816362,1078,MEG_7392|Drugs|Glycopeptides|VanG-type_resistance_protein|VANG,MEG_7392|Drugs|Glycopeptides|VanG-type_resistance_protein|VANG,1101,811987,813087,+
Escherichia_coli_B3008,Escherichia_coli_B3008,867004,868752,1749,MEG_1775|Drugs|Phenicol|Phenicol_resistance_MFS_efflux_pumps|CMLB,MEG_1775|Drugs|Phenicol|Phenicol_resistance_MFS_efflux_pumps|CMLB,1266,863729,864994,+
Escherichia_coli_B3008,Escherichia_coli_B3008,944287,945009,723,MEG_1655|Metals|Chromium_resistance|Chromate_ABC_efflux_pump|CEUE,MEG_1655|Metals|Chromium_resistance|Chromate_ABC_efflux_pump|CEUE,942,940529,941470,+
Escherichia_coli_B3008,Escherichia_coli_B3008,986187,987419,1233,MEG_3847|Metals|Mercury_resistance|Mercury_resistance_protein|MERB,MEG_3847|Metals|Mercury_resistance|Mercury_resistance_protein|MERB,639,982648,983286,+
Escherichia_coli_B3008,Escherichia_coli_B3008,1017765,1018232,468,MEG_6479|Drugs|betalactams|Class_A_betalactamases|SHV,MEG_6479|Drugs|betalactams|Class_A_betalactamases|SHV,861,1013632,1014492,+
Escherichia_coli_B3008,Escherichia_coli_B3008,1082966,1084024,1059,MEG_6942|Drugs|betalactams|Class_A_betalactamases|TEM,MEG_6942|Drugs|betalactams|Class_A_betalactamases|TEM,1123,1079226,1080348,+
Escherichia_coli_B3008,Escherichia_coli_B3008,1084026,1085489,1464,MEG_7458|Drugs|Glycopeptides|VanA-type_regulator|VANRA,MEG_7458|Drugs|Glycopeptides|VanA-type_regulator|VANRA,912,1080350,1081261,+
Escherichia_coli_B3008,Escherichia_coli_B3008,1085934,1086722,789,MEG_8067|Drugs|Trimethoprim|Dihydrofolate_reductase|DFRA,MEG_8067|Drugs|Trimethoprim|Dihydrofolate_reductase|DFRA,792,1081706,1082497,+
Escherichia_coli_B3008,Escherichia_coli_B3008,1095755,1096696,942,MEG_2569|Drugs|Trimethoprim|Dihydrofolate_reductase|DFRB,MEG_2569|Drugs|Trimethoprim|Dihydrofolate_reductase|DFRB,237,1091530,1091766,+
Escherichia_coli_B3008,Escherichia_coli_B3008,1159583,1160260,678,MEG_375|Multi-compound|Drug_and_biocide_resistance|Drug_and_biocide_SMR_efflux_pumps|ABES,MEG_375|Multi-compound|Drug_and_biocide_resistance|Drug_and_biocide_SMR_efflux_pumps|ABES,330,1154653,1154982,+
Escherichia_coli_B3008,Escherichia_coli_B3008,1164452,1164595,144,MEG_6673|Drugs|betalactams|Class_A_betalactamases|TEM,MEG_6673|Drugs|betalactams|Class_A_betalactamases|TEM,861,1159174,1160034,+
Escherichia_coli_B3008,Escherichia_coli_B3008,1189654,1190476,823,MEG_2974|Drugs|Fosfomycin|Fosfomycin_phosphorylation|FOMB,MEG_2974|Drugs|Fosfomycin|Fosfomycin_phosphorylation|FOMB,993,1185093,1186085,+
Escherichia_coli_B3008,Escherichia_coli_B3008,1190501,1192033,1533,MEG_4054|Drugs|Cationic_antimicrobial_peptides|Defensin-resistant_mprF|MPRF,MEG_4054|Drugs|Cationic_antimicrobial_peptides|Defensin-resistant_mprF|MPRF,2643,1186110,1188752,+
Escherichia_coli_B3008,Escherichia_coli_B3008,1198852,1200462,1611,MEG_712|Metals|Arsenic_resistance|Arsenite_oxidase|AIOA,MEG_712|Metals|Arsenic_resistance|Arsenite_oxidase|AIOA,2481,1195571,1198051,+
Escherichia_coli_B3008,Escherichia_coli_B3008,1214029,1215930,1902,MEG_6983|Drugs|Tetracyclines|Tetracycline_resistance_MFS_efflux_pumps|TET38,MEG_6983|Drugs|Tetracyclines|Tetracycline_resistance_MFS_efflux_pumps|TET38,1353,1211618,1212970,+
Escherichia_coli_B3008,Escherichia_coli_B3008,1280378,1283521,3144,MEG_3142|Multi-compound|Biocide_and_metal_resistance|Biocide_and_metal_resistance_protein|GLPF,MEG_3142|Multi-compound|Biocide_and_metal_resistance|Biocide_and_metal_resistance_protein|GLPF,846,1277418,1278263,+
Escherichia_coli_B3008,Escherichia_coli_B3008,1283533,1284756,1224,MEG_8806|Drugs|Lipopeptides|Colistin_phosphoethanolamine_transferase|MCR,MEG_8806|Drugs|Lipopeptides|Colistin_phosphoethanolamine_transferase|MCR,1617,1278275,1279891,+
Escherichia_coli_B3008,Escherichia_coli_B3008,1284772,1285104,333,MEG_6562|Metals|Chromium_resistance|Chromium_resistance_protein|SRPCC,MEG_6562|Metals|Chromium_resistance|Chromium_resistance_protein|SRPCC,1182,1279907,1281088,+
Escherichia_coli_B3008,Escherichia_coli_B3008,1285262,1286635,1374,MEG_5412|Metals|Lead_resistance|Lead_P-type_ATPase_transporter|PBRD,MEG_5412|Metals|Lead_resistance|Lead_P-type_ATPase_transporter|PBRD,870,1281246,1282115,+
Escherichia_coli_B3008,Escherichia_coli_B3008,1286792,1288888,2097,MEG_8090|Drugs|Fosfomycin|Fosfomycin_thiol_transferases|FOSL,MEG_8090|Drugs|Fosfomycin|Fosfomycin_thiol_transferases|FOSL,411,1282272,1282682,+
Escherichia_coli_B3008,Escherichia_coli_B3008,1348604,1350047,1444,MEG_1723|Drugs|Multi-drug_resistance|MDR_23S_ribosomal_RNA_methyltransferase|CIPA,MEG_1723|Drugs|Multi-drug_resistance|MDR_23S_ribosomal_RNA_methyltransferase|CIPA,1041,1342398,1343438,+
Escherichia_coli_B3008,Escherichia_coli_B3008,1351566,1351973,408,MEG_5955|Drugs|Fluoroquinolones|Quinolone_resistance_protein_Qnr|QNRB,MEG_5955|Drugs|Fluoroquinolones|Quinolone_resistance_protein_Qnr|QNRB,681,1344957,1345637,+
Escherichia_coli_B3008,Escherichia_coli_B3008,1354587,1354798,212,MEG_715|Metals|Arsenic_resistance|Arsenite_oxidase_regulator|AIOR,MEG_715|Metals|Arsenic_resistance|Arsenite_oxidase_regulator|AIOR,1329,1348251,1349579,+
Escherichia_coli_B3008,Escherichia_coli_B3008,1380953,1382146,1194,MEG_2988|Drugs|Fosfomycin|Fosfomycin_thiol_transferases|FOSA,MEG_2988|Drugs|Fosfomycin|Fosfomycin_thiol_transferases|FOSA,423,1375734,1376156,+
Escherichia_coli_B3008,Escherichia_coli_B3008,1382169,1385318,3150,MEG_2739|Drugs|Cationic_antimicrobial_peptides|Lipid_A_modification|EPTA,MEG_2739|Drugs|Cationic_antimicrobial_peptides|Lipid_A_modification|EPTA,1644,1376179,1377822,+
Escherichia_coli_B3008,Escherichia_coli_B3008,1394201,1395918,1718,MEG_4120|Metals|Nickel_resistance|Nickel_MFS_efflux_pumps|NCRAN,MEG_4120|Metals|Nickel_resistance|Nickel_MFS_efflux_pumps|NCRAN,1299,1386705,1388003,+
Escherichia_coli_B3008,Escherichia_coli_B3008,1481490,1482647,1158,MEG_2513|Drugs|Trimethoprim|Dihydrofolate_reductase|DFRA,MEG_2513|Drugs|Trimethoprim|Dihydrofolate_reductase|DFRA,474,1473575,1474048,+
Escherichia_coli_B3008,Escherichia_coli_B3008,1495702,1496811,1110,MEG_1134|Drugs|Rifampin|Rifampin_ADP-ribosyltransferase_Arr|ARR,MEG_1134|Drugs|Rifampin|Rifampin_ADP-ribosyltransferase_Arr|ARR,453,1487103,1487555,+
Escherichia_coli_B3008,Escherichia_coli_B3008,1644995,1645429,435,MEG_7203|Drugs|Tetracyclines|Tetracycline_resistance_ribosomal_protection_proteins|TETT,MEG_7203|Drugs|Tetracyclines|Tetracycline_resistance_ribosomal_protection_proteins|TETT,1956,1635739,1637694,+
Escherichia_coli_B3008,Escherichia_coli_B3008,1645647,1647724,2078,MEG_3084|Biocides|Quaternary_Ammonium_Compounds_(QACs)_resistance|QAC-resistant_protein_UDP_glucose_4_epimerase|GALE,MEG_3084|Biocides|Quaternary_Ammonium_Compounds_(QACs)_resistance|QAC-resistant_protein_UDP_glucose_4_epimerase|GALE,990,1637912,1638901,+
Escherichia_coli_B3008,Escherichia_coli_B3008,1647779,1648708,930,MEG_2498|Drugs|Trimethoprim|Dihydrofolate_reductase|DFRA,MEG_2498|Drugs|Trimethoprim|Dihydrofolate_reductase|DFRA,474,1638956,1639429,+
Escherichia_coli_B3008,Escherichia_coli_B3008,1648713,1649093,381,MEG_2443|Metals|Copper_resistance|Copper_resistance_regulator|CUER,MEG_2443|Metals|Copper_resistance|Copper_resistance_regulator|CUER,408,1639434,1639841,+
Escherichia_coli_B3008,Escherichia_coli_B3008,1649133,1650023,891,MEG_8036|Drugs|Lipopeptides|Colistin_phosphoethanolamine_transferase|CPRS,MEG_8036|Drugs|Lipopeptides|Colistin_phosphoethanolamine_transferase|CPRS,1296,1639881,1641176,+
Escherichia_coli_B3008,Escherichia_coli_B3008,1650029,1651846,1818,MEG_7779|Biocides|Multi-biocide_resistance|Multi-biocide_RND_efflux_pump|VMEA,MEG_7779|Biocides|Multi-biocide_resistance|Multi-biocide_RND_efflux_pump|VMEA,1140,1641182,1642321,+
Escherichia_coli_B3008,Escherichia_coli_B3008,1653828,1656304,2477,MEG_4172|Metals|Nickel_resistance|Nickel_ABC_efflux_pumps|NIKD,MEG_4172|Metals|Nickel_resistance|Nickel_ABC_efflux_pumps|NIKD,762,1644303,1645064,+
Escherichia_coli_B3008,Escherichia_coli_B3008,1656933,1660075,3143,MEG_6572|Biocides|Multi-biocide_resistance|Multi-biocide_SMR_efflux_pump|SSME,MEG_6572|Biocides|Multi-biocide_resistance|Multi-biocide_SMR_efflux_pump|SSME,333,1645693,1646025,+
Escherichia_coli_B3008,Escherichia_coli_B3008,1660086,1661378,1293,MEG_3819|Drugs|MLS|MLS_resistance_MFS_efflux_pumps|MEFA,MEG_3819|Drugs|MLS|MLS_resistance_MFS_efflux_pumps|MEFA,1227,1646036,1647262,+
Escherichia_coli_B3008,Escherichia_coli_B3008,1661492,1661845,354,MEG_2504|Drugs|Trimethoprim|Dihydrofolate_reductase|DFRA,MEG_2504|Drugs|Trimethoprim|Dihydrofolate_reductase|DFRA,474,1647376,1647849,+
Escherichia_coli_B3008,Escherichia_coli_B3008,1661874,1663259,1386,MEG_2928|Drugs|Phenicol|Phenicol_resistance_MFS_efflux_pumps|FLOR,MEG_2928|Drugs|Phenicol|Phenicol_resistance_MFS_efflux_pumps|FLOR,1215,1647878,1649092,+
Escherichia_coli_B3008,Escherichia_coli_B3008,1663449,1665597,2149,MEG_2682|Metals|Multi-metal_resistance|Multi-metal_resistance_protein|DSBA,MEG_2682|Metals|Multi-metal_resistance|Multi-metal_resistance_protein|DSBA,627,1649282,1649908,+
Escherichia_coli_B3008,Escherichia_coli_B3008,1665848,1666279,432,MEG_2994|Drugs|Fosfomycin|Fosfomycin_thiol_transferases|FOSA,MEG_2994|Drugs|Fosfomycin|Fosfomycin_thiol_transferases|FOSA,426,1650159,1650584,+
Escherichia_coli_B3008,Escherichia_coli_B3008,1701952,1702662,711,MEG_3284|Metals|Nickel_resistance|Nickel_resistance_protein|HUPE,MEG_3284|Metals|Nickel_resistance|Nickel_resistance_protein|HUPE,600,1686257,1686856,+
Escherichia_coli_B3008,Escherichia_coli_B3008,1779088,1780638,1551,MEG_2931|Drugs|Phenicol|Phenicol_resistance_MFS_efflux_pumps|FLOR,MEG_2931|Drugs|Phenicol|Phenicol_resistance_MFS_efflux_pumps|FLOR,1215,1763282,1764496,+
Escherichia_coli_B3008,Escherichia_coli_B3008,1832407,1833351,945,MEG_5541|Drugs|betalactams|Class_C_betalactamases|PDC,MEG_5541|Drugs|betalactams|Class_C_betalactamases|PDC,1194,1816265,1817458,+
Escherichia_coli_B3008,Escherichia_coli_B3008,1859219,1861573,2355,MEG_3074|Drugs|Fusidic_acid|Fusidic_acid_esterases|FUSH,MEG_3074|Drugs|Fusidic_acid|Fusidic_acid_esterases|FUSH,1530,1843326,1844855,+
Escherichia_coli_B3008,Escherichia_coli_B3008,1864722,1865099,378,MEG_1593|Drugs|Phenicol|Chloramphenicol_acetyltransferases|CATA,MEG_1593|Drugs|Phenicol|Chloramphenicol_acetyltransferases|CATA,671,1848004,1848674,+
Escherichia_coli_B3008,Escherichia_coli_B3008,1901784,1902950,1167,MEG_4187|Drugs|Metronidazole|nim_nitroimidazole_reductase|NIMH,MEG_4187|Drugs|Metronidazole|nim_nitroimidazole_reductase|NIMH,458,1885359,1885816,+
Escherichia_coli_B3008,Escherichia_coli_B3008,1926778,1927647,870,MEG_3272|Metals|Nickel_resistance|Nickel_resistance_protein|HOXN,MEG_3272|Metals|Nickel_resistance|Nickel_resistance_protein|HOXN,1056,1909644,1910699,+
Escherichia_coli_B3008,Escherichia_coli_B3008,1996446,1997654,1209,MEG_1132|Drugs|Rifampin|Rifampin_ADP-ribosyltransferase_Arr|ARR,MEG_1132|Drugs|Rifampin|Rifampin_ADP-ribosyltransferase_Arr|ARR,453,1979498,1979950,+
Escherichia_coli_B3008,Escherichia_coli_B3008,2039099,2041795,2697,MEG_6543|Biocides|Peroxide_resistance|peroxide_resistance_protein|SODA,MEG_6543|Biocides|Peroxide_resistance|peroxide_resistance_protein|SODA,288,2021395,2021682,+
Escherichia_coli_B3008,Escherichia_coli_B3008,2136984,2138117,1134,MEG_3894|Metals|Mercury_resistance|Mercury_resistance_protein|MERT,MEG_3894|Metals|Mercury_resistance|Mercury_resistance_protein|MERT,351,2116871,2117221,+
Escherichia_coli_B3008,Escherichia_coli_B3008,2138736,2139202,467,MEG_3745|Multi-compound|Drug_and_biocide_and_metal_resistance|Drug_and_biocide_and_metal_RND_efflux_pumps|MDTA,MEG_3745|Multi-compound|Drug_and_biocide_and_metal_resistance|Drug_and_biocide_and_metal_RND_efflux_pumps|MDTA,1257,2117840,2119096,+
Escherichia_coli_B3008,Escherichia_coli_B3008,2150570,2150908,339,MEG_4164|Metals|Sodium_resistance|Sodium_resistance_protein|NHAB,MEG_4164|Metals|Sodium_resistance|Sodium_resistance_protein|NHAB,1542,2130464,2132005,+
Escherichia_coli_B3008,Escherichia_coli_B3008,2217730,2219373,1644,MEG_1158|Metals|Arsenic_resistance|Arsenic_resistance_protein|ARSC,MEG_1158|Metals|Arsenic_resistance|Arsenic_resistance_protein|ARSC,396,2198827,2199222,+
Escherichia_coli_B3008,Escherichia_coli_B3008,2248704,2253249,4546,MEG_2017|Metals|Copper_resistance|Copper_resistance_regulator|COMR,MEG_2017|Metals|Copper_resistance|Copper_resistance_regulator|COMR,633,2228553,2229185,+
Escherichia_coli_B3008,Escherichia_coli_B3008,2267800,2269449,1650,MEG_1592|Drugs|Phenicol|Chloramphenicol_acetyltransferases|CATA,MEG_1592|Drugs|Phenicol|Chloramphenicol_acetyltransferases|CATA,660,2243736,2244395,+
Escherichia_coli_B3008,Escherichia_coli_B3008,2274770,2275234,465,MEG_1740|Multi-compound|Drug_and_biocide_and_metal_resistance|Drug_and_biocide_and_metal_RND_efflux_pumps|CMEB,MEG_1740|Multi-compound|Drug_and_biocide_and_metal_resistance|Drug_and_biocide_and_metal_RND_efflux_pumps|CMEB,3123,2249716,2252838,+
Escherichia_coli_B3008,Escherichia_coli_B3008,2275320,2275643,324,MEG_4197|Metals|Nickel_resistance|Nickel_resistance_protein|NIRC,MEG_4197|Metals|Nickel_resistance|Nickel_resistance_protein|NIRC,924,2252924,2253847,+
Escherichia_coli_B3008,Escherichia_coli_B3008,2292758,2293273,516,MEG_11505|Drugs|Metronidazole|nim_nitroimidazole_reductase|NIMF,MEG_11505|Drugs|Metronidazole|nim_nitroimidazole_reductase|NIMF,492,2270962,2271453,+
Escherichia_coli_B3008,Escherichia_coli_B3008,2329147,2329971,825,MEG_6168|Drugs|Nucleosides|Streptothricin_acetyltransferase|SAT,MEG_6168|Drugs|Nucleosides|Streptothricin_acetyltransferase|SAT,570,2307327,2307896,+
Escherichia_coli_B3008,Escherichia_coli_B3008,2347480,2349602,2123,MEG_6645|Biocides|Multi-biocide_resistance|Multi-biocide_RND_efflux_pump|TBTA,MEG_6645|Biocides|Multi-biocide_resistance|Multi-biocide_RND_efflux_pump|TBTA,1149,2325405,2326553,+
Escherichia_coli_B3008,Escherichia_coli_B3008,2349887,2350178,292,MEG_3080|Biocides|Acid_resistance|Acid_resistance_regulator|GADE,MEG_3080|Biocides|Acid_resistance|Acid_resistance_regulator|GADE,528,2326838,2327365,+
Escherichia_coli_B3008,Escherichia_coli_B3008,2436061,2436906,846,MEG_1716|Metals|Chromium_resistance|Chromium_resistance_regulator|CHRI,MEG_1716|Metals|Chromium_resistance|Chromium_resistance_regulator|CHRI,495,2413248,2413742,+
Escherichia_coli_B3008,Escherichia_coli_B3008,2446780,2447682,903,MEG_7273|Biocides|Phenolic_compound_resistance|Phenolic_RND_efflux_pump|TRIB,MEG_7273|Biocides|Phenolic_compound_resistance|Phenolic_RND_efflux_pump|TRIB,1071,2423616,2424686,+
Escherichia_coli_B3008,Escherichia_coli_B3008,2448481,2450549,2069,MEG_1169|Metals|Arsenic_resistance|Arsenic_resistance_protein|ARSM,MEG_1169|Metals|Arsenic_resistance|Arsenic_resistance_protein|ARSM,852,2425485,2426336,+
Escherichia_coli_B3008,Escherichia_coli_B3008,2452721,2453341,621,MEG_7212|Drugs|Tetracyclines|Tetracycline_resistance_ribosomal_protection_proteins|TETW,MEG_7212|Drugs|Tetracyclines|Tetracycline_resistance_ribosomal_protection_proteins|TETW,1920,2428508,2430427,+
Escherichia_coli_B3008,Escherichia_coli_B3008,2506834,2507460,627,MEG_4125|Metals|Multi-metal_resistance|Multi-metal_MFS_efflux_pumps|NCRC,MEG_4125|Metals|Multi-metal_resistance|Multi-metal_MFS_efflux_pumps|NCRC,696,2483920,2484615,+
Escherichia_coli_B3008,Escherichia_coli_B3008,2548015,2548965,951,MEG_1579|Drugs|Phenicol|Chloramphenicol_acetyltransferases|CATA,MEG_1579|Drugs|Phenicol|Chloramphenicol_acetyltransferases|CATA,648,2525170,2525817,+
Escherichia_coli_B3008,Escherichia_coli_B3008,2637309,2638349,1041,MEG_3887|Metals|Mercury_resistance|Mercury_resistance_regulator|MERR2,MEG_3887|Metals|Mercury_resistance|Mercury_resistance_regulator|MERR2,435,2614161,2614595,+
Escherichia_coli_B3008,Escherichia_coli_B3008,2638435,2640284,1850,MEG_5873|Drugs|Fluoroquinolones|Quinolone_resistance_protein_Qnr|QNRA,MEG_5873|Drugs|Fluoroquinolones|Quinolone_resistance_protein_Qnr|QNRA,657,2614681,2615337,+
Escherichia_coli_B3008,Escherichia_coli_B3008,2640467,2641240,774,MEG_3141|Multi-compound|Biocide_and_metal_resistance|Biocide_and_metal_resistance_protein|GLPF,MEG_3141|Multi-compound|Biocide_and_metal_resistance|Biocide_and_metal_resistance_protein|GLPF,846,2615520,2616365,+
Escherichia_coli_B3008,Escherichia_coli_B3008,2653622,2654188,567,MEG_3168|Metals|Multi-metal_resistance|Multi-metal_resistance_protein|GOLT,MEG_3168|Metals|Multi-metal_resistance|Multi-metal_resistance_protein|GOLT,2289,2628747,2631035,+
Escherichia_coli_B3008,Escherichia_coli_B3008,2681419,2681832,414,MEG_11244|Drugs|Fosfomycin|Fosfomycin_thiol_transferases|FOSA,MEG_11244|Drugs|Fosfomycin|Fosfomycin_thiol_transferases|FOSA,423,2658266,2658688,+
Escherichia_coli_B3008,Escherichia_coli_B3008,2681938,2682372,435,MEG_8451|Drugs|Multi-drug_resistance|MDR_regulator|PARR,MEG_8451|Drugs|Multi-drug_resistance|MDR_regulator|PARR,708,2658794,2659501,+
Escherichia_coli_B3008,Escherichia_coli_B3008,2691325,2692515,1191,MEG_3269|Multi-compound|Biocide_and_metal_resistance|Biocide_and_metal_resistance_regulator|HMRR,MEG_3269|Multi-compound|Biocide_and_metal_resistance|Biocide_and_metal_resistance_regulator|HMRR,390,2668454,2668843,+
Escherichia_coli_B3008,Escherichia_coli_B3008,2892140,2893540,1401,MEG_3265|Drugs|Multi-drug_resistance|Multi-drug_RND_efflux_pumps|HLYD,MEG_3265|Drugs|Multi-drug_resistance|Multi-drug_RND_efflux_pumps|HLYD,1176,2868468,2869643,+
Escherichia_coli_B3008,Escherichia_coli_B3008,2893910,2894734,825,MEG_3853|Metals|Mercury_resistance|Mercury_resistance_protein|MERB,MEG_3853|Metals|Mercury_resistance|Mercury_resistance_protein|MERB,657,2870013,2870669,+
Escherichia_coli_B3008,Escherichia_coli_B3008,2895102,2895830,729,MEG_4214|Drugs|Aminocoumarins|Aminocoumarin_efflux_pump|NOVA,MEG_4214|Drugs|Aminocoumarins|Aminocoumarin_efflux_pump|NOVA,1848,2871037,2872884,+
Escherichia_coli_B3008,Escherichia_coli_B3008,2896193,2899306,3114,MEG_3849|Metals|Mercury_resistance|Mercury_resistance_protein|MERB,MEG_3849|Metals|Mercury_resistance|Mercury_resistance_protein|MERB,660,2873247,2873906,+
Escherichia_coli_B3008,Escherichia_coli_B3008,2899331,2900488,1158,MEG_11236|Drugs|Fluoroquinolones|Quinolone_resistance_protein_Qnr|QNRE,MEG_11236|Drugs|Fluoroquinolones|Quinolone_resistance_protein_Qnr|QNRE,645,2873931,2874575,+
Escherichia_coli_B3008,Escherichia_coli_B3008,2900827,2901354,528,MEG_6578|Biocides|Multi-biocide_resistance|Multi-biocide_SMR_efflux_pump|SUGE,MEG_6578|Biocides|Multi-biocide_resistance|Multi-biocide_SMR_efflux_pump|SUGE,318,2874914,2875231,+
Escherichia_coli_B3008,Escherichia_coli_B3008,2902980,2903312,333,MEG_6540|Biocides|Peroxide_resistance|peroxide_resistance_protein|SODA,MEG_6540|Biocides|Peroxide_resistance|peroxide_resistance_protein|SODA,621,2876857,2877477,+
Escherichia_coli_B3008,Escherichia_coli_B3008,2903416,2903754,339,MEG_182|Drugs|Aminoglycosides|Aminoglycoside_N-acetyltransferases|AAC6-PRIME,MEG_182|Drugs|Aminoglycosides|Aminoglycoside_N-acetyltransferases|AAC6-PRIME,555,2877581,2878135,+
Escherichia_coli_B3008,Escherichia_coli_B3008,2907859,2908284,426,MEG_8020|Drugs|Phenicol|Phenicol_resistance_MFS_efflux_pumps|CML,MEG_8020|Drugs|Phenicol|Phenicol_resistance_MFS_efflux_pumps|CML,1194,2882240,2883433,+
Escherichia_coli_B3008,Escherichia_coli_B3008,2908297,2909586,1290,MEG_11510|Drugs|Tetracyclines|Tetracycline_resistance_ribosomal_protection_proteins|TETO,MEG_11510|Drugs|Tetracyclines|Tetracycline_resistance_ribosomal_protection_proteins|TETO,1920,2883446,2885365,+
Escherichia_coli_B3008,Escherichia_coli_B3008,2909640,2909993,354,MEG_294|Drugs|Aminoglycosides|Aminoglycoside_N-acetyltransferases|AAC6-PRIME,MEG_294|Drugs|Aminoglycosides|Aminoglycoside_N-acetyltransferases|AAC6-PRIME,552,2885419,2885970,+
Escherichia_coli_B3008,Escherichia_coli_B3008,2919382,2920881,1500,MEG_10001|Drugs|betalactams|Class_D_betalactamases|OXA,MEG_10001|Drugs|betalactams|Class_D_betalactamases|OXA,840,2895359,2896198,+
Escherichia_coli_B3008,Escherichia_coli_B3008,2939505,2939936,432,MEG_7001|Drugs|Tetracyclines|Tetracycline_resistance_MFS_efflux_pumps|TET48,MEG_7001|Drugs|Tetracyclines|Tetracycline_resistance_MFS_efflux_pumps|TET48,1200,2914822,2916021,+
Escherichia_coli_B3008,Escherichia_coli_B3008,2939942,2944857,4916,MEG_80|Drugs|Aminoglycosides|Aminoglycoside_N-acetyltransferases|AAC6-PRIME,MEG_80|Drugs|Aminoglycosides|Aminoglycoside_N-acetyltransferases|AAC6-PRIME,441,2916027,2916467,+
Escherichia_coli_B3008,Escherichia_coli_B3008,2949875,2952073,2199,MEG_7859|Metals|Zinc_resistance|Zinc_resistance_protein|ZNUC,MEG_7859|Metals|Zinc_resistance|Zinc_resistance_protein|ZNUC,756,2921485,2922240,+
Escherichia_coli_B3008,Escherichia_coli_B3008,3073242,3073874,633,MEG_6629|Drugs|Sulfonamides|Sulfonamide-resistant_dihydropteroate_synthases|SULII,MEG_6629|Drugs|Sulfonamides|Sulfonamide-resistant_dihydropteroate_synthases|SULII,816,3043409,3044224,+
Escherichia_coli_B3008,Escherichia_coli_B3008,3120864,3121289,426,MEG_7856|Metals|Zinc_resistance|Zinc_resistance_protein|ZNUA,MEG_7856|Metals|Zinc_resistance|Zinc_resistance_protein|ZNUA,933,3091214,3092146,+
Escherichia_coli_B3008,Escherichia_coli_B3008,3141864,3144968,3105,MEG_1471|Multi-compound|Drug_and_biocide_resistance|Drug_and_biocide_MFS_efflux_regulator|BMR,MEG_1471|Multi-compound|Drug_and_biocide_resistance|Drug_and_biocide_MFS_efflux_regulator|BMR,1170,3112721,3113890,+
Escherichia_coli_B3008,Escherichia_coli_B3008,3144980,3146137,1158,MEG_10077|Drugs|Lipopeptides|Daptomycin-resistant_mutant|DRMA,MEG_10077|Drugs|Lipopeptides|Daptomycin-resistant_mutant|DRMA,645,3113902,3114546,+
Escherichia_coli_B3008,Escherichia_coli_B3008,3146536,3147198,663,MEG_3066|Drugs|Fusidic_acid|Ribosomal_zinc-binding_protein|FUSB,MEG_3066|Drugs|Fusidic_acid|Ribosomal_zinc-binding_protein|FUSB,642,3114945,3115586,+
Escherichia_coli_B3008,Escherichia_coli_B3008,3174955,3175269,315,MEG_11472|Drugs|Multi-drug_resistance|Multi-drug_RND_efflux_pumps|MEXC1,MEG_11472|Drugs|Multi-drug_resistance|Multi-drug_RND_efflux_pumps|MEXC1,1164,3143343,3144506,+
Escherichia_coli_B3008,Escherichia_coli_B3008,3344477,3345241,765,MEG_1555|Drugs|Phenicol|Chloramphenicol_acetyltransferases|CAT,MEG_1555|Drugs|Phenicol|Chloramphenicol_acetyltransferases|CAT,630,3313714,3314343,+
Escherichia_coli_B3008,Escherichia_coli_B3008,3356836,3357657,822,MEG_6581|Drugs|Sulfonamides|Sulfonamide-resistant_dihydropteroate_synthases|SULI,MEG_6581|Drugs|Sulfonamides|Sulfonamide-resistant_dihydropteroate_synthases|SULI,840,3325938,3326777,+
Escherichia_coli_B3008,Escherichia_coli_B3008,3376306,3377103,798,MEG_1191|Multi-compound|Drug_and_biocide_and_metal_resistance|Drug_and_biocide_and_metal_RND_efflux_regulator|BAER,MEG_1191|Multi-compound|Drug_and_biocide_and_metal_resistance|Drug_and_biocide_and_metal_RND_efflux_regulator|BAER,723,3345426,3346148,+
Escherichia_coli_B3008,Escherichia_coli_B3008,3381379,3381520,142,MEG_371|Drugs|Multi-drug_resistance|Multi-drug_ABC_efflux_pumps|ABCA,MEG_371|Drugs|Multi-drug_resistance|Multi-drug_ABC_efflux_pumps|ABCA,4359,3350424,3354782,+
Escherichia_coli_B3008,Escherichia_coli_B3008,3389950,3390342,393,MEG_405|Multi-compound|Drug_and_biocide_and_metal_resistance|Drug_and_biocide_and_metal_RND_efflux_pumps|ACRD,MEG_405|Multi-compound|Drug_and_biocide_and_metal_resistance|Drug_and_biocide_and_metal_RND_efflux_pumps|ACRD,3117,3363212,3366328,+
Escherichia_coli_B3008,Escherichia_coli_B3008,3423256,3424748,1493,MEG_2714|Biocides|Quaternary_Ammonium_Compounds_(QACs)_resistance|QAC_efflux_pump|EMEA,MEG_2714|Biocides|Quaternary_Ammonium_Compounds_(QACs)_resistance|QAC_efflux_pump|EMEA,1182,3399242,3400423,+
Escherichia_coli_B3008,Escherichia_coli_B3008,3457169,3458893,1725,MEG_1198|Drugs|Cationic_antimicrobial_peptides|Polymyxin_B_resistance_regulator|BASRS,MEG_1198|Drugs|Cationic_antimicrobial_peptides|Polymyxin_B_resistance_regulator|BASRS,1434,3432844,3434277,+
Escherichia_coli_B3008,Escherichia_coli_B3008,3538980,3539690,711,MEG_3732|Drugs|Lipopeptides|Colistin_phosphoethanolamine_transferase|MCR,MEG_3732|Drugs|Lipopeptides|Colistin_phosphoethanolamine_transferase|MCR,1626,3514364,3515989,+
Escherichia_coli_B3008,Escherichia_coli_B3008,3720578,3721606,1029,MEG_6977|Drugs|Tetracyclines|Tetracycline_resistance_MFS_efflux_pumps|TET35,MEG_6977|Drugs|Tetracyclines|Tetracycline_resistance_MFS_efflux_pumps|TET35,1602,3696877,3698478,+
Escherichia_coli_B3008,Escherichia_coli_B3008,3774190,3775728,1539,MEG_2702|Biocides|Acid_resistance|Acid_resistance_protein|EEFX,MEG_2702|Biocides|Acid_resistance|Acid_resistance_protein|EEFX,186,3751062,3751247,+
Escherichia_coli_B3008,Escherichia_coli_B3008,3775745,3776917,1173,MEG_2726|Multi-compound|Drug_and_biocide_resistance|Drug_and_biocide_MFS_efflux_pumps|EMRBSM,MEG_2726|Multi-compound|Drug_and_biocide_resistance|Drug_and_biocide_MFS_efflux_pumps|EMRBSM,1587,3751264,3752850,+
Escherichia_coli_B3008,Escherichia_coli_B3008,3777044,3777574,531,MEG_2700|Drugs|Cationic_antimicrobial_peptides|Edeine_acetyltransferase|EDEQ,MEG_2700|Drugs|Cationic_antimicrobial_peptides|Edeine_acetyltransferase|EDEQ,438,3752977,3753414,+
Escherichia_coli_B3008,Escherichia_coli_B3008,3827235,3827918,684,MEG_7274|Biocides|Phenolic_compound_resistance|Phenolic_RND_efflux_pump|TRIBP,MEG_7274|Biocides|Phenolic_compound_resistance|Phenolic_RND_efflux_pump|TRIBP,294,3803075,3803368,+
Escherichia_coli_B3008,Escherichia_coli_B3008,3965156,3965632,477,MEG_3814|Drugs|MLS|MLS_resistance_MFS_efflux_pumps|MEFA,MEG_3814|Drugs|MLS|MLS_resistance_MFS_efflux_pumps|MEFA,1218,3940606,3941823,+
Escherichia_coli_B3008,Escherichia_coli_B3008,3986310,3989423,3114,MEG_920|Drugs|Aminoglycosides|Aminoglycoside_O-nucleotidyltransferases|ANT3-DPRIME,MEG_920|Drugs|Aminoglycosides|Aminoglycoside_O-nucleotidyltransferases|ANT3-DPRIME,789,3962501,3963289,+
Escherichia_coli_B3008,Escherichia_coli_B3008,4031212,4032516,1305,MEG_4180|Drugs|Metronidazole|nim_nitroimidazole_reductase|NIMB,MEG_4180|Drugs|Metronidazole|nim_nitroimidazole_reductase|NIMB,495,4005078,4005572,+
Escherichia_coli_B3008,Escherichia_coli_B3008,4062656,4063894,1239,MEG_7338|Drugs|Glycopeptides|VanA-type_resistance_protein|VANA,MEG_7338|Drugs|Glycopeptides|VanA-type_resistance_protein|VANA,1041,4035712,4036752,+
Escherichia_coli_B3008,Escherichia_coli_B3008,4087393,4090986,3594,MEG_1162|Metals|Multi-metal_resistance|Multi-metal_resistance_protein|ARSCM,MEG_1162|Metals|Multi-metal_resistance|Multi-metal_resistance_protein|ARSCM,426,4060251,4060676,+
Escherichia_coli_B3008,Escherichia_coli_B3008,4090991,4091605,615,MEG_2059|Metals|Copper_resistance|Copper_resistance_protein|COPG,MEG_2059|Metals|Copper_resistance|Copper_resistance_protein|COPG,525,4060681,4061205,+
Escherichia_coli_B3008,Escherichia_coli_B3008,4092021,4094722,2702,MEG_8272|Drugs|Metronidazole|nim_nitroimidazole_reductase|NIMK,MEG_8272|Drugs|Metronidazole|nim_nitroimidazole_reductase|NIMK,507,4061621,4062127,+
Escherichia_coli_B3008,Escherichia_coli_B3008,4192758,4193726,969,MEG_1706|Metals|Chromium_resistance|Chromium_resistance_protein|CHRA,MEG_1706|Metals|Chromium_resistance|Chromium_resistance_protein|CHRA,1377,4160163,4161539,+
Escherichia_coli_B3008,Escherichia_coli_B3008,4248330,4248573,244,MEG_10165|Drugs|Aminoglycosides|Aminoglycoside_N-acetyltransferases|AAC6-PRIME,MEG_10165|Drugs|Aminoglycosides|Aminoglycoside_N-acetyltransferases|AAC6-PRIME,555,4216143,4216697,+
Escherichia_coli_B3008,Escherichia_coli_B3008,4248882,4249117,236,MEG_3870|Metals|Mercury_resistance|Mercury_resistance_protein|MERF,MEG_3870|Metals|Mercury_resistance|Mercury_resistance_protein|MERF,246,4217006,4217251,+
Escherichia_coli_B3008,Escherichia_coli_B3008,4252209,4253852,1644,MEG_7781|Biocides|Multi-biocide_resistance|Multi-biocide_RND_efflux_pump|VMEA,MEG_7781|Biocides|Multi-biocide_resistance|Multi-biocide_RND_efflux_pump|VMEA,1140,4220343,4221482,+
Escherichia_coli_B3008,Escherichia_coli_B3008,4279690,4280880,1191,MEG_7357|Drugs|Glycopeptides|VanC-type_resistance_protein|VANC,MEG_7357|Drugs|Glycopeptides|VanC-type_resistance_protein|VANC,1053,4247320,4248372,+
Escherichia_coli_B3008,Escherichia_coli_B3008,4371975,4372313,339,MEG_2875|Biocides|Phenolic_compound_resistance|Phenolic_resistance_protein|FABI,MEG_2875|Biocides|Phenolic_compound_resistance|Phenolic_resistance_protein|FABI,789,4339467,4340255,+
Escherichia_coli_B3008,Escherichia_coli_B3008,4372532,4373356,825,MEG_11286|Drugs|Aminoglycosides|Aminoglycoside_N-acetyltransferases|AAC6-PRIME,MEG_11286|Drugs|Aminoglycosides|Aminoglycoside_N-acetyltransferases|AAC6-PRIME,435,4340474,4340908,+
Escherichia_coli_B3008,Escherichia_coli_B3008,4373477,4373749,273,MEG_3868|Metals|Mercury_resistance|Mercury_resistance_protein|MERE,MEG_3868|Metals|Mercury_resistance|Mercury_resistance_protein|MERE,237,4341029,4341265,+
Escherichia_coli_B3008,Escherichia_coli_B3008,4392383,4394505,2123,MEG_2178|Drugs|betalactams|Class_A_betalactamases|CTX,MEG_2178|Drugs|betalactams|Class_A_betalactamases|CTX,876,4359899,4360774,+
Escherichia_coli_B3008,Escherichia_coli_B3008,4395918,4403365,7448,MEG_7813|Multi-compound|Biocide_and_metal_resistance|Biocide_and_metal_resistance_protein|YCHH,MEG_7813|Multi-compound|Biocide_and_metal_resistance|Biocide_and_metal_resistance_protein|YCHH,279,4362187,4362465,+
Escherichia_coli_B3008,Escherichia_coli_B3008,4415880,4417732,1853,MEG_2071|Metals|Copper_resistance|Copper_resistance_regulator|COPR,MEG_2071|Metals|Copper_resistance|Copper_resistance_regulator|COPR,693,4374980,4375672,+
Escherichia_coli_B3008,Escherichia_coli_B3008,4460035,4461201,1167,MEG_6166|Drugs|Nucleosides|Streptothricin_acetyltransferase|SAT,MEG_6166|Drugs|Nucleosides|Streptothricin_acetyltransferase|SAT,543,4417975,4418517,+
Escherichia_coli_B3008,Escherichia_coli_B3008,4512960,4514365,1406,MEG_7628|Drugs|MLS|Streptogramin_A_O-acetyltransferase|VATE,MEG_7628|Drugs|MLS|Streptogramin_A_O-acetyltransferase|VATE,645,4470276,4470920,+
Escherichia_coli_B3008,Escherichia_coli_B3008,4539420,4540070,651,MEG_2073|Metals|Copper_resistance|Copper_resistance_regulator|COPR,MEG_2073|Metals|Copper_resistance|Copper_resistance_regulator|COPR,684,4495975,4496658,+
Escherichia_coli_B3008,Escherichia_coli_B3008,4546739,4546852,114,MEG_3078|Biocides|Acid_resistance|Acid_resistance_protein|GADB,MEG_3078|Biocides|Acid_resistance|Acid_resistance_protein|GADB,1401,4503327,4504727,+
Escherichia_coli_B3008,Escherichia_coli_B3008,4556181,4556408,228,MEG_11287|Drugs|Aminoglycosides|Aminoglycoside_N-acetyltransferases|AAC6-PRIME,MEG_11287|Drugs|Aminoglycosides|Aminoglycoside_N-acetyltransferases|AAC6-PRIME,429,4514056,4514484,+
Escherichia_coli_B3008,Escherichia_coli_B3008,4620924,4621670,747,MEG_1123|Drugs|Rifampin|Rifampin_ADP-ribosyltransferase_Arr|ARR,MEG_1123|Drugs|Rifampin|Rifampin_ADP-ribosyltransferase_Arr|ARR,453,4579000,4579452,+
Escherichia_coli_B3008,Escherichia_coli_B3008,4636500,4637528,1029,MEG_11516|Drugs|Ionophores|Ionophore_ABC_efflux_pump|NARB,MEG_11516|Drugs|Ionophores|Ionophore_ABC_efflux_pump|NARB,1614,4594282,4595895,+
Escherichia_coli_B3008,Escherichia_coli_B3008,4637607,4638539,933,MEG_3167|Metals|Gold_resistance|Gold_resistance_regulator|GOLS,MEG_3167|Metals|Gold_resistance|Gold_resistance_regulator|GOLS,465,4595974,4596438,+
Escherichia_coli_B3008,Escherichia_coli_B3008,4673934,4674500,567,MEG_7081|Drugs|Tetracyclines|Tetracycline_resistance_MFS_efflux_pumps|TETG,MEG_7081|Drugs|Tetracyclines|Tetracycline_resistance_MFS_efflux_pumps|TETG,1128,4631833,4632960,+
Escherichia_coli_B766,E.coli.B766.final.genome,47522,48655,1134,MEG_178|Drugs|Aminoglycosides|Aminoglycoside_N-acetyltransferases|AAC6-PRIME,MEG_178|Drugs|Aminoglycosides|Aminoglycoside_N-acetyltransferases|AAC6-PRIME,441,47522,47962,+
Escherichia_coli_B766,E.coli.B766.final.genome,49274,49740,467,MEG_3633|Drugs|betalactams|Class_B_betalactamases|LRA,MEG_3633|Drugs|betalactams|Class_B_betalactamases|LRA,1161,48581,49741,+
Escherichia_coli_B766,E.coli.B766.final.genome,60952,61290,339,MEG_7444|Drugs|Glycopeptides|VanL-type_resistance_protein|VANL,MEG_7444|Drugs|Glycopeptides|VanL-type_resistance_protein|VANL,1050,60953,62002,+
Escherichia_coli_B766,E.coli.B766.final.genome,90720,92363,1644,MEG_2715|Biocides|Multi-biocide_resistance|Multi-biocide_RND_efflux_pump|EMHA,MEG_2715|Biocides|Multi-biocide_resistance|Multi-biocide_RND_efflux_pump|EMHA,1158,91432,92589,+
Escherichia_coli_B766,E.coli.B766.final.genome,115019,119564,4546,MEG_4291|Drugs|Multi-drug_resistance|Multi-drug_RND_efflux_pumps|OPCM,MEG_4291|Drugs|Multi-drug_resistance|Multi-drug_RND_efflux_pumps|OPCM,1536,115245,116780,+
Escherichia_coli_B766,E.coli.B766.final.genome,133595,135244,1650,MEG_1085|Drugs|Aminoglycosides|Aminoglycoside_O-phosphotransferases|APH6,MEG_1085|Drugs|Aminoglycosides|Aminoglycoside_O-phosphotransferases|APH6,837,130811,131647,+
Escherichia_coli_B766,E.coli.B766.final.genome,140563,141027,465,MEG_1124|Drugs|Rifampin|Rifampin_ADP-ribosyltransferase_Arr|ARR,MEG_1124|Drugs|Rifampin|Rifampin_ADP-ribosyltransferase_Arr|ARR,453,136966,137418,+
Escherichia_coli_B766,E.coli.B766.final.genome,141113,141436,324,MEG_61|Drugs|Aminoglycosides|Aminoglycoside_N-acetyltransferases|AAC3,MEG_61|Drugs|Aminoglycosides|Aminoglycoside_N-acetyltransferases|AAC3,861,137504,138364,+
Escherichia_coli_B766,E.coli.B766.final.genome,158530,159045,516,MEG_7323|Metals|Tungsten_Resistance|Tungsten_ABC_efflux_pumps|TUPA,MEG_7323|Metals|Tungsten_Resistance|Tungsten_ABC_efflux_pumps|TUPA,861,155458,156318,+
Escherichia_coli_B766,E.coli.B766.final.genome,197937,198761,825,MEG_1477|Drugs|Glycopeptides|Bleomycin_resistance_protein|BRP,MEG_1477|Drugs|Glycopeptides|Bleomycin_resistance_protein|BRP,366,195210,195575,+
Escherichia_coli_B766,E.coli.B766.final.genome,215908,218030,2123,MEG_3028|Drugs|Fosfomycin|Fosfomycin_thiol_transferases|FOSX,MEG_3028|Drugs|Fosfomycin|Fosfomycin_thiol_transferases|FOSX,402,212722,213123,+
Escherichia_coli_B766,E.coli.B766.final.genome,218315,218606,292,MEG_6634|Drugs|Sulfonamides|Sulfonamide-resistant_dihydropteroate_synthases|SULII,MEG_6634|Drugs|Sulfonamides|Sulfonamide-resistant_dihydropteroate_synthases|SULII,819,213408,214226,+
Escherichia_coli_B766,E.coli.B766.final.genome,314203,315048,846,MEG_4191|Drugs|Metronidazole|nim_nitroimidazole_reductase|NIMI,MEG_4191|Drugs|Metronidazole|nim_nitroimidazole_reductase|NIMI,457,309823,310279,+
Escherichia_coli_B766,E.coli.B766.final.genome,324923,325825,903,MEG_6164|Drugs|Nucleosides|Streptothricin_acetyltransferase|SAT,MEG_6164|Drugs|Nucleosides|Streptothricin_acetyltransferase|SAT,522,320154,320675,+
Escherichia_coli_B766,E.coli.B766.final.genome,359306,361374,2069,MEG_6087|Drugs|Rifampin|Rifampin_phosphotransferase|RPH,MEG_6087|Drugs|Rifampin|Rifampin_phosphotransferase|RPH,2619,354156,356774,+
Escherichia_coli_B766,E.coli.B766.final.genome,363879,364166,288,MEG_7286|Multi-compound|Drug_and_biocide_resistance|Drug_and_biocide_RND_efflux_pumps|TTGA,MEG_7286|Multi-compound|Drug_and_biocide_resistance|Drug_and_biocide_RND_efflux_pumps|TTGA,1155,359279,360433,+
Escherichia_coli_B766,E.coli.B766.final.genome,422259,422884,626,MEG_2874|Biocides|Phenolic_compound_resistance|Phenolic_resistance_protein|FABI,MEG_2874|Biocides|Phenolic_compound_resistance|Phenolic_resistance_protein|FABI,771,418526,419296,+
Escherichia_coli_B766,E.coli.B766.final.genome,463499,463635,137,MEG_7852|Metals|Zinc_resistance|Zinc_resistance_protein|ZNEB,MEG_7852|Metals|Zinc_resistance|Zinc_resistance_protein|ZNEB,1158,459911,461068,+
Escherichia_coli_B766,E.coli.B766.final.genome,465210,466160,951,MEG_1141|Metals|Arsenic_resistance|Arsenic_resistance_protein|ARRB,MEG_1141|Metals|Arsenic_resistance|Arsenic_resistance_protein|ARRB,705,462643,463347,+
Escherichia_coli_B766,E.coli.B766.final.genome,556729,557769,1041,MEG_11308|Drugs|Multi-drug_resistance|Multi-drug_SMR_efflux_regulator|EMRE,MEG_11308|Drugs|Multi-drug_resistance|Multi-drug_SMR_efflux_regulator|EMRE,324,553916,554239,+
Escherichia_coli_B766,E.coli.B766.final.genome,557856,559703,1848,MEG_2670|Drugs|Multi-drug_resistance|Multi-drug_ABC_efflux_pumps|DRRA,MEG_2670|Drugs|Multi-drug_resistance|Multi-drug_ABC_efflux_pumps|DRRA,882,554326,555207,+
Escherichia_coli_B766,E.coli.B766.final.genome,559796,560569,774,MEG_11495|Drugs|Metronidazole|nim_nitroimidazole_reductase|NIMI,MEG_11495|Drugs|Metronidazole|nim_nitroimidazole_reductase|NIMI,498,555300,555797,+
Escherichia_coli_B766,E.coli.B766.final.genome,572951,573517,567,MEG_3719|Drugs|Lipopeptides|Colistin_phosphoethanolamine_transferase|MCR,MEG_3719|Drugs|Lipopeptides|Colistin_phosphoethanolamine_transferase|MCR,1626,568179,569804,+
Escherichia_coli_B766,E.coli.B766.final.genome,600747,601160,414,MEG_2044|Metals|Copper_resistance|Copper_resistance_protein|COPC,MEG_2044|Metals|Copper_resistance|Copper_resistance_protein|COPC,534,597034,597567,+
Escherichia_coli_B766,E.coli.B766.final.genome,601266,601700,435,MEG_503|Metals|Copper_resistance|Copper_resistance_protein|ACTPC,MEG_503|Metals|Copper_resistance|Copper_resistance_protein|ACTPC,2526,597673,600198,+
Escherichia_coli_B766,E.coli.B766.final.genome,613066,614256,1191,MEG_4294|Drugs|Multi-drug_resistance|Multi-drug_RND_efflux_pumps|OPMH,MEG_4294|Drugs|Multi-drug_resistance|Multi-drug_RND_efflux_pumps|OPMH,1449,611564,613012,+
Escherichia_coli_B766,E.coli.B766.final.genome,834145,835545,1401,MEG_3878|Metals|Mercury_resistance|Mercury_resistance_protein|MERP,MEG_3878|Metals|Mercury_resistance|Mercury_resistance_protein|MERP,351,832901,833251,+
Escherichia_coli_B766,E.coli.B766.final.genome,835915,836739,825,MEG_1717|Metals|Chromium_resistance|Chromium_resistance_protein|CHRR,MEG_1717|Metals|Chromium_resistance|Chromium_resistance_protein|CHRR,732,833621,834352,+
Escherichia_coli_B766,E.coli.B766.final.genome,837107,837835,729,MEG_11500|Drugs|Metronidazole|nim_nitroimidazole_reductase|NIMH,MEG_11500|Drugs|Metronidazole|nim_nitroimidazole_reductase|NIMH,495,834720,835214,+
Escherichia_coli_B766,E.coli.B766.final.genome,838198,841311,3114,MEG_6577|Biocides|Multi-biocide_resistance|Multi-biocide_SMR_efflux_pump|SUGE,MEG_6577|Biocides|Multi-biocide_resistance|Multi-biocide_SMR_efflux_pump|SUGE,537,835577,836113,+
Escherichia_coli_B766,E.coli.B766.final.genome,841336,842493,1158,MEG_3885|Metals|Mercury_resistance|Mercury_resistance_regulator|MERR1,MEG_3885|Metals|Mercury_resistance|Mercury_resistance_regulator|MERR1,399,836138,836536,+
Escherichia_coli_B766,E.coli.B766.final.genome,842832,843359,528,MEG_11247|Drugs|Fosfomycin|Fosfomycin_thiol_transferases|FOSA,MEG_11247|Drugs|Fosfomycin|Fosfomycin_thiol_transferases|FOSA,423,836875,837297,+
Escherichia_coli_B766,E.coli.B766.final.genome,844985,845317,333,MEG_2878|Biocides|Phenolic_compound_resistance|Phenolic_resistance_protein|FABV,MEG_2878|Biocides|Phenolic_compound_resistance|Phenolic_resistance_protein|FABV,900,838923,839822,+
Escherichia_coli_B766,E.coli.B766.final.genome,845421,845759,339,MEG_2088|Metals|Multi-metal_resistance|Multi-metal_resistance_protein|CORB,MEG_2088|Metals|Multi-metal_resistance|Multi-metal_resistance_protein|CORB,684,839926,840609,+
Escherichia_coli_B766,E.coli.B766.final.genome,851367,851787,421,MEG_11299|Drugs|Bacitracin|Bacitracin_ABC_transporter|BCRA,MEG_11299|Drugs|Bacitracin|Bacitracin_ABC_transporter|BCRA,924,846217,847140,+
Escherichia_coli_B766,E.coli.B766.final.genome,851800,853089,1290,MEG_2662|Multi-compound|Biocide_and_metal_resistance|Biocide_and_metal_resistance_protein|DPR,MEG_2662|Multi-compound|Biocide_and_metal_resistance|Biocide_and_metal_resistance_protein|DPR,519,847153,847671,+
Escherichia_coli_B766,E.coli.B766.final.genome,853143,853496,354,MEG_2062|Metals|Copper_resistance|Copper_resistance_protein|COPL,MEG_2062|Metals|Copper_resistance|Copper_resistance_protein|COPL,420,847725,848144,+
Escherichia_coli_B766,E.coli.B766.final.genome,862711,864210,1500,MEG_11313|Drugs|Fosfomycin|Fosfomycin_thiol_transferases|FOSX,MEG_11313|Drugs|Fosfomycin|Fosfomycin_thiol_transferases|FOSX,411,857359,857769,+
Escherichia_coli_B766,E.coli.B766.final.genome,876968,877369,402,MEG_11359|Drugs|Organoarsenicals|Arsinothricin_resistance_N-acetyltransferases|ARSN1,MEG_11359|Drugs|Organoarsenicals|Arsinothricin_resistance_N-acetyltransferases|ARSN1,510,870527,871036,+
Escherichia_coli_B766,E.coli.B766.final.genome,877375,882290,4916,MEG_6603|Drugs|Sulfonamides|Sulfonamide-resistant_dihydropteroate_synthases|SULI,MEG_6603|Drugs|Sulfonamides|Sulfonamide-resistant_dihydropteroate_synthases|SULI,840,871042,871881,+
Escherichia_coli_B766,E.coli.B766.final.genome,887308,889506,2199,MEG_11455|Drugs|Lipopeptides|Colistin_phosphoethanolamine_transferase|MCR,MEG_11455|Drugs|Lipopeptides|Colistin_phosphoethanolamine_transferase|MCR,1626,876899,878524,+
Escherichia_coli_B766,E.coli.B766.final.genome,1012888,1013520,633,MEG_4220|Metals|Nickel_resistance|Nickel_resistance_regulator|NRSR,MEG_4220|Metals|Nickel_resistance|Nickel_resistance_regulator|NRSR,705,1001906,1002610,+
Escherichia_coli_B766,E.coli.B766.final.genome,1045404,1045829,426,MEG_717|Metals|Arsenic_resistance|Arsenite_oxidase_regulator|AIOX,MEG_717|Metals|Arsenic_resistance|Arsenite_oxidase_regulator|AIOX,921,1034494,1035414,+
Escherichia_coli_B766,E.coli.B766.final.genome,1066401,1069505,3105,MEG_1171|Metals|Arsenic_resistance|Arsenic_resistance_regulator|ARSR,MEG_1171|Metals|Arsenic_resistance|Arsenic_resistance_regulator|ARSR,354,1055986,1056339,+
Escherichia_coli_B766,E.coli.B766.final.genome,1069517,1070674,1158,MEG_11335|Metals|Multi-metal_resistance|Multi-metal_resistance_regulator|CADC,MEG_11335|Metals|Multi-metal_resistance|Multi-metal_resistance_regulator|CADC,360,1056351,1056710,+
Escherichia_coli_B766,E.coli.B766.final.genome,1071073,1071735,663,MEG_8802|Drugs|Lipopeptides|Colistin_phosphoethanolamine_transferase|MCR,MEG_8802|Drugs|Lipopeptides|Colistin_phosphoethanolamine_transferase|MCR,1620,1057109,1058728,+
Escherichia_coli_B766,E.coli.B766.final.genome,1098737,1099051,315,MEG_8093|Drugs|Fosfomycin|Fosfomycin_thiol_transferases|FOSM,MEG_8093|Drugs|Fosfomycin|Fosfomycin_thiol_transferases|FOSM,429,1085730,1086158,+
Escherichia_coli_B766,E.coli.B766.final.genome,1268296,1269060,765,MEG_3254|Biocides|Acid_resistance|Acid_resistance_protein|HDEB,MEG_3254|Biocides|Acid_resistance|Acid_resistance_protein|HDEB,327,1255403,1255729,+
Escherichia_coli_B766,E.coli.B766.final.genome,1280655,1281474,820,MEG_4344|Multi-compound|Drug_and_biocide_resistance|Drug_and_biocide_RND_efflux_pumps|OQXB,MEG_4344|Multi-compound|Drug_and_biocide_resistance|Drug_and_biocide_RND_efflux_pumps|OQXB,3153,1267324,1270476,+
Escherichia_coli_B766,E.coli.B766.final.genome,1300107,1300904,798,MEG_4168|Metals|Nickel_resistance|Nickel_ABC_efflux_pumps|NIKB,MEG_4168|Metals|Nickel_resistance|Nickel_ABC_efflux_pumps|NIKB,945,1289109,1290053,+
Escherichia_coli_B766,E.coli.B766.final.genome,1305180,1305321,142,MEG_3692|Drugs|Lipopeptides|Colistin_phosphoethanolamine_transferase|MCR,MEG_3692|Drugs|Lipopeptides|Colistin_phosphoethanolamine_transferase|MCR,1644,1294329,1295972,+
Escherichia_coli_B766,E.coli.B766.final.genome,1313754,1314146,393,MEG_9964|Drugs|Fluoroquinolones|Quinolone_resistance_protein_Qnr|QNRS,MEG_9964|Drugs|Fluoroquinolones|Quinolone_resistance_protein_Qnr|QNRS,654,1304405,1305058,+
Escherichia_coli_B766,E.coli.B766.final.genome,1344830,1346322,1493,MEG_4193|Drugs|Metronidazole|nim_nitroimidazole_reductase|NIMI,MEG_4193|Drugs|Metronidazole|nim_nitroimidazole_reductase|NIMI,457,1335742,1336198,+
Escherichia_coli_B766,E.coli.B766.final.genome,1461811,1462521,711,MEG_11327|Metals|Arsenic_resistance|Arsenic_resistance_protein|ARSD,MEG_11327|Metals|Arsenic_resistance|Arsenic_resistance_protein|ARSD,372,1451687,1452058,+
Escherichia_coli_B766,E.coli.B766.final.genome,1687547,1688575,1029,MEG_6089|Drugs|Rifampin|Rifampin_phosphotransferase|RPH,MEG_6089|Drugs|Rifampin|Rifampin_phosphotransferase|RPH,2655,1677084,1679738,+
Escherichia_coli_B766,E.coli.B766.final.genome,1754313,1755851,1539,MEG_1136|Drugs|Rifampin|Rifampin_ADP-ribosyltransferase_Arr|ARR,MEG_1136|Drugs|Rifampin|Rifampin_ADP-ribosyltransferase_Arr|ARR,453,1745476,1745928,+
Escherichia_coli_B766,E.coli.B766.final.genome,1755868,1757040,1173,MEG_7861|Metals|Zinc_resistance|Zinc_resistance_regulator|ZRAR,MEG_7861|Metals|Zinc_resistance|Zinc_resistance_regulator|ZRAR,1314,1745945,1747258,+
Escherichia_coli_B766,E.coli.B766.final.genome,1757167,1757697,531,MEG_2914|Drugs|Phenicol|Phenicol_resistance_MFS_efflux_pumps|FLOR,MEG_2914|Drugs|Phenicol|Phenicol_resistance_MFS_efflux_pumps|FLOR,1215,1747385,1748599,+
Escherichia_coli_B766,E.coli.B766.final.genome,1801410,1802093,684,MEG_2010|Metals|Multi-metal_resistance|Multi-metal_resistance_protein|CNRC,MEG_2010|Metals|Multi-metal_resistance|Multi-metal_resistance_protein|CNRC,1257,1792312,1793568,+
Escherichia_coli_B766,E.coli.B766.final.genome,1938806,1939282,477,MEG_11326|Metals|Arsenic_resistance|Arsenic_resistance_protein|ARSB,MEG_11326|Metals|Arsenic_resistance|Arsenic_resistance_protein|ARSB,1056,1930281,1931336,+
Escherichia_coli_B766,E.coli.B766.final.genome,1960739,1963852,3114,MEG_5846|Multi-compound|Drug_and_biocide_resistance|Drug_and_biocide_SMR_efflux_pumps|QACG,MEG_5846|Multi-compound|Drug_and_biocide_resistance|Drug_and_biocide_SMR_efflux_pumps|QACG,324,1952793,1953116,+
Escherichia_coli_B766,E.coli.B766.final.genome,1994970,1996274,1305,MEG_1701|Metals|Sodium_resistance|Sodium_resistance_protein|CHAA,MEG_1701|Metals|Sodium_resistance|Sodium_resistance_protein|CHAA,1101,1984234,1985334,+
Escherichia_coli_B766,E.coli.B766.final.genome,2025234,2026472,1239,MEG_7951|Drugs|betalactams|Class_C_betalactamases|ADC,MEG_7951|Drugs|betalactams|Class_C_betalactamases|ADC,1152,2014294,2015445,+
Escherichia_coli_B766,E.coli.B766.final.genome,2043314,2044552,1239,MEG_3912|Multi-compound|Drug_and_biocide_resistance|Drug_and_biocide_RND_efflux_pumps|MEXF,MEG_3912|Multi-compound|Drug_and_biocide_resistance|Drug_and_biocide_RND_efflux_pumps|MEXF,3189,2032287,2035475,+
Escherichia_coli_B766,E.coli.B766.final.genome,2068051,2071644,3594,MEG_2906|Drugs|Phenicol|Phenicol_resistance_MFS_efflux_pumps|FEXB,MEG_2906|Drugs|Phenicol|Phenicol_resistance_MFS_efflux_pumps|FEXB,1410,2058974,2060383,+
Escherichia_coli_B766,E.coli.B766.final.genome,2071649,2072263,615,MEG_6615|Drugs|Sulfonamides|Sulfonamide-resistant_dihydropteroate_synthases|SULI,MEG_6615|Drugs|Sulfonamides|Sulfonamide-resistant_dihydropteroate_synthases|SULI,968,2060388,2061355,+
Escherichia_coli_B766,E.coli.B766.final.genome,2072679,2075380,2702,MEG_3011|Drugs|Fosfomycin|Fosfomycin_thiol_transferases|FOSB,MEG_3011|Drugs|Fosfomycin|Fosfomycin_thiol_transferases|FOSB,420,2061771,2062190,+
Escherichia_coli_B766,E.coli.B766.final.genome,2216368,2217336,969,MEG_310|Drugs|Aminoglycosides|Aminoglycoside_N-acetyltransferases|AAC6-PRIME,MEG_310|Drugs|Aminoglycosides|Aminoglycoside_N-acetyltransferases|AAC6-PRIME,555,2203178,2203732,+
Escherichia_coli_B766,E.coli.B766.final.genome,2260557,2260800,244,MEG_7371|Drugs|Glycopeptides|VanC-type_resistance_protein|VANC,MEG_7371|Drugs|Glycopeptides|VanC-type_resistance_protein|VANC,1622,2246953,2248574,+
Escherichia_coli_B766,E.coli.B766.final.genome,2261085,2261320,236,MEG_7447|Drugs|Glycopeptides|VanN-type_resistance_protein|VANN,MEG_7447|Drugs|Glycopeptides|VanN-type_resistance_protein|VANN,1606,2248859,2250464,+
Escherichia_coli_B766,E.coli.B766.final.genome,2264412,2266055,1644,MEG_11396|Metals|Cadmium_resistance|Cadmium_resistance_chaperone|HSCC,MEG_11396|Metals|Cadmium_resistance|Cadmium_resistance_chaperone|HSCC,1680,2253556,2255235,+
Escherichia_coli_B766,E.coli.B766.final.genome,2291328,2292518,1191,MEG_7036|Drugs|Tetracyclines|Tetracycline_resistance_ABC_efflux_pumps|TETA60,MEG_7036|Drugs|Tetracyclines|Tetracycline_resistance_ABC_efflux_pumps|TETA60,1740,2280508,2282247,+
Escherichia_coli_B766,E.coli.B766.final.genome,2384587,2384925,339,MEG_1118|Drugs|Multi-drug_resistance|MDR_regulator|ARLS,MEG_1118|Drugs|Multi-drug_resistance|MDR_regulator|ARLS,1356,2374316,2375671,+
Escherichia_coli_B766,E.coli.B766.final.genome,2385144,2385968,825,MEG_137|Drugs|Aminoglycosides|Aminoglycoside_N-acetyltransferases|AAC6-PRIME,MEG_137|Drugs|Aminoglycosides|Aminoglycoside_N-acetyltransferases|AAC6-PRIME,564,2375890,2376453,+
Escherichia_coli_B766,E.coli.B766.final.genome,2386089,2386361,273,MEG_9194|Multi-compound|Drug_and_biocide_resistance|Drug_and_biocide_RND_efflux_pumps|ACRA,MEG_9194|Multi-compound|Drug_and_biocide_resistance|Drug_and_biocide_RND_efflux_pumps|ACRA,1194,2376574,2377767,+
Escherichia_coli_B766,E.coli.B766.final.genome,2436762,2438884,2123,MEG_1153|Metals|Multi-metal_resistance|Multi-metal_resistance_protein|ARSBM,MEG_1153|Metals|Multi-metal_resistance|Multi-metal_resistance_protein|ARSBM,1290,2428168,2429457,+
Escherichia_coli_B766,E.coli.B766.final.genome,2440297,2447744,7448,MEG_6617|Drugs|Sulfonamides|Sulfonamide-resistant_dihydropteroate_synthases|SULII,MEG_6617|Drugs|Sulfonamides|Sulfonamide-resistant_dihydropteroate_synthases|SULII,816,2430870,2431685,+
Escherichia_coli_B766,E.coli.B766.final.genome,2460412,2462265,1854,MEG_2500|Drugs|Trimethoprim|Dihydrofolate_reductase|DFRA,MEG_2500|Drugs|Trimethoprim|Dihydrofolate_reductase|DFRA,474,2444353,2444826,+
Escherichia_coli_B766,E.coli.B766.final.genome,2502264,2503430,1167,MEG_6546|Biocides|Peroxide_resistance|peroxide_resistance_protein|SODB,MEG_6546|Biocides|Peroxide_resistance|peroxide_resistance_protein|SODB,582,2484825,2485406,+
Escherichia_coli_B766,E.coli.B766.final.genome,2529405,2530810,1406,MEG_4185|Drugs|Metronidazole|nim_nitroimidazole_reductase|NIME,MEG_4185|Drugs|Metronidazole|nim_nitroimidazole_reductase|NIME,458,2511381,2511838,+
Escherichia_coli_B766,E.coli.B766.final.genome,2547042,2547692,651,MEG_4178|Drugs|Metronidazole|nim_nitroimidazole_reductase|NIMA,MEG_4178|Drugs|Metronidazole|nim_nitroimidazole_reductase|NIMA,457,2528070,2528526,+
Escherichia_coli_B766,E.coli.B766.final.genome,2563786,2564013,228,MEG_3924|Multi-compound|Drug_and_biocide_resistance|Drug_and_biocide_RND_efflux_regulator|MEXR,MEG_3924|Multi-compound|Drug_and_biocide_resistance|Drug_and_biocide_RND_efflux_regulator|MEXR,444,2544620,2545063,+
Escherichia_coli_B766,E.coli.B766.final.genome,2576634,2576966,333,MEG_7641|Multi-compound|Drug_and_biocide_resistance|Drug_and_biocide_MATE_efflux_pumps|VCMA,MEG_7641|Multi-compound|Drug_and_biocide_resistance|Drug_and_biocide_MATE_efflux_pumps|VCMA,1386,2557684,2559069,+
Escherichia_coli_B766,E.coli.B766.final.genome,2631796,2632542,747,MEG_816|Drugs|Aminoglycosides|Aminoglycoside_O-nucleotidyltransferases|ANT3-DPRIME,MEG_816|Drugs|Aminoglycosides|Aminoglycoside_O-nucleotidyltransferases|ANT3-DPRIME,846,2613899,2614744,+
Escherichia_coli_B766,E.coli.B766.final.genome,2648652,2649680,1029,MEG_1193|Multi-compound|Drug_and_biocide_and_metal_resistance|Drug_and_biocide_and_metal_RND_efflux_regulator|BAES,MEG_1193|Multi-compound|Drug_and_biocide_and_metal_resistance|Drug_and_biocide_and_metal_RND_efflux_regulator|BAES,1404,2630854,2632257,+
Escherichia_coli_B766,E.coli.B766.final.genome,2649759,2650691,933,MEG_3897|Metals|Mercury_resistance|Mercury_resistance_protein|MERT,MEG_3897|Metals|Mercury_resistance|Mercury_resistance_protein|MERT,351,2632336,2632686,+
Escherichia_coli_B766,E.coli.B766.final.genome,2686087,2686653,567,MEG_6653|Metals|Copper_resistance|Copper_resistance_protein|TCRY,MEG_6653|Metals|Copper_resistance|Copper_resistance_protein|TCRY,456,2668082,2668537,+
Escherichia_coli_B766,E.coli.B766.final.genome,2856975,2858348,1374,MEG_4182|Drugs|Metronidazole|nim_nitroimidazole_reductase|NIMD,MEG_4182|Drugs|Metronidazole|nim_nitroimidazole_reductase|NIMD,495,2838859,2839353,+
Escherichia_coli_B766,E.coli.B766.final.genome,2865919,2866500,582,MEG_6052|Metals|Chromium_resistance|Chromium_resistance_protein|RECG,MEG_6052|Metals|Chromium_resistance|Chromium_resistance_protein|RECG,472,2846924,2847395,+
Escherichia_coli_B766,E.coli.B766.final.genome,2928384,2929065,682,MEG_743|Drugs|Aminoglycosides|Aminoglycoside_O-nucleotidyltransferases|ANT2-DPRIME,MEG_743|Drugs|Aminoglycosides|Aminoglycoside_O-nucleotidyltransferases|ANT2-DPRIME,534,2909279,2909812,+
Escherichia_coli_B766,E.coli.B766.final.genome,2930201,2930536,336,MEG_370|Drugs|Fosfomycin|Fosfomycin_MFS_efflux_pump|ABAQ,MEG_370|Drugs|Fosfomycin|Fosfomycin_MFS_efflux_pump|ABAQ,1305,2910948,2912252,+
Escherichia_coli_B766,E.coli.B766.final.genome,3004734,3005126,393,MEG_2665|Multi-compound|Biocide_and_metal_resistance|Biocide_and_metal_resistance_protein|DPSA,MEG_2665|Multi-compound|Biocide_and_metal_resistance|Biocide_and_metal_resistance_protein|DPSA,489,2986450,2986938,+
Escherichia_coli_B766,E.coli.B766.final.genome,3015522,3015911,390,MEG_7847|Metals|Zinc_resistance|Zinc_resistance_protein|ZIAA,MEG_7847|Metals|Zinc_resistance|Zinc_resistance_protein|ZIAA,2166,2997334,2999499,+
Escherichia_coli_B766,E.coli.B766.final.genome,3015925,3016359,435,MEG_1566|Drugs|Phenicol|Chloramphenicol_acetyltransferases|CATA,MEG_1566|Drugs|Phenicol|Chloramphenicol_acetyltransferases|CATA,642,2999513,3000154,+
Escherichia_coli_B766,E.coli.B766.final.genome,3052754,3055033,2280,MEG_4053|Drugs|Cationic_antimicrobial_peptides|Defensin-resistant_mprF|MPRF,MEG_4053|Drugs|Cationic_antimicrobial_peptides|Defensin-resistant_mprF|MPRF,2544,3036549,3039092,+
Escherichia_coli_B766,E.coli.B766.final.genome,3055553,3056314,762,MEG_6641|Drugs|Sulfonamides|Flavin_reductase|SULR,MEG_6641|Drugs|Sulfonamides|Flavin_reductase|SULR,585,3039612,3040196,+
Escherichia_coli_B766,E.coli.B766.final.genome,3067195,3068595,1401,MEG_7787|Biocides|Multi-biocide_resistance|Multi-biocide_RND_efflux_pump|VMED,MEG_7787|Biocides|Multi-biocide_resistance|Multi-biocide_RND_efflux_pump|VMED,3123,3051077,3054199,+
Escherichia_coli_B766,E.coli.B766.final.genome,3068751,3070286,1536,MEG_2899|Multi-compound|Biocide_and_metal_resistance|Biocide_and_metal_ABC_efflux_pumps|FETB,MEG_2899|Multi-compound|Biocide_and_metal_resistance|Biocide_and_metal_ABC_efflux_pumps|FETB,807,3054355,3055161,+
Escherichia_coli_B766,E.coli.B766.final.genome,3144510,3146092,1583,MEG_8662|Drugs|Metronidazole|rdxA_nitroimidazole_reductase|RDXA,MEG_8662|Drugs|Metronidazole|rdxA_nitroimidazole_reductase|RDXA,633,3129385,3130017,+
Escherichia_coli_B766,E.coli.B766.final.genome,3313253,3314041,789,MEG_5798|Multi-compound|Drug_and_metal_resistance|Drug_and_metal_MFS_efflux_pumps|PMRAM,MEG_5798|Multi-compound|Drug_and_metal_resistance|Drug_and_metal_MFS_efflux_pumps|PMRAM,669,3297178,3297846,+
Escherichia_coli_B766,E.coli.B766.final.genome,3367135,3367548,414,MEG_6595|Drugs|Sulfonamides|Sulfonamide-resistant_dihydropteroate_synthases|SULI,MEG_6595|Drugs|Sulfonamides|Sulfonamide-resistant_dihydropteroate_synthases|SULI,840,3350940,3351779,+
Escherichia_coli_B766,E.coli.B766.final.genome,3387677,3388777,1101,MEG_5799|Multi-compound|Drug_and_metal_resistance|Drug_and_metal_MFS_efflux_pumps|PMRBM,MEG_5799|Multi-compound|Drug_and_metal_resistance|Drug_and_metal_MFS_efflux_pumps|PMRBM,1095,3371908,3373002,+
Escherichia_coli_B766,E.coli.B766.final.genome,3393031,3394131,1101,MEG_3852|Metals|Mercury_resistance|Mercury_resistance_protein|MERB,MEG_3852|Metals|Mercury_resistance|Mercury_resistance_protein|MERB,645,3377256,3377900,+
Escherichia_coli_B766,E.coli.B766.final.genome,3405813,3406091,279,MEG_1587|Drugs|Phenicol|Chloramphenicol_acetyltransferases|CATA,MEG_1587|Drugs|Phenicol|Chloramphenicol_acetyltransferases|CATA,660,3389582,3390241,+
Escherichia_coli_B766,E.coli.B766.final.genome,3430255,3431796,1542,MEG_7011|Drugs|Tetracyclines|Tetracycline_resistance_MFS_efflux_pumps|TET58,MEG_7011|Drugs|Tetracyclines|Tetracycline_resistance_MFS_efflux_pumps|TET58,1032,3414405,3415436,+
Escherichia_coli_B766,E.coli.B766.final.genome,3431936,3432472,537,MEG_5813|Metals|Arsenic_resistance|Arsenic_resistance_protein|PSTA,MEG_5813|Metals|Arsenic_resistance|Arsenic_resistance_protein|PSTA,891,3415576,3416466,+
Escherichia_coli_B766,E.coli.B766.final.genome,3448353,3448619,267,MEG_3435|Metals|Multi-metal_resistance|Multi-metal_resistance_regulator|IRLR,MEG_3435|Metals|Multi-metal_resistance|Multi-metal_resistance_regulator|IRLR,690,3432347,3433036,+
Escherichia_coli_B766,E.coli.B766.final.genome,3480551,3480808,258,MEG_11353|Drugs|MLS|Macrolide_esterases|ESTX,MEG_11353|Drugs|MLS|Macrolide_esterases|ESTX,843,3464968,3465810,+
Escherichia_coli_B766,E.coli.B766.final.genome,3481049,3481681,633,MEG_4194|Drugs|Metronidazole|nim_nitroimidazole_reductase|NIMJ,MEG_4194|Drugs|Metronidazole|nim_nitroimidazole_reductase|NIMJ,498,3466051,3466548,+
Escherichia_coli_B766,E.coli.B766.final.genome,3524565,3525773,1209,MEG_4169|Metals|Nickel_resistance|Nickel_ABC_efflux_pumps|NIKB,MEG_4169|Metals|Nickel_resistance|Nickel_ABC_efflux_pumps|NIKB,945,3509432,3510376,+
Escherichia_coli_B766,E.coli.B766.final.genome,3534404,3535630,1227,MEG_1756|Drugs|Phenicol|Phenicol_resistance_MFS_efflux_pumps|CMLA,MEG_1756|Drugs|Phenicol|Phenicol_resistance_MFS_efflux_pumps|CMLA,1260,3519007,3520266,+
Escherichia_coli_B766,E.coli.B766.final.genome,3629201,3630269,1069,MEG_3935|Biocides|Multi-biocide_resistance|Multi-biocide_RND_efflux_pump|MEXV,MEG_3935|Biocides|Multi-biocide_resistance|Multi-biocide_RND_efflux_pump|MEXV,1131,3613837,3614967,+
Escherichia_coli_B766,E.coli.B766.final.genome,3681087,3682835,1749,MEG_11312|Drugs|Fosfomycin|Fosfomycin_thiol_transferases|FOSA,MEG_11312|Drugs|Fosfomycin|Fosfomycin_thiol_transferases|FOSA,408,3665785,3666192,+
Escherichia_coli_B766,E.coli.B766.final.genome,3786710,3787432,723,MEG_6612|Drugs|Sulfonamides|Sulfonamide-resistant_dihydropteroate_synthases|SULI,MEG_6612|Drugs|Sulfonamides|Sulfonamide-resistant_dihydropteroate_synthases|SULI,852,3770067,3770918,+
Escherichia_coli_B766,E.coli.B766.final.genome,3830284,3831516,1233,MEG_3693|Drugs|Lipopeptides|Colistin_phosphoethanolamine_transferase|MCR,MEG_3693|Drugs|Lipopeptides|Colistin_phosphoethanolamine_transferase|MCR,1698,3813770,3815467,+
Escherichia_coli_B766,E.coli.B766.final.genome,3868599,3869067,469,MEG_2553|Drugs|Trimethoprim|Dihydrofolate_reductase|DFRA,MEG_2553|Drugs|Trimethoprim|Dihydrofolate_reductase|DFRA,510,3852550,3853059,+
Escherichia_coli_B766,E.coli.B766.final.genome,3877111,3877578,468,MEG_2999|Drugs|Fosfomycin|Fosfomycin_thiol_transferases|FOSA,MEG_2999|Drugs|Fosfomycin|Fosfomycin_thiol_transferases|FOSA,426,3861103,3861528,+
Escherichia_coli_B766,E.coli.B766.final.genome,3933005,3934063,1059,MEG_2556|Drugs|Trimethoprim|Dihydrofolate_reductase|DFRA,MEG_2556|Drugs|Trimethoprim|Dihydrofolate_reductase|DFRA,534,3916955,3917488,+
Escherichia_coli_B766,E.coli.B766.final.genome,3934065,3935528,1464,MEG_7687|Drugs|Multi-drug_resistance|Multi-drug_ABC_efflux_pumps|VGA,MEG_7687|Drugs|Multi-drug_resistance|Multi-drug_ABC_efflux_pumps|VGA,1569,3917490,3919058,+
Escherichia_coli_B766,E.coli.B766.final.genome,3935973,3936761,789,MEG_1714|Metals|Chromium_resistance|Chromium_resistance_protein|CHRE,MEG_1714|Metals|Chromium_resistance|Chromium_resistance_protein|CHRE,342,3919503,3919844,+
Escherichia_coli_B766,E.coli.B766.final.genome,3945799,3946740,942,MEG_3749|Multi-compound|Drug_and_biocide_and_metal_resistance|Drug_and_biocide_and_metal_RND_efflux_pumps|MDTC,MEG_3749|Multi-compound|Drug_and_biocide_and_metal_resistance|Drug_and_biocide_and_metal_RND_efflux_pumps|MDTC,3078,3928882,3931959,+
Escherichia_coli_B766,E.coli.B766.final.genome,4008985,4009657,673,MEG_5936|Drugs|Fluoroquinolones|Quinolone_resistance_protein_Qnr|QNRB,MEG_5936|Drugs|Fluoroquinolones|Quinolone_resistance_protein_Qnr|QNRB,681,3994204,3994884,+
Escherichia_coli_B766,E.coli.B766.final.genome,4037121,4037943,823,MEG_723|Metals|Aluminum_resistance|Aluminum_resistance_protein|ALU1P,MEG_723|Metals|Aluminum_resistance|Aluminum_resistance_protein|ALU1P,561,4022348,4022908,+
Escherichia_coli_B766,E.coli.B766.final.genome,4037968,4039500,1533,MEG_3871|Metals|Mercury_resistance|Mercury_resistance_protein|MERG,MEG_3871|Metals|Mercury_resistance|Mercury_resistance_protein|MERG,654,4022933,4023586,+
Escherichia_coli_B766,E.coli.B766.final.genome,4046269,4047893,1625,MEG_7184|Drugs|Tetracyclines|Tetracycline_resistance_ribosomal_protection_proteins|TETQ,MEG_7184|Drugs|Tetracyclines|Tetracycline_resistance_ribosomal_protection_proteins|TETQ,1926,4030355,4032280,+
Escherichia_coli_B766,E.coli.B766.final.genome,4061444,4063345,1902,MEG_9971|Drugs|Tetracyclines|Tetracycline_resistance_MFS_efflux_pumps|TET62,MEG_9971|Drugs|Tetracyclines|Tetracycline_resistance_MFS_efflux_pumps|TET62,1221,4045831,4047051,+
Escherichia_coli_B766,E.coli.B766.final.genome,4128304,4131447,3144,MEG_8240|Drugs|Lipopeptides|Colistin_phosphoethanolamine_transferase|MCR,MEG_8240|Drugs|Lipopeptides|Colistin_phosphoethanolamine_transferase|MCR,1620,4112010,4113629,+
Escherichia_coli_B766,E.coli.B766.final.genome,4131459,4132682,1224,MEG_6375|Drugs|betalactams|Class_A_betalactamases|SHV,MEG_6375|Drugs|betalactams|Class_A_betalactamases|SHV,861,4113641,4114501,+
Escherichia_coli_B766,E.coli.B766.final.genome,4132698,4133030,333,MEG_6559|Biocides|Multi-biocide_resistance|Multi-biocide_RND_efflux_pump|SRPA,MEG_6559|Biocides|Multi-biocide_resistance|Multi-biocide_RND_efflux_pump|SRPA,1149,4114517,4115665,+
Escherichia_coli_B766,E.coli.B766.final.genome,4133064,4134436,1373,MEG_7451|Drugs|Glycopeptides|VanA-type_regulator|VANRA,MEG_7451|Drugs|Glycopeptides|VanA-type_regulator|VANRA,696,4115699,4116394,+
Escherichia_coli_B766,E.coli.B766.final.genome,4134593,4136689,2097,MEG_2888|Metals|Multi-metal_resistance|Multi-metal_ABC_efflux_pumps|FBPA,MEG_2888|Metals|Multi-metal_resistance|Multi-metal_ABC_efflux_pumps|FBPA,999,4116551,4117549,+
Escherichia_coli_B766,E.coli.B766.final.genome,4208906,4210347,1442,MEG_7009|Drugs|Tetracyclines|Tetracycline_resistance_MFS_efflux_pumps|TET56,MEG_7009|Drugs|Tetracyclines|Tetracycline_resistance_MFS_efflux_pumps|TET56,1170,4189766,4190935,+
Escherichia_coli_B766,E.coli.B766.final.genome,4211866,4212273,408,MEG_3867|Metals|Mercury_resistance|Mercury_resistance_protein|MERE,MEG_3867|Metals|Mercury_resistance|Mercury_resistance_protein|MERE,237,4192454,4192690,+
Escherichia_coli_B766,E.coli.B766.final.genome,4214887,4217391,2505,MEG_6169|Drugs|Nucleosides|Streptothricin_acetyltransferase|SAT,MEG_6169|Drugs|Nucleosides|Streptothricin_acetyltransferase|SAT,543,4195304,4195846,+
Escherichia_coli_B766,E.coli.B766.final.genome,4240445,4241638,1194,MEG_5417|Metals|Copper_resistance|Copper_resistance_protein|PCOB,MEG_5417|Metals|Copper_resistance|Copper_resistance_protein|PCOB,1020,4218900,4219919,+
Escherichia_coli_B766,E.coli.B766.final.genome,4241661,4244828,3168,MEG_2039|Metals|Copper_resistance|Copper_resistance_protein|COPB,MEG_2039|Metals|Copper_resistance|Copper_resistance_protein|COPB,987,4219942,4220928,+
Escherichia_coli_B766,E.coli.B766.final.genome,4253710,4255427,1718,MEG_2022|Metals|Copper_resistance|Copper_resistance_protein|COPA,MEG_2022|Metals|Copper_resistance|Copper_resistance_protein|COPA,1413,4229810,4231222,+
Escherichia_coli_B766,E.coli.B766.final.genome,4331950,4333107,1158,MEG_2921|Drugs|Phenicol|Phenicol_resistance_MFS_efflux_pumps|FLOR,MEG_2921|Drugs|Phenicol|Phenicol_resistance_MFS_efflux_pumps|FLOR,1215,4307745,4308959,+
Escherichia_coli_B766,E.coli.B766.final.genome,4346136,4347245,1110,MEG_6515|Multi-compound|Biocide_and_metal_resistance|Biocide_and_metal_ABC_efflux_pumps|SITC,MEG_6515|Multi-compound|Biocide_and_metal_resistance|Biocide_and_metal_ABC_efflux_pumps|SITC,861,4321988,4322848,+
Escherichia_coli_B766,E.coli.B766.final.genome,4587816,4588526,711,MEG_2432|Drugs|betalactams|Class_A_betalactamases|CTX,MEG_2432|Drugs|betalactams|Class_A_betalactamases|CTX,950,4563419,4564368,+
Escherichia_coli_B766,E.coli.B766.final.genome,4664216,4665766,1551,MEG_3855|Metals|Mercury_resistance|Mercury_resistance_protein|MERB,MEG_3855|Metals|Mercury_resistance|Mercury_resistance_protein|MERB,729,4640058,4640786,+
Escherichia_coli_B766,E.coli.B766.final.genome,4717325,4718269,945,MEG_7045|Drugs|Tetracyclines|Tetracycline_resistance_MFS_efflux_pumps|TETB,MEG_7045|Drugs|Tetracyclines|Tetracycline_resistance_MFS_efflux_pumps|TETB,1206,4692345,4693550,+
Escherichia_coli_B766,E.coli.B766.final.genome,4744009,4746363,2355,MEG_2533|Drugs|Trimethoprim|Dihydrofolate_reductase|DFRA,MEG_2533|Drugs|Trimethoprim|Dihydrofolate_reductase|DFRA,474,4719290,4719763,+
Escherichia_coli_B766,E.coli.B766.final.genome,4749512,4749889,378,MEG_5797|Multi-compound|Drug_and_biocide_resistance|Drug_and_biocide_MFS_efflux_pumps|PMRA,MEG_5797|Multi-compound|Drug_and_biocide_resistance|Drug_and_biocide_MFS_efflux_pumps|PMRA,1200,4722912,4724111,+
Escherichia_coli_B766,E.coli.B766.final.genome,4785728,4786894,1167,MEG_1713|Metals|Chromium_resistance|Chromium_resistance_protein|CHRC,MEG_1713|Metals|Chromium_resistance|Chromium_resistance_protein|CHRC,594,4759950,4760543,+
Escherichia_coli_B766,E.coli.B766.final.genome,4810652,4811521,870,MEG_2891|Metals|Multi-metal_resistance|Multi-metal_ABC_efflux_pumps|FBPC,MEG_2891|Metals|Multi-metal_resistance|Multi-metal_ABC_efflux_pumps|FBPC,1071,4784301,4785371,+
Escherichia_coli_B766,E.coli.B766.final.genome,4874318,4875550,1233,MEG_5957|Drugs|Fluoroquinolones|Quinolone_resistance_protein_Qnr|QNRB,MEG_5957|Drugs|Fluoroquinolones|Quinolone_resistance_protein_Qnr|QNRB,681,4848168,4848848,+
Escherichia_coli_B766,E.coli.B766.final.genome,4976600,4979296,2697,MEG_3076|Biocides|Acid_resistance|Acid_resistance_protein|GADA,MEG_3076|Biocides|Acid_resistance|Acid_resistance_protein|GADA,1401,4949898,4951298,+
Escherichia_coli_JM109,E.coli.JM109.final.genome,34920,35312,393,MEG_3877|Metals|Mercury_resistance|Mercury_resistance_protein|MERP,MEG_3877|Metals|Mercury_resistance|Mercury_resistance_protein|MERP,276,34920,35195,+
Escherichia_coli_JM109,E.coli.JM109.final.genome,39460,39849,390,MEG_4055|Drugs|Cationic_antimicrobial_peptides|Defensin-resistant_mprF|MPRF,MEG_4055|Drugs|Cationic_antimicrobial_peptides|Defensin-resistant_mprF|MPRF,2598,39343,41940,+
Escherichia_coli_JM109,E.coli.JM109.final.genome,39863,40297,435,MEG_1776|Drugs|Phenicol|Phenicol_resistance_MFS_efflux_pumps|CMLR,MEG_1776|Drugs|Phenicol|Phenicol_resistance_MFS_efflux_pumps|CMLR,1179,41954,43132,+
Escherichia_coli_JM109,E.coli.JM109.final.genome,72931,75210,2280,MEG_3873|Metals|Mercury_resistance|Mercury_resistance_protein|MERP,MEG_3873|Metals|Mercury_resistance|Mercury_resistance_protein|MERP,276,75766,76041,+
Escherichia_coli_JM109,E.coli.JM109.final.genome,75730,76491,762,MEG_6162|Drugs|Nucleosides|Streptothricin_acetyltransferase|SAT,MEG_6162|Drugs|Nucleosides|Streptothricin_acetyltransferase|SAT,522,76561,77082,+
Escherichia_coli_JM109,E.coli.JM109.final.genome,87372,88772,1401,MEG_899|Drugs|Aminoglycosides|Aminoglycoside_O-nucleotidyltransferases|ANT3-DPRIME,MEG_899|Drugs|Aminoglycosides|Aminoglycoside_O-nucleotidyltransferases|ANT3-DPRIME,789,87963,88751,+
Escherichia_coli_JM109,E.coli.JM109.final.genome,88928,90463,1536,MEG_3295|Drugs|Mupirocin|Mupirocin-resistant_isoleucyl-tRNA_synthetase|ILES,MEG_3295|Drugs|Mupirocin|Mupirocin-resistant_isoleucyl-tRNA_synthetase|ILES,3324,88907,92230,+
Escherichia_coli_JM109,E.coli.JM109.final.genome,157261,158843,1583,MEG_2509|Drugs|Trimethoprim|Dihydrofolate_reductase|DFRA,MEG_2509|Drugs|Trimethoprim|Dihydrofolate_reductase|DFRA,474,159028,159501,+
Escherichia_coli_JM109,E.coli.JM109.final.genome,309397,310185,789,MEG_4126|Metals|Nickel_resistance|Nickel_MFS_efflux_pumps|NCRCN,MEG_4126|Metals|Nickel_resistance|Nickel_MFS_efflux_pumps|NCRCN,1131,310055,311185,+
Escherichia_coli_JM109,E.coli.JM109.final.genome,366314,366727,414,MEG_4359|Multi-compound|Drug_and_biocide_resistance|Drug_and_biocide_RND_efflux_pumps|OQXB,MEG_4359|Multi-compound|Drug_and_biocide_resistance|Drug_and_biocide_RND_efflux_pumps|OQXB,3153,367314,370466,+
Escherichia_coli_JM109,E.coli.JM109.final.genome,387387,388487,1101,MEG_3761|Multi-compound|Drug_and_biocide_resistance|Drug_and_biocide_MFS_efflux_pumps|MDTM,MEG_3761|Multi-compound|Drug_and_biocide_resistance|Drug_and_biocide_MFS_efflux_pumps|MDTM,1233,391126,392358,+
Escherichia_coli_JM109,E.coli.JM109.final.genome,400167,400445,279,MEG_109|Drugs|Aminoglycosides|Aminoglycoside_N-acetyltransferases|AAC6-PRIME,MEG_109|Drugs|Aminoglycosides|Aminoglycoside_N-acetyltransferases|AAC6-PRIME,441,404038,404478,+
Escherichia_coli_JM109,E.coli.JM109.final.genome,424519,426060,1542,MEG_11242|Drugs|Fosfomycin|Fosfomycin_thiol_transferases|FOSA,MEG_11242|Drugs|Fosfomycin|Fosfomycin_thiol_transferases|FOSA,423,428552,428974,+
Escherichia_coli_JM109,E.coli.JM109.final.genome,426200,426736,537,MEG_8271|Drugs|Metronidazole|nim_nitroimidazole_reductase|NIMG,MEG_8271|Drugs|Metronidazole|nim_nitroimidazole_reductase|NIMG,495,429114,429608,+
Escherichia_coli_JM109,E.coli.JM109.final.genome,442601,442867,267,MEG_4278|Drugs|MLS|Macrolide_glycosyltransferases|OLEI,MEG_4278|Drugs|MLS|Macrolide_glycosyltransferases|OLEI,1275,445473,446747,+
Escherichia_coli_JM109,E.coli.JM109.final.genome,474702,474959,258,MEG_1122|Drugs|Cationic_antimicrobial_peptides|Polymyxin_B_resistance_regulator|ARNA,MEG_1122|Drugs|Cationic_antimicrobial_peptides|Polymyxin_B_resistance_regulator|ARNA,1989,478582,480570,+
Escherichia_coli_JM109,E.coli.JM109.final.genome,475200,475832,633,MEG_1129|Drugs|Rifampin|Rifampin_ADP-ribosyltransferase_Arr|ARR,MEG_1129|Drugs|Rifampin|Rifampin_ADP-ribosyltransferase_Arr|ARR,453,480811,481263,+
Escherichia_coli_JM109,E.coli.JM109.final.genome,518706,519914,1209,MEG_4307|Drugs|Multi-drug_resistance|Multi-drug_ABC_efflux_pumps|OPTRA,MEG_4307|Drugs|Multi-drug_resistance|Multi-drug_ABC_efflux_pumps|OPTRA,1968,524137,526104,+
Escherichia_coli_JM109,E.coli.JM109.final.genome,528542,529768,1227,MEG_1195|Multi-compound|Drug_and_biocide_and_metal_resistance|Drug_and_biocide_and_metal_RND_efflux_regulator|BAES,MEG_1195|Multi-compound|Drug_and_biocide_and_metal_resistance|Drug_and_biocide_and_metal_RND_efflux_regulator|BAES,1401,534732,536132,+
Escherichia_coli_JM109,E.coli.JM109.final.genome,624116,625193,1078,MEG_7113|Drugs|Tetracyclines|Tetracycline_resistance_ribosomal_protection_proteins|TETM,MEG_7113|Drugs|Tetracyclines|Tetracycline_resistance_ribosomal_protection_proteins|TETM,1920,630480,632399,+
Escherichia_coli_JM109,E.coli.JM109.final.genome,675837,677585,1749,MEG_6609|Drugs|Sulfonamides|Sulfonamide-resistant_dihydropteroate_synthases|SULI,MEG_6609|Drugs|Sulfonamides|Sulfonamide-resistant_dihydropteroate_synthases|SULI,840,683043,683882,+
Escherichia_coli_JM109,E.coli.JM109.final.genome,752300,753022,723,MEG_3289|Biocides|Peroxide_resistance|Peroxide_resistance_stress_protein|IBPB,MEG_3289|Biocides|Peroxide_resistance|Peroxide_resistance_stress_protein|IBPB,435,758597,759031,+
Escherichia_coli_JM109,E.coli.JM109.final.genome,759301,760533,1233,MEG_7857|Metals|Zinc_resistance|Zinc_resistance_protein|ZNUB,MEG_7857|Metals|Zinc_resistance|Zinc_resistance_protein|ZNUB,277,765310,765586,+
Escherichia_coli_JM109,E.coli.JM109.final.genome,790556,791023,468,MEG_1467|Biocides|Multi-biocide_resistance|Multi-biocide_resistance_regulator|BLTR,MEG_1467|Biocides|Multi-biocide_resistance|Multi-biocide_resistance_regulator|BLTR,822,795609,796430,+
Escherichia_coli_JM109,E.coli.JM109.final.genome,846594,847652,1059,MEG_7285|Drugs|Thiopeptides|Thiostrepton_23S_rRNA_methyltransferases|TSNR,MEG_7285|Drugs|Thiopeptides|Thiostrepton_23S_rRNA_methyltransferases|TSNR,813,852001,852813,+
Escherichia_coli_JM109,E.coli.JM109.final.genome,847654,849117,1464,MEG_1156|Metals|Arsenic_resistance|Arsenic_resistance_protein|ARSC,MEG_1156|Metals|Arsenic_resistance|Arsenic_resistance_protein|ARSC,396,852815,853210,+
Escherichia_coli_JM109,E.coli.JM109.final.genome,849562,850350,789,MEG_972|Drugs|Aminoglycosides|Aminoglycoside_O-nucleotidyltransferases|ANT3-DPRIME,MEG_972|Drugs|Aminoglycosides|Aminoglycoside_O-nucleotidyltransferases|ANT3-DPRIME,780,853655,854434,+
Escherichia_coli_JM109,E.coli.JM109.final.genome,859383,860324,942,MEG_2092|Metals|Multi-metal_resistance|Multi-metal_resistance_protein|CORD,MEG_2092|Metals|Multi-metal_resistance|Multi-metal_resistance_protein|CORD,378,863467,863844,+
Escherichia_coli_JM109,E.coli.JM109.final.genome,922474,923151,678,MEG_2096|Metals|Cobalt_resistance|Cobalt_transporting_ATPase|CORT,MEG_2096|Metals|Cobalt_resistance|Cobalt_transporting_ATPase|CORT,1929,925994,927922,+
Escherichia_coli_JM109,E.coli.JM109.final.genome,927343,927486,144,MEG_7610|Drugs|Glycopeptides|VanF-type_accessory_protein|VANYF,MEG_7610|Drugs|Glycopeptides|VanF-type_accessory_protein|VANYF,969,932114,933082,+
Escherichia_coli_JM109,E.coli.JM109.final.genome,952479,953301,823,MEG_1747|Multi-compound|Drug_and_biocide_and_metal_resistance|Drug_and_biocide_and_metal_RND_efflux_regulator|CMER,MEG_1747|Multi-compound|Drug_and_biocide_and_metal_resistance|Drug_and_biocide_and_metal_RND_efflux_regulator|CMER,633,958075,958707,+
Escherichia_coli_JM109,E.coli.JM109.final.genome,953326,954864,1539,MEG_6631|Drugs|Sulfonamides|Sulfonamide-resistant_dihydropteroate_synthases|SULII,MEG_6631|Drugs|Sulfonamides|Sulfonamide-resistant_dihydropteroate_synthases|SULII,816,958732,959547,+
Escherichia_coli_JM109,E.coli.JM109.final.genome,960813,962423,1611,MEG_6622|Drugs|Sulfonamides|Sulfonamide-resistant_dihydropteroate_synthases|SULII,MEG_6622|Drugs|Sulfonamides|Sulfonamide-resistant_dihydropteroate_synthases|SULII,816,965496,966311,+
Escherichia_coli_JM109,E.coli.JM109.final.genome,975989,977890,1902,MEG_6088|Drugs|Rifampin|Rifampin_phosphotransferase|RPH,MEG_6088|Drugs|Rifampin|Rifampin_phosphotransferase|RPH,2598,979877,982474,+
Escherichia_coli_JM109,E.coli.JM109.final.genome,1042343,1045486,3144,MEG_2574|Drugs|Trimethoprim|Dihydrofolate_reductase|DFRD,MEG_2574|Drugs|Trimethoprim|Dihydrofolate_reductase|DFRD,501,1046927,1047427,+
Escherichia_coli_JM109,E.coli.JM109.final.genome,1045498,1046721,1224,MEG_2082|Metals|Copper_resistance|Copper_resistance_regulator|COPZ,MEG_2082|Metals|Copper_resistance|Copper_resistance_regulator|COPZ,210,1047439,1047648,+
Escherichia_coli_JM109,E.coli.JM109.final.genome,1046737,1047069,333,MEG_11178|Drugs|betalactams|Class_D_betalactamases|OXA,MEG_11178|Drugs|betalactams|Class_D_betalactamases|OXA,795,1047664,1048458,+
Escherichia_coli_JM109,E.coli.JM109.final.genome,1047227,1048600,1374,MEG_4184|Drugs|Metronidazole|nim_nitroimidazole_reductase|NIME,MEG_4184|Drugs|Metronidazole|nim_nitroimidazole_reductase|NIME,435,1048616,1049050,+
Escherichia_coli_JM109,E.coli.JM109.final.genome,1048757,1050872,2116,MEG_2850|Drugs|MLS|23S_rRNA_methyltransferases|ERMU,MEG_2850|Drugs|MLS|23S_rRNA_methyltransferases|ERMU,837,1049207,1050043,+
Escherichia_coli_JM109,E.coli.JM109.final.genome,1116672,1118115,1444,MEG_3874|Metals|Mercury_resistance|Mercury_resistance_protein|MERP,MEG_3874|Metals|Mercury_resistance|Mercury_resistance_protein|MERP,276,1115843,1116118,+
Escherichia_coli_JM109,E.coli.JM109.final.genome,1119634,1120041,408,MEG_365|Drugs|Aminoglycosides|Aminoglycoside_N-acetyltransferases|AAC6-PRIME,MEG_365|Drugs|Aminoglycosides|Aminoglycoside_N-acetyltransferases|AAC6-PRIME,555,1117637,1118191,+
Escherichia_coli_JM109,E.coli.JM109.final.genome,1122655,1125159,2505,MEG_3864|Metals|Mercury_resistance|Mercury_resistance_regulator|MERD,MEG_3864|Metals|Mercury_resistance|Mercury_resistance_regulator|MERD,366,1120805,1121170,+
Escherichia_coli_JM109,E.coli.JM109.final.genome,1148415,1149608,1194,MEG_2990|Drugs|Fosfomycin|Fosfomycin_thiol_transferases|FOSA,MEG_2990|Drugs|Fosfomycin|Fosfomycin_thiol_transferases|FOSA,582,1144426,1145007,+
Escherichia_coli_JM109,E.coli.JM109.final.genome,1149631,1152780,3150,MEG_1168|Biocides|Naphthoquinone|Naphthoquinone_resistance_protein|ARSHN,MEG_1168|Biocides|Naphthoquinone|Naphthoquinone_resistance_protein|ARSHN,621,1145030,1145650,+
Escherichia_coli_JM109,E.coli.JM109.final.genome,1161635,1163380,1746,MEG_3839|Metals|Mercury_resistance|Mercury_resistance_protein|MERA,MEG_3839|Metals|Mercury_resistance|Mercury_resistance_protein|MERA,359,1154505,1154863,+
Escherichia_coli_JM109,E.coli.JM109.final.genome,1239096,1240253,1158,MEG_906|Drugs|Aminoglycosides|Aminoglycoside_O-nucleotidyltransferases|ANT3-DPRIME,MEG_906|Drugs|Aminoglycosides|Aminoglycoside_O-nucleotidyltransferases|ANT3-DPRIME,789,1230579,1231367,+
Escherichia_coli_JM109,E.coli.JM109.final.genome,1255812,1256921,1110,MEG_4045|Drugs|MLS|Macrolide_phosphotransferases|MPHG,MEG_4045|Drugs|MLS|Macrolide_phosphotransferases|MPHG,885,1246926,1247810,+
Escherichia_coli_JM109,E.coli.JM109.final.genome,1295069,1295779,711,MEG_7422|Drugs|Glycopeptides|VanD-type_resistance_protein|VANHD,MEG_7422|Drugs|Glycopeptides|VanD-type_resistance_protein|VANHD,699,1285958,1286656,+
Escherichia_coli_JM109,E.coli.JM109.final.genome,1372415,1373965,1551,MEG_7669|Multi-compound|Drug_and_biocide_resistance|Drug_and_biocide_RND_efflux_pumps|VEXB,MEG_7669|Multi-compound|Drug_and_biocide_resistance|Drug_and_biocide_RND_efflux_pumps|VEXB,3111,1363292,1366402,+
Escherichia_coli_JM109,E.coli.JM109.final.genome,1425736,1426680,945,MEG_3743|Multi-compound|Drug_and_biocide_and_metal_resistance|Drug_and_biocide_and_metal_MFS_efflux_pumps|MDRL,MEG_3743|Multi-compound|Drug_and_biocide_and_metal_resistance|Drug_and_biocide_and_metal_MFS_efflux_pumps|MDRL,1194,1418173,1419366,+
Escherichia_coli_JM109,E.coli.JM109.final.genome,1453939,1456293,2355,MEG_6656|Multi-compound|Biocide_and_metal_resistance|Biocide_and_metal_resistance_protein|TEHB,MEG_6656|Multi-compound|Biocide_and_metal_resistance|Biocide_and_metal_resistance_protein|TEHB,594,1446625,1447218,+
Escherichia_coli_JM109,E.coli.JM109.final.genome,1459442,1459819,378,MEG_7788|Biocides|Multi-biocide_resistance|Multi-biocide_RND_efflux_pump|VMEE,MEG_7788|Biocides|Multi-biocide_resistance|Multi-biocide_RND_efflux_pump|VMEE,1095,1450367,1451461,+
Escherichia_coli_JM109,E.coli.JM109.final.genome,1492393,1493559,1167,MEG_1754|Drugs|Phenicol|Phenicol_resistance_MFS_efflux_pumps|CMLA,MEG_1754|Drugs|Phenicol|Phenicol_resistance_MFS_efflux_pumps|CMLA,1260,1484035,1485294,+
Escherichia_coli_JM109,E.coli.JM109.final.genome,1518827,1519696,870,MEG_4059|Metals|Multi-metal_resistance|Multi-metal_resistance_protein|MREA,MEG_4059|Metals|Multi-metal_resistance|Multi-metal_resistance_protein|MREA,288,1510562,1510849,+
Escherichia_coli_JM109,E.coli.JM109.final.genome,1585618,1586850,1233,MEG_1759|Drugs|Phenicol|Phenicol_resistance_MFS_efflux_pumps|CMLA,MEG_1759|Drugs|Phenicol|Phenicol_resistance_MFS_efflux_pumps|CMLA,1260,1576771,1578030,+
Escherichia_coli_JM109,E.coli.JM109.final.genome,1642495,1644219,1725,MEG_7391|Drugs|Glycopeptides|VanE-type_resistance_protein|VANE,MEG_7391|Drugs|Glycopeptides|VanE-type_resistance_protein|VANE,604,1633675,1634278,+
Escherichia_coli_JM109,E.coli.JM109.final.genome,1684588,1687284,2697,MEG_2083|Metals|Copper_resistance|Copper_resistance_regulator|COPZ,MEG_2083|Metals|Copper_resistance|Copper_resistance_regulator|COPZ,210,1674647,1674856,+
Escherichia_coli_JM109,E.coli.JM109.final.genome,1776741,1777874,1134,MEG_7237|Drugs|Tetracyclines|Tetracycline_resistance_ribosomal_protection_proteins|TETW,MEG_7237|Drugs|Tetracyclines|Tetracycline_resistance_ribosomal_protection_proteins|TETW,1920,1764313,1766232,+
Escherichia_coli_JM109,E.coli.JM109.final.genome,1778493,1778960,468,MEG_2550|Drugs|Trimethoprim|Dihydrofolate_reductase|DFRA,MEG_2550|Drugs|Trimethoprim|Dihydrofolate_reductase|DFRA,474,1766851,1767324,+
Escherichia_coli_JM109,E.coli.JM109.final.genome,1790329,1790667,339,MEG_7243|Drugs|Tetracyclines|Tetracycline_inactivation_enzymes|TETX,MEG_7243|Drugs|Tetracyclines|Tetracycline_inactivation_enzymes|TETX,1167,1778693,1779859,+
Escherichia_coli_JM109,E.coli.JM109.final.genome,1820095,1821738,1644,MEG_8805|Drugs|Lipopeptides|Colistin_phosphoethanolamine_transferase|MCR,MEG_8805|Drugs|Lipopeptides|Colistin_phosphoethanolamine_transferase|MCR,1617,1809287,1810903,+
Escherichia_coli_JM109,E.coli.JM109.final.genome,1851576,1856121,4546,MEG_8021|Drugs|Phenicol|Phenicol_resistance_MFS_efflux_pumps|CML,MEG_8021|Drugs|Phenicol|Phenicol_resistance_MFS_efflux_pumps|CML,1203,1840741,1841943,+
Escherichia_coli_JM109,E.coli.JM109.final.genome,1870672,1872321,1650,MEG_7438|Drugs|Glycopeptides|VanD-type_resistance_protein|VANHD,MEG_7438|Drugs|Glycopeptides|VanD-type_resistance_protein|VANHD,2695,1856494,1859188,+
Escherichia_coli_JM109,E.coli.JM109.final.genome,1877641,1878105,465,MEG_3748|Multi-compound|Drug_and_biocide_and_metal_resistance|Drug_and_biocide_and_metal_RND_efflux_pumps|MDTB,MEG_3748|Multi-compound|Drug_and_biocide_and_metal_resistance|Drug_and_biocide_and_metal_RND_efflux_pumps|MDTB,3123,1864508,1867630,+
Escherichia_coli_JM109,E.coli.JM109.final.genome,1878191,1878514,324,MEG_11241|Drugs|Fosfomycin|Fosfomycin_thiol_transferases|FOSA,MEG_11241|Drugs|Fosfomycin|Fosfomycin_thiol_transferases|FOSA,420,1867716,1868135,+
Escherichia_coli_JM109,E.coli.JM109.final.genome,1895571,1896086,516,MEG_11358|Drugs|Organoarsenicals|Arsinothricin_resistance_N-acetyltransferases|ARSN1,MEG_11358|Drugs|Organoarsenicals|Arsinothricin_resistance_N-acetyltransferases|ARSN1,543,1885192,1885734,+
Escherichia_coli_JM109,E.coli.JM109.final.genome,1931946,1932770,825,MEG_3069|Drugs|Fusidic_acid|Ribosomal_zinc-binding_protein|FUSD,MEG_3069|Drugs|Fusidic_acid|Ribosomal_zinc-binding_protein|FUSD,642,1921594,1922235,+
Escherichia_coli_JM109,E.coli.JM109.final.genome,1941957,1942340,384,MEG_3856|Metals|Mercury_resistance|Mercury_resistance_protein|MERB,MEG_3856|Metals|Mercury_resistance|Mercury_resistance_protein|MERB,657,1931422,1932078,+
Escherichia_coli_JM109,E.coli.JM109.final.genome,1950932,1953651,2720,MEG_8778|Drugs|Lipopeptides|Colistin_phosphoethanolamine_transferase|MCR,MEG_8778|Drugs|Lipopeptides|Colistin_phosphoethanolamine_transferase|MCR,1644,1940670,1942313,+
Escherichia_coli_JM109,E.coli.JM109.final.genome,2037480,2038325,846,MEG_11466|Drugs|Tetracyclines|Tetracycline_resistance_MFS_efflux_pumps|TETE,MEG_11466|Drugs|Tetracyclines|Tetracycline_resistance_MFS_efflux_pumps|TETE,1218,2026142,2027359,+
Escherichia_coli_JM109,E.coli.JM109.final.genome,2048199,2049101,903,MEG_2021|Metals|Copper_resistance|Copper_resistance_protein|COPA,MEG_2021|Metals|Copper_resistance|Copper_resistance_protein|COPA,1926,2037233,2039158,+
Escherichia_coli_JM109,E.coli.JM109.final.genome,2049900,2051968,2069,MEG_11499|Drugs|Metronidazole|nim_nitroimidazole_reductase|NIME,MEG_11499|Drugs|Metronidazole|nim_nitroimidazole_reductase|NIME,513,2039957,2040469,+
Escherichia_coli_JM109,E.coli.JM109.final.genome,2054140,2054760,621,MEG_86|Drugs|Aminoglycosides|Aminoglycoside_N-acetyltransferases|AAC6-PRIME,MEG_86|Drugs|Aminoglycosides|Aminoglycoside_N-acetyltransferases|AAC6-PRIME,549,2042641,2043189,+
Escherichia_coli_JM109,E.coli.JM109.final.genome,2111526,2112152,627,MEG_8689|Drugs|Multi-drug_resistance|Multi-drug_ABC_efflux_pumps|SALC,MEG_8689|Drugs|Multi-drug_resistance|Multi-drug_ABC_efflux_pumps|SALC,1626,2099955,2101580,+
Escherichia_coli_JM109,E.coli.JM109.final.genome,2153186,2154136,951,MEG_2992|Drugs|Fosfomycin|Fosfomycin_thiol_transferases|FOSA,MEG_2992|Drugs|Fosfomycin|Fosfomycin_thiol_transferases|FOSA,429,2142614,2143042,+
Escherichia_coli_JM109,E.coli.JM109.final.genome,2244028,2245068,1041,MEG_6028|Drugs|Fluoroquinolones|Quinolone_resistance_protein_Qnr|QNRS,MEG_6028|Drugs|Fluoroquinolones|Quinolone_resistance_protein_Qnr|QNRS,657,2232934,2233590,+
Escherichia_coli_JM109,E.coli.JM109.final.genome,2245155,2247004,1850,MEG_6140|Biocides|Multi-biocide_resistance|Multi-biocide_resistance_regulator|RPOS,MEG_6140|Biocides|Multi-biocide_resistance|Multi-biocide_resistance_regulator|RPOS,1089,2233677,2234765,+
Escherichia_coli_JM109,E.coli.JM109.final.genome,2247187,2247960,774,MEG_8236|Drugs|Lipopeptides|Colistin_phosphoethanolamine_transferase|MCR,MEG_8236|Drugs|Lipopeptides|Colistin_phosphoethanolamine_transferase|MCR,1626,2234948,2236573,+
Escherichia_coli_JM109,E.coli.JM109.final.genome,2260335,2260901,567,MEG_4316|Drugs|Multi-drug_resistance|Multi-drug_ABC_efflux_pumps|OPTRA,MEG_4316|Drugs|Multi-drug_resistance|Multi-drug_ABC_efflux_pumps|OPTRA,1968,2248948,2250915,+
Escherichia_coli_JM109,E.coli.JM109.final.genome,2288131,2288544,414,MEG_1135|Drugs|Rifampin|Rifampin_ADP-ribosyltransferase_Arr|ARR,MEG_1135|Drugs|Rifampin|Rifampin_ADP-ribosyltransferase_Arr|ARR,543,2278145,2278687,+
Escherichia_coli_JM109,E.coli.JM109.final.genome,2288650,2289084,435,MEG_6084|Drugs|Multi-drug_resistance|Multi-drug_MFS_efflux_pumps|ROSB,MEG_6084|Drugs|Multi-drug_resistance|Multi-drug_MFS_efflux_pumps|ROSB,1692,2278793,2280484,+
Escherichia_coli_JM109,E.coli.JM109.final.genome,2300447,2301637,1191,MEG_1652|Biocides|Biguanide_resistance|Biguanide_cation_efflux|CEPAB,MEG_1652|Biocides|Biguanide_resistance|Biguanide_cation_efflux|CEPAB,903,2291847,2292749,+
Escherichia_coli_JM109,E.coli.JM109.final.genome,2318451,2318612,162,MEG_3025|Drugs|Fosfomycin|Fosfomycin_thiol_transferases|FOSX,MEG_3025|Drugs|Fosfomycin|Fosfomycin_thiol_transferases|FOSX,465,2309563,2310027,+
Escherichia_coli_JM109,E.coli.JM109.final.genome,2489311,2490707,1397,MEG_7778|Biocides|Multi-biocide_resistance|Multi-biocide_RND_efflux_pump|VMEA,MEG_7778|Biocides|Multi-biocide_resistance|Multi-biocide_RND_efflux_pump|VMEA,1140,2480726,2481865,+
Escherichia_coli_JM109,E.coli.JM109.final.genome,2491077,2491901,825,MEG_1704|Multi-compound|Biocide_and_metal_resistance|Biocide_and_metal_resistance_protein|CHR,MEG_1704|Multi-compound|Biocide_and_metal_resistance|Biocide_and_metal_resistance_protein|CHR,561,2482235,2482795,+
Escherichia_coli_JM109,E.coli.JM109.final.genome,2492269,2492997,729,MEG_7773|Biocides|Multi-biocide_resistance|Multi-biocide_RND_efflux_pump|VMEA,MEG_7773|Biocides|Multi-biocide_resistance|Multi-biocide_RND_efflux_pump|VMEA,1140,2483163,2484302,+
Escherichia_coli_JM109,E.coli.JM109.final.genome,2493360,2496473,3114,MEG_4090|Drugs|Mupirocin|Mupirocin-resistant_isoleucyl-tRNA_synthetase|MUPA,MEG_4090|Drugs|Mupirocin|Mupirocin-resistant_isoleucyl-tRNA_synthetase|MUPA,3075,2484665,2487739,+
Escherichia_coli_JM109,E.coli.JM109.final.genome,2496498,2497655,1158,MEG_3916|Multi-compound|Drug_and_biocide_resistance|Drug_and_biocide_RND_efflux_pumps|MEXJ,MEG_3916|Multi-compound|Drug_and_biocide_resistance|Drug_and_biocide_RND_efflux_pumps|MEXJ,1104,2487764,2488867,+
Escherichia_coli_JM109,E.coli.JM109.final.genome,2497994,2498521,528,MEG_5775|Metals|Multi-metal_resistance|Multi-metal_resistance_protein|PFR,MEG_5775|Metals|Multi-metal_resistance|Multi-metal_resistance_protein|PFR,504,2489206,2489709,+
Escherichia_coli_JM109,E.coli.JM109.final.genome,2500147,2500479,333,MEG_3996|Multi-compound|Drug_and_biocide_resistance|Drug_and_biocide_SMR_efflux_pumps|MMR,MEG_3996|Multi-compound|Drug_and_biocide_resistance|Drug_and_biocide_SMR_efflux_pumps|MMR,324,2491335,2491658,+
Escherichia_coli_JM109,E.coli.JM109.final.genome,2500583,2500921,339,MEG_4221|Metals|Nickel_resistance|Nickel_resistance_regulator|NRSS,MEG_4221|Metals|Nickel_resistance|Nickel_resistance_regulator|NRSS,1365,2491762,2493126,+
Escherichia_coli_JM109,E.coli.JM109.final.genome,2506224,2506649,426,MEG_6502|Metals|Multi-metal_resistance|Multi-metal_RND_efflux_pumps|SILC,MEG_6502|Metals|Multi-metal_resistance|Multi-metal_RND_efflux_pumps|SILC,1386,2498429,2499814,+
Escherichia_coli_JM109,E.coli.JM109.final.genome,2506662,2507951,1290,MEG_7617|Drugs|Glycopeptides|VanA-type_accessory_protein|VANZA,MEG_7617|Drugs|Glycopeptides|VanA-type_accessory_protein|VANZA,480,2499827,2500306,+
Escherichia_coli_JM109,E.coli.JM109.final.genome,2508005,2508358,354,MEG_3077|Biocides|Acid_resistance|Acid_resistance_protein|GADA,MEG_3077|Biocides|Acid_resistance|Acid_resistance_protein|GADA,852,2500360,2501211,+
Escherichia_coli_JM109,E.coli.JM109.final.genome,2517745,2519244,1500,MEG_6623|Drugs|Sulfonamides|Sulfonamide-resistant_dihydropteroate_synthases|SULII,MEG_6623|Drugs|Sulfonamides|Sulfonamide-resistant_dihydropteroate_synthases|SULII,852,2510598,2511449,+
Escherichia_coli_JM109,E.coli.JM109.final.genome,2537865,2538296,432,MEG_6594|Drugs|Sulfonamides|Sulfonamide-resistant_dihydropteroate_synthases|SULI,MEG_6594|Drugs|Sulfonamides|Sulfonamide-resistant_dihydropteroate_synthases|SULI,840,2530070,2530909,+
Escherichia_coli_JM109,E.coli.JM109.final.genome,2538302,2543217,4916,MEG_6585|Drugs|Sulfonamides|Sulfonamide-resistant_dihydropteroate_synthases|SULI,MEG_6585|Drugs|Sulfonamides|Sulfonamide-resistant_dihydropteroate_synthases|SULI,864,2530915,2531778,+
Escherichia_coli_JM109,E.coli.JM109.final.genome,2548235,2550433,2199,MEG_964|Drugs|Aminoglycosides|Aminoglycoside_O-nucleotidyltransferases|ANT3-DPRIME,MEG_964|Drugs|Aminoglycosides|Aminoglycoside_O-nucleotidyltransferases|ANT3-DPRIME,792,2536796,2537587,+
Escherichia_coli_JM109,E.coli.JM109.final.genome,2670133,2670765,633,MEG_4174|Metals|Nickel_resistance|Nickel_ABC_efflux_pumps|NIKE,MEG_4174|Metals|Nickel_resistance|Nickel_ABC_efflux_pumps|NIKE,807,2657287,2658093,+
Escherichia_coli_JM109,E.coli.JM109.final.genome,2717755,2718180,426,MEG_398|Metals|Arsenic_resistance|Arsenic_resistance_membrane_transporter|ACR3,MEG_398|Metals|Arsenic_resistance|Arsenic_resistance_membrane_transporter|ACR3,1044,2705083,2706126,+
Escherichia_coli_JM109,E.coli.JM109.final.genome,2738745,2741849,3105,MEG_10506|Drugs|betalactams|Class_A_betalactamases|OKP,MEG_10506|Drugs|betalactams|Class_A_betalactamases|OKP,861,2726691,2727551,+
Escherichia_coli_JM109,E.coli.JM109.final.genome,2741861,2743018,1158,MEG_2877|Biocides|Phenolic_compound_resistance|Phenolic_resistance_protein|FABL,MEG_2877|Biocides|Phenolic_compound_resistance|Phenolic_resistance_protein|FABL,753,2727563,2728315,+
Escherichia_coli_JM109,E.coli.JM109.final.genome,2743417,2744079,663,MEG_3881|Metals|Mercury_resistance|Mercury_resistance_regulator|MERR,MEG_3881|Metals|Mercury_resistance|Mercury_resistance_regulator|MERR,408,2728714,2729121,+
Escherichia_coli_JM109,E.coli.JM109.final.genome,2771081,2771395,315,MEG_6165|Drugs|Nucleosides|Streptothricin_acetyltransferase|SAT,MEG_6165|Drugs|Nucleosides|Streptothricin_acetyltransferase|SAT,543,2756123,2756665,+
Escherichia_coli_JM109,E.coli.JM109.final.genome,2941726,2942490,765,MEG_3691|Drugs|Lipopeptides|Colistin_phosphoethanolamine_transferase|MCR,MEG_3691|Drugs|Lipopeptides|Colistin_phosphoethanolamine_transferase|MCR,1407,2926996,2928402,+
Escherichia_coli_JM109,E.coli.JM109.final.genome,2954085,2954906,822,MEG_3434|Drugs|Rifampin|Monooxygenase|IRI,MEG_3434|Drugs|Rifampin|Monooxygenase|IRI,1440,2939997,2941436,+
Escherichia_coli_JM109,E.coli.JM109.final.genome,2974893,2975690,798,MEG_2743|Drugs|MLS|Macrolide_esterases|EREA,MEG_2743|Drugs|MLS|Macrolide_esterases|EREA,1227,2961423,2962649,+
Escherichia_coli_JM109,E.coli.JM109.final.genome,2979966,2980107,142,MEG_1582|Drugs|Phenicol|Chloramphenicol_acetyltransferases|CATA,MEG_1582|Drugs|Phenicol|Chloramphenicol_acetyltransferases|CATA,660,2966925,2967584,+
Escherichia_coli_JM109,E.coli.JM109.final.genome,2988540,2988932,393,MEG_7868|Metals|Zinc_resistance|Zinc_resistance_regulator|ZUR,MEG_7868|Metals|Zinc_resistance|Zinc_resistance_regulator|ZUR,516,2976017,2976532,+
Escherichia_coli_JM109,E.coli.JM109.final.genome,3021845,3023337,1493,MEG_1181|Biocides|Acid_resistance|Acid_resistance_protein|ASR,MEG_1181|Biocides|Acid_resistance|Acid_resistance_protein|ASR,336,3009445,3009780,+
Escherichia_coli_JM109,E.coli.JM109.final.genome,3119394,3120104,711,MEG_7272|Biocides|Phenolic_compound_resistance|Phenolic_RND_efflux_pump|TRIAP,MEG_7272|Biocides|Phenolic_compound_resistance|Phenolic_RND_efflux_pump|TRIAP,618,3105837,3106454,+
Escherichia_coli_JM109,E.coli.JM109.final.genome,3291827,3292855,1029,MEG_11494|Drugs|Metronidazole|nim_nitroimidazole_reductase|NIMI,MEG_11494|Drugs|Metronidazole|nim_nitroimidazole_reductase|NIMI,498,3278177,3278674,+
Escherichia_coli_JM109,E.coli.JM109.final.genome,3331071,3331232,162,MEG_9902|Drugs|betalactams|Class_D_betalactamases|OXA,MEG_9902|Drugs|betalactams|Class_D_betalactamases|OXA,789,3316890,3317678,+
Escherichia_coli_JM109,E.coli.JM109.final.genome,3332403,3332569,167,MEG_3006|Drugs|Fosfomycin|Fosfomycin_thiol_transferases|FOSB,MEG_3006|Drugs|Fosfomycin|Fosfomycin_thiol_transferases|FOSB,420,3318849,3319268,+
Escherichia_coli_JM109,E.coli.JM109.final.genome,3347935,3349473,1539,MEG_3279|Biocides|Multi-biocide_resistance|Multi-biocide_resistance_protein|HSMR,MEG_3279|Biocides|Multi-biocide_resistance|Multi-biocide_resistance_protein|HSMR,339,3334634,3334972,+
Escherichia_coli_JM109,E.coli.JM109.final.genome,3349490,3350662,1173,MEG_4218|Metals|Nickel_resistance|Nickel_RND_efflux_pumps|NRSA,MEG_4218|Metals|Nickel_resistance|Nickel_RND_efflux_pumps|NRSA,3165,3334989,3338153,+
Escherichia_coli_JM109,E.coli.JM109.final.genome,3350789,3351319,531,MEG_11360|Metals|Arsenic_resistance|Arsenic_resistance_N-acetyltransferases|ARSN2,MEG_11360|Metals|Arsenic_resistance|Arsenic_resistance_N-acetyltransferases|ARSN2,495,3338280,3338774,+
Escherichia_coli_JM109,E.coli.JM109.final.genome,3412029,3412712,684,MEG_3608|Drugs|MLS|Lincosamide_nucleotidyltransferases|LNUA,MEG_3608|Drugs|MLS|Lincosamide_nucleotidyltransferases|LNUA,486,3399484,3399969,+
Escherichia_coli_JM109,E.coli.JM109.final.genome,3550209,3550685,477,MEG_3134|Multi-compound|Drug_and_biocide_and_metal_resistance|Drug_and_biocide_and_metal_RND_efflux_pumps|GESC,MEG_3134|Multi-compound|Drug_and_biocide_and_metal_resistance|Drug_and_biocide_and_metal_RND_efflux_pumps|GESC,1512,3537466,3538977,+
Escherichia_coli_JM109,E.coli.JM109.final.genome,3571371,3574484,3114,MEG_7269|Metals|Tellurium_resistance|Tellurium_resistance_protein|TRGA,MEG_7269|Metals|Tellurium_resistance|Tellurium_resistance_protein|TRGA,441,3559663,3560103,+
Escherichia_coli_JM109,E.coli.JM109.final.genome,3605883,3607187,1305,MEG_7845|Metals|Zinc_resistance|Zinc_resistance_protein|ZEVA,MEG_7845|Metals|Zinc_resistance|Zinc_resistance_protein|ZEVA,621,3591502,3592122,+
Escherichia_coli_JM109,E.coli.JM109.final.genome,3642583,3643821,1239,MEG_3863|Metals|Mercury_resistance|Mercury_resistance_regulator|MERD,MEG_3863|Metals|Mercury_resistance|Mercury_resistance_regulator|MERD,366,3627518,3627883,+
Escherichia_coli_JM109,E.coli.JM109.final.genome,3667322,3670915,3594,MEG_2493|Drugs|Trimethoprim|Dihydrofolate_reductase|DFRA,MEG_2493|Drugs|Trimethoprim|Dihydrofolate_reductase|DFRA,474,3651384,3651857,+
Escherichia_coli_JM109,E.coli.JM109.final.genome,3670920,3671534,615,MEG_2920|Drugs|Phenicol|Phenicol_resistance_MFS_efflux_pumps|FLOR,MEG_2920|Drugs|Phenicol|Phenicol_resistance_MFS_efflux_pumps|FLOR,1215,3651862,3653076,+
Escherichia_coli_JM109,E.coli.JM109.final.genome,3671950,3674651,2702,MEG_5929|Drugs|Fluoroquinolones|Quinolone_resistance_protein_Qnr|QNRB,MEG_5929|Drugs|Fluoroquinolones|Quinolone_resistance_protein_Qnr|QNRB,681,3653492,3654172,+
Escherichia_coli_JM109,E.coli.JM109.final.genome,3788449,3789417,969,MEG_6544|Biocides|Peroxide_resistance|peroxide_resistance_protein|SODB,MEG_6544|Biocides|Peroxide_resistance|peroxide_resistance_protein|SODB,579,3767970,3768548,+
Escherichia_coli_JM109,E.coli.JM109.final.genome,3844018,3844261,244,MEG_4186|Drugs|Metronidazole|nim_nitroimidazole_reductase|NIMF,MEG_4186|Drugs|Metronidazole|nim_nitroimidazole_reductase|NIMF,455,3823149,3823603,+
Escherichia_coli_JM109,E.coli.JM109.final.genome,3844558,3844781,224,MEG_1748|Multi-compound|Drug_and_biocide_and_metal_resistance|Drug_and_biocide_and_metal_RND_efflux_regulator|CMER,MEG_1748|Multi-compound|Drug_and_biocide_and_metal_resistance|Drug_and_biocide_and_metal_RND_efflux_regulator|CMER,633,3823900,3824532,+
Escherichia_coli_JM109,E.coli.JM109.final.genome,3847873,3849516,1644,MEG_1170|Metals|Arsenic_resistance|Arsenic_resistance_protein|ARSP,MEG_1170|Metals|Arsenic_resistance|Arsenic_resistance_protein|ARSP,948,3827624,3828571,+
Escherichia_coli_JM109,E.coli.JM109.final.genome,3876614,3877804,1191,MEG_2547|Drugs|Trimethoprim|Dihydrofolate_reductase|DFRA,MEG_2547|Drugs|Trimethoprim|Dihydrofolate_reductase|DFRA,474,3855669,3856142,+
Escherichia_coli_JM109,E.coli.JM109.final.genome,3969076,3969414,339,MEG_5265|Drugs|betalactams|Class_D_betalactamases|OXA,MEG_5265|Drugs|betalactams|Class_D_betalactamases|OXA,825,3947414,3948238,+
Escherichia_coli_JM109,E.coli.JM109.final.genome,3969633,3970457,825,MEG_1230|Metals|Iron_resistance|Iron_resistance_protein|BFRA,MEG_1230|Metals|Iron_resistance|Iron_resistance_protein|BFRA,480,3948457,3948936,+
Escherichia_coli_JM109,E.coli.JM109.final.genome,3970578,3970850,273,MEG_3014|Drugs|Fosfomycin|Fosfomycin_thiol_transferases|FOSB,MEG_3014|Drugs|Fosfomycin|Fosfomycin_thiol_transferases|FOSB,420,3949057,3949476,+
Escherichia_coli_JM109,E.coli.JM109.final.genome,3992573,3994695,2123,MEG_991|Drugs|Aminoglycosides|Aminoglycoside_O-nucleotidyltransferases|ANT6,MEG_991|Drugs|Aminoglycosides|Aminoglycoside_O-nucleotidyltransferases|ANT6,861,3971199,3972059,+
Escherichia_coli_JM109,E.coli.JM109.final.genome,3996108,4003555,7448,MEG_2793|Drugs|MLS|23S_rRNA_methyltransferases|ERMB,MEG_2793|Drugs|MLS|23S_rRNA_methyltransferases|ERMB,738,3973472,3974209,+
Escherichia_coli_JM109,E.coli.JM109.final.genome,4015959,4017811,1853,MEG_11457|Drugs|Lipopeptides|Colistin_phosphoethanolamine_transferase|MCR,MEG_11457|Drugs|Lipopeptides|Colistin_phosphoethanolamine_transferase|MCR,1623,3986613,3988235,+
Escherichia_coli_JM109,E.coli.JM109.final.genome,4057957,4059123,1167,MEG_5843|Multi-compound|Drug_and_biocide_resistance|Drug_and_biocide_SMR_efflux_pumps|QACG,MEG_5843|Multi-compound|Drug_and_biocide_resistance|Drug_and_biocide_SMR_efflux_pumps|QACG,333,4028381,4028713,+
Escherichia_coli_JM109,E.coli.JM109.final.genome,4097913,4099318,1406,MEG_501|Multi-compound|Biocide_and_metal_resistance|Biocide_and_metal_resistance_protein|ACTP,MEG_501|Multi-compound|Biocide_and_metal_resistance|Biocide_and_metal_resistance_protein|ACTP,2484,4067503,4069986,+
Escherichia_coli_JM109,E.coli.JM109.final.genome,4115545,4116195,651,MEG_7547|Drugs|Glycopeptides|VanA-type_resistance_protein|VANXA,MEG_7547|Drugs|Glycopeptides|VanA-type_resistance_protein|VANXA,609,4086213,4086821,+
Escherichia_coli_JM109,E.coli.JM109.final.genome,4122329,4122502,174,MEG_11507|Drugs|MLS|23S_rRNA_methyltransferases|ERM,MEG_11507|Drugs|MLS|23S_rRNA_methyltransferases|ERM,738,4092955,4093692,+
Escherichia_coli_JM109,E.coli.JM109.final.genome,4132357,4132584,228,MEG_3271|Drugs|Multi-drug_resistance|Multi-drug_RND_efflux_pumps|HNS,MEG_3271|Drugs|Multi-drug_resistance|Multi-drug_RND_efflux_pumps|HNS,414,4103547,4103960,+
Escherichia_coli_JM109,E.coli.JM109.final.genome,4197528,4198274,747,MEG_2478|Metals|Multi-metal_resistance|Multi-metal_RND_efflux_pumps|CZNC,MEG_2478|Metals|Multi-metal_resistance|Multi-metal_RND_efflux_pumps|CZNC,1275,4168904,4170178,+
Escherichia_coli_JM109,E.coli.JM109.final.genome,4212595,4214132,1538,MEG_6961|Metals|Tellurium_resistance|Tellurium_resistance_protein|TERZ,MEG_6961|Metals|Tellurium_resistance|Tellurium_resistance_protein|TERZ,585,4184499,4185083,+
Escherichia_coli_JM109,E.coli.JM109.final.genome,4214211,4215143,933,MEG_407|Multi-compound|Drug_and_biocide_and_metal_resistance|Drug_and_biocide_and_metal_RND_efflux_pumps|ACRD,MEG_407|Multi-compound|Drug_and_biocide_and_metal_resistance|Drug_and_biocide_and_metal_RND_efflux_pumps|ACRD,3114,4185162,4188275,+
Escherichia_coli_JM109,E.coli.JM109.final.genome,4250540,4251106,567,MEG_7794|Biocides|Multi-biocide_resistance|Multi-biocide_RND_efflux_pump|VMEK,MEG_7794|Biocides|Multi-biocide_resistance|Multi-biocide_RND_efflux_pump|VMEK,3132,4223672,4226803,+
Escherichia_coli_JM109,E.coli.JM109.final.genome,4411964,4413337,1374,MEG_1165|Metals|Arsenic_resistance|Arsenic_resistance_protein|ARSD,MEG_1165|Metals|Arsenic_resistance|Arsenic_resistance_protein|ARSD,363,4387661,4388023,+
Escherichia_coli_JM109,E.coli.JM109.final.genome,4420835,4421416,582,MEG_5787|Metals|Multi-metal_resistance|Multi-metal_resistance_protein|PITA,MEG_5787|Metals|Multi-metal_resistance|Multi-metal_resistance_protein|PITA,1500,4395521,4397020,+
Escherichia_coli_JM109,E.coli.JM109.final.genome,4483326,4484007,682,MEG_7144|Drugs|Tetracyclines|Tetracycline_resistance_ribosomal_protection_proteins|TETM,MEG_7144|Drugs|Tetracyclines|Tetracycline_resistance_ribosomal_protection_proteins|TETM,1920,4458930,4460849,+
Escherichia_coli_JM109,E.coli.JM109.final.genome,4485143,4485478,336,MEG_2923|Drugs|Phenicol|Phenicol_resistance_MFS_efflux_pumps|FLOR,MEG_2923|Drugs|Phenicol|Phenicol_resistance_MFS_efflux_pumps|FLOR,1215,4461985,4463199,+
Escherichia_coli_b2207,E.coli.b2207.final.plasmid,13158,16607,3450,MEG_7812|Metals|Iron_resistance|Iron_resistance_protein|YBTQ,MEG_7812|Metals|Iron_resistance|Iron_resistance_protein|YBTQ,1803,13158,14960,+
Escherichia_coli_b2207,E.coli.b2207.final.genome,60261,61370,1110,MEG_7491|Drugs|Glycopeptides|VanB-type_regulator|VANSB,MEG_7491|Drugs|Glycopeptides|VanB-type_regulator|VANSB,1326,60261,61586,+
Escherichia_coli_b2207,E.coli.b2207.final.genome,74333,75490,1158,MEG_1194|Multi-compound|Drug_and_biocide_and_metal_resistance|Drug_and_biocide_and_metal_RND_efflux_regulator|BAES,MEG_1194|Multi-compound|Drug_and_biocide_and_metal_resistance|Drug_and_biocide_and_metal_RND_efflux_regulator|BAES,1404,74549,75952,+
Escherichia_coli_b2207,E.coli.b2207.final.genome,149857,151602,1746,MEG_2038|Metals|Copper_resistance|Copper_resistance_protein|COPB,MEG_2038|Metals|Copper_resistance|Copper_resistance_protein|COPB,981,150319,151299,+
Escherichia_coli_b2207,E.coli.b2207.final.genome,171642,174791,3150,MEG_4337|Multi-compound|Drug_and_biocide_resistance|Drug_and_biocide_RND_efflux_pumps|OQXB,MEG_4337|Multi-compound|Drug_and_biocide_resistance|Drug_and_biocide_RND_efflux_pumps|OQXB,3153,171339,174491,+
Escherichia_coli_b2207,E.coli.b2207.final.genome,174814,176007,1194,MEG_10806|Drugs|betalactams|Class_A_betalactamases|LEN,MEG_10806|Drugs|betalactams|Class_A_betalactamases|LEN,861,174514,175374,+
Escherichia_coli_b2207,E.coli.b2207.final.genome,199251,201755,2505,MEG_1767|Drugs|Phenicol|Phenicol_resistance_MFS_efflux_pumps|CMLA,MEG_1767|Drugs|Phenicol|Phenicol_resistance_MFS_efflux_pumps|CMLA,1260,198618,199877,+
Escherichia_coli_b2207,E.coli.b2207.final.genome,204369,204776,408,MEG_5814|Metals|Arsenic_resistance|Arsenic_resistance_protein|PSTB,MEG_5814|Metals|Arsenic_resistance|Arsenic_resistance_protein|PSTB,774,202491,203264,+
Escherichia_coli_b2207,E.coli.b2207.final.genome,206295,207738,1444,MEG_6652|Metals|Copper_resistance|Copper_resistance_protein|TCRB,MEG_6652|Metals|Copper_resistance|Copper_resistance_protein|TCRB,2133,204783,206915,+
Escherichia_coli_b2207,E.coli.b2207.final.genome,268365,269381,1017,MEG_7328|Drugs|Cationic_antimicrobial_peptides|Lipid_A_modification|UGD,MEG_7328|Drugs|Cationic_antimicrobial_peptides|Lipid_A_modification|UGD,1167,267542,268708,+
Escherichia_coli_b2207,E.coli.b2207.final.genome,310050,312165,2116,MEG_6519|Biocides|Multi-biocide_resistance|Multi-biocide_ABC_efflux_pump|SMDA,MEG_6519|Biocides|Multi-biocide_resistance|Multi-biocide_ABC_efflux_pump|SMDA,1776,309377,311152,+
Escherichia_coli_b2207,E.coli.b2207.final.genome,312322,313695,1374,MEG_2864|Drugs|Phenicol|Chloramphenicol_hydrolase|ESTD,MEG_2864|Drugs|Phenicol|Chloramphenicol_hydrolase|ESTD,927,311309,312235,+
Escherichia_coli_b2207,E.coli.b2207.final.genome,313853,314185,333,MEG_3703|Drugs|Lipopeptides|Colistin_phosphoethanolamine_transferase|MCR,MEG_3703|Drugs|Lipopeptides|Colistin_phosphoethanolamine_transferase|MCR,1626,312393,314018,+
Escherichia_coli_b2207,E.coli.b2207.final.genome,314201,315424,1224,MEG_4083|Multi-compound|Drug_and_biocide_resistance|Drug_and_biocide_RND_efflux_pumps|MTRD,MEG_4083|Multi-compound|Drug_and_biocide_resistance|Drug_and_biocide_RND_efflux_pumps|MTRD,3204,314034,317237,+
Escherichia_coli_b2207,E.coli.b2207.final.genome,315436,318579,3144,MEG_6607|Drugs|Sulfonamides|Sulfonamide-resistant_dihydropteroate_synthases|SULI,MEG_6607|Drugs|Sulfonamides|Sulfonamide-resistant_dihydropteroate_synthases|SULI,840,317249,318088,+
Escherichia_coli_b2207,E.coli.b2207.final.genome,383022,384923,1902,MEG_1745|Multi-compound|Drug_and_biocide_and_metal_resistance|Drug_and_biocide_and_metal_RND_efflux_pumps|CMEF,MEG_1745|Multi-compound|Drug_and_biocide_and_metal_resistance|Drug_and_biocide_and_metal_RND_efflux_pumps|CMEF,3018,382531,385548,+
Escherichia_coli_b2207,E.coli.b2207.final.genome,398489,400099,1611,MEG_893|Drugs|Aminoglycosides|Aminoglycoside_O-nucleotidyltransferases|ANT3-DPRIME,MEG_893|Drugs|Aminoglycosides|Aminoglycoside_O-nucleotidyltransferases|ANT3-DPRIME,792,399114,399905,+
Escherichia_coli_b2207,E.coli.b2207.final.genome,404850,406388,1539,MEG_367|Drugs|Aminoglycosides|Aminoglycoside_N-acetyltransferases|AAC6-PRIME,MEG_367|Drugs|Aminoglycosides|Aminoglycoside_N-acetyltransferases|AAC6-PRIME,606,404656,405261,+
Escherichia_coli_b2207,E.coli.b2207.final.genome,406413,407235,823,MEG_1764|Drugs|Phenicol|Phenicol_resistance_MFS_efflux_pumps|CMLA,MEG_1764|Drugs|Phenicol|Phenicol_resistance_MFS_efflux_pumps|CMLA,1260,405286,406545,+
Escherichia_coli_b2207,E.coli.b2207.final.genome,432228,432371,144,MEG_6017|Drugs|Fluoroquinolones|Quinolone_resistance_protein_Qnr|QNRS,MEG_6017|Drugs|Fluoroquinolones|Quinolone_resistance_protein_Qnr|QNRS,657,431538,432194,+
Escherichia_coli_b2207,E.coli.b2207.final.genome,436333,437010,678,MEG_4200|Metals|Nickel_resistance|Nickel_resistance_protein|NIXA,MEG_4200|Metals|Nickel_resistance|Nickel_resistance_protein|NIXA,927,436156,437082,+
Escherichia_coli_b2207,E.coli.b2207.final.genome,498945,499886,942,MEG_11352|Drugs|MLS|Macrolide_esterases|ESTX,MEG_11352|Drugs|MLS|Macrolide_esterases|ESTX,843,499017,499859,+
Escherichia_coli_b2207,E.coli.b2207.final.genome,508919,509707,789,MEG_6588|Drugs|Sulfonamides|Sulfonamide-resistant_dihydropteroate_synthases|SULI,MEG_6588|Drugs|Sulfonamides|Sulfonamide-resistant_dihydropteroate_synthases|SULI,840,508892,509731,+
Escherichia_coli_b2207,E.coli.b2207.final.genome,510152,511615,1464,MEG_2351|Drugs|betalactams|Class_A_betalactamases|CTX,MEG_2351|Drugs|betalactams|Class_A_betalactamases|CTX,876,510176,511051,+
Escherichia_coli_b2207,E.coli.b2207.final.genome,511617,512675,1059,MEG_11497|Drugs|Metronidazole|nim_nitroimidazole_reductase|NIMI,MEG_11497|Drugs|Metronidazole|nim_nitroimidazole_reductase|NIMI,498,511053,511550,+
Escherichia_coli_b2207,E.coli.b2207.final.genome,568246,568713,468,MEG_6995|Drugs|Tetracyclines|Tetracycline_resistance_MFS_efflux_pumps|TET42,MEG_6995|Drugs|Tetracyclines|Tetracycline_resistance_MFS_efflux_pumps|TET42,1287,567121,568407,+
Escherichia_coli_b2207,E.coli.b2207.final.genome,598736,599968,1233,MEG_2521|Drugs|Trimethoprim|Dihydrofolate_reductase|DFRA,MEG_2521|Drugs|Trimethoprim|Dihydrofolate_reductase|DFRA,498,598430,598927,+
Escherichia_coli_b2207,E.coli.b2207.final.genome,606247,606969,723,MEG_8638|Drugs|Multi-drug_resistance|Multi-drug_ABC_efflux_pumps|POXT,MEG_8638|Drugs|Multi-drug_resistance|Multi-drug_ABC_efflux_pumps|POXT,1635,605206,606840,+
Escherichia_coli_b2207,E.coli.b2207.final.genome,706174,706618,445,MEG_11243|Drugs|Fosfomycin|Fosfomycin_thiol_transferases|FOSA,MEG_11243|Drugs|Fosfomycin|Fosfomycin_thiol_transferases|FOSA,423,706045,706467,+
Escherichia_coli_b2207,E.coli.b2207.final.genome,782629,784377,1749,MEG_7782|Biocides|Multi-biocide_resistance|Multi-biocide_RND_efflux_pump|VMEA,MEG_7782|Biocides|Multi-biocide_resistance|Multi-biocide_RND_efflux_pump|VMEA,1140,782478,783617,+
Escherichia_coli_b2207,E.coli.b2207.final.genome,835027,836104,1078,MEG_6597|Drugs|Sulfonamides|Sulfonamide-resistant_dihydropteroate_synthases|SULI,MEG_6597|Drugs|Sulfonamides|Sulfonamide-resistant_dihydropteroate_synthases|SULI,840,834267,835106,+
Escherichia_coli_b2207,E.coli.b2207.final.genome,970364,971590,1227,MEG_5945|Drugs|Fluoroquinolones|Quinolone_resistance_protein_Qnr|QNRB,MEG_5945|Drugs|Fluoroquinolones|Quinolone_resistance_protein_Qnr|QNRB,645,969366,970010,+
Escherichia_coli_b2207,E.coli.b2207.final.genome,980219,981427,1209,MEG_1758|Drugs|Phenicol|Phenicol_resistance_MFS_efflux_pumps|CMLA,MEG_1758|Drugs|Phenicol|Phenicol_resistance_MFS_efflux_pumps|CMLA,1257,978639,979895,+
Escherichia_coli_b2207,E.coli.b2207.final.genome,1024302,1024934,633,MEG_1192|Multi-compound|Drug_and_biocide_and_metal_resistance|Drug_and_biocide_and_metal_RND_efflux_regulator|BAER,MEG_1192|Multi-compound|Drug_and_biocide_and_metal_resistance|Drug_and_biocide_and_metal_RND_efflux_regulator|BAER,723,1022770,1023492,+
Escherichia_coli_b2207,E.coli.b2207.final.genome,1025175,1025432,258,MEG_7074|Drugs|Tetracyclines|Tetracycline_resistance_MFS_efflux_pumps|TETE,MEG_7074|Drugs|Tetracyclines|Tetracycline_resistance_MFS_efflux_pumps|TETE,1196,1023733,1024928,+
Escherichia_coli_b2207,E.coli.b2207.final.genome,1068455,1068721,267,MEG_1224|Multi-compound|Drug_and_biocide_resistance|Drug_and_biocide_RND_efflux_pumps|BEPD,MEG_1224|Multi-compound|Drug_and_biocide_resistance|Drug_and_biocide_RND_efflux_pumps|BEPD,1194,1067951,1069144,+
Escherichia_coli_b2207,E.coli.b2207.final.genome,1094751,1095287,537,MEG_2080|Metals|Copper_resistance|Copper_resistance_regulator|COPY,MEG_2080|Metals|Copper_resistance|Copper_resistance_regulator|COPY,438,1095174,1095611,+
Escherichia_coli_b2207,E.coli.b2207.final.genome,1095427,1096968,1542,MEG_5414|Metals|Lead_resistance|Lead_P-type_ATPase_transporter|PBRT,MEG_5414|Metals|Lead_resistance|Lead_P-type_ATPase_transporter|PBRT,1893,1095751,1097643,+
Escherichia_coli_b2207,E.coli.b2207.final.genome,1121043,1121321,279,MEG_3704|Drugs|Lipopeptides|Colistin_phosphoethanolamine_transferase|MCR,MEG_3704|Drugs|Lipopeptides|Colistin_phosphoethanolamine_transferase|MCR,1626,1121718,1123343,+
Escherichia_coli_b2207,E.coli.b2207.final.genome,1133002,1134102,1101,MEG_7140|Drugs|Tetracyclines|Tetracycline_resistance_ribosomal_protection_proteins|TETM,MEG_7140|Drugs|Tetracyclines|Tetracycline_resistance_ribosomal_protection_proteins|TETM,1920,1135024,1136943,+
Escherichia_coli_b2207,E.coli.b2207.final.genome,1154762,1155175,414,MEG_8087|Biocides|Aldehyde_resistance|Aldehyde_degradation|FORMA,MEG_8087|Biocides|Aldehyde_resistance|Aldehyde_degradation|FORMA,1110,1157603,1158712,+
Escherichia_coli_b2207,E.coli.b2207.final.genome,1267383,1268171,789,MEG_3290|Biocides|Acetate_resistance|Acetate_resistance_protein|ICLR,MEG_3290|Biocides|Acetate_resistance|Acetate_resistance_protein|ICLR,825,1270920,1271744,+
Escherichia_coli_b2207,E.coli.b2207.final.genome,1392215,1393797,1583,MEG_538|Drugs|betalactams|Class_C_betalactamases|ADC,MEG_538|Drugs|betalactams|Class_C_betalactamases|ADC,1152,1395788,1396939,+
Escherichia_coli_b2207,E.coli.b2207.final.genome,1464864,1466399,1536,MEG_11324|Metals|Arsenic_resistance|Arsenic_resistance_protein|ARSB,MEG_11324|Metals|Arsenic_resistance|Arsenic_resistance_protein|ARSB,1080,1468006,1469085,+
Escherichia_coli_b2207,E.coli.b2207.final.genome,1466555,1467951,1397,MEG_5655|Drugs|betalactams|Class_C_betalactamases|PDC,MEG_5655|Drugs|betalactams|Class_C_betalactamases|PDC,1194,1469241,1470434,+
Escherichia_coli_b2207,E.coli.b2207.final.genome,1478829,1479590,762,MEG_5849|Multi-compound|Drug_and_biocide_resistance|Drug_and_biocide_SMR_efflux_pumps|QACJ,MEG_5849|Multi-compound|Drug_and_biocide_resistance|Drug_and_biocide_SMR_efflux_pumps|QACJ,324,1481312,1481635,+
Escherichia_coli_b2207,E.coli.b2207.final.genome,1480110,1482389,2280,MEG_3666|Drugs|Lipopeptides|Colistin_phosphoethanolamine_transferase|MCR,MEG_3666|Drugs|Lipopeptides|Colistin_phosphoethanolamine_transferase|MCR,1617,1482155,1483771,+
Escherichia_coli_b2207,E.coli.b2207.final.genome,1516356,1516790,435,MEG_1743|Multi-compound|Drug_and_biocide_and_metal_resistance|Drug_and_biocide_and_metal_RND_efflux_pumps|CMED,MEG_1743|Multi-compound|Drug_and_biocide_and_metal_resistance|Drug_and_biocide_and_metal_RND_efflux_pumps|CMED,1275,1517738,1519012,+
Escherichia_coli_b2207,E.coli.b2207.final.genome,1516804,1517193,390,MEG_1155|Metals|Arsenic_resistance|Arsenic_resistance_protein|ARSC,MEG_1155|Metals|Arsenic_resistance|Arsenic_resistance_protein|ARSC,396,1519026,1519421,+
Escherichia_coli_b2207,E.coli.b2207.final.genome,1521340,1521732,393,MEG_1553|Drugs|Phenicol|Chloramphenicol_acetyltransferases|CAT,MEG_1553|Drugs|Phenicol|Chloramphenicol_acetyltransferases|CAT,624,1523568,1524191,+
Escherichia_coli_b2207,E.coli.b2207.final.genome,1552245,1552580,336,MEG_6170|Drugs|Nucleosides|Streptothricin_acetyltransferase|SAT,MEG_6170|Drugs|Nucleosides|Streptothricin_acetyltransferase|SAT,543,1554704,1555246,+
Escherichia_coli_b2207,E.coli.b2207.final.genome,1553716,1554397,682,MEG_7441|Drugs|Glycopeptides|VanI-type_resistance_protein|VANI,MEG_7441|Drugs|Glycopeptides|VanI-type_resistance_protein|VANI,1026,1556382,1557407,+
Escherichia_coli_b2207,E.coli.b2207.final.genome,1616271,1616852,582,MEG_6513|Multi-compound|Biocide_and_metal_resistance|Biocide_and_metal_ABC_efflux_pumps|SITA,MEG_6513|Multi-compound|Biocide_and_metal_resistance|Biocide_and_metal_ABC_efflux_pumps|SITA,918,1619281,1620198,+
Escherichia_coli_b2207,E.coli.b2207.final.genome,1624423,1625796,1374,MEG_3133|Multi-compound|Drug_and_biocide_and_metal_resistance|Drug_and_biocide_and_metal_RND_efflux_pumps|GESB,MEG_3133|Multi-compound|Drug_and_biocide_and_metal_resistance|Drug_and_biocide_and_metal_RND_efflux_pumps|GESB,3168,1627769,1630936,+
Escherichia_coli_b2207,E.coli.b2207.final.genome,1787745,1788311,567,MEG_8692|Multi-compound|Drug_and_biocide_resistance|Drug_and_biocide_MFS_efflux_pumps|SDRM,MEG_8692|Multi-compound|Drug_and_biocide_resistance|Drug_and_biocide_MFS_efflux_pumps|SDRM,1344,1792885,1794228,+
Escherichia_coli_b2207,E.coli.b2207.final.genome,1823708,1824640,933,MEG_2805|Drugs|MLS|23S_rRNA_methyltransferases|ERMB,MEG_2805|Drugs|MLS|23S_rRNA_methyltransferases|ERMB,738,1829625,1830362,+
Escherichia_coli_b2207,E.coli.b2207.final.genome,1824719,1826256,1538,MEG_2463|Metals|Multi-metal_resistance|Multi-metal_RND_efflux_pumps|CZCB,MEG_2463|Metals|Multi-metal_resistance|Multi-metal_RND_efflux_pumps|CZCB,1563,1830441,1832003,+
Escherichia_coli_b2207,E.coli.b2207.final.genome,1840577,1841323,747,MEG_7209|Drugs|Tetracyclines|Tetracycline_resistance_ribosomal_protection_proteins|TETW,MEG_7209|Drugs|Tetracyclines|Tetracycline_resistance_ribosomal_protection_proteins|TETW,1920,1846324,1848243,+
Escherichia_coli_b2207,E.coli.b2207.final.genome,1904213,1904440,228,MEG_11365|Metals|Arsenic_resistance|Arsenic_resistance_N-acetyltransferases|ARSN2,MEG_11365|Metals|Arsenic_resistance|Arsenic_resistance_N-acetyltransferases|ARSN2,429,1911133,1911561,+
Escherichia_coli_b2207,E.coli.b2207.final.genome,1920526,1921176,651,MEG_7682|Drugs|Multi-drug_resistance|Multi-drug_ABC_efflux_pumps|VGA,MEG_7682|Drugs|Multi-drug_resistance|Multi-drug_ABC_efflux_pumps|VGA,1569,1927647,1929215,+
Escherichia_coli_b2207,E.coli.b2207.final.genome,1927225,1930816,3592,MEG_1744|Multi-compound|Drug_and_biocide_and_metal_resistance|Drug_and_biocide_and_metal_RND_efflux_pumps|CMEE,MEG_1744|Multi-compound|Drug_and_biocide_and_metal_resistance|Drug_and_biocide_and_metal_RND_efflux_pumps|CMEE,741,1935264,1936004,+
Escherichia_coli_b2207,E.coli.b2207.final.genome,1963045,1964450,1406,MEG_7672|Multi-compound|Drug_and_biocide_resistance|Drug_and_biocide_RND_efflux_pumps|VEXE,MEG_7672|Multi-compound|Drug_and_biocide_resistance|Drug_and_biocide_RND_efflux_pumps|VEXE,1101,1968233,1969333,+
Escherichia_coli_b2207,E.coli.b2207.final.genome,2021603,2022769,1167,MEG_8808|Drugs|Lipopeptides|Colistin_phosphoethanolamine_transferase|MCR,MEG_8808|Drugs|Lipopeptides|Colistin_phosphoethanolamine_transferase|MCR,1617,2026486,2028102,+
Escherichia_coli_b2207,E.coli.b2207.final.genome,2062383,2064236,1854,MEG_3551|Drugs|betalactams|Class_A_betalactamases|LEN,MEG_3551|Drugs|betalactams|Class_A_betalactamases|LEN,789,2067716,2068504,+
Escherichia_coli_b2207,E.coli.b2207.final.genome,2075907,2083354,7448,MEG_2835|Drugs|MLS|23S_rRNA_methyltransferases|ERMG,MEG_2835|Drugs|MLS|23S_rRNA_methyltransferases|ERMG,735,2080175,2080909,+
Escherichia_coli_b2207,E.coli.b2207.final.genome,2084767,2086889,2123,MEG_1584|Drugs|Phenicol|Chloramphenicol_acetyltransferases|CATA,MEG_1584|Drugs|Phenicol|Chloramphenicol_acetyltransferases|CATA,660,2082322,2082981,+
Escherichia_coli_b2207,E.coli.b2207.final.genome,2106292,2106564,273,MEG_11452|Drugs|Lipopeptides|Colistin_phosphoethanolamine_transferase|MCR,MEG_11452|Drugs|Lipopeptides|Colistin_phosphoethanolamine_transferase|MCR,1698,2102384,2104081,+
Escherichia_coli_b2207,E.coli.b2207.final.genome,2106685,2107509,825,MEG_7160|Drugs|Tetracyclines|Tetracycline_resistance_ribosomal_protection_proteins|TETO,MEG_7160|Drugs|Tetracyclines|Tetracycline_resistance_ribosomal_protection_proteins|TETO,1920,2104202,2106121,+
Escherichia_coli_b2207,E.coli.b2207.final.genome,2107728,2108066,339,MEG_949|Drugs|Aminoglycosides|Aminoglycoside_O-nucleotidyltransferases|ANT3-DPRIME,MEG_949|Drugs|Aminoglycosides|Aminoglycoside_O-nucleotidyltransferases|ANT3-DPRIME,972,2106340,2107311,+
Escherichia_coli_b2207,E.coli.b2207.final.genome,2200269,2201459,1191,MEG_8092|Drugs|Fosfomycin|Fosfomycin_thiol_transferases|FOSM,MEG_8092|Drugs|Fosfomycin|Fosfomycin_thiol_transferases|FOSM,420,2199514,2199933,+
Escherichia_coli_b2207,E.coli.b2207.final.genome,2227359,2229002,1644,MEG_2654|Metals|Copper_resistance|Copper_resistance_protein|DNAK,MEG_2654|Metals|Copper_resistance|Copper_resistance_protein|DNAK,1878,2225833,2227710,+
Escherichia_coli_b2207,E.coli.b2207.final.genome,2232094,2232317,224,MEG_7015|Drugs|Tetracyclines|Tetracycline_resistance_MFS_efflux_pumps|TETA,MEG_7015|Drugs|Tetracyclines|Tetracycline_resistance_MFS_efflux_pumps|TETA,1200,2230802,2232001,+
Escherichia_coli_b2207,E.coli.b2207.final.genome,2232614,2232857,244,MEG_6655|Multi-compound|Biocide_and_metal_resistance|Biocide_and_metal_resistance_protein|TEHA,MEG_6655|Multi-compound|Biocide_and_metal_resistance|Biocide_and_metal_resistance_protein|TEHA,993,2232298,2233290,+
Escherichia_coli_b2207,E.coli.b2207.final.genome,2287459,2288427,969,MEG_498|Multi-compound|Biocide_and_metal_resistance|Biocide_and_metal_resistance_protein|ACTA,MEG_498|Multi-compound|Biocide_and_metal_resistance|Biocide_and_metal_resistance_protein|ACTA,1626,2287892,2289517,+
Escherichia_coli_b2207,E.coli.b2207.final.genome,2390785,2393486,2702,MEG_3288|Biocides|Peroxide_resistance|Peroxide_resistance_stress_protein|IBPB,MEG_3288|Biocides|Peroxide_resistance|Peroxide_resistance_stress_protein|IBPB,429,2391875,2392303,+
Escherichia_coli_b2207,E.coli.b2207.final.genome,2393902,2394516,615,MEG_2514|Drugs|Trimethoprim|Dihydrofolate_reductase|DFRA,MEG_2514|Drugs|Trimethoprim|Dihydrofolate_reductase|DFRA,474,2392719,2393192,+
Escherichia_coli_b2207,E.coli.b2207.final.genome,2394521,2398114,3594,MEG_2900|Multi-compound|Biocide_and_metal_resistance|Biocide_and_metal_ABC_efflux_pumps|FETB,MEG_2900|Multi-compound|Biocide_and_metal_resistance|Biocide_and_metal_ABC_efflux_pumps|FETB,780,2393197,2393976,+
Escherichia_coli_b2207,E.coli.b2207.final.genome,2421615,2422853,1239,MEG_5994|Drugs|Fluoroquinolones|Quinolone_resistance_protein_Qnr|QNRB,MEG_5994|Drugs|Fluoroquinolones|Quinolone_resistance_protein_Qnr|QNRB,645,2417477,2418121,+
Escherichia_coli_b2207,E.coli.b2207.final.genome,2456900,2458204,1305,MEG_499|Multi-compound|Biocide_and_metal_resistance|Biocide_and_metal_resistance_protein|ACTA,MEG_499|Multi-compound|Biocide_and_metal_resistance|Biocide_and_metal_resistance_protein|ACTA,1632,2452168,2453799,+
Escherichia_coli_b2207,E.coli.b2207.final.genome,2489603,2492716,3114,MEG_2997|Drugs|Fosfomycin|Fosfomycin_thiol_transferases|FOSA,MEG_2997|Drugs|Fosfomycin|Fosfomycin_thiol_transferases|FOSA,576,2485198,2485773,+
Escherichia_coli_b2207,E.coli.b2207.final.genome,2513402,2513878,477,MEG_4005|Metals|Multi-metal_resistance|Multi-metal_ABC_efflux_pumps|MODB,MEG_4005|Metals|Multi-metal_resistance|Multi-metal_ABC_efflux_pumps|MODB,690,2506459,2507148,+
Escherichia_coli_b2207,E.coli.b2207.final.genome,2652715,2653398,684,MEG_6632|Drugs|Sulfonamides|Sulfonamide-resistant_dihydropteroate_synthases|SULII,MEG_6632|Drugs|Sulfonamides|Sulfonamide-resistant_dihydropteroate_synthases|SULII,816,2645985,2646800,+
Escherichia_coli_b2207,E.coli.b2207.final.genome,2692084,2692614,531,MEG_2113|Drugs|Phenicol|Chloramphenicol_phosphotransferase|CPT,MEG_2113|Drugs|Phenicol|Chloramphenicol_phosphotransferase|CPT,531,2685486,2686016,+
Escherichia_coli_b2207,E.coli.b2207.final.genome,2692741,2693913,1173,MEG_4102|Drugs|Multi-drug_resistance|Multi-drug_RND_efflux_pumps|MUXC,MEG_4102|Drugs|Multi-drug_resistance|Multi-drug_RND_efflux_pumps|MUXC,3111,2686143,2689253,+
Escherichia_coli_b2207,E.coli.b2207.final.genome,2693930,2695468,1539,MEG_1487|Metals|Cadmium_resistance|Cadmium_resistance_regulator|CADR,MEG_1487|Metals|Cadmium_resistance|Cadmium_resistance_regulator|CADR,444,2689270,2689713,+
Escherichia_coli_b2207,E.coli.b2207.final.genome,2747870,2748893,1024,MEG_4056|Drugs|Cationic_antimicrobial_peptides|Defensin-resistant_mprF|MPRF,MEG_4056|Drugs|Cationic_antimicrobial_peptides|Defensin-resistant_mprF|MPRF,1710,2742115,2743824,+
Escherichia_coli_b2207,E.coli.b2207.final.genome,2927458,2928168,711,MEG_8674|Drugs|Rifampin|Rifampin-resistant_beta-subunit_of_RNA_polymerase_RpoB|RPOB,MEG_8674|Drugs|Rifampin|Rifampin-resistant_beta-subunit_of_RNA_polymerase_RpoB|RPOB,3561,2922389,2925949,+
Escherichia_coli_b2207,E.coli.b2207.final.genome,3105187,3106679,1493,MEG_11254|Drugs|Trimethoprim|Dihydrofolate_reductase|DFRB,MEG_11254|Drugs|Trimethoprim|Dihydrofolate_reductase|DFRB,237,3102968,3103204,+
Escherichia_coli_b2207,E.coli.b2207.final.genome,3139592,3139984,393,MEG_3616|Drugs|MLS|Lincosamide_nucleotidyltransferases|LNUF,MEG_3616|Drugs|MLS|Lincosamide_nucleotidyltransferases|LNUF,846,3136117,3136962,+
Escherichia_coli_b2207,E.coli.b2207.final.genome,3148417,3149904,1488,MEG_3750|Multi-compound|Drug_and_biocide_and_metal_resistance|Drug_and_biocide_and_metal_RND_efflux_pumps|MDTC,MEG_3750|Multi-compound|Drug_and_biocide_and_metal_resistance|Drug_and_biocide_and_metal_RND_efflux_pumps|MDTC,3081,3145395,3148475,+
Escherichia_coli_b2207,E.coli.b2207.final.genome,3152834,3153631,798,MEG_8065|Drugs|Trimethoprim|Dihydrofolate_reductase|DFRA,MEG_8065|Drugs|Trimethoprim|Dihydrofolate_reductase|DFRA,501,3151405,3151905,+
Escherichia_coli_b2207,E.coli.b2207.final.genome,3173525,3174346,822,MEG_7867|Metals|Zinc_resistance|Zinc_resistance_regulator|ZUR,MEG_7867|Metals|Zinc_resistance|Zinc_resistance_regulator|ZUR,576,3171799,3172374,+
Escherichia_coli_b2207,E.coli.b2207.final.genome,3185942,3186707,766,MEG_6626|Drugs|Sulfonamides|Sulfonamide-resistant_dihydropteroate_synthases|SULII,MEG_6626|Drugs|Sulfonamides|Sulfonamide-resistant_dihydropteroate_synthases|SULII,816,3183970,3184785,+
Escherichia_coli_b2207,E.coli.b2207.final.genome,3356799,3357113,315,MEG_7235|Drugs|Tetracyclines|Tetracycline_resistance_ribosomal_protection_proteins|TETW,MEG_7235|Drugs|Tetracyclines|Tetracycline_resistance_ribosomal_protection_proteins|TETW,1920,3354877,3356796,+
Escherichia_coli_b2207,E.coli.b2207.final.genome,3385547,3386209,663,MEG_4222|Drugs|Thiopeptides|Thiostrepton_23S_rRNA_methyltransferases|NSHR,MEG_4222|Drugs|Thiopeptides|Thiostrepton_23S_rRNA_methyltransferases|NSHR,825,3385230,3386054,+
Escherichia_coli_b2207,E.coli.b2207.final.genome,3386608,3387765,1158,MEG_3841|Metals|Mercury_resistance|Mercury_resistance_protein|MERA,MEG_3841|Metals|Mercury_resistance|Mercury_resistance_protein|MERA,1644,3386453,3388096,+
Escherichia_coli_b2207,E.coli.b2207.final.genome,3387777,3390881,3105,MEG_5801|Drugs|Cationic_antimicrobial_peptides|Lipid_A_modification|PMRF,MEG_5801|Drugs|Cationic_antimicrobial_peptides|Lipid_A_modification|PMRF,969,3388108,3389076,+
Escherichia_coli_b2207,E.coli.b2207.final.genome,3411425,3411850,426,MEG_2501|Drugs|Trimethoprim|Dihydrofolate_reductase|DFRA,MEG_2501|Drugs|Trimethoprim|Dihydrofolate_reductase|DFRA,474,3409620,3410093,+
Escherichia_coli_b2207,E.coli.b2207.final.genome,3458838,3459470,633,MEG_352|Drugs|Aminoglycosides|Aminoglycoside_N-acetyltransferases|AAC6-PRIME,MEG_352|Drugs|Aminoglycosides|Aminoglycoside_N-acetyltransferases|AAC6-PRIME,1476,3457081,3458556,+
Escherichia_coli_b2207,E.coli.b2207.final.genome,3578394,3580592,2199,MEG_7605|Drugs|Glycopeptides|VanD-type_accessory_protein|VANYD,MEG_7605|Drugs|Glycopeptides|VanD-type_accessory_protein|VANYD,1071,3577480,3578550,+
Escherichia_coli_b2207,E.coli.b2207.final.genome,3585610,3590525,4916,MEG_3657|Drugs|Multi-drug_resistance|Multi-drug_ABC_efflux_pumps|MACA,MEG_3657|Drugs|Multi-drug_resistance|Multi-drug_ABC_efflux_pumps|MACA,1179,3583568,3584746,+
Escherichia_coli_b2207,E.coli.b2207.final.genome,3590531,3590962,432,MEG_711|Metals|Arsenic_resistance|Arsenite_oxidase|AIOA,MEG_711|Metals|Arsenic_resistance|Arsenite_oxidase|AIOA,2481,3584752,3587232,+
Escherichia_coli_b2207,E.coli.b2207.final.genome,3608494,3608928,435,MEG_2455|Metals|Copper_resistance|Copper_resistance_protein|CUTC,MEG_2455|Metals|Copper_resistance|Copper_resistance_protein|CUTC,747,3604764,3605510,+
Escherichia_coli_b2207,E.coli.b2207.final.genome,3609146,3611223,2078,MEG_2546|Drugs|Trimethoprim|Dihydrofolate_reductase|DFRA,MEG_2546|Drugs|Trimethoprim|Dihydrofolate_reductase|DFRA,474,3605728,3606201,+
Escherichia_coli_b2207,E.coli.b2207.final.genome,3611278,3612207,930,MEG_2664|Multi-compound|Biocide_and_metal_resistance|Biocide_and_metal_resistance_protein|DPSA,MEG_2664|Multi-compound|Biocide_and_metal_resistance|Biocide_and_metal_resistance_protein|DPSA,489,3606256,3606744,+
Escherichia_coli_b2207,E.coli.b2207.final.genome,3612212,3612592,381,MEG_4217|Metals|Multi-metal_resistance|Multi-metal_resistance_protein|NREB,MEG_4217|Metals|Multi-metal_resistance|Multi-metal_resistance_protein|NREB,1251,3606749,3607999,+
Escherichia_coli_b2207,E.coli.b2207.final.genome,3612632,3613522,891,MEG_1145|Metals|Arsenic_resistance|Arsenic_resistance_protein|ARSB,MEG_1145|Metals|Arsenic_resistance|Arsenic_resistance_protein|ARSB,1290,3608039,3609328,+
Escherichia_coli_b2207,E.coli.b2207.final.genome,3613528,3615345,1818,MEG_2061|Metals|Copper_resistance|Copper_resistance_protein|COPK,MEG_2061|Metals|Copper_resistance|Copper_resistance_protein|COPK,285,3609334,3609618,+
Escherichia_coli_b2207,E.coli.b2207.final.genome,3617327,3619803,2477,MEG_8777|Drugs|Lipopeptides|Colistin_phosphoethanolamine_transferase|MCR,MEG_8777|Drugs|Lipopeptides|Colistin_phosphoethanolamine_transferase|MCR,1698,3611600,3613297,+
Escherichia_coli_b2207,E.coli.b2207.final.genome,3620432,3623574,3143,MEG_2522|Drugs|Trimethoprim|Dihydrofolate_reductase|DFRA,MEG_2522|Drugs|Trimethoprim|Dihydrofolate_reductase|DFRA,498,3613926,3614423,+
Escherichia_coli_b2207,E.coli.b2207.final.genome,3623585,3624877,1293,MEG_6034|Drugs|Fluoroquinolones|Quinolone_resistance_protein_Qnr|QNRVC,MEG_6034|Drugs|Fluoroquinolones|Quinolone_resistance_protein_Qnr|QNRVC,657,3614434,3615090,+
Escherichia_coli_b2207,E.coli.b2207.final.genome,3624991,3625344,354,MEG_3846|Metals|Mercury_resistance|Mercury_resistance_protein|MERB,MEG_3846|Metals|Mercury_resistance|Mercury_resistance_protein|MERB,639,3615204,3615842,+
Escherichia_coli_b2207,E.coli.b2207.final.genome,3625372,3626757,1386,MEG_7182|Drugs|Tetracyclines|Tetracycline_resistance_ribosomal_protection_proteins|TETQ,MEG_7182|Drugs|Tetracyclines|Tetracycline_resistance_ribosomal_protection_proteins|TETQ,2013,3615870,3617882,+
Escherichia_coli_b2207,E.coli.b2207.final.genome,3626947,3629094,2148,MEG_6621|Drugs|Sulfonamides|Sulfonamide-resistant_dihydropteroate_synthases|SULII,MEG_6621|Drugs|Sulfonamides|Sulfonamide-resistant_dihydropteroate_synthases|SULII,816,3618072,3618887,+
Escherichia_coli_b2207,E.coli.b2207.final.genome,3629346,3629777,432,MEG_7324|Metals|Tungsten_Resistance|Tungsten_ABC_efflux_pumps|TUPB,MEG_7324|Metals|Tungsten_Resistance|Tungsten_ABC_efflux_pumps|TUPB,687,3619139,3619825,+
Escherichia_coli_b2207,E.coli.b2207.final.genome,3646133,3647632,1500,MEG_3865|Metals|Mercury_resistance|Mercury_resistance_regulator|MERD,MEG_3865|Metals|Mercury_resistance|Mercury_resistance_regulator|MERD,366,3636181,3636546,+
Escherichia_coli_b2207,E.coli.b2207.final.genome,3657019,3657372,354,MEG_3010|Drugs|Fosfomycin|Fosfomycin_thiol_transferases|FOSB,MEG_3010|Drugs|Fosfomycin|Fosfomycin_thiol_transferases|FOSB,417,3645933,3646349,+
Escherichia_coli_b2207,E.coli.b2207.final.genome,3657426,3658715,1290,MEG_6053|Metals|Multi-metal_resistance|Multi-metal_resistance_protein|RECGM,MEG_6053|Metals|Multi-metal_resistance|Multi-metal_resistance_protein|RECGM,2076,3646403,3648478,+
Escherichia_coli_b2207,E.coli.b2207.final.genome,3658728,3659153,426,MEG_1682|Drugs|Multi-drug_resistance|MDR_23S_ribosomal_RNA_methyltransferase|CFRA,MEG_1682|Drugs|Multi-drug_resistance|MDR_23S_ribosomal_RNA_methyltransferase|CFRA,1050,3648491,3649540,+
Escherichia_coli_b2207,E.coli.b2207.final.genome,3663257,3663595,339,MEG_8799|Drugs|Lipopeptides|Colistin_phosphoethanolamine_transferase|MCR,MEG_8799|Drugs|Lipopeptides|Colistin_phosphoethanolamine_transferase|MCR,1626,3653644,3655269,+
Escherichia_coli_b2207,E.coli.b2207.final.genome,3663699,3664031,333,MEG_9662|Drugs|betalactams|Class_A_betalactamases|OXY,MEG_9662|Drugs|betalactams|Class_A_betalactamases|OXY,876,3655373,3656248,+
Escherichia_coli_b2207,E.coli.b2207.final.genome,3665657,3666184,528,MEG_3061|Multi-compound|Biocide_and_metal_resistance|Biocide_and_metal_resistance_protein|FRNE,MEG_3061|Multi-compound|Biocide_and_metal_resistance|Biocide_and_metal_resistance_protein|FRNE,759,3657874,3658632,+
Escherichia_coli_b2207,E.coli.b2207.final.genome,3666523,3667680,1158,MEG_6605|Drugs|Sulfonamides|Sulfonamide-resistant_dihydropteroate_synthases|SULI,MEG_6605|Drugs|Sulfonamides|Sulfonamide-resistant_dihydropteroate_synthases|SULI,840,3658971,3659810,+
Escherichia_coli_b2207,E.coli.b2207.final.genome,3667705,3670818,3114,MEG_6598|Drugs|Sulfonamides|Sulfonamide-resistant_dihydropteroate_synthases|SULI,MEG_6598|Drugs|Sulfonamides|Sulfonamide-resistant_dihydropteroate_synthases|SULI,840,3659835,3660674,+
Escherichia_coli_b2207,E.coli.b2207.final.genome,3671181,3671909,729,MEG_2531|Drugs|Trimethoprim|Dihydrofolate_reductase|DFRA,MEG_2531|Drugs|Trimethoprim|Dihydrofolate_reductase|DFRA,474,3661037,3661510,+
Escherichia_coli_b2207,E.coli.b2207.final.genome,3672277,3673101,825,MEG_11432|Drugs|Multi-drug_resistance|ABC-F_ribosomal_protection_protein|VGAF,MEG_11432|Drugs|Multi-drug_resistance|ABC-F_ribosomal_protection_protein|VGAF,1386,3661878,3663263,+
Escherichia_coli_b2207,E.coli.b2207.final.genome,3673471,3674871,1401,MEG_2657|Multi-compound|Biocide_and_metal_resistance|Biocide_and_metal_resistance_protein|DPR,MEG_2657|Multi-compound|Biocide_and_metal_resistance|Biocide_and_metal_resistance_protein|DPR,519,3663633,3664151,+
Escherichia_coli_b2207,E.coli.b2207.final.genome,3856917,3858107,1191,MEG_2052|Metals|Copper_resistance|Copper_resistance_protein|COPD,MEG_2052|Metals|Copper_resistance|Copper_resistance_protein|COPD,936,3846197,3847132,+
Escherichia_coli_b2207,E.coli.b2207.final.genome,3869470,3869904,435,MEG_11305|Drugs|Trimethoprim|Dihydrofolate_reductase|DFRA,MEG_11305|Drugs|Trimethoprim|Dihydrofolate_reductase|DFRA,477,3858495,3858971,+
Escherichia_coli_b2207,E.coli.b2207.final.genome,3870010,3870423,414,MEG_8785|Drugs|Lipopeptides|Colistin_phosphoethanolamine_transferase|MCR,MEG_8785|Drugs|Lipopeptides|Colistin_phosphoethanolamine_transferase|MCR,1626,3859077,3860702,+
Escherichia_coli_b2207,E.coli.b2207.final.genome,3897653,3898219,567,MEG_2557|Drugs|Trimethoprim|Dihydrofolate_reductase|DFRB,MEG_2557|Drugs|Trimethoprim|Dihydrofolate_reductase|DFRB,237,3887932,3888168,+
Escherichia_coli_b2207,E.coli.b2207.final.genome,3910594,3911367,774,MEG_6499|Metals|Multi-metal_resistance|Multi-metal_RND_efflux_pumps|SILA,MEG_6499|Metals|Multi-metal_resistance|Multi-metal_RND_efflux_pumps|SILA,3147,3900543,3903689,+
Escherichia_coli_b2207,E.coli.b2207.final.genome,3911550,3913399,1850,MEG_1669|Drugs|betalactams|Class_B_betalactamases|CFIA,MEG_1669|Drugs|betalactams|Class_B_betalactamases|CFIA,750,3903872,3904621,+
Escherichia_coli_b2207,E.coli.b2207.final.genome,3913486,3914526,1041,MEG_11363|Metals|Arsenic_resistance|Arsenic_resistance_N-acetyltransferases|ARSN2,MEG_11363|Metals|Arsenic_resistance|Arsenic_resistance_N-acetyltransferases|ARSN2,444,3904708,3905151,+
Escherichia_coli_b2207,E.coli.b2207.final.genome,4004408,4005358,951,MEG_7820|Biocides|Acid_resistance|Acid_resistance_protein|YDEP,MEG_7820|Biocides|Acid_resistance|Acid_resistance_protein|YDEP,2280,3995033,3997312,+
Escherichia_coli_b2207,E.coli.b2207.final.genome,4046285,4046911,627,MEG_5321|Biocides|Multi-biocide_resistance|Multi-biocide_resistance_regulator|OXYRKP,MEG_5321|Biocides|Multi-biocide_resistance|Multi-biocide_resistance_regulator|OXYRKP,918,4038239,4039156,+
Escherichia_coli_b2207,E.coli.b2207.final.genome,4103638,4104258,621,MEG_4171|Metals|Nickel_resistance|Nickel_ABC_efflux_pumps|NIKD,MEG_4171|Metals|Nickel_resistance|Nickel_ABC_efflux_pumps|NIKD,765,4095883,4096647,+
Escherichia_coli_b2207,E.coli.b2207.final.genome,4106429,4108497,2069,MEG_1741|Multi-compound|Drug_and_biocide_and_metal_resistance|Drug_and_biocide_and_metal_RND_efflux_pumps|CMEC,MEG_1741|Multi-compound|Drug_and_biocide_and_metal_resistance|Drug_and_biocide_and_metal_RND_efflux_pumps|CMEC,1479,4098818,4100296,+
Escherichia_coli_b2207,E.coli.b2207.final.genome,4109296,4110198,903,MEG_7838|Multi-compound|Drug_and_biocide_and_metal_resistance|Drug_and_biocide_and_metal_SMR_efflux_pump|YKKC,MEG_7838|Multi-compound|Drug_and_biocide_and_metal_resistance|Drug_and_biocide_and_metal_SMR_efflux_pump|YKKC,339,4101095,4101433,+
Escherichia_coli_b2207,E.coli.b2207.final.genome,4120072,4120917,846,MEG_6611|Drugs|Sulfonamides|Sulfonamide-resistant_dihydropteroate_synthases|SULI,MEG_6611|Drugs|Sulfonamides|Sulfonamide-resistant_dihydropteroate_synthases|SULI,840,4111307,4112146,+
Escherichia_coli_b2207,E.coli.b2207.final.genome,4204645,4207364,2720,MEG_6157|Drugs|Nucleosides|Streptothricin_acetyltransferase|SAT,MEG_6157|Drugs|Nucleosides|Streptothricin_acetyltransferase|SAT,525,4195874,4196398,+
Escherichia_coli_b2207,E.coli.b2207.final.genome,4215931,4216314,384,MEG_4189|Drugs|Metronidazole|nim_nitroimidazole_reductase|NIMI,MEG_4189|Drugs|Metronidazole|nim_nitroimidazole_reductase|NIMI,457,4204965,4205421,+
Escherichia_coli_b2207,E.coli.b2207.final.genome,4225599,4226423,825,MEG_3440|Metals|Multi-metal_resistance|Multi-metal_resistance_regulator|IRLS,MEG_3440|Metals|Multi-metal_resistance|Multi-metal_resistance_regulator|IRLS,1395,4214706,4216100,+
Escherichia_coli_b2207,E.coli.b2207.final.genome,4262283,4262798,516,MEG_4298|Biocides|Multi-biocide_resistance|Multi-biocide_RND_efflux_pump|OPRJ,MEG_4298|Biocides|Multi-biocide_resistance|Multi-biocide_RND_efflux_pump|OPRJ,1440,4251960,4253399,+
Escherichia_coli_b2207,E.coli.b2207.final.genome,4279854,4280177,324,MEG_1702|Multi-compound|Biocide_and_metal_resistance|Biocide_and_metal_resistance_protein|CHR,MEG_1702|Multi-compound|Biocide_and_metal_resistance|Biocide_and_metal_resistance_protein|CHR,609,4270455,4271063,+
Escherichia_coli_b2207,E.coli.b2207.final.genome,4280263,4280727,465,MEG_2897|Metals|Multi-metal_resistance|Multi-metal_ABC_efflux_pumps|FECE,MEG_2897|Metals|Multi-metal_resistance|Multi-metal_ABC_efflux_pumps|FECE,768,4271149,4271916,+
Escherichia_coli_b2207,E.coli.b2207.final.genome,4286046,4287695,1650,MEG_1708|Metals|Chromium_resistance|Chromium_resistance_protein|CHRA,MEG_1708|Metals|Chromium_resistance|Chromium_resistance_protein|CHRA,1125,4277235,4278359,+
Escherichia_coli_b2207,E.coli.b2207.final.genome,4301794,4306261,4468,MEG_3257|Biocides|Acid_resistance|Acid_resistance_protein|HEFC,MEG_3257|Biocides|Acid_resistance|Acid_resistance_protein|HEFC,3087,4292458,4295544,+
Escherichia_coli_b2207,E.coli.b2207.final.genome,4336101,4337744,1644,MEG_8231|Drugs|Lipopeptides|Colistin-resistant_mutant|LPSB,MEG_8231|Drugs|Lipopeptides|Colistin-resistant_mutant|LPSB,1101,4325384,4326484,+
Escherichia_coli_b2207,E.coli.b2207.final.genome,4432627,4432965,339,MEG_7848|Metals|Zinc_resistance|Zinc_resistance_regulator|ZIAR,MEG_7848|Metals|Zinc_resistance|Zinc_resistance_regulator|ZIAR,399,4421367,4421765,+
Escherichia_coli_b2207,E.coli.b2207.final.genome,4444483,4444800,318,MEG_11386|Drugs|Lipopeptides|Daptomycin_efflux_regulator|DRCR,MEG_11386|Drugs|Lipopeptides|Daptomycin_efflux_regulator|DRCR,672,4433283,4433954,+
Escherichia_coli_b2207,E.coli.b2207.final.genome,4445419,4446552,1134,MEG_7834|Multi-compound|Biocide_and_metal_resistance|Biocide_and_metal_resistance_protein|YHCN,MEG_7834|Multi-compound|Biocide_and_metal_resistance|Biocide_and_metal_resistance_protein|YHCN,264,4434573,4434836,+
Escherichia_coli_b2207,E.coli.b2207.final.genome,4538501,4541197,2697,MEG_2678|Metals|Multi-metal_resistance|Multi-metal_resistance_protein|DSBA,MEG_2678|Metals|Multi-metal_resistance|Multi-metal_resistance_protein|DSBA,627,4526785,4527411,+
Escherichia_coli_b2207,E.coli.b2207.final.genome,4614937,4616661,1725,MEG_4128|Metals|Nickel_resistance|Nickel_MFS_efflux_regulator|NCRYN,MEG_4128|Metals|Nickel_resistance|Nickel_MFS_efflux_regulator|NCRYN,423,4601151,4601573,+
Escherichia_coli_b2207,E.coli.b2207.final.genome,4686816,4688048,1233,MEG_6514|Multi-compound|Biocide_and_metal_resistance|Biocide_and_metal_ABC_efflux_pumps|SITB,MEG_6514|Multi-compound|Biocide_and_metal_resistance|Biocide_and_metal_ABC_efflux_pumps|SITB,822,4671728,4672549,+
Escherichia_coli_b2207,E.coli.b2207.final.genome,4735279,4736148,870,MEG_1115|Drugs|Multi-drug_resistance|MDR_regulator|ARLR,MEG_1115|Drugs|Multi-drug_resistance|MDR_regulator|ARLR,660,4719780,4720439,+
Escherichia_coli_b2207,E.coli.b2207.final.genome,4758629,4759795,1167,MEG_4383|Drugs|Tetracyclines|Tetracycline_resistance_ABC_efflux_pumps|OTRC,MEG_4383|Drugs|Tetracyclines|Tetracycline_resistance_ABC_efflux_pumps|OTRC,1056,4742920,4743975,+
Escherichia_coli_b2207,E.coli.b2207.final.genome,4798128,4798505,378,MEG_6163|Drugs|Nucleosides|Streptothricin_acetyltransferase|SAT,MEG_6163|Drugs|Nucleosides|Streptothricin_acetyltransferase|SAT,525,4782308,4782832,+
Escherichia_coli_b2207,E.coli.b2207.final.genome,4801654,4804008,2355,MEG_1951|Drugs|betalactams|Class_C_betalactamases|CMY,MEG_1951|Drugs|betalactams|Class_C_betalactamases|CMY,1149,4785981,4787129,+
Escherichia_coli_b2207,E.coli.b2207.final.genome,4831254,4832198,945,MEG_1116|Drugs|Multi-drug_resistance|MDR_regulator|ARLR,MEG_1116|Drugs|Multi-drug_resistance|MDR_regulator|ARLR,660,4814375,4815034,+
Escherichia_coli_b2207,E.coli.b2207.final.genome,4883970,4885520,1551,MEG_11328|Metals|Arsenic_resistance|Arsenic_resistance_protein|ARSD,MEG_11328|Metals|Arsenic_resistance|Arsenic_resistance_protein|ARSD,366,4866806,4867171,+
Escherichia_coli_b2207,E.coli.b2207.final.genome,4962156,4962866,711,MEG_1727|Drugs|Multi-drug_resistance|MDR_23S_ribosomal_RNA_methyltransferase|CLBB,MEG_1727|Drugs|Multi-drug_resistance|MDR_23S_ribosomal_RNA_methyltransferase|CLBB,1032,4943807,4944838,+
Faecalibacterium_prausnitzii,Faecalibacterium_prausnitzii,1123416,1125335,1920,MEG_404|Multi-compound|Drug_and_biocide_and_metal_resistance|Drug_and_biocide_and_metal_RND_efflux_pumps|ACRD,MEG_404|Multi-compound|Drug_and_biocide_and_metal_resistance|Drug_and_biocide_and_metal_RND_efflux_pumps|ACRD,3114,1123416,1126529,+
Prevotella_corporis,Prevotella_corporis.final.genome2,62174,64099,1926,MEG_406|Multi-compound|Drug_and_biocide_and_metal_resistance|Drug_and_biocide_and_metal_RND_efflux_pumps|ACRD,MEG_406|Multi-compound|Drug_and_biocide_and_metal_resistance|Drug_and_biocide_and_metal_RND_efflux_pumps|ACRD,3114,62174,65287,+
Salmonella_enterica,Salmonella_enterica,58288,59645,1358,MEG_2819|Drugs|MLS|23S_rRNA_methyltransferases|ERMC,MEG_2819|Drugs|MLS|23S_rRNA_methyltransferases|ERMC,735,58288,59022,+
Salmonella_enterica,Salmonella_enterica,66045,66257,213,MEG_8259|Drugs|MLS|MLS_resistance_ABC_efflux_pumps|MSRG,MEG_8259|Drugs|MLS|MLS_resistance_ABC_efflux_pumps|MSRG,1458,65422,66879,+
Salmonella_enterica,Salmonella_enterica,106840,107331,492,MEG_7461|Drugs|Glycopeptides|VanB-type_regulator|VANRB,MEG_7461|Drugs|Glycopeptides|VanB-type_regulator|VANRB,660,107462,108121,+
Salmonella_enterica,Salmonella_enterica,118668,118884,217,MEG_1146|Metals|Arsenic_resistance|Arsenic_resistance_protein|ARSB,MEG_1146|Metals|Arsenic_resistance|Arsenic_resistance_protein|ARSB,1041,119458,120498,+
Salmonella_enterica,Salmonella_enterica,153670,154022,353,MEG_1715|Metals|Chromium_resistance|Chromium_resistance_regulator|CHRF,MEG_1715|Metals|Chromium_resistance|Chromium_resistance_regulator|CHRF,423,155284,155706,+
Salmonella_enterica,Salmonella_enterica,198300,199181,882,MEG_3810|Drugs|MLS|MLS_resistance_MFS_efflux_pumps|MEFA,MEG_3810|Drugs|MLS|MLS_resistance_MFS_efflux_pumps|MEFA,1218,199984,201201,+
Salmonella_enterica,Salmonella_enterica,199704,200792,1089,MEG_6561|Biocides|Multi-biocide_resistance|Multi-biocide_RND_efflux_pump|SRPC,MEG_6561|Biocides|Multi-biocide_resistance|Multi-biocide_RND_efflux_pump|SRPC,1413,201724,203136,+
Salmonella_enterica,Salmonella_enterica,201341,202828,1488,MEG_2541|Drugs|Trimethoprim|Dihydrofolate_reductase|DFRA,MEG_2541|Drugs|Trimethoprim|Dihydrofolate_reductase|DFRA,570,203685,204254,+
Salmonella_enterica,Salmonella_enterica,251886,252323,438,MEG_2672|Metals|Multi-metal_resistance|Multi-metal_resistance_protein|DSBA,MEG_2672|Metals|Multi-metal_resistance|Multi-metal_resistance_protein|DSBA,627,253312,253938,+
Salmonella_enterica,Salmonella_enterica,331784,332572,789,MEG_3132|Multi-compound|Drug_and_biocide_and_metal_resistance|Drug_and_biocide_and_metal_RND_efflux_pumps|GESA,MEG_3132|Multi-compound|Drug_and_biocide_and_metal_resistance|Drug_and_biocide_and_metal_RND_efflux_pumps|GESA,1227,333399,334625,+
Salmonella_enterica,Salmonella_enterica,386924,387337,414,MEG_2975|Drugs|Fosfomycin|Fosfomycin_phosphorylation|FOMB,MEG_2975|Drugs|Fosfomycin|Fosfomycin_phosphorylation|FOMB,980,388977,389956,+
Salmonella_enterica,Salmonella_enterica,408636,409721,1086,MEG_5997|Drugs|Fluoroquinolones|Quinolone_resistance_protein_Qnr|QNRB,MEG_5997|Drugs|Fluoroquinolones|Quinolone_resistance_protein_Qnr|QNRB,645,411255,411899,+
Salmonella_enterica,Salmonella_enterica,448388,449927,1540,MEG_10895|Drugs|betalactams|Class_A_betalactamases|LEN,MEG_10895|Drugs|betalactams|Class_A_betalactamases|LEN,861,450566,451426,+
Salmonella_enterica,Salmonella_enterica,534599,535543,945,MEG_7133|Drugs|Tetracyclines|Tetracycline_resistance_ribosomal_protection_proteins|TETM,MEG_7133|Drugs|Tetracyclines|Tetracycline_resistance_ribosomal_protection_proteins|TETM,1920,536098,538017,+
Salmonella_enterica,Salmonella_enterica,587762,588484,723,MEG_2681|Metals|Multi-metal_resistance|Multi-metal_resistance_protein|DSBA,MEG_2681|Metals|Multi-metal_resistance|Multi-metal_resistance_protein|DSBA,627,590236,590862,+
Salmonella_enterica,Salmonella_enterica,641756,643180,1425,MEG_396|Metals|Iron_resistance|Iron_resistance_protein|ACN,MEG_396|Metals|Iron_resistance|Iron_resistance_protein|ACN,2832,644134,646965,+
Salmonella_enterica,Salmonella_enterica,752398,759842,7445,MEG_4181|Drugs|Metronidazole|nim_nitroimidazole_reductase|NIMC,MEG_4181|Drugs|Metronidazole|nim_nitroimidazole_reductase|NIMC,492,756183,756674,+
Salmonella_enterica,Salmonella_enterica,761250,763372,2123,MEG_6642|Drugs|Sulfonamides|Sulfonamide_monooxygenase|SULX,MEG_6642|Drugs|Sulfonamides|Sulfonamide_monooxygenase|SULX,1272,758082,759353,+
Salmonella_enterica,Salmonella_enterica,903810,904112,303,MEG_6649|Drugs|Tetracenomycin|Tetracenomycin_MFS_efflux_pump|TCMA,MEG_6649|Drugs|Tetracenomycin|Tetracenomycin_MFS_efflux_pump|TCMA,1617,899791,901407,+
Salmonella_enterica,Salmonella_enterica,941432,942037,606,MEG_8243|Drugs|MLS|MLS_resistance_MFS_efflux_pumps|MEFD,MEG_8243|Drugs|MLS|MLS_resistance_MFS_efflux_pumps|MEFD,1200,938727,939926,+
Salmonella_enterica,Salmonella_enterica,943499,944419,921,MEG_3615|Drugs|MLS|Lincosamide_nucleotidyltransferases|LNUF,MEG_3615|Drugs|MLS|Lincosamide_nucleotidyltransferases|LNUF,822,941388,942209,+
Salmonella_enterica,Salmonella_enterica,1063526,1064762,1237,MEG_6960|Metals|Tellurium_resistance|Tellurium_resistance_protein|TERW,MEG_6960|Metals|Tellurium_resistance|Tellurium_resistance_protein|TERW,468,1061316,1061783,+
Salmonella_enterica,Salmonella_enterica,1131737,1134850,3114,MEG_9968|Drugs|Trimethoprim|Dihydrofolate_reductase|DFRB,MEG_9968|Drugs|Trimethoprim|Dihydrofolate_reductase|DFRB,237,1128758,1128994,+
Salmonella_enterica,Salmonella_enterica,1359929,1360607,679,MEG_8654|Drugs|Fluoroquinolones|Quinolone_resistance_protein_Qnr|QNRB,MEG_8654|Drugs|Fluoroquinolones|Quinolone_resistance_protein_Qnr|QNRB,645,1354073,1354717,+
Salmonella_enterica,Salmonella_enterica,1437072,1437602,531,MEG_1466|Biocides|Polyamine_resistance|Spermine/spermidine_acetyltransferase|BLTD,MEG_1466|Biocides|Polyamine_resistance|Spermine/spermidine_acetyltransferase|BLTD,459,1431182,1431640,+
Salmonella_enterica,Salmonella_enterica,1437729,1438901,1173,MEG_6587|Drugs|Sulfonamides|Sulfonamide-resistant_dihydropteroate_synthases|SULI,MEG_6587|Drugs|Sulfonamides|Sulfonamide-resistant_dihydropteroate_synthases|SULI,840,1431767,1432606,+
Salmonella_enterica,Salmonella_enterica,1438918,1440456,1539,MEG_2898|Multi-compound|Biocide_and_metal_resistance|Biocide_and_metal_ABC_efflux_pumps|FETA,MEG_2898|Multi-compound|Biocide_and_metal_resistance|Biocide_and_metal_ABC_efflux_pumps|FETA,678,1432623,1433300,+
Salmonella_enterica,Salmonella_enterica,1482054,1485485,3432,MEG_3000|Drugs|Fosfomycin|Fosfomycin_thiol_transferases|FOSA,MEG_3000|Drugs|Fosfomycin|Fosfomycin_thiol_transferases|FOSA,399,1474898,1475296,+
Salmonella_enterica,Salmonella_enterica,1568135,1569161,1027,MEG_4365|Multi-compound|Drug_and_biocide_resistance|Drug_and_biocide_RND_efflux_pumps|OQXB,MEG_4365|Multi-compound|Drug_and_biocide_resistance|Drug_and_biocide_RND_efflux_pumps|OQXB,3153,1557946,1561098,+
Salmonella_enterica,Salmonella_enterica,1813984,1814801,818,MEG_1213|Drugs|Bacitracin|Bacitracin_ABC_transporter|BCRA,MEG_1213|Drugs|Bacitracin|Bacitracin_ABC_transporter|BCRA,921,1805921,1806841,+
Salmonella_enterica,Salmonella_enterica,1822852,1823313,462,MEG_3139|Drugs|MLS|Macrolide_glycosyltransferases|GIMA,MEG_3139|Drugs|MLS|Macrolide_glycosyltransferases|GIMA,1254,1814892,1816145,+
Salmonella_enterica,Salmonella_enterica,1964870,1965182,313,MEG_9002|Drugs|betalactams|Class_C_betalactamases|MIR,MEG_9002|Drugs|betalactams|Class_C_betalactamases|MIR,1146,1957702,1958847,+
Salmonella_enterica,Salmonella_enterica,1998332,2001405,3074,MEG_2127|Metals|Copper_resistance|Copper_resistance_regulator|CRDR,MEG_2127|Metals|Copper_resistance|Copper_resistance_regulator|CRDR,642,1991997,1992638,+
Salmonella_enterica,Salmonella_enterica,2051403,2052035,633,MEG_5975|Drugs|Fluoroquinolones|Quinolone_resistance_protein_Qnr|QNRB,MEG_5975|Drugs|Fluoroquinolones|Quinolone_resistance_protein_Qnr|QNRB,681,2042636,2043316,+
Salmonella_enterica,Salmonella_enterica,2177986,2180036,2051,MEG_6633|Drugs|Sulfonamides|Sulfonamide-resistant_dihydropteroate_synthases|SULII,MEG_6633|Drugs|Sulfonamides|Sulfonamide-resistant_dihydropteroate_synthases|SULII,852,2169267,2170118,+
Salmonella_enterica,Salmonella_enterica,2193913,2195394,1482,MEG_2485|Drugs|Trimethoprim|Dihydrofolate_reductase|DFRA,MEG_2485|Drugs|Trimethoprim|Dihydrofolate_reductase|DFRA,498,2183995,2184492,+
Salmonella_enterica,Salmonella_enterica,2260440,2262114,1675,MEG_5905|Drugs|Fluoroquinolones|Quinolone_resistance_protein_Qnr|QNRB,MEG_5905|Drugs|Fluoroquinolones|Quinolone_resistance_protein_Qnr|QNRB,645,2249538,2250182,+
Salmonella_enterica,Salmonella_enterica,2276653,2277192,540,MEG_4199|Metals|Nickel_resistance|Nickel_resistance_protein|NIXA,MEG_4199|Metals|Nickel_resistance|Nickel_resistance_protein|NIXA,996,2264721,2265716,+
Salmonella_enterica,Salmonella_enterica,2426862,2428047,1186,MEG_3883|Metals|Mercury_resistance|Mercury_resistance_regulator|MERR,MEG_3883|Metals|Mercury_resistance|Mercury_resistance_regulator|MERR,435,2415386,2415820,+
Salmonella_enterica,Salmonella_enterica,2465371,2467785,2415,MEG_2024|Metals|Copper_resistance|Copper_resistance_protein|COPA,MEG_2024|Metals|Copper_resistance|Copper_resistance_protein|COPA,213,2453144,2453356,+
Salmonella_enterica,Salmonella_enterica,2479294,2479847,554,MEG_6551|Multi-compound|Drug_and_biocide_and_metal_resistance|Drug_and_biocide_and_metal_resistance_regulator|SOXS,MEG_6551|Multi-compound|Drug_and_biocide_and_metal_resistance|Drug_and_biocide_and_metal_resistance_regulator|SOXS,324,2464865,2465188,+
Salmonella_enterica,Salmonella_enterica,2483346,2484117,772,MEG_7414|Drugs|Glycopeptides|VanB-type_resistance_protein|VANHB,MEG_7414|Drugs|Glycopeptides|VanB-type_resistance_protein|VANHB,972,2468687,2469658,+
Salmonella_enterica,Salmonella_enterica,2484206,2486053,1848,MEG_5928|Drugs|Fluoroquinolones|Quinolone_resistance_protein_Qnr|QNRB,MEG_5928|Drugs|Fluoroquinolones|Quinolone_resistance_protein_Qnr|QNRB,681,2469747,2470427,+
Salmonella_enterica,Salmonella_enterica,2486189,2487229,1041,MEG_4299|Biocides|Multi-biocide_resistance|Multi-biocide_RND_efflux_pump|OPRM,MEG_4299|Biocides|Multi-biocide_resistance|Multi-biocide_RND_efflux_pump|OPRM,889,2470563,2471451,+
Salmonella_enterica,Salmonella_enterica,2579929,2580879,951,MEG_2661|Multi-compound|Biocide_and_metal_resistance|Biocide_and_metal_resistance_protein|DPR,MEG_2661|Multi-compound|Biocide_and_metal_resistance|Biocide_and_metal_resistance_protein|DPR,519,2564151,2564669,+
Salmonella_enterica,Salmonella_enterica,2625629,2626252,624,MEG_6636|Drugs|Sulfonamides|Sulfonamide-resistant_dihydropteroate_synthases|SULII,MEG_6636|Drugs|Sulfonamides|Sulfonamide-resistant_dihydropteroate_synthases|SULII,819,2609419,2610237,+
Salmonella_enterica,Salmonella_enterica,2687108,2687728,621,MEG_8657|Drugs|Fluoroquinolones|Quinolone_resistance_protein_Qnr|QNRE,MEG_8657|Drugs|Fluoroquinolones|Quinolone_resistance_protein_Qnr|QNRE,645,2671093,2671737,+
Salmonella_enterica,Salmonella_enterica,2688952,2691013,2062,MEG_2118|Multi-compound|Drug_and_biocide_resistance|Drug_and_biocide_RND_efflux_regulator|CPXAR,MEG_2118|Multi-compound|Drug_and_biocide_resistance|Drug_and_biocide_RND_efflux_regulator|CPXAR,699,2672961,2673659,+
Salmonella_enterica,Salmonella_enterica,2691811,2692688,878,MEG_756|Drugs|Aminoglycosides|Aminoglycoside_O-nucleotidyltransferases|ANT2-DPRIME,MEG_756|Drugs|Aminoglycosides|Aminoglycoside_O-nucleotidyltransferases|ANT2-DPRIME,534,2674457,2674990,+
Salmonella_enterica,Salmonella_enterica,2716436,2717281,846,MEG_5828|Multi-compound|Drug_and_biocide_resistance|Drug_and_biocide_SMR_efflux_pumps|QACE,MEG_5828|Multi-compound|Drug_and_biocide_resistance|Drug_and_biocide_SMR_efflux_pumps|QACE,333,2698738,2699070,+
Salmonella_enterica,Salmonella_enterica,2764988,2765905,918,MEG_7372|Drugs|Glycopeptides|VanC-type_resistance_protein|VANC,MEG_7372|Drugs|Glycopeptides|VanC-type_resistance_protein|VANC,1622,2746777,2748398,+
Salmonella_enterica,Salmonella_enterica,2932480,2934129,1650,MEG_2656|Multi-compound|Biocide_and_metal_resistance|Biocide_and_metal_resistance_protein|DPR,MEG_2656|Multi-compound|Biocide_and_metal_resistance|Biocide_and_metal_resistance_protein|DPR,519,2914973,2915491,+
Salmonella_enterica,Salmonella_enterica,2990094,2990399,306,MEG_7464|Drugs|Glycopeptides|VanB-type_regulator|VANRB,MEG_7464|Drugs|Glycopeptides|VanB-type_regulator|VANRB,663,2971456,2972118,+
Salmonella_enterica,Salmonella_enterica,3100536,3103244,2709,MEG_1182|Biocides|Acid_resistance|Acid_resistance_protein|ASR,MEG_1182|Biocides|Acid_resistance|Acid_resistance_protein|ASR,309,3082255,3082563,+
Salmonella_enterica,Salmonella_enterica,3179029,3179170,142,MEG_7819|Biocides|Multi-biocide_resistance|Multi-biocide_resistance_regulator|YDEO,MEG_7819|Biocides|Multi-biocide_resistance|Multi-biocide_resistance_regulator|YDEO,762,3158348,3159109,+
Salmonella_enterica,Salmonella_enterica,3267332,3268201,870,MEG_1742|Multi-compound|Drug_and_biocide_and_metal_resistance|Drug_and_biocide_and_metal_RND_efflux_pumps|CMEC,MEG_1742|Multi-compound|Drug_and_biocide_and_metal_resistance|Drug_and_biocide_and_metal_RND_efflux_pumps|CMEC,1479,3247271,3248749,+
Salmonella_enterica,Salmonella_enterica,3378591,3378968,378,MEG_1138|Drugs|Rifampin|Rifampin_ADP-ribosyltransferase_Arr|ARR,MEG_1138|Drugs|Rifampin|Rifampin_ADP-ribosyltransferase_Arr|ARR,453,3359139,3359591,+
Salmonella_enterica,Salmonella_enterica,3382129,3384478,2350,MEG_4314|Drugs|Multi-drug_resistance|Multi-drug_ABC_efflux_pumps|OPTRA,MEG_4314|Drugs|Multi-drug_resistance|Multi-drug_ABC_efflux_pumps|OPTRA,1968,3362752,3364719,+
Salmonella_enterica,Salmonella_enterica,3474730,3476339,1610,MEG_2663|Multi-compound|Biocide_and_metal_resistance|Biocide_and_metal_resistance_protein|DPSA,MEG_2663|Multi-compound|Biocide_and_metal_resistance|Biocide_and_metal_resistance_protein|DPSA,489,3454971,3455459,+
Salmonella_enterica,Salmonella_enterica,3718507,3724371,5865,MEG_1554|Drugs|Phenicol|Chloramphenicol_acetyltransferases|CAT,MEG_1554|Drugs|Phenicol|Chloramphenicol_acetyltransferases|CAT,660,3697627,3698286,+
Salmonella_enterica,Salmonella_enterica,3724648,3726936,2289,MEG_3869|Metals|Mercury_resistance|Mercury_resistance_protein|MERF,MEG_3869|Metals|Mercury_resistance|Mercury_resistance_protein|MERF,246,3698563,3698808,+
Salmonella_enterica,Salmonella_enterica,3726948,3727412,465,MEG_6600|Drugs|Sulfonamides|Sulfonamide-resistant_dihydropteroate_synthases|SULI,MEG_6600|Drugs|Sulfonamides|Sulfonamide-resistant_dihydropteroate_synthases|SULI,840,3698820,3699659,+
Salmonella_enterica,Salmonella_enterica,3856625,3857201,577,MEG_1711|Metals|Chromium_resistance|Chromium_resistance_protein|CHRB1,MEG_1711|Metals|Chromium_resistance|Chromium_resistance_protein|CHRB1,894,3828872,3829765,+
Salmonella_enterica,Salmonella_enterica,3858200,3859393,1194,MEG_6141|Biocides|Multi-biocide_resistance|Multi-biocide_resistance_regulator|RPOS,MEG_6141|Biocides|Multi-biocide_resistance|Multi-biocide_resistance_regulator|RPOS,1029,3830764,3831792,+
Salmonella_enterica,Salmonella_enterica,3886000,3886211,212,MEG_1131|Drugs|Rifampin|Rifampin_ADP-ribosyltransferase_Arr|ARR,MEG_1131|Drugs|Rifampin|Rifampin_ADP-ribosyltransferase_Arr|ARR,453,3858399,3858851,+
Salmonella_enterica,Salmonella_enterica,4022679,4024580,1902,MEG_3075|Metals|Aluminum_resistance|Aluminum_ATPase_|G2ALT,MEG_3075|Metals|Aluminum_resistance|Aluminum_ATPase_|G2ALT,666,3995319,3995984,+
Salmonella_enterica,Salmonella_enterica,4043178,4044857,1680,MEG_11228|Metals|Mercury_resistance|Mercury_resistance_protein|MERB,MEG_11228|Metals|Mercury_resistance|Mercury_resistance_protein|MERB,657,4014582,4015238,+
Salmonella_enterica,Salmonella_enterica,4050816,4052354,1539,MEG_265|Drugs|Aminoglycosides|Aminoglycoside_N-acetyltransferases|AAC6-PRIME,MEG_265|Drugs|Aminoglycosides|Aminoglycoside_N-acetyltransferases|AAC6-PRIME,552,4021197,4021748,+
Salmonella_enterica,Salmonella_enterica,4052374,4053252,879,MEG_2576|Drugs|Trimethoprim|Dihydrofolate_reductase|DFRD,MEG_2576|Drugs|Trimethoprim|Dihydrofolate_reductase|DFRD,520,4021768,4022287,+
Salmonella_enterica,Salmonella_enterica,4086456,4087128,673,MEG_7525|Drugs|Glycopeptides|VanC-type_resistance_protein|VANTC,MEG_7525|Drugs|Glycopeptides|VanC-type_resistance_protein|VANTC,2139,4055491,4057629,+
Salmonella_enterica,Salmonella_enterica,4152505,4153940,1436,MEG_2993|Drugs|Fosfomycin|Fosfomycin_thiol_transferases|FOSA,MEG_2993|Drugs|Fosfomycin|Fosfomycin_thiol_transferases|FOSA,420,4123006,4123425,+
Salmonella_enterica,Salmonella_enterica,4208964,4209373,410,MEG_8247|Drugs|Multi-drug_resistance|Multi-drug_RND_efflux_pumps|MEXC1,MEG_8247|Drugs|Multi-drug_resistance|Multi-drug_RND_efflux_pumps|MEXC1,1164,4178449,4179612,+
Salmonella_enterica,Salmonella_enterica,4391419,4391952,534,MEG_8779|Drugs|Lipopeptides|Colistin_phosphoethanolamine_transferase|MCR,MEG_8779|Drugs|Lipopeptides|Colistin_phosphoethanolamine_transferase|MCR,1626,4361658,4363283,+
Salmonella_enterica,Salmonella_enterica,4422327,4423416,1090,MEG_2444|Multi-compound|Biocide_and_metal_resistance|Biocide_and_metal_resistance_protein|CUID,MEG_2444|Multi-compound|Biocide_and_metal_resistance|Biocide_and_metal_resistance_protein|CUID,1611,4393658,4395268,+
Salmonella_enterica,Salmonella_enterica,4510827,4512035,1209,MEG_3875|Metals|Mercury_resistance|Mercury_resistance_protein|MERP,MEG_3875|Metals|Mercury_resistance|Mercury_resistance_protein|MERP,276,4482679,4482954,+
Veillonella_rogosae,veillonella_rogosae,938131,939120,990,MEG_2460|Metals|Copper_resistance|Copper_resistance_protein|CUTR,MEG_2460|Metals|Copper_resistance|Copper_resistance_protein|CUTR,357,938131,938487,+
Veillonella_rogosae,veillonella_rogosae,2152782,2154721,1940,MEG_1179|Drugs|Multi-drug_resistance|Multi-drug_RND_efflux_regulator|ASMA,MEG_1179|Drugs|Multi-drug_resistance|Multi-drug_RND_efflux_regulator|ASMA,1824,2152149,2153972,+
