genome,fragment,original_removed_start,original_removed_stop,original_removed_length,inserted_gene_id,inserted_gene_header,inserted_gene_length,inserted_start,inserted_stop,strand
Akkermansia_muciniphila,Akkermansia_muciniphila,1706143,1706439,297,MEG_11254|Drugs|Trimethoprim|Dihydrofolate_reductase|DFRB,MEG_11254|Drugs|Trimethoprim|Dihydrofolate_reductase|DFRB,237,1706143,1706379,+
Bacteroides_fragilis,Bacteroides_fragilis,48906,50831,1926,MEG_7001|Drugs|Tetracyclines|Tetracycline_resistance_MFS_efflux_pumps|TET48,MEG_7001|Drugs|Tetracyclines|Tetracycline_resistance_MFS_efflux_pumps|TET48,1200,48906,50105,+
Bacteroides_fragilis,Bacteroides_fragilis,380286,381188,903,MEG_6047|Drugs|Rifampin|RNA-polymerase_binding_protein|RBPA,MEG_6047|Drugs|Rifampin|RNA-polymerase_binding_protein|RBPA,345,379560,379904,+
Bacteroides_fragilis,Bacteroides_fragilis,402236,403441,1206,MEG_5786|Multi-compound|Drug_and_biocide_resistance|Drug_and_biocide_SMR_efflux_regulator|PHOR,MEG_5786|Multi-compound|Drug_and_biocide_resistance|Drug_and_biocide_SMR_efflux_regulator|PHOR,1467,400952,402418,+
Bacteroides_fragilis,Bacteroides_fragilis,403466,403978,513,MEG_367|Drugs|Aminoglycosides|Aminoglycoside_N-acetyltransferases|AAC6-PRIME,MEG_367|Drugs|Aminoglycosides|Aminoglycoside_N-acetyltransferases|AAC6-PRIME,606,402443,403048,+
Bacteroides_fragilis,Bacteroides_fragilis,1825829,1827158,1330,MEG_4193|Drugs|Metronidazole|nim_nitroimidazole_reductase|NIMI,MEG_4193|Drugs|Metronidazole|nim_nitroimidazole_reductase|NIMI,457,1824899,1825355,+
Bifidobacterium_adolescentis,Bifidobacterium_adolescentis,1255962,1256299,338,MEG_4314|Drugs|Multi-drug_resistance|Multi-drug_ABC_efflux_pumps|OPTRA,MEG_4314|Drugs|Multi-drug_resistance|Multi-drug_ABC_efflux_pumps|OPTRA,1968,1255962,1257929,+
Bifidobacterium_adolescentis,Bifidobacterium_adolescentis,1470793,1474093,3301,MEG_2682|Metals|Multi-metal_resistance|Multi-metal_resistance_protein|DSBA,MEG_2682|Metals|Multi-metal_resistance|Multi-metal_resistance_protein|DSBA,627,1472423,1473049,+
Bifidobacterium_adolescentis,Bifidobacterium_adolescentis,1956215,1957669,1455,MEG_7787|Biocides|Multi-biocide_resistance|Multi-biocide_RND_efflux_pump|VMED,MEG_7787|Biocides|Multi-biocide_resistance|Multi-biocide_RND_efflux_pump|VMED,3123,1955171,1958293,+
Clostridioides_difficile,Clostridium_difficille,367386,368324,939,MEG_4316|Drugs|Multi-drug_resistance|Multi-drug_ABC_efflux_pumps|OPTRA,MEG_4316|Drugs|Multi-drug_resistance|Multi-drug_ABC_efflux_pumps|OPTRA,1968,367386,369353,+
Clostridioides_difficile,Clostridium_difficille,888451,888792,342,MEG_11497|Drugs|Metronidazole|nim_nitroimidazole_reductase|NIMI,MEG_11497|Drugs|Metronidazole|nim_nitroimidazole_reductase|NIMI,498,889480,889977,+
Clostridioides_difficile,Clostridium_difficille,890676,891249,574,MEG_3279|Biocides|Multi-biocide_resistance|Multi-biocide_resistance_protein|HSMR,MEG_3279|Biocides|Multi-biocide_resistance|Multi-biocide_resistance_protein|HSMR,339,891861,892199,+
Clostridioides_difficile,Clostridium_difficille,1184042,1184551,510,MEG_9002|Drugs|betalactams|Class_C_betalactamases|MIR,MEG_9002|Drugs|betalactams|Class_C_betalactamases|MIR,1146,1184992,1186137,+
Clostridioides_difficile,Clostridium_difficille,1430567,1431034,468,MEG_7392|Drugs|Glycopeptides|VanG-type_resistance_protein|VANG,MEG_7392|Drugs|Glycopeptides|VanG-type_resistance_protein|VANG,1101,1432153,1433253,+
Clostridioides_difficile,Clostridium_difficille,1482656,1483981,1326,MEG_920|Drugs|Aminoglycosides|Aminoglycoside_O-nucleotidyltransferases|ANT3-DPRIME,MEG_920|Drugs|Aminoglycosides|Aminoglycoside_O-nucleotidyltransferases|ANT3-DPRIME,789,1484875,1485663,+
Clostridioides_difficile,Clostridium_difficille,1677480,1679313,1834,MEG_1179|Drugs|Multi-drug_resistance|Multi-drug_RND_efflux_regulator|ASMA,MEG_1179|Drugs|Multi-drug_resistance|Multi-drug_RND_efflux_regulator|ASMA,1824,1679162,1680985,+
Clostridioides_difficile,Clostridium_difficille,1679574,1680674,1101,MEG_6960|Metals|Tellurium_resistance|Tellurium_resistance_protein|TERW,MEG_6960|Metals|Tellurium_resistance|Tellurium_resistance_protein|TERW,468,1681246,1681713,+
Clostridioides_difficile,Clostridium_difficille,1681495,1683633,2139,MEG_2654|Metals|Copper_resistance|Copper_resistance_protein|DNAK,MEG_2654|Metals|Copper_resistance|Copper_resistance_protein|DNAK,1878,1682534,1684411,+
Clostridioides_difficile,Clostridium_difficille,1779516,1780253,738,MEG_7856|Metals|Zinc_resistance|Zinc_resistance_protein|ZNUA,MEG_7856|Metals|Zinc_resistance|Zinc_resistance_protein|ZNUA,933,1780294,1781226,+
Clostridioides_difficile,Clostridium_difficille,2731316,2732968,1653,MEG_7811|Metals|Iron_resistance|Iron_resistance_protein|YBTP,MEG_7811|Metals|Iron_resistance|Iron_resistance_protein|YBTP,1803,2732289,2734091,+
Clostridium_perfringens,Clostridium_perfringens.final.genome,968146,969852,1707,MEG_4298|Biocides|Multi-biocide_resistance|Multi-biocide_RND_efflux_pump|OPRJ,MEG_4298|Biocides|Multi-biocide_resistance|Multi-biocide_RND_efflux_pump|OPRJ,1440,968146,969585,+
Clostridium_perfringens,Clostridium_perfringens.final.genome,3124924,3126633,1710,MEG_1764|Drugs|Phenicol|Phenicol_resistance_MFS_efflux_pumps|CMLA,MEG_1764|Drugs|Phenicol|Phenicol_resistance_MFS_efflux_pumps|CMLA,1260,3124657,3125916,+
Enterococcus_faecalis,Enterococcus_faecalis,110300,110794,495,MEG_7286|Multi-compound|Drug_and_biocide_resistance|Drug_and_biocide_RND_efflux_pumps|TTGA,MEG_7286|Multi-compound|Drug_and_biocide_resistance|Drug_and_biocide_RND_efflux_pumps|TTGA,1155,110300,111454,+
Enterococcus_faecalis,Enterococcus_faecalis,318515,319159,645,MEG_7783|Biocides|Multi-biocide_resistance|Multi-biocide_RND_efflux_pump|VMEA,MEG_7783|Biocides|Multi-biocide_resistance|Multi-biocide_RND_efflux_pump|VMEA,1140,319175,320314,+
Enterococcus_faecalis,Enterococcus_faecalis,686369,688471,2103,MEG_1776|Drugs|Phenicol|Phenicol_resistance_MFS_efflux_pumps|CMLR,MEG_1776|Drugs|Phenicol|Phenicol_resistance_MFS_efflux_pumps|CMLR,1179,687524,688702,+
Enterococcus_faecalis,Enterococcus_faecalis,688488,688844,357,MEG_1578|Drugs|Phenicol|Chloramphenicol_acetyltransferases|CATA,MEG_1578|Drugs|Phenicol|Chloramphenicol_acetyltransferases|CATA,660,688719,689378,+
Enterococcus_faecalis,Enterococcus_faecalis,692857,693912,1056,MEG_6962|Metals|Tellurium_resistance|Tellurium_resistance_protein|TERZ,MEG_6962|Metals|Tellurium_resistance|Tellurium_resistance_protein|TERZ,582,693391,693972,+
Enterococcus_faecalis,Enterococcus_faecalis,693942,695021,1080,MEG_9961|Multi-compound|Drug_and_biocide_and_metal_resistance|Drug_and_biocide_and_metal_RND_efflux_regulator|BAER,MEG_9961|Multi-compound|Drug_and_biocide_and_metal_resistance|Drug_and_biocide_and_metal_RND_efflux_regulator|BAER,723,694002,694724,+
Enterococcus_faecalis,Enterococcus_faecalis,695101,696843,1743,MEG_812|Drugs|Aminoglycosides|Aminoglycoside_O-nucleotidyltransferases|ANT3-DPRIME,MEG_812|Drugs|Aminoglycosides|Aminoglycoside_O-nucleotidyltransferases|ANT3-DPRIME,792,694804,695595,+
Enterococcus_faecalis,Enterococcus_faecalis,696879,697244,366,MEG_7610|Drugs|Glycopeptides|VanF-type_accessory_protein|VANYF,MEG_7610|Drugs|Glycopeptides|VanF-type_accessory_protein|VANYF,969,695631,696599,+
Enterococcus_faecalis,Enterococcus_faecalis,697377,697748,372,MEG_7281|Metals|Multi-metal_resistance|Multi-metal_ABC_efflux_pumps|TROD,MEG_7281|Metals|Multi-metal_resistance|Multi-metal_ABC_efflux_pumps|TROD,1104,696732,697835,+
Enterococcus_faecalis,Enterococcus_faecalis,698134,699873,1740,MEG_7852|Metals|Zinc_resistance|Zinc_resistance_protein|ZNEB,MEG_7852|Metals|Zinc_resistance|Zinc_resistance_protein|ZNEB,1158,698221,699378,+
Enterococcus_faecalis,Enterococcus_faecalis,699893,700204,312,MEG_2714|Biocides|Quaternary_Ammonium_Compounds_(QACs)_resistance|QAC_efflux_pump|EMEA,MEG_2714|Biocides|Quaternary_Ammonium_Compounds_(QACs)_resistance|QAC_efflux_pump|EMEA,1182,699398,700579,+
Enterococcus_faecalis,Enterococcus_faecalis,982309,983805,1497,MEG_2822|Drugs|MLS|23S_rRNA_methyltransferases|ERMC,MEG_2822|Drugs|MLS|23S_rRNA_methyltransferases|ERMC,735,982684,983418,+
Enterococcus_faecalis,Enterococcus_faecalis,1135205,1135685,481,MEG_2931|Drugs|Phenicol|Phenicol_resistance_MFS_efflux_pumps|FLOR,MEG_2931|Drugs|Phenicol|Phenicol_resistance_MFS_efflux_pumps|FLOR,1215,1134818,1136032,+
Enterococcus_faecalis,Enterococcus_faecalis,1529260,1531416,2157,MEG_9902|Drugs|betalactams|Class_D_betalactamases|OXA,MEG_9902|Drugs|betalactams|Class_D_betalactamases|OXA,789,1529607,1530395,+
Enterococcus_faecalis,Enterococcus_faecalis,1778781,1780508,1728,MEG_2024|Metals|Copper_resistance|Copper_resistance_protein|COPA,MEG_2024|Metals|Copper_resistance|Copper_resistance_protein|COPA,213,1777760,1777972,+
Enterococcus_faecalis,Enterococcus_faecalis,1781067,1782120,1054,MEG_7490|Drugs|Glycopeptides|VanB-type_regulator|VANSB,MEG_7490|Drugs|Glycopeptides|VanB-type_regulator|VANSB,1344,1778531,1779874,+
Enterococcus_faecalis,Enterococcus_faecalis,2454688,2455842,1155,MEG_6603|Drugs|Sulfonamides|Sulfonamide-resistant_dihydropteroate_synthases|SULI,MEG_6603|Drugs|Sulfonamides|Sulfonamide-resistant_dihydropteroate_synthases|SULI,840,2452442,2453281,+
Escherichia_coli_B1109,Escherichia_coli_chromosome,895,2199,1305,MEG_7781|Biocides|Multi-biocide_resistance|Multi-biocide_RND_efflux_pump|VMEA,MEG_7781|Biocides|Multi-biocide_resistance|Multi-biocide_RND_efflux_pump|VMEA,1140,895,2034,+
Escherichia_coli_B1109,Escherichia_coli_chromosome,36248,37486,1239,MEG_3072|Drugs|Fusidic_acid|Fusidic_acid_esterases|FUSF,MEG_3072|Drugs|Fusidic_acid|Fusidic_acid_esterases|FUSF,645,36083,36727,+
Escherichia_coli_B1109,Escherichia_coli_chromosome,60987,64580,3594,MEG_7796|Biocides|Multi-biocide_resistance|Multi-biocide_RND_efflux_pump|VMEQ,MEG_7796|Biocides|Multi-biocide_resistance|Multi-biocide_RND_efflux_pump|VMEQ,3141,60228,63368,+
Escherichia_coli_B1109,Escherichia_coli_chromosome,64585,65199,615,MEG_1758|Drugs|Phenicol|Phenicol_resistance_MFS_efflux_pumps|CMLA,MEG_1758|Drugs|Phenicol|Phenicol_resistance_MFS_efflux_pumps|CMLA,1257,63373,64629,+
Escherichia_coli_B1109,Escherichia_coli_chromosome,65615,68316,2702,MEG_4160|Metals|Chromium_resistance|Chromium_resistance_protein|NFSA,MEG_4160|Metals|Chromium_resistance|Chromium_resistance_protein|NFSA,723,65045,65767,+
Escherichia_coli_B1109,Escherichia_coli_chromosome,170713,171681,969,MEG_11442|Multi-compound|Drug_and_biocide_and_metal_resistance|Drug_and_biocide_and_metal_RND_efflux_pumps|CMEA,MEG_11442|Multi-compound|Drug_and_biocide_and_metal_resistance|Drug_and_biocide_and_metal_RND_efflux_pumps|CMEA,1104,168164,169267,+
Escherichia_coli_B1109,Escherichia_coli_chromosome,226281,226524,244,MEG_7813|Multi-compound|Biocide_and_metal_resistance|Biocide_and_metal_resistance_protein|YCHH,MEG_7813|Multi-compound|Biocide_and_metal_resistance|Biocide_and_metal_resistance_protein|YCHH,279,223867,224145,+
Escherichia_coli_B1109,Escherichia_coli_chromosome,226821,227044,224,MEG_2432|Drugs|betalactams|Class_A_betalactamases|CTX,MEG_2432|Drugs|betalactams|Class_A_betalactamases|CTX,950,224442,225391,+
Escherichia_coli_B1109,Escherichia_coli_chromosome,230136,231778,1643,MEG_6479|Drugs|betalactams|Class_A_betalactamases|SHV,MEG_6479|Drugs|betalactams|Class_A_betalactamases|SHV,861,228483,229343,+
Escherichia_coli_B1109,Escherichia_coli_chromosome,257792,258982,1191,MEG_6163|Drugs|Nucleosides|Streptothricin_acetyltransferase|SAT,MEG_6163|Drugs|Nucleosides|Streptothricin_acetyltransferase|SAT,525,255357,255881,+
Escherichia_coli_B1109,Escherichia_coli_chromosome,350235,350573,339,MEG_7219|Drugs|Tetracyclines|Tetracycline_resistance_ribosomal_protection_proteins|TETW,MEG_7219|Drugs|Tetracyclines|Tetracycline_resistance_ribosomal_protection_proteins|TETW,1920,347134,349053,+
Escherichia_coli_B1109,Escherichia_coli_chromosome,350792,351616,825,MEG_1682|Drugs|Multi-drug_resistance|MDR_23S_ribosomal_RNA_methyltransferase|CFRA,MEG_1682|Drugs|Multi-drug_resistance|MDR_23S_ribosomal_RNA_methyltransferase|CFRA,1050,349272,350321,+
Escherichia_coli_B1109,Escherichia_coli_chromosome,351737,352009,273,MEG_8802|Drugs|Lipopeptides|Colistin_phosphoethanolamine_transferase|MCR,MEG_8802|Drugs|Lipopeptides|Colistin_phosphoethanolamine_transferase|MCR,1620,350442,352061,+
Escherichia_coli_B1109,Escherichia_coli_chromosome,371421,373543,2123,MEG_4344|Multi-compound|Drug_and_biocide_resistance|Drug_and_biocide_RND_efflux_pumps|OQXB,MEG_4344|Multi-compound|Drug_and_biocide_resistance|Drug_and_biocide_RND_efflux_pumps|OQXB,3153,371473,374625,+
Escherichia_coli_B1109,Escherichia_coli_chromosome,374956,382403,7448,MEG_2509|Drugs|Trimethoprim|Dihydrofolate_reductase|DFRA,MEG_2509|Drugs|Trimethoprim|Dihydrofolate_reductase|DFRA,474,376038,376511,+
Escherichia_coli_B1109,Escherichia_coli_chromosome,394801,396653,1853,MEG_2834|Drugs|MLS|23S_rRNA_methyltransferases|ERMG,MEG_2834|Drugs|MLS|23S_rRNA_methyltransferases|ERMG,735,388909,389643,+
Escherichia_coli_B1109,Escherichia_coli_chromosome,433777,434943,1167,MEG_8243|Drugs|MLS|MLS_resistance_MFS_efflux_pumps|MEFD,MEG_8243|Drugs|MLS|MLS_resistance_MFS_efflux_pumps|MEFD,1200,426767,427966,+
Escherichia_coli_B1109,Escherichia_coli_chromosome,476193,477598,1406,MEG_1729|Drugs|Multi-drug_resistance|MDR_23S_ribosomal_RNA_methyltransferase|CLBD,MEG_1729|Drugs|Multi-drug_resistance|MDR_23S_ribosomal_RNA_methyltransferase|CLBD,1050,469216,470265,+
Escherichia_coli_B1109,Escherichia_coli_chromosome,515894,516544,651,MEG_11286|Drugs|Aminoglycosides|Aminoglycoside_N-acetyltransferases|AAC6-PRIME,MEG_11286|Drugs|Aminoglycosides|Aminoglycoside_N-acetyltransferases|AAC6-PRIME,435,508561,508995,+
Escherichia_coli_B1109,Escherichia_coli_chromosome,533414,533641,228,MEG_4005|Metals|Multi-metal_resistance|Multi-metal_ABC_efflux_pumps|MODB,MEG_4005|Metals|Multi-metal_resistance|Multi-metal_ABC_efflux_pumps|MODB,690,525865,526554,+
Escherichia_coli_B1109,Escherichia_coli_chromosome,597759,598505,747,MEG_7461|Drugs|Glycopeptides|VanB-type_regulator|VANRB,MEG_7461|Drugs|Glycopeptides|VanB-type_regulator|VANRB,660,590672,591331,+
Escherichia_coli_B1109,Escherichia_coli_chromosome,612826,614363,1538,MEG_4317|Drugs|Multi-drug_resistance|Multi-drug_ABC_efflux_pumps|OPTRA,MEG_4317|Drugs|Multi-drug_resistance|Multi-drug_ABC_efflux_pumps|OPTRA,1968,605652,607619,+
Escherichia_coli_B1109,Escherichia_coli_chromosome,614442,615374,933,MEG_6525|Multi-compound|Drug_and_biocide_resistance|Drug_and_biocide_RND_efflux_pumps|SME,MEG_6525|Multi-compound|Drug_and_biocide_resistance|Drug_and_biocide_RND_efflux_pumps|SME,1404,607698,609101,+
Escherichia_coli_B1109,Escherichia_coli_chromosome,650772,651338,567,MEG_1125|Drugs|Rifampin|Rifampin_ADP-ribosyltransferase_Arr|ARR,MEG_1125|Drugs|Rifampin|Rifampin_ADP-ribosyltransferase_Arr|ARR,453,644499,644951,+
Escherichia_coli_B1109,Escherichia_coli_chromosome,813494,814867,1374,MEG_6167|Drugs|Nucleosides|Streptothricin_acetyltransferase|SAT,MEG_6167|Drugs|Nucleosides|Streptothricin_acetyltransferase|SAT,525,807107,807631,+
Escherichia_coli_B1109,Escherichia_coli_chromosome,822438,823019,582,MEG_717|Metals|Arsenic_resistance|Arsenite_oxidase_regulator|AIOX,MEG_717|Metals|Arsenic_resistance|Arsenite_oxidase_regulator|AIOX,921,815202,816122,+
Escherichia_coli_B1109,Escherichia_coli_chromosome,884896,885577,682,MEG_5797|Multi-compound|Drug_and_biocide_resistance|Drug_and_biocide_MFS_efflux_pumps|PMRA,MEG_5797|Multi-compound|Drug_and_biocide_resistance|Drug_and_biocide_MFS_efflux_pumps|PMRA,1200,877999,879198,+
Escherichia_coli_B1109,Escherichia_coli_chromosome,886713,887048,336,MEG_4291|Drugs|Multi-drug_resistance|Multi-drug_RND_efflux_pumps|OPCM,MEG_4291|Drugs|Multi-drug_resistance|Multi-drug_RND_efflux_pumps|OPCM,1536,880334,881869,+
Escherichia_coli_B1109,Escherichia_coli_chromosome,941277,941669,393,MEG_3657|Drugs|Multi-drug_resistance|Multi-drug_ABC_efflux_pumps|MACA,MEG_3657|Drugs|Multi-drug_resistance|Multi-drug_ABC_efflux_pumps|MACA,1179,936098,937276,+
Escherichia_coli_B1109,Escherichia_coli_chromosome,945817,946206,390,MEG_3078|Biocides|Acid_resistance|Acid_resistance_protein|GADB,MEG_3078|Biocides|Acid_resistance|Acid_resistance_protein|GADB,1401,941424,942824,+
Escherichia_coli_B1109,Escherichia_coli_chromosome,946220,946654,435,MEG_4189|Drugs|Metronidazole|nim_nitroimidazole_reductase|NIMI,MEG_4189|Drugs|Metronidazole|nim_nitroimidazole_reductase|NIMI,457,942838,943294,+
Escherichia_coli_B1109,Escherichia_coli_chromosome,987113,989392,2280,MEG_8692|Multi-compound|Drug_and_biocide_resistance|Drug_and_biocide_MFS_efflux_pumps|SDRM,MEG_8692|Multi-compound|Drug_and_biocide_resistance|Drug_and_biocide_MFS_efflux_pumps|SDRM,1344,983753,985096,+
Escherichia_coli_B1109,Escherichia_coli_chromosome,989912,990673,762,MEG_3843|Metals|Mercury_resistance|Mercury_resistance_protein|MERA,MEG_3843|Metals|Mercury_resistance|Mercury_resistance_protein|MERA,1707,985616,987322,+
Escherichia_coli_B1109,Escherichia_coli_chromosome,1001554,1002954,1401,MEG_2485|Drugs|Trimethoprim|Dihydrofolate_reductase|DFRA,MEG_2485|Drugs|Trimethoprim|Dihydrofolate_reductase|DFRA,498,998203,998700,+
Escherichia_coli_B1109,Escherichia_coli_chromosome,1003110,1004645,1536,MEG_5776|Drugs|Lipopeptides|Lipid_A_phosphatase|PGBB,MEG_5776|Drugs|Lipopeptides|Lipid_A_phosphatase|PGBB,711,998856,999566,+
Escherichia_coli_B1109,Escherichia_coli_chromosome,1070324,1071906,1583,MEG_3674|Drugs|Lipopeptides|Colistin_phosphoethanolamine_transferase|MCR,MEG_3674|Drugs|Lipopeptides|Colistin_phosphoethanolamine_transferase|MCR,1623,1065245,1066867,+
Escherichia_coli_B1109,Escherichia_coli_chromosome,1114770,1115538,769,MEG_3440|Metals|Multi-metal_resistance|Multi-metal_resistance_regulator|IRLS,MEG_3440|Metals|Multi-metal_resistance|Multi-metal_resistance_regulator|IRLS,1395,1109731,1111125,+
Escherichia_coli_B1109,Escherichia_coli_chromosome,1117560,1120237,2678,MEG_4183|Drugs|Metronidazole|nim_nitroimidazole_reductase|NIME,MEG_4183|Drugs|Metronidazole|nim_nitroimidazole_reductase|NIME,513,1113147,1113659,+
Escherichia_coli_B1109,Escherichia_coli_chromosome,1203233,1204021,789,MEG_6549|Biocides|Multi-biocide_resistance|Multi-biocide_resistance_regulator|SOXRB,MEG_6549|Biocides|Multi-biocide_resistance|Multi-biocide_resistance_regulator|SOXRB,465,1196655,1197119,+
Escherichia_coli_B1109,Escherichia_coli_chromosome,1288994,1289407,414,MEG_1477|Drugs|Glycopeptides|Bleomycin_resistance_protein|BRP,MEG_1477|Drugs|Glycopeptides|Bleomycin_resistance_protein|BRP,366,1282092,1282457,+
Escherichia_coli_B1109,Escherichia_coli_chromosome,1310067,1311167,1101,MEG_3168|Metals|Multi-metal_resistance|Multi-metal_resistance_protein|GOLT,MEG_3168|Metals|Multi-metal_resistance|Multi-metal_resistance_protein|GOLT,2289,1303117,1305405,+
Escherichia_coli_B1109,Escherichia_coli_chromosome,1322847,1323125,279,MEG_1555|Drugs|Phenicol|Chloramphenicol_acetyltransferases|CAT,MEG_1555|Drugs|Phenicol|Chloramphenicol_acetyltransferases|CAT,630,1317085,1317714,+
Escherichia_coli_B1109,Escherichia_coli_chromosome,1347199,1348740,1542,MEG_8092|Drugs|Fosfomycin|Fosfomycin_thiol_transferases|FOSM,MEG_8092|Drugs|Fosfomycin|Fosfomycin_thiol_transferases|FOSM,420,1341788,1342207,+
Escherichia_coli_B1109,Escherichia_coli_chromosome,1348880,1349416,537,MEG_1141|Metals|Arsenic_resistance|Arsenic_resistance_protein|ARRB,MEG_1141|Metals|Arsenic_resistance|Arsenic_resistance_protein|ARRB,705,1342347,1343051,+
Escherichia_coli_B1109,Escherichia_coli_chromosome,1365270,1365536,267,MEG_2747|Drugs|MLS|Macrolide_esterases|EREA,MEG_2747|Drugs|MLS|Macrolide_esterases|EREA,1227,1358905,1360131,+
Escherichia_coli_B1109,Escherichia_coli_chromosome,1381839,1382678,840,MEG_6026|Drugs|Fluoroquinolones|Quinolone_resistance_protein_Qnr|QNRS,MEG_6026|Drugs|Fluoroquinolones|Quinolone_resistance_protein_Qnr|QNRS,657,1376434,1377090,+
Escherichia_coli_B1109,Escherichia_coli_chromosome,1425125,1425382,258,MEG_964|Drugs|Aminoglycosides|Aminoglycoside_O-nucleotidyltransferases|ANT3-DPRIME,MEG_964|Drugs|Aminoglycosides|Aminoglycoside_O-nucleotidyltransferases|ANT3-DPRIME,792,1419537,1420328,+
Escherichia_coli_B1109,Escherichia_coli_chromosome,1425623,1426255,633,MEG_5997|Drugs|Fluoroquinolones|Quinolone_resistance_protein_Qnr|QNRB,MEG_5997|Drugs|Fluoroquinolones|Quinolone_resistance_protein_Qnr|QNRB,645,1420569,1421213,+
Escherichia_coli_B1109,Escherichia_coli_chromosome,1469128,1470336,1209,MEG_4125|Metals|Multi-metal_resistance|Multi-metal_MFS_efflux_pumps|NCRC,MEG_4125|Metals|Multi-metal_resistance|Multi-metal_MFS_efflux_pumps|NCRC,696,1464086,1464781,+
Escherichia_coli_B1109,Escherichia_coli_chromosome,1478965,1480191,1227,MEG_756|Drugs|Aminoglycosides|Aminoglycoside_O-nucleotidyltransferases|ANT2-DPRIME,MEG_756|Drugs|Aminoglycosides|Aminoglycoside_O-nucleotidyltransferases|ANT2-DPRIME,534,1473410,1473943,+
Escherichia_coli_B1109,Escherichia_coli_chromosome,1543874,1544341,468,MEG_1194|Multi-compound|Drug_and_biocide_and_metal_resistance|Drug_and_biocide_and_metal_RND_efflux_regulator|BAES,MEG_1194|Multi-compound|Drug_and_biocide_and_metal_resistance|Drug_and_biocide_and_metal_RND_efflux_regulator|BAES,1404,1537626,1539029,+
Escherichia_coli_B1109,Escherichia_coli_chromosome,1550914,1551495,582,MEG_3011|Drugs|Fosfomycin|Fosfomycin_thiol_transferases|FOSB,MEG_3011|Drugs|Fosfomycin|Fosfomycin_thiol_transferases|FOSB,420,1545602,1546021,+
Escherichia_coli_B1109,Escherichia_coli_chromosome,1661150,1662227,1078,MEG_2062|Metals|Copper_resistance|Copper_resistance_protein|COPL,MEG_2062|Metals|Copper_resistance|Copper_resistance_protein|COPL,420,1655676,1656095,+
Escherichia_coli_B1109,Escherichia_coli_chromosome,1712870,1714618,1749,MEG_7325|Metals|Tungsten_Resistance|Tungsten_ABC_efflux_pumps|TUPC,MEG_7325|Metals|Tungsten_Resistance|Tungsten_ABC_efflux_pumps|TUPC,645,1706738,1707382,+
Escherichia_coli_B1109,Escherichia_coli_chromosome,1799343,1800065,723,MEG_11299|Drugs|Bacitracin|Bacitracin_ABC_transporter|BCRA,MEG_11299|Drugs|Bacitracin|Bacitracin_ABC_transporter|BCRA,924,1792107,1793030,+
Escherichia_coli_B1109,Escherichia_coli_chromosome,1806344,1807576,1233,MEG_1231|Metals|Copper_resistance|Copper_resistance_regulator|BHSA,MEG_1231|Metals|Copper_resistance|Copper_resistance_regulator|BHSA,258,1799309,1799566,+
Escherichia_coli_B1109,Escherichia_coli_chromosome,1817397,1818629,1233,MEG_11228|Metals|Mercury_resistance|Mercury_resistance_protein|MERB,MEG_11228|Metals|Mercury_resistance|Mercury_resistance_protein|MERB,657,1809387,1810043,+
Escherichia_coli_B1109,Escherichia_coli_chromosome,1849527,1849994,468,MEG_11325|Metals|Arsenic_resistance|Arsenic_resistance_protein|ARSB,MEG_11325|Metals|Arsenic_resistance|Arsenic_resistance_protein|ARSB,1059,1840941,1841999,+
Escherichia_coli_B1109,Escherichia_coli_chromosome,1905565,1906623,1059,MEG_3691|Drugs|Lipopeptides|Colistin_phosphoethanolamine_transferase|MCR,MEG_3691|Drugs|Lipopeptides|Colistin_phosphoethanolamine_transferase|MCR,1407,1897570,1898976,+
Escherichia_coli_B1109,Escherichia_coli_chromosome,1906625,1908088,1464,MEG_3514|Multi-compound|Drug_and_biocide_resistance|Drug_and_biocide_SMR_efflux_pumps|KPNE,MEG_3514|Multi-compound|Drug_and_biocide_resistance|Drug_and_biocide_SMR_efflux_pumps|KPNE,363,1898978,1899340,+
Escherichia_coli_B1109,Escherichia_coli_chromosome,1908533,1909321,789,MEG_2061|Metals|Copper_resistance|Copper_resistance_protein|COPK,MEG_2061|Metals|Copper_resistance|Copper_resistance_protein|COPK,285,1899785,1900069,+
Escherichia_coli_B1109,Escherichia_coli_chromosome,1918354,1919295,942,MEG_899|Drugs|Aminoglycosides|Aminoglycoside_O-nucleotidyltransferases|ANT3-DPRIME,MEG_899|Drugs|Aminoglycosides|Aminoglycoside_O-nucleotidyltransferases|ANT3-DPRIME,789,1909102,1909890,+
Escherichia_coli_B1109,Escherichia_coli_chromosome,1981447,1982124,678,MEG_2351|Drugs|betalactams|Class_A_betalactamases|CTX,MEG_2351|Drugs|betalactams|Class_A_betalactamases|CTX,876,1972042,1972917,+
Escherichia_coli_B1109,Escherichia_coli_chromosome,1986316,1986459,144,MEG_3255|Biocides|Acid_resistance|Acid_resistance_protein|HDEB,MEG_3255|Biocides|Acid_resistance|Acid_resistance_protein|HDEB,339,1977109,1977447,+
Escherichia_coli_B1109,Escherichia_coli_chromosome,2011449,2012271,823,MEG_1566|Drugs|Phenicol|Chloramphenicol_acetyltransferases|CATA,MEG_1566|Drugs|Phenicol|Chloramphenicol_acetyltransferases|CATA,642,2002437,2003078,+
Escherichia_coli_B1109,Escherichia_coli_chromosome,2012296,2013834,1539,MEG_6957|Metals|Tellurium_resistance|Tellurium_resistance_protein|TERC,MEG_6957|Metals|Tellurium_resistance|Tellurium_resistance_protein|TERC,1041,2003103,2004143,+
Escherichia_coli_B1109,Escherichia_coli_chromosome,2018585,2020195,1611,MEG_7456|Drugs|Glycopeptides|VanA-type_regulator|VANRA,MEG_7456|Drugs|Glycopeptides|VanA-type_regulator|VANRA,1032,2008894,2009925,+
Escherichia_coli_B1109,Escherichia_coli_chromosome,2033761,2035662,1902,MEG_5928|Drugs|Fluoroquinolones|Quinolone_resistance_protein_Qnr|QNRB,MEG_5928|Drugs|Fluoroquinolones|Quinolone_resistance_protein_Qnr|QNRB,681,2023491,2024171,+
Escherichia_coli_B1109,Escherichia_coli_chromosome,2100121,2103264,3144,MEG_2921|Drugs|Phenicol|Phenicol_resistance_MFS_efflux_pumps|FLOR,MEG_2921|Drugs|Phenicol|Phenicol_resistance_MFS_efflux_pumps|FLOR,1215,2088630,2089844,+
Escherichia_coli_B1109,Escherichia_coli_chromosome,2103276,2104499,1224,MEG_1723|Drugs|Multi-drug_resistance|MDR_23S_ribosomal_RNA_methyltransferase|CIPA,MEG_1723|Drugs|Multi-drug_resistance|MDR_23S_ribosomal_RNA_methyltransferase|CIPA,1041,2089856,2090896,+
Escherichia_coli_B1109,Escherichia_coli_chromosome,2104515,2104847,333,MEG_1156|Metals|Arsenic_resistance|Arsenic_resistance_protein|ARSC,MEG_1156|Metals|Arsenic_resistance|Arsenic_resistance_protein|ARSC,396,2090912,2091307,+
Escherichia_coli_B1109,Escherichia_coli_chromosome,2105234,2106253,1020,MEG_3718|Drugs|Lipopeptides|Colistin_phosphoethanolamine_transferase|MCR,MEG_3718|Drugs|Lipopeptides|Colistin_phosphoethanolamine_transferase|MCR,1623,2091694,2093316,+
Escherichia_coli_B1109,Escherichia_coli_chromosome,2106410,2108525,2116,MEG_3084|Biocides|Quaternary_Ammonium_Compounds_(QACs)_resistance|QAC-resistant_protein_UDP_glucose_4_epimerase|GALE,MEG_3084|Biocides|Quaternary_Ammonium_Compounds_(QACs)_resistance|QAC-resistant_protein_UDP_glucose_4_epimerase|GALE,990,2093473,2094462,+
Escherichia_coli_B1109,Escherichia_coli_chromosome,2163207,2164650,1444,MEG_1471|Multi-compound|Drug_and_biocide_resistance|Drug_and_biocide_MFS_efflux_regulator|BMR,MEG_1471|Multi-compound|Drug_and_biocide_resistance|Drug_and_biocide_MFS_efflux_regulator|BMR,1170,2149144,2150313,+
Escherichia_coli_B1109,Escherichia_coli_chromosome,2166169,2166576,408,MEG_5774|Metals|Multi-metal_resistance|Multi-metal_resistance_protein|PFR,MEG_5774|Metals|Multi-metal_resistance|Multi-metal_resistance_protein|PFR,504,2151832,2152335,+
Escherichia_coli_B1109,Escherichia_coli_chromosome,2169190,2171694,2505,MEG_7615|Drugs|Glycopeptides|VanA-type_accessory_protein|VANZA,MEG_7615|Drugs|Glycopeptides|VanA-type_accessory_protein|VANZA,510,2154949,2155458,+
Escherichia_coli_B1109,Escherichia_coli_chromosome,2194950,2196143,1194,MEG_5956|Drugs|Fluoroquinolones|Quinolone_resistance_protein_Qnr|QNRB,MEG_5956|Drugs|Fluoroquinolones|Quinolone_resistance_protein_Qnr|QNRB,681,2178714,2179394,+
Escherichia_coli_B1109,Escherichia_coli_chromosome,2196166,2199315,3150,MEG_11358|Drugs|Organoarsenicals|Arsinothricin_resistance_N-acetyltransferases|ARSN1,MEG_11358|Drugs|Organoarsenicals|Arsinothricin_resistance_N-acetyltransferases|ARSN1,543,2179417,2179959,+
Escherichia_coli_B1109,Escherichia_coli_chromosome,2208170,2209915,1746,MEG_2455|Metals|Copper_resistance|Copper_resistance_protein|CUTC,MEG_2455|Metals|Copper_resistance|Copper_resistance_protein|CUTC,747,2188814,2189560,+
Escherichia_coli_B1109,Escherichia_coli_chromosome,2285632,2286789,1158,MEG_7144|Drugs|Tetracyclines|Tetracycline_resistance_ribosomal_protection_proteins|TETM,MEG_7144|Drugs|Tetracyclines|Tetracycline_resistance_ribosomal_protection_proteins|TETM,1920,2265277,2267196,+
Escherichia_coli_B1109,Escherichia_coli_chromosome,2299750,2300859,1110,MEG_2073|Metals|Copper_resistance|Copper_resistance_regulator|COPR,MEG_2073|Metals|Copper_resistance|Copper_resistance_regulator|COPR,684,2280157,2280840,+
Escherichia_coli_B1109,Escherichia_coli_chromosome,2437916,2438626,711,MEG_3908|Multi-compound|Drug_and_biocide_resistance|Drug_and_biocide_RND_efflux_pumps|MEXE,MEG_3908|Multi-compound|Drug_and_biocide_resistance|Drug_and_biocide_RND_efflux_pumps|MEXE,1242,2417897,2419138,+
Escherichia_coli_B1109,Escherichia_coli_chromosome,2515262,2516812,1551,MEG_2080|Metals|Copper_resistance|Copper_resistance_regulator|COPY,MEG_2080|Metals|Copper_resistance|Copper_resistance_regulator|COPY,438,2495774,2496211,+
Escherichia_coli_B1109,Escherichia_coli_chromosome,2568583,2569527,945,MEG_3073|Drugs|Fusidic_acid|Fusidic_acid_esterases|FUSF,MEG_3073|Drugs|Fusidic_acid|Fusidic_acid_esterases|FUSF,645,2547982,2548626,+
Escherichia_coli_B1109,Escherichia_coli_chromosome,2596802,2599156,2355,MEG_2533|Drugs|Trimethoprim|Dihydrofolate_reductase|DFRA,MEG_2533|Drugs|Trimethoprim|Dihydrofolate_reductase|DFRA,474,2575901,2576374,+
Escherichia_coli_B1109,Escherichia_coli_chromosome,2602305,2602682,378,MEG_7682|Drugs|Multi-drug_resistance|Multi-drug_ABC_efflux_pumps|VGA,MEG_7682|Drugs|Multi-drug_resistance|Multi-drug_ABC_efflux_pumps|VGA,1569,2579523,2581091,+
Escherichia_coli_B1109,Escherichia_coli_chromosome,2636034,2637200,1167,MEG_2700|Drugs|Cationic_antimicrobial_peptides|Edeine_acetyltransferase|EDEQ,MEG_2700|Drugs|Cationic_antimicrobial_peptides|Edeine_acetyltransferase|EDEQ,438,2614443,2614880,+
Escherichia_coli_B1109,Escherichia_coli_chromosome,2661030,2661899,870,MEG_2498|Drugs|Trimethoprim|Dihydrofolate_reductase|DFRA,MEG_2498|Drugs|Trimethoprim|Dihydrofolate_reductase|DFRA,474,2638710,2639183,+
Escherichia_coli_B1109,Escherichia_coli_chromosome,2715843,2717075,1233,MEG_6634|Drugs|Sulfonamides|Sulfonamide-resistant_dihydropteroate_synthases|SULII,MEG_6634|Drugs|Sulfonamides|Sulfonamide-resistant_dihydropteroate_synthases|SULII,819,2693127,2693945,+
Escherichia_coli_B1109,Escherichia_coli_chromosome,2790664,2792388,1725,MEG_7045|Drugs|Tetracyclines|Tetracycline_resistance_MFS_efflux_pumps|TETB,MEG_7045|Drugs|Tetracyclines|Tetracycline_resistance_MFS_efflux_pumps|TETB,1206,2767534,2768739,+
Escherichia_coli_B1109,Escherichia_coli_chromosome,2818761,2821457,2697,MEG_1702|Multi-compound|Biocide_and_metal_resistance|Biocide_and_metal_resistance_protein|CHR,MEG_1702|Multi-compound|Biocide_and_metal_resistance|Biocide_and_metal_resistance_protein|CHR,609,2795112,2795720,+
Escherichia_coli_B1109,Escherichia_coli_chromosome,2916772,2917905,1134,MEG_1155|Metals|Arsenic_resistance|Arsenic_resistance_protein|ARSC,MEG_1155|Metals|Arsenic_resistance|Arsenic_resistance_protein|ARSC,396,2891035,2891430,+
Escherichia_coli_B1109,Escherichia_coli_chromosome,2918524,2918991,468,MEG_893|Drugs|Aminoglycosides|Aminoglycoside_O-nucleotidyltransferases|ANT3-DPRIME,MEG_893|Drugs|Aminoglycosides|Aminoglycoside_O-nucleotidyltransferases|ANT3-DPRIME,792,2892049,2892840,+
Escherichia_coli_B1109,Escherichia_coli_chromosome,2930360,2930698,339,MEG_1713|Metals|Chromium_resistance|Chromium_resistance_protein|CHRC,MEG_1713|Metals|Chromium_resistance|Chromium_resistance_protein|CHRC,594,2904209,2904802,+
Escherichia_coli_B1109,Escherichia_coli_chromosome,2950535,2952178,1644,MEG_7641|Multi-compound|Drug_and_biocide_resistance|Drug_and_biocide_MATE_efflux_pumps|VCMA,MEG_7641|Multi-compound|Drug_and_biocide_resistance|Drug_and_biocide_MATE_efflux_pumps|VCMA,1386,2924639,2926024,+
Escherichia_coli_B1109,Escherichia_coli_chromosome,2982016,2986561,4546,MEG_1767|Drugs|Phenicol|Phenicol_resistance_MFS_efflux_pumps|CMLA,MEG_1767|Drugs|Phenicol|Phenicol_resistance_MFS_efflux_pumps|CMLA,1260,2955862,2957121,+
Escherichia_coli_B1109,Escherichia_coli_chromosome,3001112,3002761,1650,MEG_3732|Drugs|Lipopeptides|Colistin_phosphoethanolamine_transferase|MCR,MEG_3732|Drugs|Lipopeptides|Colistin_phosphoethanolamine_transferase|MCR,1626,2971672,2973297,+
Escherichia_coli_B1109,Escherichia_coli_chromosome,3008080,3008544,465,MEG_1711|Metals|Chromium_resistance|Chromium_resistance_protein|CHRB1,MEG_1711|Metals|Chromium_resistance|Chromium_resistance_protein|CHRB1,894,2978616,2979509,+
Escherichia_coli_B1109,Escherichia_coli_chromosome,3008630,3008953,324,MEG_4221|Metals|Nickel_resistance|Nickel_resistance_regulator|NRSS,MEG_4221|Metals|Nickel_resistance|Nickel_resistance_regulator|NRSS,1365,2979595,2980959,+
Escherichia_coli_B1109,Escherichia_coli_chromosome,3026010,3026525,516,MEG_2022|Metals|Copper_resistance|Copper_resistance_protein|COPA,MEG_2022|Metals|Copper_resistance|Copper_resistance_protein|COPA,1413,2998016,2999428,+
Escherichia_coli_B1109,Escherichia_coli_chromosome,3062385,3063209,825,MEG_7391|Drugs|Glycopeptides|VanE-type_resistance_protein|VANE,MEG_7391|Drugs|Glycopeptides|VanE-type_resistance_protein|VANE,604,3035288,3035891,+
Escherichia_coli_B1109,Escherichia_coli_chromosome,3072494,3072877,384,MEG_11457|Drugs|Lipopeptides|Colistin_phosphoethanolamine_transferase|MCR,MEG_11457|Drugs|Lipopeptides|Colistin_phosphoethanolamine_transferase|MCR,1623,3045176,3046798,+
Escherichia_coli_B1109,Escherichia_coli_chromosome,3081467,3084186,2720,MEG_9965|Drugs|Metronidazole|nim_nitroimidazole_reductase|NIMH,MEG_9965|Drugs|Metronidazole|nim_nitroimidazole_reductase|NIMH,453,3055388,3055840,+
Escherichia_coli_B1109,Escherichia_coli_chromosome,3167935,3168780,846,MEG_3139|Drugs|MLS|Macrolide_glycosyltransferases|GIMA,MEG_3139|Drugs|MLS|Macrolide_glycosyltransferases|GIMA,1254,3139589,3140842,+
Escherichia_coli_B1109,Escherichia_coli_chromosome,3178654,3179556,903,MEG_4359|Multi-compound|Drug_and_biocide_resistance|Drug_and_biocide_RND_efflux_pumps|OQXB,MEG_4359|Multi-compound|Drug_and_biocide_resistance|Drug_and_biocide_RND_efflux_pumps|OQXB,3153,3150716,3153868,+
Escherichia_coli_B1109,Escherichia_coli_chromosome,3180355,3182423,2069,MEG_4168|Metals|Nickel_resistance|Nickel_ABC_efflux_pumps|NIKB,MEG_4168|Metals|Nickel_resistance|Nickel_ABC_efflux_pumps|NIKB,945,3154667,3155611,+
Escherichia_coli_B1109,Escherichia_coli_chromosome,3184595,3185215,621,MEG_5950|Drugs|Fluoroquinolones|Quinolone_resistance_protein_Qnr|QNRB,MEG_5950|Drugs|Fluoroquinolones|Quinolone_resistance_protein_Qnr|QNRB,645,3157783,3158427,+
Escherichia_coli_B1109,Escherichia_coli_chromosome,3241981,3242607,627,MEG_5420|Metals|Copper_resistance|Copper_resistance_protein|PCOC,MEG_5420|Metals|Copper_resistance|Copper_resistance_protein|PCOC,381,3215193,3215573,+
Escherichia_coli_B1109,Escherichia_coli_chromosome,3283548,3284498,951,MEG_2736|Multi-compound|Drug_and_biocide_resistance|Drug_and_biocide_MFS_efflux_pumps|EMRY,MEG_2736|Multi-compound|Drug_and_biocide_resistance|Drug_and_biocide_MFS_efflux_pumps|EMRY,1539,3256514,3258052,+
Escherichia_coli_B1109,Escherichia_coli_chromosome,3374400,3375440,1041,MEG_7530|Drugs|Glycopeptides|VanE-type_resistance_protein|VANTE,MEG_7530|Drugs|Glycopeptides|VanE-type_resistance_protein|VANTE,2109,3347954,3350062,+
Escherichia_coli_B1109,Escherichia_coli_chromosome,3375527,3377376,1850,MEG_5929|Drugs|Fluoroquinolones|Quinolone_resistance_protein_Qnr|QNRB,MEG_5929|Drugs|Fluoroquinolones|Quinolone_resistance_protein_Qnr|QNRB,681,3350149,3350829,+
Escherichia_coli_B1109,Escherichia_coli_chromosome,3377559,3378332,774,MEG_5936|Drugs|Fluoroquinolones|Quinolone_resistance_protein_Qnr|QNRB,MEG_5936|Drugs|Fluoroquinolones|Quinolone_resistance_protein_Qnr|QNRB,681,3351012,3351692,+
Escherichia_coli_B1109,Escherichia_coli_chromosome,3390713,3391279,567,MEG_1487|Metals|Cadmium_resistance|Cadmium_resistance_regulator|CADR,MEG_1487|Metals|Cadmium_resistance|Cadmium_resistance_regulator|CADR,444,3364073,3364516,+
Escherichia_coli_B1109,Escherichia_coli_chromosome,3418509,3418922,414,MEG_6577|Biocides|Multi-biocide_resistance|Multi-biocide_SMR_efflux_pump|SUGE,MEG_6577|Biocides|Multi-biocide_resistance|Multi-biocide_SMR_efflux_pump|SUGE,537,3391746,3392282,+
Escherichia_coli_B1109,Escherichia_coli_chromosome,3419028,3419462,435,MEG_3395|Drugs|betalactams|Class_B_betalactamases|IMP,MEG_3395|Drugs|betalactams|Class_B_betalactamases|IMP,885,3392388,3393272,+
Escherichia_coli_B1109,Escherichia_coli_chromosome,3430825,3432015,1191,MEG_1025|Drugs|Aminoglycosides|Aminoglycoside_O-phosphotransferases|APH3-DPRIME,MEG_1025|Drugs|Aminoglycosides|Aminoglycoside_O-phosphotransferases|APH3-DPRIME,816,3404635,3405450,+
Escherichia_coli_B1109,Escherichia_coli_chromosome,3677911,3679311,1401,MEG_10895|Drugs|betalactams|Class_A_betalactamases|LEN,MEG_10895|Drugs|betalactams|Class_A_betalactamases|LEN,861,3651346,3652206,+
Escherichia_coli_B1109,Escherichia_coli_chromosome,3679681,3680505,825,MEG_5869|Drugs|Fluoroquinolones|Quinolone_resistance_protein_Qnr|QNRA,MEG_5869|Drugs|Fluoroquinolones|Quinolone_resistance_protein_Qnr|QNRA,657,3652576,3653232,+
Escherichia_coli_B1109,Escherichia_coli_chromosome,3680873,3681601,729,MEG_11338|Multi-compound|Drug_and_biocide_and_metal_resistance|Drug_and_biocide_and_metal_RND_efflux_pumps|CMEB,MEG_11338|Multi-compound|Drug_and_biocide_and_metal_resistance|Drug_and_biocide_and_metal_RND_efflux_pumps|CMEB,3120,3653600,3656719,+
Escherichia_coli_B1109,Escherichia_coli_chromosome,3681964,3685077,3114,MEG_3290|Biocides|Acetate_resistance|Acetate_resistance_protein|ICLR,MEG_3290|Biocides|Acetate_resistance|Acetate_resistance_protein|ICLR,825,3657082,3657906,+
Escherichia_coli_B1109,Escherichia_coli_chromosome,3685102,3686259,1158,MEG_6170|Drugs|Nucleosides|Streptothricin_acetyltransferase|SAT,MEG_6170|Drugs|Nucleosides|Streptothricin_acetyltransferase|SAT,543,3657931,3658473,+
Escherichia_coli_B1109,Escherichia_coli_chromosome,3686598,3687080,483,MEG_3741|Multi-compound|Drug_and_biocide_and_metal_resistance|Drug_and_biocide_and_metal_MFS_efflux_pumps|MDRL,MEG_3741|Multi-compound|Drug_and_biocide_and_metal_resistance|Drug_and_biocide_and_metal_MFS_efflux_pumps|MDRL,1194,3658812,3660005,+
Escherichia_coli_B1109,Escherichia_coli_chromosome,3693631,3694062,432,MEG_3576|Drugs|betalactams|Class_A_betalactamases|LEN,MEG_3576|Drugs|betalactams|Class_A_betalactamases|LEN,822,3666556,3667377,+
Escherichia_coli_B1109,Escherichia_coli_chromosome,3694068,3698983,4916,MEG_7857|Metals|Zinc_resistance|Zinc_resistance_protein|ZNUB,MEG_7857|Metals|Zinc_resistance|Zinc_resistance_protein|ZNUB,277,3667383,3667659,+
Escherichia_coli_B1109,Escherichia_coli_chromosome,3704001,3706199,2199,MEG_3895|Metals|Mercury_resistance|Mercury_resistance_protein|MERT,MEG_3895|Metals|Mercury_resistance|Mercury_resistance_protein|MERT,297,3672677,3672973,+
Escherichia_coli_B1109,Escherichia_coli_chromosome,3825137,3825769,633,MEG_1224|Multi-compound|Drug_and_biocide_resistance|Drug_and_biocide_RND_efflux_pumps|BEPD,MEG_1224|Multi-compound|Drug_and_biocide_resistance|Drug_and_biocide_RND_efflux_pumps|BEPD,1194,3791911,3793104,+
Escherichia_coli_B1109,Escherichia_coli_chromosome,3872759,3873184,426,MEG_4126|Metals|Nickel_resistance|Nickel_MFS_efflux_pumps|NCRCN,MEG_4126|Metals|Nickel_resistance|Nickel_MFS_efflux_pumps|NCRCN,1131,3840094,3841224,+
Escherichia_coli_B1109,Escherichia_coli_chromosome,3893753,3896857,3105,MEG_2011|Metals|Multi-metal_resistance|Multi-metal_resistance_regulator|CNRH,MEG_2011|Metals|Multi-metal_resistance|Multi-metal_resistance_regulator|CNRH,576,3861793,3862368,+
Escherichia_coli_B1109,Escherichia_coli_chromosome,3896869,3898026,1158,MEG_8259|Drugs|MLS|MLS_resistance_ABC_efflux_pumps|MSRG,MEG_8259|Drugs|MLS|MLS_resistance_ABC_efflux_pumps|MSRG,1458,3862380,3863837,+
Escherichia_coli_B1109,Escherichia_coli_chromosome,3898425,3899087,663,MEG_10008|Drugs|Rifampin|Rifampin-resistant_beta-subunit_of_RNA_polymerase_RpoB|RPOB,MEG_10008|Drugs|Rifampin|Rifampin-resistant_beta-subunit_of_RNA_polymerase_RpoB|RPOB,4029,3864236,3868264,+
Escherichia_coli_B1109,Escherichia_coli_chromosome,3926089,3926403,315,MEG_7268|Biocides|Multi-biocide_resistance|Multi-biocide_RND_efflux_pump|TOLCSM,MEG_7268|Biocides|Multi-biocide_resistance|Multi-biocide_RND_efflux_pump|TOLCSM,1359,3895266,3896624,+
Escherichia_coli_B1109,Escherichia_coli_chromosome,4096493,4097257,765,MEG_7779|Biocides|Multi-biocide_resistance|Multi-biocide_RND_efflux_pump|VMEA,MEG_7779|Biocides|Multi-biocide_resistance|Multi-biocide_RND_efflux_pump|VMEA,1140,4066714,4067853,+
Escherichia_coli_B1109,Escherichia_coli_chromosome,4108853,4109674,822,MEG_1468|Biocides|Multi-biocide_resistance|Multi-biocide_resistance_regulator|BLTR,MEG_1468|Biocides|Multi-biocide_resistance|Multi-biocide_resistance_regulator|BLTR,822,4079449,4080270,+
Escherichia_coli_B1109,Escherichia_coli_chromosome,4128325,4129122,798,MEG_5800|Multi-compound|Drug_and_metal_resistance|Drug_and_metal_MFS_efflux_pumps|PMRCM,MEG_5800|Multi-compound|Drug_and_metal_resistance|Drug_and_metal_MFS_efflux_pumps|PMRCM,1647,4098921,4100567,+
Escherichia_coli_B1109,Escherichia_coli_chromosome,4132052,4133539,1488,MEG_7794|Biocides|Multi-biocide_resistance|Multi-biocide_RND_efflux_pump|VMEK,MEG_7794|Biocides|Multi-biocide_resistance|Multi-biocide_RND_efflux_pump|VMEK,3132,4103497,4106628,+
Escherichia_coli_B1109,Escherichia_coli_chromosome,4141972,4142364,393,MEG_8236|Drugs|Lipopeptides|Colistin_phosphoethanolamine_transferase|MCR,MEG_8236|Drugs|Lipopeptides|Colistin_phosphoethanolamine_transferase|MCR,1626,4115061,4116686,+
Escherichia_coli_B1109,Escherichia_coli_chromosome,4175276,4176768,1493,MEG_5816|Metals|Arsenic_resistance|Arsenic_resistance_protein|PSTS,MEG_5816|Metals|Arsenic_resistance|Arsenic_resistance_protein|PSTS,1041,4149598,4150638,+
Escherichia_coli_B1109,Escherichia_coli_chromosome,4287909,4288619,711,MEG_1554|Drugs|Phenicol|Chloramphenicol_acetyltransferases|CAT,MEG_1554|Drugs|Phenicol|Chloramphenicol_acetyltransferases|CAT,660,4261779,4262438,+
Escherichia_coli_B1109,Escherichia_coli_chromosome,4458335,4459363,1029,MEG_4222|Drugs|Thiopeptides|Thiostrepton_23S_rRNA_methyltransferases|NSHR,MEG_4222|Drugs|Thiopeptides|Thiostrepton_23S_rRNA_methyltransferases|NSHR,825,4432154,4432978,+
Escherichia_coli_B1109,Escherichia_coli_chromosome,4572564,4573247,684,MEG_2569|Drugs|Trimethoprim|Dihydrofolate_reductase|DFRB,MEG_2569|Drugs|Trimethoprim|Dihydrofolate_reductase|DFRB,237,4546179,4546415,+
Escherichia_coli_B1109,Escherichia_coli_chromosome,4710663,4711139,477,MEG_3077|Biocides|Acid_resistance|Acid_resistance_protein|GADA,MEG_3077|Biocides|Acid_resistance|Acid_resistance_protein|GADA,852,4683831,4684682,+
Escherichia_coli_B1109,Escherichia_coli_chromosome,4731817,4734930,3114,MEG_7271|Biocides|Phenolic_compound_resistance|Phenolic_RND_efflux_pump|TRIA,MEG_7271|Biocides|Phenolic_compound_resistance|Phenolic_RND_efflux_pump|TRIA,1152,4705360,4706511,+
Escherichia_coli_B3008,Escherichia_coli_B3008,96874,98247,1374,MEG_6585|Drugs|Sulfonamides|Sulfonamide-resistant_dihydropteroate_synthases|SULI,MEG_6585|Drugs|Sulfonamides|Sulfonamide-resistant_dihydropteroate_synthases|SULI,864,96874,97737,+
Escherichia_coli_B3008,Escherichia_coli_B3008,105729,106310,582,MEG_6637|Drugs|Sulfonamides|Sulfonamide-resistant_dihydropteroate_synthases|SULII,MEG_6637|Drugs|Sulfonamides|Sulfonamide-resistant_dihydropteroate_synthases|SULII,816,105219,106034,+
Escherichia_coli_B3008,Escherichia_coli_B3008,168004,168685,682,MEG_2504|Drugs|Trimethoprim|Dihydrofolate_reductase|DFRA,MEG_2504|Drugs|Trimethoprim|Dihydrofolate_reductase|DFRA,474,167728,168201,+
Escherichia_coli_B3008,Escherichia_coli_B3008,169821,170156,336,MEG_7617|Drugs|Glycopeptides|VanA-type_accessory_protein|VANZA,MEG_7617|Drugs|Glycopeptides|VanA-type_accessory_protein|VANZA,480,169337,169816,+
Escherichia_coli_B3008,Escherichia_coli_B3008,244385,244777,393,MEG_10013|Multi-compound|Drug_and_biocide_and_metal_resistance|Drug_and_biocide_and_metal_RND_efflux_regulator|BAES,MEG_10013|Multi-compound|Drug_and_biocide_and_metal_resistance|Drug_and_biocide_and_metal_RND_efflux_regulator|BAES,1404,244045,245448,+
Escherichia_coli_B3008,Escherichia_coli_B3008,248925,249314,390,MEG_7422|Drugs|Glycopeptides|VanD-type_resistance_protein|VANHD,MEG_7422|Drugs|Glycopeptides|VanD-type_resistance_protein|VANHD,699,249596,250294,+
Escherichia_coli_B3008,Escherichia_coli_B3008,249328,249762,435,MEG_7338|Drugs|Glycopeptides|VanA-type_resistance_protein|VANA,MEG_7338|Drugs|Glycopeptides|VanA-type_resistance_protein|VANA,1041,250308,251348,+
Escherichia_coli_B3008,Escherichia_coli_B3008,282393,284672,2280,MEG_7469|Drugs|Glycopeptides|VanB-type_regulator|VANRB,MEG_7469|Drugs|Glycopeptides|VanB-type_regulator|VANRB,663,283979,284641,+
Escherichia_coli_B3008,Escherichia_coli_B3008,285192,285953,762,MEG_2534|Drugs|Trimethoprim|Dihydrofolate_reductase|DFRA,MEG_2534|Drugs|Trimethoprim|Dihydrofolate_reductase|DFRA,474,285161,285634,+
Escherichia_coli_B3008,Escherichia_coli_B3008,296834,298234,1401,MEG_7283|Metals|Multi-metal_resistance|Multi-metal_ABC_efflux_regulator|TROR,MEG_7283|Metals|Multi-metal_resistance|Multi-metal_ABC_efflux_regulator|TROR,462,296515,296976,+
Escherichia_coli_B3008,Escherichia_coli_B3008,298390,299925,1536,MEG_11243|Drugs|Fosfomycin|Fosfomycin_thiol_transferases|FOSA,MEG_11243|Drugs|Fosfomycin|Fosfomycin_thiol_transferases|FOSA,423,297132,297554,+
Escherichia_coli_B3008,Escherichia_coli_B3008,374200,375782,1583,MEG_6002|Drugs|Fluoroquinolones|Quinolone_resistance_protein_Qnr|QNRB,MEG_6002|Drugs|Fluoroquinolones|Quinolone_resistance_protein_Qnr|QNRB,644,371829,372472,+
Escherichia_coli_B3008,Escherichia_coli_B3008,500610,501398,789,MEG_3435|Metals|Multi-metal_resistance|Multi-metal_resistance_regulator|IRLR,MEG_3435|Metals|Multi-metal_resistance|Multi-metal_resistance_regulator|IRLR,690,497300,497989,+
Escherichia_coli_B3008,Escherichia_coli_B3008,557521,557934,414,MEG_61|Drugs|Aminoglycosides|Aminoglycoside_N-acetyltransferases|AAC3,MEG_61|Drugs|Aminoglycosides|Aminoglycoside_N-acetyltransferases|AAC3,861,554112,554972,+
Escherichia_coli_B3008,Escherichia_coli_B3008,578774,579874,1101,MEG_2051|Metals|Copper_resistance|Copper_resistance_protein|COPD,MEG_2051|Metals|Copper_resistance|Copper_resistance_protein|COPD,930,575812,576741,+
Escherichia_coli_B3008,Escherichia_coli_B3008,591553,591831,279,MEG_2661|Multi-compound|Biocide_and_metal_resistance|Biocide_and_metal_resistance_protein|DPR,MEG_2661|Multi-compound|Biocide_and_metal_resistance|Biocide_and_metal_resistance_protein|DPR,519,588420,588938,+
Escherichia_coli_B3008,Escherichia_coli_B3008,615905,617446,1542,MEG_1739|Multi-compound|Drug_and_biocide_and_metal_resistance|Drug_and_biocide_and_metal_RND_efflux_pumps|CMEB,MEG_1739|Multi-compound|Drug_and_biocide_and_metal_resistance|Drug_and_biocide_and_metal_RND_efflux_pumps|CMEB,3123,613012,616134,+
Escherichia_coli_B3008,Escherichia_coli_B3008,617586,618122,537,MEG_3633|Drugs|betalactams|Class_B_betalactamases|LRA,MEG_3633|Drugs|betalactams|Class_B_betalactamases|LRA,1161,616274,617434,+
Escherichia_coli_B3008,Escherichia_coli_B3008,634752,635018,267,MEG_6595|Drugs|Sulfonamides|Sulfonamide-resistant_dihydropteroate_synthases|SULI,MEG_6595|Drugs|Sulfonamides|Sulfonamide-resistant_dihydropteroate_synthases|SULI,840,634064,634903,+
Escherichia_coli_B3008,Escherichia_coli_B3008,665567,665824,258,MEG_972|Drugs|Aminoglycosides|Aminoglycoside_O-nucleotidyltransferases|ANT3-DPRIME,MEG_972|Drugs|Aminoglycosides|Aminoglycoside_O-nucleotidyltransferases|ANT3-DPRIME,780,665452,666231,+
Escherichia_coli_B3008,Escherichia_coli_B3008,666065,666697,633,MEG_3874|Metals|Mercury_resistance|Mercury_resistance_protein|MERP,MEG_3874|Metals|Mercury_resistance|Mercury_resistance_protein|MERP,276,666472,666747,+
Escherichia_coli_B3008,Escherichia_coli_B3008,709598,710806,1209,MEG_2038|Metals|Copper_resistance|Copper_resistance_protein|COPB,MEG_2038|Metals|Copper_resistance|Copper_resistance_protein|COPB,981,709648,710628,+
Escherichia_coli_B3008,Escherichia_coli_B3008,719437,720663,1227,MEG_4337|Multi-compound|Drug_and_biocide_resistance|Drug_and_biocide_RND_efflux_pumps|OQXB,MEG_4337|Multi-compound|Drug_and_biocide_resistance|Drug_and_biocide_RND_efflux_pumps|OQXB,3153,719259,722411,+
Escherichia_coli_B3008,Escherichia_coli_B3008,815285,816362,1078,MEG_11436|Biocides|Peroxide_resistance|Peroxide_resistance_stress_protein|KATP,MEG_11436|Biocides|Peroxide_resistance|Peroxide_resistance_stress_protein|KATP,2211,817033,819243,+
Escherichia_coli_B3008,Escherichia_coli_B3008,867004,868752,1749,MEG_6607|Drugs|Sulfonamides|Sulfonamide-resistant_dihydropteroate_synthases|SULI,MEG_6607|Drugs|Sulfonamides|Sulfonamide-resistant_dihydropteroate_synthases|SULI,840,869885,870724,+
Escherichia_coli_B3008,Escherichia_coli_B3008,944287,945009,723,MEG_1118|Drugs|Multi-drug_resistance|MDR_regulator|ARLS,MEG_1118|Drugs|Multi-drug_resistance|MDR_regulator|ARLS,1356,946259,947614,+
Escherichia_coli_B3008,Escherichia_coli_B3008,986187,987419,1233,MEG_2048|Metals|Copper_resistance|Copper_resistance_protein|COPC,MEG_2048|Metals|Copper_resistance|Copper_resistance_protein|COPC,381,988792,989172,+
Escherichia_coli_B3008,Escherichia_coli_B3008,1017765,1018232,468,MEG_8806|Drugs|Lipopeptides|Colistin_phosphoethanolamine_transferase|MCR,MEG_8806|Drugs|Lipopeptides|Colistin_phosphoethanolamine_transferase|MCR,1617,1019518,1021134,+
Escherichia_coli_B3008,Escherichia_coli_B3008,1082966,1084024,1059,MEG_6611|Drugs|Sulfonamides|Sulfonamide-resistant_dihydropteroate_synthases|SULI,MEG_6611|Drugs|Sulfonamides|Sulfonamide-resistant_dihydropteroate_synthases|SULI,840,1085868,1086707,+
Escherichia_coli_B3008,Escherichia_coli_B3008,1084026,1085489,1464,MEG_11466|Drugs|Tetracyclines|Tetracycline_resistance_MFS_efflux_pumps|TETE,MEG_11466|Drugs|Tetracyclines|Tetracycline_resistance_MFS_efflux_pumps|TETE,1218,1086709,1087926,+
Escherichia_coli_B3008,Escherichia_coli_B3008,1085934,1086722,789,MEG_2665|Multi-compound|Biocide_and_metal_resistance|Biocide_and_metal_resistance_protein|DPSA,MEG_2665|Multi-compound|Biocide_and_metal_resistance|Biocide_and_metal_resistance_protein|DPSA,489,1088371,1088859,+
Escherichia_coli_B3008,Escherichia_coli_B3008,1095755,1096696,942,MEG_7858|Metals|Zinc_resistance|Zinc_resistance_protein|ZNUB,MEG_7858|Metals|Zinc_resistance|Zinc_resistance_protein|ZNUB,786,1097892,1098677,+
Escherichia_coli_B3008,Escherichia_coli_B3008,1159583,1160260,678,MEG_5412|Metals|Lead_resistance|Lead_P-type_ATPase_transporter|PBRD,MEG_5412|Metals|Lead_resistance|Lead_P-type_ATPase_transporter|PBRD,870,1161564,1162433,+
Escherichia_coli_B3008,Escherichia_coli_B3008,1164452,1164595,144,MEG_2992|Drugs|Fosfomycin|Fosfomycin_thiol_transferases|FOSA,MEG_2992|Drugs|Fosfomycin|Fosfomycin_thiol_transferases|FOSA,429,1166625,1167053,+
Escherichia_coli_B3008,Escherichia_coli_B3008,1189654,1190476,823,MEG_11312|Drugs|Fosfomycin|Fosfomycin_thiol_transferases|FOSA,MEG_11312|Drugs|Fosfomycin|Fosfomycin_thiol_transferases|FOSA,408,1192112,1192519,+
Escherichia_coli_B3008,Escherichia_coli_B3008,1190501,1192033,1533,MEG_6956|Metals|Tellurium_resistance|Tellurium_resistance_protein|TERB,MEG_6956|Metals|Tellurium_resistance|Tellurium_resistance_protein|TERB,369,1192544,1192912,+
Escherichia_coli_B3008,Escherichia_coli_B3008,1198852,1200462,1611,MEG_2919|Drugs|Phenicol|Phenicol_resistance_MFS_efflux_pumps|FLOR,MEG_2919|Drugs|Phenicol|Phenicol_resistance_MFS_efflux_pumps|FLOR,1215,1199731,1200945,+
Escherichia_coli_B3008,Escherichia_coli_B3008,1214029,1215930,1902,MEG_2656|Multi-compound|Biocide_and_metal_resistance|Biocide_and_metal_resistance_protein|DPR,MEG_2656|Multi-compound|Biocide_and_metal_resistance|Biocide_and_metal_resistance_protein|DPR,519,1214512,1215030,+
Escherichia_coli_B3008,Escherichia_coli_B3008,1280378,1283521,3144,MEG_11452|Drugs|Lipopeptides|Colistin_phosphoethanolamine_transferase|MCR,MEG_11452|Drugs|Lipopeptides|Colistin_phosphoethanolamine_transferase|MCR,1698,1279478,1281175,+
Escherichia_coli_B3008,Escherichia_coli_B3008,1283533,1284756,1224,MEG_9994|Drugs|Fluoroquinolones|Fluoroquinolone-resistant_DNA_topoisomerases|GYRA,MEG_9994|Drugs|Fluoroquinolones|Fluoroquinolone-resistant_DNA_topoisomerases|GYRA,2508,1281187,1283694,+
Escherichia_coli_B3008,Escherichia_coli_B3008,1284772,1285104,333,MEG_2478|Metals|Multi-metal_resistance|Multi-metal_RND_efflux_pumps|CZNC,MEG_2478|Metals|Multi-metal_resistance|Multi-metal_RND_efflux_pumps|CZNC,1275,1283710,1284984,+
Escherichia_coli_B3008,Escherichia_coli_B3008,1285262,1286635,1374,MEG_4169|Metals|Nickel_resistance|Nickel_ABC_efflux_pumps|NIKB,MEG_4169|Metals|Nickel_resistance|Nickel_ABC_efflux_pumps|NIKB,945,1285142,1286086,+
Escherichia_coli_B3008,Escherichia_coli_B3008,1286792,1288888,2097,MEG_7464|Drugs|Glycopeptides|VanB-type_regulator|VANRB,MEG_7464|Drugs|Glycopeptides|VanB-type_regulator|VANRB,663,1286243,1286905,+
Escherichia_coli_B3008,Escherichia_coli_B3008,1348604,1350047,1444,MEG_2023|Metals|Copper_resistance|Copper_resistance_protein|COPA,MEG_2023|Metals|Copper_resistance|Copper_resistance_protein|COPA,1860,1346621,1348480,+
Escherichia_coli_B3008,Escherichia_coli_B3008,1351566,1351973,408,MEG_11287|Drugs|Aminoglycosides|Aminoglycoside_N-acetyltransferases|AAC6-PRIME,MEG_11287|Drugs|Aminoglycosides|Aminoglycoside_N-acetyltransferases|AAC6-PRIME,429,1349999,1350427,+
Escherichia_coli_B3008,Escherichia_coli_B3008,1354587,1354798,212,MEG_3669|Drugs|Lipopeptides|Colistin_phosphoethanolamine_transferase|MCR,MEG_3669|Drugs|Lipopeptides|Colistin_phosphoethanolamine_transferase|MCR,1626,1353041,1354666,+
Escherichia_coli_B3008,Escherichia_coli_B3008,1380953,1382146,1194,MEG_11438|Biocides|Peroxide_resistance|Peroxide_resistance_stress_protein|SODC,MEG_11438|Biocides|Peroxide_resistance|Peroxide_resistance_stress_protein|SODC,534,1380821,1381354,+
Escherichia_coli_B3008,Escherichia_coli_B3008,1382169,1385318,3150,MEG_1755|Drugs|Phenicol|Phenicol_resistance_MFS_efflux_pumps|CMLA,MEG_1755|Drugs|Phenicol|Phenicol_resistance_MFS_efflux_pumps|CMLA,1260,1381377,1382636,+
Escherichia_coli_B3008,Escherichia_coli_B3008,1394201,1395918,1718,MEG_1181|Biocides|Acid_resistance|Acid_resistance_protein|ASR,MEG_1181|Biocides|Acid_resistance|Acid_resistance_protein|ASR,336,1391519,1391854,+
Escherichia_coli_B3008,Escherichia_coli_B3008,1481490,1482647,1158,MEG_6159|Drugs|Nucleosides|Streptothricin_acetyltransferase|SAT,MEG_6159|Drugs|Nucleosides|Streptothricin_acetyltransferase|SAT,1506,1477426,1478931,+
Escherichia_coli_B3008,Escherichia_coli_B3008,1495702,1496811,1110,MEG_1159|Metals|Arsenic_resistance|Arsenic_resistance_protein|ARSC,MEG_1159|Metals|Arsenic_resistance|Arsenic_resistance_protein|ARSC,420,1491986,1492405,+
Escherichia_coli_B3008,Escherichia_coli_B3008,1644995,1645429,435,MEG_7848|Metals|Zinc_resistance|Zinc_resistance_regulator|ZIAR,MEG_7848|Metals|Zinc_resistance|Zinc_resistance_regulator|ZIAR,399,1640589,1640987,+
Escherichia_coli_B3008,Escherichia_coli_B3008,1645647,1647724,2078,MEG_4203|Biocides|Paraquat_resistance|Paraquat_resistance_protein|NMPC,MEG_4203|Biocides|Paraquat_resistance|Paraquat_resistance_protein|NMPC,1089,1641205,1642293,+
Escherichia_coli_B3008,Escherichia_coli_B3008,1647779,1648708,930,MEG_3847|Metals|Mercury_resistance|Mercury_resistance_protein|MERB,MEG_3847|Metals|Mercury_resistance|Mercury_resistance_protein|MERB,639,1642348,1642986,+
Escherichia_coli_B3008,Escherichia_coli_B3008,1648713,1649093,381,MEG_7269|Metals|Tellurium_resistance|Tellurium_resistance_protein|TRGA,MEG_7269|Metals|Tellurium_resistance|Tellurium_resistance_protein|TRGA,441,1642991,1643431,+
Escherichia_coli_B3008,Escherichia_coli_B3008,1649133,1650023,891,MEG_1562|Drugs|Phenicol|Chloramphenicol_acetyltransferases|CATA,MEG_1562|Drugs|Phenicol|Chloramphenicol_acetyltransferases|CATA,642,1643471,1644112,+
Escherichia_coli_B3008,Escherichia_coli_B3008,1650029,1651846,1818,MEG_10189|Drugs|Tetracyclines|Tetracycline_resistance_ABC_efflux_pumps|TETA60,MEG_10189|Drugs|Tetracyclines|Tetracycline_resistance_ABC_efflux_pumps|TETA60,1740,1644118,1645857,+
Escherichia_coli_B3008,Escherichia_coli_B3008,1653828,1656304,2477,MEG_5884|Drugs|Fluoroquinolones|Quinolone_resistance_protein_Qnr|QNRB,MEG_5884|Drugs|Fluoroquinolones|Quinolone_resistance_protein_Qnr|QNRB,645,1647839,1648483,+
Escherichia_coli_B3008,Escherichia_coli_B3008,1656933,1660075,3143,MEG_6089|Drugs|Rifampin|Rifampin_phosphotransferase|RPH,MEG_6089|Drugs|Rifampin|Rifampin_phosphotransferase|RPH,2655,1649112,1651766,+
Escherichia_coli_B3008,Escherichia_coli_B3008,1660086,1661378,1293,MEG_2897|Metals|Multi-metal_resistance|Multi-metal_ABC_efflux_pumps|FECE,MEG_2897|Metals|Multi-metal_resistance|Multi-metal_ABC_efflux_pumps|FECE,768,1651777,1652544,+
Escherichia_coli_B3008,Escherichia_coli_B3008,1661492,1661845,354,MEG_7774|Biocides|Multi-biocide_resistance|Multi-biocide_RND_efflux_pump|VMEA,MEG_7774|Biocides|Multi-biocide_resistance|Multi-biocide_RND_efflux_pump|VMEA,1140,1652658,1653797,+
Escherichia_coli_B3008,Escherichia_coli_B3008,1661874,1663259,1386,MEG_3064|Metals|Iron_resistance|Iron_resistance_regulator|FURA,MEG_3064|Metals|Iron_resistance|Iron_resistance_regulator|FURA,453,1653826,1654278,+
Escherichia_coli_B3008,Escherichia_coli_B3008,1663449,1665597,2149,MEG_6168|Drugs|Nucleosides|Streptothricin_acetyltransferase|SAT,MEG_6168|Drugs|Nucleosides|Streptothricin_acetyltransferase|SAT,570,1654468,1655037,+
Escherichia_coli_B3008,Escherichia_coli_B3008,1665848,1666279,432,MEG_405|Multi-compound|Drug_and_biocide_and_metal_resistance|Drug_and_biocide_and_metal_RND_efflux_pumps|ACRD,MEG_405|Multi-compound|Drug_and_biocide_and_metal_resistance|Drug_and_biocide_and_metal_RND_efflux_pumps|ACRD,3117,1655288,1658404,+
Escherichia_coli_B3008,Escherichia_coli_B3008,1701952,1702662,711,MEG_8657|Drugs|Fluoroquinolones|Quinolone_resistance_protein_Qnr|QNRE,MEG_8657|Drugs|Fluoroquinolones|Quinolone_resistance_protein_Qnr|QNRE,645,1694077,1694721,+
Escherichia_coli_B3008,Escherichia_coli_B3008,1779088,1780638,1551,MEG_371|Drugs|Multi-drug_resistance|Multi-drug_ABC_efflux_pumps|ABCA,MEG_371|Drugs|Multi-drug_resistance|Multi-drug_ABC_efflux_pumps|ABCA,4359,1771147,1775505,+
Escherichia_coli_B3008,Escherichia_coli_B3008,1832407,1833351,945,MEG_8087|Biocides|Aldehyde_resistance|Aldehyde_degradation|FORMA,MEG_8087|Biocides|Aldehyde_resistance|Aldehyde_degradation|FORMA,1110,1827274,1828383,+
Escherichia_coli_B3008,Escherichia_coli_B3008,1859219,1861573,2355,MEG_4178|Drugs|Metronidazole|nim_nitroimidazole_reductase|NIMA,MEG_4178|Drugs|Metronidazole|nim_nitroimidazole_reductase|NIMA,457,1854251,1854707,+
Escherichia_coli_B3008,Escherichia_coli_B3008,1864722,1865099,378,MEG_4182|Drugs|Metronidazole|nim_nitroimidazole_reductase|NIMD,MEG_4182|Drugs|Metronidazole|nim_nitroimidazole_reductase|NIMD,495,1857856,1858350,+
Escherichia_coli_B3008,Escherichia_coli_B3008,1901784,1902950,1167,MEG_2561|Drugs|Trimethoprim|Dihydrofolate_reductase|DFRB,MEG_2561|Drugs|Trimethoprim|Dihydrofolate_reductase|DFRB,237,1895035,1895271,+
Escherichia_coli_B3008,Escherichia_coli_B3008,1926778,1927647,870,MEG_6540|Biocides|Peroxide_resistance|peroxide_resistance_protein|SODA,MEG_6540|Biocides|Peroxide_resistance|peroxide_resistance_protein|SODA,621,1919099,1919719,+
Escherichia_coli_B3008,Escherichia_coli_B3008,1996446,1997654,1209,MEG_3896|Metals|Mercury_resistance|Mercury_resistance_protein|MERT,MEG_3896|Metals|Mercury_resistance|Mercury_resistance_protein|MERT,351,1988518,1988868,+
Escherichia_coli_B3008,Escherichia_coli_B3008,2039099,2041795,2697,MEG_7845|Metals|Zinc_resistance|Zinc_resistance_protein|ZEVA,MEG_7845|Metals|Zinc_resistance|Zinc_resistance_protein|ZEVA,621,2030313,2030933,+
Escherichia_coli_B3008,Escherichia_coli_B3008,2136984,2138117,1134,MEG_2702|Biocides|Acid_resistance|Acid_resistance_protein|EEFX,MEG_2702|Biocides|Acid_resistance|Acid_resistance_protein|EEFX,186,2126122,2126307,+
Escherichia_coli_B3008,Escherichia_coli_B3008,2138736,2139202,467,MEG_9964|Drugs|Fluoroquinolones|Quinolone_resistance_protein_Qnr|QNRS,MEG_9964|Drugs|Fluoroquinolones|Quinolone_resistance_protein_Qnr|QNRS,654,2126926,2127579,+
Escherichia_coli_B3008,Escherichia_coli_B3008,2150570,2150908,339,MEG_1034|Drugs|Aminoglycosides|Aminoglycoside_O-phosphotransferases|APH3-DPRIME,MEG_1034|Drugs|Aminoglycosides|Aminoglycoside_O-phosphotransferases|APH3-DPRIME,807,2138947,2139753,+
Escherichia_coli_B3008,Escherichia_coli_B3008,2217730,2219373,1644,MEG_1715|Metals|Chromium_resistance|Chromium_resistance_regulator|CHRF,MEG_1715|Metals|Chromium_resistance|Chromium_resistance_regulator|CHRF,423,2206575,2206997,+
Escherichia_coli_B3008,Escherichia_coli_B3008,2248704,2253249,4546,MEG_1130|Drugs|Rifampin|Rifampin_ADP-ribosyltransferase_Arr|ARR,MEG_1130|Drugs|Rifampin|Rifampin_ADP-ribosyltransferase_Arr|ARR,453,2236328,2236780,+
Escherichia_coli_B3008,Escherichia_coli_B3008,2267800,2269449,1650,MEG_6541|Biocides|Peroxide_resistance|peroxide_resistance_protein|SODA,MEG_6541|Biocides|Peroxide_resistance|peroxide_resistance_protein|SODA,612,2251331,2251942,+
Escherichia_coli_B3008,Escherichia_coli_B3008,2274770,2275234,465,MEG_3140|Multi-compound|Biocide_and_metal_resistance|Biocide_and_metal_resistance_protein|GLPF,MEG_3140|Multi-compound|Biocide_and_metal_resistance|Biocide_and_metal_resistance_protein|GLPF,846,2257263,2258108,+
Escherichia_coli_B3008,Escherichia_coli_B3008,2275320,2275643,324,MEG_3856|Metals|Mercury_resistance|Mercury_resistance_protein|MERB,MEG_3856|Metals|Mercury_resistance|Mercury_resistance_protein|MERB,657,2258194,2258850,+
Escherichia_coli_B3008,Escherichia_coli_B3008,2292758,2293273,516,MEG_5413|Metals|Lead_resistance|Lead_P-type_ATPase_regulator|PBRR,MEG_5413|Metals|Lead_resistance|Lead_P-type_ATPase_regulator|PBRR,453,2275965,2276417,+
Escherichia_coli_B3008,Escherichia_coli_B3008,2329147,2329971,825,MEG_8021|Drugs|Phenicol|Phenicol_resistance_MFS_efflux_pumps|CML,MEG_8021|Drugs|Phenicol|Phenicol_resistance_MFS_efflux_pumps|CML,1203,2312291,2313493,+
Escherichia_coli_B3008,Escherichia_coli_B3008,2347480,2349602,2123,MEG_2845|Drugs|MLS|23S_rRNA_methyltransferases|ERMS,MEG_2845|Drugs|MLS|23S_rRNA_methyltransferases|ERMS,960,2331002,2331961,+
Escherichia_coli_B3008,Escherichia_coli_B3008,2349887,2350178,292,MEG_1754|Drugs|Phenicol|Phenicol_resistance_MFS_efflux_pumps|CMLA,MEG_1754|Drugs|Phenicol|Phenicol_resistance_MFS_efflux_pumps|CMLA,1260,2332246,2333505,+
Escherichia_coli_B3008,Escherichia_coli_B3008,2436061,2436906,846,MEG_6034|Drugs|Fluoroquinolones|Quinolone_resistance_protein_Qnr|QNRVC,MEG_6034|Drugs|Fluoroquinolones|Quinolone_resistance_protein_Qnr|QNRVC,657,2419388,2420044,+
Escherichia_coli_B3008,Escherichia_coli_B3008,2446780,2447682,903,MEG_2755|Drugs|MLS|23S_rRNA_methyltransferases|ERM,MEG_2755|Drugs|MLS|23S_rRNA_methyltransferases|ERM,969,2429918,2430886,+
Escherichia_coli_B3008,Escherichia_coli_B3008,2448481,2450549,2069,MEG_3810|Drugs|MLS|MLS_resistance_MFS_efflux_pumps|MEFA,MEG_3810|Drugs|MLS|MLS_resistance_MFS_efflux_pumps|MEFA,1218,2431685,2432902,+
Escherichia_coli_B3008,Escherichia_coli_B3008,2452721,2453341,621,MEG_503|Metals|Copper_resistance|Copper_resistance_protein|ACTPC,MEG_503|Metals|Copper_resistance|Copper_resistance_protein|ACTPC,2526,2435074,2437599,+
Escherichia_coli_B3008,Escherichia_coli_B3008,2506834,2507460,627,MEG_3287|Biocides|Peroxide_resistance|Peroxide_resistance_stress_protein|IBPA,MEG_3287|Biocides|Peroxide_resistance|Peroxide_resistance_stress_protein|IBPA,414,2491092,2491505,+
Escherichia_coli_B3008,Escherichia_coli_B3008,2548015,2548965,951,MEG_11328|Metals|Arsenic_resistance|Arsenic_resistance_protein|ARSD,MEG_11328|Metals|Arsenic_resistance|Arsenic_resistance_protein|ARSD,366,2532060,2532425,+
Escherichia_coli_B3008,Escherichia_coli_B3008,2637309,2638349,1041,MEG_7785|Biocides|Multi-biocide_resistance|Multi-biocide_RND_efflux_pump|VMEB,MEG_7785|Biocides|Multi-biocide_resistance|Multi-biocide_RND_efflux_pump|VMEB,3162,2620769,2623930,+
Escherichia_coli_B3008,Escherichia_coli_B3008,2638435,2640284,1850,MEG_4173|Metals|Nickel_resistance|Nickel_ABC_efflux_pumps|NIKE,MEG_4173|Metals|Nickel_resistance|Nickel_ABC_efflux_pumps|NIKE,807,2624016,2624822,+
Escherichia_coli_B3008,Escherichia_coli_B3008,2640467,2641240,774,MEG_1190|Drugs|Bacitracin|Undecaprenyl_pyrophosphate_phosphatase|BACA,MEG_1190|Drugs|Bacitracin|Undecaprenyl_pyrophosphate_phosphatase|BACA,822,2625005,2625826,+
Escherichia_coli_B3008,Escherichia_coli_B3008,2653622,2654188,567,MEG_6140|Biocides|Multi-biocide_resistance|Multi-biocide_resistance_regulator|RPOS,MEG_6140|Biocides|Multi-biocide_resistance|Multi-biocide_resistance_regulator|RPOS,1089,2638208,2639296,+
Escherichia_coli_B3008,Escherichia_coli_B3008,2681419,2681832,414,MEG_6581|Drugs|Sulfonamides|Sulfonamide-resistant_dihydropteroate_synthases|SULI,MEG_6581|Drugs|Sulfonamides|Sulfonamide-resistant_dihydropteroate_synthases|SULI,840,2666527,2667366,+
Escherichia_coli_B3008,Escherichia_coli_B3008,2681938,2682372,435,MEG_11313|Drugs|Fosfomycin|Fosfomycin_thiol_transferases|FOSX,MEG_11313|Drugs|Fosfomycin|Fosfomycin_thiol_transferases|FOSX,411,2667472,2667882,+
Escherichia_coli_B3008,Escherichia_coli_B3008,2691325,2692515,1191,MEG_6649|Drugs|Tetracenomycin|Tetracenomycin_MFS_efflux_pump|TCMA,MEG_6649|Drugs|Tetracenomycin|Tetracenomycin_MFS_efflux_pump|TCMA,1617,2676835,2678451,+
Escherichia_coli_B3008,Escherichia_coli_B3008,2892140,2893540,1401,MEG_7778|Biocides|Multi-biocide_resistance|Multi-biocide_RND_efflux_pump|VMEA,MEG_7778|Biocides|Multi-biocide_resistance|Multi-biocide_RND_efflux_pump|VMEA,1140,2878076,2879215,+
Escherichia_coli_B3008,Escherichia_coli_B3008,2893910,2894734,825,MEG_4192|Drugs|Metronidazole|nim_nitroimidazole_reductase|NIMI,MEG_4192|Drugs|Metronidazole|nim_nitroimidazole_reductase|NIMI,463,2879585,2880047,+
Escherichia_coli_B3008,Escherichia_coli_B3008,2895102,2895830,729,MEG_3066|Drugs|Fusidic_acid|Ribosomal_zinc-binding_protein|FUSB,MEG_3066|Drugs|Fusidic_acid|Ribosomal_zinc-binding_protein|FUSB,642,2880415,2881056,+
Escherichia_coli_B3008,Escherichia_coli_B3008,2896193,2899306,3114,MEG_3015|Drugs|Fosfomycin|Fosfomycin_thiol_transferases|FOSB,MEG_3015|Drugs|Fosfomycin|Fosfomycin_thiol_transferases|FOSB,420,2881419,2881838,+
Escherichia_coli_B3008,Escherichia_coli_B3008,2899331,2900488,1158,MEG_3289|Biocides|Peroxide_resistance|Peroxide_resistance_stress_protein|IBPB,MEG_3289|Biocides|Peroxide_resistance|Peroxide_resistance_stress_protein|IBPB,435,2881863,2882297,+
Escherichia_coli_B3008,Escherichia_coli_B3008,2900827,2901354,528,MEG_11472|Drugs|Multi-drug_resistance|Multi-drug_RND_efflux_pumps|MEXC1,MEG_11472|Drugs|Multi-drug_resistance|Multi-drug_RND_efflux_pumps|MEXC1,1164,2882636,2883799,+
Escherichia_coli_B3008,Escherichia_coli_B3008,2902980,2903312,333,MEG_2982|Drugs|Fosfomycin|Fosfomycin_thiol_transferases|FOSA,MEG_2982|Drugs|Fosfomycin|Fosfomycin_thiol_transferases|FOSA,390,2885425,2885814,+
Escherichia_coli_B3008,Escherichia_coli_B3008,2903416,2903754,339,MEG_5849|Multi-compound|Drug_and_biocide_resistance|Drug_and_biocide_SMR_efflux_pumps|QACJ,MEG_5849|Multi-compound|Drug_and_biocide_resistance|Drug_and_biocide_SMR_efflux_pumps|QACJ,324,2885918,2886241,+
Escherichia_coli_B3008,Escherichia_coli_B3008,2907859,2908284,426,MEG_2010|Metals|Multi-metal_resistance|Multi-metal_resistance_protein|CNRC,MEG_2010|Metals|Multi-metal_resistance|Multi-metal_resistance_protein|CNRC,1257,2890346,2891602,+
Escherichia_coli_B3008,Escherichia_coli_B3008,2908297,2909586,1290,MEG_5787|Metals|Multi-metal_resistance|Multi-metal_resistance_protein|PITA,MEG_5787|Metals|Multi-metal_resistance|Multi-metal_resistance_protein|PITA,1500,2891615,2893114,+
Escherichia_coli_B3008,Escherichia_coli_B3008,2909640,2909993,354,MEG_11357|Drugs|Organoarsenicals|Arsinothricin_resistance_N-acetyltransferases|ARSN1,MEG_11357|Drugs|Organoarsenicals|Arsinothricin_resistance_N-acetyltransferases|ARSN1,561,2893168,2893728,+
Escherichia_coli_B3008,Escherichia_coli_B3008,2919382,2920881,1500,MEG_4090|Drugs|Mupirocin|Mupirocin-resistant_isoleucyl-tRNA_synthetase|MUPA,MEG_4090|Drugs|Mupirocin|Mupirocin-resistant_isoleucyl-tRNA_synthetase|MUPA,3075,2903117,2906191,+
Escherichia_coli_B3008,Escherichia_coli_B3008,2939505,2939936,432,MEG_5971|Drugs|Fluoroquinolones|Quinolone_resistance_protein_Qnr|QNRB,MEG_5971|Drugs|Fluoroquinolones|Quinolone_resistance_protein_Qnr|QNRB,681,2924815,2925495,+
Escherichia_coli_B3008,Escherichia_coli_B3008,2939942,2944857,4916,MEG_4000|Metals|Multi-metal_resistance|Multi-metal_resistance_protein|MNTR,MEG_4000|Metals|Multi-metal_resistance|Multi-metal_resistance_protein|MNTR,468,2925501,2925968,+
Escherichia_coli_B3008,Escherichia_coli_B3008,2949875,2952073,2199,MEG_2920|Drugs|Phenicol|Phenicol_resistance_MFS_efflux_pumps|FLOR,MEG_2920|Drugs|Phenicol|Phenicol_resistance_MFS_efflux_pumps|FLOR,1215,2930986,2932200,+
Escherichia_coli_B3008,Escherichia_coli_B3008,3073242,3073874,633,MEG_1907|Drugs|betalactams|Class_C_betalactamases|CMY,MEG_1907|Drugs|betalactams|Class_C_betalactamases|CMY,1146,3053369,3054514,+
Escherichia_coli_B3008,Escherichia_coli_B3008,3120864,3121289,426,MEG_6608|Drugs|Sulfonamides|Sulfonamide-resistant_dihydropteroate_synthases|SULI,MEG_6608|Drugs|Sulfonamides|Sulfonamide-resistant_dihydropteroate_synthases|SULI,831,3101504,3102334,+
Escherichia_coli_B3008,Escherichia_coli_B3008,3141864,3144968,3105,MEG_7438|Drugs|Glycopeptides|VanD-type_resistance_protein|VANHD,MEG_7438|Drugs|Glycopeptides|VanD-type_resistance_protein|VANHD,2695,3122909,3125603,+
Escherichia_coli_B3008,Escherichia_coli_B3008,3144980,3146137,1158,MEG_6622|Drugs|Sulfonamides|Sulfonamide-resistant_dihydropteroate_synthases|SULII,MEG_6622|Drugs|Sulfonamides|Sulfonamide-resistant_dihydropteroate_synthases|SULII,816,3125615,3126430,+
Escherichia_coli_B3008,Escherichia_coli_B3008,3146536,3147198,663,MEG_4083|Multi-compound|Drug_and_biocide_resistance|Drug_and_biocide_RND_efflux_pumps|MTRD,MEG_4083|Multi-compound|Drug_and_biocide_resistance|Drug_and_biocide_RND_efflux_pumps|MTRD,3204,3126829,3130032,+
Escherichia_coli_B3008,Escherichia_coli_B3008,3174955,3175269,315,MEG_7859|Metals|Zinc_resistance|Zinc_resistance_protein|ZNUC,MEG_7859|Metals|Zinc_resistance|Zinc_resistance_protein|ZNUC,756,3157789,3158544,+
Escherichia_coli_B3008,Escherichia_coli_B3008,3344477,3345241,765,MEG_4299|Biocides|Multi-biocide_resistance|Multi-biocide_RND_efflux_pump|OPRM,MEG_4299|Biocides|Multi-biocide_resistance|Multi-biocide_RND_efflux_pump|OPRM,889,3327752,3328640,+
Escherichia_coli_B3008,Escherichia_coli_B3008,3356836,3357657,822,MEG_1165|Metals|Arsenic_resistance|Arsenic_resistance_protein|ARSD,MEG_1165|Metals|Arsenic_resistance|Arsenic_resistance_protein|ARSD,363,3340235,3340597,+
Escherichia_coli_B3008,Escherichia_coli_B3008,3376306,3377103,798,MEG_7184|Drugs|Tetracyclines|Tetracycline_resistance_ribosomal_protection_proteins|TETQ,MEG_7184|Drugs|Tetracyclines|Tetracycline_resistance_ribosomal_protection_proteins|TETQ,1926,3359246,3361171,+
Escherichia_coli_B3008,Escherichia_coli_B3008,3381379,3381520,142,MEG_5968|Drugs|Fluoroquinolones|Quinolone_resistance_protein_Qnr|QNRB,MEG_5968|Drugs|Fluoroquinolones|Quinolone_resistance_protein_Qnr|QNRB,680,3365447,3366126,+
Escherichia_coli_B3008,Escherichia_coli_B3008,3389950,3390342,393,MEG_2549|Drugs|Trimethoprim|Dihydrofolate_reductase|DFRA,MEG_2549|Drugs|Trimethoprim|Dihydrofolate_reductase|DFRA,474,3374556,3375029,+
Escherichia_coli_B3008,Escherichia_coli_B3008,3423256,3424748,1493,MEG_7818|Biocides|Peroxide_resistance|peroxide_resistance_protein|YDEI,MEG_7818|Biocides|Peroxide_resistance|peroxide_resistance_protein|YDEI,393,3407943,3408335,+
Escherichia_coli_B3008,Escherichia_coli_B3008,3457169,3458893,1725,MEG_1708|Metals|Chromium_resistance|Chromium_resistance_protein|CHRA,MEG_1708|Metals|Chromium_resistance|Chromium_resistance_protein|CHRA,1125,3440756,3441880,+
Escherichia_coli_B3008,Escherichia_coli_B3008,3538980,3539690,711,MEG_2989|Drugs|Fosfomycin|Fosfomycin_thiol_transferases|FOSA,MEG_2989|Drugs|Fosfomycin|Fosfomycin_thiol_transferases|FOSA,408,3521967,3522374,+
Escherichia_coli_B3008,Escherichia_coli_B3008,3720578,3721606,1029,MEG_7235|Drugs|Tetracyclines|Tetracycline_resistance_ribosomal_protection_proteins|TETW,MEG_7235|Drugs|Tetracyclines|Tetracycline_resistance_ribosomal_protection_proteins|TETW,1920,3703262,3705181,+
Escherichia_coli_B3008,Escherichia_coli_B3008,3774190,3775728,1539,MEG_6054|Drugs|Rifampin|Rifampin_glycosyltransferase|RGT,MEG_6054|Drugs|Rifampin|Rifampin_glycosyltransferase|RGT,1236,3757765,3759000,+
Escherichia_coli_B3008,Escherichia_coli_B3008,3775745,3776917,1173,MEG_5772|Biocides|Peroxide_resistance|peroxide_resistance_regulator|PERR,MEG_5772|Biocides|Peroxide_resistance|peroxide_resistance_regulator|PERR,447,3759017,3759463,+
Escherichia_coli_B3008,Escherichia_coli_B3008,3777044,3777574,531,MEG_1584|Drugs|Phenicol|Chloramphenicol_acetyltransferases|CATA,MEG_1584|Drugs|Phenicol|Chloramphenicol_acetyltransferases|CATA,660,3759590,3760249,+
Escherichia_coli_B3008,Escherichia_coli_B3008,3827235,3827918,684,MEG_6542|Biocides|Peroxide_resistance|peroxide_resistance_protein|SODA,MEG_6542|Biocides|Peroxide_resistance|peroxide_resistance_protein|SODA,621,3809910,3810530,+
Escherichia_coli_B3008,Escherichia_coli_B3008,3965156,3965632,477,MEG_7444|Drugs|Glycopeptides|VanL-type_resistance_protein|VANL,MEG_7444|Drugs|Glycopeptides|VanL-type_resistance_protein|VANL,1050,3947768,3948817,+
Escherichia_coli_B3008,Escherichia_coli_B3008,3986310,3989423,3114,MEG_10001|Drugs|betalactams|Class_D_betalactamases|OXA,MEG_10001|Drugs|betalactams|Class_D_betalactamases|OXA,840,3969495,3970334,+
Escherichia_coli_B3008,Escherichia_coli_B3008,4031212,4032516,1305,MEG_1138|Drugs|Rifampin|Rifampin_ADP-ribosyltransferase_Arr|ARR,MEG_1138|Drugs|Rifampin|Rifampin_ADP-ribosyltransferase_Arr|ARR,453,4012123,4012575,+
Escherichia_coli_B3008,Escherichia_coli_B3008,4062656,4063894,1239,MEG_1146|Metals|Arsenic_resistance|Arsenic_resistance_protein|ARSB,MEG_1146|Metals|Arsenic_resistance|Arsenic_resistance_protein|ARSB,1041,4042715,4043755,+
Escherichia_coli_B3008,Escherichia_coli_B3008,4087393,4090986,3594,MEG_7547|Drugs|Glycopeptides|VanA-type_resistance_protein|VANXA,MEG_7547|Drugs|Glycopeptides|VanA-type_resistance_protein|VANXA,609,4067254,4067862,+
Escherichia_coli_B3008,Escherichia_coli_B3008,4090991,4091605,615,MEG_6594|Drugs|Sulfonamides|Sulfonamide-resistant_dihydropteroate_synthases|SULI,MEG_6594|Drugs|Sulfonamides|Sulfonamide-resistant_dihydropteroate_synthases|SULI,840,4067867,4068706,+
Escherichia_coli_B3008,Escherichia_coli_B3008,4092021,4094722,2702,MEG_722|Drugs|Cationic_antimicrobial_peptides|Lipid_A_modification|ALMG,MEG_722|Drugs|Cationic_antimicrobial_peptides|Lipid_A_modification|ALMG,822,4069122,4069943,+
Escherichia_coli_B3008,Escherichia_coli_B3008,4192758,4193726,969,MEG_7384|Drugs|Glycopeptides|VanD-type_resistance_protein|VAND,MEG_7384|Drugs|Glycopeptides|VanD-type_resistance_protein|VAND,1032,4167979,4169010,+
Escherichia_coli_B3008,Escherichia_coli_B3008,4248330,4248573,244,MEG_6543|Biocides|Peroxide_resistance|peroxide_resistance_protein|SODA,MEG_6543|Biocides|Peroxide_resistance|peroxide_resistance_protein|SODA,288,4223614,4223901,+
Escherichia_coli_B3008,Escherichia_coli_B3008,4248882,4249117,236,MEG_6617|Drugs|Sulfonamides|Sulfonamide-resistant_dihydropteroate_synthases|SULII,MEG_6617|Drugs|Sulfonamides|Sulfonamide-resistant_dihydropteroate_synthases|SULII,816,4224210,4225025,+
Escherichia_coli_B3008,Escherichia_coli_B3008,4252209,4253852,1644,MEG_406|Multi-compound|Drug_and_biocide_and_metal_resistance|Drug_and_biocide_and_metal_RND_efflux_pumps|ACRD,MEG_406|Multi-compound|Drug_and_biocide_and_metal_resistance|Drug_and_biocide_and_metal_RND_efflux_pumps|ACRD,3114,4228117,4231230,+
Escherichia_coli_B3008,Escherichia_coli_B3008,4279690,4280880,1191,MEG_6514|Multi-compound|Biocide_and_metal_resistance|Biocide_and_metal_ABC_efflux_pumps|SITB,MEG_6514|Multi-compound|Biocide_and_metal_resistance|Biocide_and_metal_ABC_efflux_pumps|SITB,822,4257068,4257889,+
Escherichia_coli_B3008,Escherichia_coli_B3008,4371975,4372313,339,MEG_8662|Drugs|Metronidazole|rdxA_nitroimidazole_reductase|RDXA,MEG_8662|Drugs|Metronidazole|rdxA_nitroimidazole_reductase|RDXA,633,4348984,4349616,+
Escherichia_coli_B3008,Escherichia_coli_B3008,4372532,4373356,825,MEG_2874|Biocides|Phenolic_compound_resistance|Phenolic_resistance_protein|FABI,MEG_2874|Biocides|Phenolic_compound_resistance|Phenolic_resistance_protein|FABI,771,4349835,4350605,+
Escherichia_coli_B3008,Escherichia_coli_B3008,4373477,4373749,273,MEG_3864|Metals|Mercury_resistance|Mercury_resistance_regulator|MERD,MEG_3864|Metals|Mercury_resistance|Mercury_resistance_regulator|MERD,366,4350726,4351091,+
Escherichia_coli_B3008,Escherichia_coli_B3008,4392383,4394505,2123,MEG_7081|Drugs|Tetracyclines|Tetracycline_resistance_MFS_efflux_pumps|TETG,MEG_7081|Drugs|Tetracyclines|Tetracycline_resistance_MFS_efflux_pumps|TETG,1128,4369725,4370852,+
Escherichia_coli_B3008,Escherichia_coli_B3008,4395918,4403365,7448,MEG_2891|Metals|Multi-metal_resistance|Multi-metal_ABC_efflux_pumps|FBPC,MEG_2891|Metals|Multi-metal_resistance|Multi-metal_ABC_efflux_pumps|FBPC,1071,4372265,4373335,+
Escherichia_coli_B3008,Escherichia_coli_B3008,4415880,4417732,1853,MEG_9982|Drugs|Metronidazole|nim_nitroimidazole_reductase|NIMB,MEG_9982|Drugs|Metronidazole|nim_nitroimidazole_reductase|NIMB,468,4385850,4386317,+
Escherichia_coli_B3008,Escherichia_coli_B3008,4460035,4461201,1167,MEG_7831|Multi-compound|Biocide_and_metal_resistance|Biocide_and_metal_resistance_protein|YGIW,MEG_7831|Multi-compound|Biocide_and_metal_resistance|Biocide_and_metal_resistance_protein|YGIW,393,4428620,4429012,+
Escherichia_coli_B3008,Escherichia_coli_B3008,4512960,4514365,1406,MEG_396|Metals|Iron_resistance|Iron_resistance_protein|ACN,MEG_396|Metals|Iron_resistance|Iron_resistance_protein|ACN,2832,4480771,4483602,+
Escherichia_coli_B3008,Escherichia_coli_B3008,4539420,4540070,651,MEG_6164|Drugs|Nucleosides|Streptothricin_acetyltransferase|SAT,MEG_6164|Drugs|Nucleosides|Streptothricin_acetyltransferase|SAT,522,4508657,4509178,+
Escherichia_coli_B3008,Escherichia_coli_B3008,4546739,4546852,114,MEG_6519|Biocides|Multi-biocide_resistance|Multi-biocide_ABC_efflux_pump|SMDA,MEG_6519|Biocides|Multi-biocide_resistance|Multi-biocide_ABC_efflux_pump|SMDA,1776,4515847,4517622,+
Escherichia_coli_B3008,Escherichia_coli_B3008,4556181,4556408,228,MEG_5901|Drugs|Fluoroquinolones|Quinolone_resistance_protein_Qnr|QNRB,MEG_5901|Drugs|Fluoroquinolones|Quinolone_resistance_protein_Qnr|QNRB,645,4526951,4527595,+
Escherichia_coli_B3008,Escherichia_coli_B3008,4620924,4621670,747,MEG_5276|Drugs|betalactams|Class_D_betalactamases|OXA,MEG_5276|Drugs|betalactams|Class_D_betalactamases|OXA,822,4592111,4592932,+
Escherichia_coli_B3008,Escherichia_coli_B3008,4636500,4637528,1029,MEG_7672|Multi-compound|Drug_and_biocide_resistance|Drug_and_biocide_RND_efflux_pumps|VEXE,MEG_7672|Multi-compound|Drug_and_biocide_resistance|Drug_and_biocide_RND_efflux_pumps|VEXE,1101,4607762,4608862,+
Escherichia_coli_B3008,Escherichia_coli_B3008,4637607,4638539,933,MEG_9992|Drugs|MLS|23S_rRNA_methyltransferases|CFR,MEG_9992|Drugs|MLS|23S_rRNA_methyltransferases|CFR,1074,4608941,4610014,+
Escherichia_coli_B3008,Escherichia_coli_B3008,4673934,4674500,567,MEG_1230|Metals|Iron_resistance|Iron_resistance_protein|BFRA,MEG_1230|Metals|Iron_resistance|Iron_resistance_protein|BFRA,480,4645409,4645888,+
Escherichia_coli_B766,E.coli.B766.final.genome,47522,48655,1134,MEG_2722|Multi-compound|Drug_and_biocide_resistance|Drug_and_biocide_MFS_efflux_pumps|EMRA,MEG_2722|Multi-compound|Drug_and_biocide_resistance|Drug_and_biocide_MFS_efflux_pumps|EMRA,1173,47522,48694,+
Escherichia_coli_B766,E.coli.B766.final.genome,49274,49740,467,MEG_5414|Metals|Lead_resistance|Lead_P-type_ATPase_transporter|PBRT,MEG_5414|Metals|Lead_resistance|Lead_P-type_ATPase_transporter|PBRT,1893,49313,51205,+
Escherichia_coli_B766,E.coli.B766.final.genome,60952,61290,339,MEG_11247|Drugs|Fosfomycin|Fosfomycin_thiol_transferases|FOSA,MEG_11247|Drugs|Fosfomycin|Fosfomycin_thiol_transferases|FOSA,423,62417,62839,+
Escherichia_coli_B766,E.coli.B766.final.genome,90720,92363,1644,MEG_1757|Drugs|Phenicol|Phenicol_resistance_MFS_efflux_pumps|CMLA,MEG_1757|Drugs|Phenicol|Phenicol_resistance_MFS_efflux_pumps|CMLA,1260,92269,93528,+
Escherichia_coli_B766,E.coli.B766.final.genome,115019,119564,4546,MEG_3839|Metals|Mercury_resistance|Mercury_resistance_protein|MERA,MEG_3839|Metals|Mercury_resistance|Mercury_resistance_protein|MERA,359,116184,116542,+
Escherichia_coli_B766,E.coli.B766.final.genome,133595,135244,1650,MEG_10070|Drugs|MLS|ABC-F_ATPase_ribosomal_protection_protein|CPLR,MEG_10070|Drugs|MLS|ABC-F_ATPase_ribosomal_protection_protein|CPLR,1653,130573,132225,+
Escherichia_coli_B766,E.coli.B766.final.genome,140563,141027,465,MEG_1741|Multi-compound|Drug_and_biocide_and_metal_resistance|Drug_and_biocide_and_metal_RND_efflux_pumps|CMEC,MEG_1741|Multi-compound|Drug_and_biocide_and_metal_resistance|Drug_and_biocide_and_metal_RND_efflux_pumps|CMEC,1479,137544,139022,+
Escherichia_coli_B766,E.coli.B766.final.genome,141113,141436,324,MEG_1775|Drugs|Phenicol|Phenicol_resistance_MFS_efflux_pumps|CMLB,MEG_1775|Drugs|Phenicol|Phenicol_resistance_MFS_efflux_pumps|CMLB,1266,139108,140373,+
Escherichia_coli_B766,E.coli.B766.final.genome,158530,159045,516,MEG_3693|Drugs|Lipopeptides|Colistin_phosphoethanolamine_transferase|MCR,MEG_3693|Drugs|Lipopeptides|Colistin_phosphoethanolamine_transferase|MCR,1698,157467,159164,+
Escherichia_coli_B766,E.coli.B766.final.genome,197937,198761,825,MEG_1461|Drugs|Glycopeptides|Bleomycin_resistance_protein|BLM,MEG_1461|Drugs|Glycopeptides|Bleomycin_resistance_protein|BLM,906,198056,198961,+
Escherichia_coli_B766,E.coli.B766.final.genome,215908,218030,2123,MEG_7788|Biocides|Multi-biocide_resistance|Multi-biocide_RND_efflux_pump|VMEE,MEG_7788|Biocides|Multi-biocide_resistance|Multi-biocide_RND_efflux_pump|VMEE,1095,216108,217202,+
Escherichia_coli_B766,E.coli.B766.final.genome,218315,218606,292,MEG_7866|Multi-compound|Biocide_and_metal_resistance|Biocide_and_metal_resistance_protein|ZUPT,MEG_7866|Multi-compound|Biocide_and_metal_resistance|Biocide_and_metal_resistance_protein|ZUPT,774,217487,218260,+
Escherichia_coli_B766,E.coli.B766.final.genome,314203,315048,846,MEG_5888|Drugs|Fluoroquinolones|Quinolone_resistance_protein_Qnr|QNRB,MEG_5888|Drugs|Fluoroquinolones|Quinolone_resistance_protein_Qnr|QNRB,645,313857,314501,+
Escherichia_coli_B766,E.coli.B766.final.genome,324923,325825,903,MEG_7009|Drugs|Tetracyclines|Tetracycline_resistance_MFS_efflux_pumps|TET56,MEG_7009|Drugs|Tetracyclines|Tetracycline_resistance_MFS_efflux_pumps|TET56,1170,324376,325545,+
Escherichia_coli_B766,E.coli.B766.final.genome,359306,361374,2069,MEG_3745|Multi-compound|Drug_and_biocide_and_metal_resistance|Drug_and_biocide_and_metal_RND_efflux_pumps|MDTA,MEG_3745|Multi-compound|Drug_and_biocide_and_metal_resistance|Drug_and_biocide_and_metal_RND_efflux_pumps|MDTA,1257,359026,360282,+
Escherichia_coli_B766,E.coli.B766.final.genome,363879,364166,288,MEG_1169|Metals|Arsenic_resistance|Arsenic_resistance_protein|ARSM,MEG_1169|Metals|Arsenic_resistance|Arsenic_resistance_protein|ARSM,852,362787,363638,+
Escherichia_coli_B766,E.coli.B766.final.genome,422259,422884,626,MEG_1652|Biocides|Biguanide_resistance|Biguanide_cation_efflux|CEPAB,MEG_1652|Biocides|Biguanide_resistance|Biguanide_cation_efflux|CEPAB,903,421731,422633,+
Escherichia_coli_B766,E.coli.B766.final.genome,463499,463635,137,MEG_4307|Drugs|Multi-drug_resistance|Multi-drug_ABC_efflux_pumps|OPTRA,MEG_4307|Drugs|Multi-drug_resistance|Multi-drug_ABC_efflux_pumps|OPTRA,1968,463248,465215,+
Escherichia_coli_B766,E.coli.B766.final.genome,465210,466160,951,MEG_1742|Multi-compound|Drug_and_biocide_and_metal_resistance|Drug_and_biocide_and_metal_RND_efflux_pumps|CMEC,MEG_1742|Multi-compound|Drug_and_biocide_and_metal_resistance|Drug_and_biocide_and_metal_RND_efflux_pumps|CMEC,1479,466790,468268,+
Escherichia_coli_B766,E.coli.B766.final.genome,556729,557769,1041,MEG_6560|Biocides|Multi-biocide_resistance|Multi-biocide_RND_efflux_pump|SRPB,MEG_6560|Biocides|Multi-biocide_resistance|Multi-biocide_RND_efflux_pump|SRPB,3150,558837,561986,+
Escherichia_coli_B766,E.coli.B766.final.genome,557856,559703,1848,MEG_6161|Drugs|Nucleosides|Streptothricin_acetyltransferase|SAT,MEG_6161|Drugs|Nucleosides|Streptothricin_acetyltransferase|SAT,525,562073,562597,+
Escherichia_coli_B766,E.coli.B766.final.genome,559796,560569,774,MEG_2664|Multi-compound|Biocide_and_metal_resistance|Biocide_and_metal_resistance_protein|DPSA,MEG_2664|Multi-compound|Biocide_and_metal_resistance|Biocide_and_metal_resistance_protein|DPSA,489,562690,563178,+
Escherichia_coli_B766,E.coli.B766.final.genome,572951,573517,567,MEG_3288|Biocides|Peroxide_resistance|Peroxide_resistance_stress_protein|IBPB,MEG_3288|Biocides|Peroxide_resistance|Peroxide_resistance_stress_protein|IBPB,429,575560,575988,+
Escherichia_coli_B766,E.coli.B766.final.genome,600747,601160,414,MEG_11332|Metals|Arsenic_resistance|Arsenic_resistance_regulator|ARSR,MEG_11332|Metals|Arsenic_resistance|Arsenic_resistance_regulator|ARSR,351,603218,603568,+
Escherichia_coli_B766,E.coli.B766.final.genome,601266,601700,435,MEG_1701|Metals|Sodium_resistance|Sodium_resistance_protein|CHAA,MEG_1701|Metals|Sodium_resistance|Sodium_resistance_protein|CHAA,1101,603674,604774,+
Escherichia_coli_B766,E.coli.B766.final.genome,613066,614256,1191,MEG_3076|Biocides|Acid_resistance|Acid_resistance_protein|GADA,MEG_3076|Biocides|Acid_resistance|Acid_resistance_protein|GADA,1401,616140,617540,+
Escherichia_coli_B766,E.coli.B766.final.genome,834145,835545,1401,MEG_2017|Metals|Copper_resistance|Copper_resistance_regulator|COMR,MEG_2017|Metals|Copper_resistance|Copper_resistance_regulator|COMR,633,837429,838061,+
Escherichia_coli_B766,E.coli.B766.final.genome,835915,836739,825,MEG_2463|Metals|Multi-metal_resistance|Multi-metal_RND_efflux_pumps|CZCB,MEG_2463|Metals|Multi-metal_resistance|Multi-metal_RND_efflux_pumps|CZCB,1563,838431,839993,+
Escherichia_coli_B766,E.coli.B766.final.genome,837107,837835,729,MEG_6597|Drugs|Sulfonamides|Sulfonamide-resistant_dihydropteroate_synthases|SULI,MEG_6597|Drugs|Sulfonamides|Sulfonamide-resistant_dihydropteroate_synthases|SULI,840,840361,841200,+
Escherichia_coli_B766,E.coli.B766.final.genome,838198,841311,3114,MEG_1131|Drugs|Rifampin|Rifampin_ADP-ribosyltransferase_Arr|ARR,MEG_1131|Drugs|Rifampin|Rifampin_ADP-ribosyltransferase_Arr|ARR,453,841563,842015,+
Escherichia_coli_B766,E.coli.B766.final.genome,841336,842493,1158,MEG_7371|Drugs|Glycopeptides|VanC-type_resistance_protein|VANC,MEG_7371|Drugs|Glycopeptides|VanC-type_resistance_protein|VANC,1622,842040,843661,+
Escherichia_coli_B766,E.coli.B766.final.genome,842832,843359,528,MEG_6955|Metals|Tellurium_resistance|Tellurium_resistance_protein|TERB,MEG_6955|Metals|Tellurium_resistance|Tellurium_resistance_protein|TERB,456,844000,844455,+
Escherichia_coli_B766,E.coli.B766.final.genome,844985,845317,333,MEG_1759|Drugs|Phenicol|Phenicol_resistance_MFS_efflux_pumps|CMLA,MEG_1759|Drugs|Phenicol|Phenicol_resistance_MFS_efflux_pumps|CMLA,1260,846081,847340,+
Escherichia_coli_B766,E.coli.B766.final.genome,845421,845759,339,MEG_2875|Biocides|Phenolic_compound_resistance|Phenolic_resistance_protein|FABI,MEG_2875|Biocides|Phenolic_compound_resistance|Phenolic_resistance_protein|FABI,789,847444,848232,+
Escherichia_coli_B766,E.coli.B766.final.genome,851367,851787,421,MEG_2553|Drugs|Trimethoprim|Dihydrofolate_reductase|DFRA,MEG_2553|Drugs|Trimethoprim|Dihydrofolate_reductase|DFRA,510,853840,854349,+
Escherichia_coli_B766,E.coli.B766.final.genome,851800,853089,1290,MEG_4056|Drugs|Cationic_antimicrobial_peptides|Defensin-resistant_mprF|MPRF,MEG_4056|Drugs|Cationic_antimicrobial_peptides|Defensin-resistant_mprF|MPRF,1710,854362,856071,+
Escherichia_coli_B766,E.coli.B766.final.genome,853143,853496,354,MEG_6598|Drugs|Sulfonamides|Sulfonamide-resistant_dihydropteroate_synthases|SULI,MEG_6598|Drugs|Sulfonamides|Sulfonamide-resistant_dihydropteroate_synthases|SULI,840,856125,856964,+
Escherichia_coli_B766,E.coli.B766.final.genome,862711,864210,1500,MEG_7867|Metals|Zinc_resistance|Zinc_resistance_regulator|ZUR,MEG_7867|Metals|Zinc_resistance|Zinc_resistance_regulator|ZUR,576,866179,866754,+
Escherichia_coli_B766,E.coli.B766.final.genome,876968,877369,402,MEG_1129|Drugs|Rifampin|Rifampin_ADP-ribosyltransferase_Arr|ARR,MEG_1129|Drugs|Rifampin|Rifampin_ADP-ribosyltransferase_Arr|ARR,453,879512,879964,+
Escherichia_coli_B766,E.coli.B766.final.genome,877375,882290,4916,MEG_2681|Metals|Multi-metal_resistance|Multi-metal_resistance_protein|DSBA,MEG_2681|Metals|Multi-metal_resistance|Multi-metal_resistance_protein|DSBA,627,879970,880596,+
Escherichia_coli_B766,E.coli.B766.final.genome,887308,889506,2199,MEG_1714|Metals|Chromium_resistance|Chromium_resistance_protein|CHRE,MEG_1714|Metals|Chromium_resistance|Chromium_resistance_protein|CHRE,342,885614,885955,+
Escherichia_coli_B766,E.coli.B766.final.genome,1012888,1013520,633,MEG_2556|Drugs|Trimethoprim|Dihydrofolate_reductase|DFRA,MEG_2556|Drugs|Trimethoprim|Dihydrofolate_reductase|DFRA,534,1009337,1009870,+
Escherichia_coli_B766,E.coli.B766.final.genome,1045404,1045829,426,MEG_11353|Drugs|MLS|Macrolide_esterases|ESTX,MEG_11353|Drugs|MLS|Macrolide_esterases|ESTX,843,1041754,1042596,+
Escherichia_coli_B766,E.coli.B766.final.genome,1066401,1069505,3105,MEG_3692|Drugs|Lipopeptides|Colistin_phosphoethanolamine_transferase|MCR,MEG_3692|Drugs|Lipopeptides|Colistin_phosphoethanolamine_transferase|MCR,1644,1063168,1064811,+
Escherichia_coli_B766,E.coli.B766.final.genome,1069517,1070674,1158,MEG_4197|Metals|Nickel_resistance|Nickel_resistance_protein|NIRC,MEG_4197|Metals|Nickel_resistance|Nickel_resistance_protein|NIRC,924,1064823,1065746,+
Escherichia_coli_B766,E.coli.B766.final.genome,1071073,1071735,663,MEG_2974|Drugs|Fosfomycin|Fosfomycin_phosphorylation|FOMB,MEG_2974|Drugs|Fosfomycin|Fosfomycin_phosphorylation|FOMB,993,1066145,1067137,+
Escherichia_coli_B766,E.coli.B766.final.genome,1098737,1099051,315,MEG_2063|Metals|Copper_resistance|Copper_resistance_protein|COPL,MEG_2063|Metals|Copper_resistance|Copper_resistance_protein|COPL,420,1094139,1094558,+
Escherichia_coli_B766,E.coli.B766.final.genome,1268296,1269060,765,MEG_4196|Metals|Nickel_resistance|Nickel_resistance_protein|NIRB,MEG_4196|Metals|Nickel_resistance|Nickel_resistance_protein|NIRB,270,1263803,1264072,+
Escherichia_coli_B766,E.coli.B766.final.genome,1280655,1281474,820,MEG_3914|Multi-compound|Drug_and_biocide_resistance|Drug_and_biocide_RND_efflux_pumps|MEXH,MEG_3914|Multi-compound|Drug_and_biocide_resistance|Drug_and_biocide_RND_efflux_pumps|MEXH,1113,1275667,1276779,+
Escherichia_coli_B766,E.coli.B766.final.genome,1300107,1300904,798,MEG_1214|Drugs|Bacitracin|Bacitracin_ABC_transporter|BCRB,MEG_1214|Drugs|Bacitracin|Bacitracin_ABC_transporter|BCRB,627,1295412,1296038,+
Escherichia_coli_B766,E.coli.B766.final.genome,1305180,1305321,142,MEG_5802|Multi-compound|Drug_and_metal_resistance|Drug_and_metal_MFS_efflux_pumps|PMRG,MEG_5802|Multi-compound|Drug_and_metal_resistance|Drug_and_metal_MFS_efflux_pumps|PMRG,606,1300314,1300919,+
Escherichia_coli_B766,E.coli.B766.final.genome,1313754,1314146,393,MEG_4164|Metals|Sodium_resistance|Sodium_resistance_protein|NHAB,MEG_4164|Metals|Sodium_resistance|Sodium_resistance_protein|NHAB,1542,1309352,1310893,+
Escherichia_coli_B766,E.coli.B766.final.genome,1344830,1346322,1493,MEG_4003|Metals|Multi-metal_resistance|Multi-metal_ABC_efflux_pumps|MODA,MEG_4003|Metals|Multi-metal_resistance|Multi-metal_ABC_efflux_pumps|MODA,810,1341577,1342386,+
Escherichia_coli_B766,E.coli.B766.final.genome,1461811,1462521,711,MEG_906|Drugs|Aminoglycosides|Aminoglycoside_O-nucleotidyltransferases|ANT3-DPRIME,MEG_906|Drugs|Aminoglycosides|Aminoglycoside_O-nucleotidyltransferases|ANT3-DPRIME,789,1457875,1458663,+
Escherichia_coli_B766,E.coli.B766.final.genome,1687547,1688575,1029,MEG_3841|Metals|Mercury_resistance|Mercury_resistance_protein|MERA,MEG_3841|Metals|Mercury_resistance|Mercury_resistance_protein|MERA,1644,1683689,1685332,+
Escherichia_coli_B766,E.coli.B766.final.genome,1754313,1755851,1539,MEG_3254|Biocides|Acid_resistance|Acid_resistance_protein|HDEB,MEG_3254|Biocides|Acid_resistance|Acid_resistance_protein|HDEB,327,1751070,1751396,+
Escherichia_coli_B766,E.coli.B766.final.genome,1755868,1757040,1173,MEG_8779|Drugs|Lipopeptides|Colistin_phosphoethanolamine_transferase|MCR,MEG_8779|Drugs|Lipopeptides|Colistin_phosphoethanolamine_transferase|MCR,1626,1751413,1753038,+
Escherichia_coli_B766,E.coli.B766.final.genome,1757167,1757697,531,MEG_7265|Biocides|Multi-biocide_resistance|Multi-biocide_RND_efflux_pump|TOLC,MEG_7265|Biocides|Multi-biocide_resistance|Multi-biocide_RND_efflux_pump|TOLC,142,1753165,1753306,+
Escherichia_coli_B766,E.coli.B766.final.genome,1801410,1802093,684,MEG_1193|Multi-compound|Drug_and_biocide_and_metal_resistance|Drug_and_biocide_and_metal_RND_efflux_regulator|BAES,MEG_1193|Multi-compound|Drug_and_biocide_and_metal_resistance|Drug_and_biocide_and_metal_RND_efflux_regulator|BAES,1404,1797019,1798422,+
Escherichia_coli_B766,E.coli.B766.final.genome,1938806,1939282,477,MEG_10323|Drugs|betalactams|Class_C_betalactamases|PDC,MEG_10323|Drugs|betalactams|Class_C_betalactamases|PDC,1188,1935135,1936322,+
Escherichia_coli_B766,E.coli.B766.final.genome,1960739,1963852,3114,MEG_3611|Drugs|MLS|Lincosamide_nucleotidyltransferases|LNUC,MEG_3611|Drugs|MLS|Lincosamide_nucleotidyltransferases|LNUC,495,1957779,1958273,+
Escherichia_coli_B766,E.coli.B766.final.genome,1994970,1996274,1305,MEG_6559|Biocides|Multi-biocide_resistance|Multi-biocide_RND_efflux_pump|SRPA,MEG_6559|Biocides|Multi-biocide_resistance|Multi-biocide_RND_efflux_pump|SRPA,1149,1989391,1990539,+
Escherichia_coli_B766,E.coli.B766.final.genome,2025234,2026472,1239,MEG_8238|Drugs|Lipopeptides|Colistin_phosphoethanolamine_transferase|MCR,MEG_8238|Drugs|Lipopeptides|Colistin_phosphoethanolamine_transferase|MCR,1620,2019499,2021118,+
Escherichia_coli_B766,E.coli.B766.final.genome,2043314,2044552,1239,MEG_3855|Metals|Mercury_resistance|Mercury_resistance_protein|MERB,MEG_3855|Metals|Mercury_resistance|Mercury_resistance_protein|MERB,729,2037960,2038688,+
Escherichia_coli_B766,E.coli.B766.final.genome,2068051,2071644,3594,MEG_3871|Metals|Mercury_resistance|Mercury_resistance_protein|MERG,MEG_3871|Metals|Mercury_resistance|Mercury_resistance_protein|MERG,654,2062187,2062840,+
Escherichia_coli_B766,E.coli.B766.final.genome,2071649,2072263,615,MEG_9969|Drugs|Trimethoprim|Dihydrofolate_reductase|DFRB,MEG_9969|Drugs|Trimethoprim|Dihydrofolate_reductase|DFRB,237,2062845,2063081,+
Escherichia_coli_B766,E.coli.B766.final.genome,2072679,2075380,2702,MEG_6551|Multi-compound|Drug_and_biocide_and_metal_resistance|Drug_and_biocide_and_metal_resistance_regulator|SOXS,MEG_6551|Multi-compound|Drug_and_biocide_and_metal_resistance|Drug_and_biocide_and_metal_resistance_regulator|SOXS,324,2063497,2063820,+
Escherichia_coli_B766,E.coli.B766.final.genome,2216368,2217336,969,MEG_11327|Metals|Arsenic_resistance|Arsenic_resistance_protein|ARSD,MEG_11327|Metals|Arsenic_resistance|Arsenic_resistance_protein|ARSD,372,2204808,2205179,+
Escherichia_coli_B766,E.coli.B766.final.genome,2260557,2260800,244,MEG_7272|Biocides|Phenolic_compound_resistance|Phenolic_RND_efflux_pump|TRIAP,MEG_7272|Biocides|Phenolic_compound_resistance|Phenolic_RND_efflux_pump|TRIAP,618,2248400,2249017,+
Escherichia_coli_B766,E.coli.B766.final.genome,2261085,2261320,236,MEG_4365|Multi-compound|Drug_and_biocide_resistance|Drug_and_biocide_RND_efflux_pumps|OQXB,MEG_4365|Multi-compound|Drug_and_biocide_resistance|Drug_and_biocide_RND_efflux_pumps|OQXB,3153,2249302,2252454,+
Escherichia_coli_B766,E.coli.B766.final.genome,2264412,2266055,1644,MEG_7158|Drugs|Tetracyclines|Tetracycline_resistance_ribosomal_protection_proteins|TETO,MEG_7158|Drugs|Tetracyclines|Tetracycline_resistance_ribosomal_protection_proteins|TETO,1920,2255546,2257465,+
Escherichia_coli_B766,E.coli.B766.final.genome,2291328,2292518,1191,MEG_2067|Metals|Copper_resistance|Copper_resistance_protein|COPP,MEG_2067|Metals|Copper_resistance|Copper_resistance_protein|COPP,201,2282738,2282938,+
Escherichia_coli_B766,E.coli.B766.final.genome,2384587,2384925,339,MEG_2986|Drugs|Fosfomycin|Fosfomycin_thiol_transferases|FOSA,MEG_2986|Drugs|Fosfomycin|Fosfomycin_thiol_transferases|FOSA,417,2375007,2375423,+
Escherichia_coli_B766,E.coli.B766.final.genome,2385144,2385968,825,MEG_294|Drugs|Aminoglycosides|Aminoglycoside_N-acetyltransferases|AAC6-PRIME,MEG_294|Drugs|Aminoglycosides|Aminoglycoside_N-acetyltransferases|AAC6-PRIME,552,2375642,2376193,+
Escherichia_coli_B766,E.coli.B766.final.genome,2386089,2386361,273,MEG_2508|Drugs|Trimethoprim|Dihydrofolate_reductase|DFRA,MEG_2508|Drugs|Trimethoprim|Dihydrofolate_reductase|DFRA,474,2376314,2376787,+
Escherichia_coli_B766,E.coli.B766.final.genome,2436762,2438884,2123,MEG_4123|Metals|Nickel_resistance|Nickel_MFS_efflux_regulator|NCRBN,MEG_4123|Metals|Nickel_resistance|Nickel_MFS_efflux_regulator|NCRBN,270,2427188,2427457,+
Escherichia_coli_B766,E.coli.B766.final.genome,2440297,2447744,7448,MEG_4188|Drugs|Metronidazole|nim_nitroimidazole_reductase|NIMI,MEG_4188|Drugs|Metronidazole|nim_nitroimidazole_reductase|NIMI,519,2428870,2429388,+
Escherichia_coli_B766,E.coli.B766.final.genome,2460412,2462265,1854,MEG_3004|Drugs|Fosfomycin|Fosfomycin_thiol_transferases|FOSB,MEG_3004|Drugs|Fosfomycin|Fosfomycin_thiol_transferases|FOSB,417,2442056,2442472,+
Escherichia_coli_B766,E.coli.B766.final.genome,2502264,2503430,1167,MEG_7543|Drugs|Glycopeptides|VanG-type_accessory_protein|VANWG,MEG_7543|Drugs|Glycopeptides|VanG-type_accessory_protein|VANWG,846,2482471,2483316,+
Escherichia_coli_B766,E.coli.B766.final.genome,2529405,2530810,1406,MEG_3916|Multi-compound|Drug_and_biocide_resistance|Drug_and_biocide_RND_efflux_pumps|MEXJ,MEG_3916|Multi-compound|Drug_and_biocide_resistance|Drug_and_biocide_RND_efflux_pumps|MEXJ,1104,2509291,2510394,+
Escherichia_coli_B766,E.coli.B766.final.genome,2547042,2547692,651,MEG_7182|Drugs|Tetracyclines|Tetracycline_resistance_ribosomal_protection_proteins|TETQ,MEG_7182|Drugs|Tetracyclines|Tetracycline_resistance_ribosomal_protection_proteins|TETQ,2013,2526626,2528638,+
Escherichia_coli_B766,E.coli.B766.final.genome,2563786,2564013,228,MEG_7324|Metals|Tungsten_Resistance|Tungsten_ABC_efflux_pumps|TUPB,MEG_7324|Metals|Tungsten_Resistance|Tungsten_ABC_efflux_pumps|TUPB,687,2544732,2545418,+
Escherichia_coli_B766,E.coli.B766.final.genome,2576634,2576966,333,MEG_398|Metals|Arsenic_resistance|Arsenic_resistance_membrane_transporter|ACR3,MEG_398|Metals|Arsenic_resistance|Arsenic_resistance_membrane_transporter|ACR3,1044,2558039,2559082,+
Escherichia_coli_B766,E.coli.B766.final.genome,2631796,2632542,747,MEG_6375|Drugs|betalactams|Class_A_betalactamases|SHV,MEG_6375|Drugs|betalactams|Class_A_betalactamases|SHV,861,2613912,2614772,+
Escherichia_coli_B766,E.coli.B766.final.genome,2648652,2649680,1029,MEG_4194|Drugs|Metronidazole|nim_nitroimidazole_reductase|NIMJ,MEG_4194|Drugs|Metronidazole|nim_nitroimidazole_reductase|NIMJ,498,2630882,2631379,+
Escherichia_coli_B766,E.coli.B766.final.genome,2649759,2650691,933,MEG_2739|Drugs|Cationic_antimicrobial_peptides|Lipid_A_modification|EPTA,MEG_2739|Drugs|Cationic_antimicrobial_peptides|Lipid_A_modification|EPTA,1644,2631458,2633101,+
Escherichia_coli_B766,E.coli.B766.final.genome,2686087,2686653,567,MEG_137|Drugs|Aminoglycosides|Aminoglycoside_N-acetyltransferases|AAC6-PRIME,MEG_137|Drugs|Aminoglycosides|Aminoglycoside_N-acetyltransferases|AAC6-PRIME,564,2668497,2669060,+
Escherichia_coli_B766,E.coli.B766.final.genome,2856975,2858348,1374,MEG_4102|Drugs|Multi-drug_resistance|Multi-drug_RND_efflux_pumps|MUXC,MEG_4102|Drugs|Multi-drug_resistance|Multi-drug_RND_efflux_pumps|MUXC,3111,2839382,2842492,+
Escherichia_coli_B766,E.coli.B766.final.genome,2865919,2866500,582,MEG_5891|Drugs|Fluoroquinolones|Quinolone_resistance_protein_Qnr|QNRB,MEG_5891|Drugs|Fluoroquinolones|Quinolone_resistance_protein_Qnr|QNRB,645,2850063,2850707,+
Escherichia_coli_B766,E.coli.B766.final.genome,2928384,2929065,682,MEG_10077|Drugs|Lipopeptides|Daptomycin-resistant_mutant|DRMA,MEG_10077|Drugs|Lipopeptides|Daptomycin-resistant_mutant|DRMA,645,2912591,2913235,+
Escherichia_coli_B766,E.coli.B766.final.genome,2930201,2930536,336,MEG_6515|Multi-compound|Biocide_and_metal_resistance|Biocide_and_metal_ABC_efflux_pumps|SITC,MEG_6515|Multi-compound|Biocide_and_metal_resistance|Biocide_and_metal_ABC_efflux_pumps|SITC,861,2914371,2915231,+
Escherichia_coli_B766,E.coli.B766.final.genome,3004734,3005126,393,MEG_7628|Drugs|MLS|Streptogramin_A_O-acetyltransferase|VATE,MEG_7628|Drugs|MLS|Streptogramin_A_O-acetyltransferase|VATE,645,2989429,2990073,+
Escherichia_coli_B766,E.coli.B766.final.genome,3015522,3015911,390,MEG_3452|Metals|Tellurium_resistance|Tellurium_resistance_protein|KLAB,MEG_3452|Metals|Tellurium_resistance|Tellurium_resistance_protein|KLAB,1137,3000469,3001605,+
Escherichia_coli_B766,E.coli.B766.final.genome,3015925,3016359,435,MEG_7414|Drugs|Glycopeptides|VanB-type_resistance_protein|VANHB,MEG_7414|Drugs|Glycopeptides|VanB-type_resistance_protein|VANHB,972,3001619,3002590,+
Escherichia_coli_B766,E.coli.B766.final.genome,3052754,3055033,2280,MEG_5809|Drugs|Multi-drug_resistance|Multi-drug_ABC_efflux_pumps|POXT,MEG_5809|Drugs|Multi-drug_resistance|Multi-drug_ABC_efflux_pumps|POXT,1629,3038985,3040613,+
Escherichia_coli_B766,E.coli.B766.final.genome,3055553,3056314,762,MEG_11249|Drugs|Fosfomycin|Fosfomycin_thiol_transferases|FOSU,MEG_11249|Drugs|Fosfomycin|Fosfomycin_thiol_transferases|FOSU,414,3041133,3041546,+
Escherichia_coli_B766,E.coli.B766.final.genome,3067195,3068595,1401,MEG_5873|Drugs|Fluoroquinolones|Quinolone_resistance_protein_Qnr|QNRA,MEG_5873|Drugs|Fluoroquinolones|Quinolone_resistance_protein_Qnr|QNRA,657,3052427,3053083,+
Escherichia_coli_B766,E.coli.B766.final.genome,3068751,3070286,1536,MEG_6153|Multi-compound|Biocide_and_metal_resistance|Biocide_and_metal_resistance_protein|RUVB,MEG_6153|Multi-compound|Biocide_and_metal_resistance|Biocide_and_metal_resistance_protein|RUVB,1193,3053239,3054431,+
Escherichia_coli_B766,E.coli.B766.final.genome,3144510,3146092,1583,MEG_11507|Drugs|MLS|23S_rRNA_methyltransferases|ERM,MEG_11507|Drugs|MLS|23S_rRNA_methyltransferases|ERM,738,3128655,3129392,+
Escherichia_coli_B766,E.coli.B766.final.genome,3313253,3314041,789,MEG_3887|Metals|Mercury_resistance|Mercury_resistance_regulator|MERR2,MEG_3887|Metals|Mercury_resistance|Mercury_resistance_regulator|MERR2,435,3296553,3296987,+
Escherichia_coli_B766,E.coli.B766.final.genome,3367135,3367548,414,MEG_9662|Drugs|betalactams|Class_A_betalactamases|OXY,MEG_9662|Drugs|betalactams|Class_A_betalactamases|OXY,876,3350081,3350956,+
Escherichia_coli_B766,E.coli.B766.final.genome,3387677,3388777,1101,MEG_991|Drugs|Aminoglycosides|Aminoglycoside_O-nucleotidyltransferases|ANT6,MEG_991|Drugs|Aminoglycosides|Aminoglycoside_O-nucleotidyltransferases|ANT6,861,3371085,3371945,+
Escherichia_coli_B766,E.coli.B766.final.genome,3393031,3394131,1101,MEG_498|Multi-compound|Biocide_and_metal_resistance|Biocide_and_metal_resistance_protein|ACTA,MEG_498|Multi-compound|Biocide_and_metal_resistance|Biocide_and_metal_resistance_protein|ACTA,1626,3376199,3377824,+
Escherichia_coli_B766,E.coli.B766.final.genome,3405813,3406091,279,MEG_6983|Drugs|Tetracyclines|Tetracycline_resistance_MFS_efflux_pumps|TET38,MEG_6983|Drugs|Tetracyclines|Tetracycline_resistance_MFS_efflux_pumps|TET38,1353,3389506,3390858,+
Escherichia_coli_B766,E.coli.B766.final.genome,3430255,3431796,1542,MEG_2793|Drugs|MLS|23S_rRNA_methyltransferases|ERMB,MEG_2793|Drugs|MLS|23S_rRNA_methyltransferases|ERMB,738,3415022,3415759,+
Escherichia_coli_B766,E.coli.B766.final.genome,3431936,3432472,537,MEG_2019|Metals|Copper_resistance|Copper_resistance_protein|COPA,MEG_2019|Metals|Copper_resistance|Copper_resistance_protein|COPA,2505,3415899,3418403,+
Escherichia_coli_B766,E.coli.B766.final.genome,3448353,3448619,267,MEG_11323|Metals|Arsenic_resistance|Arsenic_resistance_protein|ARSB,MEG_11323|Metals|Arsenic_resistance|Arsenic_resistance_protein|ARSB,1083,3434284,3435366,+
Escherichia_coli_B766,E.coli.B766.final.genome,3480551,3480808,258,MEG_2096|Metals|Cobalt_resistance|Cobalt_transporting_ATPase|CORT,MEG_2096|Metals|Cobalt_resistance|Cobalt_transporting_ATPase|CORT,1929,3467298,3469226,+
Escherichia_coli_B766,E.coli.B766.final.genome,3481049,3481681,633,MEG_6502|Metals|Multi-metal_resistance|Multi-metal_RND_efflux_pumps|SILC,MEG_6502|Metals|Multi-metal_resistance|Multi-metal_RND_efflux_pumps|SILC,1386,3469467,3470852,+
Escherichia_coli_B766,E.coli.B766.final.genome,3524565,3525773,1209,MEG_5410|Metals|Lead_resistance|Lead_P-type_ATPase_transporter|PBRA,MEG_5410|Metals|Lead_resistance|Lead_P-type_ATPase_transporter|PBRA,2400,3513736,3516135,+
Escherichia_coli_B766,E.coli.B766.final.genome,3534404,3535630,1227,MEG_6629|Drugs|Sulfonamides|Sulfonamide-resistant_dihydropteroate_synthases|SULII,MEG_6629|Drugs|Sulfonamides|Sulfonamide-resistant_dihydropteroate_synthases|SULII,816,3524766,3525581,+
Escherichia_coli_B766,E.coli.B766.final.genome,3629201,3630269,1069,MEG_2668|Multi-compound|Biocide_and_metal_resistance|Biocide_and_metal_resistance_protein|DPSA,MEG_2668|Multi-compound|Biocide_and_metal_resistance|Biocide_and_metal_resistance_protein|DPSA,489,3619152,3619640,+
Escherichia_coli_B766,E.coli.B766.final.genome,3681087,3682835,1749,MEG_3075|Metals|Aluminum_resistance|Aluminum_ATPase_|G2ALT,MEG_3075|Metals|Aluminum_resistance|Aluminum_ATPase_|G2ALT,666,3670458,3671123,+
Escherichia_coli_B766,E.coli.B766.final.genome,3786710,3787432,723,MEG_3080|Biocides|Acid_resistance|Acid_resistance_regulator|GADE,MEG_3080|Biocides|Acid_resistance|Acid_resistance_regulator|GADE,528,3774998,3775525,+
Escherichia_coli_B766,E.coli.B766.final.genome,3830284,3831516,1233,MEG_7274|Biocides|Phenolic_compound_resistance|Phenolic_RND_efflux_pump|TRIBP,MEG_7274|Biocides|Phenolic_compound_resistance|Phenolic_RND_efflux_pump|TRIBP,294,3818377,3818670,+
Escherichia_coli_B766,E.coli.B766.final.genome,3868599,3869067,469,MEG_6958|Metals|Tellurium_resistance|Tellurium_resistance_protein|TERD,MEG_6958|Metals|Tellurium_resistance|Tellurium_resistance_protein|TERD,579,3855753,3856331,+
Escherichia_coli_B766,E.coli.B766.final.genome,3877111,3877578,468,MEG_7296|Multi-compound|Drug_and_biocide_resistance|Drug_and_biocide_RND_efflux_regulator|TTGR,MEG_7296|Multi-compound|Drug_and_biocide_resistance|Drug_and_biocide_RND_efflux_regulator|TTGR,633,3864375,3865007,+
Escherichia_coli_B766,E.coli.B766.final.genome,3933005,3934063,1059,MEG_5417|Metals|Copper_resistance|Copper_resistance_protein|PCOB,MEG_5417|Metals|Copper_resistance|Copper_resistance_protein|PCOB,1020,3920434,3921453,+
Escherichia_coli_B766,E.coli.B766.final.genome,3934065,3935528,1464,MEG_11516|Drugs|Ionophores|Ionophore_ABC_efflux_pump|NARB,MEG_11516|Drugs|Ionophores|Ionophore_ABC_efflux_pump|NARB,1614,3921455,3923068,+
Escherichia_coli_B766,E.coli.B766.final.genome,3935973,3936761,789,MEG_3814|Drugs|MLS|MLS_resistance_MFS_efflux_pumps|MEFA,MEG_3814|Drugs|MLS|MLS_resistance_MFS_efflux_pumps|MEFA,1218,3923513,3924730,+
Escherichia_coli_B766,E.coli.B766.final.genome,3945799,3946740,942,MEG_3074|Drugs|Fusidic_acid|Fusidic_acid_esterases|FUSH,MEG_3074|Drugs|Fusidic_acid|Fusidic_acid_esterases|FUSH,1530,3933768,3935297,+
Escherichia_coli_B766,E.coli.B766.final.genome,4008985,4009657,673,MEG_2422|Drugs|betalactams|Class_A_betalactamases|CTX,MEG_2422|Drugs|betalactams|Class_A_betalactamases|CTX,876,3997542,3998417,+
Escherichia_coli_B766,E.coli.B766.final.genome,4037121,4037943,823,MEG_2083|Metals|Copper_resistance|Copper_resistance_regulator|COPZ,MEG_2083|Metals|Copper_resistance|Copper_resistance_regulator|COPZ,210,4025881,4026090,+
Escherichia_coli_B766,E.coli.B766.final.genome,4037968,4039500,1533,MEG_4089|Drugs|Mupirocin|Mupirocin-resistant_isoleucyl-tRNA_synthetase|MUPA,MEG_4089|Drugs|Mupirocin|Mupirocin-resistant_isoleucyl-tRNA_synthetase|MUPA,3075,4026115,4029189,+
Escherichia_coli_B766,E.coli.B766.final.genome,4046269,4047893,1625,MEG_4527|Drugs|betalactams|Class_D_betalactamases|OXA,MEG_4527|Drugs|betalactams|Class_D_betalactamases|OXA,825,4035958,4036782,+
Escherichia_coli_B766,E.coli.B766.final.genome,4061444,4063345,1902,MEG_7855|Metals|Zinc_resistance|Zinc_resistance_protein|ZNUA,MEG_7855|Metals|Zinc_resistance|Zinc_resistance_protein|ZNUA,987,4050333,4051319,+
Escherichia_coli_B766,E.coli.B766.final.genome,4128304,4131447,3144,MEG_3703|Drugs|Lipopeptides|Colistin_phosphoethanolamine_transferase|MCR,MEG_3703|Drugs|Lipopeptides|Colistin_phosphoethanolamine_transferase|MCR,1626,4116278,4117903,+
Escherichia_coli_B766,E.coli.B766.final.genome,4131459,4132682,1224,MEG_5846|Multi-compound|Drug_and_biocide_resistance|Drug_and_biocide_SMR_efflux_pumps|QACG,MEG_5846|Multi-compound|Drug_and_biocide_resistance|Drug_and_biocide_SMR_efflux_pumps|QACG,324,4117915,4118238,+
Escherichia_coli_B766,E.coli.B766.final.genome,4132698,4133030,333,MEG_11510|Drugs|Tetracyclines|Tetracycline_resistance_ribosomal_protection_proteins|TETO,MEG_11510|Drugs|Tetracyclines|Tetracycline_resistance_ribosomal_protection_proteins|TETO,1920,4118254,4120173,+
Escherichia_coli_B766,E.coli.B766.final.genome,4133064,4134436,1373,MEG_7605|Drugs|Glycopeptides|VanD-type_accessory_protein|VANYD,MEG_7605|Drugs|Glycopeptides|VanD-type_accessory_protein|VANYD,1071,4120207,4121277,+
Escherichia_coli_B766,E.coli.B766.final.genome,4134593,4136689,2097,MEG_1170|Metals|Arsenic_resistance|Arsenic_resistance_protein|ARSP,MEG_1170|Metals|Arsenic_resistance|Arsenic_resistance_protein|ARSP,948,4121434,4122381,+
Escherichia_coli_B766,E.coli.B766.final.genome,4208906,4210347,1442,MEG_2052|Metals|Copper_resistance|Copper_resistance_protein|COPD,MEG_2052|Metals|Copper_resistance|Copper_resistance_protein|COPD,936,4194598,4195533,+
Escherichia_coli_B766,E.coli.B766.final.genome,4211866,4212273,408,MEG_2527|Drugs|Trimethoprim|Dihydrofolate_reductase|DFRA,MEG_2527|Drugs|Trimethoprim|Dihydrofolate_reductase|DFRA,474,4197052,4197525,+
Escherichia_coli_B766,E.coli.B766.final.genome,4214887,4217391,2505,MEG_1467|Biocides|Multi-biocide_resistance|Multi-biocide_resistance_regulator|BLTR,MEG_1467|Biocides|Multi-biocide_resistance|Multi-biocide_resistance_regulator|BLTR,822,4200139,4200960,+
Escherichia_coli_B766,E.coli.B766.final.genome,4240445,4241638,1194,MEG_1710|Metals|Chromium_resistance|Chromium_resistance_protein|CHRB1,MEG_1710|Metals|Chromium_resistance|Chromium_resistance_protein|CHRB1,975,4224014,4224988,+
Escherichia_coli_B766,E.coli.B766.final.genome,4241661,4244828,3168,MEG_3256|Biocides|Acid_resistance|Acid_resistance_protein|HEFA,MEG_3256|Biocides|Acid_resistance|Acid_resistance_protein|HEFA,1434,4225011,4226444,+
Escherichia_coli_B766,E.coli.B766.final.genome,4253710,4255427,1718,MEG_11429|Metals|Tellurium_resistance|Tellurium_resistance_protein|TERA,MEG_11429|Metals|Tellurium_resistance|Tellurium_resistance_protein|TERA,1152,4235326,4236477,+
Escherichia_coli_B766,E.coli.B766.final.genome,4331950,4333107,1158,MEG_7687|Drugs|Multi-drug_resistance|Multi-drug_ABC_efflux_pumps|VGA,MEG_7687|Drugs|Multi-drug_resistance|Multi-drug_ABC_efflux_pumps|VGA,1569,4313000,4314568,+
Escherichia_coli_B766,E.coli.B766.final.genome,4346136,4347245,1110,MEG_8638|Drugs|Multi-drug_resistance|Multi-drug_ABC_efflux_pumps|POXT,MEG_8638|Drugs|Multi-drug_resistance|Multi-drug_ABC_efflux_pumps|POXT,1635,4327597,4329231,+
Escherichia_coli_B766,E.coli.B766.final.genome,4587816,4588526,711,MEG_2531|Drugs|Trimethoprim|Dihydrofolate_reductase|DFRA,MEG_2531|Drugs|Trimethoprim|Dihydrofolate_reductase|DFRA,474,4569802,4570275,+
Escherichia_coli_B766,E.coli.B766.final.genome,4664216,4665766,1551,MEG_3285|Metals|Nickel_resistance|Nickel_resistance_protein|HUPN,MEG_3285|Metals|Nickel_resistance|Nickel_resistance_protein|HUPN,327,4645965,4646291,+
Escherichia_coli_B766,E.coli.B766.final.genome,4717325,4718269,945,MEG_3666|Drugs|Lipopeptides|Colistin_phosphoethanolamine_transferase|MCR,MEG_3666|Drugs|Lipopeptides|Colistin_phosphoethanolamine_transferase|MCR,1617,4697850,4699466,+
Escherichia_coli_B766,E.coli.B766.final.genome,4744009,4746363,2355,MEG_1196|Drugs|Bacitracin|Undecaprenyl_pyrophosphate_phosphatase|BAHA,MEG_1196|Drugs|Bacitracin|Undecaprenyl_pyrophosphate_phosphatase|BAHA,2259,4725206,4727464,+
Escherichia_coli_B766,E.coli.B766.final.genome,4749512,4749889,378,MEG_7203|Drugs|Tetracyclines|Tetracycline_resistance_ribosomal_protection_proteins|TETT,MEG_7203|Drugs|Tetracyclines|Tetracycline_resistance_ribosomal_protection_proteins|TETT,1956,4730613,4732568,+
Escherichia_coli_B766,E.coli.B766.final.genome,4785728,4786894,1167,MEG_1137|Drugs|Rifampin|Rifampin_ADP-ribosyltransferase_Arr|ARR,MEG_1137|Drugs|Rifampin|Rifampin_ADP-ribosyltransferase_Arr|ARR,453,4768407,4768859,+
Escherichia_coli_B766,E.coli.B766.final.genome,4810652,4811521,870,MEG_8777|Drugs|Lipopeptides|Colistin_phosphoethanolamine_transferase|MCR,MEG_8777|Drugs|Lipopeptides|Colistin_phosphoethanolamine_transferase|MCR,1698,4792617,4794314,+
Escherichia_coli_B766,E.coli.B766.final.genome,4874318,4875550,1233,MEG_7159|Drugs|Tetracyclines|Tetracycline_resistance_ribosomal_protection_proteins|TETO,MEG_7159|Drugs|Tetracyclines|Tetracycline_resistance_ribosomal_protection_proteins|TETO,1920,4857111,4859030,+
Escherichia_coli_B766,E.coli.B766.final.genome,4976600,4979296,2697,MEG_7140|Drugs|Tetracyclines|Tetracycline_resistance_ribosomal_protection_proteins|TETM,MEG_7140|Drugs|Tetracyclines|Tetracycline_resistance_ribosomal_protection_proteins|TETM,1920,4960080,4961999,+
Escherichia_coli_JM109,E.coli.JM109.final.genome,34920,35312,393,MEG_2512|Drugs|Trimethoprim|Dihydrofolate_reductase|DFRA,MEG_2512|Drugs|Trimethoprim|Dihydrofolate_reductase|DFRA,474,34920,35393,+
Escherichia_coli_JM109,E.coli.JM109.final.genome,39460,39849,390,MEG_6087|Drugs|Rifampin|Rifampin_phosphotransferase|RPH,MEG_6087|Drugs|Rifampin|Rifampin_phosphotransferase|RPH,2619,39541,42159,+
Escherichia_coli_JM109,E.coli.JM109.final.genome,39863,40297,435,MEG_1133|Drugs|Rifampin|Rifampin_ADP-ribosyltransferase_Arr|ARR,MEG_1133|Drugs|Rifampin|Rifampin_ADP-ribosyltransferase_Arr|ARR,453,42173,42625,+
Escherichia_coli_JM109,E.coli.JM109.final.genome,72931,75210,2280,MEG_8452|Drugs|Multi-drug_resistance|MDR_regulator|PARS,MEG_8452|Drugs|Multi-drug_resistance|MDR_regulator|PARS,1287,75259,76545,+
Escherichia_coli_JM109,E.coli.JM109.final.genome,75730,76491,762,MEG_7846|Metals|Zinc_resistance|Zinc_resistance_protein|ZEVB,MEG_7846|Metals|Zinc_resistance|Zinc_resistance_protein|ZEVB,969,77065,78033,+
Escherichia_coli_JM109,E.coli.JM109.final.genome,87372,88772,1401,MEG_8808|Drugs|Lipopeptides|Colistin_phosphoethanolamine_transferase|MCR,MEG_8808|Drugs|Lipopeptides|Colistin_phosphoethanolamine_transferase|MCR,1617,88914,90530,+
Escherichia_coli_JM109,E.coli.JM109.final.genome,88928,90463,1536,MEG_5799|Multi-compound|Drug_and_metal_resistance|Drug_and_metal_MFS_efflux_pumps|PMRBM,MEG_5799|Multi-compound|Drug_and_metal_resistance|Drug_and_metal_MFS_efflux_pumps|PMRBM,1095,90686,91780,+
Escherichia_coli_JM109,E.coli.JM109.final.genome,157261,158843,1583,MEG_4218|Metals|Nickel_resistance|Nickel_RND_efflux_pumps|NRSA,MEG_4218|Metals|Nickel_resistance|Nickel_RND_efflux_pumps|NRSA,3165,158578,161742,+
Escherichia_coli_JM109,E.coli.JM109.final.genome,309397,310185,789,MEG_2997|Drugs|Fosfomycin|Fosfomycin_thiol_transferases|FOSA,MEG_2997|Drugs|Fosfomycin|Fosfomycin_thiol_transferases|FOSA,576,312296,312871,+
Escherichia_coli_JM109,E.coli.JM109.final.genome,366314,366727,414,MEG_2442|Metals|Copper_resistance|Copper_resistance_regulator|CUER,MEG_2442|Metals|Copper_resistance|Copper_resistance_regulator|CUER,432,369000,369431,+
Escherichia_coli_JM109,E.coli.JM109.final.genome,387387,388487,1101,MEG_3670|Drugs|Lipopeptides|Colistin_phosphoethanolamine_transferase|MCR,MEG_3670|Drugs|Lipopeptides|Colistin_phosphoethanolamine_transferase|MCR,1626,390091,391716,+
Escherichia_coli_JM109,E.coli.JM109.final.genome,400167,400445,279,MEG_7011|Drugs|Tetracyclines|Tetracycline_resistance_MFS_efflux_pumps|TET58,MEG_7011|Drugs|Tetracyclines|Tetracycline_resistance_MFS_efflux_pumps|TET58,1032,403396,404427,+
Escherichia_coli_JM109,E.coli.JM109.final.genome,424519,426060,1542,MEG_1747|Multi-compound|Drug_and_biocide_and_metal_resistance|Drug_and_biocide_and_metal_RND_efflux_regulator|CMER,MEG_1747|Multi-compound|Drug_and_biocide_and_metal_resistance|Drug_and_biocide_and_metal_RND_efflux_regulator|CMER,633,428501,429133,+
Escherichia_coli_JM109,E.coli.JM109.final.genome,426200,426736,537,MEG_2743|Drugs|MLS|Macrolide_esterases|EREA,MEG_2743|Drugs|MLS|Macrolide_esterases|EREA,1227,429273,430499,+
Escherichia_coli_JM109,E.coli.JM109.final.genome,442601,442867,267,MEG_1171|Metals|Arsenic_resistance|Arsenic_resistance_regulator|ARSR,MEG_1171|Metals|Arsenic_resistance|Arsenic_resistance_regulator|ARSR,354,446364,446717,+
Escherichia_coli_JM109,E.coli.JM109.final.genome,474702,474959,258,MEG_9974|Biocides|Phenolic_compound_resistance|Triclosan-resistant_mutation|FABG,MEG_9974|Biocides|Phenolic_compound_resistance|Triclosan-resistant_mutation|FABG,744,478552,479295,+
Escherichia_coli_JM109,E.coli.JM109.final.genome,475200,475832,633,MEG_8689|Drugs|Multi-drug_resistance|Multi-drug_ABC_efflux_pumps|SALC,MEG_8689|Drugs|Multi-drug_resistance|Multi-drug_ABC_efflux_pumps|SALC,1626,479536,481161,+
Escherichia_coli_JM109,E.coli.JM109.final.genome,518706,519914,1209,MEG_109|Drugs|Aminoglycosides|Aminoglycoside_N-acetyltransferases|AAC6-PRIME,MEG_109|Drugs|Aminoglycosides|Aminoglycoside_N-acetyltransferases|AAC6-PRIME,441,524035,524475,+
Escherichia_coli_JM109,E.coli.JM109.final.genome,528542,529768,1227,MEG_32|Drugs|Aminoglycosides|Aminoglycoside_N-acetyltransferases|AAC3,MEG_32|Drugs|Aminoglycosides|Aminoglycoside_N-acetyltransferases|AAC3,786,533103,533888,+
Escherichia_coli_JM109,E.coli.JM109.final.genome,624116,625193,1078,MEG_10165|Drugs|Aminoglycosides|Aminoglycoside_N-acetyltransferases|AAC6-PRIME,MEG_10165|Drugs|Aminoglycosides|Aminoglycoside_N-acetyltransferases|AAC6-PRIME,555,628236,628790,+
Escherichia_coli_JM109,E.coli.JM109.final.genome,675837,677585,1749,MEG_2550|Drugs|Trimethoprim|Dihydrofolate_reductase|DFRA,MEG_2550|Drugs|Trimethoprim|Dihydrofolate_reductase|DFRA,474,679434,679907,+
Escherichia_coli_JM109,E.coli.JM109.final.genome,752300,753022,723,MEG_7669|Multi-compound|Drug_and_biocide_resistance|Drug_and_biocide_RND_efflux_pumps|VEXB,MEG_7669|Multi-compound|Drug_and_biocide_resistance|Drug_and_biocide_RND_efflux_pumps|VEXB,3111,754622,757732,+
Escherichia_coli_JM109,E.coli.JM109.final.genome,759301,760533,1233,MEG_2899|Multi-compound|Biocide_and_metal_resistance|Biocide_and_metal_ABC_efflux_pumps|FETB,MEG_2899|Multi-compound|Biocide_and_metal_resistance|Biocide_and_metal_ABC_efflux_pumps|FETB,807,764011,764817,+
Escherichia_coli_JM109,E.coli.JM109.final.genome,790556,791023,468,MEG_7862|Metals|Zinc_resistance|Zinc_resistance_regulator|ZRAR,MEG_7862|Metals|Zinc_resistance|Zinc_resistance_regulator|ZRAR,1326,794840,796165,+
Escherichia_coli_JM109,E.coli.JM109.final.genome,846594,847652,1059,MEG_1134|Drugs|Rifampin|Rifampin_ADP-ribosyltransferase_Arr|ARR,MEG_1134|Drugs|Rifampin|Rifampin_ADP-ribosyltransferase_Arr|ARR,453,851736,852188,+
Escherichia_coli_JM109,E.coli.JM109.final.genome,847654,849117,1464,MEG_1198|Drugs|Cationic_antimicrobial_peptides|Polymyxin_B_resistance_regulator|BASRS,MEG_1198|Drugs|Cationic_antimicrobial_peptides|Polymyxin_B_resistance_regulator|BASRS,1434,852190,853623,+
Escherichia_coli_JM109,E.coli.JM109.final.genome,849562,850350,789,MEG_2878|Biocides|Phenolic_compound_resistance|Phenolic_resistance_protein|FABV,MEG_2878|Biocides|Phenolic_compound_resistance|Phenolic_resistance_protein|FABV,900,854068,854967,+
Escherichia_coli_JM109,E.coli.JM109.final.genome,859383,860324,942,MEG_6499|Metals|Multi-metal_resistance|Multi-metal_RND_efflux_pumps|SILA,MEG_6499|Metals|Multi-metal_resistance|Multi-metal_RND_efflux_pumps|SILA,3147,864000,867146,+
Escherichia_coli_JM109,E.coli.JM109.final.genome,922474,923151,678,MEG_7691|Drugs|MLS|Streptogramin_B_ester_bond_cleavage|VGBA,MEG_7691|Drugs|MLS|Streptogramin_B_ester_bond_cleavage|VGBA,900,929296,930195,+
Escherichia_coli_JM109,E.coli.JM109.final.genome,927343,927486,144,MEG_1173|Metals|Arsenic_resistance|Arsenic_resistance_regulator|ARSR,MEG_1173|Metals|Arsenic_resistance|Arsenic_resistance_regulator|ARSR,354,934387,934740,+
Escherichia_coli_JM109,E.coli.JM109.final.genome,952479,953301,823,MEG_1160|Metals|Arsenic_resistance|Arsenic_resistance_protein|ARSC,MEG_1160|Metals|Arsenic_resistance|Arsenic_resistance_protein|ARSC,396,959733,960128,+
Escherichia_coli_JM109,E.coli.JM109.final.genome,953326,954864,1539,MEG_4091|Drugs|Mupirocin|Mupirocin-resistant_isoleucyl-tRNA_synthetase|MUPB,MEG_4091|Drugs|Mupirocin|Mupirocin-resistant_isoleucyl-tRNA_synthetase|MUPB,3102,960153,963254,+
Escherichia_coli_JM109,E.coli.JM109.final.genome,960813,962423,1611,MEG_11495|Drugs|Metronidazole|nim_nitroimidazole_reductase|NIMI,MEG_11495|Drugs|Metronidazole|nim_nitroimidazole_reductase|NIMI,498,969203,969700,+
Escherichia_coli_JM109,E.coli.JM109.final.genome,975989,977890,1902,MEG_3063|Metals|Iron_resistance|Iron_resistance_regulator|FURA,MEG_3063|Metals|Iron_resistance|Iron_resistance_regulator|FURA,444,983266,983709,+
Escherichia_coli_JM109,E.coli.JM109.final.genome,1042343,1045486,3144,MEG_3551|Drugs|betalactams|Class_A_betalactamases|LEN,MEG_3551|Drugs|betalactams|Class_A_betalactamases|LEN,789,1048162,1048950,+
Escherichia_coli_JM109,E.coli.JM109.final.genome,1045498,1046721,1224,MEG_3853|Metals|Mercury_resistance|Mercury_resistance_protein|MERB,MEG_3853|Metals|Mercury_resistance|Mercury_resistance_protein|MERB,657,1048962,1049618,+
Escherichia_coli_JM109,E.coli.JM109.final.genome,1046737,1047069,333,MEG_2546|Drugs|Trimethoprim|Dihydrofolate_reductase|DFRA,MEG_2546|Drugs|Trimethoprim|Dihydrofolate_reductase|DFRA,474,1049634,1050107,+
Escherichia_coli_JM109,E.coli.JM109.final.genome,1047227,1048600,1374,MEG_2850|Drugs|MLS|23S_rRNA_methyltransferases|ERMU,MEG_2850|Drugs|MLS|23S_rRNA_methyltransferases|ERMU,837,1050265,1051101,+
Escherichia_coli_JM109,E.coli.JM109.final.genome,1048757,1050872,2116,MEG_4177|Metals|Nickel_resistance|Nickel_ABC_efflux_regulator|NIKR,MEG_4177|Metals|Nickel_resistance|Nickel_ABC_efflux_regulator|NIKR,402,1051258,1051659,+
Escherichia_coli_JM109,E.coli.JM109.final.genome,1116672,1118115,1444,MEG_2557|Drugs|Trimethoprim|Dihydrofolate_reductase|DFRB,MEG_2557|Drugs|Trimethoprim|Dihydrofolate_reductase|DFRB,237,1117459,1117695,+
Escherichia_coli_JM109,E.coli.JM109.final.genome,1119634,1120041,408,MEG_6419|Drugs|betalactams|Class_A_betalactamases|SHV,MEG_6419|Drugs|betalactams|Class_A_betalactamases|SHV,891,1119214,1120104,+
Escherichia_coli_JM109,E.coli.JM109.final.genome,1122655,1125159,2505,MEG_3761|Multi-compound|Drug_and_biocide_resistance|Drug_and_biocide_MFS_efflux_pumps|MDTM,MEG_3761|Multi-compound|Drug_and_biocide_resistance|Drug_and_biocide_MFS_efflux_pumps|MDTM,1233,1122718,1123950,+
Escherichia_coli_JM109,E.coli.JM109.final.genome,1148415,1149608,1194,MEG_370|Drugs|Fosfomycin|Fosfomycin_MFS_efflux_pump|ABAQ,MEG_370|Drugs|Fosfomycin|Fosfomycin_MFS_efflux_pump|ABAQ,1305,1147206,1148510,+
Escherichia_coli_JM109,E.coli.JM109.final.genome,1149631,1152780,3150,MEG_3284|Metals|Nickel_resistance|Nickel_resistance_protein|HUPE,MEG_3284|Metals|Nickel_resistance|Nickel_resistance_protein|HUPE,600,1148533,1149132,+
Escherichia_coli_JM109,E.coli.JM109.final.genome,1161635,1163380,1746,MEG_3749|Multi-compound|Drug_and_biocide_and_metal_resistance|Drug_and_biocide_and_metal_RND_efflux_pumps|MDTC,MEG_3749|Multi-compound|Drug_and_biocide_and_metal_resistance|Drug_and_biocide_and_metal_RND_efflux_pumps|MDTC,3078,1157987,1161064,+
Escherichia_coli_JM109,E.coli.JM109.final.genome,1239096,1240253,1158,MEG_3608|Drugs|MLS|Lincosamide_nucleotidyltransferases|LNUA,MEG_3608|Drugs|MLS|Lincosamide_nucleotidyltransferases|LNUA,486,1236780,1237265,+
Escherichia_coli_JM109,E.coli.JM109.final.genome,1255812,1256921,1110,MEG_502|Metals|Tellurium_resistance|Tellurium_resistance_protein|ACTP1,MEG_502|Metals|Tellurium_resistance|Tellurium_resistance_protein|ACTP1,1656,1252824,1254479,+
Escherichia_coli_JM109,E.coli.JM109.final.genome,1295069,1295779,711,MEG_6084|Drugs|Multi-drug_resistance|Multi-drug_MFS_efflux_pumps|ROSB,MEG_6084|Drugs|Multi-drug_resistance|Multi-drug_MFS_efflux_pumps|ROSB,1692,1292627,1294318,+
Escherichia_coli_JM109,E.coli.JM109.final.genome,1372415,1373965,1551,MEG_7450|Drugs|Glycopeptides|VanA-type_regulator|VANRA,MEG_7450|Drugs|Glycopeptides|VanA-type_regulator|VANRA,696,1370954,1371649,+
Escherichia_coli_JM109,E.coli.JM109.final.genome,1425736,1426680,945,MEG_2879|Biocides|Phenolic_compound_resistance|Phenolic_resistance_protein|FABV,MEG_2879|Biocides|Phenolic_compound_resistance|Phenolic_resistance_protein|FABV,297,1423420,1423716,+
Escherichia_coli_JM109,E.coli.JM109.final.genome,1453939,1456293,2355,MEG_4322|Drugs|Multi-drug_resistance|Multi-drug_ABC_efflux_pumps|OPTRA,MEG_4322|Drugs|Multi-drug_resistance|Multi-drug_ABC_efflux_pumps|OPTRA,1968,1450975,1452942,+
Escherichia_coli_JM109,E.coli.JM109.final.genome,1459442,1459819,378,MEG_3880|Metals|Mercury_resistance|Mercury_resistance_regulator|MERR,MEG_3880|Metals|Mercury_resistance|Mercury_resistance_regulator|MERR,435,1456091,1456525,+
Escherichia_coli_JM109,E.coli.JM109.final.genome,1492393,1493559,1167,MEG_1727|Drugs|Multi-drug_resistance|MDR_23S_ribosomal_RNA_methyltransferase|CLBB,MEG_1727|Drugs|Multi-drug_resistance|MDR_23S_ribosomal_RNA_methyltransferase|CLBB,1032,1489099,1490130,+
Escherichia_coli_JM109,E.coli.JM109.final.genome,1518827,1519696,870,MEG_8654|Drugs|Fluoroquinolones|Quinolone_resistance_protein_Qnr|QNRB,MEG_8654|Drugs|Fluoroquinolones|Quinolone_resistance_protein_Qnr|QNRB,645,1515398,1516042,+
Escherichia_coli_JM109,E.coli.JM109.final.genome,1585618,1586850,1233,MEG_6580|Drugs|Sulfonamides|Sulfonamide-resistant_dihydropteroate_synthases|SULI,MEG_6580|Drugs|Sulfonamides|Sulfonamide-resistant_dihydropteroate_synthases|SULI,828,1581964,1582791,+
Escherichia_coli_JM109,E.coli.JM109.final.genome,1642495,1644219,1725,MEG_1706|Metals|Chromium_resistance|Chromium_resistance_protein|CHRA,MEG_1706|Metals|Chromium_resistance|Chromium_resistance_protein|CHRA,1377,1638436,1639812,+
Escherichia_coli_JM109,E.coli.JM109.final.genome,1684588,1687284,2697,MEG_538|Drugs|betalactams|Class_C_betalactamases|ADC,MEG_538|Drugs|betalactams|Class_C_betalactamases|ADC,1152,1680181,1681332,+
Escherichia_coli_JM109,E.coli.JM109.final.genome,1776741,1777874,1134,MEG_7834|Multi-compound|Biocide_and_metal_resistance|Biocide_and_metal_resistance_protein|YHCN,MEG_7834|Multi-compound|Biocide_and_metal_resistance|Biocide_and_metal_resistance_protein|YHCN,264,1770789,1771052,+
Escherichia_coli_JM109,E.coli.JM109.final.genome,1778493,1778960,468,MEG_2926|Drugs|Phenicol|Phenicol_resistance_MFS_efflux_pumps|FLOR,MEG_2926|Drugs|Phenicol|Phenicol_resistance_MFS_efflux_pumps|FLOR,1215,1771671,1772885,+
Escherichia_coli_JM109,E.coli.JM109.final.genome,1790329,1790667,339,MEG_3849|Metals|Mercury_resistance|Mercury_resistance_protein|MERB,MEG_3849|Metals|Mercury_resistance|Mercury_resistance_protein|MERB,660,1784254,1784913,+
Escherichia_coli_JM109,E.coli.JM109.final.genome,1820095,1821738,1644,MEG_7028|Drugs|Tetracyclines|Tetracycline_resistance_MFS_efflux_pumps|TETA,MEG_7028|Drugs|Tetracyclines|Tetracycline_resistance_MFS_efflux_pumps|TETA,1200,1814341,1815540,+
Escherichia_coli_JM109,E.coli.JM109.final.genome,1851576,1856121,4546,MEG_365|Drugs|Aminoglycosides|Aminoglycoside_N-acetyltransferases|AAC6-PRIME,MEG_365|Drugs|Aminoglycosides|Aminoglycoside_N-acetyltransferases|AAC6-PRIME,555,1845378,1845932,+
Escherichia_coli_JM109,E.coli.JM109.final.genome,1870672,1872321,1650,MEG_7015|Drugs|Tetracyclines|Tetracycline_resistance_MFS_efflux_pumps|TETA,MEG_7015|Drugs|Tetracyclines|Tetracycline_resistance_MFS_efflux_pumps|TETA,1200,1860483,1861682,+
Escherichia_coli_JM109,E.coli.JM109.final.genome,1877641,1878105,465,MEG_407|Multi-compound|Drug_and_biocide_and_metal_resistance|Drug_and_biocide_and_metal_RND_efflux_pumps|ACRD,MEG_407|Multi-compound|Drug_and_biocide_and_metal_resistance|Drug_and_biocide_and_metal_RND_efflux_pumps|ACRD,3114,1867002,1870115,+
Escherichia_coli_JM109,E.coli.JM109.final.genome,1878191,1878514,324,MEG_2877|Biocides|Phenolic_compound_resistance|Phenolic_resistance_protein|FABL,MEG_2877|Biocides|Phenolic_compound_resistance|Phenolic_resistance_protein|FABL,753,1870201,1870953,+
Escherichia_coli_JM109,E.coli.JM109.final.genome,1895571,1896086,516,MEG_1177|Metals|Multi-metal_resistance|Multi-metal_resistance_protein|ARSRM,MEG_1177|Metals|Multi-metal_resistance|Multi-metal_resistance_protein|ARSRM,354,1888010,1888363,+
Escherichia_coli_JM109,E.coli.JM109.final.genome,1931946,1932770,825,MEG_7477|Drugs|Glycopeptides|VanD-type_regulator|VANRD,MEG_7477|Drugs|Glycopeptides|VanD-type_regulator|VANRD,699,1924223,1924921,+
Escherichia_coli_JM109,E.coli.JM109.final.genome,1941957,1942340,384,MEG_713|Metals|Arsenic_resistance|Arsenite_oxidase|AIOB,MEG_713|Metals|Arsenic_resistance|Arsenite_oxidase|AIOB,522,1934108,1934629,+
Escherichia_coli_JM109,E.coli.JM109.final.genome,1950932,1953651,2720,MEG_6640|Drugs|Sulfonamides|Sulfonamide-resistant_dihydropteroate_synthases|SULIV,MEG_6640|Drugs|Sulfonamides|Sulfonamide-resistant_dihydropteroate_synthases|SULIV,863,1943221,1944083,+
Escherichia_coli_JM109,E.coli.JM109.final.genome,2037480,2038325,846,MEG_6609|Drugs|Sulfonamides|Sulfonamide-resistant_dihydropteroate_synthases|SULI,MEG_6609|Drugs|Sulfonamides|Sulfonamide-resistant_dihydropteroate_synthases|SULI,840,2027912,2028751,+
Escherichia_coli_JM109,E.coli.JM109.final.genome,2048199,2049101,903,MEG_3750|Multi-compound|Drug_and_biocide_and_metal_resistance|Drug_and_biocide_and_metal_RND_efflux_pumps|MDTC,MEG_3750|Multi-compound|Drug_and_biocide_and_metal_resistance|Drug_and_biocide_and_metal_RND_efflux_pumps|MDTC,3081,2038625,2041705,+
Escherichia_coli_JM109,E.coli.JM109.final.genome,2049900,2051968,2069,MEG_3888|Metals|Mercury_resistance|Mercury_resistance_regulator|MERR2,MEG_3888|Metals|Mercury_resistance|Mercury_resistance_regulator|MERR2,390,2042504,2042893,+
Escherichia_coli_JM109,E.coli.JM109.final.genome,2054140,2054760,621,MEG_7237|Drugs|Tetracyclines|Tetracycline_resistance_ribosomal_protection_proteins|TETW,MEG_7237|Drugs|Tetracyclines|Tetracycline_resistance_ribosomal_protection_proteins|TETW,1920,2045065,2046984,+
Escherichia_coli_JM109,E.coli.JM109.final.genome,2111526,2112152,627,MEG_2876|Biocides|Phenolic_compound_resistance|Phenolic_resistance_protein|FABK,MEG_2876|Biocides|Phenolic_compound_resistance|Phenolic_resistance_protein|FABK,975,2103750,2104724,+
Escherichia_coli_JM109,E.coli.JM109.final.genome,2153186,2154136,951,MEG_7837|Biocides|Multi-biocide_resistance|Multi-biocide_resistance_protein|YJCG,MEG_7837|Biocides|Multi-biocide_resistance|Multi-biocide_resistance_protein|YJCG,1650,2145758,2147407,+
Escherichia_coli_JM109,E.coli.JM109.final.genome,2244028,2245068,1041,MEG_5994|Drugs|Fluoroquinolones|Quinolone_resistance_protein_Qnr|QNRB,MEG_5994|Drugs|Fluoroquinolones|Quinolone_resistance_protein_Qnr|QNRB,645,2237299,2237943,+
Escherichia_coli_JM109,E.coli.JM109.final.genome,2245155,2247004,1850,MEG_7451|Drugs|Glycopeptides|VanA-type_regulator|VANRA,MEG_7451|Drugs|Glycopeptides|VanA-type_regulator|VANRA,696,2238030,2238725,+
Escherichia_coli_JM109,E.coli.JM109.final.genome,2247187,2247960,774,MEG_1168|Biocides|Naphthoquinone|Naphthoquinone_resistance_protein|ARSHN,MEG_1168|Biocides|Naphthoquinone|Naphthoquinone_resistance_protein|ARSHN,621,2238908,2239528,+
Escherichia_coli_JM109,E.coli.JM109.final.genome,2260335,2260901,567,MEG_1582|Drugs|Phenicol|Chloramphenicol_acetyltransferases|CATA,MEG_1582|Drugs|Phenicol|Chloramphenicol_acetyltransferases|CATA,660,2251903,2252562,+
Escherichia_coli_JM109,E.coli.JM109.final.genome,2288131,2288544,414,MEG_8272|Drugs|Metronidazole|nim_nitroimidazole_reductase|NIMK,MEG_8272|Drugs|Metronidazole|nim_nitroimidazole_reductase|NIMK,507,2279792,2280298,+
Escherichia_coli_JM109,E.coli.JM109.final.genome,2288650,2289084,435,MEG_5934|Drugs|Fluoroquinolones|Quinolone_resistance_protein_Qnr|QNRB,MEG_5934|Drugs|Fluoroquinolones|Quinolone_resistance_protein_Qnr|QNRB,681,2280404,2281084,+
Escherichia_coli_JM109,E.coli.JM109.final.genome,2300447,2301637,1191,MEG_6053|Metals|Multi-metal_resistance|Multi-metal_resistance_protein|RECGM,MEG_6053|Metals|Multi-metal_resistance|Multi-metal_resistance_protein|RECGM,2076,2292447,2294522,+
Escherichia_coli_JM109,E.coli.JM109.final.genome,2318451,2318612,162,MEG_3704|Drugs|Lipopeptides|Colistin_phosphoethanolamine_transferase|MCR,MEG_3704|Drugs|Lipopeptides|Colistin_phosphoethanolamine_transferase|MCR,1626,2311336,2312961,+
Escherichia_coli_JM109,E.coli.JM109.final.genome,2489311,2490707,1397,MEG_4179|Drugs|Metronidazole|nim_nitroimidazole_reductase|NIMA,MEG_4179|Drugs|Metronidazole|nim_nitroimidazole_reductase|NIMA,531,2483660,2484190,+
Escherichia_coli_JM109,E.coli.JM109.final.genome,2491077,2491901,825,MEG_4116|Metals|Multi-metal_resistance|Multi-metal_resistance_protein|NCCX,MEG_4116|Metals|Multi-metal_resistance|Multi-metal_resistance_protein|NCCX,447,2484560,2485006,+
Escherichia_coli_JM109,E.coli.JM109.final.genome,2492269,2492997,729,MEG_7328|Drugs|Cationic_antimicrobial_peptides|Lipid_A_modification|UGD,MEG_7328|Drugs|Cationic_antimicrobial_peptides|Lipid_A_modification|UGD,1167,2485374,2486540,+
Escherichia_coli_JM109,E.coli.JM109.final.genome,2493360,2496473,3114,MEG_4165|Metals|Cobalt_resistance|Cobalt_transporting_ATPase|NHLF,MEG_4165|Metals|Cobalt_resistance|Cobalt_transporting_ATPase|NHLF,1059,2486903,2487961,+
Escherichia_coli_JM109,E.coli.JM109.final.genome,2496498,2497655,1158,MEG_6162|Drugs|Nucleosides|Streptothricin_acetyltransferase|SAT,MEG_6162|Drugs|Nucleosides|Streptothricin_acetyltransferase|SAT,522,2487986,2488507,+
Escherichia_coli_JM109,E.coli.JM109.final.genome,2497994,2498521,528,MEG_10588|Drugs|betalactams|Class_A_betalactamases|OKP,MEG_10588|Drugs|betalactams|Class_A_betalactamases|OKP,861,2488846,2489706,+
Escherichia_coli_JM109,E.coli.JM109.final.genome,2500147,2500479,333,MEG_2805|Drugs|MLS|23S_rRNA_methyltransferases|ERMB,MEG_2805|Drugs|MLS|23S_rRNA_methyltransferases|ERMB,738,2491332,2492069,+
Escherichia_coli_JM109,E.coli.JM109.final.genome,2500583,2500921,339,MEG_3867|Metals|Mercury_resistance|Mercury_resistance_protein|MERE,MEG_3867|Metals|Mercury_resistance|Mercury_resistance_protein|MERE,237,2492173,2492409,+
Escherichia_coli_JM109,E.coli.JM109.final.genome,2506224,2506649,426,MEG_3295|Drugs|Mupirocin|Mupirocin-resistant_isoleucyl-tRNA_synthetase|ILES,MEG_3295|Drugs|Mupirocin|Mupirocin-resistant_isoleucyl-tRNA_synthetase|ILES,3324,2497712,2501035,+
Escherichia_coli_JM109,E.coli.JM109.final.genome,2506662,2507951,1290,MEG_3890|Metals|Mercury_resistance|Mercury_resistance_protein|MERT,MEG_3890|Metals|Mercury_resistance|Mercury_resistance_protein|MERT,615,2501048,2501662,+
Escherichia_coli_JM109,E.coli.JM109.final.genome,2508005,2508358,354,MEG_6016|Drugs|Fluoroquinolones|Quinolone_resistance_protein_Qnr|QNRE,MEG_6016|Drugs|Fluoroquinolones|Quinolone_resistance_protein_Qnr|QNRE,645,2501716,2502360,+
Escherichia_coli_JM109,E.coli.JM109.final.genome,2517745,2519244,1500,MEG_3141|Multi-compound|Biocide_and_metal_resistance|Biocide_and_metal_resistance_protein|GLPF,MEG_3141|Multi-compound|Biocide_and_metal_resistance|Biocide_and_metal_resistance_protein|GLPF,846,2511747,2512592,+
Escherichia_coli_JM109,E.coli.JM109.final.genome,2537865,2538296,432,MEG_5918|Drugs|Fluoroquinolones|Quinolone_resistance_protein_Qnr|QNRB,MEG_5918|Drugs|Fluoroquinolones|Quinolone_resistance_protein_Qnr|QNRB,648,2531213,2531860,+
Escherichia_coli_JM109,E.coli.JM109.final.genome,2538302,2543217,4916,MEG_2670|Drugs|Multi-drug_resistance|Multi-drug_ABC_efflux_pumps|DRRA,MEG_2670|Drugs|Multi-drug_resistance|Multi-drug_ABC_efflux_pumps|DRRA,882,2531866,2532747,+
Escherichia_coli_JM109,E.coli.JM109.final.genome,2548235,2550433,2199,MEG_4059|Metals|Multi-metal_resistance|Multi-metal_resistance_protein|MREA,MEG_4059|Metals|Multi-metal_resistance|Multi-metal_resistance_protein|MREA,288,2537765,2538052,+
Escherichia_coli_JM109,E.coli.JM109.final.genome,2670133,2670765,633,MEG_2574|Drugs|Trimethoprim|Dihydrofolate_reductase|DFRD,MEG_2574|Drugs|Trimethoprim|Dihydrofolate_reductase|DFRD,501,2657752,2658252,+
Escherichia_coli_JM109,E.coli.JM109.final.genome,2717755,2718180,426,MEG_7841|Multi-compound|Biocide_and_metal_resistance|Biocide_and_metal_resistance_protein|YODB,MEG_7841|Multi-compound|Biocide_and_metal_resistance|Biocide_and_metal_resistance_protein|YODB,228,2705242,2705469,+
Escherichia_coli_JM109,E.coli.JM109.final.genome,2738745,2741849,3105,MEG_7468|Drugs|Glycopeptides|VanB-type_regulator|VANRB,MEG_7468|Drugs|Glycopeptides|VanB-type_regulator|VANRB,1344,2726034,2727377,+
Escherichia_coli_JM109,E.coli.JM109.final.genome,2741861,2743018,1158,MEG_7851|Metals|Zinc_resistance|Zinc_resistance_protein|ZITB,MEG_7851|Metals|Zinc_resistance|Zinc_resistance_protein|ZITB,942,2727389,2728330,+
Escherichia_coli_JM109,E.coli.JM109.final.genome,2743417,2744079,663,MEG_5905|Drugs|Fluoroquinolones|Quinolone_resistance_protein_Qnr|QNRB,MEG_5905|Drugs|Fluoroquinolones|Quinolone_resistance_protein_Qnr|QNRB,645,2728729,2729373,+
Escherichia_coli_JM109,E.coli.JM109.final.genome,2771081,2771395,315,MEG_8061|Drugs|Trimethoprim|Dihydrofolate_reductase|DFRA,MEG_8061|Drugs|Trimethoprim|Dihydrofolate_reductase|DFRA,534,2756375,2756908,+
Escherichia_coli_JM109,E.coli.JM109.final.genome,2941726,2942490,765,MEG_6623|Drugs|Sulfonamides|Sulfonamide-resistant_dihydropteroate_synthases|SULII,MEG_6623|Drugs|Sulfonamides|Sulfonamide-resistant_dihydropteroate_synthases|SULII,852,2927239,2928090,+
Escherichia_coli_JM109,E.coli.JM109.final.genome,2954085,2954906,822,MEG_2517|Drugs|Trimethoprim|Dihydrofolate_reductase|DFRA,MEG_2517|Drugs|Trimethoprim|Dihydrofolate_reductase|DFRA,474,2939685,2940158,+
Escherichia_coli_JM109,E.coli.JM109.final.genome,2974893,2975690,798,MEG_2698|Biocides|Multi-biocide_resistance|Multi-biocide_SMR_efflux_pump|EBRB,MEG_2698|Biocides|Multi-biocide_resistance|Multi-biocide_SMR_efflux_pump|EBRB,357,2960145,2960501,+
Escherichia_coli_JM109,E.coli.JM109.final.genome,2979966,2980107,142,MEG_8067|Drugs|Trimethoprim|Dihydrofolate_reductase|DFRA,MEG_8067|Drugs|Trimethoprim|Dihydrofolate_reductase|DFRA,792,2964777,2965568,+
Escherichia_coli_JM109,E.coli.JM109.final.genome,2988540,2988932,393,MEG_3859|Metals|Mercury_resistance|Mercury_resistance_protein|MERC,MEG_3859|Metals|Mercury_resistance|Mercury_resistance_protein|MERC,435,2974001,2974435,+
Escherichia_coli_JM109,E.coli.JM109.final.genome,3021845,3023337,1493,MEG_7838|Multi-compound|Drug_and_biocide_and_metal_resistance|Drug_and_biocide_and_metal_SMR_efflux_pump|YKKC,MEG_7838|Multi-compound|Drug_and_biocide_and_metal_resistance|Drug_and_biocide_and_metal_SMR_efflux_pump|YKKC,339,3007348,3007686,+
Escherichia_coli_JM109,E.coli.JM109.final.genome,3119394,3120104,711,MEG_2113|Drugs|Phenicol|Chloramphenicol_phosphotransferase|CPT,MEG_2113|Drugs|Phenicol|Chloramphenicol_phosphotransferase|CPT,531,3103743,3104273,+
Escherichia_coli_JM109,E.coli.JM109.final.genome,3291827,3292855,1029,MEG_6593|Drugs|Sulfonamides|Sulfonamide-resistant_dihydropteroate_synthases|SULI,MEG_6593|Drugs|Sulfonamides|Sulfonamide-resistant_dihydropteroate_synthases|SULI,840,3275996,3276835,+
Escherichia_coli_JM109,E.coli.JM109.final.genome,3331071,3331232,162,MEG_7458|Drugs|Glycopeptides|VanA-type_regulator|VANRA,MEG_7458|Drugs|Glycopeptides|VanA-type_regulator|VANRA,912,3315051,3315962,+
Escherichia_coli_JM109,E.coli.JM109.final.genome,3332403,3332569,167,MEG_4167|Metals|Nickel_resistance|Nickel_ABC_efflux_pumps|NIKA,MEG_4167|Metals|Nickel_resistance|Nickel_ABC_efflux_pumps|NIKA,1575,3317133,3318707,+
Escherichia_coli_JM109,E.coli.JM109.final.genome,3347935,3349473,1539,MEG_4200|Metals|Nickel_resistance|Nickel_resistance_protein|NIXA,MEG_4200|Metals|Nickel_resistance|Nickel_resistance_protein|NIXA,927,3334073,3334999,+
Escherichia_coli_JM109,E.coli.JM109.final.genome,3349490,3350662,1173,MEG_1182|Biocides|Acid_resistance|Acid_resistance_protein|ASR,MEG_1182|Biocides|Acid_resistance|Acid_resistance_protein|ASR,309,3335016,3335324,+
Escherichia_coli_JM109,E.coli.JM109.final.genome,3350789,3351319,531,MEG_6165|Drugs|Nucleosides|Streptothricin_acetyltransferase|SAT,MEG_6165|Drugs|Nucleosides|Streptothricin_acetyltransferase|SAT,543,3335451,3335993,+
Escherichia_coli_JM109,E.coli.JM109.final.genome,3412029,3412712,684,MEG_4217|Metals|Multi-metal_resistance|Multi-metal_resistance_protein|NREB,MEG_4217|Metals|Multi-metal_resistance|Multi-metal_resistance_protein|NREB,1251,3396703,3397953,+
Escherichia_coli_JM109,E.coli.JM109.final.genome,3550209,3550685,477,MEG_7247|Drugs|Tetracyclines|Tetracycline_resistance_MFS_efflux_pumps|TETZ,MEG_7247|Drugs|Tetracyclines|Tetracycline_resistance_MFS_efflux_pumps|TETZ,1251,3535450,3536700,+
Escherichia_coli_JM109,E.coli.JM109.final.genome,3571371,3574484,3114,MEG_1748|Multi-compound|Drug_and_biocide_and_metal_resistance|Drug_and_biocide_and_metal_RND_efflux_regulator|CMER,MEG_1748|Multi-compound|Drug_and_biocide_and_metal_resistance|Drug_and_biocide_and_metal_RND_efflux_regulator|CMER,633,3557386,3558018,+
Escherichia_coli_JM109,E.coli.JM109.final.genome,3605883,3607187,1305,MEG_3539|Biocides|Multi-biocide_resistance|Multi-biocide_MFS_efflux_pump|LDE,MEG_3539|Biocides|Multi-biocide_resistance|Multi-biocide_MFS_efflux_pump|LDE,1209,3589417,3590625,+
Escherichia_coli_JM109,E.coli.JM109.final.genome,3642583,3643821,1239,MEG_4185|Drugs|Metronidazole|nim_nitroimidazole_reductase|NIME,MEG_4185|Drugs|Metronidazole|nim_nitroimidazole_reductase|NIME,458,3626021,3626478,+
Escherichia_coli_JM109,E.coli.JM109.final.genome,3667322,3670915,3594,MEG_4198|Metals|Nickel_resistance|Nickel_resistance_protein|NIRD,MEG_4198|Metals|Nickel_resistance|Nickel_resistance_protein|NIRD,495,3649979,3650473,+
Escherichia_coli_JM109,E.coli.JM109.final.genome,3670920,3671534,615,MEG_2178|Drugs|betalactams|Class_A_betalactamases|CTX,MEG_2178|Drugs|betalactams|Class_A_betalactamases|CTX,876,3650478,3651353,+
Escherichia_coli_JM109,E.coli.JM109.final.genome,3671950,3674651,2702,MEG_2701|Biocides|Acid_resistance|Acid_resistance_protein|EEFA,MEG_2701|Biocides|Acid_resistance|Acid_resistance_protein|EEFA,1125,3651769,3652893,+
Escherichia_coli_JM109,E.coli.JM109.final.genome,3788449,3789417,969,MEG_6085|Drugs|Rifampin|Monooxygenase|ROX,MEG_6085|Drugs|Rifampin|Monooxygenase|ROX,1422,3766691,3768112,+
Escherichia_coli_JM109,E.coli.JM109.final.genome,3844018,3844261,244,MEG_1593|Drugs|Phenicol|Chloramphenicol_acetyltransferases|CATA,MEG_1593|Drugs|Phenicol|Chloramphenicol_acetyltransferases|CATA,671,3822713,3823383,+
Escherichia_coli_JM109,E.coli.JM109.final.genome,3844558,3844781,224,MEG_11335|Metals|Multi-metal_resistance|Multi-metal_resistance_regulator|CADC,MEG_11335|Metals|Multi-metal_resistance|Multi-metal_resistance_regulator|CADC,360,3823680,3824039,+
Escherichia_coli_JM109,E.coli.JM109.final.genome,3847873,3849516,1644,MEG_7273|Biocides|Phenolic_compound_resistance|Phenolic_RND_efflux_pump|TRIB,MEG_7273|Biocides|Phenolic_compound_resistance|Phenolic_RND_efflux_pump|TRIB,1071,3827131,3828201,+
Escherichia_coli_JM109,E.coli.JM109.final.genome,3876614,3877804,1191,MEG_11360|Metals|Arsenic_resistance|Arsenic_resistance_N-acetyltransferases|ARSN2,MEG_11360|Metals|Arsenic_resistance|Arsenic_resistance_N-acetyltransferases|ARSN2,495,3855299,3855793,+
Escherichia_coli_JM109,E.coli.JM109.final.genome,3969076,3969414,339,MEG_11499|Drugs|Metronidazole|nim_nitroimidazole_reductase|NIME,MEG_11499|Drugs|Metronidazole|nim_nitroimidazole_reductase|NIME,513,3947065,3947577,+
Escherichia_coli_JM109,E.coli.JM109.final.genome,3969633,3970457,825,MEG_1157|Metals|Arsenic_resistance|Arsenic_resistance_protein|ARSC,MEG_1157|Metals|Arsenic_resistance|Arsenic_resistance_protein|ARSC,393,3947796,3948188,+
Escherichia_coli_JM109,E.coli.JM109.final.genome,3970578,3970850,273,MEG_5541|Drugs|betalactams|Class_C_betalactamases|PDC,MEG_5541|Drugs|betalactams|Class_C_betalactamases|PDC,1194,3948309,3949502,+
Escherichia_coli_JM109,E.coli.JM109.final.genome,3992573,3994695,2123,MEG_2657|Multi-compound|Biocide_and_metal_resistance|Biocide_and_metal_resistance_protein|DPR,MEG_2657|Multi-compound|Biocide_and_metal_resistance|Biocide_and_metal_resistance_protein|DPR,519,3971225,3971743,+
Escherichia_coli_JM109,E.coli.JM109.final.genome,3996108,4003555,7448,MEG_499|Multi-compound|Biocide_and_metal_resistance|Biocide_and_metal_resistance_protein|ACTA,MEG_499|Multi-compound|Biocide_and_metal_resistance|Biocide_and_metal_resistance_protein|ACTA,1632,3973156,3974787,+
Escherichia_coli_JM109,E.coli.JM109.final.genome,4015959,4017811,1853,MEG_7013|Drugs|Tetracyclines|Tetracycline_resistance_MFS_efflux_pumps|TET59,MEG_7013|Drugs|Tetracyclines|Tetracycline_resistance_MFS_efflux_pumps|TET59,1203,3987191,3988393,+
Escherichia_coli_JM109,E.coli.JM109.final.genome,4057957,4059123,1167,MEG_2127|Metals|Copper_resistance|Copper_resistance_regulator|CRDR,MEG_2127|Metals|Copper_resistance|Copper_resistance_regulator|CRDR,642,4028539,4029180,+
Escherichia_coli_JM109,E.coli.JM109.final.genome,4097913,4099318,1406,MEG_5798|Multi-compound|Drug_and_metal_resistance|Drug_and_metal_MFS_efflux_pumps|PMRAM,MEG_5798|Multi-compound|Drug_and_metal_resistance|Drug_and_metal_MFS_efflux_pumps|PMRAM,669,4067970,4068638,+
Escherichia_coli_JM109,E.coli.JM109.final.genome,4115545,4116195,651,MEG_1189|Drugs|Bacitracin|Undecaprenyl_pyrophosphate_phosphatase|BACA,MEG_1189|Drugs|Bacitracin|Undecaprenyl_pyrophosphate_phosphatase|BACA,822,4084865,4085686,+
Escherichia_coli_JM109,E.coli.JM109.final.genome,4122329,4122502,174,MEG_8800|Drugs|Lipopeptides|Colistin_phosphoethanolamine_transferase|MCR,MEG_8800|Drugs|Lipopeptides|Colistin_phosphoethanolamine_transferase|MCR,1626,4091820,4093445,+
Escherichia_coli_JM109,E.coli.JM109.final.genome,4132357,4132584,228,MEG_14|Drugs|Aminoglycosides|Aminoglycoside_N-acetyltransferases|AAC2-PRIME,MEG_14|Drugs|Aminoglycosides|Aminoglycoside_N-acetyltransferases|AAC2-PRIME,783,4103300,4104082,+
Escherichia_coli_JM109,E.coli.JM109.final.genome,4197528,4198274,747,MEG_3743|Multi-compound|Drug_and_biocide_and_metal_resistance|Drug_and_biocide_and_metal_MFS_efflux_pumps|MDRL,MEG_3743|Multi-compound|Drug_and_biocide_and_metal_resistance|Drug_and_biocide_and_metal_MFS_efflux_pumps|MDRL,1194,4169026,4170219,+
Escherichia_coli_JM109,E.coli.JM109.final.genome,4212595,4214132,1538,MEG_7212|Drugs|Tetracyclines|Tetracycline_resistance_ribosomal_protection_proteins|TETW,MEG_7212|Drugs|Tetracyclines|Tetracycline_resistance_ribosomal_protection_proteins|TETW,1920,4184540,4186459,+
Escherichia_coli_JM109,E.coli.JM109.final.genome,4214211,4215143,933,MEG_1717|Metals|Chromium_resistance|Chromium_resistance_protein|CHRR,MEG_1717|Metals|Chromium_resistance|Chromium_resistance_protein|CHRR,732,4186538,4187269,+
Escherichia_coli_JM109,E.coli.JM109.final.genome,4250540,4251106,567,MEG_1172|Metals|Arsenic_resistance|Arsenic_resistance_regulator|ARSR,MEG_1172|Metals|Arsenic_resistance|Arsenic_resistance_regulator|ARSR,318,4222666,4222983,+
Escherichia_coli_JM109,E.coli.JM109.final.genome,4411964,4413337,1374,MEG_3935|Biocides|Multi-biocide_resistance|Multi-biocide_RND_efflux_pump|MEXV,MEG_3935|Biocides|Multi-biocide_resistance|Multi-biocide_RND_efflux_pump|MEXV,1131,4383841,4384971,+
Escherichia_coli_JM109,E.coli.JM109.final.genome,4420835,4421416,582,MEG_2521|Drugs|Trimethoprim|Dihydrofolate_reductase|DFRA,MEG_2521|Drugs|Trimethoprim|Dihydrofolate_reductase|DFRA,498,4392469,4392966,+
Escherichia_coli_JM109,E.coli.JM109.final.genome,4483326,4484007,682,MEG_6028|Drugs|Fluoroquinolones|Quinolone_resistance_protein_Qnr|QNRS,MEG_6028|Drugs|Fluoroquinolones|Quinolone_resistance_protein_Qnr|QNRS,657,4454876,4455532,+
Escherichia_coli_JM109,E.coli.JM109.final.genome,4485143,4485478,336,MEG_7092|Drugs|Tetracyclines|Tetracycline_resistance_MFS_efflux_pumps|TETL,MEG_7092|Drugs|Tetracyclines|Tetracycline_resistance_MFS_efflux_pumps|TETL,1383,4456668,4458050,+
Escherichia_coli_b2207,E.coli.b2207.final.plasmid,13158,16607,3450,MEG_2888|Metals|Multi-metal_resistance|Multi-metal_ABC_efflux_pumps|FBPA,MEG_2888|Metals|Multi-metal_resistance|Multi-metal_ABC_efflux_pumps|FBPA,999,13158,14156,+
Escherichia_coli_b2207,E.coli.b2207.final.genome,60261,61370,1110,MEG_1705|Metals|Chromium_resistance|Chromium_resistance_protein|CHRA,MEG_1705|Metals|Chromium_resistance|Chromium_resistance_protein|CHRA,1251,60261,61511,+
Escherichia_coli_b2207,E.coli.b2207.final.genome,74333,75490,1158,MEG_3253|Biocides|Acid_resistance|Acid_resistance_protein|HDEA,MEG_3253|Biocides|Acid_resistance|Acid_resistance_protein|HDEA,333,74474,74806,+
Escherichia_coli_b2207,E.coli.b2207.final.genome,149857,151602,1746,MEG_2501|Drugs|Trimethoprim|Dihydrofolate_reductase|DFRA,MEG_2501|Drugs|Trimethoprim|Dihydrofolate_reductase|DFRA,474,149173,149646,+
Escherichia_coli_b2207,E.coli.b2207.final.genome,171642,174791,3150,MEG_8125|Drugs|betalactams|Class_B_betalactamases|GOB,MEG_8125|Drugs|betalactams|Class_B_betalactamases|GOB,873,169686,170558,+
Escherichia_coli_b2207,E.coli.b2207.final.genome,174814,176007,1194,MEG_1132|Drugs|Rifampin|Rifampin_ADP-ribosyltransferase_Arr|ARR,MEG_1132|Drugs|Rifampin|Rifampin_ADP-ribosyltransferase_Arr|ARR,453,170581,171033,+
Escherichia_coli_b2207,E.coli.b2207.final.genome,199251,201755,2505,MEG_711|Metals|Arsenic_resistance|Arsenite_oxidase|AIOA,MEG_711|Metals|Arsenic_resistance|Arsenite_oxidase|AIOA,2481,194277,196757,+
Escherichia_coli_b2207,E.coli.b2207.final.genome,204369,204776,408,MEG_723|Metals|Aluminum_resistance|Aluminum_resistance_protein|ALU1P,MEG_723|Metals|Aluminum_resistance|Aluminum_resistance_protein|ALU1P,561,199371,199931,+
Escherichia_coli_b2207,E.coli.b2207.final.genome,206295,207738,1444,MEG_715|Metals|Arsenic_resistance|Arsenite_oxidase_regulator|AIOR,MEG_715|Metals|Arsenic_resistance|Arsenite_oxidase_regulator|AIOR,1329,201450,202778,+
Escherichia_coli_b2207,E.coli.b2207.final.genome,268365,269381,1017,MEG_737|Drugs|Aminoglycosides|Aminoglycoside_O-nucleotidyltransferases|ANT2-DPRIME,MEG_737|Drugs|Aminoglycosides|Aminoglycoside_O-nucleotidyltransferases|ANT2-DPRIME,534,263405,263938,+
Escherichia_coli_b2207,E.coli.b2207.final.genome,310050,312165,2116,MEG_11505|Drugs|Metronidazole|nim_nitroimidazole_reductase|NIMF,MEG_11505|Drugs|Metronidazole|nim_nitroimidazole_reductase|NIMF,492,304607,305098,+
Escherichia_coli_b2207,E.coli.b2207.final.genome,312322,313695,1374,MEG_7160|Drugs|Tetracyclines|Tetracycline_resistance_ribosomal_protection_proteins|TETO,MEG_7160|Drugs|Tetracyclines|Tetracycline_resistance_ribosomal_protection_proteins|TETO,1920,305255,307174,+
Escherichia_coli_b2207,E.coli.b2207.final.genome,313853,314185,333,MEG_3132|Multi-compound|Drug_and_biocide_and_metal_resistance|Drug_and_biocide_and_metal_RND_efflux_pumps|GESA,MEG_3132|Multi-compound|Drug_and_biocide_and_metal_resistance|Drug_and_biocide_and_metal_RND_efflux_pumps|GESA,1227,307332,308558,+
Escherichia_coli_b2207,E.coli.b2207.final.genome,314201,315424,1224,MEG_1115|Drugs|Multi-drug_resistance|MDR_regulator|ARLR,MEG_1115|Drugs|Multi-drug_resistance|MDR_regulator|ARLR,660,308574,309233,+
Escherichia_coli_b2207,E.coli.b2207.final.genome,315436,318579,3144,MEG_7854|Metals|Zinc_resistance|Zinc_resistance_regulator|ZNTR,MEG_7854|Metals|Zinc_resistance|Zinc_resistance_regulator|ZNTR,426,309245,309670,+
Escherichia_coli_b2207,E.coli.b2207.final.genome,383022,384923,1902,MEG_352|Drugs|Aminoglycosides|Aminoglycoside_N-acetyltransferases|AAC6-PRIME,MEG_352|Drugs|Aminoglycosides|Aminoglycoside_N-acetyltransferases|AAC6-PRIME,1476,374113,375588,+
Escherichia_coli_b2207,E.coli.b2207.final.genome,398489,400099,1611,MEG_7491|Drugs|Glycopeptides|VanB-type_regulator|VANSB,MEG_7491|Drugs|Glycopeptides|VanB-type_regulator|VANSB,1326,389154,390479,+
Escherichia_coli_b2207,E.coli.b2207.final.genome,404850,406388,1539,MEG_6651|Metals|Copper_resistance|Copper_resistance_protein|TCRA,MEG_6651|Metals|Copper_resistance|Copper_resistance_protein|TCRA,2436,395230,397665,+
Escherichia_coli_b2207,E.coli.b2207.final.genome,406413,407235,823,MEG_7569|Drugs|Glycopeptides|VanD-type_resistance_protein|VANXD,MEG_7569|Drugs|Glycopeptides|VanD-type_resistance_protein|VANXD,609,397690,398298,+
Escherichia_coli_b2207,E.coli.b2207.final.genome,432228,432371,144,MEG_80|Drugs|Aminoglycosides|Aminoglycoside_N-acetyltransferases|AAC6-PRIME,MEG_80|Drugs|Aminoglycosides|Aminoglycoside_N-acetyltransferases|AAC6-PRIME,441,423291,423731,+
Escherichia_coli_b2207,E.coli.b2207.final.genome,436333,437010,678,MEG_4204|Biocides|Paraquat_resistance|Paraquat_resistance_protein|NMPC,MEG_4204|Biocides|Paraquat_resistance|Paraquat_resistance_protein|NMPC,849,427693,428541,+
Escherichia_coli_b2207,E.coli.b2207.final.genome,498945,499886,942,MEG_4342|Multi-compound|Drug_and_biocide_resistance|Drug_and_biocide_RND_efflux_pumps|OQXB,MEG_4342|Multi-compound|Drug_and_biocide_resistance|Drug_and_biocide_RND_efflux_pumps|OQXB,3153,490476,493628,+
Escherichia_coli_b2207,E.coli.b2207.final.genome,508919,509707,789,MEG_3017|Drugs|Fosfomycin|Fosfomycin_thiol_transferases|FOSC,MEG_3017|Drugs|Fosfomycin|Fosfomycin_thiol_transferases|FOSC,549,502661,503209,+
Escherichia_coli_b2207,E.coli.b2207.final.genome,510152,511615,1464,MEG_4294|Drugs|Multi-drug_resistance|Multi-drug_RND_efflux_pumps|OPMH,MEG_4294|Drugs|Multi-drug_resistance|Multi-drug_RND_efflux_pumps|OPMH,1449,503654,505102,+
Escherichia_coli_b2207,E.coli.b2207.final.genome,511617,512675,1059,MEG_3852|Metals|Mercury_resistance|Mercury_resistance_protein|MERB,MEG_3852|Metals|Mercury_resistance|Mercury_resistance_protein|MERB,645,505104,505748,+
Escherichia_coli_b2207,E.coli.b2207.final.genome,568246,568713,468,MEG_11305|Drugs|Trimethoprim|Dihydrofolate_reductase|DFRA,MEG_11305|Drugs|Trimethoprim|Dihydrofolate_reductase|DFRA,477,561319,561795,+
Escherichia_coli_b2207,E.coli.b2207.final.genome,598736,599968,1233,MEG_3862|Metals|Mercury_resistance|Mercury_resistance_regulator|MERD,MEG_3862|Metals|Mercury_resistance|Mercury_resistance_regulator|MERD,366,591818,592183,+
Escherichia_coli_b2207,E.coli.b2207.final.genome,606247,606969,723,MEG_11252|Metals|Arsenic_resistance|Arsenic_resistance_regulator|ARSR,MEG_11252|Metals|Arsenic_resistance|Arsenic_resistance_regulator|ARSR,321,598462,598782,+
Escherichia_coli_b2207,E.coli.b2207.final.genome,706174,706618,445,MEG_1553|Drugs|Phenicol|Chloramphenicol_acetyltransferases|CAT,MEG_1553|Drugs|Phenicol|Chloramphenicol_acetyltransferases|CAT,624,697987,698610,+
Escherichia_coli_b2207,E.coli.b2207.final.genome,782629,784377,1749,MEG_8064|Drugs|Trimethoprim|Dihydrofolate_reductase|DFRA,MEG_8064|Drugs|Trimethoprim|Dihydrofolate_reductase|DFRA,498,774621,775118,+
Escherichia_coli_b2207,E.coli.b2207.final.genome,835027,836104,1078,MEG_1703|Multi-compound|Biocide_and_metal_resistance|Biocide_and_metal_resistance_protein|CHR,MEG_1703|Multi-compound|Biocide_and_metal_resistance|Biocide_and_metal_resistance_protein|CHR,453,825768,826220,+
Escherichia_coli_b2207,E.coli.b2207.final.genome,970364,971590,1227,MEG_1153|Metals|Multi-metal_resistance|Multi-metal_resistance_protein|ARSBM,MEG_1153|Metals|Multi-metal_resistance|Multi-metal_resistance_protein|ARSBM,1290,960480,961769,+
Escherichia_coli_b2207,E.coli.b2207.final.genome,980219,981427,1209,MEG_10141|Drugs|Sulfonamides|Sulfonamide_resistant_ECF_transporter_comonent|THFT,MEG_10141|Drugs|Sulfonamides|Sulfonamide_resistant_ECF_transporter_comonent|THFT,558,970398,970955,+
Escherichia_coli_b2207,E.coli.b2207.final.genome,1024302,1024934,633,MEG_7059|Drugs|Tetracyclines|Tetracycline_resistance_MFS_efflux_pumps|TETC,MEG_7059|Drugs|Tetracyclines|Tetracycline_resistance_MFS_efflux_pumps|TETC,1191,1013830,1015020,+
Escherichia_coli_b2207,E.coli.b2207.final.genome,1025175,1025432,258,MEG_3018|Drugs|Fosfomycin|Fosfomycin_thiol_transferases|FOSD,MEG_3018|Drugs|Fosfomycin|Fosfomycin_thiol_transferases|FOSD,420,1015261,1015680,+
Escherichia_coli_b2207,E.coli.b2207.final.genome,1068455,1068721,267,MEG_9194|Multi-compound|Drug_and_biocide_resistance|Drug_and_biocide_RND_efflux_pumps|ACRA,MEG_9194|Multi-compound|Drug_and_biocide_resistance|Drug_and_biocide_RND_efflux_pumps|ACRA,1194,1058703,1059896,+
Escherichia_coli_b2207,E.coli.b2207.final.genome,1094751,1095287,537,MEG_3863|Metals|Mercury_resistance|Mercury_resistance_regulator|MERD,MEG_3863|Metals|Mercury_resistance|Mercury_resistance_regulator|MERD,366,1085926,1086291,+
Escherichia_coli_b2207,E.coli.b2207.final.genome,1095427,1096968,1542,MEG_6961|Metals|Tellurium_resistance|Tellurium_resistance_protein|TERZ,MEG_6961|Metals|Tellurium_resistance|Tellurium_resistance_protein|TERZ,585,1086431,1087015,+
Escherichia_coli_b2207,E.coli.b2207.final.genome,1121043,1121321,279,MEG_4053|Drugs|Cationic_antimicrobial_peptides|Defensin-resistant_mprF|MPRF,MEG_4053|Drugs|Cationic_antimicrobial_peptides|Defensin-resistant_mprF|MPRF,2544,1111090,1113633,+
Escherichia_coli_b2207,E.coli.b2207.final.genome,1133002,1134102,1101,MEG_11230|Drugs|Fluoroquinolones|Quinolone_resistance_protein_Qnr|QNRA,MEG_11230|Drugs|Fluoroquinolones|Quinolone_resistance_protein_Qnr|QNRA,657,1125314,1125970,+
Escherichia_coli_b2207,E.coli.b2207.final.genome,1154762,1155175,414,MEG_3010|Drugs|Fosfomycin|Fosfomycin_thiol_transferases|FOSB,MEG_3010|Drugs|Fosfomycin|Fosfomycin_thiol_transferases|FOSB,417,1146630,1147046,+
Escherichia_coli_b2207,E.coli.b2207.final.genome,1267383,1268171,789,MEG_2678|Metals|Multi-metal_resistance|Multi-metal_resistance_protein|DSBA,MEG_2678|Metals|Multi-metal_resistance|Multi-metal_resistance_protein|DSBA,627,1259254,1259880,+
Escherichia_coli_b2207,E.coli.b2207.final.genome,1392215,1393797,1583,MEG_501|Multi-compound|Biocide_and_metal_resistance|Biocide_and_metal_resistance_protein|ACTP,MEG_501|Multi-compound|Biocide_and_metal_resistance|Biocide_and_metal_resistance_protein|ACTP,2484,1383924,1386407,+
Escherichia_coli_b2207,E.coli.b2207.final.genome,1464864,1466399,1536,MEG_6561|Biocides|Multi-biocide_resistance|Multi-biocide_RND_efflux_pump|SRPC,MEG_6561|Biocides|Multi-biocide_resistance|Multi-biocide_RND_efflux_pump|SRPC,1413,1457474,1458886,+
Escherichia_coli_b2207,E.coli.b2207.final.genome,1466555,1467951,1397,MEG_6583|Drugs|Sulfonamides|Sulfonamide-resistant_dihydropteroate_synthases|SULI,MEG_6583|Drugs|Sulfonamides|Sulfonamide-resistant_dihydropteroate_synthases|SULI,840,1459042,1459881,+
Escherichia_coli_b2207,E.coli.b2207.final.genome,1478829,1479590,762,MEG_504|Multi-compound|Biocide_and_metal_resistance|Biocide_and_metal_resistance_regulator|ACTR,MEG_504|Multi-compound|Biocide_and_metal_resistance|Biocide_and_metal_resistance_regulator|ACTR,585,1470759,1471343,+
Escherichia_coli_b2207,E.coli.b2207.final.genome,1480110,1482389,2280,MEG_2839|Drugs|MLS|23S_rRNA_methyltransferases|ERMO,MEG_2839|Drugs|MLS|23S_rRNA_methyltransferases|ERMO,780,1471863,1472642,+
Escherichia_coli_b2207,E.coli.b2207.final.genome,1516356,1516790,435,MEG_8247|Drugs|Multi-drug_resistance|Multi-drug_RND_efflux_pumps|MEXC1,MEG_8247|Drugs|Multi-drug_resistance|Multi-drug_RND_efflux_pumps|MEXC1,1164,1506609,1507772,+
Escherichia_coli_b2207,E.coli.b2207.final.genome,1516804,1517193,390,MEG_3167|Metals|Gold_resistance|Gold_resistance_regulator|GOLS,MEG_3167|Metals|Gold_resistance|Gold_resistance_regulator|GOLS,465,1507786,1508250,+
Escherichia_coli_b2207,E.coli.b2207.final.genome,1521340,1521732,393,MEG_4181|Drugs|Metronidazole|nim_nitroimidazole_reductase|NIMC,MEG_4181|Drugs|Metronidazole|nim_nitroimidazole_reductase|NIMC,492,1512397,1512888,+
Escherichia_coli_b2207,E.coli.b2207.final.genome,1552245,1552580,336,MEG_2715|Biocides|Multi-biocide_resistance|Multi-biocide_RND_efflux_pump|EMHA,MEG_2715|Biocides|Multi-biocide_resistance|Multi-biocide_RND_efflux_pump|EMHA,1158,1543401,1544558,+
Escherichia_coli_b2207,E.coli.b2207.final.genome,1553716,1554397,682,MEG_3768|Drugs|betalactams|Penicillin_binding_protein|MECA,MEG_3768|Drugs|betalactams|Penicillin_binding_protein|MECA,2001,1545694,1547694,+
Escherichia_coli_b2207,E.coli.b2207.final.genome,1616271,1616852,582,MEG_5995|Drugs|Fluoroquinolones|Quinolone_resistance_protein_Qnr|QNRB,MEG_5995|Drugs|Fluoroquinolones|Quinolone_resistance_protein_Qnr|QNRB,681,1609568,1610248,+
Escherichia_coli_b2207,E.coli.b2207.final.genome,1624423,1625796,1374,MEG_2494|Drugs|Trimethoprim|Dihydrofolate_reductase|DFRA,MEG_2494|Drugs|Trimethoprim|Dihydrofolate_reductase|DFRA,474,1617819,1618292,+
Escherichia_coli_b2207,E.coli.b2207.final.genome,1787745,1788311,567,MEG_1704|Multi-compound|Biocide_and_metal_resistance|Biocide_and_metal_resistance_protein|CHR,MEG_1704|Multi-compound|Biocide_and_metal_resistance|Biocide_and_metal_resistance_protein|CHR,561,1780241,1780801,+
Escherichia_coli_b2207,E.coli.b2207.final.genome,1823708,1824640,933,MEG_9971|Drugs|Tetracyclines|Tetracycline_resistance_MFS_efflux_pumps|TET62,MEG_9971|Drugs|Tetracyclines|Tetracycline_resistance_MFS_efflux_pumps|TET62,1221,1816198,1817418,+
Escherichia_coli_b2207,E.coli.b2207.final.genome,1824719,1826256,1538,MEG_6631|Drugs|Sulfonamides|Sulfonamide-resistant_dihydropteroate_synthases|SULII,MEG_6631|Drugs|Sulfonamides|Sulfonamide-resistant_dihydropteroate_synthases|SULII,816,1817497,1818312,+
Escherichia_coli_b2207,E.coli.b2207.final.genome,1840577,1841323,747,MEG_3878|Metals|Mercury_resistance|Mercury_resistance_protein|MERP,MEG_3878|Metals|Mercury_resistance|Mercury_resistance_protein|MERP,351,1832633,1832983,+
Escherichia_coli_b2207,E.coli.b2207.final.genome,1904213,1904440,228,MEG_375|Multi-compound|Drug_and_biocide_resistance|Drug_and_biocide_SMR_efflux_pumps|ABES,MEG_375|Multi-compound|Drug_and_biocide_resistance|Drug_and_biocide_SMR_efflux_pumps|ABES,330,1895873,1896202,+
Escherichia_coli_b2207,E.coli.b2207.final.genome,1920526,1921176,651,MEG_8785|Drugs|Lipopeptides|Colistin_phosphoethanolamine_transferase|MCR,MEG_8785|Drugs|Lipopeptides|Colistin_phosphoethanolamine_transferase|MCR,1626,1912288,1913913,+
Escherichia_coli_b2207,E.coli.b2207.final.genome,1927225,1930816,3592,MEG_11359|Drugs|Organoarsenicals|Arsinothricin_resistance_N-acetyltransferases|ARSN1,MEG_11359|Drugs|Organoarsenicals|Arsinothricin_resistance_N-acetyltransferases|ARSN1,510,1919962,1920471,+
Escherichia_coli_b2207,E.coli.b2207.final.genome,1963045,1964450,1406,MEG_5975|Drugs|Fluoroquinolones|Quinolone_resistance_protein_Qnr|QNRB,MEG_5975|Drugs|Fluoroquinolones|Quinolone_resistance_protein_Qnr|QNRB,681,1952700,1953380,+
Escherichia_coli_b2207,E.coli.b2207.final.genome,2021603,2022769,1167,MEG_881|Drugs|Aminoglycosides|Aminoglycoside_O-nucleotidyltransferases|ANT3-DPRIME,MEG_881|Drugs|Aminoglycosides|Aminoglycoside_O-nucleotidyltransferases|ANT3-DPRIME,792,2010533,2011324,+
Escherichia_coli_b2207,E.coli.b2207.final.genome,2062383,2064236,1854,MEG_8788|Drugs|Lipopeptides|Colistin_phosphoethanolamine_transferase|MCR,MEG_8788|Drugs|Lipopeptides|Colistin_phosphoethanolamine_transferase|MCR,1626,2050938,2052563,+
Escherichia_coli_b2207,E.coli.b2207.final.genome,2075907,2083354,7448,MEG_4054|Drugs|Cationic_antimicrobial_peptides|Defensin-resistant_mprF|MPRF,MEG_4054|Drugs|Cationic_antimicrobial_peptides|Defensin-resistant_mprF|MPRF,2643,2064234,2066876,+
Escherichia_coli_b2207,E.coli.b2207.final.genome,2084767,2086889,2123,MEG_6639|Drugs|Sulfonamides|Sulfonamide-resistant_dihydropteroate_synthases|SULIII,MEG_6639|Drugs|Sulfonamides|Sulfonamide-resistant_dihydropteroate_synthases|SULIII,792,2068289,2069080,+
Escherichia_coli_b2207,E.coli.b2207.final.genome,2106292,2106564,273,MEG_316|Drugs|Aminoglycosides|Aminoglycoside_N-acetyltransferases|AAC6-PRIME,MEG_316|Drugs|Aminoglycosides|Aminoglycoside_N-acetyltransferases|AAC6-PRIME,1440,2088483,2089922,+
Escherichia_coli_b2207,E.coli.b2207.final.genome,2106685,2107509,825,MEG_6636|Drugs|Sulfonamides|Sulfonamide-resistant_dihydropteroate_synthases|SULII,MEG_6636|Drugs|Sulfonamides|Sulfonamide-resistant_dihydropteroate_synthases|SULII,819,2090043,2090861,+
Escherichia_coli_b2207,E.coli.b2207.final.genome,2107728,2108066,339,MEG_1716|Metals|Chromium_resistance|Chromium_resistance_regulator|CHRI,MEG_1716|Metals|Chromium_resistance|Chromium_resistance_regulator|CHRI,495,2091080,2091574,+
Escherichia_coli_b2207,E.coli.b2207.final.genome,2200269,2201459,1191,MEG_3006|Drugs|Fosfomycin|Fosfomycin_thiol_transferases|FOSB,MEG_3006|Drugs|Fosfomycin|Fosfomycin_thiol_transferases|FOSB,420,2183777,2184196,+
Escherichia_coli_b2207,E.coli.b2207.final.genome,2227359,2229002,1644,MEG_1743|Multi-compound|Drug_and_biocide_and_metal_resistance|Drug_and_biocide_and_metal_RND_efflux_pumps|CMED,MEG_1743|Multi-compound|Drug_and_biocide_and_metal_resistance|Drug_and_biocide_and_metal_RND_efflux_pumps|CMED,1275,2210096,2211370,+
Escherichia_coli_b2207,E.coli.b2207.final.genome,2232094,2232317,224,MEG_3269|Multi-compound|Biocide_and_metal_resistance|Biocide_and_metal_resistance_regulator|HMRR,MEG_3269|Multi-compound|Biocide_and_metal_resistance|Biocide_and_metal_resistance_regulator|HMRR,390,2214462,2214851,+
Escherichia_coli_b2207,E.coli.b2207.final.genome,2232614,2232857,244,MEG_11365|Metals|Arsenic_resistance|Arsenic_resistance_N-acetyltransferases|ARSN2,MEG_11365|Metals|Arsenic_resistance|Arsenic_resistance_N-acetyltransferases|ARSN2,429,2215148,2215576,+
Escherichia_coli_b2207,E.coli.b2207.final.genome,2287459,2288427,969,MEG_7789|Biocides|Multi-biocide_resistance|Multi-biocide_RND_efflux_pump|VMEF,MEG_7789|Biocides|Multi-biocide_resistance|Multi-biocide_RND_efflux_pump|VMEF,3114,2270178,2273291,+
Escherichia_coli_b2207,E.coli.b2207.final.genome,2390785,2393486,2702,MEG_4184|Drugs|Metronidazole|nim_nitroimidazole_reductase|NIME,MEG_4184|Drugs|Metronidazole|nim_nitroimidazole_reductase|NIME,435,2375649,2376083,+
Escherichia_coli_b2207,E.coli.b2207.final.genome,2393902,2394516,615,MEG_4278|Drugs|MLS|Macrolide_glycosyltransferases|OLEI,MEG_4278|Drugs|MLS|Macrolide_glycosyltransferases|OLEI,1275,2376499,2377773,+
Escherichia_coli_b2207,E.coli.b2207.final.genome,2394521,2398114,3594,MEG_6655|Multi-compound|Biocide_and_metal_resistance|Biocide_and_metal_resistance_protein|TEHA,MEG_6655|Multi-compound|Biocide_and_metal_resistance|Biocide_and_metal_resistance_protein|TEHA,993,2377778,2378770,+
Escherichia_coli_b2207,E.coli.b2207.final.genome,2421615,2422853,1239,MEG_2614|Drugs|Phenicol|Phenicol_resistance_MFS_efflux_pumps|DHAP,MEG_2614|Drugs|Phenicol|Phenicol_resistance_MFS_efflux_pumps|DHAP,1188,2402271,2403458,+
Escherichia_coli_b2207,E.coli.b2207.final.genome,2456900,2458204,1305,MEG_716|Metals|Arsenic_resistance|Arsenite_oxidase_regulator|AIOS,MEG_716|Metals|Arsenic_resistance|Arsenite_oxidase_regulator|AIOS,1467,2437505,2438971,+
Escherichia_coli_b2207,E.coli.b2207.final.genome,2489603,2492716,3114,MEG_1466|Biocides|Polyamine_resistance|Spermine/spermidine_acetyltransferase|BLTD,MEG_1466|Biocides|Polyamine_resistance|Spermine/spermidine_acetyltransferase|BLTD,459,2470370,2470828,+
Escherichia_coli_b2207,E.coli.b2207.final.genome,2513402,2513878,477,MEG_7951|Drugs|betalactams|Class_C_betalactamases|ADC,MEG_7951|Drugs|betalactams|Class_C_betalactamases|ADC,1152,2491514,2492665,+
Escherichia_coli_b2207,E.coli.b2207.final.genome,2652715,2653398,684,MEG_8090|Drugs|Fosfomycin|Fosfomycin_thiol_transferases|FOSL,MEG_8090|Drugs|Fosfomycin|Fosfomycin_thiol_transferases|FOSL,411,2631502,2631912,+
Escherichia_coli_b2207,E.coli.b2207.final.genome,2692084,2692614,531,MEG_7275|Biocides|Phenolic_compound_resistance|Phenolic_RND_efflux_pump|TRIC,MEG_7275|Biocides|Phenolic_compound_resistance|Phenolic_RND_efflux_pump|TRIC,3048,2670598,2673645,+
Escherichia_coli_b2207,E.coli.b2207.final.genome,2692741,2693913,1173,MEG_6673|Drugs|betalactams|Class_A_betalactamases|TEM,MEG_6673|Drugs|betalactams|Class_A_betalactamases|TEM,861,2673772,2674632,+
Escherichia_coli_b2207,E.coli.b2207.final.genome,2693930,2695468,1539,MEG_3283|Metals|Nickel_resistance|Nickel_resistance_protein|HUPE,MEG_3283|Metals|Nickel_resistance|Nickel_resistance_protein|HUPE,576,2674649,2675224,+
Escherichia_coli_b2207,E.coli.b2207.final.genome,2747870,2748893,1024,MEG_9968|Drugs|Trimethoprim|Dihydrofolate_reductase|DFRB,MEG_9968|Drugs|Trimethoprim|Dihydrofolate_reductase|DFRB,237,2727626,2727862,+
Escherichia_coli_b2207,E.coli.b2207.final.genome,2927458,2928168,711,MEG_2514|Drugs|Trimethoprim|Dihydrofolate_reductase|DFRA,MEG_2514|Drugs|Trimethoprim|Dihydrofolate_reductase|DFRA,474,2906427,2906900,+
Escherichia_coli_b2207,E.coli.b2207.final.genome,3105187,3106679,1493,MEG_1586|Drugs|Phenicol|Chloramphenicol_acetyltransferases|CATA,MEG_1586|Drugs|Phenicol|Chloramphenicol_acetyltransferases|CATA,648,3083919,3084566,+
Escherichia_coli_b2207,E.coli.b2207.final.genome,3139592,3139984,393,MEG_1669|Drugs|betalactams|Class_B_betalactamases|CFIA,MEG_1669|Drugs|betalactams|Class_B_betalactamases|CFIA,750,3117479,3118228,+
Escherichia_coli_b2207,E.coli.b2207.final.genome,3148417,3149904,1488,MEG_1116|Drugs|Multi-drug_resistance|MDR_regulator|ARLR,MEG_1116|Drugs|Multi-drug_resistance|MDR_regulator|ARLR,660,3126661,3127320,+
Escherichia_coli_b2207,E.coli.b2207.final.genome,3152834,3153631,798,MEG_3070|Drugs|Fusidic_acid|Ribosomal_zinc-binding_protein|FUSD,MEG_3070|Drugs|Fusidic_acid|Ribosomal_zinc-binding_protein|FUSD,642,3130250,3130891,+
Escherichia_coli_b2207,E.coli.b2207.final.genome,3173525,3174346,822,MEG_2541|Drugs|Trimethoprim|Dihydrofolate_reductase|DFRA,MEG_2541|Drugs|Trimethoprim|Dihydrofolate_reductase|DFRA,570,3150785,3151354,+
Escherichia_coli_b2207,E.coli.b2207.final.genome,3185942,3186707,766,MEG_1744|Multi-compound|Drug_and_biocide_and_metal_resistance|Drug_and_biocide_and_metal_RND_efflux_pumps|CMEE,MEG_1744|Multi-compound|Drug_and_biocide_and_metal_resistance|Drug_and_biocide_and_metal_RND_efflux_pumps|CMEE,741,3162950,3163690,+
Escherichia_coli_b2207,E.coli.b2207.final.genome,3356799,3357113,315,MEG_3869|Metals|Mercury_resistance|Mercury_resistance_protein|MERF,MEG_3869|Metals|Mercury_resistance|Mercury_resistance_protein|MERF,246,3333782,3334027,+
Escherichia_coli_b2207,E.coli.b2207.final.genome,3385547,3386209,663,MEG_6160|Drugs|Nucleosides|Streptothricin_acetyltransferase|SAT,MEG_6160|Drugs|Nucleosides|Streptothricin_acetyltransferase|SAT,525,3362461,3362985,+
Escherichia_coli_b2207,E.coli.b2207.final.genome,3386608,3387765,1158,MEG_6575|Biocides|Multi-biocide_resistance|Multi-biocide_SMR_efflux_pump|SUGE,MEG_6575|Biocides|Multi-biocide_resistance|Multi-biocide_SMR_efflux_pump|SUGE,468,3363384,3363851,+
Escherichia_coli_b2207,E.coli.b2207.final.genome,3387777,3390881,3105,MEG_8231|Drugs|Lipopeptides|Colistin-resistant_mutant|LPSB,MEG_8231|Drugs|Lipopeptides|Colistin-resistant_mutant|LPSB,1101,3363863,3364963,+
Escherichia_coli_b2207,E.coli.b2207.final.genome,3411425,3411850,426,MEG_7178|Drugs|Tetracyclines|Tetracycline_resistance_ribosomal_protection_proteins|TETQ,MEG_7178|Drugs|Tetracyclines|Tetracycline_resistance_ribosomal_protection_proteins|TETQ,1926,3385507,3387432,+
Escherichia_coli_b2207,E.coli.b2207.final.genome,3458838,3459470,633,MEG_1745|Multi-compound|Drug_and_biocide_and_metal_resistance|Drug_and_biocide_and_metal_RND_efflux_pumps|CMEF,MEG_1745|Multi-compound|Drug_and_biocide_and_metal_resistance|Drug_and_biocide_and_metal_RND_efflux_pumps|CMEF,3018,3434420,3437437,+
Escherichia_coli_b2207,E.coli.b2207.final.genome,3578394,3580592,2199,MEG_7133|Drugs|Tetracyclines|Tetracycline_resistance_ribosomal_protection_proteins|TETM,MEG_7133|Drugs|Tetracyclines|Tetracycline_resistance_ribosomal_protection_proteins|TETM,1920,3556361,3558280,+
Escherichia_coli_b2207,E.coli.b2207.final.genome,3585610,3590525,4916,MEG_11386|Drugs|Lipopeptides|Daptomycin_efflux_regulator|DRCR,MEG_11386|Drugs|Lipopeptides|Daptomycin_efflux_regulator|DRCR,672,3563298,3563969,+
Escherichia_coli_b2207,E.coli.b2207.final.genome,3590531,3590962,432,MEG_10191|Drugs|Multi-drug_resistance|Multi-drug_ABC_efflux_pumps|SALD,MEG_10191|Drugs|Multi-drug_resistance|Multi-drug_ABC_efflux_pumps|SALD,1635,3563975,3565609,+
Escherichia_coli_b2207,E.coli.b2207.final.genome,3608494,3608928,435,MEG_4171|Metals|Nickel_resistance|Nickel_ABC_efflux_pumps|NIKD,MEG_4171|Metals|Nickel_resistance|Nickel_ABC_efflux_pumps|NIKD,765,3583141,3583905,+
Escherichia_coli_b2207,E.coli.b2207.final.genome,3609146,3611223,2078,MEG_2077|Metals|Copper_resistance|Copper_resistance_regulator|COPS,MEG_2077|Metals|Copper_resistance|Copper_resistance_regulator|COPS,1464,3584123,3585586,+
Escherichia_coli_b2207,E.coli.b2207.final.genome,3611278,3612207,930,MEG_1485|Metals|Multi-metal_resistance|Multi-metal_resistance_regulator|CADC,MEG_1485|Metals|Multi-metal_resistance|Multi-metal_resistance_regulator|CADC,369,3585641,3586009,+
Escherichia_coli_b2207,E.coli.b2207.final.genome,3612212,3612592,381,MEG_7821|Metals|Multi-metal_resistance|Multi-metal_resistance_protein|YFEA,MEG_7821|Metals|Multi-metal_resistance|Multi-metal_resistance_protein|YFEA,969,3586014,3586982,+
Escherichia_coli_b2207,E.coli.b2207.final.genome,3612632,3613522,891,MEG_6628|Drugs|Sulfonamides|Sulfonamide-resistant_dihydropteroate_synthases|SULII,MEG_6628|Drugs|Sulfonamides|Sulfonamide-resistant_dihydropteroate_synthases|SULII,816,3587022,3587837,+
Escherichia_coli_b2207,E.coli.b2207.final.genome,3613528,3615345,1818,MEG_3677|Drugs|Lipopeptides|Colistin_phosphoethanolamine_transferase|MCR,MEG_3677|Drugs|Lipopeptides|Colistin_phosphoethanolamine_transferase|MCR,1623,3587843,3589465,+
Escherichia_coli_b2207,E.coli.b2207.final.genome,3617327,3619803,2477,MEG_3897|Metals|Mercury_resistance|Mercury_resistance_protein|MERT,MEG_3897|Metals|Mercury_resistance|Mercury_resistance_protein|MERT,351,3591447,3591797,+
Escherichia_coli_b2207,E.coli.b2207.final.genome,3620432,3623574,3143,MEG_6166|Drugs|Nucleosides|Streptothricin_acetyltransferase|SAT,MEG_6166|Drugs|Nucleosides|Streptothricin_acetyltransferase|SAT,543,3592426,3592968,+
Escherichia_coli_b2207,E.coli.b2207.final.genome,3623585,3624877,1293,MEG_2669|Multi-compound|Biocide_and_metal_resistance|Biocide_and_metal_resistance_protein|DPSA,MEG_2669|Multi-compound|Biocide_and_metal_resistance|Biocide_and_metal_resistance_protein|DPSA,489,3592979,3593467,+
Escherichia_coli_b2207,E.coli.b2207.final.genome,3624991,3625344,354,MEG_4220|Metals|Nickel_resistance|Nickel_resistance_regulator|NRSR,MEG_4220|Metals|Nickel_resistance|Nickel_resistance_regulator|NRSR,705,3593581,3594285,+
Escherichia_coli_b2207,E.coli.b2207.final.genome,3625372,3626757,1386,MEG_5655|Drugs|betalactams|Class_C_betalactamases|PDC,MEG_5655|Drugs|betalactams|Class_C_betalactamases|PDC,1194,3594313,3595506,+
Escherichia_coli_b2207,E.coli.b2207.final.genome,3626947,3629094,2148,MEG_6621|Drugs|Sulfonamides|Sulfonamide-resistant_dihydropteroate_synthases|SULII,MEG_6621|Drugs|Sulfonamides|Sulfonamide-resistant_dihydropteroate_synthases|SULII,816,3595696,3596511,+
Escherichia_coli_b2207,E.coli.b2207.final.genome,3629346,3629777,432,MEG_6513|Multi-compound|Biocide_and_metal_resistance|Biocide_and_metal_ABC_efflux_pumps|SITA,MEG_6513|Multi-compound|Biocide_and_metal_resistance|Biocide_and_metal_ABC_efflux_pumps|SITA,918,3596763,3597680,+
Escherichia_coli_b2207,E.coli.b2207.final.genome,3646133,3647632,1500,MEG_11352|Drugs|MLS|Macrolide_esterases|ESTX,MEG_11352|Drugs|MLS|Macrolide_esterases|ESTX,843,3614036,3614878,+
Escherichia_coli_b2207,E.coli.b2207.final.genome,3657019,3657372,354,MEG_3453|Metals|Tellurium_resistance|Tellurium_resistance_protein|KLAC,MEG_3453|Metals|Tellurium_resistance|Tellurium_resistance_protein|KLAC,954,3624265,3625218,+
Escherichia_coli_b2207,E.coli.b2207.final.genome,3657426,3658715,1290,MEG_7817|Biocides|Paraquat_resistance|Paraquat_efflux_pump|YDDG,MEG_7817|Biocides|Paraquat_resistance|Paraquat_efflux_pump|YDDG,882,3625272,3626153,+
Escherichia_coli_b2207,E.coli.b2207.final.genome,3658728,3659153,426,MEG_2460|Metals|Copper_resistance|Copper_resistance_protein|CUTR,MEG_2460|Metals|Copper_resistance|Copper_resistance_protein|CUTR,357,3626166,3626522,+
Escherichia_coli_b2207,E.coli.b2207.final.genome,3663257,3663595,339,MEG_4199|Metals|Nickel_resistance|Nickel_resistance_protein|NIXA,MEG_4199|Metals|Nickel_resistance|Nickel_resistance_protein|NIXA,996,3630626,3631621,+
Escherichia_coli_b2207,E.coli.b2207.final.genome,3663699,3664031,333,MEG_6545|Biocides|Peroxide_resistance|peroxide_resistance_protein|SODB,MEG_6545|Biocides|Peroxide_resistance|peroxide_resistance_protein|SODB,582,3631725,3632306,+
Escherichia_coli_b2207,E.coli.b2207.final.genome,3665657,3666184,528,MEG_3870|Metals|Mercury_resistance|Mercury_resistance_protein|MERF,MEG_3870|Metals|Mercury_resistance|Mercury_resistance_protein|MERF,246,3633932,3634177,+
Escherichia_coli_b2207,E.coli.b2207.final.genome,3666523,3667680,1158,MEG_2884|Multi-compound|Drug_and_biocide_resistance|Drug_and_biocide_MFS_efflux_pumps|FARA,MEG_2884|Multi-compound|Drug_and_biocide_resistance|Drug_and_biocide_MFS_efflux_pumps|FARA,1155,3634516,3635670,+
Escherichia_coli_b2207,E.coli.b2207.final.genome,3667705,3670818,3114,MEG_1738|Multi-compound|Drug_and_biocide_and_metal_resistance|Drug_and_biocide_and_metal_RND_efflux_pumps|CMEA,MEG_1738|Multi-compound|Drug_and_biocide_and_metal_resistance|Drug_and_biocide_and_metal_RND_efflux_pumps|CMEA,1104,3635695,3636798,+
Escherichia_coli_b2207,E.coli.b2207.final.genome,3671181,3671909,729,MEG_2009|Metals|Multi-metal_resistance|Multi-metal_resistance_protein|CNRB,MEG_2009|Metals|Multi-metal_resistance|Multi-metal_resistance_protein|CNRB,1188,3637161,3638348,+
Escherichia_coli_b2207,E.coli.b2207.final.genome,3672277,3673101,825,MEG_4206|Multi-compound|Drug_and_biocide_resistance|Drug_and_biocide_MFS_efflux_pumps|NORA,MEG_4206|Multi-compound|Drug_and_biocide_resistance|Drug_and_biocide_MFS_efflux_pumps|NORA,482,3638716,3639197,+
Escherichia_coli_b2207,E.coli.b2207.final.genome,3673471,3674871,1401,MEG_963|Drugs|Aminoglycosides|Aminoglycoside_O-nucleotidyltransferases|ANT3-DPRIME,MEG_963|Drugs|Aminoglycosides|Aminoglycoside_O-nucleotidyltransferases|ANT3-DPRIME,792,3639567,3640358,+
Escherichia_coli_b2207,E.coli.b2207.final.genome,3856917,3858107,1191,MEG_7773|Biocides|Multi-biocide_resistance|Multi-biocide_RND_efflux_pump|VMEA,MEG_7773|Biocides|Multi-biocide_resistance|Multi-biocide_RND_efflux_pump|VMEA,1140,3822404,3823543,+
Escherichia_coli_b2207,E.coli.b2207.final.genome,3869470,3869904,435,MEG_5957|Drugs|Fluoroquinolones|Quinolone_resistance_protein_Qnr|QNRB,MEG_5957|Drugs|Fluoroquinolones|Quinolone_resistance_protein_Qnr|QNRB,681,3834906,3835586,+
Escherichia_coli_b2207,E.coli.b2207.final.genome,3870010,3870423,414,MEG_1951|Drugs|betalactams|Class_C_betalactamases|CMY,MEG_1951|Drugs|betalactams|Class_C_betalactamases|CMY,1149,3835692,3836840,+
Escherichia_coli_b2207,E.coli.b2207.final.genome,3897653,3898219,567,MEG_6642|Drugs|Sulfonamides|Sulfonamide_monooxygenase|SULX,MEG_6642|Drugs|Sulfonamides|Sulfonamide_monooxygenase|SULX,1272,3864070,3865341,+
Escherichia_coli_b2207,E.coli.b2207.final.genome,3910594,3911367,774,MEG_3622|Biocides|Acetate_resistance|Acetate_resistance_protein|LPDT,MEG_3622|Biocides|Acetate_resistance|Acetate_resistance_protein|LPDT,2355,3877716,3880070,+
Escherichia_coli_b2207,E.coli.b2207.final.genome,3911550,3913399,1850,MEG_4180|Drugs|Metronidazole|nim_nitroimidazole_reductase|NIMB,MEG_4180|Drugs|Metronidazole|nim_nitroimidazole_reductase|NIMB,495,3880253,3880747,+
Escherichia_coli_b2207,E.coli.b2207.final.genome,3913486,3914526,1041,MEG_5814|Metals|Arsenic_resistance|Arsenic_resistance_protein|PSTB,MEG_5814|Metals|Arsenic_resistance|Arsenic_resistance_protein|PSTB,774,3880834,3881607,+
Escherichia_coli_b2207,E.coli.b2207.final.genome,4004408,4005358,951,MEG_5922|Drugs|Fluoroquinolones|Quinolone_resistance_protein_Qnr|QNRB,MEG_5922|Drugs|Fluoroquinolones|Quinolone_resistance_protein_Qnr|QNRB,680,3971489,3972168,+
Escherichia_coli_b2207,E.coli.b2207.final.genome,4046285,4046911,627,MEG_6632|Drugs|Sulfonamides|Sulfonamide-resistant_dihydropteroate_synthases|SULII,MEG_6632|Drugs|Sulfonamides|Sulfonamide-resistant_dihydropteroate_synthases|SULII,816,4013095,4013910,+
Escherichia_coli_b2207,E.coli.b2207.final.genome,4103638,4104258,621,MEG_6959|Metals|Tellurium_resistance|Tellurium_resistance_protein|TERE,MEG_6959|Metals|Tellurium_resistance|Tellurium_resistance_protein|TERE,576,4070637,4071212,+
Escherichia_coli_b2207,E.coli.b2207.final.genome,4106429,4108497,2069,MEG_265|Drugs|Aminoglycosides|Aminoglycoside_N-acetyltransferases|AAC6-PRIME,MEG_265|Drugs|Aminoglycosides|Aminoglycoside_N-acetyltransferases|AAC6-PRIME,552,4073383,4073934,+
Escherichia_coli_b2207,E.coli.b2207.final.genome,4109296,4110198,903,MEG_7525|Drugs|Glycopeptides|VanC-type_resistance_protein|VANTC,MEG_7525|Drugs|Glycopeptides|VanC-type_resistance_protein|VANTC,2139,4074733,4076871,+
Escherichia_coli_b2207,E.coli.b2207.final.genome,4120072,4120917,846,MEG_4128|Metals|Nickel_resistance|Nickel_MFS_efflux_regulator|NCRYN,MEG_4128|Metals|Nickel_resistance|Nickel_MFS_efflux_regulator|NCRYN,423,4086745,4087167,+
Escherichia_coli_b2207,E.coli.b2207.final.genome,4204645,4207364,2720,MEG_1465|Biocides|Polyamine_resistance|Spermine/spermidine_acetyltransferase|BLTD,MEG_1465|Biocides|Polyamine_resistance|Spermine/spermidine_acetyltransferase|BLTD,459,4170895,4171353,+
Escherichia_coli_b2207,E.coli.b2207.final.genome,4215931,4216314,384,MEG_2444|Multi-compound|Biocide_and_metal_resistance|Biocide_and_metal_resistance_protein|CUID,MEG_2444|Multi-compound|Biocide_and_metal_resistance|Biocide_and_metal_resistance_protein|CUID,1611,4179920,4181530,+
Escherichia_coli_b2207,E.coli.b2207.final.genome,4225599,4226423,825,MEG_968|Drugs|Aminoglycosides|Aminoglycoside_O-nucleotidyltransferases|ANT3-DPRIME,MEG_968|Drugs|Aminoglycosides|Aminoglycoside_O-nucleotidyltransferases|ANT3-DPRIME,789,4190815,4191603,+
Escherichia_coli_b2207,E.coli.b2207.final.genome,4262283,4262798,516,MEG_3760|Multi-compound|Drug_and_biocide_resistance|Drug_and_biocide_MATE_efflux_pumps|MDTK,MEG_3760|Multi-compound|Drug_and_biocide_resistance|Drug_and_biocide_MATE_efflux_pumps|MDTK,1425,4227463,4228887,+
Escherichia_coli_b2207,E.coli.b2207.final.genome,4279854,4280177,324,MEG_6086|Drugs|Rifampin|Rifampin_phosphotransferase|RPH,MEG_6086|Drugs|Rifampin|Rifampin_phosphotransferase|RPH,2607,4245943,4248549,+
Escherichia_coli_b2207,E.coli.b2207.final.genome,4280263,4280727,465,MEG_1552|Drugs|Phenicol|Chloramphenicol_acetyltransferases|CAT,MEG_1552|Drugs|Phenicol|Chloramphenicol_acetyltransferases|CAT,660,4248635,4249294,+
Escherichia_coli_b2207,E.coli.b2207.final.genome,4286046,4287695,1650,MEG_11242|Drugs|Fosfomycin|Fosfomycin_thiol_transferases|FOSA,MEG_11242|Drugs|Fosfomycin|Fosfomycin_thiol_transferases|FOSA,423,4254613,4255035,+
Escherichia_coli_b2207,E.coli.b2207.final.genome,4301794,4306261,4468,MEG_11178|Drugs|betalactams|Class_D_betalactamases|OXA,MEG_11178|Drugs|betalactams|Class_D_betalactamases|OXA,795,4269134,4269928,+
Escherichia_coli_b2207,E.coli.b2207.final.genome,4336101,4337744,1644,MEG_3685|Drugs|Lipopeptides|Colistin_phosphoethanolamine_transferase|MCR,MEG_3685|Drugs|Lipopeptides|Colistin_phosphoethanolamine_transferase|MCR,1626,4299768,4301393,+
Escherichia_coli_b2207,E.coli.b2207.final.genome,4432627,4432965,339,MEG_7255|Drugs|Glycopeptides|Bleomycin_resistance_protein|TLMB,MEG_7255|Drugs|Glycopeptides|Bleomycin_resistance_protein|TLMB,879,4396276,4397154,+
Escherichia_coli_b2207,E.coli.b2207.final.genome,4444483,4444800,318,MEG_7594|Drugs|Glycopeptides|VanA-type_accessory_protein|VANYA,MEG_7594|Drugs|Glycopeptides|VanA-type_accessory_protein|VANYA,891,4408672,4409562,+
Escherichia_coli_b2207,E.coli.b2207.final.genome,4445419,4446552,1134,MEG_1680|Drugs|MLS|23S_rRNA_methyltransferases|CFR,MEG_1680|Drugs|MLS|23S_rRNA_methyltransferases|CFR,1251,4410181,4411431,+
Escherichia_coli_b2207,E.coli.b2207.final.genome,4538501,4541197,2697,MEG_2726|Multi-compound|Drug_and_biocide_resistance|Drug_and_biocide_MFS_efflux_pumps|EMRBSM,MEG_2726|Multi-compound|Drug_and_biocide_resistance|Drug_and_biocide_MFS_efflux_pumps|EMRBSM,1587,4503380,4504966,+
Escherichia_coli_b2207,E.coli.b2207.final.genome,4614937,4616661,1725,MEG_2500|Drugs|Trimethoprim|Dihydrofolate_reductase|DFRA,MEG_2500|Drugs|Trimethoprim|Dihydrofolate_reductase|DFRA,474,4578706,4579179,+
Escherichia_coli_b2207,E.coli.b2207.final.genome,4686816,4688048,1233,MEG_10163|Drugs|Aminoglycosides|Aminoglycoside_N-acetyltransferases|AAC6-PRIME,MEG_10163|Drugs|Aminoglycosides|Aminoglycoside_N-acetyltransferases|AAC6-PRIME,555,4649334,4649888,+
Escherichia_coli_b2207,E.coli.b2207.final.genome,4735279,4736148,870,MEG_1740|Multi-compound|Drug_and_biocide_and_metal_resistance|Drug_and_biocide_and_metal_RND_efflux_pumps|CMEB,MEG_1740|Multi-compound|Drug_and_biocide_and_metal_resistance|Drug_and_biocide_and_metal_RND_efflux_pumps|CMEB,3123,4697119,4700241,+
Escherichia_coli_b2207,E.coli.b2207.final.genome,4758629,4759795,1167,MEG_154|Drugs|Aminoglycosides|Aminoglycoside_N-acetyltransferases|AAC6-PRIME,MEG_154|Drugs|Aminoglycosides|Aminoglycoside_N-acetyltransferases|AAC6-PRIME,441,4722722,4723162,+
Escherichia_coli_b2207,E.coli.b2207.final.genome,4798128,4798505,378,MEG_11326|Metals|Arsenic_resistance|Arsenic_resistance_protein|ARSB,MEG_11326|Metals|Arsenic_resistance|Arsenic_resistance_protein|ARSB,1056,4761495,4762550,+
Escherichia_coli_b2207,E.coli.b2207.final.genome,4801654,4804008,2355,MEG_5861|Drugs|Fluoroquinolones|Quinolone_active_efflux|QEPA,MEG_5861|Drugs|Fluoroquinolones|Quinolone_active_efflux|QEPA,1536,4765699,4767234,+
Escherichia_coli_b2207,E.coli.b2207.final.genome,4831254,4832198,945,MEG_1707|Metals|Chromium_resistance|Chromium_resistance_protein|CHRA,MEG_1707|Metals|Chromium_resistance|Chromium_resistance_protein|CHRA,1206,4794480,4795685,+
Escherichia_coli_b2207,E.coli.b2207.final.genome,4883970,4885520,1551,MEG_8674|Drugs|Rifampin|Rifampin-resistant_beta-subunit_of_RNA_polymerase_RpoB|RPOB,MEG_8674|Drugs|Rifampin|Rifampin-resistant_beta-subunit_of_RNA_polymerase_RpoB|RPOB,3561,4847457,4851017,+
Escherichia_coli_b2207,E.coli.b2207.final.genome,4962156,4962866,711,MEG_2983|Drugs|Fosfomycin|Fosfomycin_thiol_transferases|FOSA,MEG_2983|Drugs|Fosfomycin|Fosfomycin_thiol_transferases|FOSA,417,4927653,4928069,+
Faecalibacterium_prausnitzii,Faecalibacterium_prausnitzii,1123416,1125335,1920,MEG_2082|Metals|Copper_resistance|Copper_resistance_regulator|COPZ,MEG_2082|Metals|Copper_resistance|Copper_resistance_regulator|COPZ,210,1123416,1123625,+
Prevotella_corporis,Prevotella_corporis.final.genome2,62174,64099,1926,MEG_1579|Drugs|Phenicol|Chloramphenicol_acetyltransferases|CATA,MEG_1579|Drugs|Phenicol|Chloramphenicol_acetyltransferases|CATA,648,62174,62821,+
Salmonella_enterica,Salmonella_enterica,58288,59645,1358,MEG_2906|Drugs|Phenicol|Phenicol_resistance_MFS_efflux_pumps|FEXB,MEG_2906|Drugs|Phenicol|Phenicol_resistance_MFS_efflux_pumps|FEXB,1410,58288,59697,+
Salmonella_enterica,Salmonella_enterica,66045,66257,213,MEG_11396|Metals|Cadmium_resistance|Cadmium_resistance_chaperone|HSCC,MEG_11396|Metals|Cadmium_resistance|Cadmium_resistance_chaperone|HSCC,1680,66097,67776,+
Salmonella_enterica,Salmonella_enterica,106840,107331,492,MEG_2867|Biocides|Acid_resistance|Acid_resistance_regulator|EVGA,MEG_2867|Biocides|Acid_resistance|Acid_resistance_regulator|EVGA,615,108359,108973,+
Salmonella_enterica,Salmonella_enterica,118668,118884,217,MEG_1592|Drugs|Phenicol|Chloramphenicol_acetyltransferases|CATA,MEG_1592|Drugs|Phenicol|Chloramphenicol_acetyltransferases|CATA,660,120310,120969,+
Salmonella_enterica,Salmonella_enterica,153670,154022,353,MEG_2917|Drugs|Phenicol|Phenicol_resistance_MFS_efflux_pumps|FLOR,MEG_2917|Drugs|Phenicol|Phenicol_resistance_MFS_efflux_pumps|FLOR,1215,155755,156969,+
Salmonella_enterica,Salmonella_enterica,198300,199181,882,MEG_7868|Metals|Zinc_resistance|Zinc_resistance_regulator|ZUR,MEG_7868|Metals|Zinc_resistance|Zinc_resistance_regulator|ZUR,516,201247,201762,+
Salmonella_enterica,Salmonella_enterica,199704,200792,1089,MEG_5828|Multi-compound|Drug_and_biocide_resistance|Drug_and_biocide_SMR_efflux_pumps|QACE,MEG_5828|Multi-compound|Drug_and_biocide_resistance|Drug_and_biocide_SMR_efflux_pumps|QACE,333,202285,202617,+
Salmonella_enterica,Salmonella_enterica,201341,202828,1488,MEG_4214|Drugs|Aminocoumarins|Aminocoumarin_efflux_pump|NOVA,MEG_4214|Drugs|Aminocoumarins|Aminocoumarin_efflux_pump|NOVA,1848,203166,205013,+
Salmonella_enterica,Salmonella_enterica,251886,252323,438,MEG_8805|Drugs|Lipopeptides|Colistin_phosphoethanolamine_transferase|MCR,MEG_8805|Drugs|Lipopeptides|Colistin_phosphoethanolamine_transferase|MCR,1617,254071,255687,+
Salmonella_enterica,Salmonella_enterica,331784,332572,789,MEG_1126|Drugs|Rifampin|Rifampin_ADP-ribosyltransferase_Arr|ARR,MEG_1126|Drugs|Rifampin|Rifampin_ADP-ribosyltransferase_Arr|ARR,414,335148,335561,+
Salmonella_enterica,Salmonella_enterica,386924,387337,414,MEG_10088|Drugs|Rifampin|RNA_polymerase_protection_protein|HELR,MEG_10088|Drugs|Rifampin|RNA_polymerase_protection_protein|HELR,2169,389913,392081,+
Salmonella_enterica,Salmonella_enterica,408636,409721,1086,MEG_3069|Drugs|Fusidic_acid|Ribosomal_zinc-binding_protein|FUSD,MEG_3069|Drugs|Fusidic_acid|Ribosomal_zinc-binding_protein|FUSD,642,413380,414021,+
Salmonella_enterica,Salmonella_enterica,448388,449927,1540,MEG_8787|Drugs|Lipopeptides|Colistin_phosphoethanolamine_transferase|MCR,MEG_8787|Drugs|Lipopeptides|Colistin_phosphoethanolamine_transferase|MCR,1626,452688,454313,+
Salmonella_enterica,Salmonella_enterica,534599,535543,945,MEG_6645|Biocides|Multi-biocide_resistance|Multi-biocide_RND_efflux_pump|TBTA,MEG_6645|Biocides|Multi-biocide_resistance|Multi-biocide_RND_efflux_pump|TBTA,1149,538985,540133,+
Salmonella_enterica,Salmonella_enterica,587762,588484,723,MEG_7819|Biocides|Multi-biocide_resistance|Multi-biocide_resistance_regulator|YDEO,MEG_7819|Biocides|Multi-biocide_resistance|Multi-biocide_resistance_regulator|YDEO,762,592352,593113,+
Salmonella_enterica,Salmonella_enterica,641756,643180,1425,MEG_1123|Drugs|Rifampin|Rifampin_ADP-ribosyltransferase_Arr|ARR,MEG_1123|Drugs|Rifampin|Rifampin_ADP-ribosyltransferase_Arr|ARR,453,646385,646837,+
Salmonella_enterica,Salmonella_enterica,752398,759842,7445,MEG_11236|Drugs|Fluoroquinolones|Quinolone_resistance_protein_Qnr|QNRE,MEG_11236|Drugs|Fluoroquinolones|Quinolone_resistance_protein_Qnr|QNRE,645,756055,756699,+
Salmonella_enterica,Salmonella_enterica,761250,763372,2123,MEG_3883|Metals|Mercury_resistance|Mercury_resistance_regulator|MERR,MEG_3883|Metals|Mercury_resistance|Mercury_resistance_regulator|MERR,435,758107,758541,+
Salmonella_enterica,Salmonella_enterica,903810,904112,303,MEG_1213|Drugs|Bacitracin|Bacitracin_ABC_transporter|BCRA,MEG_1213|Drugs|Bacitracin|Bacitracin_ABC_transporter|BCRA,921,898979,899899,+
Salmonella_enterica,Salmonella_enterica,941432,942037,606,MEG_3851|Metals|Mercury_resistance|Mercury_resistance_protein|MERB,MEG_3851|Metals|Mercury_resistance|Mercury_resistance_protein|MERB,657,937219,937875,+
Salmonella_enterica,Salmonella_enterica,943499,944419,921,MEG_2756|Drugs|MLS|23S_rRNA_methyltransferases|ERM,MEG_2756|Drugs|MLS|23S_rRNA_methyltransferases|ERM,801,939337,940137,+
Salmonella_enterica,Salmonella_enterica,1063526,1064762,1237,MEG_6605|Drugs|Sulfonamides|Sulfonamide-resistant_dihydropteroate_synthases|SULI,MEG_6605|Drugs|Sulfonamides|Sulfonamide-resistant_dihydropteroate_synthases|SULI,840,1059244,1060083,+
Salmonella_enterica,Salmonella_enterica,1131737,1134850,3114,MEG_2999|Drugs|Fosfomycin|Fosfomycin_thiol_transferases|FOSA,MEG_2999|Drugs|Fosfomycin|Fosfomycin_thiol_transferases|FOSA,426,1127058,1127483,+
Salmonella_enterica,Salmonella_enterica,1359929,1360607,679,MEG_3597|Drugs|Multi-drug_resistance|Multi-drug_ABC_efflux_pumps|LMRD,MEG_3597|Drugs|Multi-drug_resistance|Multi-drug_ABC_efflux_pumps|LMRD,1995,1352562,1354556,+
Salmonella_enterica,Salmonella_enterica,1437072,1437602,531,MEG_7372|Drugs|Glycopeptides|VanC-type_resistance_protein|VANC,MEG_7372|Drugs|Glycopeptides|VanC-type_resistance_protein|VANC,1622,1431021,1432642,+
Salmonella_enterica,Salmonella_enterica,1437729,1438901,1173,MEG_3868|Metals|Mercury_resistance|Mercury_resistance_protein|MERE,MEG_3868|Metals|Mercury_resistance|Mercury_resistance_protein|MERE,237,1432769,1433005,+
Salmonella_enterica,Salmonella_enterica,1438918,1440456,1539,MEG_11308|Drugs|Multi-drug_resistance|Multi-drug_SMR_efflux_regulator|EMRE,MEG_11308|Drugs|Multi-drug_resistance|Multi-drug_SMR_efflux_regulator|EMRE,324,1433022,1433345,+
Salmonella_enterica,Salmonella_enterica,1482054,1485485,3432,MEG_6169|Drugs|Nucleosides|Streptothricin_acetyltransferase|SAT,MEG_6169|Drugs|Nucleosides|Streptothricin_acetyltransferase|SAT,543,1474943,1475485,+
Salmonella_enterica,Salmonella_enterica,1568135,1569161,1027,MEG_11439|Multi-compound|Drug_and_biocide_and_metal_resistance|Drug_and_biocide_and_metal_RND_efflux_pumps|CMEB,MEG_11439|Multi-compound|Drug_and_biocide_and_metal_resistance|Drug_and_biocide_and_metal_RND_efflux_pumps|CMEB,3123,1558135,1561257,+
Salmonella_enterica,Salmonella_enterica,1813984,1814801,818,MEG_2059|Metals|Copper_resistance|Copper_resistance_protein|COPG,MEG_2059|Metals|Copper_resistance|Copper_resistance_protein|COPG,525,1806080,1806604,+
Salmonella_enterica,Salmonella_enterica,1822852,1823313,462,MEG_6942|Drugs|betalactams|Class_A_betalactamases|TEM,MEG_6942|Drugs|betalactams|Class_A_betalactamases|TEM,1123,1814655,1815777,+
Salmonella_enterica,Salmonella_enterica,1964870,1965182,313,MEG_11363|Metals|Arsenic_resistance|Arsenic_resistance_N-acetyltransferases|ARSN2,MEG_11363|Metals|Arsenic_resistance|Arsenic_resistance_N-acetyltransferases|ARSN2,444,1957334,1957777,+
Salmonella_enterica,Salmonella_enterica,1998332,2001405,3074,MEG_3744|Multi-compound|Drug_and_biocide_and_metal_resistance|Drug_and_biocide_and_metal_RND_efflux_pumps|MDTA,MEG_3744|Multi-compound|Drug_and_biocide_and_metal_resistance|Drug_and_biocide_and_metal_RND_efflux_pumps|MDTA,1242,1990927,1992168,+
Salmonella_enterica,Salmonella_enterica,2051403,2052035,633,MEG_5321|Biocides|Multi-biocide_resistance|Multi-biocide_resistance_regulator|OXYRKP,MEG_5321|Biocides|Multi-biocide_resistance|Multi-biocide_resistance_regulator|OXYRKP,918,2042166,2043083,+
Salmonella_enterica,Salmonella_enterica,2177986,2180036,2051,MEG_11350|Drugs|MLS|Macrolide_esterases|ESTX,MEG_11350|Drugs|MLS|Macrolide_esterases|ESTX,843,2169034,2169876,+
Salmonella_enterica,Salmonella_enterica,2193913,2195394,1482,MEG_8784|Drugs|Lipopeptides|Colistin_phosphoethanolamine_transferase|MCR,MEG_8784|Drugs|Lipopeptides|Colistin_phosphoethanolamine_transferase|MCR,1626,2183753,2185378,+
Salmonella_enterica,Salmonella_enterica,2260440,2262114,1675,MEG_6615|Drugs|Sulfonamides|Sulfonamide-resistant_dihydropteroate_synthases|SULI,MEG_6615|Drugs|Sulfonamides|Sulfonamide-resistant_dihydropteroate_synthases|SULI,968,2250424,2251391,+
Salmonella_enterica,Salmonella_enterica,2276653,2277192,540,MEG_3748|Multi-compound|Drug_and_biocide_and_metal_resistance|Drug_and_biocide_and_metal_RND_efflux_pumps|MDTB,MEG_3748|Multi-compound|Drug_and_biocide_and_metal_resistance|Drug_and_biocide_and_metal_RND_efflux_pumps|MDTB,3123,2265930,2269052,+
Salmonella_enterica,Salmonella_enterica,2426862,2428047,1186,MEG_3806|Drugs|MLS|MLS_resistance_MFS_efflux_pumps|MEFA,MEG_3806|Drugs|MLS|MLS_resistance_MFS_efflux_pumps|MEFA,1218,2418722,2419939,+
Salmonella_enterica,Salmonella_enterica,2465371,2467785,2415,MEG_2744|Drugs|MLS|Macrolide_esterases|EREA,MEG_2744|Drugs|MLS|Macrolide_esterases|EREA,1221,2457263,2458483,+
Salmonella_enterica,Salmonella_enterica,2479294,2479847,554,MEG_7036|Drugs|Tetracyclines|Tetracycline_resistance_ABC_efflux_pumps|TETA60,MEG_7036|Drugs|Tetracyclines|Tetracycline_resistance_ABC_efflux_pumps|TETA60,1740,2469992,2471731,+
Salmonella_enterica,Salmonella_enterica,2483346,2484117,772,MEG_6626|Drugs|Sulfonamides|Sulfonamide-resistant_dihydropteroate_synthases|SULII,MEG_6626|Drugs|Sulfonamides|Sulfonamide-resistant_dihydropteroate_synthases|SULII,816,2475230,2476045,+
Salmonella_enterica,Salmonella_enterica,2484206,2486053,1848,MEG_7074|Drugs|Tetracyclines|Tetracycline_resistance_MFS_efflux_pumps|TETE,MEG_7074|Drugs|Tetracyclines|Tetracycline_resistance_MFS_efflux_pumps|TETE,1196,2476134,2477329,+
Salmonella_enterica,Salmonella_enterica,2486189,2487229,1041,MEG_8451|Drugs|Multi-drug_resistance|MDR_regulator|PARR,MEG_8451|Drugs|Multi-drug_resistance|MDR_regulator|PARR,708,2477465,2478172,+
Salmonella_enterica,Salmonella_enterica,2579929,2580879,951,MEG_1192|Multi-compound|Drug_and_biocide_and_metal_resistance|Drug_and_biocide_and_metal_RND_efflux_regulator|BAER,MEG_1192|Multi-compound|Drug_and_biocide_and_metal_resistance|Drug_and_biocide_and_metal_RND_efflux_regulator|BAER,723,2570872,2571594,+
Salmonella_enterica,Salmonella_enterica,2625629,2626252,624,MEG_2975|Drugs|Fosfomycin|Fosfomycin_phosphorylation|FOMB,MEG_2975|Drugs|Fosfomycin|Fosfomycin_phosphorylation|FOMB,980,2616344,2617323,+
Salmonella_enterica,Salmonella_enterica,2687108,2687728,621,MEG_5265|Drugs|betalactams|Class_D_betalactamases|OXA,MEG_5265|Drugs|betalactams|Class_D_betalactamases|OXA,825,2678179,2679003,+
Salmonella_enterica,Salmonella_enterica,2688952,2691013,2062,MEG_3719|Drugs|Lipopeptides|Colistin_phosphoethanolamine_transferase|MCR,MEG_3719|Drugs|Lipopeptides|Colistin_phosphoethanolamine_transferase|MCR,1626,2680227,2681852,+
Salmonella_enterica,Salmonella_enterica,2691811,2692688,878,MEG_4045|Drugs|MLS|Macrolide_phosphotransferases|MPHG,MEG_4045|Drugs|MLS|Macrolide_phosphotransferases|MPHG,885,2682650,2683534,+
Salmonella_enterica,Salmonella_enterica,2716436,2717281,846,MEG_1145|Metals|Arsenic_resistance|Arsenic_resistance_protein|ARSB,MEG_1145|Metals|Arsenic_resistance|Arsenic_resistance_protein|ARSB,1290,2707282,2708571,+
Salmonella_enterica,Salmonella_enterica,2764988,2765905,918,MEG_3027|Drugs|Fosfomycin|Fosfomycin_thiol_transferases|FOSX,MEG_3027|Drugs|Fosfomycin|Fosfomycin_thiol_transferases|FOSX,402,2756278,2756679,+
Salmonella_enterica,Salmonella_enterica,2932480,2934129,1650,MEG_7678|Drugs|Multi-drug_resistance|Multi-drug_ABC_efflux_pumps|VGA,MEG_7678|Drugs|Multi-drug_resistance|Multi-drug_ABC_efflux_pumps|VGA,1569,2923254,2924822,+
Salmonella_enterica,Salmonella_enterica,2990094,2990399,306,MEG_3019|Drugs|Fosfomycin|Fosfomycin_thiol_transferases|FOSE,MEG_3019|Drugs|Fosfomycin|Fosfomycin_thiol_transferases|FOSE,405,2980787,2981191,+
Salmonella_enterica,Salmonella_enterica,3100536,3103244,2709,MEG_6578|Biocides|Multi-biocide_resistance|Multi-biocide_SMR_efflux_pump|SUGE,MEG_6578|Biocides|Multi-biocide_resistance|Multi-biocide_SMR_efflux_pump|SUGE,318,3091328,3091645,+
Salmonella_enterica,Salmonella_enterica,3179029,3179170,142,MEG_3819|Drugs|MLS|MLS_resistance_MFS_efflux_pumps|MEFA,MEG_3819|Drugs|MLS|MLS_resistance_MFS_efflux_pumps|MEFA,1227,3167430,3168656,+
Salmonella_enterica,Salmonella_enterica,3267332,3268201,870,MEG_3133|Multi-compound|Drug_and_biocide_and_metal_resistance|Drug_and_biocide_and_metal_RND_efflux_pumps|GESB,MEG_3133|Multi-compound|Drug_and_biocide_and_metal_resistance|Drug_and_biocide_and_metal_RND_efflux_pumps|GESB,3168,3256818,3259985,+
Salmonella_enterica,Salmonella_enterica,3378591,3378968,378,MEG_3913|Multi-compound|Drug_and_biocide_resistance|Drug_and_biocide_RND_efflux_pumps|MEXG,MEG_3913|Multi-compound|Drug_and_biocide_resistance|Drug_and_biocide_RND_efflux_pumps|MEXG,447,3370375,3370821,+
Salmonella_enterica,Salmonella_enterica,3382129,3384478,2350,MEG_11432|Drugs|Multi-drug_resistance|ABC-F_ribosomal_protection_protein|VGAF,MEG_11432|Drugs|Multi-drug_resistance|ABC-F_ribosomal_protection_protein|VGAF,1386,3373982,3375367,+
Salmonella_enterica,Salmonella_enterica,3474730,3476339,1610,MEG_3068|Drugs|Fusidic_acid|Ribosomal_zinc-binding_protein|FUSC,MEG_3068|Drugs|Fusidic_acid|Ribosomal_zinc-binding_protein|FUSC,639,3465619,3466257,+
Salmonella_enterica,Salmonella_enterica,3718507,3724371,5865,MEG_2092|Metals|Multi-metal_resistance|Multi-metal_resistance_protein|CORD,MEG_2092|Metals|Multi-metal_resistance|Multi-metal_resistance_protein|CORD,378,3708425,3708802,+
Salmonella_enterica,Salmonella_enterica,3724648,3726936,2289,MEG_3142|Multi-compound|Biocide_and_metal_resistance|Biocide_and_metal_resistance_protein|GLPF,MEG_3142|Multi-compound|Biocide_and_metal_resistance|Biocide_and_metal_resistance_protein|GLPF,846,3709079,3709924,+
Salmonella_enterica,Salmonella_enterica,3726948,3727412,465,MEG_3875|Metals|Mercury_resistance|Mercury_resistance_protein|MERP,MEG_3875|Metals|Mercury_resistance|Mercury_resistance_protein|MERP,276,3709936,3710211,+
Salmonella_enterica,Salmonella_enterica,3856625,3857201,577,MEG_178|Drugs|Aminoglycosides|Aminoglycoside_N-acetyltransferases|AAC6-PRIME,MEG_178|Drugs|Aminoglycosides|Aminoglycoside_N-acetyltransferases|AAC6-PRIME,441,3839424,3839864,+
Salmonella_enterica,Salmonella_enterica,3858200,3859393,1194,MEG_5404|Drugs|betalactams|Penicillin_binding_protein|PBP2,MEG_5404|Drugs|betalactams|Penicillin_binding_protein|PBP2,1998,3840863,3842860,+
Salmonella_enterica,Salmonella_enterica,3886000,3886211,212,MEG_1158|Metals|Arsenic_resistance|Arsenic_resistance_protein|ARSC,MEG_1158|Metals|Arsenic_resistance|Arsenic_resistance_protein|ARSC,396,3869467,3869862,+
Salmonella_enterica,Salmonella_enterica,4022679,4024580,1902,MEG_5422|Metals|Copper_resistance|Copper_resistance_protein|PCOD,MEG_5422|Metals|Copper_resistance|Copper_resistance_protein|PCOD,930,4006330,4007259,+
Salmonella_enterica,Salmonella_enterica,4043178,4044857,1680,MEG_3846|Metals|Mercury_resistance|Mercury_resistance_protein|MERB,MEG_3846|Metals|Mercury_resistance|Mercury_resistance_protein|MERB,639,4025857,4026495,+
Salmonella_enterica,Salmonella_enterica,4050816,4052354,1539,MEG_7276|Biocides|Phenolic_compound_resistance|Phenolic_RND_efflux_pump|TRICP,MEG_7276|Biocides|Phenolic_compound_resistance|Phenolic_RND_efflux_pump|TRICP,2748,4032454,4035201,+
Salmonella_enterica,Salmonella_enterica,4052374,4053252,879,MEG_86|Drugs|Aminoglycosides|Aminoglycoside_N-acetyltransferases|AAC6-PRIME,MEG_86|Drugs|Aminoglycosides|Aminoglycoside_N-acetyltransferases|AAC6-PRIME,549,4035221,4035769,+
Salmonella_enterica,Salmonella_enterica,4086456,4087128,673,MEG_2044|Metals|Copper_resistance|Copper_resistance_protein|COPC,MEG_2044|Metals|Copper_resistance|Copper_resistance_protein|COPC,534,4068973,4069506,+
Salmonella_enterica,Salmonella_enterica,4152505,4153940,1436,MEG_8658|Drugs|Fluoroquinolones|Quinolone_resistance_protein_Qnr|QNRVC,MEG_8658|Drugs|Fluoroquinolones|Quinolone_resistance_protein_Qnr|QNRVC,657,4134883,4135539,+
Salmonella_enterica,Salmonella_enterica,4208964,4209373,410,MEG_1587|Drugs|Phenicol|Chloramphenicol_acetyltransferases|CATA,MEG_1587|Drugs|Phenicol|Chloramphenicol_acetyltransferases|CATA,660,4190563,4191222,+
Salmonella_enterica,Salmonella_enterica,4391419,4391952,534,MEG_4174|Metals|Nickel_resistance|Nickel_ABC_efflux_pumps|NIKE,MEG_4174|Metals|Nickel_resistance|Nickel_ABC_efflux_pumps|NIKE,807,4373268,4374074,+
Salmonella_enterica,Salmonella_enterica,4422327,4423416,1090,MEG_2990|Drugs|Fosfomycin|Fosfomycin_thiol_transferases|FOSA,MEG_2990|Drugs|Fosfomycin|Fosfomycin_thiol_transferases|FOSA,582,4404449,4405030,+
Salmonella_enterica,Salmonella_enterica,4510827,4512035,1209,MEG_8036|Drugs|Lipopeptides|Colistin_phosphoethanolamine_transferase|CPRS,MEG_8036|Drugs|Lipopeptides|Colistin_phosphoethanolamine_transferase|CPRS,1296,4492441,4493736,+
Veillonella_rogosae,veillonella_rogosae,938131,939120,990,MEG_7847|Metals|Zinc_resistance|Zinc_resistance_protein|ZIAA,MEG_7847|Metals|Zinc_resistance|Zinc_resistance_protein|ZIAA,2166,938131,940296,+
Veillonella_rogosae,veillonella_rogosae,2152782,2154721,1940,MEG_6656|Multi-compound|Biocide_and_metal_resistance|Biocide_and_metal_resistance_protein|TEHB,MEG_6656|Multi-compound|Biocide_and_metal_resistance|Biocide_and_metal_resistance_protein|TEHB,594,2153958,2154551,+
