genome,fragment,original_removed_start,original_removed_stop,original_removed_length,inserted_gene_id,inserted_gene_header,inserted_gene_length,inserted_start,inserted_stop,strand
Akkermansia_muciniphila,Akkermansia_muciniphila,1706143,1706439,297,MEG_8081|Drugs|MLS|23S_rRNA_methyltransferases|ERM50,MEG_8081|Drugs|MLS|23S_rRNA_methyltransferases|ERM50,792,1706143,1706934,+
Bacteroides_fragilis,Bacteroides_fragilis,48906,50831,1926,MEG_2794|Drugs|MLS|23S_rRNA_methyltransferases|ERMB,MEG_2794|Drugs|MLS|23S_rRNA_methyltransferases|ERMB,738,48906,49643,+
Bacteroides_fragilis,Bacteroides_fragilis,380286,381188,903,MEG_8048|Drugs|betalactams|Class_A_betalactamases|CTX,MEG_8048|Drugs|betalactams|Class_A_betalactamases|CTX,876,379098,379973,+
Bacteroides_fragilis,Bacteroides_fragilis,402236,403441,1206,MEG_11495|Drugs|Metronidazole|nim_nitroimidazole_reductase|NIMI,MEG_11495|Drugs|Metronidazole|nim_nitroimidazole_reductase|NIMI,498,401021,401518,+
Bacteroides_fragilis,Bacteroides_fragilis,403466,403978,513,MEG_3072|Drugs|Fusidic_acid|Fusidic_acid_esterases|FUSF,MEG_3072|Drugs|Fusidic_acid|Fusidic_acid_esterases|FUSF,645,401543,402187,+
Bacteroides_fragilis,Bacteroides_fragilis,1825829,1827158,1330,MEG_2990|Drugs|Fosfomycin|Fosfomycin_thiol_transferases|FOSA,MEG_2990|Drugs|Fosfomycin|Fosfomycin_thiol_transferases|FOSA,582,1824038,1824619,+
Bifidobacterium_adolescentis,Bifidobacterium_adolescentis,1255962,1256299,338,MEG_3494|Drugs|betalactams|Class_A_betalactamases|KPC,MEG_3494|Drugs|betalactams|Class_A_betalactamases|KPC,882,1255962,1256843,+
Bifidobacterium_adolescentis,Bifidobacterium_adolescentis,1470793,1474093,3301,MEG_3014|Drugs|Fosfomycin|Fosfomycin_thiol_transferases|FOSB,MEG_3014|Drugs|Fosfomycin|Fosfomycin_thiol_transferases|FOSB,420,1471337,1471756,+
Bifidobacterium_adolescentis,Bifidobacterium_adolescentis,1956215,1957669,1455,MEG_6545|Biocides|Peroxide_resistance|peroxide_resistance_protein|SODB,MEG_6545|Biocides|Peroxide_resistance|peroxide_resistance_protein|SODB,582,1953878,1954459,+
Clostridioides_difficile,Clostridium_difficille,367386,368324,939,MEG_6087|Drugs|Rifampin|Rifampin_phosphotransferase|RPH,MEG_6087|Drugs|Rifampin|Rifampin_phosphotransferase|RPH,2619,367386,370004,+
Clostridioides_difficile,Clostridium_difficille,888451,888792,342,MEG_11337|Metals|Multi-metal_resistance|Multi-metal_resistance_regulator|CADC,MEG_11337|Metals|Multi-metal_resistance|Multi-metal_resistance_regulator|CADC,357,890131,890487,+
Clostridioides_difficile,Clostridium_difficille,890676,891249,574,MEG_1173|Metals|Arsenic_resistance|Arsenic_resistance_regulator|ARSR,MEG_1173|Metals|Arsenic_resistance|Arsenic_resistance_regulator|ARSR,354,892371,892724,+
Clostridioides_difficile,Clostridium_difficille,1184042,1184551,510,MEG_3078|Biocides|Acid_resistance|Acid_resistance_protein|GADB,MEG_3078|Biocides|Acid_resistance|Acid_resistance_protein|GADB,1401,1185517,1186917,+
Clostridioides_difficile,Clostridium_difficille,1430567,1431034,468,MEG_6088|Drugs|Rifampin|Rifampin_phosphotransferase|RPH,MEG_6088|Drugs|Rifampin|Rifampin_phosphotransferase|RPH,2598,1432933,1435530,+
Clostridioides_difficile,Clostridium_difficille,1482656,1483981,1326,MEG_500|Multi-compound|Biocide_and_metal_resistance|Biocide_and_metal_resistance_protein|ACTP,MEG_500|Multi-compound|Biocide_and_metal_resistance|Biocide_and_metal_resistance_protein|ACTP,2484,1487152,1489635,+
Clostridioides_difficile,Clostridium_difficille,1677480,1679313,1834,MEG_4054|Drugs|Cationic_antimicrobial_peptides|Defensin-resistant_mprF|MPRF,MEG_4054|Drugs|Cationic_antimicrobial_peptides|Defensin-resistant_mprF|MPRF,2643,1683134,1685776,+
Clostridioides_difficile,Clostridium_difficille,1679574,1680674,1101,MEG_1125|Drugs|Rifampin|Rifampin_ADP-ribosyltransferase_Arr|ARR,MEG_1125|Drugs|Rifampin|Rifampin_ADP-ribosyltransferase_Arr|ARR,453,1686037,1686489,+
Clostridioides_difficile,Clostridium_difficille,1681495,1683633,2139,MEG_8802|Drugs|Lipopeptides|Colistin_phosphoethanolamine_transferase|MCR,MEG_8802|Drugs|Lipopeptides|Colistin_phosphoethanolamine_transferase|MCR,1620,1687310,1688929,+
Clostridioides_difficile,Clostridium_difficille,1779516,1780253,738,MEG_1123|Drugs|Rifampin|Rifampin_ADP-ribosyltransferase_Arr|ARR,MEG_1123|Drugs|Rifampin|Rifampin_ADP-ribosyltransferase_Arr|ARR,453,1784812,1785264,+
Clostridioides_difficile,Clostridium_difficille,2731316,2732968,1653,MEG_6153|Multi-compound|Biocide_and_metal_resistance|Biocide_and_metal_resistance_protein|RUVB,MEG_6153|Multi-compound|Biocide_and_metal_resistance|Biocide_and_metal_resistance_protein|RUVB,1193,2736327,2737519,+
Clostridium_perfringens,Clostridium_perfringens.final.genome,968146,969852,1707,MEG_4187|Drugs|Metronidazole|nim_nitroimidazole_reductase|NIMH,MEG_4187|Drugs|Metronidazole|nim_nitroimidazole_reductase|NIMH,458,968146,968603,+
Clostridium_perfringens,Clostridium_perfringens.final.genome,3124924,3126633,1710,MEG_7786|Biocides|Multi-biocide_resistance|Multi-biocide_RND_efflux_pump|VMEC,MEG_7786|Biocides|Multi-biocide_resistance|Multi-biocide_RND_efflux_pump|VMEC,1107,3123675,3124781,+
Enterococcus_faecalis,Enterococcus_faecalis,110300,110794,495,MEG_1172|Metals|Arsenic_resistance|Arsenic_resistance_regulator|ARSR,MEG_1172|Metals|Arsenic_resistance|Arsenic_resistance_regulator|ARSR,318,110300,110617,+
Enterococcus_faecalis,Enterococcus_faecalis,318515,319159,645,MEG_6504|Metals|Multi-metal_resistance|Multi-metal_RND_efflux_pumps|SILF,MEG_6504|Metals|Multi-metal_resistance|Multi-metal_RND_efflux_pumps|SILF,354,318338,318691,+
Enterococcus_faecalis,Enterococcus_faecalis,686369,688471,2103,MEG_7273|Biocides|Phenolic_compound_resistance|Phenolic_RND_efflux_pump|TRIB,MEG_7273|Biocides|Phenolic_compound_resistance|Phenolic_RND_efflux_pump|TRIB,1071,685901,686971,+
Enterococcus_faecalis,Enterococcus_faecalis,688488,688844,357,MEG_4091|Drugs|Mupirocin|Mupirocin-resistant_isoleucyl-tRNA_synthetase|MUPB,MEG_4091|Drugs|Mupirocin|Mupirocin-resistant_isoleucyl-tRNA_synthetase|MUPB,3102,686988,690089,+
Enterococcus_faecalis,Enterococcus_faecalis,692857,693912,1056,MEG_11320|Metals|Multi-metal_resistance|Multi-metal_resistance_protein|ARSA,MEG_11320|Metals|Multi-metal_resistance|Multi-metal_resistance_protein|ARSA,1743,694102,695844,+
Enterococcus_faecalis,Enterococcus_faecalis,693942,695021,1080,MEG_3691|Drugs|Lipopeptides|Colistin_phosphoethanolamine_transferase|MCR,MEG_3691|Drugs|Lipopeptides|Colistin_phosphoethanolamine_transferase|MCR,1407,695874,697280,+
Enterococcus_faecalis,Enterococcus_faecalis,695101,696843,1743,MEG_7213|Drugs|Tetracyclines|Tetracycline_resistance_ribosomal_protection_proteins|TETW,MEG_7213|Drugs|Tetracyclines|Tetracycline_resistance_ribosomal_protection_proteins|TETW,1920,697360,699279,+
Enterococcus_faecalis,Enterococcus_faecalis,696879,697244,366,MEG_5913|Drugs|Fluoroquinolones|Quinolone_resistance_protein_Qnr|QNRB,MEG_5913|Drugs|Fluoroquinolones|Quinolone_resistance_protein_Qnr|QNRB,645,699315,699959,+
Enterococcus_faecalis,Enterococcus_faecalis,697377,697748,372,MEG_6581|Drugs|Sulfonamides|Sulfonamide-resistant_dihydropteroate_synthases|SULI,MEG_6581|Drugs|Sulfonamides|Sulfonamide-resistant_dihydropteroate_synthases|SULI,840,700092,700931,+
Enterococcus_faecalis,Enterococcus_faecalis,698134,699873,1740,MEG_1740|Multi-compound|Drug_and_biocide_and_metal_resistance|Drug_and_biocide_and_metal_RND_efflux_pumps|CMEB,MEG_1740|Multi-compound|Drug_and_biocide_and_metal_resistance|Drug_and_biocide_and_metal_RND_efflux_pumps|CMEB,3123,701317,704439,+
Enterococcus_faecalis,Enterococcus_faecalis,699893,700204,312,MEG_1581|Drugs|Phenicol|Chloramphenicol_acetyltransferases|CATA,MEG_1581|Drugs|Phenicol|Chloramphenicol_acetyltransferases|CATA,648,704459,705106,+
Enterococcus_faecalis,Enterococcus_faecalis,982309,983805,1497,MEG_6639|Drugs|Sulfonamides|Sulfonamide-resistant_dihydropteroate_synthases|SULIII,MEG_6639|Drugs|Sulfonamides|Sulfonamide-resistant_dihydropteroate_synthases|SULIII,792,987211,988002,+
Enterococcus_faecalis,Enterococcus_faecalis,1135205,1135685,481,MEG_2702|Biocides|Acid_resistance|Acid_resistance_protein|EEFX,MEG_2702|Biocides|Acid_resistance|Acid_resistance_protein|EEFX,186,1139402,1139587,+
Enterococcus_faecalis,Enterococcus_faecalis,1529260,1531416,2157,MEG_723|Metals|Aluminum_resistance|Aluminum_resistance_protein|ALU1P,MEG_723|Metals|Aluminum_resistance|Aluminum_resistance_protein|ALU1P,561,1533162,1533722,+
Enterococcus_faecalis,Enterococcus_faecalis,1778781,1780508,1728,MEG_6531|Biocides|Multi-biocide_resistance|Multi-biocide_MFS_efflux_pump|SMFY,MEG_6531|Biocides|Multi-biocide_resistance|Multi-biocide_MFS_efflux_pump|SMFY,1473,1781087,1782559,+
Enterococcus_faecalis,Enterococcus_faecalis,1781067,1782120,1054,MEG_2614|Drugs|Phenicol|Phenicol_resistance_MFS_efflux_pumps|DHAP,MEG_2614|Drugs|Phenicol|Phenicol_resistance_MFS_efflux_pumps|DHAP,1188,1783118,1784305,+
Enterococcus_faecalis,Enterococcus_faecalis,2454688,2455842,1155,MEG_6522|Multi-compound|Drug_and_biocide_resistance|Drug_and_biocide_RND_efflux_pumps|SME,MEG_6522|Multi-compound|Drug_and_biocide_resistance|Drug_and_biocide_RND_efflux_pumps|SME,3123,2456873,2459995,+
Escherichia_coli_B1109,Escherichia_coli_chromosome,895,2199,1305,MEG_2995|Drugs|Fosfomycin|Fosfomycin_thiol_transferases|FOSA,MEG_2995|Drugs|Fosfomycin|Fosfomycin_thiol_transferases|FOSA,420,895,1314,+
Escherichia_coli_B1109,Escherichia_coli_chromosome,36248,37486,1239,MEG_7101|Drugs|Tetracyclines|Tetracycline_resistance_MFS_efflux_pumps|TETL,MEG_7101|Drugs|Tetracyclines|Tetracycline_resistance_MFS_efflux_pumps|TETL,1377,35363,36739,+
Escherichia_coli_B1109,Escherichia_coli_chromosome,60987,64580,3594,MEG_2659|Multi-compound|Biocide_and_metal_resistance|Biocide_and_metal_resistance_protein|DPR,MEG_2659|Multi-compound|Biocide_and_metal_resistance|Biocide_and_metal_resistance_protein|DPR,519,60240,60758,+
Escherichia_coli_B1109,Escherichia_coli_chromosome,64585,65199,615,MEG_8065|Drugs|Trimethoprim|Dihydrofolate_reductase|DFRA,MEG_8065|Drugs|Trimethoprim|Dihydrofolate_reductase|DFRA,501,60763,61263,+
Escherichia_coli_B1109,Escherichia_coli_chromosome,65615,68316,2702,MEG_2483|Drugs|Trimethoprim|Dihydrofolate_reductase|DFRA,MEG_2483|Drugs|Trimethoprim|Dihydrofolate_reductase|DFRA,498,61679,62176,+
Escherichia_coli_B1109,Escherichia_coli_chromosome,170713,171681,969,MEG_3849|Metals|Mercury_resistance|Mercury_resistance_protein|MERB,MEG_3849|Metals|Mercury_resistance|Mercury_resistance_protein|MERB,660,164573,165232,+
Escherichia_coli_B1109,Escherichia_coli_chromosome,226281,226524,244,MEG_1764|Drugs|Phenicol|Phenicol_resistance_MFS_efflux_pumps|CMLA,MEG_1764|Drugs|Phenicol|Phenicol_resistance_MFS_efflux_pumps|CMLA,1260,219832,221091,+
Escherichia_coli_B1109,Escherichia_coli_chromosome,226821,227044,224,MEG_3678|Drugs|Lipopeptides|Colistin_phosphoethanolamine_transferase|MCR,MEG_3678|Drugs|Lipopeptides|Colistin_phosphoethanolamine_transferase|MCR,1623,221388,223010,+
Escherichia_coli_B1109,Escherichia_coli_chromosome,230136,231778,1643,MEG_1182|Biocides|Acid_resistance|Acid_resistance_protein|ASR,MEG_1182|Biocides|Acid_resistance|Acid_resistance_protein|ASR,309,226102,226410,+
Escherichia_coli_B1109,Escherichia_coli_chromosome,257792,258982,1191,MEG_1214|Drugs|Bacitracin|Bacitracin_ABC_transporter|BCRB,MEG_1214|Drugs|Bacitracin|Bacitracin_ABC_transporter|BCRB,627,252424,253050,+
Escherichia_coli_B1109,Escherichia_coli_chromosome,350235,350573,339,MEG_1145|Metals|Arsenic_resistance|Arsenic_resistance_protein|ARSB,MEG_1145|Metals|Arsenic_resistance|Arsenic_resistance_protein|ARSB,1290,344303,345592,+
Escherichia_coli_B1109,Escherichia_coli_chromosome,350792,351616,825,MEG_5421|Metals|Copper_resistance|Copper_resistance_protein|PCOD,MEG_5421|Metals|Copper_resistance|Copper_resistance_protein|PCOD,924,345811,346734,+
Escherichia_coli_B1109,Escherichia_coli_chromosome,351737,352009,273,MEG_6656|Multi-compound|Biocide_and_metal_resistance|Biocide_and_metal_resistance_protein|TEHB,MEG_6656|Multi-compound|Biocide_and_metal_resistance|Biocide_and_metal_resistance_protein|TEHB,594,346855,347448,+
Escherichia_coli_B1109,Escherichia_coli_chromosome,371421,373543,2123,MEG_7423|Drugs|Glycopeptides|VanD-type_resistance_protein|VANHD,MEG_7423|Drugs|Glycopeptides|VanD-type_resistance_protein|VANHD,972,366860,367831,+
Escherichia_coli_B1109,Escherichia_coli_chromosome,374956,382403,7448,MEG_9982|Drugs|Metronidazole|nim_nitroimidazole_reductase|NIMB,MEG_9982|Drugs|Metronidazole|nim_nitroimidazole_reductase|NIMB,468,369244,369711,+
Escherichia_coli_B1109,Escherichia_coli_chromosome,394801,396653,1853,MEG_6084|Drugs|Multi-drug_resistance|Multi-drug_MFS_efflux_pumps|ROSB,MEG_6084|Drugs|Multi-drug_resistance|Multi-drug_MFS_efflux_pumps|ROSB,1692,382109,383800,+
Escherichia_coli_B1109,Escherichia_coli_chromosome,433777,434943,1167,MEG_1742|Multi-compound|Drug_and_biocide_and_metal_resistance|Drug_and_biocide_and_metal_RND_efflux_pumps|CMEC,MEG_1742|Multi-compound|Drug_and_biocide_and_metal_resistance|Drug_and_biocide_and_metal_RND_efflux_pumps|CMEC,1479,420924,422402,+
Escherichia_coli_B1109,Escherichia_coli_chromosome,476193,477598,1406,MEG_7154|Drugs|Tetracyclines|Tetracycline_resistance_ribosomal_protection_proteins|TETO,MEG_7154|Drugs|Tetracyclines|Tetracycline_resistance_ribosomal_protection_proteins|TETO,1920,463652,465571,+
Escherichia_coli_B1109,Escherichia_coli_chromosome,515894,516544,651,MEG_4123|Metals|Nickel_resistance|Nickel_MFS_efflux_regulator|NCRBN,MEG_4123|Metals|Nickel_resistance|Nickel_MFS_efflux_regulator|NCRBN,270,503867,504136,+
Escherichia_coli_B1109,Escherichia_coli_chromosome,533414,533641,228,MEG_4171|Metals|Nickel_resistance|Nickel_ABC_efflux_pumps|NIKD,MEG_4171|Metals|Nickel_resistance|Nickel_ABC_efflux_pumps|NIKD,765,521006,521770,+
Escherichia_coli_B1109,Escherichia_coli_chromosome,597759,598505,747,MEG_7335|Drugs|Glycopeptides|VanA-type_resistance_protein|VAN,MEG_7335|Drugs|Glycopeptides|VanA-type_resistance_protein|VAN,972,585888,586859,+
Escherichia_coli_B1109,Escherichia_coli_chromosome,612826,614363,1538,MEG_7590|Drugs|Glycopeptides|VanL-type_resistance_protein|VANXYL,MEG_7590|Drugs|Glycopeptides|VanL-type_resistance_protein|VANXYL,582,601180,601761,+
Escherichia_coli_B1109,Escherichia_coli_chromosome,614442,615374,933,MEG_2569|Drugs|Trimethoprim|Dihydrofolate_reductase|DFRB,MEG_2569|Drugs|Trimethoprim|Dihydrofolate_reductase|DFRB,237,601840,602076,+
Escherichia_coli_B1109,Escherichia_coli_chromosome,650772,651338,567,MEG_1487|Metals|Cadmium_resistance|Cadmium_resistance_regulator|CADR,MEG_1487|Metals|Cadmium_resistance|Cadmium_resistance_regulator|CADR,444,637474,637917,+
Escherichia_coli_B1109,Escherichia_coli_chromosome,813494,814867,1374,MEG_10098|Drugs|Lipopeptides|Colistin-resistant_mutant|LPXD,MEG_10098|Drugs|Lipopeptides|Colistin-resistant_mutant|LPXD,1071,800073,801143,+
Escherichia_coli_B1109,Escherichia_coli_chromosome,822438,823019,582,MEG_3693|Drugs|Lipopeptides|Colistin_phosphoethanolamine_transferase|MCR,MEG_3693|Drugs|Lipopeptides|Colistin_phosphoethanolamine_transferase|MCR,1698,808714,810411,+
Escherichia_coli_B1109,Escherichia_coli_chromosome,884896,885577,682,MEG_6637|Drugs|Sulfonamides|Sulfonamide-resistant_dihydropteroate_synthases|SULII,MEG_6637|Drugs|Sulfonamides|Sulfonamide-resistant_dihydropteroate_synthases|SULII,816,872288,873103,+
Escherichia_coli_B1109,Escherichia_coli_chromosome,886713,887048,336,MEG_1745|Multi-compound|Drug_and_biocide_and_metal_resistance|Drug_and_biocide_and_metal_RND_efflux_pumps|CMEF,MEG_1745|Multi-compound|Drug_and_biocide_and_metal_resistance|Drug_and_biocide_and_metal_RND_efflux_pumps|CMEF,3018,874239,877256,+
Escherichia_coli_B1109,Escherichia_coli_chromosome,941277,941669,393,MEG_2927|Drugs|Phenicol|Phenicol_resistance_MFS_efflux_pumps|FLOR,MEG_2927|Drugs|Phenicol|Phenicol_resistance_MFS_efflux_pumps|FLOR,1215,931485,932699,+
Escherichia_coli_B1109,Escherichia_coli_chromosome,945817,946206,390,MEG_2803|Drugs|MLS|23S_rRNA_methyltransferases|ERMB,MEG_2803|Drugs|MLS|23S_rRNA_methyltransferases|ERMB,711,936847,937557,+
Escherichia_coli_B1109,Escherichia_coli_chromosome,946220,946654,435,MEG_11328|Metals|Arsenic_resistance|Arsenic_resistance_protein|ARSD,MEG_11328|Metals|Arsenic_resistance|Arsenic_resistance_protein|ARSD,366,937571,937936,+
Escherichia_coli_B1109,Escherichia_coli_chromosome,987113,989392,2280,MEG_4194|Drugs|Metronidazole|nim_nitroimidazole_reductase|NIMJ,MEG_4194|Drugs|Metronidazole|nim_nitroimidazole_reductase|NIMJ,498,978395,978892,+
Escherichia_coli_B1109,Escherichia_coli_chromosome,989912,990673,762,MEG_2520|Drugs|Trimethoprim|Dihydrofolate_reductase|DFRA,MEG_2520|Drugs|Trimethoprim|Dihydrofolate_reductase|DFRA,498,979412,979909,+
Escherichia_coli_B1109,Escherichia_coli_chromosome,1001554,1002954,1401,MEG_9153|Drugs|betalactams|Class_C_betalactamases|PDC,MEG_9153|Drugs|betalactams|Class_C_betalactamases|PDC,1194,990790,991983,+
Escherichia_coli_B1109,Escherichia_coli_chromosome,1003110,1004645,1536,MEG_407|Multi-compound|Drug_and_biocide_and_metal_resistance|Drug_and_biocide_and_metal_RND_efflux_pumps|ACRD,MEG_407|Multi-compound|Drug_and_biocide_and_metal_resistance|Drug_and_biocide_and_metal_RND_efflux_pumps|ACRD,3114,992139,995252,+
Escherichia_coli_B1109,Escherichia_coli_chromosome,1070324,1071906,1583,MEG_2513|Drugs|Trimethoprim|Dihydrofolate_reductase|DFRA,MEG_2513|Drugs|Trimethoprim|Dihydrofolate_reductase|DFRA,474,1060931,1061404,+
Escherichia_coli_B1109,Escherichia_coli_chromosome,1114770,1115538,769,MEG_3068|Drugs|Fusidic_acid|Ribosomal_zinc-binding_protein|FUSC,MEG_3068|Drugs|Fusidic_acid|Ribosomal_zinc-binding_protein|FUSC,639,1104268,1104906,+
Escherichia_coli_B1109,Escherichia_coli_chromosome,1117560,1120237,2678,MEG_2560|Drugs|Trimethoprim|Dihydrofolate_reductase|DFRB,MEG_2560|Drugs|Trimethoprim|Dihydrofolate_reductase|DFRB,237,1106928,1107164,+
Escherichia_coli_B1109,Escherichia_coli_chromosome,1203233,1204021,789,MEG_8690|Drugs|Multi-drug_resistance|Multi-drug_ABC_efflux_pumps|SALD,MEG_8690|Drugs|Multi-drug_resistance|Multi-drug_ABC_efflux_pumps|SALD,1635,1190160,1191794,+
Escherichia_coli_B1109,Escherichia_coli_chromosome,1288994,1289407,414,MEG_3709|Drugs|Lipopeptides|Colistin_phosphoethanolamine_transferase|MCR,MEG_3709|Drugs|Lipopeptides|Colistin_phosphoethanolamine_transferase|MCR,1617,1276767,1278383,+
Escherichia_coli_B1109,Escherichia_coli_chromosome,1310067,1311167,1101,MEG_6961|Metals|Tellurium_resistance|Tellurium_resistance_protein|TERZ,MEG_6961|Metals|Tellurium_resistance|Tellurium_resistance_protein|TERZ,585,1299043,1299627,+
Escherichia_coli_B1109,Escherichia_coli_chromosome,1322847,1323125,279,MEG_2083|Metals|Copper_resistance|Copper_resistance_regulator|COPZ,MEG_2083|Metals|Copper_resistance|Copper_resistance_regulator|COPZ,210,1311307,1311516,+
Escherichia_coli_B1109,Escherichia_coli_chromosome,1347199,1348740,1542,MEG_3452|Metals|Tellurium_resistance|Tellurium_resistance_protein|KLAB,MEG_3452|Metals|Tellurium_resistance|Tellurium_resistance_protein|KLAB,1137,1335590,1336726,+
Escherichia_coli_B1109,Escherichia_coli_chromosome,1348880,1349416,537,MEG_714|Metals|Arsenic_resistance|Arsenite_oxidase|AIOE,MEG_714|Metals|Arsenic_resistance|Arsenite_oxidase|AIOE,1047,1336866,1337912,+
Escherichia_coli_B1109,Escherichia_coli_chromosome,1365270,1365536,267,MEG_3942|Drugs|Fluoroquinolones|Quinolone_resistance_protein_Qnr|MFPA,MEG_3942|Drugs|Fluoroquinolones|Quinolone_resistance_protein_Qnr|MFPA,552,1353766,1354317,+
Escherichia_coli_B1109,Escherichia_coli_chromosome,1381839,1382678,840,MEG_1685|Drugs|Multi-drug_resistance|MDR_23S_ribosomal_RNA_methyltransferase|CFRC,MEG_1685|Drugs|Multi-drug_resistance|MDR_23S_ribosomal_RNA_methyltransferase|CFRC,1035,1370620,1371654,+
Escherichia_coli_B1109,Escherichia_coli_chromosome,1425125,1425382,258,MEG_6159|Drugs|Nucleosides|Streptothricin_acetyltransferase|SAT,MEG_6159|Drugs|Nucleosides|Streptothricin_acetyltransferase|SAT,1506,1414101,1415606,+
Escherichia_coli_B1109,Escherichia_coli_chromosome,1425623,1426255,633,MEG_7771|Biocides|Multi-biocide_resistance|Multi-biocide_RND_efflux_pump|VMEA,MEG_7771|Biocides|Multi-biocide_resistance|Multi-biocide_RND_efflux_pump|VMEA,1140,1415847,1416986,+
Escherichia_coli_B1109,Escherichia_coli_chromosome,1469128,1470336,1209,MEG_3924|Multi-compound|Drug_and_biocide_resistance|Drug_and_biocide_RND_efflux_regulator|MEXR,MEG_3924|Multi-compound|Drug_and_biocide_resistance|Drug_and_biocide_RND_efflux_regulator|MEXR,444,1459859,1460302,+
Escherichia_coli_B1109,Escherichia_coli_chromosome,1478965,1480191,1227,MEG_3070|Drugs|Fusidic_acid|Ribosomal_zinc-binding_protein|FUSD,MEG_3070|Drugs|Fusidic_acid|Ribosomal_zinc-binding_protein|FUSD,642,1468931,1469572,+
Escherichia_coli_B1109,Escherichia_coli_chromosome,1543874,1544341,468,MEG_7274|Biocides|Phenolic_compound_resistance|Phenolic_RND_efflux_pump|TRIBP,MEG_7274|Biocides|Phenolic_compound_resistance|Phenolic_RND_efflux_pump|TRIBP,294,1533255,1533548,+
Escherichia_coli_B1109,Escherichia_coli_chromosome,1550914,1551495,582,MEG_4183|Drugs|Metronidazole|nim_nitroimidazole_reductase|NIME,MEG_4183|Drugs|Metronidazole|nim_nitroimidazole_reductase|NIME,513,1540121,1540633,+
Escherichia_coli_B1109,Escherichia_coli_chromosome,1661150,1662227,1078,MEG_7539|Drugs|Glycopeptides|VanB-type_accessory_protein|VANWB,MEG_7539|Drugs|Glycopeptides|VanB-type_accessory_protein|VANWB,828,1650288,1651115,+
Escherichia_coli_B1109,Escherichia_coli_chromosome,1712870,1714618,1749,MEG_11241|Drugs|Fosfomycin|Fosfomycin_thiol_transferases|FOSA,MEG_11241|Drugs|Fosfomycin|Fosfomycin_thiol_transferases|FOSA,420,1701758,1702177,+
Escherichia_coli_B1109,Escherichia_coli_chromosome,1799343,1800065,723,MEG_7030|Drugs|Tetracyclines|Tetracycline_resistance_MFS_efflux_pumps|TETA,MEG_7030|Drugs|Tetracyclines|Tetracycline_resistance_MFS_efflux_pumps|TETA,675,1786902,1787576,+
Escherichia_coli_B1109,Escherichia_coli_chromosome,1806344,1807576,1233,MEG_8801|Drugs|Lipopeptides|Colistin_phosphoethanolamine_transferase|MCR,MEG_8801|Drugs|Lipopeptides|Colistin_phosphoethanolamine_transferase|MCR,1620,1793855,1795474,+
Escherichia_coli_B1109,Escherichia_coli_chromosome,1817397,1818629,1233,MEG_7579|Drugs|Glycopeptides|VanC-type_resistance_protein|VANXYC,MEG_7579|Drugs|Glycopeptides|VanC-type_resistance_protein|VANXYC,573,1805295,1805867,+
Escherichia_coli_B1109,Escherichia_coli_chromosome,1849527,1849994,468,MEG_1775|Drugs|Phenicol|Phenicol_resistance_MFS_efflux_pumps|CMLB,MEG_1775|Drugs|Phenicol|Phenicol_resistance_MFS_efflux_pumps|CMLB,1266,1836765,1838030,+
Escherichia_coli_B1109,Escherichia_coli_chromosome,1905565,1906623,1059,MEG_11442|Multi-compound|Drug_and_biocide_and_metal_resistance|Drug_and_biocide_and_metal_RND_efflux_pumps|CMEA,MEG_11442|Multi-compound|Drug_and_biocide_and_metal_resistance|Drug_and_biocide_and_metal_RND_efflux_pumps|CMEA,1104,1893601,1894704,+
Escherichia_coli_B1109,Escherichia_coli_chromosome,1906625,1908088,1464,MEG_3022|Drugs|Fosfomycin|Fosfomycin_thiol_transferases|FOSG,MEG_3022|Drugs|Fosfomycin|Fosfomycin_thiol_transferases|FOSG,399,1894706,1895104,+
Escherichia_coli_B1109,Escherichia_coli_chromosome,1908533,1909321,789,MEG_5841|Multi-compound|Drug_and_biocide_resistance|Drug_and_biocide_SMR_efflux_pumps|QACG,MEG_5841|Multi-compound|Drug_and_biocide_resistance|Drug_and_biocide_SMR_efflux_pumps|QACG,333,1895549,1895881,+
Escherichia_coli_B1109,Escherichia_coli_chromosome,1918354,1919295,942,MEG_5798|Multi-compound|Drug_and_metal_resistance|Drug_and_metal_MFS_efflux_pumps|PMRAM,MEG_5798|Multi-compound|Drug_and_metal_resistance|Drug_and_metal_MFS_efflux_pumps|PMRAM,669,1904914,1905582,+
Escherichia_coli_B1109,Escherichia_coli_chromosome,1981447,1982124,678,MEG_7272|Biocides|Phenolic_compound_resistance|Phenolic_RND_efflux_pump|TRIAP,MEG_7272|Biocides|Phenolic_compound_resistance|Phenolic_RND_efflux_pump|TRIAP,618,1967734,1968351,+
Escherichia_coli_B1109,Escherichia_coli_chromosome,1986316,1986459,144,MEG_711|Metals|Arsenic_resistance|Arsenite_oxidase|AIOA,MEG_711|Metals|Arsenic_resistance|Arsenite_oxidase|AIOA,2481,1972543,1975023,+
Escherichia_coli_B1109,Escherichia_coli_chromosome,2011449,2012271,823,MEG_7555|Drugs|Glycopeptides|VanA-type_resistance_protein|VANXA,MEG_7555|Drugs|Glycopeptides|VanA-type_resistance_protein|VANXA,609,2000013,2000621,+
Escherichia_coli_B1109,Escherichia_coli_chromosome,2012296,2013834,1539,MEG_1132|Drugs|Rifampin|Rifampin_ADP-ribosyltransferase_Arr|ARR,MEG_1132|Drugs|Rifampin|Rifampin_ADP-ribosyltransferase_Arr|ARR,453,2000646,2001098,+
Escherichia_coli_B1109,Escherichia_coli_chromosome,2018585,2020195,1611,MEG_5822|Multi-compound|Drug_and_biocide_resistance|Drug_and_biocide_MFS_efflux_pumps|QACAB,MEG_5822|Multi-compound|Drug_and_biocide_resistance|Drug_and_biocide_MFS_efflux_pumps|QACAB,1545,2005849,2007393,+
Escherichia_coli_B1109,Escherichia_coli_chromosome,2033761,2035662,1902,MEG_4217|Metals|Multi-metal_resistance|Multi-metal_resistance_protein|NREB,MEG_4217|Metals|Multi-metal_resistance|Multi-metal_resistance_protein|NREB,1251,2020959,2022209,+
Escherichia_coli_B1109,Escherichia_coli_chromosome,2100121,2103264,3144,MEG_3827|Drugs|MLS|MLS_resistance_MFS_efflux_pumps|MEFB,MEG_3827|Drugs|MLS|MLS_resistance_MFS_efflux_pumps|MEFB,1230,2086668,2087897,+
Escherichia_coli_B1109,Escherichia_coli_chromosome,2103276,2104499,1224,MEG_6047|Drugs|Rifampin|RNA-polymerase_binding_protein|RBPA,MEG_6047|Drugs|Rifampin|RNA-polymerase_binding_protein|RBPA,345,2087909,2088253,+
Escherichia_coli_B1109,Escherichia_coli_chromosome,2104515,2104847,333,MEG_9965|Drugs|Metronidazole|nim_nitroimidazole_reductase|NIMH,MEG_9965|Drugs|Metronidazole|nim_nitroimidazole_reductase|NIMH,453,2088269,2088721,+
Escherichia_coli_B1109,Escherichia_coli_chromosome,2105234,2106253,1020,MEG_2574|Drugs|Trimethoprim|Dihydrofolate_reductase|DFRD,MEG_2574|Drugs|Trimethoprim|Dihydrofolate_reductase|DFRD,501,2089108,2089608,+
Escherichia_coli_B1109,Escherichia_coli_chromosome,2106410,2108525,2116,MEG_6619|Drugs|Sulfonamides|Sulfonamide-resistant_dihydropteroate_synthases|SULII,MEG_6619|Drugs|Sulfonamides|Sulfonamide-resistant_dihydropteroate_synthases|SULII,816,2089765,2090580,+
Escherichia_coli_B1109,Escherichia_coli_chromosome,2163207,2164650,1444,MEG_2658|Multi-compound|Biocide_and_metal_resistance|Biocide_and_metal_resistance_protein|DPR,MEG_2658|Multi-compound|Biocide_and_metal_resistance|Biocide_and_metal_resistance_protein|DPR,519,2145262,2145780,+
Escherichia_coli_B1109,Escherichia_coli_chromosome,2166169,2166576,408,MEG_3461|Metals|Multi-metal_resistance|Multi-metal_resistance_regulator|KMTR,MEG_3461|Metals|Multi-metal_resistance|Multi-metal_resistance_regulator|KMTR,393,2147299,2147691,+
Escherichia_coli_B1109,Escherichia_coli_chromosome,2169190,2171694,2505,MEG_1707|Metals|Chromium_resistance|Chromium_resistance_protein|CHRA,MEG_1707|Metals|Chromium_resistance|Chromium_resistance_protein|CHRA,1206,2150305,2151510,+
Escherichia_coli_B1109,Escherichia_coli_chromosome,2194950,2196143,1194,MEG_722|Drugs|Cationic_antimicrobial_peptides|Lipid_A_modification|ALMG,MEG_722|Drugs|Cationic_antimicrobial_peptides|Lipid_A_modification|ALMG,822,2174766,2175587,+
Escherichia_coli_B1109,Escherichia_coli_chromosome,2196166,2199315,3150,MEG_11497|Drugs|Metronidazole|nim_nitroimidazole_reductase|NIMI,MEG_11497|Drugs|Metronidazole|nim_nitroimidazole_reductase|NIMI,498,2175610,2176107,+
Escherichia_coli_B1109,Escherichia_coli_chromosome,2208170,2209915,1746,MEG_7617|Drugs|Glycopeptides|VanA-type_accessory_protein|VANZA,MEG_7617|Drugs|Glycopeptides|VanA-type_accessory_protein|VANZA,480,2184962,2185441,+
Escherichia_coli_B1109,Escherichia_coli_chromosome,2285632,2286789,1158,MEG_3453|Metals|Tellurium_resistance|Tellurium_resistance_protein|KLAC,MEG_3453|Metals|Tellurium_resistance|Tellurium_resistance_protein|KLAC,954,2261158,2262111,+
Escherichia_coli_B1109,Escherichia_coli_chromosome,2299750,2300859,1110,MEG_4321|Drugs|Multi-drug_resistance|Multi-drug_ABC_efflux_pumps|OPTRA,MEG_4321|Drugs|Multi-drug_resistance|Multi-drug_ABC_efflux_pumps|OPTRA,1968,2275072,2277039,+
Escherichia_coli_B1109,Escherichia_coli_chromosome,2437916,2438626,711,MEG_7780|Biocides|Multi-biocide_resistance|Multi-biocide_RND_efflux_pump|VMEA,MEG_7780|Biocides|Multi-biocide_resistance|Multi-biocide_RND_efflux_pump|VMEA,1140,2414096,2415235,+
Escherichia_coli_B1109,Escherichia_coli_chromosome,2515262,2516812,1551,MEG_8063|Drugs|Trimethoprim|Dihydrofolate_reductase|DFRA,MEG_8063|Drugs|Trimethoprim|Dihydrofolate_reductase|DFRA,588,2491871,2492458,+
Escherichia_coli_B1109,Escherichia_coli_chromosome,2568583,2569527,945,MEG_6161|Drugs|Nucleosides|Streptothricin_acetyltransferase|SAT,MEG_6161|Drugs|Nucleosides|Streptothricin_acetyltransferase|SAT,525,2544229,2544753,+
Escherichia_coli_B1109,Escherichia_coli_chromosome,2596802,2599156,2355,MEG_2921|Drugs|Phenicol|Phenicol_resistance_MFS_efflux_pumps|FLOR,MEG_2921|Drugs|Phenicol|Phenicol_resistance_MFS_efflux_pumps|FLOR,1215,2572028,2573242,+
Escherichia_coli_B1109,Escherichia_coli_chromosome,2602305,2602682,378,MEG_4163|Metals|Sodium_resistance|Sodium_resistance_protein|NHAB,MEG_4163|Metals|Sodium_resistance|Sodium_resistance_protein|NHAB,1515,2576391,2577905,+
Escherichia_coli_B1109,Escherichia_coli_chromosome,2636034,2637200,1167,MEG_2846|Drugs|MLS|23S_rRNA_methyltransferases|ERMT,MEG_2846|Drugs|MLS|23S_rRNA_methyltransferases|ERMT,735,2611257,2611991,+
Escherichia_coli_B1109,Escherichia_coli_chromosome,2661030,2661899,870,MEG_7828|Metals|Copper_resistance|Copper_resistance_protein|YFMO,MEG_7828|Metals|Copper_resistance|Copper_resistance_protein|YFMO,1191,2635821,2637011,+
Escherichia_coli_B1109,Escherichia_coli_chromosome,2715843,2717075,1233,MEG_2739|Drugs|Cationic_antimicrobial_peptides|Lipid_A_modification|EPTA,MEG_2739|Drugs|Cationic_antimicrobial_peptides|Lipid_A_modification|EPTA,1644,2690955,2692598,+
Escherichia_coli_B1109,Escherichia_coli_chromosome,2790664,2792388,1725,MEG_254|Drugs|Aminoglycosides|Aminoglycoside_N-acetyltransferases|AAC6-PRIME,MEG_254|Drugs|Aminoglycosides|Aminoglycoside_N-acetyltransferases|AAC6-PRIME,483,2766187,2766669,+
Escherichia_coli_B1109,Escherichia_coli_chromosome,2818761,2821457,2697,MEG_7459|Drugs|Glycopeptides|VanA-type_regulator|VANRA,MEG_7459|Drugs|Glycopeptides|VanA-type_regulator|VANRA,696,2793042,2793737,+
Escherichia_coli_B1109,Escherichia_coli_chromosome,2916772,2917905,1134,MEG_1575|Drugs|Phenicol|Chloramphenicol_acetyltransferases|CATA,MEG_1575|Drugs|Phenicol|Chloramphenicol_acetyltransferases|CATA,648,2889052,2889699,+
Escherichia_coli_B1109,Escherichia_coli_chromosome,2918524,2918991,468,MEG_3439|Metals|Multi-metal_resistance|Multi-metal_resistance_regulator|IRLS,MEG_3439|Metals|Multi-metal_resistance|Multi-metal_resistance_regulator|IRLS,1395,2890318,2891712,+
Escherichia_coli_B1109,Escherichia_coli_chromosome,2930360,2930698,339,MEG_5990|Drugs|Fluoroquinolones|Quinolone_resistance_protein_Qnr|QNRB,MEG_5990|Drugs|Fluoroquinolones|Quinolone_resistance_protein_Qnr|QNRB,645,2903081,2903725,+
Escherichia_coli_B1109,Escherichia_coli_chromosome,2950535,2952178,1644,MEG_10008|Drugs|Rifampin|Rifampin-resistant_beta-subunit_of_RNA_polymerase_RpoB|RPOB,MEG_10008|Drugs|Rifampin|Rifampin-resistant_beta-subunit_of_RNA_polymerase_RpoB|RPOB,4029,2923562,2927590,+
Escherichia_coli_B1109,Escherichia_coli_chromosome,2982016,2986561,4546,MEG_2994|Drugs|Fosfomycin|Fosfomycin_thiol_transferases|FOSA,MEG_2994|Drugs|Fosfomycin|Fosfomycin_thiol_transferases|FOSA,426,2957428,2957853,+
Escherichia_coli_B1109,Escherichia_coli_chromosome,3001112,3002761,1650,MEG_2867|Biocides|Acid_resistance|Acid_resistance_regulator|EVGA,MEG_2867|Biocides|Acid_resistance|Acid_resistance_regulator|EVGA,615,2972404,2973018,+
Escherichia_coli_B1109,Escherichia_coli_chromosome,3008080,3008544,465,MEG_4191|Drugs|Metronidazole|nim_nitroimidazole_reductase|NIMI,MEG_4191|Drugs|Metronidazole|nim_nitroimidazole_reductase|NIMI,457,2978337,2978793,+
Escherichia_coli_B1109,Escherichia_coli_chromosome,3008630,3008953,324,MEG_2493|Drugs|Trimethoprim|Dihydrofolate_reductase|DFRA,MEG_2493|Drugs|Trimethoprim|Dihydrofolate_reductase|DFRA,474,2978879,2979352,+
Escherichia_coli_B1109,Escherichia_coli_chromosome,3026010,3026525,516,MEG_1652|Biocides|Biguanide_resistance|Biguanide_cation_efflux|CEPAB,MEG_1652|Biocides|Biguanide_resistance|Biguanide_cation_efflux|CEPAB,903,2996409,2997311,+
Escherichia_coli_B1109,Escherichia_coli_chromosome,3062385,3063209,825,MEG_8087|Biocides|Aldehyde_resistance|Aldehyde_degradation|FORMA,MEG_8087|Biocides|Aldehyde_resistance|Aldehyde_degradation|FORMA,1110,3033171,3034280,+
Escherichia_coli_B1109,Escherichia_coli_chromosome,3072494,3072877,384,MEG_1157|Metals|Arsenic_resistance|Arsenic_resistance_protein|ARSC,MEG_1157|Metals|Arsenic_resistance|Arsenic_resistance_protein|ARSC,393,3043565,3043957,+
Escherichia_coli_B1109,Escherichia_coli_chromosome,3081467,3084186,2720,MEG_4010|Metals|Multi-metal_resistance|Multi-metal_ABC_efflux_pumps|MODC,MEG_4010|Metals|Multi-metal_resistance|Multi-metal_ABC_efflux_pumps|MODC,1059,3052547,3053605,+
Escherichia_coli_B1109,Escherichia_coli_chromosome,3167935,3168780,846,MEG_8272|Drugs|Metronidazole|nim_nitroimidazole_reductase|NIMK,MEG_8272|Drugs|Metronidazole|nim_nitroimidazole_reductase|NIMK,507,3137354,3137860,+
Escherichia_coli_B1109,Escherichia_coli_chromosome,3178654,3179556,903,MEG_2740|Drugs|MLS|Macrolide_esterases|EREA,MEG_2740|Drugs|MLS|Macrolide_esterases|EREA,1257,3147734,3148990,+
Escherichia_coli_B1109,Escherichia_coli_chromosome,3180355,3182423,2069,MEG_11226|Drugs|Fluoroquinolones|Quinolone_resistance_protein_Qnr|QNRB,MEG_11226|Drugs|Fluoroquinolones|Quinolone_resistance_protein_Qnr|QNRB,645,3149789,3150433,+
Escherichia_coli_B1109,Escherichia_coli_chromosome,3184595,3185215,621,MEG_3073|Drugs|Fusidic_acid|Fusidic_acid_esterases|FUSF,MEG_3073|Drugs|Fusidic_acid|Fusidic_acid_esterases|FUSF,645,3152605,3153249,+
Escherichia_coli_B1109,Escherichia_coli_chromosome,3241981,3242607,627,MEG_8649|Multi-compound|Drug_and_biocide_resistance|Drug_and_biocide_SMR_efflux_pumps|QACH,MEG_8649|Multi-compound|Drug_and_biocide_resistance|Drug_and_biocide_SMR_efflux_pumps|QACH,378,3210015,3210392,+
Escherichia_coli_B1109,Escherichia_coli_chromosome,3283548,3284498,951,MEG_192|Drugs|Aminoglycosides|Aminoglycoside_N-acetyltransferases|AAC6-PRIME,MEG_192|Drugs|Aminoglycosides|Aminoglycoside_N-acetyltransferases|AAC6-PRIME,474,3251333,3251806,+
Escherichia_coli_B1109,Escherichia_coli_chromosome,3374400,3375440,1041,MEG_1137|Drugs|Rifampin|Rifampin_ADP-ribosyltransferase_Arr|ARR,MEG_1137|Drugs|Rifampin|Rifampin_ADP-ribosyltransferase_Arr|ARR,453,3341708,3342160,+
Escherichia_coli_B1109,Escherichia_coli_chromosome,3375527,3377376,1850,MEG_2515|Drugs|Trimethoprim|Dihydrofolate_reductase|DFRA,MEG_2515|Drugs|Trimethoprim|Dihydrofolate_reductase|DFRA,474,3342247,3342720,+
Escherichia_coli_B1109,Escherichia_coli_chromosome,3377559,3378332,774,MEG_7559|Drugs|Glycopeptides|VanB-type_resistance_protein|VANXB,MEG_7559|Drugs|Glycopeptides|VanB-type_resistance_protein|VANXB,609,3342903,3343511,+
Escherichia_coli_B1109,Escherichia_coli_chromosome,3390713,3391279,567,MEG_7830|Multi-compound|Biocide_and_metal_resistance|Biocide_and_metal_resistance_protein|YGIW,MEG_7830|Multi-compound|Biocide_and_metal_resistance|Biocide_and_metal_resistance_protein|YGIW,351,3355892,3356242,+
Escherichia_coli_B1109,Escherichia_coli_chromosome,3418509,3418922,414,MEG_3749|Multi-compound|Drug_and_biocide_and_metal_resistance|Drug_and_biocide_and_metal_RND_efflux_pumps|MDTC,MEG_3749|Multi-compound|Drug_and_biocide_and_metal_resistance|Drug_and_biocide_and_metal_RND_efflux_pumps|MDTC,3078,3383472,3386549,+
Escherichia_coli_B1109,Escherichia_coli_chromosome,3419028,3419462,435,MEG_7622|Drugs|MLS|Streptogramin_A_O-acetyltransferase|VATB,MEG_7622|Drugs|MLS|Streptogramin_A_O-acetyltransferase|VATB,639,3386655,3387293,+
Escherichia_coli_B1109,Escherichia_coli_chromosome,3430825,3432015,1191,MEG_11510|Drugs|Tetracyclines|Tetracycline_resistance_ribosomal_protection_proteins|TETO,MEG_11510|Drugs|Tetracyclines|Tetracycline_resistance_ribosomal_protection_proteins|TETO,1920,3398656,3400575,+
Escherichia_coli_B1109,Escherichia_coli_chromosome,3677911,3679311,1401,MEG_3892|Metals|Mercury_resistance|Mercury_resistance_protein|MERT,MEG_3892|Metals|Mercury_resistance|Mercury_resistance_protein|MERT,387,3646471,3646857,+
Escherichia_coli_B1109,Escherichia_coli_chromosome,3679681,3680505,825,MEG_7671|Multi-compound|Drug_and_biocide_resistance|Drug_and_biocide_RND_efflux_pumps|VEXD,MEG_7671|Multi-compound|Drug_and_biocide_resistance|Drug_and_biocide_RND_efflux_pumps|VEXD,3051,3647227,3650277,+
Escherichia_coli_B1109,Escherichia_coli_chromosome,3680873,3681601,729,MEG_2931|Drugs|Phenicol|Phenicol_resistance_MFS_efflux_pumps|FLOR,MEG_2931|Drugs|Phenicol|Phenicol_resistance_MFS_efflux_pumps|FLOR,1215,3650645,3651859,+
Escherichia_coli_B1109,Escherichia_coli_chromosome,3681964,3685077,3114,MEG_7845|Metals|Zinc_resistance|Zinc_resistance_protein|ZEVA,MEG_7845|Metals|Zinc_resistance|Zinc_resistance_protein|ZEVA,621,3652222,3652842,+
Escherichia_coli_B1109,Escherichia_coli_chromosome,3685102,3686259,1158,MEG_6614|Drugs|Sulfonamides|Sulfonamide-resistant_dihydropteroate_synthases|SULI,MEG_6614|Drugs|Sulfonamides|Sulfonamide-resistant_dihydropteroate_synthases|SULI,837,3652867,3653703,+
Escherichia_coli_B1109,Escherichia_coli_chromosome,3686598,3687080,483,MEG_8658|Drugs|Fluoroquinolones|Quinolone_resistance_protein_Qnr|QNRVC,MEG_8658|Drugs|Fluoroquinolones|Quinolone_resistance_protein_Qnr|QNRVC,657,3654042,3654698,+
Escherichia_coli_B1109,Escherichia_coli_chromosome,3693631,3694062,432,MEG_3288|Biocides|Peroxide_resistance|Peroxide_resistance_stress_protein|IBPB,MEG_3288|Biocides|Peroxide_resistance|Peroxide_resistance_stress_protein|IBPB,429,3661249,3661677,+
Escherichia_coli_B1109,Escherichia_coli_chromosome,3694068,3698983,4916,MEG_5411|Metals|Lead_resistance|Lead_P-type_ATPase_transporter|PBRB,MEG_5411|Metals|Lead_resistance|Lead_P-type_ATPase_transporter|PBRB,1077,3661683,3662759,+
Escherichia_coli_B1109,Escherichia_coli_chromosome,3704001,3706199,2199,MEG_7123|Drugs|Tetracyclines|Tetracycline_resistance_ribosomal_protection_proteins|TETM,MEG_7123|Drugs|Tetracyclines|Tetracycline_resistance_ribosomal_protection_proteins|TETM,1920,3667777,3669696,+
Escherichia_coli_B1109,Escherichia_coli_chromosome,3825137,3825769,633,MEG_1765|Drugs|Phenicol|Phenicol_resistance_MFS_efflux_pumps|CMLA,MEG_1765|Drugs|Phenicol|Phenicol_resistance_MFS_efflux_pumps|CMLA,1173,3788634,3789806,+
Escherichia_coli_B1109,Escherichia_coli_chromosome,3872759,3873184,426,MEG_6580|Drugs|Sulfonamides|Sulfonamide-resistant_dihydropteroate_synthases|SULI,MEG_6580|Drugs|Sulfonamides|Sulfonamide-resistant_dihydropteroate_synthases|SULI,828,3836796,3837623,+
Escherichia_coli_B1109,Escherichia_coli_chromosome,3893753,3896857,3105,MEG_6601|Drugs|Sulfonamides|Sulfonamide-resistant_dihydropteroate_synthases|SULI,MEG_6601|Drugs|Sulfonamides|Sulfonamide-resistant_dihydropteroate_synthases|SULI,840,3858192,3859031,+
Escherichia_coli_B1109,Escherichia_coli_chromosome,3896869,3898026,1158,MEG_3841|Metals|Mercury_resistance|Mercury_resistance_protein|MERA,MEG_3841|Metals|Mercury_resistance|Mercury_resistance_protein|MERA,1644,3859043,3860686,+
Escherichia_coli_B1109,Escherichia_coli_chromosome,3898425,3899087,663,MEG_7861|Metals|Zinc_resistance|Zinc_resistance_regulator|ZRAR,MEG_7861|Metals|Zinc_resistance|Zinc_resistance_regulator|ZRAR,1314,3861085,3862398,+
Escherichia_coli_B1109,Escherichia_coli_chromosome,3926089,3926403,315,MEG_2544|Drugs|Trimethoprim|Dihydrofolate_reductase|DFRA,MEG_2544|Drugs|Trimethoprim|Dihydrofolate_reductase|DFRA,555,3889400,3889954,+
Escherichia_coli_B1109,Escherichia_coli_chromosome,4096493,4097257,765,MEG_7550|Drugs|Glycopeptides|VanA-type_resistance_protein|VANXA,MEG_7550|Drugs|Glycopeptides|VanA-type_resistance_protein|VANXA,561,4060044,4060604,+
Escherichia_coli_B1109,Escherichia_coli_chromosome,4108853,4109674,822,MEG_9591|Drugs|betalactams|Class_D_betalactamases|OXA,MEG_9591|Drugs|betalactams|Class_D_betalactamases|OXA,825,4072200,4073024,+
Escherichia_coli_B1109,Escherichia_coli_chromosome,4128325,4129122,798,MEG_7822|Metals|Multi-metal_resistance|Multi-metal_resistance_protein|YFEA,MEG_7822|Metals|Multi-metal_resistance|Multi-metal_resistance_protein|YFEA,972,4091675,4092646,+
Escherichia_coli_B1109,Escherichia_coli_chromosome,4132052,4133539,1488,MEG_11438|Biocides|Peroxide_resistance|Peroxide_resistance_stress_protein|SODC,MEG_11438|Biocides|Peroxide_resistance|Peroxide_resistance_stress_protein|SODC,534,4095576,4096109,+
Escherichia_coli_B1109,Escherichia_coli_chromosome,4141972,4142364,393,MEG_2716|Biocides|Multi-biocide_resistance|Multi-biocide_RND_efflux_pump|EMHB,MEG_2716|Biocides|Multi-biocide_resistance|Multi-biocide_RND_efflux_pump|EMHB,3165,4104542,4107706,+
Escherichia_coli_B1109,Escherichia_coli_chromosome,4175276,4176768,1493,MEG_8782|Drugs|Lipopeptides|Colistin_phosphoethanolamine_transferase|MCR,MEG_8782|Drugs|Lipopeptides|Colistin_phosphoethanolamine_transferase|MCR,1626,4140618,4142243,+
Escherichia_coli_B1109,Escherichia_coli_chromosome,4287909,4288619,711,MEG_2974|Drugs|Fosfomycin|Fosfomycin_phosphorylation|FOMB,MEG_2974|Drugs|Fosfomycin|Fosfomycin_phosphorylation|FOMB,993,4253384,4254376,+
Escherichia_coli_B1109,Escherichia_coli_chromosome,4458335,4459363,1029,MEG_5776|Drugs|Lipopeptides|Lipid_A_phosphatase|PGBB,MEG_5776|Drugs|Lipopeptides|Lipid_A_phosphatase|PGBB,711,4424092,4424802,+
Escherichia_coli_B1109,Escherichia_coli_chromosome,4572564,4573247,684,MEG_2016|Metals|Multi-metal_resistance|Multi-metal_resistance_regulator|COAR,MEG_2016|Metals|Multi-metal_resistance|Multi-metal_resistance_regulator|COAR,1113,4538003,4539115,+
Escherichia_coli_B1109,Escherichia_coli_chromosome,4710663,4711139,477,MEG_2744|Drugs|MLS|Macrolide_esterases|EREA,MEG_2744|Drugs|MLS|Macrolide_esterases|EREA,1221,4676531,4677751,+
Escherichia_coli_B1109,Escherichia_coli_chromosome,4731817,4734930,3114,MEG_11228|Metals|Mercury_resistance|Mercury_resistance_protein|MERB,MEG_11228|Metals|Mercury_resistance|Mercury_resistance_protein|MERB,657,4698429,4699085,+
Escherichia_coli_B3008,Escherichia_coli_B3008,96874,98247,1374,MEG_3743|Multi-compound|Drug_and_biocide_and_metal_resistance|Drug_and_biocide_and_metal_MFS_efflux_pumps|MDRL,MEG_3743|Multi-compound|Drug_and_biocide_and_metal_resistance|Drug_and_biocide_and_metal_MFS_efflux_pumps|MDRL,1194,96874,98067,+
Escherichia_coli_B3008,Escherichia_coli_B3008,105729,106310,582,MEG_6640|Drugs|Sulfonamides|Sulfonamide-resistant_dihydropteroate_synthases|SULIV,MEG_6640|Drugs|Sulfonamides|Sulfonamide-resistant_dihydropteroate_synthases|SULIV,863,105549,106411,+
Escherichia_coli_B3008,Escherichia_coli_B3008,168004,168685,682,MEG_2828|Drugs|MLS|23S_rRNA_methyltransferases|ERMF,MEG_2828|Drugs|MLS|23S_rRNA_methyltransferases|ERMF,801,168105,168905,+
Escherichia_coli_B3008,Escherichia_coli_B3008,169821,170156,336,MEG_7952|Drugs|betalactams|Class_C_betalactamases|ADC,MEG_7952|Drugs|betalactams|Class_C_betalactamases|ADC,1152,170041,171192,+
Escherichia_coli_B3008,Escherichia_coli_B3008,244385,244777,393,MEG_3079|Biocides|Acid_resistance|Acid_resistance_protein|GADC,MEG_3079|Biocides|Acid_resistance|Acid_resistance_protein|GADC,1536,245421,246956,+
Escherichia_coli_B3008,Escherichia_coli_B3008,248925,249314,390,MEG_2916|Drugs|Phenicol|Phenicol_resistance_MFS_efflux_pumps|FLOR,MEG_2916|Drugs|Phenicol|Phenicol_resistance_MFS_efflux_pumps|FLOR,1215,251104,252318,+
Escherichia_coli_B3008,Escherichia_coli_B3008,249328,249762,435,MEG_7475|Drugs|Glycopeptides|VanD-type_regulator|VANRD,MEG_7475|Drugs|Glycopeptides|VanD-type_regulator|VANRD,699,252332,253030,+
Escherichia_coli_B3008,Escherichia_coli_B3008,282393,284672,2280,MEG_5415|Biocides|Multi-biocide_resistance|Multi-biocide_resistance_regulator|PCM,MEG_5415|Biocides|Multi-biocide_resistance|Multi-biocide_resistance_regulator|PCM,648,285661,286308,+
Escherichia_coli_B3008,Escherichia_coli_B3008,285192,285953,762,MEG_3253|Biocides|Acid_resistance|Acid_resistance_protein|HDEA,MEG_3253|Biocides|Acid_resistance|Acid_resistance_protein|HDEA,333,286828,287160,+
Escherichia_coli_B3008,Escherichia_coli_B3008,296834,298234,1401,MEG_2701|Biocides|Acid_resistance|Acid_resistance_protein|EEFA,MEG_2701|Biocides|Acid_resistance|Acid_resistance_protein|EEFA,1125,298041,299165,+
Escherichia_coli_B3008,Escherichia_coli_B3008,298390,299925,1536,MEG_7482|Drugs|Glycopeptides|VanL-type_regulator|VANRI,MEG_7482|Drugs|Glycopeptides|VanL-type_regulator|VANRI,699,299321,300019,+
Escherichia_coli_B3008,Escherichia_coli_B3008,374200,375782,1583,MEG_11224|Drugs|Fluoroquinolones|Quinolone_resistance_protein_Qnr|QNRB,MEG_11224|Drugs|Fluoroquinolones|Quinolone_resistance_protein_Qnr|QNRB,645,374294,374938,+
Escherichia_coli_B3008,Escherichia_coli_B3008,500610,501398,789,MEG_4172|Metals|Nickel_resistance|Nickel_ABC_efflux_pumps|NIKD,MEG_4172|Metals|Nickel_resistance|Nickel_ABC_efflux_pumps|NIKD,762,499766,500527,+
Escherichia_coli_B3008,Escherichia_coli_B3008,557521,557934,414,MEG_5816|Metals|Arsenic_resistance|Arsenic_resistance_protein|PSTS,MEG_5816|Metals|Arsenic_resistance|Arsenic_resistance_protein|PSTS,1041,556650,557690,+
Escherichia_coli_B3008,Escherichia_coli_B3008,578774,579874,1101,MEG_6610|Drugs|Sulfonamides|Sulfonamide-resistant_dihydropteroate_synthases|SULI,MEG_6610|Drugs|Sulfonamides|Sulfonamide-resistant_dihydropteroate_synthases|SULI,840,578530,579369,+
Escherichia_coli_B3008,Escherichia_coli_B3008,591553,591831,279,MEG_5834|Multi-compound|Drug_and_biocide_resistance|Drug_and_biocide_SMR_efflux_pumps|QACF,MEG_5834|Multi-compound|Drug_and_biocide_resistance|Drug_and_biocide_SMR_efflux_pumps|QACF,333,591048,591380,+
Escherichia_coli_B3008,Escherichia_coli_B3008,615905,617446,1542,MEG_7270|Metals|Multi-metal_resistance|Multi-metal_resistance_regulator|TRGB,MEG_7270|Metals|Multi-metal_resistance|Multi-metal_resistance_regulator|TRGB,1086,615454,616539,+
Escherichia_coli_B3008,Escherichia_coli_B3008,617586,618122,537,MEG_4276|Drugs|MLS|MLS_resistance_ABC_efflux_pumps|OLEC,MEG_4276|Drugs|MLS|MLS_resistance_ABC_efflux_pumps|OLEC,978,616679,617656,+
Escherichia_coli_B3008,Escherichia_coli_B3008,634752,635018,267,MEG_5954|Drugs|Fluoroquinolones|Quinolone_resistance_protein_Qnr|QNRB,MEG_5954|Drugs|Fluoroquinolones|Quinolone_resistance_protein_Qnr|QNRB,645,634286,634930,+
Escherichia_coli_B3008,Escherichia_coli_B3008,665567,665824,258,MEG_6624|Drugs|Sulfonamides|Sulfonamide-resistant_dihydropteroate_synthases|SULII,MEG_6624|Drugs|Sulfonamides|Sulfonamide-resistant_dihydropteroate_synthases|SULII,816,665479,666294,+
Escherichia_coli_B3008,Escherichia_coli_B3008,666065,666697,633,MEG_3876|Metals|Mercury_resistance|Mercury_resistance_protein|MERP,MEG_3876|Metals|Mercury_resistance|Mercury_resistance_protein|MERP,342,666535,666876,+
Escherichia_coli_B3008,Escherichia_coli_B3008,709598,710806,1209,MEG_8780|Drugs|Lipopeptides|Colistin_phosphoethanolamine_transferase|MCR,MEG_8780|Drugs|Lipopeptides|Colistin_phosphoethanolamine_transferase|MCR,1626,709777,711402,+
Escherichia_coli_B3008,Escherichia_coli_B3008,719437,720663,1227,MEG_2776|Drugs|MLS|23S_rRNA_methyltransferases|ERM32,MEG_2776|Drugs|MLS|23S_rRNA_methyltransferases|ERM32,843,720033,720875,+
Escherichia_coli_B3008,Escherichia_coli_B3008,815285,816362,1078,MEG_731|Multi-compound|Drug_and_biocide_resistance|Drug_and_biocide_RND_efflux_pumps|AMRA,MEG_731|Multi-compound|Drug_and_biocide_resistance|Drug_and_biocide_RND_efflux_pumps|AMRA,1200,815497,816696,+
Escherichia_coli_B3008,Escherichia_coli_B3008,867004,868752,1749,MEG_2578|Drugs|Trimethoprim|Dihydrofolate_reductase|DFRF,MEG_2578|Drugs|Trimethoprim|Dihydrofolate_reductase|DFRF,495,867338,867832,+
Escherichia_coli_B3008,Escherichia_coli_B3008,944287,945009,723,MEG_2085|Metals|Multi-metal_resistance|Multi-metal_resistance_protein|CORA,MEG_2085|Metals|Multi-metal_resistance|Multi-metal_resistance_protein|CORA,951,943367,944317,+
Escherichia_coli_B3008,Escherichia_coli_B3008,986187,987419,1233,MEG_3943|Drugs|Multi-drug_resistance|MDR_regulator|MGRA,MEG_3943|Drugs|Multi-drug_resistance|MDR_regulator|MGRA,444,985495,985938,+
Escherichia_coli_B3008,Escherichia_coli_B3008,1017765,1018232,468,MEG_5949|Drugs|Fluoroquinolones|Quinolone_resistance_protein_Qnr|QNRB,MEG_5949|Drugs|Fluoroquinolones|Quinolone_resistance_protein_Qnr|QNRB,681,1016284,1016964,+
Escherichia_coli_B3008,Escherichia_coli_B3008,1082966,1084024,1059,MEG_1484|Metals|Multi-metal_resistance|Multi-metal_resistance_protein|CADA,MEG_1484|Metals|Multi-metal_resistance|Multi-metal_resistance_protein|CADA,2061,1081698,1083758,+
Escherichia_coli_B3008,Escherichia_coli_B3008,1084026,1085489,1464,MEG_6558|Drugs|Multi-drug_resistance|Multi-drug_ABC_efflux_pumps|SRMB,MEG_6558|Drugs|Multi-drug_resistance|Multi-drug_ABC_efflux_pumps|SRMB,1653,1083760,1085412,+
Escherichia_coli_B3008,Escherichia_coli_B3008,1085934,1086722,789,MEG_11338|Multi-compound|Drug_and_biocide_and_metal_resistance|Drug_and_biocide_and_metal_RND_efflux_pumps|CMEB,MEG_11338|Multi-compound|Drug_and_biocide_and_metal_resistance|Drug_and_biocide_and_metal_RND_efflux_pumps|CMEB,3120,1085857,1088976,+
Escherichia_coli_B3008,Escherichia_coli_B3008,1095755,1096696,942,MEG_689|Multi-compound|Drug_and_biocide_resistance|Drug_and_biocide_RND_efflux_pumps|ADEI,MEG_689|Multi-compound|Drug_and_biocide_resistance|Drug_and_biocide_RND_efflux_pumps|ADEI,1251,1098009,1099259,+
Escherichia_coli_B3008,Escherichia_coli_B3008,1159583,1160260,678,MEG_7772|Biocides|Multi-biocide_resistance|Multi-biocide_RND_efflux_pump|VMEA,MEG_7772|Biocides|Multi-biocide_resistance|Multi-biocide_RND_efflux_pump|VMEA,1140,1162146,1163285,+
Escherichia_coli_B3008,Escherichia_coli_B3008,1164452,1164595,144,MEG_7531|Drugs|Glycopeptides|VanG-type_resistance_protein|VANTG,MEG_7531|Drugs|Glycopeptides|VanG-type_resistance_protein|VANTG,2136,1167477,1169612,+
Escherichia_coli_B3008,Escherichia_coli_B3008,1189654,1190476,823,MEG_3874|Metals|Mercury_resistance|Mercury_resistance_protein|MERP,MEG_3874|Metals|Mercury_resistance|Mercury_resistance_protein|MERP,276,1194671,1194946,+
Escherichia_coli_B3008,Escherichia_coli_B3008,1190501,1192033,1533,MEG_1195|Multi-compound|Drug_and_biocide_and_metal_resistance|Drug_and_biocide_and_metal_RND_efflux_regulator|BAES,MEG_1195|Multi-compound|Drug_and_biocide_and_metal_resistance|Drug_and_biocide_and_metal_RND_efflux_regulator|BAES,1401,1194971,1196371,+
Escherichia_coli_B3008,Escherichia_coli_B3008,1198852,1200462,1611,MEG_2983|Drugs|Fosfomycin|Fosfomycin_thiol_transferases|FOSA,MEG_2983|Drugs|Fosfomycin|Fosfomycin_thiol_transferases|FOSA,417,1203190,1203606,+
Escherichia_coli_B3008,Escherichia_coli_B3008,1214029,1215930,1902,MEG_4122|Metals|Multi-metal_resistance|Multi-metal_MFS_efflux_regulator|NCRB,MEG_4122|Metals|Multi-metal_resistance|Multi-metal_MFS_efflux_regulator|NCRB,270,1217173,1217442,+
Escherichia_coli_B3008,Escherichia_coli_B3008,1280378,1283521,3144,MEG_11313|Drugs|Fosfomycin|Fosfomycin_thiol_transferases|FOSX,MEG_11313|Drugs|Fosfomycin|Fosfomycin_thiol_transferases|FOSX,411,1281890,1282300,+
Escherichia_coli_B3008,Escherichia_coli_B3008,1283533,1284756,1224,MEG_3873|Metals|Mercury_resistance|Mercury_resistance_protein|MERP,MEG_3873|Metals|Mercury_resistance|Mercury_resistance_protein|MERP,276,1282312,1282587,+
Escherichia_coli_B3008,Escherichia_coli_B3008,1284772,1285104,333,MEG_6622|Drugs|Sulfonamides|Sulfonamide-resistant_dihydropteroate_synthases|SULII,MEG_6622|Drugs|Sulfonamides|Sulfonamide-resistant_dihydropteroate_synthases|SULII,816,1282603,1283418,+
Escherichia_coli_B3008,Escherichia_coli_B3008,1285262,1286635,1374,MEG_7446|Drugs|Glycopeptides|VanN-type_resistance_protein|VANN,MEG_7446|Drugs|Glycopeptides|VanN-type_resistance_protein|VANN,1032,1283576,1284607,+
Escherichia_coli_B3008,Escherichia_coli_B3008,1286792,1288888,2097,MEG_6598|Drugs|Sulfonamides|Sulfonamide-resistant_dihydropteroate_synthases|SULI,MEG_6598|Drugs|Sulfonamides|Sulfonamide-resistant_dihydropteroate_synthases|SULI,840,1284764,1285603,+
Escherichia_coli_B3008,Escherichia_coli_B3008,1348604,1350047,1444,MEG_5961|Drugs|Fluoroquinolones|Quinolone_resistance_protein_Qnr|QNRB,MEG_5961|Drugs|Fluoroquinolones|Quinolone_resistance_protein_Qnr|QNRB,645,1345319,1345963,+
Escherichia_coli_B3008,Escherichia_coli_B3008,1351566,1351973,408,MEG_6515|Multi-compound|Biocide_and_metal_resistance|Biocide_and_metal_ABC_efflux_pumps|SITC,MEG_6515|Multi-compound|Biocide_and_metal_resistance|Biocide_and_metal_ABC_efflux_pumps|SITC,861,1347482,1348342,+
Escherichia_coli_B3008,Escherichia_coli_B3008,1354587,1354798,212,MEG_7157|Drugs|Tetracyclines|Tetracycline_resistance_ribosomal_protection_proteins|TETO,MEG_7157|Drugs|Tetracyclines|Tetracycline_resistance_ribosomal_protection_proteins|TETO,1920,1350956,1352875,+
Escherichia_coli_B3008,Escherichia_coli_B3008,1380953,1382146,1194,MEG_3168|Metals|Multi-metal_resistance|Multi-metal_resistance_protein|GOLT,MEG_3168|Metals|Multi-metal_resistance|Multi-metal_resistance_protein|GOLT,2289,1379030,1381318,+
Escherichia_coli_B3008,Escherichia_coli_B3008,1382169,1385318,3150,MEG_7821|Metals|Multi-metal_resistance|Multi-metal_resistance_protein|YFEA,MEG_7821|Metals|Multi-metal_resistance|Multi-metal_resistance_protein|YFEA,969,1381341,1382309,+
Escherichia_coli_B3008,Escherichia_coli_B3008,1394201,1395918,1718,MEG_6962|Metals|Tellurium_resistance|Tellurium_resistance_protein|TERZ,MEG_6962|Metals|Tellurium_resistance|Tellurium_resistance_protein|TERZ,582,1391192,1391773,+
Escherichia_coli_B3008,Escherichia_coli_B3008,1481490,1482647,1158,MEG_7275|Biocides|Phenolic_compound_resistance|Phenolic_RND_efflux_pump|TRIC,MEG_7275|Biocides|Phenolic_compound_resistance|Phenolic_RND_efflux_pump|TRIC,3048,1477345,1480392,+
Escherichia_coli_B3008,Escherichia_coli_B3008,1495702,1496811,1110,MEG_10047|Drugs|Lipopeptides|Polymyxin_resistant_glycyltransferase|ALME,MEG_10047|Drugs|Lipopeptides|Polymyxin_resistant_glycyltransferase|ALME,1671,1493447,1495117,+
Escherichia_coli_B3008,Escherichia_coli_B3008,1644995,1645429,435,MEG_3600|Drugs|MLS|Lincosamide_nucleotidyltransferases|LNUA,MEG_3600|Drugs|MLS|Lincosamide_nucleotidyltransferases|LNUA,486,1643301,1643786,+
Escherichia_coli_B3008,Escherichia_coli_B3008,1645647,1647724,2078,MEG_6519|Biocides|Multi-biocide_resistance|Multi-biocide_ABC_efflux_pump|SMDA,MEG_6519|Biocides|Multi-biocide_resistance|Multi-biocide_ABC_efflux_pump|SMDA,1776,1644004,1645779,+
Escherichia_coli_B3008,Escherichia_coli_B3008,1647779,1648708,930,MEG_2678|Metals|Multi-metal_resistance|Multi-metal_resistance_protein|DSBA,MEG_2678|Metals|Multi-metal_resistance|Multi-metal_resistance_protein|DSBA,627,1645834,1646460,+
Escherichia_coli_B3008,Escherichia_coli_B3008,1648713,1649093,381,MEG_1633|Drugs|Phenicol|Chloramphenicol_acetyltransferases|CATS,MEG_1633|Drugs|Phenicol|Chloramphenicol_acetyltransferases|CATS,492,1646465,1646956,+
Escherichia_coli_B3008,Escherichia_coli_B3008,1649133,1650023,891,MEG_11505|Drugs|Metronidazole|nim_nitroimidazole_reductase|NIMF,MEG_11505|Drugs|Metronidazole|nim_nitroimidazole_reductase|NIMF,492,1646996,1647487,+
Escherichia_coli_B3008,Escherichia_coli_B3008,1650029,1651846,1818,MEG_3712|Drugs|Lipopeptides|Colistin_phosphoethanolamine_transferase|MCR,MEG_3712|Drugs|Lipopeptides|Colistin_phosphoethanolamine_transferase|MCR,1617,1647493,1649109,+
Escherichia_coli_B3008,Escherichia_coli_B3008,1653828,1656304,2477,MEG_11358|Drugs|Organoarsenicals|Arsinothricin_resistance_N-acetyltransferases|ARSN1,MEG_11358|Drugs|Organoarsenicals|Arsinothricin_resistance_N-acetyltransferases|ARSN1,543,1651091,1651633,+
Escherichia_coli_B3008,Escherichia_coli_B3008,1656933,1660075,3143,MEG_2046|Metals|Copper_resistance|Copper_resistance_protein|COPC,MEG_2046|Metals|Copper_resistance|Copper_resistance_protein|COPC,375,1652262,1652636,+
Escherichia_coli_B3008,Escherichia_coli_B3008,1660086,1661378,1293,MEG_4670|Drugs|betalactams|Class_D_betalactamases|OXA,MEG_4670|Drugs|betalactams|Class_D_betalactamases|OXA,831,1652647,1653477,+
Escherichia_coli_B3008,Escherichia_coli_B3008,1661492,1661845,354,MEG_6649|Drugs|Tetracenomycin|Tetracenomycin_MFS_efflux_pump|TCMA,MEG_6649|Drugs|Tetracenomycin|Tetracenomycin_MFS_efflux_pump|TCMA,1617,1653591,1655207,+
Escherichia_coli_B3008,Escherichia_coli_B3008,1661874,1663259,1386,MEG_4197|Metals|Nickel_resistance|Nickel_resistance_protein|NIRC,MEG_4197|Metals|Nickel_resistance|Nickel_resistance_protein|NIRC,924,1655236,1656159,+
Escherichia_coli_B3008,Escherichia_coli_B3008,1663449,1665597,2149,MEG_3025|Drugs|Fosfomycin|Fosfomycin_thiol_transferases|FOSX,MEG_3025|Drugs|Fosfomycin|Fosfomycin_thiol_transferases|FOSX,465,1656349,1656813,+
Escherichia_coli_B3008,Escherichia_coli_B3008,1665848,1666279,432,MEG_7868|Metals|Zinc_resistance|Zinc_resistance_regulator|ZUR,MEG_7868|Metals|Zinc_resistance|Zinc_resistance_regulator|ZUR,516,1657064,1657579,+
Escherichia_coli_B3008,Escherichia_coli_B3008,1701952,1702662,711,MEG_3742|Multi-compound|Drug_and_biocide_and_metal_resistance|Drug_and_biocide_and_metal_MFS_efflux_pumps|MDRL,MEG_3742|Multi-compound|Drug_and_biocide_and_metal_resistance|Drug_and_biocide_and_metal_MFS_efflux_pumps|MDRL,1194,1693252,1694445,+
Escherichia_coli_B3008,Escherichia_coli_B3008,1779088,1780638,1551,MEG_2781|Drugs|MLS|23S_rRNA_methyltransferases|ERM42,MEG_2781|Drugs|MLS|23S_rRNA_methyltransferases|ERM42,912,1770871,1771782,+
Escherichia_coli_B3008,Escherichia_coli_B3008,1832407,1833351,945,MEG_3936|Biocides|Multi-biocide_resistance|Multi-biocide_RND_efflux_pump|MEXW,MEG_3936|Biocides|Multi-biocide_resistance|Multi-biocide_RND_efflux_pump|MEXW,3057,1823551,1826607,+
Escherichia_coli_B3008,Escherichia_coli_B3008,1859219,1861573,2355,MEG_4102|Drugs|Multi-drug_resistance|Multi-drug_RND_efflux_pumps|MUXC,MEG_4102|Drugs|Multi-drug_resistance|Multi-drug_RND_efflux_pumps|MUXC,3111,1852475,1855585,+
Escherichia_coli_B3008,Escherichia_coli_B3008,1864722,1865099,378,MEG_1190|Drugs|Bacitracin|Undecaprenyl_pyrophosphate_phosphatase|BACA,MEG_1190|Drugs|Bacitracin|Undecaprenyl_pyrophosphate_phosphatase|BACA,822,1858734,1859555,+
Escherichia_coli_B3008,Escherichia_coli_B3008,1901784,1902950,1167,MEG_8066|Drugs|Trimethoprim|Dihydrofolate_reductase|DFRA,MEG_8066|Drugs|Trimethoprim|Dihydrofolate_reductase|DFRA,474,1896240,1896713,+
Escherichia_coli_B3008,Escherichia_coli_B3008,1926778,1927647,870,MEG_847|Drugs|Aminoglycosides|Aminoglycoside_O-nucleotidyltransferases|ANT3-DPRIME,MEG_847|Drugs|Aminoglycosides|Aminoglycoside_O-nucleotidyltransferases|ANT3-DPRIME,792,1920541,1921332,+
Escherichia_coli_B3008,Escherichia_coli_B3008,1996446,1997654,1209,MEG_3276|Metals|Copper_resistance|Copper_resistance_protein|HPCOPP,MEG_3276|Metals|Copper_resistance|Copper_resistance_protein|HPCOPP,201,1990131,1990331,+
Escherichia_coli_B3008,Escherichia_coli_B3008,2039099,2041795,2697,MEG_7050|Drugs|Tetracyclines|Tetracycline_resistance_MFS_efflux_pumps|TETB,MEG_7050|Drugs|Tetracyclines|Tetracycline_resistance_MFS_efflux_pumps|TETB,1263,2031776,2033038,+
Escherichia_coli_B3008,Escherichia_coli_B3008,2136984,2138117,1134,MEG_3268|Multi-compound|Drug_and_biocide_resistance|Drug_and_biocide_MATE_efflux_pumps|HMRM,MEG_3268|Multi-compound|Drug_and_biocide_resistance|Drug_and_biocide_MATE_efflux_pumps|HMRM,1395,2128227,2129621,+
Escherichia_coli_B3008,Escherichia_coli_B3008,2138736,2139202,467,MEG_1773|Drugs|Phenicol|Phenicol_resistance_MFS_efflux_pumps|CMLA,MEG_1773|Drugs|Phenicol|Phenicol_resistance_MFS_efflux_pumps|CMLA,909,2130240,2131148,+
Escherichia_coli_B3008,Escherichia_coli_B3008,2150570,2150908,339,MEG_3866|Metals|Mercury_resistance|Mercury_resistance_protein|MERE,MEG_3866|Metals|Mercury_resistance|Mercury_resistance_protein|MERE,237,2142516,2142752,+
Escherichia_coli_B3008,Escherichia_coli_B3008,2217730,2219373,1644,MEG_11311|Drugs|Fosfomycin|Fosfomycin_thiol_transferases|FOSA,MEG_11311|Drugs|Fosfomycin|Fosfomycin_thiol_transferases|FOSA,414,2209574,2209987,+
Escherichia_coli_B3008,Escherichia_coli_B3008,2248704,2253249,4546,MEG_1704|Multi-compound|Biocide_and_metal_resistance|Biocide_and_metal_resistance_protein|CHR,MEG_1704|Multi-compound|Biocide_and_metal_resistance|Biocide_and_metal_resistance_protein|CHR,561,2239318,2239878,+
Escherichia_coli_B3008,Escherichia_coli_B3008,2267800,2269449,1650,MEG_2669|Multi-compound|Biocide_and_metal_resistance|Biocide_and_metal_resistance_protein|DPSA,MEG_2669|Multi-compound|Biocide_and_metal_resistance|Biocide_and_metal_resistance_protein|DPSA,489,2254429,2254917,+
Escherichia_coli_B3008,Escherichia_coli_B3008,2274770,2275234,465,MEG_4168|Metals|Nickel_resistance|Nickel_ABC_efflux_pumps|NIKB,MEG_4168|Metals|Nickel_resistance|Nickel_ABC_efflux_pumps|NIKB,945,2260238,2261182,+
Escherichia_coli_B3008,Escherichia_coli_B3008,2275320,2275643,324,MEG_2656|Multi-compound|Biocide_and_metal_resistance|Biocide_and_metal_resistance_protein|DPR,MEG_2656|Multi-compound|Biocide_and_metal_resistance|Biocide_and_metal_resistance_protein|DPR,519,2261268,2261786,+
Escherichia_coli_B3008,Escherichia_coli_B3008,2292758,2293273,516,MEG_3914|Multi-compound|Drug_and_biocide_resistance|Drug_and_biocide_RND_efflux_pumps|MEXH,MEG_3914|Multi-compound|Drug_and_biocide_resistance|Drug_and_biocide_RND_efflux_pumps|MEXH,1113,2278901,2280013,+
Escherichia_coli_B3008,Escherichia_coli_B3008,2329147,2329971,825,MEG_7846|Metals|Zinc_resistance|Zinc_resistance_protein|ZEVB,MEG_7846|Metals|Zinc_resistance|Zinc_resistance_protein|ZEVB,969,2315887,2316855,+
Escherichia_coli_B3008,Escherichia_coli_B3008,2347480,2349602,2123,MEG_2556|Drugs|Trimethoprim|Dihydrofolate_reductase|DFRA,MEG_2556|Drugs|Trimethoprim|Dihydrofolate_reductase|DFRA,534,2334364,2334897,+
Escherichia_coli_B3008,Escherichia_coli_B3008,2349887,2350178,292,MEG_11325|Metals|Arsenic_resistance|Arsenic_resistance_protein|ARSB,MEG_11325|Metals|Arsenic_resistance|Arsenic_resistance_protein|ARSB,1059,2335182,2336240,+
Escherichia_coli_B3008,Escherichia_coli_B3008,2436061,2436906,846,MEG_5894|Drugs|Fluoroquinolones|Quinolone_resistance_protein_Qnr|QNRB,MEG_5894|Drugs|Fluoroquinolones|Quinolone_resistance_protein_Qnr|QNRB,645,2422123,2422767,+
Escherichia_coli_B3008,Escherichia_coli_B3008,2446780,2447682,903,MEG_11307|Drugs|Trimethoprim|Dihydrofolate_reductase|DFRB,MEG_11307|Drugs|Trimethoprim|Dihydrofolate_reductase|DFRB,237,2432641,2432877,+
Escherichia_coli_B3008,Escherichia_coli_B3008,2448481,2450549,2069,MEG_6595|Drugs|Sulfonamides|Sulfonamide-resistant_dihydropteroate_synthases|SULI,MEG_6595|Drugs|Sulfonamides|Sulfonamide-resistant_dihydropteroate_synthases|SULI,840,2433676,2434515,+
Escherichia_coli_B3008,Escherichia_coli_B3008,2452721,2453341,621,MEG_1483|Metals|Multi-metal_resistance|Multi-metal_resistance_protein|CADA,MEG_1483|Metals|Multi-metal_resistance|Multi-metal_resistance_protein|CADA,2061,2436687,2438747,+
Escherichia_coli_B3008,Escherichia_coli_B3008,2506834,2507460,627,MEG_6584|Drugs|Sulfonamides|Sulfonamide-resistant_dihydropteroate_synthases|SULI,MEG_6584|Drugs|Sulfonamides|Sulfonamide-resistant_dihydropteroate_synthases|SULI,840,2492240,2493079,+
Escherichia_coli_B3008,Escherichia_coli_B3008,2548015,2548965,951,MEG_10141|Drugs|Sulfonamides|Sulfonamide_resistant_ECF_transporter_comonent|THFT,MEG_10141|Drugs|Sulfonamides|Sulfonamide_resistant_ECF_transporter_comonent|THFT,558,2533634,2534191,+
Escherichia_coli_B3008,Escherichia_coli_B3008,2637309,2638349,1041,MEG_8576|Drugs|betalactams|Class_C_betalactamases|PDC,MEG_8576|Drugs|betalactams|Class_C_betalactamases|PDC,1194,2622535,2623728,+
Escherichia_coli_B3008,Escherichia_coli_B3008,2638435,2640284,1850,MEG_5420|Metals|Copper_resistance|Copper_resistance_protein|PCOC,MEG_5420|Metals|Copper_resistance|Copper_resistance_protein|PCOC,381,2623814,2624194,+
Escherichia_coli_B3008,Escherichia_coli_B3008,2640467,2641240,774,MEG_7856|Metals|Zinc_resistance|Zinc_resistance_protein|ZNUA,MEG_7856|Metals|Zinc_resistance|Zinc_resistance_protein|ZNUA,933,2624377,2625309,+
Escherichia_coli_B3008,Escherichia_coli_B3008,2653622,2654188,567,MEG_2143|Metals|Copper_resistance|Copper_resistance_protein|CTPV,MEG_2143|Metals|Copper_resistance|Copper_resistance_protein|CTPV,2313,2637691,2640003,+
Escherichia_coli_B3008,Escherichia_coli_B3008,2681419,2681832,414,MEG_3134|Multi-compound|Drug_and_biocide_and_metal_resistance|Drug_and_biocide_and_metal_RND_efflux_pumps|GESC,MEG_3134|Multi-compound|Drug_and_biocide_and_metal_resistance|Drug_and_biocide_and_metal_RND_efflux_pumps|GESC,1512,2667234,2668745,+
Escherichia_coli_B3008,Escherichia_coli_B3008,2681938,2682372,435,MEG_835|Drugs|Aminoglycosides|Aminoglycoside_O-nucleotidyltransferases|ANT3-DPRIME,MEG_835|Drugs|Aminoglycosides|Aminoglycoside_O-nucleotidyltransferases|ANT3-DPRIME,789,2668851,2669639,+
Escherichia_coli_B3008,Escherichia_coli_B3008,2691325,2692515,1191,MEG_1231|Metals|Copper_resistance|Copper_resistance_regulator|BHSA,MEG_1231|Metals|Copper_resistance|Copper_resistance_regulator|BHSA,258,2678592,2678849,+
Escherichia_coli_B3008,Escherichia_coli_B3008,2892140,2893540,1401,MEG_933|Drugs|Aminoglycosides|Aminoglycoside_O-nucleotidyltransferases|ANT3-DPRIME,MEG_933|Drugs|Aminoglycosides|Aminoglycoside_O-nucleotidyltransferases|ANT3-DPRIME,792,2878474,2879265,+
Escherichia_coli_B3008,Escherichia_coli_B3008,2893910,2894734,825,MEG_5826|Multi-compound|Drug_and_biocide_resistance|Drug_and_biocide_SMR_efflux_pumps|QACC,MEG_5826|Multi-compound|Drug_and_biocide_resistance|Drug_and_biocide_SMR_efflux_pumps|QACC,324,2879635,2879958,+
Escherichia_coli_B3008,Escherichia_coli_B3008,2895102,2895830,729,MEG_2662|Multi-compound|Biocide_and_metal_resistance|Biocide_and_metal_resistance_protein|DPR,MEG_2662|Multi-compound|Biocide_and_metal_resistance|Biocide_and_metal_resistance_protein|DPR,519,2880326,2880844,+
Escherichia_coli_B3008,Escherichia_coli_B3008,2896193,2899306,3114,MEG_6560|Biocides|Multi-biocide_resistance|Multi-biocide_RND_efflux_pump|SRPB,MEG_6560|Biocides|Multi-biocide_resistance|Multi-biocide_RND_efflux_pump|SRPB,3150,2881207,2884356,+
Escherichia_coli_B3008,Escherichia_coli_B3008,2899331,2900488,1158,MEG_1213|Drugs|Bacitracin|Bacitracin_ABC_transporter|BCRA,MEG_1213|Drugs|Bacitracin|Bacitracin_ABC_transporter|BCRA,921,2884381,2885301,+
Escherichia_coli_B3008,Escherichia_coli_B3008,2900827,2901354,528,MEG_8552|Drugs|betalactams|Class_C_betalactamases|PDC,MEG_8552|Drugs|betalactams|Class_C_betalactamases|PDC,1194,2885640,2886833,+
Escherichia_coli_B3008,Escherichia_coli_B3008,2902980,2903312,333,MEG_2654|Metals|Copper_resistance|Copper_resistance_protein|DNAK,MEG_2654|Metals|Copper_resistance|Copper_resistance_protein|DNAK,1878,2888459,2890336,+
Escherichia_coli_B3008,Escherichia_coli_B3008,2903416,2903754,339,MEG_7643|Biocides|Multi-biocide_resistance|Multi-biocide_MATE_efflux_pump|VCRM,MEG_7643|Biocides|Multi-biocide_resistance|Multi-biocide_MATE_efflux_pump|VCRM,1338,2890440,2891777,+
Escherichia_coli_B3008,Escherichia_coli_B3008,2907859,2908284,426,MEG_3648|Drugs|Multi-drug_resistance|Multi-drug_ABC_efflux_pumps|LSAE,MEG_3648|Drugs|Multi-drug_resistance|Multi-drug_ABC_efflux_pumps|LSAE,804,2895882,2896685,+
Escherichia_coli_B3008,Escherichia_coli_B3008,2908297,2909586,1290,MEG_6606|Drugs|Sulfonamides|Sulfonamide-resistant_dihydropteroate_synthases|SULI,MEG_6606|Drugs|Sulfonamides|Sulfonamide-resistant_dihydropteroate_synthases|SULI,867,2896698,2897564,+
Escherichia_coli_B3008,Escherichia_coli_B3008,2909640,2909993,354,MEG_9723|Drugs|betalactams|Class_D_betalactamases|OXA,MEG_9723|Drugs|betalactams|Class_D_betalactamases|OXA,870,2897618,2898487,+
Escherichia_coli_B3008,Escherichia_coli_B3008,2919382,2920881,1500,MEG_7129|Drugs|Tetracyclines|Tetracycline_resistance_ribosomal_protection_proteins|TETM,MEG_7129|Drugs|Tetracyclines|Tetracycline_resistance_ribosomal_protection_proteins|TETM,1920,2907876,2909795,+
Escherichia_coli_B3008,Escherichia_coli_B3008,2939505,2939936,432,MEG_3687|Drugs|Lipopeptides|Colistin_phosphoethanolamine_transferase|MCR,MEG_3687|Drugs|Lipopeptides|Colistin_phosphoethanolamine_transferase|MCR,1623,2928419,2930041,+
Escherichia_coli_B3008,Escherichia_coli_B3008,2939942,2944857,4916,MEG_2670|Drugs|Multi-drug_resistance|Multi-drug_ABC_efflux_pumps|DRRA,MEG_2670|Drugs|Multi-drug_resistance|Multi-drug_ABC_efflux_pumps|DRRA,882,2930047,2930928,+
Escherichia_coli_B3008,Escherichia_coli_B3008,2949875,2952073,2199,MEG_7105|Drugs|Tetracyclines|Tetracycline_resistance_ribosomal_protection_proteins|TETM,MEG_7105|Drugs|Tetracyclines|Tetracycline_resistance_ribosomal_protection_proteins|TETM,1920,2935946,2937865,+
Escherichia_coli_B3008,Escherichia_coli_B3008,3073242,3073874,633,MEG_7592|Drugs|Glycopeptides|VanA-type_accessory_protein|VANYA,MEG_7592|Drugs|Glycopeptides|VanA-type_accessory_protein|VANYA,894,3059034,3059927,+
Escherichia_coli_B3008,Escherichia_coli_B3008,3120864,3121289,426,MEG_2996|Drugs|Fosfomycin|Fosfomycin_thiol_transferases|FOSA,MEG_2996|Drugs|Fosfomycin|Fosfomycin_thiol_transferases|FOSA,408,3106917,3107324,+
Escherichia_coli_B3008,Escherichia_coli_B3008,3141864,3144968,3105,MEG_2070|Metals|Copper_resistance|Copper_resistance_regulator|COPR,MEG_2070|Metals|Copper_resistance|Copper_resistance_regulator|COPR,492,3127899,3128390,+
Escherichia_coli_B3008,Escherichia_coli_B3008,3144980,3146137,1158,MEG_5396|Drugs|Aminocoumarins|Aminocoumarin-resistant_DNA_topoisomerases|PARY,MEG_5396|Drugs|Aminocoumarins|Aminocoumarin-resistant_DNA_topoisomerases|PARY,2112,3128402,3130513,+
Escherichia_coli_B3008,Escherichia_coli_B3008,3146536,3147198,663,MEG_8700|Multi-compound|Biocide_and_metal_resistance|Biocide_and_metal_ABC_efflux_pumps|SITABCD,MEG_8700|Multi-compound|Biocide_and_metal_resistance|Biocide_and_metal_ABC_efflux_pumps|SITABCD,3459,3130912,3134370,+
Escherichia_coli_B3008,Escherichia_coli_B3008,3174955,3175269,315,MEG_6089|Drugs|Rifampin|Rifampin_phosphotransferase|RPH,MEG_6089|Drugs|Rifampin|Rifampin_phosphotransferase|RPH,2655,3162127,3164781,+
Escherichia_coli_B3008,Escherichia_coli_B3008,3344477,3345241,765,MEG_7684|Drugs|Multi-drug_resistance|Multi-drug_ABC_efflux_pumps|VGA,MEG_7684|Drugs|Multi-drug_resistance|Multi-drug_ABC_efflux_pumps|VGA,1569,3333989,3335557,+
Escherichia_coli_B3008,Escherichia_coli_B3008,3356836,3357657,822,MEG_6603|Drugs|Sulfonamides|Sulfonamide-resistant_dihydropteroate_synthases|SULI,MEG_6603|Drugs|Sulfonamides|Sulfonamide-resistant_dihydropteroate_synthases|SULI,840,3347152,3347991,+
Escherichia_coli_B3008,Escherichia_coli_B3008,3376306,3377103,798,MEG_6010|Drugs|Fluoroquinolones|Quinolone_resistance_protein_Qnr|QNRC,MEG_6010|Drugs|Fluoroquinolones|Quinolone_resistance_protein_Qnr|QNRC,657,3366640,3367296,+
Escherichia_coli_B3008,Escherichia_coli_B3008,3381379,3381520,142,MEG_7858|Metals|Zinc_resistance|Zinc_resistance_protein|ZNUB,MEG_7858|Metals|Zinc_resistance|Zinc_resistance_protein|ZNUB,786,3371572,3372357,+
Escherichia_coli_B3008,Escherichia_coli_B3008,3389950,3390342,393,MEG_2816|Drugs|MLS|23S_rRNA_methyltransferases|ERMC,MEG_2816|Drugs|MLS|23S_rRNA_methyltransferases|ERMC,735,3380787,3381521,+
Escherichia_coli_B3008,Escherichia_coli_B3008,3423256,3424748,1493,MEG_5891|Drugs|Fluoroquinolones|Quinolone_resistance_protein_Qnr|QNRB,MEG_5891|Drugs|Fluoroquinolones|Quinolone_resistance_protein_Qnr|QNRB,645,3414435,3415079,+
Escherichia_coli_B3008,Escherichia_coli_B3008,3457169,3458893,1725,MEG_5814|Metals|Arsenic_resistance|Arsenic_resistance_protein|PSTB,MEG_5814|Metals|Arsenic_resistance|Arsenic_resistance_protein|PSTB,774,3447500,3448273,+
Escherichia_coli_B3008,Escherichia_coli_B3008,3538980,3539690,711,MEG_10013|Multi-compound|Drug_and_biocide_and_metal_resistance|Drug_and_biocide_and_metal_RND_efflux_regulator|BAES,MEG_10013|Multi-compound|Drug_and_biocide_and_metal_resistance|Drug_and_biocide_and_metal_RND_efflux_regulator|BAES,1404,3528360,3529763,+
Escherichia_coli_B3008,Escherichia_coli_B3008,3720578,3721606,1029,MEG_4200|Metals|Nickel_resistance|Nickel_resistance_protein|NIXA,MEG_4200|Metals|Nickel_resistance|Nickel_resistance_protein|NIXA,927,3710651,3711577,+
Escherichia_coli_B3008,Escherichia_coli_B3008,3774190,3775728,1539,MEG_1156|Metals|Arsenic_resistance|Arsenic_resistance_protein|ARSC,MEG_1156|Metals|Arsenic_resistance|Arsenic_resistance_protein|ARSC,396,3764161,3764556,+
Escherichia_coli_B3008,Escherichia_coli_B3008,3775745,3776917,1173,MEG_7802|Drugs|Multi-drug_resistance|Multi-drug_ABC_efflux_pumps|VMLR,MEG_7802|Drugs|Multi-drug_resistance|Multi-drug_ABC_efflux_pumps|VMLR,1644,3764573,3766216,+
Escherichia_coli_B3008,Escherichia_coli_B3008,3777044,3777574,531,MEG_7228|Drugs|Tetracyclines|Tetracycline_resistance_ribosomal_protection_proteins|TETW,MEG_7228|Drugs|Tetracyclines|Tetracycline_resistance_ribosomal_protection_proteins|TETW,1920,3766343,3768262,+
Escherichia_coli_B3008,Escherichia_coli_B3008,3827235,3827918,684,MEG_4056|Drugs|Cationic_antimicrobial_peptides|Defensin-resistant_mprF|MPRF,MEG_4056|Drugs|Cationic_antimicrobial_peptides|Defensin-resistant_mprF|MPRF,1710,3817923,3819632,+
Escherichia_coli_B3008,Escherichia_coli_B3008,3965156,3965632,477,MEG_7344|Drugs|Glycopeptides|VanA-type_resistance_protein|VANA,MEG_7344|Drugs|Glycopeptides|VanA-type_resistance_protein|VANA,2670,3956870,3959539,+
Escherichia_coli_B3008,Escherichia_coli_B3008,3986310,3989423,3114,MEG_3746|Multi-compound|Drug_and_biocide_and_metal_resistance|Drug_and_biocide_and_metal_RND_efflux_pumps|MDTA,MEG_3746|Multi-compound|Drug_and_biocide_and_metal_resistance|Drug_and_biocide_and_metal_RND_efflux_pumps|MDTA,1248,3980217,3981464,+
Escherichia_coli_B3008,Escherichia_coli_B3008,4031212,4032516,1305,MEG_7817|Biocides|Paraquat_resistance|Paraquat_efflux_pump|YDDG,MEG_7817|Biocides|Paraquat_resistance|Paraquat_efflux_pump|YDDG,882,4023253,4024134,+
Escherichia_coli_B3008,Escherichia_coli_B3008,4062656,4063894,1239,MEG_6587|Drugs|Sulfonamides|Sulfonamide-resistant_dihydropteroate_synthases|SULI,MEG_6587|Drugs|Sulfonamides|Sulfonamide-resistant_dihydropteroate_synthases|SULI,840,4054274,4055113,+
Escherichia_coli_B3008,Escherichia_coli_B3008,4087393,4090986,3594,MEG_1714|Metals|Chromium_resistance|Chromium_resistance_protein|CHRE,MEG_1714|Metals|Chromium_resistance|Chromium_resistance_protein|CHRE,342,4078612,4078953,+
Escherichia_coli_B3008,Escherichia_coli_B3008,4090991,4091605,615,MEG_6588|Drugs|Sulfonamides|Sulfonamide-resistant_dihydropteroate_synthases|SULI,MEG_6588|Drugs|Sulfonamides|Sulfonamide-resistant_dihydropteroate_synthases|SULI,840,4078958,4079797,+
Escherichia_coli_B3008,Escherichia_coli_B3008,4092021,4094722,2702,MEG_2038|Metals|Copper_resistance|Copper_resistance_protein|COPB,MEG_2038|Metals|Copper_resistance|Copper_resistance_protein|COPB,981,4080213,4081193,+
Escherichia_coli_B3008,Escherichia_coli_B3008,4192758,4193726,969,MEG_7608|Drugs|Glycopeptides|VanF-type_accessory_protein|VANYF,MEG_7608|Drugs|Glycopeptides|VanF-type_accessory_protein|VANYF,882,4179229,4180110,+
Escherichia_coli_B3008,Escherichia_coli_B3008,4248330,4248573,244,MEG_3885|Metals|Mercury_resistance|Mercury_resistance_regulator|MERR1,MEG_3885|Metals|Mercury_resistance|Mercury_resistance_regulator|MERR1,399,4234714,4235112,+
Escherichia_coli_B3008,Escherichia_coli_B3008,4248882,4249117,236,MEG_4221|Metals|Nickel_resistance|Nickel_resistance_regulator|NRSS,MEG_4221|Metals|Nickel_resistance|Nickel_resistance_regulator|NRSS,1365,4235421,4236785,+
Escherichia_coli_B3008,Escherichia_coli_B3008,4252209,4253852,1644,MEG_1741|Multi-compound|Drug_and_biocide_and_metal_resistance|Drug_and_biocide_and_metal_RND_efflux_pumps|CMEC,MEG_1741|Multi-compound|Drug_and_biocide_and_metal_resistance|Drug_and_biocide_and_metal_RND_efflux_pumps|CMEC,1479,4239877,4241355,+
Escherichia_coli_B3008,Escherichia_coli_B3008,4279690,4280880,1191,MEG_11436|Biocides|Peroxide_resistance|Peroxide_resistance_stress_protein|KATP,MEG_11436|Biocides|Peroxide_resistance|Peroxide_resistance_stress_protein|KATP,2211,4267193,4269403,+
Escherichia_coli_B3008,Escherichia_coli_B3008,4371975,4372313,339,MEG_3673|Drugs|Lipopeptides|Colistin_phosphoethanolamine_transferase|MCR,MEG_3673|Drugs|Lipopeptides|Colistin_phosphoethanolamine_transferase|MCR,1626,4360498,4362123,+
Escherichia_coli_B3008,Escherichia_coli_B3008,4372532,4373356,825,MEG_1739|Multi-compound|Drug_and_biocide_and_metal_resistance|Drug_and_biocide_and_metal_RND_efflux_pumps|CMEB,MEG_1739|Multi-compound|Drug_and_biocide_and_metal_resistance|Drug_and_biocide_and_metal_RND_efflux_pumps|CMEB,3123,4362342,4365464,+
Escherichia_coli_B3008,Escherichia_coli_B3008,4373477,4373749,273,MEG_3066|Drugs|Fusidic_acid|Ribosomal_zinc-binding_protein|FUSB,MEG_3066|Drugs|Fusidic_acid|Ribosomal_zinc-binding_protein|FUSB,642,4365585,4366226,+
Escherichia_coli_B3008,Escherichia_coli_B3008,4392383,4394505,2123,MEG_3667|Drugs|Lipopeptides|Colistin_phosphoethanolamine_transferase|MCR,MEG_3667|Drugs|Lipopeptides|Colistin_phosphoethanolamine_transferase|MCR,1626,4384860,4386485,+
Escherichia_coli_B3008,Escherichia_coli_B3008,4395918,4403365,7448,MEG_11252|Metals|Arsenic_resistance|Arsenic_resistance_regulator|ARSR,MEG_11252|Metals|Arsenic_resistance|Arsenic_resistance_regulator|ARSR,321,4387898,4388218,+
Escherichia_coli_B3008,Escherichia_coli_B3008,4415880,4417732,1853,MEG_3658|Drugs|Multi-drug_resistance|Multi-drug_ABC_efflux_pumps|MACB,MEG_3658|Drugs|Multi-drug_resistance|Multi-drug_ABC_efflux_pumps|MACB,1935,4400733,4402667,+
Escherichia_coli_B3008,Escherichia_coli_B3008,4460035,4461201,1167,MEG_7440|Drugs|Glycopeptides|VanI-type_resistance_protein|VANI,MEG_7440|Drugs|Glycopeptides|VanI-type_resistance_protein|VANI,1041,4444970,4446010,+
Escherichia_coli_B3008,Escherichia_coli_B3008,4512960,4514365,1406,MEG_2488|Drugs|Trimethoprim|Dihydrofolate_reductase|DFRA,MEG_2488|Drugs|Trimethoprim|Dihydrofolate_reductase|DFRA,498,4497769,4498266,+
Escherichia_coli_B3008,Escherichia_coli_B3008,4539420,4540070,651,MEG_4129|Metals|Multi-metal_resistance|Multi-metal_resistance_protein|NCZA,MEG_4129|Metals|Multi-metal_resistance|Multi-metal_resistance_protein|NCZA,3174,4523321,4526494,+
Escherichia_coli_B3008,Escherichia_coli_B3008,4546739,4546852,114,MEG_3010|Drugs|Fosfomycin|Fosfomycin_thiol_transferases|FOSB,MEG_3010|Drugs|Fosfomycin|Fosfomycin_thiol_transferases|FOSB,417,4533163,4533579,+
Escherichia_coli_B3008,Escherichia_coli_B3008,4556181,4556408,228,MEG_2880|Drugs|Elfamycins|Elfamycin_efflux_pumps|FACT,MEG_2880|Drugs|Elfamycins|Elfamycin_efflux_pumps|FACT,1680,4542908,4544587,+
Escherichia_coli_B3008,Escherichia_coli_B3008,4620924,4621670,747,MEG_7839|Multi-compound|Drug_and_biocide_and_metal_resistance|Drug_and_biocide_and_metal_SMR_efflux_pump|YKKC,MEG_7839|Multi-compound|Drug_and_biocide_and_metal_resistance|Drug_and_biocide_and_metal_SMR_efflux_pump|YKKC,318,4609103,4609420,+
Escherichia_coli_B3008,Escherichia_coli_B3008,4636500,4637528,1029,MEG_11454|Drugs|Lipopeptides|Colistin_phosphoethanolamine_transferase|MCR,MEG_11454|Drugs|Lipopeptides|Colistin_phosphoethanolamine_transferase|MCR,1626,4624250,4625875,+
Escherichia_coli_B3008,Escherichia_coli_B3008,4637607,4638539,933,MEG_8061|Drugs|Trimethoprim|Dihydrofolate_reductase|DFRA,MEG_8061|Drugs|Trimethoprim|Dihydrofolate_reductase|DFRA,534,4625954,4626487,+
Escherichia_coli_B3008,Escherichia_coli_B3008,4673934,4674500,567,MEG_405|Multi-compound|Drug_and_biocide_and_metal_resistance|Drug_and_biocide_and_metal_RND_efflux_pumps|ACRD,MEG_405|Multi-compound|Drug_and_biocide_and_metal_resistance|Drug_and_biocide_and_metal_RND_efflux_pumps|ACRD,3117,4661882,4664998,+
Escherichia_coli_B766,E.coli.B766.final.genome,47522,48655,1134,MEG_11333|Metals|Multi-metal_resistance|Multi-metal_resistance_protein|CADA,MEG_11333|Metals|Multi-metal_resistance|Multi-metal_resistance_protein|CADA,2118,47522,49639,+
Escherichia_coli_B766,E.coli.B766.final.genome,49274,49740,467,MEG_1727|Drugs|Multi-drug_resistance|MDR_23S_ribosomal_RNA_methyltransferase|CLBB,MEG_1727|Drugs|Multi-drug_resistance|MDR_23S_ribosomal_RNA_methyltransferase|CLBB,1032,50258,51289,+
Escherichia_coli_B766,E.coli.B766.final.genome,60952,61290,339,MEG_3295|Drugs|Mupirocin|Mupirocin-resistant_isoleucyl-tRNA_synthetase|ILES,MEG_3295|Drugs|Mupirocin|Mupirocin-resistant_isoleucyl-tRNA_synthetase|ILES,3324,62501,65824,+
Escherichia_coli_B766,E.coli.B766.final.genome,90720,92363,1644,MEG_7227|Drugs|Tetracyclines|Tetracycline_resistance_ribosomal_protection_proteins|TETW,MEG_7227|Drugs|Tetracyclines|Tetracycline_resistance_ribosomal_protection_proteins|TETW,1920,95254,97173,+
Escherichia_coli_B766,E.coli.B766.final.genome,115019,119564,4546,MEG_10150|Drugs|Glycopeptides|Vancomycin-resistant_mutation|VRAF,MEG_10150|Drugs|Glycopeptides|Vancomycin-resistant_mutation|VRAF,762,119829,120590,+
Escherichia_coli_B766,E.coli.B766.final.genome,133595,135244,1650,MEG_1589|Drugs|Phenicol|Chloramphenicol_acetyltransferases|CATA,MEG_1589|Drugs|Phenicol|Chloramphenicol_acetyltransferases|CATA,642,134621,135262,+
Escherichia_coli_B766,E.coli.B766.final.genome,140563,141027,465,MEG_6960|Metals|Tellurium_resistance|Tellurium_resistance_protein|TERW,MEG_6960|Metals|Tellurium_resistance|Tellurium_resistance_protein|TERW,468,140581,141048,+
Escherichia_coli_B766,E.coli.B766.final.genome,141113,141436,324,MEG_3133|Multi-compound|Drug_and_biocide_and_metal_resistance|Drug_and_biocide_and_metal_RND_efflux_pumps|GESB,MEG_3133|Multi-compound|Drug_and_biocide_and_metal_resistance|Drug_and_biocide_and_metal_RND_efflux_pumps|GESB,3168,141134,144301,+
Escherichia_coli_B766,E.coli.B766.final.genome,158530,159045,516,MEG_7103|Drugs|Tetracyclines|Tetracycline_resistance_ribosomal_protection_proteins|TETM,MEG_7103|Drugs|Tetracyclines|Tetracycline_resistance_ribosomal_protection_proteins|TETM,1920,161395,163314,+
Escherichia_coli_B766,E.coli.B766.final.genome,197937,198761,825,MEG_8240|Drugs|Lipopeptides|Colistin_phosphoethanolamine_transferase|MCR,MEG_8240|Drugs|Lipopeptides|Colistin_phosphoethanolamine_transferase|MCR,1620,202206,203825,+
Escherichia_coli_B766,E.coli.B766.final.genome,215908,218030,2123,MEG_134|Drugs|Aminoglycosides|Aminoglycoside_N-acetyltransferases|AAC6-PRIME,MEG_134|Drugs|Aminoglycosides|Aminoglycoside_N-acetyltransferases|AAC6-PRIME,474,220972,221445,+
Escherichia_coli_B766,E.coli.B766.final.genome,218315,218606,292,MEG_2017|Metals|Copper_resistance|Copper_resistance_regulator|COMR,MEG_2017|Metals|Copper_resistance|Copper_resistance_regulator|COMR,633,221730,222362,+
Escherichia_coli_B766,E.coli.B766.final.genome,314203,315048,846,MEG_6578|Biocides|Multi-biocide_resistance|Multi-biocide_SMR_efflux_pump|SUGE,MEG_6578|Biocides|Multi-biocide_resistance|Multi-biocide_SMR_efflux_pump|SUGE,318,317959,318276,+
Escherichia_coli_B766,E.coli.B766.final.genome,324923,325825,903,MEG_3291|Biocides|Acetate_resistance|Acetate_resistance_protein|ICLR,MEG_3291|Biocides|Acetate_resistance|Acetate_resistance_protein|ICLR,864,328151,329014,+
Escherichia_coli_B766,E.coli.B766.final.genome,359306,361374,2069,MEG_4295|Drugs|Multi-drug_resistance|Multi-drug_RND_efflux_pumps|OPRA,MEG_4295|Drugs|Multi-drug_resistance|Multi-drug_RND_efflux_pumps|OPRA,1404,362495,363898,+
Escherichia_coli_B766,E.coli.B766.final.genome,363879,364166,288,MEG_2839|Drugs|MLS|23S_rRNA_methyltransferases|ERMO,MEG_2839|Drugs|MLS|23S_rRNA_methyltransferases|ERMO,780,366403,367182,+
Escherichia_coli_B766,E.coli.B766.final.genome,422259,422884,626,MEG_1579|Drugs|Phenicol|Chloramphenicol_acetyltransferases|CATA,MEG_1579|Drugs|Phenicol|Chloramphenicol_acetyltransferases|CATA,648,425275,425922,+
Escherichia_coli_B766,E.coli.B766.final.genome,463499,463635,137,MEG_3278|Metals|Copper_resistance|Copper_resistance_protein|HPCOPP,MEG_3278|Metals|Copper_resistance|Copper_resistance_protein|HPCOPP,201,466537,466737,+
Escherichia_coli_B766,E.coli.B766.final.genome,465210,466160,951,MEG_7174|Drugs|Tetracyclines|Tetracycline_resistance_ribosomal_protection_proteins|TETO,MEG_7174|Drugs|Tetracyclines|Tetracycline_resistance_ribosomal_protection_proteins|TETO,1889,468312,470200,+
Escherichia_coli_B766,E.coli.B766.final.genome,556729,557769,1041,MEG_1771|Drugs|Phenicol|Phenicol_resistance_MFS_efflux_pumps|CMLA,MEG_1771|Drugs|Phenicol|Phenicol_resistance_MFS_efflux_pumps|CMLA,1445,560769,562213,+
Escherichia_coli_B766,E.coli.B766.final.genome,557856,559703,1848,MEG_2690|Metals|Multi-metal_resistance|Multi-metal_resistance_protein|DSBB,MEG_2690|Metals|Multi-metal_resistance|Multi-metal_resistance_protein|DSBB,531,562300,562830,+
Escherichia_coli_B766,E.coli.B766.final.genome,559796,560569,774,MEG_1710|Metals|Chromium_resistance|Chromium_resistance_protein|CHRB1,MEG_1710|Metals|Chromium_resistance|Chromium_resistance_protein|CHRB1,975,562923,563897,+
Escherichia_coli_B766,E.coli.B766.final.genome,572951,573517,567,MEG_2037|Metals|Copper_resistance|Copper_resistance_protein|COPB,MEG_2037|Metals|Copper_resistance|Copper_resistance_protein|COPB,888,576279,577166,+
Escherichia_coli_B766,E.coli.B766.final.genome,600747,601160,414,MEG_2562|Drugs|Trimethoprim|Dihydrofolate_reductase|DFRB,MEG_2562|Drugs|Trimethoprim|Dihydrofolate_reductase|DFRB,237,604396,604632,+
Escherichia_coli_B766,E.coli.B766.final.genome,601266,601700,435,MEG_369|Drugs|Fosfomycin|Fosfomycin_MFS_efflux_pump|ABAF,MEG_369|Drugs|Fosfomycin|Fosfomycin_MFS_efflux_pump|ABAF,1290,604738,606027,+
Escherichia_coli_B766,E.coli.B766.final.genome,613066,614256,1191,MEG_7180|Drugs|Tetracyclines|Tetracycline_resistance_ribosomal_protection_proteins|TETQ,MEG_7180|Drugs|Tetracyclines|Tetracycline_resistance_ribosomal_protection_proteins|TETQ,1926,617393,619318,+
Escherichia_coli_B766,E.coli.B766.final.genome,834145,835545,1401,MEG_3754|Multi-compound|Drug_and_biocide_resistance|Drug_and_biocide_MFS_efflux_pumps|MDTG,MEG_3754|Multi-compound|Drug_and_biocide_resistance|Drug_and_biocide_MFS_efflux_pumps|MDTG,1227,839207,840433,+
Escherichia_coli_B766,E.coli.B766.final.genome,835915,836739,825,MEG_6513|Multi-compound|Biocide_and_metal_resistance|Biocide_and_metal_ABC_efflux_pumps|SITA,MEG_6513|Multi-compound|Biocide_and_metal_resistance|Biocide_and_metal_ABC_efflux_pumps|SITA,918,840803,841720,+
Escherichia_coli_B766,E.coli.B766.final.genome,837107,837835,729,MEG_3074|Drugs|Fusidic_acid|Fusidic_acid_esterases|FUSH,MEG_3074|Drugs|Fusidic_acid|Fusidic_acid_esterases|FUSH,1530,842088,843617,+
Escherichia_coli_B766,E.coli.B766.final.genome,838198,841311,3114,MEG_1159|Metals|Arsenic_resistance|Arsenic_resistance_protein|ARSC,MEG_1159|Metals|Arsenic_resistance|Arsenic_resistance_protein|ARSC,420,843980,844399,+
Escherichia_coli_B766,E.coli.B766.final.genome,841336,842493,1158,MEG_2049|Metals|Copper_resistance|Copper_resistance_protein|COPC,MEG_2049|Metals|Copper_resistance|Copper_resistance_protein|COPC,384,844424,844807,+
Escherichia_coli_B766,E.coli.B766.final.genome,842832,843359,528,MEG_3887|Metals|Mercury_resistance|Mercury_resistance_regulator|MERR2,MEG_3887|Metals|Mercury_resistance|Mercury_resistance_regulator|MERR2,435,845146,845580,+
Escherichia_coli_B766,E.coli.B766.final.genome,844985,845317,333,MEG_7682|Drugs|Multi-drug_resistance|Multi-drug_ABC_efflux_pumps|VGA,MEG_7682|Drugs|Multi-drug_resistance|Multi-drug_ABC_efflux_pumps|VGA,1569,847206,848774,+
Escherichia_coli_B766,E.coli.B766.final.genome,845421,845759,339,MEG_4175|Metals|Nickel_resistance|Nickel_ABC_efflux_regulator|NIKR,MEG_4175|Metals|Nickel_resistance|Nickel_ABC_efflux_regulator|NIKR,121,848878,848998,+
Escherichia_coli_B766,E.coli.B766.final.genome,851367,851787,421,MEG_4051|Drugs|MLS|Macrolide_phosphotransferases|MPHN,MEG_4051|Drugs|MLS|Macrolide_phosphotransferases|MPHN,909,854606,855514,+
Escherichia_coli_B766,E.coli.B766.final.genome,851800,853089,1290,MEG_7220|Drugs|Tetracyclines|Tetracycline_resistance_ribosomal_protection_proteins|TETW,MEG_7220|Drugs|Tetracyclines|Tetracycline_resistance_ribosomal_protection_proteins|TETW,1920,855527,857446,+
Escherichia_coli_B766,E.coli.B766.final.genome,853143,853496,354,MEG_7027|Drugs|Tetracyclines|Tetracycline_resistance_MFS_efflux_pumps|TETA,MEG_7027|Drugs|Tetracyclines|Tetracycline_resistance_MFS_efflux_pumps|TETA,1263,857500,858762,+
Escherichia_coli_B766,E.coli.B766.final.genome,862711,864210,1500,MEG_5880|Drugs|Fluoroquinolones|Quinolone_resistance_protein_Qnr|QNRB,MEG_5880|Drugs|Fluoroquinolones|Quinolone_resistance_protein_Qnr|QNRB,645,867977,868621,+
Escherichia_coli_B766,E.coli.B766.final.genome,876968,877369,402,MEG_4307|Drugs|Multi-drug_resistance|Multi-drug_ABC_efflux_pumps|OPTRA,MEG_4307|Drugs|Multi-drug_resistance|Multi-drug_ABC_efflux_pumps|OPTRA,1968,881379,883346,+
Escherichia_coli_B766,E.coli.B766.final.genome,877375,882290,4916,MEG_1196|Drugs|Bacitracin|Undecaprenyl_pyrophosphate_phosphatase|BAHA,MEG_1196|Drugs|Bacitracin|Undecaprenyl_pyrophosphate_phosphatase|BAHA,2259,883352,885610,+
Escherichia_coli_B766,E.coli.B766.final.genome,887308,889506,2199,MEG_4297|Biocides|Multi-biocide_resistance|Multi-biocide_RND_efflux_pump|OPRJ,MEG_4297|Biocides|Multi-biocide_resistance|Multi-biocide_RND_efflux_pump|OPRJ,1440,890628,892067,+
Escherichia_coli_B766,E.coli.B766.final.genome,1012888,1013520,633,MEG_11326|Metals|Arsenic_resistance|Arsenic_resistance_protein|ARSB,MEG_11326|Metals|Arsenic_resistance|Arsenic_resistance_protein|ARSB,1056,1015449,1016504,+
Escherichia_coli_B766,E.coli.B766.final.genome,1045404,1045829,426,MEG_2047|Metals|Copper_resistance|Copper_resistance_protein|COPC,MEG_2047|Metals|Copper_resistance|Copper_resistance_protein|COPC,384,1048388,1048771,+
Escherichia_coli_B766,E.coli.B766.final.genome,1066401,1069505,3105,MEG_8037|Drugs|Aminoglycosides|Aminoglycoside_efflux_pumps|CRCB,MEG_8037|Drugs|Aminoglycosides|Aminoglycoside_efflux_pumps|CRCB,414,1069343,1069756,+
Escherichia_coli_B766,E.coli.B766.final.genome,1069517,1070674,1158,MEG_2657|Multi-compound|Biocide_and_metal_resistance|Biocide_and_metal_resistance_protein|DPR,MEG_2657|Multi-compound|Biocide_and_metal_resistance|Biocide_and_metal_resistance_protein|DPR,519,1069768,1070286,+
Escherichia_coli_B766,E.coli.B766.final.genome,1071073,1071735,663,MEG_6609|Drugs|Sulfonamides|Sulfonamide-resistant_dihydropteroate_synthases|SULI,MEG_6609|Drugs|Sulfonamides|Sulfonamide-resistant_dihydropteroate_synthases|SULI,840,1070685,1071524,+
Escherichia_coli_B766,E.coli.B766.final.genome,1098737,1099051,315,MEG_6054|Drugs|Rifampin|Rifampin_glycosyltransferase|RGT,MEG_6054|Drugs|Rifampin|Rifampin_glycosyltransferase|RGT,1236,1098526,1099761,+
Escherichia_coli_B766,E.coli.B766.final.genome,1268296,1269060,765,MEG_1709|Multi-compound|Biocide_and_metal_resistance|Biocide_and_metal_resistance_regulator|CHRB,MEG_1709|Multi-compound|Biocide_and_metal_resistance|Biocide_and_metal_resistance_regulator|CHRB,939,1269006,1269944,+
Escherichia_coli_B766,E.coli.B766.final.genome,1280655,1281474,820,MEG_8271|Drugs|Metronidazole|nim_nitroimidazole_reductase|NIMG,MEG_8271|Drugs|Metronidazole|nim_nitroimidazole_reductase|NIMG,495,1281539,1282033,+
Escherichia_coli_B766,E.coli.B766.final.genome,1300107,1300904,798,MEG_1198|Drugs|Cationic_antimicrobial_peptides|Polymyxin_B_resistance_regulator|BASRS,MEG_1198|Drugs|Cationic_antimicrobial_peptides|Polymyxin_B_resistance_regulator|BASRS,1434,1300666,1302099,+
Escherichia_coli_B766,E.coli.B766.final.genome,1305180,1305321,142,MEG_8808|Drugs|Lipopeptides|Colistin_phosphoethanolamine_transferase|MCR,MEG_8808|Drugs|Lipopeptides|Colistin_phosphoethanolamine_transferase|MCR,1617,1306375,1307991,+
Escherichia_coli_B766,E.coli.B766.final.genome,1313754,1314146,393,MEG_1582|Drugs|Phenicol|Chloramphenicol_acetyltransferases|CATA,MEG_1582|Drugs|Phenicol|Chloramphenicol_acetyltransferases|CATA,660,1316424,1317083,+
Escherichia_coli_B766,E.coli.B766.final.genome,1344830,1346322,1493,MEG_8088|Drugs|Fosfomycin|Fosfomycin_thiol_transferases|FOSA,MEG_8088|Drugs|Fosfomycin|Fosfomycin_thiol_transferases|FOSA,423,1347767,1348189,+
Escherichia_coli_B766,E.coli.B766.final.genome,1461811,1462521,711,MEG_3657|Drugs|Multi-drug_resistance|Multi-drug_ABC_efflux_pumps|MACA,MEG_3657|Drugs|Multi-drug_resistance|Multi-drug_ABC_efflux_pumps|MACA,1179,1463678,1464856,+
Escherichia_coli_B766,E.coli.B766.final.genome,1687547,1688575,1029,MEG_7793|Biocides|Multi-biocide_resistance|Multi-biocide_RND_efflux_pump|VMEJ,MEG_7793|Biocides|Multi-biocide_resistance|Multi-biocide_RND_efflux_pump|VMEJ,1116,1689882,1690997,+
Escherichia_coli_B766,E.coli.B766.final.genome,1754313,1755851,1539,MEG_7578|Drugs|Glycopeptides|VanC-type_resistance_protein|VANXYC,MEG_7578|Drugs|Glycopeptides|VanC-type_resistance_protein|VANXYC,573,1756735,1757307,+
Escherichia_coli_B766,E.coli.B766.final.genome,1755868,1757040,1173,MEG_3026|Drugs|Fosfomycin|Fosfomycin_thiol_transferases|FOSX,MEG_3026|Drugs|Fosfomycin|Fosfomycin_thiol_transferases|FOSX,402,1757324,1757725,+
Escherichia_coli_B766,E.coli.B766.final.genome,1757167,1757697,531,MEG_706|Multi-compound|Drug_and_biocide_resistance|Drug_and_biocide_RND_efflux_pumps|ADET2,MEG_706|Multi-compound|Drug_and_biocide_resistance|Drug_and_biocide_RND_efflux_pumps|ADET2,717,1757852,1758568,+
Escherichia_coli_B766,E.coli.B766.final.genome,1801410,1802093,684,MEG_7294|Biocides|Multi-biocide_resistance|Multi-biocide_RND_efflux_pump|TTGF,MEG_7294|Biocides|Multi-biocide_resistance|Multi-biocide_RND_efflux_pump|TTGF,1239,1802281,1803519,+
Escherichia_coli_B766,E.coli.B766.final.genome,1938806,1939282,477,MEG_2443|Metals|Copper_resistance|Copper_resistance_regulator|CUER,MEG_2443|Metals|Copper_resistance|Copper_resistance_regulator|CUER,408,1940232,1940639,+
Escherichia_coli_B766,E.coli.B766.final.genome,1960739,1963852,3114,MEG_340|Drugs|Aminoglycosides|Aminoglycoside_N-acetyltransferases|AAC6-PRIME,MEG_340|Drugs|Aminoglycosides|Aminoglycoside_N-acetyltransferases|AAC6-PRIME,549,1962096,1962644,+
Escherichia_coli_B766,E.coli.B766.final.genome,1994970,1996274,1305,MEG_6011|Drugs|Fluoroquinolones|Quinolone_resistance_protein_Qnr|QNRC,MEG_6011|Drugs|Fluoroquinolones|Quinolone_resistance_protein_Qnr|QNRC,666,1993762,1994427,+
Escherichia_coli_B766,E.coli.B766.final.genome,2025234,2026472,1239,MEG_2810|Drugs|MLS|23S_rRNA_methyltransferases|ERMC,MEG_2810|Drugs|MLS|23S_rRNA_methyltransferases|ERMC,735,2023387,2024121,+
Escherichia_coli_B766,E.coli.B766.final.genome,2043314,2044552,1239,MEG_4177|Metals|Nickel_resistance|Nickel_ABC_efflux_regulator|NIKR,MEG_4177|Metals|Nickel_resistance|Nickel_ABC_efflux_regulator|NIKR,402,2040963,2041364,+
Escherichia_coli_B766,E.coli.B766.final.genome,2068051,2071644,3594,MEG_1168|Biocides|Naphthoquinone|Naphthoquinone_resistance_protein|ARSHN,MEG_1168|Biocides|Naphthoquinone|Naphthoquinone_resistance_protein|ARSHN,621,2064863,2065483,+
Escherichia_coli_B766,E.coli.B766.final.genome,2071649,2072263,615,MEG_3075|Metals|Aluminum_resistance|Aluminum_ATPase_|G2ALT,MEG_3075|Metals|Aluminum_resistance|Aluminum_ATPase_|G2ALT,666,2065488,2066153,+
Escherichia_coli_B766,E.coli.B766.final.genome,2072679,2075380,2702,MEG_6520|Biocides|Multi-biocide_resistance|Multi-biocide_ABC_efflux_pump|SMDB,MEG_6520|Biocides|Multi-biocide_resistance|Multi-biocide_ABC_efflux_pump|SMDB,1779,2066569,2068347,+
Escherichia_coli_B766,E.coli.B766.final.genome,2216368,2217336,969,MEG_713|Metals|Arsenic_resistance|Arsenite_oxidase|AIOB,MEG_713|Metals|Arsenic_resistance|Arsenite_oxidase|AIOB,522,2209335,2209856,+
Escherichia_coli_B766,E.coli.B766.final.genome,2260557,2260800,244,MEG_6591|Drugs|Sulfonamides|Sulfonamide-resistant_dihydropteroate_synthases|SULI,MEG_6591|Drugs|Sulfonamides|Sulfonamide-resistant_dihydropteroate_synthases|SULI,927,2253077,2254003,+
Escherichia_coli_B766,E.coli.B766.final.genome,2261085,2261320,236,MEG_7285|Drugs|Thiopeptides|Thiostrepton_23S_rRNA_methyltransferases|TSNR,MEG_7285|Drugs|Thiopeptides|Thiostrepton_23S_rRNA_methyltransferases|TSNR,813,2254288,2255100,+
Escherichia_coli_B766,E.coli.B766.final.genome,2264412,2266055,1644,MEG_1701|Metals|Sodium_resistance|Sodium_resistance_protein|CHAA,MEG_1701|Metals|Sodium_resistance|Sodium_resistance_protein|CHAA,1101,2258192,2259292,+
Escherichia_coli_B766,E.coli.B766.final.genome,2291328,2292518,1191,MEG_2030|Metals|Copper_resistance|Copper_resistance_protein|COPA,MEG_2030|Metals|Copper_resistance|Copper_resistance_protein|COPA,2184,2284565,2286748,+
Escherichia_coli_B766,E.coli.B766.final.genome,2384587,2384925,339,MEG_5917|Drugs|Fluoroquinolones|Quinolone_resistance_protein_Qnr|QNRB,MEG_5917|Drugs|Fluoroquinolones|Quinolone_resistance_protein_Qnr|QNRB,645,2378817,2379461,+
Escherichia_coli_B766,E.coli.B766.final.genome,2385144,2385968,825,MEG_499|Multi-compound|Biocide_and_metal_resistance|Biocide_and_metal_resistance_protein|ACTA,MEG_499|Multi-compound|Biocide_and_metal_resistance|Biocide_and_metal_resistance_protein|ACTA,1632,2379680,2381311,+
Escherichia_coli_B766,E.coli.B766.final.genome,2386089,2386361,273,MEG_8238|Drugs|Lipopeptides|Colistin_phosphoethanolamine_transferase|MCR,MEG_8238|Drugs|Lipopeptides|Colistin_phosphoethanolamine_transferase|MCR,1620,2381432,2383051,+
Escherichia_coli_B766,E.coli.B766.final.genome,2436762,2438884,2123,MEG_2053|Metals|Copper_resistance|Copper_resistance_protein|COPD,MEG_2053|Metals|Copper_resistance|Copper_resistance_protein|COPD,933,2433452,2434384,+
Escherichia_coli_B766,E.coli.B766.final.genome,2440297,2447744,7448,MEG_11357|Drugs|Organoarsenicals|Arsinothricin_resistance_N-acetyltransferases|ARSN1,MEG_11357|Drugs|Organoarsenicals|Arsinothricin_resistance_N-acetyltransferases|ARSN1,561,2435797,2436357,+
Escherichia_coli_B766,E.coli.B766.final.genome,2460412,2462265,1854,MEG_5799|Multi-compound|Drug_and_metal_resistance|Drug_and_metal_MFS_efflux_pumps|PMRBM,MEG_5799|Multi-compound|Drug_and_metal_resistance|Drug_and_metal_MFS_efflux_pumps|PMRBM,1095,2449025,2450119,+
Escherichia_coli_B766,E.coli.B766.final.genome,2502264,2503430,1167,MEG_2986|Drugs|Fosfomycin|Fosfomycin_thiol_transferases|FOSA,MEG_2986|Drugs|Fosfomycin|Fosfomycin_thiol_transferases|FOSA,417,2490118,2490534,+
Escherichia_coli_B766,E.coli.B766.final.genome,2529405,2530810,1406,MEG_4120|Metals|Nickel_resistance|Nickel_MFS_efflux_pumps|NCRAN,MEG_4120|Metals|Nickel_resistance|Nickel_MFS_efflux_pumps|NCRAN,1299,2516509,2517807,+
Escherichia_coli_B766,E.coli.B766.final.genome,2547042,2547692,651,MEG_11361|Metals|Arsenic_resistance|Arsenic_resistance_N-acetyltransferases|ARSN2,MEG_11361|Metals|Arsenic_resistance|Arsenic_resistance_N-acetyltransferases|ARSN2,495,2534039,2534533,+
Escherichia_coli_B766,E.coli.B766.final.genome,2563786,2564013,228,MEG_4195|Metals|Nickel_resistance|Nickel_resistance_protein|NIRA,MEG_4195|Metals|Nickel_resistance|Nickel_resistance_protein|NIRA,1071,2550627,2551697,+
Escherichia_coli_B766,E.coli.B766.final.genome,2576634,2576966,333,MEG_3886|Metals|Mercury_resistance|Mercury_resistance_regulator|MERR1,MEG_3886|Metals|Mercury_resistance|Mercury_resistance_regulator|MERR1,435,2564318,2564752,+
Escherichia_coli_B766,E.coli.B766.final.genome,2631796,2632542,747,MEG_8451|Drugs|Multi-drug_resistance|MDR_regulator|PARR,MEG_8451|Drugs|Multi-drug_resistance|MDR_regulator|PARR,708,2619582,2620289,+
Escherichia_coli_B766,E.coli.B766.final.genome,2648652,2649680,1029,MEG_4189|Drugs|Metronidazole|nim_nitroimidazole_reductase|NIMI,MEG_4189|Drugs|Metronidazole|nim_nitroimidazole_reductase|NIMI,457,2636399,2636855,+
Escherichia_coli_B766,E.coli.B766.final.genome,2649759,2650691,933,MEG_8779|Drugs|Lipopeptides|Colistin_phosphoethanolamine_transferase|MCR,MEG_8779|Drugs|Lipopeptides|Colistin_phosphoethanolamine_transferase|MCR,1626,2636934,2638559,+
Escherichia_coli_B766,E.coli.B766.final.genome,2686087,2686653,567,MEG_4160|Metals|Chromium_resistance|Chromium_resistance_protein|NFSA,MEG_4160|Metals|Chromium_resistance|Chromium_resistance_protein|NFSA,723,2673955,2674677,+
Escherichia_coli_B766,E.coli.B766.final.genome,2856975,2858348,1374,MEG_7783|Biocides|Multi-biocide_resistance|Multi-biocide_RND_efflux_pump|VMEA,MEG_7783|Biocides|Multi-biocide_resistance|Multi-biocide_RND_efflux_pump|VMEA,1140,2844999,2846138,+
Escherichia_coli_B766,E.coli.B766.final.genome,2865919,2866500,582,MEG_2766|Drugs|MLS|23S_rRNA_methyltransferases|ERM,MEG_2766|Drugs|MLS|23S_rRNA_methyltransferases|ERM,732,2853709,2854440,+
Escherichia_coli_B766,E.coli.B766.final.genome,2928384,2929065,682,MEG_7859|Metals|Zinc_resistance|Zinc_resistance_protein|ZNUC,MEG_7859|Metals|Zinc_resistance|Zinc_resistance_protein|ZNUC,756,2916324,2917079,+
Escherichia_coli_B766,E.coli.B766.final.genome,2930201,2930536,336,MEG_7483|Drugs|Glycopeptides|VanL-type_regulator|VANRL,MEG_7483|Drugs|Glycopeptides|VanL-type_regulator|VANRL,696,2918215,2918910,+
Escherichia_coli_B766,E.coli.B766.final.genome,3004734,3005126,393,MEG_7008|Drugs|Tetracyclines|Tetracycline_resistance_MFS_efflux_pumps|TET55,MEG_7008|Drugs|Tetracyclines|Tetracycline_resistance_MFS_efflux_pumps|TET55,1158,2993108,2994265,+
Escherichia_coli_B766,E.coli.B766.final.genome,3015522,3015911,390,MEG_7855|Metals|Zinc_resistance|Zinc_resistance_protein|ZNUA,MEG_7855|Metals|Zinc_resistance|Zinc_resistance_protein|ZNUA,987,3004661,3005647,+
Escherichia_coli_B766,E.coli.B766.final.genome,3015925,3016359,435,MEG_1465|Biocides|Polyamine_resistance|Spermine/spermidine_acetyltransferase|BLTD,MEG_1465|Biocides|Polyamine_resistance|Spermine/spermidine_acetyltransferase|BLTD,459,3005661,3006119,+
Escherichia_coli_B766,E.coli.B766.final.genome,3052754,3055033,2280,MEG_3853|Metals|Mercury_resistance|Mercury_resistance_protein|MERB,MEG_3853|Metals|Mercury_resistance|Mercury_resistance_protein|MERB,657,3042514,3043170,+
Escherichia_coli_B766,E.coli.B766.final.genome,3055553,3056314,762,MEG_11395|Drugs|Fosfomycin|Fosfomycin_thiol_transferases|FOSS,MEG_11395|Drugs|Fosfomycin|Fosfomycin_thiol_transferases|FOSS,417,3043690,3044106,+
Escherichia_coli_B766,E.coli.B766.final.genome,3067195,3068595,1401,MEG_6592|Drugs|Sulfonamides|Sulfonamide-resistant_dihydropteroate_synthases|SULI,MEG_6592|Drugs|Sulfonamides|Sulfonamide-resistant_dihydropteroate_synthases|SULI,840,3054987,3055826,+
Escherichia_coli_B766,E.coli.B766.final.genome,3068751,3070286,1536,MEG_1133|Drugs|Rifampin|Rifampin_ADP-ribosyltransferase_Arr|ARR,MEG_1133|Drugs|Rifampin|Rifampin_ADP-ribosyltransferase_Arr|ARR,453,3055982,3056434,+
Escherichia_coli_B766,E.coli.B766.final.genome,3144510,3146092,1583,MEG_5074|Drugs|betalactams|Class_D_betalactamases|OXA,MEG_5074|Drugs|betalactams|Class_D_betalactamases|OXA,825,3130658,3131482,+
Escherichia_coli_B766,E.coli.B766.final.genome,3313253,3314041,789,MEG_3434|Drugs|Rifampin|Monooxygenase|IRI,MEG_3434|Drugs|Rifampin|Monooxygenase|IRI,1440,3298643,3300082,+
Escherichia_coli_B766,E.coli.B766.final.genome,3367135,3367548,414,MEG_398|Metals|Arsenic_resistance|Arsenic_resistance_membrane_transporter|ACR3,MEG_398|Metals|Arsenic_resistance|Arsenic_resistance_membrane_transporter|ACR3,1044,3353176,3354219,+
Escherichia_coli_B766,E.coli.B766.final.genome,3387677,3388777,1101,MEG_2540|Drugs|Trimethoprim|Dihydrofolate_reductase|DFRA,MEG_2540|Drugs|Trimethoprim|Dihydrofolate_reductase|DFRA,474,3374348,3374821,+
Escherichia_coli_B766,E.coli.B766.final.genome,3393031,3394131,1101,MEG_3733|Metals|Copper_resistance|Copper_resistance_protein|MCTB,MEG_3733|Metals|Copper_resistance|Copper_resistance_protein|MCTB,960,3379075,3380034,+
Escherichia_coli_B766,E.coli.B766.final.genome,3405813,3406091,279,MEG_2842|Drugs|MLS|23S_rRNA_methyltransferases|ERMQ,MEG_2842|Drugs|MLS|23S_rRNA_methyltransferases|ERMQ,787,3391716,3392502,+
Escherichia_coli_B766,E.coli.B766.final.genome,3430255,3431796,1542,MEG_4311|Drugs|Multi-drug_resistance|Multi-drug_ABC_efflux_pumps|OPTRA,MEG_4311|Drugs|Multi-drug_resistance|Multi-drug_ABC_efflux_pumps|OPTRA,1968,3416666,3418633,+
Escherichia_coli_B766,E.coli.B766.final.genome,3431936,3432472,537,MEG_626|Drugs|betalactams|Class_C_betalactamases|ADC,MEG_626|Drugs|betalactams|Class_C_betalactamases|ADC,1152,3418773,3419924,+
Escherichia_coli_B766,E.coli.B766.final.genome,3448353,3448619,267,MEG_2465|Metals|Multi-metal_resistance|Multi-metal_RND_efflux_regulator|CZCC,MEG_2465|Metals|Multi-metal_resistance|Multi-metal_RND_efflux_regulator|CZCC,1431,3435805,3437235,+
Escherichia_coli_B766,E.coli.B766.final.genome,3480551,3480808,258,MEG_7628|Drugs|MLS|Streptogramin_A_O-acetyltransferase|VATE,MEG_7628|Drugs|MLS|Streptogramin_A_O-acetyltransferase|VATE,645,3469167,3469811,+
Escherichia_coli_B766,E.coli.B766.final.genome,3481049,3481681,633,MEG_498|Multi-compound|Biocide_and_metal_resistance|Biocide_and_metal_resistance_protein|ACTA,MEG_498|Multi-compound|Biocide_and_metal_resistance|Biocide_and_metal_resistance_protein|ACTA,1626,3470052,3471677,+
Escherichia_coli_B766,E.coli.B766.final.genome,3524565,3525773,1209,MEG_6018|Drugs|Fluoroquinolones|Quinolone_resistance_protein_Qnr|QNRS,MEG_6018|Drugs|Fluoroquinolones|Quinolone_resistance_protein_Qnr|QNRS,657,3514561,3515217,+
Escherichia_coli_B766,E.coli.B766.final.genome,3534404,3535630,1227,MEG_3869|Metals|Mercury_resistance|Mercury_resistance_protein|MERF,MEG_3869|Metals|Mercury_resistance|Mercury_resistance_protein|MERF,246,3523848,3524093,+
Escherichia_coli_B766,E.coli.B766.final.genome,3629201,3630269,1069,MEG_685|Multi-compound|Drug_and_biocide_resistance|Drug_and_biocide_RND_efflux_pumps|ADEH,MEG_685|Multi-compound|Drug_and_biocide_resistance|Drug_and_biocide_RND_efflux_pumps|ADEH,1452,3617664,3619115,+
Escherichia_coli_B766,E.coli.B766.final.genome,3681087,3682835,1749,MEG_1711|Metals|Chromium_resistance|Chromium_resistance_protein|CHRB1,MEG_1711|Metals|Chromium_resistance|Chromium_resistance_protein|CHRB1,894,3669933,3670826,+
Escherichia_coli_B766,E.coli.B766.final.genome,3786710,3787432,723,MEG_5412|Metals|Lead_resistance|Lead_P-type_ATPase_transporter|PBRD,MEG_5412|Metals|Lead_resistance|Lead_P-type_ATPase_transporter|PBRD,870,3774701,3775570,+
Escherichia_coli_B766,E.coli.B766.final.genome,3830284,3831516,1233,MEG_3750|Multi-compound|Drug_and_biocide_and_metal_resistance|Drug_and_biocide_and_metal_RND_efflux_pumps|MDTC,MEG_3750|Multi-compound|Drug_and_biocide_and_metal_resistance|Drug_and_biocide_and_metal_RND_efflux_pumps|MDTC,3081,3818422,3821502,+
Escherichia_coli_B766,E.coli.B766.final.genome,3868599,3869067,469,MEG_2807|Drugs|MLS|23S_rRNA_methyltransferases|ERMB,MEG_2807|Drugs|MLS|23S_rRNA_methyltransferases|ERMB,735,3858585,3859319,+
Escherichia_coli_B766,E.coli.B766.final.genome,3877111,3877578,468,MEG_5863|Drugs|Fluoroquinolones|Quinolone_active_efflux|QEPA,MEG_5863|Drugs|Fluoroquinolones|Quinolone_active_efflux|QEPA,1536,3867363,3868898,+
Escherichia_coli_B766,E.coli.B766.final.genome,3933005,3934063,1059,MEG_6579|Drugs|Sulfonamides|Sulfonamide-resistant_dihydropteroate_synthases|SULI,MEG_6579|Drugs|Sulfonamides|Sulfonamide-resistant_dihydropteroate_synthases|SULI,840,3924325,3925164,+
Escherichia_coli_B766,E.coli.B766.final.genome,3934065,3935528,1464,MEG_3840|Metals|Mercury_resistance|Mercury_resistance_protein|MERA,MEG_3840|Metals|Mercury_resistance|Mercury_resistance_protein|MERA,1028,3925166,3926193,+
Escherichia_coli_B766,E.coli.B766.final.genome,3935973,3936761,789,MEG_5957|Drugs|Fluoroquinolones|Quinolone_resistance_protein_Qnr|QNRB,MEG_5957|Drugs|Fluoroquinolones|Quinolone_resistance_protein_Qnr|QNRB,681,3926638,3927318,+
Escherichia_coli_B766,E.coli.B766.final.genome,3945799,3946740,942,MEG_1783|Drugs|Phenicol|Phenicol_resistance_MFS_efflux_pumps|CMX,MEG_1783|Drugs|Phenicol|Phenicol_resistance_MFS_efflux_pumps|CMX,1176,3936356,3937531,+
Escherichia_coli_B766,E.coli.B766.final.genome,4008985,4009657,673,MEG_7848|Metals|Zinc_resistance|Zinc_resistance_regulator|ZIAR,MEG_7848|Metals|Zinc_resistance|Zinc_resistance_regulator|ZIAR,399,3999776,4000174,+
Escherichia_coli_B766,E.coli.B766.final.genome,4037121,4037943,823,MEG_4275|Drugs|MLS|MLS_resistance_ABC_efflux_pumps|OLEB,MEG_4275|Drugs|MLS|MLS_resistance_ABC_efflux_pumps|OLEB,1710,4027638,4029347,+
Escherichia_coli_B766,E.coli.B766.final.genome,4037968,4039500,1533,MEG_6629|Drugs|Sulfonamides|Sulfonamide-resistant_dihydropteroate_synthases|SULII,MEG_6629|Drugs|Sulfonamides|Sulfonamide-resistant_dihydropteroate_synthases|SULII,816,4029372,4030187,+
Escherichia_coli_B766,E.coli.B766.final.genome,4046269,4047893,1625,MEG_1468|Biocides|Multi-biocide_resistance|Multi-biocide_resistance_regulator|BLTR,MEG_1468|Biocides|Multi-biocide_resistance|Multi-biocide_resistance_regulator|BLTR,822,4036956,4037777,+
Escherichia_coli_B766,E.coli.B766.final.genome,4061444,4063345,1902,MEG_6573|Biocides|Multi-biocide_resistance|Multi-biocide_SMR_efflux_pump|SSME,MEG_6573|Biocides|Multi-biocide_resistance|Multi-biocide_SMR_efflux_pump|SSME,333,4051328,4051660,+
Escherichia_coli_B766,E.coli.B766.final.genome,4128304,4131447,3144,MEG_1131|Drugs|Rifampin|Rifampin_ADP-ribosyltransferase_Arr|ARR,MEG_1131|Drugs|Rifampin|Rifampin_ADP-ribosyltransferase_Arr|ARR,453,4116619,4117071,+
Escherichia_coli_B766,E.coli.B766.final.genome,4131459,4132682,1224,MEG_7854|Metals|Zinc_resistance|Zinc_resistance_regulator|ZNTR,MEG_7854|Metals|Zinc_resistance|Zinc_resistance_regulator|ZNTR,426,4117083,4117508,+
Escherichia_coli_B766,E.coli.B766.final.genome,4132698,4133030,333,MEG_2482|Drugs|Trimethoprim|Dihydrofolate_reductase|DFRA,MEG_2482|Drugs|Trimethoprim|Dihydrofolate_reductase|DFRA,474,4117524,4117997,+
Escherichia_coli_B766,E.coli.B766.final.genome,4133064,4134436,1373,MEG_2498|Drugs|Trimethoprim|Dihydrofolate_reductase|DFRA,MEG_2498|Drugs|Trimethoprim|Dihydrofolate_reductase|DFRA,474,4118031,4118504,+
Escherichia_coli_B766,E.coli.B766.final.genome,4134593,4136689,2097,MEG_5937|Drugs|Fluoroquinolones|Quinolone_resistance_protein_Qnr|QNRB,MEG_5937|Drugs|Fluoroquinolones|Quinolone_resistance_protein_Qnr|QNRB,645,4118661,4119305,+
Escherichia_coli_B766,E.coli.B766.final.genome,4208906,4210347,1442,MEG_7838|Multi-compound|Drug_and_biocide_and_metal_resistance|Drug_and_biocide_and_metal_SMR_efflux_pump|YKKC,MEG_7838|Multi-compound|Drug_and_biocide_and_metal_resistance|Drug_and_biocide_and_metal_SMR_efflux_pump|YKKC,339,4191522,4191860,+
Escherichia_coli_B766,E.coli.B766.final.genome,4211866,4212273,408,MEG_4190|Drugs|Metronidazole|nim_nitroimidazole_reductase|NIMI,MEG_4190|Drugs|Metronidazole|nim_nitroimidazole_reductase|NIMI,457,4193379,4193835,+
Escherichia_coli_B766,E.coli.B766.final.genome,4214887,4217391,2505,MEG_7788|Biocides|Multi-biocide_resistance|Multi-biocide_RND_efflux_pump|VMEE,MEG_7788|Biocides|Multi-biocide_resistance|Multi-biocide_RND_efflux_pump|VMEE,1095,4196449,4197543,+
Escherichia_coli_B766,E.coli.B766.final.genome,4240445,4241638,1194,MEG_11295|Drugs|Aminoglycosides|Aminoglycoside_O-phosphotransferases|APH3-PRIME,MEG_11295|Drugs|Aminoglycosides|Aminoglycoside_O-phosphotransferases|APH3-PRIME,813,4220597,4221409,+
Escherichia_coli_B766,E.coli.B766.final.genome,4241661,4244828,3168,MEG_4204|Biocides|Paraquat_resistance|Paraquat_resistance_protein|NMPC,MEG_4204|Biocides|Paraquat_resistance|Paraquat_resistance_protein|NMPC,849,4221432,4222280,+
Escherichia_coli_B766,E.coli.B766.final.genome,4253710,4255427,1718,MEG_8452|Drugs|Multi-drug_resistance|MDR_regulator|PARS,MEG_8452|Drugs|Multi-drug_resistance|MDR_regulator|PARS,1287,4231162,4232448,+
Escherichia_coli_B766,E.coli.B766.final.genome,4331950,4333107,1158,MEG_11336|Metals|Multi-metal_resistance|Multi-metal_resistance_regulator|CADC,MEG_11336|Metals|Multi-metal_resistance|Multi-metal_resistance_regulator|CADC,360,4308971,4309330,+
Escherichia_coli_B766,E.coli.B766.final.genome,4346136,4347245,1110,MEG_6575|Biocides|Multi-biocide_resistance|Multi-biocide_SMR_efflux_pump|SUGE,MEG_6575|Biocides|Multi-biocide_resistance|Multi-biocide_SMR_efflux_pump|SUGE,468,4322359,4322826,+
Escherichia_coli_B766,E.coli.B766.final.genome,4587816,4588526,711,MEG_4218|Metals|Nickel_resistance|Nickel_RND_efflux_pumps|NRSA,MEG_4218|Metals|Nickel_resistance|Nickel_RND_efflux_pumps|NRSA,3165,4563397,4566561,+
Escherichia_coli_B766,E.coli.B766.final.genome,4664216,4665766,1551,MEG_6540|Biocides|Peroxide_resistance|peroxide_resistance_protein|SODA,MEG_6540|Biocides|Peroxide_resistance|peroxide_resistance_protein|SODA,621,4642251,4642871,+
Escherichia_coli_B766,E.coli.B766.final.genome,4717325,4718269,945,MEG_2492|Drugs|Trimethoprim|Dihydrofolate_reductase|DFRA,MEG_2492|Drugs|Trimethoprim|Dihydrofolate_reductase|DFRA,474,4694430,4694903,+
Escherichia_coli_B766,E.coli.B766.final.genome,4744009,4746363,2355,MEG_4196|Metals|Nickel_resistance|Nickel_resistance_protein|NIRB,MEG_4196|Metals|Nickel_resistance|Nickel_resistance_protein|NIRB,270,4720643,4720912,+
Escherichia_coli_B766,E.coli.B766.final.genome,4749512,4749889,378,MEG_4210|Multi-compound|Drug_and_biocide_resistance|Drug_and_biocide_MFS_efflux_pumps|NORB,MEG_4210|Multi-compound|Drug_and_biocide_resistance|Drug_and_biocide_MFS_efflux_pumps|NORB,1392,4724061,4725452,+
Escherichia_coli_B766,E.coli.B766.final.genome,4785728,4786894,1167,MEG_3277|Metals|Copper_resistance|Copper_resistance_protein|HPCOPP,MEG_3277|Metals|Copper_resistance|Copper_resistance_protein|HPCOPP,201,4761291,4761491,+
Escherichia_coli_B766,E.coli.B766.final.genome,4810652,4811521,870,MEG_1583|Drugs|Phenicol|Chloramphenicol_acetyltransferases|CATA,MEG_1583|Drugs|Phenicol|Chloramphenicol_acetyltransferases|CATA,663,4785249,4785911,+
Escherichia_coli_B766,E.coli.B766.final.genome,4874318,4875550,1233,MEG_4192|Drugs|Metronidazole|nim_nitroimidazole_reductase|NIMI,MEG_4192|Drugs|Metronidazole|nim_nitroimidazole_reductase|NIMI,463,4848708,4849170,+
Escherichia_coli_B766,E.coli.B766.final.genome,4976600,4979296,2697,MEG_1170|Metals|Arsenic_resistance|Arsenic_resistance_protein|ARSP,MEG_1170|Metals|Arsenic_resistance|Arsenic_resistance_protein|ARSP,948,4950220,4951167,+
Escherichia_coli_JM109,E.coli.JM109.final.genome,34920,35312,393,MEG_7835|Multi-compound|Biocide_and_metal_resistance|Biocide_and_metal_resistance_protein|YIEF,MEG_7835|Multi-compound|Biocide_and_metal_resistance|Biocide_and_metal_resistance_protein|YIEF,567,34920,35486,+
Escherichia_coli_JM109,E.coli.JM109.final.genome,39460,39849,390,MEG_5413|Metals|Lead_resistance|Lead_P-type_ATPase_regulator|PBRR,MEG_5413|Metals|Lead_resistance|Lead_P-type_ATPase_regulator|PBRR,453,39634,40086,+
Escherichia_coli_JM109,E.coli.JM109.final.genome,39863,40297,435,MEG_3861|Metals|Mercury_resistance|Mercury_resistance_regulator|MERD,MEG_3861|Metals|Mercury_resistance|Mercury_resistance_regulator|MERD,366,40100,40465,+
Escherichia_coli_JM109,E.coli.JM109.final.genome,72931,75210,2280,MEG_7343|Drugs|Glycopeptides|VanA-type_resistance_protein|VANA,MEG_7343|Drugs|Glycopeptides|VanA-type_resistance_protein|VANA,1032,73099,74130,+
Escherichia_coli_JM109,E.coli.JM109.final.genome,75730,76491,762,MEG_4185|Drugs|Metronidazole|nim_nitroimidazole_reductase|NIME,MEG_4185|Drugs|Metronidazole|nim_nitroimidazole_reductase|NIME,458,74650,75107,+
Escherichia_coli_JM109,E.coli.JM109.final.genome,87372,88772,1401,MEG_1189|Drugs|Bacitracin|Undecaprenyl_pyrophosphate_phosphatase|BACA,MEG_1189|Drugs|Bacitracin|Undecaprenyl_pyrophosphate_phosphatase|BACA,822,85988,86809,+
Escherichia_coli_JM109,E.coli.JM109.final.genome,88928,90463,1536,MEG_11459|Drugs|Lipopeptides|Colistin_phosphoethanolamine_transferase|MCR,MEG_11459|Drugs|Lipopeptides|Colistin_phosphoethanolamine_transferase|MCR,1620,86965,88584,+
Escherichia_coli_JM109,E.coli.JM109.final.genome,157261,158843,1583,MEG_1118|Drugs|Multi-drug_resistance|MDR_regulator|ARLS,MEG_1118|Drugs|Multi-drug_resistance|MDR_regulator|ARLS,1356,155382,156737,+
Escherichia_coli_JM109,E.coli.JM109.final.genome,309397,310185,789,MEG_9571|Drugs|betalactams|Class_D_betalactamases|OXA,MEG_9571|Drugs|betalactams|Class_D_betalactamases|OXA,825,307291,308115,+
Escherichia_coli_JM109,E.coli.JM109.final.genome,366314,366727,414,MEG_2087|Metals|Multi-metal_resistance|Multi-metal_resistance_protein|CORA,MEG_2087|Metals|Multi-metal_resistance|Multi-metal_resistance_protein|CORA,951,364244,365194,+
Escherichia_coli_JM109,E.coli.JM109.final.genome,387387,388487,1101,MEG_1728|Drugs|Multi-drug_resistance|MDR_23S_ribosomal_RNA_methyltransferase|CLBC,MEG_1728|Drugs|Multi-drug_resistance|MDR_23S_ribosomal_RNA_methyltransferase|CLBC,1053,385854,386906,+
Escherichia_coli_JM109,E.coli.JM109.final.genome,400167,400445,279,MEG_6157|Drugs|Nucleosides|Streptothricin_acetyltransferase|SAT,MEG_6157|Drugs|Nucleosides|Streptothricin_acetyltransferase|SAT,525,398586,399110,+
Escherichia_coli_JM109,E.coli.JM109.final.genome,424519,426060,1542,MEG_11281|Drugs|Aminoglycosides|Aminoglycoside_N-acetyltransferases|AAC6-PRIME,MEG_11281|Drugs|Aminoglycosides|Aminoglycoside_N-acetyltransferases|AAC6-PRIME,447,423184,423630,+
Escherichia_coli_JM109,E.coli.JM109.final.genome,426200,426736,537,MEG_2859|Drugs|MLS|23S_rRNA_methyltransferases|ERMX,MEG_2859|Drugs|MLS|23S_rRNA_methyltransferases|ERMX,855,423770,424624,+
Escherichia_coli_JM109,E.coli.JM109.final.genome,442601,442867,267,MEG_4053|Drugs|Cationic_antimicrobial_peptides|Defensin-resistant_mprF|MPRF,MEG_4053|Drugs|Cationic_antimicrobial_peptides|Defensin-resistant_mprF|MPRF,2544,440489,443032,+
Escherichia_coli_JM109,E.coli.JM109.final.genome,474702,474959,258,MEG_4927|Drugs|betalactams|Class_D_betalactamases|OXA,MEG_4927|Drugs|betalactams|Class_D_betalactamases|OXA,825,474867,475691,+
Escherichia_coli_JM109,E.coli.JM109.final.genome,475200,475832,633,MEG_1193|Multi-compound|Drug_and_biocide_and_metal_resistance|Drug_and_biocide_and_metal_RND_efflux_regulator|BAES,MEG_1193|Multi-compound|Drug_and_biocide_and_metal_resistance|Drug_and_biocide_and_metal_RND_efflux_regulator|BAES,1404,475932,477335,+
Escherichia_coli_JM109,E.coli.JM109.final.genome,518706,519914,1209,MEG_6158|Drugs|Nucleosides|Streptothricin_acetyltransferase|SAT,MEG_6158|Drugs|Nucleosides|Streptothricin_acetyltransferase|SAT,555,520209,520763,+
Escherichia_coli_JM109,E.coli.JM109.final.genome,528542,529768,1227,MEG_7560|Drugs|Glycopeptides|VanB-type_resistance_protein|VANXB,MEG_7560|Drugs|Glycopeptides|VanB-type_resistance_protein|VANXB,609,529391,529999,+
Escherichia_coli_JM109,E.coli.JM109.final.genome,624116,625193,1078,MEG_404|Multi-compound|Drug_and_biocide_and_metal_resistance|Drug_and_biocide_and_metal_RND_efflux_pumps|ACRD,MEG_404|Multi-compound|Drug_and_biocide_and_metal_resistance|Drug_and_biocide_and_metal_RND_efflux_pumps|ACRD,3114,624347,627460,+
Escherichia_coli_JM109,E.coli.JM109.final.genome,675837,677585,1749,MEG_1559|Drugs|Phenicol|Chloramphenicol_acetyltransferases|CAT,MEG_1559|Drugs|Phenicol|Chloramphenicol_acetyltransferases|CAT,717,678104,678820,+
Escherichia_coli_JM109,E.coli.JM109.final.genome,752300,753022,723,MEG_2878|Biocides|Phenolic_compound_resistance|Phenolic_resistance_protein|FABV,MEG_2878|Biocides|Phenolic_compound_resistance|Phenolic_resistance_protein|FABV,900,753535,754434,+
Escherichia_coli_JM109,E.coli.JM109.final.genome,759301,760533,1233,MEG_6625|Drugs|Sulfonamides|Sulfonamide-resistant_dihydropteroate_synthases|SULII,MEG_6625|Drugs|Sulfonamides|Sulfonamide-resistant_dihydropteroate_synthases|SULII,816,760713,761528,+
Escherichia_coli_JM109,E.coli.JM109.final.genome,790556,791023,468,MEG_6546|Biocides|Peroxide_resistance|peroxide_resistance_protein|SODB,MEG_6546|Biocides|Peroxide_resistance|peroxide_resistance_protein|SODB,582,791551,792132,+
Escherichia_coli_JM109,E.coli.JM109.final.genome,846594,847652,1059,MEG_2471|Metals|Multi-metal_resistance|Multi-metal_RND_efflux_pumps|CZCP,MEG_2471|Metals|Multi-metal_resistance|Multi-metal_RND_efflux_pumps|CZCP,2490,847703,850192,+
Escherichia_coli_JM109,E.coli.JM109.final.genome,847654,849117,1464,MEG_4027|Drugs|MLS|Macrolide_phosphotransferases|MPH,MEG_4027|Drugs|MLS|Macrolide_phosphotransferases|MPH,891,850194,851084,+
Escherichia_coli_JM109,E.coli.JM109.final.genome,849562,850350,789,MEG_3871|Metals|Mercury_resistance|Mercury_resistance_protein|MERG,MEG_3871|Metals|Mercury_resistance|Mercury_resistance_protein|MERG,654,851529,852182,+
Escherichia_coli_JM109,E.coli.JM109.final.genome,859383,860324,942,MEG_406|Multi-compound|Drug_and_biocide_and_metal_resistance|Drug_and_biocide_and_metal_RND_efflux_pumps|ACRD,MEG_406|Multi-compound|Drug_and_biocide_and_metal_resistance|Drug_and_biocide_and_metal_RND_efflux_pumps|ACRD,3114,861215,864328,+
Escherichia_coli_JM109,E.coli.JM109.final.genome,922474,923151,678,MEG_3061|Multi-compound|Biocide_and_metal_resistance|Biocide_and_metal_resistance_protein|FRNE,MEG_3061|Multi-compound|Biocide_and_metal_resistance|Biocide_and_metal_resistance_protein|FRNE,759,926478,927236,+
Escherichia_coli_JM109,E.coli.JM109.final.genome,927343,927486,144,MEG_1763|Drugs|Phenicol|Phenicol_resistance_MFS_efflux_pumps|CMLA,MEG_1763|Drugs|Phenicol|Phenicol_resistance_MFS_efflux_pumps|CMLA,1260,931428,932687,+
Escherichia_coli_JM109,E.coli.JM109.final.genome,952479,953301,823,MEG_2051|Metals|Copper_resistance|Copper_resistance_protein|COPD,MEG_2051|Metals|Copper_resistance|Copper_resistance_protein|COPD,930,957680,958609,+
Escherichia_coli_JM109,E.coli.JM109.final.genome,953326,954864,1539,MEG_6589|Drugs|Sulfonamides|Sulfonamide-resistant_dihydropteroate_synthases|SULI,MEG_6589|Drugs|Sulfonamides|Sulfonamide-resistant_dihydropteroate_synthases|SULI,840,958634,959473,+
Escherichia_coli_JM109,E.coli.JM109.final.genome,960813,962423,1611,MEG_7611|Drugs|Glycopeptides|VanF-type_accessory_protein|VANYF,MEG_7611|Drugs|Glycopeptides|VanF-type_accessory_protein|VANYF,1032,965422,966453,+
Escherichia_coli_JM109,E.coli.JM109.final.genome,975989,977890,1902,MEG_10077|Drugs|Lipopeptides|Daptomycin-resistant_mutant|DRMA,MEG_10077|Drugs|Lipopeptides|Daptomycin-resistant_mutant|DRMA,645,980019,980663,+
Escherichia_coli_JM109,E.coli.JM109.final.genome,1042343,1045486,3144,MEG_11324|Metals|Arsenic_resistance|Arsenic_resistance_protein|ARSB,MEG_11324|Metals|Arsenic_resistance|Arsenic_resistance_protein|ARSB,1080,1045116,1046195,+
Escherichia_coli_JM109,E.coli.JM109.final.genome,1045498,1046721,1224,MEG_1747|Multi-compound|Drug_and_biocide_and_metal_resistance|Drug_and_biocide_and_metal_RND_efflux_regulator|CMER,MEG_1747|Multi-compound|Drug_and_biocide_and_metal_resistance|Drug_and_biocide_and_metal_RND_efflux_regulator|CMER,633,1046207,1046839,+
Escherichia_coli_JM109,E.coli.JM109.final.genome,1046737,1047069,333,MEG_3896|Metals|Mercury_resistance|Mercury_resistance_protein|MERT,MEG_3896|Metals|Mercury_resistance|Mercury_resistance_protein|MERT,351,1046855,1047205,+
Escherichia_coli_JM109,E.coli.JM109.final.genome,1047227,1048600,1374,MEG_11396|Metals|Cadmium_resistance|Cadmium_resistance_chaperone|HSCC,MEG_11396|Metals|Cadmium_resistance|Cadmium_resistance_chaperone|HSCC,1680,1047363,1049042,+
Escherichia_coli_JM109,E.coli.JM109.final.genome,1048757,1050872,2116,MEG_4165|Metals|Cobalt_resistance|Cobalt_transporting_ATPase|NHLF,MEG_4165|Metals|Cobalt_resistance|Cobalt_transporting_ATPase|NHLF,1059,1049199,1050257,+
Escherichia_coli_JM109,E.coli.JM109.final.genome,1116672,1118115,1444,MEG_3882|Metals|Mercury_resistance|Mercury_resistance_regulator|MERR,MEG_3882|Metals|Mercury_resistance|Mercury_resistance_regulator|MERR,375,1116057,1116431,+
Escherichia_coli_JM109,E.coli.JM109.final.genome,1119634,1120041,408,MEG_3003|Drugs|Fosfomycin|Fosfomycin_thiol_transferases|FOSA,MEG_3003|Drugs|Fosfomycin|Fosfomycin_thiol_transferases|FOSA,347,1117950,1118296,+
Escherichia_coli_JM109,E.coli.JM109.final.genome,1122655,1125159,2505,MEG_4167|Metals|Nickel_resistance|Nickel_ABC_efflux_pumps|NIKA,MEG_4167|Metals|Nickel_resistance|Nickel_ABC_efflux_pumps|NIKA,1575,1120910,1122484,+
Escherichia_coli_JM109,E.coli.JM109.final.genome,1148415,1149608,1194,MEG_2751|Drugs|MLS|Macrolide_esterases|EREA,MEG_2751|Drugs|MLS|Macrolide_esterases|EREA,1238,1145740,1146977,+
Escherichia_coli_JM109,E.coli.JM109.final.genome,1149631,1152780,3150,MEG_1165|Metals|Arsenic_resistance|Arsenic_resistance_protein|ARSD,MEG_1165|Metals|Arsenic_resistance|Arsenic_resistance_protein|ARSD,363,1147000,1147362,+
Escherichia_coli_JM109,E.coli.JM109.final.genome,1161635,1163380,1746,MEG_3283|Metals|Nickel_resistance|Nickel_resistance_protein|HUPE,MEG_3283|Metals|Nickel_resistance|Nickel_resistance_protein|HUPE,576,1156217,1156792,+
Escherichia_coli_JM109,E.coli.JM109.final.genome,1239096,1240253,1158,MEG_2559|Drugs|Trimethoprim|Dihydrofolate_reductase|DFRB,MEG_2559|Drugs|Trimethoprim|Dihydrofolate_reductase|DFRB,237,1232508,1232744,+
Escherichia_coli_JM109,E.coli.JM109.final.genome,1255812,1256921,1110,MEG_6162|Drugs|Nucleosides|Streptothricin_acetyltransferase|SAT,MEG_6162|Drugs|Nucleosides|Streptothricin_acetyltransferase|SAT,522,1248303,1248824,+
Escherichia_coli_JM109,E.coli.JM109.final.genome,1295069,1295779,711,MEG_3837|Metals|Mercury_resistance|Mercury_resistance_protein|MERA,MEG_3837|Metals|Mercury_resistance|Mercury_resistance_protein|MERA,1686,1286972,1288657,+
Escherichia_coli_JM109,E.coli.JM109.final.genome,1372415,1373965,1551,MEG_10128|Drugs|Rifampin|Rifampin_monooyxgenase|ROX,MEG_10128|Drugs|Rifampin|Rifampin_monooyxgenase|ROX,1431,1365293,1366723,+
Escherichia_coli_JM109,E.coli.JM109.final.genome,1425736,1426680,945,MEG_1886|Drugs|betalactams|Class_C_betalactamases|CMY,MEG_1886|Drugs|betalactams|Class_C_betalactamases|CMY,1146,1418494,1419639,+
Escherichia_coli_JM109,E.coli.JM109.final.genome,1453939,1456293,2355,MEG_3745|Multi-compound|Drug_and_biocide_and_metal_resistance|Drug_and_biocide_and_metal_RND_efflux_pumps|MDTA,MEG_3745|Multi-compound|Drug_and_biocide_and_metal_resistance|Drug_and_biocide_and_metal_RND_efflux_pumps|MDTA,1257,1446898,1448154,+
Escherichia_coli_JM109,E.coli.JM109.final.genome,1459442,1459819,378,MEG_6621|Drugs|Sulfonamides|Sulfonamide-resistant_dihydropteroate_synthases|SULII,MEG_6621|Drugs|Sulfonamides|Sulfonamide-resistant_dihydropteroate_synthases|SULII,816,1451303,1452118,+
Escherichia_coli_JM109,E.coli.JM109.final.genome,1492393,1493559,1167,MEG_6179|Multi-compound|Drug_and_biocide_resistance|Drug_and_biocide_RND_efflux_pumps|SEPA,MEG_6179|Multi-compound|Drug_and_biocide_resistance|Drug_and_biocide_RND_efflux_pumps|SEPA,1149,1484692,1485840,+
Escherichia_coli_JM109,E.coli.JM109.final.genome,1518827,1519696,870,MEG_715|Metals|Arsenic_resistance|Arsenite_oxidase_regulator|AIOR,MEG_715|Metals|Arsenic_resistance|Arsenite_oxidase_regulator|AIOR,1329,1511108,1512436,+
Escherichia_coli_JM109,E.coli.JM109.final.genome,1585618,1586850,1233,MEG_3013|Drugs|Fosfomycin|Fosfomycin_thiol_transferases|FOSB,MEG_3013|Drugs|Fosfomycin|Fosfomycin_thiol_transferases|FOSB,420,1578358,1578777,+
Escherichia_coli_JM109,E.coli.JM109.final.genome,1642495,1644219,1725,MEG_1726|Drugs|Multi-drug_resistance|MDR_23S_ribosomal_RNA_methyltransferase|CLBA,MEG_1726|Drugs|Multi-drug_resistance|MDR_23S_ribosomal_RNA_methyltransferase|CLBA,1050,1634422,1635471,+
Escherichia_coli_JM109,E.coli.JM109.final.genome,1684588,1687284,2697,MEG_7045|Drugs|Tetracyclines|Tetracycline_resistance_MFS_efflux_pumps|TETB,MEG_7045|Drugs|Tetracyclines|Tetracycline_resistance_MFS_efflux_pumps|TETB,1206,1675840,1677045,+
Escherichia_coli_JM109,E.coli.JM109.final.genome,1776741,1777874,1134,MEG_3877|Metals|Mercury_resistance|Mercury_resistance_protein|MERP,MEG_3877|Metals|Mercury_resistance|Mercury_resistance_protein|MERP,276,1766502,1766777,+
Escherichia_coli_JM109,E.coli.JM109.final.genome,1778493,1778960,468,MEG_4214|Drugs|Aminocoumarins|Aminocoumarin_efflux_pump|NOVA,MEG_4214|Drugs|Aminocoumarins|Aminocoumarin_efflux_pump|NOVA,1848,1767396,1769243,+
Escherichia_coli_JM109,E.coli.JM109.final.genome,1790329,1790667,339,MEG_7833|Multi-compound|Biocide_and_metal_resistance|Biocide_and_metal_resistance_protein|YHCN,MEG_7833|Multi-compound|Biocide_and_metal_resistance|Biocide_and_metal_resistance_protein|YHCN,315,1780612,1780926,+
Escherichia_coli_JM109,E.coli.JM109.final.genome,1820095,1821738,1644,MEG_3845|Metals|Mercury_resistance|Mercury_resistance_protein|MERA,MEG_3845|Metals|Mercury_resistance|Mercury_resistance_protein|MERA,1689,1810354,1812042,+
Escherichia_coli_JM109,E.coli.JM109.final.genome,1851576,1856121,4546,MEG_2148|Drugs|betalactams|Class_A_betalactamases|CTX,MEG_2148|Drugs|betalactams|Class_A_betalactamases|CTX,876,1841880,1842755,+
Escherichia_coli_JM109,E.coli.JM109.final.genome,1870672,1872321,1650,MEG_11364|Metals|Arsenic_resistance|Arsenic_resistance_N-acetyltransferases|ARSN2,MEG_11364|Metals|Arsenic_resistance|Arsenic_resistance_N-acetyltransferases|ARSN2,435,1857306,1857740,+
Escherichia_coli_JM109,E.coli.JM109.final.genome,1877641,1878105,465,MEG_2423|Drugs|betalactams|Class_A_betalactamases|CTX,MEG_2423|Drugs|betalactams|Class_A_betalactamases|CTX,1174,1863060,1864233,+
Escherichia_coli_JM109,E.coli.JM109.final.genome,1878191,1878514,324,MEG_4369|Multi-compound|Drug_and_biocide_resistance|Drug_and_biocide_RND_efflux_pumps|OQXB,MEG_4369|Multi-compound|Drug_and_biocide_resistance|Drug_and_biocide_RND_efflux_pumps|OQXB,3153,1864319,1867471,+
Escherichia_coli_JM109,E.coli.JM109.final.genome,1895571,1896086,516,MEG_2458|Metals|Copper_resistance|Copper_resistance_protein|CUTF,MEG_2458|Metals|Copper_resistance|Copper_resistance_protein|CUTF,711,1884528,1885238,+
Escherichia_coli_JM109,E.coli.JM109.final.genome,1931946,1932770,825,MEG_2550|Drugs|Trimethoprim|Dihydrofolate_reductase|DFRA,MEG_2550|Drugs|Trimethoprim|Dihydrofolate_reductase|DFRA,474,1921098,1921571,+
Escherichia_coli_JM109,E.coli.JM109.final.genome,1941957,1942340,384,MEG_6542|Biocides|Peroxide_resistance|peroxide_resistance_protein|SODA,MEG_6542|Biocides|Peroxide_resistance|peroxide_resistance_protein|SODA,621,1930758,1931378,+
Escherichia_coli_JM109,E.coli.JM109.final.genome,1950932,1953651,2720,MEG_4090|Drugs|Mupirocin|Mupirocin-resistant_isoleucyl-tRNA_synthetase|MUPA,MEG_4090|Drugs|Mupirocin|Mupirocin-resistant_isoleucyl-tRNA_synthetase|MUPA,3075,1939970,1943044,+
Escherichia_coli_JM109,E.coli.JM109.final.genome,2037480,2038325,846,MEG_4181|Drugs|Metronidazole|nim_nitroimidazole_reductase|NIMC,MEG_4181|Drugs|Metronidazole|nim_nitroimidazole_reductase|NIMC,492,2026873,2027364,+
Escherichia_coli_JM109,E.coli.JM109.final.genome,2048199,2049101,903,MEG_10160|Drugs|Aminoglycosides|Aminoglycoside_N-acetyltransferases|AAC6-PRIME,MEG_10160|Drugs|Aminoglycosides|Aminoglycoside_N-acetyltransferases|AAC6-PRIME,555,2037238,2037792,+
Escherichia_coli_JM109,E.coli.JM109.final.genome,2049900,2051968,2069,MEG_3870|Metals|Mercury_resistance|Mercury_resistance_protein|MERF,MEG_3870|Metals|Mercury_resistance|Mercury_resistance_protein|MERF,246,2038591,2038836,+
Escherichia_coli_JM109,E.coli.JM109.final.genome,2054140,2054760,621,MEG_308|Drugs|Aminoglycosides|Aminoglycoside_N-acetyltransferases|AAC6-PRIME,MEG_308|Drugs|Aminoglycosides|Aminoglycoside_N-acetyltransferases|AAC6-PRIME,570,2041008,2041577,+
Escherichia_coli_JM109,E.coli.JM109.final.genome,2111526,2112152,627,MEG_6562|Metals|Chromium_resistance|Chromium_resistance_protein|SRPCC,MEG_6562|Metals|Chromium_resistance|Chromium_resistance_protein|SRPCC,1182,2098343,2099524,+
Escherichia_coli_JM109,E.coli.JM109.final.genome,2153186,2154136,951,MEG_3067|Drugs|Fusidic_acid|Ribosomal_zinc-binding_protein|FUSB,MEG_3067|Drugs|Fusidic_acid|Ribosomal_zinc-binding_protein|FUSB,642,2140558,2141199,+
Escherichia_coli_JM109,E.coli.JM109.final.genome,2244028,2245068,1041,MEG_7325|Metals|Tungsten_Resistance|Tungsten_ABC_efflux_pumps|TUPC,MEG_7325|Metals|Tungsten_Resistance|Tungsten_ABC_efflux_pumps|TUPC,645,2231091,2231735,+
Escherichia_coli_JM109,E.coli.JM109.final.genome,2245155,2247004,1850,MEG_11371|Drugs|MLS|Macrolide_esterases|BRB,MEG_11371|Drugs|MLS|Macrolide_esterases|BRB,852,2231822,2232673,+
Escherichia_coli_JM109,E.coli.JM109.final.genome,2247187,2247960,774,MEG_1586|Drugs|Phenicol|Chloramphenicol_acetyltransferases|CATA,MEG_1586|Drugs|Phenicol|Chloramphenicol_acetyltransferases|CATA,648,2232856,2233503,+
Escherichia_coli_JM109,E.coli.JM109.final.genome,2260335,2260901,567,MEG_7632|Drugs|MLS|Streptogramin_A_O-acetyltransferase|VATE,MEG_7632|Drugs|MLS|Streptogramin_A_O-acetyltransferase|VATE,645,2245878,2246522,+
Escherichia_coli_JM109,E.coli.JM109.final.genome,2288131,2288544,414,MEG_3027|Drugs|Fosfomycin|Fosfomycin_thiol_transferases|FOSX,MEG_3027|Drugs|Fosfomycin|Fosfomycin_thiol_transferases|FOSX,402,2273752,2274153,+
Escherichia_coli_JM109,E.coli.JM109.final.genome,2288650,2289084,435,MEG_1128|Drugs|Rifampin|Rifampin_ADP-ribosyltransferase_Arr|ARR,MEG_1128|Drugs|Rifampin|Rifampin_ADP-ribosyltransferase_Arr|ARR,432,2274259,2274690,+
Escherichia_coli_JM109,E.coli.JM109.final.genome,2300447,2301637,1191,MEG_6516|Multi-compound|Biocide_and_metal_resistance|Biocide_and_metal_ABC_efflux_pumps|SITD,MEG_6516|Multi-compound|Biocide_and_metal_resistance|Biocide_and_metal_ABC_efflux_pumps|SITD,849,2286053,2286901,+
Escherichia_coli_JM109,E.coli.JM109.final.genome,2318451,2318612,162,MEG_1015|Drugs|Aminoglycosides|Aminoglycoside_O-phosphotransferases|APH2-DPRIME,MEG_1015|Drugs|Aminoglycosides|Aminoglycoside_O-phosphotransferases|APH2-DPRIME,906,2303715,2304620,+
Escherichia_coli_JM109,E.coli.JM109.final.genome,2489311,2490707,1397,MEG_9961|Multi-compound|Drug_and_biocide_and_metal_resistance|Drug_and_biocide_and_metal_RND_efflux_regulator|BAER,MEG_9961|Multi-compound|Drug_and_biocide_and_metal_resistance|Drug_and_biocide_and_metal_RND_efflux_regulator|BAER,723,2475319,2476041,+
Escherichia_coli_JM109,E.coli.JM109.final.genome,2491077,2491901,825,MEG_5823|Multi-compound|Drug_and_biocide_resistance|Drug_and_biocide_MFS_efflux_pumps|QACAB,MEG_5823|Multi-compound|Drug_and_biocide_resistance|Drug_and_biocide_MFS_efflux_pumps|QACAB,1545,2476411,2477955,+
Escherichia_coli_JM109,E.coli.JM109.final.genome,2492269,2492997,729,MEG_3256|Biocides|Acid_resistance|Acid_resistance_protein|HEFA,MEG_3256|Biocides|Acid_resistance|Acid_resistance_protein|HEFA,1434,2478323,2479756,+
Escherichia_coli_JM109,E.coli.JM109.final.genome,2493360,2496473,3114,MEG_2079|Metals|Copper_resistance|Copper_resistance_protein|COPV,MEG_2079|Metals|Copper_resistance|Copper_resistance_protein|COPV,354,2480119,2480472,+
Escherichia_coli_JM109,E.coli.JM109.final.genome,2496498,2497655,1158,MEG_1588|Drugs|Phenicol|Chloramphenicol_acetyltransferases|CATA,MEG_1588|Drugs|Phenicol|Chloramphenicol_acetyltransferases|CATA,642,2480497,2481138,+
Escherichia_coli_JM109,E.coli.JM109.final.genome,2497994,2498521,528,MEG_6998|Drugs|Tetracyclines|Tetracycline_resistance_ribosomal_protection_proteins|TET44,MEG_6998|Drugs|Tetracyclines|Tetracycline_resistance_ribosomal_protection_proteins|TET44,1923,2481477,2483399,+
Escherichia_coli_JM109,E.coli.JM109.final.genome,2500147,2500479,333,MEG_3142|Multi-compound|Biocide_and_metal_resistance|Biocide_and_metal_resistance_protein|GLPF,MEG_3142|Multi-compound|Biocide_and_metal_resistance|Biocide_and_metal_resistance_protein|GLPF,846,2485025,2485870,+
Escherichia_coli_JM109,E.coli.JM109.final.genome,2500583,2500921,339,MEG_2036|Metals|Copper_resistance|Copper_resistance_protein|COPB,MEG_2036|Metals|Copper_resistance|Copper_resistance_protein|COPB,855,2485974,2486828,+
Escherichia_coli_JM109,E.coli.JM109.final.genome,2506224,2506649,426,MEG_3077|Biocides|Acid_resistance|Acid_resistance_protein|GADA,MEG_3077|Biocides|Acid_resistance|Acid_resistance_protein|GADA,852,2492131,2492982,+
Escherichia_coli_JM109,E.coli.JM109.final.genome,2506662,2507951,1290,MEG_7287|Multi-compound|Drug_and_biocide_resistance|Drug_and_biocide_RND_efflux_pumps|TTGA,MEG_7287|Multi-compound|Drug_and_biocide_resistance|Drug_and_biocide_RND_efflux_pumps|TTGA,1155,2492995,2494149,+
Escherichia_coli_JM109,E.coli.JM109.final.genome,2508005,2508358,354,MEG_8662|Drugs|Metronidazole|rdxA_nitroimidazole_reductase|RDXA,MEG_8662|Drugs|Metronidazole|rdxA_nitroimidazole_reductase|RDXA,633,2494203,2494835,+
Escherichia_coli_JM109,E.coli.JM109.final.genome,2517745,2519244,1500,MEG_7503|Drugs|Glycopeptides|VanC-type_regulator|VANSC,MEG_7503|Drugs|Glycopeptides|VanC-type_regulator|VANSC,1065,2504222,2505286,+
Escherichia_coli_JM109,E.coli.JM109.final.genome,2537865,2538296,432,MEG_6641|Drugs|Sulfonamides|Flavin_reductase|SULR,MEG_6641|Drugs|Sulfonamides|Flavin_reductase|SULR,585,2523907,2524491,+
Escherichia_coli_JM109,E.coli.JM109.final.genome,2538302,2543217,4916,MEG_6052|Metals|Chromium_resistance|Chromium_resistance_protein|RECG,MEG_6052|Metals|Chromium_resistance|Chromium_resistance_protein|RECG,472,2524497,2524968,+
Escherichia_coli_JM109,E.coli.JM109.final.genome,2548235,2550433,2199,MEG_4077|Multi-compound|Drug_and_biocide_resistance|Drug_and_biocide_RND_efflux_regulator|MTRA,MEG_4077|Multi-compound|Drug_and_biocide_resistance|Drug_and_biocide_RND_efflux_regulator|MTRA,906,2529986,2530891,+
Escherichia_coli_JM109,E.coli.JM109.final.genome,2670133,2670765,633,MEG_2802|Drugs|MLS|23S_rRNA_methyltransferases|ERMB,MEG_2802|Drugs|MLS|23S_rRNA_methyltransferases|ERMB,738,2650591,2651328,+
Escherichia_coli_JM109,E.coli.JM109.final.genome,2717755,2718180,426,MEG_1568|Drugs|Phenicol|Chloramphenicol_acetyltransferases|CATA,MEG_1568|Drugs|Phenicol|Chloramphenicol_acetyltransferases|CATA,642,2698318,2698959,+
Escherichia_coli_JM109,E.coli.JM109.final.genome,2738745,2741849,3105,MEG_7412|Drugs|Glycopeptides|VanA-type_resistance_protein|VANHA,MEG_7412|Drugs|Glycopeptides|VanA-type_resistance_protein|VANHA,2607,2719524,2722130,+
Escherichia_coli_JM109,E.coli.JM109.final.genome,2741861,2743018,1158,MEG_3894|Metals|Mercury_resistance|Mercury_resistance_protein|MERT,MEG_3894|Metals|Mercury_resistance|Mercury_resistance_protein|MERT,351,2722142,2722492,+
Escherichia_coli_JM109,E.coli.JM109.final.genome,2743417,2744079,663,MEG_4089|Drugs|Mupirocin|Mupirocin-resistant_isoleucyl-tRNA_synthetase|MUPA,MEG_4089|Drugs|Mupirocin|Mupirocin-resistant_isoleucyl-tRNA_synthetase|MUPA,3075,2722891,2725965,+
Escherichia_coli_JM109,E.coli.JM109.final.genome,2771081,2771395,315,MEG_8674|Drugs|Rifampin|Rifampin-resistant_beta-subunit_of_RNA_polymerase_RpoB|RPOB,MEG_8674|Drugs|Rifampin|Rifampin-resistant_beta-subunit_of_RNA_polymerase_RpoB|RPOB,3561,2752967,2756527,+
Escherichia_coli_JM109,E.coli.JM109.final.genome,2941726,2942490,765,MEG_2918|Drugs|Phenicol|Phenicol_resistance_MFS_efflux_pumps|FLOR,MEG_2918|Drugs|Phenicol|Phenicol_resistance_MFS_efflux_pumps|FLOR,1215,2926858,2928072,+
Escherichia_coli_JM109,E.coli.JM109.final.genome,2954085,2954906,822,MEG_3857|Metals|Mercury_resistance|Mercury_resistance_protein|MERC,MEG_3857|Metals|Mercury_resistance|Mercury_resistance_protein|MERC,423,2939667,2940089,+
Escherichia_coli_JM109,E.coli.JM109.final.genome,2974893,2975690,798,MEG_1154|Metals|Arsenic_resistance|Arsenic_resistance_protein|ARSC,MEG_1154|Metals|Arsenic_resistance|Arsenic_resistance_protein|ARSC,396,2960076,2960471,+
Escherichia_coli_JM109,E.coli.JM109.final.genome,2979966,2980107,142,MEG_7507|Drugs|Glycopeptides|VanD-type_regulator|VANSD,MEG_7507|Drugs|Glycopeptides|VanD-type_regulator|VANSD,1146,2964747,2965892,+
Escherichia_coli_JM109,E.coli.JM109.final.genome,2988540,2988932,393,MEG_4203|Biocides|Paraquat_resistance|Paraquat_resistance_protein|NMPC,MEG_4203|Biocides|Paraquat_resistance|Paraquat_resistance_protein|NMPC,1089,2974325,2975413,+
Escherichia_coli_JM109,E.coli.JM109.final.genome,3021845,3023337,1493,MEG_237|Drugs|Aminoglycosides|Aminoglycoside_N-acetyltransferases|AAC6-PRIME,MEG_237|Drugs|Aminoglycosides|Aminoglycoside_N-acetyltransferases|AAC6-PRIME,555,3008326,3008880,+
Escherichia_coli_JM109,E.coli.JM109.final.genome,3119394,3120104,711,MEG_3063|Metals|Iron_resistance|Iron_resistance_regulator|FURA,MEG_3063|Metals|Iron_resistance|Iron_resistance_regulator|FURA,444,3104937,3105380,+
Escherichia_coli_JM109,E.coli.JM109.final.genome,3291827,3292855,1029,MEG_7803|Biocides|Multi-biocide_resistance|Multi-biocide_MATE_efflux_pump|VMRA,MEG_7803|Biocides|Multi-biocide_resistance|Multi-biocide_MATE_efflux_pump|VMRA,1344,3277103,3278446,+
Escherichia_coli_JM109,E.coli.JM109.final.genome,3331071,3331232,162,MEG_5912|Drugs|Fluoroquinolones|Quinolone_resistance_protein_Qnr|QNRB,MEG_5912|Drugs|Fluoroquinolones|Quinolone_resistance_protein_Qnr|QNRB,645,3316662,3317306,+
Escherichia_coli_JM109,E.coli.JM109.final.genome,3332403,3332569,167,MEG_7168|Drugs|Tetracyclines|Tetracycline_resistance_ribosomal_protection_proteins|TETO,MEG_7168|Drugs|Tetracyclines|Tetracycline_resistance_ribosomal_protection_proteins|TETO,1920,3318477,3320396,+
Escherichia_coli_JM109,E.coli.JM109.final.genome,3347935,3349473,1539,MEG_3285|Metals|Nickel_resistance|Nickel_resistance_protein|HUPN,MEG_3285|Metals|Nickel_resistance|Nickel_resistance_protein|HUPN,327,3335762,3336088,+
Escherichia_coli_JM109,E.coli.JM109.final.genome,3349490,3350662,1173,MEG_7836|Multi-compound|Biocide_and_metal_resistance|Biocide_and_metal_resistance_protein|YJAA,MEG_7836|Multi-compound|Biocide_and_metal_resistance|Biocide_and_metal_resistance_protein|YJAA,384,3336105,3336488,+
Escherichia_coli_JM109,E.coli.JM109.final.genome,3350789,3351319,531,MEG_6013|Drugs|Fluoroquinolones|Quinolone_resistance_protein_Qnr|QNRD,MEG_6013|Drugs|Fluoroquinolones|Quinolone_resistance_protein_Qnr|QNRD,645,3336615,3337259,+
Escherichia_coli_JM109,E.coli.JM109.final.genome,3412029,3412712,684,MEG_7144|Drugs|Tetracyclines|Tetracycline_resistance_ribosomal_protection_proteins|TETM,MEG_7144|Drugs|Tetracyclines|Tetracycline_resistance_ribosomal_protection_proteins|TETM,1920,3397969,3399888,+
Escherichia_coli_JM109,E.coli.JM109.final.genome,3550209,3550685,477,MEG_6021|Drugs|Fluoroquinolones|Quinolone_resistance_protein_Qnr|QNRS,MEG_6021|Drugs|Fluoroquinolones|Quinolone_resistance_protein_Qnr|QNRS,657,3537385,3538041,+
Escherichia_coli_JM109,E.coli.JM109.final.genome,3571371,3574484,3114,MEG_2665|Multi-compound|Biocide_and_metal_resistance|Biocide_and_metal_resistance_protein|DPSA,MEG_2665|Multi-compound|Biocide_and_metal_resistance|Biocide_and_metal_resistance_protein|DPSA,489,3558727,3559215,+
Escherichia_coli_JM109,E.coli.JM109.final.genome,3605883,3607187,1305,MEG_11332|Metals|Arsenic_resistance|Arsenic_resistance_regulator|ARSR,MEG_11332|Metals|Arsenic_resistance|Arsenic_resistance_regulator|ARSR,351,3590614,3590964,+
Escherichia_coli_JM109,E.coli.JM109.final.genome,3642583,3643821,1239,MEG_7075|Drugs|Tetracyclines|Tetracycline_resistance_MFS_efflux_pumps|TETE,MEG_7075|Drugs|Tetracyclines|Tetracycline_resistance_MFS_efflux_pumps|TETE,1170,3626360,3627529,+
Escherichia_coli_JM109,E.coli.JM109.final.genome,3667322,3670915,3594,MEG_5813|Metals|Arsenic_resistance|Arsenic_resistance_protein|PSTA,MEG_5813|Metals|Arsenic_resistance|Arsenic_resistance_protein|PSTA,891,3651030,3651920,+
Escherichia_coli_JM109,E.coli.JM109.final.genome,3670920,3671534,615,MEG_6019|Drugs|Fluoroquinolones|Quinolone_resistance_protein_Qnr|QNRS,MEG_6019|Drugs|Fluoroquinolones|Quinolone_resistance_protein_Qnr|QNRS,656,3651925,3652580,+
Escherichia_coli_JM109,E.coli.JM109.final.genome,3671950,3674651,2702,MEG_3868|Metals|Mercury_resistance|Mercury_resistance_protein|MERE,MEG_3868|Metals|Mercury_resistance|Mercury_resistance_protein|MERE,237,3652996,3653232,+
Escherichia_coli_JM109,E.coli.JM109.final.genome,3788449,3789417,969,MEG_1684|Drugs|Multi-drug_resistance|MDR_23S_ribosomal_RNA_methyltransferase|CFRB,MEG_1684|Drugs|Multi-drug_resistance|MDR_23S_ribosomal_RNA_methyltransferase|CFRB,1050,3767030,3768079,+
Escherichia_coli_JM109,E.coli.JM109.final.genome,3844018,3844261,244,MEG_8216|Drugs|betalactams|Class_A_betalactamases|LEN,MEG_8216|Drugs|betalactams|Class_A_betalactamases|LEN,861,3822680,3823540,+
Escherichia_coli_JM109,E.coli.JM109.final.genome,3844558,3844781,224,MEG_3843|Metals|Mercury_resistance|Mercury_resistance_protein|MERA,MEG_3843|Metals|Mercury_resistance|Mercury_resistance_protein|MERA,1707,3823837,3825543,+
Escherichia_coli_JM109,E.coli.JM109.final.genome,3847873,3849516,1644,MEG_4182|Drugs|Metronidazole|nim_nitroimidazole_reductase|NIMD,MEG_4182|Drugs|Metronidazole|nim_nitroimidazole_reductase|NIMD,495,3828635,3829129,+
Escherichia_coli_JM109,E.coli.JM109.final.genome,3876614,3877804,1191,MEG_9960|Drugs|betalactams|Class_B_betalactamases|KHM,MEG_9960|Drugs|betalactams|Class_B_betalactamases|KHM,720,3856227,3856946,+
Escherichia_coli_JM109,E.coli.JM109.final.genome,3969076,3969414,339,MEG_4169|Metals|Nickel_resistance|Nickel_ABC_efflux_pumps|NIKB,MEG_4169|Metals|Nickel_resistance|Nickel_ABC_efflux_pumps|NIKB,945,3948218,3949162,+
Escherichia_coli_JM109,E.coli.JM109.final.genome,3969633,3970457,825,MEG_1761|Drugs|Phenicol|Phenicol_resistance_MFS_efflux_pumps|CMLA,MEG_1761|Drugs|Phenicol|Phenicol_resistance_MFS_efflux_pumps|CMLA,1260,3949381,3950640,+
Escherichia_coli_JM109,E.coli.JM109.final.genome,3970578,3970850,273,MEG_2663|Multi-compound|Biocide_and_metal_resistance|Biocide_and_metal_resistance_protein|DPSA,MEG_2663|Multi-compound|Biocide_and_metal_resistance|Biocide_and_metal_resistance_protein|DPSA,489,3950761,3951249,+
Escherichia_coli_JM109,E.coli.JM109.final.genome,3992573,3994695,2123,MEG_4004|Metals|Multi-metal_resistance|Multi-metal_ABC_efflux_pumps|MODB,MEG_4004|Metals|Multi-metal_resistance|Multi-metal_ABC_efflux_pumps|MODB,605,3972972,3973576,+
Escherichia_coli_JM109,E.coli.JM109.final.genome,3996108,4003555,7448,MEG_5979|Drugs|Fluoroquinolones|Quinolone_resistance_protein_Qnr|QNRB,MEG_5979|Drugs|Fluoroquinolones|Quinolone_resistance_protein_Qnr|QNRB,645,3974989,3975633,+
Escherichia_coli_JM109,E.coli.JM109.final.genome,4015959,4017811,1853,MEG_1026|Drugs|Aminoglycosides|Aminoglycoside_O-phosphotransferases|APH3-DPRIME,MEG_1026|Drugs|Aminoglycosides|Aminoglycoside_O-phosphotransferases|APH3-DPRIME,816,3988037,3988852,+
Escherichia_coli_JM109,E.coli.JM109.final.genome,4057957,4059123,1167,MEG_8237|Drugs|Lipopeptides|Colistin_phosphoethanolamine_transferase|MCR,MEG_8237|Drugs|Lipopeptides|Colistin_phosphoethanolamine_transferase|MCR,1626,4028998,4030623,+
Escherichia_coli_JM109,E.coli.JM109.final.genome,4097913,4099318,1406,MEG_8071|Drugs|Trimethoprim|Dihydrofolate_reductase|DFRE,MEG_8071|Drugs|Trimethoprim|Dihydrofolate_reductase|DFRE,495,4069413,4069907,+
Escherichia_coli_JM109,E.coli.JM109.final.genome,4115545,4116195,651,MEG_2558|Drugs|Trimethoprim|Dihydrofolate_reductase|DFRB,MEG_2558|Drugs|Trimethoprim|Dihydrofolate_reductase|DFRB,237,4086134,4086370,+
Escherichia_coli_JM109,E.coli.JM109.final.genome,4122329,4122502,174,MEG_6583|Drugs|Sulfonamides|Sulfonamide-resistant_dihydropteroate_synthases|SULI,MEG_6583|Drugs|Sulfonamides|Sulfonamide-resistant_dihydropteroate_synthases|SULI,840,4092504,4093343,+
Escherichia_coli_JM109,E.coli.JM109.final.genome,4132357,4132584,228,MEG_2997|Drugs|Fosfomycin|Fosfomycin_thiol_transferases|FOSA,MEG_2997|Drugs|Fosfomycin|Fosfomycin_thiol_transferases|FOSA,576,4103198,4103773,+
Escherichia_coli_JM109,E.coli.JM109.final.genome,4197528,4198274,747,MEG_6299|Drugs|betalactams|Class_A_betalactamases|SHV,MEG_6299|Drugs|betalactams|Class_A_betalactamases|SHV,900,4168717,4169616,+
Escherichia_coli_JM109,E.coli.JM109.final.genome,4212595,4214132,1538,MEG_4353|Multi-compound|Drug_and_biocide_resistance|Drug_and_biocide_RND_efflux_pumps|OQXB,MEG_4353|Multi-compound|Drug_and_biocide_resistance|Drug_and_biocide_RND_efflux_pumps|OQXB,3153,4183937,4187089,+
Escherichia_coli_JM109,E.coli.JM109.final.genome,4214211,4215143,933,MEG_10192|Drugs|Multi-drug_resistance|Multi-drug_ABC_efflux_pumps|SALE,MEG_10192|Drugs|Multi-drug_resistance|Multi-drug_ABC_efflux_pumps|SALE,1632,4187168,4188799,+
Escherichia_coli_JM109,E.coli.JM109.final.genome,4250540,4251106,567,MEG_7494|Drugs|Glycopeptides|VanB-type_regulator|VANSB,MEG_7494|Drugs|Glycopeptides|VanB-type_regulator|VANSB,1365,4224196,4225560,+
Escherichia_coli_JM109,E.coli.JM109.final.genome,4411964,4413337,1374,MEG_4178|Drugs|Metronidazole|nim_nitroimidazole_reductase|NIMA,MEG_4178|Drugs|Metronidazole|nim_nitroimidazole_reductase|NIMA,457,4386418,4386874,+
Escherichia_coli_JM109,E.coli.JM109.final.genome,4420835,4421416,582,MEG_4383|Drugs|Tetracyclines|Tetracycline_resistance_ABC_efflux_pumps|OTRC,MEG_4383|Drugs|Tetracyclines|Tetracycline_resistance_ABC_efflux_pumps|OTRC,1056,4394372,4395427,+
Escherichia_coli_JM109,E.coli.JM109.final.genome,4483326,4484007,682,MEG_7537|Drugs|Glycopeptides|VanA-type_accessory_protein|VANWA,MEG_7537|Drugs|Glycopeptides|VanA-type_accessory_protein|VANWA,816,4457337,4458152,+
Escherichia_coli_JM109,E.coli.JM109.final.genome,4485143,4485478,336,MEG_7545|Drugs|Glycopeptides|VanI-type_accessory_protein|VANWI,MEG_7545|Drugs|Glycopeptides|VanI-type_accessory_protein|VANWI,1122,4459288,4460409,+
Escherichia_coli_b2207,E.coli.b2207.final.plasmid,13158,16607,3450,MEG_2838|Drugs|MLS|23S_rRNA_methyltransferases|ERMN,MEG_2838|Drugs|MLS|23S_rRNA_methyltransferases|ERMN,876,13158,14033,+
Escherichia_coli_b2207,E.coli.b2207.final.genome,60261,61370,1110,MEG_716|Metals|Arsenic_resistance|Arsenite_oxidase_regulator|AIOS,MEG_716|Metals|Arsenic_resistance|Arsenite_oxidase_regulator|AIOS,1467,60261,61727,+
Escherichia_coli_b2207,E.coli.b2207.final.genome,74333,75490,1158,MEG_1706|Metals|Chromium_resistance|Chromium_resistance_protein|CHRA,MEG_1706|Metals|Chromium_resistance|Chromium_resistance_protein|CHRA,1377,74690,76066,+
Escherichia_coli_b2207,E.coli.b2207.final.genome,149857,151602,1746,MEG_2563|Drugs|Trimethoprim|Dihydrofolate_reductase|DFRB,MEG_2563|Drugs|Trimethoprim|Dihydrofolate_reductase|DFRB,237,150433,150669,+
Escherichia_coli_b2207,E.coli.b2207.final.genome,171642,174791,3150,MEG_7865|Multi-compound|Biocide_and_metal_resistance|Biocide_and_metal_resistance_protein|ZUPT,MEG_7865|Multi-compound|Biocide_and_metal_resistance|Biocide_and_metal_resistance_protein|ZUPT,798,170709,171506,+
Escherichia_coli_b2207,E.coli.b2207.final.genome,174814,176007,1194,MEG_5827|Multi-compound|Drug_and_biocide_resistance|Drug_and_biocide_SMR_efflux_pumps|QACE,MEG_5827|Multi-compound|Drug_and_biocide_resistance|Drug_and_biocide_SMR_efflux_pumps|QACE,333,171529,171861,+
Escherichia_coli_b2207,E.coli.b2207.final.genome,199251,201755,2505,MEG_4377|Multi-compound|Biocide_and_metal_resistance|Biocide_and_metal_resistance_protein|OSCA,MEG_4377|Multi-compound|Biocide_and_metal_resistance|Biocide_and_metal_resistance_protein|OSCA,183,195105,195287,+
Escherichia_coli_b2207,E.coli.b2207.final.genome,204369,204776,408,MEG_7073|Drugs|Tetracyclines|Tetracycline_resistance_MFS_efflux_pumps|TETE,MEG_7073|Drugs|Tetracyclines|Tetracycline_resistance_MFS_efflux_pumps|TETE,1218,197901,199118,+
Escherichia_coli_b2207,E.coli.b2207.final.genome,206295,207738,1444,MEG_1160|Metals|Arsenic_resistance|Arsenic_resistance_protein|ARSC,MEG_1160|Metals|Arsenic_resistance|Arsenic_resistance_protein|ARSC,396,200637,201032,+
Escherichia_coli_b2207,E.coli.b2207.final.genome,268365,269381,1017,MEG_11244|Drugs|Fosfomycin|Fosfomycin_thiol_transferases|FOSA,MEG_11244|Drugs|Fosfomycin|Fosfomycin_thiol_transferases|FOSA,423,261659,262081,+
Escherichia_coli_b2207,E.coli.b2207.final.genome,310050,312165,2116,MEG_3854|Metals|Mercury_resistance|Mercury_resistance_protein|MERB,MEG_3854|Metals|Mercury_resistance|Mercury_resistance_protein|MERB,630,302750,303379,+
Escherichia_coli_b2207,E.coli.b2207.final.genome,312322,313695,1374,MEG_5903|Drugs|Fluoroquinolones|Quinolone_resistance_protein_Qnr|QNRB,MEG_5903|Drugs|Fluoroquinolones|Quinolone_resistance_protein_Qnr|QNRB,645,303536,304180,+
Escherichia_coli_b2207,E.coli.b2207.final.genome,313853,314185,333,MEG_4344|Multi-compound|Drug_and_biocide_resistance|Drug_and_biocide_RND_efflux_pumps|OQXB,MEG_4344|Multi-compound|Drug_and_biocide_resistance|Drug_and_biocide_RND_efflux_pumps|OQXB,3153,304338,307490,+
Escherichia_coli_b2207,E.coli.b2207.final.genome,314201,315424,1224,MEG_1561|Drugs|Phenicol|Chloramphenicol_acetyltransferases|CATA,MEG_1561|Drugs|Phenicol|Chloramphenicol_acetyltransferases|CATA,660,307506,308165,+
Escherichia_coli_b2207,E.coli.b2207.final.genome,315436,318579,3144,MEG_1181|Biocides|Acid_resistance|Acid_resistance_protein|ASR,MEG_1181|Biocides|Acid_resistance|Acid_resistance_protein|ASR,336,308177,308512,+
Escherichia_coli_b2207,E.coli.b2207.final.genome,383022,384923,1902,MEG_11242|Drugs|Fosfomycin|Fosfomycin_thiol_transferases|FOSA,MEG_11242|Drugs|Fosfomycin|Fosfomycin_thiol_transferases|FOSA,423,372955,373377,+
Escherichia_coli_b2207,E.coli.b2207.final.genome,398489,400099,1611,MEG_2448|Metals|Multi-metal_resistance|Multi-metal_RND_efflux_pumps|CUSC,MEG_2448|Metals|Multi-metal_resistance|Multi-metal_RND_efflux_pumps|CUSC,1374,386943,388316,+
Escherichia_coli_b2207,E.coli.b2207.final.genome,404850,406388,1539,MEG_7621|Drugs|MLS|Streptogramin_A_O-acetyltransferase|VATA,MEG_7621|Drugs|MLS|Streptogramin_A_O-acetyltransferase|VATA,660,393067,393726,+
Escherichia_coli_b2207,E.coli.b2207.final.genome,406413,407235,823,MEG_10190|Drugs|Tetracyclines|Tetracycline_resistance_ABC_efflux_pumps|TETB60,MEG_10190|Drugs|Tetracyclines|Tetracycline_resistance_ABC_efflux_pumps|TETB60,1740,393751,395490,+
Escherichia_coli_b2207,E.coli.b2207.final.genome,432228,432371,144,MEG_6596|Drugs|Sulfonamides|Sulfonamide-resistant_dihydropteroate_synthases|SULI,MEG_6596|Drugs|Sulfonamides|Sulfonamide-resistant_dihydropteroate_synthases|SULI,840,420483,421322,+
Escherichia_coli_b2207,E.coli.b2207.final.genome,436333,437010,678,MEG_3167|Metals|Gold_resistance|Gold_resistance_regulator|GOLS,MEG_3167|Metals|Gold_resistance|Gold_resistance_regulator|GOLS,465,425284,425748,+
Escherichia_coli_b2207,E.coli.b2207.final.genome,498945,499886,942,MEG_7151|Drugs|Tetracyclines|Tetracycline_resistance_ribosomal_protection_proteins|TETO,MEG_7151|Drugs|Tetracyclines|Tetracycline_resistance_ribosomal_protection_proteins|TETO,1920,487683,489602,+
Escherichia_coli_b2207,E.coli.b2207.final.genome,508919,509707,789,MEG_11506|Drugs|Aminoglycosides|Aminoglycoside_O-nucleotidyltransferases|ANT6,MEG_11506|Drugs|Aminoglycosides|Aminoglycoside_O-nucleotidyltransferases|ANT6,669,498635,499303,+
Escherichia_coli_b2207,E.coli.b2207.final.genome,510152,511615,1464,MEG_3839|Metals|Mercury_resistance|Mercury_resistance_protein|MERA,MEG_3839|Metals|Mercury_resistance|Mercury_resistance_protein|MERA,359,499748,500106,+
Escherichia_coli_b2207,E.coli.b2207.final.genome,511617,512675,1059,MEG_2874|Biocides|Phenolic_compound_resistance|Phenolic_resistance_protein|FABI,MEG_2874|Biocides|Phenolic_compound_resistance|Phenolic_resistance_protein|FABI,771,500108,500878,+
Escherichia_coli_b2207,E.coli.b2207.final.genome,568246,568713,468,MEG_1191|Multi-compound|Drug_and_biocide_and_metal_resistance|Drug_and_biocide_and_metal_RND_efflux_regulator|BAER,MEG_1191|Multi-compound|Drug_and_biocide_and_metal_resistance|Drug_and_biocide_and_metal_RND_efflux_regulator|BAER,723,556449,557171,+
Escherichia_coli_b2207,E.coli.b2207.final.genome,598736,599968,1233,MEG_1135|Drugs|Rifampin|Rifampin_ADP-ribosyltransferase_Arr|ARR,MEG_1135|Drugs|Rifampin|Rifampin_ADP-ribosyltransferase_Arr|ARR,543,587194,587736,+
Escherichia_coli_b2207,E.coli.b2207.final.genome,606247,606969,723,MEG_11496|Drugs|Metronidazole|nim_nitroimidazole_reductase|NIMI,MEG_11496|Drugs|Metronidazole|nim_nitroimidazole_reductase|NIMI,498,594015,594512,+
Escherichia_coli_b2207,E.coli.b2207.final.genome,706174,706618,445,MEG_861|Drugs|Aminoglycosides|Aminoglycoside_O-nucleotidyltransferases|ANT3-DPRIME,MEG_861|Drugs|Aminoglycosides|Aminoglycoside_O-nucleotidyltransferases|ANT3-DPRIME,792,693717,694508,+
Escherichia_coli_b2207,E.coli.b2207.final.genome,782629,784377,1749,MEG_3140|Multi-compound|Biocide_and_metal_resistance|Biocide_and_metal_resistance_protein|GLPF,MEG_3140|Multi-compound|Biocide_and_metal_resistance|Biocide_and_metal_resistance_protein|GLPF,846,770519,771364,+
Escherichia_coli_b2207,E.coli.b2207.final.genome,835027,836104,1078,MEG_1126|Drugs|Rifampin|Rifampin_ADP-ribosyltransferase_Arr|ARR,MEG_1126|Drugs|Rifampin|Rifampin_ADP-ribosyltransferase_Arr|ARR,414,822014,822427,+
Escherichia_coli_b2207,E.coli.b2207.final.genome,970364,971590,1227,MEG_1129|Drugs|Rifampin|Rifampin_ADP-ribosyltransferase_Arr|ARR,MEG_1129|Drugs|Rifampin|Rifampin_ADP-ribosyltransferase_Arr|ARR,453,956687,957139,+
Escherichia_coli_b2207,E.coli.b2207.final.genome,980219,981427,1209,MEG_1578|Drugs|Phenicol|Chloramphenicol_acetyltransferases|CATA,MEG_1578|Drugs|Phenicol|Chloramphenicol_acetyltransferases|CATA,660,965768,966427,+
Escherichia_coli_b2207,E.coli.b2207.final.genome,1024302,1024934,633,MEG_11245|Drugs|Fosfomycin|Fosfomycin_thiol_transferases|FOSA,MEG_11245|Drugs|Fosfomycin|Fosfomycin_thiol_transferases|FOSA,423,1009302,1009724,+
Escherichia_coli_b2207,E.coli.b2207.final.genome,1025175,1025432,258,MEG_2565|Drugs|Trimethoprim|Dihydrofolate_reductase|DFRB,MEG_2565|Drugs|Trimethoprim|Dihydrofolate_reductase|DFRB,237,1009965,1010201,+
Escherichia_coli_b2207,E.coli.b2207.final.genome,1068455,1068721,267,MEG_2525|Drugs|Trimethoprim|Dihydrofolate_reductase|DFRA,MEG_2525|Drugs|Trimethoprim|Dihydrofolate_reductase|DFRA,498,1053224,1053721,+
Escherichia_coli_b2207,E.coli.b2207.final.genome,1094751,1095287,537,MEG_7683|Drugs|Multi-drug_resistance|Multi-drug_ABC_efflux_pumps|VGA,MEG_7683|Drugs|Multi-drug_resistance|Multi-drug_ABC_efflux_pumps|VGA,1575,1079751,1081325,+
Escherichia_coli_b2207,E.coli.b2207.final.genome,1095427,1096968,1542,MEG_3023|Drugs|Fosfomycin|Fosfomycin_thiol_transferases|FOSK,MEG_3023|Drugs|Fosfomycin|Fosfomycin_thiol_transferases|FOSK,399,1081465,1081863,+
Escherichia_coli_b2207,E.coli.b2207.final.genome,1121043,1121321,279,MEG_4081|Multi-compound|Drug_and_biocide_resistance|Drug_and_biocide_RND_efflux_pumps|MTRD,MEG_4081|Multi-compound|Drug_and_biocide_resistance|Drug_and_biocide_RND_efflux_pumps|MTRD,3204,1105938,1109141,+
Escherichia_coli_b2207,E.coli.b2207.final.genome,1133002,1134102,1101,MEG_1759|Drugs|Phenicol|Phenicol_resistance_MFS_efflux_pumps|CMLA,MEG_1759|Drugs|Phenicol|Phenicol_resistance_MFS_efflux_pumps|CMLA,1260,1120822,1122081,+
Escherichia_coli_b2207,E.coli.b2207.final.genome,1154762,1155175,414,MEG_6164|Drugs|Nucleosides|Streptothricin_acetyltransferase|SAT,MEG_6164|Drugs|Nucleosides|Streptothricin_acetyltransferase|SAT,522,1142741,1143262,+
Escherichia_coli_b2207,E.coli.b2207.final.genome,1267383,1268171,789,MEG_6163|Drugs|Nucleosides|Streptothricin_acetyltransferase|SAT,MEG_6163|Drugs|Nucleosides|Streptothricin_acetyltransferase|SAT,525,1255470,1255994,+
Escherichia_coli_b2207,E.coli.b2207.final.genome,1392215,1393797,1583,MEG_6605|Drugs|Sulfonamides|Sulfonamide-resistant_dihydropteroate_synthases|SULI,MEG_6605|Drugs|Sulfonamides|Sulfonamide-resistant_dihydropteroate_synthases|SULI,840,1380038,1380877,+
Escherichia_coli_b2207,E.coli.b2207.final.genome,1464864,1466399,1536,MEG_10070|Drugs|MLS|ABC-F_ATPase_ribosomal_protection_protein|CPLR,MEG_10070|Drugs|MLS|ABC-F_ATPase_ribosomal_protection_protein|CPLR,1653,1451944,1453596,+
Escherichia_coli_b2207,E.coli.b2207.final.genome,1466555,1467951,1397,MEG_1136|Drugs|Rifampin|Rifampin_ADP-ribosyltransferase_Arr|ARR,MEG_1136|Drugs|Rifampin|Rifampin_ADP-ribosyltransferase_Arr|ARR,453,1453752,1454204,+
Escherichia_coli_b2207,E.coli.b2207.final.genome,1478829,1479590,762,MEG_3294|Multi-compound|Biocide_and_metal_resistance|Biocide_and_metal_resistance_protein|IDER,MEG_3294|Multi-compound|Biocide_and_metal_resistance|Biocide_and_metal_resistance_protein|IDER,693,1465082,1465774,+
Escherichia_coli_b2207,E.coli.b2207.final.genome,1480110,1482389,2280,MEG_6979|Drugs|Tetracyclines|Tetracycline_resistance_ribosomal_protection_proteins|TET36,MEG_6979|Drugs|Tetracyclines|Tetracycline_resistance_ribosomal_protection_proteins|TET36,1923,1466294,1468216,+
Escherichia_coli_b2207,E.coli.b2207.final.genome,1516356,1516790,435,MEG_3001|Drugs|Fosfomycin|Fosfomycin_thiol_transferases|FOSA,MEG_3001|Drugs|Fosfomycin|Fosfomycin_thiol_transferases|FOSA,420,1502183,1502602,+
Escherichia_coli_b2207,E.coli.b2207.final.genome,1516804,1517193,390,MEG_2698|Biocides|Multi-biocide_resistance|Multi-biocide_SMR_efflux_pump|EBRB,MEG_2698|Biocides|Multi-biocide_resistance|Multi-biocide_SMR_efflux_pump|EBRB,357,1502616,1502972,+
Escherichia_coli_b2207,E.coli.b2207.final.genome,1521340,1521732,393,MEG_2536|Drugs|Trimethoprim|Dihydrofolate_reductase|DFRA,MEG_2536|Drugs|Trimethoprim|Dihydrofolate_reductase|DFRA,474,1507119,1507592,+
Escherichia_coli_b2207,E.coli.b2207.final.genome,1552245,1552580,336,MEG_1776|Drugs|Phenicol|Phenicol_resistance_MFS_efflux_pumps|CMLR,MEG_1776|Drugs|Phenicol|Phenicol_resistance_MFS_efflux_pumps|CMLR,1179,1538105,1539283,+
Escherichia_coli_b2207,E.coli.b2207.final.genome,1553716,1554397,682,MEG_2024|Metals|Copper_resistance|Copper_resistance_protein|COPA,MEG_2024|Metals|Copper_resistance|Copper_resistance_protein|COPA,213,1540419,1540631,+
Escherichia_coli_b2207,E.coli.b2207.final.genome,1616271,1616852,582,MEG_6550|Biocides|Multi-biocide_resistance|Multi-biocide_resistance_regulator|SOXRB,MEG_6550|Biocides|Multi-biocide_resistance|Multi-biocide_resistance_regulator|SOXRB,465,1602505,1602969,+
Escherichia_coli_b2207,E.coli.b2207.final.genome,1624423,1625796,1374,MEG_3595|Drugs|Multi-drug_resistance|Multi-drug_ABC_efflux_pumps|LMRB,MEG_3595|Drugs|Multi-drug_resistance|Multi-drug_ABC_efflux_pumps|LMRB,1434,1610540,1611973,+
Escherichia_coli_b2207,E.coli.b2207.final.genome,1787745,1788311,567,MEG_1153|Metals|Multi-metal_resistance|Multi-metal_resistance_protein|ARSBM,MEG_1153|Metals|Multi-metal_resistance|Multi-metal_resistance_protein|ARSBM,1290,1773922,1775211,+
Escherichia_coli_b2207,E.coli.b2207.final.genome,1823708,1824640,933,MEG_2045|Metals|Copper_resistance|Copper_resistance_protein|COPC,MEG_2045|Metals|Copper_resistance|Copper_resistance_protein|COPC,498,1810608,1811105,+
Escherichia_coli_b2207,E.coli.b2207.final.genome,1824719,1826256,1538,MEG_3726|Drugs|Lipopeptides|Colistin_phosphoethanolamine_transferase|MCR,MEG_3726|Drugs|Lipopeptides|Colistin_phosphoethanolamine_transferase|MCR,1626,1811184,1812809,+
Escherichia_coli_b2207,E.coli.b2207.final.genome,1840577,1841323,747,MEG_6085|Drugs|Rifampin|Monooxygenase|ROX,MEG_6085|Drugs|Rifampin|Monooxygenase|ROX,1422,1827130,1828551,+
Escherichia_coli_b2207,E.coli.b2207.final.genome,1904213,1904440,228,MEG_4212|Multi-compound|Drug_and_biocide_resistance|Drug_and_biocide_MATE_efflux_pumps|NORM,MEG_4212|Multi-compound|Drug_and_biocide_resistance|Drug_and_biocide_MATE_efflux_pumps|NORM,1389,1891441,1892829,+
Escherichia_coli_b2207,E.coli.b2207.final.genome,1920526,1921176,651,MEG_6985|Drugs|Tetracyclines|Tetracycline_resistance_MFS_efflux_pumps|TET38,MEG_6985|Drugs|Tetracyclines|Tetracycline_resistance_MFS_efflux_pumps|TET38,1353,1908915,1910267,+
Escherichia_coli_b2207,E.coli.b2207.final.genome,1927225,1930816,3592,MEG_7022|Drugs|Tetracyclines|Tetracycline_resistance_MFS_efflux_pumps|TETA,MEG_7022|Drugs|Tetracyclines|Tetracycline_resistance_MFS_efflux_pumps|TETA,1587,1916316,1917902,+
Escherichia_coli_b2207,E.coli.b2207.final.genome,1963045,1964450,1406,MEG_3289|Biocides|Peroxide_resistance|Peroxide_resistance_stress_protein|IBPB,MEG_3289|Biocides|Peroxide_resistance|Peroxide_resistance_stress_protein|IBPB,435,1950131,1950565,+
Escherichia_coli_b2207,E.coli.b2207.final.genome,2021603,2022769,1167,MEG_8656|Drugs|Fluoroquinolones|Quinolone_resistance_protein_Qnr|QNRB,MEG_8656|Drugs|Fluoroquinolones|Quinolone_resistance_protein_Qnr|QNRB,645,2007718,2008362,+
Escherichia_coli_b2207,E.coli.b2207.final.genome,2062383,2064236,1854,MEG_6958|Metals|Tellurium_resistance|Tellurium_resistance_protein|TERD,MEG_6958|Metals|Tellurium_resistance|Tellurium_resistance_protein|TERD,579,2047976,2048554,+
Escherichia_coli_b2207,E.coli.b2207.final.genome,2075907,2083354,7448,MEG_4184|Drugs|Metronidazole|nim_nitroimidazole_reductase|NIME,MEG_4184|Drugs|Metronidazole|nim_nitroimidazole_reductase|NIME,435,2060225,2060659,+
Escherichia_coli_b2207,E.coli.b2207.final.genome,2084767,2086889,2123,MEG_1779|Drugs|Multi-drug_resistance|Multi-drug_MFS_efflux_pumps|CMR,MEG_1779|Drugs|Multi-drug_resistance|Multi-drug_MFS_efflux_pumps|CMR,1380,2062072,2063451,+
Escherichia_coli_b2207,E.coli.b2207.final.genome,2106292,2106564,273,MEG_6646|Biocides|Multi-biocide_resistance|Multi-biocide_RND_efflux_pump|TBTB,MEG_6646|Biocides|Multi-biocide_resistance|Multi-biocide_RND_efflux_pump|TBTB,3141,2082854,2085994,+
Escherichia_coli_b2207,E.coli.b2207.final.genome,2106685,2107509,825,MEG_3719|Drugs|Lipopeptides|Colistin_phosphoethanolamine_transferase|MCR,MEG_3719|Drugs|Lipopeptides|Colistin_phosphoethanolamine_transferase|MCR,1626,2086115,2087740,+
Escherichia_coli_b2207,E.coli.b2207.final.genome,2107728,2108066,339,MEG_2021|Metals|Copper_resistance|Copper_resistance_protein|COPA,MEG_2021|Metals|Copper_resistance|Copper_resistance_protein|COPA,1926,2087959,2089884,+
Escherichia_coli_b2207,E.coli.b2207.final.genome,2200269,2201459,1191,MEG_3021|Drugs|Fosfomycin|Fosfomycin_thiol_transferases|FOSF,MEG_3021|Drugs|Fosfomycin|Fosfomycin_thiol_transferases|FOSF,399,2182087,2182485,+
Escherichia_coli_b2207,E.coli.b2207.final.genome,2227359,2229002,1644,MEG_1230|Metals|Iron_resistance|Iron_resistance_protein|BFRA,MEG_1230|Metals|Iron_resistance|Iron_resistance_protein|BFRA,480,2208385,2208864,+
Escherichia_coli_b2207,E.coli.b2207.final.genome,2232094,2232317,224,MEG_2032|Metals|Copper_resistance|Copper_resistance_protein|COPA,MEG_2032|Metals|Copper_resistance|Copper_resistance_protein|COPA,2409,2211956,2214364,+
Escherichia_coli_b2207,E.coli.b2207.final.genome,2232614,2232857,244,MEG_2091|Metals|Multi-metal_resistance|Multi-metal_resistance_protein|CORC,MEG_2091|Metals|Multi-metal_resistance|Multi-metal_resistance_protein|CORC,879,2214661,2215539,+
Escherichia_coli_b2207,E.coli.b2207.final.genome,2287459,2288427,969,MEG_1130|Drugs|Rifampin|Rifampin_ADP-ribosyltransferase_Arr|ARR,MEG_1130|Drugs|Rifampin|Rifampin_ADP-ribosyltransferase_Arr|ARR,453,2270141,2270593,+
Escherichia_coli_b2207,E.coli.b2207.final.genome,2390785,2393486,2702,MEG_11322|Metals|Multi-metal_resistance|Multi-metal_resistance_protein|ARSA,MEG_11322|Metals|Multi-metal_resistance|Multi-metal_resistance_protein|ARSA,1728,2372951,2374678,+
Escherichia_coli_b2207,E.coli.b2207.final.genome,2393902,2394516,615,MEG_8940|Drugs|betalactams|Class_C_betalactamases|CMH,MEG_8940|Drugs|betalactams|Class_C_betalactamases|CMH,1146,2375094,2376239,+
Escherichia_coli_b2207,E.coli.b2207.final.genome,2394521,2398114,3594,MEG_7533|Drugs|Glycopeptides|VanL-type_resistance_protein|VANTML,MEG_7533|Drugs|Glycopeptides|VanL-type_resistance_protein|VANTML,990,2376244,2377233,+
Escherichia_coli_b2207,E.coli.b2207.final.genome,2421615,2422853,1239,MEG_11329|Metals|Arsenic_resistance|Arsenic_resistance_protein|ARSD,MEG_11329|Metals|Arsenic_resistance|Arsenic_resistance_protein|ARSD,324,2400734,2401057,+
Escherichia_coli_b2207,E.coli.b2207.final.genome,2456900,2458204,1305,MEG_3284|Metals|Nickel_resistance|Nickel_resistance_protein|HUPE,MEG_3284|Metals|Nickel_resistance|Nickel_resistance_protein|HUPE,600,2435104,2435703,+
Escherichia_coli_b2207,E.coli.b2207.final.genome,2489603,2492716,3114,MEG_3872|Metals|Mercury_resistance|Mercury_resistance_protein|MERH,MEG_3872|Metals|Mercury_resistance|Mercury_resistance_protein|MERH,516,2467102,2467617,+
Escherichia_coli_b2207,E.coli.b2207.final.genome,2513402,2513878,477,MEG_2456|Metals|Copper_resistance|Copper_resistance_protein|CUTC,MEG_2456|Metals|Copper_resistance|Copper_resistance_protein|CUTC,747,2488303,2489049,+
Escherichia_coli_b2207,E.coli.b2207.final.genome,2652715,2653398,684,MEG_1060|Drugs|Aminoglycosides|Aminoglycoside_O-phosphotransferases|APH3-PRIME,MEG_1060|Drugs|Aminoglycosides|Aminoglycoside_O-phosphotransferases|APH3-PRIME,801,2627886,2628686,+
Escherichia_coli_b2207,E.coli.b2207.final.genome,2692084,2692614,531,MEG_4174|Metals|Nickel_resistance|Nickel_ABC_efflux_pumps|NIKE,MEG_4174|Metals|Nickel_resistance|Nickel_ABC_efflux_pumps|NIKE,807,2667372,2668178,+
Escherichia_coli_b2207,E.coli.b2207.final.genome,2692741,2693913,1173,MEG_11304|Drugs|Trimethoprim|Dihydrofolate_reductase|DFRA,MEG_11304|Drugs|Trimethoprim|Dihydrofolate_reductase|DFRA,495,2668305,2668799,+
Escherichia_coli_b2207,E.coli.b2207.final.genome,2693930,2695468,1539,MEG_2444|Multi-compound|Biocide_and_metal_resistance|Biocide_and_metal_resistance_protein|CUID,MEG_2444|Multi-compound|Biocide_and_metal_resistance|Biocide_and_metal_resistance_protein|CUID,1611,2668816,2670426,+
Escherichia_coli_b2207,E.coli.b2207.final.genome,2747870,2748893,1024,MEG_7857|Metals|Zinc_resistance|Zinc_resistance_protein|ZNUB,MEG_7857|Metals|Zinc_resistance|Zinc_resistance_protein|ZNUB,277,2722828,2723104,+
Escherichia_coli_b2207,E.coli.b2207.final.genome,2927458,2928168,711,MEG_5777|Metals|Multi-metal_resistance|Multi-metal_resistance_protein|PGPA,MEG_5777|Metals|Multi-metal_resistance|Multi-metal_resistance_protein|PGPA,4647,2901669,2906315,+
Escherichia_coli_b2207,E.coli.b2207.final.genome,3105187,3106679,1493,MEG_2982|Drugs|Fosfomycin|Fosfomycin_thiol_transferases|FOSA,MEG_2982|Drugs|Fosfomycin|Fosfomycin_thiol_transferases|FOSA,390,3083334,3083723,+
Escherichia_coli_b2207,E.coli.b2207.final.genome,3139592,3139984,393,MEG_7324|Metals|Tungsten_Resistance|Tungsten_ABC_efflux_pumps|TUPB,MEG_7324|Metals|Tungsten_Resistance|Tungsten_ABC_efflux_pumps|TUPB,687,3116636,3117322,+
Escherichia_coli_b2207,E.coli.b2207.final.genome,3148417,3149904,1488,MEG_1127|Drugs|Rifampin|Rifampin_ADP-ribosyltransferase_Arr|ARR,MEG_1127|Drugs|Rifampin|Rifampin_ADP-ribosyltransferase_Arr|ARR,453,3125755,3126207,+
Escherichia_coli_b2207,E.coli.b2207.final.genome,3152834,3153631,798,MEG_2932|Drugs|Aminoglycosides|16S_rRNA_methyltransferases|FMRO,MEG_2932|Drugs|Aminoglycosides|16S_rRNA_methyltransferases|FMRO,879,3129137,3130015,+
Escherichia_coli_b2207,E.coli.b2207.final.genome,3173525,3174346,822,MEG_3660|Drugs|betalactams|Class_A_betalactamases|MAL,MEG_3660|Drugs|betalactams|Class_A_betalactamases|MAL,903,3149909,3150811,+
Escherichia_coli_b2207,E.coli.b2207.final.genome,3185942,3186707,766,MEG_48|Drugs|Aminoglycosides|Aminoglycoside_N-acetyltransferases|AAC3,MEG_48|Drugs|Aminoglycosides|Aminoglycoside_N-acetyltransferases|AAC3,855,3162407,3163261,+
Escherichia_coli_b2207,E.coli.b2207.final.genome,3356799,3357113,315,MEG_1748|Multi-compound|Drug_and_biocide_and_metal_resistance|Drug_and_biocide_and_metal_RND_efflux_regulator|CMER,MEG_1748|Multi-compound|Drug_and_biocide_and_metal_resistance|Drug_and_biocide_and_metal_RND_efflux_regulator|CMER,633,3333353,3333985,+
Escherichia_coli_b2207,E.coli.b2207.final.genome,3385547,3386209,663,MEG_3862|Metals|Mercury_resistance|Mercury_resistance_regulator|MERD,MEG_3862|Metals|Mercury_resistance|Mercury_resistance_regulator|MERD,366,3362419,3362784,+
Escherichia_coli_b2207,E.coli.b2207.final.genome,3386608,3387765,1158,MEG_3290|Biocides|Acetate_resistance|Acetate_resistance_protein|ICLR,MEG_3290|Biocides|Acetate_resistance|Acetate_resistance_protein|ICLR,825,3363183,3364007,+
Escherichia_coli_b2207,E.coli.b2207.final.genome,3387777,3390881,3105,MEG_7681|Drugs|Multi-drug_resistance|Multi-drug_ABC_efflux_pumps|VGA,MEG_7681|Drugs|Multi-drug_resistance|Multi-drug_ABC_efflux_pumps|VGA,1569,3364019,3365587,+
Escherichia_coli_b2207,E.coli.b2207.final.genome,3411425,3411850,426,MEG_7007|Drugs|Tetracyclines|Tetracycline_resistance_MFS_efflux_pumps|TET54,MEG_7007|Drugs|Tetracyclines|Tetracycline_resistance_MFS_efflux_pumps|TET54,1167,3386131,3387297,+
Escherichia_coli_b2207,E.coli.b2207.final.genome,3458838,3459470,633,MEG_3257|Biocides|Acid_resistance|Acid_resistance_protein|HEFC,MEG_3257|Biocides|Acid_resistance|Acid_resistance_protein|HEFC,3087,3434285,3437371,+
Escherichia_coli_b2207,E.coli.b2207.final.genome,3578394,3580592,2199,MEG_8245|Drugs|MLS|MLS_resistance_MFS_efflux_pumps|MEFF,MEG_8245|Drugs|MLS|MLS_resistance_MFS_efflux_pumps|MEFF,1194,3556295,3557488,+
Escherichia_coli_b2207,E.coli.b2207.final.genome,3585610,3590525,4916,MEG_6507|Metals|Multi-metal_resistance|Multi-metal_RND_efflux_pumps|SILP,MEG_6507|Metals|Multi-metal_resistance|Multi-metal_RND_efflux_pumps|SILP,2475,3562506,3564980,+
Escherichia_coli_b2207,E.coli.b2207.final.genome,3590531,3590962,432,MEG_7820|Biocides|Acid_resistance|Acid_resistance_protein|YDEP,MEG_7820|Biocides|Acid_resistance|Acid_resistance_protein|YDEP,2280,3564986,3567265,+
Escherichia_coli_b2207,E.coli.b2207.final.genome,3608494,3608928,435,MEG_6058|Drugs|MLS|23S_rRNA_methyltransferases|RLMH,MEG_6058|Drugs|MLS|23S_rRNA_methyltransferases|RLMH,480,3584797,3585276,+
Escherichia_coli_b2207,E.coli.b2207.final.genome,3609146,3611223,2078,MEG_7298|Biocides|Multi-biocide_resistance|Multi-biocide_RND_efflux_regulator|TTGV,MEG_7298|Biocides|Multi-biocide_resistance|Multi-biocide_RND_efflux_regulator|TTGV,780,3585494,3586273,+
Escherichia_coli_b2207,E.coli.b2207.final.genome,3611278,3612207,930,MEG_7692|Drugs|MLS|Streptogramin_B_ester_bond_cleavage|VGBA,MEG_7692|Drugs|MLS|Streptogramin_B_ester_bond_cleavage|VGBA,900,3586328,3587227,+
Escherichia_coli_b2207,E.coli.b2207.final.genome,3612212,3612592,381,MEG_4084|Multi-compound|Drug_and_biocide_resistance|Drug_and_biocide_RND_efflux_pumps|MTRE,MEG_4084|Multi-compound|Drug_and_biocide_resistance|Drug_and_biocide_RND_efflux_pumps|MTRE,1404,3587232,3588635,+
Escherichia_coli_b2207,E.coli.b2207.final.genome,3612632,3613522,891,MEG_2877|Biocides|Phenolic_compound_resistance|Phenolic_resistance_protein|FABL,MEG_2877|Biocides|Phenolic_compound_resistance|Phenolic_resistance_protein|FABL,753,3588675,3589427,+
Escherichia_coli_b2207,E.coli.b2207.final.genome,3613528,3615345,1818,MEG_912|Drugs|Aminoglycosides|Aminoglycoside_O-nucleotidyltransferases|ANT3-DPRIME,MEG_912|Drugs|Aminoglycosides|Aminoglycoside_O-nucleotidyltransferases|ANT3-DPRIME,789,3589433,3590221,+
Escherichia_coli_b2207,E.coli.b2207.final.genome,3617327,3619803,2477,MEG_7785|Biocides|Multi-biocide_resistance|Multi-biocide_RND_efflux_pump|VMEB,MEG_7785|Biocides|Multi-biocide_resistance|Multi-biocide_RND_efflux_pump|VMEB,3162,3592203,3595364,+
Escherichia_coli_b2207,E.coli.b2207.final.genome,3620432,3623574,3143,MEG_1556|Drugs|Phenicol|Chloramphenicol_acetyltransferases|CAT,MEG_1556|Drugs|Phenicol|Chloramphenicol_acetyltransferases|CAT,660,3595993,3596652,+
Escherichia_coli_b2207,E.coli.b2207.final.genome,3623585,3624877,1293,MEG_2084|Metals|Multi-metal_resistance|Multi-metal_resistance_protein|CORA,MEG_2084|Metals|Multi-metal_resistance|Multi-metal_resistance_protein|CORA,951,3596663,3597613,+
Escherichia_coli_b2207,E.coli.b2207.final.genome,3624991,3625344,354,MEG_9974|Biocides|Phenolic_compound_resistance|Triclosan-resistant_mutation|FABG,MEG_9974|Biocides|Phenolic_compound_resistance|Triclosan-resistant_mutation|FABG,744,3597727,3598470,+
Escherichia_coli_b2207,E.coli.b2207.final.genome,3625372,3626757,1386,MEG_6086|Drugs|Rifampin|Rifampin_phosphotransferase|RPH,MEG_6086|Drugs|Rifampin|Rifampin_phosphotransferase|RPH,2607,3598498,3601104,+
Escherichia_coli_b2207,E.coli.b2207.final.genome,3626947,3629094,2148,MEG_1655|Metals|Chromium_resistance|Chromate_ABC_efflux_pump|CEUE,MEG_1655|Metals|Chromium_resistance|Chromate_ABC_efflux_pump|CEUE,942,3601294,3602235,+
Escherichia_coli_b2207,E.coli.b2207.final.genome,3629346,3629777,432,MEG_5424|Metals|Copper_resistance|Copper_resistance_regulator|PCOR,MEG_5424|Metals|Copper_resistance|Copper_resistance_regulator|PCOR,681,3602487,3603167,+
Escherichia_coli_b2207,E.coli.b2207.final.genome,3646133,3647632,1500,MEG_2139|Metals|Multi-metal_resistance|Multi-metal_resistance_protein|CTPC,MEG_2139|Metals|Multi-metal_resistance|Multi-metal_resistance_protein|CTPC,2157,3619523,3621679,+
Escherichia_coli_b2207,E.coli.b2207.final.genome,3657019,3657372,354,MEG_7143|Drugs|Tetracyclines|Tetracycline_resistance_ribosomal_protection_proteins|TETM,MEG_7143|Drugs|Tetracyclines|Tetracycline_resistance_ribosomal_protection_proteins|TETM,1920,3631066,3632985,+
Escherichia_coli_b2207,E.coli.b2207.final.genome,3657426,3658715,1290,MEG_4198|Metals|Nickel_resistance|Nickel_resistance_protein|NIRD,MEG_4198|Metals|Nickel_resistance|Nickel_resistance_protein|NIRD,495,3633039,3633533,+
Escherichia_coli_b2207,E.coli.b2207.final.genome,3658728,3659153,426,MEG_29|Drugs|Aminoglycosides|Aminoglycoside_N-acetyltransferases|AAC3,MEG_29|Drugs|Aminoglycosides|Aminoglycoside_N-acetyltransferases|AAC3,465,3633546,3634010,+
Escherichia_coli_b2207,E.coli.b2207.final.genome,3663257,3663595,339,MEG_1743|Multi-compound|Drug_and_biocide_and_metal_resistance|Drug_and_biocide_and_metal_RND_efflux_pumps|CMED,MEG_1743|Multi-compound|Drug_and_biocide_and_metal_resistance|Drug_and_biocide_and_metal_RND_efflux_pumps|CMED,1275,3638114,3639388,+
Escherichia_coli_b2207,E.coli.b2207.final.genome,3663699,3664031,333,MEG_7345|Drugs|Glycopeptides|VanB-type_resistance_protein|VANB,MEG_7345|Drugs|Glycopeptides|VanB-type_resistance_protein|VANB,1029,3639492,3640520,+
Escherichia_coli_b2207,E.coli.b2207.final.genome,3665657,3666184,528,MEG_1555|Drugs|Phenicol|Chloramphenicol_acetyltransferases|CAT,MEG_1555|Drugs|Phenicol|Chloramphenicol_acetyltransferases|CAT,630,3642146,3642775,+
Escherichia_coli_b2207,E.coli.b2207.final.genome,3666523,3667680,1158,MEG_551|Drugs|betalactams|Class_C_betalactamases|ADC,MEG_551|Drugs|betalactams|Class_C_betalactamases|ADC,1155,3643114,3644268,+
Escherichia_coli_b2207,E.coli.b2207.final.genome,3667705,3670818,3114,MEG_3865|Metals|Mercury_resistance|Mercury_resistance_regulator|MERD,MEG_3865|Metals|Mercury_resistance|Mercury_resistance_regulator|MERD,366,3644293,3644658,+
Escherichia_coli_b2207,E.coli.b2207.final.genome,3671181,3671909,729,MEG_1738|Multi-compound|Drug_and_biocide_and_metal_resistance|Drug_and_biocide_and_metal_RND_efflux_pumps|CMEA,MEG_1738|Multi-compound|Drug_and_biocide_and_metal_resistance|Drug_and_biocide_and_metal_RND_efflux_pumps|CMEA,1104,3645021,3646124,+
Escherichia_coli_b2207,E.coli.b2207.final.genome,3672277,3673101,825,MEG_6082|Multi-compound|Drug_and_biocide_and_metal_resistance|Drug_and_biocide_and_metal_RND_efflux_pumps|ROBA,MEG_6082|Multi-compound|Drug_and_biocide_and_metal_resistance|Drug_and_biocide_and_metal_RND_efflux_pumps|ROBA,870,3646492,3647361,+
Escherichia_coli_b2207,E.coli.b2207.final.genome,3673471,3674871,1401,MEG_5930|Drugs|Fluoroquinolones|Quinolone_resistance_protein_Qnr|QNRB,MEG_5930|Drugs|Fluoroquinolones|Quinolone_resistance_protein_Qnr|QNRB,681,3647731,3648411,+
Escherichia_coli_b2207,E.coli.b2207.final.genome,3856917,3858107,1191,MEG_6169|Drugs|Nucleosides|Streptothricin_acetyltransferase|SAT,MEG_6169|Drugs|Nucleosides|Streptothricin_acetyltransferase|SAT,543,3830457,3830999,+
Escherichia_coli_b2207,E.coli.b2207.final.genome,3869470,3869904,435,MEG_4179|Drugs|Metronidazole|nim_nitroimidazole_reductase|NIMA,MEG_4179|Drugs|Metronidazole|nim_nitroimidazole_reductase|NIMA,531,3842362,3842892,+
Escherichia_coli_b2207,E.coli.b2207.final.genome,3870010,3870423,414,MEG_2486|Drugs|Trimethoprim|Dihydrofolate_reductase|DFRA,MEG_2486|Drugs|Trimethoprim|Dihydrofolate_reductase|DFRA,498,3842998,3843495,+
Escherichia_coli_b2207,E.coli.b2207.final.genome,3897653,3898219,567,MEG_7547|Drugs|Glycopeptides|VanA-type_resistance_protein|VANXA,MEG_7547|Drugs|Glycopeptides|VanA-type_resistance_protein|VANXA,609,3870725,3871333,+
Escherichia_coli_b2207,E.coli.b2207.final.genome,3910594,3911367,774,MEG_7269|Metals|Tellurium_resistance|Tellurium_resistance_protein|TRGA,MEG_7269|Metals|Tellurium_resistance|Tellurium_resistance_protein|TRGA,441,3883708,3884148,+
Escherichia_coli_b2207,E.coli.b2207.final.genome,3911550,3913399,1850,MEG_11303|Drugs|Trimethoprim|Dihydrofolate_reductase|DFRA,MEG_11303|Drugs|Trimethoprim|Dihydrofolate_reductase|DFRA,501,3884331,3884831,+
Escherichia_coli_b2207,E.coli.b2207.final.genome,3913486,3914526,1041,MEG_3132|Multi-compound|Drug_and_biocide_and_metal_resistance|Drug_and_biocide_and_metal_RND_efflux_pumps|GESA,MEG_3132|Multi-compound|Drug_and_biocide_and_metal_resistance|Drug_and_biocide_and_metal_RND_efflux_pumps|GESA,1227,3884918,3886144,+
Escherichia_coli_b2207,E.coli.b2207.final.genome,4004408,4005358,951,MEG_4365|Multi-compound|Drug_and_biocide_resistance|Drug_and_biocide_RND_efflux_pumps|OQXB,MEG_4365|Multi-compound|Drug_and_biocide_resistance|Drug_and_biocide_RND_efflux_pumps|OQXB,3153,3976026,3979178,+
Escherichia_coli_b2207,E.coli.b2207.final.genome,4046285,4046911,627,MEG_262|Drugs|Aminoglycosides|Aminoglycoside_N-acetyltransferases|AAC6-PRIME,MEG_262|Drugs|Aminoglycosides|Aminoglycoside_N-acetyltransferases|AAC6-PRIME,462,4020105,4020566,+
Escherichia_coli_b2207,E.coli.b2207.final.genome,4103638,4104258,621,MEG_5794|Multi-compound|Drug_and_biocide_resistance|Drug_and_biocide_MATE_efflux_pumps|PMPM,MEG_5794|Multi-compound|Drug_and_biocide_resistance|Drug_and_biocide_MATE_efflux_pumps|PMPM,1434,4077293,4078726,+
Escherichia_coli_b2207,E.coli.b2207.final.genome,4106429,4108497,2069,MEG_7812|Metals|Iron_resistance|Iron_resistance_protein|YBTQ,MEG_7812|Metals|Iron_resistance|Iron_resistance_protein|YBTQ,1803,4080897,4082699,+
Escherichia_coli_b2207,E.coli.b2207.final.genome,4109296,4110198,903,MEG_4126|Metals|Nickel_resistance|Nickel_MFS_efflux_pumps|NCRCN,MEG_4126|Metals|Nickel_resistance|Nickel_MFS_efflux_pumps|NCRCN,1131,4083498,4084628,+
Escherichia_coli_b2207,E.coli.b2207.final.genome,4120072,4120917,846,MEG_6602|Drugs|Sulfonamides|Sulfonamide-resistant_dihydropteroate_synthases|SULI,MEG_6602|Drugs|Sulfonamides|Sulfonamide-resistant_dihydropteroate_synthases|SULI,633,4094502,4095134,+
Escherichia_coli_b2207,E.coli.b2207.final.genome,4204645,4207364,2720,MEG_11299|Drugs|Bacitracin|Bacitracin_ABC_transporter|BCRA,MEG_11299|Drugs|Bacitracin|Bacitracin_ABC_transporter|BCRA,924,4178862,4179785,+
Escherichia_coli_b2207,E.coli.b2207.final.genome,4215931,4216314,384,MEG_884|Drugs|Aminoglycosides|Aminoglycoside_O-nucleotidyltransferases|ANT3-DPRIME,MEG_884|Drugs|Aminoglycosides|Aminoglycoside_O-nucleotidyltransferases|ANT3-DPRIME,792,4188352,4189143,+
Escherichia_coli_b2207,E.coli.b2207.final.genome,4225599,4226423,825,MEG_7271|Biocides|Phenolic_compound_resistance|Phenolic_RND_efflux_pump|TRIA,MEG_7271|Biocides|Phenolic_compound_resistance|Phenolic_RND_efflux_pump|TRIA,1152,4198428,4199579,+
Escherichia_coli_b2207,E.coli.b2207.final.genome,4262283,4262798,516,MEG_7847|Metals|Zinc_resistance|Zinc_resistance_protein|ZIAA,MEG_7847|Metals|Zinc_resistance|Zinc_resistance_protein|ZIAA,2166,4235439,4237604,+
Escherichia_coli_b2207,E.coli.b2207.final.genome,4279854,4280177,324,MEG_6167|Drugs|Nucleosides|Streptothricin_acetyltransferase|SAT,MEG_6167|Drugs|Nucleosides|Streptothricin_acetyltransferase|SAT,525,4254660,4255184,+
Escherichia_coli_b2207,E.coli.b2207.final.genome,4280263,4280727,465,MEG_504|Multi-compound|Biocide_and_metal_resistance|Biocide_and_metal_resistance_regulator|ACTR,MEG_504|Multi-compound|Biocide_and_metal_resistance|Biocide_and_metal_resistance_regulator|ACTR,585,4255270,4255854,+
Escherichia_coli_b2207,E.coli.b2207.final.genome,4286046,4287695,1650,MEG_5862|Drugs|Fluoroquinolones|Quinolone_active_efflux|QEPA,MEG_5862|Drugs|Fluoroquinolones|Quinolone_active_efflux|QEPA,1521,4261173,4262693,+
Escherichia_coli_b2207,E.coli.b2207.final.genome,4301794,4306261,4468,MEG_396|Metals|Iron_resistance|Iron_resistance_protein|ACN,MEG_396|Metals|Iron_resistance|Iron_resistance_protein|ACN,2832,4276792,4279623,+
Escherichia_coli_b2207,E.coli.b2207.final.genome,4336101,4337744,1644,MEG_2998|Drugs|Fosfomycin|Fosfomycin_thiol_transferases|FOSA,MEG_2998|Drugs|Fosfomycin|Fosfomycin_thiol_transferases|FOSA,420,4309463,4309882,+
Escherichia_coli_b2207,E.coli.b2207.final.genome,4432627,4432965,339,MEG_6594|Drugs|Sulfonamides|Sulfonamide-resistant_dihydropteroate_synthases|SULI,MEG_6594|Drugs|Sulfonamides|Sulfonamide-resistant_dihydropteroate_synthases|SULI,840,4404765,4405604,+
Escherichia_coli_b2207,E.coli.b2207.final.genome,4444483,4444800,318,MEG_6611|Drugs|Sulfonamides|Sulfonamide-resistant_dihydropteroate_synthases|SULI,MEG_6611|Drugs|Sulfonamides|Sulfonamide-resistant_dihydropteroate_synthases|SULI,840,4417122,4417961,+
Escherichia_coli_b2207,E.coli.b2207.final.genome,4445419,4446552,1134,MEG_3675|Drugs|Lipopeptides|Colistin_phosphoethanolamine_transferase|MCR,MEG_3675|Drugs|Lipopeptides|Colistin_phosphoethanolamine_transferase|MCR,1623,4418580,4420202,+
Escherichia_coli_b2207,E.coli.b2207.final.genome,4538501,4541197,2697,MEG_7866|Multi-compound|Biocide_and_metal_resistance|Biocide_and_metal_resistance_protein|ZUPT,MEG_7866|Multi-compound|Biocide_and_metal_resistance|Biocide_and_metal_resistance_protein|ZUPT,774,4512151,4512924,+
Escherichia_coli_b2207,E.coli.b2207.final.genome,4614937,4616661,1725,MEG_3064|Metals|Iron_resistance|Iron_resistance_regulator|FURA,MEG_3064|Metals|Iron_resistance|Iron_resistance_regulator|FURA,453,4586664,4587116,+
Escherichia_coli_b2207,E.coli.b2207.final.genome,4686816,4688048,1233,MEG_2561|Drugs|Trimethoprim|Dihydrofolate_reductase|DFRB,MEG_2561|Drugs|Trimethoprim|Dihydrofolate_reductase|DFRB,237,4657271,4657507,+
Escherichia_coli_b2207,E.coli.b2207.final.genome,4735279,4736148,870,MEG_3069|Drugs|Fusidic_acid|Ribosomal_zinc-binding_protein|FUSD,MEG_3069|Drugs|Fusidic_acid|Ribosomal_zinc-binding_protein|FUSD,642,4704738,4705379,+
Escherichia_coli_b2207,E.coli.b2207.final.genome,4758629,4759795,1167,MEG_6633|Drugs|Sulfonamides|Sulfonamide-resistant_dihydropteroate_synthases|SULII,MEG_6633|Drugs|Sulfonamides|Sulfonamide-resistant_dihydropteroate_synthases|SULII,852,4727860,4728711,+
Escherichia_coli_b2207,E.coli.b2207.final.genome,4798128,4798505,378,MEG_2015|Metals|Multi-metal_resistance|Multi-metal_resistance_protein|CNRY,MEG_2015|Metals|Multi-metal_resistance|Multi-metal_resistance_protein|CNRY,288,4767044,4767331,+
Escherichia_coli_b2207,E.coli.b2207.final.genome,4801654,4804008,2355,MEG_2661|Multi-compound|Biocide_and_metal_resistance|Biocide_and_metal_resistance_protein|DPR,MEG_2661|Multi-compound|Biocide_and_metal_resistance|Biocide_and_metal_resistance_protein|DPR,519,4770480,4770998,+
Escherichia_coli_b2207,E.coli.b2207.final.genome,4831254,4832198,945,MEG_11500|Drugs|Metronidazole|nim_nitroimidazole_reductase|NIMH,MEG_11500|Drugs|Metronidazole|nim_nitroimidazole_reductase|NIMH,495,4798244,4798738,+
Escherichia_coli_b2207,E.coli.b2207.final.genome,4883970,4885520,1551,MEG_2537|Drugs|Trimethoprim|Dihydrofolate_reductase|DFRA,MEG_2537|Drugs|Trimethoprim|Dihydrofolate_reductase|DFRA,474,4850510,4850983,+
Escherichia_coli_b2207,E.coli.b2207.final.genome,4962156,4962866,711,MEG_2096|Metals|Cobalt_resistance|Cobalt_transporting_ATPase|CORT,MEG_2096|Metals|Cobalt_resistance|Cobalt_transporting_ATPase|CORT,1929,4927619,4929547,+
Faecalibacterium_prausnitzii,Faecalibacterium_prausnitzii,1123416,1125335,1920,MEG_7268|Biocides|Multi-biocide_resistance|Multi-biocide_RND_efflux_pump|TOLCSM,MEG_7268|Biocides|Multi-biocide_resistance|Multi-biocide_RND_efflux_pump|TOLCSM,1359,1123416,1124774,+
Prevotella_corporis,Prevotella_corporis.final.genome2,62174,64099,1926,MEG_7266|Biocides|Multi-biocide_resistance|Multi-biocide_RND_efflux_pump|TOLC,MEG_7266|Biocides|Multi-biocide_resistance|Multi-biocide_RND_efflux_pump|TOLC,1470,62174,63643,+
Salmonella_enterica,Salmonella_enterica,58288,59645,1358,MEG_6007|Drugs|Fluoroquinolones|Quinolone_resistance_protein_Qnr|QNRB,MEG_6007|Drugs|Fluoroquinolones|Quinolone_resistance_protein_Qnr|QNRB,644,58288,58931,+
Salmonella_enterica,Salmonella_enterica,66045,66257,213,MEG_10048|Drugs|Lipopeptides|Polymyxin_resistant_aminoacyl_carrier_protein|ALMF,MEG_10048|Drugs|Lipopeptides|Polymyxin_resistant_aminoacyl_carrier_protein|ALMF,237,65331,65567,+
Salmonella_enterica,Salmonella_enterica,106840,107331,492,MEG_11458|Drugs|Lipopeptides|Colistin_phosphoethanolamine_transferase|MCR,MEG_11458|Drugs|Lipopeptides|Colistin_phosphoethanolamine_transferase|MCR,1626,106150,107775,+
Salmonella_enterica,Salmonella_enterica,118668,118884,217,MEG_3153|Drugs|betalactams|Class_B_betalactamases|GOB,MEG_3153|Drugs|betalactams|Class_B_betalactamases|GOB,756,119112,119867,+
Salmonella_enterica,Salmonella_enterica,153670,154022,353,MEG_5801|Drugs|Cationic_antimicrobial_peptides|Lipid_A_modification|PMRF,MEG_5801|Drugs|Cationic_antimicrobial_peptides|Lipid_A_modification|PMRF,969,154653,155621,+
Salmonella_enterica,Salmonella_enterica,198300,199181,882,MEG_11296|Drugs|Aminoglycosides|Aminoglycoside_O-phosphotransferases|APH3-PRIME,MEG_11296|Drugs|Aminoglycosides|Aminoglycoside_O-phosphotransferases|APH3-PRIME,801,199899,200699,+
Salmonella_enterica,Salmonella_enterica,199704,200792,1089,MEG_712|Metals|Arsenic_resistance|Arsenite_oxidase|AIOA,MEG_712|Metals|Arsenic_resistance|Arsenite_oxidase|AIOA,2481,201222,203702,+
Salmonella_enterica,Salmonella_enterica,201341,202828,1488,MEG_11457|Drugs|Lipopeptides|Colistin_phosphoethanolamine_transferase|MCR,MEG_11457|Drugs|Lipopeptides|Colistin_phosphoethanolamine_transferase|MCR,1623,204251,205873,+
Salmonella_enterica,Salmonella_enterica,251886,252323,438,MEG_4180|Drugs|Metronidazole|nim_nitroimidazole_reductase|NIMB,MEG_4180|Drugs|Metronidazole|nim_nitroimidazole_reductase|NIMB,495,254931,255425,+
Salmonella_enterica,Salmonella_enterica,331784,332572,789,MEG_5817|Metals|Arsenic_resistance|Arsenic_resistance_protein|PSTS,MEG_5817|Metals|Arsenic_resistance|Arsenic_resistance_protein|PSTS,1041,334886,335926,+
Salmonella_enterica,Salmonella_enterica,386924,387337,414,MEG_4071|Drugs|MLS|MLS_resistance_ABC_efflux_pumps|MSRC,MEG_4071|Drugs|MLS|MLS_resistance_ABC_efflux_pumps|MSRC,1479,390278,391756,+
Salmonella_enterica,Salmonella_enterica,408636,409721,1086,MEG_11331|Metals|Arsenic_resistance|Arsenic_resistance_regulator|ARSR,MEG_11331|Metals|Arsenic_resistance|Arsenic_resistance_regulator|ARSR,366,413055,413420,+
Salmonella_enterica,Salmonella_enterica,448388,449927,1540,MEG_7604|Drugs|Glycopeptides|VanD-type_accessory_protein|VANYD,MEG_7604|Drugs|Glycopeptides|VanD-type_accessory_protein|VANYD,1069,452087,453155,+
Salmonella_enterica,Salmonella_enterica,534599,535543,945,MEG_3859|Metals|Mercury_resistance|Mercury_resistance_protein|MERC,MEG_3859|Metals|Mercury_resistance|Mercury_resistance_protein|MERC,435,537827,538261,+
Salmonella_enterica,Salmonella_enterica,587762,588484,723,MEG_7872|Drugs|Aminoglycosides|Aminoglycoside_N-acetyltransferases|AAC6-PRIME,MEG_7872|Drugs|Aminoglycosides|Aminoglycoside_N-acetyltransferases|AAC6-PRIME,600,590480,591079,+
Salmonella_enterica,Salmonella_enterica,641756,643180,1425,MEG_3881|Metals|Mercury_resistance|Mercury_resistance_regulator|MERR,MEG_3881|Metals|Mercury_resistance|Mercury_resistance_regulator|MERR,408,644351,644758,+
Salmonella_enterica,Salmonella_enterica,752398,759842,7445,MEG_2512|Drugs|Trimethoprim|Dihydrofolate_reductase|DFRA,MEG_2512|Drugs|Trimethoprim|Dihydrofolate_reductase|DFRA,474,753976,754449,+
Salmonella_enterica,Salmonella_enterica,761250,763372,2123,MEG_6959|Metals|Tellurium_resistance|Tellurium_resistance_protein|TERE,MEG_6959|Metals|Tellurium_resistance|Tellurium_resistance_protein|TERE,576,755857,756432,+
Salmonella_enterica,Salmonella_enterica,903810,904112,303,MEG_408|Multi-compound|Drug_and_biocide_resistance|Drug_and_biocide_RND_efflux_pumps|ACRE,MEG_408|Multi-compound|Drug_and_biocide_resistance|Drug_and_biocide_RND_efflux_pumps|ACRE,1158,896870,898027,+
Salmonella_enterica,Salmonella_enterica,941432,942037,606,MEG_4193|Drugs|Metronidazole|nim_nitroimidazole_reductase|NIMI,MEG_4193|Drugs|Metronidazole|nim_nitroimidazole_reductase|NIMI,457,935347,935803,+
Salmonella_enterica,Salmonella_enterica,943499,944419,921,MEG_8884|Drugs|betalactams|Class_A_betalactamases|TEM,MEG_8884|Drugs|betalactams|Class_A_betalactamases|TEM,861,937265,938125,+
Salmonella_enterica,Salmonella_enterica,1063526,1064762,1237,MEG_4115|Metals|Multi-metal_resistance|Multi-metal_resistance_protein|NCCN,MEG_4115|Metals|Multi-metal_resistance|Multi-metal_resistance_protein|NCCN,642,1057232,1057873,+
Salmonella_enterica,Salmonella_enterica,1131737,1134850,3114,MEG_6956|Metals|Tellurium_resistance|Tellurium_resistance_protein|TERB,MEG_6956|Metals|Tellurium_resistance|Tellurium_resistance_protein|TERB,369,1124848,1125216,+
Salmonella_enterica,Salmonella_enterica,1359929,1360607,679,MEG_3744|Multi-compound|Drug_and_biocide_and_metal_resistance|Drug_and_biocide_and_metal_RND_efflux_pumps|MDTA,MEG_3744|Multi-compound|Drug_and_biocide_and_metal_resistance|Drug_and_biocide_and_metal_RND_efflux_pumps|MDTA,1242,1350295,1351536,+
Salmonella_enterica,Salmonella_enterica,1437072,1437602,531,MEG_7867|Metals|Zinc_resistance|Zinc_resistance_regulator|ZUR,MEG_7867|Metals|Zinc_resistance|Zinc_resistance_regulator|ZUR,576,1428001,1428576,+
Salmonella_enterica,Salmonella_enterica,1437729,1438901,1173,MEG_3020|Drugs|Fosfomycin|Fosfomycin_thiol_transferases|FOSE,MEG_3020|Drugs|Fosfomycin|Fosfomycin_thiol_transferases|FOSE,357,1428703,1429059,+
Salmonella_enterica,Salmonella_enterica,1438918,1440456,1539,MEG_2906|Drugs|Phenicol|Phenicol_resistance_MFS_efflux_pumps|FEXB,MEG_2906|Drugs|Phenicol|Phenicol_resistance_MFS_efflux_pumps|FEXB,1410,1429076,1430485,+
Salmonella_enterica,Salmonella_enterica,1482054,1485485,3432,MEG_3724|Drugs|Lipopeptides|Colistin_phosphoethanolamine_transferase|MCR,MEG_3724|Drugs|Lipopeptides|Colistin_phosphoethanolamine_transferase|MCR,1641,1472083,1473723,+
Salmonella_enterica,Salmonella_enterica,1568135,1569161,1027,MEG_147|Drugs|Aminoglycosides|Aminoglycoside_N-acetyltransferases|AAC6-PRIME,MEG_147|Drugs|Aminoglycosides|Aminoglycoside_N-acetyltransferases|AAC6-PRIME,441,1556373,1556813,+
Salmonella_enterica,Salmonella_enterica,1813984,1814801,818,MEG_11305|Drugs|Trimethoprim|Dihydrofolate_reductase|DFRA,MEG_11305|Drugs|Trimethoprim|Dihydrofolate_reductase|DFRA,477,1801636,1802112,+
Salmonella_enterica,Salmonella_enterica,1822852,1823313,462,MEG_3867|Metals|Mercury_resistance|Mercury_resistance_protein|MERE,MEG_3867|Metals|Mercury_resistance|Mercury_resistance_protein|MERE,237,1810163,1810399,+
Salmonella_enterica,Salmonella_enterica,1964870,1965182,313,MEG_7773|Biocides|Multi-biocide_resistance|Multi-biocide_RND_efflux_pump|VMEA,MEG_7773|Biocides|Multi-biocide_resistance|Multi-biocide_RND_efflux_pump|VMEA,1140,1951956,1953095,+
Salmonella_enterica,Salmonella_enterica,1998332,2001405,3074,MEG_10088|Drugs|Rifampin|RNA_polymerase_protection_protein|HELR,MEG_10088|Drugs|Rifampin|RNA_polymerase_protection_protein|HELR,2169,1986245,1988413,+
Salmonella_enterica,Salmonella_enterica,2051403,2052035,633,MEG_3076|Biocides|Acid_resistance|Acid_resistance_protein|GADA,MEG_3076|Biocides|Acid_resistance|Acid_resistance_protein|GADA,1401,2038411,2039811,+
Salmonella_enterica,Salmonella_enterica,2177986,2180036,2051,MEG_1124|Drugs|Rifampin|Rifampin_ADP-ribosyltransferase_Arr|ARR,MEG_1124|Drugs|Rifampin|Rifampin_ADP-ribosyltransferase_Arr|ARR,453,2165762,2166214,+
Salmonella_enterica,Salmonella_enterica,2193913,2195394,1482,MEG_7637|Multi-compound|Drug_and_biocide_resistance|Drug_and_biocide_RND_efflux_pumps|VCEA,MEG_7637|Multi-compound|Drug_and_biocide_resistance|Drug_and_biocide_RND_efflux_pumps|VCEA,1188,2180091,2181278,+
Salmonella_enterica,Salmonella_enterica,2260440,2262114,1675,MEG_6544|Biocides|Peroxide_resistance|peroxide_resistance_protein|SODB,MEG_6544|Biocides|Peroxide_resistance|peroxide_resistance_protein|SODB,579,2246324,2246902,+
Salmonella_enterica,Salmonella_enterica,2276653,2277192,540,MEG_3272|Metals|Nickel_resistance|Nickel_resistance_protein|HOXN,MEG_3272|Metals|Nickel_resistance|Nickel_resistance_protein|HOXN,1056,2261441,2262496,+
Salmonella_enterica,Salmonella_enterica,2426862,2428047,1186,MEG_8021|Drugs|Phenicol|Phenicol_resistance_MFS_efflux_pumps|CML,MEG_8021|Drugs|Phenicol|Phenicol_resistance_MFS_efflux_pumps|CML,1203,2412166,2413368,+
Salmonella_enterica,Salmonella_enterica,2465371,2467785,2415,MEG_2067|Metals|Copper_resistance|Copper_resistance_protein|COPP,MEG_2067|Metals|Copper_resistance|Copper_resistance_protein|COPP,201,2450692,2450892,+
Salmonella_enterica,Salmonella_enterica,2479294,2479847,554,MEG_7370|Drugs|Glycopeptides|VanC-type_resistance_protein|VANC,MEG_7370|Drugs|Glycopeptides|VanC-type_resistance_protein|VANC,1032,2462401,2463432,+
Salmonella_enterica,Salmonella_enterica,2483346,2484117,772,MEG_4166|Metals|Multi-metal_resistance|Multi-metal_resistance_protein|NIA,MEG_4166|Metals|Multi-metal_resistance|Multi-metal_resistance_protein|NIA,2400,2466931,2469330,+
Salmonella_enterica,Salmonella_enterica,2484206,2486053,1848,MEG_5966|Drugs|Fluoroquinolones|Quinolone_resistance_protein_Qnr|QNRB,MEG_5966|Drugs|Fluoroquinolones|Quinolone_resistance_protein_Qnr|QNRB,645,2469419,2470063,+
Salmonella_enterica,Salmonella_enterica,2486189,2487229,1041,MEG_6975|Drugs|Tetracyclines|Tetracycline_resistance_MFS_efflux_pumps|TET33,MEG_6975|Drugs|Tetracyclines|Tetracycline_resistance_MFS_efflux_pumps|TET33,1260,2470199,2471458,+
Salmonella_enterica,Salmonella_enterica,2579929,2580879,951,MEG_3897|Metals|Mercury_resistance|Mercury_resistance_protein|MERT,MEG_3897|Metals|Mercury_resistance|Mercury_resistance_protein|MERT,351,2564158,2564508,+
Salmonella_enterica,Salmonella_enterica,2625629,2626252,624,MEG_2136|Metals|Copper_resistance|Copper_resistance_regulator|CSOR,MEG_2136|Metals|Copper_resistance|Copper_resistance_regulator|CSOR,306,2609258,2609563,+
Salmonella_enterica,Salmonella_enterica,2687108,2687728,621,MEG_7688|Drugs|Multi-drug_resistance|Multi-drug_ABC_efflux_pumps|VGAB,MEG_7688|Drugs|Multi-drug_resistance|Multi-drug_ABC_efflux_pumps|VGAB,1659,2670419,2672077,+
Salmonella_enterica,Salmonella_enterica,2688952,2691013,2062,MEG_7794|Biocides|Multi-biocide_resistance|Multi-biocide_RND_efflux_pump|VMEK,MEG_7794|Biocides|Multi-biocide_resistance|Multi-biocide_RND_efflux_pump|VMEK,3132,2673301,2676432,+
Salmonella_enterica,Salmonella_enterica,2691811,2692688,878,MEG_1116|Drugs|Multi-drug_resistance|MDR_regulator|ARLR,MEG_1116|Drugs|Multi-drug_resistance|MDR_regulator|ARLR,660,2677230,2677889,+
Salmonella_enterica,Salmonella_enterica,2716436,2717281,846,MEG_11432|Drugs|Multi-drug_resistance|ABC-F_ribosomal_protection_protein|VGAF,MEG_11432|Drugs|Multi-drug_resistance|ABC-F_ribosomal_protection_protein|VGAF,1386,2701637,2703022,+
Salmonella_enterica,Salmonella_enterica,2764988,2765905,918,MEG_1146|Metals|Arsenic_resistance|Arsenic_resistance_protein|ARSB,MEG_1146|Metals|Arsenic_resistance|Arsenic_resistance_protein|ARSB,1041,2750729,2751769,+
Salmonella_enterica,Salmonella_enterica,2932480,2934129,1650,MEG_3753|Multi-compound|Drug_and_biocide_resistance|Drug_and_biocide_MFS_efflux_pumps|MDTG,MEG_3753|Multi-compound|Drug_and_biocide_resistance|Drug_and_biocide_MFS_efflux_pumps|MDTG,1227,2918344,2919570,+
Salmonella_enterica,Salmonella_enterica,2990094,2990399,306,MEG_11359|Drugs|Organoarsenicals|Arsinothricin_resistance_N-acetyltransferases|ARSN1,MEG_11359|Drugs|Organoarsenicals|Arsinothricin_resistance_N-acetyltransferases|ARSN1,510,2975535,2976044,+
Salmonella_enterica,Salmonella_enterica,3100536,3103244,2709,MEG_7781|Biocides|Multi-biocide_resistance|Multi-biocide_RND_efflux_pump|VMEA,MEG_7781|Biocides|Multi-biocide_resistance|Multi-biocide_RND_efflux_pump|VMEA,1140,3086181,3087320,+
Salmonella_enterica,Salmonella_enterica,3179029,3179170,142,MEG_6160|Drugs|Nucleosides|Streptothricin_acetyltransferase|SAT,MEG_6160|Drugs|Nucleosides|Streptothricin_acetyltransferase|SAT,525,3163105,3163629,+
Salmonella_enterica,Salmonella_enterica,3267332,3268201,870,MEG_6955|Metals|Tellurium_resistance|Tellurium_resistance_protein|TERB,MEG_6955|Metals|Tellurium_resistance|Tellurium_resistance_protein|TERB,456,3251791,3252246,+
Salmonella_enterica,Salmonella_enterica,3378591,3378968,378,MEG_3729|Drugs|Lipopeptides|Colistin_phosphoethanolamine_transferase|MCR,MEG_3729|Drugs|Lipopeptides|Colistin_phosphoethanolamine_transferase|MCR,1626,3362636,3364261,+
Salmonella_enterica,Salmonella_enterica,3382129,3384478,2350,MEG_8806|Drugs|Lipopeptides|Colistin_phosphoethanolamine_transferase|MCR,MEG_8806|Drugs|Lipopeptides|Colistin_phosphoethanolamine_transferase|MCR,1617,3367422,3369038,+
Salmonella_enterica,Salmonella_enterica,3474730,3476339,1610,MEG_1702|Multi-compound|Biocide_and_metal_resistance|Biocide_and_metal_resistance_protein|CHR,MEG_1702|Multi-compound|Biocide_and_metal_resistance|Biocide_and_metal_resistance_protein|CHR,609,3459290,3459898,+
Salmonella_enterica,Salmonella_enterica,3718507,3724371,5865,MEG_3622|Biocides|Acetate_resistance|Acetate_resistance_protein|LPDT,MEG_3622|Biocides|Acetate_resistance|Acetate_resistance_protein|LPDT,2355,3702066,3704420,+
Salmonella_enterica,Salmonella_enterica,3724648,3726936,2289,MEG_4220|Metals|Nickel_resistance|Nickel_resistance_regulator|NRSR,MEG_4220|Metals|Nickel_resistance|Nickel_resistance_regulator|NRSR,705,3704697,3705401,+
Salmonella_enterica,Salmonella_enterica,3726948,3727412,465,MEG_6165|Drugs|Nucleosides|Streptothricin_acetyltransferase|SAT,MEG_6165|Drugs|Nucleosides|Streptothricin_acetyltransferase|SAT,543,3705413,3705955,+
Salmonella_enterica,Salmonella_enterica,3856625,3857201,577,MEG_5224|Drugs|betalactams|Class_D_betalactamases|OXA,MEG_5224|Drugs|betalactams|Class_D_betalactamases|OXA,828,3835168,3835995,+
Salmonella_enterica,Salmonella_enterica,3858200,3859393,1194,MEG_2900|Multi-compound|Biocide_and_metal_resistance|Biocide_and_metal_ABC_efflux_pumps|FETB,MEG_2900|Multi-compound|Biocide_and_metal_resistance|Biocide_and_metal_ABC_efflux_pumps|FETB,780,3836994,3837773,+
Salmonella_enterica,Salmonella_enterica,3886000,3886211,212,MEG_8232|Drugs|Multi-drug_resistance|Multi-drug_ABC_efflux_pumps|LPTD,MEG_8232|Drugs|Multi-drug_resistance|Multi-drug_ABC_efflux_pumps|LPTD,2349,3864380,3866728,+
Salmonella_enterica,Salmonella_enterica,4022679,4024580,1902,MEG_8796|Drugs|Lipopeptides|Colistin_phosphoethanolamine_transferase|MCR,MEG_8796|Drugs|Lipopeptides|Colistin_phosphoethanolamine_transferase|MCR,1623,4003196,4004818,+
Salmonella_enterica,Salmonella_enterica,4043178,4044857,1680,MEG_6607|Drugs|Sulfonamides|Sulfonamide-resistant_dihydropteroate_synthases|SULI,MEG_6607|Drugs|Sulfonamides|Sulfonamide-resistant_dihydropteroate_synthases|SULI,840,4023416,4024255,+
Salmonella_enterica,Salmonella_enterica,4050816,4052354,1539,MEG_5800|Multi-compound|Drug_and_metal_resistance|Drug_and_metal_MFS_efflux_pumps|PMRCM,MEG_5800|Multi-compound|Drug_and_metal_resistance|Drug_and_metal_MFS_efflux_pumps|PMRCM,1647,4030214,4031860,+
Salmonella_enterica,Salmonella_enterica,4052374,4053252,879,MEG_273|Drugs|Aminoglycosides|Aminoglycoside_N-acetyltransferases|AAC6-PRIME,MEG_273|Drugs|Aminoglycosides|Aminoglycoside_N-acetyltransferases|AAC6-PRIME,555,4031880,4032434,+
Salmonella_enterica,Salmonella_enterica,4086456,4087128,673,MEG_2507|Drugs|Trimethoprim|Dihydrofolate_reductase|DFRA,MEG_2507|Drugs|Trimethoprim|Dihydrofolate_reductase|DFRA,474,4065638,4066111,+
Salmonella_enterica,Salmonella_enterica,4152505,4153940,1436,MEG_4186|Drugs|Metronidazole|nim_nitroimidazole_reductase|NIMF,MEG_4186|Drugs|Metronidazole|nim_nitroimidazole_reductase|NIMF,455,4131488,4131942,+
Salmonella_enterica,Salmonella_enterica,4208964,4209373,410,MEG_7818|Biocides|Peroxide_resistance|peroxide_resistance_protein|YDEI,MEG_7818|Biocides|Peroxide_resistance|peroxide_resistance_protein|YDEI,393,4186966,4187358,+
Salmonella_enterica,Salmonella_enterica,4391419,4391952,534,MEG_7323|Metals|Tungsten_Resistance|Tungsten_ABC_efflux_pumps|TUPA,MEG_7323|Metals|Tungsten_Resistance|Tungsten_ABC_efflux_pumps|TUPA,861,4369404,4370264,+
Salmonella_enterica,Salmonella_enterica,4422327,4423416,1090,MEG_7851|Metals|Zinc_resistance|Zinc_resistance_protein|ZITB,MEG_7851|Metals|Zinc_resistance|Zinc_resistance_protein|ZITB,942,4400639,4401580,+
Salmonella_enterica,Salmonella_enterica,4510827,4512035,1209,MEG_4061|Drugs|Multi-drug_resistance|Multi-drug_ABC_efflux_pumps|MSBA,MEG_4061|Drugs|Multi-drug_resistance|Multi-drug_ABC_efflux_pumps|MSBA,1749,4488991,4490739,+
Veillonella_rogosae,veillonella_rogosae,938131,939120,990,MEG_3080|Biocides|Acid_resistance|Acid_resistance_regulator|GADE,MEG_3080|Biocides|Acid_resistance|Acid_resistance_regulator|GADE,528,938131,938658,+
Veillonella_rogosae,veillonella_rogosae,2152782,2154721,1940,MEG_502|Metals|Tellurium_resistance|Tellurium_resistance_protein|ACTP1,MEG_502|Metals|Tellurium_resistance|Tellurium_resistance_protein|ACTP1,1656,2152320,2153975,+
