genome,fragment,original_removed_start,original_removed_stop,original_removed_length,inserted_gene_id,inserted_gene_header,inserted_gene_length,inserted_start,inserted_stop,strand
Akkermansia_muciniphila,Akkermansia_muciniphila,1706143,1706439,297,MEG_1173|Metals|Arsenic_resistance|Arsenic_resistance_regulator|ARSR,MEG_1173|Metals|Arsenic_resistance|Arsenic_resistance_regulator|ARSR,354,1706143,1706496,+
Bacteroides_fragilis,Bacteroides_fragilis,48906,50831,1926,MEG_2036|Metals|Copper_resistance|Copper_resistance_protein|COPB,MEG_2036|Metals|Copper_resistance|Copper_resistance_protein|COPB,855,48906,49760,+
Bacteroides_fragilis,Bacteroides_fragilis,380286,381188,903,MEG_11331|Metals|Arsenic_resistance|Arsenic_resistance_regulator|ARSR,MEG_11331|Metals|Arsenic_resistance|Arsenic_resistance_regulator|ARSR,366,379215,379580,+
Bacteroides_fragilis,Bacteroides_fragilis,402236,403441,1206,MEG_2440|Metals|Copper_resistance|Copper_resistance_protein|CUEO,MEG_2440|Metals|Copper_resistance|Copper_resistance_protein|CUEO,1551,400628,402178,+
Bacteroides_fragilis,Bacteroides_fragilis,403466,403978,513,MEG_7555|Drugs|Glycopeptides|VanA-type_resistance_protein|VANXA,MEG_7555|Drugs|Glycopeptides|VanA-type_resistance_protein|VANXA,609,402203,402811,+
Bacteroides_fragilis,Bacteroides_fragilis,1825829,1827158,1330,MEG_2024|Metals|Copper_resistance|Copper_resistance_protein|COPA,MEG_2024|Metals|Copper_resistance|Copper_resistance_protein|COPA,213,1824662,1824874,+
Bifidobacterium_adolescentis,Bifidobacterium_adolescentis,1255962,1256299,338,MEG_7593|Drugs|Glycopeptides|VanA-type_accessory_protein|VANYA,MEG_7593|Drugs|Glycopeptides|VanA-type_accessory_protein|VANYA,591,1255962,1256552,+
Bifidobacterium_adolescentis,Bifidobacterium_adolescentis,1470793,1474093,3301,MEG_3872|Metals|Mercury_resistance|Mercury_resistance_protein|MERH,MEG_3872|Metals|Mercury_resistance|Mercury_resistance_protein|MERH,516,1471046,1471561,+
Bifidobacterium_adolescentis,Bifidobacterium_adolescentis,1956215,1957669,1455,MEG_11457|Drugs|Lipopeptides|Colistin_phosphoethanolamine_transferase|MCR,MEG_11457|Drugs|Lipopeptides|Colistin_phosphoethanolamine_transferase|MCR,1623,1953683,1955305,+
Clostridioides_difficile,Clostridium_difficille,367386,368324,939,MEG_1020|Drugs|Aminoglycosides|Aminoglycoside_O-phosphotransferases|APH3-DPRIME,MEG_1020|Drugs|Aminoglycosides|Aminoglycoside_O-phosphotransferases|APH3-DPRIME,795,367386,368180,+
Clostridioides_difficile,Clostridium_difficille,888451,888792,342,MEG_7682|Drugs|Multi-drug_resistance|Multi-drug_ABC_efflux_pumps|VGA,MEG_7682|Drugs|Multi-drug_resistance|Multi-drug_ABC_efflux_pumps|VGA,1569,888307,889875,+
Clostridioides_difficile,Clostridium_difficille,890676,891249,574,MEG_11454|Drugs|Lipopeptides|Colistin_phosphoethanolamine_transferase|MCR,MEG_11454|Drugs|Lipopeptides|Colistin_phosphoethanolamine_transferase|MCR,1626,891759,893384,+
Clostridioides_difficile,Clostridium_difficille,1184042,1184551,510,MEG_3278|Metals|Copper_resistance|Copper_resistance_protein|HPCOPP,MEG_3278|Metals|Copper_resistance|Copper_resistance_protein|HPCOPP,201,1186177,1186377,+
Clostridioides_difficile,Clostridium_difficille,1430567,1431034,468,MEG_3748|Multi-compound|Drug_and_biocide_and_metal_resistance|Drug_and_biocide_and_metal_RND_efflux_pumps|MDTB,MEG_3748|Multi-compound|Drug_and_biocide_and_metal_resistance|Drug_and_biocide_and_metal_RND_efflux_pumps|MDTB,3123,1432393,1435515,+
Clostridioides_difficile,Clostridium_difficille,1482656,1483981,1326,MEG_3712|Drugs|Lipopeptides|Colistin_phosphoethanolamine_transferase|MCR,MEG_3712|Drugs|Lipopeptides|Colistin_phosphoethanolamine_transferase|MCR,1617,1487137,1488753,+
Clostridioides_difficile,Clostridium_difficille,1677480,1679313,1834,MEG_3434|Drugs|Rifampin|Monooxygenase|IRI,MEG_3434|Drugs|Rifampin|Monooxygenase|IRI,1440,1682252,1683691,+
Clostridioides_difficile,Clostridium_difficille,1679574,1680674,1101,MEG_715|Metals|Arsenic_resistance|Arsenite_oxidase_regulator|AIOR,MEG_715|Metals|Arsenic_resistance|Arsenite_oxidase_regulator|AIOR,1329,1683952,1685280,+
Clostridioides_difficile,Clostridium_difficille,1681495,1683633,2139,MEG_2091|Metals|Multi-metal_resistance|Multi-metal_resistance_protein|CORC,MEG_2091|Metals|Multi-metal_resistance|Multi-metal_resistance_protein|CORC,879,1686101,1686979,+
Clostridioides_difficile,Clostridium_difficille,1779516,1780253,738,MEG_11357|Drugs|Organoarsenicals|Arsinothricin_resistance_N-acetyltransferases|ARSN1,MEG_11357|Drugs|Organoarsenicals|Arsinothricin_resistance_N-acetyltransferases|ARSN1,561,1782862,1783422,+
Clostridioides_difficile,Clostridium_difficille,2731316,2732968,1653,MEG_134|Drugs|Aminoglycosides|Aminoglycoside_N-acetyltransferases|AAC6-PRIME,MEG_134|Drugs|Aminoglycosides|Aminoglycoside_N-acetyltransferases|AAC6-PRIME,474,2734485,2734958,+
Clostridium_perfringens,Clostridium_perfringens.final.genome,968146,969852,1707,MEG_1705|Metals|Chromium_resistance|Chromium_resistance_protein|CHRA,MEG_1705|Metals|Chromium_resistance|Chromium_resistance_protein|CHRA,1251,968146,969396,+
Clostridium_perfringens,Clostridium_perfringens.final.genome,3124924,3126633,1710,MEG_3945|Drugs|MLS|Macrolide_glycosyltransferases|MGT,MEG_3945|Drugs|MLS|Macrolide_glycosyltransferases|MGT,1257,3124468,3125724,+
Enterococcus_faecalis,Enterococcus_faecalis,110300,110794,495,MEG_3077|Biocides|Acid_resistance|Acid_resistance_protein|GADA,MEG_3077|Biocides|Acid_resistance|Acid_resistance_protein|GADA,852,110300,111151,+
Enterococcus_faecalis,Enterococcus_faecalis,318515,319159,645,MEG_2898|Multi-compound|Biocide_and_metal_resistance|Biocide_and_metal_ABC_efflux_pumps|FETA,MEG_2898|Multi-compound|Biocide_and_metal_resistance|Biocide_and_metal_ABC_efflux_pumps|FETA,678,318872,319549,+
Enterococcus_faecalis,Enterococcus_faecalis,686369,688471,2103,MEG_7804|Drugs|Mycobacterium_tuberculosis-specific_Drug|Viomycin_phosphotransferases|VPH,MEG_7804|Drugs|Mycobacterium_tuberculosis-specific_Drug|Viomycin_phosphotransferases|VPH,864,686759,687622,+
Enterococcus_faecalis,Enterococcus_faecalis,688488,688844,357,MEG_1738|Multi-compound|Drug_and_biocide_and_metal_resistance|Drug_and_biocide_and_metal_RND_efflux_pumps|CMEA,MEG_1738|Multi-compound|Drug_and_biocide_and_metal_resistance|Drug_and_biocide_and_metal_RND_efflux_pumps|CMEA,1104,687639,688742,+
Enterococcus_faecalis,Enterococcus_faecalis,692857,693912,1056,MEG_2690|Metals|Multi-metal_resistance|Multi-metal_resistance_protein|DSBB,MEG_2690|Metals|Multi-metal_resistance|Multi-metal_resistance_protein|DSBB,531,692755,693285,+
Enterococcus_faecalis,Enterococcus_faecalis,693942,695021,1080,MEG_11224|Drugs|Fluoroquinolones|Quinolone_resistance_protein_Qnr|QNRB,MEG_11224|Drugs|Fluoroquinolones|Quinolone_resistance_protein_Qnr|QNRB,645,693315,693959,+
Enterococcus_faecalis,Enterococcus_faecalis,695101,696843,1743,MEG_2569|Drugs|Trimethoprim|Dihydrofolate_reductase|DFRB,MEG_2569|Drugs|Trimethoprim|Dihydrofolate_reductase|DFRB,237,694039,694275,+
Enterococcus_faecalis,Enterococcus_faecalis,696879,697244,366,MEG_7287|Multi-compound|Drug_and_biocide_resistance|Drug_and_biocide_RND_efflux_pumps|TTGA,MEG_7287|Multi-compound|Drug_and_biocide_resistance|Drug_and_biocide_RND_efflux_pumps|TTGA,1155,694311,695465,+
Enterococcus_faecalis,Enterococcus_faecalis,697377,697748,372,MEG_6087|Drugs|Rifampin|Rifampin_phosphotransferase|RPH,MEG_6087|Drugs|Rifampin|Rifampin_phosphotransferase|RPH,2619,695598,698216,+
Enterococcus_faecalis,Enterococcus_faecalis,698134,699873,1740,MEG_8451|Drugs|Multi-drug_resistance|MDR_regulator|PARR,MEG_8451|Drugs|Multi-drug_resistance|MDR_regulator|PARR,708,698602,699309,+
Enterococcus_faecalis,Enterococcus_faecalis,699893,700204,312,MEG_8065|Drugs|Trimethoprim|Dihydrofolate_reductase|DFRA,MEG_8065|Drugs|Trimethoprim|Dihydrofolate_reductase|DFRA,501,699329,699829,+
Enterococcus_faecalis,Enterococcus_faecalis,982309,983805,1497,MEG_4055|Drugs|Cationic_antimicrobial_peptides|Defensin-resistant_mprF|MPRF,MEG_4055|Drugs|Cationic_antimicrobial_peptides|Defensin-resistant_mprF|MPRF,2598,981934,984531,+
Enterococcus_faecalis,Enterococcus_faecalis,1135205,1135685,481,MEG_9974|Biocides|Phenolic_compound_resistance|Triclosan-resistant_mutation|FABG,MEG_9974|Biocides|Phenolic_compound_resistance|Triclosan-resistant_mutation|FABG,744,1135931,1136674,+
Enterococcus_faecalis,Enterococcus_faecalis,1529260,1531416,2157,MEG_5979|Drugs|Fluoroquinolones|Quinolone_resistance_protein_Qnr|QNRB,MEG_5979|Drugs|Fluoroquinolones|Quinolone_resistance_protein_Qnr|QNRB,645,1530249,1530893,+
Enterococcus_faecalis,Enterococcus_faecalis,1778781,1780508,1728,MEG_6558|Drugs|Multi-drug_resistance|Multi-drug_ABC_efflux_pumps|SRMB,MEG_6558|Drugs|Multi-drug_resistance|Multi-drug_ABC_efflux_pumps|SRMB,1653,1778258,1779910,+
Enterococcus_faecalis,Enterococcus_faecalis,1781067,1782120,1054,MEG_722|Drugs|Cationic_antimicrobial_peptides|Lipid_A_modification|ALMG,MEG_722|Drugs|Cationic_antimicrobial_peptides|Lipid_A_modification|ALMG,822,1780469,1781290,+
Enterococcus_faecalis,Enterococcus_faecalis,2454688,2455842,1155,MEG_3595|Drugs|Multi-drug_resistance|Multi-drug_ABC_efflux_pumps|LMRB,MEG_3595|Drugs|Multi-drug_resistance|Multi-drug_ABC_efflux_pumps|LMRB,1434,2453858,2455291,+
Escherichia_coli_B1109,Escherichia_coli_chromosome,895,2199,1305,MEG_2148|Drugs|betalactams|Class_A_betalactamases|CTX,MEG_2148|Drugs|betalactams|Class_A_betalactamases|CTX,876,895,1770,+
Escherichia_coli_B1109,Escherichia_coli_chromosome,36248,37486,1239,MEG_626|Drugs|betalactams|Class_C_betalactamases|ADC,MEG_626|Drugs|betalactams|Class_C_betalactamases|ADC,1152,35819,36970,+
Escherichia_coli_B1109,Escherichia_coli_chromosome,60987,64580,3594,MEG_2716|Biocides|Multi-biocide_resistance|Multi-biocide_RND_efflux_pump|EMHB,MEG_2716|Biocides|Multi-biocide_resistance|Multi-biocide_RND_efflux_pump|EMHB,3165,60471,63635,+
Escherichia_coli_B1109,Escherichia_coli_chromosome,64585,65199,615,MEG_7507|Drugs|Glycopeptides|VanD-type_regulator|VANSD,MEG_7507|Drugs|Glycopeptides|VanD-type_regulator|VANSD,1146,63640,64785,+
Escherichia_coli_B1109,Escherichia_coli_chromosome,65615,68316,2702,MEG_10077|Drugs|Lipopeptides|Daptomycin-resistant_mutant|DRMA,MEG_10077|Drugs|Lipopeptides|Daptomycin-resistant_mutant|DRMA,645,65201,65845,+
Escherichia_coli_B1109,Escherichia_coli_chromosome,170713,171681,969,MEG_3461|Metals|Multi-metal_resistance|Multi-metal_resistance_regulator|KMTR,MEG_3461|Metals|Multi-metal_resistance|Multi-metal_resistance_regulator|KMTR,393,168242,168634,+
Escherichia_coli_B1109,Escherichia_coli_chromosome,226281,226524,244,MEG_6082|Multi-compound|Drug_and_biocide_and_metal_resistance|Drug_and_biocide_and_metal_RND_efflux_pumps|ROBA,MEG_6082|Multi-compound|Drug_and_biocide_and_metal_resistance|Drug_and_biocide_and_metal_RND_efflux_pumps|ROBA,870,223234,224103,+
Escherichia_coli_B1109,Escherichia_coli_chromosome,226821,227044,224,MEG_6164|Drugs|Nucleosides|Streptothricin_acetyltransferase|SAT,MEG_6164|Drugs|Nucleosides|Streptothricin_acetyltransferase|SAT,522,224400,224921,+
Escherichia_coli_B1109,Escherichia_coli_chromosome,230136,231778,1643,MEG_4165|Metals|Cobalt_resistance|Cobalt_transporting_ATPase|NHLF,MEG_4165|Metals|Cobalt_resistance|Cobalt_transporting_ATPase|NHLF,1059,228013,229071,+
Escherichia_coli_B1109,Escherichia_coli_chromosome,257792,258982,1191,MEG_1125|Drugs|Rifampin|Rifampin_ADP-ribosyltransferase_Arr|ARR,MEG_1125|Drugs|Rifampin|Rifampin_ADP-ribosyltransferase_Arr|ARR,453,255085,255537,+
Escherichia_coli_B1109,Escherichia_coli_chromosome,350235,350573,339,MEG_6159|Drugs|Nucleosides|Streptothricin_acetyltransferase|SAT,MEG_6159|Drugs|Nucleosides|Streptothricin_acetyltransferase|SAT,1506,346790,348295,+
Escherichia_coli_B1109,Escherichia_coli_chromosome,350792,351616,825,MEG_2661|Multi-compound|Biocide_and_metal_resistance|Biocide_and_metal_resistance_protein|DPR,MEG_2661|Multi-compound|Biocide_and_metal_resistance|Biocide_and_metal_resistance_protein|DPR,519,348514,349032,+
Escherichia_coli_B1109,Escherichia_coli_chromosome,351737,352009,273,MEG_3719|Drugs|Lipopeptides|Colistin_phosphoethanolamine_transferase|MCR,MEG_3719|Drugs|Lipopeptides|Colistin_phosphoethanolamine_transferase|MCR,1626,349153,350778,+
Escherichia_coli_B1109,Escherichia_coli_chromosome,371421,373543,2123,MEG_6594|Drugs|Sulfonamides|Sulfonamide-resistant_dihydropteroate_synthases|SULI,MEG_6594|Drugs|Sulfonamides|Sulfonamide-resistant_dihydropteroate_synthases|SULI,840,370190,371029,+
Escherichia_coli_B1109,Escherichia_coli_chromosome,374956,382403,7448,MEG_847|Drugs|Aminoglycosides|Aminoglycoside_O-nucleotidyltransferases|ANT3-DPRIME,MEG_847|Drugs|Aminoglycosides|Aminoglycoside_O-nucleotidyltransferases|ANT3-DPRIME,792,372442,373233,+
Escherichia_coli_B1109,Escherichia_coli_chromosome,394801,396653,1853,MEG_3741|Multi-compound|Drug_and_biocide_and_metal_resistance|Drug_and_biocide_and_metal_MFS_efflux_pumps|MDRL,MEG_3741|Multi-compound|Drug_and_biocide_and_metal_resistance|Drug_and_biocide_and_metal_MFS_efflux_pumps|MDRL,1194,385631,386824,+
Escherichia_coli_B1109,Escherichia_coli_chromosome,433777,434943,1167,MEG_2973|Drugs|Fosfomycin|Fosfomycin_phosphorylation|FOMA,MEG_2973|Drugs|Fosfomycin|Fosfomycin_phosphorylation|FOMA,801,423948,424748,+
Escherichia_coli_B1109,Escherichia_coli_chromosome,476193,477598,1406,MEG_2653|Metals|Copper_resistance|Copper_resistance_protein|DNAK,MEG_2653|Metals|Copper_resistance|Copper_resistance_protein|DNAK,1878,465998,467875,+
Escherichia_coli_B1109,Escherichia_coli_chromosome,515894,516544,651,MEG_3942|Drugs|Fluoroquinolones|Quinolone_resistance_protein_Qnr|MFPA,MEG_3942|Drugs|Fluoroquinolones|Quinolone_resistance_protein_Qnr|MFPA,552,506171,506722,+
Escherichia_coli_B1109,Escherichia_coli_chromosome,533414,533641,228,MEG_1063|Drugs|Aminoglycosides|Aminoglycoside_O-phosphotransferases|APH3-PRIME,MEG_1063|Drugs|Aminoglycosides|Aminoglycoside_O-phosphotransferases|APH3-PRIME,780,523592,524371,+
Escherichia_coli_B1109,Escherichia_coli_chromosome,597759,598505,747,MEG_7168|Drugs|Tetracyclines|Tetracycline_resistance_ribosomal_protection_proteins|TETO,MEG_7168|Drugs|Tetracyclines|Tetracycline_resistance_ribosomal_protection_proteins|TETO,1920,588489,590408,+
Escherichia_coli_B1109,Escherichia_coli_chromosome,612826,614363,1538,MEG_2906|Drugs|Phenicol|Phenicol_resistance_MFS_efflux_pumps|FEXB,MEG_2906|Drugs|Phenicol|Phenicol_resistance_MFS_efflux_pumps|FEXB,1410,604729,606138,+
Escherichia_coli_B1109,Escherichia_coli_chromosome,614442,615374,933,MEG_4056|Drugs|Cationic_antimicrobial_peptides|Defensin-resistant_mprF|MPRF,MEG_4056|Drugs|Cationic_antimicrobial_peptides|Defensin-resistant_mprF|MPRF,1710,606217,607926,+
Escherichia_coli_B1109,Escherichia_coli_chromosome,650772,651338,567,MEG_11436|Biocides|Peroxide_resistance|Peroxide_resistance_stress_protein|KATP,MEG_11436|Biocides|Peroxide_resistance|Peroxide_resistance_stress_protein|KATP,2211,643324,645534,+
Escherichia_coli_B1109,Escherichia_coli_chromosome,813494,814867,1374,MEG_7822|Metals|Multi-metal_resistance|Multi-metal_resistance_protein|YFEA,MEG_7822|Metals|Multi-metal_resistance|Multi-metal_resistance_protein|YFEA,972,807690,808661,+
Escherichia_coli_B1109,Escherichia_coli_chromosome,822438,823019,582,MEG_4170|Metals|Nickel_resistance|Nickel_ABC_efflux_pumps|NIKC,MEG_4170|Metals|Nickel_resistance|Nickel_ABC_efflux_pumps|NIKC,834,816232,817065,+
Escherichia_coli_B1109,Escherichia_coli_chromosome,884896,885577,682,MEG_7862|Metals|Zinc_resistance|Zinc_resistance_regulator|ZRAR,MEG_7862|Metals|Zinc_resistance|Zinc_resistance_regulator|ZRAR,1326,878942,880267,+
Escherichia_coli_B1109,Escherichia_coli_chromosome,886713,887048,336,MEG_6597|Drugs|Sulfonamides|Sulfonamide-resistant_dihydropteroate_synthases|SULI,MEG_6597|Drugs|Sulfonamides|Sulfonamide-resistant_dihydropteroate_synthases|SULI,840,881403,882242,+
Escherichia_coli_B1109,Escherichia_coli_chromosome,941277,941669,393,MEG_1759|Drugs|Phenicol|Phenicol_resistance_MFS_efflux_pumps|CMLA,MEG_1759|Drugs|Phenicol|Phenicol_resistance_MFS_efflux_pumps|CMLA,1260,936471,937730,+
Escherichia_coli_B1109,Escherichia_coli_chromosome,945817,946206,390,MEG_6649|Drugs|Tetracenomycin|Tetracenomycin_MFS_efflux_pump|TCMA,MEG_6649|Drugs|Tetracenomycin|Tetracenomycin_MFS_efflux_pump|TCMA,1617,941878,943494,+
Escherichia_coli_B1109,Escherichia_coli_chromosome,946220,946654,435,MEG_6052|Metals|Chromium_resistance|Chromium_resistance_protein|RECG,MEG_6052|Metals|Chromium_resistance|Chromium_resistance_protein|RECG,472,943508,943979,+
Escherichia_coli_B1109,Escherichia_coli_chromosome,987113,989392,2280,MEG_6522|Multi-compound|Drug_and_biocide_resistance|Drug_and_biocide_RND_efflux_pumps|SME,MEG_6522|Multi-compound|Drug_and_biocide_resistance|Drug_and_biocide_RND_efflux_pumps|SME,3123,984438,987560,+
Escherichia_coli_B1109,Escherichia_coli_chromosome,989912,990673,762,MEG_4126|Metals|Nickel_resistance|Nickel_MFS_efflux_pumps|NCRCN,MEG_4126|Metals|Nickel_resistance|Nickel_MFS_efflux_pumps|NCRCN,1131,988080,989210,+
Escherichia_coli_B1109,Escherichia_coli_chromosome,1001554,1002954,1401,MEG_11299|Drugs|Bacitracin|Bacitracin_ABC_transporter|BCRA,MEG_11299|Drugs|Bacitracin|Bacitracin_ABC_transporter|BCRA,924,1000091,1001014,+
Escherichia_coli_B1109,Escherichia_coli_chromosome,1003110,1004645,1536,MEG_2465|Metals|Multi-metal_resistance|Multi-metal_RND_efflux_regulator|CZCC,MEG_2465|Metals|Multi-metal_resistance|Multi-metal_RND_efflux_regulator|CZCC,1431,1001170,1002600,+
Escherichia_coli_B1109,Escherichia_coli_chromosome,1070324,1071906,1583,MEG_3453|Metals|Tellurium_resistance|Tellurium_resistance_protein|KLAC,MEG_3453|Metals|Tellurium_resistance|Tellurium_resistance_protein|KLAC,954,1068279,1069232,+
Escherichia_coli_B1109,Escherichia_coli_chromosome,1114770,1115538,769,MEG_7268|Biocides|Multi-biocide_resistance|Multi-biocide_RND_efflux_pump|TOLCSM,MEG_7268|Biocides|Multi-biocide_resistance|Multi-biocide_RND_efflux_pump|TOLCSM,1359,1112096,1113454,+
Escherichia_coli_B1109,Escherichia_coli_chromosome,1117560,1120237,2678,MEG_3709|Drugs|Lipopeptides|Colistin_phosphoethanolamine_transferase|MCR,MEG_3709|Drugs|Lipopeptides|Colistin_phosphoethanolamine_transferase|MCR,1617,1115476,1117092,+
Escherichia_coli_B1109,Escherichia_coli_chromosome,1203233,1204021,789,MEG_4186|Drugs|Metronidazole|nim_nitroimidazole_reductase|NIMF,MEG_4186|Drugs|Metronidazole|nim_nitroimidazole_reductase|NIMF,455,1200088,1200542,+
Escherichia_coli_B1109,Escherichia_coli_chromosome,1288994,1289407,414,MEG_1556|Drugs|Phenicol|Chloramphenicol_acetyltransferases|CAT,MEG_1556|Drugs|Phenicol|Chloramphenicol_acetyltransferases|CAT,660,1285515,1286174,+
Escherichia_coli_B1109,Escherichia_coli_chromosome,1310067,1311167,1101,MEG_10192|Drugs|Multi-drug_resistance|Multi-drug_ABC_efflux_pumps|SALE,MEG_10192|Drugs|Multi-drug_resistance|Multi-drug_ABC_efflux_pumps|SALE,1632,1306834,1308465,+
Escherichia_coli_B1109,Escherichia_coli_chromosome,1322847,1323125,279,MEG_8808|Drugs|Lipopeptides|Colistin_phosphoethanolamine_transferase|MCR,MEG_8808|Drugs|Lipopeptides|Colistin_phosphoethanolamine_transferase|MCR,1617,1320145,1321761,+
Escherichia_coli_B1109,Escherichia_coli_chromosome,1347199,1348740,1542,MEG_4160|Metals|Chromium_resistance|Chromium_resistance_protein|NFSA,MEG_4160|Metals|Chromium_resistance|Chromium_resistance_protein|NFSA,723,1345835,1346557,+
Escherichia_coli_B1109,Escherichia_coli_chromosome,1348880,1349416,537,MEG_4377|Multi-compound|Biocide_and_metal_resistance|Biocide_and_metal_resistance_protein|OSCA,MEG_4377|Multi-compound|Biocide_and_metal_resistance|Biocide_and_metal_resistance_protein|OSCA,183,1346697,1346879,+
Escherichia_coli_B1109,Escherichia_coli_chromosome,1365270,1365536,267,MEG_1726|Drugs|Multi-drug_resistance|MDR_23S_ribosomal_RNA_methyltransferase|CLBA,MEG_1726|Drugs|Multi-drug_resistance|MDR_23S_ribosomal_RNA_methyltransferase|CLBA,1050,1362733,1363782,+
Escherichia_coli_B1109,Escherichia_coli_chromosome,1381839,1382678,840,MEG_713|Metals|Arsenic_resistance|Arsenite_oxidase|AIOB,MEG_713|Metals|Arsenic_resistance|Arsenite_oxidase|AIOB,522,1380085,1380606,+
Escherichia_coli_B1109,Escherichia_coli_chromosome,1425125,1425382,258,MEG_11364|Metals|Arsenic_resistance|Arsenic_resistance_N-acetyltransferases|ARSN2,MEG_11364|Metals|Arsenic_resistance|Arsenic_resistance_N-acetyltransferases|ARSN2,435,1423053,1423487,+
Escherichia_coli_B1109,Escherichia_coli_chromosome,1425623,1426255,633,MEG_7123|Drugs|Tetracyclines|Tetracycline_resistance_ribosomal_protection_proteins|TETM,MEG_7123|Drugs|Tetracyclines|Tetracycline_resistance_ribosomal_protection_proteins|TETM,1920,1423728,1425647,+
Escherichia_coli_B1109,Escherichia_coli_chromosome,1469128,1470336,1209,MEG_2085|Metals|Multi-metal_resistance|Multi-metal_resistance_protein|CORA,MEG_2085|Metals|Multi-metal_resistance|Multi-metal_resistance_protein|CORA,951,1468520,1469470,+
Escherichia_coli_B1109,Escherichia_coli_chromosome,1478965,1480191,1227,MEG_3256|Biocides|Acid_resistance|Acid_resistance_protein|HEFA,MEG_3256|Biocides|Acid_resistance|Acid_resistance_protein|HEFA,1434,1478099,1479532,+
Escherichia_coli_B1109,Escherichia_coli_chromosome,1543874,1544341,468,MEG_10935|Drugs|betalactams|Class_A_betalactamases|KPC,MEG_10935|Drugs|betalactams|Class_A_betalactamases|KPC,882,1543215,1544096,+
Escherichia_coli_B1109,Escherichia_coli_chromosome,1550914,1551495,582,MEG_5043|Drugs|betalactams|Class_D_betalactamases|OXA,MEG_5043|Drugs|betalactams|Class_D_betalactamases|OXA,822,1550669,1551490,+
Escherichia_coli_B1109,Escherichia_coli_chromosome,1661150,1662227,1078,MEG_405|Multi-compound|Drug_and_biocide_and_metal_resistance|Drug_and_biocide_and_metal_RND_efflux_pumps|ACRD,MEG_405|Multi-compound|Drug_and_biocide_and_metal_resistance|Drug_and_biocide_and_metal_RND_efflux_pumps|ACRD,3117,1661145,1664261,+
Escherichia_coli_B1109,Escherichia_coli_chromosome,1712870,1714618,1749,MEG_4221|Metals|Nickel_resistance|Nickel_resistance_regulator|NRSS,MEG_4221|Metals|Nickel_resistance|Nickel_resistance_regulator|NRSS,1365,1714904,1716268,+
Escherichia_coli_B1109,Escherichia_coli_chromosome,1799343,1800065,723,MEG_7266|Biocides|Multi-biocide_resistance|Multi-biocide_RND_efflux_pump|TOLC,MEG_7266|Biocides|Multi-biocide_resistance|Multi-biocide_RND_efflux_pump|TOLC,1470,1800993,1802462,+
Escherichia_coli_B1109,Escherichia_coli_chromosome,1806344,1807576,1233,MEG_1579|Drugs|Phenicol|Chloramphenicol_acetyltransferases|CATA,MEG_1579|Drugs|Phenicol|Chloramphenicol_acetyltransferases|CATA,648,1808741,1809388,+
Escherichia_coli_B1109,Escherichia_coli_chromosome,1817397,1818629,1233,MEG_1483|Metals|Multi-metal_resistance|Multi-metal_resistance_protein|CADA,MEG_1483|Metals|Multi-metal_resistance|Multi-metal_resistance_protein|CADA,2061,1819209,1821269,+
Escherichia_coli_B1109,Escherichia_coli_chromosome,1849527,1849994,468,MEG_6018|Drugs|Fluoroquinolones|Quinolone_resistance_protein_Qnr|QNRS,MEG_6018|Drugs|Fluoroquinolones|Quinolone_resistance_protein_Qnr|QNRS,657,1852167,1852823,+
Escherichia_coli_B1109,Escherichia_coli_chromosome,1905565,1906623,1059,MEG_5799|Multi-compound|Drug_and_metal_resistance|Drug_and_metal_MFS_efflux_pumps|PMRBM,MEG_5799|Multi-compound|Drug_and_metal_resistance|Drug_and_metal_MFS_efflux_pumps|PMRBM,1095,1908394,1909488,+
Escherichia_coli_B1109,Escherichia_coli_chromosome,1906625,1908088,1464,MEG_3013|Drugs|Fosfomycin|Fosfomycin_thiol_transferases|FOSB,MEG_3013|Drugs|Fosfomycin|Fosfomycin_thiol_transferases|FOSB,420,1909490,1909909,+
Escherichia_coli_B1109,Escherichia_coli_chromosome,1908533,1909321,789,MEG_4321|Drugs|Multi-drug_resistance|Multi-drug_ABC_efflux_pumps|OPTRA,MEG_4321|Drugs|Multi-drug_resistance|Multi-drug_ABC_efflux_pumps|OPTRA,1968,1910354,1912321,+
Escherichia_coli_B1109,Escherichia_coli_chromosome,1918354,1919295,942,MEG_10141|Drugs|Sulfonamides|Sulfonamide_resistant_ECF_transporter_comonent|THFT,MEG_10141|Drugs|Sulfonamides|Sulfonamide_resistant_ECF_transporter_comonent|THFT,558,1921354,1921911,+
Escherichia_coli_B1109,Escherichia_coli_chromosome,1981447,1982124,678,MEG_3887|Metals|Mercury_resistance|Mercury_resistance_regulator|MERR2,MEG_3887|Metals|Mercury_resistance|Mercury_resistance_regulator|MERR2,435,1984063,1984497,+
Escherichia_coli_B1109,Escherichia_coli_chromosome,1986316,1986459,144,MEG_7531|Drugs|Glycopeptides|VanG-type_resistance_protein|VANTG,MEG_7531|Drugs|Glycopeptides|VanG-type_resistance_protein|VANTG,2136,1988689,1990824,+
Escherichia_coli_B1109,Escherichia_coli_chromosome,2011449,2012271,823,MEG_8884|Drugs|betalactams|Class_A_betalactamases|TEM,MEG_8884|Drugs|betalactams|Class_A_betalactamases|TEM,861,2015814,2016674,+
Escherichia_coli_B1109,Escherichia_coli_chromosome,2012296,2013834,1539,MEG_7637|Multi-compound|Drug_and_biocide_resistance|Drug_and_biocide_RND_efflux_pumps|VCEA,MEG_7637|Multi-compound|Drug_and_biocide_resistance|Drug_and_biocide_RND_efflux_pumps|VCEA,1188,2016699,2017886,+
Escherichia_coli_B1109,Escherichia_coli_chromosome,2018585,2020195,1611,MEG_7157|Drugs|Tetracyclines|Tetracycline_resistance_ribosomal_protection_proteins|TETO,MEG_7157|Drugs|Tetracyclines|Tetracycline_resistance_ribosomal_protection_proteins|TETO,1920,2022637,2024556,+
Escherichia_coli_B1109,Escherichia_coli_chromosome,2033761,2035662,1902,MEG_11226|Drugs|Fluoroquinolones|Quinolone_resistance_protein_Qnr|QNRB,MEG_11226|Drugs|Fluoroquinolones|Quinolone_resistance_protein_Qnr|QNRB,645,2038122,2038766,+
Escherichia_coli_B1109,Escherichia_coli_chromosome,2100121,2103264,3144,MEG_3882|Metals|Mercury_resistance|Mercury_resistance_regulator|MERR,MEG_3882|Metals|Mercury_resistance|Mercury_resistance_regulator|MERR,375,2103225,2103599,+
Escherichia_coli_B1109,Escherichia_coli_chromosome,2103276,2104499,1224,MEG_2053|Metals|Copper_resistance|Copper_resistance_protein|COPD,MEG_2053|Metals|Copper_resistance|Copper_resistance_protein|COPD,933,2103611,2104543,+
Escherichia_coli_B1109,Escherichia_coli_chromosome,2104515,2104847,333,MEG_3068|Drugs|Fusidic_acid|Ribosomal_zinc-binding_protein|FUSC,MEG_3068|Drugs|Fusidic_acid|Ribosomal_zinc-binding_protein|FUSC,639,2104559,2105197,+
Escherichia_coli_B1109,Escherichia_coli_chromosome,2105234,2106253,1020,MEG_3886|Metals|Mercury_resistance|Mercury_resistance_regulator|MERR1,MEG_3886|Metals|Mercury_resistance|Mercury_resistance_regulator|MERR1,435,2105584,2106018,+
Escherichia_coli_B1109,Escherichia_coli_chromosome,2106410,2108525,2116,MEG_2087|Metals|Multi-metal_resistance|Multi-metal_resistance_protein|CORA,MEG_2087|Metals|Multi-metal_resistance|Multi-metal_resistance_protein|CORA,951,2106175,2107125,+
Escherichia_coli_B1109,Escherichia_coli_chromosome,2163207,2164650,1444,MEG_6584|Drugs|Sulfonamides|Sulfonamide-resistant_dihydropteroate_synthases|SULI,MEG_6584|Drugs|Sulfonamides|Sulfonamide-resistant_dihydropteroate_synthases|SULI,840,2161807,2162646,+
Escherichia_coli_B1109,Escherichia_coli_chromosome,2166169,2166576,408,MEG_4010|Metals|Multi-metal_resistance|Multi-metal_ABC_efflux_pumps|MODC,MEG_4010|Metals|Multi-metal_resistance|Multi-metal_ABC_efflux_pumps|MODC,1059,2164165,2165223,+
Escherichia_coli_B1109,Escherichia_coli_chromosome,2169190,2171694,2505,MEG_502|Metals|Tellurium_resistance|Tellurium_resistance_protein|ACTP1,MEG_502|Metals|Tellurium_resistance|Tellurium_resistance_protein|ACTP1,1656,2167837,2169492,+
Escherichia_coli_B1109,Escherichia_coli_chromosome,2194950,2196143,1194,MEG_1026|Drugs|Aminoglycosides|Aminoglycoside_O-phosphotransferases|APH3-DPRIME,MEG_1026|Drugs|Aminoglycosides|Aminoglycoside_O-phosphotransferases|APH3-DPRIME,816,2192748,2193563,+
Escherichia_coli_B1109,Escherichia_coli_chromosome,2196166,2199315,3150,MEG_1118|Drugs|Multi-drug_resistance|MDR_regulator|ARLS,MEG_1118|Drugs|Multi-drug_resistance|MDR_regulator|ARLS,1356,2193586,2194941,+
Escherichia_coli_B1109,Escherichia_coli_chromosome,2208170,2209915,1746,MEG_6085|Drugs|Rifampin|Monooxygenase|ROX,MEG_6085|Drugs|Rifampin|Monooxygenase|ROX,1422,2203796,2205217,+
Escherichia_coli_B1109,Escherichia_coli_chromosome,2285632,2286789,1158,MEG_1159|Metals|Arsenic_resistance|Arsenic_resistance_protein|ARSC,MEG_1159|Metals|Arsenic_resistance|Arsenic_resistance_protein|ARSC,420,2280934,2281353,+
Escherichia_coli_B1109,Escherichia_coli_chromosome,2299750,2300859,1110,MEG_3061|Multi-compound|Biocide_and_metal_resistance|Biocide_and_metal_resistance_protein|FRNE,MEG_3061|Multi-compound|Biocide_and_metal_resistance|Biocide_and_metal_resistance_protein|FRNE,759,2294314,2295072,+
Escherichia_coli_B1109,Escherichia_coli_chromosome,2437916,2438626,711,MEG_11313|Drugs|Fosfomycin|Fosfomycin_thiol_transferases|FOSX,MEG_11313|Drugs|Fosfomycin|Fosfomycin_thiol_transferases|FOSX,411,2432129,2432539,+
Escherichia_coli_B1109,Escherichia_coli_chromosome,2515262,2516812,1551,MEG_2817|Drugs|MLS|23S_rRNA_methyltransferases|ERMC,MEG_2817|Drugs|MLS|23S_rRNA_methyltransferases|ERMC,735,2509175,2509909,+
Escherichia_coli_B1109,Escherichia_coli_chromosome,2568583,2569527,945,MEG_3726|Drugs|Lipopeptides|Colistin_phosphoethanolamine_transferase|MCR,MEG_3726|Drugs|Lipopeptides|Colistin_phosphoethanolamine_transferase|MCR,1626,2561680,2563305,+
Escherichia_coli_B1109,Escherichia_coli_chromosome,2596802,2599156,2355,MEG_8271|Drugs|Metronidazole|nim_nitroimidazole_reductase|NIMG,MEG_8271|Drugs|Metronidazole|nim_nitroimidazole_reductase|NIMG,495,2590580,2591074,+
Escherichia_coli_B1109,Escherichia_coli_chromosome,2602305,2602682,378,MEG_1466|Biocides|Polyamine_resistance|Spermine/spermidine_acetyltransferase|BLTD,MEG_1466|Biocides|Polyamine_resistance|Spermine/spermidine_acetyltransferase|BLTD,459,2594223,2594681,+
Escherichia_coli_B1109,Escherichia_coli_chromosome,2636034,2637200,1167,MEG_2974|Drugs|Fosfomycin|Fosfomycin_phosphorylation|FOMB,MEG_2974|Drugs|Fosfomycin|Fosfomycin_phosphorylation|FOMB,993,2628033,2629025,+
Escherichia_coli_B1109,Escherichia_coli_chromosome,2661030,2661899,870,MEG_8037|Drugs|Aminoglycosides|Aminoglycoside_efflux_pumps|CRCB,MEG_8037|Drugs|Aminoglycosides|Aminoglycoside_efflux_pumps|CRCB,414,2652855,2653268,+
Escherichia_coli_B1109,Escherichia_coli_chromosome,2715843,2717075,1233,MEG_7271|Biocides|Phenolic_compound_resistance|Phenolic_RND_efflux_pump|TRIA,MEG_7271|Biocides|Phenolic_compound_resistance|Phenolic_RND_efflux_pump|TRIA,1152,2707212,2708363,+
Escherichia_coli_B1109,Escherichia_coli_chromosome,2790664,2792388,1725,MEG_7440|Drugs|Glycopeptides|VanI-type_resistance_protein|VANI,MEG_7440|Drugs|Glycopeptides|VanI-type_resistance_protein|VANI,1041,2781952,2782992,+
Escherichia_coli_B1109,Escherichia_coli_chromosome,2818761,2821457,2697,MEG_11311|Drugs|Fosfomycin|Fosfomycin_thiol_transferases|FOSA,MEG_11311|Drugs|Fosfomycin|Fosfomycin_thiol_transferases|FOSA,414,2809365,2809778,+
Escherichia_coli_B1109,Escherichia_coli_chromosome,2916772,2917905,1134,MEG_11362|Metals|Arsenic_resistance|Arsenic_resistance_N-acetyltransferases|ARSN2,MEG_11362|Metals|Arsenic_resistance|Arsenic_resistance_N-acetyltransferases|ARSN2,444,2905093,2905536,+
Escherichia_coli_B1109,Escherichia_coli_chromosome,2918524,2918991,468,MEG_2015|Metals|Multi-metal_resistance|Multi-metal_resistance_protein|CNRY,MEG_2015|Metals|Multi-metal_resistance|Multi-metal_resistance_protein|CNRY,288,2906155,2906442,+
Escherichia_coli_B1109,Escherichia_coli_chromosome,2930360,2930698,339,MEG_5420|Metals|Copper_resistance|Copper_resistance_protein|PCOC,MEG_5420|Metals|Copper_resistance|Copper_resistance_protein|PCOC,381,2917811,2918191,+
Escherichia_coli_B1109,Escherichia_coli_chromosome,2950535,2952178,1644,MEG_6519|Biocides|Multi-biocide_resistance|Multi-biocide_ABC_efflux_pump|SMDA,MEG_6519|Biocides|Multi-biocide_resistance|Multi-biocide_ABC_efflux_pump|SMDA,1776,2938028,2939803,+
Escherichia_coli_B1109,Escherichia_coli_chromosome,2982016,2986561,4546,MEG_6595|Drugs|Sulfonamides|Sulfonamide-resistant_dihydropteroate_synthases|SULI,MEG_6595|Drugs|Sulfonamides|Sulfonamide-resistant_dihydropteroate_synthases|SULI,840,2969641,2970480,+
Escherichia_coli_B1109,Escherichia_coli_chromosome,3001112,3002761,1650,MEG_3025|Drugs|Fosfomycin|Fosfomycin_thiol_transferases|FOSX,MEG_3025|Drugs|Fosfomycin|Fosfomycin_thiol_transferases|FOSX,465,2985031,2985495,+
Escherichia_coli_B1109,Escherichia_coli_chromosome,3008080,3008544,465,MEG_2828|Drugs|MLS|23S_rRNA_methyltransferases|ERMF,MEG_2828|Drugs|MLS|23S_rRNA_methyltransferases|ERMF,801,2990814,2991614,+
Escherichia_coli_B1109,Escherichia_coli_chromosome,3008630,3008953,324,MEG_1716|Metals|Chromium_resistance|Chromium_resistance_regulator|CHRI,MEG_1716|Metals|Chromium_resistance|Chromium_resistance_regulator|CHRI,495,2991700,2992194,+
Escherichia_coli_B1109,Escherichia_coli_chromosome,3026010,3026525,516,MEG_3014|Drugs|Fosfomycin|Fosfomycin_thiol_transferases|FOSB,MEG_3014|Drugs|Fosfomycin|Fosfomycin_thiol_transferases|FOSB,420,3009251,3009670,+
Escherichia_coli_B1109,Escherichia_coli_chromosome,3062385,3063209,825,MEG_7154|Drugs|Tetracyclines|Tetracycline_resistance_ribosomal_protection_proteins|TETO,MEG_7154|Drugs|Tetracyclines|Tetracycline_resistance_ribosomal_protection_proteins|TETO,1920,3045530,3047449,+
Escherichia_coli_B1109,Escherichia_coli_chromosome,3072494,3072877,384,MEG_5067|Drugs|betalactams|Class_D_betalactamases|OXA,MEG_5067|Drugs|betalactams|Class_D_betalactamases|OXA,825,3056734,3057558,+
Escherichia_coli_B1109,Escherichia_coli_chromosome,3081467,3084186,2720,MEG_1132|Drugs|Rifampin|Rifampin_ADP-ribosyltransferase_Arr|ARR,MEG_1132|Drugs|Rifampin|Rifampin_ADP-ribosyltransferase_Arr|ARR,453,3066148,3066600,+
Escherichia_coli_B1109,Escherichia_coli_chromosome,3167935,3168780,846,MEG_5411|Metals|Lead_resistance|Lead_P-type_ATPase_transporter|PBRB,MEG_5411|Metals|Lead_resistance|Lead_P-type_ATPase_transporter|PBRB,1077,3150349,3151425,+
Escherichia_coli_B1109,Escherichia_coli_chromosome,3178654,3179556,903,MEG_1123|Drugs|Rifampin|Rifampin_ADP-ribosyltransferase_Arr|ARR,MEG_1123|Drugs|Rifampin|Rifampin_ADP-ribosyltransferase_Arr|ARR,453,3161299,3161751,+
Escherichia_coli_B1109,Escherichia_coli_chromosome,3180355,3182423,2069,MEG_4169|Metals|Nickel_resistance|Nickel_ABC_efflux_pumps|NIKB,MEG_4169|Metals|Nickel_resistance|Nickel_ABC_efflux_pumps|NIKB,945,3162550,3163494,+
Escherichia_coli_B1109,Escherichia_coli_chromosome,3184595,3185215,621,MEG_11358|Drugs|Organoarsenicals|Arsinothricin_resistance_N-acetyltransferases|ARSN1,MEG_11358|Drugs|Organoarsenicals|Arsinothricin_resistance_N-acetyltransferases|ARSN1,543,3165666,3166208,+
Escherichia_coli_B1109,Escherichia_coli_chromosome,3241981,3242607,627,MEG_1191|Multi-compound|Drug_and_biocide_and_metal_resistance|Drug_and_biocide_and_metal_RND_efflux_regulator|BAER,MEG_1191|Multi-compound|Drug_and_biocide_and_metal_resistance|Drug_and_biocide_and_metal_RND_efflux_regulator|BAER,723,3222974,3223696,+
Escherichia_coli_B1109,Escherichia_coli_chromosome,3283548,3284498,951,MEG_1135|Drugs|Rifampin|Rifampin_ADP-ribosyltransferase_Arr|ARR,MEG_1135|Drugs|Rifampin|Rifampin_ADP-ribosyltransferase_Arr|ARR,543,3264637,3265179,+
Escherichia_coli_B1109,Escherichia_coli_chromosome,3374400,3375440,1041,MEG_5913|Drugs|Fluoroquinolones|Quinolone_resistance_protein_Qnr|QNRB,MEG_5913|Drugs|Fluoroquinolones|Quinolone_resistance_protein_Qnr|QNRB,645,3355081,3355725,+
Escherichia_coli_B1109,Escherichia_coli_chromosome,3375527,3377376,1850,MEG_6985|Drugs|Tetracyclines|Tetracycline_resistance_MFS_efflux_pumps|TET38,MEG_6985|Drugs|Tetracyclines|Tetracycline_resistance_MFS_efflux_pumps|TET38,1353,3355812,3357164,+
Escherichia_coli_B1109,Escherichia_coli_chromosome,3377559,3378332,774,MEG_6621|Drugs|Sulfonamides|Sulfonamide-resistant_dihydropteroate_synthases|SULII,MEG_6621|Drugs|Sulfonamides|Sulfonamide-resistant_dihydropteroate_synthases|SULII,816,3357347,3358162,+
Escherichia_coli_B1109,Escherichia_coli_chromosome,3390713,3391279,567,MEG_6560|Biocides|Multi-biocide_resistance|Multi-biocide_RND_efflux_pump|SRPB,MEG_6560|Biocides|Multi-biocide_resistance|Multi-biocide_RND_efflux_pump|SRPB,3150,3370543,3373692,+
Escherichia_coli_B1109,Escherichia_coli_chromosome,3418509,3418922,414,MEG_3064|Metals|Iron_resistance|Iron_resistance_regulator|FURA,MEG_3064|Metals|Iron_resistance|Iron_resistance_regulator|FURA,453,3400922,3401374,+
Escherichia_coli_B1109,Escherichia_coli_chromosome,3419028,3419462,435,MEG_11499|Drugs|Metronidazole|nim_nitroimidazole_reductase|NIME,MEG_11499|Drugs|Metronidazole|nim_nitroimidazole_reductase|NIME,513,3401480,3401992,+
Escherichia_coli_B1109,Escherichia_coli_chromosome,3430825,3432015,1191,MEG_4217|Metals|Multi-metal_resistance|Multi-metal_resistance_protein|NREB,MEG_4217|Metals|Multi-metal_resistance|Multi-metal_resistance_protein|NREB,1251,3413355,3414605,+
Escherichia_coli_B1109,Escherichia_coli_chromosome,3677911,3679311,1401,MEG_11281|Drugs|Aminoglycosides|Aminoglycoside_N-acetyltransferases|AAC6-PRIME,MEG_11281|Drugs|Aminoglycosides|Aminoglycoside_N-acetyltransferases|AAC6-PRIME,447,3660501,3660947,+
Escherichia_coli_B1109,Escherichia_coli_chromosome,3679681,3680505,825,MEG_2565|Drugs|Trimethoprim|Dihydrofolate_reductase|DFRB,MEG_2565|Drugs|Trimethoprim|Dihydrofolate_reductase|DFRB,237,3661317,3661553,+
Escherichia_coli_B1109,Escherichia_coli_chromosome,3680873,3681601,729,MEG_3914|Multi-compound|Drug_and_biocide_resistance|Drug_and_biocide_RND_efflux_pumps|MEXH,MEG_3914|Multi-compound|Drug_and_biocide_resistance|Drug_and_biocide_RND_efflux_pumps|MEXH,1113,3661921,3663033,+
Escherichia_coli_B1109,Escherichia_coli_chromosome,3681964,3685077,3114,MEG_7275|Biocides|Phenolic_compound_resistance|Phenolic_RND_efflux_pump|TRIC,MEG_7275|Biocides|Phenolic_compound_resistance|Phenolic_RND_efflux_pump|TRIC,3048,3663396,3666443,+
Escherichia_coli_B1109,Escherichia_coli_chromosome,3685102,3686259,1158,MEG_6575|Biocides|Multi-biocide_resistance|Multi-biocide_SMR_efflux_pump|SUGE,MEG_6575|Biocides|Multi-biocide_resistance|Multi-biocide_SMR_efflux_pump|SUGE,468,3666468,3666935,+
Escherichia_coli_B1109,Escherichia_coli_chromosome,3686598,3687080,483,MEG_6513|Multi-compound|Biocide_and_metal_resistance|Biocide_and_metal_ABC_efflux_pumps|SITA,MEG_6513|Multi-compound|Biocide_and_metal_resistance|Biocide_and_metal_ABC_efflux_pumps|SITA,918,3667274,3668191,+
Escherichia_coli_B1109,Escherichia_coli_chromosome,3693631,3694062,432,MEG_3722|Drugs|Lipopeptides|Colistin_phosphoethanolamine_transferase|MCR,MEG_3722|Drugs|Lipopeptides|Colistin_phosphoethanolamine_transferase|MCR,1620,3674742,3676361,+
Escherichia_coli_B1109,Escherichia_coli_chromosome,3694068,3698983,4916,MEG_9153|Drugs|betalactams|Class_C_betalactamases|PDC,MEG_9153|Drugs|betalactams|Class_C_betalactamases|PDC,1194,3676367,3677560,+
Escherichia_coli_B1109,Escherichia_coli_chromosome,3704001,3706199,2199,MEG_6975|Drugs|Tetracyclines|Tetracycline_resistance_MFS_efflux_pumps|TET33,MEG_6975|Drugs|Tetracyclines|Tetracycline_resistance_MFS_efflux_pumps|TET33,1260,3682578,3683837,+
Escherichia_coli_B1109,Escherichia_coli_chromosome,3825137,3825769,633,MEG_3847|Metals|Mercury_resistance|Mercury_resistance_protein|MERB,MEG_3847|Metals|Mercury_resistance|Mercury_resistance_protein|MERB,639,3802775,3803413,+
Escherichia_coli_B1109,Escherichia_coli_chromosome,3872759,3873184,426,MEG_4310|Drugs|Multi-drug_resistance|Multi-drug_ABC_efflux_pumps|OPTRA,MEG_4310|Drugs|Multi-drug_resistance|Multi-drug_ABC_efflux_pumps|OPTRA,1968,3850403,3852370,+
Escherichia_coli_B1109,Escherichia_coli_chromosome,3893753,3896857,3105,MEG_6160|Drugs|Nucleosides|Streptothricin_acetyltransferase|SAT,MEG_6160|Drugs|Nucleosides|Streptothricin_acetyltransferase|SAT,525,3872939,3873463,+
Escherichia_coli_B1109,Escherichia_coli_chromosome,3896869,3898026,1158,MEG_7821|Metals|Multi-metal_resistance|Multi-metal_resistance_protein|YFEA,MEG_7821|Metals|Multi-metal_resistance|Multi-metal_resistance_protein|YFEA,969,3873475,3874443,+
Escherichia_coli_B1109,Escherichia_coli_chromosome,3898425,3899087,663,MEG_6606|Drugs|Sulfonamides|Sulfonamide-resistant_dihydropteroate_synthases|SULI,MEG_6606|Drugs|Sulfonamides|Sulfonamide-resistant_dihydropteroate_synthases|SULI,867,3874842,3875708,+
Escherichia_coli_B1109,Escherichia_coli_chromosome,3926089,3926403,315,MEG_1189|Drugs|Bacitracin|Undecaprenyl_pyrophosphate_phosphatase|BACA,MEG_1189|Drugs|Bacitracin|Undecaprenyl_pyrophosphate_phosphatase|BACA,822,3902710,3903531,+
Escherichia_coli_B1109,Escherichia_coli_chromosome,4096493,4097257,765,MEG_7270|Metals|Multi-metal_resistance|Multi-metal_resistance_regulator|TRGB,MEG_7270|Metals|Multi-metal_resistance|Multi-metal_resistance_regulator|TRGB,1086,4073621,4074706,+
Escherichia_coli_B1109,Escherichia_coli_chromosome,4108853,4109674,822,MEG_3894|Metals|Mercury_resistance|Mercury_resistance_protein|MERT,MEG_3894|Metals|Mercury_resistance|Mercury_resistance_protein|MERT,351,4086302,4086652,+
Escherichia_coli_B1109,Escherichia_coli_chromosome,4128325,4129122,798,MEG_6998|Drugs|Tetracyclines|Tetracycline_resistance_ribosomal_protection_proteins|TET44,MEG_6998|Drugs|Tetracyclines|Tetracycline_resistance_ribosomal_protection_proteins|TET44,1923,4105303,4107225,+
Escherichia_coli_B1109,Escherichia_coli_chromosome,4132052,4133539,1488,MEG_1153|Metals|Multi-metal_resistance|Multi-metal_resistance_protein|ARSBM,MEG_1153|Metals|Multi-metal_resistance|Multi-metal_resistance_protein|ARSBM,1290,4110155,4111444,+
Escherichia_coli_B1109,Escherichia_coli_chromosome,4141972,4142364,393,MEG_1739|Multi-compound|Drug_and_biocide_and_metal_resistance|Drug_and_biocide_and_metal_RND_efflux_pumps|CMEB,MEG_1739|Multi-compound|Drug_and_biocide_and_metal_resistance|Drug_and_biocide_and_metal_RND_efflux_pumps|CMEB,3123,4119877,4122999,+
Escherichia_coli_B1109,Escherichia_coli_chromosome,4175276,4176768,1493,MEG_1464|Multi-compound|Drug_and_biocide_resistance|Drug_and_biocide_MFS_efflux_pumps|BLT,MEG_1464|Multi-compound|Drug_and_biocide_resistance|Drug_and_biocide_MFS_efflux_pumps|BLT,1309,4155911,4157219,+
Escherichia_coli_B1109,Escherichia_coli_chromosome,4287909,4288619,711,MEG_3288|Biocides|Peroxide_resistance|Peroxide_resistance_stress_protein|IBPB,MEG_3288|Biocides|Peroxide_resistance|Peroxide_resistance_stress_protein|IBPB,429,4268360,4268788,+
Escherichia_coli_B1109,Escherichia_coli_chromosome,4458335,4459363,1029,MEG_1588|Drugs|Phenicol|Chloramphenicol_acetyltransferases|CATA,MEG_1588|Drugs|Phenicol|Chloramphenicol_acetyltransferases|CATA,642,4438504,4439145,+
Escherichia_coli_B1109,Escherichia_coli_chromosome,4572564,4573247,684,MEG_8796|Drugs|Lipopeptides|Colistin_phosphoethanolamine_transferase|MCR,MEG_8796|Drugs|Lipopeptides|Colistin_phosphoethanolamine_transferase|MCR,1623,4552346,4553968,+
Escherichia_coli_B1109,Escherichia_coli_chromosome,4710663,4711139,477,MEG_6962|Metals|Tellurium_resistance|Tellurium_resistance_protein|TERZ,MEG_6962|Metals|Tellurium_resistance|Tellurium_resistance_protein|TERZ,582,4691384,4691965,+
Escherichia_coli_B1109,Escherichia_coli_chromosome,4731817,4734930,3114,MEG_712|Metals|Arsenic_resistance|Arsenite_oxidase|AIOA,MEG_712|Metals|Arsenic_resistance|Arsenite_oxidase|AIOA,2481,4712643,4715123,+
Escherichia_coli_B3008,Escherichia_coli_B3008,96874,98247,1374,MEG_7560|Drugs|Glycopeptides|VanB-type_resistance_protein|VANXB,MEG_7560|Drugs|Glycopeptides|VanB-type_resistance_protein|VANXB,609,96874,97482,+
Escherichia_coli_B3008,Escherichia_coli_B3008,105729,106310,582,MEG_7818|Biocides|Peroxide_resistance|peroxide_resistance_protein|YDEI,MEG_7818|Biocides|Peroxide_resistance|peroxide_resistance_protein|YDEI,393,104964,105356,+
Escherichia_coli_B3008,Escherichia_coli_B3008,168004,168685,682,MEG_9571|Drugs|betalactams|Class_D_betalactamases|OXA,MEG_9571|Drugs|betalactams|Class_D_betalactamases|OXA,825,167050,167874,+
Escherichia_coli_B3008,Escherichia_coli_B3008,169821,170156,336,MEG_4196|Metals|Nickel_resistance|Nickel_resistance_protein|NIRB,MEG_4196|Metals|Nickel_resistance|Nickel_resistance_protein|NIRB,270,169010,169279,+
Escherichia_coli_B3008,Escherichia_coli_B3008,244385,244777,393,MEG_1465|Biocides|Polyamine_resistance|Spermine/spermidine_acetyltransferase|BLTD,MEG_1465|Biocides|Polyamine_resistance|Spermine/spermidine_acetyltransferase|BLTD,459,243508,243966,+
Escherichia_coli_B3008,Escherichia_coli_B3008,248925,249314,390,MEG_8232|Drugs|Multi-drug_resistance|Multi-drug_ABC_efflux_pumps|LPTD,MEG_8232|Drugs|Multi-drug_resistance|Multi-drug_ABC_efflux_pumps|LPTD,2349,248114,250462,+
Escherichia_coli_B3008,Escherichia_coli_B3008,249328,249762,435,MEG_11323|Metals|Arsenic_resistance|Arsenic_resistance_protein|ARSB,MEG_11323|Metals|Arsenic_resistance|Arsenic_resistance_protein|ARSB,1083,250476,251558,+
Escherichia_coli_B3008,Escherichia_coli_B3008,282393,284672,2280,MEG_4177|Metals|Nickel_resistance|Nickel_ABC_efflux_regulator|NIKR,MEG_4177|Metals|Nickel_resistance|Nickel_ABC_efflux_regulator|NIKR,402,284189,284590,+
Escherichia_coli_B3008,Escherichia_coli_B3008,285192,285953,762,MEG_1763|Drugs|Phenicol|Phenicol_resistance_MFS_efflux_pumps|CMLA,MEG_1763|Drugs|Phenicol|Phenicol_resistance_MFS_efflux_pumps|CMLA,1260,285110,286369,+
Escherichia_coli_B3008,Escherichia_coli_B3008,296834,298234,1401,MEG_3657|Drugs|Multi-drug_resistance|Multi-drug_ABC_efflux_pumps|MACA,MEG_3657|Drugs|Multi-drug_resistance|Multi-drug_ABC_efflux_pumps|MACA,1179,297250,298428,+
Escherichia_coli_B3008,Escherichia_coli_B3008,298390,299925,1536,MEG_6588|Drugs|Sulfonamides|Sulfonamide-resistant_dihydropteroate_synthases|SULI,MEG_6588|Drugs|Sulfonamides|Sulfonamide-resistant_dihydropteroate_synthases|SULI,840,298584,299423,+
Escherichia_coli_B3008,Escherichia_coli_B3008,374200,375782,1583,MEG_1708|Metals|Chromium_resistance|Chromium_resistance_protein|CHRA,MEG_1708|Metals|Chromium_resistance|Chromium_resistance_protein|CHRA,1125,373698,374822,+
Escherichia_coli_B3008,Escherichia_coli_B3008,500610,501398,789,MEG_4168|Metals|Nickel_resistance|Nickel_ABC_efflux_pumps|NIKB,MEG_4168|Metals|Nickel_resistance|Nickel_ABC_efflux_pumps|NIKB,945,499650,500594,+
Escherichia_coli_B3008,Escherichia_coli_B3008,557521,557934,414,MEG_6546|Biocides|Peroxide_resistance|peroxide_resistance_protein|SODB,MEG_6546|Biocides|Peroxide_resistance|peroxide_resistance_protein|SODB,582,556717,557298,+
Escherichia_coli_B3008,Escherichia_coli_B3008,578774,579874,1101,MEG_6153|Multi-compound|Biocide_and_metal_resistance|Biocide_and_metal_resistance_protein|RUVB,MEG_6153|Multi-compound|Biocide_and_metal_resistance|Biocide_and_metal_resistance_protein|RUVB,1193,578138,579330,+
Escherichia_coli_B3008,Escherichia_coli_B3008,591553,591831,279,MEG_11228|Metals|Mercury_resistance|Mercury_resistance_protein|MERB,MEG_11228|Metals|Mercury_resistance|Mercury_resistance_protein|MERB,657,591009,591665,+
Escherichia_coli_B3008,Escherichia_coli_B3008,615905,617446,1542,MEG_7852|Metals|Zinc_resistance|Zinc_resistance_protein|ZNEB,MEG_7852|Metals|Zinc_resistance|Zinc_resistance_protein|ZNEB,1158,615739,616896,+
Escherichia_coli_B3008,Escherichia_coli_B3008,617586,618122,537,MEG_3873|Metals|Mercury_resistance|Mercury_resistance_protein|MERP,MEG_3873|Metals|Mercury_resistance|Mercury_resistance_protein|MERP,276,617036,617311,+
Escherichia_coli_B3008,Escherichia_coli_B3008,634752,635018,267,MEG_11432|Drugs|Multi-drug_resistance|ABC-F_ribosomal_protection_protein|VGAF,MEG_11432|Drugs|Multi-drug_resistance|ABC-F_ribosomal_protection_protein|VGAF,1386,633941,635326,+
Escherichia_coli_B3008,Escherichia_coli_B3008,665567,665824,258,MEG_1713|Metals|Chromium_resistance|Chromium_resistance_protein|CHRC,MEG_1713|Metals|Chromium_resistance|Chromium_resistance_protein|CHRC,594,665875,666468,+
Escherichia_coli_B3008,Escherichia_coli_B3008,666065,666697,633,MEG_4295|Drugs|Multi-drug_resistance|Multi-drug_RND_efflux_pumps|OPRA,MEG_4295|Drugs|Multi-drug_resistance|Multi-drug_RND_efflux_pumps|OPRA,1404,666709,668112,+
Escherichia_coli_B3008,Escherichia_coli_B3008,709598,710806,1209,MEG_3023|Drugs|Fosfomycin|Fosfomycin_thiol_transferases|FOSK,MEG_3023|Drugs|Fosfomycin|Fosfomycin_thiol_transferases|FOSK,399,711013,711411,+
Escherichia_coli_B3008,Escherichia_coli_B3008,719437,720663,1227,MEG_7434|Drugs|Glycopeptides|VanD-type_resistance_protein|VANHD,MEG_7434|Drugs|Glycopeptides|VanD-type_resistance_protein|VANHD,2610,720042,722651,+
Escherichia_coli_B3008,Escherichia_coli_B3008,815285,816362,1078,MEG_6535|Biocides|Multi-biocide_resistance|Multi-biocide_ABC_efflux_pump|SMRA,MEG_6535|Biocides|Multi-biocide_resistance|Multi-biocide_ABC_efflux_pump|SMRA,1830,817273,819102,+
Escherichia_coli_B3008,Escherichia_coli_B3008,867004,868752,1749,MEG_2537|Drugs|Trimethoprim|Dihydrofolate_reductase|DFRA,MEG_2537|Drugs|Trimethoprim|Dihydrofolate_reductase|DFRA,474,869744,870217,+
Escherichia_coli_B3008,Escherichia_coli_B3008,944287,945009,723,MEG_10013|Multi-compound|Drug_and_biocide_and_metal_resistance|Drug_and_biocide_and_metal_RND_efflux_regulator|BAES,MEG_10013|Multi-compound|Drug_and_biocide_and_metal_resistance|Drug_and_biocide_and_metal_RND_efflux_regulator|BAES,1404,945752,947155,+
Escherichia_coli_B3008,Escherichia_coli_B3008,986187,987419,1233,MEG_2994|Drugs|Fosfomycin|Fosfomycin_thiol_transferases|FOSA,MEG_2994|Drugs|Fosfomycin|Fosfomycin_thiol_transferases|FOSA,426,988333,988758,+
Escherichia_coli_B3008,Escherichia_coli_B3008,1017765,1018232,468,MEG_1172|Metals|Arsenic_resistance|Arsenic_resistance_regulator|ARSR,MEG_1172|Metals|Arsenic_resistance|Arsenic_resistance_regulator|ARSR,318,1019104,1019421,+
Escherichia_coli_B3008,Escherichia_coli_B3008,1082966,1084024,1059,MEG_8093|Drugs|Fosfomycin|Fosfomycin_thiol_transferases|FOSM,MEG_8093|Drugs|Fosfomycin|Fosfomycin_thiol_transferases|FOSM,429,1084155,1084583,+
Escherichia_coli_B3008,Escherichia_coli_B3008,1084026,1085489,1464,MEG_1127|Drugs|Rifampin|Rifampin_ADP-ribosyltransferase_Arr|ARR,MEG_1127|Drugs|Rifampin|Rifampin_ADP-ribosyltransferase_Arr|ARR,453,1084585,1085037,+
Escherichia_coli_B3008,Escherichia_coli_B3008,1085934,1086722,789,MEG_5412|Metals|Lead_resistance|Lead_P-type_ATPase_transporter|PBRD,MEG_5412|Metals|Lead_resistance|Lead_P-type_ATPase_transporter|PBRD,870,1085482,1086351,+
Escherichia_coli_B3008,Escherichia_coli_B3008,1095755,1096696,942,MEG_4004|Metals|Multi-metal_resistance|Multi-metal_ABC_efflux_pumps|MODB,MEG_4004|Metals|Multi-metal_resistance|Multi-metal_ABC_efflux_pumps|MODB,605,1095384,1095988,+
Escherichia_coli_B3008,Escherichia_coli_B3008,1159583,1160260,678,MEG_7050|Drugs|Tetracyclines|Tetracycline_resistance_MFS_efflux_pumps|TETB,MEG_7050|Drugs|Tetracyclines|Tetracycline_resistance_MFS_efflux_pumps|TETB,1263,1158875,1160137,+
Escherichia_coli_B3008,Escherichia_coli_B3008,1164452,1164595,144,MEG_706|Multi-compound|Drug_and_biocide_resistance|Drug_and_biocide_RND_efflux_pumps|ADET2,MEG_706|Multi-compound|Drug_and_biocide_resistance|Drug_and_biocide_RND_efflux_pumps|ADET2,717,1164329,1165045,+
Escherichia_coli_B3008,Escherichia_coli_B3008,1189654,1190476,823,MEG_6618|Drugs|Sulfonamides|Sulfonamide-resistant_dihydropteroate_synthases|SULII,MEG_6618|Drugs|Sulfonamides|Sulfonamide-resistant_dihydropteroate_synthases|SULII,816,1190104,1190919,+
Escherichia_coli_B3008,Escherichia_coli_B3008,1190501,1192033,1533,MEG_1181|Biocides|Acid_resistance|Acid_resistance_protein|ASR,MEG_1181|Biocides|Acid_resistance|Acid_resistance_protein|ASR,336,1190944,1191279,+
Escherichia_coli_B3008,Escherichia_coli_B3008,1198852,1200462,1611,MEG_237|Drugs|Aminoglycosides|Aminoglycoside_N-acetyltransferases|AAC6-PRIME,MEG_237|Drugs|Aminoglycosides|Aminoglycoside_N-acetyltransferases|AAC6-PRIME,555,1198098,1198652,+
Escherichia_coli_B3008,Escherichia_coli_B3008,1214029,1215930,1902,MEG_3746|Multi-compound|Drug_and_biocide_and_metal_resistance|Drug_and_biocide_and_metal_RND_efflux_pumps|MDTA,MEG_3746|Multi-compound|Drug_and_biocide_and_metal_resistance|Drug_and_biocide_and_metal_RND_efflux_pumps|MDTA,1248,1212219,1213466,+
Escherichia_coli_B3008,Escherichia_coli_B3008,1280378,1283521,3144,MEG_2578|Drugs|Trimethoprim|Dihydrofolate_reductase|DFRF,MEG_2578|Drugs|Trimethoprim|Dihydrofolate_reductase|DFRF,495,1277914,1278408,+
Escherichia_coli_B3008,Escherichia_coli_B3008,1283533,1284756,1224,MEG_4081|Multi-compound|Drug_and_biocide_resistance|Drug_and_biocide_RND_efflux_pumps|MTRD,MEG_4081|Multi-compound|Drug_and_biocide_resistance|Drug_and_biocide_RND_efflux_pumps|MTRD,3204,1278420,1281623,+
Escherichia_coli_B3008,Escherichia_coli_B3008,1284772,1285104,333,MEG_1190|Drugs|Bacitracin|Undecaprenyl_pyrophosphate_phosphatase|BACA,MEG_1190|Drugs|Bacitracin|Undecaprenyl_pyrophosphate_phosphatase|BACA,822,1281639,1282460,+
Escherichia_coli_B3008,Escherichia_coli_B3008,1285262,1286635,1374,MEG_2662|Multi-compound|Biocide_and_metal_resistance|Biocide_and_metal_resistance_protein|DPR,MEG_2662|Multi-compound|Biocide_and_metal_resistance|Biocide_and_metal_resistance_protein|DPR,519,1282618,1283136,+
Escherichia_coli_B3008,Escherichia_coli_B3008,1286792,1288888,2097,MEG_8700|Multi-compound|Biocide_and_metal_resistance|Biocide_and_metal_ABC_efflux_pumps|SITABCD,MEG_8700|Multi-compound|Biocide_and_metal_resistance|Biocide_and_metal_ABC_efflux_pumps|SITABCD,3459,1283293,1286751,+
Escherichia_coli_B3008,Escherichia_coli_B3008,1348604,1350047,1444,MEG_3074|Drugs|Fusidic_acid|Fusidic_acid_esterases|FUSH,MEG_3074|Drugs|Fusidic_acid|Fusidic_acid_esterases|FUSH,1530,1346467,1347996,+
Escherichia_coli_B3008,Escherichia_coli_B3008,1351566,1351973,408,MEG_11336|Metals|Multi-metal_resistance|Multi-metal_resistance_regulator|CADC,MEG_11336|Metals|Multi-metal_resistance|Multi-metal_resistance_regulator|CADC,360,1349515,1349874,+
Escherichia_coli_B3008,Escherichia_coli_B3008,1354587,1354798,212,MEG_5396|Drugs|Aminocoumarins|Aminocoumarin-resistant_DNA_topoisomerases|PARY,MEG_5396|Drugs|Aminocoumarins|Aminocoumarin-resistant_DNA_topoisomerases|PARY,2112,1352488,1354599,+
Escherichia_coli_B3008,Escherichia_coli_B3008,1380953,1382146,1194,MEG_2697|Biocides|Multi-biocide_resistance|Multi-biocide_SMR_efflux_pump|EBRA,MEG_2697|Biocides|Multi-biocide_resistance|Multi-biocide_SMR_efflux_pump|EBRA,318,1380754,1381071,+
Escherichia_coli_B3008,Escherichia_coli_B3008,1382169,1385318,3150,MEG_11295|Drugs|Aminoglycosides|Aminoglycoside_O-phosphotransferases|APH3-PRIME,MEG_11295|Drugs|Aminoglycosides|Aminoglycoside_O-phosphotransferases|APH3-PRIME,813,1381094,1381906,+
Escherichia_coli_B3008,Escherichia_coli_B3008,1394201,1395918,1718,MEG_6581|Drugs|Sulfonamides|Sulfonamide-resistant_dihydropteroate_synthases|SULI,MEG_6581|Drugs|Sulfonamides|Sulfonamide-resistant_dihydropteroate_synthases|SULI,840,1390789,1391628,+
Escherichia_coli_B3008,Escherichia_coli_B3008,1481490,1482647,1158,MEG_3005|Drugs|Fosfomycin|Fosfomycin_thiol_transferases|FOSB,MEG_3005|Drugs|Fosfomycin|Fosfomycin_thiol_transferases|FOSB,420,1477200,1477619,+
Escherichia_coli_B3008,Escherichia_coli_B3008,1495702,1496811,1110,MEG_3717|Drugs|Lipopeptides|Colistin_phosphoethanolamine_transferase|MCR,MEG_3717|Drugs|Lipopeptides|Colistin_phosphoethanolamine_transferase|MCR,1626,1490674,1492299,+
Escherichia_coli_B3008,Escherichia_coli_B3008,1644995,1645429,435,MEG_7027|Drugs|Tetracyclines|Tetracycline_resistance_MFS_efflux_pumps|TETA,MEG_7027|Drugs|Tetracyclines|Tetracycline_resistance_MFS_efflux_pumps|TETA,1263,1640483,1641745,+
Escherichia_coli_B3008,Escherichia_coli_B3008,1645647,1647724,2078,MEG_6642|Drugs|Sulfonamides|Sulfonamide_monooxygenase|SULX,MEG_6642|Drugs|Sulfonamides|Sulfonamide_monooxygenase|SULX,1272,1641963,1643234,+
Escherichia_coli_B3008,Escherichia_coli_B3008,1647779,1648708,930,MEG_3020|Drugs|Fosfomycin|Fosfomycin_thiol_transferases|FOSE,MEG_3020|Drugs|Fosfomycin|Fosfomycin_thiol_transferases|FOSE,357,1643289,1643645,+
Escherichia_coli_B3008,Escherichia_coli_B3008,1648713,1649093,381,MEG_4927|Drugs|betalactams|Class_D_betalactamases|OXA,MEG_4927|Drugs|betalactams|Class_D_betalactamases|OXA,825,1643650,1644474,+
Escherichia_coli_B3008,Escherichia_coli_B3008,1649133,1650023,891,MEG_1124|Drugs|Rifampin|Rifampin_ADP-ribosyltransferase_Arr|ARR,MEG_1124|Drugs|Rifampin|Rifampin_ADP-ribosyltransferase_Arr|ARR,453,1644514,1644966,+
Escherichia_coli_B3008,Escherichia_coli_B3008,1650029,1651846,1818,MEG_7545|Drugs|Glycopeptides|VanI-type_accessory_protein|VANWI,MEG_7545|Drugs|Glycopeptides|VanI-type_accessory_protein|VANWI,1122,1644972,1646093,+
Escherichia_coli_B3008,Escherichia_coli_B3008,1653828,1656304,2477,MEG_8662|Drugs|Metronidazole|rdxA_nitroimidazole_reductase|RDXA,MEG_8662|Drugs|Metronidazole|rdxA_nitroimidazole_reductase|RDXA,633,1648075,1648707,+
Escherichia_coli_B3008,Escherichia_coli_B3008,1656933,1660075,3143,MEG_11302|Drugs|Trimethoprim|Dihydrofolate_reductase|DFRA,MEG_11302|Drugs|Trimethoprim|Dihydrofolate_reductase|DFRA,504,1649336,1649839,+
Escherichia_coli_B3008,Escherichia_coli_B3008,1660086,1661378,1293,MEG_3026|Drugs|Fosfomycin|Fosfomycin_thiol_transferases|FOSX,MEG_3026|Drugs|Fosfomycin|Fosfomycin_thiol_transferases|FOSX,402,1649850,1650251,+
Escherichia_coli_B3008,Escherichia_coli_B3008,1661492,1661845,354,MEG_5841|Multi-compound|Drug_and_biocide_resistance|Drug_and_biocide_SMR_efflux_pumps|QACG,MEG_5841|Multi-compound|Drug_and_biocide_resistance|Drug_and_biocide_SMR_efflux_pumps|QACG,333,1650365,1650697,+
Escherichia_coli_B3008,Escherichia_coli_B3008,1661874,1663259,1386,MEG_6507|Metals|Multi-metal_resistance|Multi-metal_RND_efflux_pumps|SILP,MEG_6507|Metals|Multi-metal_resistance|Multi-metal_RND_efflux_pumps|SILP,2475,1650726,1653200,+
Escherichia_coli_B3008,Escherichia_coli_B3008,1663449,1665597,2149,MEG_4191|Drugs|Metronidazole|nim_nitroimidazole_reductase|NIMI,MEG_4191|Drugs|Metronidazole|nim_nitroimidazole_reductase|NIMI,457,1653390,1653846,+
Escherichia_coli_B3008,Escherichia_coli_B3008,1665848,1666279,432,MEG_2998|Drugs|Fosfomycin|Fosfomycin_thiol_transferases|FOSA,MEG_2998|Drugs|Fosfomycin|Fosfomycin_thiol_transferases|FOSA,420,1654097,1654516,+
Escherichia_coli_B3008,Escherichia_coli_B3008,1701952,1702662,711,MEG_7007|Drugs|Tetracyclines|Tetracycline_resistance_MFS_efflux_pumps|TET54,MEG_7007|Drugs|Tetracyclines|Tetracycline_resistance_MFS_efflux_pumps|TET54,1167,1690189,1691355,+
Escherichia_coli_B3008,Escherichia_coli_B3008,1779088,1780638,1551,MEG_2486|Drugs|Trimethoprim|Dihydrofolate_reductase|DFRA,MEG_2486|Drugs|Trimethoprim|Dihydrofolate_reductase|DFRA,498,1767781,1768278,+
Escherichia_coli_B3008,Escherichia_coli_B3008,1832407,1833351,945,MEG_3003|Drugs|Fosfomycin|Fosfomycin_thiol_transferases|FOSA,MEG_3003|Drugs|Fosfomycin|Fosfomycin_thiol_transferases|FOSA,347,1820047,1820393,+
Escherichia_coli_B3008,Escherichia_coli_B3008,1859219,1861573,2355,MEG_1214|Drugs|Bacitracin|Bacitracin_ABC_transporter|BCRB,MEG_1214|Drugs|Bacitracin|Bacitracin_ABC_transporter|BCRB,627,1846261,1846887,+
Escherichia_coli_B3008,Escherichia_coli_B3008,1864722,1865099,378,MEG_2838|Drugs|MLS|23S_rRNA_methyltransferases|ERMN,MEG_2838|Drugs|MLS|23S_rRNA_methyltransferases|ERMN,876,1850036,1850911,+
Escherichia_coli_B3008,Escherichia_coli_B3008,1901784,1902950,1167,MEG_11337|Metals|Multi-metal_resistance|Multi-metal_resistance_regulator|CADC,MEG_11337|Metals|Multi-metal_resistance|Multi-metal_resistance_regulator|CADC,357,1887596,1887952,+
Escherichia_coli_B3008,Escherichia_coli_B3008,1926778,1927647,870,MEG_2659|Multi-compound|Biocide_and_metal_resistance|Biocide_and_metal_resistance_protein|DPR,MEG_2659|Multi-compound|Biocide_and_metal_resistance|Biocide_and_metal_resistance_protein|DPR,519,1911780,1912298,+
Escherichia_coli_B3008,Escherichia_coli_B3008,1996446,1997654,1209,MEG_5937|Drugs|Fluoroquinolones|Quinolone_resistance_protein_Qnr|QNRB,MEG_5937|Drugs|Fluoroquinolones|Quinolone_resistance_protein_Qnr|QNRB,645,1981097,1981741,+
Escherichia_coli_B3008,Escherichia_coli_B3008,2039099,2041795,2697,MEG_7780|Biocides|Multi-biocide_resistance|Multi-biocide_RND_efflux_pump|VMEA,MEG_7780|Biocides|Multi-biocide_resistance|Multi-biocide_RND_efflux_pump|VMEA,1140,2023186,2024325,+
Escherichia_coli_B3008,Escherichia_coli_B3008,2136984,2138117,1134,MEG_7002|Drugs|Tetracyclines|Tetracycline_resistance_MFS_efflux_pumps|TET49,MEG_7002|Drugs|Tetracyclines|Tetracycline_resistance_MFS_efflux_pumps|TET49,1164,2119514,2120677,+
Escherichia_coli_B3008,Escherichia_coli_B3008,2138736,2139202,467,MEG_4184|Drugs|Metronidazole|nim_nitroimidazole_reductase|NIME,MEG_4184|Drugs|Metronidazole|nim_nitroimidazole_reductase|NIME,435,2121296,2121730,+
Escherichia_coli_B3008,Escherichia_coli_B3008,2150570,2150908,339,MEG_4173|Metals|Nickel_resistance|Nickel_ABC_efflux_pumps|NIKE,MEG_4173|Metals|Nickel_resistance|Nickel_ABC_efflux_pumps|NIKE,807,2133098,2133904,+
Escherichia_coli_B3008,Escherichia_coli_B3008,2217730,2219373,1644,MEG_7559|Drugs|Glycopeptides|VanB-type_resistance_protein|VANXB,MEG_7559|Drugs|Glycopeptides|VanB-type_resistance_protein|VANXB,609,2200726,2201334,+
Escherichia_coli_B3008,Escherichia_coli_B3008,2248704,2253249,4546,MEG_1761|Drugs|Phenicol|Phenicol_resistance_MFS_efflux_pumps|CMLA,MEG_1761|Drugs|Phenicol|Phenicol_resistance_MFS_efflux_pumps|CMLA,1260,2230665,2231924,+
Escherichia_coli_B3008,Escherichia_coli_B3008,2267800,2269449,1650,MEG_6987|Drugs|Tetracyclines|Tetracycline_resistance_MFS_efflux_pumps|TET39,MEG_6987|Drugs|Tetracyclines|Tetracycline_resistance_MFS_efflux_pumps|TET39,1188,2246475,2247662,+
Escherichia_coli_B3008,Escherichia_coli_B3008,2274770,2275234,465,MEG_7681|Drugs|Multi-drug_resistance|Multi-drug_ABC_efflux_pumps|VGA,MEG_7681|Drugs|Multi-drug_resistance|Multi-drug_ABC_efflux_pumps|VGA,1569,2252983,2254551,+
Escherichia_coli_B3008,Escherichia_coli_B3008,2275320,2275643,324,MEG_11338|Multi-compound|Drug_and_biocide_and_metal_resistance|Drug_and_biocide_and_metal_RND_efflux_pumps|CMEB,MEG_11338|Multi-compound|Drug_and_biocide_and_metal_resistance|Drug_and_biocide_and_metal_RND_efflux_pumps|CMEB,3120,2254637,2257756,+
Escherichia_coli_B3008,Escherichia_coli_B3008,2292758,2293273,516,MEG_3276|Metals|Copper_resistance|Copper_resistance_protein|HPCOPP,MEG_3276|Metals|Copper_resistance|Copper_resistance_protein|HPCOPP,201,2274871,2275071,+
Escherichia_coli_B3008,Escherichia_coli_B3008,2329147,2329971,825,MEG_6601|Drugs|Sulfonamides|Sulfonamide-resistant_dihydropteroate_synthases|SULI,MEG_6601|Drugs|Sulfonamides|Sulfonamide-resistant_dihydropteroate_synthases|SULI,840,2310945,2311784,+
Escherichia_coli_B3008,Escherichia_coli_B3008,2347480,2349602,2123,MEG_1131|Drugs|Rifampin|Rifampin_ADP-ribosyltransferase_Arr|ARR,MEG_1131|Drugs|Rifampin|Rifampin_ADP-ribosyltransferase_Arr|ARR,453,2329293,2329745,+
Escherichia_coli_B3008,Escherichia_coli_B3008,2349887,2350178,292,MEG_1745|Multi-compound|Drug_and_biocide_and_metal_resistance|Drug_and_biocide_and_metal_RND_efflux_pumps|CMEF,MEG_1745|Multi-compound|Drug_and_biocide_and_metal_resistance|Drug_and_biocide_and_metal_RND_efflux_pumps|CMEF,3018,2330030,2333047,+
Escherichia_coli_B3008,Escherichia_coli_B3008,2436061,2436906,846,MEG_4174|Metals|Nickel_resistance|Nickel_ABC_efflux_pumps|NIKE,MEG_4174|Metals|Nickel_resistance|Nickel_ABC_efflux_pumps|NIKE,807,2418930,2419736,+
Escherichia_coli_B3008,Escherichia_coli_B3008,2446780,2447682,903,MEG_7802|Drugs|Multi-drug_resistance|Multi-drug_ABC_efflux_pumps|VMLR,MEG_7802|Drugs|Multi-drug_resistance|Multi-drug_ABC_efflux_pumps|VMLR,1644,2429610,2431253,+
Escherichia_coli_B3008,Escherichia_coli_B3008,2448481,2450549,2069,MEG_3837|Metals|Mercury_resistance|Mercury_resistance_protein|MERA,MEG_3837|Metals|Mercury_resistance|Mercury_resistance_protein|MERA,1686,2432052,2433737,+
Escherichia_coli_B3008,Escherichia_coli_B3008,2452721,2453341,621,MEG_1765|Drugs|Phenicol|Phenicol_resistance_MFS_efflux_pumps|CMLA,MEG_1765|Drugs|Phenicol|Phenicol_resistance_MFS_efflux_pumps|CMLA,1173,2435909,2437081,+
Escherichia_coli_B3008,Escherichia_coli_B3008,2506834,2507460,627,MEG_3073|Drugs|Fusidic_acid|Fusidic_acid_esterases|FUSF,MEG_3073|Drugs|Fusidic_acid|Fusidic_acid_esterases|FUSF,645,2490574,2491218,+
Escherichia_coli_B3008,Escherichia_coli_B3008,2548015,2548965,951,MEG_6640|Drugs|Sulfonamides|Sulfonamide-resistant_dihydropteroate_synthases|SULIV,MEG_6640|Drugs|Sulfonamides|Sulfonamide-resistant_dihydropteroate_synthases|SULIV,863,2531773,2532635,+
Escherichia_coli_B3008,Escherichia_coli_B3008,2637309,2638349,1041,MEG_1655|Metals|Chromium_resistance|Chromate_ABC_efflux_pump|CEUE,MEG_1655|Metals|Chromium_resistance|Chromate_ABC_efflux_pump|CEUE,942,2620979,2621920,+
Escherichia_coli_B3008,Escherichia_coli_B3008,2638435,2640284,1850,MEG_7866|Multi-compound|Biocide_and_metal_resistance|Biocide_and_metal_resistance_protein|ZUPT,MEG_7866|Multi-compound|Biocide_and_metal_resistance|Biocide_and_metal_resistance_protein|ZUPT,774,2622006,2622779,+
Escherichia_coli_B3008,Escherichia_coli_B3008,2640467,2641240,774,MEG_2037|Metals|Copper_resistance|Copper_resistance_protein|COPB,MEG_2037|Metals|Copper_resistance|Copper_resistance_protein|COPB,888,2622962,2623849,+
Escherichia_coli_B3008,Escherichia_coli_B3008,2653622,2654188,567,MEG_48|Drugs|Aminoglycosides|Aminoglycoside_N-acetyltransferases|AAC3,MEG_48|Drugs|Aminoglycosides|Aminoglycoside_N-acetyltransferases|AAC3,855,2636231,2637085,+
Escherichia_coli_B3008,Escherichia_coli_B3008,2681419,2681832,414,MEG_5410|Metals|Lead_resistance|Lead_P-type_ATPase_transporter|PBRA,MEG_5410|Metals|Lead_resistance|Lead_P-type_ATPase_transporter|PBRA,2400,2664316,2666715,+
Escherichia_coli_B3008,Escherichia_coli_B3008,2681938,2682372,435,MEG_6646|Biocides|Multi-biocide_resistance|Multi-biocide_RND_efflux_pump|TBTB,MEG_6646|Biocides|Multi-biocide_resistance|Multi-biocide_RND_efflux_pump|TBTB,3141,2666821,2669961,+
Escherichia_coli_B3008,Escherichia_coli_B3008,2691325,2692515,1191,MEG_2877|Biocides|Phenolic_compound_resistance|Phenolic_resistance_protein|FABL,MEG_2877|Biocides|Phenolic_compound_resistance|Phenolic_resistance_protein|FABL,753,2678914,2679666,+
Escherichia_coli_B3008,Escherichia_coli_B3008,2892140,2893540,1401,MEG_2751|Drugs|MLS|Macrolide_esterases|EREA,MEG_2751|Drugs|MLS|Macrolide_esterases|EREA,1238,2879291,2880528,+
Escherichia_coli_B3008,Escherichia_coli_B3008,2893910,2894734,825,MEG_11361|Metals|Arsenic_resistance|Arsenic_resistance_N-acetyltransferases|ARSN2,MEG_11361|Metals|Arsenic_resistance|Arsenic_resistance_N-acetyltransferases|ARSN2,495,2880898,2881392,+
Escherichia_coli_B3008,Escherichia_coli_B3008,2895102,2895830,729,MEG_7839|Multi-compound|Drug_and_biocide_and_metal_resistance|Drug_and_biocide_and_metal_SMR_efflux_pump|YKKC,MEG_7839|Multi-compound|Drug_and_biocide_and_metal_resistance|Drug_and_biocide_and_metal_SMR_efflux_pump|YKKC,318,2881760,2882077,+
Escherichia_coli_B3008,Escherichia_coli_B3008,2896193,2899306,3114,MEG_5413|Metals|Lead_resistance|Lead_P-type_ATPase_regulator|PBRR,MEG_5413|Metals|Lead_resistance|Lead_P-type_ATPase_regulator|PBRR,453,2882440,2882892,+
Escherichia_coli_B3008,Escherichia_coli_B3008,2899331,2900488,1158,MEG_4123|Metals|Nickel_resistance|Nickel_MFS_efflux_regulator|NCRBN,MEG_4123|Metals|Nickel_resistance|Nickel_MFS_efflux_regulator|NCRBN,270,2882917,2883186,+
Escherichia_coli_B3008,Escherichia_coli_B3008,2900827,2901354,528,MEG_5862|Drugs|Fluoroquinolones|Quinolone_active_efflux|QEPA,MEG_5862|Drugs|Fluoroquinolones|Quinolone_active_efflux|QEPA,1521,2883525,2885045,+
Escherichia_coli_B3008,Escherichia_coli_B3008,2902980,2903312,333,MEG_2702|Biocides|Acid_resistance|Acid_resistance_protein|EEFX,MEG_2702|Biocides|Acid_resistance|Acid_resistance_protein|EEFX,186,2886671,2886856,+
Escherichia_coli_B3008,Escherichia_coli_B3008,2903416,2903754,339,MEG_7781|Biocides|Multi-biocide_resistance|Multi-biocide_RND_efflux_pump|VMEA,MEG_7781|Biocides|Multi-biocide_resistance|Multi-biocide_RND_efflux_pump|VMEA,1140,2886960,2888099,+
Escherichia_coli_B3008,Escherichia_coli_B3008,2907859,2908284,426,MEG_7045|Drugs|Tetracyclines|Tetracycline_resistance_MFS_efflux_pumps|TETB,MEG_7045|Drugs|Tetracyclines|Tetracycline_resistance_MFS_efflux_pumps|TETB,1206,2892204,2893409,+
Escherichia_coli_B3008,Escherichia_coli_B3008,2908297,2909586,1290,MEG_7469|Drugs|Glycopeptides|VanB-type_regulator|VANRB,MEG_7469|Drugs|Glycopeptides|VanB-type_regulator|VANRB,663,2893422,2894084,+
Escherichia_coli_B3008,Escherichia_coli_B3008,2909640,2909993,354,MEG_8690|Drugs|Multi-drug_resistance|Multi-drug_ABC_efflux_pumps|SALD,MEG_8690|Drugs|Multi-drug_resistance|Multi-drug_ABC_efflux_pumps|SALD,1635,2894138,2895772,+
Escherichia_coli_B3008,Escherichia_coli_B3008,2919382,2920881,1500,MEG_3017|Drugs|Fosfomycin|Fosfomycin_thiol_transferases|FOSC,MEG_3017|Drugs|Fosfomycin|Fosfomycin_thiol_transferases|FOSC,549,2905161,2905709,+
Escherichia_coli_B3008,Escherichia_coli_B3008,2939505,2939936,432,MEG_3943|Drugs|Multi-drug_resistance|MDR_regulator|MGRA,MEG_3943|Drugs|Multi-drug_resistance|MDR_regulator|MGRA,444,2924333,2924776,+
Escherichia_coli_B3008,Escherichia_coli_B3008,2939942,2944857,4916,MEG_5074|Drugs|betalactams|Class_D_betalactamases|OXA,MEG_5074|Drugs|betalactams|Class_D_betalactamases|OXA,825,2924782,2925606,+
Escherichia_coli_B3008,Escherichia_coli_B3008,2949875,2952073,2199,MEG_408|Multi-compound|Drug_and_biocide_resistance|Drug_and_biocide_RND_efflux_pumps|ACRE,MEG_408|Multi-compound|Drug_and_biocide_resistance|Drug_and_biocide_RND_efflux_pumps|ACRE,1158,2930624,2931781,+
Escherichia_coli_B3008,Escherichia_coli_B3008,3073242,3073874,633,MEG_7611|Drugs|Glycopeptides|VanF-type_accessory_protein|VANYF,MEG_7611|Drugs|Glycopeptides|VanF-type_accessory_protein|VANYF,1032,3052950,3053981,+
Escherichia_coli_B3008,Escherichia_coli_B3008,3120864,3121289,426,MEG_6592|Drugs|Sulfonamides|Sulfonamide-resistant_dihydropteroate_synthases|SULI,MEG_6592|Drugs|Sulfonamides|Sulfonamide-resistant_dihydropteroate_synthases|SULI,840,3100971,3101810,+
Escherichia_coli_B3008,Escherichia_coli_B3008,3141864,3144968,3105,MEG_551|Drugs|betalactams|Class_C_betalactamases|ADC,MEG_551|Drugs|betalactams|Class_C_betalactamases|ADC,1155,3122385,3123539,+
Escherichia_coli_B3008,Escherichia_coli_B3008,3144980,3146137,1158,MEG_1886|Drugs|betalactams|Class_C_betalactamases|CMY,MEG_1886|Drugs|betalactams|Class_C_betalactamases|CMY,1146,3123551,3124696,+
Escherichia_coli_B3008,Escherichia_coli_B3008,3146536,3147198,663,MEG_7095|Drugs|Tetracyclines|Tetracycline_resistance_MFS_efflux_pumps|TETL,MEG_7095|Drugs|Tetracyclines|Tetracycline_resistance_MFS_efflux_pumps|TETL,1377,3125095,3126471,+
Escherichia_coli_B3008,Escherichia_coli_B3008,3174955,3175269,315,MEG_3257|Biocides|Acid_resistance|Acid_resistance_protein|HEFC,MEG_3257|Biocides|Acid_resistance|Acid_resistance_protein|HEFC,3087,3154228,3157314,+
Escherichia_coli_B3008,Escherichia_coli_B3008,3344477,3345241,765,MEG_6163|Drugs|Nucleosides|Streptothricin_acetyltransferase|SAT,MEG_6163|Drugs|Nucleosides|Streptothricin_acetyltransferase|SAT,525,3326522,3327046,+
Escherichia_coli_B3008,Escherichia_coli_B3008,3356836,3357657,822,MEG_3877|Metals|Mercury_resistance|Mercury_resistance_protein|MERP,MEG_3877|Metals|Mercury_resistance|Mercury_resistance_protein|MERP,276,3338641,3338916,+
Escherichia_coli_B3008,Escherichia_coli_B3008,3376306,3377103,798,MEG_8014|Drugs|Phenicol|Chloramphenicol_acetyltransferases|CATT,MEG_8014|Drugs|Phenicol|Chloramphenicol_acetyltransferases|CATT,660,3357565,3358224,+
Escherichia_coli_B3008,Escherichia_coli_B3008,3381379,3381520,142,MEG_6624|Drugs|Sulfonamides|Sulfonamide-resistant_dihydropteroate_synthases|SULII,MEG_6624|Drugs|Sulfonamides|Sulfonamide-resistant_dihydropteroate_synthases|SULII,816,3362500,3363315,+
Escherichia_coli_B3008,Escherichia_coli_B3008,3389950,3390342,393,MEG_3283|Metals|Nickel_resistance|Nickel_resistance_protein|HUPE,MEG_3283|Metals|Nickel_resistance|Nickel_resistance_protein|HUPE,576,3371745,3372320,+
Escherichia_coli_B3008,Escherichia_coli_B3008,3423256,3424748,1493,MEG_4089|Drugs|Mupirocin|Mupirocin-resistant_isoleucyl-tRNA_synthetase|MUPA,MEG_4089|Drugs|Mupirocin|Mupirocin-resistant_isoleucyl-tRNA_synthetase|MUPA,3075,3405234,3408308,+
Escherichia_coli_B3008,Escherichia_coli_B3008,3457169,3458893,1725,MEG_4167|Metals|Nickel_resistance|Nickel_ABC_efflux_pumps|NIKA,MEG_4167|Metals|Nickel_resistance|Nickel_ABC_efflux_pumps|NIKA,1575,3440729,3442303,+
Escherichia_coli_B3008,Escherichia_coli_B3008,3538980,3539690,711,MEG_2544|Drugs|Trimethoprim|Dihydrofolate_reductase|DFRA,MEG_2544|Drugs|Trimethoprim|Dihydrofolate_reductase|DFRA,555,3522390,3522944,+
Escherichia_coli_B3008,Escherichia_coli_B3008,3720578,3721606,1029,MEG_7345|Drugs|Glycopeptides|VanB-type_resistance_protein|VANB,MEG_7345|Drugs|Glycopeptides|VanB-type_resistance_protein|VANB,1029,3703832,3704860,+
Escherichia_coli_B3008,Escherichia_coli_B3008,3774190,3775728,1539,MEG_2657|Multi-compound|Biocide_and_metal_resistance|Biocide_and_metal_resistance_protein|DPR,MEG_2657|Multi-compound|Biocide_and_metal_resistance|Biocide_and_metal_resistance_protein|DPR,519,3757444,3757962,+
Escherichia_coli_B3008,Escherichia_coli_B3008,3775745,3776917,1173,MEG_4179|Drugs|Metronidazole|nim_nitroimidazole_reductase|NIMA,MEG_4179|Drugs|Metronidazole|nim_nitroimidazole_reductase|NIMA,531,3757979,3758509,+
Escherichia_coli_B3008,Escherichia_coli_B3008,3777044,3777574,531,MEG_11495|Drugs|Metronidazole|nim_nitroimidazole_reductase|NIMI,MEG_11495|Drugs|Metronidazole|nim_nitroimidazole_reductase|NIMI,498,3758636,3759133,+
Escherichia_coli_B3008,Escherichia_coli_B3008,3827235,3827918,684,MEG_1145|Metals|Arsenic_resistance|Arsenic_resistance_protein|ARSB,MEG_1145|Metals|Arsenic_resistance|Arsenic_resistance_protein|ARSB,1290,3808794,3810083,+
Escherichia_coli_B3008,Escherichia_coli_B3008,3965156,3965632,477,MEG_3865|Metals|Mercury_resistance|Mercury_resistance_regulator|MERD,MEG_3865|Metals|Mercury_resistance|Mercury_resistance_regulator|MERD,366,3947321,3947686,+
Escherichia_coli_B3008,Escherichia_coli_B3008,3986310,3989423,3114,MEG_1555|Drugs|Phenicol|Chloramphenicol_acetyltransferases|CAT,MEG_1555|Drugs|Phenicol|Chloramphenicol_acetyltransferases|CAT,630,3968364,3968993,+
Escherichia_coli_B3008,Escherichia_coli_B3008,4031212,4032516,1305,MEG_5798|Multi-compound|Drug_and_metal_resistance|Drug_and_metal_MFS_efflux_pumps|PMRAM,MEG_5798|Multi-compound|Drug_and_metal_resistance|Drug_and_metal_MFS_efflux_pumps|PMRAM,669,4010782,4011450,+
Escherichia_coli_B3008,Escherichia_coli_B3008,4062656,4063894,1239,MEG_4214|Drugs|Aminocoumarins|Aminocoumarin_efflux_pump|NOVA,MEG_4214|Drugs|Aminocoumarins|Aminocoumarin_efflux_pump|NOVA,1848,4041590,4043437,+
Escherichia_coli_B3008,Escherichia_coli_B3008,4087393,4090986,3594,MEG_2482|Drugs|Trimethoprim|Dihydrofolate_reductase|DFRA,MEG_2482|Drugs|Trimethoprim|Dihydrofolate_reductase|DFRA,474,4066936,4067409,+
Escherichia_coli_B3008,Escherichia_coli_B3008,4090991,4091605,615,MEG_8238|Drugs|Lipopeptides|Colistin_phosphoethanolamine_transferase|MCR,MEG_8238|Drugs|Lipopeptides|Colistin_phosphoethanolamine_transferase|MCR,1620,4067414,4069033,+
Escherichia_coli_B3008,Escherichia_coli_B3008,4092021,4094722,2702,MEG_2614|Drugs|Phenicol|Phenicol_resistance_MFS_efflux_pumps|DHAP,MEG_2614|Drugs|Phenicol|Phenicol_resistance_MFS_efflux_pumps|DHAP,1188,4069449,4070636,+
Escherichia_coli_B3008,Escherichia_coli_B3008,4192758,4193726,969,MEG_609|Drugs|betalactams|Class_C_betalactamases|ADC,MEG_609|Drugs|betalactams|Class_C_betalactamases|ADC,1167,4168672,4169838,+
Escherichia_coli_B3008,Escherichia_coli_B3008,4248330,4248573,244,MEG_1743|Multi-compound|Drug_and_biocide_and_metal_resistance|Drug_and_biocide_and_metal_RND_efflux_pumps|CMED,MEG_1743|Multi-compound|Drug_and_biocide_and_metal_resistance|Drug_and_biocide_and_metal_RND_efflux_pumps|CMED,1275,4224442,4225716,+
Escherichia_coli_B3008,Escherichia_coli_B3008,4248882,4249117,236,MEG_5802|Multi-compound|Drug_and_metal_resistance|Drug_and_metal_MFS_efflux_pumps|PMRG,MEG_5802|Multi-compound|Drug_and_metal_resistance|Drug_and_metal_MFS_efflux_pumps|PMRG,606,4226025,4226630,+
Escherichia_coli_B3008,Escherichia_coli_B3008,4252209,4253852,1644,MEG_1015|Drugs|Aminoglycosides|Aminoglycoside_O-phosphotransferases|APH2-DPRIME,MEG_1015|Drugs|Aminoglycosides|Aminoglycoside_O-phosphotransferases|APH2-DPRIME,906,4229722,4230627,+
Escherichia_coli_B3008,Escherichia_coli_B3008,4279690,4280880,1191,MEG_3134|Multi-compound|Drug_and_biocide_and_metal_resistance|Drug_and_biocide_and_metal_RND_efflux_pumps|GESC,MEG_3134|Multi-compound|Drug_and_biocide_and_metal_resistance|Drug_and_biocide_and_metal_RND_efflux_pumps|GESC,1512,4256465,4257976,+
Escherichia_coli_B3008,Escherichia_coli_B3008,4371975,4372313,339,MEG_262|Drugs|Aminoglycosides|Aminoglycoside_N-acetyltransferases|AAC6-PRIME,MEG_262|Drugs|Aminoglycosides|Aminoglycoside_N-acetyltransferases|AAC6-PRIME,462,4349071,4349532,+
Escherichia_coli_B3008,Escherichia_coli_B3008,4372532,4373356,825,MEG_1684|Drugs|Multi-drug_resistance|MDR_23S_ribosomal_RNA_methyltransferase|CFRB,MEG_1684|Drugs|Multi-drug_resistance|MDR_23S_ribosomal_RNA_methyltransferase|CFRB,1050,4349751,4350800,+
Escherichia_coli_B3008,Escherichia_coli_B3008,4373477,4373749,273,MEG_3827|Drugs|MLS|MLS_resistance_MFS_efflux_pumps|MEFB,MEG_3827|Drugs|MLS|MLS_resistance_MFS_efflux_pumps|MEFB,1230,4350921,4352150,+
Escherichia_coli_B3008,Escherichia_coli_B3008,4392383,4394505,2123,MEG_3897|Metals|Mercury_resistance|Mercury_resistance_protein|MERT,MEG_3897|Metals|Mercury_resistance|Mercury_resistance_protein|MERT,351,4370784,4371134,+
Escherichia_coli_B3008,Escherichia_coli_B3008,4395918,4403365,7448,MEG_5414|Metals|Lead_resistance|Lead_P-type_ATPase_transporter|PBRT,MEG_5414|Metals|Lead_resistance|Lead_P-type_ATPase_transporter|PBRT,1893,4372547,4374439,+
Escherichia_coli_B3008,Escherichia_coli_B3008,4415880,4417732,1853,MEG_1709|Multi-compound|Biocide_and_metal_resistance|Biocide_and_metal_resistance_regulator|CHRB,MEG_1709|Multi-compound|Biocide_and_metal_resistance|Biocide_and_metal_resistance_regulator|CHRB,939,4386954,4387892,+
Escherichia_coli_B3008,Escherichia_coli_B3008,4460035,4461201,1167,MEG_4197|Metals|Nickel_resistance|Nickel_resistance_protein|NIRC,MEG_4197|Metals|Nickel_resistance|Nickel_resistance_protein|NIRC,924,4430195,4431118,+
Escherichia_coli_B3008,Escherichia_coli_B3008,4512960,4514365,1406,MEG_6541|Biocides|Peroxide_resistance|peroxide_resistance_protein|SODA,MEG_6541|Biocides|Peroxide_resistance|peroxide_resistance_protein|SODA,612,4482877,4483488,+
Escherichia_coli_B3008,Escherichia_coli_B3008,4539420,4540070,651,MEG_6578|Biocides|Multi-biocide_resistance|Multi-biocide_SMR_efflux_pump|SUGE,MEG_6578|Biocides|Multi-biocide_resistance|Multi-biocide_SMR_efflux_pump|SUGE,318,4508543,4508860,+
Escherichia_coli_B3008,Escherichia_coli_B3008,4546739,4546852,114,MEG_6579|Drugs|Sulfonamides|Sulfonamide-resistant_dihydropteroate_synthases|SULI,MEG_6579|Drugs|Sulfonamides|Sulfonamide-resistant_dihydropteroate_synthases|SULI,840,4515529,4516368,+
Escherichia_coli_B3008,Escherichia_coli_B3008,4556181,4556408,228,MEG_4307|Drugs|Multi-drug_resistance|Multi-drug_ABC_efflux_pumps|OPTRA,MEG_4307|Drugs|Multi-drug_resistance|Multi-drug_ABC_efflux_pumps|OPTRA,1968,4525697,4527664,+
Escherichia_coli_B3008,Escherichia_coli_B3008,4620924,4621670,747,MEG_192|Drugs|Aminoglycosides|Aminoglycoside_N-acetyltransferases|AAC6-PRIME,MEG_192|Drugs|Aminoglycosides|Aminoglycoside_N-acetyltransferases|AAC6-PRIME,474,4592180,4592653,+
Escherichia_coli_B3008,Escherichia_coli_B3008,4636500,4637528,1029,MEG_3745|Multi-compound|Drug_and_biocide_and_metal_resistance|Drug_and_biocide_and_metal_RND_efflux_pumps|MDTA,MEG_3745|Multi-compound|Drug_and_biocide_and_metal_resistance|Drug_and_biocide_and_metal_RND_efflux_pumps|MDTA,1257,4607483,4608739,+
Escherichia_coli_B3008,Escherichia_coli_B3008,4637607,4638539,933,MEG_5989|Drugs|Fluoroquinolones|Quinolone_resistance_protein_Qnr|QNRB,MEG_5989|Drugs|Fluoroquinolones|Quinolone_resistance_protein_Qnr|QNRB,645,4608818,4609462,+
Escherichia_coli_B3008,Escherichia_coli_B3008,4673934,4674500,567,MEG_3924|Multi-compound|Drug_and_biocide_resistance|Drug_and_biocide_RND_efflux_regulator|MEXR,MEG_3924|Multi-compound|Drug_and_biocide_resistance|Drug_and_biocide_RND_efflux_regulator|MEXR,444,4644857,4645300,+
Escherichia_coli_B766,E.coli.B766.final.genome,47522,48655,1134,MEG_7533|Drugs|Glycopeptides|VanL-type_resistance_protein|VANTML,MEG_7533|Drugs|Glycopeptides|VanL-type_resistance_protein|VANTML,990,47522,48511,+
Escherichia_coli_B766,E.coli.B766.final.genome,49274,49740,467,MEG_4188|Drugs|Metronidazole|nim_nitroimidazole_reductase|NIMI,MEG_4188|Drugs|Metronidazole|nim_nitroimidazole_reductase|NIMI,519,49130,49648,+
Escherichia_coli_B766,E.coli.B766.final.genome,60952,61290,339,MEG_716|Metals|Arsenic_resistance|Arsenite_oxidase_regulator|AIOS,MEG_716|Metals|Arsenic_resistance|Arsenite_oxidase_regulator|AIOS,1467,60860,62326,+
Escherichia_coli_B766,E.coli.B766.final.genome,90720,92363,1644,MEG_3070|Drugs|Fusidic_acid|Ribosomal_zinc-binding_protein|FUSD,MEG_3070|Drugs|Fusidic_acid|Ribosomal_zinc-binding_protein|FUSD,642,91756,92397,+
Escherichia_coli_B766,E.coli.B766.final.genome,115019,119564,4546,MEG_4071|Drugs|MLS|MLS_resistance_ABC_efflux_pumps|MSRC,MEG_4071|Drugs|MLS|MLS_resistance_ABC_efflux_pumps|MSRC,1479,115053,116531,+
Escherichia_coli_B766,E.coli.B766.final.genome,133595,135244,1650,MEG_1727|Drugs|Multi-drug_resistance|MDR_23S_ribosomal_RNA_methyltransferase|CLBB,MEG_1727|Drugs|Multi-drug_resistance|MDR_23S_ribosomal_RNA_methyltransferase|CLBB,1032,130562,131593,+
Escherichia_coli_B766,E.coli.B766.final.genome,140563,141027,465,MEG_2997|Drugs|Fosfomycin|Fosfomycin_thiol_transferases|FOSA,MEG_2997|Drugs|Fosfomycin|Fosfomycin_thiol_transferases|FOSA,576,136912,137487,+
Escherichia_coli_B766,E.coli.B766.final.genome,141113,141436,324,MEG_7144|Drugs|Tetracyclines|Tetracycline_resistance_ribosomal_protection_proteins|TETM,MEG_7144|Drugs|Tetracyclines|Tetracycline_resistance_ribosomal_protection_proteins|TETM,1920,137573,139492,+
Escherichia_coli_B766,E.coli.B766.final.genome,158530,159045,516,MEG_4129|Metals|Multi-metal_resistance|Multi-metal_resistance_protein|NCZA,MEG_4129|Metals|Multi-metal_resistance|Multi-metal_resistance_protein|NCZA,3174,156586,159759,+
Escherichia_coli_B766,E.coli.B766.final.genome,197937,198761,825,MEG_3075|Metals|Aluminum_resistance|Aluminum_ATPase_|G2ALT,MEG_3075|Metals|Aluminum_resistance|Aluminum_ATPase_|G2ALT,666,198651,199316,+
Escherichia_coli_B766,E.coli.B766.final.genome,215908,218030,2123,MEG_6058|Drugs|MLS|23S_rRNA_methyltransferases|RLMH,MEG_6058|Drugs|MLS|23S_rRNA_methyltransferases|RLMH,480,216463,216942,+
Escherichia_coli_B766,E.coli.B766.final.genome,218315,218606,292,MEG_6545|Biocides|Peroxide_resistance|peroxide_resistance_protein|SODB,MEG_6545|Biocides|Peroxide_resistance|peroxide_resistance_protein|SODB,582,217227,217808,+
Escherichia_coli_B766,E.coli.B766.final.genome,314203,315048,846,MEG_6598|Drugs|Sulfonamides|Sulfonamide-resistant_dihydropteroate_synthases|SULI,MEG_6598|Drugs|Sulfonamides|Sulfonamide-resistant_dihydropteroate_synthases|SULI,840,313405,314244,+
Escherichia_coli_B766,E.coli.B766.final.genome,324923,325825,903,MEG_4051|Drugs|MLS|Macrolide_phosphotransferases|MPHN,MEG_4051|Drugs|MLS|Macrolide_phosphotransferases|MPHN,909,324119,325027,+
Escherichia_coli_B766,E.coli.B766.final.genome,359306,361374,2069,MEG_7228|Drugs|Tetracyclines|Tetracycline_resistance_ribosomal_protection_proteins|TETW,MEG_7228|Drugs|Tetracyclines|Tetracycline_resistance_ribosomal_protection_proteins|TETW,1920,358508,360427,+
Escherichia_coli_B766,E.coli.B766.final.genome,363879,364166,288,MEG_4312|Drugs|Multi-drug_resistance|Multi-drug_ABC_efflux_pumps|OPTRA,MEG_4312|Drugs|Multi-drug_resistance|Multi-drug_ABC_efflux_pumps|OPTRA,1968,362932,364899,+
Escherichia_coli_B766,E.coli.B766.final.genome,422259,422884,626,MEG_11325|Metals|Arsenic_resistance|Arsenic_resistance_protein|ARSB,MEG_11325|Metals|Arsenic_resistance|Arsenic_resistance_protein|ARSB,1059,422992,424050,+
Escherichia_coli_B766,E.coli.B766.final.genome,463499,463635,137,MEG_4204|Biocides|Paraquat_resistance|Paraquat_resistance_protein|NMPC,MEG_4204|Biocides|Paraquat_resistance|Paraquat_resistance_protein|NMPC,849,464665,465513,+
Escherichia_coli_B766,E.coli.B766.final.genome,465210,466160,951,MEG_7811|Metals|Iron_resistance|Iron_resistance_protein|YBTP,MEG_7811|Metals|Iron_resistance|Iron_resistance_protein|YBTP,1803,467088,468890,+
Escherichia_coli_B766,E.coli.B766.final.genome,556729,557769,1041,MEG_2996|Drugs|Fosfomycin|Fosfomycin_thiol_transferases|FOSA,MEG_2996|Drugs|Fosfomycin|Fosfomycin_thiol_transferases|FOSA,408,559459,559866,+
Escherichia_coli_B766,E.coli.B766.final.genome,557856,559703,1848,MEG_2656|Multi-compound|Biocide_and_metal_resistance|Biocide_and_metal_resistance_protein|DPR,MEG_2656|Multi-compound|Biocide_and_metal_resistance|Biocide_and_metal_resistance_protein|DPR,519,559953,560471,+
Escherichia_coli_B766,E.coli.B766.final.genome,559796,560569,774,MEG_4273|Drugs|betalactams|Class_A_betalactamases|OKP,MEG_4273|Drugs|betalactams|Class_A_betalactamases|OKP,846,560564,561409,+
Escherichia_coli_B766,E.coli.B766.final.genome,572951,573517,567,MEG_2880|Drugs|Elfamycins|Elfamycin_efflux_pumps|FACT,MEG_2880|Drugs|Elfamycins|Elfamycin_efflux_pumps|FACT,1680,573791,575470,+
Escherichia_coli_B766,E.coli.B766.final.genome,600747,601160,414,MEG_340|Drugs|Aminoglycosides|Aminoglycoside_N-acetyltransferases|AAC6-PRIME,MEG_340|Drugs|Aminoglycosides|Aminoglycoside_N-acetyltransferases|AAC6-PRIME,549,602700,603248,+
Escherichia_coli_B766,E.coli.B766.final.genome,601266,601700,435,MEG_3084|Biocides|Quaternary_Ammonium_Compounds_(QACs)_resistance|QAC-resistant_protein_UDP_glucose_4_epimerase|GALE,MEG_3084|Biocides|Quaternary_Ammonium_Compounds_(QACs)_resistance|QAC-resistant_protein_UDP_glucose_4_epimerase|GALE,990,603354,604343,+
Escherichia_coli_B766,E.coli.B766.final.genome,613066,614256,1191,MEG_2016|Metals|Multi-metal_resistance|Multi-metal_resistance_regulator|COAR,MEG_2016|Metals|Multi-metal_resistance|Multi-metal_resistance_regulator|COAR,1113,615709,616821,+
Escherichia_coli_B766,E.coli.B766.final.genome,834145,835545,1401,MEG_3843|Metals|Mercury_resistance|Mercury_resistance_protein|MERA,MEG_3843|Metals|Mercury_resistance|Mercury_resistance_protein|MERA,1707,836710,838416,+
Escherichia_coli_B766,E.coli.B766.final.genome,835915,836739,825,MEG_5813|Metals|Arsenic_resistance|Arsenic_resistance_protein|PSTA,MEG_5813|Metals|Arsenic_resistance|Arsenic_resistance_protein|PSTA,891,838786,839676,+
Escherichia_coli_B766,E.coli.B766.final.genome,837107,837835,729,MEG_3868|Metals|Mercury_resistance|Mercury_resistance_protein|MERE,MEG_3868|Metals|Mercury_resistance|Mercury_resistance_protein|MERE,237,840044,840280,+
Escherichia_coli_B766,E.coli.B766.final.genome,838198,841311,3114,MEG_7848|Metals|Zinc_resistance|Zinc_resistance_regulator|ZIAR,MEG_7848|Metals|Zinc_resistance|Zinc_resistance_regulator|ZIAR,399,840643,841041,+
Escherichia_coli_B766,E.coli.B766.final.genome,841336,842493,1158,MEG_2839|Drugs|MLS|23S_rRNA_methyltransferases|ERMO,MEG_2839|Drugs|MLS|23S_rRNA_methyltransferases|ERMO,780,841066,841845,+
Escherichia_coli_B766,E.coli.B766.final.genome,842832,843359,528,MEG_3815|Drugs|MLS|MLS_resistance_MFS_efflux_pumps|MEFA,MEG_3815|Drugs|MLS|MLS_resistance_MFS_efflux_pumps|MEFA,1218,842184,843401,+
Escherichia_coli_B766,E.coli.B766.final.genome,844985,845317,333,MEG_2658|Multi-compound|Biocide_and_metal_resistance|Biocide_and_metal_resistance_protein|DPR,MEG_2658|Multi-compound|Biocide_and_metal_resistance|Biocide_and_metal_resistance_protein|DPR,519,845027,845545,+
Escherichia_coli_B766,E.coli.B766.final.genome,845421,845759,339,MEG_3022|Drugs|Fosfomycin|Fosfomycin_thiol_transferases|FOSG,MEG_3022|Drugs|Fosfomycin|Fosfomycin_thiol_transferases|FOSG,399,845649,846047,+
Escherichia_coli_B766,E.coli.B766.final.genome,851367,851787,421,MEG_2766|Drugs|MLS|23S_rRNA_methyltransferases|ERM,MEG_2766|Drugs|MLS|23S_rRNA_methyltransferases|ERM,732,851655,852386,+
Escherichia_coli_B766,E.coli.B766.final.genome,851800,853089,1290,MEG_1215|Drugs|Bacitracin|Bacitracin_ABC_transporter|BCRC,MEG_1215|Drugs|Bacitracin|Bacitracin_ABC_transporter|BCRC,612,852399,853010,+
Escherichia_coli_B766,E.coli.B766.final.genome,853143,853496,354,MEG_5966|Drugs|Fluoroquinolones|Quinolone_resistance_protein_Qnr|QNRB,MEG_5966|Drugs|Fluoroquinolones|Quinolone_resistance_protein_Qnr|QNRB,645,853064,853708,+
Escherichia_coli_B766,E.coli.B766.final.genome,862711,864210,1500,MEG_5917|Drugs|Fluoroquinolones|Quinolone_resistance_protein_Qnr|QNRB,MEG_5917|Drugs|Fluoroquinolones|Quinolone_resistance_protein_Qnr|QNRB,645,862923,863567,+
Escherichia_coli_B766,E.coli.B766.final.genome,876968,877369,402,MEG_3294|Multi-compound|Biocide_and_metal_resistance|Biocide_and_metal_resistance_protein|IDER,MEG_3294|Multi-compound|Biocide_and_metal_resistance|Biocide_and_metal_resistance_protein|IDER,693,876325,877017,+
Escherichia_coli_B766,E.coli.B766.final.genome,877375,882290,4916,MEG_1138|Drugs|Rifampin|Rifampin_ADP-ribosyltransferase_Arr|ARR,MEG_1138|Drugs|Rifampin|Rifampin_ADP-ribosyltransferase_Arr|ARR,453,877023,877475,+
Escherichia_coli_B766,E.coli.B766.final.genome,887308,889506,2199,MEG_3078|Biocides|Acid_resistance|Acid_resistance_protein|GADB,MEG_3078|Biocides|Acid_resistance|Acid_resistance_protein|GADB,1401,882493,883893,+
Escherichia_coli_B766,E.coli.B766.final.genome,1012888,1013520,633,MEG_3870|Metals|Mercury_resistance|Mercury_resistance_protein|MERF,MEG_3870|Metals|Mercury_resistance|Mercury_resistance_protein|MERF,246,1007275,1007520,+
Escherichia_coli_B766,E.coli.B766.final.genome,1045404,1045829,426,MEG_8802|Drugs|Lipopeptides|Colistin_phosphoethanolamine_transferase|MCR,MEG_8802|Drugs|Lipopeptides|Colistin_phosphoethanolamine_transferase|MCR,1620,1039404,1041023,+
Escherichia_coli_B766,E.coli.B766.final.genome,1066401,1069505,3105,MEG_4084|Multi-compound|Drug_and_biocide_resistance|Drug_and_biocide_RND_efflux_pumps|MTRE,MEG_4084|Multi-compound|Drug_and_biocide_resistance|Drug_and_biocide_RND_efflux_pumps|MTRE,1404,1061595,1062998,+
Escherichia_coli_B766,E.coli.B766.final.genome,1069517,1070674,1158,MEG_2032|Metals|Copper_resistance|Copper_resistance_protein|COPA,MEG_2032|Metals|Copper_resistance|Copper_resistance_protein|COPA,2409,1063010,1065418,+
Escherichia_coli_B766,E.coli.B766.final.genome,1071073,1071735,663,MEG_8088|Drugs|Fosfomycin|Fosfomycin_thiol_transferases|FOSA,MEG_8088|Drugs|Fosfomycin|Fosfomycin_thiol_transferases|FOSA,423,1065817,1066239,+
Escherichia_coli_B766,E.coli.B766.final.genome,1098737,1099051,315,MEG_11515|Drugs|Ionophores|Ionophore_ABC_efflux_pump|NARA,MEG_11515|Drugs|Ionophores|Ionophore_ABC_efflux_pump|NARA,882,1093241,1094122,+
Escherichia_coli_B766,E.coli.B766.final.genome,1268296,1269060,765,MEG_8087|Biocides|Aldehyde_resistance|Aldehyde_degradation|FORMA,MEG_8087|Biocides|Aldehyde_resistance|Aldehyde_degradation|FORMA,1110,1263367,1264476,+
Escherichia_coli_B766,E.coli.B766.final.genome,1280655,1281474,820,MEG_7180|Drugs|Tetracyclines|Tetracycline_resistance_ribosomal_protection_proteins|TETQ,MEG_7180|Drugs|Tetracyclines|Tetracycline_resistance_ribosomal_protection_proteins|TETQ,1926,1276071,1277996,+
Escherichia_coli_B766,E.coli.B766.final.genome,1300107,1300904,798,MEG_7771|Biocides|Multi-biocide_resistance|Multi-biocide_RND_efflux_pump|VMEA,MEG_7771|Biocides|Multi-biocide_resistance|Multi-biocide_RND_efflux_pump|VMEA,1140,1296629,1297768,+
Escherichia_coli_B766,E.coli.B766.final.genome,1305180,1305321,142,MEG_7213|Drugs|Tetracyclines|Tetracycline_resistance_ribosomal_protection_proteins|TETW,MEG_7213|Drugs|Tetracyclines|Tetracycline_resistance_ribosomal_protection_proteins|TETW,1920,1302044,1303963,+
Escherichia_coli_B766,E.coli.B766.final.genome,1313754,1314146,393,MEG_5777|Metals|Multi-metal_resistance|Multi-metal_resistance_protein|PGPA,MEG_5777|Metals|Multi-metal_resistance|Multi-metal_resistance_protein|PGPA,4647,1312396,1317042,+
Escherichia_coli_B766,E.coli.B766.final.genome,1344830,1346322,1493,MEG_3896|Metals|Mercury_resistance|Mercury_resistance_protein|MERT,MEG_3896|Metals|Mercury_resistance|Mercury_resistance_protein|MERT,351,1347726,1348076,+
Escherichia_coli_B766,E.coli.B766.final.genome,1461811,1462521,711,MEG_2556|Drugs|Trimethoprim|Dihydrofolate_reductase|DFRA,MEG_2556|Drugs|Trimethoprim|Dihydrofolate_reductase|DFRA,534,1463565,1464098,+
Escherichia_coli_B766,E.coli.B766.final.genome,1687547,1688575,1029,MEG_2080|Metals|Copper_resistance|Copper_resistance_regulator|COPY,MEG_2080|Metals|Copper_resistance|Copper_resistance_regulator|COPY,438,1689124,1689561,+
Escherichia_coli_B766,E.coli.B766.final.genome,1754313,1755851,1539,MEG_2781|Drugs|MLS|23S_rRNA_methyltransferases|ERM42,MEG_2781|Drugs|MLS|23S_rRNA_methyltransferases|ERM42,912,1755299,1756210,+
Escherichia_coli_B766,E.coli.B766.final.genome,1755868,1757040,1173,MEG_8061|Drugs|Trimethoprim|Dihydrofolate_reductase|DFRA,MEG_8061|Drugs|Trimethoprim|Dihydrofolate_reductase|DFRA,534,1756227,1756760,+
Escherichia_coli_B766,E.coli.B766.final.genome,1757167,1757697,531,MEG_3290|Biocides|Acetate_resistance|Acetate_resistance_protein|ICLR,MEG_3290|Biocides|Acetate_resistance|Acetate_resistance_protein|ICLR,825,1756887,1757711,+
Escherichia_coli_B766,E.coli.B766.final.genome,1801410,1802093,684,MEG_2067|Metals|Copper_resistance|Copper_resistance_protein|COPP,MEG_2067|Metals|Copper_resistance|Copper_resistance_protein|COPP,201,1801424,1801624,+
Escherichia_coli_B766,E.coli.B766.final.genome,1938806,1939282,477,MEG_5800|Multi-compound|Drug_and_metal_resistance|Drug_and_metal_MFS_efflux_pumps|PMRCM,MEG_5800|Multi-compound|Drug_and_metal_resistance|Drug_and_metal_MFS_efflux_pumps|PMRCM,1647,1938337,1939983,+
Escherichia_coli_B766,E.coli.B766.final.genome,1960739,1963852,3114,MEG_4192|Drugs|Metronidazole|nim_nitroimidazole_reductase|NIMI,MEG_4192|Drugs|Metronidazole|nim_nitroimidazole_reductase|NIMI,463,1961440,1961902,+
Escherichia_coli_B766,E.coli.B766.final.genome,1994970,1996274,1305,MEG_8071|Drugs|Trimethoprim|Dihydrofolate_reductase|DFRE,MEG_8071|Drugs|Trimethoprim|Dihydrofolate_reductase|DFRE,495,1993020,1993514,+
Escherichia_coli_B766,E.coli.B766.final.genome,2025234,2026472,1239,MEG_505|Multi-compound|Biocide_and_metal_resistance|Biocide_and_metal_resistance_regulator|ACTS,MEG_505|Multi-compound|Biocide_and_metal_resistance|Biocide_and_metal_resistance_regulator|ACTS,1302,2022474,2023775,+
Escherichia_coli_B766,E.coli.B766.final.genome,2043314,2044552,1239,MEG_11250|Drugs|Fosfomycin|Fosfomycin_thiol_transferases|FOSL,MEG_11250|Drugs|Fosfomycin|Fosfomycin_thiol_transferases|FOSL,411,2040617,2041027,+
Escherichia_coli_B766,E.coli.B766.final.genome,2068051,2071644,3594,MEG_4091|Drugs|Mupirocin|Mupirocin-resistant_isoleucyl-tRNA_synthetase|MUPB,MEG_4091|Drugs|Mupirocin|Mupirocin-resistant_isoleucyl-tRNA_synthetase|MUPB,3102,2064526,2067627,+
Escherichia_coli_B766,E.coli.B766.final.genome,2071649,2072263,615,MEG_4162|Metals|Sodium_resistance|Sodium_resistance_protein|NHAA,MEG_4162|Metals|Sodium_resistance|Sodium_resistance_protein|NHAA,1167,2067632,2068798,+
Escherichia_coli_B766,E.coli.B766.final.genome,2072679,2075380,2702,MEG_1773|Drugs|Phenicol|Phenicol_resistance_MFS_efflux_pumps|CMLA,MEG_1773|Drugs|Phenicol|Phenicol_resistance_MFS_efflux_pumps|CMLA,909,2069214,2070122,+
Escherichia_coli_B766,E.coli.B766.final.genome,2216368,2217336,969,MEG_7858|Metals|Zinc_resistance|Zinc_resistance_protein|ZNUB,MEG_7858|Metals|Zinc_resistance|Zinc_resistance_protein|ZNUB,786,2211110,2211895,+
Escherichia_coli_B766,E.coli.B766.final.genome,2260557,2260800,244,MEG_5834|Multi-compound|Drug_and_biocide_resistance|Drug_and_biocide_SMR_efflux_pumps|QACF,MEG_5834|Multi-compound|Drug_and_biocide_resistance|Drug_and_biocide_SMR_efflux_pumps|QACF,333,2255116,2255448,+
Escherichia_coli_B766,E.coli.B766.final.genome,2261085,2261320,236,MEG_6520|Biocides|Multi-biocide_resistance|Multi-biocide_ABC_efflux_pump|SMDB,MEG_6520|Biocides|Multi-biocide_resistance|Multi-biocide_ABC_efflux_pump|SMDB,1779,2255733,2257511,+
Escherichia_coli_B766,E.coli.B766.final.genome,2264412,2266055,1644,MEG_2021|Metals|Copper_resistance|Copper_resistance_protein|COPA,MEG_2021|Metals|Copper_resistance|Copper_resistance_protein|COPA,1926,2260603,2262528,+
Escherichia_coli_B766,E.coli.B766.final.genome,2291328,2292518,1191,MEG_2536|Drugs|Trimethoprim|Dihydrofolate_reductase|DFRA,MEG_2536|Drugs|Trimethoprim|Dihydrofolate_reductase|DFRA,474,2287801,2288274,+
Escherichia_coli_B766,E.coli.B766.final.genome,2384587,2384925,339,MEG_4200|Metals|Nickel_resistance|Nickel_resistance_protein|NIXA,MEG_4200|Metals|Nickel_resistance|Nickel_resistance_protein|NIXA,927,2380343,2381269,+
Escherichia_coli_B766,E.coli.B766.final.genome,2385144,2385968,825,MEG_2017|Metals|Copper_resistance|Copper_resistance_regulator|COMR,MEG_2017|Metals|Copper_resistance|Copper_resistance_regulator|COMR,633,2381488,2382120,+
Escherichia_coli_B766,E.coli.B766.final.genome,2386089,2386361,273,MEG_2047|Metals|Copper_resistance|Copper_resistance_protein|COPC,MEG_2047|Metals|Copper_resistance|Copper_resistance_protein|COPC,384,2382241,2382624,+
Escherichia_coli_B766,E.coli.B766.final.genome,2436762,2438884,2123,MEG_11500|Drugs|Metronidazole|nim_nitroimidazole_reductase|NIMH,MEG_11500|Drugs|Metronidazole|nim_nitroimidazole_reductase|NIMH,495,2433025,2433519,+
Escherichia_coli_B766,E.coli.B766.final.genome,2440297,2447744,7448,MEG_3881|Metals|Mercury_resistance|Mercury_resistance_regulator|MERR,MEG_3881|Metals|Mercury_resistance|Mercury_resistance_regulator|MERR,408,2434932,2435339,+
Escherichia_coli_B766,E.coli.B766.final.genome,2460412,2462265,1854,MEG_3067|Drugs|Fusidic_acid|Ribosomal_zinc-binding_protein|FUSB,MEG_3067|Drugs|Fusidic_acid|Ribosomal_zinc-binding_protein|FUSB,642,2448007,2448648,+
Escherichia_coli_B766,E.coli.B766.final.genome,2502264,2503430,1167,MEG_10160|Drugs|Aminoglycosides|Aminoglycoside_N-acetyltransferases|AAC6-PRIME,MEG_10160|Drugs|Aminoglycosides|Aminoglycoside_N-acetyltransferases|AAC6-PRIME,555,2488647,2489201,+
Escherichia_coli_B766,E.coli.B766.final.genome,2529405,2530810,1406,MEG_2444|Multi-compound|Biocide_and_metal_resistance|Biocide_and_metal_resistance_protein|CUID,MEG_2444|Multi-compound|Biocide_and_metal_resistance|Biocide_and_metal_resistance_protein|CUID,1611,2515176,2516786,+
Escherichia_coli_B766,E.coli.B766.final.genome,2547042,2547692,651,MEG_3898|Metals|Mercury_resistance|Mercury_resistance_protein|MERT,MEG_3898|Metals|Mercury_resistance|Mercury_resistance_protein|MERT,351,2533018,2533368,+
Escherichia_coli_B766,E.coli.B766.final.genome,2563786,2564013,228,MEG_6009|Drugs|Fluoroquinolones|Quinolone_resistance_protein_Qnr|QNRB,MEG_6009|Drugs|Fluoroquinolones|Quinolone_resistance_protein_Qnr|QNRB,645,2549462,2550106,+
Escherichia_coli_B766,E.coli.B766.final.genome,2576634,2576966,333,MEG_6168|Drugs|Nucleosides|Streptothricin_acetyltransferase|SAT,MEG_6168|Drugs|Nucleosides|Streptothricin_acetyltransferase|SAT,570,2562727,2563296,+
Escherichia_coli_B766,E.coli.B766.final.genome,2631796,2632542,747,MEG_2458|Metals|Copper_resistance|Copper_resistance_protein|CUTF,MEG_2458|Metals|Copper_resistance|Copper_resistance_protein|CUTF,711,2618126,2618836,+
Escherichia_coli_B766,E.coli.B766.final.genome,2648652,2649680,1029,MEG_11429|Metals|Tellurium_resistance|Tellurium_resistance_protein|TERA,MEG_11429|Metals|Tellurium_resistance|Tellurium_resistance_protein|TERA,1152,2634946,2636097,+
Escherichia_coli_B766,E.coli.B766.final.genome,2649759,2650691,933,MEG_4078|Drugs|Multi-drug_resistance|Multi-drug_RND_efflux_regulator|MTRAD,MEG_4078|Drugs|Multi-drug_resistance|Multi-drug_RND_efflux_regulator|MTRAD,687,2636176,2636862,+
Escherichia_coli_B766,E.coli.B766.final.genome,2686087,2686653,567,MEG_1568|Drugs|Phenicol|Chloramphenicol_acetyltransferases|CATA,MEG_1568|Drugs|Phenicol|Chloramphenicol_acetyltransferases|CATA,642,2672258,2672899,+
Escherichia_coli_B766,E.coli.B766.final.genome,2856975,2858348,1374,MEG_7688|Drugs|Multi-drug_resistance|Multi-drug_ABC_efflux_pumps|VGAB,MEG_7688|Drugs|Multi-drug_resistance|Multi-drug_ABC_efflux_pumps|VGAB,1659,2843221,2844879,+
Escherichia_coli_B766,E.coli.B766.final.genome,2865919,2866500,582,MEG_2563|Drugs|Trimethoprim|Dihydrofolate_reductase|DFRB,MEG_2563|Drugs|Trimethoprim|Dihydrofolate_reductase|DFRB,237,2852450,2852686,+
Escherichia_coli_B766,E.coli.B766.final.genome,2928384,2929065,682,MEG_7075|Drugs|Tetracyclines|Tetracycline_resistance_MFS_efflux_pumps|TETE,MEG_7075|Drugs|Tetracyclines|Tetracycline_resistance_MFS_efflux_pumps|TETE,1170,2914570,2915739,+
Escherichia_coli_B766,E.coli.B766.final.genome,2930201,2930536,336,MEG_2049|Metals|Copper_resistance|Copper_resistance_protein|COPC,MEG_2049|Metals|Copper_resistance|Copper_resistance_protein|COPC,384,2916875,2917258,+
Escherichia_coli_B766,E.coli.B766.final.genome,3004734,3005126,393,MEG_2698|Biocides|Multi-biocide_resistance|Multi-biocide_SMR_efflux_pump|EBRB,MEG_2698|Biocides|Multi-biocide_resistance|Multi-biocide_SMR_efflux_pump|EBRB,357,2991456,2991812,+
Escherichia_coli_B766,E.coli.B766.final.genome,3015522,3015911,390,MEG_4190|Drugs|Metronidazole|nim_nitroimidazole_reductase|NIMI,MEG_4190|Drugs|Metronidazole|nim_nitroimidazole_reductase|NIMI,457,3002208,3002664,+
Escherichia_coli_B766,E.coli.B766.final.genome,3015925,3016359,435,MEG_3730|Drugs|Lipopeptides|Colistin_phosphoethanolamine_transferase|MCR,MEG_3730|Drugs|Lipopeptides|Colistin_phosphoethanolamine_transferase|MCR,1626,3002678,3004303,+
Escherichia_coli_B766,E.coli.B766.final.genome,3052754,3055033,2280,MEG_2443|Metals|Copper_resistance|Copper_resistance_regulator|CUER,MEG_2443|Metals|Copper_resistance|Copper_resistance_regulator|CUER,408,3040698,3041105,+
Escherichia_coli_B766,E.coli.B766.final.genome,3055553,3056314,762,MEG_6583|Drugs|Sulfonamides|Sulfonamide-resistant_dihydropteroate_synthases|SULI,MEG_6583|Drugs|Sulfonamides|Sulfonamide-resistant_dihydropteroate_synthases|SULI,840,3041625,3042464,+
Escherichia_coli_B766,E.coli.B766.final.genome,3067195,3068595,1401,MEG_7773|Biocides|Multi-biocide_resistance|Multi-biocide_RND_efflux_pump|VMEA,MEG_7773|Biocides|Multi-biocide_resistance|Multi-biocide_RND_efflux_pump|VMEA,1140,3053345,3054484,+
Escherichia_coli_B766,E.coli.B766.final.genome,3068751,3070286,1536,MEG_1747|Multi-compound|Drug_and_biocide_and_metal_resistance|Drug_and_biocide_and_metal_RND_efflux_regulator|CMER,MEG_1747|Multi-compound|Drug_and_biocide_and_metal_resistance|Drug_and_biocide_and_metal_RND_efflux_regulator|CMER,633,3054640,3055272,+
Escherichia_coli_B766,E.coli.B766.final.genome,3144510,3146092,1583,MEG_2069|Metals|Copper_resistance|Copper_resistance_regulator|COPR,MEG_2069|Metals|Copper_resistance|Copper_resistance_regulator|COPR,684,3129496,3130179,+
Escherichia_coli_B766,E.coli.B766.final.genome,3313253,3314041,789,MEG_6542|Biocides|Peroxide_resistance|peroxide_resistance_protein|SODA,MEG_6542|Biocides|Peroxide_resistance|peroxide_resistance_protein|SODA,621,3297340,3297960,+
Escherichia_coli_B766,E.coli.B766.final.genome,3367135,3367548,414,MEG_11498|Drugs|Metronidazole|nim_nitroimidazole_reductase|NIMI,MEG_11498|Drugs|Metronidazole|nim_nitroimidazole_reductase|NIMI,498,3351054,3351551,+
Escherichia_coli_B766,E.coli.B766.final.genome,3387677,3388777,1101,MEG_4381|Drugs|Tetracyclines|Tetracycline_resistance_MFS_efflux_pumps|OTRB,MEG_4381|Drugs|Tetracyclines|Tetracycline_resistance_MFS_efflux_pumps|OTRB,1692,3371680,3373371,+
Escherichia_coli_B766,E.coli.B766.final.genome,3393031,3394131,1101,MEG_2540|Drugs|Trimethoprim|Dihydrofolate_reductase|DFRA,MEG_2540|Drugs|Trimethoprim|Dihydrofolate_reductase|DFRA,474,3377625,3378098,+
Escherichia_coli_B766,E.coli.B766.final.genome,3405813,3406091,279,MEG_11305|Drugs|Trimethoprim|Dihydrofolate_reductase|DFRA,MEG_11305|Drugs|Trimethoprim|Dihydrofolate_reductase|DFRA,477,3389780,3390256,+
Escherichia_coli_B766,E.coli.B766.final.genome,3430255,3431796,1542,MEG_11443|Biocides|Phenolic_compound_resistance|Triclosan-resistant_mutation|FABG,MEG_11443|Biocides|Phenolic_compound_resistance|Triclosan-resistant_mutation|FABG,967,3414420,3415386,+
Escherichia_coli_B766,E.coli.B766.final.genome,3431936,3432472,537,MEG_1707|Metals|Chromium_resistance|Chromium_resistance_protein|CHRA,MEG_1707|Metals|Chromium_resistance|Chromium_resistance_protein|CHRA,1206,3415526,3416731,+
Escherichia_coli_B766,E.coli.B766.final.genome,3448353,3448619,267,MEG_406|Multi-compound|Drug_and_biocide_and_metal_resistance|Drug_and_biocide_and_metal_RND_efflux_pumps|ACRD,MEG_406|Multi-compound|Drug_and_biocide_and_metal_resistance|Drug_and_biocide_and_metal_RND_efflux_pumps|ACRD,3114,3432612,3435725,+
Escherichia_coli_B766,E.coli.B766.final.genome,3480551,3480808,258,MEG_6609|Drugs|Sulfonamides|Sulfonamide-resistant_dihydropteroate_synthases|SULI,MEG_6609|Drugs|Sulfonamides|Sulfonamide-resistant_dihydropteroate_synthases|SULI,840,3467657,3468496,+
Escherichia_coli_B766,E.coli.B766.final.genome,3481049,3481681,633,MEG_2900|Multi-compound|Biocide_and_metal_resistance|Biocide_and_metal_ABC_efflux_pumps|FETB,MEG_2900|Multi-compound|Biocide_and_metal_resistance|Biocide_and_metal_ABC_efflux_pumps|FETB,780,3468737,3469516,+
Escherichia_coli_B766,E.coli.B766.final.genome,3524565,3525773,1209,MEG_2455|Metals|Copper_resistance|Copper_resistance_protein|CUTC,MEG_2455|Metals|Copper_resistance|Copper_resistance_protein|CUTC,747,3512400,3513146,+
Escherichia_coli_B766,E.coli.B766.final.genome,3534404,3535630,1227,MEG_1116|Drugs|Multi-drug_resistance|MDR_regulator|ARLR,MEG_1116|Drugs|Multi-drug_resistance|MDR_regulator|ARLR,660,3521777,3522436,+
Escherichia_coli_B766,E.coli.B766.final.genome,3629201,3630269,1069,MEG_2878|Biocides|Phenolic_compound_resistance|Phenolic_resistance_protein|FABV,MEG_2878|Biocides|Phenolic_compound_resistance|Phenolic_resistance_protein|FABV,900,3616007,3616906,+
Escherichia_coli_B766,E.coli.B766.final.genome,3681087,3682835,1749,MEG_7786|Biocides|Multi-biocide_resistance|Multi-biocide_RND_efflux_pump|VMEC,MEG_7786|Biocides|Multi-biocide_resistance|Multi-biocide_RND_efflux_pump|VMEC,1107,3667724,3668830,+
Escherichia_coli_B766,E.coli.B766.final.genome,3786710,3787432,723,MEG_1198|Drugs|Cationic_antimicrobial_peptides|Polymyxin_B_resistance_regulator|BASRS,MEG_1198|Drugs|Cationic_antimicrobial_peptides|Polymyxin_B_resistance_regulator|BASRS,1434,3772705,3774138,+
Escherichia_coli_B766,E.coli.B766.final.genome,3830284,3831516,1233,MEG_3714|Drugs|Lipopeptides|Colistin_phosphoethanolamine_transferase|MCR,MEG_3714|Drugs|Lipopeptides|Colistin_phosphoethanolamine_transferase|MCR,1623,3816990,3818612,+
Escherichia_coli_B766,E.coli.B766.final.genome,3868599,3869067,469,MEG_4185|Drugs|Metronidazole|nim_nitroimidazole_reductase|NIME,MEG_4185|Drugs|Metronidazole|nim_nitroimidazole_reductase|NIME,458,3855695,3856152,+
Escherichia_coli_B766,E.coli.B766.final.genome,3877111,3877578,468,MEG_2013|Metals|Multi-metal_resistance|Multi-metal_resistance_regulator|CNRR,MEG_2013|Metals|Multi-metal_resistance|Multi-metal_resistance_regulator|CNRR,447,3864196,3864642,+
Escherichia_coli_B766,E.coli.B766.final.genome,3933005,3934063,1059,MEG_3996|Multi-compound|Drug_and_biocide_resistance|Drug_and_biocide_SMR_efflux_pumps|MMR,MEG_3996|Multi-compound|Drug_and_biocide_resistance|Drug_and_biocide_SMR_efflux_pumps|MMR,324,3920069,3920392,+
Escherichia_coli_B766,E.coli.B766.final.genome,3934065,3935528,1464,MEG_398|Metals|Arsenic_resistance|Arsenic_resistance_membrane_transporter|ACR3,MEG_398|Metals|Arsenic_resistance|Arsenic_resistance_membrane_transporter|ACR3,1044,3920394,3921437,+
Escherichia_coli_B766,E.coli.B766.final.genome,3935973,3936761,789,MEG_11510|Drugs|Tetracyclines|Tetracycline_resistance_ribosomal_protection_proteins|TETO,MEG_11510|Drugs|Tetracyclines|Tetracycline_resistance_ribosomal_protection_proteins|TETO,1920,3921882,3923801,+
Escherichia_coli_B766,E.coli.B766.final.genome,3945799,3946740,942,MEG_11244|Drugs|Fosfomycin|Fosfomycin_thiol_transferases|FOSA,MEG_11244|Drugs|Fosfomycin|Fosfomycin_thiol_transferases|FOSA,423,3932839,3933261,+
Escherichia_coli_B766,E.coli.B766.final.genome,4008985,4009657,673,MEG_7285|Drugs|Thiopeptides|Thiostrepton_23S_rRNA_methyltransferases|TSNR,MEG_7285|Drugs|Thiopeptides|Thiostrepton_23S_rRNA_methyltransferases|TSNR,813,3995506,3996318,+
Escherichia_coli_B766,E.coli.B766.final.genome,4037121,4037943,823,MEG_8674|Drugs|Rifampin|Rifampin-resistant_beta-subunit_of_RNA_polymerase_RpoB|RPOB,MEG_8674|Drugs|Rifampin|Rifampin-resistant_beta-subunit_of_RNA_polymerase_RpoB|RPOB,3561,4023782,4027342,+
Escherichia_coli_B766,E.coli.B766.final.genome,4037968,4039500,1533,MEG_3754|Multi-compound|Drug_and_biocide_resistance|Drug_and_biocide_MFS_efflux_pumps|MDTG,MEG_3754|Multi-compound|Drug_and_biocide_resistance|Drug_and_biocide_MFS_efflux_pumps|MDTG,1227,4027367,4028593,+
Escherichia_coli_B766,E.coli.B766.final.genome,4046269,4047893,1625,MEG_7608|Drugs|Glycopeptides|VanF-type_accessory_protein|VANYF,MEG_7608|Drugs|Glycopeptides|VanF-type_accessory_protein|VANYF,882,4035362,4036243,+
Escherichia_coli_B766,E.coli.B766.final.genome,4061444,4063345,1902,MEG_7475|Drugs|Glycopeptides|VanD-type_regulator|VANRD,MEG_7475|Drugs|Glycopeptides|VanD-type_regulator|VANRD,699,4049794,4050492,+
Escherichia_coli_B766,E.coli.B766.final.genome,4128304,4131447,3144,MEG_3660|Drugs|betalactams|Class_A_betalactamases|MAL,MEG_3660|Drugs|betalactams|Class_A_betalactamases|MAL,903,4115451,4116353,+
Escherichia_coli_B766,E.coli.B766.final.genome,4131459,4132682,1224,MEG_1589|Drugs|Phenicol|Chloramphenicol_acetyltransferases|CATA,MEG_1589|Drugs|Phenicol|Chloramphenicol_acetyltransferases|CATA,642,4116365,4117006,+
Escherichia_coli_B766,E.coli.B766.final.genome,4132698,4133030,333,MEG_7073|Drugs|Tetracyclines|Tetracycline_resistance_MFS_efflux_pumps|TETE,MEG_7073|Drugs|Tetracyclines|Tetracycline_resistance_MFS_efflux_pumps|TETE,1218,4117022,4118239,+
Escherichia_coli_B766,E.coli.B766.final.genome,4133064,4134436,1373,MEG_3675|Drugs|Lipopeptides|Colistin_phosphoethanolamine_transferase|MCR,MEG_3675|Drugs|Lipopeptides|Colistin_phosphoethanolamine_transferase|MCR,1623,4118273,4119895,+
Escherichia_coli_B766,E.coli.B766.final.genome,4134593,4136689,2097,MEG_6157|Drugs|Nucleosides|Streptothricin_acetyltransferase|SAT,MEG_6157|Drugs|Nucleosides|Streptothricin_acetyltransferase|SAT,525,4120052,4120576,+
Escherichia_coli_B766,E.coli.B766.final.genome,4208906,4210347,1442,MEG_1652|Biocides|Biguanide_resistance|Biguanide_cation_efflux|CEPAB,MEG_1652|Biocides|Biguanide_resistance|Biguanide_cation_efflux|CEPAB,903,4192793,4193695,+
Escherichia_coli_B766,E.coli.B766.final.genome,4211866,4212273,408,MEG_2665|Multi-compound|Biocide_and_metal_resistance|Biocide_and_metal_resistance_protein|DPSA,MEG_2665|Multi-compound|Biocide_and_metal_resistance|Biocide_and_metal_resistance_protein|DPSA,489,4195214,4195702,+
Escherichia_coli_B766,E.coli.B766.final.genome,4214887,4217391,2505,MEG_10150|Drugs|Glycopeptides|Vancomycin-resistant_mutation|VRAF,MEG_10150|Drugs|Glycopeptides|Vancomycin-resistant_mutation|VRAF,762,4198316,4199077,+
Escherichia_coli_B766,E.coli.B766.final.genome,4240445,4241638,1194,MEG_5415|Biocides|Multi-biocide_resistance|Multi-biocide_resistance_regulator|PCM,MEG_5415|Biocides|Multi-biocide_resistance|Multi-biocide_resistance_regulator|PCM,648,4222131,4222778,+
Escherichia_coli_B766,E.coli.B766.final.genome,4241661,4244828,3168,MEG_4212|Multi-compound|Drug_and_biocide_resistance|Drug_and_biocide_MATE_efflux_pumps|NORM,MEG_4212|Multi-compound|Drug_and_biocide_resistance|Drug_and_biocide_MATE_efflux_pumps|NORM,1389,4222801,4224189,+
Escherichia_coli_B766,E.coli.B766.final.genome,4253710,4255427,1718,MEG_912|Drugs|Aminoglycosides|Aminoglycoside_O-nucleotidyltransferases|ANT3-DPRIME,MEG_912|Drugs|Aminoglycosides|Aminoglycoside_O-nucleotidyltransferases|ANT3-DPRIME,789,4233071,4233859,+
Escherichia_coli_B766,E.coli.B766.final.genome,4331950,4333107,1158,MEG_3027|Drugs|Fosfomycin|Fosfomycin_thiol_transferases|FOSX,MEG_3027|Drugs|Fosfomycin|Fosfomycin_thiol_transferases|FOSX,402,4310382,4310783,+
Escherichia_coli_B766,E.coli.B766.final.genome,4346136,4347245,1110,MEG_1168|Biocides|Naphthoquinone|Naphthoquinone_resistance_protein|ARSHN,MEG_1168|Biocides|Naphthoquinone|Naphthoquinone_resistance_protein|ARSHN,621,4323812,4324432,+
Escherichia_coli_B766,E.coli.B766.final.genome,4587816,4588526,711,MEG_1154|Metals|Arsenic_resistance|Arsenic_resistance_protein|ARSC,MEG_1154|Metals|Arsenic_resistance|Arsenic_resistance_protein|ARSC,396,4565003,4565398,+
Escherichia_coli_B766,E.coli.B766.final.genome,4664216,4665766,1551,MEG_10098|Drugs|Lipopeptides|Colistin-resistant_mutant|LPXD,MEG_10098|Drugs|Lipopeptides|Colistin-resistant_mutant|LPXD,1071,4641088,4642158,+
Escherichia_coli_B766,E.coli.B766.final.genome,4717325,4718269,945,MEG_11506|Drugs|Aminoglycosides|Aminoglycoside_O-nucleotidyltransferases|ANT6,MEG_11506|Drugs|Aminoglycosides|Aminoglycoside_O-nucleotidyltransferases|ANT6,669,4693717,4694385,+
Escherichia_coli_B766,E.coli.B766.final.genome,4744009,4746363,2355,MEG_2550|Drugs|Trimethoprim|Dihydrofolate_reductase|DFRA,MEG_2550|Drugs|Trimethoprim|Dihydrofolate_reductase|DFRA,474,4720125,4720598,+
Escherichia_coli_B766,E.coli.B766.final.genome,4749512,4749889,378,MEG_4181|Drugs|Metronidazole|nim_nitroimidazole_reductase|NIMC,MEG_4181|Drugs|Metronidazole|nim_nitroimidazole_reductase|NIMC,492,4723747,4724238,+
Escherichia_coli_B766,E.coli.B766.final.genome,4785728,4786894,1167,MEG_5794|Multi-compound|Drug_and_biocide_resistance|Drug_and_biocide_MATE_efflux_pumps|PMPM,MEG_5794|Multi-compound|Drug_and_biocide_resistance|Drug_and_biocide_MATE_efflux_pumps|PMPM,1434,4760077,4761510,+
Escherichia_coli_B766,E.coli.B766.final.genome,4810652,4811521,870,MEG_9982|Drugs|Metronidazole|nim_nitroimidazole_reductase|NIMB,MEG_9982|Drugs|Metronidazole|nim_nitroimidazole_reductase|NIMB,468,4785268,4785735,+
Escherichia_coli_B766,E.coli.B766.final.genome,4874318,4875550,1233,MEG_6573|Biocides|Multi-biocide_resistance|Multi-biocide_SMR_efflux_pump|SSME,MEG_6573|Biocides|Multi-biocide_resistance|Multi-biocide_SMR_efflux_pump|SSME,333,4848532,4848864,+
Escherichia_coli_B766,E.coli.B766.final.genome,4976600,4979296,2697,MEG_7105|Drugs|Tetracyclines|Tetracycline_resistance_ribosomal_protection_proteins|TETM,MEG_7105|Drugs|Tetracyclines|Tetracycline_resistance_ribosomal_protection_proteins|TETM,1920,4949914,4951833,+
Escherichia_coli_JM109,E.coli.JM109.final.genome,34920,35312,393,MEG_5903|Drugs|Fluoroquinolones|Quinolone_resistance_protein_Qnr|QNRB,MEG_5903|Drugs|Fluoroquinolones|Quinolone_resistance_protein_Qnr|QNRB,645,34920,35564,+
Escherichia_coli_JM109,E.coli.JM109.final.genome,39460,39849,390,MEG_3289|Biocides|Peroxide_resistance|Peroxide_resistance_stress_protein|IBPB,MEG_3289|Biocides|Peroxide_resistance|Peroxide_resistance_stress_protein|IBPB,435,39712,40146,+
Escherichia_coli_JM109,E.coli.JM109.final.genome,39863,40297,435,MEG_3749|Multi-compound|Drug_and_biocide_and_metal_resistance|Drug_and_biocide_and_metal_RND_efflux_pumps|MDTC,MEG_3749|Multi-compound|Drug_and_biocide_and_metal_resistance|Drug_and_biocide_and_metal_RND_efflux_pumps|MDTC,3078,40160,43237,+
Escherichia_coli_JM109,E.coli.JM109.final.genome,72931,75210,2280,MEG_5417|Metals|Copper_resistance|Copper_resistance_protein|PCOB,MEG_5417|Metals|Copper_resistance|Copper_resistance_protein|PCOB,1020,75871,76890,+
Escherichia_coli_JM109,E.coli.JM109.final.genome,75730,76491,762,MEG_3871|Metals|Mercury_resistance|Mercury_resistance_protein|MERG,MEG_3871|Metals|Mercury_resistance|Mercury_resistance_protein|MERG,654,77410,78063,+
Escherichia_coli_JM109,E.coli.JM109.final.genome,87372,88772,1401,MEG_2493|Drugs|Trimethoprim|Dihydrofolate_reductase|DFRA,MEG_2493|Drugs|Trimethoprim|Dihydrofolate_reductase|DFRA,474,88944,89417,+
Escherichia_coli_JM109,E.coli.JM109.final.genome,88928,90463,1536,MEG_11329|Metals|Arsenic_resistance|Arsenic_resistance_protein|ARSD,MEG_11329|Metals|Arsenic_resistance|Arsenic_resistance_protein|ARSD,324,89573,89896,+
Escherichia_coli_JM109,E.coli.JM109.final.genome,157261,158843,1583,MEG_1764|Drugs|Phenicol|Phenicol_resistance_MFS_efflux_pumps|CMLA,MEG_1764|Drugs|Phenicol|Phenicol_resistance_MFS_efflux_pumps|CMLA,1260,156694,157953,+
Escherichia_coli_JM109,E.coli.JM109.final.genome,309397,310185,789,MEG_5910|Drugs|Fluoroquinolones|Quinolone_resistance_protein_Qnr|QNRB,MEG_5910|Drugs|Fluoroquinolones|Quinolone_resistance_protein_Qnr|QNRB,645,308507,309151,+
Escherichia_coli_JM109,E.coli.JM109.final.genome,366314,366727,414,MEG_1128|Drugs|Rifampin|Rifampin_ADP-ribosyltransferase_Arr|ARR,MEG_1128|Drugs|Rifampin|Rifampin_ADP-ribosyltransferase_Arr|ARR,432,365280,365711,+
Escherichia_coli_JM109,E.coli.JM109.final.genome,387387,388487,1101,MEG_9965|Drugs|Metronidazole|nim_nitroimidazole_reductase|NIMH,MEG_9965|Drugs|Metronidazole|nim_nitroimidazole_reductase|NIMH,453,386371,386823,+
Escherichia_coli_JM109,E.coli.JM109.final.genome,400167,400445,279,MEG_849|Drugs|Aminoglycosides|Aminoglycoside_O-nucleotidyltransferases|ANT3-DPRIME,MEG_849|Drugs|Aminoglycosides|Aminoglycoside_O-nucleotidyltransferases|ANT3-DPRIME,792,398503,399294,+
Escherichia_coli_JM109,E.coli.JM109.final.genome,424519,426060,1542,MEG_2038|Metals|Copper_resistance|Copper_resistance_protein|COPB,MEG_2038|Metals|Copper_resistance|Copper_resistance_protein|COPB,981,423368,424348,+
Escherichia_coli_JM109,E.coli.JM109.final.genome,426200,426736,537,MEG_8782|Drugs|Lipopeptides|Colistin_phosphoethanolamine_transferase|MCR,MEG_8782|Drugs|Lipopeptides|Colistin_phosphoethanolamine_transferase|MCR,1626,424488,426113,+
Escherichia_coli_JM109,E.coli.JM109.final.genome,442601,442867,267,MEG_3004|Drugs|Fosfomycin|Fosfomycin_thiol_transferases|FOSB,MEG_3004|Drugs|Fosfomycin|Fosfomycin_thiol_transferases|FOSB,417,441978,442394,+
Escherichia_coli_JM109,E.coli.JM109.final.genome,474702,474959,258,MEG_1213|Drugs|Bacitracin|Bacitracin_ABC_transporter|BCRA,MEG_1213|Drugs|Bacitracin|Bacitracin_ABC_transporter|BCRA,921,474229,475149,+
Escherichia_coli_JM109,E.coli.JM109.final.genome,475200,475832,633,MEG_2423|Drugs|betalactams|Class_A_betalactamases|CTX,MEG_2423|Drugs|betalactams|Class_A_betalactamases|CTX,1174,475390,476563,+
Escherichia_coli_JM109,E.coli.JM109.final.genome,518706,519914,1209,MEG_2560|Drugs|Trimethoprim|Dihydrofolate_reductase|DFRB,MEG_2560|Drugs|Trimethoprim|Dihydrofolate_reductase|DFRB,237,519437,519673,+
Escherichia_coli_JM109,E.coli.JM109.final.genome,528542,529768,1227,MEG_7498|Drugs|Glycopeptides|VanC-type_regulator|VANSC,MEG_7498|Drugs|Glycopeptides|VanC-type_regulator|VANSC,1143,528301,529443,+
Escherichia_coli_JM109,E.coli.JM109.final.genome,624116,625193,1078,MEG_861|Drugs|Aminoglycosides|Aminoglycoside_O-nucleotidyltransferases|ANT3-DPRIME,MEG_861|Drugs|Aminoglycosides|Aminoglycoside_O-nucleotidyltransferases|ANT3-DPRIME,792,623791,624582,+
Escherichia_coli_JM109,E.coli.JM109.final.genome,675837,677585,1749,MEG_11438|Biocides|Peroxide_resistance|Peroxide_resistance_stress_protein|SODC,MEG_11438|Biocides|Peroxide_resistance|Peroxide_resistance_stress_protein|SODC,534,675226,675759,+
Escherichia_coli_JM109,E.coli.JM109.final.genome,752300,753022,723,MEG_1157|Metals|Arsenic_resistance|Arsenic_resistance_protein|ARSC,MEG_1157|Metals|Arsenic_resistance|Arsenic_resistance_protein|ARSC,393,750474,750866,+
Escherichia_coli_JM109,E.coli.JM109.final.genome,759301,760533,1233,MEG_2114|Drugs|Phenicol|Chloramphenicol_phosphotransferase|CPT,MEG_2114|Drugs|Phenicol|Chloramphenicol_phosphotransferase|CPT,537,757145,757681,+
Escherichia_coli_JM109,E.coli.JM109.final.genome,790556,791023,468,MEG_3142|Multi-compound|Biocide_and_metal_resistance|Biocide_and_metal_resistance_protein|GLPF,MEG_3142|Multi-compound|Biocide_and_metal_resistance|Biocide_and_metal_resistance_protein|GLPF,846,787704,788549,+
Escherichia_coli_JM109,E.coli.JM109.final.genome,846594,847652,1059,MEG_8062|Drugs|Trimethoprim|Dihydrofolate_reductase|DFRA,MEG_8062|Drugs|Trimethoprim|Dihydrofolate_reductase|DFRA,588,844120,844707,+
Escherichia_coli_JM109,E.coli.JM109.final.genome,847654,849117,1464,MEG_6958|Metals|Tellurium_resistance|Tellurium_resistance_protein|TERD,MEG_6958|Metals|Tellurium_resistance|Tellurium_resistance_protein|TERD,579,844709,845287,+
Escherichia_coli_JM109,E.coli.JM109.final.genome,849562,850350,789,MEG_4164|Metals|Sodium_resistance|Sodium_resistance_protein|NHAB,MEG_4164|Metals|Sodium_resistance|Sodium_resistance_protein|NHAB,1542,845732,847273,+
Escherichia_coli_JM109,E.coli.JM109.final.genome,859383,860324,942,MEG_2983|Drugs|Fosfomycin|Fosfomycin_thiol_transferases|FOSA,MEG_2983|Drugs|Fosfomycin|Fosfomycin_thiol_transferases|FOSA,417,856306,856722,+
Escherichia_coli_JM109,E.coli.JM109.final.genome,922474,923151,678,MEG_945|Drugs|Aminoglycosides|Aminoglycoside_O-nucleotidyltransferases|ANT3-DPRIME,MEG_945|Drugs|Aminoglycosides|Aminoglycoside_O-nucleotidyltransferases|ANT3-DPRIME,798,918872,919669,+
Escherichia_coli_JM109,E.coli.JM109.final.genome,927343,927486,144,MEG_7174|Drugs|Tetracyclines|Tetracycline_resistance_ribosomal_protection_proteins|TETO,MEG_7174|Drugs|Tetracyclines|Tetracycline_resistance_ribosomal_protection_proteins|TETO,1889,923861,925749,+
Escherichia_coli_JM109,E.coli.JM109.final.genome,952479,953301,823,MEG_8656|Drugs|Fluoroquinolones|Quinolone_resistance_protein_Qnr|QNRB,MEG_8656|Drugs|Fluoroquinolones|Quinolone_resistance_protein_Qnr|QNRB,645,950742,951386,+
Escherichia_coli_JM109,E.coli.JM109.final.genome,953326,954864,1539,MEG_5817|Metals|Arsenic_resistance|Arsenic_resistance_protein|PSTS,MEG_5817|Metals|Arsenic_resistance|Arsenic_resistance_protein|PSTS,1041,951411,952451,+
Escherichia_coli_JM109,E.coli.JM109.final.genome,960813,962423,1611,MEG_2874|Biocides|Phenolic_compound_resistance|Phenolic_resistance_protein|FABI,MEG_2874|Biocides|Phenolic_compound_resistance|Phenolic_resistance_protein|FABI,771,958400,959170,+
Escherichia_coli_JM109,E.coli.JM109.final.genome,975989,977890,1902,MEG_714|Metals|Arsenic_resistance|Arsenite_oxidase|AIOE,MEG_714|Metals|Arsenic_resistance|Arsenite_oxidase|AIOE,1047,972736,973782,+
Escherichia_coli_JM109,E.coli.JM109.final.genome,1042343,1045486,3144,MEG_6165|Drugs|Nucleosides|Streptothricin_acetyltransferase|SAT,MEG_6165|Drugs|Nucleosides|Streptothricin_acetyltransferase|SAT,543,1038235,1038777,+
Escherichia_coli_JM109,E.coli.JM109.final.genome,1045498,1046721,1224,MEG_4210|Multi-compound|Drug_and_biocide_resistance|Drug_and_biocide_MFS_efflux_pumps|NORB,MEG_4210|Multi-compound|Drug_and_biocide_resistance|Drug_and_biocide_MFS_efflux_pumps|NORB,1392,1038789,1040180,+
Escherichia_coli_JM109,E.coli.JM109.final.genome,1046737,1047069,333,MEG_2921|Drugs|Phenicol|Phenicol_resistance_MFS_efflux_pumps|FLOR,MEG_2921|Drugs|Phenicol|Phenicol_resistance_MFS_efflux_pumps|FLOR,1215,1040196,1041410,+
Escherichia_coli_JM109,E.coli.JM109.final.genome,1047227,1048600,1374,MEG_1170|Metals|Arsenic_resistance|Arsenic_resistance_protein|ARSP,MEG_1170|Metals|Arsenic_resistance|Arsenic_resistance_protein|ARSP,948,1041568,1042515,+
Escherichia_coli_JM109,E.coli.JM109.final.genome,1048757,1050872,2116,MEG_7689|Drugs|Multi-drug_resistance|Multi-drug_ABC_efflux_pumps|VGAD,MEG_7689|Drugs|Multi-drug_resistance|Multi-drug_ABC_efflux_pumps|VGAD,1578,1042672,1044249,+
Escherichia_coli_JM109,E.coli.JM109.final.genome,1116672,1118115,1444,MEG_3648|Drugs|Multi-drug_resistance|Multi-drug_ABC_efflux_pumps|LSAE,MEG_3648|Drugs|Multi-drug_resistance|Multi-drug_ABC_efflux_pumps|LSAE,804,1110049,1110852,+
Escherichia_coli_JM109,E.coli.JM109.final.genome,1119634,1120041,408,MEG_5961|Drugs|Fluoroquinolones|Quinolone_resistance_protein_Qnr|QNRB,MEG_5961|Drugs|Fluoroquinolones|Quinolone_resistance_protein_Qnr|QNRB,645,1112371,1113015,+
Escherichia_coli_JM109,E.coli.JM109.final.genome,1122655,1125159,2505,MEG_3864|Metals|Mercury_resistance|Mercury_resistance_regulator|MERD,MEG_3864|Metals|Mercury_resistance|Mercury_resistance_regulator|MERD,366,1115629,1115994,+
Escherichia_coli_JM109,E.coli.JM109.final.genome,1148415,1149608,1194,MEG_396|Metals|Iron_resistance|Iron_resistance_protein|ACN,MEG_396|Metals|Iron_resistance|Iron_resistance_protein|ACN,2832,1139250,1142081,+
Escherichia_coli_JM109,E.coli.JM109.final.genome,1149631,1152780,3150,MEG_10128|Drugs|Rifampin|Rifampin_monooyxgenase|ROX,MEG_10128|Drugs|Rifampin|Rifampin_monooyxgenase|ROX,1431,1142104,1143534,+
Escherichia_coli_JM109,E.coli.JM109.final.genome,1161635,1163380,1746,MEG_2559|Drugs|Trimethoprim|Dihydrofolate_reductase|DFRB,MEG_2559|Drugs|Trimethoprim|Dihydrofolate_reductase|DFRB,237,1152389,1152625,+
Escherichia_coli_JM109,E.coli.JM109.final.genome,1239096,1240253,1158,MEG_3880|Metals|Mercury_resistance|Mercury_resistance_regulator|MERR,MEG_3880|Metals|Mercury_resistance|Mercury_resistance_regulator|MERR,435,1228341,1228775,+
Escherichia_coli_JM109,E.coli.JM109.final.genome,1255812,1256921,1110,MEG_1582|Drugs|Phenicol|Chloramphenicol_acetyltransferases|CATA,MEG_1582|Drugs|Phenicol|Chloramphenicol_acetyltransferases|CATA,660,1244334,1244993,+
Escherichia_coli_JM109,E.coli.JM109.final.genome,1295069,1295779,711,MEG_7683|Drugs|Multi-drug_resistance|Multi-drug_ABC_efflux_pumps|VGA,MEG_7683|Drugs|Multi-drug_resistance|Multi-drug_ABC_efflux_pumps|VGA,1575,1283141,1284715,+
Escherichia_coli_JM109,E.coli.JM109.final.genome,1372415,1373965,1551,MEG_7412|Drugs|Glycopeptides|VanA-type_resistance_protein|VANHA,MEG_7412|Drugs|Glycopeptides|VanA-type_resistance_protein|VANHA,2607,1361351,1363957,+
Escherichia_coli_JM109,E.coli.JM109.final.genome,1425736,1426680,945,MEG_8066|Drugs|Trimethoprim|Dihydrofolate_reductase|DFRA,MEG_8066|Drugs|Trimethoprim|Dihydrofolate_reductase|DFRA,474,1415728,1416201,+
Escherichia_coli_JM109,E.coli.JM109.final.genome,1453939,1456293,2355,MEG_7845|Metals|Zinc_resistance|Zinc_resistance_protein|ZEVA,MEG_7845|Metals|Zinc_resistance|Zinc_resistance_protein|ZEVA,621,1443460,1444080,+
Escherichia_coli_JM109,E.coli.JM109.final.genome,1459442,1459819,378,MEG_11119|Drugs|betalactams|Class_D_betalactamases|OXA,MEG_11119|Drugs|betalactams|Class_D_betalactamases|OXA,831,1447229,1448059,+
Escherichia_coli_JM109,E.coli.JM109.final.genome,1492393,1493559,1167,MEG_6166|Drugs|Nucleosides|Streptothricin_acetyltransferase|SAT,MEG_6166|Drugs|Nucleosides|Streptothricin_acetyltransferase|SAT,543,1480633,1481175,+
Escherichia_coli_JM109,E.coli.JM109.final.genome,1518827,1519696,870,MEG_1487|Metals|Cadmium_resistance|Cadmium_resistance_regulator|CADR,MEG_1487|Metals|Cadmium_resistance|Cadmium_resistance_regulator|CADR,444,1506443,1506886,+
Escherichia_coli_JM109,E.coli.JM109.final.genome,1585618,1586850,1233,MEG_3724|Drugs|Lipopeptides|Colistin_phosphoethanolamine_transferase|MCR,MEG_3724|Drugs|Lipopeptides|Colistin_phosphoethanolamine_transferase|MCR,1641,1572808,1574448,+
Escherichia_coli_JM109,E.coli.JM109.final.genome,1642495,1644219,1725,MEG_1230|Metals|Iron_resistance|Iron_resistance_protein|BFRA,MEG_1230|Metals|Iron_resistance|Iron_resistance_protein|BFRA,480,1630093,1630572,+
Escherichia_coli_JM109,E.coli.JM109.final.genome,1684588,1687284,2697,MEG_1633|Drugs|Phenicol|Chloramphenicol_acetyltransferases|CATS,MEG_1633|Drugs|Phenicol|Chloramphenicol_acetyltransferases|CATS,492,1670941,1671432,+
Escherichia_coli_JM109,E.coli.JM109.final.genome,1776741,1777874,1134,MEG_3862|Metals|Mercury_resistance|Mercury_resistance_regulator|MERD,MEG_3862|Metals|Mercury_resistance|Mercury_resistance_regulator|MERD,366,1760889,1761254,+
Escherichia_coli_JM109,E.coli.JM109.final.genome,1778493,1778960,468,MEG_7617|Drugs|Glycopeptides|VanA-type_accessory_protein|VANZA,MEG_7617|Drugs|Glycopeptides|VanA-type_accessory_protein|VANZA,480,1761873,1762352,+
Escherichia_coli_JM109,E.coli.JM109.final.genome,1790329,1790667,339,MEG_6580|Drugs|Sulfonamides|Sulfonamide-resistant_dihydropteroate_synthases|SULI,MEG_6580|Drugs|Sulfonamides|Sulfonamide-resistant_dihydropteroate_synthases|SULI,828,1773721,1774548,+
Escherichia_coli_JM109,E.coli.JM109.final.genome,1820095,1821738,1644,MEG_5880|Drugs|Fluoroquinolones|Quinolone_resistance_protein_Qnr|QNRB,MEG_5880|Drugs|Fluoroquinolones|Quinolone_resistance_protein_Qnr|QNRB,645,1803976,1804620,+
Escherichia_coli_JM109,E.coli.JM109.final.genome,1851576,1856121,4546,MEG_5957|Drugs|Fluoroquinolones|Quinolone_resistance_protein_Qnr|QNRB,MEG_5957|Drugs|Fluoroquinolones|Quinolone_resistance_protein_Qnr|QNRB,681,1834458,1835138,+
Escherichia_coli_JM109,E.coli.JM109.final.genome,1870672,1872321,1650,MEG_1741|Multi-compound|Drug_and_biocide_and_metal_resistance|Drug_and_biocide_and_metal_RND_efflux_pumps|CMEC,MEG_1741|Multi-compound|Drug_and_biocide_and_metal_resistance|Drug_and_biocide_and_metal_RND_efflux_pumps|CMEC,1479,1849689,1851167,+
Escherichia_coli_JM109,E.coli.JM109.final.genome,1877641,1878105,465,MEG_3733|Metals|Copper_resistance|Copper_resistance_protein|MCTB,MEG_3733|Metals|Copper_resistance|Copper_resistance_protein|MCTB,960,1856487,1857446,+
Escherichia_coli_JM109,E.coli.JM109.final.genome,1878191,1878514,324,MEG_11328|Metals|Arsenic_resistance|Arsenic_resistance_protein|ARSD,MEG_11328|Metals|Arsenic_resistance|Arsenic_resistance_protein|ARSD,366,1857532,1857897,+
Escherichia_coli_JM109,E.coli.JM109.final.genome,1895571,1896086,516,MEG_4193|Drugs|Metronidazole|nim_nitroimidazole_reductase|NIMI,MEG_4193|Drugs|Metronidazole|nim_nitroimidazole_reductase|NIMI,457,1874954,1875410,+
Escherichia_coli_JM109,E.coli.JM109.final.genome,1931946,1932770,825,MEG_7783|Biocides|Multi-biocide_resistance|Multi-biocide_RND_efflux_pump|VMEA,MEG_7783|Biocides|Multi-biocide_resistance|Multi-biocide_RND_efflux_pump|VMEA,1140,1911270,1912409,+
Escherichia_coli_JM109,E.coli.JM109.final.genome,1941957,1942340,384,MEG_11384|Drugs|Lipopeptides|Daptomycin_ABC_efflux_transporter_protein|DRCA,MEG_11384|Drugs|Lipopeptides|Daptomycin_ABC_efflux_transporter_protein|DRCA,768,1921596,1922363,+
Escherichia_coli_JM109,E.coli.JM109.final.genome,1950932,1953651,2720,MEG_3625|Drugs|Multi-drug_resistance|Multi-drug_RND_efflux_pumps|LPEB,MEG_3625|Drugs|Multi-drug_resistance|Multi-drug_RND_efflux_pumps|LPEB,3045,1930955,1933999,+
Escherichia_coli_JM109,E.coli.JM109.final.genome,2037480,2038325,846,MEG_3691|Drugs|Lipopeptides|Colistin_phosphoethanolamine_transferase|MCR,MEG_3691|Drugs|Lipopeptides|Colistin_phosphoethanolamine_transferase|MCR,1407,2017828,2019234,+
Escherichia_coli_JM109,E.coli.JM109.final.genome,2048199,2049101,903,MEG_6611|Drugs|Sulfonamides|Sulfonamide-resistant_dihydropteroate_synthases|SULI,MEG_6611|Drugs|Sulfonamides|Sulfonamide-resistant_dihydropteroate_synthases|SULI,840,2029108,2029947,+
Escherichia_coli_JM109,E.coli.JM109.final.genome,2049900,2051968,2069,MEG_2574|Drugs|Trimethoprim|Dihydrofolate_reductase|DFRD,MEG_2574|Drugs|Trimethoprim|Dihydrofolate_reductase|DFRD,501,2030746,2031246,+
Escherichia_coli_JM109,E.coli.JM109.final.genome,2054140,2054760,621,MEG_2654|Metals|Copper_resistance|Copper_resistance_protein|DNAK,MEG_2654|Metals|Copper_resistance|Copper_resistance_protein|DNAK,1878,2033418,2035295,+
Escherichia_coli_JM109,E.coli.JM109.final.genome,2111526,2112152,627,MEG_7328|Drugs|Cationic_antimicrobial_peptides|Lipid_A_modification|UGD,MEG_7328|Drugs|Cationic_antimicrobial_peptides|Lipid_A_modification|UGD,1167,2092061,2093227,+
Escherichia_coli_JM109,E.coli.JM109.final.genome,2153186,2154136,951,MEG_9960|Drugs|betalactams|Class_B_betalactamases|KHM,MEG_9960|Drugs|betalactams|Class_B_betalactamases|KHM,720,2134261,2134980,+
Escherichia_coli_JM109,E.coli.JM109.final.genome,2244028,2245068,1041,MEG_3141|Multi-compound|Biocide_and_metal_resistance|Biocide_and_metal_resistance_protein|GLPF,MEG_3141|Multi-compound|Biocide_and_metal_resistance|Biocide_and_metal_resistance_protein|GLPF,846,2224872,2225717,+
Escherichia_coli_JM109,E.coli.JM109.final.genome,2245155,2247004,1850,MEG_6955|Metals|Tellurium_resistance|Tellurium_resistance_protein|TERB,MEG_6955|Metals|Tellurium_resistance|Tellurium_resistance_protein|TERB,456,2225804,2226259,+
Escherichia_coli_JM109,E.coli.JM109.final.genome,2247187,2247960,774,MEG_3539|Biocides|Multi-biocide_resistance|Multi-biocide_MFS_efflux_pump|LDE,MEG_3539|Biocides|Multi-biocide_resistance|Multi-biocide_MFS_efflux_pump|LDE,1209,2226442,2227650,+
Escherichia_coli_JM109,E.coli.JM109.final.genome,2260335,2260901,567,MEG_7788|Biocides|Multi-biocide_resistance|Multi-biocide_RND_efflux_pump|VMEE,MEG_7788|Biocides|Multi-biocide_resistance|Multi-biocide_RND_efflux_pump|VMEE,1095,2240025,2241119,+
Escherichia_coli_JM109,E.coli.JM109.final.genome,2288131,2288544,414,MEG_3747|Multi-compound|Drug_and_biocide_and_metal_resistance|Drug_and_biocide_and_metal_RND_efflux_pumps|MDTB,MEG_3747|Multi-compound|Drug_and_biocide_and_metal_resistance|Drug_and_biocide_and_metal_RND_efflux_pumps|MDTB,3123,2268349,2271471,+
Escherichia_coli_JM109,E.coli.JM109.final.genome,2288650,2289084,435,MEG_4166|Metals|Multi-metal_resistance|Multi-metal_resistance_protein|NIA,MEG_4166|Metals|Multi-metal_resistance|Multi-metal_resistance_protein|NIA,2400,2271577,2273976,+
Escherichia_coli_JM109,E.coli.JM109.final.genome,2300447,2301637,1191,MEG_11363|Metals|Arsenic_resistance|Arsenic_resistance_N-acetyltransferases|ARSN2,MEG_11363|Metals|Arsenic_resistance|Arsenic_resistance_N-acetyltransferases|ARSN2,444,2285339,2285782,+
Escherichia_coli_JM109,E.coli.JM109.final.genome,2318451,2318612,162,MEG_1711|Metals|Chromium_resistance|Chromium_resistance_protein|CHRB1,MEG_1711|Metals|Chromium_resistance|Chromium_resistance_protein|CHRB1,894,2302596,2303489,+
Escherichia_coli_JM109,E.coli.JM109.final.genome,2489311,2490707,1397,MEG_3010|Drugs|Fosfomycin|Fosfomycin_thiol_transferases|FOSB,MEG_3010|Drugs|Fosfomycin|Fosfomycin_thiol_transferases|FOSB,417,2474188,2474604,+
Escherichia_coli_JM109,E.coli.JM109.final.genome,2491077,2491901,825,MEG_7423|Drugs|Glycopeptides|VanD-type_resistance_protein|VANHD,MEG_7423|Drugs|Glycopeptides|VanD-type_resistance_protein|VANHD,972,2474974,2475945,+
Escherichia_coli_JM109,E.coli.JM109.final.genome,2492269,2492997,729,MEG_1777|Drugs|Phenicol|Chloramphenicol_phosphotransferase|CMLV,MEG_1777|Drugs|Phenicol|Chloramphenicol_phosphotransferase|CMLV,1239,2476313,2477551,+
Escherichia_coli_JM109,E.coli.JM109.final.genome,2493360,2496473,3114,MEG_5421|Metals|Copper_resistance|Copper_resistance_protein|PCOD,MEG_5421|Metals|Copper_resistance|Copper_resistance_protein|PCOD,924,2477914,2478837,+
Escherichia_coli_JM109,E.coli.JM109.final.genome,2496498,2497655,1158,MEG_2471|Metals|Multi-metal_resistance|Multi-metal_RND_efflux_pumps|CZCP,MEG_2471|Metals|Multi-metal_resistance|Multi-metal_RND_efflux_pumps|CZCP,2490,2478862,2481351,+
Escherichia_coli_JM109,E.coli.JM109.final.genome,2497994,2498521,528,MEG_8806|Drugs|Lipopeptides|Colistin_phosphoethanolamine_transferase|MCR,MEG_8806|Drugs|Lipopeptides|Colistin_phosphoethanolamine_transferase|MCR,1617,2481690,2483306,+
Escherichia_coli_JM109,E.coli.JM109.final.genome,2500147,2500479,333,MEG_3866|Metals|Mercury_resistance|Mercury_resistance_protein|MERE,MEG_3866|Metals|Mercury_resistance|Mercury_resistance_protein|MERE,237,2484932,2485168,+
Escherichia_coli_JM109,E.coli.JM109.final.genome,2500583,2500921,339,MEG_1126|Drugs|Rifampin|Rifampin_ADP-ribosyltransferase_Arr|ARR,MEG_1126|Drugs|Rifampin|Rifampin_ADP-ribosyltransferase_Arr|ARR,414,2485272,2485685,+
Escherichia_coli_JM109,E.coli.JM109.final.genome,2506224,2506649,426,MEG_7269|Metals|Tellurium_resistance|Tellurium_resistance_protein|TRGA,MEG_7269|Metals|Tellurium_resistance|Tellurium_resistance_protein|TRGA,441,2490988,2491428,+
Escherichia_coli_JM109,E.coli.JM109.final.genome,2506662,2507951,1290,MEG_2744|Drugs|MLS|Macrolide_esterases|EREA,MEG_2744|Drugs|MLS|Macrolide_esterases|EREA,1221,2491441,2492661,+
Escherichia_coli_JM109,E.coli.JM109.final.genome,2508005,2508358,354,MEG_6161|Drugs|Nucleosides|Streptothricin_acetyltransferase|SAT,MEG_6161|Drugs|Nucleosides|Streptothricin_acetyltransferase|SAT,525,2492715,2493239,+
Escherichia_coli_JM109,E.coli.JM109.final.genome,2517745,2519244,1500,MEG_3854|Metals|Mercury_resistance|Mercury_resistance_protein|MERB,MEG_3854|Metals|Mercury_resistance|Mercury_resistance_protein|MERB,630,2502626,2503255,+
Escherichia_coli_JM109,E.coli.JM109.final.genome,2537865,2538296,432,MEG_2448|Metals|Multi-metal_resistance|Multi-metal_RND_efflux_pumps|CUSC,MEG_2448|Metals|Multi-metal_resistance|Multi-metal_RND_efflux_pumps|CUSC,1374,2521876,2523249,+
Escherichia_coli_JM109,E.coli.JM109.final.genome,2538302,2543217,4916,MEG_6655|Multi-compound|Biocide_and_metal_resistance|Biocide_and_metal_resistance_protein|TEHA,MEG_6655|Multi-compound|Biocide_and_metal_resistance|Biocide_and_metal_resistance_protein|TEHA,993,2523255,2524247,+
Escherichia_coli_JM109,E.coli.JM109.final.genome,2548235,2550433,2199,MEG_1704|Multi-compound|Biocide_and_metal_resistance|Biocide_and_metal_resistance_protein|CHR,MEG_1704|Multi-compound|Biocide_and_metal_resistance|Biocide_and_metal_resistance_protein|CHR,561,2529265,2529825,+
Escherichia_coli_JM109,E.coli.JM109.final.genome,2670133,2670765,633,MEG_7867|Metals|Zinc_resistance|Zinc_resistance_regulator|ZUR,MEG_7867|Metals|Zinc_resistance|Zinc_resistance_regulator|ZUR,576,2649525,2650100,+
Escherichia_coli_JM109,E.coli.JM109.final.genome,2717755,2718180,426,MEG_2859|Drugs|MLS|23S_rRNA_methyltransferases|ERMX,MEG_2859|Drugs|MLS|23S_rRNA_methyltransferases|ERMX,855,2697090,2697944,+
Escherichia_coli_JM109,E.coli.JM109.final.genome,2738745,2741849,3105,MEG_9723|Drugs|betalactams|Class_D_betalactamases|OXA,MEG_9723|Drugs|betalactams|Class_D_betalactamases|OXA,870,2718509,2719378,+
Escherichia_coli_JM109,E.coli.JM109.final.genome,2741861,2743018,1158,MEG_2498|Drugs|Trimethoprim|Dihydrofolate_reductase|DFRA,MEG_2498|Drugs|Trimethoprim|Dihydrofolate_reductase|DFRA,474,2719390,2719863,+
Escherichia_coli_JM109,E.coli.JM109.final.genome,2743417,2744079,663,MEG_3295|Drugs|Mupirocin|Mupirocin-resistant_isoleucyl-tRNA_synthetase|ILES,MEG_3295|Drugs|Mupirocin|Mupirocin-resistant_isoleucyl-tRNA_synthetase|ILES,3324,2720262,2723585,+
Escherichia_coli_JM109,E.coli.JM109.final.genome,2771081,2771395,315,MEG_3731|Drugs|Lipopeptides|Colistin_phosphoethanolamine_transferase|MCR,MEG_3731|Drugs|Lipopeptides|Colistin_phosphoethanolamine_transferase|MCR,1620,2750587,2752206,+
Escherichia_coli_JM109,E.coli.JM109.final.genome,2941726,2942490,765,MEG_11242|Drugs|Fosfomycin|Fosfomycin_thiol_transferases|FOSA,MEG_11242|Drugs|Fosfomycin|Fosfomycin_thiol_transferases|FOSA,423,2922537,2922959,+
Escherichia_coli_JM109,E.coli.JM109.final.genome,2954085,2954906,822,MEG_10190|Drugs|Tetracyclines|Tetracycline_resistance_ABC_efflux_pumps|TETB60,MEG_10190|Drugs|Tetracyclines|Tetracycline_resistance_ABC_efflux_pumps|TETB60,1740,2934554,2936293,+
Escherichia_coli_JM109,E.coli.JM109.final.genome,2974893,2975690,798,MEG_8576|Drugs|betalactams|Class_C_betalactamases|PDC,MEG_8576|Drugs|betalactams|Class_C_betalactamases|PDC,1194,2956280,2957473,+
Escherichia_coli_JM109,E.coli.JM109.final.genome,2979966,2980107,142,MEG_5224|Drugs|betalactams|Class_D_betalactamases|OXA,MEG_5224|Drugs|betalactams|Class_D_betalactamases|OXA,828,2961749,2962576,+
Escherichia_coli_JM109,E.coli.JM109.final.genome,2988540,2988932,393,MEG_11304|Drugs|Trimethoprim|Dihydrofolate_reductase|DFRA,MEG_11304|Drugs|Trimethoprim|Dihydrofolate_reductase|DFRA,495,2971009,2971503,+
Escherichia_coli_JM109,E.coli.JM109.final.genome,3021845,3023337,1493,MEG_3072|Drugs|Fusidic_acid|Fusidic_acid_esterases|FUSF,MEG_3072|Drugs|Fusidic_acid|Fusidic_acid_esterases|FUSF,645,3004416,3005060,+
Escherichia_coli_JM109,E.coli.JM109.final.genome,3119394,3120104,711,MEG_11360|Metals|Arsenic_resistance|Arsenic_resistance_N-acetyltransferases|ARSN2,MEG_11360|Metals|Arsenic_resistance|Arsenic_resistance_N-acetyltransferases|ARSN2,495,3101117,3101611,+
Escherichia_coli_JM109,E.coli.JM109.final.genome,3291827,3292855,1029,MEG_3153|Drugs|betalactams|Class_B_betalactamases|GOB,MEG_3153|Drugs|betalactams|Class_B_betalactamases|GOB,756,3273334,3274089,+
Escherichia_coli_JM109,E.coli.JM109.final.genome,3331071,3331232,162,MEG_3885|Metals|Mercury_resistance|Mercury_resistance_regulator|MERR1,MEG_3885|Metals|Mercury_resistance|Mercury_resistance_regulator|MERR1,399,3312305,3312703,+
Escherichia_coli_JM109,E.coli.JM109.final.genome,3332403,3332569,167,MEG_10088|Drugs|Rifampin|RNA_polymerase_protection_protein|HELR,MEG_10088|Drugs|Rifampin|RNA_polymerase_protection_protein|HELR,2169,3313874,3316042,+
Escherichia_coli_JM109,E.coli.JM109.final.genome,3347935,3349473,1539,MEG_2875|Biocides|Phenolic_compound_resistance|Phenolic_resistance_protein|FABI,MEG_2875|Biocides|Phenolic_compound_resistance|Phenolic_resistance_protein|FABI,789,3331408,3332196,+
Escherichia_coli_JM109,E.coli.JM109.final.genome,3349490,3350662,1173,MEG_7847|Metals|Zinc_resistance|Zinc_resistance_protein|ZIAA,MEG_7847|Metals|Zinc_resistance|Zinc_resistance_protein|ZIAA,2166,3332213,3334378,+
Escherichia_coli_JM109,E.coli.JM109.final.genome,3350789,3351319,531,MEG_4180|Drugs|Metronidazole|nim_nitroimidazole_reductase|NIMB,MEG_4180|Drugs|Metronidazole|nim_nitroimidazole_reductase|NIMB,495,3334505,3334999,+
Escherichia_coli_JM109,E.coli.JM109.final.genome,3412029,3412712,684,MEG_4053|Drugs|Cationic_antimicrobial_peptides|Defensin-resistant_mprF|MPRF,MEG_4053|Drugs|Cationic_antimicrobial_peptides|Defensin-resistant_mprF|MPRF,2544,3395709,3398252,+
Escherichia_coli_JM109,E.coli.JM109.final.genome,3550209,3550685,477,MEG_6550|Biocides|Multi-biocide_resistance|Multi-biocide_resistance_regulator|SOXRB,MEG_6550|Biocides|Multi-biocide_resistance|Multi-biocide_resistance_regulator|SOXRB,465,3535749,3536213,+
Escherichia_coli_JM109,E.coli.JM109.final.genome,3571371,3574484,3114,MEG_6540|Biocides|Peroxide_resistance|peroxide_resistance_protein|SODA,MEG_6540|Biocides|Peroxide_resistance|peroxide_resistance_protein|SODA,621,3556899,3557519,+
Escherichia_coli_JM109,E.coli.JM109.final.genome,3605883,3607187,1305,MEG_4383|Drugs|Tetracyclines|Tetracycline_resistance_ABC_efflux_pumps|OTRC,MEG_4383|Drugs|Tetracyclines|Tetracycline_resistance_ABC_efflux_pumps|OTRC,1056,3588918,3589973,+
Escherichia_coli_JM109,E.coli.JM109.final.genome,3642583,3643821,1239,MEG_6089|Drugs|Rifampin|Rifampin_phosphotransferase|RPH,MEG_6089|Drugs|Rifampin|Rifampin_phosphotransferase|RPH,2655,3625369,3628023,+
Escherichia_coli_JM109,E.coli.JM109.final.genome,3667322,3670915,3594,MEG_11365|Metals|Arsenic_resistance|Arsenic_resistance_N-acetyltransferases|ARSN2,MEG_11365|Metals|Arsenic_resistance|Arsenic_resistance_N-acetyltransferases|ARSN2,429,3651524,3651952,+
Escherichia_coli_JM109,E.coli.JM109.final.genome,3670920,3671534,615,MEG_7604|Drugs|Glycopeptides|VanD-type_accessory_protein|VANYD,MEG_7604|Drugs|Glycopeptides|VanD-type_accessory_protein|VANYD,1069,3651957,3653025,+
Escherichia_coli_JM109,E.coli.JM109.final.genome,3671950,3674651,2702,MEG_8552|Drugs|betalactams|Class_C_betalactamases|PDC,MEG_8552|Drugs|betalactams|Class_C_betalactamases|PDC,1194,3653441,3654634,+
Escherichia_coli_JM109,E.coli.JM109.final.genome,3788449,3789417,969,MEG_7846|Metals|Zinc_resistance|Zinc_resistance_protein|ZEVB,MEG_7846|Metals|Zinc_resistance|Zinc_resistance_protein|ZEVB,969,3768432,3769400,+
Escherichia_coli_JM109,E.coli.JM109.final.genome,3844018,3844261,244,MEG_1581|Drugs|Phenicol|Chloramphenicol_acetyltransferases|CATA,MEG_1581|Drugs|Phenicol|Chloramphenicol_acetyltransferases|CATA,648,3824001,3824648,+
Escherichia_coli_JM109,E.coli.JM109.final.genome,3844558,3844781,224,MEG_6629|Drugs|Sulfonamides|Sulfonamide-resistant_dihydropteroate_synthases|SULII,MEG_6629|Drugs|Sulfonamides|Sulfonamide-resistant_dihydropteroate_synthases|SULII,816,3824945,3825760,+
Escherichia_coli_JM109,E.coli.JM109.final.genome,3847873,3849516,1644,MEG_8779|Drugs|Lipopeptides|Colistin_phosphoethanolamine_transferase|MCR,MEG_8779|Drugs|Lipopeptides|Colistin_phosphoethanolamine_transferase|MCR,1626,3828852,3830477,+
Escherichia_coli_JM109,E.coli.JM109.final.genome,3876614,3877804,1191,MEG_308|Drugs|Aminoglycosides|Aminoglycoside_N-acetyltransferases|AAC6-PRIME,MEG_308|Drugs|Aminoglycosides|Aminoglycoside_N-acetyltransferases|AAC6-PRIME,570,3857575,3858144,+
Escherichia_coli_JM109,E.coli.JM109.final.genome,3969076,3969414,339,MEG_2771|Drugs|MLS|23S_rRNA_methyltransferases|ERM,MEG_2771|Drugs|MLS|23S_rRNA_methyltransferases|ERM,732,3949416,3950147,+
Escherichia_coli_JM109,E.coli.JM109.final.genome,3969633,3970457,825,MEG_11458|Drugs|Lipopeptides|Colistin_phosphoethanolamine_transferase|MCR,MEG_11458|Drugs|Lipopeptides|Colistin_phosphoethanolamine_transferase|MCR,1626,3950366,3951991,+
Escherichia_coli_JM109,E.coli.JM109.final.genome,3970578,3970850,273,MEG_407|Multi-compound|Drug_and_biocide_and_metal_resistance|Drug_and_biocide_and_metal_RND_efflux_pumps|ACRD,MEG_407|Multi-compound|Drug_and_biocide_and_metal_resistance|Drug_and_biocide_and_metal_RND_efflux_pumps|ACRD,3114,3952112,3955225,+
Escherichia_coli_JM109,E.coli.JM109.final.genome,3992573,3994695,2123,MEG_6637|Drugs|Sulfonamides|Sulfonamide-resistant_dihydropteroate_synthases|SULII,MEG_6637|Drugs|Sulfonamides|Sulfonamide-resistant_dihydropteroate_synthases|SULII,816,3976948,3977763,+
Escherichia_coli_JM109,E.coli.JM109.final.genome,3996108,4003555,7448,MEG_2515|Drugs|Trimethoprim|Dihydrofolate_reductase|DFRA,MEG_2515|Drugs|Trimethoprim|Dihydrofolate_reductase|DFRA,474,3979176,3979649,+
Escherichia_coli_JM109,E.coli.JM109.final.genome,4015959,4017811,1853,MEG_2096|Metals|Cobalt_resistance|Cobalt_transporting_ATPase|CORT,MEG_2096|Metals|Cobalt_resistance|Cobalt_transporting_ATPase|CORT,1929,3992053,3993981,+
Escherichia_coli_JM109,E.coli.JM109.final.genome,4057957,4059123,1167,MEG_11395|Drugs|Fosfomycin|Fosfomycin_thiol_transferases|FOSS,MEG_11395|Drugs|Fosfomycin|Fosfomycin_thiol_transferases|FOSS,417,4034127,4034543,+
Escherichia_coli_JM109,E.coli.JM109.final.genome,4097913,4099318,1406,MEG_6013|Drugs|Fluoroquinolones|Quinolone_resistance_protein_Qnr|QNRD,MEG_6013|Drugs|Fluoroquinolones|Quinolone_resistance_protein_Qnr|QNRD,645,4073333,4073977,+
Escherichia_coli_JM109,E.coli.JM109.final.genome,4115545,4116195,651,MEG_6564|Biocides|Multi-biocide_resistance|Multi-biocide_RND_efflux_regulator|SRPS,MEG_6564|Biocides|Multi-biocide_resistance|Multi-biocide_RND_efflux_regulator|SRPS,780,4090204,4090983,+
Escherichia_coli_JM109,E.coli.JM109.final.genome,4122329,4122502,174,MEG_7262|Drugs|Nucleosides|Tunicamycin_resistance_protein|TMRB,MEG_7262|Drugs|Nucleosides|Tunicamycin_resistance_protein|TMRB,594,4097117,4097710,+
Escherichia_coli_JM109,E.coli.JM109.final.genome,4132357,4132584,228,MEG_1575|Drugs|Phenicol|Chloramphenicol_acetyltransferases|CATA,MEG_1575|Drugs|Phenicol|Chloramphenicol_acetyltransferases|CATA,648,4107565,4108212,+
Escherichia_coli_JM109,E.coli.JM109.final.genome,4197528,4198274,747,MEG_4365|Multi-compound|Drug_and_biocide_resistance|Drug_and_biocide_RND_efflux_pumps|OQXB,MEG_4365|Multi-compound|Drug_and_biocide_resistance|Drug_and_biocide_RND_efflux_pumps|OQXB,3153,4173156,4176308,+
Escherichia_coli_JM109,E.coli.JM109.final.genome,4212595,4214132,1538,MEG_7459|Drugs|Glycopeptides|VanA-type_regulator|VANRA,MEG_7459|Drugs|Glycopeptides|VanA-type_regulator|VANRA,696,4190629,4191324,+
Escherichia_coli_JM109,E.coli.JM109.final.genome,4214211,4215143,933,MEG_6088|Drugs|Rifampin|Rifampin_phosphotransferase|RPH,MEG_6088|Drugs|Rifampin|Rifampin_phosphotransferase|RPH,2598,4191403,4194000,+
Escherichia_coli_JM109,E.coli.JM109.final.genome,4250540,4251106,567,MEG_5879|Drugs|Fluoroquinolones|Quinolone_resistance_protein_Qnr|QNRB,MEG_5879|Drugs|Fluoroquinolones|Quinolone_resistance_protein_Qnr|QNRB,645,4229397,4230041,+
Escherichia_coli_JM109,E.coli.JM109.final.genome,4411964,4413337,1374,MEG_3720|Drugs|Lipopeptides|Colistin_phosphoethanolamine_transferase|MCR,MEG_3720|Drugs|Lipopeptides|Colistin_phosphoethanolamine_transferase|MCR,1626,4390899,4392524,+
Escherichia_coli_JM109,E.coli.JM109.final.genome,4420835,4421416,582,MEG_11497|Drugs|Metronidazole|nim_nitroimidazole_reductase|NIMI,MEG_11497|Drugs|Metronidazole|nim_nitroimidazole_reductase|NIMI,498,4400022,4400519,+
Escherichia_coli_JM109,E.coli.JM109.final.genome,4483326,4484007,682,MEG_2083|Metals|Copper_resistance|Copper_resistance_regulator|COPZ,MEG_2083|Metals|Copper_resistance|Copper_resistance_regulator|COPZ,210,4462429,4462638,+
Escherichia_coli_JM109,E.coli.JM109.final.genome,4485143,4485478,336,MEG_8649|Multi-compound|Drug_and_biocide_resistance|Drug_and_biocide_SMR_efflux_pumps|QACH,MEG_8649|Multi-compound|Drug_and_biocide_resistance|Drug_and_biocide_SMR_efflux_pumps|QACH,378,4463774,4464151,+
Escherichia_coli_b2207,E.coli.b2207.final.plasmid,13158,16607,3450,MEG_2995|Drugs|Fosfomycin|Fosfomycin_thiol_transferases|FOSA,MEG_2995|Drugs|Fosfomycin|Fosfomycin_thiol_transferases|FOSA,420,13158,13577,+
Escherichia_coli_b2207,E.coli.b2207.final.genome,60261,61370,1110,MEG_7851|Metals|Zinc_resistance|Zinc_resistance_protein|ZITB,MEG_7851|Metals|Zinc_resistance|Zinc_resistance_protein|ZITB,942,60261,61202,+
Escherichia_coli_b2207,E.coli.b2207.final.genome,74333,75490,1158,MEG_4027|Drugs|MLS|Macrolide_phosphotransferases|MPH,MEG_4027|Drugs|MLS|Macrolide_phosphotransferases|MPH,891,74165,75055,+
Escherichia_coli_b2207,E.coli.b2207.final.genome,149857,151602,1746,MEG_2794|Drugs|MLS|23S_rRNA_methyltransferases|ERMB,MEG_2794|Drugs|MLS|23S_rRNA_methyltransferases|ERMB,738,149422,150159,+
Escherichia_coli_b2207,E.coli.b2207.final.genome,171642,174791,3150,MEG_3742|Multi-compound|Drug_and_biocide_and_metal_resistance|Drug_and_biocide_and_metal_MFS_efflux_pumps|MDRL,MEG_3742|Multi-compound|Drug_and_biocide_and_metal_resistance|Drug_and_biocide_and_metal_MFS_efflux_pumps|MDRL,1194,170199,171392,+
Escherichia_coli_b2207,E.coli.b2207.final.genome,174814,176007,1194,MEG_11310|Drugs|Fosfomycin|Fosfomycin_thiol_transferases|FOSA,MEG_11310|Drugs|Fosfomycin|Fosfomycin_thiol_transferases|FOSA,432,171415,171846,+
Escherichia_coli_b2207,E.coli.b2207.final.genome,199251,201755,2505,MEG_3840|Metals|Mercury_resistance|Mercury_resistance_protein|MERA,MEG_3840|Metals|Mercury_resistance|Mercury_resistance_protein|MERA,1028,195090,196117,+
Escherichia_coli_b2207,E.coli.b2207.final.genome,204369,204776,408,MEG_7276|Biocides|Phenolic_compound_resistance|Phenolic_RND_efflux_pump|TRICP,MEG_7276|Biocides|Phenolic_compound_resistance|Phenolic_RND_efflux_pump|TRICP,2748,198731,201478,+
Escherichia_coli_b2207,E.coli.b2207.final.genome,206295,207738,1444,MEG_3845|Metals|Mercury_resistance|Mercury_resistance_protein|MERA,MEG_3845|Metals|Mercury_resistance|Mercury_resistance_protein|MERA,1689,202997,204685,+
Escherichia_coli_b2207,E.coli.b2207.final.genome,268365,269381,1017,MEG_6956|Metals|Tellurium_resistance|Tellurium_resistance_protein|TERB,MEG_6956|Metals|Tellurium_resistance|Tellurium_resistance_protein|TERB,369,265312,265680,+
Escherichia_coli_b2207,E.coli.b2207.final.genome,310050,312165,2116,MEG_5823|Multi-compound|Drug_and_biocide_resistance|Drug_and_biocide_MFS_efflux_pumps|QACAB,MEG_5823|Multi-compound|Drug_and_biocide_resistance|Drug_and_biocide_MFS_efflux_pumps|QACAB,1545,306349,307893,+
Escherichia_coli_b2207,E.coli.b2207.final.genome,312322,313695,1374,MEG_1744|Multi-compound|Drug_and_biocide_and_metal_resistance|Drug_and_biocide_and_metal_RND_efflux_pumps|CMEE,MEG_1744|Multi-compound|Drug_and_biocide_and_metal_resistance|Drug_and_biocide_and_metal_RND_efflux_pumps|CMEE,741,308050,308790,+
Escherichia_coli_b2207,E.coli.b2207.final.genome,313853,314185,333,MEG_2899|Multi-compound|Biocide_and_metal_resistance|Biocide_and_metal_ABC_efflux_pumps|FETB,MEG_2899|Multi-compound|Biocide_and_metal_resistance|Biocide_and_metal_ABC_efflux_pumps|FETB,807,308948,309754,+
Escherichia_coli_b2207,E.coli.b2207.final.genome,314201,315424,1224,MEG_7671|Multi-compound|Drug_and_biocide_resistance|Drug_and_biocide_RND_efflux_pumps|VEXD,MEG_7671|Multi-compound|Drug_and_biocide_resistance|Drug_and_biocide_RND_efflux_pumps|VEXD,3051,309770,312820,+
Escherichia_coli_b2207,E.coli.b2207.final.genome,315436,318579,3144,MEG_2678|Metals|Multi-metal_resistance|Multi-metal_resistance_protein|DSBA,MEG_2678|Metals|Multi-metal_resistance|Multi-metal_resistance_protein|DSBA,627,312832,313458,+
Escherichia_coli_b2207,E.coli.b2207.final.genome,383022,384923,1902,MEG_3168|Metals|Multi-metal_resistance|Multi-metal_resistance_protein|GOLT,MEG_3168|Metals|Multi-metal_resistance|Multi-metal_resistance_protein|GOLT,2289,377901,380189,+
Escherichia_coli_b2207,E.coli.b2207.final.genome,398489,400099,1611,MEG_1571|Drugs|Phenicol|Chloramphenicol_acetyltransferases|CATA,MEG_1571|Drugs|Phenicol|Chloramphenicol_acetyltransferases|CATA,648,393755,394402,+
Escherichia_coli_b2207,E.coli.b2207.final.genome,404850,406388,1539,MEG_5954|Drugs|Fluoroquinolones|Quinolone_resistance_protein_Qnr|QNRB,MEG_5954|Drugs|Fluoroquinolones|Quinolone_resistance_protein_Qnr|QNRB,645,399153,399797,+
Escherichia_coli_b2207,E.coli.b2207.final.genome,406413,407235,823,MEG_2714|Biocides|Quaternary_Ammonium_Compounds_(QACs)_resistance|QAC_efflux_pump|EMEA,MEG_2714|Biocides|Quaternary_Ammonium_Compounds_(QACs)_resistance|QAC_efflux_pump|EMEA,1182,399822,401003,+
Escherichia_coli_b2207,E.coli.b2207.final.genome,432228,432371,144,MEG_3272|Metals|Nickel_resistance|Nickel_resistance_protein|HOXN,MEG_3272|Metals|Nickel_resistance|Nickel_resistance_protein|HOXN,1056,425996,427051,+
Escherichia_coli_b2207,E.coli.b2207.final.genome,436333,437010,678,MEG_498|Multi-compound|Biocide_and_metal_resistance|Biocide_and_metal_resistance_protein|ACTA,MEG_498|Multi-compound|Biocide_and_metal_resistance|Biocide_and_metal_resistance_protein|ACTA,1626,431013,432638,+
Escherichia_coli_b2207,E.coli.b2207.final.genome,498945,499886,942,MEG_4172|Metals|Nickel_resistance|Nickel_ABC_efflux_pumps|NIKD,MEG_4172|Metals|Nickel_resistance|Nickel_ABC_efflux_pumps|NIKD,762,494573,495334,+
Escherichia_coli_b2207,E.coli.b2207.final.genome,508919,509707,789,MEG_11494|Drugs|Metronidazole|nim_nitroimidazole_reductase|NIMI,MEG_11494|Drugs|Metronidazole|nim_nitroimidazole_reductase|NIMI,498,504367,504864,+
Escherichia_coli_b2207,E.coli.b2207.final.genome,510152,511615,1464,MEG_3861|Metals|Mercury_resistance|Mercury_resistance_regulator|MERD,MEG_3861|Metals|Mercury_resistance|Mercury_resistance_regulator|MERD,366,505309,505674,+
Escherichia_coli_b2207,E.coli.b2207.final.genome,511617,512675,1059,MEG_2842|Drugs|MLS|23S_rRNA_methyltransferases|ERMQ,MEG_2842|Drugs|MLS|23S_rRNA_methyltransferases|ERMQ,787,505676,506462,+
Escherichia_coli_b2207,E.coli.b2207.final.genome,568246,568713,468,MEG_7830|Multi-compound|Biocide_and_metal_resistance|Biocide_and_metal_resistance_protein|YGIW,MEG_7830|Multi-compound|Biocide_and_metal_resistance|Biocide_and_metal_resistance_protein|YGIW,351,562033,562383,+
Escherichia_coli_b2207,E.coli.b2207.final.genome,598736,599968,1233,MEG_11505|Drugs|Metronidazole|nim_nitroimidazole_reductase|NIMF,MEG_11505|Drugs|Metronidazole|nim_nitroimidazole_reductase|NIMF,492,592406,592897,+
Escherichia_coli_b2207,E.coli.b2207.final.genome,606247,606969,723,MEG_2916|Drugs|Phenicol|Phenicol_resistance_MFS_efflux_pumps|FLOR,MEG_2916|Drugs|Phenicol|Phenicol_resistance_MFS_efflux_pumps|FLOR,1215,599176,600390,+
Escherichia_coli_b2207,E.coli.b2207.final.genome,706174,706618,445,MEG_4189|Drugs|Metronidazole|nim_nitroimidazole_reductase|NIMI,MEG_4189|Drugs|Metronidazole|nim_nitroimidazole_reductase|NIMI,457,699595,700051,+
Escherichia_coli_b2207,E.coli.b2207.final.genome,782629,784377,1749,MEG_3080|Biocides|Acid_resistance|Acid_resistance_regulator|GADE,MEG_3080|Biocides|Acid_resistance|Acid_resistance_regulator|GADE,528,776062,776589,+
Escherichia_coli_b2207,E.coli.b2207.final.genome,835027,836104,1078,MEG_2562|Drugs|Trimethoprim|Dihydrofolate_reductase|DFRB,MEG_2562|Drugs|Trimethoprim|Dihydrofolate_reductase|DFRB,237,827239,827475,+
Escherichia_coli_b2207,E.coli.b2207.final.genome,970364,971590,1227,MEG_1231|Metals|Copper_resistance|Copper_resistance_regulator|BHSA,MEG_1231|Metals|Copper_resistance|Copper_resistance_regulator|BHSA,258,961735,961992,+
Escherichia_coli_b2207,E.coli.b2207.final.genome,980219,981427,1209,MEG_6960|Metals|Tellurium_resistance|Tellurium_resistance_protein|TERW,MEG_6960|Metals|Tellurium_resistance|Tellurium_resistance_protein|TERW,468,970621,971088,+
Escherichia_coli_b2207,E.coli.b2207.final.genome,1024302,1024934,633,MEG_6162|Drugs|Nucleosides|Streptothricin_acetyltransferase|SAT,MEG_6162|Drugs|Nucleosides|Streptothricin_acetyltransferase|SAT,522,1013963,1014484,+
Escherichia_coli_b2207,E.coli.b2207.final.genome,1025175,1025432,258,MEG_5962|Drugs|Fluoroquinolones|Quinolone_resistance_protein_Qnr|QNRB,MEG_5962|Drugs|Fluoroquinolones|Quinolone_resistance_protein_Qnr|QNRB,648,1014725,1015372,+
Escherichia_coli_b2207,E.coli.b2207.final.genome,1068455,1068721,267,MEG_2918|Drugs|Phenicol|Phenicol_resistance_MFS_efflux_pumps|FLOR,MEG_2918|Drugs|Phenicol|Phenicol_resistance_MFS_efflux_pumps|FLOR,1215,1058395,1059609,+
Escherichia_coli_b2207,E.coli.b2207.final.genome,1094751,1095287,537,MEG_4402|Drugs|betalactams|Class_D_betalactamases|OXA,MEG_4402|Drugs|betalactams|Class_D_betalactamases|OXA,762,1085639,1086400,+
Escherichia_coli_b2207,E.coli.b2207.final.genome,1095427,1096968,1542,MEG_7537|Drugs|Glycopeptides|VanA-type_accessory_protein|VANWA,MEG_7537|Drugs|Glycopeptides|VanA-type_accessory_protein|VANWA,816,1086540,1087355,+
Escherichia_coli_b2207,E.coli.b2207.final.genome,1121043,1121321,279,MEG_4220|Metals|Nickel_resistance|Nickel_resistance_regulator|NRSR,MEG_4220|Metals|Nickel_resistance|Nickel_resistance_regulator|NRSR,705,1111430,1112134,+
Escherichia_coli_b2207,E.coli.b2207.final.genome,1133002,1134102,1101,MEG_7323|Metals|Tungsten_Resistance|Tungsten_ABC_efflux_pumps|TUPA,MEG_7323|Metals|Tungsten_Resistance|Tungsten_ABC_efflux_pumps|TUPA,861,1123815,1124675,+
Escherichia_coli_b2207,E.coli.b2207.final.genome,1154762,1155175,414,MEG_1195|Multi-compound|Drug_and_biocide_and_metal_resistance|Drug_and_biocide_and_metal_RND_efflux_regulator|BAES,MEG_1195|Multi-compound|Drug_and_biocide_and_metal_resistance|Drug_and_biocide_and_metal_RND_efflux_regulator|BAES,1401,1145335,1146735,+
Escherichia_coli_b2207,E.coli.b2207.final.genome,1267383,1268171,789,MEG_8063|Drugs|Trimethoprim|Dihydrofolate_reductase|DFRA,MEG_8063|Drugs|Trimethoprim|Dihydrofolate_reductase|DFRA,588,1258943,1259530,+
Escherichia_coli_b2207,E.coli.b2207.final.genome,1392215,1393797,1583,MEG_1748|Multi-compound|Drug_and_biocide_and_metal_resistance|Drug_and_biocide_and_metal_RND_efflux_regulator|CMER,MEG_1748|Multi-compound|Drug_and_biocide_and_metal_resistance|Drug_and_biocide_and_metal_RND_efflux_regulator|CMER,633,1383574,1384206,+
Escherichia_coli_b2207,E.coli.b2207.final.genome,1464864,1466399,1536,MEG_1209|Multi-compound|Drug_and_biocide_resistance|Drug_and_biocide_MFS_efflux_pumps|BCR,MEG_1209|Multi-compound|Drug_and_biocide_resistance|Drug_and_biocide_MFS_efflux_pumps|BCR,1134,1455273,1456406,+
Escherichia_coli_b2207,E.coli.b2207.final.genome,1466555,1467951,1397,MEG_1186|Multi-compound|Drug_and_biocide_resistance|Drug_and_biocide_RND_efflux_pumps|AXY,MEG_1186|Multi-compound|Drug_and_biocide_resistance|Drug_and_biocide_RND_efflux_pumps|AXY,1176,1456562,1457737,+
Escherichia_coli_b2207,E.coli.b2207.final.genome,1478829,1479590,762,MEG_1146|Metals|Arsenic_resistance|Arsenic_resistance_protein|ARSB,MEG_1146|Metals|Arsenic_resistance|Arsenic_resistance_protein|ARSB,1041,1468615,1469655,+
Escherichia_coli_b2207,E.coli.b2207.final.genome,1480110,1482389,2280,MEG_3255|Biocides|Acid_resistance|Acid_resistance_protein|HDEB,MEG_3255|Biocides|Acid_resistance|Acid_resistance_protein|HDEB,339,1470175,1470513,+
Escherichia_coli_b2207,E.coli.b2207.final.genome,1516356,1516790,435,MEG_11439|Multi-compound|Drug_and_biocide_and_metal_resistance|Drug_and_biocide_and_metal_RND_efflux_pumps|CMEB,MEG_11439|Multi-compound|Drug_and_biocide_and_metal_resistance|Drug_and_biocide_and_metal_RND_efflux_pumps|CMEB,3123,1504480,1507602,+
Escherichia_coli_b2207,E.coli.b2207.final.genome,1516804,1517193,390,MEG_6047|Drugs|Rifampin|RNA-polymerase_binding_protein|RBPA,MEG_6047|Drugs|Rifampin|RNA-polymerase_binding_protein|RBPA,345,1507616,1507960,+
Escherichia_coli_b2207,E.coli.b2207.final.genome,1521340,1521732,393,MEG_3729|Drugs|Lipopeptides|Colistin_phosphoethanolamine_transferase|MCR,MEG_3729|Drugs|Lipopeptides|Colistin_phosphoethanolamine_transferase|MCR,1626,1512107,1513732,+
Escherichia_coli_b2207,E.coli.b2207.final.genome,1552245,1552580,336,MEG_11236|Drugs|Fluoroquinolones|Quinolone_resistance_protein_Qnr|QNRE,MEG_11236|Drugs|Fluoroquinolones|Quinolone_resistance_protein_Qnr|QNRE,645,1544245,1544889,+
Escherichia_coli_b2207,E.coli.b2207.final.genome,1553716,1554397,682,MEG_3753|Multi-compound|Drug_and_biocide_resistance|Drug_and_biocide_MFS_efflux_pumps|MDTG,MEG_3753|Multi-compound|Drug_and_biocide_resistance|Drug_and_biocide_MFS_efflux_pumps|MDTG,1227,1546025,1547251,+
Escherichia_coli_b2207,E.coli.b2207.final.genome,1616271,1616852,582,MEG_3001|Drugs|Fosfomycin|Fosfomycin_thiol_transferases|FOSA,MEG_3001|Drugs|Fosfomycin|Fosfomycin_thiol_transferases|FOSA,420,1609125,1609544,+
Escherichia_coli_b2207,E.coli.b2207.final.genome,1624423,1625796,1374,MEG_11333|Metals|Multi-metal_resistance|Multi-metal_resistance_protein|CADA,MEG_11333|Metals|Multi-metal_resistance|Multi-metal_resistance_protein|CADA,2118,1617115,1619232,+
Escherichia_coli_b2207,E.coli.b2207.final.genome,1787745,1788311,567,MEG_7227|Drugs|Tetracyclines|Tetracycline_resistance_ribosomal_protection_proteins|TETW,MEG_7227|Drugs|Tetracyclines|Tetracycline_resistance_ribosomal_protection_proteins|TETW,1920,1781181,1783100,+
Escherichia_coli_b2207,E.coli.b2207.final.genome,1823708,1824640,933,MEG_2931|Drugs|Phenicol|Phenicol_resistance_MFS_efflux_pumps|FLOR,MEG_2931|Drugs|Phenicol|Phenicol_resistance_MFS_efflux_pumps|FLOR,1215,1818497,1819711,+
Escherichia_coli_b2207,E.coli.b2207.final.genome,1824719,1826256,1538,MEG_4187|Drugs|Metronidazole|nim_nitroimidazole_reductase|NIMH,MEG_4187|Drugs|Metronidazole|nim_nitroimidazole_reductase|NIMH,458,1819790,1820247,+
Escherichia_coli_b2207,E.coli.b2207.final.genome,1840577,1841323,747,MEG_7861|Metals|Zinc_resistance|Zinc_resistance_regulator|ZRAR,MEG_7861|Metals|Zinc_resistance|Zinc_resistance_regulator|ZRAR,1314,1834568,1835881,+
Escherichia_coli_b2207,E.coli.b2207.final.genome,1904213,1904440,228,MEG_5891|Drugs|Fluoroquinolones|Quinolone_resistance_protein_Qnr|QNRB,MEG_5891|Drugs|Fluoroquinolones|Quinolone_resistance_protein_Qnr|QNRB,645,1898771,1899415,+
Escherichia_coli_b2207,E.coli.b2207.final.genome,1920526,1921176,651,MEG_2030|Metals|Copper_resistance|Copper_resistance_protein|COPA,MEG_2030|Metals|Copper_resistance|Copper_resistance_protein|COPA,2184,1915501,1917684,+
Escherichia_coli_b2207,E.coli.b2207.final.genome,1927225,1930816,3592,MEG_2136|Metals|Copper_resistance|Copper_resistance_regulator|CSOR,MEG_2136|Metals|Copper_resistance|Copper_resistance_regulator|CSOR,306,1923733,1924038,+
Escherichia_coli_b2207,E.coli.b2207.final.genome,1963045,1964450,1406,MEG_8780|Drugs|Lipopeptides|Colistin_phosphoethanolamine_transferase|MCR,MEG_8780|Drugs|Lipopeptides|Colistin_phosphoethanolamine_transferase|MCR,1626,1956267,1957892,+
Escherichia_coli_b2207,E.coli.b2207.final.genome,2021603,2022769,1167,MEG_6516|Multi-compound|Biocide_and_metal_resistance|Biocide_and_metal_ABC_efflux_pumps|SITD,MEG_6516|Multi-compound|Biocide_and_metal_resistance|Biocide_and_metal_ABC_efflux_pumps|SITD,849,2015045,2015893,+
Escherichia_coli_b2207,E.coli.b2207.final.genome,2062383,2064236,1854,MEG_3132|Multi-compound|Drug_and_biocide_and_metal_resistance|Drug_and_biocide_and_metal_RND_efflux_pumps|GESA,MEG_3132|Multi-compound|Drug_and_biocide_and_metal_resistance|Drug_and_biocide_and_metal_RND_efflux_pumps|GESA,1227,2055507,2056733,+
Escherichia_coli_b2207,E.coli.b2207.final.genome,2075907,2083354,7448,MEG_6170|Drugs|Nucleosides|Streptothricin_acetyltransferase|SAT,MEG_6170|Drugs|Nucleosides|Streptothricin_acetyltransferase|SAT,543,2068404,2068946,+
Escherichia_coli_b2207,E.coli.b2207.final.genome,2084767,2086889,2123,MEG_8857|Drugs|betalactams|Class_A_betalactamases|CTX,MEG_8857|Drugs|betalactams|Class_A_betalactamases|CTX,876,2070359,2071234,+
Escherichia_coli_b2207,E.coli.b2207.final.genome,2106292,2106564,273,MEG_3693|Drugs|Lipopeptides|Colistin_phosphoethanolamine_transferase|MCR,MEG_3693|Drugs|Lipopeptides|Colistin_phosphoethanolamine_transferase|MCR,1698,2090637,2092334,+
Escherichia_coli_b2207,E.coli.b2207.final.genome,2106685,2107509,825,MEG_7482|Drugs|Glycopeptides|VanL-type_regulator|VANRI,MEG_7482|Drugs|Glycopeptides|VanL-type_regulator|VANRI,699,2092455,2093153,+
Escherichia_coli_b2207,E.coli.b2207.final.genome,2107728,2108066,339,MEG_2807|Drugs|MLS|23S_rRNA_methyltransferases|ERMB,MEG_2807|Drugs|MLS|23S_rRNA_methyltransferases|ERMB,735,2093372,2094106,+
Escherichia_coli_b2207,E.coli.b2207.final.genome,2200269,2201459,1191,MEG_2914|Drugs|Phenicol|Phenicol_resistance_MFS_efflux_pumps|FLOR,MEG_2914|Drugs|Phenicol|Phenicol_resistance_MFS_efflux_pumps|FLOR,1215,2186309,2187523,+
Escherichia_coli_b2207,E.coli.b2207.final.genome,2227359,2229002,1644,MEG_8216|Drugs|betalactams|Class_A_betalactamases|LEN,MEG_8216|Drugs|betalactams|Class_A_betalactamases|LEN,861,2213423,2214283,+
Escherichia_coli_b2207,E.coli.b2207.final.genome,2232094,2232317,224,MEG_3285|Metals|Nickel_resistance|Nickel_resistance_protein|HUPN,MEG_3285|Metals|Nickel_resistance|Nickel_resistance_protein|HUPN,327,2217375,2217701,+
Escherichia_coli_b2207,E.coli.b2207.final.genome,2232614,2232857,244,MEG_110|Drugs|Aminoglycosides|Aminoglycoside_N-acetyltransferases|AAC6-PRIME,MEG_110|Drugs|Aminoglycosides|Aminoglycoside_N-acetyltransferases|AAC6-PRIME,441,2217998,2218438,+
Escherichia_coli_b2207,E.coli.b2207.final.genome,2287459,2288427,969,MEG_6562|Metals|Chromium_resistance|Chromium_resistance_protein|SRPCC,MEG_6562|Metals|Chromium_resistance|Chromium_resistance_protein|SRPCC,1182,2273040,2274221,+
Escherichia_coli_b2207,E.coli.b2207.final.genome,2390785,2393486,2702,MEG_6017|Drugs|Fluoroquinolones|Quinolone_resistance_protein_Qnr|QNRS,MEG_6017|Drugs|Fluoroquinolones|Quinolone_resistance_protein_Qnr|QNRS,657,2376579,2377235,+
Escherichia_coli_b2207,E.coli.b2207.final.genome,2393902,2394516,615,MEG_7865|Multi-compound|Biocide_and_metal_resistance|Biocide_and_metal_resistance_protein|ZUPT,MEG_7865|Multi-compound|Biocide_and_metal_resistance|Biocide_and_metal_resistance_protein|ZUPT,798,2377651,2378448,+
Escherichia_coli_b2207,E.coli.b2207.final.genome,2394521,2398114,3594,MEG_7859|Metals|Zinc_resistance|Zinc_resistance_protein|ZNUC,MEG_7859|Metals|Zinc_resistance|Zinc_resistance_protein|ZNUC,756,2378453,2379208,+
Escherichia_coli_b2207,E.coli.b2207.final.genome,2421615,2422853,1239,MEG_6957|Metals|Tellurium_resistance|Tellurium_resistance_protein|TERC,MEG_6957|Metals|Tellurium_resistance|Tellurium_resistance_protein|TERC,1041,2402709,2403749,+
Escherichia_coli_b2207,E.coli.b2207.final.genome,2456900,2458204,1305,MEG_2802|Drugs|MLS|23S_rRNA_methyltransferases|ERMB,MEG_2802|Drugs|MLS|23S_rRNA_methyltransferases|ERMB,738,2437796,2438533,+
Escherichia_coli_b2207,E.coli.b2207.final.genome,2489603,2492716,3114,MEG_6591|Drugs|Sulfonamides|Sulfonamide-resistant_dihydropteroate_synthases|SULI,MEG_6591|Drugs|Sulfonamides|Sulfonamide-resistant_dihydropteroate_synthases|SULI,927,2469932,2470858,+
Escherichia_coli_b2207,E.coli.b2207.final.genome,2513402,2513878,477,MEG_7592|Drugs|Glycopeptides|VanA-type_accessory_protein|VANYA,MEG_7592|Drugs|Glycopeptides|VanA-type_accessory_protein|VANYA,894,2491544,2492437,+
Escherichia_coli_b2207,E.coli.b2207.final.genome,2652715,2653398,684,MEG_7093|Drugs|Tetracyclines|Tetracycline_resistance_MFS_efflux_pumps|TETL,MEG_7093|Drugs|Tetracyclines|Tetracycline_resistance_MFS_efflux_pumps|TETL,1377,2631274,2632650,+
Escherichia_coli_b2207,E.coli.b2207.final.genome,2692084,2692614,531,MEG_1586|Drugs|Phenicol|Chloramphenicol_acetyltransferases|CATA,MEG_1586|Drugs|Phenicol|Chloramphenicol_acetyltransferases|CATA,648,2671336,2671983,+
Escherichia_coli_b2207,E.coli.b2207.final.genome,2692741,2693913,1173,MEG_689|Multi-compound|Drug_and_biocide_resistance|Drug_and_biocide_RND_efflux_pumps|ADEI,MEG_689|Multi-compound|Drug_and_biocide_resistance|Drug_and_biocide_RND_efflux_pumps|ADEI,1251,2672110,2673360,+
Escherichia_coli_b2207,E.coli.b2207.final.genome,2693930,2695468,1539,MEG_1779|Drugs|Multi-drug_resistance|Multi-drug_MFS_efflux_pumps|CMR,MEG_1779|Drugs|Multi-drug_resistance|Multi-drug_MFS_efflux_pumps|CMR,1380,2673377,2674756,+
Escherichia_coli_b2207,E.coli.b2207.final.genome,2747870,2748893,1024,MEG_1156|Metals|Arsenic_resistance|Arsenic_resistance_protein|ARSC,MEG_1156|Metals|Arsenic_resistance|Arsenic_resistance_protein|ARSC,396,2727158,2727553,+
Escherichia_coli_b2207,E.coli.b2207.final.genome,2927458,2928168,711,MEG_7855|Metals|Zinc_resistance|Zinc_resistance_protein|ZNUA,MEG_7855|Metals|Zinc_resistance|Zinc_resistance_protein|ZNUA,987,2906118,2907104,+
Escherichia_coli_b2207,E.coli.b2207.final.genome,3105187,3106679,1493,MEG_11307|Drugs|Trimethoprim|Dihydrofolate_reductase|DFRB,MEG_11307|Drugs|Trimethoprim|Dihydrofolate_reductase|DFRB,237,3084123,3084359,+
Escherichia_coli_b2207,E.coli.b2207.final.genome,3139592,3139984,393,MEG_7101|Drugs|Tetracyclines|Tetracycline_resistance_MFS_efflux_pumps|TETL,MEG_7101|Drugs|Tetracyclines|Tetracycline_resistance_MFS_efflux_pumps|TETL,1377,3117272,3118648,+
Escherichia_coli_b2207,E.coli.b2207.final.genome,3148417,3149904,1488,MEG_3253|Biocides|Acid_resistance|Acid_resistance_protein|HDEA,MEG_3253|Biocides|Acid_resistance|Acid_resistance_protein|HDEA,333,3127081,3127413,+
Escherichia_coli_b2207,E.coli.b2207.final.genome,3152834,3153631,798,MEG_7370|Drugs|Glycopeptides|VanC-type_resistance_protein|VANC,MEG_7370|Drugs|Glycopeptides|VanC-type_resistance_protein|VANC,1032,3130343,3131374,+
Escherichia_coli_b2207,E.coli.b2207.final.genome,3173525,3174346,822,MEG_7400|Drugs|Glycopeptides|VanA-type_resistance_protein|VANHA,MEG_7400|Drugs|Glycopeptides|VanA-type_resistance_protein|VANHA,1047,3151268,3152314,+
Escherichia_coli_b2207,E.coli.b2207.final.genome,3185942,3186707,766,MEG_2670|Drugs|Multi-drug_resistance|Multi-drug_ABC_efflux_pumps|DRRA,MEG_2670|Drugs|Multi-drug_resistance|Multi-drug_ABC_efflux_pumps|DRRA,882,3163910,3164791,+
Escherichia_coli_b2207,E.coli.b2207.final.genome,3356799,3357113,315,MEG_2561|Drugs|Trimethoprim|Dihydrofolate_reductase|DFRB,MEG_2561|Drugs|Trimethoprim|Dihydrofolate_reductase|DFRB,237,3334883,3335119,+
Escherichia_coli_b2207,E.coli.b2207.final.genome,3385547,3386209,663,MEG_7622|Drugs|MLS|Streptogramin_A_O-acetyltransferase|VATB,MEG_7622|Drugs|MLS|Streptogramin_A_O-acetyltransferase|VATB,639,3363553,3364191,+
Escherichia_coli_b2207,E.coli.b2207.final.genome,3386608,3387765,1158,MEG_2932|Drugs|Aminoglycosides|16S_rRNA_methyltransferases|FMRO,MEG_2932|Drugs|Aminoglycosides|16S_rRNA_methyltransferases|FMRO,879,3364590,3365468,+
Escherichia_coli_b2207,E.coli.b2207.final.genome,3387777,3390881,3105,MEG_1559|Drugs|Phenicol|Chloramphenicol_acetyltransferases|CAT,MEG_1559|Drugs|Phenicol|Chloramphenicol_acetyltransferases|CAT,717,3365480,3366196,+
Escherichia_coli_b2207,E.coli.b2207.final.genome,3411425,3411850,426,MEG_5816|Metals|Arsenic_resistance|Arsenic_resistance_protein|PSTS,MEG_5816|Metals|Arsenic_resistance|Arsenic_resistance_protein|PSTS,1041,3386740,3387780,+
Escherichia_coli_b2207,E.coli.b2207.final.genome,3458838,3459470,633,MEG_7854|Metals|Zinc_resistance|Zinc_resistance_regulator|ZNTR,MEG_7854|Metals|Zinc_resistance|Zinc_resistance_regulator|ZNTR,426,3434768,3435193,+
Escherichia_coli_b2207,E.coli.b2207.final.genome,3578394,3580592,2199,MEG_1710|Metals|Chromium_resistance|Chromium_resistance_protein|CHRB1,MEG_1710|Metals|Chromium_resistance|Chromium_resistance_protein|CHRB1,975,3554117,3555091,+
Escherichia_coli_b2207,E.coli.b2207.final.genome,3585610,3590525,4916,MEG_5908|Drugs|Fluoroquinolones|Quinolone_resistance_protein_Qnr|QNRB,MEG_5908|Drugs|Fluoroquinolones|Quinolone_resistance_protein_Qnr|QNRB,645,3560109,3560753,+
Escherichia_coli_b2207,E.coli.b2207.final.genome,3590531,3590962,432,MEG_7828|Metals|Copper_resistance|Copper_resistance_protein|YFMO,MEG_7828|Metals|Copper_resistance|Copper_resistance_protein|YFMO,1191,3560759,3561949,+
Escherichia_coli_b2207,E.coli.b2207.final.genome,3608494,3608928,435,MEG_1685|Drugs|Multi-drug_resistance|MDR_23S_ribosomal_RNA_methyltransferase|CFRC,MEG_1685|Drugs|Multi-drug_resistance|MDR_23S_ribosomal_RNA_methyltransferase|CFRC,1035,3579481,3580515,+
Escherichia_coli_b2207,E.coli.b2207.final.genome,3609146,3611223,2078,MEG_731|Multi-compound|Drug_and_biocide_resistance|Drug_and_biocide_RND_efflux_pumps|AMRA,MEG_731|Multi-compound|Drug_and_biocide_resistance|Drug_and_biocide_RND_efflux_pumps|AMRA,1200,3580733,3581932,+
Escherichia_coli_b2207,E.coli.b2207.final.genome,3611278,3612207,930,MEG_5827|Multi-compound|Drug_and_biocide_resistance|Drug_and_biocide_SMR_efflux_pumps|QACE,MEG_5827|Multi-compound|Drug_and_biocide_resistance|Drug_and_biocide_SMR_efflux_pumps|QACE,333,3581987,3582319,+
Escherichia_coli_b2207,E.coli.b2207.final.genome,3612212,3612592,381,MEG_3920|Multi-compound|Drug_and_biocide_resistance|Drug_and_biocide_RND_efflux_pumps|MEXN,MEG_3920|Multi-compound|Drug_and_biocide_resistance|Drug_and_biocide_RND_efflux_pumps|MEXN,1158,3582324,3583481,+
Escherichia_coli_b2207,E.coli.b2207.final.genome,3612632,3613522,891,MEG_2867|Biocides|Acid_resistance|Acid_resistance_regulator|EVGA,MEG_2867|Biocides|Acid_resistance|Acid_resistance_regulator|EVGA,615,3583521,3584135,+
Escherichia_coli_b2207,E.coli.b2207.final.genome,3613528,3615345,1818,MEG_6021|Drugs|Fluoroquinolones|Quinolone_resistance_protein_Qnr|QNRS,MEG_6021|Drugs|Fluoroquinolones|Quinolone_resistance_protein_Qnr|QNRS,657,3584141,3584797,+
Escherichia_coli_b2207,E.coli.b2207.final.genome,3617327,3619803,2477,MEG_6140|Biocides|Multi-biocide_resistance|Multi-biocide_resistance_regulator|RPOS,MEG_6140|Biocides|Multi-biocide_resistance|Multi-biocide_resistance_regulator|RPOS,1089,3586779,3587867,+
Escherichia_coli_b2207,E.coli.b2207.final.genome,3620432,3623574,3143,MEG_2483|Drugs|Trimethoprim|Dihydrofolate_reductase|DFRA,MEG_2483|Drugs|Trimethoprim|Dihydrofolate_reductase|DFRA,498,3588496,3588993,+
Escherichia_coli_b2207,E.coli.b2207.final.genome,3623585,3624877,1293,MEG_2739|Drugs|Cationic_antimicrobial_peptides|Lipid_A_modification|EPTA,MEG_2739|Drugs|Cationic_antimicrobial_peptides|Lipid_A_modification|EPTA,1644,3589004,3590647,+
Escherichia_coli_b2207,E.coli.b2207.final.genome,3624991,3625344,354,MEG_2816|Drugs|MLS|23S_rRNA_methyltransferases|ERMC,MEG_2816|Drugs|MLS|23S_rRNA_methyltransferases|ERMC,735,3590761,3591495,+
Escherichia_coli_b2207,E.coli.b2207.final.genome,3625372,3626757,1386,MEG_4297|Biocides|Multi-biocide_resistance|Multi-biocide_RND_efflux_pump|OPRJ,MEG_4297|Biocides|Multi-biocide_resistance|Multi-biocide_RND_efflux_pump|OPRJ,1440,3591523,3592962,+
Escherichia_coli_b2207,E.coli.b2207.final.genome,3626947,3629094,2148,MEG_11303|Drugs|Trimethoprim|Dihydrofolate_reductase|DFRA,MEG_11303|Drugs|Trimethoprim|Dihydrofolate_reductase|DFRA,501,3593152,3593652,+
Escherichia_coli_b2207,E.coli.b2207.final.genome,3629346,3629777,432,MEG_1468|Biocides|Multi-biocide_resistance|Multi-biocide_resistance_regulator|BLTR,MEG_1468|Biocides|Multi-biocide_resistance|Multi-biocide_resistance_regulator|BLTR,822,3593904,3594725,+
Escherichia_coli_b2207,E.coli.b2207.final.genome,3646133,3647632,1500,MEG_10048|Drugs|Lipopeptides|Polymyxin_resistant_aminoacyl_carrier_protein|ALMF,MEG_10048|Drugs|Lipopeptides|Polymyxin_resistant_aminoacyl_carrier_protein|ALMF,237,3611081,3611317,+
Escherichia_coli_b2207,E.coli.b2207.final.genome,3657019,3657372,354,MEG_2886|Multi-compound|Drug_and_biocide_resistance|Drug_and_biocide_MFS_efflux_pumps|FARB,MEG_2886|Multi-compound|Drug_and_biocide_resistance|Drug_and_biocide_MFS_efflux_pumps|FARB,1527,3620704,3622230,+
Escherichia_coli_b2207,E.coli.b2207.final.genome,3657426,3658715,1290,MEG_11252|Metals|Arsenic_resistance|Arsenic_resistance_regulator|ARSR,MEG_11252|Metals|Arsenic_resistance|Arsenic_resistance_regulator|ARSR,321,3622284,3622604,+
Escherichia_coli_b2207,E.coli.b2207.final.genome,3658728,3659153,426,MEG_11397|Drugs|Aminoglycosides|16S_rRNA_methyltransferases|KAMC,MEG_11397|Drugs|Aminoglycosides|16S_rRNA_methyltransferases|KAMC,654,3622617,3623270,+
Escherichia_coli_b2207,E.coli.b2207.final.genome,3663257,3663595,339,MEG_1783|Drugs|Phenicol|Phenicol_resistance_MFS_efflux_pumps|CMX,MEG_1783|Drugs|Phenicol|Phenicol_resistance_MFS_efflux_pumps|CMX,1176,3627374,3628549,+
Escherichia_coli_b2207,E.coli.b2207.final.genome,3663699,3664031,333,MEG_9961|Multi-compound|Drug_and_biocide_and_metal_resistance|Drug_and_biocide_and_metal_RND_efflux_regulator|BAER,MEG_9961|Multi-compound|Drug_and_biocide_and_metal_resistance|Drug_and_biocide_and_metal_RND_efflux_regulator|BAER,723,3628653,3629375,+
Escherichia_coli_b2207,E.coli.b2207.final.genome,3665657,3666184,528,MEG_3853|Metals|Mercury_resistance|Mercury_resistance_protein|MERB,MEG_3853|Metals|Mercury_resistance|Mercury_resistance_protein|MERB,657,3631001,3631657,+
Escherichia_coli_b2207,E.coli.b2207.final.genome,3666523,3667680,1158,MEG_6010|Drugs|Fluoroquinolones|Quinolone_resistance_protein_Qnr|QNRC,MEG_6010|Drugs|Fluoroquinolones|Quinolone_resistance_protein_Qnr|QNRC,657,3631996,3632652,+
Escherichia_coli_b2207,E.coli.b2207.final.genome,3667705,3670818,3114,MEG_2084|Metals|Multi-metal_resistance|Multi-metal_resistance_protein|CORA,MEG_2084|Metals|Multi-metal_resistance|Multi-metal_resistance_protein|CORA,951,3632677,3633627,+
Escherichia_coli_b2207,E.coli.b2207.final.genome,3671181,3671909,729,MEG_3687|Drugs|Lipopeptides|Colistin_phosphoethanolamine_transferase|MCR,MEG_3687|Drugs|Lipopeptides|Colistin_phosphoethanolamine_transferase|MCR,1623,3633990,3635612,+
Escherichia_coli_b2207,E.coli.b2207.final.genome,3672277,3673101,825,MEG_1196|Drugs|Bacitracin|Undecaprenyl_pyrophosphate_phosphatase|BAHA,MEG_1196|Drugs|Bacitracin|Undecaprenyl_pyrophosphate_phosphatase|BAHA,2259,3635980,3638238,+
Escherichia_coli_b2207,E.coli.b2207.final.genome,3673471,3674871,1401,MEG_6641|Drugs|Sulfonamides|Flavin_reductase|SULR,MEG_6641|Drugs|Sulfonamides|Flavin_reductase|SULR,585,3638608,3639192,+
Escherichia_coli_b2207,E.coli.b2207.final.genome,3856917,3858107,1191,MEG_1012|Drugs|Aminoglycosides|Aminoglycoside_O-phosphotransferases|APH2-DPRIME,MEG_1012|Drugs|Aminoglycosides|Aminoglycoside_O-phosphotransferases|APH2-DPRIME,906,3821238,3822143,+
Escherichia_coli_b2207,E.coli.b2207.final.genome,3869470,3869904,435,MEG_6961|Metals|Tellurium_resistance|Tellurium_resistance_protein|TERZ,MEG_6961|Metals|Tellurium_resistance|Tellurium_resistance_protein|TERZ,585,3833506,3834090,+
Escherichia_coli_b2207,E.coli.b2207.final.genome,3870010,3870423,414,MEG_3735|Biocides|Multi-biocide_resistance|Multi-biocide_resistance_protein|MDEA,MEG_3735|Biocides|Multi-biocide_resistance|Multi-biocide_resistance_protein|MDEA,1197,3834196,3835392,+
Escherichia_coli_b2207,E.coli.b2207.final.genome,3897653,3898219,567,MEG_3439|Metals|Multi-metal_resistance|Multi-metal_resistance_regulator|IRLS,MEG_3439|Metals|Multi-metal_resistance|Multi-metal_resistance_regulator|IRLS,1395,3862622,3864016,+
Escherichia_coli_b2207,E.coli.b2207.final.genome,3910594,3911367,774,MEG_6605|Drugs|Sulfonamides|Sulfonamide-resistant_dihydropteroate_synthases|SULI,MEG_6605|Drugs|Sulfonamides|Sulfonamide-resistant_dihydropteroate_synthases|SULI,840,3876391,3877230,+
Escherichia_coli_b2207,E.coli.b2207.final.genome,3911550,3913399,1850,MEG_3839|Metals|Mercury_resistance|Mercury_resistance_protein|MERA,MEG_3839|Metals|Mercury_resistance|Mercury_resistance_protein|MERA,359,3877413,3877771,+
Escherichia_coli_b2207,E.coli.b2207.final.genome,3913486,3914526,1041,MEG_2803|Drugs|MLS|23S_rRNA_methyltransferases|ERMB,MEG_2803|Drugs|MLS|23S_rRNA_methyltransferases|ERMB,711,3877858,3878568,+
Escherichia_coli_b2207,E.coli.b2207.final.genome,4004408,4005358,951,MEG_4294|Drugs|Multi-drug_resistance|Multi-drug_RND_efflux_pumps|OPMH,MEG_4294|Drugs|Multi-drug_resistance|Multi-drug_RND_efflux_pumps|OPMH,1449,3968450,3969898,+
Escherichia_coli_b2207,E.coli.b2207.final.genome,4046285,4046911,627,MEG_6531|Biocides|Multi-biocide_resistance|Multi-biocide_MFS_efflux_pump|SMFY,MEG_6531|Biocides|Multi-biocide_resistance|Multi-biocide_MFS_efflux_pump|SMFY,1473,4010825,4012297,+
Escherichia_coli_b2207,E.coli.b2207.final.genome,4103638,4104258,621,MEG_2986|Drugs|Fosfomycin|Fosfomycin_thiol_transferases|FOSA,MEG_2986|Drugs|Fosfomycin|Fosfomycin_thiol_transferases|FOSA,417,4069024,4069440,+
Escherichia_coli_b2207,E.coli.b2207.final.genome,4106429,4108497,2069,MEG_11396|Metals|Cadmium_resistance|Cadmium_resistance_chaperone|HSCC,MEG_11396|Metals|Cadmium_resistance|Cadmium_resistance_chaperone|HSCC,1680,4071611,4073290,+
Escherichia_coli_b2207,E.coli.b2207.final.genome,4109296,4110198,903,MEG_7952|Drugs|betalactams|Class_C_betalactamases|ADC,MEG_7952|Drugs|betalactams|Class_C_betalactamases|ADC,1152,4074089,4075240,+
Escherichia_coli_b2207,E.coli.b2207.final.genome,4120072,4120917,846,MEG_6011|Drugs|Fluoroquinolones|Quinolone_resistance_protein_Qnr|QNRC,MEG_6011|Drugs|Fluoroquinolones|Quinolone_resistance_protein_Qnr|QNRC,666,4085114,4085779,+
Escherichia_coli_b2207,E.coli.b2207.final.genome,4204645,4207364,2720,MEG_2507|Drugs|Trimethoprim|Dihydrofolate_reductase|DFRA,MEG_2507|Drugs|Trimethoprim|Dihydrofolate_reductase|DFRA,474,4169507,4169980,+
Escherichia_coli_b2207,E.coli.b2207.final.genome,4215931,4216314,384,MEG_11324|Metals|Arsenic_resistance|Arsenic_resistance_protein|ARSB,MEG_11324|Metals|Arsenic_resistance|Arsenic_resistance_protein|ARSB,1080,4178547,4179626,+
Escherichia_coli_b2207,E.coli.b2207.final.genome,4225599,4226423,825,MEG_1578|Drugs|Phenicol|Chloramphenicol_acetyltransferases|CATA,MEG_1578|Drugs|Phenicol|Chloramphenicol_acetyltransferases|CATA,660,4188911,4189570,+
Escherichia_coli_b2207,E.coli.b2207.final.genome,4262283,4262798,516,MEG_7220|Drugs|Tetracyclines|Tetracycline_resistance_ribosomal_protection_proteins|TETW,MEG_7220|Drugs|Tetracyclines|Tetracycline_resistance_ribosomal_protection_proteins|TETW,1920,4225430,4227349,+
Escherichia_coli_b2207,E.coli.b2207.final.genome,4279854,4280177,324,MEG_3291|Biocides|Acetate_resistance|Acetate_resistance_protein|ICLR,MEG_3291|Biocides|Acetate_resistance|Acetate_resistance_protein|ICLR,864,4244405,4245268,+
Escherichia_coli_b2207,E.coli.b2207.final.genome,4280263,4280727,465,MEG_4670|Drugs|betalactams|Class_D_betalactamases|OXA,MEG_4670|Drugs|betalactams|Class_D_betalactamases|OXA,831,4245354,4246184,+
Escherichia_coli_b2207,E.coli.b2207.final.genome,4286046,4287695,1650,MEG_8081|Drugs|MLS|23S_rRNA_methyltransferases|ERM50,MEG_8081|Drugs|MLS|23S_rRNA_methyltransferases|ERM50,792,4251503,4252294,+
Escherichia_coli_b2207,E.coli.b2207.final.genome,4301794,4306261,4468,MEG_6019|Drugs|Fluoroquinolones|Quinolone_resistance_protein_Qnr|QNRS,MEG_6019|Drugs|Fluoroquinolones|Quinolone_resistance_protein_Qnr|QNRS,656,4266393,4267048,+
Escherichia_coli_b2207,E.coli.b2207.final.genome,4336101,4337744,1644,MEG_7578|Drugs|Glycopeptides|VanC-type_resistance_protein|VANXYC,MEG_7578|Drugs|Glycopeptides|VanC-type_resistance_protein|VANXYC,573,4296888,4297460,+
Escherichia_coli_b2207,E.coli.b2207.final.genome,4432627,4432965,339,MEG_7503|Drugs|Glycopeptides|VanC-type_regulator|VANSC,MEG_7503|Drugs|Glycopeptides|VanC-type_regulator|VANSC,1065,4392343,4393407,+
Escherichia_coli_b2207,E.coli.b2207.final.genome,4444483,4444800,318,MEG_1776|Drugs|Phenicol|Phenicol_resistance_MFS_efflux_pumps|CMLR,MEG_1776|Drugs|Phenicol|Phenicol_resistance_MFS_efflux_pumps|CMLR,1179,4404925,4406103,+
Escherichia_coli_b2207,E.coli.b2207.final.genome,4445419,4446552,1134,MEG_1484|Metals|Multi-metal_resistance|Multi-metal_resistance_protein|CADA,MEG_1484|Metals|Multi-metal_resistance|Multi-metal_resistance_protein|CADA,2061,4406722,4408782,+
Escherichia_coli_b2207,E.coli.b2207.final.genome,4538501,4541197,2697,MEG_1717|Metals|Chromium_resistance|Chromium_resistance_protein|CHRR,MEG_1717|Metals|Chromium_resistance|Chromium_resistance_protein|CHRR,732,4500731,4501462,+
Escherichia_coli_b2207,E.coli.b2207.final.genome,4614937,4616661,1725,MEG_6633|Drugs|Sulfonamides|Sulfonamide-resistant_dihydropteroate_synthases|SULII,MEG_6633|Drugs|Sulfonamides|Sulfonamide-resistant_dihydropteroate_synthases|SULII,852,4575202,4576053,+
Escherichia_coli_b2207,E.coli.b2207.final.genome,4686816,4688048,1233,MEG_3667|Drugs|Lipopeptides|Colistin_phosphoethanolamine_transferase|MCR,MEG_3667|Drugs|Lipopeptides|Colistin_phosphoethanolamine_transferase|MCR,1626,4646208,4647833,+
Escherichia_coli_b2207,E.coli.b2207.final.genome,4735279,4736148,870,MEG_6585|Drugs|Sulfonamides|Sulfonamide-resistant_dihydropteroate_synthases|SULI,MEG_6585|Drugs|Sulfonamides|Sulfonamide-resistant_dihydropteroate_synthases|SULI,864,4695064,4695927,+
Escherichia_coli_b2207,E.coli.b2207.final.genome,4758629,4759795,1167,MEG_4077|Multi-compound|Drug_and_biocide_resistance|Drug_and_biocide_RND_efflux_regulator|MTRA,MEG_4077|Multi-compound|Drug_and_biocide_resistance|Drug_and_biocide_RND_efflux_regulator|MTRA,906,4718408,4719313,+
Escherichia_coli_b2207,E.coli.b2207.final.genome,4798128,4798505,378,MEG_5949|Drugs|Fluoroquinolones|Quinolone_resistance_protein_Qnr|QNRB,MEG_5949|Drugs|Fluoroquinolones|Quinolone_resistance_protein_Qnr|QNRB,681,4757646,4758326,+
Escherichia_coli_b2207,E.coli.b2207.final.genome,4801654,4804008,2355,MEG_8245|Drugs|MLS|MLS_resistance_MFS_efflux_pumps|MEFF,MEG_8245|Drugs|MLS|MLS_resistance_MFS_efflux_pumps|MEFF,1194,4761475,4762668,+
Escherichia_coli_b2207,E.coli.b2207.final.genome,4831254,4832198,945,MEG_2525|Drugs|Trimethoprim|Dihydrofolate_reductase|DFRA,MEG_2525|Drugs|Trimethoprim|Dihydrofolate_reductase|DFRA,498,4789914,4790411,+
Escherichia_coli_b2207,E.coli.b2207.final.genome,4883970,4885520,1551,MEG_3658|Drugs|Multi-drug_resistance|Multi-drug_ABC_efflux_pumps|MACB,MEG_3658|Drugs|Multi-drug_resistance|Multi-drug_ABC_efflux_pumps|MACB,1935,4842183,4844117,+
Escherichia_coli_b2207,E.coli.b2207.final.genome,4962156,4962866,711,MEG_7838|Multi-compound|Drug_and_biocide_and_metal_resistance|Drug_and_biocide_and_metal_SMR_efflux_pump|YKKC,MEG_7838|Multi-compound|Drug_and_biocide_and_metal_resistance|Drug_and_biocide_and_metal_SMR_efflux_pump|YKKC,339,4920753,4921091,+
Faecalibacterium_prausnitzii,Faecalibacterium_prausnitzii,1123416,1125335,1920,MEG_500|Multi-compound|Biocide_and_metal_resistance|Biocide_and_metal_resistance_protein|ACTP,MEG_500|Multi-compound|Biocide_and_metal_resistance|Biocide_and_metal_resistance_protein|ACTP,2484,1123416,1125899,+
Prevotella_corporis,Prevotella_corporis.final.genome2,62174,64099,1926,MEG_3452|Metals|Tellurium_resistance|Tellurium_resistance_protein|KLAB,MEG_3452|Metals|Tellurium_resistance|Tellurium_resistance_protein|KLAB,1137,62174,63310,+
Salmonella_enterica,Salmonella_enterica,58288,59645,1358,MEG_6959|Metals|Tellurium_resistance|Tellurium_resistance_protein|TERE,MEG_6959|Metals|Tellurium_resistance|Tellurium_resistance_protein|TERE,576,58288,58863,+
Salmonella_enterica,Salmonella_enterica,66045,66257,213,MEG_330|Drugs|Aminoglycosides|Aminoglycoside_N-acetyltransferases|AAC6-PRIME,MEG_330|Drugs|Aminoglycosides|Aminoglycoside_N-acetyltransferases|AAC6-PRIME,459,65263,65721,+
Salmonella_enterica,Salmonella_enterica,106840,107331,492,MEG_3254|Biocides|Acid_resistance|Acid_resistance_protein|HDEB,MEG_3254|Biocides|Acid_resistance|Acid_resistance_protein|HDEB,327,106304,106630,+
Salmonella_enterica,Salmonella_enterica,118668,118884,217,MEG_8240|Drugs|Lipopeptides|Colistin_phosphoethanolamine_transferase|MCR,MEG_8240|Drugs|Lipopeptides|Colistin_phosphoethanolamine_transferase|MCR,1620,117967,119586,+
Salmonella_enterica,Salmonella_enterica,153670,154022,353,MEG_6544|Biocides|Peroxide_resistance|peroxide_resistance_protein|SODB,MEG_6544|Biocides|Peroxide_resistance|peroxide_resistance_protein|SODB,579,154372,154950,+
Salmonella_enterica,Salmonella_enterica,198300,199181,882,MEG_9591|Drugs|betalactams|Class_D_betalactamases|OXA,MEG_9591|Drugs|betalactams|Class_D_betalactamases|OXA,825,199228,200052,+
Salmonella_enterica,Salmonella_enterica,199704,200792,1089,MEG_3849|Metals|Mercury_resistance|Mercury_resistance_protein|MERB,MEG_3849|Metals|Mercury_resistance|Mercury_resistance_protein|MERB,660,200575,201234,+
Salmonella_enterica,Salmonella_enterica,201341,202828,1488,MEG_10070|Drugs|MLS|ABC-F_ATPase_ribosomal_protection_protein|CPLR,MEG_10070|Drugs|MLS|ABC-F_ATPase_ribosomal_protection_protein|CPLR,1653,201783,203435,+
Salmonella_enterica,Salmonella_enterica,251886,252323,438,MEG_1060|Drugs|Aminoglycosides|Aminoglycoside_O-phosphotransferases|APH3-PRIME,MEG_1060|Drugs|Aminoglycosides|Aminoglycoside_O-phosphotransferases|APH3-PRIME,801,252493,253293,+
Salmonella_enterica,Salmonella_enterica,331784,332572,789,MEG_4912|Drugs|betalactams|Class_D_betalactamases|OXA,MEG_4912|Drugs|betalactams|Class_D_betalactamases|OXA,825,332754,333578,+
Salmonella_enterica,Salmonella_enterica,386924,387337,414,MEG_3673|Drugs|Lipopeptides|Colistin_phosphoethanolamine_transferase|MCR,MEG_3673|Drugs|Lipopeptides|Colistin_phosphoethanolamine_transferase|MCR,1626,387930,389555,+
Salmonella_enterica,Salmonella_enterica,408636,409721,1086,MEG_7836|Multi-compound|Biocide_and_metal_resistance|Biocide_and_metal_resistance_protein|YJAA,MEG_7836|Multi-compound|Biocide_and_metal_resistance|Biocide_and_metal_resistance_protein|YJAA,384,410854,411237,+
Salmonella_enterica,Salmonella_enterica,448388,449927,1540,MEG_1133|Drugs|Rifampin|Rifampin_ADP-ribosyltransferase_Arr|ARR,MEG_1133|Drugs|Rifampin|Rifampin_ADP-ribosyltransferase_Arr|ARR,453,449904,450356,+
Salmonella_enterica,Salmonella_enterica,534599,535543,945,MEG_3079|Biocides|Acid_resistance|Acid_resistance_protein|GADC,MEG_3079|Biocides|Acid_resistance|Acid_resistance_protein|GADC,1536,535028,536563,+
Salmonella_enterica,Salmonella_enterica,587762,588484,723,MEG_1160|Metals|Arsenic_resistance|Arsenic_resistance_protein|ARSC,MEG_1160|Metals|Arsenic_resistance|Arsenic_resistance_protein|ARSC,396,588782,589177,+
Salmonella_enterica,Salmonella_enterica,641756,643180,1425,MEG_2975|Drugs|Fosfomycin|Fosfomycin_phosphorylation|FOMB,MEG_2975|Drugs|Fosfomycin|Fosfomycin_phosphorylation|FOMB,980,642449,643428,+
Salmonella_enterica,Salmonella_enterica,752398,759842,7445,MEG_3841|Metals|Mercury_resistance|Mercury_resistance_protein|MERA,MEG_3841|Metals|Mercury_resistance|Mercury_resistance_protein|MERA,1644,752646,754289,+
Salmonella_enterica,Salmonella_enterica,761250,763372,2123,MEG_2927|Drugs|Phenicol|Phenicol_resistance_MFS_efflux_pumps|FLOR,MEG_2927|Drugs|Phenicol|Phenicol_resistance_MFS_efflux_pumps|FLOR,1215,755697,756911,+
Salmonella_enterica,Salmonella_enterica,903810,904112,303,MEG_2513|Drugs|Trimethoprim|Dihydrofolate_reductase|DFRA,MEG_2513|Drugs|Trimethoprim|Dihydrofolate_reductase|DFRA,474,897349,897822,+
Salmonella_enterica,Salmonella_enterica,941432,942037,606,MEG_6084|Drugs|Multi-drug_resistance|Multi-drug_MFS_efflux_pumps|ROSB,MEG_6084|Drugs|Multi-drug_resistance|Multi-drug_MFS_efflux_pumps|ROSB,1692,935142,936833,+
Salmonella_enterica,Salmonella_enterica,943499,944419,921,MEG_2070|Metals|Copper_resistance|Copper_resistance_regulator|COPR,MEG_2070|Metals|Copper_resistance|Copper_resistance_regulator|COPR,492,938295,938786,+
Salmonella_enterica,Salmonella_enterica,1063526,1064762,1237,MEG_3869|Metals|Mercury_resistance|Mercury_resistance_protein|MERF,MEG_3869|Metals|Mercury_resistance|Mercury_resistance_protein|MERF,246,1057893,1058138,+
Salmonella_enterica,Salmonella_enterica,1131737,1134850,3114,MEG_5912|Drugs|Fluoroquinolones|Quinolone_resistance_protein_Qnr|QNRB,MEG_5912|Drugs|Fluoroquinolones|Quinolone_resistance_protein_Qnr|QNRB,645,1125113,1125757,+
Salmonella_enterica,Salmonella_enterica,1359929,1360607,679,MEG_4115|Metals|Multi-metal_resistance|Multi-metal_resistance_protein|NCCN,MEG_4115|Metals|Multi-metal_resistance|Multi-metal_resistance_protein|NCCN,642,1350836,1351477,+
Salmonella_enterica,Salmonella_enterica,1437072,1437602,531,MEG_7273|Biocides|Phenolic_compound_resistance|Phenolic_RND_efflux_pump|TRIB,MEG_7273|Biocides|Phenolic_compound_resistance|Phenolic_RND_efflux_pump|TRIB,1071,1427942,1429012,+
Salmonella_enterica,Salmonella_enterica,1437729,1438901,1173,MEG_4102|Drugs|Multi-drug_resistance|Multi-drug_RND_efflux_pumps|MUXC,MEG_4102|Drugs|Multi-drug_resistance|Multi-drug_RND_efflux_pumps|MUXC,3111,1429139,1432249,+
Salmonella_enterica,Salmonella_enterica,1438918,1440456,1539,MEG_6167|Drugs|Nucleosides|Streptothricin_acetyltransferase|SAT,MEG_6167|Drugs|Nucleosides|Streptothricin_acetyltransferase|SAT,525,1432266,1432790,+
Salmonella_enterica,Salmonella_enterica,1482054,1485485,3432,MEG_8452|Drugs|Multi-drug_resistance|MDR_regulator|PARS,MEG_8452|Drugs|Multi-drug_resistance|MDR_regulator|PARS,1287,1474388,1475674,+
Salmonella_enterica,Salmonella_enterica,1568135,1569161,1027,MEG_8375|Drugs|betalactams|Class_D_betalactamases|OXA,MEG_8375|Drugs|betalactams|Class_D_betalactamases|OXA,825,1558324,1559148,+
Salmonella_enterica,Salmonella_enterica,1813984,1814801,818,MEG_2700|Drugs|Cationic_antimicrobial_peptides|Edeine_acetyltransferase|EDEQ,MEG_2700|Drugs|Cationic_antimicrobial_peptides|Edeine_acetyltransferase|EDEQ,438,1803971,1804408,+
Salmonella_enterica,Salmonella_enterica,1822852,1823313,462,MEG_2473|Metals|Multi-metal_resistance|Multi-metal_RND_efflux_regulator|CZCR,MEG_2473|Metals|Multi-metal_resistance|Multi-metal_RND_efflux_regulator|CZCR,678,1812459,1813136,+
Salmonella_enterica,Salmonella_enterica,1964870,1965182,313,MEG_9274|Drugs|betalactams|Class_C_betalactamases|ADC,MEG_9274|Drugs|betalactams|Class_C_betalactamases|ADC,1152,1954693,1955844,+
Salmonella_enterica,Salmonella_enterica,1998332,2001405,3074,MEG_3859|Metals|Mercury_resistance|Mercury_resistance_protein|MERC,MEG_3859|Metals|Mercury_resistance|Mercury_resistance_protein|MERC,435,1988994,1989428,+
Salmonella_enterica,Salmonella_enterica,2051403,2052035,633,MEG_7325|Metals|Tungsten_Resistance|Tungsten_ABC_efflux_pumps|TUPC,MEG_7325|Metals|Tungsten_Resistance|Tungsten_ABC_efflux_pumps|TUPC,645,2039426,2040070,+
Salmonella_enterica,Salmonella_enterica,2177986,2180036,2051,MEG_3167|Metals|Gold_resistance|Gold_resistance_regulator|GOLS,MEG_3167|Metals|Gold_resistance|Gold_resistance_regulator|GOLS,465,2166021,2166485,+
Salmonella_enterica,Salmonella_enterica,2193913,2195394,1482,MEG_1129|Drugs|Rifampin|Rifampin_ADP-ribosyltransferase_Arr|ARR,MEG_1129|Drugs|Rifampin|Rifampin_ADP-ribosyltransferase_Arr|ARR,453,2180362,2180814,+
Salmonella_enterica,Salmonella_enterica,2260440,2262114,1675,MEG_7590|Drugs|Glycopeptides|VanL-type_resistance_protein|VANXYL,MEG_7590|Drugs|Glycopeptides|VanL-type_resistance_protein|VANXYL,582,2245860,2246441,+
Salmonella_enterica,Salmonella_enterica,2276653,2277192,540,MEG_9947|Drugs|betalactams|Class_D_betalactamases|OXA,MEG_9947|Drugs|betalactams|Class_D_betalactamases|OXA,789,2260980,2261768,+
Salmonella_enterica,Salmonella_enterica,2426862,2428047,1186,MEG_6543|Biocides|Peroxide_resistance|peroxide_resistance_protein|SODA,MEG_6543|Biocides|Peroxide_resistance|peroxide_resistance_protein|SODA,288,2411438,2411725,+
Salmonella_enterica,Salmonella_enterica,2465371,2467785,2415,MEG_1122|Drugs|Cationic_antimicrobial_peptides|Polymyxin_B_resistance_regulator|ARNA,MEG_1122|Drugs|Cationic_antimicrobial_peptides|Polymyxin_B_resistance_regulator|ARNA,1989,2449049,2451037,+
Salmonella_enterica,Salmonella_enterica,2479294,2479847,554,MEG_3021|Drugs|Fosfomycin|Fosfomycin_thiol_transferases|FOSF,MEG_3021|Drugs|Fosfomycin|Fosfomycin_thiol_transferases|FOSF,399,2462546,2462944,+
Salmonella_enterica,Salmonella_enterica,2483346,2484117,772,MEG_6504|Metals|Multi-metal_resistance|Multi-metal_RND_efflux_pumps|SILF,MEG_6504|Metals|Multi-metal_resistance|Multi-metal_RND_efflux_pumps|SILF,354,2466443,2466796,+
Salmonella_enterica,Salmonella_enterica,2484206,2486053,1848,MEG_11335|Metals|Multi-metal_resistance|Multi-metal_resistance_regulator|CADC,MEG_11335|Metals|Multi-metal_resistance|Multi-metal_resistance_regulator|CADC,360,2466885,2467244,+
Salmonella_enterica,Salmonella_enterica,2486189,2487229,1041,MEG_7344|Drugs|Glycopeptides|VanA-type_resistance_protein|VANA,MEG_7344|Drugs|Glycopeptides|VanA-type_resistance_protein|VANA,2670,2467380,2470049,+
Salmonella_enterica,Salmonella_enterica,2579929,2580879,951,MEG_7129|Drugs|Tetracyclines|Tetracycline_resistance_ribosomal_protection_proteins|TETM,MEG_7129|Drugs|Tetracyclines|Tetracycline_resistance_ribosomal_protection_proteins|TETM,1920,2562749,2564668,+
Salmonella_enterica,Salmonella_enterica,2625629,2626252,624,MEG_6587|Drugs|Sulfonamides|Sulfonamide-resistant_dihydropteroate_synthases|SULI,MEG_6587|Drugs|Sulfonamides|Sulfonamide-resistant_dihydropteroate_synthases|SULI,840,2609418,2610257,+
Salmonella_enterica,Salmonella_enterica,2687108,2687728,621,MEG_7772|Biocides|Multi-biocide_resistance|Multi-biocide_RND_efflux_pump|VMEA,MEG_7772|Biocides|Multi-biocide_resistance|Multi-biocide_RND_efflux_pump|VMEA,1140,2671113,2672252,+
Salmonella_enterica,Salmonella_enterica,2688952,2691013,2062,MEG_11330|Metals|Arsenic_resistance|Arsenic_resistance_protein|ARSD,MEG_11330|Metals|Arsenic_resistance|Arsenic_resistance_protein|ARSD,312,2673476,2673787,+
Salmonella_enterica,Salmonella_enterica,2691811,2692688,878,MEG_6625|Drugs|Sulfonamides|Sulfonamide-resistant_dihydropteroate_synthases|SULII,MEG_6625|Drugs|Sulfonamides|Sulfonamide-resistant_dihydropteroate_synthases|SULII,816,2674585,2675400,+
Salmonella_enterica,Salmonella_enterica,2716436,2717281,846,MEG_2025|Metals|Copper_resistance|Copper_resistance_protein|COPA,MEG_2025|Metals|Copper_resistance|Copper_resistance_protein|COPA,2184,2699148,2701331,+
Salmonella_enterica,Salmonella_enterica,2764988,2765905,918,MEG_5815|Metals|Arsenic_resistance|Arsenic_resistance_protein|PSTC,MEG_5815|Metals|Arsenic_resistance|Arsenic_resistance_protein|PSTC,960,2749038,2749997,+
Salmonella_enterica,Salmonella_enterica,2932480,2934129,1650,MEG_1641|Multi-compound|Drug_and_biocide_resistance|Drug_and_biocide_MATE_efflux_pumps|CDEA,MEG_1641|Multi-compound|Drug_and_biocide_resistance|Drug_and_biocide_MATE_efflux_pumps|CDEA,1326,2916572,2917897,+
Salmonella_enterica,Salmonella_enterica,2990094,2990399,306,MEG_1548|Drugs|Phenicol|Chloramphenicol_acetyltransferases|CAT,MEG_1548|Drugs|Phenicol|Chloramphenicol_acetyltransferases|CAT,651,2973862,2974512,+
Salmonella_enterica,Salmonella_enterica,3100536,3103244,2709,MEG_404|Multi-compound|Drug_and_biocide_and_metal_resistance|Drug_and_biocide_and_metal_RND_efflux_pumps|ACRD,MEG_404|Multi-compound|Drug_and_biocide_and_metal_resistance|Drug_and_biocide_and_metal_RND_efflux_pumps|ACRD,3114,3084649,3087762,+
Salmonella_enterica,Salmonella_enterica,3179029,3179170,142,MEG_5822|Multi-compound|Drug_and_biocide_resistance|Drug_and_biocide_MFS_efflux_pumps|QACAB,MEG_5822|Multi-compound|Drug_and_biocide_resistance|Drug_and_biocide_MFS_efflux_pumps|QACAB,1545,3163547,3165091,+
Salmonella_enterica,Salmonella_enterica,3267332,3268201,870,MEG_3284|Metals|Nickel_resistance|Nickel_resistance_protein|HUPE,MEG_3284|Metals|Nickel_resistance|Nickel_resistance_protein|HUPE,600,3253253,3253852,+
Salmonella_enterica,Salmonella_enterica,3378591,3378968,378,MEG_5826|Multi-compound|Drug_and_biocide_resistance|Drug_and_biocide_SMR_efflux_pumps|QACC,MEG_5826|Multi-compound|Drug_and_biocide_resistance|Drug_and_biocide_SMR_efflux_pumps|QACC,324,3364242,3364565,+
Salmonella_enterica,Salmonella_enterica,3382129,3384478,2350,MEG_4122|Metals|Multi-metal_resistance|Multi-metal_MFS_efflux_regulator|NCRB,MEG_4122|Metals|Multi-metal_resistance|Multi-metal_MFS_efflux_regulator|NCRB,270,3367726,3367995,+
Salmonella_enterica,Salmonella_enterica,3474730,3476339,1610,MEG_2051|Metals|Copper_resistance|Copper_resistance_protein|COPD,MEG_2051|Metals|Copper_resistance|Copper_resistance_protein|COPD,930,3458247,3459176,+
Salmonella_enterica,Salmonella_enterica,3718507,3724371,5865,MEG_10008|Drugs|Rifampin|Rifampin-resistant_beta-subunit_of_RNA_polymerase_RpoB|RPOB,MEG_10008|Drugs|Rifampin|Rifampin-resistant_beta-subunit_of_RNA_polymerase_RpoB|RPOB,4029,3701344,3705372,+
Salmonella_enterica,Salmonella_enterica,3724648,3726936,2289,MEG_7812|Metals|Iron_resistance|Iron_resistance_protein|YBTQ,MEG_7812|Metals|Iron_resistance|Iron_resistance_protein|YBTQ,1803,3705649,3707451,+
Salmonella_enterica,Salmonella_enterica,3726948,3727412,465,MEG_2879|Biocides|Phenolic_compound_resistance|Phenolic_resistance_protein|FABV,MEG_2879|Biocides|Phenolic_compound_resistance|Phenolic_resistance_protein|FABV,297,3707463,3707759,+
Salmonella_enterica,Salmonella_enterica,3856625,3857201,577,MEG_6979|Drugs|Tetracyclines|Tetracycline_resistance_ribosomal_protection_proteins|TET36,MEG_6979|Drugs|Tetracyclines|Tetracycline_resistance_ribosomal_protection_proteins|TET36,1923,3836972,3838894,+
Salmonella_enterica,Salmonella_enterica,3858200,3859393,1194,MEG_4344|Multi-compound|Drug_and_biocide_resistance|Drug_and_biocide_RND_efflux_pumps|OQXB,MEG_4344|Multi-compound|Drug_and_biocide_resistance|Drug_and_biocide_RND_efflux_pumps|OQXB,3153,3839893,3843045,+
Salmonella_enterica,Salmonella_enterica,3886000,3886211,212,MEG_1576|Drugs|Phenicol|Chloramphenicol_acetyltransferases|CATA,MEG_1576|Drugs|Phenicol|Chloramphenicol_acetyltransferases|CATA,624,3869652,3870275,+
Salmonella_enterica,Salmonella_enterica,4022679,4024580,1902,MEG_1046|Drugs|Aminoglycosides|Aminoglycoside_O-phosphotransferases|APH3-DPRIME,MEG_1046|Drugs|Aminoglycosides|Aminoglycoside_O-phosphotransferases|APH3-DPRIME,804,4006743,4007546,+
Salmonella_enterica,Salmonella_enterica,4043178,4044857,1680,MEG_5863|Drugs|Fluoroquinolones|Quinolone_active_efflux|QEPA,MEG_5863|Drugs|Fluoroquinolones|Quinolone_active_efflux|QEPA,1536,4026144,4027679,+
Salmonella_enterica,Salmonella_enterica,4050816,4052354,1539,MEG_7446|Drugs|Glycopeptides|VanN-type_resistance_protein|VANN,MEG_7446|Drugs|Glycopeptides|VanN-type_resistance_protein|VANN,1032,4033638,4034669,+
Salmonella_enterica,Salmonella_enterica,4052374,4053252,879,MEG_1740|Multi-compound|Drug_and_biocide_and_metal_resistance|Drug_and_biocide_and_metal_RND_efflux_pumps|CMEB,MEG_1740|Multi-compound|Drug_and_biocide_and_metal_resistance|Drug_and_biocide_and_metal_RND_efflux_pumps|CMEB,3123,4034689,4037811,+
Salmonella_enterica,Salmonella_enterica,4086456,4087128,673,MEG_2046|Metals|Copper_resistance|Copper_resistance_protein|COPC,MEG_2046|Metals|Copper_resistance|Copper_resistance_protein|COPC,375,4071015,4071389,+
Salmonella_enterica,Salmonella_enterica,4152505,4153940,1436,MEG_5776|Drugs|Lipopeptides|Lipid_A_phosphatase|PGBB,MEG_5776|Drugs|Lipopeptides|Lipid_A_phosphatase|PGBB,711,4136766,4137476,+
Salmonella_enterica,Salmonella_enterica,4208964,4209373,410,MEG_3867|Metals|Mercury_resistance|Mercury_resistance_protein|MERE,MEG_3867|Metals|Mercury_resistance|Mercury_resistance_protein|MERE,237,4192500,4192736,+
Salmonella_enterica,Salmonella_enterica,4391419,4391952,534,MEG_2876|Biocides|Phenolic_compound_resistance|Phenolic_resistance_protein|FABK,MEG_2876|Biocides|Phenolic_compound_resistance|Phenolic_resistance_protein|FABK,975,4374782,4375756,+
Salmonella_enterica,Salmonella_enterica,4422327,4423416,1090,MEG_3892|Metals|Mercury_resistance|Mercury_resistance_protein|MERT,MEG_3892|Metals|Mercury_resistance|Mercury_resistance_protein|MERT,387,4406131,4406517,+
Salmonella_enterica,Salmonella_enterica,4510827,4512035,1209,MEG_11296|Drugs|Aminoglycosides|Aminoglycoside_O-phosphotransferases|APH3-PRIME,MEG_11296|Drugs|Aminoglycosides|Aminoglycoside_O-phosphotransferases|APH3-PRIME,801,4493928,4494728,+
Veillonella_rogosae,veillonella_rogosae,938131,939120,990,MEG_7785|Biocides|Multi-biocide_resistance|Multi-biocide_RND_efflux_pump|VMEB,MEG_7785|Biocides|Multi-biocide_resistance|Multi-biocide_RND_efflux_pump|VMEB,3162,938131,941292,+
Veillonella_rogosae,veillonella_rogosae,2152782,2154721,1940,MEG_1027|Drugs|Aminoglycosides|Aminoglycoside_O-phosphotransferases|APH3-DPRIME,MEG_1027|Drugs|Aminoglycosides|Aminoglycoside_O-phosphotransferases|APH3-DPRIME,816,2154954,2155769,+
