genome,fragment,original_removed_start,original_removed_stop,original_removed_length,inserted_gene_id,inserted_gene_header,inserted_gene_length,inserted_start,inserted_stop,strand
Akkermansia_muciniphila,Akkermansia_muciniphila,1706143,1706439,297,MEG_3648|Drugs|Multi-drug_resistance|Multi-drug_ABC_efflux_pumps|LSAE,MEG_3648|Drugs|Multi-drug_resistance|Multi-drug_ABC_efflux_pumps|LSAE,804,1706143,1706946,+
Bacteroides_fragilis,Bacteroides_fragilis,48906,50831,1926,MEG_8232|Drugs|Multi-drug_resistance|Multi-drug_ABC_efflux_pumps|LPTD,MEG_8232|Drugs|Multi-drug_resistance|Multi-drug_ABC_efflux_pumps|LPTD,2349,48906,51254,+
Bacteroides_fragilis,Bacteroides_fragilis,380286,381188,903,MEG_2653|Metals|Copper_resistance|Copper_resistance_protein|DNAK,MEG_2653|Metals|Copper_resistance|Copper_resistance_protein|DNAK,1878,380709,382586,+
Bacteroides_fragilis,Bacteroides_fragilis,402236,403441,1206,MEG_3494|Drugs|betalactams|Class_A_betalactamases|KPC,MEG_3494|Drugs|betalactams|Class_A_betalactamases|KPC,882,403634,404515,+
Bacteroides_fragilis,Bacteroides_fragilis,403466,403978,513,MEG_2038|Metals|Copper_resistance|Copper_resistance_protein|COPB,MEG_2038|Metals|Copper_resistance|Copper_resistance_protein|COPB,981,404540,405520,+
Bacteroides_fragilis,Bacteroides_fragilis,1825829,1827158,1330,MEG_5772|Biocides|Peroxide_resistance|peroxide_resistance_regulator|PERR,MEG_5772|Biocides|Peroxide_resistance|peroxide_resistance_regulator|PERR,447,1827371,1827817,+
Bifidobacterium_adolescentis,Bifidobacterium_adolescentis,1255962,1256299,338,MEG_7838|Multi-compound|Drug_and_biocide_and_metal_resistance|Drug_and_biocide_and_metal_SMR_efflux_pump|YKKC,MEG_7838|Multi-compound|Drug_and_biocide_and_metal_resistance|Drug_and_biocide_and_metal_SMR_efflux_pump|YKKC,339,1255962,1256300,+
Bifidobacterium_adolescentis,Bifidobacterium_adolescentis,1470793,1474093,3301,MEG_2802|Drugs|MLS|23S_rRNA_methyltransferases|ERMB,MEG_2802|Drugs|MLS|23S_rRNA_methyltransferases|ERMB,738,1470794,1471531,+
Bifidobacterium_adolescentis,Bifidobacterium_adolescentis,1956215,1957669,1455,MEG_498|Multi-compound|Biocide_and_metal_resistance|Biocide_and_metal_resistance_protein|ACTA,MEG_498|Multi-compound|Biocide_and_metal_resistance|Biocide_and_metal_resistance_protein|ACTA,1626,1953653,1955278,+
Clostridioides_difficile,Clostridium_difficille,367386,368324,939,MEG_6157|Drugs|Nucleosides|Streptothricin_acetyltransferase|SAT,MEG_6157|Drugs|Nucleosides|Streptothricin_acetyltransferase|SAT,525,367386,367910,+
Clostridioides_difficile,Clostridium_difficille,888451,888792,342,MEG_1705|Metals|Chromium_resistance|Chromium_resistance_protein|CHRA,MEG_1705|Metals|Chromium_resistance|Chromium_resistance_protein|CHRA,1251,888037,889287,+
Clostridioides_difficile,Clostridium_difficille,890676,891249,574,MEG_4200|Metals|Nickel_resistance|Nickel_resistance_protein|NIXA,MEG_4200|Metals|Nickel_resistance|Nickel_resistance_protein|NIXA,927,891171,892097,+
Clostridioides_difficile,Clostridium_difficille,1184042,1184551,510,MEG_4171|Metals|Nickel_resistance|Nickel_ABC_efflux_pumps|NIKD,MEG_4171|Metals|Nickel_resistance|Nickel_ABC_efflux_pumps|NIKD,765,1184890,1185654,+
Clostridioides_difficile,Clostridium_difficille,1430567,1431034,468,MEG_6052|Metals|Chromium_resistance|Chromium_resistance_protein|RECG,MEG_6052|Metals|Chromium_resistance|Chromium_resistance_protein|RECG,472,1431670,1432141,+
Clostridioides_difficile,Clostridium_difficille,1482656,1483981,1326,MEG_1773|Drugs|Phenicol|Phenicol_resistance_MFS_efflux_pumps|CMLA,MEG_1773|Drugs|Phenicol|Phenicol_resistance_MFS_efflux_pumps|CMLA,909,1483763,1484671,+
Clostridioides_difficile,Clostridium_difficille,1677480,1679313,1834,MEG_3073|Drugs|Fusidic_acid|Fusidic_acid_esterases|FUSF,MEG_3073|Drugs|Fusidic_acid|Fusidic_acid_esterases|FUSF,645,1678170,1678814,+
Clostridioides_difficile,Clostridium_difficille,1679574,1680674,1101,MEG_1487|Metals|Cadmium_resistance|Cadmium_resistance_regulator|CADR,MEG_1487|Metals|Cadmium_resistance|Cadmium_resistance_regulator|CADR,444,1679075,1679518,+
Clostridioides_difficile,Clostridium_difficille,1681495,1683633,2139,MEG_2918|Drugs|Phenicol|Phenicol_resistance_MFS_efflux_pumps|FLOR,MEG_2918|Drugs|Phenicol|Phenicol_resistance_MFS_efflux_pumps|FLOR,1215,1680339,1681553,+
Clostridioides_difficile,Clostridium_difficille,1779516,1780253,738,MEG_2839|Drugs|MLS|23S_rRNA_methyltransferases|ERMO,MEG_2839|Drugs|MLS|23S_rRNA_methyltransferases|ERMO,780,1777436,1778215,+
Clostridioides_difficile,Clostridium_difficille,2731316,2732968,1653,MEG_3864|Metals|Mercury_resistance|Mercury_resistance_regulator|MERD,MEG_3864|Metals|Mercury_resistance|Mercury_resistance_regulator|MERD,366,2729278,2729643,+
Clostridium_perfringens,Clostridium_perfringens.final.genome,968146,969852,1707,MEG_4084|Multi-compound|Drug_and_biocide_resistance|Drug_and_biocide_RND_efflux_pumps|MTRE,MEG_4084|Multi-compound|Drug_and_biocide_resistance|Drug_and_biocide_RND_efflux_pumps|MTRE,1404,968146,969549,+
Clostridium_perfringens,Clostridium_perfringens.final.genome,3124924,3126633,1710,MEG_11328|Metals|Arsenic_resistance|Arsenic_resistance_protein|ARSD,MEG_11328|Metals|Arsenic_resistance|Arsenic_resistance_protein|ARSD,366,3124621,3124986,+
Enterococcus_faecalis,Enterococcus_faecalis,110300,110794,495,MEG_6007|Drugs|Fluoroquinolones|Quinolone_resistance_protein_Qnr|QNRB,MEG_6007|Drugs|Fluoroquinolones|Quinolone_resistance_protein_Qnr|QNRB,644,110300,110943,+
Enterococcus_faecalis,Enterococcus_faecalis,318515,319159,645,MEG_1020|Drugs|Aminoglycosides|Aminoglycoside_O-phosphotransferases|APH3-DPRIME,MEG_1020|Drugs|Aminoglycosides|Aminoglycoside_O-phosphotransferases|APH3-DPRIME,795,318664,319458,+
Enterococcus_faecalis,Enterococcus_faecalis,686369,688471,2103,MEG_2714|Biocides|Quaternary_Ammonium_Compounds_(QACs)_resistance|QAC_efflux_pump|EMEA,MEG_2714|Biocides|Quaternary_Ammonium_Compounds_(QACs)_resistance|QAC_efflux_pump|EMEA,1182,686668,687849,+
Enterococcus_faecalis,Enterococcus_faecalis,688488,688844,357,MEG_5990|Drugs|Fluoroquinolones|Quinolone_resistance_protein_Qnr|QNRB,MEG_5990|Drugs|Fluoroquinolones|Quinolone_resistance_protein_Qnr|QNRB,645,687866,688510,+
Enterococcus_faecalis,Enterococcus_faecalis,692857,693912,1056,MEG_3657|Drugs|Multi-drug_resistance|Multi-drug_ABC_efflux_pumps|MACA,MEG_3657|Drugs|Multi-drug_resistance|Multi-drug_ABC_efflux_pumps|MACA,1179,692523,693701,+
Enterococcus_faecalis,Enterococcus_faecalis,693942,695021,1080,MEG_7839|Multi-compound|Drug_and_biocide_and_metal_resistance|Drug_and_biocide_and_metal_SMR_efflux_pump|YKKC,MEG_7839|Multi-compound|Drug_and_biocide_and_metal_resistance|Drug_and_biocide_and_metal_SMR_efflux_pump|YKKC,318,693731,694048,+
Enterococcus_faecalis,Enterococcus_faecalis,695101,696843,1743,MEG_6167|Drugs|Nucleosides|Streptothricin_acetyltransferase|SAT,MEG_6167|Drugs|Nucleosides|Streptothricin_acetyltransferase|SAT,525,694128,694652,+
Enterococcus_faecalis,Enterococcus_faecalis,696879,697244,366,MEG_3691|Drugs|Lipopeptides|Colistin_phosphoethanolamine_transferase|MCR,MEG_3691|Drugs|Lipopeptides|Colistin_phosphoethanolamine_transferase|MCR,1407,694688,696094,+
Enterococcus_faecalis,Enterococcus_faecalis,697377,697748,372,MEG_4197|Metals|Nickel_resistance|Nickel_resistance_protein|NIRC,MEG_4197|Metals|Nickel_resistance|Nickel_resistance_protein|NIRC,924,696227,697150,+
Enterococcus_faecalis,Enterococcus_faecalis,698134,699873,1740,MEG_2558|Drugs|Trimethoprim|Dihydrofolate_reductase|DFRB,MEG_2558|Drugs|Trimethoprim|Dihydrofolate_reductase|DFRB,237,697536,697772,+
Enterococcus_faecalis,Enterococcus_faecalis,699893,700204,312,MEG_147|Drugs|Aminoglycosides|Aminoglycoside_N-acetyltransferases|AAC6-PRIME,MEG_147|Drugs|Aminoglycosides|Aminoglycoside_N-acetyltransferases|AAC6-PRIME,441,697792,698232,+
Enterococcus_faecalis,Enterococcus_faecalis,982309,983805,1497,MEG_2085|Metals|Multi-metal_resistance|Multi-metal_resistance_protein|CORA,MEG_2085|Metals|Multi-metal_resistance|Multi-metal_resistance_protein|CORA,951,980337,981287,+
Enterococcus_faecalis,Enterococcus_faecalis,1135205,1135685,481,MEG_6562|Metals|Chromium_resistance|Chromium_resistance_protein|SRPCC,MEG_6562|Metals|Chromium_resistance|Chromium_resistance_protein|SRPCC,1182,1132687,1133868,+
Enterococcus_faecalis,Enterococcus_faecalis,1529260,1531416,2157,MEG_7101|Drugs|Tetracyclines|Tetracycline_resistance_MFS_efflux_pumps|TETL,MEG_7101|Drugs|Tetracyclines|Tetracycline_resistance_MFS_efflux_pumps|TETL,1377,1527443,1528819,+
Enterococcus_faecalis,Enterococcus_faecalis,1778781,1780508,1728,MEG_5415|Biocides|Multi-biocide_resistance|Multi-biocide_resistance_regulator|PCM,MEG_5415|Biocides|Multi-biocide_resistance|Multi-biocide_resistance_regulator|PCM,648,1776184,1776831,+
Enterococcus_faecalis,Enterococcus_faecalis,1781067,1782120,1054,MEG_9591|Drugs|betalactams|Class_D_betalactamases|OXA,MEG_9591|Drugs|betalactams|Class_D_betalactamases|OXA,825,1777390,1778214,+
Enterococcus_faecalis,Enterococcus_faecalis,2454688,2455842,1155,MEG_1125|Drugs|Rifampin|Rifampin_ADP-ribosyltransferase_Arr|ARR,MEG_1125|Drugs|Rifampin|Rifampin_ADP-ribosyltransferase_Arr|ARR,453,2450782,2451234,+
Escherichia_coli_B1109,Escherichia_coli_chromosome,895,2199,1305,MEG_3276|Metals|Copper_resistance|Copper_resistance_protein|HPCOPP,MEG_3276|Metals|Copper_resistance|Copper_resistance_protein|HPCOPP,201,895,1095,+
Escherichia_coli_B1109,Escherichia_coli_chromosome,36248,37486,1239,MEG_3658|Drugs|Multi-drug_resistance|Multi-drug_ABC_efflux_pumps|MACB,MEG_3658|Drugs|Multi-drug_resistance|Multi-drug_ABC_efflux_pumps|MACB,1935,35144,37078,+
Escherichia_coli_B1109,Escherichia_coli_chromosome,60987,64580,3594,MEG_2069|Metals|Copper_resistance|Copper_resistance_regulator|COPR,MEG_2069|Metals|Copper_resistance|Copper_resistance_regulator|COPR,684,60579,61262,+
Escherichia_coli_B1109,Escherichia_coli_chromosome,64585,65199,615,MEG_7846|Metals|Zinc_resistance|Zinc_resistance_protein|ZEVB,MEG_7846|Metals|Zinc_resistance|Zinc_resistance_protein|ZEVB,969,61267,62235,+
Escherichia_coli_B1109,Escherichia_coli_chromosome,65615,68316,2702,MEG_5043|Drugs|betalactams|Class_D_betalactamases|OXA,MEG_5043|Drugs|betalactams|Class_D_betalactamases|OXA,822,62651,63472,+
Escherichia_coli_B1109,Escherichia_coli_chromosome,170713,171681,969,MEG_11296|Drugs|Aminoglycosides|Aminoglycoside_O-phosphotransferases|APH3-PRIME,MEG_11296|Drugs|Aminoglycosides|Aminoglycoside_O-phosphotransferases|APH3-PRIME,801,165869,166669,+
Escherichia_coli_B1109,Escherichia_coli_chromosome,226281,226524,244,MEG_3084|Biocides|Quaternary_Ammonium_Compounds_(QACs)_resistance|QAC-resistant_protein_UDP_glucose_4_epimerase|GALE,MEG_3084|Biocides|Quaternary_Ammonium_Compounds_(QACs)_resistance|QAC-resistant_protein_UDP_glucose_4_epimerase|GALE,990,221269,222258,+
Escherichia_coli_B1109,Escherichia_coli_chromosome,226821,227044,224,MEG_7632|Drugs|MLS|Streptogramin_A_O-acetyltransferase|VATE,MEG_7632|Drugs|MLS|Streptogramin_A_O-acetyltransferase|VATE,645,222555,223199,+
Escherichia_coli_B1109,Escherichia_coli_chromosome,230136,231778,1643,MEG_609|Drugs|betalactams|Class_C_betalactamases|ADC,MEG_609|Drugs|betalactams|Class_C_betalactamases|ADC,1167,226291,227457,+
Escherichia_coli_B1109,Escherichia_coli_chromosome,257792,258982,1191,MEG_2080|Metals|Copper_resistance|Copper_resistance_regulator|COPY,MEG_2080|Metals|Copper_resistance|Copper_resistance_regulator|COPY,438,253471,253908,+
Escherichia_coli_B1109,Escherichia_coli_chromosome,350235,350573,339,MEG_3885|Metals|Mercury_resistance|Mercury_resistance_regulator|MERR1,MEG_3885|Metals|Mercury_resistance|Mercury_resistance_regulator|MERR1,399,345161,345559,+
Escherichia_coli_B1109,Escherichia_coli_chromosome,350792,351616,825,MEG_6649|Drugs|Tetracenomycin|Tetracenomycin_MFS_efflux_pump|TCMA,MEG_6649|Drugs|Tetracenomycin|Tetracenomycin_MFS_efflux_pump|TCMA,1617,345778,347394,+
Escherichia_coli_B1109,Escherichia_coli_chromosome,351737,352009,273,MEG_7847|Metals|Zinc_resistance|Zinc_resistance_protein|ZIAA,MEG_7847|Metals|Zinc_resistance|Zinc_resistance_protein|ZIAA,2166,347515,349680,+
Escherichia_coli_B1109,Escherichia_coli_chromosome,371421,373543,2123,MEG_11281|Drugs|Aminoglycosides|Aminoglycoside_N-acetyltransferases|AAC6-PRIME,MEG_11281|Drugs|Aminoglycosides|Aminoglycoside_N-acetyltransferases|AAC6-PRIME,447,369092,369538,+
Escherichia_coli_B1109,Escherichia_coli_chromosome,374956,382403,7448,MEG_11302|Drugs|Trimethoprim|Dihydrofolate_reductase|DFRA,MEG_11302|Drugs|Trimethoprim|Dihydrofolate_reductase|DFRA,504,370951,371454,+
Escherichia_coli_B1109,Escherichia_coli_chromosome,394801,396653,1853,MEG_6975|Drugs|Tetracyclines|Tetracycline_resistance_MFS_efflux_pumps|TET33,MEG_6975|Drugs|Tetracyclines|Tetracycline_resistance_MFS_efflux_pumps|TET33,1260,383852,385111,+
Escherichia_coli_B1109,Escherichia_coli_chromosome,433777,434943,1167,MEG_4120|Metals|Nickel_resistance|Nickel_MFS_efflux_pumps|NCRAN,MEG_4120|Metals|Nickel_resistance|Nickel_MFS_efflux_pumps|NCRAN,1299,422235,423533,+
Escherichia_coli_B1109,Escherichia_coli_chromosome,476193,477598,1406,MEG_2663|Multi-compound|Biocide_and_metal_resistance|Biocide_and_metal_resistance_protein|DPSA,MEG_2663|Multi-compound|Biocide_and_metal_resistance|Biocide_and_metal_resistance_protein|DPSA,489,464783,465271,+
Escherichia_coli_B1109,Escherichia_coli_chromosome,515894,516544,651,MEG_3294|Multi-compound|Biocide_and_metal_resistance|Biocide_and_metal_resistance_protein|IDER,MEG_3294|Multi-compound|Biocide_and_metal_resistance|Biocide_and_metal_resistance_protein|IDER,693,503567,504259,+
Escherichia_coli_B1109,Escherichia_coli_chromosome,533414,533641,228,MEG_7030|Drugs|Tetracyclines|Tetracycline_resistance_MFS_efflux_pumps|TETA,MEG_7030|Drugs|Tetracyclines|Tetracycline_resistance_MFS_efflux_pumps|TETA,675,521129,521803,+
Escherichia_coli_B1109,Escherichia_coli_chromosome,597759,598505,747,MEG_1713|Metals|Chromium_resistance|Chromium_resistance_protein|CHRC,MEG_1713|Metals|Chromium_resistance|Chromium_resistance_protein|CHRC,594,585921,586514,+
Escherichia_coli_B1109,Escherichia_coli_chromosome,612826,614363,1538,MEG_3595|Drugs|Multi-drug_resistance|Multi-drug_ABC_efflux_pumps|LMRB,MEG_3595|Drugs|Multi-drug_resistance|Multi-drug_ABC_efflux_pumps|LMRB,1434,600835,602268,+
Escherichia_coli_B1109,Escherichia_coli_chromosome,614442,615374,933,MEG_4182|Drugs|Metronidazole|nim_nitroimidazole_reductase|NIMD,MEG_4182|Drugs|Metronidazole|nim_nitroimidazole_reductase|NIMD,495,602347,602841,+
Escherichia_coli_B1109,Escherichia_coli_chromosome,650772,651338,567,MEG_8857|Drugs|betalactams|Class_A_betalactamases|CTX,MEG_8857|Drugs|betalactams|Class_A_betalactamases|CTX,876,638239,639114,+
Escherichia_coli_B1109,Escherichia_coli_chromosome,813494,814867,1374,MEG_3277|Metals|Copper_resistance|Copper_resistance_protein|HPCOPP,MEG_3277|Metals|Copper_resistance|Copper_resistance_protein|HPCOPP,201,801270,801470,+
Escherichia_coli_B1109,Escherichia_coli_chromosome,822438,823019,582,MEG_1710|Metals|Chromium_resistance|Chromium_resistance_protein|CHRB1,MEG_1710|Metals|Chromium_resistance|Chromium_resistance_protein|CHRB1,975,809041,810015,+
Escherichia_coli_B1109,Escherichia_coli_chromosome,884896,885577,682,MEG_3871|Metals|Mercury_resistance|Mercury_resistance_protein|MERG,MEG_3871|Metals|Mercury_resistance|Mercury_resistance_protein|MERG,654,871892,872545,+
Escherichia_coli_B1109,Escherichia_coli_chromosome,886713,887048,336,MEG_4027|Drugs|MLS|Macrolide_phosphotransferases|MPH,MEG_4027|Drugs|MLS|Macrolide_phosphotransferases|MPH,891,873681,874571,+
Escherichia_coli_B1109,Escherichia_coli_chromosome,941277,941669,393,MEG_8700|Multi-compound|Biocide_and_metal_resistance|Biocide_and_metal_ABC_efflux_pumps|SITABCD,MEG_8700|Multi-compound|Biocide_and_metal_resistance|Biocide_and_metal_ABC_efflux_pumps|SITABCD,3459,928800,932258,+
Escherichia_coli_B1109,Escherichia_coli_chromosome,945817,946206,390,MEG_7400|Drugs|Glycopeptides|VanA-type_resistance_protein|VANHA,MEG_7400|Drugs|Glycopeptides|VanA-type_resistance_protein|VANHA,1047,936406,937452,+
Escherichia_coli_B1109,Escherichia_coli_chromosome,946220,946654,435,MEG_2669|Multi-compound|Biocide_and_metal_resistance|Biocide_and_metal_resistance_protein|DPSA,MEG_2669|Multi-compound|Biocide_and_metal_resistance|Biocide_and_metal_resistance_protein|DPSA,489,937466,937954,+
Escherichia_coli_B1109,Escherichia_coli_chromosome,987113,989392,2280,MEG_8808|Drugs|Lipopeptides|Colistin_phosphoethanolamine_transferase|MCR,MEG_8808|Drugs|Lipopeptides|Colistin_phosphoethanolamine_transferase|MCR,1617,978413,980029,+
Escherichia_coli_B1109,Escherichia_coli_chromosome,989912,990673,762,MEG_3866|Metals|Mercury_resistance|Mercury_resistance_protein|MERE,MEG_3866|Metals|Mercury_resistance|Mercury_resistance_protein|MERE,237,980549,980785,+
Escherichia_coli_B1109,Escherichia_coli_chromosome,1001554,1002954,1401,MEG_1575|Drugs|Phenicol|Chloramphenicol_acetyltransferases|CATA,MEG_1575|Drugs|Phenicol|Chloramphenicol_acetyltransferases|CATA,648,991666,992313,+
Escherichia_coli_B1109,Escherichia_coli_chromosome,1003110,1004645,1536,MEG_7157|Drugs|Tetracyclines|Tetracycline_resistance_ribosomal_protection_proteins|TETO,MEG_7157|Drugs|Tetracyclines|Tetracycline_resistance_ribosomal_protection_proteins|TETO,1920,992469,994388,+
Escherichia_coli_B1109,Escherichia_coli_chromosome,1070324,1071906,1583,MEG_1739|Multi-compound|Drug_and_biocide_and_metal_resistance|Drug_and_biocide_and_metal_RND_efflux_pumps|CMEB,MEG_1739|Multi-compound|Drug_and_biocide_and_metal_resistance|Drug_and_biocide_and_metal_RND_efflux_pumps|CMEB,3123,1060067,1063189,+
Escherichia_coli_B1109,Escherichia_coli_chromosome,1114770,1115538,769,MEG_8884|Drugs|betalactams|Class_A_betalactamases|TEM,MEG_8884|Drugs|betalactams|Class_A_betalactamases|TEM,861,1106053,1106913,+
Escherichia_coli_B1109,Escherichia_coli_chromosome,1117560,1120237,2678,MEG_2817|Drugs|MLS|23S_rRNA_methyltransferases|ERMC,MEG_2817|Drugs|MLS|23S_rRNA_methyltransferases|ERMC,735,1108935,1109669,+
Escherichia_coli_B1109,Escherichia_coli_chromosome,1203233,1204021,789,MEG_1027|Drugs|Aminoglycosides|Aminoglycoside_O-phosphotransferases|APH3-DPRIME,MEG_1027|Drugs|Aminoglycosides|Aminoglycoside_O-phosphotransferases|APH3-DPRIME,816,1192665,1193480,+
Escherichia_coli_B1109,Escherichia_coli_chromosome,1288994,1289407,414,MEG_716|Metals|Arsenic_resistance|Arsenite_oxidase_regulator|AIOS,MEG_716|Metals|Arsenic_resistance|Arsenite_oxidase_regulator|AIOS,1467,1278453,1279919,+
Escherichia_coli_B1109,Escherichia_coli_chromosome,1310067,1311167,1101,MEG_1716|Metals|Chromium_resistance|Chromium_resistance_regulator|CHRI,MEG_1716|Metals|Chromium_resistance|Chromium_resistance_regulator|CHRI,495,1300579,1301073,+
Escherichia_coli_B1109,Escherichia_coli_chromosome,1322847,1323125,279,MEG_2690|Metals|Multi-metal_resistance|Multi-metal_resistance_protein|DSBB,MEG_2690|Metals|Multi-metal_resistance|Multi-metal_resistance_protein|DSBB,531,1312753,1313283,+
Escherichia_coli_B1109,Escherichia_coli_chromosome,1347199,1348740,1542,MEG_6140|Biocides|Multi-biocide_resistance|Multi-biocide_resistance_regulator|RPOS,MEG_6140|Biocides|Multi-biocide_resistance|Multi-biocide_resistance_regulator|RPOS,1089,1337357,1338445,+
Escherichia_coli_B1109,Escherichia_coli_chromosome,1348880,1349416,537,MEG_6624|Drugs|Sulfonamides|Sulfonamide-resistant_dihydropteroate_synthases|SULII,MEG_6624|Drugs|Sulfonamides|Sulfonamide-resistant_dihydropteroate_synthases|SULII,816,1338585,1339400,+
Escherichia_coli_B1109,Escherichia_coli_chromosome,1365270,1365536,267,MEG_3678|Drugs|Lipopeptides|Colistin_phosphoethanolamine_transferase|MCR,MEG_3678|Drugs|Lipopeptides|Colistin_phosphoethanolamine_transferase|MCR,1623,1355254,1356876,+
Escherichia_coli_B1109,Escherichia_coli_chromosome,1381839,1382678,840,MEG_1160|Metals|Arsenic_resistance|Arsenic_resistance_protein|ARSC,MEG_1160|Metals|Arsenic_resistance|Arsenic_resistance_protein|ARSC,396,1373179,1373574,+
Escherichia_coli_B1109,Escherichia_coli_chromosome,1425125,1425382,258,MEG_7531|Drugs|Glycopeptides|VanG-type_resistance_protein|VANTG,MEG_7531|Drugs|Glycopeptides|VanG-type_resistance_protein|VANTG,2136,1416021,1418156,+
Escherichia_coli_B1109,Escherichia_coli_chromosome,1425623,1426255,633,MEG_11371|Drugs|MLS|Macrolide_esterases|BRB,MEG_11371|Drugs|MLS|Macrolide_esterases|BRB,852,1418397,1419248,+
Escherichia_coli_B1109,Escherichia_coli_chromosome,1469128,1470336,1209,MEG_1556|Drugs|Phenicol|Chloramphenicol_acetyltransferases|CAT,MEG_1556|Drugs|Phenicol|Chloramphenicol_acetyltransferases|CAT,660,1462121,1462780,+
Escherichia_coli_B1109,Escherichia_coli_chromosome,1478965,1480191,1227,MEG_7271|Biocides|Phenolic_compound_resistance|Phenolic_RND_efflux_pump|TRIA,MEG_7271|Biocides|Phenolic_compound_resistance|Phenolic_RND_efflux_pump|TRIA,1152,1471409,1472560,+
Escherichia_coli_B1109,Escherichia_coli_chromosome,1543874,1544341,468,MEG_6955|Metals|Tellurium_resistance|Tellurium_resistance_protein|TERB,MEG_6955|Metals|Tellurium_resistance|Tellurium_resistance_protein|TERB,456,1536243,1536698,+
Escherichia_coli_B1109,Escherichia_coli_chromosome,1550914,1551495,582,MEG_1193|Multi-compound|Drug_and_biocide_and_metal_resistance|Drug_and_biocide_and_metal_RND_efflux_regulator|BAES,MEG_1193|Multi-compound|Drug_and_biocide_and_metal_resistance|Drug_and_biocide_and_metal_RND_efflux_regulator|BAES,1404,1543271,1544674,+
Escherichia_coli_B1109,Escherichia_coli_chromosome,1661150,1662227,1078,MEG_4102|Drugs|Multi-drug_resistance|Multi-drug_RND_efflux_pumps|MUXC,MEG_4102|Drugs|Multi-drug_resistance|Multi-drug_RND_efflux_pumps|MUXC,3111,1654329,1657439,+
Escherichia_coli_B1109,Escherichia_coli_chromosome,1712870,1714618,1749,MEG_3687|Drugs|Lipopeptides|Colistin_phosphoethanolamine_transferase|MCR,MEG_3687|Drugs|Lipopeptides|Colistin_phosphoethanolamine_transferase|MCR,1623,1708082,1709704,+
Escherichia_coli_B1109,Escherichia_coli_chromosome,1799343,1800065,723,MEG_4123|Metals|Nickel_resistance|Nickel_MFS_efflux_regulator|NCRBN,MEG_4123|Metals|Nickel_resistance|Nickel_MFS_efflux_regulator|NCRBN,270,1794429,1794698,+
Escherichia_coli_B1109,Escherichia_coli_chromosome,1806344,1807576,1233,MEG_8065|Drugs|Trimethoprim|Dihydrofolate_reductase|DFRA,MEG_8065|Drugs|Trimethoprim|Dihydrofolate_reductase|DFRA,501,1800977,1801477,+
Escherichia_coli_B1109,Escherichia_coli_chromosome,1817397,1818629,1233,MEG_3898|Metals|Mercury_resistance|Mercury_resistance_protein|MERT,MEG_3898|Metals|Mercury_resistance|Mercury_resistance_protein|MERT,351,1811298,1811648,+
Escherichia_coli_B1109,Escherichia_coli_chromosome,1849527,1849994,468,MEG_5067|Drugs|betalactams|Class_D_betalactamases|OXA,MEG_5067|Drugs|betalactams|Class_D_betalactamases|OXA,825,1842546,1843370,+
Escherichia_coli_B1109,Escherichia_coli_chromosome,1905565,1906623,1059,MEG_7859|Metals|Zinc_resistance|Zinc_resistance_protein|ZNUC,MEG_7859|Metals|Zinc_resistance|Zinc_resistance_protein|ZNUC,756,1898941,1899696,+
Escherichia_coli_B1109,Escherichia_coli_chromosome,1906625,1908088,1464,MEG_1129|Drugs|Rifampin|Rifampin_ADP-ribosyltransferase_Arr|ARR,MEG_1129|Drugs|Rifampin|Rifampin_ADP-ribosyltransferase_Arr|ARR,453,1899698,1900150,+
Escherichia_coli_B1109,Escherichia_coli_chromosome,1908533,1909321,789,MEG_4310|Drugs|Multi-drug_resistance|Multi-drug_ABC_efflux_pumps|OPTRA,MEG_4310|Drugs|Multi-drug_resistance|Multi-drug_ABC_efflux_pumps|OPTRA,1968,1900595,1902562,+
Escherichia_coli_B1109,Escherichia_coli_chromosome,1918354,1919295,942,MEG_7682|Drugs|Multi-drug_resistance|Multi-drug_ABC_efflux_pumps|VGA,MEG_7682|Drugs|Multi-drug_resistance|Multi-drug_ABC_efflux_pumps|VGA,1569,1911595,1913163,+
Escherichia_coli_B1109,Escherichia_coli_chromosome,1981447,1982124,678,MEG_551|Drugs|betalactams|Class_C_betalactamases|ADC,MEG_551|Drugs|betalactams|Class_C_betalactamases|ADC,1155,1975315,1976469,+
Escherichia_coli_B1109,Escherichia_coli_chromosome,1986316,1986459,144,MEG_6089|Drugs|Rifampin|Rifampin_phosphotransferase|RPH,MEG_6089|Drugs|Rifampin|Rifampin_phosphotransferase|RPH,2655,1980661,1983315,+
Escherichia_coli_B1109,Escherichia_coli_chromosome,2011449,2012271,823,MEG_3750|Multi-compound|Drug_and_biocide_and_metal_resistance|Drug_and_biocide_and_metal_RND_efflux_pumps|MDTC,MEG_3750|Multi-compound|Drug_and_biocide_and_metal_resistance|Drug_and_biocide_and_metal_RND_efflux_pumps|MDTC,3081,2008305,2011385,+
Escherichia_coli_B1109,Escherichia_coli_chromosome,2012296,2013834,1539,MEG_1745|Multi-compound|Drug_and_biocide_and_metal_resistance|Drug_and_biocide_and_metal_RND_efflux_pumps|CMEF,MEG_1745|Multi-compound|Drug_and_biocide_and_metal_resistance|Drug_and_biocide_and_metal_RND_efflux_pumps|CMEF,3018,2011410,2014427,+
Escherichia_coli_B1109,Escherichia_coli_chromosome,2018585,2020195,1611,MEG_2828|Drugs|MLS|23S_rRNA_methyltransferases|ERMF,MEG_2828|Drugs|MLS|23S_rRNA_methyltransferases|ERMF,801,2019178,2019978,+
Escherichia_coli_B1109,Escherichia_coli_chromosome,2033761,2035662,1902,MEG_2880|Drugs|Elfamycins|Elfamycin_efflux_pumps|FACT,MEG_2880|Drugs|Elfamycins|Elfamycin_efflux_pumps|FACT,1680,2033544,2035223,+
Escherichia_coli_B1109,Escherichia_coli_chromosome,2100121,2103264,3144,MEG_5834|Multi-compound|Drug_and_biocide_resistance|Drug_and_biocide_SMR_efflux_pumps|QACF,MEG_5834|Multi-compound|Drug_and_biocide_resistance|Drug_and_biocide_SMR_efflux_pumps|QACF,333,2099682,2100014,+
Escherichia_coli_B1109,Escherichia_coli_chromosome,2103276,2104499,1224,MEG_2015|Metals|Multi-metal_resistance|Multi-metal_resistance_protein|CNRY,MEG_2015|Metals|Multi-metal_resistance|Multi-metal_resistance_protein|CNRY,288,2100026,2100313,+
Escherichia_coli_B1109,Escherichia_coli_chromosome,2104515,2104847,333,MEG_1886|Drugs|betalactams|Class_C_betalactamases|CMY,MEG_1886|Drugs|betalactams|Class_C_betalactamases|CMY,1146,2100329,2101474,+
Escherichia_coli_B1109,Escherichia_coli_chromosome,2105234,2106253,1020,MEG_1711|Metals|Chromium_resistance|Chromium_resistance_protein|CHRB1,MEG_1711|Metals|Chromium_resistance|Chromium_resistance_protein|CHRB1,894,2101861,2102754,+
Escherichia_coli_B1109,Escherichia_coli_chromosome,2106410,2108525,2116,MEG_7592|Drugs|Glycopeptides|VanA-type_accessory_protein|VANYA,MEG_7592|Drugs|Glycopeptides|VanA-type_accessory_protein|VANYA,894,2102911,2103804,+
Escherichia_coli_B1109,Escherichia_coli_chromosome,2163207,2164650,1444,MEG_7780|Biocides|Multi-biocide_resistance|Multi-biocide_RND_efflux_pump|VMEA,MEG_7780|Biocides|Multi-biocide_resistance|Multi-biocide_RND_efflux_pump|VMEA,1140,2158486,2159625,+
Escherichia_coli_B1109,Escherichia_coli_chromosome,2166169,2166576,408,MEG_6519|Biocides|Multi-biocide_resistance|Multi-biocide_ABC_efflux_pump|SMDA,MEG_6519|Biocides|Multi-biocide_resistance|Multi-biocide_ABC_efflux_pump|SMDA,1776,2161144,2162919,+
Escherichia_coli_B1109,Escherichia_coli_chromosome,2169190,2171694,2505,MEG_8649|Multi-compound|Drug_and_biocide_resistance|Drug_and_biocide_SMR_efflux_pumps|QACH,MEG_8649|Multi-compound|Drug_and_biocide_resistance|Drug_and_biocide_SMR_efflux_pumps|QACH,378,2165533,2165910,+
Escherichia_coli_B1109,Escherichia_coli_chromosome,2194950,2196143,1194,MEG_4273|Drugs|betalactams|Class_A_betalactamases|OKP,MEG_4273|Drugs|betalactams|Class_A_betalactamases|OKP,846,2189166,2190011,+
Escherichia_coli_B1109,Escherichia_coli_chromosome,2196166,2199315,3150,MEG_3859|Metals|Mercury_resistance|Mercury_resistance_protein|MERC,MEG_3859|Metals|Mercury_resistance|Mercury_resistance_protein|MERC,435,2190034,2190468,+
Escherichia_coli_B1109,Escherichia_coli_chromosome,2208170,2209915,1746,MEG_6595|Drugs|Sulfonamides|Sulfonamide-resistant_dihydropteroate_synthases|SULI,MEG_6595|Drugs|Sulfonamides|Sulfonamide-resistant_dihydropteroate_synthases|SULI,840,2199323,2200162,+
Escherichia_coli_B1109,Escherichia_coli_chromosome,2285632,2286789,1158,MEG_4166|Metals|Multi-metal_resistance|Multi-metal_resistance_protein|NIA,MEG_4166|Metals|Multi-metal_resistance|Multi-metal_resistance_protein|NIA,2400,2275879,2278278,+
Escherichia_coli_B1109,Escherichia_coli_chromosome,2299750,2300859,1110,MEG_192|Drugs|Aminoglycosides|Aminoglycoside_N-acetyltransferases|AAC6-PRIME,MEG_192|Drugs|Aminoglycosides|Aminoglycoside_N-acetyltransferases|AAC6-PRIME,474,2291239,2291712,+
Escherichia_coli_B1109,Escherichia_coli_chromosome,2437916,2438626,711,MEG_3005|Drugs|Fosfomycin|Fosfomycin_thiol_transferases|FOSB,MEG_3005|Drugs|Fosfomycin|Fosfomycin_thiol_transferases|FOSB,420,2428769,2429188,+
Escherichia_coli_B1109,Escherichia_coli_chromosome,2515262,2516812,1551,MEG_7773|Biocides|Multi-biocide_resistance|Multi-biocide_RND_efflux_pump|VMEA,MEG_7773|Biocides|Multi-biocide_resistance|Multi-biocide_RND_efflux_pump|VMEA,1140,2505824,2506963,+
Escherichia_coli_B1109,Escherichia_coli_chromosome,2568583,2569527,945,MEG_4294|Drugs|Multi-drug_resistance|Multi-drug_RND_efflux_pumps|OPMH,MEG_4294|Drugs|Multi-drug_resistance|Multi-drug_RND_efflux_pumps|OPMH,1449,2558734,2560182,+
Escherichia_coli_B1109,Escherichia_coli_chromosome,2596802,2599156,2355,MEG_1154|Metals|Arsenic_resistance|Arsenic_resistance_protein|ARSC,MEG_1154|Metals|Arsenic_resistance|Arsenic_resistance_protein|ARSC,396,2587457,2587852,+
Escherichia_coli_B1109,Escherichia_coli_chromosome,2602305,2602682,378,MEG_3868|Metals|Mercury_resistance|Mercury_resistance_protein|MERE,MEG_3868|Metals|Mercury_resistance|Mercury_resistance_protein|MERE,237,2591001,2591237,+
Escherichia_coli_B1109,Escherichia_coli_chromosome,2636034,2637200,1167,MEG_2536|Drugs|Trimethoprim|Dihydrofolate_reductase|DFRA,MEG_2536|Drugs|Trimethoprim|Dihydrofolate_reductase|DFRA,474,2624589,2625062,+
Escherichia_coli_B1109,Escherichia_coli_chromosome,2661030,2661899,870,MEG_2874|Biocides|Phenolic_compound_resistance|Phenolic_resistance_protein|FABI,MEG_2874|Biocides|Phenolic_compound_resistance|Phenolic_resistance_protein|FABI,771,2648892,2649662,+
Escherichia_coli_B1109,Escherichia_coli_chromosome,2715843,2717075,1233,MEG_7803|Biocides|Multi-biocide_resistance|Multi-biocide_MATE_efflux_pump|VMRA,MEG_7803|Biocides|Multi-biocide_resistance|Multi-biocide_MATE_efflux_pump|VMRA,1344,2703606,2704949,+
Escherichia_coli_B1109,Escherichia_coli_chromosome,2790664,2792388,1725,MEG_1743|Multi-compound|Drug_and_biocide_and_metal_resistance|Drug_and_biocide_and_metal_RND_efflux_pumps|CMED,MEG_1743|Multi-compound|Drug_and_biocide_and_metal_resistance|Drug_and_biocide_and_metal_RND_efflux_pumps|CMED,1275,2778538,2779812,+
Escherichia_coli_B1109,Escherichia_coli_chromosome,2818761,2821457,2697,MEG_1568|Drugs|Phenicol|Chloramphenicol_acetyltransferases|CATA,MEG_1568|Drugs|Phenicol|Chloramphenicol_acetyltransferases|CATA,642,2806185,2806826,+
Escherichia_coli_B1109,Escherichia_coli_chromosome,2916772,2917905,1134,MEG_10802|Drugs|betalactams|Class_A_betalactamases|LEN,MEG_10802|Drugs|betalactams|Class_A_betalactamases|LEN,861,2902141,2903001,+
Escherichia_coli_B1109,Escherichia_coli_chromosome,2918524,2918991,468,MEG_7213|Drugs|Tetracyclines|Tetracycline_resistance_ribosomal_protection_proteins|TETW,MEG_7213|Drugs|Tetracyclines|Tetracycline_resistance_ribosomal_protection_proteins|TETW,1920,2903620,2905539,+
Escherichia_coli_B1109,Escherichia_coli_chromosome,2930360,2930698,339,MEG_945|Drugs|Aminoglycosides|Aminoglycoside_O-nucleotidyltransferases|ANT3-DPRIME,MEG_945|Drugs|Aminoglycosides|Aminoglycoside_O-nucleotidyltransferases|ANT3-DPRIME,798,2916908,2917705,+
Escherichia_coli_B1109,Escherichia_coli_chromosome,2950535,2952178,1644,MEG_2537|Drugs|Trimethoprim|Dihydrofolate_reductase|DFRA,MEG_2537|Drugs|Trimethoprim|Dihydrofolate_reductase|DFRA,474,2937542,2938015,+
Escherichia_coli_B1109,Escherichia_coli_chromosome,2982016,2986561,4546,MEG_3622|Biocides|Acetate_resistance|Acetate_resistance_protein|LPDT,MEG_3622|Biocides|Acetate_resistance|Acetate_resistance_protein|LPDT,2355,2967853,2970207,+
Escherichia_coli_B1109,Escherichia_coli_chromosome,3001112,3002761,1650,MEG_3731|Drugs|Lipopeptides|Colistin_phosphoethanolamine_transferase|MCR,MEG_3731|Drugs|Lipopeptides|Colistin_phosphoethanolamine_transferase|MCR,1620,2984758,2986377,+
Escherichia_coli_B1109,Escherichia_coli_chromosome,3008080,3008544,465,MEG_1131|Drugs|Rifampin|Rifampin_ADP-ribosyltransferase_Arr|ARR,MEG_1131|Drugs|Rifampin|Rifampin_ADP-ribosyltransferase_Arr|ARR,453,2991696,2992148,+
Escherichia_coli_B1109,Escherichia_coli_chromosome,3008630,3008953,324,MEG_11335|Metals|Multi-metal_resistance|Multi-metal_resistance_regulator|CADC,MEG_11335|Metals|Multi-metal_resistance|Multi-metal_resistance_regulator|CADC,360,2992234,2992593,+
Escherichia_coli_B1109,Escherichia_coli_chromosome,3026010,3026525,516,MEG_7545|Drugs|Glycopeptides|VanI-type_accessory_protein|VANWI,MEG_7545|Drugs|Glycopeptides|VanI-type_accessory_protein|VANWI,1122,3009650,3010771,+
Escherichia_coli_B1109,Escherichia_coli_chromosome,3062385,3063209,825,MEG_6979|Drugs|Tetracyclines|Tetracycline_resistance_ribosomal_protection_proteins|TET36,MEG_6979|Drugs|Tetracyclines|Tetracycline_resistance_ribosomal_protection_proteins|TET36,1923,3046631,3048553,+
Escherichia_coli_B1109,Escherichia_coli_chromosome,3072494,3072877,384,MEG_6987|Drugs|Tetracyclines|Tetracycline_resistance_MFS_efflux_pumps|TET39,MEG_6987|Drugs|Tetracyclines|Tetracycline_resistance_MFS_efflux_pumps|TET39,1188,3057838,3059025,+
Escherichia_coli_B1109,Escherichia_coli_chromosome,3081467,3084186,2720,MEG_2931|Drugs|Phenicol|Phenicol_resistance_MFS_efflux_pumps|FLOR,MEG_2931|Drugs|Phenicol|Phenicol_resistance_MFS_efflux_pumps|FLOR,1215,3067615,3068829,+
Escherichia_coli_B1109,Escherichia_coli_chromosome,3167935,3168780,846,MEG_3942|Drugs|Fluoroquinolones|Quinolone_resistance_protein_Qnr|MFPA,MEG_3942|Drugs|Fluoroquinolones|Quinolone_resistance_protein_Qnr|MFPA,552,3152578,3153129,+
Escherichia_coli_B1109,Escherichia_coli_chromosome,3178654,3179556,903,MEG_11331|Metals|Arsenic_resistance|Arsenic_resistance_regulator|ARSR,MEG_11331|Metals|Arsenic_resistance|Arsenic_resistance_regulator|ARSR,366,3163003,3163368,+
Escherichia_coli_B1109,Escherichia_coli_chromosome,3180355,3182423,2069,MEG_1578|Drugs|Phenicol|Chloramphenicol_acetyltransferases|CATA,MEG_1578|Drugs|Phenicol|Chloramphenicol_acetyltransferases|CATA,660,3164167,3164826,+
Escherichia_coli_B1109,Escherichia_coli_chromosome,3184595,3185215,621,MEG_5417|Metals|Copper_resistance|Copper_resistance_protein|PCOB,MEG_5417|Metals|Copper_resistance|Copper_resistance_protein|PCOB,1020,3166998,3168017,+
Escherichia_coli_B1109,Escherichia_coli_chromosome,3241981,3242607,627,MEG_6642|Drugs|Sulfonamides|Sulfonamide_monooxygenase|SULX,MEG_6642|Drugs|Sulfonamides|Sulfonamide_monooxygenase|SULX,1272,3224783,3226054,+
Escherichia_coli_B1109,Escherichia_coli_chromosome,3283548,3284498,951,MEG_5862|Drugs|Fluoroquinolones|Quinolone_active_efflux|QEPA,MEG_5862|Drugs|Fluoroquinolones|Quinolone_active_efflux|QEPA,1521,3266995,3268515,+
Escherichia_coli_B1109,Escherichia_coli_chromosome,3374400,3375440,1041,MEG_396|Metals|Iron_resistance|Iron_resistance_protein|ACN,MEG_396|Metals|Iron_resistance|Iron_resistance_protein|ACN,2832,3358417,3361248,+
Escherichia_coli_B1109,Escherichia_coli_chromosome,3375527,3377376,1850,MEG_11364|Metals|Arsenic_resistance|Arsenic_resistance_N-acetyltransferases|ARSN2,MEG_11364|Metals|Arsenic_resistance|Arsenic_resistance_N-acetyltransferases|ARSN2,435,3361335,3361769,+
Escherichia_coli_B1109,Escherichia_coli_chromosome,3377559,3378332,774,MEG_4164|Metals|Sodium_resistance|Sodium_resistance_protein|NHAB,MEG_4164|Metals|Sodium_resistance|Sodium_resistance_protein|NHAB,1542,3361952,3363493,+
Escherichia_coli_B1109,Escherichia_coli_chromosome,3390713,3391279,567,MEG_7008|Drugs|Tetracyclines|Tetracycline_resistance_MFS_efflux_pumps|TET55,MEG_7008|Drugs|Tetracyclines|Tetracycline_resistance_MFS_efflux_pumps|TET55,1158,3375874,3377031,+
Escherichia_coli_B1109,Escherichia_coli_chromosome,3418509,3418922,414,MEG_2867|Biocides|Acid_resistance|Acid_resistance_regulator|EVGA,MEG_2867|Biocides|Acid_resistance|Acid_resistance_regulator|EVGA,615,3404261,3404875,+
Escherichia_coli_B1109,Escherichia_coli_chromosome,3419028,3419462,435,MEG_11395|Drugs|Fosfomycin|Fosfomycin_thiol_transferases|FOSS,MEG_11395|Drugs|Fosfomycin|Fosfomycin_thiol_transferases|FOSS,417,3404981,3405397,+
Escherichia_coli_B1109,Escherichia_coli_chromosome,3430825,3432015,1191,MEG_2654|Metals|Copper_resistance|Copper_resistance_protein|DNAK,MEG_2654|Metals|Copper_resistance|Copper_resistance_protein|DNAK,1878,3416760,3418637,+
Escherichia_coli_B1109,Escherichia_coli_chromosome,3677911,3679311,1401,MEG_1141|Metals|Arsenic_resistance|Arsenic_resistance_protein|ARRB,MEG_1141|Metals|Arsenic_resistance|Arsenic_resistance_protein|ARRB,705,3664533,3665237,+
Escherichia_coli_B1109,Escherichia_coli_chromosome,3679681,3680505,825,MEG_11307|Drugs|Trimethoprim|Dihydrofolate_reductase|DFRB,MEG_11307|Drugs|Trimethoprim|Dihydrofolate_reductase|DFRB,237,3665607,3665843,+
Escherichia_coli_B1109,Escherichia_coli_chromosome,3680873,3681601,729,MEG_6054|Drugs|Rifampin|Rifampin_glycosyltransferase|RGT,MEG_6054|Drugs|Rifampin|Rifampin_glycosyltransferase|RGT,1236,3666211,3667446,+
Escherichia_coli_B1109,Escherichia_coli_chromosome,3681964,3685077,3114,MEG_1159|Metals|Arsenic_resistance|Arsenic_resistance_protein|ARSC,MEG_1159|Metals|Arsenic_resistance|Arsenic_resistance_protein|ARSC,420,3667809,3668228,+
Escherichia_coli_B1109,Escherichia_coli_chromosome,3685102,3686259,1158,MEG_7804|Drugs|Mycobacterium_tuberculosis-specific_Drug|Viomycin_phosphotransferases|VPH,MEG_7804|Drugs|Mycobacterium_tuberculosis-specific_Drug|Viomycin_phosphotransferases|VPH,864,3668253,3669116,+
Escherichia_coli_B1109,Escherichia_coli_chromosome,3686598,3687080,483,MEG_8690|Drugs|Multi-drug_resistance|Multi-drug_ABC_efflux_pumps|SALD,MEG_8690|Drugs|Multi-drug_resistance|Multi-drug_ABC_efflux_pumps|SALD,1635,3669455,3671089,+
Escherichia_coli_B1109,Escherichia_coli_chromosome,3693631,3694062,432,MEG_6535|Biocides|Multi-biocide_resistance|Multi-biocide_ABC_efflux_pump|SMRA,MEG_6535|Biocides|Multi-biocide_resistance|Multi-biocide_ABC_efflux_pump|SMRA,1830,3677640,3679469,+
Escherichia_coli_B1109,Escherichia_coli_chromosome,3694068,3698983,4916,MEG_3753|Multi-compound|Drug_and_biocide_resistance|Drug_and_biocide_MFS_efflux_pumps|MDTG,MEG_3753|Multi-compound|Drug_and_biocide_resistance|Drug_and_biocide_MFS_efflux_pumps|MDTG,1227,3679475,3680701,+
Escherichia_coli_B1109,Escherichia_coli_chromosome,3704001,3706199,2199,MEG_2079|Metals|Copper_resistance|Copper_resistance_protein|COPV,MEG_2079|Metals|Copper_resistance|Copper_resistance_protein|COPV,354,3685719,3686072,+
Escherichia_coli_B1109,Escherichia_coli_chromosome,3825137,3825769,633,MEG_1133|Drugs|Rifampin|Rifampin_ADP-ribosyltransferase_Arr|ARR,MEG_1133|Drugs|Rifampin|Rifampin_ADP-ribosyltransferase_Arr|ARR,453,3805010,3805462,+
Escherichia_coli_B1109,Escherichia_coli_chromosome,3872759,3873184,426,MEG_4204|Biocides|Paraquat_resistance|Paraquat_resistance_protein|NMPC,MEG_4204|Biocides|Paraquat_resistance|Paraquat_resistance_protein|NMPC,849,3852452,3853300,+
Escherichia_coli_B1109,Escherichia_coli_chromosome,3893753,3896857,3105,MEG_1581|Drugs|Phenicol|Chloramphenicol_acetyltransferases|CATA,MEG_1581|Drugs|Phenicol|Chloramphenicol_acetyltransferases|CATA,648,3873869,3874516,+
Escherichia_coli_B1109,Escherichia_coli_chromosome,3896869,3898026,1158,MEG_4189|Drugs|Metronidazole|nim_nitroimidazole_reductase|NIMI,MEG_4189|Drugs|Metronidazole|nim_nitroimidazole_reductase|NIMI,457,3874528,3874984,+
Escherichia_coli_B1109,Escherichia_coli_chromosome,3898425,3899087,663,MEG_1128|Drugs|Rifampin|Rifampin_ADP-ribosyltransferase_Arr|ARR,MEG_1128|Drugs|Rifampin|Rifampin_ADP-ribosyltransferase_Arr|ARR,432,3875383,3875814,+
Escherichia_coli_B1109,Escherichia_coli_chromosome,3926089,3926403,315,MEG_1589|Drugs|Phenicol|Chloramphenicol_acetyltransferases|CATA,MEG_1589|Drugs|Phenicol|Chloramphenicol_acetyltransferases|CATA,642,3902816,3903457,+
Escherichia_coli_B1109,Escherichia_coli_chromosome,4096493,4097257,765,MEG_4194|Drugs|Metronidazole|nim_nitroimidazole_reductase|NIMJ,MEG_4194|Drugs|Metronidazole|nim_nitroimidazole_reductase|NIMJ,498,4073547,4074044,+
Escherichia_coli_B1109,Escherichia_coli_chromosome,4108853,4109674,822,MEG_7537|Drugs|Glycopeptides|VanA-type_accessory_protein|VANWA,MEG_7537|Drugs|Glycopeptides|VanA-type_accessory_protein|VANWA,816,4085640,4086455,+
Escherichia_coli_B1109,Escherichia_coli_chromosome,4128325,4129122,798,MEG_10008|Drugs|Rifampin|Rifampin-resistant_beta-subunit_of_RNA_polymerase_RpoB|RPOB,MEG_10008|Drugs|Rifampin|Rifampin-resistant_beta-subunit_of_RNA_polymerase_RpoB|RPOB,4029,4105106,4109134,+
Escherichia_coli_B1109,Escherichia_coli_chromosome,4132052,4133539,1488,MEG_7272|Biocides|Phenolic_compound_resistance|Phenolic_RND_efflux_pump|TRIAP,MEG_7272|Biocides|Phenolic_compound_resistance|Phenolic_RND_efflux_pump|TRIAP,618,4112064,4112681,+
Escherichia_coli_B1109,Escherichia_coli_chromosome,4141972,4142364,393,MEG_7168|Drugs|Tetracyclines|Tetracycline_resistance_ribosomal_protection_proteins|TETO,MEG_7168|Drugs|Tetracyclines|Tetracycline_resistance_ribosomal_protection_proteins|TETO,1920,4121114,4123033,+
Escherichia_coli_B1109,Escherichia_coli_chromosome,4175276,4176768,1493,MEG_5822|Multi-compound|Drug_and_biocide_resistance|Drug_and_biocide_MFS_efflux_pumps|QACAB,MEG_5822|Multi-compound|Drug_and_biocide_resistance|Drug_and_biocide_MFS_efflux_pumps|QACAB,1545,4155945,4157489,+
Escherichia_coli_B1109,Escherichia_coli_chromosome,4287909,4288619,711,MEG_7002|Drugs|Tetracyclines|Tetracycline_resistance_MFS_efflux_pumps|TET49,MEG_7002|Drugs|Tetracyclines|Tetracycline_resistance_MFS_efflux_pumps|TET49,1164,4268630,4269793,+
Escherichia_coli_B1109,Escherichia_coli_chromosome,4458335,4459363,1029,MEG_11497|Drugs|Metronidazole|nim_nitroimidazole_reductase|NIMI,MEG_11497|Drugs|Metronidazole|nim_nitroimidazole_reductase|NIMI,498,4439509,4440006,+
Escherichia_coli_B1109,Escherichia_coli_chromosome,4572564,4573247,684,MEG_7482|Drugs|Glycopeptides|VanL-type_regulator|VANRI,MEG_7482|Drugs|Glycopeptides|VanL-type_regulator|VANRI,699,4553207,4553905,+
Escherichia_coli_B1109,Escherichia_coli_chromosome,4710663,4711139,477,MEG_2139|Metals|Multi-metal_resistance|Multi-metal_resistance_protein|CTPC,MEG_2139|Metals|Multi-metal_resistance|Multi-metal_resistance_protein|CTPC,2157,4691321,4693477,+
Escherichia_coli_B1109,Escherichia_coli_chromosome,4731817,4734930,3114,MEG_2899|Multi-compound|Biocide_and_metal_resistance|Biocide_and_metal_ABC_efflux_pumps|FETB,MEG_2899|Multi-compound|Biocide_and_metal_resistance|Biocide_and_metal_ABC_efflux_pumps|FETB,807,4714155,4714961,+
Escherichia_coli_B3008,Escherichia_coli_B3008,96874,98247,1374,MEG_502|Metals|Tellurium_resistance|Tellurium_resistance_protein|ACTP1,MEG_502|Metals|Tellurium_resistance|Tellurium_resistance_protein|ACTP1,1656,96874,98529,+
Escherichia_coli_B3008,Escherichia_coli_B3008,105729,106310,582,MEG_11500|Drugs|Metronidazole|nim_nitroimidazole_reductase|NIMH,MEG_11500|Drugs|Metronidazole|nim_nitroimidazole_reductase|NIMH,495,106011,106505,+
Escherichia_coli_B3008,Escherichia_coli_B3008,168004,168685,682,MEG_2656|Multi-compound|Biocide_and_metal_resistance|Biocide_and_metal_resistance_protein|DPR,MEG_2656|Multi-compound|Biocide_and_metal_resistance|Biocide_and_metal_resistance_protein|DPR,519,168199,168717,+
Escherichia_coli_B3008,Escherichia_coli_B3008,169821,170156,336,MEG_2838|Drugs|MLS|23S_rRNA_methyltransferases|ERMN,MEG_2838|Drugs|MLS|23S_rRNA_methyltransferases|ERMN,876,169853,170728,+
Escherichia_coli_B3008,Escherichia_coli_B3008,244385,244777,393,MEG_1777|Drugs|Phenicol|Chloramphenicol_phosphotransferase|CMLV,MEG_1777|Drugs|Phenicol|Chloramphenicol_phosphotransferase|CMLV,1239,244957,246195,+
Escherichia_coli_B3008,Escherichia_coli_B3008,248925,249314,390,MEG_9571|Drugs|betalactams|Class_D_betalactamases|OXA,MEG_9571|Drugs|betalactams|Class_D_betalactamases|OXA,825,250343,251167,+
Escherichia_coli_B3008,Escherichia_coli_B3008,249328,249762,435,MEG_1588|Drugs|Phenicol|Chloramphenicol_acetyltransferases|CATA,MEG_1588|Drugs|Phenicol|Chloramphenicol_acetyltransferases|CATA,642,251181,251822,+
Escherichia_coli_B3008,Escherichia_coli_B3008,282393,284672,2280,MEG_2766|Drugs|MLS|23S_rRNA_methyltransferases|ERM,MEG_2766|Drugs|MLS|23S_rRNA_methyltransferases|ERM,732,284453,285184,+
Escherichia_coli_B3008,Escherichia_coli_B3008,285192,285953,762,MEG_6058|Drugs|MLS|23S_rRNA_methyltransferases|RLMH,MEG_6058|Drugs|MLS|23S_rRNA_methyltransferases|RLMH,480,285704,286183,+
Escherichia_coli_B3008,Escherichia_coli_B3008,296834,298234,1401,MEG_3880|Metals|Mercury_resistance|Mercury_resistance_regulator|MERR,MEG_3880|Metals|Mercury_resistance|Mercury_resistance_regulator|MERR,435,297064,297498,+
Escherichia_coli_B3008,Escherichia_coli_B3008,298390,299925,1536,MEG_1156|Metals|Arsenic_resistance|Arsenic_resistance_protein|ARSC,MEG_1156|Metals|Arsenic_resistance|Arsenic_resistance_protein|ARSC,396,297654,298049,+
Escherichia_coli_B3008,Escherichia_coli_B3008,374200,375782,1583,MEG_2021|Metals|Copper_resistance|Copper_resistance_protein|COPA,MEG_2021|Metals|Copper_resistance|Copper_resistance_protein|COPA,1926,372324,374249,+
Escherichia_coli_B3008,Escherichia_coli_B3008,500610,501398,789,MEG_6170|Drugs|Nucleosides|Streptothricin_acetyltransferase|SAT,MEG_6170|Drugs|Nucleosides|Streptothricin_acetyltransferase|SAT,543,499077,499619,+
Escherichia_coli_B3008,Escherichia_coli_B3008,557521,557934,414,MEG_8216|Drugs|betalactams|Class_A_betalactamases|LEN,MEG_8216|Drugs|betalactams|Class_A_betalactamases|LEN,861,555742,556602,+
Escherichia_coli_B3008,Escherichia_coli_B3008,578774,579874,1101,MEG_3876|Metals|Mercury_resistance|Mercury_resistance_protein|MERP,MEG_3876|Metals|Mercury_resistance|Mercury_resistance_protein|MERP,342,577442,577783,+
Escherichia_coli_B3008,Escherichia_coli_B3008,591553,591831,279,MEG_11442|Multi-compound|Drug_and_biocide_and_metal_resistance|Drug_and_biocide_and_metal_RND_efflux_pumps|CMEA,MEG_11442|Multi-compound|Drug_and_biocide_and_metal_resistance|Drug_and_biocide_and_metal_RND_efflux_pumps|CMEA,1104,589462,590565,+
Escherichia_coli_B3008,Escherichia_coli_B3008,615905,617446,1542,MEG_2559|Drugs|Trimethoprim|Dihydrofolate_reductase|DFRB,MEG_2559|Drugs|Trimethoprim|Dihydrofolate_reductase|DFRB,237,614639,614875,+
Escherichia_coli_B3008,Escherichia_coli_B3008,617586,618122,537,MEG_6960|Metals|Tellurium_resistance|Tellurium_resistance_protein|TERW,MEG_6960|Metals|Tellurium_resistance|Tellurium_resistance_protein|TERW,468,615015,615482,+
Escherichia_coli_B3008,Escherichia_coli_B3008,634752,635018,267,MEG_11245|Drugs|Fosfomycin|Fosfomycin_thiol_transferases|FOSA,MEG_11245|Drugs|Fosfomycin|Fosfomycin_thiol_transferases|FOSA,423,632112,632534,+
Escherichia_coli_B3008,Escherichia_coli_B3008,665567,665824,258,MEG_2513|Drugs|Trimethoprim|Dihydrofolate_reductase|DFRA,MEG_2513|Drugs|Trimethoprim|Dihydrofolate_reductase|DFRA,474,663083,663556,+
Escherichia_coli_B3008,Escherichia_coli_B3008,666065,666697,633,MEG_1747|Multi-compound|Drug_and_biocide_and_metal_resistance|Drug_and_biocide_and_metal_RND_efflux_regulator|CMER,MEG_1747|Multi-compound|Drug_and_biocide_and_metal_resistance|Drug_and_biocide_and_metal_RND_efflux_regulator|CMER,633,663797,664429,+
Escherichia_coli_B3008,Escherichia_coli_B3008,709598,710806,1209,MEG_5910|Drugs|Fluoroquinolones|Quinolone_resistance_protein_Qnr|QNRB,MEG_5910|Drugs|Fluoroquinolones|Quinolone_resistance_protein_Qnr|QNRB,645,707330,707974,+
Escherichia_coli_B3008,Escherichia_coli_B3008,719437,720663,1227,MEG_2030|Metals|Copper_resistance|Copper_resistance_protein|COPA,MEG_2030|Metals|Copper_resistance|Copper_resistance_protein|COPA,2184,716605,718788,+
Escherichia_coli_B3008,Escherichia_coli_B3008,815285,816362,1078,MEG_1579|Drugs|Phenicol|Chloramphenicol_acetyltransferases|CATA,MEG_1579|Drugs|Phenicol|Chloramphenicol_acetyltransferases|CATA,648,813410,814057,+
Escherichia_coli_B3008,Escherichia_coli_B3008,867004,868752,1749,MEG_5913|Drugs|Fluoroquinolones|Quinolone_resistance_protein_Qnr|QNRB,MEG_5913|Drugs|Fluoroquinolones|Quinolone_resistance_protein_Qnr|QNRB,645,864699,865343,+
Escherichia_coli_B3008,Escherichia_coli_B3008,944287,945009,723,MEG_11365|Metals|Arsenic_resistance|Arsenic_resistance_N-acetyltransferases|ARSN2,MEG_11365|Metals|Arsenic_resistance|Arsenic_resistance_N-acetyltransferases|ARSN2,429,940878,941306,+
Escherichia_coli_B3008,Escherichia_coli_B3008,986187,987419,1233,MEG_2083|Metals|Copper_resistance|Copper_resistance_regulator|COPZ,MEG_2083|Metals|Copper_resistance|Copper_resistance_regulator|COPZ,210,982484,982693,+
Escherichia_coli_B3008,Escherichia_coli_B3008,1017765,1018232,468,MEG_2046|Metals|Copper_resistance|Copper_resistance_protein|COPC,MEG_2046|Metals|Copper_resistance|Copper_resistance_protein|COPC,375,1013039,1013413,+
Escherichia_coli_B3008,Escherichia_coli_B3008,1082966,1084024,1059,MEG_4297|Biocides|Multi-biocide_resistance|Multi-biocide_RND_efflux_pump|OPRJ,MEG_4297|Biocides|Multi-biocide_resistance|Multi-biocide_RND_efflux_pump|OPRJ,1440,1078147,1079586,+
Escherichia_coli_B3008,Escherichia_coli_B3008,1084026,1085489,1464,MEG_4210|Multi-compound|Drug_and_biocide_resistance|Drug_and_biocide_MFS_efflux_pumps|NORB,MEG_4210|Multi-compound|Drug_and_biocide_resistance|Drug_and_biocide_MFS_efflux_pumps|NORB,1392,1079588,1080979,+
Escherichia_coli_B3008,Escherichia_coli_B3008,1085934,1086722,789,MEG_4061|Drugs|Multi-drug_resistance|Multi-drug_ABC_efflux_pumps|MSBA,MEG_4061|Drugs|Multi-drug_resistance|Multi-drug_ABC_efflux_pumps|MSBA,1749,1081424,1083172,+
Escherichia_coli_B3008,Escherichia_coli_B3008,1095755,1096696,942,MEG_3434|Drugs|Rifampin|Monooxygenase|IRI,MEG_3434|Drugs|Rifampin|Monooxygenase|IRI,1440,1092205,1093644,+
Escherichia_coli_B3008,Escherichia_coli_B3008,1159583,1160260,678,MEG_11228|Metals|Mercury_resistance|Mercury_resistance_protein|MERB,MEG_11228|Metals|Mercury_resistance|Mercury_resistance_protein|MERB,657,1156531,1157187,+
Escherichia_coli_B3008,Escherichia_coli_B3008,1164452,1164595,144,MEG_6087|Drugs|Rifampin|Rifampin_phosphotransferase|RPH,MEG_6087|Drugs|Rifampin|Rifampin_phosphotransferase|RPH,2619,1161379,1163997,+
Escherichia_coli_B3008,Escherichia_coli_B3008,1189654,1190476,823,MEG_2878|Biocides|Phenolic_compound_resistance|Phenolic_resistance_protein|FABV,MEG_2878|Biocides|Phenolic_compound_resistance|Phenolic_resistance_protein|FABV,900,1189056,1189955,+
Escherichia_coli_B3008,Escherichia_coli_B3008,1190501,1192033,1533,MEG_2017|Metals|Copper_resistance|Copper_resistance_regulator|COMR,MEG_2017|Metals|Copper_resistance|Copper_resistance_regulator|COMR,633,1189980,1190612,+
Escherichia_coli_B3008,Escherichia_coli_B3008,1198852,1200462,1611,MEG_1195|Multi-compound|Drug_and_biocide_and_metal_resistance|Drug_and_biocide_and_metal_RND_efflux_regulator|BAES,MEG_1195|Multi-compound|Drug_and_biocide_and_metal_resistance|Drug_and_biocide_and_metal_RND_efflux_regulator|BAES,1401,1197431,1198831,+
Escherichia_coli_B3008,Escherichia_coli_B3008,1214029,1215930,1902,MEG_2560|Drugs|Trimethoprim|Dihydrofolate_reductase|DFRB,MEG_2560|Drugs|Trimethoprim|Dihydrofolate_reductase|DFRB,237,1212398,1212634,+
Escherichia_coli_B3008,Escherichia_coli_B3008,1280378,1283521,3144,MEG_6618|Drugs|Sulfonamides|Sulfonamide-resistant_dihydropteroate_synthases|SULII,MEG_6618|Drugs|Sulfonamides|Sulfonamide-resistant_dihydropteroate_synthases|SULII,816,1277082,1277897,+
Escherichia_coli_B3008,Escherichia_coli_B3008,1283533,1284756,1224,MEG_3070|Drugs|Fusidic_acid|Ribosomal_zinc-binding_protein|FUSD,MEG_3070|Drugs|Fusidic_acid|Ribosomal_zinc-binding_protein|FUSD,642,1277909,1278550,+
Escherichia_coli_B3008,Escherichia_coli_B3008,1284772,1285104,333,MEG_4162|Metals|Sodium_resistance|Sodium_resistance_protein|NHAA,MEG_4162|Metals|Sodium_resistance|Sodium_resistance_protein|NHAA,1167,1278566,1279732,+
Escherichia_coli_B3008,Escherichia_coli_B3008,1285262,1286635,1374,MEG_6625|Drugs|Sulfonamides|Sulfonamide-resistant_dihydropteroate_synthases|SULII,MEG_6625|Drugs|Sulfonamides|Sulfonamide-resistant_dihydropteroate_synthases|SULII,816,1279890,1280705,+
Escherichia_coli_B3008,Escherichia_coli_B3008,1286792,1288888,2097,MEG_11242|Drugs|Fosfomycin|Fosfomycin_thiol_transferases|FOSA,MEG_11242|Drugs|Fosfomycin|Fosfomycin_thiol_transferases|FOSA,423,1280862,1281284,+
Escherichia_coli_B3008,Escherichia_coli_B3008,1348604,1350047,1444,MEG_1465|Biocides|Polyamine_resistance|Spermine/spermidine_acetyltransferase|BLTD,MEG_1465|Biocides|Polyamine_resistance|Spermine/spermidine_acetyltransferase|BLTD,459,1341000,1341458,+
Escherichia_coli_B3008,Escherichia_coli_B3008,1351566,1351973,408,MEG_3754|Multi-compound|Drug_and_biocide_resistance|Drug_and_biocide_MFS_efflux_pumps|MDTG,MEG_3754|Multi-compound|Drug_and_biocide_resistance|Drug_and_biocide_MFS_efflux_pumps|MDTG,1227,1342977,1344203,+
Escherichia_coli_B3008,Escherichia_coli_B3008,1354587,1354798,212,MEG_6598|Drugs|Sulfonamides|Sulfonamide-resistant_dihydropteroate_synthases|SULI,MEG_6598|Drugs|Sulfonamides|Sulfonamide-resistant_dihydropteroate_synthases|SULI,840,1346817,1347656,+
Escherichia_coli_B3008,Escherichia_coli_B3008,1380953,1382146,1194,MEG_9947|Drugs|betalactams|Class_D_betalactamases|OXA,MEG_9947|Drugs|betalactams|Class_D_betalactamases|OXA,789,1373811,1374599,+
Escherichia_coli_B3008,Escherichia_coli_B3008,1382169,1385318,3150,MEG_5962|Drugs|Fluoroquinolones|Quinolone_resistance_protein_Qnr|QNRB,MEG_5962|Drugs|Fluoroquinolones|Quinolone_resistance_protein_Qnr|QNRB,648,1374622,1375269,+
Escherichia_coli_B3008,Escherichia_coli_B3008,1394201,1395918,1718,MEG_1652|Biocides|Biguanide_resistance|Biguanide_cation_efflux|CEPAB,MEG_1652|Biocides|Biguanide_resistance|Biguanide_cation_efflux|CEPAB,903,1384152,1385054,+
Escherichia_coli_B3008,Escherichia_coli_B3008,1481490,1482647,1158,MEG_4321|Drugs|Multi-drug_resistance|Multi-drug_ABC_efflux_pumps|OPTRA,MEG_4321|Drugs|Multi-drug_resistance|Multi-drug_ABC_efflux_pumps|OPTRA,1968,1470626,1472593,+
Escherichia_coli_B3008,Escherichia_coli_B3008,1495702,1496811,1110,MEG_711|Metals|Arsenic_resistance|Arsenite_oxidase|AIOA,MEG_711|Metals|Arsenic_resistance|Arsenite_oxidase|AIOA,2481,1485648,1488128,+
Escherichia_coli_B3008,Escherichia_coli_B3008,1644995,1645429,435,MEG_2444|Multi-compound|Biocide_and_metal_resistance|Biocide_and_metal_resistance_protein|CUID,MEG_2444|Multi-compound|Biocide_and_metal_resistance|Biocide_and_metal_resistance_protein|CUID,1611,1636312,1637922,+
Escherichia_coli_B3008,Escherichia_coli_B3008,1645647,1647724,2078,MEG_1170|Metals|Arsenic_resistance|Arsenic_resistance_protein|ARSP,MEG_1170|Metals|Arsenic_resistance|Arsenic_resistance_protein|ARSP,948,1638140,1639087,+
Escherichia_coli_B3008,Escherichia_coli_B3008,1647779,1648708,930,MEG_912|Drugs|Aminoglycosides|Aminoglycoside_O-nucleotidyltransferases|ANT3-DPRIME,MEG_912|Drugs|Aminoglycosides|Aminoglycoside_O-nucleotidyltransferases|ANT3-DPRIME,789,1639142,1639930,+
Escherichia_coli_B3008,Escherichia_coli_B3008,1648713,1649093,381,MEG_8658|Drugs|Fluoroquinolones|Quinolone_resistance_protein_Qnr|QNRVC,MEG_8658|Drugs|Fluoroquinolones|Quinolone_resistance_protein_Qnr|QNRVC,657,1639935,1640591,+
Escherichia_coli_B3008,Escherichia_coli_B3008,1649133,1650023,891,MEG_1779|Drugs|Multi-drug_resistance|Multi-drug_MFS_efflux_pumps|CMR,MEG_1779|Drugs|Multi-drug_resistance|Multi-drug_MFS_efflux_pumps|CMR,1380,1640631,1642010,+
Escherichia_coli_B3008,Escherichia_coli_B3008,1650029,1651846,1818,MEG_11326|Metals|Arsenic_resistance|Arsenic_resistance_protein|ARSB,MEG_11326|Metals|Arsenic_resistance|Arsenic_resistance_protein|ARSB,1056,1642016,1643071,+
Escherichia_coli_B3008,Escherichia_coli_B3008,1653828,1656304,2477,MEG_273|Drugs|Aminoglycosides|Aminoglycoside_N-acetyltransferases|AAC6-PRIME,MEG_273|Drugs|Aminoglycosides|Aminoglycoside_N-acetyltransferases|AAC6-PRIME,555,1645053,1645607,+
Escherichia_coli_B3008,Escherichia_coli_B3008,1656933,1660075,3143,MEG_6179|Multi-compound|Drug_and_biocide_resistance|Drug_and_biocide_RND_efflux_pumps|SEPA,MEG_6179|Multi-compound|Drug_and_biocide_resistance|Drug_and_biocide_RND_efflux_pumps|SEPA,1149,1646236,1647384,+
Escherichia_coli_B3008,Escherichia_coli_B3008,1660086,1661378,1293,MEG_1015|Drugs|Aminoglycosides|Aminoglycoside_O-phosphotransferases|APH2-DPRIME,MEG_1015|Drugs|Aminoglycosides|Aminoglycoside_O-phosphotransferases|APH2-DPRIME,906,1647395,1648300,+
Escherichia_coli_B3008,Escherichia_coli_B3008,1661492,1661845,354,MEG_2983|Drugs|Fosfomycin|Fosfomycin_thiol_transferases|FOSA,MEG_2983|Drugs|Fosfomycin|Fosfomycin_thiol_transferases|FOSA,417,1648414,1648830,+
Escherichia_coli_B3008,Escherichia_coli_B3008,1661874,1663259,1386,MEG_7671|Multi-compound|Drug_and_biocide_resistance|Drug_and_biocide_RND_efflux_pumps|VEXD,MEG_7671|Multi-compound|Drug_and_biocide_resistance|Drug_and_biocide_RND_efflux_pumps|VEXD,3051,1648859,1651909,+
Escherichia_coli_B3008,Escherichia_coli_B3008,1663449,1665597,2149,MEG_11252|Metals|Arsenic_resistance|Arsenic_resistance_regulator|ARSR,MEG_11252|Metals|Arsenic_resistance|Arsenic_resistance_regulator|ARSR,321,1652099,1652419,+
Escherichia_coli_B3008,Escherichia_coli_B3008,1665848,1666279,432,MEG_4353|Multi-compound|Drug_and_biocide_resistance|Drug_and_biocide_RND_efflux_pumps|OQXB,MEG_4353|Multi-compound|Drug_and_biocide_resistance|Drug_and_biocide_RND_efflux_pumps|OQXB,3153,1652670,1655822,+
Escherichia_coli_B3008,Escherichia_coli_B3008,1701952,1702662,711,MEG_6507|Metals|Multi-metal_resistance|Multi-metal_RND_efflux_pumps|SILP,MEG_6507|Metals|Multi-metal_resistance|Multi-metal_RND_efflux_pumps|SILP,2475,1691495,1693969,+
Escherichia_coli_B3008,Escherichia_coli_B3008,1779088,1780638,1551,MEG_8062|Drugs|Trimethoprim|Dihydrofolate_reductase|DFRA,MEG_8062|Drugs|Trimethoprim|Dihydrofolate_reductase|DFRA,588,1770395,1770982,+
Escherichia_coli_B3008,Escherichia_coli_B3008,1832407,1833351,945,MEG_8796|Drugs|Lipopeptides|Colistin_phosphoethanolamine_transferase|MCR,MEG_8796|Drugs|Lipopeptides|Colistin_phosphoethanolamine_transferase|MCR,1623,1822751,1824373,+
Escherichia_coli_B3008,Escherichia_coli_B3008,1859219,1861573,2355,MEG_1709|Multi-compound|Biocide_and_metal_resistance|Biocide_and_metal_resistance_regulator|CHRB,MEG_1709|Multi-compound|Biocide_and_metal_resistance|Biocide_and_metal_resistance_regulator|CHRB,939,1850241,1851179,+
Escherichia_coli_B3008,Escherichia_coli_B3008,1864722,1865099,378,MEG_8940|Drugs|betalactams|Class_C_betalactamases|CMH,MEG_8940|Drugs|betalactams|Class_C_betalactamases|CMH,1146,1854328,1855473,+
Escherichia_coli_B3008,Escherichia_coli_B3008,1901784,1902950,1167,MEG_3063|Metals|Iron_resistance|Iron_resistance_regulator|FURA,MEG_3063|Metals|Iron_resistance|Iron_resistance_regulator|FURA,444,1892158,1892601,+
Escherichia_coli_B3008,Escherichia_coli_B3008,1926778,1927647,870,MEG_7783|Biocides|Multi-biocide_resistance|Multi-biocide_RND_efflux_pump|VMEA,MEG_7783|Biocides|Multi-biocide_resistance|Multi-biocide_RND_efflux_pump|VMEA,1140,1916429,1917568,+
Escherichia_coli_B3008,Escherichia_coli_B3008,1996446,1997654,1209,MEG_1127|Drugs|Rifampin|Rifampin_ADP-ribosyltransferase_Arr|ARR,MEG_1127|Drugs|Rifampin|Rifampin_ADP-ribosyltransferase_Arr|ARR,453,1986367,1986819,+
Escherichia_coli_B3008,Escherichia_coli_B3008,2039099,2041795,2697,MEG_3068|Drugs|Fusidic_acid|Ribosomal_zinc-binding_protein|FUSC,MEG_3068|Drugs|Fusidic_acid|Ribosomal_zinc-binding_protein|FUSC,639,2028264,2028902,+
Escherichia_coli_B3008,Escherichia_coli_B3008,2136984,2138117,1134,MEG_10088|Drugs|Rifampin|RNA_polymerase_protection_protein|HELR,MEG_10088|Drugs|Rifampin|RNA_polymerase_protection_protein|HELR,2169,2124091,2126259,+
Escherichia_coli_B3008,Escherichia_coli_B3008,2138736,2139202,467,MEG_6019|Drugs|Fluoroquinolones|Quinolone_resistance_protein_Qnr|QNRS,MEG_6019|Drugs|Fluoroquinolones|Quinolone_resistance_protein_Qnr|QNRS,656,2126878,2127533,+
Escherichia_coli_B3008,Escherichia_coli_B3008,2150570,2150908,339,MEG_3749|Multi-compound|Drug_and_biocide_and_metal_resistance|Drug_and_biocide_and_metal_RND_efflux_pumps|MDTC,MEG_3749|Multi-compound|Drug_and_biocide_and_metal_resistance|Drug_and_biocide_and_metal_RND_efflux_pumps|MDTC,3078,2138901,2141978,+
Escherichia_coli_B3008,Escherichia_coli_B3008,2217730,2219373,1644,MEG_835|Drugs|Aminoglycosides|Aminoglycoside_O-nucleotidyltransferases|ANT3-DPRIME,MEG_835|Drugs|Aminoglycosides|Aminoglycoside_O-nucleotidyltransferases|ANT3-DPRIME,789,2208800,2209588,+
Escherichia_coli_B3008,Escherichia_coli_B3008,2248704,2253249,4546,MEG_10047|Drugs|Lipopeptides|Polymyxin_resistant_glycyltransferase|ALME,MEG_10047|Drugs|Lipopeptides|Polymyxin_resistant_glycyltransferase|ALME,1671,2238919,2240589,+
Escherichia_coli_B3008,Escherichia_coli_B3008,2267800,2269449,1650,MEG_11224|Drugs|Fluoroquinolones|Quinolone_resistance_protein_Qnr|QNRB,MEG_11224|Drugs|Fluoroquinolones|Quinolone_resistance_protein_Qnr|QNRB,645,2255140,2255784,+
Escherichia_coli_B3008,Escherichia_coli_B3008,2274770,2275234,465,MEG_7794|Biocides|Multi-biocide_resistance|Multi-biocide_RND_efflux_pump|VMEK,MEG_7794|Biocides|Multi-biocide_resistance|Multi-biocide_RND_efflux_pump|VMEK,3132,2261105,2264236,+
Escherichia_coli_B3008,Escherichia_coli_B3008,2275320,2275643,324,MEG_10128|Drugs|Rifampin|Rifampin_monooyxgenase|ROX,MEG_10128|Drugs|Rifampin|Rifampin_monooyxgenase|ROX,1431,2264322,2265752,+
Escherichia_coli_B3008,Escherichia_coli_B3008,2292758,2293273,516,MEG_11324|Metals|Arsenic_resistance|Arsenic_resistance_protein|ARSB,MEG_11324|Metals|Arsenic_resistance|Arsenic_resistance_protein|ARSB,1080,2282867,2283946,+
Escherichia_coli_B3008,Escherichia_coli_B3008,2329147,2329971,825,MEG_1706|Metals|Chromium_resistance|Chromium_resistance_protein|CHRA,MEG_1706|Metals|Chromium_resistance|Chromium_resistance_protein|CHRA,1377,2319820,2321196,+
Escherichia_coli_B3008,Escherichia_coli_B3008,2347480,2349602,2123,MEG_3014|Drugs|Fosfomycin|Fosfomycin_thiol_transferases|FOSB,MEG_3014|Drugs|Fosfomycin|Fosfomycin_thiol_transferases|FOSB,420,2338705,2339124,+
Escherichia_coli_B3008,Escherichia_coli_B3008,2349887,2350178,292,MEG_7446|Drugs|Glycopeptides|VanN-type_resistance_protein|VANN,MEG_7446|Drugs|Glycopeptides|VanN-type_resistance_protein|VANN,1032,2339409,2340440,+
Escherichia_coli_B3008,Escherichia_coli_B3008,2436061,2436906,846,MEG_884|Drugs|Aminoglycosides|Aminoglycoside_O-nucleotidyltransferases|ANT3-DPRIME,MEG_884|Drugs|Aminoglycosides|Aminoglycoside_O-nucleotidyltransferases|ANT3-DPRIME,792,2426323,2427114,+
Escherichia_coli_B3008,Escherichia_coli_B3008,2446780,2447682,903,MEG_2483|Drugs|Trimethoprim|Dihydrofolate_reductase|DFRA,MEG_2483|Drugs|Trimethoprim|Dihydrofolate_reductase|DFRA,498,2436988,2437485,+
Escherichia_coli_B3008,Escherichia_coli_B3008,2448481,2450549,2069,MEG_8674|Drugs|Rifampin|Rifampin-resistant_beta-subunit_of_RNA_polymerase_RpoB|RPOB,MEG_8674|Drugs|Rifampin|Rifampin-resistant_beta-subunit_of_RNA_polymerase_RpoB|RPOB,3561,2438284,2441844,+
Escherichia_coli_B3008,Escherichia_coli_B3008,2452721,2453341,621,MEG_405|Multi-compound|Drug_and_biocide_and_metal_resistance|Drug_and_biocide_and_metal_RND_efflux_pumps|ACRD,MEG_405|Multi-compound|Drug_and_biocide_and_metal_resistance|Drug_and_biocide_and_metal_RND_efflux_pumps|ACRD,3117,2444016,2447132,+
Escherichia_coli_B3008,Escherichia_coli_B3008,2506834,2507460,627,MEG_3730|Drugs|Lipopeptides|Colistin_phosphoethanolamine_transferase|MCR,MEG_3730|Drugs|Lipopeptides|Colistin_phosphoethanolamine_transferase|MCR,1626,2500625,2502250,+
Escherichia_coli_B3008,Escherichia_coli_B3008,2548015,2548965,951,MEG_5777|Metals|Multi-metal_resistance|Multi-metal_resistance_protein|PGPA,MEG_5777|Metals|Multi-metal_resistance|Multi-metal_resistance_protein|PGPA,4647,2542805,2547451,+
Escherichia_coli_B3008,Escherichia_coli_B3008,2637309,2638349,1041,MEG_5801|Drugs|Cationic_antimicrobial_peptides|Lipid_A_modification|PMRF,MEG_5801|Drugs|Cationic_antimicrobial_peptides|Lipid_A_modification|PMRF,969,2635795,2636763,+
Escherichia_coli_B3008,Escherichia_coli_B3008,2638435,2640284,1850,MEG_5423|Metals|Multi-metal_resistance|Multi-metal_resistance_regulator|PCOE,MEG_5423|Metals|Multi-metal_resistance|Multi-metal_resistance_regulator|PCOE,435,2636849,2637283,+
Escherichia_coli_B3008,Escherichia_coli_B3008,2640467,2641240,774,MEG_2614|Drugs|Phenicol|Phenicol_resistance_MFS_efflux_pumps|DHAP,MEG_2614|Drugs|Phenicol|Phenicol_resistance_MFS_efflux_pumps|DHAP,1188,2637466,2638653,+
Escherichia_coli_B3008,Escherichia_coli_B3008,2653622,2654188,567,MEG_3867|Metals|Mercury_resistance|Mercury_resistance_protein|MERE,MEG_3867|Metals|Mercury_resistance|Mercury_resistance_protein|MERE,237,2651035,2651271,+
Escherichia_coli_B3008,Escherichia_coli_B3008,2681419,2681832,414,MEG_2456|Metals|Copper_resistance|Copper_resistance_protein|CUTC,MEG_2456|Metals|Copper_resistance|Copper_resistance_protein|CUTC,747,2678502,2679248,+
Escherichia_coli_B3008,Escherichia_coli_B3008,2681938,2682372,435,MEG_2087|Metals|Multi-metal_resistance|Multi-metal_resistance_protein|CORA,MEG_2087|Metals|Multi-metal_resistance|Multi-metal_resistance_protein|CORA,951,2679354,2680304,+
Escherichia_coli_B3008,Escherichia_coli_B3008,2691325,2692515,1191,MEG_7861|Metals|Zinc_resistance|Zinc_resistance_regulator|ZRAR,MEG_7861|Metals|Zinc_resistance|Zinc_resistance_regulator|ZRAR,1314,2689257,2690570,+
Escherichia_coli_B3008,Escherichia_coli_B3008,2892140,2893540,1401,MEG_2114|Drugs|Phenicol|Chloramphenicol_phosphotransferase|CPT,MEG_2114|Drugs|Phenicol|Chloramphenicol_phosphotransferase|CPT,537,2890195,2890731,+
Escherichia_coli_B3008,Escherichia_coli_B3008,2893910,2894734,825,MEG_8780|Drugs|Lipopeptides|Colistin_phosphoethanolamine_transferase|MCR,MEG_8780|Drugs|Lipopeptides|Colistin_phosphoethanolamine_transferase|MCR,1626,2891101,2892726,+
Escherichia_coli_B3008,Escherichia_coli_B3008,2895102,2895830,729,MEG_11436|Biocides|Peroxide_resistance|Peroxide_resistance_stress_protein|KATP,MEG_11436|Biocides|Peroxide_resistance|Peroxide_resistance_stress_protein|KATP,2211,2893094,2895304,+
Escherichia_coli_B3008,Escherichia_coli_B3008,2896193,2899306,3114,MEG_7866|Multi-compound|Biocide_and_metal_resistance|Biocide_and_metal_resistance_protein|ZUPT,MEG_7866|Multi-compound|Biocide_and_metal_resistance|Biocide_and_metal_resistance_protein|ZUPT,774,2895667,2896440,+
Escherichia_coli_B3008,Escherichia_coli_B3008,2899331,2900488,1158,MEG_11458|Drugs|Lipopeptides|Colistin_phosphoethanolamine_transferase|MCR,MEG_11458|Drugs|Lipopeptides|Colistin_phosphoethanolamine_transferase|MCR,1626,2896465,2898090,+
Escherichia_coli_B3008,Escherichia_coli_B3008,2900827,2901354,528,MEG_10141|Drugs|Sulfonamides|Sulfonamide_resistant_ECF_transporter_comonent|THFT,MEG_10141|Drugs|Sulfonamides|Sulfonamide_resistant_ECF_transporter_comonent|THFT,558,2898429,2898986,+
Escherichia_coli_B3008,Escherichia_coli_B3008,2902980,2903312,333,MEG_3896|Metals|Mercury_resistance|Mercury_resistance_protein|MERT,MEG_3896|Metals|Mercury_resistance|Mercury_resistance_protein|MERT,351,2900612,2900962,+
Escherichia_coli_B3008,Escherichia_coli_B3008,2903416,2903754,339,MEG_6961|Metals|Tellurium_resistance|Tellurium_resistance_protein|TERZ,MEG_6961|Metals|Tellurium_resistance|Tellurium_resistance_protein|TERZ,585,2901066,2901650,+
Escherichia_coli_B3008,Escherichia_coli_B3008,2907859,2908284,426,MEG_5917|Drugs|Fluoroquinolones|Quinolone_resistance_protein_Qnr|QNRB,MEG_5917|Drugs|Fluoroquinolones|Quinolone_resistance_protein_Qnr|QNRB,645,2905755,2906399,+
Escherichia_coli_B3008,Escherichia_coli_B3008,2908297,2909586,1290,MEG_369|Drugs|Fosfomycin|Fosfomycin_MFS_efflux_pump|ABAF,MEG_369|Drugs|Fosfomycin|Fosfomycin_MFS_efflux_pump|ABAF,1290,2906412,2907701,+
Escherichia_coli_B3008,Escherichia_coli_B3008,2909640,2909993,354,MEG_7633|Drugs|MLS|Streptogramin_A_O-acetyltransferase|VATF,MEG_7633|Drugs|MLS|Streptogramin_A_O-acetyltransferase|VATF,666,2907755,2908420,+
Escherichia_coli_B3008,Escherichia_coli_B3008,2919382,2920881,1500,MEG_706|Multi-compound|Drug_and_biocide_resistance|Drug_and_biocide_RND_efflux_pumps|ADET2,MEG_706|Multi-compound|Drug_and_biocide_resistance|Drug_and_biocide_RND_efflux_pumps|ADET2,717,2917809,2918525,+
Escherichia_coli_B3008,Escherichia_coli_B3008,2939505,2939936,432,MEG_7579|Drugs|Glycopeptides|VanC-type_resistance_protein|VANXYC,MEG_7579|Drugs|Glycopeptides|VanC-type_resistance_protein|VANXYC,573,2937149,2937721,+
Escherichia_coli_B3008,Escherichia_coli_B3008,2939942,2944857,4916,MEG_7323|Metals|Tungsten_Resistance|Tungsten_ABC_efflux_pumps|TUPA,MEG_7323|Metals|Tungsten_Resistance|Tungsten_ABC_efflux_pumps|TUPA,861,2937727,2938587,+
Escherichia_coli_B3008,Escherichia_coli_B3008,2949875,2952073,2199,MEG_8240|Drugs|Lipopeptides|Colistin_phosphoethanolamine_transferase|MCR,MEG_8240|Drugs|Lipopeptides|Colistin_phosphoethanolamine_transferase|MCR,1620,2943605,2945224,+
Escherichia_coli_B3008,Escherichia_coli_B3008,3073242,3073874,633,MEG_7867|Metals|Zinc_resistance|Zinc_resistance_regulator|ZUR,MEG_7867|Metals|Zinc_resistance|Zinc_resistance_regulator|ZUR,576,3066393,3066968,+
Escherichia_coli_B3008,Escherichia_coli_B3008,3120864,3121289,426,MEG_11396|Metals|Cadmium_resistance|Cadmium_resistance_chaperone|HSCC,MEG_11396|Metals|Cadmium_resistance|Cadmium_resistance_chaperone|HSCC,1680,3113958,3115637,+
Escherichia_coli_B3008,Escherichia_coli_B3008,3141864,3144968,3105,MEG_4275|Drugs|MLS|MLS_resistance_ABC_efflux_pumps|OLEB,MEG_4275|Drugs|MLS|MLS_resistance_ABC_efflux_pumps|OLEB,1710,3136212,3137921,+
Escherichia_coli_B3008,Escherichia_coli_B3008,3144980,3146137,1158,MEG_3021|Drugs|Fosfomycin|Fosfomycin_thiol_transferases|FOSF,MEG_3021|Drugs|Fosfomycin|Fosfomycin_thiol_transferases|FOSF,399,3137933,3138331,+
Escherichia_coli_B3008,Escherichia_coli_B3008,3146536,3147198,663,MEG_2932|Drugs|Aminoglycosides|16S_rRNA_methyltransferases|FMRO,MEG_2932|Drugs|Aminoglycosides|16S_rRNA_methyltransferases|FMRO,879,3138730,3139608,+
Escherichia_coli_B3008,Escherichia_coli_B3008,3174955,3175269,315,MEG_1145|Metals|Arsenic_resistance|Arsenic_resistance_protein|ARSB,MEG_1145|Metals|Arsenic_resistance|Arsenic_resistance_protein|ARSB,1290,3167365,3168654,+
Escherichia_coli_B3008,Escherichia_coli_B3008,3344477,3345241,765,MEG_11438|Biocides|Peroxide_resistance|Peroxide_resistance_stress_protein|SODC,MEG_11438|Biocides|Peroxide_resistance|Peroxide_resistance_stress_protein|SODC,534,3337862,3338395,+
Escherichia_coli_B3008,Escherichia_coli_B3008,3356836,3357657,822,MEG_2974|Drugs|Fosfomycin|Fosfomycin_phosphorylation|FOMB,MEG_2974|Drugs|Fosfomycin|Fosfomycin_phosphorylation|FOMB,993,3349990,3350982,+
Escherichia_coli_B3008,Escherichia_coli_B3008,3376306,3377103,798,MEG_4198|Metals|Nickel_resistance|Nickel_resistance_protein|NIRD,MEG_4198|Metals|Nickel_resistance|Nickel_resistance_protein|NIRD,495,3369631,3370125,+
Escherichia_coli_B3008,Escherichia_coli_B3008,3381379,3381520,142,MEG_3283|Metals|Nickel_resistance|Nickel_resistance_protein|HUPE,MEG_3283|Metals|Nickel_resistance|Nickel_resistance_protein|HUPE,576,3374401,3374976,+
Escherichia_coli_B3008,Escherichia_coli_B3008,3389950,3390342,393,MEG_6656|Multi-compound|Biocide_and_metal_resistance|Biocide_and_metal_resistance_protein|TEHB,MEG_6656|Multi-compound|Biocide_and_metal_resistance|Biocide_and_metal_resistance_protein|TEHB,594,3383406,3383999,+
Escherichia_coli_B3008,Escherichia_coli_B3008,3423256,3424748,1493,MEG_2886|Multi-compound|Drug_and_biocide_resistance|Drug_and_biocide_MFS_efflux_pumps|FARB,MEG_2886|Multi-compound|Drug_and_biocide_resistance|Drug_and_biocide_MFS_efflux_pumps|FARB,1527,3416913,3418439,+
Escherichia_coli_B3008,Escherichia_coli_B3008,3457169,3458893,1725,MEG_7151|Drugs|Tetracyclines|Tetracycline_resistance_ribosomal_protection_proteins|TETO,MEG_7151|Drugs|Tetracyclines|Tetracycline_resistance_ribosomal_protection_proteins|TETO,1920,3450860,3452779,+
Escherichia_coli_B3008,Escherichia_coli_B3008,3538980,3539690,711,MEG_10098|Drugs|Lipopeptides|Colistin-resistant_mutant|LPXD,MEG_10098|Drugs|Lipopeptides|Colistin-resistant_mutant|LPXD,1071,3532866,3533936,+
Escherichia_coli_B3008,Escherichia_coli_B3008,3720578,3721606,1029,MEG_2994|Drugs|Fosfomycin|Fosfomycin_thiol_transferases|FOSA,MEG_2994|Drugs|Fosfomycin|Fosfomycin_thiol_transferases|FOSA,426,3714824,3715249,+
Escherichia_coli_B3008,Escherichia_coli_B3008,3774190,3775728,1539,MEG_2049|Metals|Copper_resistance|Copper_resistance_protein|COPC,MEG_2049|Metals|Copper_resistance|Copper_resistance_protein|COPC,384,3767833,3768216,+
Escherichia_coli_B3008,Escherichia_coli_B3008,3775745,3776917,1173,MEG_2906|Drugs|Phenicol|Phenicol_resistance_MFS_efflux_pumps|FEXB,MEG_2906|Drugs|Phenicol|Phenicol_resistance_MFS_efflux_pumps|FEXB,1410,3768233,3769642,+
Escherichia_coli_B3008,Escherichia_coli_B3008,3777044,3777574,531,MEG_723|Metals|Aluminum_resistance|Aluminum_resistance_protein|ALU1P,MEG_723|Metals|Aluminum_resistance|Aluminum_resistance_protein|ALU1P,561,3769769,3770329,+
Escherichia_coli_B3008,Escherichia_coli_B3008,3827235,3827918,684,MEG_11516|Drugs|Ionophores|Ionophore_ABC_efflux_pump|NARB,MEG_11516|Drugs|Ionophores|Ionophore_ABC_efflux_pump|NARB,1614,3819990,3821603,+
Escherichia_coli_B3008,Escherichia_coli_B3008,3965156,3965632,477,MEG_3892|Metals|Mercury_resistance|Mercury_resistance_protein|MERT,MEG_3892|Metals|Mercury_resistance|Mercury_resistance_protein|MERT,387,3958841,3959227,+
Escherichia_coli_B3008,Escherichia_coli_B3008,3986310,3989423,3114,MEG_10013|Multi-compound|Drug_and_biocide_and_metal_resistance|Drug_and_biocide_and_metal_RND_efflux_regulator|BAES,MEG_10013|Multi-compound|Drug_and_biocide_and_metal_resistance|Drug_and_biocide_and_metal_RND_efflux_regulator|BAES,1404,3979905,3981308,+
Escherichia_coli_B3008,Escherichia_coli_B3008,4031212,4032516,1305,MEG_1708|Metals|Chromium_resistance|Chromium_resistance_protein|CHRA,MEG_1708|Metals|Chromium_resistance|Chromium_resistance_protein|CHRA,1125,4023097,4024221,+
Escherichia_coli_B3008,Escherichia_coli_B3008,4062656,4063894,1239,MEG_8779|Drugs|Lipopeptides|Colistin_phosphoethanolamine_transferase|MCR,MEG_8779|Drugs|Lipopeptides|Colistin_phosphoethanolamine_transferase|MCR,1626,4054361,4055986,+
Escherichia_coli_B3008,Escherichia_coli_B3008,4087393,4090986,3594,MEG_6637|Drugs|Sulfonamides|Sulfonamide-resistant_dihydropteroate_synthases|SULII,MEG_6637|Drugs|Sulfonamides|Sulfonamide-resistant_dihydropteroate_synthases|SULII,816,4079485,4080300,+
Escherichia_coli_B3008,Escherichia_coli_B3008,4090991,4091605,615,MEG_7469|Drugs|Glycopeptides|VanB-type_regulator|VANRB,MEG_7469|Drugs|Glycopeptides|VanB-type_regulator|VANRB,663,4080305,4080967,+
Escherichia_coli_B3008,Escherichia_coli_B3008,4092021,4094722,2702,MEG_7856|Metals|Zinc_resistance|Zinc_resistance_protein|ZNUA,MEG_7856|Metals|Zinc_resistance|Zinc_resistance_protein|ZNUA,933,4081383,4082315,+
Escherichia_coli_B3008,Escherichia_coli_B3008,4192758,4193726,969,MEG_5823|Multi-compound|Drug_and_biocide_resistance|Drug_and_biocide_MFS_efflux_pumps|QACAB,MEG_5823|Multi-compound|Drug_and_biocide_resistance|Drug_and_biocide_MFS_efflux_pumps|QACAB,1545,4180351,4181895,+
Escherichia_coli_B3008,Escherichia_coli_B3008,4248330,4248573,244,MEG_499|Multi-compound|Biocide_and_metal_resistance|Biocide_and_metal_resistance_protein|ACTA,MEG_499|Multi-compound|Biocide_and_metal_resistance|Biocide_and_metal_resistance_protein|ACTA,1632,4236499,4238130,+
Escherichia_coli_B3008,Escherichia_coli_B3008,4248882,4249117,236,MEG_5961|Drugs|Fluoroquinolones|Quinolone_resistance_protein_Qnr|QNRB,MEG_5961|Drugs|Fluoroquinolones|Quinolone_resistance_protein_Qnr|QNRB,645,4238439,4239083,+
Escherichia_coli_B3008,Escherichia_coli_B3008,4252209,4253852,1644,MEG_7817|Biocides|Paraquat_resistance|Paraquat_efflux_pump|YDDG,MEG_7817|Biocides|Paraquat_resistance|Paraquat_efflux_pump|YDDG,882,4242175,4243056,+
Escherichia_coli_B3008,Escherichia_coli_B3008,4279690,4280880,1191,MEG_3268|Multi-compound|Drug_and_biocide_resistance|Drug_and_biocide_MATE_efflux_pumps|HMRM,MEG_3268|Multi-compound|Drug_and_biocide_resistance|Drug_and_biocide_MATE_efflux_pumps|HMRM,1395,4268894,4270288,+
Escherichia_coli_B3008,Escherichia_coli_B3008,4371975,4372313,339,MEG_3729|Drugs|Lipopeptides|Colistin_phosphoethanolamine_transferase|MCR,MEG_3729|Drugs|Lipopeptides|Colistin_phosphoethanolamine_transferase|MCR,1626,4361383,4363008,+
Escherichia_coli_B3008,Escherichia_coli_B3008,4372532,4373356,825,MEG_4214|Drugs|Aminocoumarins|Aminocoumarin_efflux_pump|NOVA,MEG_4214|Drugs|Aminocoumarins|Aminocoumarin_efflux_pump|NOVA,1848,4363227,4365074,+
Escherichia_coli_B3008,Escherichia_coli_B3008,4373477,4373749,273,MEG_6609|Drugs|Sulfonamides|Sulfonamide-resistant_dihydropteroate_synthases|SULI,MEG_6609|Drugs|Sulfonamides|Sulfonamide-resistant_dihydropteroate_synthases|SULI,840,4365195,4366034,+
Escherichia_coli_B3008,Escherichia_coli_B3008,4392383,4394505,2123,MEG_11397|Drugs|Aminoglycosides|16S_rRNA_methyltransferases|KAMC,MEG_11397|Drugs|Aminoglycosides|16S_rRNA_methyltransferases|KAMC,654,4384668,4385321,+
Escherichia_coli_B3008,Escherichia_coli_B3008,4395918,4403365,7448,MEG_2507|Drugs|Trimethoprim|Dihydrofolate_reductase|DFRA,MEG_2507|Drugs|Trimethoprim|Dihydrofolate_reductase|DFRA,474,4386734,4387207,+
Escherichia_coli_B3008,Escherichia_coli_B3008,4415880,4417732,1853,MEG_2458|Metals|Copper_resistance|Copper_resistance_protein|CUTF,MEG_2458|Metals|Copper_resistance|Copper_resistance_protein|CUTF,711,4399722,4400432,+
Escherichia_coli_B3008,Escherichia_coli_B3008,4460035,4461201,1167,MEG_4090|Drugs|Mupirocin|Mupirocin-resistant_isoleucyl-tRNA_synthetase|MUPA,MEG_4090|Drugs|Mupirocin|Mupirocin-resistant_isoleucyl-tRNA_synthetase|MUPA,3075,4442735,4445809,+
Escherichia_coli_B3008,Escherichia_coli_B3008,4512960,4514365,1406,MEG_10935|Drugs|betalactams|Class_A_betalactamases|KPC,MEG_10935|Drugs|betalactams|Class_A_betalactamases|KPC,882,4497568,4498449,+
Escherichia_coli_B3008,Escherichia_coli_B3008,4539420,4540070,651,MEG_3722|Drugs|Lipopeptides|Colistin_phosphoethanolamine_transferase|MCR,MEG_3722|Drugs|Lipopeptides|Colistin_phosphoethanolamine_transferase|MCR,1620,4523504,4525123,+
Escherichia_coli_B3008,Escherichia_coli_B3008,4546739,4546852,114,MEG_933|Drugs|Aminoglycosides|Aminoglycoside_O-nucleotidyltransferases|ANT3-DPRIME,MEG_933|Drugs|Aminoglycosides|Aminoglycoside_O-nucleotidyltransferases|ANT3-DPRIME,792,4531792,4532583,+
Escherichia_coli_B3008,Escherichia_coli_B3008,4556181,4556408,228,MEG_2515|Drugs|Trimethoprim|Dihydrofolate_reductase|DFRA,MEG_2515|Drugs|Trimethoprim|Dihydrofolate_reductase|DFRA,474,4541912,4542385,+
Escherichia_coli_B3008,Escherichia_coli_B3008,4620924,4621670,747,MEG_2578|Drugs|Trimethoprim|Dihydrofolate_reductase|DFRF,MEG_2578|Drugs|Trimethoprim|Dihydrofolate_reductase|DFRF,495,4606901,4607395,+
Escherichia_coli_B3008,Escherichia_coli_B3008,4636500,4637528,1029,MEG_787|Drugs|Aminoglycosides|Aminoglycoside_O-nucleotidyltransferases|ANT3-DPRIME,MEG_787|Drugs|Aminoglycosides|Aminoglycoside_O-nucleotidyltransferases|ANT3-DPRIME,792,4622225,4623016,+
Escherichia_coli_B3008,Escherichia_coli_B3008,4637607,4638539,933,MEG_1561|Drugs|Phenicol|Chloramphenicol_acetyltransferases|CATA,MEG_1561|Drugs|Phenicol|Chloramphenicol_acetyltransferases|CATA,660,4623095,4623754,+
Escherichia_coli_B3008,Escherichia_coli_B3008,4673934,4674500,567,MEG_11336|Metals|Multi-metal_resistance|Multi-metal_resistance_regulator|CADC,MEG_11336|Metals|Multi-metal_resistance|Multi-metal_resistance_regulator|CADC,360,4659149,4659508,+
Escherichia_coli_B766,E.coli.B766.final.genome,47522,48655,1134,MEG_4078|Drugs|Multi-drug_resistance|Multi-drug_RND_efflux_regulator|MTRAD,MEG_4078|Drugs|Multi-drug_resistance|Multi-drug_RND_efflux_regulator|MTRAD,687,47522,48208,+
Escherichia_coli_B766,E.coli.B766.final.genome,49274,49740,467,MEG_7821|Metals|Multi-metal_resistance|Multi-metal_resistance_protein|YFEA,MEG_7821|Metals|Multi-metal_resistance|Multi-metal_resistance_protein|YFEA,969,48827,49795,+
Escherichia_coli_B766,E.coli.B766.final.genome,60952,61290,339,MEG_6998|Drugs|Tetracyclines|Tetracycline_resistance_ribosomal_protection_proteins|TET44,MEG_6998|Drugs|Tetracyclines|Tetracycline_resistance_ribosomal_protection_proteins|TET44,1923,61007,62929,+
Escherichia_coli_B766,E.coli.B766.final.genome,90720,92363,1644,MEG_6161|Drugs|Nucleosides|Streptothricin_acetyltransferase|SAT,MEG_6161|Drugs|Nucleosides|Streptothricin_acetyltransferase|SAT,525,92359,92883,+
Escherichia_coli_B766,E.coli.B766.final.genome,115019,119564,4546,MEG_2875|Biocides|Phenolic_compound_resistance|Phenolic_resistance_protein|FABI,MEG_2875|Biocides|Phenolic_compound_resistance|Phenolic_resistance_protein|FABI,789,115539,116327,+
Escherichia_coli_B766,E.coli.B766.final.genome,133595,135244,1650,MEG_3075|Metals|Aluminum_resistance|Aluminum_ATPase_|G2ALT,MEG_3075|Metals|Aluminum_resistance|Aluminum_ATPase_|G2ALT,666,130358,131023,+
Escherichia_coli_B766,E.coli.B766.final.genome,140563,141027,465,MEG_3278|Metals|Copper_resistance|Copper_resistance_protein|HPCOPP,MEG_3278|Metals|Copper_resistance|Copper_resistance_protein|HPCOPP,201,136342,136542,+
Escherichia_coli_B766,E.coli.B766.final.genome,141113,141436,324,MEG_1046|Drugs|Aminoglycosides|Aminoglycoside_O-phosphotransferases|APH3-DPRIME,MEG_1046|Drugs|Aminoglycosides|Aminoglycoside_O-phosphotransferases|APH3-DPRIME,804,136628,137431,+
Escherichia_coli_B766,E.coli.B766.final.genome,158530,159045,516,MEG_2716|Biocides|Multi-biocide_resistance|Multi-biocide_RND_efflux_pump|EMHB,MEG_2716|Biocides|Multi-biocide_resistance|Multi-biocide_RND_efflux_pump|EMHB,3165,154525,157689,+
Escherichia_coli_B766,E.coli.B766.final.genome,197937,198761,825,MEG_1165|Metals|Arsenic_resistance|Arsenic_resistance_protein|ARSD,MEG_1165|Metals|Arsenic_resistance|Arsenic_resistance_protein|ARSD,363,196581,196943,+
Escherichia_coli_B766,E.coli.B766.final.genome,215908,218030,2123,MEG_6589|Drugs|Sulfonamides|Sulfonamide-resistant_dihydropteroate_synthases|SULI,MEG_6589|Drugs|Sulfonamides|Sulfonamide-resistant_dihydropteroate_synthases|SULI,840,214090,214929,+
Escherichia_coli_B766,E.coli.B766.final.genome,218315,218606,292,MEG_3004|Drugs|Fosfomycin|Fosfomycin_thiol_transferases|FOSB,MEG_3004|Drugs|Fosfomycin|Fosfomycin_thiol_transferases|FOSB,417,215214,215630,+
Escherichia_coli_B766,E.coli.B766.final.genome,314203,315048,846,MEG_7275|Biocides|Phenolic_compound_resistance|Phenolic_RND_efflux_pump|TRIC,MEG_7275|Biocides|Phenolic_compound_resistance|Phenolic_RND_efflux_pump|TRIC,3048,311227,314274,+
Escherichia_coli_B766,E.coli.B766.final.genome,324923,325825,903,MEG_2448|Metals|Multi-metal_resistance|Multi-metal_RND_efflux_pumps|CUSC,MEG_2448|Metals|Multi-metal_resistance|Multi-metal_RND_efflux_pumps|CUSC,1374,324149,325522,+
Escherichia_coli_B766,E.coli.B766.final.genome,359306,361374,2069,MEG_4160|Metals|Chromium_resistance|Chromium_resistance_protein|NFSA,MEG_4160|Metals|Chromium_resistance|Chromium_resistance_protein|NFSA,723,359003,359725,+
Escherichia_coli_B766,E.coli.B766.final.genome,363879,364166,288,MEG_3877|Metals|Mercury_resistance|Mercury_resistance_protein|MERP,MEG_3877|Metals|Mercury_resistance|Mercury_resistance_protein|MERP,276,362230,362505,+
Escherichia_coli_B766,E.coli.B766.final.genome,422259,422884,626,MEG_3886|Metals|Mercury_resistance|Mercury_resistance_regulator|MERR1,MEG_3886|Metals|Mercury_resistance|Mercury_resistance_regulator|MERR1,435,420598,421032,+
Escherichia_coli_B766,E.coli.B766.final.genome,463499,463635,137,MEG_8238|Drugs|Lipopeptides|Colistin_phosphoethanolamine_transferase|MCR,MEG_8238|Drugs|Lipopeptides|Colistin_phosphoethanolamine_transferase|MCR,1620,461647,463266,+
Escherichia_coli_B766,E.coli.B766.final.genome,465210,466160,951,MEG_6515|Multi-compound|Biocide_and_metal_resistance|Biocide_and_metal_ABC_efflux_pumps|SITC,MEG_6515|Multi-compound|Biocide_and_metal_resistance|Biocide_and_metal_ABC_efflux_pumps|SITC,861,464841,465701,+
Escherichia_coli_B766,E.coli.B766.final.genome,556729,557769,1041,MEG_9229|Drugs|betalactams|Class_C_betalactamases|ADC,MEG_9229|Drugs|betalactams|Class_C_betalactamases|ADC,1152,556270,557421,+
Escherichia_coli_B766,E.coli.B766.final.genome,557856,559703,1848,MEG_1748|Multi-compound|Drug_and_biocide_and_metal_resistance|Drug_and_biocide_and_metal_RND_efflux_regulator|CMER,MEG_1748|Multi-compound|Drug_and_biocide_and_metal_resistance|Drug_and_biocide_and_metal_RND_efflux_regulator|CMER,633,557508,558140,+
Escherichia_coli_B766,E.coli.B766.final.genome,559796,560569,774,MEG_6009|Drugs|Fluoroquinolones|Quinolone_resistance_protein_Qnr|QNRB,MEG_6009|Drugs|Fluoroquinolones|Quinolone_resistance_protein_Qnr|QNRB,645,558233,558877,+
Escherichia_coli_B766,E.coli.B766.final.genome,572951,573517,567,MEG_7335|Drugs|Glycopeptides|VanA-type_resistance_protein|VAN,MEG_7335|Drugs|Glycopeptides|VanA-type_resistance_protein|VAN,972,571259,572230,+
Escherichia_coli_B766,E.coli.B766.final.genome,600747,601160,414,MEG_3745|Multi-compound|Drug_and_biocide_and_metal_resistance|Drug_and_biocide_and_metal_RND_efflux_pumps|MDTA,MEG_3745|Multi-compound|Drug_and_biocide_and_metal_resistance|Drug_and_biocide_and_metal_RND_efflux_pumps|MDTA,1257,599460,600716,+
Escherichia_coli_B766,E.coli.B766.final.genome,601266,601700,435,MEG_3743|Multi-compound|Drug_and_biocide_and_metal_resistance|Drug_and_biocide_and_metal_MFS_efflux_pumps|MDRL,MEG_3743|Multi-compound|Drug_and_biocide_and_metal_resistance|Drug_and_biocide_and_metal_MFS_efflux_pumps|MDRL,1194,600822,602015,+
Escherichia_coli_B766,E.coli.B766.final.genome,613066,614256,1191,MEG_722|Drugs|Cationic_antimicrobial_peptides|Lipid_A_modification|ALMG,MEG_722|Drugs|Cationic_antimicrobial_peptides|Lipid_A_modification|ALMG,822,613381,614202,+
Escherichia_coli_B766,E.coli.B766.final.genome,834145,835545,1401,MEG_11457|Drugs|Lipopeptides|Colistin_phosphoethanolamine_transferase|MCR,MEG_11457|Drugs|Lipopeptides|Colistin_phosphoethanolamine_transferase|MCR,1623,834091,835713,+
Escherichia_coli_B766,E.coli.B766.final.genome,835915,836739,825,MEG_2565|Drugs|Trimethoprim|Dihydrofolate_reductase|DFRB,MEG_2565|Drugs|Trimethoprim|Dihydrofolate_reductase|DFRB,237,836083,836319,+
Escherichia_coli_B766,E.coli.B766.final.genome,837107,837835,729,MEG_308|Drugs|Aminoglycosides|Aminoglycoside_N-acetyltransferases|AAC6-PRIME,MEG_308|Drugs|Aminoglycosides|Aminoglycoside_N-acetyltransferases|AAC6-PRIME,570,836687,837256,+
Escherichia_coli_B766,E.coli.B766.final.genome,838198,841311,3114,MEG_3077|Biocides|Acid_resistance|Acid_resistance_protein|GADA,MEG_3077|Biocides|Acid_resistance|Acid_resistance_protein|GADA,852,837619,838470,+
Escherichia_coli_B766,E.coli.B766.final.genome,841336,842493,1158,MEG_2512|Drugs|Trimethoprim|Dihydrofolate_reductase|DFRA,MEG_2512|Drugs|Trimethoprim|Dihydrofolate_reductase|DFRA,474,838495,838968,+
Escherichia_coli_B766,E.coli.B766.final.genome,842832,843359,528,MEG_3072|Drugs|Fusidic_acid|Fusidic_acid_esterases|FUSF,MEG_3072|Drugs|Fusidic_acid|Fusidic_acid_esterases|FUSF,645,839307,839951,+
Escherichia_coli_B766,E.coli.B766.final.genome,844985,845317,333,MEG_1704|Multi-compound|Biocide_and_metal_resistance|Biocide_and_metal_resistance_protein|CHR,MEG_1704|Multi-compound|Biocide_and_metal_resistance|Biocide_and_metal_resistance_protein|CHR,561,841577,842137,+
Escherichia_coli_B766,E.coli.B766.final.genome,845421,845759,339,MEG_2986|Drugs|Fosfomycin|Fosfomycin_thiol_transferases|FOSA,MEG_2986|Drugs|Fosfomycin|Fosfomycin_thiol_transferases|FOSA,417,842241,842657,+
Escherichia_coli_B766,E.coli.B766.final.genome,851367,851787,421,MEG_4927|Drugs|betalactams|Class_D_betalactamases|OXA,MEG_4927|Drugs|betalactams|Class_D_betalactamases|OXA,825,848265,849089,+
Escherichia_coli_B766,E.coli.B766.final.genome,851800,853089,1290,MEG_9153|Drugs|betalactams|Class_C_betalactamases|PDC,MEG_9153|Drugs|betalactams|Class_C_betalactamases|PDC,1194,849102,850295,+
Escherichia_coli_B766,E.coli.B766.final.genome,853143,853496,354,MEG_4369|Multi-compound|Drug_and_biocide_resistance|Drug_and_biocide_RND_efflux_pumps|OQXB,MEG_4369|Multi-compound|Drug_and_biocide_resistance|Drug_and_biocide_RND_efflux_pumps|OQXB,3153,850349,853501,+
Escherichia_coli_B766,E.coli.B766.final.genome,862711,864210,1500,MEG_7604|Drugs|Glycopeptides|VanD-type_accessory_protein|VANYD,MEG_7604|Drugs|Glycopeptides|VanD-type_accessory_protein|VANYD,1069,862716,863784,+
Escherichia_coli_B766,E.coli.B766.final.genome,876968,877369,402,MEG_685|Multi-compound|Drug_and_biocide_resistance|Drug_and_biocide_RND_efflux_pumps|ADEH,MEG_685|Multi-compound|Drug_and_biocide_resistance|Drug_and_biocide_RND_efflux_pumps|ADEH,1452,876542,877993,+
Escherichia_coli_B766,E.coli.B766.final.genome,877375,882290,4916,MEG_8066|Drugs|Trimethoprim|Dihydrofolate_reductase|DFRA,MEG_8066|Drugs|Trimethoprim|Dihydrofolate_reductase|DFRA,474,877999,878472,+
Escherichia_coli_B766,E.coli.B766.final.genome,887308,889506,2199,MEG_1153|Metals|Multi-metal_resistance|Multi-metal_resistance_protein|ARSBM,MEG_1153|Metals|Multi-metal_resistance|Multi-metal_resistance_protein|ARSBM,1290,883490,884779,+
Escherichia_coli_B766,E.coli.B766.final.genome,1012888,1013520,633,MEG_7483|Drugs|Glycopeptides|VanL-type_regulator|VANRL,MEG_7483|Drugs|Glycopeptides|VanL-type_regulator|VANRL,696,1008161,1008856,+
Escherichia_coli_B766,E.coli.B766.final.genome,1045404,1045829,426,MEG_4203|Biocides|Paraquat_resistance|Paraquat_resistance_protein|NMPC,MEG_4203|Biocides|Paraquat_resistance|Paraquat_resistance_protein|NMPC,1089,1040740,1041828,+
Escherichia_coli_B766,E.coli.B766.final.genome,1066401,1069505,3105,MEG_11332|Metals|Arsenic_resistance|Arsenic_resistance_regulator|ARSR,MEG_11332|Metals|Arsenic_resistance|Arsenic_resistance_regulator|ARSR,351,1062400,1062750,+
Escherichia_coli_B766,E.coli.B766.final.genome,1069517,1070674,1158,MEG_3295|Drugs|Mupirocin|Mupirocin-resistant_isoleucyl-tRNA_synthetase|ILES,MEG_3295|Drugs|Mupirocin|Mupirocin-resistant_isoleucyl-tRNA_synthetase|ILES,3324,1062762,1066085,+
Escherichia_coli_B766,E.coli.B766.final.genome,1071073,1071735,663,MEG_4115|Metals|Multi-metal_resistance|Multi-metal_resistance_protein|NCCN,MEG_4115|Metals|Multi-metal_resistance|Multi-metal_resistance_protein|NCCN,642,1066484,1067125,+
Escherichia_coli_B766,E.coli.B766.final.genome,1098737,1099051,315,MEG_849|Drugs|Aminoglycosides|Aminoglycoside_O-nucleotidyltransferases|ANT3-DPRIME,MEG_849|Drugs|Aminoglycosides|Aminoglycoside_O-nucleotidyltransferases|ANT3-DPRIME,792,1094127,1094918,+
Escherichia_coli_B766,E.coli.B766.final.genome,1268296,1269060,765,MEG_2678|Metals|Multi-metal_resistance|Multi-metal_resistance_protein|DSBA,MEG_2678|Metals|Multi-metal_resistance|Multi-metal_resistance_protein|DSBA,627,1264163,1264789,+
Escherichia_coli_B766,E.coli.B766.final.genome,1280655,1281474,820,MEG_8061|Drugs|Trimethoprim|Dihydrofolate_reductase|DFRA,MEG_8061|Drugs|Trimethoprim|Dihydrofolate_reductase|DFRA,534,1276384,1276917,+
Escherichia_coli_B766,E.coli.B766.final.genome,1300107,1300904,798,MEG_4056|Drugs|Cationic_antimicrobial_peptides|Defensin-resistant_mprF|MPRF,MEG_4056|Drugs|Cationic_antimicrobial_peptides|Defensin-resistant_mprF|MPRF,1710,1295550,1297259,+
Escherichia_coli_B766,E.coli.B766.final.genome,1305180,1305321,142,MEG_11362|Metals|Arsenic_resistance|Arsenic_resistance_N-acetyltransferases|ARSN2,MEG_11362|Metals|Arsenic_resistance|Arsenic_resistance_N-acetyltransferases|ARSN2,444,1301535,1301978,+
Escherichia_coli_B766,E.coli.B766.final.genome,1313754,1314146,393,MEG_6578|Biocides|Multi-biocide_resistance|Multi-biocide_SMR_efflux_pump|SUGE,MEG_6578|Biocides|Multi-biocide_resistance|Multi-biocide_SMR_efflux_pump|SUGE,318,1310411,1310728,+
Escherichia_coli_B766,E.coli.B766.final.genome,1344830,1346322,1493,MEG_1173|Metals|Arsenic_resistance|Arsenic_resistance_regulator|ARSR,MEG_1173|Metals|Arsenic_resistance|Arsenic_resistance_regulator|ARSR,354,1341412,1341765,+
Escherichia_coli_B766,E.coli.B766.final.genome,1461811,1462521,711,MEG_4670|Drugs|betalactams|Class_D_betalactamases|OXA,MEG_4670|Drugs|betalactams|Class_D_betalactamases|OXA,831,1457254,1458084,+
Escherichia_coli_B766,E.coli.B766.final.genome,1687547,1688575,1029,MEG_7812|Metals|Iron_resistance|Iron_resistance_protein|YBTQ,MEG_7812|Metals|Iron_resistance|Iron_resistance_protein|YBTQ,1803,1683110,1684912,+
Escherichia_coli_B766,E.coli.B766.final.genome,1754313,1755851,1539,MEG_3872|Metals|Mercury_resistance|Mercury_resistance_protein|MERH,MEG_3872|Metals|Mercury_resistance|Mercury_resistance_protein|MERH,516,1750650,1751165,+
Escherichia_coli_B766,E.coli.B766.final.genome,1755868,1757040,1173,MEG_7820|Biocides|Acid_resistance|Acid_resistance_protein|YDEP,MEG_7820|Biocides|Acid_resistance|Acid_resistance_protein|YDEP,2280,1751182,1753461,+
Escherichia_coli_B766,E.coli.B766.final.genome,1757167,1757697,531,MEG_7555|Drugs|Glycopeptides|VanA-type_resistance_protein|VANXA,MEG_7555|Drugs|Glycopeptides|VanA-type_resistance_protein|VANXA,609,1753588,1754196,+
Escherichia_coli_B766,E.coli.B766.final.genome,1801410,1802093,684,MEG_2877|Biocides|Phenolic_compound_resistance|Phenolic_resistance_protein|FABL,MEG_2877|Biocides|Phenolic_compound_resistance|Phenolic_resistance_protein|FABL,753,1797909,1798661,+
Escherichia_coli_B766,E.coli.B766.final.genome,1938806,1939282,477,MEG_3747|Multi-compound|Drug_and_biocide_and_metal_resistance|Drug_and_biocide_and_metal_RND_efflux_pumps|MDTB,MEG_3747|Multi-compound|Drug_and_biocide_and_metal_resistance|Drug_and_biocide_and_metal_RND_efflux_pumps|MDTB,3123,1935374,1938496,+
Escherichia_coli_B766,E.coli.B766.final.genome,1960739,1963852,3114,MEG_8656|Drugs|Fluoroquinolones|Quinolone_resistance_protein_Qnr|QNRB,MEG_8656|Drugs|Fluoroquinolones|Quinolone_resistance_protein_Qnr|QNRB,645,1959953,1960597,+
Escherichia_coli_B766,E.coli.B766.final.genome,1994970,1996274,1305,MEG_11323|Metals|Arsenic_resistance|Arsenic_resistance_protein|ARSB,MEG_11323|Metals|Arsenic_resistance|Arsenic_resistance_protein|ARSB,1083,1991715,1992797,+
Escherichia_coli_B766,E.coli.B766.final.genome,2025234,2026472,1239,MEG_11443|Biocides|Phenolic_compound_resistance|Triclosan-resistant_mutation|FABG,MEG_11443|Biocides|Phenolic_compound_resistance|Triclosan-resistant_mutation|FABG,967,2021757,2022723,+
Escherichia_coli_B766,E.coli.B766.final.genome,2043314,2044552,1239,MEG_3439|Metals|Multi-metal_resistance|Multi-metal_resistance_regulator|IRLS,MEG_3439|Metals|Multi-metal_resistance|Multi-metal_resistance_regulator|IRLS,1395,2039565,2040959,+
Escherichia_coli_B766,E.coli.B766.final.genome,2068051,2071644,3594,MEG_2927|Drugs|Phenicol|Phenicol_resistance_MFS_efflux_pumps|FLOR,MEG_2927|Drugs|Phenicol|Phenicol_resistance_MFS_efflux_pumps|FLOR,1215,2064458,2065672,+
Escherichia_coli_B766,E.coli.B766.final.genome,2071649,2072263,615,MEG_1136|Drugs|Rifampin|Rifampin_ADP-ribosyltransferase_Arr|ARR,MEG_1136|Drugs|Rifampin|Rifampin_ADP-ribosyltransferase_Arr|ARR,453,2065677,2066129,+
Escherichia_coli_B766,E.coli.B766.final.genome,2072679,2075380,2702,MEG_3841|Metals|Mercury_resistance|Mercury_resistance_protein|MERA,MEG_3841|Metals|Mercury_resistance|Mercury_resistance_protein|MERA,1644,2066545,2068188,+
Escherichia_coli_B766,E.coli.B766.final.genome,2216368,2217336,969,MEG_7848|Metals|Zinc_resistance|Zinc_resistance_regulator|ZIAR,MEG_7848|Metals|Zinc_resistance|Zinc_resistance_regulator|ZIAR,399,2209176,2209574,+
Escherichia_coli_B766,E.coli.B766.final.genome,2260557,2260800,244,MEG_5841|Multi-compound|Drug_and_biocide_resistance|Drug_and_biocide_SMR_efflux_pumps|QACG,MEG_5841|Multi-compound|Drug_and_biocide_resistance|Drug_and_biocide_SMR_efflux_pumps|QACG,333,2252795,2253127,+
Escherichia_coli_B766,E.coli.B766.final.genome,2261085,2261320,236,MEG_3887|Metals|Mercury_resistance|Mercury_resistance_regulator|MERR2,MEG_3887|Metals|Mercury_resistance|Mercury_resistance_regulator|MERR2,435,2253412,2253846,+
Escherichia_coli_B766,E.coli.B766.final.genome,2264412,2266055,1644,MEG_11337|Metals|Multi-metal_resistance|Multi-metal_resistance_regulator|CADC,MEG_11337|Metals|Multi-metal_resistance|Multi-metal_resistance_regulator|CADC,357,2256938,2257294,+
Escherichia_coli_B766,E.coli.B766.final.genome,2291328,2292518,1191,MEG_5817|Metals|Arsenic_resistance|Arsenic_resistance_protein|PSTS,MEG_5817|Metals|Arsenic_resistance|Arsenic_resistance_protein|PSTS,1041,2282567,2283607,+
Escherichia_coli_B766,E.coli.B766.final.genome,2384587,2384925,339,MEG_504|Multi-compound|Biocide_and_metal_resistance|Biocide_and_metal_resistance_regulator|ACTR,MEG_504|Multi-compound|Biocide_and_metal_resistance|Biocide_and_metal_resistance_regulator|ACTR,585,2375676,2376260,+
Escherichia_coli_B766,E.coli.B766.final.genome,2385144,2385968,825,MEG_1123|Drugs|Rifampin|Rifampin_ADP-ribosyltransferase_Arr|ARR,MEG_1123|Drugs|Rifampin|Rifampin_ADP-ribosyltransferase_Arr|ARR,453,2376479,2376931,+
Escherichia_coli_B766,E.coli.B766.final.genome,2386089,2386361,273,MEG_7683|Drugs|Multi-drug_resistance|Multi-drug_ABC_efflux_pumps|VGA,MEG_7683|Drugs|Multi-drug_resistance|Multi-drug_ABC_efflux_pumps|VGA,1575,2377052,2378626,+
Escherichia_coli_B766,E.coli.B766.final.genome,2436762,2438884,2123,MEG_8806|Drugs|Lipopeptides|Colistin_phosphoethanolamine_transferase|MCR,MEG_8806|Drugs|Lipopeptides|Colistin_phosphoethanolamine_transferase|MCR,1617,2429027,2430643,+
Escherichia_coli_B766,E.coli.B766.final.genome,2440297,2447744,7448,MEG_7608|Drugs|Glycopeptides|VanF-type_accessory_protein|VANYF,MEG_7608|Drugs|Glycopeptides|VanF-type_accessory_protein|VANYF,882,2432056,2432937,+
Escherichia_coli_B766,E.coli.B766.final.genome,2460412,2462265,1854,MEG_1555|Drugs|Phenicol|Chloramphenicol_acetyltransferases|CAT,MEG_1555|Drugs|Phenicol|Chloramphenicol_acetyltransferases|CAT,630,2445605,2446234,+
Escherichia_coli_B766,E.coli.B766.final.genome,2502264,2503430,1167,MEG_1182|Biocides|Acid_resistance|Acid_resistance_protein|ASR,MEG_1182|Biocides|Acid_resistance|Acid_resistance_protein|ASR,309,2486233,2486541,+
Escherichia_coli_B766,E.coli.B766.final.genome,2529405,2530810,1406,MEG_1135|Drugs|Rifampin|Rifampin_ADP-ribosyltransferase_Arr|ARR,MEG_1135|Drugs|Rifampin|Rifampin_ADP-ribosyltransferase_Arr|ARR,543,2512516,2513058,+
Escherichia_coli_B766,E.coli.B766.final.genome,2547042,2547692,651,MEG_6522|Multi-compound|Drug_and_biocide_resistance|Drug_and_biocide_RND_efflux_pumps|SME,MEG_6522|Multi-compound|Drug_and_biocide_resistance|Drug_and_biocide_RND_efflux_pumps|SME,3123,2529290,2532412,+
Escherichia_coli_B766,E.coli.B766.final.genome,2563786,2564013,228,MEG_11244|Drugs|Fosfomycin|Fosfomycin_thiol_transferases|FOSA,MEG_11244|Drugs|Fosfomycin|Fosfomycin_thiol_transferases|FOSA,423,2548506,2548928,+
Escherichia_coli_B766,E.coli.B766.final.genome,2576634,2576966,333,MEG_3074|Drugs|Fusidic_acid|Fusidic_acid_esterases|FUSH,MEG_3074|Drugs|Fusidic_acid|Fusidic_acid_esterases|FUSH,1530,2561549,2563078,+
Escherichia_coli_B766,E.coli.B766.final.genome,2631796,2632542,747,MEG_6017|Drugs|Fluoroquinolones|Quinolone_resistance_protein_Qnr|QNRS,MEG_6017|Drugs|Fluoroquinolones|Quinolone_resistance_protein_Qnr|QNRS,657,2617908,2618564,+
Escherichia_coli_B766,E.coli.B766.final.genome,2648652,2649680,1029,MEG_6587|Drugs|Sulfonamides|Sulfonamide-resistant_dihydropteroate_synthases|SULI,MEG_6587|Drugs|Sulfonamides|Sulfonamide-resistant_dihydropteroate_synthases|SULI,840,2634674,2635513,+
Escherichia_coli_B766,E.coli.B766.final.genome,2649759,2650691,933,MEG_11359|Drugs|Organoarsenicals|Arsinothricin_resistance_N-acetyltransferases|ARSN1,MEG_11359|Drugs|Organoarsenicals|Arsinothricin_resistance_N-acetyltransferases|ARSN1,510,2635592,2636101,+
Escherichia_coli_B766,E.coli.B766.final.genome,2686087,2686653,567,MEG_3010|Drugs|Fosfomycin|Fosfomycin_thiol_transferases|FOSB,MEG_3010|Drugs|Fosfomycin|Fosfomycin_thiol_transferases|FOSB,417,2671497,2671913,+
Escherichia_coli_B766,E.coli.B766.final.genome,2856975,2858348,1374,MEG_7143|Drugs|Tetracyclines|Tetracycline_resistance_ribosomal_protection_proteins|TETM,MEG_7143|Drugs|Tetracyclines|Tetracycline_resistance_ribosomal_protection_proteins|TETM,1920,2842235,2844154,+
Escherichia_coli_B766,E.coli.B766.final.genome,2865919,2866500,582,MEG_6160|Drugs|Nucleosides|Streptothricin_acetyltransferase|SAT,MEG_6160|Drugs|Nucleosides|Streptothricin_acetyltransferase|SAT,525,2851725,2852249,+
Escherichia_coli_B766,E.coli.B766.final.genome,2928384,2929065,682,MEG_6086|Drugs|Rifampin|Rifampin_phosphotransferase|RPH,MEG_6086|Drugs|Rifampin|Rifampin_phosphotransferase|RPH,2607,2914133,2916739,+
Escherichia_coli_B766,E.coli.B766.final.genome,2930201,2930536,336,MEG_5826|Multi-compound|Drug_and_biocide_resistance|Drug_and_biocide_SMR_efflux_pumps|QACC,MEG_5826|Multi-compound|Drug_and_biocide_resistance|Drug_and_biocide_SMR_efflux_pumps|QACC,324,2917875,2918198,+
Escherichia_coli_B766,E.coli.B766.final.genome,3004734,3005126,393,MEG_7022|Drugs|Tetracyclines|Tetracycline_resistance_MFS_efflux_pumps|TETA,MEG_7022|Drugs|Tetracyclines|Tetracycline_resistance_MFS_efflux_pumps|TETA,1587,2992396,2993982,+
Escherichia_coli_B766,E.coli.B766.final.genome,3015522,3015911,390,MEG_6575|Biocides|Multi-biocide_resistance|Multi-biocide_SMR_efflux_pump|SUGE,MEG_6575|Biocides|Multi-biocide_resistance|Multi-biocide_SMR_efflux_pump|SUGE,468,3004378,3004845,+
Escherichia_coli_B766,E.coli.B766.final.genome,3015925,3016359,435,MEG_689|Multi-compound|Drug_and_biocide_resistance|Drug_and_biocide_RND_efflux_pumps|ADEI,MEG_689|Multi-compound|Drug_and_biocide_resistance|Drug_and_biocide_RND_efflux_pumps|ADEI,1251,3004859,3006109,+
Escherichia_coli_B766,E.coli.B766.final.genome,3052754,3055033,2280,MEG_7298|Biocides|Multi-biocide_resistance|Multi-biocide_RND_efflux_regulator|TTGV,MEG_7298|Biocides|Multi-biocide_resistance|Multi-biocide_RND_efflux_regulator|TTGV,780,3042504,3043283,+
Escherichia_coli_B766,E.coli.B766.final.genome,3055553,3056314,762,MEG_7294|Biocides|Multi-biocide_resistance|Multi-biocide_RND_efflux_pump|TTGF,MEG_7294|Biocides|Multi-biocide_resistance|Multi-biocide_RND_efflux_pump|TTGF,1239,3043803,3045041,+
Escherichia_coli_B766,E.coli.B766.final.genome,3067195,3068595,1401,MEG_5949|Drugs|Fluoroquinolones|Quinolone_resistance_protein_Qnr|QNRB,MEG_5949|Drugs|Fluoroquinolones|Quinolone_resistance_protein_Qnr|QNRB,681,3055922,3056602,+
Escherichia_coli_B766,E.coli.B766.final.genome,3068751,3070286,1536,MEG_2024|Metals|Copper_resistance|Copper_resistance_protein|COPA,MEG_2024|Metals|Copper_resistance|Copper_resistance_protein|COPA,213,3056758,3056970,+
Escherichia_coli_B766,E.coli.B766.final.genome,3144510,3146092,1583,MEG_1181|Biocides|Acid_resistance|Acid_resistance_protein|ASR,MEG_1181|Biocides|Acid_resistance|Acid_resistance_protein|ASR,336,3131194,3131529,+
Escherichia_coli_B766,E.coli.B766.final.genome,3313253,3314041,789,MEG_3837|Metals|Mercury_resistance|Mercury_resistance_protein|MERA,MEG_3837|Metals|Mercury_resistance|Mercury_resistance_protein|MERA,1686,3298690,3300375,+
Escherichia_coli_B766,E.coli.B766.final.genome,3367135,3367548,414,MEG_6516|Multi-compound|Biocide_and_metal_resistance|Biocide_and_metal_ABC_efflux_pumps|SITD,MEG_6516|Multi-compound|Biocide_and_metal_resistance|Biocide_and_metal_ABC_efflux_pumps|SITD,849,3353469,3354317,+
Escherichia_coli_B766,E.coli.B766.final.genome,3387677,3388777,1101,MEG_2561|Drugs|Trimethoprim|Dihydrofolate_reductase|DFRB,MEG_2561|Drugs|Trimethoprim|Dihydrofolate_reductase|DFRB,237,3374446,3374682,+
Escherichia_coli_B766,E.coli.B766.final.genome,3393031,3394131,1101,MEG_4190|Drugs|Metronidazole|nim_nitroimidazole_reductase|NIMI,MEG_4190|Drugs|Metronidazole|nim_nitroimidazole_reductase|NIMI,457,3378936,3379392,+
Escherichia_coli_B766,E.coli.B766.final.genome,3405813,3406091,279,MEG_2900|Multi-compound|Biocide_and_metal_resistance|Biocide_and_metal_ABC_efflux_pumps|FETB,MEG_2900|Multi-compound|Biocide_and_metal_resistance|Biocide_and_metal_ABC_efflux_pumps|FETB,780,3391074,3391853,+
Escherichia_coli_B766,E.coli.B766.final.genome,3430255,3431796,1542,MEG_6962|Metals|Tellurium_resistance|Tellurium_resistance_protein|TERZ,MEG_6962|Metals|Tellurium_resistance|Tellurium_resistance_protein|TERZ,582,3416017,3416598,+
Escherichia_coli_B766,E.coli.B766.final.genome,3431936,3432472,537,MEG_4010|Metals|Multi-metal_resistance|Multi-metal_ABC_efflux_pumps|MODC,MEG_4010|Metals|Multi-metal_resistance|Multi-metal_ABC_efflux_pumps|MODC,1059,3416738,3417796,+
Escherichia_coli_B766,E.coli.B766.final.genome,3448353,3448619,267,MEG_2803|Drugs|MLS|23S_rRNA_methyltransferases|ERMB,MEG_2803|Drugs|MLS|23S_rRNA_methyltransferases|ERMB,711,3433677,3434387,+
Escherichia_coli_B766,E.coli.B766.final.genome,3480551,3480808,258,MEG_1130|Drugs|Rifampin|Rifampin_ADP-ribosyltransferase_Arr|ARR,MEG_1130|Drugs|Rifampin|Rifampin_ADP-ribosyltransferase_Arr|ARR,453,3466319,3466771,+
Escherichia_coli_B766,E.coli.B766.final.genome,3481049,3481681,633,MEG_4051|Drugs|MLS|Macrolide_phosphotransferases|MPHN,MEG_4051|Drugs|MLS|Macrolide_phosphotransferases|MPHN,909,3467012,3467920,+
Escherichia_coli_B766,E.coli.B766.final.genome,3524565,3525773,1209,MEG_7045|Drugs|Tetracyclines|Tetracycline_resistance_MFS_efflux_pumps|TETB,MEG_7045|Drugs|Tetracyclines|Tetracycline_resistance_MFS_efflux_pumps|TETB,1206,3510804,3512009,+
Escherichia_coli_B766,E.coli.B766.final.genome,3534404,3535630,1227,MEG_4912|Drugs|betalactams|Class_D_betalactamases|OXA,MEG_4912|Drugs|betalactams|Class_D_betalactamases|OXA,825,3520640,3521464,+
Escherichia_coli_B766,E.coli.B766.final.genome,3629201,3630269,1069,MEG_5412|Metals|Lead_resistance|Lead_P-type_ATPase_transporter|PBRD,MEG_5412|Metals|Lead_resistance|Lead_P-type_ATPase_transporter|PBRD,870,3615035,3615904,+
Escherichia_coli_B766,E.coli.B766.final.genome,3681087,3682835,1749,MEG_7835|Multi-compound|Biocide_and_metal_resistance|Biocide_and_metal_resistance_protein|YIEF,MEG_7835|Multi-compound|Biocide_and_metal_resistance|Biocide_and_metal_resistance_protein|YIEF,567,3666722,3667288,+
Escherichia_coli_B766,E.coli.B766.final.genome,3786710,3787432,723,MEG_7872|Drugs|Aminoglycosides|Aminoglycoside_N-acetyltransferases|AAC6-PRIME,MEG_7872|Drugs|Aminoglycosides|Aminoglycoside_N-acetyltransferases|AAC6-PRIME,600,3771163,3771762,+
Escherichia_coli_B766,E.coli.B766.final.genome,3830284,3831516,1233,MEG_5816|Metals|Arsenic_resistance|Arsenic_resistance_protein|PSTS,MEG_5816|Metals|Arsenic_resistance|Arsenic_resistance_protein|PSTS,1041,3814614,3815654,+
Escherichia_coli_B766,E.coli.B766.final.genome,3868599,3869067,469,MEG_7787|Biocides|Multi-biocide_resistance|Multi-biocide_RND_efflux_pump|VMED,MEG_7787|Biocides|Multi-biocide_resistance|Multi-biocide_RND_efflux_pump|VMED,3123,3852737,3855859,+
Escherichia_coli_B766,E.coli.B766.final.genome,3877111,3877578,468,MEG_237|Drugs|Aminoglycosides|Aminoglycoside_N-acetyltransferases|AAC6-PRIME,MEG_237|Drugs|Aminoglycosides|Aminoglycoside_N-acetyltransferases|AAC6-PRIME,555,3863903,3864457,+
Escherichia_coli_B766,E.coli.B766.final.genome,3933005,3934063,1059,MEG_4181|Drugs|Metronidazole|nim_nitroimidazole_reductase|NIMC,MEG_4181|Drugs|Metronidazole|nim_nitroimidazole_reductase|NIMC,492,3919884,3920375,+
Escherichia_coli_B766,E.coli.B766.final.genome,3934065,3935528,1464,MEG_1192|Multi-compound|Drug_and_biocide_and_metal_resistance|Drug_and_biocide_and_metal_RND_efflux_regulator|BAER,MEG_1192|Multi-compound|Drug_and_biocide_and_metal_resistance|Drug_and_biocide_and_metal_RND_efflux_regulator|BAER,723,3920377,3921099,+
Escherichia_coli_B766,E.coli.B766.final.genome,3935973,3936761,789,MEG_1116|Drugs|Multi-drug_resistance|MDR_regulator|ARLR,MEG_1116|Drugs|Multi-drug_resistance|MDR_regulator|ARLR,660,3921544,3922203,+
Escherichia_coli_B766,E.coli.B766.final.genome,3945799,3946740,942,MEG_3924|Multi-compound|Drug_and_biocide_resistance|Drug_and_biocide_RND_efflux_regulator|MEXR,MEG_3924|Multi-compound|Drug_and_biocide_resistance|Drug_and_biocide_RND_efflux_regulator|MEXR,444,3931241,3931684,+
Escherichia_coli_B766,E.coli.B766.final.genome,4008985,4009657,673,MEG_2670|Drugs|Multi-drug_resistance|Multi-drug_ABC_efflux_pumps|DRRA,MEG_2670|Drugs|Multi-drug_resistance|Multi-drug_ABC_efflux_pumps|DRRA,882,3993929,3994810,+
Escherichia_coli_B766,E.coli.B766.final.genome,4037121,4037943,823,MEG_11439|Multi-compound|Drug_and_biocide_and_metal_resistance|Drug_and_biocide_and_metal_RND_efflux_pumps|CMEB,MEG_11439|Multi-compound|Drug_and_biocide_and_metal_resistance|Drug_and_biocide_and_metal_RND_efflux_pumps|CMEB,3123,4022274,4025396,+
Escherichia_coli_B766,E.coli.B766.final.genome,4037968,4039500,1533,MEG_3254|Biocides|Acid_resistance|Acid_resistance_protein|HDEB,MEG_3254|Biocides|Acid_resistance|Acid_resistance_protein|HDEB,327,4025421,4025747,+
Escherichia_coli_B766,E.coli.B766.final.genome,4046269,4047893,1625,MEG_1583|Drugs|Phenicol|Chloramphenicol_acetyltransferases|CATA,MEG_1583|Drugs|Phenicol|Chloramphenicol_acetyltransferases|CATA,663,4032516,4033178,+
Escherichia_coli_B766,E.coli.B766.final.genome,4061444,4063345,1902,MEG_1209|Multi-compound|Drug_and_biocide_resistance|Drug_and_biocide_MFS_efflux_pumps|BCR,MEG_1209|Multi-compound|Drug_and_biocide_resistance|Drug_and_biocide_MFS_efflux_pumps|BCR,1134,4046729,4047862,+
Escherichia_coli_B766,E.coli.B766.final.genome,4128304,4131447,3144,MEG_3539|Biocides|Multi-biocide_resistance|Multi-biocide_MFS_efflux_pump|LDE,MEG_3539|Biocides|Multi-biocide_resistance|Multi-biocide_MFS_efflux_pump|LDE,1209,4112821,4114029,+
Escherichia_coli_B766,E.coli.B766.final.genome,4131459,4132682,1224,MEG_3726|Drugs|Lipopeptides|Colistin_phosphoethanolamine_transferase|MCR,MEG_3726|Drugs|Lipopeptides|Colistin_phosphoethanolamine_transferase|MCR,1626,4114041,4115666,+
Escherichia_coli_B766,E.coli.B766.final.genome,4132698,4133030,333,MEG_3080|Biocides|Acid_resistance|Acid_resistance_regulator|GADE,MEG_3080|Biocides|Acid_resistance|Acid_resistance_regulator|GADE,528,4115682,4116209,+
Escherichia_coli_B766,E.coli.B766.final.genome,4133064,4134436,1373,MEG_1765|Drugs|Phenicol|Phenicol_resistance_MFS_efflux_pumps|CMLA,MEG_1765|Drugs|Phenicol|Phenicol_resistance_MFS_efflux_pumps|CMLA,1173,4116243,4117415,+
Escherichia_coli_B766,E.coli.B766.final.genome,4134593,4136689,2097,MEG_7285|Drugs|Thiopeptides|Thiostrepton_23S_rRNA_methyltransferases|TSNR,MEG_7285|Drugs|Thiopeptides|Thiostrepton_23S_rRNA_methyltransferases|TSNR,813,4117572,4118384,+
Escherichia_coli_B766,E.coli.B766.final.genome,4208906,4210347,1442,MEG_626|Drugs|betalactams|Class_C_betalactamases|ADC,MEG_626|Drugs|betalactams|Class_C_betalactamases|ADC,1152,4190601,4191752,+
Escherichia_coli_B766,E.coli.B766.final.genome,4211866,4212273,408,MEG_4172|Metals|Nickel_resistance|Nickel_ABC_efflux_pumps|NIKD,MEG_4172|Metals|Nickel_resistance|Nickel_ABC_efflux_pumps|NIKD,762,4193271,4194032,+
Escherichia_coli_B766,E.coli.B766.final.genome,4214887,4217391,2505,MEG_2996|Drugs|Fosfomycin|Fosfomycin_thiol_transferases|FOSA,MEG_2996|Drugs|Fosfomycin|Fosfomycin_thiol_transferases|FOSA,408,4196646,4197053,+
Escherichia_coli_B766,E.coli.B766.final.genome,4240445,4241638,1194,MEG_7154|Drugs|Tetracyclines|Tetracycline_resistance_ribosomal_protection_proteins|TETO,MEG_7154|Drugs|Tetracyclines|Tetracycline_resistance_ribosomal_protection_proteins|TETO,1920,4220107,4222026,+
Escherichia_coli_B766,E.coli.B766.final.genome,4241661,4244828,3168,MEG_6541|Biocides|Peroxide_resistance|peroxide_resistance_protein|SODA,MEG_6541|Biocides|Peroxide_resistance|peroxide_resistance_protein|SODA,612,4222049,4222660,+
Escherichia_coli_B766,E.coli.B766.final.genome,4253710,4255427,1718,MEG_3272|Metals|Nickel_resistance|Nickel_resistance_protein|HOXN,MEG_3272|Metals|Nickel_resistance|Nickel_resistance_protein|HOXN,1056,4231542,4232597,+
Escherichia_coli_B766,E.coli.B766.final.genome,4331950,4333107,1158,MEG_4174|Metals|Nickel_resistance|Nickel_ABC_efflux_pumps|NIKE,MEG_4174|Metals|Nickel_resistance|Nickel_ABC_efflux_pumps|NIKE,807,4309120,4309926,+
Escherichia_coli_B766,E.coli.B766.final.genome,4346136,4347245,1110,MEG_4344|Multi-compound|Drug_and_biocide_resistance|Drug_and_biocide_RND_efflux_pumps|OQXB,MEG_4344|Multi-compound|Drug_and_biocide_resistance|Drug_and_biocide_RND_efflux_pumps|OQXB,3153,4322955,4326107,+
Escherichia_coli_B766,E.coli.B766.final.genome,4587816,4588526,711,MEG_2879|Biocides|Phenolic_compound_resistance|Phenolic_resistance_protein|FABV,MEG_2879|Biocides|Phenolic_compound_resistance|Phenolic_resistance_protein|FABV,297,4566678,4566974,+
Escherichia_coli_B766,E.coli.B766.final.genome,4664216,4665766,1551,MEG_3142|Multi-compound|Biocide_and_metal_resistance|Biocide_and_metal_resistance_protein|GLPF,MEG_3142|Multi-compound|Biocide_and_metal_resistance|Biocide_and_metal_resistance_protein|GLPF,846,4642664,4643509,+
Escherichia_coli_B766,E.coli.B766.final.genome,4717325,4718269,945,MEG_2096|Metals|Cobalt_resistance|Cobalt_transporting_ATPase|CORT,MEG_2096|Metals|Cobalt_resistance|Cobalt_transporting_ATPase|CORT,1929,4695068,4696996,+
Escherichia_coli_B766,E.coli.B766.final.genome,4744009,4746363,2355,MEG_6153|Multi-compound|Biocide_and_metal_resistance|Biocide_and_metal_resistance_protein|RUVB,MEG_6153|Multi-compound|Biocide_and_metal_resistance|Biocide_and_metal_resistance_protein|RUVB,1193,4722736,4723928,+
Escherichia_coli_B766,E.coli.B766.final.genome,4749512,4749889,378,MEG_6622|Drugs|Sulfonamides|Sulfonamide-resistant_dihydropteroate_synthases|SULII,MEG_6622|Drugs|Sulfonamides|Sulfonamide-resistant_dihydropteroate_synthases|SULII,816,4727077,4727892,+
Escherichia_coli_B766,E.coli.B766.final.genome,4785728,4786894,1167,MEG_5410|Metals|Lead_resistance|Lead_P-type_ATPase_transporter|PBRA,MEG_5410|Metals|Lead_resistance|Lead_P-type_ATPase_transporter|PBRA,2400,4763731,4766130,+
Escherichia_coli_B766,E.coli.B766.final.genome,4810652,4811521,870,MEG_8662|Drugs|Metronidazole|rdxA_nitroimidazole_reductase|RDXA,MEG_8662|Drugs|Metronidazole|rdxA_nitroimidazole_reductase|RDXA,633,4789888,4790520,+
Escherichia_coli_B766,E.coli.B766.final.genome,4874318,4875550,1233,MEG_4129|Metals|Multi-metal_resistance|Multi-metal_resistance_protein|NCZA,MEG_4129|Metals|Multi-metal_resistance|Multi-metal_resistance_protein|NCZA,3174,4853317,4856490,+
Escherichia_coli_B766,E.coli.B766.final.genome,4976600,4979296,2697,MEG_7788|Biocides|Multi-biocide_resistance|Multi-biocide_RND_efflux_pump|VMEE,MEG_7788|Biocides|Multi-biocide_resistance|Multi-biocide_RND_efflux_pump|VMEE,1095,4957540,4958634,+
Escherichia_coli_JM109,E.coli.JM109.final.genome,34920,35312,393,MEG_2525|Drugs|Trimethoprim|Dihydrofolate_reductase|DFRA,MEG_2525|Drugs|Trimethoprim|Dihydrofolate_reductase|DFRA,498,34920,35417,+
Escherichia_coli_JM109,E.coli.JM109.final.genome,39460,39849,390,MEG_4167|Metals|Nickel_resistance|Nickel_ABC_efflux_pumps|NIKA,MEG_4167|Metals|Nickel_resistance|Nickel_ABC_efflux_pumps|NIKA,1575,39565,41139,+
Escherichia_coli_JM109,E.coli.JM109.final.genome,39863,40297,435,MEG_4312|Drugs|Multi-drug_resistance|Multi-drug_ABC_efflux_pumps|OPTRA,MEG_4312|Drugs|Multi-drug_resistance|Multi-drug_ABC_efflux_pumps|OPTRA,1968,41153,43120,+
Escherichia_coli_JM109,E.coli.JM109.final.genome,72931,75210,2280,MEG_3133|Multi-compound|Drug_and_biocide_and_metal_resistance|Drug_and_biocide_and_metal_RND_efflux_pumps|GESB,MEG_3133|Multi-compound|Drug_and_biocide_and_metal_resistance|Drug_and_biocide_and_metal_RND_efflux_pumps|GESB,3168,75754,78921,+
Escherichia_coli_JM109,E.coli.JM109.final.genome,75730,76491,762,MEG_7828|Metals|Copper_resistance|Copper_resistance_protein|YFMO,MEG_7828|Metals|Copper_resistance|Copper_resistance_protein|YFMO,1191,79441,80631,+
Escherichia_coli_JM109,E.coli.JM109.final.genome,87372,88772,1401,MEG_2036|Metals|Copper_resistance|Copper_resistance_protein|COPB,MEG_2036|Metals|Copper_resistance|Copper_resistance_protein|COPB,855,91512,92366,+
Escherichia_coli_JM109,E.coli.JM109.final.genome,88928,90463,1536,MEG_3452|Metals|Tellurium_resistance|Tellurium_resistance_protein|KLAB,MEG_3452|Metals|Tellurium_resistance|Tellurium_resistance_protein|KLAB,1137,92522,93658,+
Escherichia_coli_JM109,E.coli.JM109.final.genome,157261,158843,1583,MEG_6596|Drugs|Sulfonamides|Sulfonamide-resistant_dihydropteroate_synthases|SULI,MEG_6596|Drugs|Sulfonamides|Sulfonamide-resistant_dihydropteroate_synthases|SULI,840,160456,161295,+
Escherichia_coli_JM109,E.coli.JM109.final.genome,309397,310185,789,MEG_11236|Drugs|Fluoroquinolones|Quinolone_resistance_protein_Qnr|QNRE,MEG_11236|Drugs|Fluoroquinolones|Quinolone_resistance_protein_Qnr|QNRE,645,311849,312493,+
Escherichia_coli_JM109,E.coli.JM109.final.genome,366314,366727,414,MEG_3861|Metals|Mercury_resistance|Mercury_resistance_regulator|MERD,MEG_3861|Metals|Mercury_resistance|Mercury_resistance_regulator|MERD,366,368622,368987,+
Escherichia_coli_JM109,E.coli.JM109.final.genome,387387,388487,1101,MEG_6601|Drugs|Sulfonamides|Sulfonamide-resistant_dihydropteroate_synthases|SULI,MEG_6601|Drugs|Sulfonamides|Sulfonamide-resistant_dihydropteroate_synthases|SULI,840,389647,390486,+
Escherichia_coli_JM109,E.coli.JM109.final.genome,400167,400445,279,MEG_7412|Drugs|Glycopeptides|VanA-type_resistance_protein|VANHA,MEG_7412|Drugs|Glycopeptides|VanA-type_resistance_protein|VANHA,2607,402166,404772,+
Escherichia_coli_JM109,E.coli.JM109.final.genome,424519,426060,1542,MEG_7793|Biocides|Multi-biocide_resistance|Multi-biocide_RND_efflux_pump|VMEJ,MEG_7793|Biocides|Multi-biocide_resistance|Multi-biocide_RND_efflux_pump|VMEJ,1116,428846,429961,+
Escherichia_coli_JM109,E.coli.JM109.final.genome,426200,426736,537,MEG_5903|Drugs|Fluoroquinolones|Quinolone_resistance_protein_Qnr|QNRB,MEG_5903|Drugs|Fluoroquinolones|Quinolone_resistance_protein_Qnr|QNRB,645,430101,430745,+
Escherichia_coli_JM109,E.coli.JM109.final.genome,442601,442867,267,MEG_5989|Drugs|Fluoroquinolones|Quinolone_resistance_protein_Qnr|QNRB,MEG_5989|Drugs|Fluoroquinolones|Quinolone_resistance_protein_Qnr|QNRB,645,446610,447254,+
Escherichia_coli_JM109,E.coli.JM109.final.genome,474702,474959,258,MEG_7423|Drugs|Glycopeptides|VanD-type_resistance_protein|VANHD,MEG_7423|Drugs|Glycopeptides|VanD-type_resistance_protein|VANHD,972,479089,480060,+
Escherichia_coli_JM109,E.coli.JM109.final.genome,475200,475832,633,MEG_6158|Drugs|Nucleosides|Streptothricin_acetyltransferase|SAT,MEG_6158|Drugs|Nucleosides|Streptothricin_acetyltransferase|SAT,555,480301,480855,+
Escherichia_coli_JM109,E.coli.JM109.final.genome,518706,519914,1209,MEG_2563|Drugs|Trimethoprim|Dihydrofolate_reductase|DFRB,MEG_2563|Drugs|Trimethoprim|Dihydrofolate_reductase|DFRB,237,523729,523965,+
Escherichia_coli_JM109,E.coli.JM109.final.genome,528542,529768,1227,MEG_1701|Metals|Sodium_resistance|Sodium_resistance_protein|CHAA,MEG_1701|Metals|Sodium_resistance|Sodium_resistance_protein|CHAA,1101,532593,533693,+
Escherichia_coli_JM109,E.coli.JM109.final.genome,624116,625193,1078,MEG_500|Multi-compound|Biocide_and_metal_resistance|Biocide_and_metal_resistance_protein|ACTP,MEG_500|Multi-compound|Biocide_and_metal_resistance|Biocide_and_metal_resistance_protein|ACTP,2484,628041,630524,+
Escherichia_coli_JM109,E.coli.JM109.final.genome,675837,677585,1749,MEG_7643|Biocides|Multi-biocide_resistance|Multi-biocide_MATE_efflux_pump|VCRM,MEG_7643|Biocides|Multi-biocide_resistance|Multi-biocide_MATE_efflux_pump|VCRM,1338,681168,682505,+
Escherichia_coli_JM109,E.coli.JM109.final.genome,752300,753022,723,MEG_7011|Drugs|Tetracyclines|Tetracycline_resistance_MFS_efflux_pumps|TET58,MEG_7011|Drugs|Tetracyclines|Tetracycline_resistance_MFS_efflux_pumps|TET58,1032,757220,758251,+
Escherichia_coli_JM109,E.coli.JM109.final.genome,759301,760533,1233,MEG_6165|Drugs|Nucleosides|Streptothricin_acetyltransferase|SAT,MEG_6165|Drugs|Nucleosides|Streptothricin_acetyltransferase|SAT,543,764530,765072,+
Escherichia_coli_JM109,E.coli.JM109.final.genome,790556,791023,468,MEG_1582|Drugs|Phenicol|Chloramphenicol_acetyltransferases|CATA,MEG_1582|Drugs|Phenicol|Chloramphenicol_acetyltransferases|CATA,660,795095,795754,+
Escherichia_coli_JM109,E.coli.JM109.final.genome,846594,847652,1059,MEG_7123|Drugs|Tetracyclines|Tetracycline_resistance_ribosomal_protection_proteins|TETM,MEG_7123|Drugs|Tetracyclines|Tetracycline_resistance_ribosomal_protection_proteins|TETM,1920,851325,853244,+
Escherichia_coli_JM109,E.coli.JM109.final.genome,847654,849117,1464,MEG_8452|Drugs|Multi-drug_resistance|MDR_regulator|PARS,MEG_8452|Drugs|Multi-drug_resistance|MDR_regulator|PARS,1287,853246,854532,+
Escherichia_coli_JM109,E.coli.JM109.final.genome,849562,850350,789,MEG_4196|Metals|Nickel_resistance|Nickel_resistance_protein|NIRB,MEG_4196|Metals|Nickel_resistance|Nickel_resistance_protein|NIRB,270,854977,855246,+
Escherichia_coli_JM109,E.coli.JM109.final.genome,859383,860324,942,MEG_254|Drugs|Aminoglycosides|Aminoglycoside_N-acetyltransferases|AAC6-PRIME,MEG_254|Drugs|Aminoglycosides|Aminoglycoside_N-acetyltransferases|AAC6-PRIME,483,864279,864761,+
Escherichia_coli_JM109,E.coli.JM109.final.genome,922474,923151,678,MEG_6585|Drugs|Sulfonamides|Sulfonamide-resistant_dihydropteroate_synthases|SULI,MEG_6585|Drugs|Sulfonamides|Sulfonamide-resistant_dihydropteroate_synthases|SULI,864,926911,927774,+
Escherichia_coli_JM109,E.coli.JM109.final.genome,927343,927486,144,MEG_7692|Drugs|MLS|Streptogramin_B_ester_bond_cleavage|VGBA,MEG_7692|Drugs|MLS|Streptogramin_B_ester_bond_cleavage|VGBA,900,931966,932865,+
Escherichia_coli_JM109,E.coli.JM109.final.genome,952479,953301,823,MEG_2810|Drugs|MLS|23S_rRNA_methyltransferases|ERMC,MEG_2810|Drugs|MLS|23S_rRNA_methyltransferases|ERMC,735,957858,958592,+
Escherichia_coli_JM109,E.coli.JM109.final.genome,953326,954864,1539,MEG_11338|Multi-compound|Drug_and_biocide_and_metal_resistance|Drug_and_biocide_and_metal_RND_efflux_pumps|CMEB,MEG_11338|Multi-compound|Drug_and_biocide_and_metal_resistance|Drug_and_biocide_and_metal_RND_efflux_pumps|CMEB,3120,958617,961736,+
Escherichia_coli_JM109,E.coli.JM109.final.genome,960813,962423,1611,MEG_4055|Drugs|Cationic_antimicrobial_peptides|Defensin-resistant_mprF|MPRF,MEG_4055|Drugs|Cationic_antimicrobial_peptides|Defensin-resistant_mprF|MPRF,2598,967685,970282,+
Escherichia_coli_JM109,E.coli.JM109.final.genome,975989,977890,1902,MEG_3717|Drugs|Lipopeptides|Colistin_phosphoethanolamine_transferase|MCR,MEG_3717|Drugs|Lipopeptides|Colistin_phosphoethanolamine_transferase|MCR,1626,983848,985473,+
Escherichia_coli_JM109,E.coli.JM109.final.genome,1042343,1045486,3144,MEG_6531|Biocides|Multi-biocide_resistance|Multi-biocide_MFS_efflux_pump|SMFY,MEG_6531|Biocides|Multi-biocide_resistance|Multi-biocide_MFS_efflux_pump|SMFY,1473,1049926,1051398,+
Escherichia_coli_JM109,E.coli.JM109.final.genome,1045498,1046721,1224,MEG_3153|Drugs|betalactams|Class_B_betalactamases|GOB,MEG_3153|Drugs|betalactams|Class_B_betalactamases|GOB,756,1051410,1052165,+
Escherichia_coli_JM109,E.coli.JM109.final.genome,1046737,1047069,333,MEG_2876|Biocides|Phenolic_compound_resistance|Phenolic_resistance_protein|FABK,MEG_2876|Biocides|Phenolic_compound_resistance|Phenolic_resistance_protein|FABK,975,1052181,1053155,+
Escherichia_coli_JM109,E.coli.JM109.final.genome,1047227,1048600,1374,MEG_7027|Drugs|Tetracyclines|Tetracycline_resistance_MFS_efflux_pumps|TETA,MEG_7027|Drugs|Tetracyclines|Tetracycline_resistance_MFS_efflux_pumps|TETA,1263,1053313,1054575,+
Escherichia_coli_JM109,E.coli.JM109.final.genome,1048757,1050872,2116,MEG_3067|Drugs|Fusidic_acid|Ribosomal_zinc-binding_protein|FUSB,MEG_3067|Drugs|Fusidic_acid|Ribosomal_zinc-binding_protein|FUSB,642,1054732,1055373,+
Escherichia_coli_JM109,E.coli.JM109.final.genome,1116672,1118115,1444,MEG_340|Drugs|Aminoglycosides|Aminoglycoside_N-acetyltransferases|AAC6-PRIME,MEG_340|Drugs|Aminoglycosides|Aminoglycoside_N-acetyltransferases|AAC6-PRIME,549,1121173,1121721,+
Escherichia_coli_JM109,E.coli.JM109.final.genome,1119634,1120041,408,MEG_1118|Drugs|Multi-drug_resistance|MDR_regulator|ARLS,MEG_1118|Drugs|Multi-drug_resistance|MDR_regulator|ARLS,1356,1123240,1124595,+
Escherichia_coli_JM109,E.coli.JM109.final.genome,1122655,1125159,2505,MEG_8237|Drugs|Lipopeptides|Colistin_phosphoethanolamine_transferase|MCR,MEG_8237|Drugs|Lipopeptides|Colistin_phosphoethanolamine_transferase|MCR,1626,1127209,1128834,+
Escherichia_coli_JM109,E.coli.JM109.final.genome,1148415,1149608,1194,MEG_2486|Drugs|Trimethoprim|Dihydrofolate_reductase|DFRA,MEG_2486|Drugs|Trimethoprim|Dihydrofolate_reductase|DFRA,498,1152090,1152587,+
Escherichia_coli_JM109,E.coli.JM109.final.genome,1149631,1152780,3150,MEG_7269|Metals|Tellurium_resistance|Tellurium_resistance_protein|TRGA,MEG_7269|Metals|Tellurium_resistance|Tellurium_resistance_protein|TRGA,441,1152610,1153050,+
Escherichia_coli_JM109,E.coli.JM109.final.genome,1161635,1163380,1746,MEG_6958|Metals|Tellurium_resistance|Tellurium_resistance_protein|TERD,MEG_6958|Metals|Tellurium_resistance|Tellurium_resistance_protein|TERD,579,1161905,1162483,+
Escherichia_coli_JM109,E.coli.JM109.final.genome,1239096,1240253,1158,MEG_10190|Drugs|Tetracyclines|Tetracycline_resistance_ABC_efflux_pumps|TETB60,MEG_10190|Drugs|Tetracyclines|Tetracycline_resistance_ABC_efflux_pumps|TETB60,1740,1238199,1239938,+
Escherichia_coli_JM109,E.coli.JM109.final.genome,1255812,1256921,1110,MEG_1759|Drugs|Phenicol|Phenicol_resistance_MFS_efflux_pumps|CMLA,MEG_1759|Drugs|Phenicol|Phenicol_resistance_MFS_efflux_pumps|CMLA,1260,1255497,1256756,+
Escherichia_coli_JM109,E.coli.JM109.final.genome,1295069,1295779,711,MEG_11506|Drugs|Aminoglycosides|Aminoglycoside_O-nucleotidyltransferases|ANT6,MEG_11506|Drugs|Aminoglycosides|Aminoglycoside_O-nucleotidyltransferases|ANT6,669,1294904,1295572,+
Escherichia_coli_JM109,E.coli.JM109.final.genome,1372415,1373965,1551,MEG_10077|Drugs|Lipopeptides|Daptomycin-resistant_mutant|DRMA,MEG_10077|Drugs|Lipopeptides|Daptomycin-resistant_mutant|DRMA,645,1372208,1372852,+
Escherichia_coli_JM109,E.coli.JM109.final.genome,1425736,1426680,945,MEG_1633|Drugs|Phenicol|Chloramphenicol_acetyltransferases|CATS,MEG_1633|Drugs|Phenicol|Chloramphenicol_acetyltransferases|CATS,492,1424623,1425114,+
Escherichia_coli_JM109,E.coli.JM109.final.genome,1453939,1456293,2355,MEG_2697|Biocides|Multi-biocide_resistance|Multi-biocide_SMR_efflux_pump|EBRA,MEG_2697|Biocides|Multi-biocide_resistance|Multi-biocide_SMR_efflux_pump|EBRA,318,1452373,1452690,+
Escherichia_coli_JM109,E.coli.JM109.final.genome,1459442,1459819,378,MEG_2465|Metals|Multi-metal_resistance|Multi-metal_RND_efflux_regulator|CZCC,MEG_2465|Metals|Multi-metal_resistance|Multi-metal_RND_efflux_regulator|CZCC,1431,1455839,1457269,+
Escherichia_coli_JM109,E.coli.JM109.final.genome,1492393,1493559,1167,MEG_6543|Biocides|Peroxide_resistance|peroxide_resistance_protein|SODA,MEG_6543|Biocides|Peroxide_resistance|peroxide_resistance_protein|SODA,288,1489843,1490130,+
Escherichia_coli_JM109,E.coli.JM109.final.genome,1518827,1519696,870,MEG_5813|Metals|Arsenic_resistance|Arsenic_resistance_protein|PSTA,MEG_5813|Metals|Arsenic_resistance|Arsenic_resistance_protein|PSTA,891,1515398,1516288,+
Escherichia_coli_JM109,E.coli.JM109.final.genome,1585618,1586850,1233,MEG_4195|Metals|Nickel_resistance|Nickel_resistance_protein|NIRA,MEG_4195|Metals|Nickel_resistance|Nickel_resistance_protein|NIRA,1071,1582210,1583280,+
Escherichia_coli_JM109,E.coli.JM109.final.genome,1642495,1644219,1725,MEG_6085|Drugs|Rifampin|Monooxygenase|ROX,MEG_6085|Drugs|Rifampin|Monooxygenase|ROX,1422,1638925,1640346,+
Escherichia_coli_JM109,E.coli.JM109.final.genome,1684588,1687284,2697,MEG_7220|Drugs|Tetracyclines|Tetracycline_resistance_ribosomal_protection_proteins|TETW,MEG_7220|Drugs|Tetracyclines|Tetracycline_resistance_ribosomal_protection_proteins|TETW,1920,1680715,1682634,+
Escherichia_coli_JM109,E.coli.JM109.final.genome,1776741,1777874,1134,MEG_3943|Drugs|Multi-drug_resistance|MDR_regulator|MGRA,MEG_3943|Drugs|Multi-drug_resistance|MDR_regulator|MGRA,444,1772091,1772534,+
Escherichia_coli_JM109,E.coli.JM109.final.genome,1778493,1778960,468,MEG_2794|Drugs|MLS|23S_rRNA_methyltransferases|ERMB,MEG_2794|Drugs|MLS|23S_rRNA_methyltransferases|ERMB,738,1773153,1773890,+
Escherichia_coli_JM109,E.coli.JM109.final.genome,1790329,1790667,339,MEG_3076|Biocides|Acid_resistance|Acid_resistance_protein|GADA,MEG_3076|Biocides|Acid_resistance|Acid_resistance_protein|GADA,1401,1785259,1786659,+
Escherichia_coli_JM109,E.coli.JM109.final.genome,1820095,1821738,1644,MEG_7772|Biocides|Multi-biocide_resistance|Multi-biocide_RND_efflux_pump|VMEA,MEG_7772|Biocides|Multi-biocide_resistance|Multi-biocide_RND_efflux_pump|VMEA,1140,1816087,1817226,+
Escherichia_coli_JM109,E.coli.JM109.final.genome,1851576,1856121,4546,MEG_7227|Drugs|Tetracyclines|Tetracycline_resistance_ribosomal_protection_proteins|TETW,MEG_7227|Drugs|Tetracyclines|Tetracycline_resistance_ribosomal_protection_proteins|TETW,1920,1847064,1848983,+
Escherichia_coli_JM109,E.coli.JM109.final.genome,1870672,1872321,1650,MEG_3291|Biocides|Acetate_resistance|Acetate_resistance_protein|ICLR,MEG_3291|Biocides|Acetate_resistance|Acetate_resistance_protein|ICLR,864,1863534,1864397,+
Escherichia_coli_JM109,E.coli.JM109.final.genome,1877641,1878105,465,MEG_11330|Metals|Arsenic_resistance|Arsenic_resistance_protein|ARSD,MEG_11330|Metals|Arsenic_resistance|Arsenic_resistance_protein|ARSD,312,1869717,1870028,+
Escherichia_coli_JM109,E.coli.JM109.final.genome,1878191,1878514,324,MEG_5799|Multi-compound|Drug_and_metal_resistance|Drug_and_metal_MFS_efflux_pumps|PMRBM,MEG_5799|Multi-compound|Drug_and_metal_resistance|Drug_and_metal_MFS_efflux_pumps|PMRBM,1095,1870114,1871208,+
Escherichia_coli_JM109,E.coli.JM109.final.genome,1895571,1896086,516,MEG_11119|Drugs|betalactams|Class_D_betalactamases|OXA,MEG_11119|Drugs|betalactams|Class_D_betalactamases|OXA,831,1888265,1889095,+
Escherichia_coli_JM109,E.coli.JM109.final.genome,1931946,1932770,825,MEG_3748|Multi-compound|Drug_and_biocide_and_metal_resistance|Drug_and_biocide_and_metal_RND_efflux_pumps|MDTB,MEG_3748|Multi-compound|Drug_and_biocide_and_metal_resistance|Drug_and_biocide_and_metal_RND_efflux_pumps|MDTB,3123,1924955,1928077,+
Escherichia_coli_JM109,E.coli.JM109.final.genome,1941957,1942340,384,MEG_48|Drugs|Aminoglycosides|Aminoglycoside_N-acetyltransferases|AAC3,MEG_48|Drugs|Aminoglycosides|Aminoglycoside_N-acetyltransferases|AAC3,855,1937264,1938118,+
Escherichia_coli_JM109,E.coli.JM109.final.genome,1950932,1953651,2720,MEG_7507|Drugs|Glycopeptides|VanD-type_regulator|VANSD,MEG_7507|Drugs|Glycopeptides|VanD-type_regulator|VANSD,1146,1946710,1947855,+
Escherichia_coli_JM109,E.coli.JM109.final.genome,2037480,2038325,846,MEG_2032|Metals|Copper_resistance|Copper_resistance_protein|COPA,MEG_2032|Metals|Copper_resistance|Copper_resistance_protein|COPA,2409,2031684,2034092,+
Escherichia_coli_JM109,E.coli.JM109.final.genome,2048199,2049101,903,MEG_4191|Drugs|Metronidazole|nim_nitroimidazole_reductase|NIMI,MEG_4191|Drugs|Metronidazole|nim_nitroimidazole_reductase|NIMI,457,2043966,2044422,+
Escherichia_coli_JM109,E.coli.JM109.final.genome,2049900,2051968,2069,MEG_3256|Biocides|Acid_resistance|Acid_resistance_protein|HEFA,MEG_3256|Biocides|Acid_resistance|Acid_resistance_protein|HEFA,1434,2045221,2046654,+
Escherichia_coli_JM109,E.coli.JM109.final.genome,2054140,2054760,621,MEG_1146|Metals|Arsenic_resistance|Arsenic_resistance_protein|ARSB,MEG_1146|Metals|Arsenic_resistance|Arsenic_resistance_protein|ARSB,1041,2048826,2049866,+
Escherichia_coli_JM109,E.coli.JM109.final.genome,2111526,2112152,627,MEG_1483|Metals|Multi-metal_resistance|Multi-metal_resistance_protein|CADA,MEG_1483|Metals|Multi-metal_resistance|Multi-metal_resistance_protein|CADA,2061,2106632,2108692,+
Escherichia_coli_JM109,E.coli.JM109.final.genome,2153186,2154136,951,MEG_3862|Metals|Mercury_resistance|Mercury_resistance_regulator|MERD,MEG_3862|Metals|Mercury_resistance|Mercury_resistance_regulator|MERD,366,2149726,2150091,+
Escherichia_coli_JM109,E.coli.JM109.final.genome,2244028,2245068,1041,MEG_11311|Drugs|Fosfomycin|Fosfomycin_thiol_transferases|FOSA,MEG_11311|Drugs|Fosfomycin|Fosfomycin_thiol_transferases|FOSA,414,2239983,2240396,+
Escherichia_coli_JM109,E.coli.JM109.final.genome,2245155,2247004,1850,MEG_4122|Metals|Multi-metal_resistance|Multi-metal_MFS_efflux_regulator|NCRB,MEG_4122|Metals|Multi-metal_resistance|Multi-metal_MFS_efflux_regulator|NCRB,270,2240483,2240752,+
Escherichia_coli_JM109,E.coli.JM109.final.genome,2247187,2247960,774,MEG_1191|Multi-compound|Drug_and_biocide_and_metal_resistance|Drug_and_biocide_and_metal_RND_efflux_regulator|BAER,MEG_1191|Multi-compound|Drug_and_biocide_and_metal_resistance|Drug_and_biocide_and_metal_RND_efflux_regulator|BAER,723,2240935,2241657,+
Escherichia_coli_JM109,E.coli.JM109.final.genome,2260335,2260901,567,MEG_11313|Drugs|Fosfomycin|Fosfomycin_thiol_transferases|FOSX,MEG_11313|Drugs|Fosfomycin|Fosfomycin_thiol_transferases|FOSX,411,2254032,2254442,+
Escherichia_coli_JM109,E.coli.JM109.final.genome,2288131,2288544,414,MEG_2921|Drugs|Phenicol|Phenicol_resistance_MFS_efflux_pumps|FLOR,MEG_2921|Drugs|Phenicol|Phenicol_resistance_MFS_efflux_pumps|FLOR,1215,2281672,2282886,+
Escherichia_coli_JM109,E.coli.JM109.final.genome,2288650,2289084,435,MEG_406|Multi-compound|Drug_and_biocide_and_metal_resistance|Drug_and_biocide_and_metal_RND_efflux_pumps|ACRD,MEG_406|Multi-compound|Drug_and_biocide_and_metal_resistance|Drug_and_biocide_and_metal_RND_efflux_pumps|ACRD,3114,2282992,2286105,+
Escherichia_coli_JM109,E.coli.JM109.final.genome,2300447,2301637,1191,MEG_847|Drugs|Aminoglycosides|Aminoglycoside_O-nucleotidyltransferases|ANT3-DPRIME,MEG_847|Drugs|Aminoglycosides|Aminoglycoside_O-nucleotidyltransferases|ANT3-DPRIME,792,2297468,2298259,+
Escherichia_coli_JM109,E.coli.JM109.final.genome,2318451,2318612,162,MEG_2136|Metals|Copper_resistance|Copper_resistance_regulator|CSOR,MEG_2136|Metals|Copper_resistance|Copper_resistance_regulator|CSOR,306,2315073,2315378,+
Escherichia_coli_JM109,E.coli.JM109.final.genome,2489311,2490707,1397,MEG_398|Metals|Arsenic_resistance|Arsenic_resistance_membrane_transporter|ACR3,MEG_398|Metals|Arsenic_resistance|Arsenic_resistance_membrane_transporter|ACR3,1044,2486077,2487120,+
Escherichia_coli_JM109,E.coli.JM109.final.genome,2491077,2491901,825,MEG_1715|Metals|Chromium_resistance|Chromium_resistance_regulator|CHRF,MEG_1715|Metals|Chromium_resistance|Chromium_resistance_regulator|CHRF,423,2487490,2487912,+
Escherichia_coli_JM109,E.coli.JM109.final.genome,2492269,2492997,729,MEG_1464|Multi-compound|Drug_and_biocide_resistance|Drug_and_biocide_MFS_efflux_pumps|BLT,MEG_1464|Multi-compound|Drug_and_biocide_resistance|Drug_and_biocide_MFS_efflux_pumps|BLT,1309,2488280,2489588,+
Escherichia_coli_JM109,E.coli.JM109.final.genome,2493360,2496473,3114,MEG_4165|Metals|Cobalt_resistance|Cobalt_transporting_ATPase|NHLF,MEG_4165|Metals|Cobalt_resistance|Cobalt_transporting_ATPase|NHLF,1059,2489951,2491009,+
Escherichia_coli_JM109,E.coli.JM109.final.genome,2496498,2497655,1158,MEG_6957|Metals|Tellurium_resistance|Tellurium_resistance_protein|TERC,MEG_6957|Metals|Tellurium_resistance|Tellurium_resistance_protein|TERC,1041,2491034,2492074,+
Escherichia_coli_JM109,E.coli.JM109.final.genome,2497994,2498521,528,MEG_7093|Drugs|Tetracyclines|Tetracycline_resistance_MFS_efflux_pumps|TETL,MEG_7093|Drugs|Tetracyclines|Tetracycline_resistance_MFS_efflux_pumps|TETL,1377,2492413,2493789,+
Escherichia_coli_JM109,E.coli.JM109.final.genome,2500147,2500479,333,MEG_5776|Drugs|Lipopeptides|Lipid_A_phosphatase|PGBB,MEG_5776|Drugs|Lipopeptides|Lipid_A_phosphatase|PGBB,711,2495415,2496125,+
Escherichia_coli_JM109,E.coli.JM109.final.genome,2500583,2500921,339,MEG_6603|Drugs|Sulfonamides|Sulfonamide-resistant_dihydropteroate_synthases|SULI,MEG_6603|Drugs|Sulfonamides|Sulfonamide-resistant_dihydropteroate_synthases|SULI,840,2496229,2497068,+
Escherichia_coli_JM109,E.coli.JM109.final.genome,2506224,2506649,426,MEG_3719|Drugs|Lipopeptides|Colistin_phosphoethanolamine_transferase|MCR,MEG_3719|Drugs|Lipopeptides|Colistin_phosphoethanolamine_transferase|MCR,1626,2502371,2503996,+
Escherichia_coli_JM109,E.coli.JM109.final.genome,2506662,2507951,1290,MEG_948|Drugs|Aminoglycosides|Aminoglycoside_O-nucleotidyltransferases|ANT3-DPRIME,MEG_948|Drugs|Aminoglycosides|Aminoglycoside_O-nucleotidyltransferases|ANT3-DPRIME,789,2504009,2504797,+
Escherichia_coli_JM109,E.coli.JM109.final.genome,2508005,2508358,354,MEG_4071|Drugs|MLS|MLS_resistance_ABC_efflux_pumps|MSRC,MEG_4071|Drugs|MLS|MLS_resistance_ABC_efflux_pumps|MSRC,1479,2504851,2506329,+
Escherichia_coli_JM109,E.coli.JM109.final.genome,2517745,2519244,1500,MEG_2051|Metals|Copper_resistance|Copper_resistance_protein|COPD,MEG_2051|Metals|Copper_resistance|Copper_resistance_protein|COPD,930,2515716,2516645,+
Escherichia_coli_JM109,E.coli.JM109.final.genome,2537865,2538296,432,MEG_2859|Drugs|MLS|23S_rRNA_methyltransferases|ERMX,MEG_2859|Drugs|MLS|23S_rRNA_methyltransferases|ERMX,855,2535266,2536120,+
Escherichia_coli_JM109,E.coli.JM109.final.genome,2538302,2543217,4916,MEG_6084|Drugs|Multi-drug_resistance|Multi-drug_MFS_efflux_pumps|ROSB,MEG_6084|Drugs|Multi-drug_resistance|Multi-drug_MFS_efflux_pumps|ROSB,1692,2536126,2537817,+
Escherichia_coli_JM109,E.coli.JM109.final.genome,2548235,2550433,2199,MEG_715|Metals|Arsenic_resistance|Arsenite_oxidase_regulator|AIOR,MEG_715|Metals|Arsenic_resistance|Arsenite_oxidase_regulator|AIOR,1329,2542835,2544163,+
Escherichia_coli_JM109,E.coli.JM109.final.genome,2670133,2670765,633,MEG_7688|Drugs|Multi-drug_resistance|Multi-drug_ABC_efflux_pumps|VGAB,MEG_7688|Drugs|Multi-drug_resistance|Multi-drug_ABC_efflux_pumps|VGAB,1659,2663863,2665521,+
Escherichia_coli_JM109,E.coli.JM109.final.genome,2717755,2718180,426,MEG_8071|Drugs|Trimethoprim|Dihydrofolate_reductase|DFRE,MEG_8071|Drugs|Trimethoprim|Dihydrofolate_reductase|DFRE,495,2712511,2713005,+
Escherichia_coli_JM109,E.coli.JM109.final.genome,2738745,2741849,3105,MEG_4183|Drugs|Metronidazole|nim_nitroimidazole_reductase|NIME,MEG_4183|Drugs|Metronidazole|nim_nitroimidazole_reductase|NIME,513,2733570,2734082,+
Escherichia_coli_JM109,E.coli.JM109.final.genome,2741861,2743018,1158,MEG_5411|Metals|Lead_resistance|Lead_P-type_ATPase_transporter|PBRB,MEG_5411|Metals|Lead_resistance|Lead_P-type_ATPase_transporter|PBRB,1077,2734094,2735170,+
Escherichia_coli_JM109,E.coli.JM109.final.genome,2743417,2744079,663,MEG_7802|Drugs|Multi-drug_resistance|Multi-drug_ABC_efflux_pumps|VMLR,MEG_7802|Drugs|Multi-drug_resistance|Multi-drug_ABC_efflux_pumps|VMLR,1644,2735569,2737212,+
Escherichia_coli_JM109,E.coli.JM109.final.genome,2771081,2771395,315,MEG_5705|Drugs|betalactams|Class_C_betalactamases|PDC,MEG_5705|Drugs|betalactams|Class_C_betalactamases|PDC,1194,2764214,2765407,+
Escherichia_coli_JM109,E.coli.JM109.final.genome,2941726,2942490,765,MEG_2842|Drugs|MLS|23S_rRNA_methyltransferases|ERMQ,MEG_2842|Drugs|MLS|23S_rRNA_methyltransferases|ERMQ,787,2935738,2936524,+
Escherichia_coli_JM109,E.coli.JM109.final.genome,2954085,2954906,822,MEG_7129|Drugs|Tetracyclines|Tetracycline_resistance_ribosomal_protection_proteins|TETM,MEG_7129|Drugs|Tetracyclines|Tetracycline_resistance_ribosomal_protection_proteins|TETM,1920,2948119,2950038,+
Escherichia_coli_JM109,E.coli.JM109.final.genome,2974893,2975690,798,MEG_3881|Metals|Mercury_resistance|Mercury_resistance_regulator|MERR,MEG_3881|Metals|Mercury_resistance|Mercury_resistance_regulator|MERR,408,2970025,2970432,+
Escherichia_coli_JM109,E.coli.JM109.final.genome,2979966,2980107,142,MEG_6018|Drugs|Fluoroquinolones|Quinolone_resistance_protein_Qnr|QNRS,MEG_6018|Drugs|Fluoroquinolones|Quinolone_resistance_protein_Qnr|QNRS,657,2974708,2975364,+
Escherichia_coli_JM109,E.coli.JM109.final.genome,2988540,2988932,393,MEG_4193|Drugs|Metronidazole|nim_nitroimidazole_reductase|NIMI,MEG_4193|Drugs|Metronidazole|nim_nitroimidazole_reductase|NIMI,457,2983797,2984253,+
Escherichia_coli_JM109,E.coli.JM109.final.genome,3021845,3023337,1493,MEG_4381|Drugs|Tetracyclines|Tetracycline_resistance_MFS_efflux_pumps|OTRB,MEG_4381|Drugs|Tetracyclines|Tetracycline_resistance_MFS_efflux_pumps|OTRB,1692,3017166,3018857,+
Escherichia_coli_JM109,E.coli.JM109.final.genome,3119394,3120104,711,MEG_7611|Drugs|Glycopeptides|VanF-type_accessory_protein|VANYF,MEG_7611|Drugs|Glycopeptides|VanF-type_accessory_protein|VANYF,1032,3114914,3115945,+
Escherichia_coli_JM109,E.coli.JM109.final.genome,3291827,3292855,1029,MEG_5908|Drugs|Fluoroquinolones|Quinolone_resistance_protein_Qnr|QNRB,MEG_5908|Drugs|Fluoroquinolones|Quinolone_resistance_protein_Qnr|QNRB,645,3287668,3288312,+
Escherichia_coli_JM109,E.coli.JM109.final.genome,3331071,3331232,162,MEG_3600|Drugs|MLS|Lincosamide_nucleotidyltransferases|LNUA,MEG_3600|Drugs|MLS|Lincosamide_nucleotidyltransferases|LNUA,486,3326528,3327013,+
Escherichia_coli_JM109,E.coli.JM109.final.genome,3332403,3332569,167,MEG_5957|Drugs|Fluoroquinolones|Quinolone_resistance_protein_Qnr|QNRB,MEG_5957|Drugs|Fluoroquinolones|Quinolone_resistance_protein_Qnr|QNRB,681,3328184,3328864,+
Escherichia_coli_JM109,E.coli.JM109.final.genome,3347935,3349473,1539,MEG_2657|Multi-compound|Biocide_and_metal_resistance|Biocide_and_metal_resistance_protein|DPR,MEG_2657|Multi-compound|Biocide_and_metal_resistance|Biocide_and_metal_resistance_protein|DPR,519,3344230,3344748,+
Escherichia_coli_JM109,E.coli.JM109.final.genome,3349490,3350662,1173,MEG_4175|Metals|Nickel_resistance|Nickel_ABC_efflux_regulator|NIKR,MEG_4175|Metals|Nickel_resistance|Nickel_ABC_efflux_regulator|NIKR,121,3344765,3344885,+
Escherichia_coli_JM109,E.coli.JM109.final.genome,3350789,3351319,531,MEG_3894|Metals|Mercury_resistance|Mercury_resistance_protein|MERT,MEG_3894|Metals|Mercury_resistance|Mercury_resistance_protein|MERT,351,3345012,3345362,+
Escherichia_coli_JM109,E.coli.JM109.final.genome,3412029,3412712,684,MEG_3140|Multi-compound|Biocide_and_metal_resistance|Biocide_and_metal_resistance_protein|GLPF,MEG_3140|Multi-compound|Biocide_and_metal_resistance|Biocide_and_metal_resistance_protein|GLPF,846,3406072,3406917,+
Escherichia_coli_JM109,E.coli.JM109.final.genome,3550209,3550685,477,MEG_1026|Drugs|Aminoglycosides|Aminoglycoside_O-phosphotransferases|APH3-DPRIME,MEG_1026|Drugs|Aminoglycosides|Aminoglycoside_O-phosphotransferases|APH3-DPRIME,816,3544414,3545229,+
Escherichia_coli_JM109,E.coli.JM109.final.genome,3571371,3574484,3114,MEG_4383|Drugs|Tetracyclines|Tetracycline_resistance_ABC_efflux_pumps|OTRC,MEG_4383|Drugs|Tetracyclines|Tetracycline_resistance_ABC_efflux_pumps|OTRC,1056,3565915,3566970,+
Escherichia_coli_JM109,E.coli.JM109.final.genome,3605883,3607187,1305,MEG_2067|Metals|Copper_resistance|Copper_resistance_protein|COPP,MEG_2067|Metals|Copper_resistance|Copper_resistance_protein|COPP,201,3598369,3598569,+
Escherichia_coli_JM109,E.coli.JM109.final.genome,3642583,3643821,1239,MEG_2701|Biocides|Acid_resistance|Acid_resistance_protein|EEFA,MEG_2701|Biocides|Acid_resistance|Acid_resistance_protein|EEFA,1125,3633965,3635089,+
Escherichia_coli_JM109,E.coli.JM109.final.genome,3667322,3670915,3594,MEG_3869|Metals|Mercury_resistance|Mercury_resistance_protein|MERF,MEG_3869|Metals|Mercury_resistance|Mercury_resistance_protein|MERF,246,3658590,3658835,+
Escherichia_coli_JM109,E.coli.JM109.final.genome,3670920,3671534,615,MEG_6546|Biocides|Peroxide_resistance|peroxide_resistance_protein|SODB,MEG_6546|Biocides|Peroxide_resistance|peroxide_resistance_protein|SODB,582,3658840,3659421,+
Escherichia_coli_JM109,E.coli.JM109.final.genome,3671950,3674651,2702,MEG_11494|Drugs|Metronidazole|nim_nitroimidazole_reductase|NIMI,MEG_11494|Drugs|Metronidazole|nim_nitroimidazole_reductase|NIMI,498,3659837,3660334,+
Escherichia_coli_JM109,E.coli.JM109.final.genome,3788449,3789417,969,MEG_2807|Drugs|MLS|23S_rRNA_methyltransferases|ERMB,MEG_2807|Drugs|MLS|23S_rRNA_methyltransferases|ERMB,735,3774132,3774866,+
Escherichia_coli_JM109,E.coli.JM109.final.genome,3844018,3844261,244,MEG_2771|Drugs|MLS|23S_rRNA_methyltransferases|ERM,MEG_2771|Drugs|MLS|23S_rRNA_methyltransferases|ERM,732,3829467,3830198,+
Escherichia_coli_JM109,E.coli.JM109.final.genome,3844558,3844781,224,MEG_6504|Metals|Multi-metal_resistance|Multi-metal_RND_efflux_pumps|SILF,MEG_6504|Metals|Multi-metal_resistance|Multi-metal_RND_efflux_pumps|SILF,354,3830495,3830848,+
Escherichia_coli_JM109,E.coli.JM109.final.genome,3847873,3849516,1644,MEG_1717|Metals|Chromium_resistance|Chromium_resistance_protein|CHRR,MEG_1717|Metals|Chromium_resistance|Chromium_resistance_protein|CHRR,732,3833940,3834671,+
Escherichia_coli_JM109,E.coli.JM109.final.genome,3876614,3877804,1191,MEG_6629|Drugs|Sulfonamides|Sulfonamide-resistant_dihydropteroate_synthases|SULII,MEG_6629|Drugs|Sulfonamides|Sulfonamide-resistant_dihydropteroate_synthases|SULII,816,3861769,3862584,+
Escherichia_coli_JM109,E.coli.JM109.final.genome,3969076,3969414,339,MEG_8271|Drugs|Metronidazole|nim_nitroimidazole_reductase|NIMG,MEG_8271|Drugs|Metronidazole|nim_nitroimidazole_reductase|NIMG,495,3953856,3954350,+
Escherichia_coli_JM109,E.coli.JM109.final.genome,3969633,3970457,825,MEG_4187|Drugs|Metronidazole|nim_nitroimidazole_reductase|NIMH,MEG_4187|Drugs|Metronidazole|nim_nitroimidazole_reductase|NIMH,458,3954569,3955026,+
Escherichia_coli_JM109,E.coli.JM109.final.genome,3970578,3970850,273,MEG_2037|Metals|Copper_resistance|Copper_resistance_protein|COPB,MEG_2037|Metals|Copper_resistance|Copper_resistance_protein|COPB,888,3955147,3956034,+
Escherichia_coli_JM109,E.coli.JM109.final.genome,3992573,3994695,2123,MEG_4221|Metals|Nickel_resistance|Nickel_resistance_regulator|NRSS,MEG_4221|Metals|Nickel_resistance|Nickel_resistance_regulator|NRSS,1365,3977757,3979121,+
Escherichia_coli_JM109,E.coli.JM109.final.genome,3996108,4003555,7448,MEG_7343|Drugs|Glycopeptides|VanA-type_resistance_protein|VANA,MEG_7343|Drugs|Glycopeptides|VanA-type_resistance_protein|VANA,1032,3980534,3981565,+
Escherichia_coli_JM109,E.coli.JM109.final.genome,4015959,4017811,1853,MEG_10160|Drugs|Aminoglycosides|Aminoglycoside_N-acetyltransferases|AAC6-PRIME,MEG_10160|Drugs|Aminoglycosides|Aminoglycoside_N-acetyltransferases|AAC6-PRIME,555,3993969,3994523,+
Escherichia_coli_JM109,E.coli.JM109.final.genome,4057957,4059123,1167,MEG_11357|Drugs|Organoarsenicals|Arsinothricin_resistance_N-acetyltransferases|ARSN1,MEG_11357|Drugs|Organoarsenicals|Arsinothricin_resistance_N-acetyltransferases|ARSN1,561,4034669,4035229,+
Escherichia_coli_JM109,E.coli.JM109.final.genome,4097913,4099318,1406,MEG_1172|Metals|Arsenic_resistance|Arsenic_resistance_regulator|ARSR,MEG_1172|Metals|Arsenic_resistance|Arsenic_resistance_regulator|ARSR,318,4074019,4074336,+
Escherichia_coli_JM109,E.coli.JM109.final.genome,4115545,4116195,651,MEG_3289|Biocides|Peroxide_resistance|Peroxide_resistance_stress_protein|IBPB,MEG_3289|Biocides|Peroxide_resistance|Peroxide_resistance_stress_protein|IBPB,435,4090563,4090997,+
Escherichia_coli_JM109,E.coli.JM109.final.genome,4122329,4122502,174,MEG_4307|Drugs|Multi-drug_resistance|Multi-drug_ABC_efflux_pumps|OPTRA,MEG_4307|Drugs|Multi-drug_resistance|Multi-drug_ABC_efflux_pumps|OPTRA,1968,4097131,4099098,+
Escherichia_coli_JM109,E.coli.JM109.final.genome,4132357,4132584,228,MEG_5966|Drugs|Fluoroquinolones|Quinolone_resistance_protein_Qnr|QNRB,MEG_5966|Drugs|Fluoroquinolones|Quinolone_resistance_protein_Qnr|QNRB,645,4108953,4109597,+
Escherichia_coli_JM109,E.coli.JM109.final.genome,4197528,4198274,747,MEG_6641|Drugs|Sulfonamides|Flavin_reductase|SULR,MEG_6641|Drugs|Sulfonamides|Flavin_reductase|SULR,585,4174541,4175125,+
Escherichia_coli_JM109,E.coli.JM109.final.genome,4212595,4214132,1538,MEG_4178|Drugs|Metronidazole|nim_nitroimidazole_reductase|NIMA,MEG_4178|Drugs|Metronidazole|nim_nitroimidazole_reductase|NIMA,457,4189446,4189902,+
Escherichia_coli_JM109,E.coli.JM109.final.genome,4214211,4215143,933,MEG_6985|Drugs|Tetracyclines|Tetracycline_resistance_MFS_efflux_pumps|TET38,MEG_6985|Drugs|Tetracyclines|Tetracycline_resistance_MFS_efflux_pumps|TET38,1353,4189981,4191333,+
Escherichia_coli_JM109,E.coli.JM109.final.genome,4250540,4251106,567,MEG_1012|Drugs|Aminoglycosides|Aminoglycoside_O-phosphotransferases|APH2-DPRIME,MEG_1012|Drugs|Aminoglycosides|Aminoglycoside_O-phosphotransferases|APH2-DPRIME,906,4226730,4227635,+
Escherichia_coli_JM109,E.coli.JM109.final.genome,4411964,4413337,1374,MEG_5798|Multi-compound|Drug_and_metal_resistance|Drug_and_metal_MFS_efflux_pumps|PMRAM,MEG_5798|Multi-compound|Drug_and_metal_resistance|Drug_and_metal_MFS_efflux_pumps|PMRAM,669,4388493,4389161,+
Escherichia_coli_JM109,E.coli.JM109.final.genome,4420835,4421416,582,MEG_7590|Drugs|Glycopeptides|VanL-type_resistance_protein|VANXYL,MEG_7590|Drugs|Glycopeptides|VanL-type_resistance_protein|VANXYL,582,4396659,4397240,+
Escherichia_coli_JM109,E.coli.JM109.final.genome,4483326,4484007,682,MEG_1783|Drugs|Phenicol|Phenicol_resistance_MFS_efflux_pumps|CMX,MEG_1783|Drugs|Phenicol|Phenicol_resistance_MFS_efflux_pumps|CMX,1176,4459150,4460325,+
Escherichia_coli_JM109,E.coli.JM109.final.genome,4485143,4485478,336,MEG_1586|Drugs|Phenicol|Chloramphenicol_acetyltransferases|CATA,MEG_1586|Drugs|Phenicol|Chloramphenicol_acetyltransferases|CATA,648,4461461,4462108,+
Escherichia_coli_b2207,E.coli.b2207.final.plasmid,13158,16607,3450,MEG_407|Multi-compound|Drug_and_biocide_and_metal_resistance|Drug_and_biocide_and_metal_RND_efflux_pumps|ACRD,MEG_407|Multi-compound|Drug_and_biocide_and_metal_resistance|Drug_and_biocide_and_metal_RND_efflux_pumps|ACRD,3114,13158,16271,+
Escherichia_coli_b2207,E.coli.b2207.final.genome,60261,61370,1110,MEG_3287|Biocides|Peroxide_resistance|Peroxide_resistance_stress_protein|IBPA,MEG_3287|Biocides|Peroxide_resistance|Peroxide_resistance_stress_protein|IBPA,414,60261,60674,+
Escherichia_coli_b2207,E.coli.b2207.final.genome,74333,75490,1158,MEG_7559|Drugs|Glycopeptides|VanB-type_resistance_protein|VANXB,MEG_7559|Drugs|Glycopeptides|VanB-type_resistance_protein|VANXB,609,73637,74245,+
Escherichia_coli_b2207,E.coli.b2207.final.genome,149857,151602,1746,MEG_7865|Multi-compound|Biocide_and_metal_resistance|Biocide_and_metal_resistance_protein|ZUPT,MEG_7865|Multi-compound|Biocide_and_metal_resistance|Biocide_and_metal_resistance_protein|ZUPT,798,148612,149409,+
Escherichia_coli_b2207,E.coli.b2207.final.genome,171642,174791,3150,MEG_110|Drugs|Aminoglycosides|Aminoglycoside_N-acetyltransferases|AAC6-PRIME,MEG_110|Drugs|Aminoglycosides|Aminoglycoside_N-acetyltransferases|AAC6-PRIME,441,169449,169889,+
Escherichia_coli_b2207,E.coli.b2207.final.genome,174814,176007,1194,MEG_3026|Drugs|Fosfomycin|Fosfomycin_thiol_transferases|FOSX,MEG_3026|Drugs|Fosfomycin|Fosfomycin_thiol_transferases|FOSX,402,169912,170313,+
Escherichia_coli_b2207,E.coli.b2207.final.genome,199251,201755,2505,MEG_3022|Drugs|Fosfomycin|Fosfomycin_thiol_transferases|FOSG,MEG_3022|Drugs|Fosfomycin|Fosfomycin_thiol_transferases|FOSG,399,193557,193955,+
Escherichia_coli_b2207,E.coli.b2207.final.genome,204369,204776,408,MEG_2700|Drugs|Cationic_antimicrobial_peptides|Edeine_acetyltransferase|EDEQ,MEG_2700|Drugs|Cationic_antimicrobial_peptides|Edeine_acetyltransferase|EDEQ,438,196569,197006,+
Escherichia_coli_b2207,E.coli.b2207.final.genome,206295,207738,1444,MEG_9974|Biocides|Phenolic_compound_resistance|Triclosan-resistant_mutation|FABG,MEG_9974|Biocides|Phenolic_compound_resistance|Triclosan-resistant_mutation|FABG,744,198525,199268,+
Escherichia_coli_b2207,E.coli.b2207.final.genome,268365,269381,1017,MEG_4311|Drugs|Multi-drug_resistance|Multi-drug_ABC_efflux_pumps|OPTRA,MEG_4311|Drugs|Multi-drug_resistance|Multi-drug_ABC_efflux_pumps|OPTRA,1968,259895,261862,+
Escherichia_coli_b2207,E.coli.b2207.final.genome,310050,312165,2116,MEG_8451|Drugs|Multi-drug_resistance|MDR_regulator|PARR,MEG_8451|Drugs|Multi-drug_resistance|MDR_regulator|PARR,708,302531,303238,+
Escherichia_coli_b2207,E.coli.b2207.final.genome,312322,313695,1374,MEG_7459|Drugs|Glycopeptides|VanA-type_regulator|VANRA,MEG_7459|Drugs|Glycopeptides|VanA-type_regulator|VANRA,696,303395,304090,+
Escherichia_coli_b2207,E.coli.b2207.final.genome,313853,314185,333,MEG_7845|Metals|Zinc_resistance|Zinc_resistance_protein|ZEVA,MEG_7845|Metals|Zinc_resistance|Zinc_resistance_protein|ZEVA,621,304248,304868,+
Escherichia_coli_b2207,E.coli.b2207.final.genome,314201,315424,1224,MEG_6166|Drugs|Nucleosides|Streptothricin_acetyltransferase|SAT,MEG_6166|Drugs|Nucleosides|Streptothricin_acetyltransferase|SAT,543,304884,305426,+
Escherichia_coli_b2207,E.coli.b2207.final.genome,315436,318579,3144,MEG_3288|Biocides|Peroxide_resistance|Peroxide_resistance_stress_protein|IBPB,MEG_3288|Biocides|Peroxide_resistance|Peroxide_resistance_stress_protein|IBPB,429,305438,305866,+
Escherichia_coli_b2207,E.coli.b2207.final.genome,383022,384923,1902,MEG_5420|Metals|Copper_resistance|Copper_resistance_protein|PCOC,MEG_5420|Metals|Copper_resistance|Copper_resistance_protein|PCOC,381,370309,370689,+
Escherichia_coli_b2207,E.coli.b2207.final.genome,398489,400099,1611,MEG_1134|Drugs|Rifampin|Rifampin_ADP-ribosyltransferase_Arr|ARR,MEG_1134|Drugs|Rifampin|Rifampin_ADP-ribosyltransferase_Arr|ARR,453,384255,384707,+
Escherichia_coli_b2207,E.coli.b2207.final.genome,404850,406388,1539,MEG_3461|Metals|Multi-metal_resistance|Multi-metal_resistance_regulator|KMTR,MEG_3461|Metals|Multi-metal_resistance|Multi-metal_resistance_regulator|KMTR,393,389458,389850,+
Escherichia_coli_b2207,E.coli.b2207.final.genome,406413,407235,823,MEG_11499|Drugs|Metronidazole|nim_nitroimidazole_reductase|NIME,MEG_11499|Drugs|Metronidazole|nim_nitroimidazole_reductase|NIME,513,389875,390387,+
Escherichia_coli_b2207,E.coli.b2207.final.genome,432228,432371,144,MEG_1714|Metals|Chromium_resistance|Chromium_resistance_protein|CHRE,MEG_1714|Metals|Chromium_resistance|Chromium_resistance_protein|CHRE,342,415380,415721,+
Escherichia_coli_b2207,E.coli.b2207.final.genome,436333,437010,678,MEG_6168|Drugs|Nucleosides|Streptothricin_acetyltransferase|SAT,MEG_6168|Drugs|Nucleosides|Streptothricin_acetyltransferase|SAT,570,419683,420252,+
Escherichia_coli_b2207,E.coli.b2207.final.genome,498945,499886,942,MEG_1740|Multi-compound|Drug_and_biocide_and_metal_resistance|Drug_and_biocide_and_metal_RND_efflux_pumps|CMEB,MEG_1740|Multi-compound|Drug_and_biocide_and_metal_resistance|Drug_and_biocide_and_metal_RND_efflux_pumps|CMEB,3123,482187,485309,+
Escherichia_coli_b2207,E.coli.b2207.final.genome,508919,509707,789,MEG_6606|Drugs|Sulfonamides|Sulfonamide-resistant_dihydropteroate_synthases|SULI,MEG_6606|Drugs|Sulfonamides|Sulfonamide-resistant_dihydropteroate_synthases|SULI,867,494342,495208,+
Escherichia_coli_b2207,E.coli.b2207.final.genome,510152,511615,1464,MEG_1576|Drugs|Phenicol|Chloramphenicol_acetyltransferases|CATA,MEG_1576|Drugs|Phenicol|Chloramphenicol_acetyltransferases|CATA,624,495653,496276,+
Escherichia_coli_b2207,E.coli.b2207.final.genome,511617,512675,1059,MEG_7050|Drugs|Tetracyclines|Tetracycline_resistance_MFS_efflux_pumps|TETB,MEG_7050|Drugs|Tetracyclines|Tetracycline_resistance_MFS_efflux_pumps|TETB,1263,496278,497540,+
Escherichia_coli_b2207,E.coli.b2207.final.genome,568246,568713,468,MEG_4185|Drugs|Metronidazole|nim_nitroimidazole_reductase|NIME,MEG_4185|Drugs|Metronidazole|nim_nitroimidazole_reductase|NIME,458,553111,553568,+
Escherichia_coli_b2207,E.coli.b2207.final.genome,598736,599968,1233,MEG_3141|Multi-compound|Biocide_and_metal_resistance|Biocide_and_metal_resistance_protein|GLPF,MEG_3141|Multi-compound|Biocide_and_metal_resistance|Biocide_and_metal_resistance_protein|GLPF,846,583591,584436,+
Escherichia_coli_b2207,E.coli.b2207.final.genome,606247,606969,723,MEG_4170|Metals|Nickel_resistance|Nickel_ABC_efflux_pumps|NIKC,MEG_4170|Metals|Nickel_resistance|Nickel_ABC_efflux_pumps|NIKC,834,590715,591548,+
Escherichia_coli_b2207,E.coli.b2207.final.genome,706174,706618,445,MEG_2520|Drugs|Trimethoprim|Dihydrofolate_reductase|DFRA,MEG_2520|Drugs|Trimethoprim|Dihydrofolate_reductase|DFRA,498,690753,691250,+
Escherichia_coli_b2207,E.coli.b2207.final.genome,782629,784377,1749,MEG_7274|Biocides|Phenolic_compound_resistance|Phenolic_RND_efflux_pump|TRIBP,MEG_7274|Biocides|Phenolic_compound_resistance|Phenolic_RND_efflux_pump|TRIBP,294,767261,767554,+
Escherichia_coli_b2207,E.coli.b2207.final.genome,835027,836104,1078,MEG_7771|Biocides|Multi-biocide_resistance|Multi-biocide_RND_efflux_pump|VMEA,MEG_7771|Biocides|Multi-biocide_resistance|Multi-biocide_RND_efflux_pump|VMEA,1140,818204,819343,+
Escherichia_coli_b2207,E.coli.b2207.final.genome,970364,971590,1227,MEG_4004|Metals|Multi-metal_resistance|Multi-metal_ABC_efflux_pumps|MODB,MEG_4004|Metals|Multi-metal_resistance|Multi-metal_ABC_efflux_pumps|MODB,605,953603,954207,+
Escherichia_coli_b2207,E.coli.b2207.final.genome,980219,981427,1209,MEG_1132|Drugs|Rifampin|Rifampin_ADP-ribosyltransferase_Arr|ARR,MEG_1132|Drugs|Rifampin|Rifampin_ADP-ribosyltransferase_Arr|ARR,453,962836,963288,+
Escherichia_coli_b2207,E.coli.b2207.final.genome,1024302,1024934,633,MEG_713|Metals|Arsenic_resistance|Arsenite_oxidase|AIOB,MEG_713|Metals|Arsenic_resistance|Arsenite_oxidase|AIOB,522,1006163,1006684,+
Escherichia_coli_b2207,E.coli.b2207.final.genome,1025175,1025432,258,MEG_3168|Metals|Multi-metal_resistance|Multi-metal_resistance_protein|GOLT,MEG_3168|Metals|Multi-metal_resistance|Multi-metal_resistance_protein|GOLT,2289,1006925,1009213,+
Escherichia_coli_b2207,E.coli.b2207.final.genome,1068455,1068721,267,MEG_6591|Drugs|Sulfonamides|Sulfonamide-resistant_dihydropteroate_synthases|SULI,MEG_6591|Drugs|Sulfonamides|Sulfonamide-resistant_dihydropteroate_synthases|SULI,927,1052236,1053162,+
Escherichia_coli_b2207,E.coli.b2207.final.genome,1094751,1095287,537,MEG_8782|Drugs|Lipopeptides|Colistin_phosphoethanolamine_transferase|MCR,MEG_8782|Drugs|Lipopeptides|Colistin_phosphoethanolamine_transferase|MCR,1626,1079192,1080817,+
Escherichia_coli_b2207,E.coli.b2207.final.genome,1095427,1096968,1542,MEG_2995|Drugs|Fosfomycin|Fosfomycin_thiol_transferases|FOSA,MEG_2995|Drugs|Fosfomycin|Fosfomycin_thiol_transferases|FOSA,420,1080957,1081376,+
Escherichia_coli_b2207,E.coli.b2207.final.genome,1121043,1121321,279,MEG_3069|Drugs|Fusidic_acid|Ribosomal_zinc-binding_protein|FUSD,MEG_3069|Drugs|Fusidic_acid|Ribosomal_zinc-binding_protein|FUSD,642,1105451,1106092,+
Escherichia_coli_b2207,E.coli.b2207.final.genome,1133002,1134102,1101,MEG_2982|Drugs|Fosfomycin|Fosfomycin_thiol_transferases|FOSA,MEG_2982|Drugs|Fosfomycin|Fosfomycin_thiol_transferases|FOSA,390,1117773,1118162,+
Escherichia_coli_b2207,E.coli.b2207.final.genome,1154762,1155175,414,MEG_1776|Drugs|Phenicol|Phenicol_resistance_MFS_efflux_pumps|CMLR,MEG_1776|Drugs|Phenicol|Phenicol_resistance_MFS_efflux_pumps|CMLR,1179,1138822,1140000,+
Escherichia_coli_b2207,E.coli.b2207.final.genome,1267383,1268171,789,MEG_4188|Drugs|Metronidazole|nim_nitroimidazole_reductase|NIMI,MEG_4188|Drugs|Metronidazole|nim_nitroimidazole_reductase|NIMI,519,1252208,1252726,+
Escherichia_coli_b2207,E.coli.b2207.final.genome,1392215,1393797,1583,MEG_7836|Multi-compound|Biocide_and_metal_resistance|Biocide_and_metal_resistance_protein|YJAA,MEG_7836|Multi-compound|Biocide_and_metal_resistance|Biocide_and_metal_resistance_protein|YJAA,384,1376770,1377153,+
Escherichia_coli_b2207,E.coli.b2207.final.genome,1464864,1466399,1536,MEG_29|Drugs|Aminoglycosides|Aminoglycoside_N-acetyltransferases|AAC3,MEG_29|Drugs|Aminoglycosides|Aminoglycoside_N-acetyltransferases|AAC3,465,1448220,1448684,+
Escherichia_coli_b2207,E.coli.b2207.final.genome,1466555,1467951,1397,MEG_1215|Drugs|Bacitracin|Bacitracin_ABC_transporter|BCRC,MEG_1215|Drugs|Bacitracin|Bacitracin_ABC_transporter|BCRC,612,1448840,1449451,+
Escherichia_coli_b2207,E.coli.b2207.final.genome,1478829,1479590,762,MEG_2047|Metals|Copper_resistance|Copper_resistance_protein|COPC,MEG_2047|Metals|Copper_resistance|Copper_resistance_protein|COPC,384,1460329,1460712,+
Escherichia_coli_b2207,E.coli.b2207.final.genome,1480110,1482389,2280,MEG_2544|Drugs|Trimethoprim|Dihydrofolate_reductase|DFRA,MEG_2544|Drugs|Trimethoprim|Dihydrofolate_reductase|DFRA,555,1461232,1461786,+
Escherichia_coli_b2207,E.coli.b2207.final.genome,1516356,1516790,435,MEG_6513|Multi-compound|Biocide_and_metal_resistance|Biocide_and_metal_ABC_efflux_pumps|SITA,MEG_6513|Multi-compound|Biocide_and_metal_resistance|Biocide_and_metal_ABC_efflux_pumps|SITA,918,1495753,1496670,+
Escherichia_coli_b2207,E.coli.b2207.final.genome,1516804,1517193,390,MEG_6619|Drugs|Sulfonamides|Sulfonamide-resistant_dihydropteroate_synthases|SULII,MEG_6619|Drugs|Sulfonamides|Sulfonamide-resistant_dihydropteroate_synthases|SULII,816,1496684,1497499,+
Escherichia_coli_b2207,E.coli.b2207.final.genome,1521340,1521732,393,MEG_1641|Multi-compound|Drug_and_biocide_resistance|Drug_and_biocide_MATE_efflux_pumps|CDEA,MEG_1641|Multi-compound|Drug_and_biocide_resistance|Drug_and_biocide_MATE_efflux_pumps|CDEA,1326,1501646,1502971,+
Escherichia_coli_b2207,E.coli.b2207.final.genome,1552245,1552580,336,MEG_7498|Drugs|Glycopeptides|VanC-type_regulator|VANSC,MEG_7498|Drugs|Glycopeptides|VanC-type_regulator|VANSC,1143,1533484,1534626,+
Escherichia_coli_b2207,E.coli.b2207.final.genome,1553716,1554397,682,MEG_8014|Drugs|Phenicol|Chloramphenicol_acetyltransferases|CATT,MEG_8014|Drugs|Phenicol|Chloramphenicol_acetyltransferases|CATT,660,1535762,1536421,+
Escherichia_coli_b2207,E.coli.b2207.final.genome,1616271,1616852,582,MEG_3003|Drugs|Fosfomycin|Fosfomycin_thiol_transferases|FOSA,MEG_3003|Drugs|Fosfomycin|Fosfomycin_thiol_transferases|FOSA,347,1598295,1598641,+
Escherichia_coli_b2207,E.coli.b2207.final.genome,1624423,1625796,1374,MEG_3870|Metals|Mercury_resistance|Mercury_resistance_protein|MERF,MEG_3870|Metals|Mercury_resistance|Mercury_resistance_protein|MERF,246,1606212,1606457,+
Escherichia_coli_b2207,E.coli.b2207.final.genome,1787745,1788311,567,MEG_2540|Drugs|Trimethoprim|Dihydrofolate_reductase|DFRA,MEG_2540|Drugs|Trimethoprim|Dihydrofolate_reductase|DFRA,474,1768406,1768879,+
Escherichia_coli_b2207,E.coli.b2207.final.genome,1823708,1824640,933,MEG_4199|Metals|Nickel_resistance|Nickel_resistance_protein|NIXA,MEG_4199|Metals|Nickel_resistance|Nickel_resistance_protein|NIXA,996,1804276,1805271,+
Escherichia_coli_b2207,E.coli.b2207.final.genome,1824719,1826256,1538,MEG_3936|Biocides|Multi-biocide_resistance|Multi-biocide_RND_efflux_pump|MEXW,MEG_3936|Biocides|Multi-biocide_resistance|Multi-biocide_RND_efflux_pump|MEXW,3057,1805350,1808406,+
Escherichia_coli_b2207,E.coli.b2207.final.genome,1840577,1841323,747,MEG_6299|Drugs|betalactams|Class_A_betalactamases|SHV,MEG_6299|Drugs|betalactams|Class_A_betalactamases|SHV,900,1822727,1823626,+
Escherichia_coli_b2207,E.coli.b2207.final.genome,1904213,1904440,228,MEG_3290|Biocides|Acetate_resistance|Acetate_resistance_protein|ICLR,MEG_3290|Biocides|Acetate_resistance|Acetate_resistance_protein|ICLR,825,1886516,1887340,+
Escherichia_coli_b2207,E.coli.b2207.final.genome,1920526,1921176,651,MEG_6592|Drugs|Sulfonamides|Sulfonamide-resistant_dihydropteroate_synthases|SULI,MEG_6592|Drugs|Sulfonamides|Sulfonamide-resistant_dihydropteroate_synthases|SULI,840,1903426,1904265,+
Escherichia_coli_b2207,E.coli.b2207.final.genome,1927225,1930816,3592,MEG_2471|Metals|Multi-metal_resistance|Multi-metal_RND_efflux_pumps|CZCP,MEG_2471|Metals|Multi-metal_resistance|Multi-metal_RND_efflux_pumps|CZCP,2490,1910314,1912803,+
Escherichia_coli_b2207,E.coli.b2207.final.genome,1963045,1964450,1406,MEG_4177|Metals|Nickel_resistance|Nickel_ABC_efflux_regulator|NIKR,MEG_4177|Metals|Nickel_resistance|Nickel_ABC_efflux_regulator|NIKR,402,1945032,1945433,+
Escherichia_coli_b2207,E.coli.b2207.final.genome,2021603,2022769,1167,MEG_4186|Drugs|Metronidazole|nim_nitroimidazole_reductase|NIMF,MEG_4186|Drugs|Metronidazole|nim_nitroimidazole_reductase|NIMF,455,2002586,2003040,+
Escherichia_coli_b2207,E.coli.b2207.final.genome,2062383,2064236,1854,MEG_11241|Drugs|Fosfomycin|Fosfomycin_thiol_transferases|FOSA,MEG_11241|Drugs|Fosfomycin|Fosfomycin_thiol_transferases|FOSA,420,2042654,2043073,+
Escherichia_coli_b2207,E.coli.b2207.final.genome,2075907,2083354,7448,MEG_6540|Biocides|Peroxide_resistance|peroxide_resistance_protein|SODA,MEG_6540|Biocides|Peroxide_resistance|peroxide_resistance_protein|SODA,621,2054744,2055364,+
Escherichia_coli_b2207,E.coli.b2207.final.genome,2084767,2086889,2123,MEG_4184|Drugs|Metronidazole|nim_nitroimidazole_reductase|NIME,MEG_4184|Drugs|Metronidazole|nim_nitroimidazole_reductase|NIME,435,2056777,2057211,+
Escherichia_coli_b2207,E.coli.b2207.final.genome,2106292,2106564,273,MEG_4173|Metals|Nickel_resistance|Nickel_ABC_efflux_pumps|NIKE,MEG_4173|Metals|Nickel_resistance|Nickel_ABC_efflux_pumps|NIKE,807,2076614,2077420,+
Escherichia_coli_b2207,E.coli.b2207.final.genome,2106685,2107509,825,MEG_1190|Drugs|Bacitracin|Undecaprenyl_pyrophosphate_phosphatase|BACA,MEG_1190|Drugs|Bacitracin|Undecaprenyl_pyrophosphate_phosphatase|BACA,822,2077541,2078362,+
Escherichia_coli_b2207,E.coli.b2207.final.genome,2107728,2108066,339,MEG_11495|Drugs|Metronidazole|nim_nitroimidazole_reductase|NIMI,MEG_11495|Drugs|Metronidazole|nim_nitroimidazole_reductase|NIMI,498,2078581,2079078,+
Escherichia_coli_b2207,E.coli.b2207.final.genome,2200269,2201459,1191,MEG_3854|Metals|Mercury_resistance|Mercury_resistance_protein|MERB,MEG_3854|Metals|Mercury_resistance|Mercury_resistance_protein|MERB,630,2171281,2171910,+
Escherichia_coli_b2207,E.coli.b2207.final.genome,2227359,2229002,1644,MEG_11295|Drugs|Aminoglycosides|Aminoglycoside_O-phosphotransferases|APH3-PRIME,MEG_11295|Drugs|Aminoglycosides|Aminoglycoside_O-phosphotransferases|APH3-PRIME,813,2197810,2198622,+
Escherichia_coli_b2207,E.coli.b2207.final.genome,2232094,2232317,224,MEG_7952|Drugs|betalactams|Class_C_betalactamases|ADC,MEG_7952|Drugs|betalactams|Class_C_betalactamases|ADC,1152,2201714,2202865,+
Escherichia_coli_b2207,E.coli.b2207.final.genome,2232614,2232857,244,MEG_7475|Drugs|Glycopeptides|VanD-type_regulator|VANRD,MEG_7475|Drugs|Glycopeptides|VanD-type_regulator|VANRD,699,2203162,2203860,+
Escherichia_coli_b2207,E.coli.b2207.final.genome,2287459,2288427,969,MEG_3625|Drugs|Multi-drug_resistance|Multi-drug_RND_efflux_pumps|LPEB,MEG_3625|Drugs|Multi-drug_resistance|Multi-drug_RND_efflux_pumps|LPEB,3045,2258462,2261506,+
Escherichia_coli_b2207,E.coli.b2207.final.genome,2390785,2393486,2702,MEG_3720|Drugs|Lipopeptides|Colistin_phosphoethanolamine_transferase|MCR,MEG_3720|Drugs|Lipopeptides|Colistin_phosphoethanolamine_transferase|MCR,1626,2363864,2365489,+
Escherichia_coli_b2207,E.coli.b2207.final.genome,2393902,2394516,615,MEG_2556|Drugs|Trimethoprim|Dihydrofolate_reductase|DFRA,MEG_2556|Drugs|Trimethoprim|Dihydrofolate_reductase|DFRA,534,2365905,2366438,+
Escherichia_coli_b2207,E.coli.b2207.final.genome,2394521,2398114,3594,MEG_2493|Drugs|Trimethoprim|Dihydrofolate_reductase|DFRA,MEG_2493|Drugs|Trimethoprim|Dihydrofolate_reductase|DFRA,474,2366443,2366916,+
Escherichia_coli_b2207,E.coli.b2207.final.genome,2421615,2422853,1239,MEG_7852|Metals|Zinc_resistance|Zinc_resistance_protein|ZNEB,MEG_7852|Metals|Zinc_resistance|Zinc_resistance_protein|ZNEB,1158,2390417,2391574,+
Escherichia_coli_b2207,E.coli.b2207.final.genome,2456900,2458204,1305,MEG_3284|Metals|Nickel_resistance|Nickel_resistance_protein|HUPE,MEG_3284|Metals|Nickel_resistance|Nickel_resistance_protein|HUPE,600,2425621,2426220,+
Escherichia_coli_b2207,E.coli.b2207.final.genome,2489603,2492716,3114,MEG_9965|Drugs|Metronidazole|nim_nitroimidazole_reductase|NIMH,MEG_9965|Drugs|Metronidazole|nim_nitroimidazole_reductase|NIMH,453,2457619,2458071,+
Escherichia_coli_b2207,E.coli.b2207.final.genome,2513402,2513878,477,MEG_1186|Multi-compound|Drug_and_biocide_resistance|Drug_and_biocide_RND_efflux_pumps|AXY,MEG_1186|Multi-compound|Drug_and_biocide_resistance|Drug_and_biocide_RND_efflux_pumps|AXY,1176,2478757,2479932,+
Escherichia_coli_b2207,E.coli.b2207.final.genome,2652715,2653398,684,MEG_1655|Metals|Chromium_resistance|Chromate_ABC_efflux_pump|CEUE,MEG_1655|Metals|Chromium_resistance|Chromate_ABC_efflux_pump|CEUE,942,2618769,2619710,+
Escherichia_coli_b2207,E.coli.b2207.final.genome,2692084,2692614,531,MEG_4377|Multi-compound|Biocide_and_metal_resistance|Biocide_and_metal_resistance_protein|OSCA,MEG_4377|Multi-compound|Biocide_and_metal_resistance|Biocide_and_metal_resistance_protein|OSCA,183,2658396,2658578,+
Escherichia_coli_b2207,E.coli.b2207.final.genome,2692741,2693913,1173,MEG_7617|Drugs|Glycopeptides|VanA-type_accessory_protein|VANZA,MEG_7617|Drugs|Glycopeptides|VanA-type_accessory_protein|VANZA,480,2658705,2659184,+
Escherichia_coli_b2207,E.coli.b2207.final.genome,2693930,2695468,1539,MEG_6011|Drugs|Fluoroquinolones|Quinolone_resistance_protein_Qnr|QNRC,MEG_6011|Drugs|Fluoroquinolones|Quinolone_resistance_protein_Qnr|QNRC,666,2659201,2659866,+
Escherichia_coli_b2207,E.coli.b2207.final.genome,2747870,2748893,1024,MEG_262|Drugs|Aminoglycosides|Aminoglycoside_N-acetyltransferases|AAC6-PRIME,MEG_262|Drugs|Aminoglycosides|Aminoglycoside_N-acetyltransferases|AAC6-PRIME,462,2712268,2712729,+
Escherichia_coli_b2207,E.coli.b2207.final.genome,2927458,2928168,711,MEG_7075|Drugs|Tetracyclines|Tetracycline_resistance_MFS_efflux_pumps|TETE,MEG_7075|Drugs|Tetracyclines|Tetracycline_resistance_MFS_efflux_pumps|TETE,1170,2891294,2892463,+
Escherichia_coli_b2207,E.coli.b2207.final.genome,3105187,3106679,1493,MEG_3675|Drugs|Lipopeptides|Colistin_phosphoethanolamine_transferase|MCR,MEG_3675|Drugs|Lipopeptides|Colistin_phosphoethanolamine_transferase|MCR,1623,3069482,3071104,+
Escherichia_coli_b2207,E.coli.b2207.final.genome,3139592,3139984,393,MEG_7007|Drugs|Tetracyclines|Tetracycline_resistance_MFS_efflux_pumps|TET54,MEG_7007|Drugs|Tetracyclines|Tetracycline_resistance_MFS_efflux_pumps|TET54,1167,3104017,3105183,+
Escherichia_coli_b2207,E.coli.b2207.final.genome,3148417,3149904,1488,MEG_6597|Drugs|Sulfonamides|Sulfonamide-resistant_dihydropteroate_synthases|SULI,MEG_6597|Drugs|Sulfonamides|Sulfonamide-resistant_dihydropteroate_synthases|SULI,840,3113616,3114455,+
Escherichia_coli_b2207,E.coli.b2207.final.genome,3152834,3153631,798,MEG_3066|Drugs|Fusidic_acid|Ribosomal_zinc-binding_protein|FUSB,MEG_3066|Drugs|Fusidic_acid|Ribosomal_zinc-binding_protein|FUSB,642,3117385,3118026,+
Escherichia_coli_b2207,E.coli.b2207.final.genome,3173525,3174346,822,MEG_7684|Drugs|Multi-drug_resistance|Multi-drug_ABC_efflux_pumps|VGA,MEG_7684|Drugs|Multi-drug_resistance|Multi-drug_ABC_efflux_pumps|VGA,1569,3137920,3139488,+
Escherichia_coli_b2207,E.coli.b2207.final.genome,3185942,3186707,766,MEG_8088|Drugs|Fosfomycin|Fosfomycin_thiol_transferases|FOSA,MEG_8088|Drugs|Fosfomycin|Fosfomycin_thiol_transferases|FOSA,423,3151084,3151506,+
Escherichia_coli_b2207,E.coli.b2207.final.genome,3356799,3357113,315,MEG_3693|Drugs|Lipopeptides|Colistin_phosphoethanolamine_transferase|MCR,MEG_3693|Drugs|Lipopeptides|Colistin_phosphoethanolamine_transferase|MCR,1698,3321598,3323295,+
Escherichia_coli_b2207,E.coli.b2207.final.genome,3385547,3386209,663,MEG_4169|Metals|Nickel_resistance|Nickel_ABC_efflux_pumps|NIKB,MEG_4169|Metals|Nickel_resistance|Nickel_ABC_efflux_pumps|NIKB,945,3351729,3352673,+
Escherichia_coli_b2207,E.coli.b2207.final.genome,3386608,3387765,1158,MEG_6010|Drugs|Fluoroquinolones|Quinolone_resistance_protein_Qnr|QNRC,MEG_6010|Drugs|Fluoroquinolones|Quinolone_resistance_protein_Qnr|QNRC,657,3353072,3353728,+
Escherichia_coli_b2207,E.coli.b2207.final.genome,3387777,3390881,3105,MEG_4089|Drugs|Mupirocin|Mupirocin-resistant_isoleucyl-tRNA_synthetase|MUPA,MEG_4089|Drugs|Mupirocin|Mupirocin-resistant_isoleucyl-tRNA_synthetase|MUPA,3075,3353740,3356814,+
Escherichia_coli_b2207,E.coli.b2207.final.genome,3411425,3411850,426,MEG_4126|Metals|Nickel_resistance|Nickel_MFS_efflux_pumps|NCRCN,MEG_4126|Metals|Nickel_resistance|Nickel_MFS_efflux_pumps|NCRCN,1131,3377358,3378488,+
Escherichia_coli_b2207,E.coli.b2207.final.genome,3458838,3459470,633,MEG_6047|Drugs|Rifampin|RNA-polymerase_binding_protein|RBPA,MEG_6047|Drugs|Rifampin|RNA-polymerase_binding_protein|RBPA,345,3425476,3425820,+
Escherichia_coli_b2207,E.coli.b2207.final.genome,3578394,3580592,2199,MEG_1138|Drugs|Rifampin|Rifampin_ADP-ribosyltransferase_Arr|ARR,MEG_1138|Drugs|Rifampin|Rifampin_ADP-ribosyltransferase_Arr|ARR,453,3544744,3545196,+
Escherichia_coli_b2207,E.coli.b2207.final.genome,3585610,3590525,4916,MEG_7103|Drugs|Tetracyclines|Tetracycline_resistance_ribosomal_protection_proteins|TETM,MEG_7103|Drugs|Tetracyclines|Tetracycline_resistance_ribosomal_protection_proteins|TETM,1920,3550214,3552133,+
Escherichia_coli_b2207,E.coli.b2207.final.genome,3590531,3590962,432,MEG_4218|Metals|Nickel_resistance|Nickel_RND_efflux_pumps|NRSA,MEG_4218|Metals|Nickel_resistance|Nickel_RND_efflux_pumps|NRSA,3165,3552139,3555303,+
Escherichia_coli_b2207,E.coli.b2207.final.genome,3608494,3608928,435,MEG_7857|Metals|Zinc_resistance|Zinc_resistance_protein|ZNUB,MEG_7857|Metals|Zinc_resistance|Zinc_resistance_protein|ZNUB,277,3572835,3573111,+
Escherichia_coli_b2207,E.coli.b2207.final.genome,3609146,3611223,2078,MEG_3746|Multi-compound|Drug_and_biocide_and_metal_resistance|Drug_and_biocide_and_metal_RND_efflux_pumps|MDTA,MEG_3746|Multi-compound|Drug_and_biocide_and_metal_resistance|Drug_and_biocide_and_metal_RND_efflux_pumps|MDTA,1248,3573329,3574576,+
Escherichia_coli_b2207,E.coli.b2207.final.genome,3611278,3612207,930,MEG_8037|Drugs|Aminoglycosides|Aminoglycoside_efflux_pumps|CRCB,MEG_8037|Drugs|Aminoglycosides|Aminoglycoside_efflux_pumps|CRCB,414,3574631,3575044,+
Escherichia_coli_b2207,E.coli.b2207.final.genome,3612212,3612592,381,MEG_6021|Drugs|Fluoroquinolones|Quinolone_resistance_protein_Qnr|QNRS,MEG_6021|Drugs|Fluoroquinolones|Quinolone_resistance_protein_Qnr|QNRS,657,3575049,3575705,+
Escherichia_coli_b2207,E.coli.b2207.final.genome,3612632,3613522,891,MEG_6573|Biocides|Multi-biocide_resistance|Multi-biocide_SMR_efflux_pump|SSME,MEG_6573|Biocides|Multi-biocide_resistance|Multi-biocide_SMR_efflux_pump|SSME,333,3575745,3576077,+
Escherichia_coli_b2207,E.coli.b2207.final.genome,3613528,3615345,1818,MEG_7637|Multi-compound|Drug_and_biocide_resistance|Drug_and_biocide_RND_efflux_pumps|VCEA,MEG_7637|Multi-compound|Drug_and_biocide_resistance|Drug_and_biocide_RND_efflux_pumps|VCEA,1188,3576083,3577270,+
Escherichia_coli_b2207,E.coli.b2207.final.genome,3617327,3619803,2477,MEG_1548|Drugs|Phenicol|Chloramphenicol_acetyltransferases|CAT,MEG_1548|Drugs|Phenicol|Chloramphenicol_acetyltransferases|CAT,651,3579252,3579902,+
Escherichia_coli_b2207,E.coli.b2207.final.genome,3620432,3623574,3143,MEG_7344|Drugs|Glycopeptides|VanA-type_resistance_protein|VANA,MEG_7344|Drugs|Glycopeptides|VanA-type_resistance_protein|VANA,2670,3580531,3583200,+
Escherichia_coli_b2207,E.coli.b2207.final.genome,3623585,3624877,1293,MEG_5879|Drugs|Fluoroquinolones|Quinolone_resistance_protein_Qnr|QNRB,MEG_5879|Drugs|Fluoroquinolones|Quinolone_resistance_protein_Qnr|QNRB,645,3583211,3583855,+
Escherichia_coli_b2207,E.coli.b2207.final.genome,3624991,3625344,354,MEG_1126|Drugs|Rifampin|Rifampin_ADP-ribosyltransferase_Arr|ARR,MEG_1126|Drugs|Rifampin|Rifampin_ADP-ribosyltransferase_Arr|ARR,414,3583969,3584382,+
Escherichia_coli_b2207,E.coli.b2207.final.genome,3625372,3626757,1386,MEG_4402|Drugs|betalactams|Class_D_betalactamases|OXA,MEG_4402|Drugs|betalactams|Class_D_betalactamases|OXA,762,3584410,3585171,+
Escherichia_coli_b2207,E.coli.b2207.final.genome,3626947,3629094,2148,MEG_4128|Metals|Nickel_resistance|Nickel_MFS_efflux_regulator|NCRYN,MEG_4128|Metals|Nickel_resistance|Nickel_MFS_efflux_regulator|NCRYN,423,3585361,3585783,+
Escherichia_coli_b2207,E.coli.b2207.final.genome,3629346,3629777,432,MEG_3847|Metals|Mercury_resistance|Mercury_resistance_protein|MERB,MEG_3847|Metals|Mercury_resistance|Mercury_resistance_protein|MERB,639,3586035,3586673,+
Escherichia_coli_b2207,E.coli.b2207.final.genome,3646133,3647632,1500,MEG_1060|Drugs|Aminoglycosides|Aminoglycoside_O-phosphotransferases|APH3-PRIME,MEG_1060|Drugs|Aminoglycosides|Aminoglycoside_O-phosphotransferases|APH3-PRIME,801,3603029,3603829,+
Escherichia_coli_b2207,E.coli.b2207.final.genome,3657019,3657372,354,MEG_3253|Biocides|Acid_resistance|Acid_resistance_protein|HDEA,MEG_3253|Biocides|Acid_resistance|Acid_resistance_protein|HDEA,333,3613216,3613548,+
Escherichia_coli_b2207,E.coli.b2207.final.genome,3657426,3658715,1290,MEG_1684|Drugs|Multi-drug_resistance|MDR_23S_ribosomal_RNA_methyltransferase|CFRB,MEG_1684|Drugs|Multi-drug_resistance|MDR_23S_ribosomal_RNA_methyltransferase|CFRB,1050,3613602,3614651,+
Escherichia_coli_b2207,E.coli.b2207.final.genome,3658728,3659153,426,MEG_5899|Drugs|Fluoroquinolones|Quinolone_resistance_protein_Qnr|QNRB,MEG_5899|Drugs|Fluoroquinolones|Quinolone_resistance_protein_Qnr|QNRB,645,3614664,3615308,+
Escherichia_coli_b2207,E.coli.b2207.final.genome,3663257,3663595,339,MEG_2488|Drugs|Trimethoprim|Dihydrofolate_reductase|DFRA,MEG_2488|Drugs|Trimethoprim|Dihydrofolate_reductase|DFRA,498,3619412,3619909,+
Escherichia_coli_b2207,E.coli.b2207.final.genome,3663699,3664031,333,MEG_5912|Drugs|Fluoroquinolones|Quinolone_resistance_protein_Qnr|QNRB,MEG_5912|Drugs|Fluoroquinolones|Quinolone_resistance_protein_Qnr|QNRB,645,3620013,3620657,+
Escherichia_coli_b2207,E.coli.b2207.final.genome,3665657,3666184,528,MEG_2574|Drugs|Trimethoprim|Dihydrofolate_reductase|DFRD,MEG_2574|Drugs|Trimethoprim|Dihydrofolate_reductase|DFRD,501,3622283,3622783,+
Escherichia_coli_b2207,E.coli.b2207.final.genome,3666523,3667680,1158,MEG_6605|Drugs|Sulfonamides|Sulfonamide-resistant_dihydropteroate_synthases|SULI,MEG_6605|Drugs|Sulfonamides|Sulfonamide-resistant_dihydropteroate_synthases|SULI,840,3623122,3623961,+
Escherichia_coli_b2207,E.coli.b2207.final.genome,3667705,3670818,3114,MEG_11361|Metals|Arsenic_resistance|Arsenic_resistance_N-acetyltransferases|ARSN2,MEG_11361|Metals|Arsenic_resistance|Arsenic_resistance_N-acetyltransferases|ARSN2,495,3623986,3624480,+
Escherichia_coli_b2207,E.coli.b2207.final.genome,3671181,3671909,729,MEG_6164|Drugs|Nucleosides|Streptothricin_acetyltransferase|SAT,MEG_6164|Drugs|Nucleosides|Streptothricin_acetyltransferase|SAT,522,3624843,3625364,+
Escherichia_coli_b2207,E.coli.b2207.final.genome,3672277,3673101,825,MEG_8801|Drugs|Lipopeptides|Colistin_phosphoethanolamine_transferase|MCR,MEG_8801|Drugs|Lipopeptides|Colistin_phosphoethanolamine_transferase|MCR,1620,3625732,3627351,+
Escherichia_coli_b2207,E.coli.b2207.final.genome,3673471,3674871,1401,MEG_7621|Drugs|MLS|Streptogramin_A_O-acetyltransferase|VATA,MEG_7621|Drugs|MLS|Streptogramin_A_O-acetyltransferase|VATA,660,3627721,3628380,+
Escherichia_coli_b2207,E.coli.b2207.final.genome,3856917,3858107,1191,MEG_1231|Metals|Copper_resistance|Copper_resistance_regulator|BHSA,MEG_1231|Metals|Copper_resistance|Copper_resistance_regulator|BHSA,258,3810426,3810683,+
Escherichia_coli_b2207,E.coli.b2207.final.genome,3869470,3869904,435,MEG_2091|Metals|Multi-metal_resistance|Multi-metal_resistance_protein|CORC,MEG_2091|Metals|Multi-metal_resistance|Multi-metal_resistance_protein|CORC,879,3822046,3822924,+
Escherichia_coli_b2207,E.coli.b2207.final.genome,3870010,3870423,414,MEG_505|Multi-compound|Biocide_and_metal_resistance|Biocide_and_metal_resistance_regulator|ACTS,MEG_505|Multi-compound|Biocide_and_metal_resistance|Biocide_and_metal_resistance_regulator|ACTS,1302,3823030,3824331,+
Escherichia_coli_b2207,E.coli.b2207.final.genome,3897653,3898219,567,MEG_8093|Drugs|Fosfomycin|Fosfomycin_thiol_transferases|FOSM,MEG_8093|Drugs|Fosfomycin|Fosfomycin_thiol_transferases|FOSM,429,3851561,3851989,+
Escherichia_coli_b2207,E.coli.b2207.final.genome,3910594,3911367,774,MEG_3025|Drugs|Fosfomycin|Fosfomycin_thiol_transferases|FOSX,MEG_3025|Drugs|Fosfomycin|Fosfomycin_thiol_transferases|FOSX,465,3864364,3864828,+
Escherichia_coli_b2207,E.coli.b2207.final.genome,3911550,3913399,1850,MEG_3840|Metals|Mercury_resistance|Mercury_resistance_protein|MERA,MEG_3840|Metals|Mercury_resistance|Mercury_resistance_protein|MERA,1028,3865011,3866038,+
Escherichia_coli_b2207,E.coli.b2207.final.genome,3913486,3914526,1041,MEG_2658|Multi-compound|Biocide_and_metal_resistance|Biocide_and_metal_resistance_protein|DPR,MEG_2658|Multi-compound|Biocide_and_metal_resistance|Biocide_and_metal_resistance_protein|DPR,519,3866125,3866643,+
Escherichia_coli_b2207,E.coli.b2207.final.genome,4004408,4005358,951,MEG_11329|Metals|Arsenic_resistance|Arsenic_resistance_protein|ARSD,MEG_11329|Metals|Arsenic_resistance|Arsenic_resistance_protein|ARSD,324,3956525,3956848,+
Escherichia_coli_b2207,E.coli.b2207.final.genome,4046285,4046911,627,MEG_5863|Drugs|Fluoroquinolones|Quinolone_active_efflux|QEPA,MEG_5863|Drugs|Fluoroquinolones|Quinolone_active_efflux|QEPA,1536,3997775,3999310,+
Escherichia_coli_b2207,E.coli.b2207.final.genome,4103638,4104258,621,MEG_11360|Metals|Arsenic_resistance|Arsenic_resistance_N-acetyltransferases|ARSN2,MEG_11360|Metals|Arsenic_resistance|Arsenic_resistance_N-acetyltransferases|ARSN2,495,4056037,4056531,+
Escherichia_coli_b2207,E.coli.b2207.final.genome,4106429,4108497,2069,MEG_2143|Metals|Copper_resistance|Copper_resistance_protein|CTPV,MEG_2143|Metals|Copper_resistance|Copper_resistance_protein|CTPV,2313,4058702,4061014,+
Escherichia_coli_b2207,E.coli.b2207.final.genome,4109296,4110198,903,MEG_7180|Drugs|Tetracyclines|Tetracycline_resistance_ribosomal_protection_proteins|TETQ,MEG_7180|Drugs|Tetracyclines|Tetracycline_resistance_ribosomal_protection_proteins|TETQ,1926,4061813,4063738,+
Escherichia_coli_b2207,E.coli.b2207.final.genome,4120072,4120917,846,MEG_7689|Drugs|Multi-drug_resistance|Multi-drug_ABC_efflux_pumps|VGAD,MEG_7689|Drugs|Multi-drug_resistance|Multi-drug_ABC_efflux_pumps|VGAD,1578,4073612,4075189,+
Escherichia_coli_b2207,E.coli.b2207.final.genome,4204645,4207364,2720,MEG_5794|Multi-compound|Drug_and_biocide_resistance|Drug_and_biocide_MATE_efflux_pumps|PMPM,MEG_5794|Multi-compound|Drug_and_biocide_resistance|Drug_and_biocide_MATE_efflux_pumps|PMPM,1434,4158917,4160350,+
Escherichia_coli_b2207,E.coli.b2207.final.genome,4215931,4216314,384,MEG_4329|Multi-compound|Drug_and_biocide_resistance|Drug_and_biocide_RND_efflux_pumps|OQXA,MEG_4329|Multi-compound|Drug_and_biocide_resistance|Drug_and_biocide_RND_efflux_pumps|OQXA,1176,4168917,4170092,+
Escherichia_coli_b2207,E.coli.b2207.final.genome,4225599,4226423,825,MEG_3897|Metals|Mercury_resistance|Mercury_resistance_protein|MERT,MEG_3897|Metals|Mercury_resistance|Mercury_resistance_protein|MERT,351,4179377,4179727,+
Escherichia_coli_b2207,E.coli.b2207.final.genome,4262283,4262798,516,MEG_5814|Metals|Arsenic_resistance|Arsenic_resistance_protein|PSTB,MEG_5814|Metals|Arsenic_resistance|Arsenic_resistance_protein|PSTB,774,4215587,4216360,+
Escherichia_coli_b2207,E.coli.b2207.final.genome,4279854,4280177,324,MEG_3257|Biocides|Acid_resistance|Acid_resistance_protein|HEFC,MEG_3257|Biocides|Acid_resistance|Acid_resistance_protein|HEFC,3087,4233416,4236502,+
Escherichia_coli_b2207,E.coli.b2207.final.genome,4280263,4280727,465,MEG_1726|Drugs|Multi-drug_resistance|MDR_23S_ribosomal_RNA_methyltransferase|CLBA,MEG_1726|Drugs|Multi-drug_resistance|MDR_23S_ribosomal_RNA_methyltransferase|CLBA,1050,4236588,4237637,+
Escherichia_coli_b2207,E.coli.b2207.final.genome,4286046,4287695,1650,MEG_4179|Drugs|Metronidazole|nim_nitroimidazole_reductase|NIMA,MEG_4179|Drugs|Metronidazole|nim_nitroimidazole_reductase|NIMA,531,4242956,4243486,+
Escherichia_coli_b2207,E.coli.b2207.final.genome,4301794,4306261,4468,MEG_10150|Drugs|Glycopeptides|Vancomycin-resistant_mutation|VRAF,MEG_10150|Drugs|Glycopeptides|Vancomycin-resistant_mutation|VRAF,762,4257585,4258346,+
Escherichia_coli_b2207,E.coli.b2207.final.genome,4336101,4337744,1644,MEG_5937|Drugs|Fluoroquinolones|Quinolone_resistance_protein_Qnr|QNRB,MEG_5937|Drugs|Fluoroquinolones|Quinolone_resistance_protein_Qnr|QNRB,645,4288186,4288830,+
Escherichia_coli_b2207,E.coli.b2207.final.genome,4432627,4432965,339,MEG_5815|Metals|Arsenic_resistance|Arsenic_resistance_protein|PSTC,MEG_5815|Metals|Arsenic_resistance|Arsenic_resistance_protein|PSTC,960,4383713,4384672,+
Escherichia_coli_b2207,E.coli.b2207.final.genome,4444483,4444800,318,MEG_6655|Multi-compound|Biocide_and_metal_resistance|Biocide_and_metal_resistance_protein|TEHA,MEG_6655|Multi-compound|Biocide_and_metal_resistance|Biocide_and_metal_resistance_protein|TEHA,993,4396190,4397182,+
Escherichia_coli_b2207,E.coli.b2207.final.genome,4445419,4446552,1134,MEG_4192|Drugs|Metronidazole|nim_nitroimidazole_reductase|NIMI,MEG_4192|Drugs|Metronidazole|nim_nitroimidazole_reductase|NIMI,463,4397801,4398263,+
Escherichia_coli_b2207,E.coli.b2207.final.genome,4538501,4541197,2697,MEG_4217|Metals|Multi-metal_resistance|Multi-metal_resistance_protein|NREB,MEG_4217|Metals|Multi-metal_resistance|Multi-metal_resistance_protein|NREB,1251,4490212,4491462,+
Escherichia_coli_b2207,E.coli.b2207.final.genome,4614937,4616661,1725,MEG_10070|Drugs|MLS|ABC-F_ATPase_ribosomal_protection_protein|CPLR,MEG_10070|Drugs|MLS|ABC-F_ATPase_ribosomal_protection_protein|CPLR,1653,4565202,4566854,+
Escherichia_coli_b2207,E.coli.b2207.final.genome,4686816,4688048,1233,MEG_3741|Multi-compound|Drug_and_biocide_and_metal_resistance|Drug_and_biocide_and_metal_MFS_efflux_pumps|MDRL,MEG_3741|Multi-compound|Drug_and_biocide_and_metal_resistance|Drug_and_biocide_and_metal_MFS_efflux_pumps|MDRL,1194,4637009,4638202,+
Escherichia_coli_b2207,E.coli.b2207.final.genome,4735279,4736148,870,MEG_6594|Drugs|Sulfonamides|Sulfonamide-resistant_dihydropteroate_synthases|SULI,MEG_6594|Drugs|Sulfonamides|Sulfonamide-resistant_dihydropteroate_synthases|SULI,840,4685433,4686272,+
Escherichia_coli_b2207,E.coli.b2207.final.genome,4758629,4759795,1167,MEG_7681|Drugs|Multi-drug_resistance|Multi-drug_ABC_efflux_pumps|VGA,MEG_7681|Drugs|Multi-drug_resistance|Multi-drug_ABC_efflux_pumps|VGA,1569,4708753,4710321,+
Escherichia_coli_b2207,E.coli.b2207.final.genome,4798128,4798505,378,MEG_3920|Multi-compound|Drug_and_biocide_resistance|Drug_and_biocide_RND_efflux_pumps|MEXN,MEG_3920|Multi-compound|Drug_and_biocide_resistance|Drug_and_biocide_RND_efflux_pumps|MEXN,1158,4748654,4749811,+
Escherichia_coli_b2207,E.coli.b2207.final.genome,4801654,4804008,2355,MEG_4212|Multi-compound|Drug_and_biocide_resistance|Drug_and_biocide_MATE_efflux_pumps|NORM,MEG_4212|Multi-compound|Drug_and_biocide_resistance|Drug_and_biocide_MATE_efflux_pumps|NORM,1389,4752960,4754348,+
Escherichia_coli_b2207,E.coli.b2207.final.genome,4831254,4832198,945,MEG_7105|Drugs|Tetracyclines|Tetracycline_resistance_ribosomal_protection_proteins|TETM,MEG_7105|Drugs|Tetracyclines|Tetracycline_resistance_ribosomal_protection_proteins|TETM,1920,4781594,4783513,+
Escherichia_coli_b2207,E.coli.b2207.final.genome,4883970,4885520,1551,MEG_6544|Biocides|Peroxide_resistance|peroxide_resistance_protein|SODB,MEG_6544|Biocides|Peroxide_resistance|peroxide_resistance_protein|SODB,579,4835285,4835863,+
Escherichia_coli_b2207,E.coli.b2207.final.genome,4962156,4962866,711,MEG_2776|Drugs|MLS|23S_rRNA_methyltransferases|ERM32,MEG_2776|Drugs|MLS|23S_rRNA_methyltransferases|ERM32,843,4912499,4913341,+
Faecalibacterium_prausnitzii,Faecalibacterium_prausnitzii,1123416,1125335,1920,MEG_134|Drugs|Aminoglycosides|Aminoglycoside_N-acetyltransferases|AAC6-PRIME,MEG_134|Drugs|Aminoglycosides|Aminoglycoside_N-acetyltransferases|AAC6-PRIME,474,1123416,1123889,+
Prevotella_corporis,Prevotella_corporis.final.genome2,62174,64099,1926,MEG_330|Drugs|Aminoglycosides|Aminoglycoside_N-acetyltransferases|AAC6-PRIME,MEG_330|Drugs|Aminoglycosides|Aminoglycoside_N-acetyltransferases|AAC6-PRIME,459,62174,62632,+
Salmonella_enterica,Salmonella_enterica,58288,59645,1358,MEG_861|Drugs|Aminoglycosides|Aminoglycoside_O-nucleotidyltransferases|ANT3-DPRIME,MEG_861|Drugs|Aminoglycosides|Aminoglycoside_O-nucleotidyltransferases|ANT3-DPRIME,792,58288,59079,+
Salmonella_enterica,Salmonella_enterica,66045,66257,213,MEG_7262|Drugs|Nucleosides|Tunicamycin_resistance_protein|TMRB,MEG_7262|Drugs|Nucleosides|Tunicamycin_resistance_protein|TMRB,594,65479,66072,+
Salmonella_enterica,Salmonella_enterica,106840,107331,492,MEG_11305|Drugs|Trimethoprim|Dihydrofolate_reductase|DFRA,MEG_11305|Drugs|Trimethoprim|Dihydrofolate_reductase|DFRA,477,106655,107131,+
Salmonella_enterica,Salmonella_enterica,118668,118884,217,MEG_1213|Drugs|Bacitracin|Bacitracin_ABC_transporter|BCRA,MEG_1213|Drugs|Bacitracin|Bacitracin_ABC_transporter|BCRA,921,118468,119388,+
Salmonella_enterica,Salmonella_enterica,153670,154022,353,MEG_3853|Metals|Mercury_resistance|Mercury_resistance_protein|MERB,MEG_3853|Metals|Mercury_resistance|Mercury_resistance_protein|MERB,657,154174,154830,+
Salmonella_enterica,Salmonella_enterica,198300,199181,882,MEG_6584|Drugs|Sulfonamides|Sulfonamide-resistant_dihydropteroate_synthases|SULI,MEG_6584|Drugs|Sulfonamides|Sulfonamide-resistant_dihydropteroate_synthases|SULI,840,199108,199947,+
Salmonella_enterica,Salmonella_enterica,199704,200792,1089,MEG_1122|Drugs|Cationic_antimicrobial_peptides|Polymyxin_B_resistance_regulator|ARNA,MEG_1122|Drugs|Cationic_antimicrobial_peptides|Polymyxin_B_resistance_regulator|ARNA,1989,200470,202458,+
Salmonella_enterica,Salmonella_enterica,201341,202828,1488,MEG_3673|Drugs|Lipopeptides|Colistin_phosphoethanolamine_transferase|MCR,MEG_3673|Drugs|Lipopeptides|Colistin_phosphoethanolamine_transferase|MCR,1626,203007,204632,+
Salmonella_enterica,Salmonella_enterica,251886,252323,438,MEG_11322|Metals|Multi-metal_resistance|Multi-metal_resistance_protein|ARSA,MEG_11322|Metals|Multi-metal_resistance|Multi-metal_resistance_protein|ARSA,1728,253690,255417,+
Salmonella_enterica,Salmonella_enterica,331784,332572,789,MEG_7095|Drugs|Tetracyclines|Tetracycline_resistance_MFS_efflux_pumps|TETL,MEG_7095|Drugs|Tetracyclines|Tetracycline_resistance_MFS_efflux_pumps|TETL,1377,334878,336254,+
Salmonella_enterica,Salmonella_enterica,386924,387337,414,MEG_3453|Metals|Tellurium_resistance|Tellurium_resistance_protein|KLAC,MEG_3453|Metals|Tellurium_resistance|Tellurium_resistance_protein|KLAC,954,390606,391559,+
Salmonella_enterica,Salmonella_enterica,408636,409721,1086,MEG_3020|Drugs|Fosfomycin|Fosfomycin_thiol_transferases|FOSE,MEG_3020|Drugs|Fosfomycin|Fosfomycin_thiol_transferases|FOSE,357,412858,413214,+
Salmonella_enterica,Salmonella_enterica,448388,449927,1540,MEG_6163|Drugs|Nucleosides|Streptothricin_acetyltransferase|SAT,MEG_6163|Drugs|Nucleosides|Streptothricin_acetyltransferase|SAT,525,451881,452405,+
Salmonella_enterica,Salmonella_enterica,534599,535543,945,MEG_1771|Drugs|Phenicol|Phenicol_resistance_MFS_efflux_pumps|CMLA,MEG_1771|Drugs|Phenicol|Phenicol_resistance_MFS_efflux_pumps|CMLA,1445,537077,538521,+
Salmonella_enterica,Salmonella_enterica,587762,588484,723,MEG_8048|Drugs|betalactams|Class_A_betalactamases|CTX,MEG_8048|Drugs|betalactams|Class_A_betalactamases|CTX,876,590740,591615,+
Salmonella_enterica,Salmonella_enterica,641756,643180,1425,MEG_11312|Drugs|Fosfomycin|Fosfomycin_thiol_transferases|FOSA,MEG_11312|Drugs|Fosfomycin|Fosfomycin_thiol_transferases|FOSA,408,644887,645294,+
Salmonella_enterica,Salmonella_enterica,752398,759842,7445,MEG_3735|Biocides|Multi-biocide_resistance|Multi-biocide_resistance_protein|MDEA,MEG_3735|Biocides|Multi-biocide_resistance|Multi-biocide_resistance_protein|MDEA,1197,754512,755708,+
Salmonella_enterica,Salmonella_enterica,761250,763372,2123,MEG_6639|Drugs|Sulfonamides|Sulfonamide-resistant_dihydropteroate_synthases|SULIII,MEG_6639|Drugs|Sulfonamides|Sulfonamide-resistant_dihydropteroate_synthases|SULIII,792,757116,757907,+
Salmonella_enterica,Salmonella_enterica,903810,904112,303,MEG_5396|Drugs|Aminocoumarins|Aminocoumarin-resistant_DNA_topoisomerases|PARY,MEG_5396|Drugs|Aminocoumarins|Aminocoumarin-resistant_DNA_topoisomerases|PARY,2112,898345,900456,+
Salmonella_enterica,Salmonella_enterica,941432,942037,606,MEG_7370|Drugs|Glycopeptides|VanC-type_resistance_protein|VANC,MEG_7370|Drugs|Glycopeptides|VanC-type_resistance_protein|VANC,1032,937776,938807,+
Salmonella_enterica,Salmonella_enterica,943499,944419,921,MEG_7287|Multi-compound|Drug_and_biocide_resistance|Drug_and_biocide_RND_efflux_pumps|TTGA,MEG_7287|Multi-compound|Drug_and_biocide_resistance|Drug_and_biocide_RND_efflux_pumps|TTGA,1155,940269,941423,+
Salmonella_enterica,Salmonella_enterica,1063526,1064762,1237,MEG_6558|Drugs|Multi-drug_resistance|Multi-drug_ABC_efflux_pumps|SRMB,MEG_6558|Drugs|Multi-drug_resistance|Multi-drug_ABC_efflux_pumps|SRMB,1653,1060530,1062182,+
Salmonella_enterica,Salmonella_enterica,1131737,1134850,3114,MEG_1738|Multi-compound|Drug_and_biocide_and_metal_resistance|Drug_and_biocide_and_metal_RND_efflux_pumps|CMEA,MEG_1738|Multi-compound|Drug_and_biocide_and_metal_resistance|Drug_and_biocide_and_metal_RND_efflux_pumps|CMEA,1104,1129157,1130260,+
Salmonella_enterica,Salmonella_enterica,1359929,1360607,679,MEG_6159|Drugs|Nucleosides|Streptothricin_acetyltransferase|SAT,MEG_6159|Drugs|Nucleosides|Streptothricin_acetyltransferase|SAT,1506,1355339,1356844,+
Salmonella_enterica,Salmonella_enterica,1437072,1437602,531,MEG_6013|Drugs|Fluoroquinolones|Quinolone_resistance_protein_Qnr|QNRD,MEG_6013|Drugs|Fluoroquinolones|Quinolone_resistance_protein_Qnr|QNRD,645,1433309,1433953,+
Salmonella_enterica,Salmonella_enterica,1437729,1438901,1173,MEG_3285|Metals|Nickel_resistance|Nickel_resistance_protein|HUPN,MEG_3285|Metals|Nickel_resistance|Nickel_resistance_protein|HUPN,327,1434080,1434406,+
Salmonella_enterica,Salmonella_enterica,1438918,1440456,1539,MEG_4077|Multi-compound|Drug_and_biocide_resistance|Drug_and_biocide_RND_efflux_regulator|MTRA,MEG_4077|Multi-compound|Drug_and_biocide_resistance|Drug_and_biocide_RND_efflux_regulator|MTRA,906,1434423,1435328,+
Salmonella_enterica,Salmonella_enterica,1482054,1485485,3432,MEG_1189|Drugs|Bacitracin|Undecaprenyl_pyrophosphate_phosphatase|BACA,MEG_1189|Drugs|Bacitracin|Undecaprenyl_pyrophosphate_phosphatase|BACA,822,1476926,1477747,+
Salmonella_enterica,Salmonella_enterica,1568135,1569161,1027,MEG_6169|Drugs|Nucleosides|Streptothricin_acetyltransferase|SAT,MEG_6169|Drugs|Nucleosides|Streptothricin_acetyltransferase|SAT,543,1560397,1560939,+
Salmonella_enterica,Salmonella_enterica,1813984,1814801,818,MEG_1063|Drugs|Aminoglycosides|Aminoglycoside_O-phosphotransferases|APH3-PRIME,MEG_1063|Drugs|Aminoglycosides|Aminoglycoside_O-phosphotransferases|APH3-PRIME,780,1805762,1806541,+
Salmonella_enterica,Salmonella_enterica,1822852,1823313,462,MEG_8802|Drugs|Lipopeptides|Colistin_phosphoethanolamine_transferase|MCR,MEG_8802|Drugs|Lipopeptides|Colistin_phosphoethanolamine_transferase|MCR,1620,1814592,1816211,+
Salmonella_enterica,Salmonella_enterica,1964870,1965182,313,MEG_11303|Drugs|Trimethoprim|Dihydrofolate_reductase|DFRA,MEG_11303|Drugs|Trimethoprim|Dihydrofolate_reductase|DFRA,501,1957768,1958268,+
Salmonella_enterica,Salmonella_enterica,1998332,2001405,3074,MEG_3893|Metals|Mercury_resistance|Mercury_resistance_protein|MERT,MEG_3893|Metals|Mercury_resistance|Mercury_resistance_protein|MERT,351,1991418,1991768,+
Salmonella_enterica,Salmonella_enterica,2051403,2052035,633,MEG_1764|Drugs|Phenicol|Phenicol_resistance_MFS_efflux_pumps|CMLA,MEG_1764|Drugs|Phenicol|Phenicol_resistance_MFS_efflux_pumps|CMLA,1260,2041766,2043025,+
Salmonella_enterica,Salmonella_enterica,2177986,2180036,2051,MEG_7440|Drugs|Glycopeptides|VanI-type_resistance_protein|VANI,MEG_7440|Drugs|Glycopeptides|VanI-type_resistance_protein|VANI,1041,2168976,2170016,+
Salmonella_enterica,Salmonella_enterica,2193913,2195394,1482,MEG_2492|Drugs|Trimethoprim|Dihydrofolate_reductase|DFRA,MEG_2492|Drugs|Trimethoprim|Dihydrofolate_reductase|DFRA,474,2183893,2184366,+
Salmonella_enterica,Salmonella_enterica,2260440,2262114,1675,MEG_1707|Metals|Chromium_resistance|Chromium_resistance_protein|CHRA,MEG_1707|Metals|Chromium_resistance|Chromium_resistance_protein|CHRA,1206,2249412,2250617,+
Salmonella_enterica,Salmonella_enterica,2276653,2277192,540,MEG_11505|Drugs|Metronidazole|nim_nitroimidazole_reductase|NIMF,MEG_11505|Drugs|Metronidazole|nim_nitroimidazole_reductase|NIMF,492,2265156,2265647,+
Salmonella_enterica,Salmonella_enterica,2426862,2428047,1186,MEG_3167|Metals|Gold_resistance|Gold_resistance_regulator|GOLS,MEG_3167|Metals|Gold_resistance|Gold_resistance_regulator|GOLS,465,2415317,2415781,+
Salmonella_enterica,Salmonella_enterica,2465371,2467785,2415,MEG_4276|Drugs|MLS|MLS_resistance_ABC_efflux_pumps|OLEC,MEG_4276|Drugs|MLS|MLS_resistance_ABC_efflux_pumps|OLEC,978,2453105,2454082,+
Salmonella_enterica,Salmonella_enterica,2479294,2479847,554,MEG_11384|Drugs|Lipopeptides|Daptomycin_ABC_efflux_transporter_protein|DRCA,MEG_11384|Drugs|Lipopeptides|Daptomycin_ABC_efflux_transporter_protein|DRCA,768,2465591,2466358,+
Salmonella_enterica,Salmonella_enterica,2483346,2484117,772,MEG_6542|Biocides|Peroxide_resistance|peroxide_resistance_protein|SODA,MEG_6542|Biocides|Peroxide_resistance|peroxide_resistance_protein|SODA,621,2469857,2470477,+
Salmonella_enterica,Salmonella_enterica,2484206,2486053,1848,MEG_2744|Drugs|MLS|Macrolide_esterases|EREA,MEG_2744|Drugs|MLS|Macrolide_esterases|EREA,1221,2470566,2471786,+
Salmonella_enterica,Salmonella_enterica,2486189,2487229,1041,MEG_7325|Metals|Tungsten_Resistance|Tungsten_ABC_efflux_pumps|TUPC,MEG_7325|Metals|Tungsten_Resistance|Tungsten_ABC_efflux_pumps|TUPC,645,2471922,2472566,+
Salmonella_enterica,Salmonella_enterica,2579929,2580879,951,MEG_2473|Metals|Multi-metal_resistance|Multi-metal_RND_efflux_regulator|CZCR,MEG_2473|Metals|Multi-metal_resistance|Multi-metal_RND_efflux_regulator|CZCR,678,2565266,2565943,+
Salmonella_enterica,Salmonella_enterica,2625629,2626252,624,MEG_1744|Multi-compound|Drug_and_biocide_and_metal_resistance|Drug_and_biocide_and_metal_RND_efflux_pumps|CMEE,MEG_1744|Multi-compound|Drug_and_biocide_and_metal_resistance|Drug_and_biocide_and_metal_RND_efflux_pumps|CMEE,741,2610693,2611433,+
Salmonella_enterica,Salmonella_enterica,2687108,2687728,621,MEG_7266|Biocides|Multi-biocide_resistance|Multi-biocide_RND_efflux_pump|TOLC,MEG_7266|Biocides|Multi-biocide_resistance|Multi-biocide_RND_efflux_pump|TOLC,1470,2672289,2673758,+
Salmonella_enterica,Salmonella_enterica,2688952,2691013,2062,MEG_2443|Metals|Copper_resistance|Copper_resistance_regulator|CUER,MEG_2443|Metals|Copper_resistance|Copper_resistance_regulator|CUER,408,2674982,2675389,+
Salmonella_enterica,Salmonella_enterica,2691811,2692688,878,MEG_4053|Drugs|Cationic_antimicrobial_peptides|Defensin-resistant_mprF|MPRF,MEG_4053|Drugs|Cationic_antimicrobial_peptides|Defensin-resistant_mprF|MPRF,2544,2676187,2678730,+
Salmonella_enterica,Salmonella_enterica,2716436,2717281,846,MEG_3849|Metals|Mercury_resistance|Mercury_resistance_protein|MERB,MEG_3849|Metals|Mercury_resistance|Mercury_resistance_protein|MERB,660,2702478,2703137,+
Salmonella_enterica,Salmonella_enterica,2764988,2765905,918,MEG_3023|Drugs|Fosfomycin|Fosfomycin_thiol_transferases|FOSK,MEG_3023|Drugs|Fosfomycin|Fosfomycin_thiol_transferases|FOSK,399,2750844,2751242,+
Salmonella_enterica,Salmonella_enterica,2932480,2934129,1650,MEG_404|Multi-compound|Drug_and_biocide_and_metal_resistance|Drug_and_biocide_and_metal_RND_efflux_pumps|ACRD,MEG_404|Multi-compound|Drug_and_biocide_and_metal_resistance|Drug_and_biocide_and_metal_RND_efflux_pumps|ACRD,3114,2917817,2920930,+
Salmonella_enterica,Salmonella_enterica,2990094,2990399,306,MEG_1124|Drugs|Rifampin|Rifampin_ADP-ribosyltransferase_Arr|ARR,MEG_1124|Drugs|Rifampin|Rifampin_ADP-ribosyltransferase_Arr|ARR,453,2976895,2977347,+
Salmonella_enterica,Salmonella_enterica,3100536,3103244,2709,MEG_5954|Drugs|Fluoroquinolones|Quinolone_resistance_protein_Qnr|QNRB,MEG_5954|Drugs|Fluoroquinolones|Quinolone_resistance_protein_Qnr|QNRB,645,3087484,3088128,+
Salmonella_enterica,Salmonella_enterica,3179029,3179170,142,MEG_11304|Drugs|Trimethoprim|Dihydrofolate_reductase|DFRA,MEG_11304|Drugs|Trimethoprim|Dihydrofolate_reductase|DFRA,495,3163913,3164407,+
Salmonella_enterica,Salmonella_enterica,3267332,3268201,870,MEG_1775|Drugs|Phenicol|Phenicol_resistance_MFS_efflux_pumps|CMLB,MEG_1775|Drugs|Phenicol|Phenicol_resistance_MFS_efflux_pumps|CMLB,1266,3252569,3253834,+
Salmonella_enterica,Salmonella_enterica,3378591,3378968,378,MEG_6607|Drugs|Sulfonamides|Sulfonamide-resistant_dihydropteroate_synthases|SULI,MEG_6607|Drugs|Sulfonamides|Sulfonamide-resistant_dihydropteroate_synthases|SULI,840,3364224,3365063,+
Salmonella_enterica,Salmonella_enterica,3382129,3384478,2350,MEG_1727|Drugs|Multi-drug_resistance|MDR_23S_ribosomal_RNA_methyltransferase|CLBB,MEG_1727|Drugs|Multi-drug_resistance|MDR_23S_ribosomal_RNA_methyltransferase|CLBB,1032,3368224,3369255,+
Salmonella_enterica,Salmonella_enterica,3474730,3476339,1610,MEG_3667|Drugs|Lipopeptides|Colistin_phosphoethanolamine_transferase|MCR,MEG_3667|Drugs|Lipopeptides|Colistin_phosphoethanolamine_transferase|MCR,1626,3459507,3461132,+
Salmonella_enterica,Salmonella_enterica,3718507,3724371,5865,MEG_3827|Drugs|MLS|MLS_resistance_MFS_efflux_pumps|MEFB,MEG_3827|Drugs|MLS|MLS_resistance_MFS_efflux_pumps|MEFB,1230,3703300,3704529,+
Salmonella_enterica,Salmonella_enterica,3724648,3726936,2289,MEG_6602|Drugs|Sulfonamides|Sulfonamide-resistant_dihydropteroate_synthases|SULI,MEG_6602|Drugs|Sulfonamides|Sulfonamide-resistant_dihydropteroate_synthases|SULI,633,3704806,3705438,+
Salmonella_enterica,Salmonella_enterica,3726948,3727412,465,MEG_9723|Drugs|betalactams|Class_D_betalactamases|OXA,MEG_9723|Drugs|betalactams|Class_D_betalactamases|OXA,870,3705450,3706319,+
Salmonella_enterica,Salmonella_enterica,3856625,3857201,577,MEG_7868|Metals|Zinc_resistance|Zinc_resistance_regulator|ZUR,MEG_7868|Metals|Zinc_resistance|Zinc_resistance_regulator|ZUR,516,3835532,3836047,+
Salmonella_enterica,Salmonella_enterica,3858200,3859393,1194,MEG_1571|Drugs|Phenicol|Chloramphenicol_acetyltransferases|CATA,MEG_1571|Drugs|Phenicol|Chloramphenicol_acetyltransferases|CATA,648,3837046,3837693,+
Salmonella_enterica,Salmonella_enterica,3886000,3886211,212,MEG_7273|Biocides|Phenolic_compound_resistance|Phenolic_RND_efflux_pump|TRIB,MEG_7273|Biocides|Phenolic_compound_resistance|Phenolic_RND_efflux_pump|TRIB,1071,3864300,3865370,+
Salmonella_enterica,Salmonella_enterica,4022679,4024580,1902,MEG_11333|Metals|Multi-metal_resistance|Multi-metal_resistance_protein|CADA,MEG_11333|Metals|Multi-metal_resistance|Multi-metal_resistance_protein|CADA,2118,4001838,4003955,+
Salmonella_enterica,Salmonella_enterica,4043178,4044857,1680,MEG_11310|Drugs|Fosfomycin|Fosfomycin_thiol_transferases|FOSA,MEG_11310|Drugs|Fosfomycin|Fosfomycin_thiol_transferases|FOSA,432,4022553,4022984,+
Salmonella_enterica,Salmonella_enterica,4050816,4052354,1539,MEG_7328|Drugs|Cationic_antimicrobial_peptides|Lipid_A_modification|UGD,MEG_7328|Drugs|Cationic_antimicrobial_peptides|Lipid_A_modification|UGD,1167,4028943,4030109,+
Salmonella_enterica,Salmonella_enterica,4052374,4053252,879,MEG_1702|Multi-compound|Biocide_and_metal_resistance|Biocide_and_metal_resistance_protein|CHR,MEG_1702|Multi-compound|Biocide_and_metal_resistance|Biocide_and_metal_resistance_protein|CHR,609,4030129,4030737,+
Salmonella_enterica,Salmonella_enterica,4086456,4087128,673,MEG_7830|Multi-compound|Biocide_and_metal_resistance|Biocide_and_metal_resistance_protein|YGIW,MEG_7830|Multi-compound|Biocide_and_metal_resistance|Biocide_and_metal_resistance_protein|YGIW,351,4063941,4064291,+
Salmonella_enterica,Salmonella_enterica,4152505,4153940,1436,MEG_7811|Metals|Iron_resistance|Iron_resistance_protein|YBTP,MEG_7811|Metals|Iron_resistance|Iron_resistance_protein|YBTP,1803,4129668,4131470,+
Salmonella_enterica,Salmonella_enterica,4208964,4209373,410,MEG_2148|Drugs|betalactams|Class_A_betalactamases|CTX,MEG_2148|Drugs|betalactams|Class_A_betalactamases|CTX,876,4186494,4187369,+
Salmonella_enterica,Salmonella_enterica,4391419,4391952,534,MEG_3839|Metals|Mercury_resistance|Mercury_resistance_protein|MERA,MEG_3839|Metals|Mercury_resistance|Mercury_resistance_protein|MERA,359,4369415,4369773,+
Salmonella_enterica,Salmonella_enterica,4422327,4423416,1090,MEG_8245|Drugs|MLS|MLS_resistance_MFS_efflux_pumps|MEFF,MEG_8245|Drugs|MLS|MLS_resistance_MFS_efflux_pumps|MEFF,1194,4400148,4401341,+
Salmonella_enterica,Salmonella_enterica,4510827,4512035,1209,MEG_6583|Drugs|Sulfonamides|Sulfonamide-resistant_dihydropteroate_synthases|SULI,MEG_6583|Drugs|Sulfonamides|Sulfonamide-resistant_dihydropteroate_synthases|SULI,840,4488752,4489591,+
Veillonella_rogosae,veillonella_rogosae,938131,939120,990,MEG_1685|Drugs|Multi-drug_resistance|MDR_23S_ribosomal_RNA_methyltransferase|CFRC,MEG_1685|Drugs|Multi-drug_resistance|MDR_23S_ribosomal_RNA_methyltransferase|CFRC,1035,938131,939165,+
Veillonella_rogosae,veillonella_rogosae,2152782,2154721,1940,MEG_2053|Metals|Copper_resistance|Copper_resistance_protein|COPD,MEG_2053|Metals|Copper_resistance|Copper_resistance_protein|COPD,933,2152827,2153759,+
