genome,fragment,original_removed_start,original_removed_stop,original_removed_length,inserted_gene_id,inserted_gene_header,inserted_gene_length,inserted_start,inserted_stop,strand
Akkermansia_muciniphila,Akkermansia_muciniphila,1706143,1706439,297,MEG_3867|Metals|Mercury_resistance|Mercury_resistance_protein|MERE,MEG_3867|Metals|Mercury_resistance|Mercury_resistance_protein|MERE,237,1706143,1706379,+
Bacteroides_fragilis,Bacteroides_fragilis,48906,50831,1926,MEG_5413|Metals|Lead_resistance|Lead_P-type_ATPase_regulator|PBRR,MEG_5413|Metals|Lead_resistance|Lead_P-type_ATPase_regulator|PBRR,453,48906,49358,+
Bacteroides_fragilis,Bacteroides_fragilis,380286,381188,903,MEG_7865|Multi-compound|Biocide_and_metal_resistance|Biocide_and_metal_resistance_protein|ZUPT,MEG_7865|Multi-compound|Biocide_and_metal_resistance|Biocide_and_metal_resistance_protein|ZUPT,798,378813,379610,+
Bacteroides_fragilis,Bacteroides_fragilis,402236,403441,1206,MEG_6625|Drugs|Sulfonamides|Sulfonamide-resistant_dihydropteroate_synthases|SULII,MEG_6625|Drugs|Sulfonamides|Sulfonamide-resistant_dihydropteroate_synthases|SULII,816,400658,401473,+
Bacteroides_fragilis,Bacteroides_fragilis,403466,403978,513,MEG_1193|Multi-compound|Drug_and_biocide_and_metal_resistance|Drug_and_biocide_and_metal_RND_efflux_regulator|BAES,MEG_1193|Multi-compound|Drug_and_biocide_and_metal_resistance|Drug_and_biocide_and_metal_RND_efflux_regulator|BAES,1404,401498,402901,+
Bacteroides_fragilis,Bacteroides_fragilis,1825829,1827158,1330,MEG_7578|Drugs|Glycopeptides|VanC-type_resistance_protein|VANXYC,MEG_7578|Drugs|Glycopeptides|VanC-type_resistance_protein|VANXYC,573,1824752,1825324,+
Bifidobacterium_adolescentis,Bifidobacterium_adolescentis,1255962,1256299,338,MEG_3996|Multi-compound|Drug_and_biocide_resistance|Drug_and_biocide_SMR_efflux_pumps|MMR,MEG_3996|Multi-compound|Drug_and_biocide_resistance|Drug_and_biocide_SMR_efflux_pumps|MMR,324,1255962,1256285,+
Bifidobacterium_adolescentis,Bifidobacterium_adolescentis,1470793,1474093,3301,MEG_7507|Drugs|Glycopeptides|VanD-type_regulator|VANSD,MEG_7507|Drugs|Glycopeptides|VanD-type_regulator|VANSD,1146,1470779,1471924,+
Bifidobacterium_adolescentis,Bifidobacterium_adolescentis,1956215,1957669,1455,MEG_9153|Drugs|betalactams|Class_C_betalactamases|PDC,MEG_9153|Drugs|betalactams|Class_C_betalactamases|PDC,1194,1954046,1955239,+
Clostridioides_difficile,Clostridium_difficille,367386,368324,939,MEG_11432|Drugs|Multi-drug_resistance|ABC-F_ribosomal_protection_protein|VGAF,MEG_11432|Drugs|Multi-drug_resistance|ABC-F_ribosomal_protection_protein|VGAF,1386,367386,368771,+
Clostridioides_difficile,Clostridium_difficille,888451,888792,342,MEG_9960|Drugs|betalactams|Class_B_betalactamases|KHM,MEG_9960|Drugs|betalactams|Class_B_betalactamases|KHM,720,888898,889617,+
Clostridioides_difficile,Clostridium_difficille,890676,891249,574,MEG_2143|Metals|Copper_resistance|Copper_resistance_protein|CTPV,MEG_2143|Metals|Copper_resistance|Copper_resistance_protein|CTPV,2313,891501,893813,+
Clostridioides_difficile,Clostridium_difficille,1184042,1184551,510,MEG_712|Metals|Arsenic_resistance|Arsenite_oxidase|AIOA,MEG_712|Metals|Arsenic_resistance|Arsenite_oxidase|AIOA,2481,1186606,1189086,+
Clostridioides_difficile,Clostridium_difficille,1430567,1431034,468,MEG_3452|Metals|Tellurium_resistance|Tellurium_resistance_protein|KLAB,MEG_3452|Metals|Tellurium_resistance|Tellurium_resistance_protein|KLAB,1137,1435102,1436238,+
Clostridioides_difficile,Clostridium_difficille,1482656,1483981,1326,MEG_5989|Drugs|Fluoroquinolones|Quinolone_resistance_protein_Qnr|QNRB,MEG_5989|Drugs|Fluoroquinolones|Quinolone_resistance_protein_Qnr|QNRB,645,1487860,1488504,+
Clostridioides_difficile,Clostridium_difficille,1677480,1679313,1834,MEG_4220|Metals|Nickel_resistance|Nickel_resistance_regulator|NRSR,MEG_4220|Metals|Nickel_resistance|Nickel_resistance_regulator|NRSR,705,1682003,1682707,+
Clostridioides_difficile,Clostridium_difficille,1679574,1680674,1101,MEG_7328|Drugs|Cationic_antimicrobial_peptides|Lipid_A_modification|UGD,MEG_7328|Drugs|Cationic_antimicrobial_peptides|Lipid_A_modification|UGD,1167,1682968,1684134,+
Clostridioides_difficile,Clostridium_difficille,1681495,1683633,2139,MEG_7793|Biocides|Multi-biocide_resistance|Multi-biocide_RND_efflux_pump|VMEJ,MEG_7793|Biocides|Multi-biocide_resistance|Multi-biocide_RND_efflux_pump|VMEJ,1116,1684955,1686070,+
Clostridioides_difficile,Clostridium_difficille,1779516,1780253,738,MEG_7400|Drugs|Glycopeptides|VanA-type_resistance_protein|VANHA,MEG_7400|Drugs|Glycopeptides|VanA-type_resistance_protein|VANHA,1047,1781953,1782999,+
Clostridioides_difficile,Clostridium_difficille,2731316,2732968,1653,MEG_2084|Metals|Multi-metal_resistance|Multi-metal_resistance_protein|CORA,MEG_2084|Metals|Multi-metal_resistance|Multi-metal_resistance_protein|CORA,951,2734062,2735012,+
Clostridium_perfringens,Clostridium_perfringens.final.genome,968146,969852,1707,MEG_8065|Drugs|Trimethoprim|Dihydrofolate_reductase|DFRA,MEG_8065|Drugs|Trimethoprim|Dihydrofolate_reductase|DFRA,501,968146,968646,+
Clostridium_perfringens,Clostridium_perfringens.final.genome,3124924,3126633,1710,MEG_6979|Drugs|Tetracyclines|Tetracycline_resistance_ribosomal_protection_proteins|TET36,MEG_6979|Drugs|Tetracyclines|Tetracycline_resistance_ribosomal_protection_proteins|TET36,1923,3123718,3125640,+
Enterococcus_faecalis,Enterococcus_faecalis,110300,110794,495,MEG_8940|Drugs|betalactams|Class_C_betalactamases|CMH,MEG_8940|Drugs|betalactams|Class_C_betalactamases|CMH,1146,110300,111445,+
Enterococcus_faecalis,Enterococcus_faecalis,318515,319159,645,MEG_2037|Metals|Copper_resistance|Copper_resistance_protein|COPB,MEG_2037|Metals|Copper_resistance|Copper_resistance_protein|COPB,888,319166,320053,+
Enterococcus_faecalis,Enterococcus_faecalis,686369,688471,2103,MEG_6564|Biocides|Multi-biocide_resistance|Multi-biocide_RND_efflux_regulator|SRPS,MEG_6564|Biocides|Multi-biocide_resistance|Multi-biocide_RND_efflux_regulator|SRPS,780,687263,688042,+
Enterococcus_faecalis,Enterococcus_faecalis,688488,688844,357,MEG_11516|Drugs|Ionophores|Ionophore_ABC_efflux_pump|NARB,MEG_11516|Drugs|Ionophores|Ionophore_ABC_efflux_pump|NARB,1614,688059,689672,+
Enterococcus_faecalis,Enterococcus_faecalis,692857,693912,1056,MEG_5979|Drugs|Fluoroquinolones|Quinolone_resistance_protein_Qnr|QNRB,MEG_5979|Drugs|Fluoroquinolones|Quinolone_resistance_protein_Qnr|QNRB,645,693685,694329,+
Enterococcus_faecalis,Enterococcus_faecalis,693942,695021,1080,MEG_2657|Multi-compound|Biocide_and_metal_resistance|Biocide_and_metal_resistance_protein|DPR,MEG_2657|Multi-compound|Biocide_and_metal_resistance|Biocide_and_metal_resistance_protein|DPR,519,694359,694877,+
Enterococcus_faecalis,Enterococcus_faecalis,695101,696843,1743,MEG_4184|Drugs|Metronidazole|nim_nitroimidazole_reductase|NIME,MEG_4184|Drugs|Metronidazole|nim_nitroimidazole_reductase|NIME,435,694957,695391,+
Enterococcus_faecalis,Enterococcus_faecalis,696879,697244,366,MEG_7855|Metals|Zinc_resistance|Zinc_resistance_protein|ZNUA,MEG_7855|Metals|Zinc_resistance|Zinc_resistance_protein|ZNUA,987,695427,696413,+
Enterococcus_faecalis,Enterococcus_faecalis,697377,697748,372,MEG_11496|Drugs|Metronidazole|nim_nitroimidazole_reductase|NIMI,MEG_11496|Drugs|Metronidazole|nim_nitroimidazole_reductase|NIMI,498,696546,697043,+
Enterococcus_faecalis,Enterococcus_faecalis,698134,699873,1740,MEG_912|Drugs|Aminoglycosides|Aminoglycoside_O-nucleotidyltransferases|ANT3-DPRIME,MEG_912|Drugs|Aminoglycosides|Aminoglycoside_O-nucleotidyltransferases|ANT3-DPRIME,789,697429,698217,+
Enterococcus_faecalis,Enterococcus_faecalis,699893,700204,312,MEG_1027|Drugs|Aminoglycosides|Aminoglycoside_O-phosphotransferases|APH3-DPRIME,MEG_1027|Drugs|Aminoglycosides|Aminoglycoside_O-phosphotransferases|APH3-DPRIME,816,698237,699052,+
Enterococcus_faecalis,Enterococcus_faecalis,982309,983805,1497,MEG_11458|Drugs|Lipopeptides|Colistin_phosphoethanolamine_transferase|MCR,MEG_11458|Drugs|Lipopeptides|Colistin_phosphoethanolamine_transferase|MCR,1626,981157,982782,+
Enterococcus_faecalis,Enterococcus_faecalis,1135205,1135685,481,MEG_7839|Multi-compound|Drug_and_biocide_and_metal_resistance|Drug_and_biocide_and_metal_SMR_efflux_pump|YKKC,MEG_7839|Multi-compound|Drug_and_biocide_and_metal_resistance|Drug_and_biocide_and_metal_SMR_efflux_pump|YKKC,318,1134182,1134499,+
Enterococcus_faecalis,Enterococcus_faecalis,1529260,1531416,2157,MEG_5415|Biocides|Multi-biocide_resistance|Multi-biocide_resistance_regulator|PCM,MEG_5415|Biocides|Multi-biocide_resistance|Multi-biocide_resistance_regulator|PCM,648,1528074,1528721,+
Enterococcus_faecalis,Enterococcus_faecalis,1778781,1780508,1728,MEG_1026|Drugs|Aminoglycosides|Aminoglycoside_O-phosphotransferases|APH3-DPRIME,MEG_1026|Drugs|Aminoglycosides|Aminoglycoside_O-phosphotransferases|APH3-DPRIME,816,1776086,1776901,+
Enterococcus_faecalis,Enterococcus_faecalis,1781067,1782120,1054,MEG_8884|Drugs|betalactams|Class_A_betalactamases|TEM,MEG_8884|Drugs|betalactams|Class_A_betalactamases|TEM,861,1777460,1778320,+
Enterococcus_faecalis,Enterococcus_faecalis,2454688,2455842,1155,MEG_7537|Drugs|Glycopeptides|VanA-type_accessory_protein|VANWA,MEG_7537|Drugs|Glycopeptides|VanA-type_accessory_protein|VANWA,816,2450888,2451703,+
Escherichia_coli_B1109,Escherichia_coli_chromosome,895,2199,1305,MEG_7266|Biocides|Multi-biocide_resistance|Multi-biocide_RND_efflux_pump|TOLC,MEG_7266|Biocides|Multi-biocide_resistance|Multi-biocide_RND_efflux_pump|TOLC,1470,895,2364,+
Escherichia_coli_B1109,Escherichia_coli_chromosome,36248,37486,1239,MEG_1761|Drugs|Phenicol|Phenicol_resistance_MFS_efflux_pumps|CMLA,MEG_1761|Drugs|Phenicol|Phenicol_resistance_MFS_efflux_pumps|CMLA,1260,36413,37672,+
Escherichia_coli_B1109,Escherichia_coli_chromosome,60987,64580,3594,MEG_2069|Metals|Copper_resistance|Copper_resistance_regulator|COPR,MEG_2069|Metals|Copper_resistance|Copper_resistance_regulator|COPR,684,61173,61856,+
Escherichia_coli_B1109,Escherichia_coli_chromosome,64585,65199,615,MEG_7027|Drugs|Tetracyclines|Tetracycline_resistance_MFS_efflux_pumps|TETA,MEG_7027|Drugs|Tetracyclines|Tetracycline_resistance_MFS_efflux_pumps|TETA,1263,61861,63123,+
Escherichia_coli_B1109,Escherichia_coli_chromosome,65615,68316,2702,MEG_5949|Drugs|Fluoroquinolones|Quinolone_resistance_protein_Qnr|QNRB,MEG_5949|Drugs|Fluoroquinolones|Quinolone_resistance_protein_Qnr|QNRB,681,63539,64219,+
Escherichia_coli_B1109,Escherichia_coli_chromosome,170713,171681,969,MEG_6088|Drugs|Rifampin|Rifampin_phosphotransferase|RPH,MEG_6088|Drugs|Rifampin|Rifampin_phosphotransferase|RPH,2598,166616,169213,+
Escherichia_coli_B1109,Escherichia_coli_chromosome,226281,226524,244,MEG_1192|Multi-compound|Drug_and_biocide_and_metal_resistance|Drug_and_biocide_and_metal_RND_efflux_regulator|BAER,MEG_1192|Multi-compound|Drug_and_biocide_and_metal_resistance|Drug_and_biocide_and_metal_RND_efflux_regulator|BAER,723,223813,224535,+
Escherichia_coli_B1109,Escherichia_coli_chromosome,226821,227044,224,MEG_7862|Metals|Zinc_resistance|Zinc_resistance_regulator|ZRAR,MEG_7862|Metals|Zinc_resistance|Zinc_resistance_regulator|ZRAR,1326,224832,226157,+
Escherichia_coli_B1109,Escherichia_coli_chromosome,230136,231778,1643,MEG_7269|Metals|Tellurium_resistance|Tellurium_resistance_protein|TRGA,MEG_7269|Metals|Tellurium_resistance|Tellurium_resistance_protein|TRGA,441,229249,229689,+
Escherichia_coli_B1109,Escherichia_coli_chromosome,257792,258982,1191,MEG_6605|Drugs|Sulfonamides|Sulfonamide-resistant_dihydropteroate_synthases|SULI,MEG_6605|Drugs|Sulfonamides|Sulfonamide-resistant_dihydropteroate_synthases|SULI,840,255703,256542,+
Escherichia_coli_B1109,Escherichia_coli_chromosome,350235,350573,339,MEG_6591|Drugs|Sulfonamides|Sulfonamide-resistant_dihydropteroate_synthases|SULI,MEG_6591|Drugs|Sulfonamides|Sulfonamide-resistant_dihydropteroate_synthases|SULI,927,347795,348721,+
Escherichia_coli_B1109,Escherichia_coli_chromosome,350792,351616,825,MEG_5863|Drugs|Fluoroquinolones|Quinolone_active_efflux|QEPA,MEG_5863|Drugs|Fluoroquinolones|Quinolone_active_efflux|QEPA,1536,348940,350475,+
Escherichia_coli_B1109,Escherichia_coli_chromosome,351737,352009,273,MEG_1655|Metals|Chromium_resistance|Chromate_ABC_efflux_pump|CEUE,MEG_1655|Metals|Chromium_resistance|Chromate_ABC_efflux_pump|CEUE,942,350596,351537,+
Escherichia_coli_B1109,Escherichia_coli_chromosome,371421,373543,2123,MEG_4164|Metals|Sodium_resistance|Sodium_resistance_protein|NHAB,MEG_4164|Metals|Sodium_resistance|Sodium_resistance_protein|NHAB,1542,370949,372490,+
Escherichia_coli_B1109,Escherichia_coli_chromosome,374956,382403,7448,MEG_10088|Drugs|Rifampin|RNA_polymerase_protection_protein|HELR,MEG_10088|Drugs|Rifampin|RNA_polymerase_protection_protein|HELR,2169,373903,376071,+
Escherichia_coli_B1109,Escherichia_coli_chromosome,394801,396653,1853,MEG_5908|Drugs|Fluoroquinolones|Quinolone_resistance_protein_Qnr|QNRB,MEG_5908|Drugs|Fluoroquinolones|Quinolone_resistance_protein_Qnr|QNRB,645,388469,389113,+
Escherichia_coli_B1109,Escherichia_coli_chromosome,433777,434943,1167,MEG_4294|Drugs|Multi-drug_resistance|Multi-drug_RND_efflux_pumps|OPMH,MEG_4294|Drugs|Multi-drug_resistance|Multi-drug_RND_efflux_pumps|OPMH,1449,426237,427685,+
Escherichia_coli_B1109,Escherichia_coli_chromosome,476193,477598,1406,MEG_7228|Drugs|Tetracyclines|Tetracycline_resistance_ribosomal_protection_proteins|TETW,MEG_7228|Drugs|Tetracyclines|Tetracycline_resistance_ribosomal_protection_proteins|TETW,1920,468935,470854,+
Escherichia_coli_B1109,Escherichia_coli_chromosome,515894,516544,651,MEG_2990|Drugs|Fosfomycin|Fosfomycin_thiol_transferases|FOSA,MEG_2990|Drugs|Fosfomycin|Fosfomycin_thiol_transferases|FOSA,582,509150,509731,+
Escherichia_coli_B1109,Escherichia_coli_chromosome,533414,533641,228,MEG_6299|Drugs|betalactams|Class_A_betalactamases|SHV,MEG_6299|Drugs|betalactams|Class_A_betalactamases|SHV,900,526601,527500,+
Escherichia_coli_B1109,Escherichia_coli_chromosome,597759,598505,747,MEG_2017|Metals|Copper_resistance|Copper_resistance_regulator|COMR,MEG_2017|Metals|Copper_resistance|Copper_resistance_regulator|COMR,633,591618,592250,+
Escherichia_coli_B1109,Escherichia_coli_chromosome,612826,614363,1538,MEG_1484|Metals|Multi-metal_resistance|Multi-metal_resistance_protein|CADA,MEG_1484|Metals|Multi-metal_resistance|Multi-metal_resistance_protein|CADA,2061,606571,608631,+
Escherichia_coli_B1109,Escherichia_coli_chromosome,614442,615374,933,MEG_2520|Drugs|Trimethoprim|Dihydrofolate_reductase|DFRA,MEG_2520|Drugs|Trimethoprim|Dihydrofolate_reductase|DFRA,498,608710,609207,+
Escherichia_coli_B1109,Escherichia_coli_chromosome,650772,651338,567,MEG_502|Metals|Tellurium_resistance|Tellurium_resistance_protein|ACTP1,MEG_502|Metals|Tellurium_resistance|Tellurium_resistance_protein|ACTP1,1656,644605,646260,+
Escherichia_coli_B1109,Escherichia_coli_chromosome,813494,814867,1374,MEG_5420|Metals|Copper_resistance|Copper_resistance_protein|PCOC,MEG_5420|Metals|Copper_resistance|Copper_resistance_protein|PCOC,381,808416,808796,+
Escherichia_coli_B1109,Escherichia_coli_chromosome,822438,823019,582,MEG_2540|Drugs|Trimethoprim|Dihydrofolate_reductase|DFRA,MEG_2540|Drugs|Trimethoprim|Dihydrofolate_reductase|DFRA,474,816367,816840,+
Escherichia_coli_B1109,Escherichia_coli_chromosome,884896,885577,682,MEG_5957|Drugs|Fluoroquinolones|Quinolone_resistance_protein_Qnr|QNRB,MEG_5957|Drugs|Fluoroquinolones|Quinolone_resistance_protein_Qnr|QNRB,681,878717,879397,+
Escherichia_coli_B1109,Escherichia_coli_chromosome,886713,887048,336,MEG_1701|Metals|Sodium_resistance|Sodium_resistance_protein|CHAA,MEG_1701|Metals|Sodium_resistance|Sodium_resistance_protein|CHAA,1101,880533,881633,+
Escherichia_coli_B1109,Escherichia_coli_chromosome,941277,941669,393,MEG_5043|Drugs|betalactams|Class_D_betalactamases|OXA,MEG_5043|Drugs|betalactams|Class_D_betalactamases|OXA,822,935862,936683,+
Escherichia_coli_B1109,Escherichia_coli_chromosome,945817,946206,390,MEG_396|Metals|Iron_resistance|Iron_resistance_protein|ACN,MEG_396|Metals|Iron_resistance|Iron_resistance_protein|ACN,2832,940831,943662,+
Escherichia_coli_B1109,Escherichia_coli_chromosome,946220,946654,435,MEG_3687|Drugs|Lipopeptides|Colistin_phosphoethanolamine_transferase|MCR,MEG_3687|Drugs|Lipopeptides|Colistin_phosphoethanolamine_transferase|MCR,1623,943676,945298,+
Escherichia_coli_B1109,Escherichia_coli_chromosome,987113,989392,2280,MEG_6159|Drugs|Nucleosides|Streptothricin_acetyltransferase|SAT,MEG_6159|Drugs|Nucleosides|Streptothricin_acetyltransferase|SAT,1506,985757,987262,+
Escherichia_coli_B1109,Escherichia_coli_chromosome,989912,990673,762,MEG_6621|Drugs|Sulfonamides|Sulfonamide-resistant_dihydropteroate_synthases|SULII,MEG_6621|Drugs|Sulfonamides|Sulfonamide-resistant_dihydropteroate_synthases|SULII,816,987782,988597,+
Escherichia_coli_B1109,Escherichia_coli_chromosome,1001554,1002954,1401,MEG_8782|Drugs|Lipopeptides|Colistin_phosphoethanolamine_transferase|MCR,MEG_8782|Drugs|Lipopeptides|Colistin_phosphoethanolamine_transferase|MCR,1626,999478,1001103,+
Escherichia_coli_B1109,Escherichia_coli_chromosome,1003110,1004645,1536,MEG_1709|Multi-compound|Biocide_and_metal_resistance|Biocide_and_metal_resistance_regulator|CHRB,MEG_1709|Multi-compound|Biocide_and_metal_resistance|Biocide_and_metal_resistance_regulator|CHRB,939,1001259,1002197,+
Escherichia_coli_B1109,Escherichia_coli_chromosome,1070324,1071906,1583,MEG_7129|Drugs|Tetracyclines|Tetracycline_resistance_ribosomal_protection_proteins|TETM,MEG_7129|Drugs|Tetracyclines|Tetracycline_resistance_ribosomal_protection_proteins|TETM,1920,1067876,1069795,+
Escherichia_coli_B1109,Escherichia_coli_chromosome,1114770,1115538,769,MEG_4297|Biocides|Multi-biocide_resistance|Multi-biocide_RND_efflux_pump|OPRJ,MEG_4297|Biocides|Multi-biocide_resistance|Multi-biocide_RND_efflux_pump|OPRJ,1440,1112659,1114098,+
Escherichia_coli_B1109,Escherichia_coli_chromosome,1117560,1120237,2678,MEG_11515|Drugs|Ionophores|Ionophore_ABC_efflux_pump|NARA,MEG_11515|Drugs|Ionophores|Ionophore_ABC_efflux_pump|NARA,882,1116120,1117001,+
Escherichia_coli_B1109,Escherichia_coli_chromosome,1203233,1204021,789,MEG_11364|Metals|Arsenic_resistance|Arsenic_resistance_N-acetyltransferases|ARSN2,MEG_11364|Metals|Arsenic_resistance|Arsenic_resistance_N-acetyltransferases|ARSN2,435,1199997,1200431,+
Escherichia_coli_B1109,Escherichia_coli_chromosome,1288994,1289407,414,MEG_8061|Drugs|Trimethoprim|Dihydrofolate_reductase|DFRA,MEG_8061|Drugs|Trimethoprim|Dihydrofolate_reductase|DFRA,534,1285404,1285937,+
Escherichia_coli_B1109,Escherichia_coli_chromosome,1310067,1311167,1101,MEG_3069|Drugs|Fusidic_acid|Ribosomal_zinc-binding_protein|FUSD,MEG_3069|Drugs|Fusidic_acid|Ribosomal_zinc-binding_protein|FUSD,642,1306597,1307238,+
Escherichia_coli_B1109,Escherichia_coli_chromosome,1322847,1323125,279,MEG_3722|Drugs|Lipopeptides|Colistin_phosphoethanolamine_transferase|MCR,MEG_3722|Drugs|Lipopeptides|Colistin_phosphoethanolamine_transferase|MCR,1620,1318918,1320537,+
Escherichia_coli_B1109,Escherichia_coli_chromosome,1347199,1348740,1542,MEG_7590|Drugs|Glycopeptides|VanL-type_resistance_protein|VANXYL,MEG_7590|Drugs|Glycopeptides|VanL-type_resistance_protein|VANXYL,582,1344611,1345192,+
Escherichia_coli_B1109,Escherichia_coli_chromosome,1348880,1349416,537,MEG_2776|Drugs|MLS|23S_rRNA_methyltransferases|ERM32,MEG_2776|Drugs|MLS|23S_rRNA_methyltransferases|ERM32,843,1345332,1346174,+
Escherichia_coli_B1109,Escherichia_coli_chromosome,1365270,1365536,267,MEG_147|Drugs|Aminoglycosides|Aminoglycoside_N-acetyltransferases|AAC6-PRIME,MEG_147|Drugs|Aminoglycosides|Aminoglycoside_N-acetyltransferases|AAC6-PRIME,441,1362028,1362468,+
Escherichia_coli_B1109,Escherichia_coli_chromosome,1381839,1382678,840,MEG_6169|Drugs|Nucleosides|Streptothricin_acetyltransferase|SAT,MEG_6169|Drugs|Nucleosides|Streptothricin_acetyltransferase|SAT,543,1378771,1379313,+
Escherichia_coli_B1109,Escherichia_coli_chromosome,1425125,1425382,258,MEG_7002|Drugs|Tetracyclines|Tetracycline_resistance_MFS_efflux_pumps|TET49,MEG_7002|Drugs|Tetracyclines|Tetracycline_resistance_MFS_efflux_pumps|TET49,1164,1421760,1422923,+
Escherichia_coli_B1109,Escherichia_coli_chromosome,1425623,1426255,633,MEG_2085|Metals|Multi-metal_resistance|Multi-metal_resistance_protein|CORA,MEG_2085|Metals|Multi-metal_resistance|Multi-metal_resistance_protein|CORA,951,1423164,1424114,+
Escherichia_coli_B1109,Escherichia_coli_chromosome,1469128,1470336,1209,MEG_7144|Drugs|Tetracyclines|Tetracycline_resistance_ribosomal_protection_proteins|TETM,MEG_7144|Drugs|Tetracyclines|Tetracycline_resistance_ribosomal_protection_proteins|TETM,1920,1466987,1468906,+
Escherichia_coli_B1109,Escherichia_coli_chromosome,1478965,1480191,1227,MEG_722|Drugs|Cationic_antimicrobial_peptides|Lipid_A_modification|ALMG,MEG_722|Drugs|Cationic_antimicrobial_peptides|Lipid_A_modification|ALMG,822,1477535,1478356,+
Escherichia_coli_B1109,Escherichia_coli_chromosome,1543874,1544341,468,MEG_2927|Drugs|Phenicol|Phenicol_resistance_MFS_efflux_pumps|FLOR,MEG_2927|Drugs|Phenicol|Phenicol_resistance_MFS_efflux_pumps|FLOR,1215,1542039,1543253,+
Escherichia_coli_B1109,Escherichia_coli_chromosome,1550914,1551495,582,MEG_6021|Drugs|Fluoroquinolones|Quinolone_resistance_protein_Qnr|QNRS,MEG_6021|Drugs|Fluoroquinolones|Quinolone_resistance_protein_Qnr|QNRS,657,1549826,1550482,+
Escherichia_coli_B1109,Escherichia_coli_chromosome,1661150,1662227,1078,MEG_192|Drugs|Aminoglycosides|Aminoglycoside_N-acetyltransferases|AAC6-PRIME,MEG_192|Drugs|Aminoglycosides|Aminoglycoside_N-acetyltransferases|AAC6-PRIME,474,1660137,1660610,+
Escherichia_coli_B1109,Escherichia_coli_chromosome,1712870,1714618,1749,MEG_330|Drugs|Aminoglycosides|Aminoglycoside_N-acetyltransferases|AAC6-PRIME,MEG_330|Drugs|Aminoglycosides|Aminoglycoside_N-acetyltransferases|AAC6-PRIME,459,1711253,1711711,+
Escherichia_coli_B1109,Escherichia_coli_chromosome,1799343,1800065,723,MEG_4126|Metals|Nickel_resistance|Nickel_MFS_efflux_pumps|NCRCN,MEG_4126|Metals|Nickel_resistance|Nickel_MFS_efflux_pumps|NCRCN,1131,1796436,1797566,+
Escherichia_coli_B1109,Escherichia_coli_chromosome,1806344,1807576,1233,MEG_5800|Multi-compound|Drug_and_metal_resistance|Drug_and_metal_MFS_efflux_pumps|PMRCM,MEG_5800|Multi-compound|Drug_and_metal_resistance|Drug_and_metal_MFS_efflux_pumps|PMRCM,1647,1803845,1805491,+
Escherichia_coli_B1109,Escherichia_coli_chromosome,1817397,1818629,1233,MEG_4222|Drugs|Thiopeptides|Thiostrepton_23S_rRNA_methyltransferases|NSHR,MEG_4222|Drugs|Thiopeptides|Thiostrepton_23S_rRNA_methyltransferases|NSHR,825,1815312,1816136,+
Escherichia_coli_B1109,Escherichia_coli_chromosome,1849527,1849994,468,MEG_6975|Drugs|Tetracyclines|Tetracycline_resistance_MFS_efflux_pumps|TET33,MEG_6975|Drugs|Tetracyclines|Tetracycline_resistance_MFS_efflux_pumps|TET33,1260,1847034,1848293,+
Escherichia_coli_B1109,Escherichia_coli_chromosome,1905565,1906623,1059,MEG_2444|Multi-compound|Biocide_and_metal_resistance|Biocide_and_metal_resistance_protein|CUID,MEG_2444|Multi-compound|Biocide_and_metal_resistance|Biocide_and_metal_resistance_protein|CUID,1611,1903864,1905474,+
Escherichia_coli_B1109,Escherichia_coli_chromosome,1906625,1908088,1464,MEG_1159|Metals|Arsenic_resistance|Arsenic_resistance_protein|ARSC,MEG_1159|Metals|Arsenic_resistance|Arsenic_resistance_protein|ARSC,420,1905476,1905895,+
Escherichia_coli_B1109,Escherichia_coli_chromosome,1908533,1909321,789,MEG_3295|Drugs|Mupirocin|Mupirocin-resistant_isoleucyl-tRNA_synthetase|ILES,MEG_3295|Drugs|Mupirocin|Mupirocin-resistant_isoleucyl-tRNA_synthetase|ILES,3324,1906340,1909663,+
Escherichia_coli_B1109,Escherichia_coli_chromosome,1918354,1919295,942,MEG_5826|Multi-compound|Drug_and_biocide_resistance|Drug_and_biocide_SMR_efflux_pumps|QACC,MEG_5826|Multi-compound|Drug_and_biocide_resistance|Drug_and_biocide_SMR_efflux_pumps|QACC,324,1918696,1919019,+
Escherichia_coli_B1109,Escherichia_coli_chromosome,1981447,1982124,678,MEG_1708|Metals|Chromium_resistance|Chromium_resistance_protein|CHRA,MEG_1708|Metals|Chromium_resistance|Chromium_resistance_protein|CHRA,1125,1981171,1982295,+
Escherichia_coli_B1109,Escherichia_coli_chromosome,1986316,1986459,144,MEG_11443|Biocides|Phenolic_compound_resistance|Triclosan-resistant_mutation|FABG,MEG_11443|Biocides|Phenolic_compound_resistance|Triclosan-resistant_mutation|FABG,967,1986487,1987453,+
Escherichia_coli_B1109,Escherichia_coli_chromosome,2011449,2012271,823,MEG_2136|Metals|Copper_resistance|Copper_resistance_regulator|CSOR,MEG_2136|Metals|Copper_resistance|Copper_resistance_regulator|CSOR,306,2012443,2012748,+
Escherichia_coli_B1109,Escherichia_coli_chromosome,2012296,2013834,1539,MEG_1740|Multi-compound|Drug_and_biocide_and_metal_resistance|Drug_and_biocide_and_metal_RND_efflux_pumps|CMEB,MEG_1740|Multi-compound|Drug_and_biocide_and_metal_resistance|Drug_and_biocide_and_metal_RND_efflux_pumps|CMEB,3123,2012773,2015895,+
Escherichia_coli_B1109,Escherichia_coli_chromosome,2018585,2020195,1611,MEG_3743|Multi-compound|Drug_and_biocide_and_metal_resistance|Drug_and_biocide_and_metal_MFS_efflux_pumps|MDRL,MEG_3743|Multi-compound|Drug_and_biocide_and_metal_resistance|Drug_and_biocide_and_metal_MFS_efflux_pumps|MDRL,1194,2020646,2021839,+
Escherichia_coli_B1109,Escherichia_coli_chromosome,2033761,2035662,1902,MEG_7560|Drugs|Glycopeptides|VanB-type_resistance_protein|VANXB,MEG_7560|Drugs|Glycopeptides|VanB-type_resistance_protein|VANXB,609,2035405,2036013,+
Escherichia_coli_B1109,Escherichia_coli_chromosome,2100121,2103264,3144,MEG_6607|Drugs|Sulfonamides|Sulfonamide-resistant_dihydropteroate_synthases|SULI,MEG_6607|Drugs|Sulfonamides|Sulfonamide-resistant_dihydropteroate_synthases|SULI,840,2100472,2101311,+
Escherichia_coli_B1109,Escherichia_coli_chromosome,2103276,2104499,1224,MEG_9723|Drugs|betalactams|Class_D_betalactamases|OXA,MEG_9723|Drugs|betalactams|Class_D_betalactamases|OXA,870,2101323,2102192,+
Escherichia_coli_B1109,Escherichia_coli_chromosome,2104515,2104847,333,MEG_4381|Drugs|Tetracyclines|Tetracycline_resistance_MFS_efflux_pumps|OTRB,MEG_4381|Drugs|Tetracyclines|Tetracycline_resistance_MFS_efflux_pumps|OTRB,1692,2102208,2103899,+
Escherichia_coli_B1109,Escherichia_coli_chromosome,2105234,2106253,1020,MEG_11498|Drugs|Metronidazole|nim_nitroimidazole_reductase|NIMI,MEG_11498|Drugs|Metronidazole|nim_nitroimidazole_reductase|NIMI,498,2104286,2104783,+
Escherichia_coli_B1109,Escherichia_coli_chromosome,2106410,2108525,2116,MEG_6655|Multi-compound|Biocide_and_metal_resistance|Biocide_and_metal_resistance_protein|TEHA,MEG_6655|Multi-compound|Biocide_and_metal_resistance|Biocide_and_metal_resistance_protein|TEHA,993,2104940,2105932,+
Escherichia_coli_B1109,Escherichia_coli_chromosome,2163207,2164650,1444,MEG_1230|Metals|Iron_resistance|Iron_resistance_protein|BFRA,MEG_1230|Metals|Iron_resistance|Iron_resistance_protein|BFRA,480,2160614,2161093,+
Escherichia_coli_B1109,Escherichia_coli_chromosome,2166169,2166576,408,MEG_7820|Biocides|Acid_resistance|Acid_resistance_protein|YDEP,MEG_7820|Biocides|Acid_resistance|Acid_resistance_protein|YDEP,2280,2162612,2164891,+
Escherichia_coli_B1109,Escherichia_coli_chromosome,2169190,2171694,2505,MEG_3253|Biocides|Acid_resistance|Acid_resistance_protein|HDEA,MEG_3253|Biocides|Acid_resistance|Acid_resistance_protein|HDEA,333,2167505,2167837,+
Escherichia_coli_B1109,Escherichia_coli_chromosome,2194950,2196143,1194,MEG_7812|Metals|Iron_resistance|Iron_resistance_protein|YBTQ,MEG_7812|Metals|Iron_resistance|Iron_resistance_protein|YBTQ,1803,2191093,2192895,+
Escherichia_coli_B1109,Escherichia_coli_chromosome,2196166,2199315,3150,MEG_6542|Biocides|Peroxide_resistance|peroxide_resistance_protein|SODA,MEG_6542|Biocides|Peroxide_resistance|peroxide_resistance_protein|SODA,621,2192918,2193538,+
Escherichia_coli_B1109,Escherichia_coli_chromosome,2208170,2209915,1746,MEG_9229|Drugs|betalactams|Class_C_betalactamases|ADC,MEG_9229|Drugs|betalactams|Class_C_betalactamases|ADC,1152,2202393,2203544,+
Escherichia_coli_B1109,Escherichia_coli_chromosome,2285632,2286789,1158,MEG_1134|Drugs|Rifampin|Rifampin_ADP-ribosyltransferase_Arr|ARR,MEG_1134|Drugs|Rifampin|Rifampin_ADP-ribosyltransferase_Arr|ARR,453,2279261,2279713,+
Escherichia_coli_B1109,Escherichia_coli_chromosome,2299750,2300859,1110,MEG_11395|Drugs|Fosfomycin|Fosfomycin_thiol_transferases|FOSS,MEG_11395|Drugs|Fosfomycin|Fosfomycin_thiol_transferases|FOSS,417,2292674,2293090,+
Escherichia_coli_B1109,Escherichia_coli_chromosome,2437916,2438626,711,MEG_5424|Metals|Copper_resistance|Copper_resistance_regulator|PCOR,MEG_5424|Metals|Copper_resistance|Copper_resistance_regulator|PCOR,681,2430147,2430827,+
Escherichia_coli_B1109,Escherichia_coli_chromosome,2515262,2516812,1551,MEG_6013|Drugs|Fluoroquinolones|Quinolone_resistance_protein_Qnr|QNRD,MEG_6013|Drugs|Fluoroquinolones|Quinolone_resistance_protein_Qnr|QNRD,645,2507463,2508107,+
Escherichia_coli_B1109,Escherichia_coli_chromosome,2568583,2569527,945,MEG_11328|Metals|Arsenic_resistance|Arsenic_resistance_protein|ARSD,MEG_11328|Metals|Arsenic_resistance|Arsenic_resistance_protein|ARSD,366,2559878,2560243,+
Escherichia_coli_B1109,Escherichia_coli_chromosome,2596802,2599156,2355,MEG_2781|Drugs|MLS|23S_rRNA_methyltransferases|ERM42,MEG_2781|Drugs|MLS|23S_rRNA_methyltransferases|ERM42,912,2587518,2588429,+
Escherichia_coli_B1109,Escherichia_coli_chromosome,2602305,2602682,378,MEG_2559|Drugs|Trimethoprim|Dihydrofolate_reductase|DFRB,MEG_2559|Drugs|Trimethoprim|Dihydrofolate_reductase|DFRB,237,2591578,2591814,+
Escherichia_coli_B1109,Escherichia_coli_chromosome,2636034,2637200,1167,MEG_2515|Drugs|Trimethoprim|Dihydrofolate_reductase|DFRA,MEG_2515|Drugs|Trimethoprim|Dihydrofolate_reductase|DFRA,474,2625166,2625639,+
Escherichia_coli_B1109,Escherichia_coli_chromosome,2661030,2661899,870,MEG_11244|Drugs|Fosfomycin|Fosfomycin_thiol_transferases|FOSA,MEG_11244|Drugs|Fosfomycin|Fosfomycin_thiol_transferases|FOSA,423,2649469,2649891,+
Escherichia_coli_B1109,Escherichia_coli_chromosome,2715843,2717075,1233,MEG_4194|Drugs|Metronidazole|nim_nitroimidazole_reductase|NIMJ,MEG_4194|Drugs|Metronidazole|nim_nitroimidazole_reductase|NIMJ,498,2703835,2704332,+
Escherichia_coli_B1109,Escherichia_coli_chromosome,2790664,2792388,1725,MEG_6588|Drugs|Sulfonamides|Sulfonamide-resistant_dihydropteroate_synthases|SULI,MEG_6588|Drugs|Sulfonamides|Sulfonamide-resistant_dihydropteroate_synthases|SULI,840,2777921,2778760,+
Escherichia_coli_B1109,Escherichia_coli_chromosome,2818761,2821457,2697,MEG_1170|Metals|Arsenic_resistance|Arsenic_resistance_protein|ARSP,MEG_1170|Metals|Arsenic_resistance|Arsenic_resistance_protein|ARSP,948,2805133,2806080,+
Escherichia_coli_B1109,Escherichia_coli_chromosome,2916772,2917905,1134,MEG_8062|Drugs|Trimethoprim|Dihydrofolate_reductase|DFRA,MEG_8062|Drugs|Trimethoprim|Dihydrofolate_reductase|DFRA,588,2901395,2901982,+
Escherichia_coli_B1109,Escherichia_coli_chromosome,2918524,2918991,468,MEG_1173|Metals|Arsenic_resistance|Arsenic_resistance_regulator|ARSR,MEG_1173|Metals|Arsenic_resistance|Arsenic_resistance_regulator|ARSR,354,2902601,2902954,+
Escherichia_coli_B1109,Escherichia_coli_chromosome,2930360,2930698,339,MEG_1641|Multi-compound|Drug_and_biocide_resistance|Drug_and_biocide_MATE_efflux_pumps|CDEA,MEG_1641|Multi-compound|Drug_and_biocide_resistance|Drug_and_biocide_MATE_efflux_pumps|CDEA,1326,2914323,2915648,+
Escherichia_coli_B1109,Escherichia_coli_chromosome,2950535,2952178,1644,MEG_7787|Biocides|Multi-biocide_resistance|Multi-biocide_RND_efflux_pump|VMED,MEG_7787|Biocides|Multi-biocide_resistance|Multi-biocide_RND_efflux_pump|VMED,3123,2935485,2938607,+
Escherichia_coli_B1109,Escherichia_coli_chromosome,2982016,2986561,4546,MEG_7213|Drugs|Tetracyclines|Tetracycline_resistance_ribosomal_protection_proteins|TETW,MEG_7213|Drugs|Tetracyclines|Tetracycline_resistance_ribosomal_protection_proteins|TETW,1920,2968445,2970364,+
Escherichia_coli_B1109,Escherichia_coli_chromosome,3001112,3002761,1650,MEG_1146|Metals|Arsenic_resistance|Arsenic_resistance_protein|ARSB,MEG_1146|Metals|Arsenic_resistance|Arsenic_resistance_protein|ARSB,1041,2984915,2985955,+
Escherichia_coli_B1109,Escherichia_coli_chromosome,3008080,3008544,465,MEG_5822|Multi-compound|Drug_and_biocide_resistance|Drug_and_biocide_MFS_efflux_pumps|QACAB,MEG_5822|Multi-compound|Drug_and_biocide_resistance|Drug_and_biocide_MFS_efflux_pumps|QACAB,1545,2991274,2992818,+
Escherichia_coli_B1109,Escherichia_coli_chromosome,3008630,3008953,324,MEG_3943|Drugs|Multi-drug_resistance|MDR_regulator|MGRA,MEG_3943|Drugs|Multi-drug_resistance|MDR_regulator|MGRA,444,2992904,2993347,+
Escherichia_coli_B1109,Escherichia_coli_chromosome,3026010,3026525,516,MEG_7276|Biocides|Phenolic_compound_resistance|Phenolic_RND_efflux_pump|TRICP,MEG_7276|Biocides|Phenolic_compound_resistance|Phenolic_RND_efflux_pump|TRICP,2748,3010404,3013151,+
Escherichia_coli_B1109,Escherichia_coli_chromosome,3062385,3063209,825,MEG_11337|Metals|Multi-metal_resistance|Multi-metal_resistance_regulator|CADC,MEG_11337|Metals|Multi-metal_resistance|Multi-metal_resistance_regulator|CADC,357,3049011,3049367,+
Escherichia_coli_B1109,Escherichia_coli_chromosome,3072494,3072877,384,MEG_1555|Drugs|Phenicol|Chloramphenicol_acetyltransferases|CAT,MEG_1555|Drugs|Phenicol|Chloramphenicol_acetyltransferases|CAT,630,3058652,3059281,+
Escherichia_coli_B1109,Escherichia_coli_chromosome,3081467,3084186,2720,MEG_8272|Drugs|Metronidazole|nim_nitroimidazole_reductase|NIMK,MEG_8272|Drugs|Metronidazole|nim_nitroimidazole_reductase|NIMK,507,3067871,3068377,+
Escherichia_coli_B1109,Escherichia_coli_chromosome,3167935,3168780,846,MEG_499|Multi-compound|Biocide_and_metal_resistance|Biocide_and_metal_resistance_protein|ACTA,MEG_499|Multi-compound|Biocide_and_metal_resistance|Biocide_and_metal_resistance_protein|ACTA,1632,3152126,3153757,+
Escherichia_coli_B1109,Escherichia_coli_chromosome,3178654,3179556,903,MEG_2443|Metals|Copper_resistance|Copper_resistance_regulator|CUER,MEG_2443|Metals|Copper_resistance|Copper_resistance_regulator|CUER,408,3163631,3164038,+
Escherichia_coli_B1109,Escherichia_coli_chromosome,3180355,3182423,2069,MEG_3294|Multi-compound|Biocide_and_metal_resistance|Biocide_and_metal_resistance_protein|IDER,MEG_3294|Multi-compound|Biocide_and_metal_resistance|Biocide_and_metal_resistance_protein|IDER,693,3164837,3165529,+
Escherichia_coli_B1109,Escherichia_coli_chromosome,3184595,3185215,621,MEG_498|Multi-compound|Biocide_and_metal_resistance|Biocide_and_metal_resistance_protein|ACTA,MEG_498|Multi-compound|Biocide_and_metal_resistance|Biocide_and_metal_resistance_protein|ACTA,1626,3167701,3169326,+
Escherichia_coli_B1109,Escherichia_coli_chromosome,3241981,3242607,627,MEG_689|Multi-compound|Drug_and_biocide_resistance|Drug_and_biocide_RND_efflux_pumps|ADEI,MEG_689|Multi-compound|Drug_and_biocide_resistance|Drug_and_biocide_RND_efflux_pumps|ADEI,1251,3226092,3227342,+
Escherichia_coli_B1109,Escherichia_coli_chromosome,3283548,3284498,951,MEG_6577|Biocides|Multi-biocide_resistance|Multi-biocide_SMR_efflux_pump|SUGE,MEG_6577|Biocides|Multi-biocide_resistance|Multi-biocide_SMR_efflux_pump|SUGE,537,3268283,3268819,+
Escherichia_coli_B1109,Escherichia_coli_chromosome,3374400,3375440,1041,MEG_5917|Drugs|Fluoroquinolones|Quinolone_resistance_protein_Qnr|QNRB,MEG_5917|Drugs|Fluoroquinolones|Quinolone_resistance_protein_Qnr|QNRB,645,3358721,3359365,+
Escherichia_coli_B1109,Escherichia_coli_chromosome,3375527,3377376,1850,MEG_8658|Drugs|Fluoroquinolones|Quinolone_resistance_protein_Qnr|QNRVC,MEG_8658|Drugs|Fluoroquinolones|Quinolone_resistance_protein_Qnr|QNRVC,657,3359452,3360108,+
Escherichia_coli_B1109,Escherichia_coli_chromosome,3377559,3378332,774,MEG_6562|Metals|Chromium_resistance|Chromium_resistance_protein|SRPCC,MEG_6562|Metals|Chromium_resistance|Chromium_resistance_protein|SRPCC,1182,3360291,3361472,+
Escherichia_coli_B1109,Escherichia_coli_chromosome,3390713,3391279,567,MEG_8071|Drugs|Trimethoprim|Dihydrofolate_reductase|DFRE,MEG_8071|Drugs|Trimethoprim|Dihydrofolate_reductase|DFRE,495,3373853,3374347,+
Escherichia_coli_B1109,Escherichia_coli_chromosome,3418509,3418922,414,MEG_3876|Metals|Mercury_resistance|Mercury_resistance_protein|MERP,MEG_3876|Metals|Mercury_resistance|Mercury_resistance_protein|MERP,342,3401577,3401918,+
Escherichia_coli_B1109,Escherichia_coli_chromosome,3419028,3419462,435,MEG_6085|Drugs|Rifampin|Monooxygenase|ROX,MEG_6085|Drugs|Rifampin|Monooxygenase|ROX,1422,3402024,3403445,+
Escherichia_coli_B1109,Escherichia_coli_chromosome,3430825,3432015,1191,MEG_2669|Multi-compound|Biocide_and_metal_resistance|Biocide_and_metal_resistance_protein|DPSA,MEG_2669|Multi-compound|Biocide_and_metal_resistance|Biocide_and_metal_resistance_protein|DPSA,489,3414808,3415296,+
Escherichia_coli_B1109,Escherichia_coli_chromosome,3677911,3679311,1401,MEG_6584|Drugs|Sulfonamides|Sulfonamide-resistant_dihydropteroate_synthases|SULI,MEG_6584|Drugs|Sulfonamides|Sulfonamide-resistant_dihydropteroate_synthases|SULI,840,3661192,3662031,+
Escherichia_coli_B1109,Escherichia_coli_chromosome,3679681,3680505,825,MEG_6168|Drugs|Nucleosides|Streptothricin_acetyltransferase|SAT,MEG_6168|Drugs|Nucleosides|Streptothricin_acetyltransferase|SAT,570,3662401,3662970,+
Escherichia_coli_B1109,Escherichia_coli_chromosome,3680873,3681601,729,MEG_3080|Biocides|Acid_resistance|Acid_resistance_regulator|GADE,MEG_3080|Biocides|Acid_resistance|Acid_resistance_regulator|GADE,528,3663338,3663865,+
Escherichia_coli_B1109,Escherichia_coli_chromosome,3681964,3685077,3114,MEG_5930|Drugs|Fluoroquinolones|Quinolone_resistance_protein_Qnr|QNRB,MEG_5930|Drugs|Fluoroquinolones|Quinolone_resistance_protein_Qnr|QNRB,681,3664228,3664908,+
Escherichia_coli_B1109,Escherichia_coli_chromosome,3685102,3686259,1158,MEG_9947|Drugs|betalactams|Class_D_betalactamases|OXA,MEG_9947|Drugs|betalactams|Class_D_betalactamases|OXA,789,3664933,3665721,+
Escherichia_coli_B1109,Escherichia_coli_chromosome,3686598,3687080,483,MEG_7786|Biocides|Multi-biocide_resistance|Multi-biocide_RND_efflux_pump|VMEC,MEG_7786|Biocides|Multi-biocide_resistance|Multi-biocide_RND_efflux_pump|VMEC,1107,3666060,3667166,+
Escherichia_coli_B1109,Escherichia_coli_chromosome,3693631,3694062,432,MEG_8779|Drugs|Lipopeptides|Colistin_phosphoethanolamine_transferase|MCR,MEG_8779|Drugs|Lipopeptides|Colistin_phosphoethanolamine_transferase|MCR,1626,3673717,3675342,+
Escherichia_coli_B1109,Escherichia_coli_chromosome,3694068,3698983,4916,MEG_3003|Drugs|Fosfomycin|Fosfomycin_thiol_transferases|FOSA,MEG_3003|Drugs|Fosfomycin|Fosfomycin_thiol_transferases|FOSA,347,3675348,3675694,+
Escherichia_coli_B1109,Escherichia_coli_chromosome,3704001,3706199,2199,MEG_1191|Multi-compound|Drug_and_biocide_and_metal_resistance|Drug_and_biocide_and_metal_RND_efflux_regulator|BAER,MEG_1191|Multi-compound|Drug_and_biocide_and_metal_resistance|Drug_and_biocide_and_metal_RND_efflux_regulator|BAER,723,3680712,3681434,+
Escherichia_coli_B1109,Escherichia_coli_chromosome,3825137,3825769,633,MEG_11396|Metals|Cadmium_resistance|Cadmium_resistance_chaperone|HSCC,MEG_11396|Metals|Cadmium_resistance|Cadmium_resistance_chaperone|HSCC,1680,3800372,3802051,+
Escherichia_coli_B1109,Escherichia_coli_chromosome,3872759,3873184,426,MEG_1710|Metals|Chromium_resistance|Chromium_resistance_protein|CHRB1,MEG_1710|Metals|Chromium_resistance|Chromium_resistance_protein|CHRB1,975,3849041,3850015,+
Escherichia_coli_B1109,Escherichia_coli_chromosome,3893753,3896857,3105,MEG_609|Drugs|betalactams|Class_C_betalactamases|ADC,MEG_609|Drugs|betalactams|Class_C_betalactamases|ADC,1167,3870584,3871750,+
Escherichia_coli_B1109,Escherichia_coli_chromosome,3896869,3898026,1158,MEG_2982|Drugs|Fosfomycin|Fosfomycin_thiol_transferases|FOSA,MEG_2982|Drugs|Fosfomycin|Fosfomycin_thiol_transferases|FOSA,390,3871762,3872151,+
Escherichia_coli_B1109,Escherichia_coli_chromosome,3898425,3899087,663,MEG_2025|Metals|Copper_resistance|Copper_resistance_protein|COPA,MEG_2025|Metals|Copper_resistance|Copper_resistance_protein|COPA,2184,3872550,3874733,+
Escherichia_coli_B1109,Escherichia_coli_chromosome,3926089,3926403,315,MEG_7180|Drugs|Tetracyclines|Tetracycline_resistance_ribosomal_protection_proteins|TETQ,MEG_7180|Drugs|Tetracyclines|Tetracycline_resistance_ribosomal_protection_proteins|TETQ,1926,3901735,3903660,+
Escherichia_coli_B1109,Escherichia_coli_chromosome,4096493,4097257,765,MEG_11457|Drugs|Lipopeptides|Colistin_phosphoethanolamine_transferase|MCR,MEG_11457|Drugs|Lipopeptides|Colistin_phosphoethanolamine_transferase|MCR,1623,4073750,4075372,+
Escherichia_coli_B1109,Escherichia_coli_chromosome,4108853,4109674,822,MEG_1745|Multi-compound|Drug_and_biocide_and_metal_resistance|Drug_and_biocide_and_metal_RND_efflux_pumps|CMEF,MEG_1745|Multi-compound|Drug_and_biocide_and_metal_resistance|Drug_and_biocide_and_metal_RND_efflux_pumps|CMEF,3018,4086968,4089985,+
Escherichia_coli_B1109,Escherichia_coli_chromosome,4128325,4129122,798,MEG_3017|Drugs|Fosfomycin|Fosfomycin_thiol_transferases|FOSC,MEG_3017|Drugs|Fosfomycin|Fosfomycin_thiol_transferases|FOSC,549,4108636,4109184,+
Escherichia_coli_B1109,Escherichia_coli_chromosome,4132052,4133539,1488,MEG_4196|Metals|Nickel_resistance|Nickel_resistance_protein|NIRB,MEG_4196|Metals|Nickel_resistance|Nickel_resistance_protein|NIRB,270,4112114,4112383,+
Escherichia_coli_B1109,Escherichia_coli_chromosome,4141972,4142364,393,MEG_3894|Metals|Mercury_resistance|Mercury_resistance_protein|MERT,MEG_3894|Metals|Mercury_resistance|Mercury_resistance_protein|MERT,351,4120816,4121166,+
Escherichia_coli_B1109,Escherichia_coli_chromosome,4175276,4176768,1493,MEG_4353|Multi-compound|Drug_and_biocide_resistance|Drug_and_biocide_RND_efflux_pumps|OQXB,MEG_4353|Multi-compound|Drug_and_biocide_resistance|Drug_and_biocide_RND_efflux_pumps|OQXB,3153,4154078,4157230,+
Escherichia_coli_B1109,Escherichia_coli_chromosome,4287909,4288619,711,MEG_626|Drugs|betalactams|Class_C_betalactamases|ADC,MEG_626|Drugs|betalactams|Class_C_betalactamases|ADC,1152,4268371,4269522,+
Escherichia_coli_B1109,Escherichia_coli_chromosome,4458335,4459363,1029,MEG_6622|Drugs|Sulfonamides|Sulfonamide-resistant_dihydropteroate_synthases|SULII,MEG_6622|Drugs|Sulfonamides|Sulfonamide-resistant_dihydropteroate_synthases|SULII,816,4439238,4440053,+
Escherichia_coli_B1109,Escherichia_coli_chromosome,4572564,4573247,684,MEG_4927|Drugs|betalactams|Class_D_betalactamases|OXA,MEG_4927|Drugs|betalactams|Class_D_betalactamases|OXA,825,4553254,4554078,+
Escherichia_coli_B1109,Escherichia_coli_chromosome,4710663,4711139,477,MEG_2578|Drugs|Trimethoprim|Dihydrofolate_reductase|DFRF,MEG_2578|Drugs|Trimethoprim|Dihydrofolate_reductase|DFRF,495,4691494,4691988,+
Escherichia_coli_B1109,Escherichia_coli_chromosome,4731817,4734930,3114,MEG_6987|Drugs|Tetracyclines|Tetracycline_resistance_MFS_efflux_pumps|TET39,MEG_6987|Drugs|Tetracyclines|Tetracycline_resistance_MFS_efflux_pumps|TET39,1188,4712666,4713853,+
Escherichia_coli_B3008,Escherichia_coli_B3008,96874,98247,1374,MEG_4670|Drugs|betalactams|Class_D_betalactamases|OXA,MEG_4670|Drugs|betalactams|Class_D_betalactamases|OXA,831,96874,97704,+
Escherichia_coli_B3008,Escherichia_coli_B3008,105729,106310,582,MEG_6087|Drugs|Rifampin|Rifampin_phosphotransferase|RPH,MEG_6087|Drugs|Rifampin|Rifampin_phosphotransferase|RPH,2619,105186,107804,+
Escherichia_coli_B3008,Escherichia_coli_B3008,168004,168685,682,MEG_408|Multi-compound|Drug_and_biocide_resistance|Drug_and_biocide_RND_efflux_pumps|ACRE,MEG_408|Multi-compound|Drug_and_biocide_resistance|Drug_and_biocide_RND_efflux_pumps|ACRE,1158,169498,170655,+
Escherichia_coli_B3008,Escherichia_coli_B3008,169821,170156,336,MEG_7423|Drugs|Glycopeptides|VanD-type_resistance_protein|VANHD,MEG_7423|Drugs|Glycopeptides|VanD-type_resistance_protein|VANHD,972,171791,172762,+
Escherichia_coli_B3008,Escherichia_coli_B3008,244385,244777,393,MEG_3284|Metals|Nickel_resistance|Nickel_resistance_protein|HUPE,MEG_3284|Metals|Nickel_resistance|Nickel_resistance_protein|HUPE,600,246991,247590,+
Escherichia_coli_B3008,Escherichia_coli_B3008,248925,249314,390,MEG_1714|Metals|Chromium_resistance|Chromium_resistance_protein|CHRE,MEG_1714|Metals|Chromium_resistance|Chromium_resistance_protein|CHRE,342,251738,252079,+
Escherichia_coli_B3008,Escherichia_coli_B3008,249328,249762,435,MEG_3748|Multi-compound|Drug_and_biocide_and_metal_resistance|Drug_and_biocide_and_metal_RND_efflux_pumps|MDTB,MEG_3748|Multi-compound|Drug_and_biocide_and_metal_resistance|Drug_and_biocide_and_metal_RND_efflux_pumps|MDTB,3123,252093,255215,+
Escherichia_coli_B3008,Escherichia_coli_B3008,282393,284672,2280,MEG_7093|Drugs|Tetracyclines|Tetracycline_resistance_MFS_efflux_pumps|TETL,MEG_7093|Drugs|Tetracyclines|Tetracycline_resistance_MFS_efflux_pumps|TETL,1377,287846,289222,+
Escherichia_coli_B3008,Escherichia_coli_B3008,285192,285953,762,MEG_1711|Metals|Chromium_resistance|Chromium_resistance_protein|CHRB1,MEG_1711|Metals|Chromium_resistance|Chromium_resistance_protein|CHRB1,894,289742,290635,+
Escherichia_coli_B3008,Escherichia_coli_B3008,296834,298234,1401,MEG_3709|Drugs|Lipopeptides|Colistin_phosphoethanolamine_transferase|MCR,MEG_3709|Drugs|Lipopeptides|Colistin_phosphoethanolamine_transferase|MCR,1617,301516,303132,+
Escherichia_coli_B3008,Escherichia_coli_B3008,298390,299925,1536,MEG_7785|Biocides|Multi-biocide_resistance|Multi-biocide_RND_efflux_pump|VMEB,MEG_7785|Biocides|Multi-biocide_resistance|Multi-biocide_RND_efflux_pump|VMEB,3162,303288,306449,+
Escherichia_coli_B3008,Escherichia_coli_B3008,374200,375782,1583,MEG_2859|Drugs|MLS|23S_rRNA_methyltransferases|ERMX,MEG_2859|Drugs|MLS|23S_rRNA_methyltransferases|ERMX,855,380724,381578,+
Escherichia_coli_B3008,Escherichia_coli_B3008,500610,501398,789,MEG_6007|Drugs|Fluoroquinolones|Quinolone_resistance_protein_Qnr|QNRB,MEG_6007|Drugs|Fluoroquinolones|Quinolone_resistance_protein_Qnr|QNRB,644,506406,507049,+
Escherichia_coli_B3008,Escherichia_coli_B3008,557521,557934,414,MEG_2030|Metals|Copper_resistance|Copper_resistance_protein|COPA,MEG_2030|Metals|Copper_resistance|Copper_resistance_protein|COPA,2184,563172,565355,+
Escherichia_coli_B3008,Escherichia_coli_B3008,578774,579874,1101,MEG_1125|Drugs|Rifampin|Rifampin_ADP-ribosyltransferase_Arr|ARR,MEG_1125|Drugs|Rifampin|Rifampin_ADP-ribosyltransferase_Arr|ARR,453,586195,586647,+
Escherichia_coli_B3008,Escherichia_coli_B3008,591553,591831,279,MEG_7482|Drugs|Glycopeptides|VanL-type_regulator|VANRI,MEG_7482|Drugs|Glycopeptides|VanL-type_regulator|VANRI,699,598326,599024,+
Escherichia_coli_B3008,Escherichia_coli_B3008,615905,617446,1542,MEG_110|Drugs|Aminoglycosides|Aminoglycoside_N-acetyltransferases|AAC6-PRIME,MEG_110|Drugs|Aminoglycosides|Aminoglycoside_N-acetyltransferases|AAC6-PRIME,441,623098,623538,+
Escherichia_coli_B3008,Escherichia_coli_B3008,617586,618122,537,MEG_7857|Metals|Zinc_resistance|Zinc_resistance_protein|ZNUB,MEG_7857|Metals|Zinc_resistance|Zinc_resistance_protein|ZNUB,277,623678,623954,+
Escherichia_coli_B3008,Escherichia_coli_B3008,634752,635018,267,MEG_3730|Drugs|Lipopeptides|Colistin_phosphoethanolamine_transferase|MCR,MEG_3730|Drugs|Lipopeptides|Colistin_phosphoethanolamine_transferase|MCR,1626,640584,642209,+
Escherichia_coli_B3008,Escherichia_coli_B3008,665567,665824,258,MEG_2931|Drugs|Phenicol|Phenicol_resistance_MFS_efflux_pumps|FLOR,MEG_2931|Drugs|Phenicol|Phenicol_resistance_MFS_efflux_pumps|FLOR,1215,672758,673972,+
Escherichia_coli_B3008,Escherichia_coli_B3008,666065,666697,633,MEG_369|Drugs|Fosfomycin|Fosfomycin_MFS_efflux_pump|ABAF,MEG_369|Drugs|Fosfomycin|Fosfomycin_MFS_efflux_pump|ABAF,1290,674213,675502,+
Escherichia_coli_B3008,Escherichia_coli_B3008,709598,710806,1209,MEG_2739|Drugs|Cationic_antimicrobial_peptides|Lipid_A_modification|EPTA,MEG_2739|Drugs|Cationic_antimicrobial_peptides|Lipid_A_modification|EPTA,1644,718403,720046,+
Escherichia_coli_B3008,Escherichia_coli_B3008,719437,720663,1227,MEG_7593|Drugs|Glycopeptides|VanA-type_accessory_protein|VANYA,MEG_7593|Drugs|Glycopeptides|VanA-type_accessory_protein|VANYA,591,728677,729267,+
Escherichia_coli_B3008,Escherichia_coli_B3008,815285,816362,1078,MEG_7115|Drugs|Tetracyclines|Tetracycline_resistance_ribosomal_protection_proteins|TETM,MEG_7115|Drugs|Tetracyclines|Tetracycline_resistance_ribosomal_protection_proteins|TETM,1920,823889,825808,+
Escherichia_coli_B3008,Escherichia_coli_B3008,867004,868752,1749,MEG_2087|Metals|Multi-metal_resistance|Multi-metal_resistance_protein|CORA,MEG_2087|Metals|Multi-metal_resistance|Multi-metal_resistance_protein|CORA,951,876450,877400,+
Escherichia_coli_B3008,Escherichia_coli_B3008,944287,945009,723,MEG_6513|Multi-compound|Biocide_and_metal_resistance|Biocide_and_metal_ABC_efflux_pumps|SITA,MEG_6513|Multi-compound|Biocide_and_metal_resistance|Biocide_and_metal_ABC_efflux_pumps|SITA,918,952935,953852,+
Escherichia_coli_B3008,Escherichia_coli_B3008,986187,987419,1233,MEG_3673|Drugs|Lipopeptides|Colistin_phosphoethanolamine_transferase|MCR,MEG_3673|Drugs|Lipopeptides|Colistin_phosphoethanolamine_transferase|MCR,1626,995030,996655,+
Escherichia_coli_B3008,Escherichia_coli_B3008,1017765,1018232,468,MEG_2846|Drugs|MLS|23S_rRNA_methyltransferases|ERMT,MEG_2846|Drugs|MLS|23S_rRNA_methyltransferases|ERMT,735,1027001,1027735,+
Escherichia_coli_B3008,Escherichia_coli_B3008,1082966,1084024,1059,MEG_8021|Drugs|Phenicol|Phenicol_resistance_MFS_efflux_pumps|CML,MEG_8021|Drugs|Phenicol|Phenicol_resistance_MFS_efflux_pumps|CML,1203,1092469,1093671,+
Escherichia_coli_B3008,Escherichia_coli_B3008,1084026,1085489,1464,MEG_3735|Biocides|Multi-biocide_resistance|Multi-biocide_resistance_protein|MDEA,MEG_3735|Biocides|Multi-biocide_resistance|Multi-biocide_resistance_protein|MDEA,1197,1093673,1094869,+
Escherichia_coli_B3008,Escherichia_coli_B3008,1085934,1086722,789,MEG_2900|Multi-compound|Biocide_and_metal_resistance|Biocide_and_metal_ABC_efflux_pumps|FETB,MEG_2900|Multi-compound|Biocide_and_metal_resistance|Biocide_and_metal_ABC_efflux_pumps|FETB,780,1095314,1096093,+
Escherichia_coli_B3008,Escherichia_coli_B3008,1095755,1096696,942,MEG_6955|Metals|Tellurium_resistance|Tellurium_resistance_protein|TERB,MEG_6955|Metals|Tellurium_resistance|Tellurium_resistance_protein|TERB,456,1105126,1105581,+
Escherichia_coli_B3008,Escherichia_coli_B3008,1159583,1160260,678,MEG_11252|Metals|Arsenic_resistance|Arsenic_resistance_regulator|ARSR,MEG_11252|Metals|Arsenic_resistance|Arsenic_resistance_regulator|ARSR,321,1168468,1168788,+
Escherichia_coli_B3008,Escherichia_coli_B3008,1164452,1164595,144,MEG_1715|Metals|Chromium_resistance|Chromium_resistance_regulator|CHRF,MEG_1715|Metals|Chromium_resistance|Chromium_resistance_regulator|CHRF,423,1172980,1173402,+
Escherichia_coli_B3008,Escherichia_coli_B3008,1189654,1190476,823,MEG_2698|Biocides|Multi-biocide_resistance|Multi-biocide_SMR_efflux_pump|EBRB,MEG_2698|Biocides|Multi-biocide_resistance|Multi-biocide_SMR_efflux_pump|EBRB,357,1198461,1198817,+
Escherichia_coli_B3008,Escherichia_coli_B3008,1190501,1192033,1533,MEG_7861|Metals|Zinc_resistance|Zinc_resistance_regulator|ZRAR,MEG_7861|Metals|Zinc_resistance|Zinc_resistance_regulator|ZRAR,1314,1198842,1200155,+
Escherichia_coli_B3008,Escherichia_coli_B3008,1198852,1200462,1611,MEG_4199|Metals|Nickel_resistance|Nickel_resistance_protein|NIXA,MEG_4199|Metals|Nickel_resistance|Nickel_resistance_protein|NIXA,996,1206974,1207969,+
Escherichia_coli_B3008,Escherichia_coli_B3008,1214029,1215930,1902,MEG_2067|Metals|Copper_resistance|Copper_resistance_protein|COPP,MEG_2067|Metals|Copper_resistance|Copper_resistance_protein|COPP,201,1221536,1221736,+
Escherichia_coli_B3008,Escherichia_coli_B3008,1280378,1283521,3144,MEG_7671|Multi-compound|Drug_and_biocide_resistance|Drug_and_biocide_RND_efflux_pumps|VEXD,MEG_7671|Multi-compound|Drug_and_biocide_resistance|Drug_and_biocide_RND_efflux_pumps|VEXD,3051,1286184,1289234,+
Escherichia_coli_B3008,Escherichia_coli_B3008,1283533,1284756,1224,MEG_7446|Drugs|Glycopeptides|VanN-type_resistance_protein|VANN,MEG_7446|Drugs|Glycopeptides|VanN-type_resistance_protein|VANN,1032,1289246,1290277,+
Escherichia_coli_B3008,Escherichia_coli_B3008,1284772,1285104,333,MEG_3874|Metals|Mercury_resistance|Mercury_resistance_protein|MERP,MEG_3874|Metals|Mercury_resistance|Mercury_resistance_protein|MERP,276,1290293,1290568,+
Escherichia_coli_B3008,Escherichia_coli_B3008,1285262,1286635,1374,MEG_7103|Drugs|Tetracyclines|Tetracycline_resistance_ribosomal_protection_proteins|TETM,MEG_7103|Drugs|Tetracyclines|Tetracycline_resistance_ribosomal_protection_proteins|TETM,1920,1290726,1292645,+
Escherichia_coli_B3008,Escherichia_coli_B3008,1286792,1288888,2097,MEG_7274|Biocides|Phenolic_compound_resistance|Phenolic_RND_efflux_pump|TRIBP,MEG_7274|Biocides|Phenolic_compound_resistance|Phenolic_RND_efflux_pump|TRIBP,294,1292802,1293095,+
Escherichia_coli_B3008,Escherichia_coli_B3008,1348604,1350047,1444,MEG_4010|Metals|Multi-metal_resistance|Multi-metal_ABC_efflux_pumps|MODC,MEG_4010|Metals|Multi-metal_resistance|Multi-metal_ABC_efflux_pumps|MODC,1059,1352811,1353869,+
Escherichia_coli_B3008,Escherichia_coli_B3008,1351566,1351973,408,MEG_2906|Drugs|Phenicol|Phenicol_resistance_MFS_efflux_pumps|FEXB,MEG_2906|Drugs|Phenicol|Phenicol_resistance_MFS_efflux_pumps|FEXB,1410,1355388,1356797,+
Escherichia_coli_B3008,Escherichia_coli_B3008,1354587,1354798,212,MEG_7343|Drugs|Glycopeptides|VanA-type_resistance_protein|VANA,MEG_7343|Drugs|Glycopeptides|VanA-type_resistance_protein|VANA,1032,1359411,1360442,+
Escherichia_coli_B3008,Escherichia_coli_B3008,1380953,1382146,1194,MEG_2513|Drugs|Trimethoprim|Dihydrofolate_reductase|DFRA,MEG_2513|Drugs|Trimethoprim|Dihydrofolate_reductase|DFRA,474,1386597,1387070,+
Escherichia_coli_B3008,Escherichia_coli_B3008,1382169,1385318,3150,MEG_5799|Multi-compound|Drug_and_metal_resistance|Drug_and_metal_MFS_efflux_pumps|PMRBM,MEG_5799|Multi-compound|Drug_and_metal_resistance|Drug_and_metal_MFS_efflux_pumps|PMRBM,1095,1387093,1388187,+
Escherichia_coli_B3008,Escherichia_coli_B3008,1394201,1395918,1718,MEG_11363|Metals|Arsenic_resistance|Arsenic_resistance_N-acetyltransferases|ARSN2,MEG_11363|Metals|Arsenic_resistance|Arsenic_resistance_N-acetyltransferases|ARSN2,444,1397070,1397513,+
Escherichia_coli_B3008,Escherichia_coli_B3008,1481490,1482647,1158,MEG_2838|Drugs|MLS|23S_rRNA_methyltransferases|ERMN,MEG_2838|Drugs|MLS|23S_rRNA_methyltransferases|ERMN,876,1483085,1483960,+
Escherichia_coli_B3008,Escherichia_coli_B3008,1495702,1496811,1110,MEG_2751|Drugs|MLS|Macrolide_esterases|EREA,MEG_2751|Drugs|MLS|Macrolide_esterases|EREA,1238,1497015,1498252,+
Escherichia_coli_B3008,Escherichia_coli_B3008,1644995,1645429,435,MEG_6998|Drugs|Tetracyclines|Tetracycline_resistance_ribosomal_protection_proteins|TET44,MEG_6998|Drugs|Tetracyclines|Tetracycline_resistance_ribosomal_protection_proteins|TET44,1923,1646436,1648358,+
Escherichia_coli_B3008,Escherichia_coli_B3008,1645647,1647724,2078,MEG_6535|Biocides|Multi-biocide_resistance|Multi-biocide_ABC_efflux_pump|SMRA,MEG_6535|Biocides|Multi-biocide_resistance|Multi-biocide_ABC_efflux_pump|SMRA,1830,1648576,1650405,+
Escherichia_coli_B3008,Escherichia_coli_B3008,1647779,1648708,930,MEG_4170|Metals|Nickel_resistance|Nickel_ABC_efflux_pumps|NIKC,MEG_4170|Metals|Nickel_resistance|Nickel_ABC_efflux_pumps|NIKC,834,1650460,1651293,+
Escherichia_coli_B3008,Escherichia_coli_B3008,1648713,1649093,381,MEG_7847|Metals|Zinc_resistance|Zinc_resistance_protein|ZIAA,MEG_7847|Metals|Zinc_resistance|Zinc_resistance_protein|ZIAA,2166,1651298,1653463,+
Escherichia_coli_B3008,Escherichia_coli_B3008,1649133,1650023,891,MEG_1583|Drugs|Phenicol|Chloramphenicol_acetyltransferases|CATA,MEG_1583|Drugs|Phenicol|Chloramphenicol_acetyltransferases|CATA,663,1653503,1654165,+
Escherichia_coli_B3008,Escherichia_coli_B3008,1650029,1651846,1818,MEG_5912|Drugs|Fluoroquinolones|Quinolone_resistance_protein_Qnr|QNRB,MEG_5912|Drugs|Fluoroquinolones|Quinolone_resistance_protein_Qnr|QNRB,645,1654171,1654815,+
Escherichia_coli_B3008,Escherichia_coli_B3008,1653828,1656304,2477,MEG_7008|Drugs|Tetracyclines|Tetracycline_resistance_MFS_efflux_pumps|TET55,MEG_7008|Drugs|Tetracyclines|Tetracycline_resistance_MFS_efflux_pumps|TET55,1158,1656797,1657954,+
Escherichia_coli_B3008,Escherichia_coli_B3008,1656933,1660075,3143,MEG_7783|Biocides|Multi-biocide_resistance|Multi-biocide_RND_efflux_pump|VMEA,MEG_7783|Biocides|Multi-biocide_resistance|Multi-biocide_RND_efflux_pump|VMEA,1140,1658583,1659722,+
Escherichia_coli_B3008,Escherichia_coli_B3008,1660086,1661378,1293,MEG_1748|Multi-compound|Drug_and_biocide_and_metal_resistance|Drug_and_biocide_and_metal_RND_efflux_regulator|CMER,MEG_1748|Multi-compound|Drug_and_biocide_and_metal_resistance|Drug_and_biocide_and_metal_RND_efflux_regulator|CMER,633,1659733,1660365,+
Escherichia_coli_B3008,Escherichia_coli_B3008,1661492,1661845,354,MEG_7531|Drugs|Glycopeptides|VanG-type_resistance_protein|VANTG,MEG_7531|Drugs|Glycopeptides|VanG-type_resistance_protein|VANTG,2136,1660479,1662614,+
Escherichia_coli_B3008,Escherichia_coli_B3008,1661874,1663259,1386,MEG_2839|Drugs|MLS|23S_rRNA_methyltransferases|ERMO,MEG_2839|Drugs|MLS|23S_rRNA_methyltransferases|ERMO,780,1662643,1663422,+
Escherichia_coli_B3008,Escherichia_coli_B3008,1663449,1665597,2149,MEG_7045|Drugs|Tetracyclines|Tetracycline_resistance_MFS_efflux_pumps|TETB,MEG_7045|Drugs|Tetracyclines|Tetracycline_resistance_MFS_efflux_pumps|TETB,1206,1663612,1664817,+
Escherichia_coli_B3008,Escherichia_coli_B3008,1665848,1666279,432,MEG_2488|Drugs|Trimethoprim|Dihydrofolate_reductase|DFRA,MEG_2488|Drugs|Trimethoprim|Dihydrofolate_reductase|DFRA,498,1665068,1665565,+
Escherichia_coli_B3008,Escherichia_coli_B3008,1701952,1702662,711,MEG_1168|Biocides|Naphthoquinone|Naphthoquinone_resistance_protein|ARSHN,MEG_1168|Biocides|Naphthoquinone|Naphthoquinone_resistance_protein|ARSHN,621,1701238,1701858,+
Escherichia_coli_B3008,Escherichia_coli_B3008,1779088,1780638,1551,MEG_5705|Drugs|betalactams|Class_C_betalactamases|PDC,MEG_5705|Drugs|betalactams|Class_C_betalactamases|PDC,1194,1778284,1779477,+
Escherichia_coli_B3008,Escherichia_coli_B3008,1832407,1833351,945,MEG_505|Multi-compound|Biocide_and_metal_resistance|Biocide_and_metal_resistance_regulator|ACTS,MEG_505|Multi-compound|Biocide_and_metal_resistance|Biocide_and_metal_resistance_regulator|ACTS,1302,1831246,1832547,+
Escherichia_coli_B3008,Escherichia_coli_B3008,1859219,1861573,2355,MEG_308|Drugs|Aminoglycosides|Aminoglycoside_N-acetyltransferases|AAC6-PRIME,MEG_308|Drugs|Aminoglycosides|Aminoglycoside_N-acetyltransferases|AAC6-PRIME,570,1858415,1858984,+
Escherichia_coli_B3008,Escherichia_coli_B3008,1864722,1865099,378,MEG_5417|Metals|Copper_resistance|Copper_resistance_protein|PCOB,MEG_5417|Metals|Copper_resistance|Copper_resistance_protein|PCOB,1020,1862133,1863152,+
Escherichia_coli_B3008,Escherichia_coli_B3008,1901784,1902950,1167,MEG_2665|Multi-compound|Biocide_and_metal_resistance|Biocide_and_metal_resistance_protein|DPSA,MEG_2665|Multi-compound|Biocide_and_metal_resistance|Biocide_and_metal_resistance_protein|DPSA,489,1899837,1900325,+
Escherichia_coli_B3008,Escherichia_coli_B3008,1926778,1927647,870,MEG_6010|Drugs|Fluoroquinolones|Quinolone_resistance_protein_Qnr|QNRC,MEG_6010|Drugs|Fluoroquinolones|Quinolone_resistance_protein_Qnr|QNRC,657,1924153,1924809,+
Escherichia_coli_B3008,Escherichia_coli_B3008,1996446,1997654,1209,MEG_11333|Metals|Multi-metal_resistance|Multi-metal_resistance_protein|CADA,MEG_11333|Metals|Multi-metal_resistance|Multi-metal_resistance_protein|CADA,2118,1993608,1995725,+
Escherichia_coli_B3008,Escherichia_coli_B3008,2039099,2041795,2697,MEG_7838|Multi-compound|Drug_and_biocide_and_metal_resistance|Drug_and_biocide_and_metal_SMR_efflux_pump|YKKC,MEG_7838|Multi-compound|Drug_and_biocide_and_metal_resistance|Drug_and_biocide_and_metal_SMR_efflux_pump|YKKC,339,2037170,2037508,+
Escherichia_coli_B3008,Escherichia_coli_B3008,2136984,2138117,1134,MEG_4912|Drugs|betalactams|Class_D_betalactamases|OXA,MEG_4912|Drugs|betalactams|Class_D_betalactamases|OXA,825,2132697,2133521,+
Escherichia_coli_B3008,Escherichia_coli_B3008,2138736,2139202,467,MEG_2716|Biocides|Multi-biocide_resistance|Multi-biocide_RND_efflux_pump|EMHB,MEG_2716|Biocides|Multi-biocide_resistance|Multi-biocide_RND_efflux_pump|EMHB,3165,2134140,2137304,+
Escherichia_coli_B3008,Escherichia_coli_B3008,2150570,2150908,339,MEG_2015|Metals|Multi-metal_resistance|Multi-metal_resistance_protein|CNRY,MEG_2015|Metals|Multi-metal_resistance|Multi-metal_resistance_protein|CNRY,288,2148672,2148959,+
Escherichia_coli_B3008,Escherichia_coli_B3008,2217730,2219373,1644,MEG_2663|Multi-compound|Biocide_and_metal_resistance|Biocide_and_metal_resistance_protein|DPSA,MEG_2663|Multi-compound|Biocide_and_metal_resistance|Biocide_and_metal_resistance_protein|DPSA,489,2215781,2216269,+
Escherichia_coli_B3008,Escherichia_coli_B3008,2248704,2253249,4546,MEG_2656|Multi-compound|Biocide_and_metal_resistance|Biocide_and_metal_resistance_protein|DPR,MEG_2656|Multi-compound|Biocide_and_metal_resistance|Biocide_and_metal_resistance_protein|DPR,519,2245600,2246118,+
Escherichia_coli_B3008,Escherichia_coli_B3008,2267800,2269449,1650,MEG_787|Drugs|Aminoglycosides|Aminoglycoside_O-nucleotidyltransferases|ANT3-DPRIME,MEG_787|Drugs|Aminoglycosides|Aminoglycoside_O-nucleotidyltransferases|ANT3-DPRIME,792,2260669,2261460,+
Escherichia_coli_B3008,Escherichia_coli_B3008,2274770,2275234,465,MEG_2423|Drugs|betalactams|Class_A_betalactamases|CTX,MEG_2423|Drugs|betalactams|Class_A_betalactamases|CTX,1174,2266781,2267954,+
Escherichia_coli_B3008,Escherichia_coli_B3008,2275320,2275643,324,MEG_1548|Drugs|Phenicol|Chloramphenicol_acetyltransferases|CAT,MEG_1548|Drugs|Phenicol|Chloramphenicol_acetyltransferases|CAT,651,2268040,2268690,+
Escherichia_coli_B3008,Escherichia_coli_B3008,2292758,2293273,516,MEG_1559|Drugs|Phenicol|Chloramphenicol_acetyltransferases|CAT,MEG_1559|Drugs|Phenicol|Chloramphenicol_acetyltransferases|CAT,717,2285805,2286521,+
Escherichia_coli_B3008,Escherichia_coli_B3008,2329147,2329971,825,MEG_1652|Biocides|Biguanide_resistance|Biguanide_cation_efflux|CEPAB,MEG_1652|Biocides|Biguanide_resistance|Biguanide_cation_efflux|CEPAB,903,2322395,2323297,+
Escherichia_coli_B3008,Escherichia_coli_B3008,2347480,2349602,2123,MEG_4197|Metals|Nickel_resistance|Nickel_resistance_protein|NIRC,MEG_4197|Metals|Nickel_resistance|Nickel_resistance_protein|NIRC,924,2340806,2341729,+
Escherichia_coli_B3008,Escherichia_coli_B3008,2349887,2350178,292,MEG_1556|Drugs|Phenicol|Chloramphenicol_acetyltransferases|CAT,MEG_1556|Drugs|Phenicol|Chloramphenicol_acetyltransferases|CAT,660,2342014,2342673,+
Escherichia_coli_B3008,Escherichia_coli_B3008,2436061,2436906,846,MEG_4193|Drugs|Metronidazole|nim_nitroimidazole_reductase|NIMI,MEG_4193|Drugs|Metronidazole|nim_nitroimidazole_reductase|NIMI,457,2428556,2429012,+
Escherichia_coli_B3008,Escherichia_coli_B3008,2446780,2447682,903,MEG_1172|Metals|Arsenic_resistance|Arsenic_resistance_regulator|ARSR,MEG_1172|Metals|Arsenic_resistance|Arsenic_resistance_regulator|ARSR,318,2438886,2439203,+
Escherichia_coli_B3008,Escherichia_coli_B3008,2448481,2450549,2069,MEG_48|Drugs|Aminoglycosides|Aminoglycoside_N-acetyltransferases|AAC3,MEG_48|Drugs|Aminoglycosides|Aminoglycoside_N-acetyltransferases|AAC3,855,2440002,2440856,+
Escherichia_coli_B3008,Escherichia_coli_B3008,2452721,2453341,621,MEG_11329|Metals|Arsenic_resistance|Arsenic_resistance_protein|ARSD,MEG_11329|Metals|Arsenic_resistance|Arsenic_resistance_protein|ARSD,324,2443028,2443351,+
Escherichia_coli_B3008,Escherichia_coli_B3008,2506834,2507460,627,MEG_4203|Biocides|Paraquat_resistance|Paraquat_resistance_protein|NMPC,MEG_4203|Biocides|Paraquat_resistance|Paraquat_resistance_protein|NMPC,1089,2496844,2497932,+
Escherichia_coli_B3008,Escherichia_coli_B3008,2548015,2548965,951,MEG_1741|Multi-compound|Drug_and_biocide_and_metal_resistance|Drug_and_biocide_and_metal_RND_efflux_pumps|CMEC,MEG_1741|Multi-compound|Drug_and_biocide_and_metal_resistance|Drug_and_biocide_and_metal_RND_efflux_pumps|CMEC,1479,2538487,2539965,+
Escherichia_coli_B3008,Escherichia_coli_B3008,2637309,2638349,1041,MEG_2914|Drugs|Phenicol|Phenicol_resistance_MFS_efflux_pumps|FLOR,MEG_2914|Drugs|Phenicol|Phenicol_resistance_MFS_efflux_pumps|FLOR,1215,2628309,2629523,+
Escherichia_coli_B3008,Escherichia_coli_B3008,2638435,2640284,1850,MEG_1123|Drugs|Rifampin|Rifampin_ADP-ribosyltransferase_Arr|ARR,MEG_1123|Drugs|Rifampin|Rifampin_ADP-ribosyltransferase_Arr|ARR,453,2629609,2630061,+
Escherichia_coli_B3008,Escherichia_coli_B3008,2640467,2641240,774,MEG_7498|Drugs|Glycopeptides|VanC-type_regulator|VANSC,MEG_7498|Drugs|Glycopeptides|VanC-type_regulator|VANSC,1143,2630244,2631386,+
Escherichia_coli_B3008,Escherichia_coli_B3008,2653622,2654188,567,MEG_11336|Metals|Multi-metal_resistance|Multi-metal_resistance_regulator|CADC,MEG_11336|Metals|Multi-metal_resistance|Multi-metal_resistance_regulator|CADC,360,2643768,2644127,+
Escherichia_coli_B3008,Escherichia_coli_B3008,2681419,2681832,414,MEG_4102|Drugs|Multi-drug_resistance|Multi-drug_RND_efflux_pumps|MUXC,MEG_4102|Drugs|Multi-drug_resistance|Multi-drug_RND_efflux_pumps|MUXC,3111,2671358,2674468,+
Escherichia_coli_B3008,Escherichia_coli_B3008,2681938,2682372,435,MEG_3268|Multi-compound|Drug_and_biocide_resistance|Drug_and_biocide_MATE_efflux_pumps|HMRM,MEG_3268|Multi-compound|Drug_and_biocide_resistance|Drug_and_biocide_MATE_efflux_pumps|HMRM,1395,2674574,2675968,+
Escherichia_coli_B3008,Escherichia_coli_B3008,2691325,2692515,1191,MEG_5827|Multi-compound|Drug_and_biocide_resistance|Drug_and_biocide_SMR_efflux_pumps|QACE,MEG_5827|Multi-compound|Drug_and_biocide_resistance|Drug_and_biocide_SMR_efflux_pumps|QACE,333,2684921,2685253,+
Escherichia_coli_B3008,Escherichia_coli_B3008,2892140,2893540,1401,MEG_1763|Drugs|Phenicol|Phenicol_resistance_MFS_efflux_pumps|CMLA,MEG_1763|Drugs|Phenicol|Phenicol_resistance_MFS_efflux_pumps|CMLA,1260,2884878,2886137,+
Escherichia_coli_B3008,Escherichia_coli_B3008,2893910,2894734,825,MEG_4120|Metals|Nickel_resistance|Nickel_MFS_efflux_pumps|NCRAN,MEG_4120|Metals|Nickel_resistance|Nickel_MFS_efflux_pumps|NCRAN,1299,2886507,2887805,+
Escherichia_coli_B3008,Escherichia_coli_B3008,2895102,2895830,729,MEG_3290|Biocides|Acetate_resistance|Acetate_resistance_protein|ICLR,MEG_3290|Biocides|Acetate_resistance|Acetate_resistance_protein|ICLR,825,2888173,2888997,+
Escherichia_coli_B3008,Escherichia_coli_B3008,2896193,2899306,3114,MEG_7022|Drugs|Tetracyclines|Tetracycline_resistance_MFS_efflux_pumps|TETA,MEG_7022|Drugs|Tetracyclines|Tetracycline_resistance_MFS_efflux_pumps|TETA,1587,2889360,2890946,+
Escherichia_coli_B3008,Escherichia_coli_B3008,2899331,2900488,1158,MEG_7852|Metals|Zinc_resistance|Zinc_resistance_protein|ZNEB,MEG_7852|Metals|Zinc_resistance|Zinc_resistance_protein|ZNEB,1158,2890971,2892128,+
Escherichia_coli_B3008,Escherichia_coli_B3008,2900827,2901354,528,MEG_7872|Drugs|Aminoglycosides|Aminoglycoside_N-acetyltransferases|AAC6-PRIME,MEG_7872|Drugs|Aminoglycosides|Aminoglycoside_N-acetyltransferases|AAC6-PRIME,600,2892467,2893066,+
Escherichia_coli_B3008,Escherichia_coli_B3008,2902980,2903312,333,MEG_1128|Drugs|Rifampin|Rifampin_ADP-ribosyltransferase_Arr|ARR,MEG_1128|Drugs|Rifampin|Rifampin_ADP-ribosyltransferase_Arr|ARR,432,2894692,2895123,+
Escherichia_coli_B3008,Escherichia_coli_B3008,2903416,2903754,339,MEG_11326|Metals|Arsenic_resistance|Arsenic_resistance_protein|ARSB,MEG_11326|Metals|Arsenic_resistance|Arsenic_resistance_protein|ARSB,1056,2895227,2896282,+
Escherichia_coli_B3008,Escherichia_coli_B3008,2907859,2908284,426,MEG_6641|Drugs|Sulfonamides|Flavin_reductase|SULR,MEG_6641|Drugs|Sulfonamides|Flavin_reductase|SULR,585,2900387,2900971,+
Escherichia_coli_B3008,Escherichia_coli_B3008,2908297,2909586,1290,MEG_1578|Drugs|Phenicol|Chloramphenicol_acetyltransferases|CATA,MEG_1578|Drugs|Phenicol|Chloramphenicol_acetyltransferases|CATA,660,2900984,2901643,+
Escherichia_coli_B3008,Escherichia_coli_B3008,2909640,2909993,354,MEG_4312|Drugs|Multi-drug_resistance|Multi-drug_ABC_efflux_pumps|OPTRA,MEG_4312|Drugs|Multi-drug_resistance|Multi-drug_ABC_efflux_pumps|OPTRA,1968,2901697,2903664,+
Escherichia_coli_B3008,Escherichia_coli_B3008,2919382,2920881,1500,MEG_7821|Metals|Multi-metal_resistance|Multi-metal_resistance_protein|YFEA,MEG_7821|Metals|Multi-metal_resistance|Multi-metal_resistance_protein|YFEA,969,2913053,2914021,+
Escherichia_coli_B3008,Escherichia_coli_B3008,2939505,2939936,432,MEG_4188|Drugs|Metronidazole|nim_nitroimidazole_reductase|NIMI,MEG_4188|Drugs|Metronidazole|nim_nitroimidazole_reductase|NIMI,519,2932645,2933163,+
Escherichia_coli_B3008,Escherichia_coli_B3008,2939942,2944857,4916,MEG_4178|Drugs|Metronidazole|nim_nitroimidazole_reductase|NIMA,MEG_4178|Drugs|Metronidazole|nim_nitroimidazole_reductase|NIMA,457,2933169,2933625,+
Escherichia_coli_B3008,Escherichia_coli_B3008,2949875,2952073,2199,MEG_3063|Metals|Iron_resistance|Iron_resistance_regulator|FURA,MEG_3063|Metals|Iron_resistance|Iron_resistance_regulator|FURA,444,2938643,2939086,+
Escherichia_coli_B3008,Escherichia_coli_B3008,3073242,3073874,633,MEG_2507|Drugs|Trimethoprim|Dihydrofolate_reductase|DFRA,MEG_2507|Drugs|Trimethoprim|Dihydrofolate_reductase|DFRA,474,3060255,3060728,+
Escherichia_coli_B3008,Escherichia_coli_B3008,3120864,3121289,426,MEG_7344|Drugs|Glycopeptides|VanA-type_resistance_protein|VANA,MEG_7344|Drugs|Glycopeptides|VanA-type_resistance_protein|VANA,2670,3107718,3110387,+
Escherichia_coli_B3008,Escherichia_coli_B3008,3141864,3144968,3105,MEG_3168|Metals|Multi-metal_resistance|Multi-metal_resistance_protein|GOLT,MEG_3168|Metals|Multi-metal_resistance|Multi-metal_resistance_protein|GOLT,2289,3130962,3133250,+
Escherichia_coli_B3008,Escherichia_coli_B3008,3144980,3146137,1158,MEG_2440|Metals|Copper_resistance|Copper_resistance_protein|CUEO,MEG_2440|Metals|Copper_resistance|Copper_resistance_protein|CUEO,1551,3133262,3134812,+
Escherichia_coli_B3008,Escherichia_coli_B3008,3146536,3147198,663,MEG_948|Drugs|Aminoglycosides|Aminoglycoside_O-nucleotidyltransferases|ANT3-DPRIME,MEG_948|Drugs|Aminoglycosides|Aminoglycoside_O-nucleotidyltransferases|ANT3-DPRIME,789,3135211,3135999,+
Escherichia_coli_B3008,Escherichia_coli_B3008,3174955,3175269,315,MEG_6575|Biocides|Multi-biocide_resistance|Multi-biocide_SMR_efflux_pump|SUGE,MEG_6575|Biocides|Multi-biocide_resistance|Multi-biocide_SMR_efflux_pump|SUGE,468,3163756,3164223,+
Escherichia_coli_B3008,Escherichia_coli_B3008,3344477,3345241,765,MEG_4166|Metals|Multi-metal_resistance|Multi-metal_resistance_protein|NIA,MEG_4166|Metals|Multi-metal_resistance|Multi-metal_resistance_protein|NIA,2400,3333431,3335830,+
Escherichia_coli_B3008,Escherichia_coli_B3008,3356836,3357657,822,MEG_2995|Drugs|Fosfomycin|Fosfomycin_thiol_transferases|FOSA,MEG_2995|Drugs|Fosfomycin|Fosfomycin_thiol_transferases|FOSA,420,3347425,3347844,+
Escherichia_coli_B3008,Escherichia_coli_B3008,3376306,3377103,798,MEG_3843|Metals|Mercury_resistance|Mercury_resistance_protein|MERA,MEG_3843|Metals|Mercury_resistance|Mercury_resistance_protein|MERA,1707,3366493,3368199,+
Escherichia_coli_B3008,Escherichia_coli_B3008,3381379,3381520,142,MEG_3914|Multi-compound|Drug_and_biocide_resistance|Drug_and_biocide_RND_efflux_pumps|MEXH,MEG_3914|Multi-compound|Drug_and_biocide_resistance|Drug_and_biocide_RND_efflux_pumps|MEXH,1113,3372475,3373587,+
Escherichia_coli_B3008,Escherichia_coli_B3008,3389950,3390342,393,MEG_1231|Metals|Copper_resistance|Copper_resistance_regulator|BHSA,MEG_1231|Metals|Copper_resistance|Copper_resistance_regulator|BHSA,258,3382017,3382274,+
Escherichia_coli_B3008,Escherichia_coli_B3008,3423256,3424748,1493,MEG_2874|Biocides|Phenolic_compound_resistance|Phenolic_resistance_protein|FABI,MEG_2874|Biocides|Phenolic_compound_resistance|Phenolic_resistance_protein|FABI,771,3415188,3415958,+
Escherichia_coli_B3008,Escherichia_coli_B3008,3457169,3458893,1725,MEG_11429|Metals|Tellurium_resistance|Tellurium_resistance_protein|TERA,MEG_11429|Metals|Tellurium_resistance|Tellurium_resistance_protein|TERA,1152,3448379,3449530,+
Escherichia_coli_B3008,Escherichia_coli_B3008,3538980,3539690,711,MEG_7692|Drugs|MLS|Streptogramin_B_ester_bond_cleavage|VGBA,MEG_7692|Drugs|MLS|Streptogramin_B_ester_bond_cleavage|VGBA,900,3529617,3530516,+
Escherichia_coli_B3008,Escherichia_coli_B3008,3720578,3721606,1029,MEG_7154|Drugs|Tetracyclines|Tetracycline_resistance_ribosomal_protection_proteins|TETO,MEG_7154|Drugs|Tetracyclines|Tetracycline_resistance_ribosomal_protection_proteins|TETO,1920,3711404,3713323,+
Escherichia_coli_B3008,Escherichia_coli_B3008,3774190,3775728,1539,MEG_6017|Drugs|Fluoroquinolones|Quinolone_resistance_protein_Qnr|QNRS,MEG_6017|Drugs|Fluoroquinolones|Quinolone_resistance_protein_Qnr|QNRS,657,3765907,3766563,+
Escherichia_coli_B3008,Escherichia_coli_B3008,3775745,3776917,1173,MEG_3720|Drugs|Lipopeptides|Colistin_phosphoethanolamine_transferase|MCR,MEG_3720|Drugs|Lipopeptides|Colistin_phosphoethanolamine_transferase|MCR,1626,3766580,3768205,+
Escherichia_coli_B3008,Escherichia_coli_B3008,3777044,3777574,531,MEG_1706|Metals|Chromium_resistance|Chromium_resistance_protein|CHRA,MEG_1706|Metals|Chromium_resistance|Chromium_resistance_protein|CHRA,1377,3768332,3769708,+
Escherichia_coli_B3008,Escherichia_coli_B3008,3827235,3827918,684,MEG_9961|Multi-compound|Drug_and_biocide_and_metal_resistance|Drug_and_biocide_and_metal_RND_efflux_regulator|BAER,MEG_9961|Multi-compound|Drug_and_biocide_and_metal_resistance|Drug_and_biocide_and_metal_RND_efflux_regulator|BAER,723,3819369,3820091,+
Escherichia_coli_B3008,Escherichia_coli_B3008,3965156,3965632,477,MEG_6546|Biocides|Peroxide_resistance|peroxide_resistance_protein|SODB,MEG_6546|Biocides|Peroxide_resistance|peroxide_resistance_protein|SODB,582,3957329,3957910,+
Escherichia_coli_B3008,Escherichia_coli_B3008,3986310,3989423,3114,MEG_8037|Drugs|Aminoglycosides|Aminoglycoside_efflux_pumps|CRCB,MEG_8037|Drugs|Aminoglycosides|Aminoglycoside_efflux_pumps|CRCB,414,3978588,3979001,+
Escherichia_coli_B3008,Escherichia_coli_B3008,4031212,4032516,1305,MEG_10070|Drugs|MLS|ABC-F_ATPase_ribosomal_protection_protein|CPLR,MEG_10070|Drugs|MLS|ABC-F_ATPase_ribosomal_protection_protein|CPLR,1653,4020790,4022442,+
Escherichia_coli_B3008,Escherichia_coli_B3008,4062656,4063894,1239,MEG_5880|Drugs|Fluoroquinolones|Quinolone_resistance_protein_Qnr|QNRB,MEG_5880|Drugs|Fluoroquinolones|Quinolone_resistance_protein_Qnr|QNRB,645,4052582,4053226,+
Escherichia_coli_B3008,Escherichia_coli_B3008,4087393,4090986,3594,MEG_3869|Metals|Mercury_resistance|Mercury_resistance_protein|MERF,MEG_3869|Metals|Mercury_resistance|Mercury_resistance_protein|MERF,246,4076725,4076970,+
Escherichia_coli_B3008,Escherichia_coli_B3008,4090991,4091605,615,MEG_3897|Metals|Mercury_resistance|Mercury_resistance_protein|MERT,MEG_3897|Metals|Mercury_resistance|Mercury_resistance_protein|MERT,351,4076975,4077325,+
Escherichia_coli_B3008,Escherichia_coli_B3008,4092021,4094722,2702,MEG_6519|Biocides|Multi-biocide_resistance|Multi-biocide_ABC_efflux_pump|SMDA,MEG_6519|Biocides|Multi-biocide_resistance|Multi-biocide_ABC_efflux_pump|SMDA,1776,4077741,4079516,+
Escherichia_coli_B3008,Escherichia_coli_B3008,4192758,4193726,969,MEG_6507|Metals|Multi-metal_resistance|Multi-metal_RND_efflux_pumps|SILP,MEG_6507|Metals|Multi-metal_resistance|Multi-metal_RND_efflux_pumps|SILP,2475,4177552,4180026,+
Escherichia_coli_B3008,Escherichia_coli_B3008,4248330,4248573,244,MEG_5794|Multi-compound|Drug_and_biocide_resistance|Drug_and_biocide_MATE_efflux_pumps|PMPM,MEG_5794|Multi-compound|Drug_and_biocide_resistance|Drug_and_biocide_MATE_efflux_pumps|PMPM,1434,4234630,4236063,+
Escherichia_coli_B3008,Escherichia_coli_B3008,4248882,4249117,236,MEG_3073|Drugs|Fusidic_acid|Fusidic_acid_esterases|FUSF,MEG_3073|Drugs|Fusidic_acid|Fusidic_acid_esterases|FUSF,645,4236372,4237016,+
Escherichia_coli_B3008,Escherichia_coli_B3008,4252209,4253852,1644,MEG_7294|Biocides|Multi-biocide_resistance|Multi-biocide_RND_efflux_pump|TTGF,MEG_7294|Biocides|Multi-biocide_resistance|Multi-biocide_RND_efflux_pump|TTGF,1239,4240108,4241346,+
Escherichia_coli_B3008,Escherichia_coli_B3008,4279690,4280880,1191,MEG_11236|Drugs|Fluoroquinolones|Quinolone_resistance_protein_Qnr|QNRE,MEG_11236|Drugs|Fluoroquinolones|Quinolone_resistance_protein_Qnr|QNRE,645,4267184,4267828,+
Escherichia_coli_B3008,Escherichia_coli_B3008,4371975,4372313,339,MEG_2973|Drugs|Fosfomycin|Fosfomycin_phosphorylation|FOMA,MEG_2973|Drugs|Fosfomycin|Fosfomycin_phosphorylation|FOMA,801,4358923,4359723,+
Escherichia_coli_B3008,Escherichia_coli_B3008,4372532,4373356,825,MEG_551|Drugs|betalactams|Class_C_betalactamases|ADC,MEG_551|Drugs|betalactams|Class_C_betalactamases|ADC,1155,4359942,4361096,+
Escherichia_coli_B3008,Escherichia_coli_B3008,4373477,4373749,273,MEG_4175|Metals|Nickel_resistance|Nickel_ABC_efflux_regulator|NIKR,MEG_4175|Metals|Nickel_resistance|Nickel_ABC_efflux_regulator|NIKR,121,4361217,4361337,+
Escherichia_coli_B3008,Escherichia_coli_B3008,4392383,4394505,2123,MEG_6598|Drugs|Sulfonamides|Sulfonamide-resistant_dihydropteroate_synthases|SULI,MEG_6598|Drugs|Sulfonamides|Sulfonamide-resistant_dihydropteroate_synthases|SULI,840,4379971,4380810,+
Escherichia_coli_B3008,Escherichia_coli_B3008,4395918,4403365,7448,MEG_6540|Biocides|Peroxide_resistance|peroxide_resistance_protein|SODA,MEG_6540|Biocides|Peroxide_resistance|peroxide_resistance_protein|SODA,621,4382223,4382843,+
Escherichia_coli_B3008,Escherichia_coli_B3008,4415880,4417732,1853,MEG_2049|Metals|Copper_resistance|Copper_resistance_protein|COPC,MEG_2049|Metals|Copper_resistance|Copper_resistance_protein|COPC,384,4395358,4395741,+
Escherichia_coli_B3008,Escherichia_coli_B3008,4460035,4461201,1167,MEG_3729|Drugs|Lipopeptides|Colistin_phosphoethanolamine_transferase|MCR,MEG_3729|Drugs|Lipopeptides|Colistin_phosphoethanolamine_transferase|MCR,1626,4438044,4439669,+
Escherichia_coli_B3008,Escherichia_coli_B3008,4512960,4514365,1406,MEG_6618|Drugs|Sulfonamides|Sulfonamide-resistant_dihydropteroate_synthases|SULII,MEG_6618|Drugs|Sulfonamides|Sulfonamide-resistant_dihydropteroate_synthases|SULII,816,4491428,4492243,+
Escherichia_coli_B3008,Escherichia_coli_B3008,4539420,4540070,651,MEG_2986|Drugs|Fosfomycin|Fosfomycin_thiol_transferases|FOSA,MEG_2986|Drugs|Fosfomycin|Fosfomycin_thiol_transferases|FOSA,417,4517298,4517714,+
Escherichia_coli_B3008,Escherichia_coli_B3008,4546739,4546852,114,MEG_3893|Metals|Mercury_resistance|Mercury_resistance_protein|MERT,MEG_3893|Metals|Mercury_resistance|Mercury_resistance_protein|MERT,351,4524383,4524733,+
Escherichia_coli_B3008,Escherichia_coli_B3008,4556181,4556408,228,MEG_2556|Drugs|Trimethoprim|Dihydrofolate_reductase|DFRA,MEG_2556|Drugs|Trimethoprim|Dihydrofolate_reductase|DFRA,534,4534062,4534595,+
Escherichia_coli_B3008,Escherichia_coli_B3008,4620924,4621670,747,MEG_2994|Drugs|Fosfomycin|Fosfomycin_thiol_transferases|FOSA,MEG_2994|Drugs|Fosfomycin|Fosfomycin_thiol_transferases|FOSA,426,4599111,4599536,+
Escherichia_coli_B3008,Escherichia_coli_B3008,4636500,4637528,1029,MEG_1575|Drugs|Phenicol|Chloramphenicol_acetyltransferases|CATA,MEG_1575|Drugs|Phenicol|Chloramphenicol_acetyltransferases|CATA,648,4614366,4615013,+
Escherichia_coli_B3008,Escherichia_coli_B3008,4637607,4638539,933,MEG_6958|Metals|Tellurium_resistance|Tellurium_resistance_protein|TERD,MEG_6958|Metals|Tellurium_resistance|Tellurium_resistance_protein|TERD,579,4615092,4615670,+
Escherichia_coli_B3008,Escherichia_coli_B3008,4673934,4674500,567,MEG_3749|Multi-compound|Drug_and_biocide_and_metal_resistance|Drug_and_biocide_and_metal_RND_efflux_pumps|MDTC,MEG_3749|Multi-compound|Drug_and_biocide_and_metal_resistance|Drug_and_biocide_and_metal_RND_efflux_pumps|MDTC,3078,4651065,4654142,+
Escherichia_coli_B766,E.coli.B766.final.genome,47522,48655,1134,MEG_10047|Drugs|Lipopeptides|Polymyxin_resistant_glycyltransferase|ALME,MEG_10047|Drugs|Lipopeptides|Polymyxin_resistant_glycyltransferase|ALME,1671,47522,49192,+
Escherichia_coli_B766,E.coli.B766.final.genome,49274,49740,467,MEG_405|Multi-compound|Drug_and_biocide_and_metal_resistance|Drug_and_biocide_and_metal_RND_efflux_pumps|ACRD,MEG_405|Multi-compound|Drug_and_biocide_and_metal_resistance|Drug_and_biocide_and_metal_RND_efflux_pumps|ACRD,3117,49811,52927,+
Escherichia_coli_B766,E.coli.B766.final.genome,60952,61290,339,MEG_3287|Biocides|Peroxide_resistance|Peroxide_resistance_stress_protein|IBPA,MEG_3287|Biocides|Peroxide_resistance|Peroxide_resistance_stress_protein|IBPA,414,64139,64552,+
Escherichia_coli_B766,E.coli.B766.final.genome,90720,92363,1644,MEG_1487|Metals|Cadmium_resistance|Cadmium_resistance_regulator|CADR,MEG_1487|Metals|Cadmium_resistance|Cadmium_resistance_regulator|CADR,444,93982,94425,+
Escherichia_coli_B766,E.coli.B766.final.genome,115019,119564,4546,MEG_6522|Multi-compound|Drug_and_biocide_resistance|Drug_and_biocide_RND_efflux_pumps|SME,MEG_6522|Multi-compound|Drug_and_biocide_resistance|Drug_and_biocide_RND_efflux_pumps|SME,3123,117081,120203,+
Escherichia_coli_B766,E.coli.B766.final.genome,133595,135244,1650,MEG_7952|Drugs|betalactams|Class_C_betalactamases|ADC,MEG_7952|Drugs|betalactams|Class_C_betalactamases|ADC,1152,134234,135385,+
Escherichia_coli_B766,E.coli.B766.final.genome,140563,141027,465,MEG_7828|Metals|Copper_resistance|Copper_resistance_protein|YFMO,MEG_7828|Metals|Copper_resistance|Copper_resistance_protein|YFMO,1191,140704,141894,+
Escherichia_coli_B766,E.coli.B766.final.genome,141113,141436,324,MEG_10802|Drugs|betalactams|Class_A_betalactamases|LEN,MEG_10802|Drugs|betalactams|Class_A_betalactamases|LEN,861,141980,142840,+
Escherichia_coli_B766,E.coli.B766.final.genome,158530,159045,516,MEG_3747|Multi-compound|Drug_and_biocide_and_metal_resistance|Drug_and_biocide_and_metal_RND_efflux_pumps|MDTB,MEG_3747|Multi-compound|Drug_and_biocide_and_metal_resistance|Drug_and_biocide_and_metal_RND_efflux_pumps|MDTB,3123,159934,163056,+
Escherichia_coli_B766,E.coli.B766.final.genome,197937,198761,825,MEG_11304|Drugs|Trimethoprim|Dihydrofolate_reductase|DFRA,MEG_11304|Drugs|Trimethoprim|Dihydrofolate_reductase|DFRA,495,201948,202442,+
Escherichia_coli_B766,E.coli.B766.final.genome,215908,218030,2123,MEG_2997|Drugs|Fosfomycin|Fosfomycin_thiol_transferases|FOSA,MEG_2997|Drugs|Fosfomycin|Fosfomycin_thiol_transferases|FOSA,576,219589,220164,+
Escherichia_coli_B766,E.coli.B766.final.genome,218315,218606,292,MEG_2024|Metals|Copper_resistance|Copper_resistance_protein|COPA,MEG_2024|Metals|Copper_resistance|Copper_resistance_protein|COPA,213,220449,220661,+
Escherichia_coli_B766,E.coli.B766.final.genome,314203,315048,846,MEG_3134|Multi-compound|Drug_and_biocide_and_metal_resistance|Drug_and_biocide_and_metal_RND_efflux_pumps|GESC,MEG_3134|Multi-compound|Drug_and_biocide_and_metal_resistance|Drug_and_biocide_and_metal_RND_efflux_pumps|GESC,1512,316258,317769,+
Escherichia_coli_B766,E.coli.B766.final.genome,324923,325825,903,MEG_2013|Metals|Multi-metal_resistance|Multi-metal_resistance_regulator|CNRR,MEG_2013|Metals|Multi-metal_resistance|Multi-metal_resistance_regulator|CNRR,447,327644,328090,+
Escherichia_coli_B766,E.coli.B766.final.genome,359306,361374,2069,MEG_3077|Biocides|Acid_resistance|Acid_resistance_protein|GADA,MEG_3077|Biocides|Acid_resistance|Acid_resistance_protein|GADA,852,361571,362422,+
Escherichia_coli_B766,E.coli.B766.final.genome,363879,364166,288,MEG_10935|Drugs|betalactams|Class_A_betalactamases|KPC,MEG_10935|Drugs|betalactams|Class_A_betalactamases|KPC,882,364927,365808,+
Escherichia_coli_B766,E.coli.B766.final.genome,422259,422884,626,MEG_11365|Metals|Arsenic_resistance|Arsenic_resistance_N-acetyltransferases|ARSN2,MEG_11365|Metals|Arsenic_resistance|Arsenic_resistance_N-acetyltransferases|ARSN2,429,423901,424329,+
Escherichia_coli_B766,E.coli.B766.final.genome,463499,463635,137,MEG_1775|Drugs|Phenicol|Phenicol_resistance_MFS_efflux_pumps|CMLB,MEG_1775|Drugs|Phenicol|Phenicol_resistance_MFS_efflux_pumps|CMLB,1266,464944,466209,+
Escherichia_coli_B766,E.coli.B766.final.genome,465210,466160,951,MEG_2563|Drugs|Trimethoprim|Dihydrofolate_reductase|DFRB,MEG_2563|Drugs|Trimethoprim|Dihydrofolate_reductase|DFRB,237,467784,468020,+
Escherichia_coli_B766,E.coli.B766.final.genome,556729,557769,1041,MEG_6637|Drugs|Sulfonamides|Sulfonamide-resistant_dihydropteroate_synthases|SULII,MEG_6637|Drugs|Sulfonamides|Sulfonamide-resistant_dihydropteroate_synthases|SULII,816,558589,559404,+
Escherichia_coli_B766,E.coli.B766.final.genome,557856,559703,1848,MEG_1153|Metals|Multi-metal_resistance|Multi-metal_resistance_protein|ARSBM,MEG_1153|Metals|Multi-metal_resistance|Multi-metal_resistance_protein|ARSBM,1290,559491,560780,+
Escherichia_coli_B766,E.coli.B766.final.genome,559796,560569,774,MEG_11384|Drugs|Lipopeptides|Daptomycin_ABC_efflux_transporter_protein|DRCA,MEG_11384|Drugs|Lipopeptides|Daptomycin_ABC_efflux_transporter_protein|DRCA,768,560873,561640,+
Escherichia_coli_B766,E.coli.B766.final.genome,572951,573517,567,MEG_3014|Drugs|Fosfomycin|Fosfomycin_thiol_transferases|FOSB,MEG_3014|Drugs|Fosfomycin|Fosfomycin_thiol_transferases|FOSB,420,574022,574441,+
Escherichia_coli_B766,E.coli.B766.final.genome,600747,601160,414,MEG_3866|Metals|Mercury_resistance|Mercury_resistance_protein|MERE,MEG_3866|Metals|Mercury_resistance|Mercury_resistance_protein|MERE,237,601671,601907,+
Escherichia_coli_B766,E.coli.B766.final.genome,601266,601700,435,MEG_1702|Multi-compound|Biocide_and_metal_resistance|Biocide_and_metal_resistance_protein|CHR,MEG_1702|Multi-compound|Biocide_and_metal_resistance|Biocide_and_metal_resistance_protein|CHR,609,602013,602621,+
Escherichia_coli_B766,E.coli.B766.final.genome,613066,614256,1191,MEG_1196|Drugs|Bacitracin|Undecaprenyl_pyrophosphate_phosphatase|BAHA,MEG_1196|Drugs|Bacitracin|Undecaprenyl_pyrophosphate_phosphatase|BAHA,2259,613987,616245,+
Escherichia_coli_B766,E.coli.B766.final.genome,834145,835545,1401,MEG_6544|Biocides|Peroxide_resistance|peroxide_resistance_protein|SODB,MEG_6544|Biocides|Peroxide_resistance|peroxide_resistance_protein|SODB,579,836134,836712,+
Escherichia_coli_B766,E.coli.B766.final.genome,835915,836739,825,MEG_2794|Drugs|MLS|23S_rRNA_methyltransferases|ERMB,MEG_2794|Drugs|MLS|23S_rRNA_methyltransferases|ERMB,738,837082,837819,+
Escherichia_coli_B766,E.coli.B766.final.genome,837107,837835,729,MEG_4383|Drugs|Tetracyclines|Tetracycline_resistance_ABC_efflux_pumps|OTRC,MEG_4383|Drugs|Tetracyclines|Tetracycline_resistance_ABC_efflux_pumps|OTRC,1056,838187,839242,+
Escherichia_coli_B766,E.coli.B766.final.genome,838198,841311,3114,MEG_3861|Metals|Mercury_resistance|Mercury_resistance_regulator|MERD,MEG_3861|Metals|Mercury_resistance|Mercury_resistance_regulator|MERD,366,839605,839970,+
Escherichia_coli_B766,E.coli.B766.final.genome,841336,842493,1158,MEG_7101|Drugs|Tetracyclines|Tetracycline_resistance_MFS_efflux_pumps|TETL,MEG_7101|Drugs|Tetracyclines|Tetracycline_resistance_MFS_efflux_pumps|TETL,1377,839995,841371,+
Escherichia_coli_B766,E.coli.B766.final.genome,842832,843359,528,MEG_1466|Biocides|Polyamine_resistance|Spermine/spermidine_acetyltransferase|BLTD,MEG_1466|Biocides|Polyamine_resistance|Spermine/spermidine_acetyltransferase|BLTD,459,841710,842168,+
Escherichia_coli_B766,E.coli.B766.final.genome,844985,845317,333,MEG_262|Drugs|Aminoglycosides|Aminoglycoside_N-acetyltransferases|AAC6-PRIME,MEG_262|Drugs|Aminoglycosides|Aminoglycoside_N-acetyltransferases|AAC6-PRIME,462,843794,844255,+
Escherichia_coli_B766,E.coli.B766.final.genome,845421,845759,339,MEG_1060|Drugs|Aminoglycosides|Aminoglycoside_O-phosphotransferases|APH3-PRIME,MEG_1060|Drugs|Aminoglycosides|Aminoglycoside_O-phosphotransferases|APH3-PRIME,801,844359,845159,+
Escherichia_coli_B766,E.coli.B766.final.genome,851367,851787,421,MEG_3815|Drugs|MLS|MLS_resistance_MFS_efflux_pumps|MEFA,MEG_3815|Drugs|MLS|MLS_resistance_MFS_efflux_pumps|MEFA,1218,850767,851984,+
Escherichia_coli_B766,E.coli.B766.final.genome,851800,853089,1290,MEG_6624|Drugs|Sulfonamides|Sulfonamide-resistant_dihydropteroate_synthases|SULII,MEG_6624|Drugs|Sulfonamides|Sulfonamide-resistant_dihydropteroate_synthases|SULII,816,851997,852812,+
Escherichia_coli_B766,E.coli.B766.final.genome,853143,853496,354,MEG_11313|Drugs|Fosfomycin|Fosfomycin_thiol_transferases|FOSX,MEG_11313|Drugs|Fosfomycin|Fosfomycin_thiol_transferases|FOSX,411,852866,853276,+
Escherichia_coli_B766,E.coli.B766.final.genome,862711,864210,1500,MEG_1465|Biocides|Polyamine_resistance|Spermine/spermidine_acetyltransferase|BLTD,MEG_1465|Biocides|Polyamine_resistance|Spermine/spermidine_acetyltransferase|BLTD,459,862491,862949,+
Escherichia_coli_B766,E.coli.B766.final.genome,876968,877369,402,MEG_8700|Multi-compound|Biocide_and_metal_resistance|Biocide_and_metal_ABC_efflux_pumps|SITABCD,MEG_8700|Multi-compound|Biocide_and_metal_resistance|Biocide_and_metal_ABC_efflux_pumps|SITABCD,3459,875707,879165,+
Escherichia_coli_B766,E.coli.B766.final.genome,877375,882290,4916,MEG_2038|Metals|Copper_resistance|Copper_resistance_protein|COPB,MEG_2038|Metals|Copper_resistance|Copper_resistance_protein|COPB,981,879171,880151,+
Escherichia_coli_B766,E.coli.B766.final.genome,887308,889506,2199,MEG_1020|Drugs|Aminoglycosides|Aminoglycoside_O-phosphotransferases|APH3-DPRIME,MEG_1020|Drugs|Aminoglycosides|Aminoglycoside_O-phosphotransferases|APH3-DPRIME,795,885169,885963,+
Escherichia_coli_B766,E.coli.B766.final.genome,1012888,1013520,633,MEG_3600|Drugs|MLS|Lincosamide_nucleotidyltransferases|LNUA,MEG_3600|Drugs|MLS|Lincosamide_nucleotidyltransferases|LNUA,486,1009345,1009830,+
Escherichia_coli_B766,E.coli.B766.final.genome,1045404,1045829,426,MEG_5776|Drugs|Lipopeptides|Lipid_A_phosphatase|PGBB,MEG_5776|Drugs|Lipopeptides|Lipid_A_phosphatase|PGBB,711,1041714,1042424,+
Escherichia_coli_B766,E.coli.B766.final.genome,1066401,1069505,3105,MEG_2701|Biocides|Acid_resistance|Acid_resistance_protein|EEFA,MEG_2701|Biocides|Acid_resistance|Acid_resistance_protein|EEFA,1125,1062996,1064120,+
Escherichia_coli_B766,E.coli.B766.final.genome,1069517,1070674,1158,MEG_6158|Drugs|Nucleosides|Streptothricin_acetyltransferase|SAT,MEG_6158|Drugs|Nucleosides|Streptothricin_acetyltransferase|SAT,555,1064132,1064686,+
Escherichia_coli_B766,E.coli.B766.final.genome,1071073,1071735,663,MEG_2053|Metals|Copper_resistance|Copper_resistance_protein|COPD,MEG_2053|Metals|Copper_resistance|Copper_resistance_protein|COPD,933,1065085,1066017,+
Escherichia_coli_B766,E.coli.B766.final.genome,1098737,1099051,315,MEG_1765|Drugs|Phenicol|Phenicol_resistance_MFS_efflux_pumps|CMLA,MEG_1765|Drugs|Phenicol|Phenicol_resistance_MFS_efflux_pumps|CMLA,1173,1093019,1094191,+
Escherichia_coli_B766,E.coli.B766.final.genome,1268296,1269060,765,MEG_1747|Multi-compound|Drug_and_biocide_and_metal_resistance|Drug_and_biocide_and_metal_RND_efflux_regulator|CMER,MEG_1747|Multi-compound|Drug_and_biocide_and_metal_resistance|Drug_and_biocide_and_metal_RND_efflux_regulator|CMER,633,1263436,1264068,+
Escherichia_coli_B766,E.coli.B766.final.genome,1280655,1281474,820,MEG_6959|Metals|Tellurium_resistance|Tellurium_resistance_protein|TERE,MEG_6959|Metals|Tellurium_resistance|Tellurium_resistance_protein|TERE,576,1275663,1276238,+
Escherichia_coli_B766,E.coli.B766.final.genome,1300107,1300904,798,MEG_2771|Drugs|MLS|23S_rRNA_methyltransferases|ERM,MEG_2771|Drugs|MLS|23S_rRNA_methyltransferases|ERM,732,1294871,1295602,+
Escherichia_coli_B766,E.coli.B766.final.genome,1305180,1305321,142,MEG_7846|Metals|Zinc_resistance|Zinc_resistance_protein|ZEVB,MEG_7846|Metals|Zinc_resistance|Zinc_resistance_protein|ZEVB,969,1299878,1300846,+
Escherichia_coli_B766,E.coli.B766.final.genome,1313754,1314146,393,MEG_11500|Drugs|Metronidazole|nim_nitroimidazole_reductase|NIMH,MEG_11500|Drugs|Metronidazole|nim_nitroimidazole_reductase|NIMH,495,1309279,1309773,+
Escherichia_coli_B766,E.coli.B766.final.genome,1344830,1346322,1493,MEG_6086|Drugs|Rifampin|Rifampin_phosphotransferase|RPH,MEG_6086|Drugs|Rifampin|Rifampin_phosphotransferase|RPH,2607,1340457,1343063,+
Escherichia_coli_B766,E.coli.B766.final.genome,1461811,1462521,711,MEG_4310|Drugs|Multi-drug_resistance|Multi-drug_ABC_efflux_pumps|OPTRA,MEG_4310|Drugs|Multi-drug_resistance|Multi-drug_ABC_efflux_pumps|OPTRA,1968,1458552,1460519,+
Escherichia_coli_B766,E.coli.B766.final.genome,1687547,1688575,1029,MEG_731|Multi-compound|Drug_and_biocide_resistance|Drug_and_biocide_RND_efflux_pumps|AMRA,MEG_731|Multi-compound|Drug_and_biocide_resistance|Drug_and_biocide_RND_efflux_pumps|AMRA,1200,1685545,1686744,+
Escherichia_coli_B766,E.coli.B766.final.genome,1754313,1755851,1539,MEG_5224|Drugs|betalactams|Class_D_betalactamases|OXA,MEG_5224|Drugs|betalactams|Class_D_betalactamases|OXA,828,1752482,1753309,+
Escherichia_coli_B766,E.coli.B766.final.genome,1755868,1757040,1173,MEG_8552|Drugs|betalactams|Class_C_betalactamases|PDC,MEG_8552|Drugs|betalactams|Class_C_betalactamases|PDC,1194,1753326,1754519,+
Escherichia_coli_B766,E.coli.B766.final.genome,1757167,1757697,531,MEG_7848|Metals|Zinc_resistance|Zinc_resistance_regulator|ZIAR,MEG_7848|Metals|Zinc_resistance|Zinc_resistance_regulator|ZIAR,399,1754646,1755044,+
Escherichia_coli_B766,E.coli.B766.final.genome,1801410,1802093,684,MEG_4129|Metals|Multi-metal_resistance|Multi-metal_resistance_protein|NCZA,MEG_4129|Metals|Multi-metal_resistance|Multi-metal_resistance_protein|NCZA,3174,1798757,1801930,+
Escherichia_coli_B766,E.coli.B766.final.genome,1938806,1939282,477,MEG_3717|Drugs|Lipopeptides|Colistin_phosphoethanolamine_transferase|MCR,MEG_3717|Drugs|Lipopeptides|Colistin_phosphoethanolamine_transferase|MCR,1626,1938643,1940268,+
Escherichia_coli_B766,E.coli.B766.final.genome,1960739,1963852,3114,MEG_5813|Metals|Arsenic_resistance|Arsenic_resistance_protein|PSTA,MEG_5813|Metals|Arsenic_resistance|Arsenic_resistance_protein|PSTA,891,1961725,1962615,+
Escherichia_coli_B766,E.coli.B766.final.genome,1994970,1996274,1305,MEG_2565|Drugs|Trimethoprim|Dihydrofolate_reductase|DFRB,MEG_2565|Drugs|Trimethoprim|Dihydrofolate_reductase|DFRB,237,1993733,1993969,+
Escherichia_coli_B766,E.coli.B766.final.genome,2025234,2026472,1239,MEG_4344|Multi-compound|Drug_and_biocide_resistance|Drug_and_biocide_RND_efflux_pumps|OQXB,MEG_4344|Multi-compound|Drug_and_biocide_resistance|Drug_and_biocide_RND_efflux_pumps|OQXB,3153,2022929,2026081,+
Escherichia_coli_B766,E.coli.B766.final.genome,2043314,2044552,1239,MEG_6052|Metals|Chromium_resistance|Chromium_resistance_protein|RECG,MEG_6052|Metals|Chromium_resistance|Chromium_resistance_protein|RECG,472,2042923,2043394,+
Escherichia_coli_B766,E.coli.B766.final.genome,2068051,2071644,3594,MEG_7803|Biocides|Multi-biocide_resistance|Multi-biocide_MATE_efflux_pump|VMRA,MEG_7803|Biocides|Multi-biocide_resistance|Multi-biocide_MATE_efflux_pump|VMRA,1344,2066893,2068236,+
Escherichia_coli_B766,E.coli.B766.final.genome,2071649,2072263,615,MEG_8656|Drugs|Fluoroquinolones|Quinolone_resistance_protein_Qnr|QNRB,MEG_8656|Drugs|Fluoroquinolones|Quinolone_resistance_protein_Qnr|QNRB,645,2068241,2068885,+
Escherichia_coli_B766,E.coli.B766.final.genome,2072679,2075380,2702,MEG_134|Drugs|Aminoglycosides|Aminoglycoside_N-acetyltransferases|AAC6-PRIME,MEG_134|Drugs|Aminoglycosides|Aminoglycoside_N-acetyltransferases|AAC6-PRIME,474,2069301,2069774,+
Escherichia_coli_B766,E.coli.B766.final.genome,2216368,2217336,969,MEG_2046|Metals|Copper_resistance|Copper_resistance_protein|COPC,MEG_2046|Metals|Copper_resistance|Copper_resistance_protein|COPC,375,2210762,2211136,+
Escherichia_coli_B766,E.coli.B766.final.genome,2260557,2260800,244,MEG_1707|Metals|Chromium_resistance|Chromium_resistance_protein|CHRA,MEG_1707|Metals|Chromium_resistance|Chromium_resistance_protein|CHRA,1206,2254357,2255562,+
Escherichia_coli_B766,E.coli.B766.final.genome,2261085,2261320,236,MEG_3022|Drugs|Fosfomycin|Fosfomycin_thiol_transferases|FOSG,MEG_3022|Drugs|Fosfomycin|Fosfomycin_thiol_transferases|FOSG,399,2255847,2256245,+
Escherichia_coli_B766,E.coli.B766.final.genome,2264412,2266055,1644,MEG_4200|Metals|Nickel_resistance|Nickel_resistance_protein|NIXA,MEG_4200|Metals|Nickel_resistance|Nickel_resistance_protein|NIXA,927,2259337,2260263,+
Escherichia_coli_B766,E.coli.B766.final.genome,2291328,2292518,1191,MEG_4192|Drugs|Metronidazole|nim_nitroimidazole_reductase|NIMI,MEG_4192|Drugs|Metronidazole|nim_nitroimidazole_reductase|NIMI,463,2285536,2285998,+
Escherichia_coli_B766,E.coli.B766.final.genome,2384587,2384925,339,MEG_1483|Metals|Multi-metal_resistance|Multi-metal_resistance_protein|CADA,MEG_1483|Metals|Multi-metal_resistance|Multi-metal_resistance_protein|CADA,2061,2378067,2380127,+
Escherichia_coli_B766,E.coli.B766.final.genome,2385144,2385968,825,MEG_1571|Drugs|Phenicol|Chloramphenicol_acetyltransferases|CATA,MEG_1571|Drugs|Phenicol|Chloramphenicol_acetyltransferases|CATA,648,2380346,2380993,+
Escherichia_coli_B766,E.coli.B766.final.genome,2386089,2386361,273,MEG_3857|Metals|Mercury_resistance|Mercury_resistance_protein|MERC,MEG_3857|Metals|Mercury_resistance|Mercury_resistance_protein|MERC,423,2381114,2381536,+
Escherichia_coli_B766,E.coli.B766.final.genome,2436762,2438884,2123,MEG_6011|Drugs|Fluoroquinolones|Quinolone_resistance_protein_Qnr|QNRC,MEG_6011|Drugs|Fluoroquinolones|Quinolone_resistance_protein_Qnr|QNRC,666,2431937,2432602,+
Escherichia_coli_B766,E.coli.B766.final.genome,2440297,2447744,7448,MEG_2998|Drugs|Fosfomycin|Fosfomycin_thiol_transferases|FOSA,MEG_2998|Drugs|Fosfomycin|Fosfomycin_thiol_transferases|FOSA,420,2434015,2434434,+
Escherichia_coli_B766,E.coli.B766.final.genome,2460412,2462265,1854,MEG_1568|Drugs|Phenicol|Chloramphenicol_acetyltransferases|CATA,MEG_1568|Drugs|Phenicol|Chloramphenicol_acetyltransferases|CATA,642,2447102,2447743,+
Escherichia_coli_B766,E.coli.B766.final.genome,2502264,2503430,1167,MEG_8806|Drugs|Lipopeptides|Colistin_phosphoethanolamine_transferase|MCR,MEG_8806|Drugs|Lipopeptides|Colistin_phosphoethanolamine_transferase|MCR,1617,2487742,2489358,+
Escherichia_coli_B766,E.coli.B766.final.genome,2529405,2530810,1406,MEG_10150|Drugs|Glycopeptides|Vancomycin-resistant_mutation|VRAF,MEG_10150|Drugs|Glycopeptides|Vancomycin-resistant_mutation|VRAF,762,2515333,2516094,+
Escherichia_coli_B766,E.coli.B766.final.genome,2547042,2547692,651,MEG_4212|Multi-compound|Drug_and_biocide_resistance|Drug_and_biocide_MATE_efflux_pumps|NORM,MEG_4212|Multi-compound|Drug_and_biocide_resistance|Drug_and_biocide_MATE_efflux_pumps|NORM,1389,2532326,2533714,+
Escherichia_coli_B766,E.coli.B766.final.genome,2563786,2564013,228,MEG_398|Metals|Arsenic_resistance|Arsenic_resistance_membrane_transporter|ACR3,MEG_398|Metals|Arsenic_resistance|Arsenic_resistance_membrane_transporter|ACR3,1044,2549808,2550851,+
Escherichia_coli_B766,E.coli.B766.final.genome,2576634,2576966,333,MEG_1122|Drugs|Cationic_antimicrobial_peptides|Polymyxin_B_resistance_regulator|ARNA,MEG_1122|Drugs|Cationic_antimicrobial_peptides|Polymyxin_B_resistance_regulator|ARNA,1989,2563472,2565460,+
Escherichia_coli_B766,E.coli.B766.final.genome,2631796,2632542,747,MEG_2536|Drugs|Trimethoprim|Dihydrofolate_reductase|DFRA,MEG_2536|Drugs|Trimethoprim|Dihydrofolate_reductase|DFRA,474,2620290,2620763,+
Escherichia_coli_B766,E.coli.B766.final.genome,2648652,2649680,1029,MEG_7345|Drugs|Glycopeptides|VanB-type_resistance_protein|VANB,MEG_7345|Drugs|Glycopeptides|VanB-type_resistance_protein|VANB,1029,2636873,2637901,+
Escherichia_coli_B766,E.coli.B766.final.genome,2649759,2650691,933,MEG_4061|Drugs|Multi-drug_resistance|Multi-drug_ABC_efflux_pumps|MSBA,MEG_4061|Drugs|Multi-drug_resistance|Multi-drug_ABC_efflux_pumps|MSBA,1749,2637980,2639728,+
Escherichia_coli_B766,E.coli.B766.final.genome,2686087,2686653,567,MEG_3849|Metals|Mercury_resistance|Mercury_resistance_protein|MERB,MEG_3849|Metals|Mercury_resistance|Mercury_resistance_protein|MERB,660,2675124,2675783,+
Escherichia_coli_B766,E.coli.B766.final.genome,2856975,2858348,1374,MEG_10008|Drugs|Rifampin|Rifampin-resistant_beta-subunit_of_RNA_polymerase_RpoB|RPOB,MEG_10008|Drugs|Rifampin|Rifampin-resistant_beta-subunit_of_RNA_polymerase_RpoB|RPOB,4029,2846105,2850133,+
Escherichia_coli_B766,E.coli.B766.final.genome,2865919,2866500,582,MEG_7539|Drugs|Glycopeptides|VanB-type_accessory_protein|VANWB,MEG_7539|Drugs|Glycopeptides|VanB-type_accessory_protein|VANWB,828,2857704,2858531,+
Escherichia_coli_B766,E.coli.B766.final.genome,2928384,2929065,682,MEG_6054|Drugs|Rifampin|Rifampin_glycosyltransferase|RGT,MEG_6054|Drugs|Rifampin|Rifampin_glycosyltransferase|RGT,1236,2920415,2921650,+
Escherichia_coli_B766,E.coli.B766.final.genome,2930201,2930536,336,MEG_1145|Metals|Arsenic_resistance|Arsenic_resistance_protein|ARSB,MEG_1145|Metals|Arsenic_resistance|Arsenic_resistance_protein|ARSB,1290,2922786,2924075,+
Escherichia_coli_B766,E.coli.B766.final.genome,3004734,3005126,393,MEG_11320|Metals|Multi-metal_resistance|Multi-metal_resistance_protein|ARSA,MEG_11320|Metals|Multi-metal_resistance|Multi-metal_resistance_protein|ARSA,1743,2998273,3000015,+
Escherichia_coli_B766,E.coli.B766.final.genome,3015522,3015911,390,MEG_3291|Biocides|Acetate_resistance|Acetate_resistance_protein|ICLR,MEG_3291|Biocides|Acetate_resistance|Acetate_resistance_protein|ICLR,864,3010411,3011274,+
Escherichia_coli_B766,E.coli.B766.final.genome,3015925,3016359,435,MEG_6597|Drugs|Sulfonamides|Sulfonamide-resistant_dihydropteroate_synthases|SULI,MEG_6597|Drugs|Sulfonamides|Sulfonamide-resistant_dihydropteroate_synthases|SULI,840,3011288,3012127,+
Escherichia_coli_B766,E.coli.B766.final.genome,3052754,3055033,2280,MEG_3731|Drugs|Lipopeptides|Colistin_phosphoethanolamine_transferase|MCR,MEG_3731|Drugs|Lipopeptides|Colistin_phosphoethanolamine_transferase|MCR,1620,3048522,3050141,+
Escherichia_coli_B766,E.coli.B766.final.genome,3055553,3056314,762,MEG_6164|Drugs|Nucleosides|Streptothricin_acetyltransferase|SAT,MEG_6164|Drugs|Nucleosides|Streptothricin_acetyltransferase|SAT,522,3050661,3051182,+
Escherichia_coli_B766,E.coli.B766.final.genome,3067195,3068595,1401,MEG_4128|Metals|Nickel_resistance|Nickel_MFS_efflux_regulator|NCRYN,MEG_4128|Metals|Nickel_resistance|Nickel_MFS_efflux_regulator|NCRYN,423,3062063,3062485,+
Escherichia_coli_B766,E.coli.B766.final.genome,3068751,3070286,1536,MEG_2670|Drugs|Multi-drug_resistance|Multi-drug_ABC_efflux_pumps|DRRA,MEG_2670|Drugs|Multi-drug_resistance|Multi-drug_ABC_efflux_pumps|DRRA,882,3062641,3063522,+
Escherichia_coli_B766,E.coli.B766.final.genome,3144510,3146092,1583,MEG_3078|Biocides|Acid_resistance|Acid_resistance_protein|GADB,MEG_3078|Biocides|Acid_resistance|Acid_resistance_protein|GADB,1401,3137746,3139146,+
Escherichia_coli_B766,E.coli.B766.final.genome,3313253,3314041,789,MEG_4172|Metals|Nickel_resistance|Nickel_ABC_efflux_pumps|NIKD,MEG_4172|Metals|Nickel_resistance|Nickel_ABC_efflux_pumps|NIKD,762,3306307,3307068,+
Escherichia_coli_B766,E.coli.B766.final.genome,3367135,3367548,414,MEG_7469|Drugs|Glycopeptides|VanB-type_regulator|VANRB,MEG_7469|Drugs|Glycopeptides|VanB-type_regulator|VANRB,663,3360162,3360824,+
Escherichia_coli_B766,E.coli.B766.final.genome,3387677,3388777,1101,MEG_5802|Multi-compound|Drug_and_metal_resistance|Drug_and_metal_MFS_efflux_pumps|PMRG,MEG_5802|Multi-compound|Drug_and_metal_resistance|Drug_and_metal_MFS_efflux_pumps|PMRG,606,3380953,3381558,+
Escherichia_coli_B766,E.coli.B766.final.genome,3393031,3394131,1101,MEG_2544|Drugs|Trimethoprim|Dihydrofolate_reductase|DFRA,MEG_2544|Drugs|Trimethoprim|Dihydrofolate_reductase|DFRA,555,3385812,3386366,+
Escherichia_coli_B766,E.coli.B766.final.genome,3405813,3406091,279,MEG_6587|Drugs|Sulfonamides|Sulfonamide-resistant_dihydropteroate_synthases|SULI,MEG_6587|Drugs|Sulfonamides|Sulfonamide-resistant_dihydropteroate_synthases|SULI,840,3398048,3398887,+
Escherichia_coli_B766,E.coli.B766.final.genome,3430255,3431796,1542,MEG_6516|Multi-compound|Biocide_and_metal_resistance|Biocide_and_metal_ABC_efflux_pumps|SITD,MEG_6516|Multi-compound|Biocide_and_metal_resistance|Biocide_and_metal_ABC_efflux_pumps|SITD,849,3423051,3423899,+
Escherichia_coli_B766,E.coli.B766.final.genome,3431936,3432472,537,MEG_237|Drugs|Aminoglycosides|Aminoglycoside_N-acetyltransferases|AAC6-PRIME,MEG_237|Drugs|Aminoglycosides|Aminoglycoside_N-acetyltransferases|AAC6-PRIME,555,3424039,3424593,+
Escherichia_coli_B766,E.coli.B766.final.genome,3448353,3448619,267,MEG_706|Multi-compound|Drug_and_biocide_resistance|Drug_and_biocide_RND_efflux_pumps|ADET2,MEG_706|Multi-compound|Drug_and_biocide_resistance|Drug_and_biocide_RND_efflux_pumps|ADET2,717,3440474,3441190,+
Escherichia_coli_B766,E.coli.B766.final.genome,3480551,3480808,258,MEG_11302|Drugs|Trimethoprim|Dihydrofolate_reductase|DFRA,MEG_11302|Drugs|Trimethoprim|Dihydrofolate_reductase|DFRA,504,3473122,3473625,+
Escherichia_coli_B766,E.coli.B766.final.genome,3481049,3481681,633,MEG_7628|Drugs|MLS|Streptogramin_A_O-acetyltransferase|VATE,MEG_7628|Drugs|MLS|Streptogramin_A_O-acetyltransferase|VATE,645,3473866,3474510,+
Escherichia_coli_B766,E.coli.B766.final.genome,3524565,3525773,1209,MEG_10160|Drugs|Aminoglycosides|Aminoglycoside_N-acetyltransferases|AAC6-PRIME,MEG_10160|Drugs|Aminoglycosides|Aminoglycoside_N-acetyltransferases|AAC6-PRIME,555,3517394,3517948,+
Escherichia_coli_B766,E.coli.B766.final.genome,3534404,3535630,1227,MEG_2562|Drugs|Trimethoprim|Dihydrofolate_reductase|DFRB,MEG_2562|Drugs|Trimethoprim|Dihydrofolate_reductase|DFRB,237,3526579,3526815,+
Escherichia_coli_B766,E.coli.B766.final.genome,3629201,3630269,1069,MEG_1132|Drugs|Rifampin|Rifampin_ADP-ribosyltransferase_Arr|ARR,MEG_1132|Drugs|Rifampin|Rifampin_ADP-ribosyltransferase_Arr|ARR,453,3620386,3620838,+
Escherichia_coli_B766,E.coli.B766.final.genome,3681087,3682835,1749,MEG_2654|Metals|Copper_resistance|Copper_resistance_protein|DNAK,MEG_2654|Metals|Copper_resistance|Copper_resistance_protein|DNAK,1878,3671656,3673533,+
Escherichia_coli_B766,E.coli.B766.final.genome,3786710,3787432,723,MEG_7592|Drugs|Glycopeptides|VanA-type_accessory_protein|VANYA,MEG_7592|Drugs|Glycopeptides|VanA-type_accessory_protein|VANYA,894,3777408,3778301,+
Escherichia_coli_B766,E.coli.B766.final.genome,3830284,3831516,1233,MEG_8063|Drugs|Trimethoprim|Dihydrofolate_reductase|DFRA,MEG_8063|Drugs|Trimethoprim|Dihydrofolate_reductase|DFRA,588,3821153,3821740,+
Escherichia_coli_B766,E.coli.B766.final.genome,3868599,3869067,469,MEG_5817|Metals|Arsenic_resistance|Arsenic_resistance_protein|PSTS,MEG_5817|Metals|Arsenic_resistance|Arsenic_resistance_protein|PSTS,1041,3858823,3859863,+
Escherichia_coli_B766,E.coli.B766.final.genome,3877111,3877578,468,MEG_3010|Drugs|Fosfomycin|Fosfomycin_thiol_transferases|FOSB,MEG_3010|Drugs|Fosfomycin|Fosfomycin_thiol_transferases|FOSB,417,3867907,3868323,+
Escherichia_coli_B766,E.coli.B766.final.genome,3933005,3934063,1059,MEG_11303|Drugs|Trimethoprim|Dihydrofolate_reductase|DFRA,MEG_11303|Drugs|Trimethoprim|Dihydrofolate_reductase|DFRA,501,3923750,3924250,+
Escherichia_coli_B766,E.coli.B766.final.genome,3934065,3935528,1464,MEG_7817|Biocides|Paraquat_resistance|Paraquat_efflux_pump|YDDG,MEG_7817|Biocides|Paraquat_resistance|Paraquat_efflux_pump|YDDG,882,3924252,3925133,+
Escherichia_coli_B766,E.coli.B766.final.genome,3935973,3936761,789,MEG_7682|Drugs|Multi-drug_resistance|Multi-drug_ABC_efflux_pumps|VGA,MEG_7682|Drugs|Multi-drug_resistance|Multi-drug_ABC_efflux_pumps|VGA,1569,3925578,3927146,+
Escherichia_coli_B766,E.coli.B766.final.genome,3945799,3946740,942,MEG_7780|Biocides|Multi-biocide_resistance|Multi-biocide_RND_efflux_pump|VMEA,MEG_7780|Biocides|Multi-biocide_resistance|Multi-biocide_RND_efflux_pump|VMEA,1140,3936184,3937323,+
Escherichia_coli_B766,E.coli.B766.final.genome,4008985,4009657,673,MEG_1195|Multi-compound|Drug_and_biocide_and_metal_resistance|Drug_and_biocide_and_metal_RND_efflux_regulator|BAES,MEG_1195|Multi-compound|Drug_and_biocide_and_metal_resistance|Drug_and_biocide_and_metal_RND_efflux_regulator|BAES,1401,3999568,4000968,+
Escherichia_coli_B766,E.coli.B766.final.genome,4037121,4037943,823,MEG_7559|Drugs|Glycopeptides|VanB-type_resistance_protein|VANXB,MEG_7559|Drugs|Glycopeptides|VanB-type_resistance_protein|VANXB,609,4028432,4029040,+
Escherichia_coli_B766,E.coli.B766.final.genome,4037968,4039500,1533,MEG_340|Drugs|Aminoglycosides|Aminoglycoside_N-acetyltransferases|AAC6-PRIME,MEG_340|Drugs|Aminoglycosides|Aminoglycoside_N-acetyltransferases|AAC6-PRIME,549,4029065,4029613,+
Escherichia_coli_B766,E.coli.B766.final.genome,4046269,4047893,1625,MEG_7833|Multi-compound|Biocide_and_metal_resistance|Biocide_and_metal_resistance_protein|YHCN,MEG_7833|Multi-compound|Biocide_and_metal_resistance|Biocide_and_metal_resistance_protein|YHCN,315,4036382,4036696,+
Escherichia_coli_B766,E.coli.B766.final.genome,4061444,4063345,1902,MEG_6601|Drugs|Sulfonamides|Sulfonamide-resistant_dihydropteroate_synthases|SULI,MEG_6601|Drugs|Sulfonamides|Sulfonamide-resistant_dihydropteroate_synthases|SULI,840,4050247,4051086,+
Escherichia_coli_B766,E.coli.B766.final.genome,4128304,4131447,3144,MEG_7545|Drugs|Glycopeptides|VanI-type_accessory_protein|VANWI,MEG_7545|Drugs|Glycopeptides|VanI-type_accessory_protein|VANWI,1122,4116045,4117166,+
Escherichia_coli_B766,E.coli.B766.final.genome,4131459,4132682,1224,MEG_1138|Drugs|Rifampin|Rifampin_ADP-ribosyltransferase_Arr|ARR,MEG_1138|Drugs|Rifampin|Rifampin_ADP-ribosyltransferase_Arr|ARR,453,4117178,4117630,+
Escherichia_coli_B766,E.coli.B766.final.genome,4132698,4133030,333,MEG_7632|Drugs|MLS|Streptogramin_A_O-acetyltransferase|VATE,MEG_7632|Drugs|MLS|Streptogramin_A_O-acetyltransferase|VATE,645,4117646,4118290,+
Escherichia_coli_B766,E.coli.B766.final.genome,4133064,4134436,1373,MEG_4185|Drugs|Metronidazole|nim_nitroimidazole_reductase|NIME,MEG_4185|Drugs|Metronidazole|nim_nitroimidazole_reductase|NIME,458,4118324,4118781,+
Escherichia_coli_B766,E.coli.B766.final.genome,4134593,4136689,2097,MEG_3877|Metals|Mercury_resistance|Mercury_resistance_protein|MERP,MEG_3877|Metals|Mercury_resistance|Mercury_resistance_protein|MERP,276,4118938,4119213,+
Escherichia_coli_B766,E.coli.B766.final.genome,4208906,4210347,1442,MEG_3027|Drugs|Fosfomycin|Fosfomycin_thiol_transferases|FOSX,MEG_3027|Drugs|Fosfomycin|Fosfomycin_thiol_transferases|FOSX,402,4191430,4191831,+
Escherichia_coli_B766,E.coli.B766.final.genome,4211866,4212273,408,MEG_2493|Drugs|Trimethoprim|Dihydrofolate_reductase|DFRA,MEG_2493|Drugs|Trimethoprim|Dihydrofolate_reductase|DFRA,474,4193350,4193823,+
Escherichia_coli_B766,E.coli.B766.final.genome,4214887,4217391,2505,MEG_6583|Drugs|Sulfonamides|Sulfonamide-resistant_dihydropteroate_synthases|SULI,MEG_6583|Drugs|Sulfonamides|Sulfonamide-resistant_dihydropteroate_synthases|SULI,840,4196437,4197276,+
Escherichia_coli_B766,E.coli.B766.final.genome,4240445,4241638,1194,MEG_8271|Drugs|Metronidazole|nim_nitroimidazole_reductase|NIMG,MEG_8271|Drugs|Metronidazole|nim_nitroimidazole_reductase|NIMG,495,4220330,4220824,+
Escherichia_coli_B766,E.coli.B766.final.genome,4241661,4244828,3168,MEG_6541|Biocides|Peroxide_resistance|peroxide_resistance_protein|SODA,MEG_6541|Biocides|Peroxide_resistance|peroxide_resistance_protein|SODA,612,4220847,4221458,+
Escherichia_coli_B766,E.coli.B766.final.genome,4253710,4255427,1718,MEG_4221|Metals|Nickel_resistance|Nickel_resistance_regulator|NRSS,MEG_4221|Metals|Nickel_resistance|Nickel_resistance_regulator|NRSS,1365,4230340,4231704,+
Escherichia_coli_B766,E.coli.B766.final.genome,4331950,4333107,1158,MEG_6531|Biocides|Multi-biocide_resistance|Multi-biocide_MFS_efflux_pump|SMFY,MEG_6531|Biocides|Multi-biocide_resistance|Multi-biocide_MFS_efflux_pump|SMFY,1473,4308227,4309699,+
Escherichia_coli_B766,E.coli.B766.final.genome,4346136,4347245,1110,MEG_6019|Drugs|Fluoroquinolones|Quinolone_resistance_protein_Qnr|QNRS,MEG_6019|Drugs|Fluoroquinolones|Quinolone_resistance_protein_Qnr|QNRS,656,4322728,4323383,+
Escherichia_coli_B766,E.coli.B766.final.genome,4587816,4588526,711,MEG_3625|Drugs|Multi-drug_resistance|Multi-drug_RND_efflux_pumps|LPEB,MEG_3625|Drugs|Multi-drug_resistance|Multi-drug_RND_efflux_pumps|LPEB,3045,4563954,4566998,+
Escherichia_coli_B766,E.coli.B766.final.genome,4664216,4665766,1551,MEG_2537|Drugs|Trimethoprim|Dihydrofolate_reductase|DFRA,MEG_2537|Drugs|Trimethoprim|Dihydrofolate_reductase|DFRA,474,4642688,4643161,+
Escherichia_coli_B766,E.coli.B766.final.genome,4717325,4718269,945,MEG_7268|Biocides|Multi-biocide_resistance|Multi-biocide_RND_efflux_pump|TOLCSM,MEG_7268|Biocides|Multi-biocide_resistance|Multi-biocide_RND_efflux_pump|TOLCSM,1359,4694720,4696078,+
Escherichia_coli_B766,E.coli.B766.final.genome,4744009,4746363,2355,MEG_2659|Multi-compound|Biocide_and_metal_resistance|Biocide_and_metal_resistance_protein|DPR,MEG_2659|Multi-compound|Biocide_and_metal_resistance|Biocide_and_metal_resistance_protein|DPR,519,4721818,4722336,+
Escherichia_coli_B766,E.coli.B766.final.genome,4749512,4749889,378,MEG_3864|Metals|Mercury_resistance|Mercury_resistance_regulator|MERD,MEG_3864|Metals|Mercury_resistance|Mercury_resistance_regulator|MERD,366,4725485,4725850,+
Escherichia_coli_B766,E.coli.B766.final.genome,4785728,4786894,1167,MEG_1165|Metals|Arsenic_resistance|Arsenic_resistance_protein|ARSD,MEG_1165|Metals|Arsenic_resistance|Arsenic_resistance_protein|ARSD,363,4761689,4762051,+
Escherichia_coli_B766,E.coli.B766.final.genome,4810652,4811521,870,MEG_3741|Multi-compound|Drug_and_biocide_and_metal_resistance|Drug_and_biocide_and_metal_MFS_efflux_pumps|MDRL,MEG_3741|Multi-compound|Drug_and_biocide_and_metal_resistance|Drug_and_biocide_and_metal_MFS_efflux_pumps|MDRL,1194,4785809,4787002,+
Escherichia_coli_B766,E.coli.B766.final.genome,4874318,4875550,1233,MEG_1181|Biocides|Acid_resistance|Acid_resistance_protein|ASR,MEG_1181|Biocides|Acid_resistance|Acid_resistance_protein|ASR,336,4849799,4850134,+
Escherichia_coli_B766,E.coli.B766.final.genome,4976600,4979296,2697,MEG_7804|Drugs|Mycobacterium_tuberculosis-specific_Drug|Viomycin_phosphotransferases|VPH,MEG_7804|Drugs|Mycobacterium_tuberculosis-specific_Drug|Viomycin_phosphotransferases|VPH,864,4951184,4952047,+
Escherichia_coli_JM109,E.coli.JM109.final.genome,34920,35312,393,MEG_11331|Metals|Arsenic_resistance|Arsenic_resistance_regulator|ARSR,MEG_11331|Metals|Arsenic_resistance|Arsenic_resistance_regulator|ARSR,366,34920,35285,+
Escherichia_coli_JM109,E.coli.JM109.final.genome,39460,39849,390,MEG_6642|Drugs|Sulfonamides|Sulfonamide_monooxygenase|SULX,MEG_6642|Drugs|Sulfonamides|Sulfonamide_monooxygenase|SULX,1272,39433,40704,+
Escherichia_coli_JM109,E.coli.JM109.final.genome,39863,40297,435,MEG_1684|Drugs|Multi-drug_resistance|MDR_23S_ribosomal_RNA_methyltransferase|CFRB,MEG_1684|Drugs|Multi-drug_resistance|MDR_23S_ribosomal_RNA_methyltransferase|CFRB,1050,40718,41767,+
Escherichia_coli_JM109,E.coli.JM109.final.genome,72931,75210,2280,MEG_2498|Drugs|Trimethoprim|Dihydrofolate_reductase|DFRA,MEG_2498|Drugs|Trimethoprim|Dihydrofolate_reductase|DFRA,474,74401,74874,+
Escherichia_coli_JM109,E.coli.JM109.final.genome,75730,76491,762,MEG_4115|Metals|Multi-metal_resistance|Multi-metal_resistance_protein|NCCN,MEG_4115|Metals|Multi-metal_resistance|Multi-metal_resistance_protein|NCCN,642,75394,76035,+
Escherichia_coli_JM109,E.coli.JM109.final.genome,87372,88772,1401,MEG_2036|Metals|Copper_resistance|Copper_resistance_protein|COPB,MEG_2036|Metals|Copper_resistance|Copper_resistance_protein|COPB,855,86916,87770,+
Escherichia_coli_JM109,E.coli.JM109.final.genome,88928,90463,1536,MEG_1157|Metals|Arsenic_resistance|Arsenic_resistance_protein|ARSC,MEG_1157|Metals|Arsenic_resistance|Arsenic_resistance_protein|ARSC,393,87926,88318,+
Escherichia_coli_JM109,E.coli.JM109.final.genome,157261,158843,1583,MEG_3840|Metals|Mercury_resistance|Mercury_resistance_protein|MERA,MEG_3840|Metals|Mercury_resistance|Mercury_resistance_protein|MERA,1028,155116,156143,+
Escherichia_coli_JM109,E.coli.JM109.final.genome,309397,310185,789,MEG_835|Drugs|Aminoglycosides|Aminoglycoside_O-nucleotidyltransferases|ANT3-DPRIME,MEG_835|Drugs|Aminoglycosides|Aminoglycoside_O-nucleotidyltransferases|ANT3-DPRIME,789,306697,307485,+
Escherichia_coli_JM109,E.coli.JM109.final.genome,366314,366727,414,MEG_1759|Drugs|Phenicol|Phenicol_resistance_MFS_efflux_pumps|CMLA,MEG_1759|Drugs|Phenicol|Phenicol_resistance_MFS_efflux_pumps|CMLA,1260,363614,364873,+
Escherichia_coli_JM109,E.coli.JM109.final.genome,387387,388487,1101,MEG_3142|Multi-compound|Biocide_and_metal_resistance|Biocide_and_metal_resistance_protein|GLPF,MEG_3142|Multi-compound|Biocide_and_metal_resistance|Biocide_and_metal_resistance_protein|GLPF,846,385533,386378,+
Escherichia_coli_JM109,E.coli.JM109.final.genome,400167,400445,279,MEG_6957|Metals|Tellurium_resistance|Tellurium_resistance_protein|TERC,MEG_6957|Metals|Tellurium_resistance|Tellurium_resistance_protein|TERC,1041,398058,399098,+
Escherichia_coli_JM109,E.coli.JM109.final.genome,424519,426060,1542,MEG_6581|Drugs|Sulfonamides|Sulfonamide-resistant_dihydropteroate_synthases|SULI,MEG_6581|Drugs|Sulfonamides|Sulfonamide-resistant_dihydropteroate_synthases|SULI,840,423172,424011,+
Escherichia_coli_JM109,E.coli.JM109.final.genome,426200,426736,537,MEG_2975|Drugs|Fosfomycin|Fosfomycin_phosphorylation|FOMB,MEG_2975|Drugs|Fosfomycin|Fosfomycin_phosphorylation|FOMB,980,424151,425130,+
Escherichia_coli_JM109,E.coli.JM109.final.genome,442601,442867,267,MEG_1118|Drugs|Multi-drug_resistance|MDR_regulator|ARLS,MEG_1118|Drugs|Multi-drug_resistance|MDR_regulator|ARLS,1356,440995,442350,+
Escherichia_coli_JM109,E.coli.JM109.final.genome,474702,474959,258,MEG_4210|Multi-compound|Drug_and_biocide_resistance|Drug_and_biocide_MFS_efflux_pumps|NORB,MEG_4210|Multi-compound|Drug_and_biocide_resistance|Drug_and_biocide_MFS_efflux_pumps|NORB,1392,474185,475576,+
Escherichia_coli_JM109,E.coli.JM109.final.genome,475200,475832,633,MEG_7287|Multi-compound|Drug_and_biocide_resistance|Drug_and_biocide_RND_efflux_pumps|TTGA,MEG_7287|Multi-compound|Drug_and_biocide_resistance|Drug_and_biocide_RND_efflux_pumps|TTGA,1155,475817,476971,+
Escherichia_coli_JM109,E.coli.JM109.final.genome,518706,519914,1209,MEG_4167|Metals|Nickel_resistance|Nickel_ABC_efflux_pumps|NIKA,MEG_4167|Metals|Nickel_resistance|Nickel_ABC_efflux_pumps|NIKA,1575,519845,521419,+
Escherichia_coli_JM109,E.coli.JM109.final.genome,528542,529768,1227,MEG_3754|Multi-compound|Drug_and_biocide_resistance|Drug_and_biocide_MFS_efflux_pumps|MDTG,MEG_3754|Multi-compound|Drug_and_biocide_resistance|Drug_and_biocide_MFS_efflux_pumps|MDTG,1227,530047,531273,+
Escherichia_coli_JM109,E.coli.JM109.final.genome,624116,625193,1078,MEG_1124|Drugs|Rifampin|Rifampin_ADP-ribosyltransferase_Arr|ARR,MEG_1124|Drugs|Rifampin|Rifampin_ADP-ribosyltransferase_Arr|ARR,453,625621,626073,+
Escherichia_coli_JM109,E.coli.JM109.final.genome,675837,677585,1749,MEG_1771|Drugs|Phenicol|Phenicol_resistance_MFS_efflux_pumps|CMLA,MEG_1771|Drugs|Phenicol|Phenicol_resistance_MFS_efflux_pumps|CMLA,1445,676717,678161,+
Escherichia_coli_JM109,E.coli.JM109.final.genome,752300,753022,723,MEG_254|Drugs|Aminoglycosides|Aminoglycoside_N-acetyltransferases|AAC6-PRIME,MEG_254|Drugs|Aminoglycosides|Aminoglycoside_N-acetyltransferases|AAC6-PRIME,483,752876,753358,+
Escherichia_coli_JM109,E.coli.JM109.final.genome,759301,760533,1233,MEG_3277|Metals|Copper_resistance|Copper_resistance_protein|HPCOPP,MEG_3277|Metals|Copper_resistance|Copper_resistance_protein|HPCOPP,201,759637,759837,+
Escherichia_coli_JM109,E.coli.JM109.final.genome,790556,791023,468,MEG_5772|Biocides|Peroxide_resistance|peroxide_resistance_regulator|PERR,MEG_5772|Biocides|Peroxide_resistance|peroxide_resistance_regulator|PERR,447,789860,790306,+
Escherichia_coli_JM109,E.coli.JM109.final.genome,846594,847652,1059,MEG_6515|Multi-compound|Biocide_and_metal_resistance|Biocide_and_metal_ABC_efflux_pumps|SITC,MEG_6515|Multi-compound|Biocide_and_metal_resistance|Biocide_and_metal_ABC_efflux_pumps|SITC,861,845877,846737,+
Escherichia_coli_JM109,E.coli.JM109.final.genome,847654,849117,1464,MEG_2803|Drugs|MLS|23S_rRNA_methyltransferases|ERMB,MEG_2803|Drugs|MLS|23S_rRNA_methyltransferases|ERMB,711,846739,847449,+
Escherichia_coli_JM109,E.coli.JM109.final.genome,849562,850350,789,MEG_2473|Metals|Multi-metal_resistance|Multi-metal_RND_efflux_regulator|CZCR,MEG_2473|Metals|Multi-metal_resistance|Multi-metal_RND_efflux_regulator|CZCR,678,847894,848571,+
Escherichia_coli_JM109,E.coli.JM109.final.genome,859383,860324,942,MEG_11307|Drugs|Trimethoprim|Dihydrofolate_reductase|DFRB,MEG_11307|Drugs|Trimethoprim|Dihydrofolate_reductase|DFRB,237,857604,857840,+
Escherichia_coli_JM109,E.coli.JM109.final.genome,922474,923151,678,MEG_3859|Metals|Mercury_resistance|Mercury_resistance_protein|MERC,MEG_3859|Metals|Mercury_resistance|Mercury_resistance_protein|MERC,435,919990,920424,+
Escherichia_coli_JM109,E.coli.JM109.final.genome,927343,927486,144,MEG_6610|Drugs|Sulfonamides|Sulfonamide-resistant_dihydropteroate_synthases|SULI,MEG_6610|Drugs|Sulfonamides|Sulfonamide-resistant_dihydropteroate_synthases|SULI,840,924616,925455,+
Escherichia_coli_JM109,E.coli.JM109.final.genome,952479,953301,823,MEG_11338|Multi-compound|Drug_and_biocide_and_metal_resistance|Drug_and_biocide_and_metal_RND_efflux_pumps|CMEB,MEG_11338|Multi-compound|Drug_and_biocide_and_metal_resistance|Drug_and_biocide_and_metal_RND_efflux_pumps|CMEB,3120,950448,953567,+
Escherichia_coli_JM109,E.coli.JM109.final.genome,953326,954864,1539,MEG_2916|Drugs|Phenicol|Phenicol_resistance_MFS_efflux_pumps|FLOR,MEG_2916|Drugs|Phenicol|Phenicol_resistance_MFS_efflux_pumps|FLOR,1215,953592,954806,+
Escherichia_coli_JM109,E.coli.JM109.final.genome,960813,962423,1611,MEG_7550|Drugs|Glycopeptides|VanA-type_resistance_protein|VANXA,MEG_7550|Drugs|Glycopeptides|VanA-type_resistance_protein|VANXA,561,960755,961315,+
Escherichia_coli_JM109,E.coli.JM109.final.genome,975989,977890,1902,MEG_3288|Biocides|Peroxide_resistance|Peroxide_resistance_stress_protein|IBPB,MEG_3288|Biocides|Peroxide_resistance|Peroxide_resistance_stress_protein|IBPB,429,974881,975309,+
Escherichia_coli_JM109,E.coli.JM109.final.genome,1042343,1045486,3144,MEG_3068|Drugs|Fusidic_acid|Ribosomal_zinc-binding_protein|FUSC,MEG_3068|Drugs|Fusidic_acid|Ribosomal_zinc-binding_protein|FUSC,639,1039762,1040400,+
Escherichia_coli_JM109,E.coli.JM109.final.genome,1045498,1046721,1224,MEG_11322|Metals|Multi-metal_resistance|Multi-metal_resistance_protein|ARSA,MEG_11322|Metals|Multi-metal_resistance|Multi-metal_resistance_protein|ARSA,1728,1040412,1042139,+
Escherichia_coli_JM109,E.coli.JM109.final.genome,1046737,1047069,333,MEG_7123|Drugs|Tetracyclines|Tetracycline_resistance_ribosomal_protection_proteins|TETM,MEG_7123|Drugs|Tetracyclines|Tetracycline_resistance_ribosomal_protection_proteins|TETM,1920,1042155,1044074,+
Escherichia_coli_JM109,E.coli.JM109.final.genome,1047227,1048600,1374,MEG_1015|Drugs|Aminoglycosides|Aminoglycoside_O-phosphotransferases|APH2-DPRIME,MEG_1015|Drugs|Aminoglycosides|Aminoglycoside_O-phosphotransferases|APH2-DPRIME,906,1044232,1045137,+
Escherichia_coli_JM109,E.coli.JM109.final.genome,1048757,1050872,2116,MEG_7105|Drugs|Tetracyclines|Tetracycline_resistance_ribosomal_protection_proteins|TETM,MEG_7105|Drugs|Tetracyclines|Tetracycline_resistance_ribosomal_protection_proteins|TETM,1920,1045294,1047213,+
Escherichia_coli_JM109,E.coli.JM109.final.genome,1116672,1118115,1444,MEG_3067|Drugs|Fusidic_acid|Ribosomal_zinc-binding_protein|FUSB,MEG_3067|Drugs|Fusidic_acid|Ribosomal_zinc-binding_protein|FUSB,642,1113013,1113654,+
Escherichia_coli_JM109,E.coli.JM109.final.genome,1119634,1120041,408,MEG_5074|Drugs|betalactams|Class_D_betalactamases|OXA,MEG_5074|Drugs|betalactams|Class_D_betalactamases|OXA,825,1115173,1115997,+
Escherichia_coli_JM109,E.coli.JM109.final.genome,1122655,1125159,2505,MEG_6639|Drugs|Sulfonamides|Sulfonamide-resistant_dihydropteroate_synthases|SULIII,MEG_6639|Drugs|Sulfonamides|Sulfonamide-resistant_dihydropteroate_synthases|SULIII,792,1118611,1119402,+
Escherichia_coli_JM109,E.coli.JM109.final.genome,1148415,1149608,1194,MEG_10128|Drugs|Rifampin|Rifampin_monooyxgenase|ROX,MEG_10128|Drugs|Rifampin|Rifampin_monooyxgenase|ROX,1431,1142658,1144088,+
Escherichia_coli_JM109,E.coli.JM109.final.genome,1149631,1152780,3150,MEG_6543|Biocides|Peroxide_resistance|peroxide_resistance_protein|SODA,MEG_6543|Biocides|Peroxide_resistance|peroxide_resistance_protein|SODA,288,1144111,1144398,+
Escherichia_coli_JM109,E.coli.JM109.final.genome,1161635,1163380,1746,MEG_3742|Multi-compound|Drug_and_biocide_and_metal_resistance|Drug_and_biocide_and_metal_MFS_efflux_pumps|MDRL,MEG_3742|Multi-compound|Drug_and_biocide_and_metal_resistance|Drug_and_biocide_and_metal_MFS_efflux_pumps|MDRL,1194,1153253,1154446,+
Escherichia_coli_JM109,E.coli.JM109.final.genome,1239096,1240253,1158,MEG_1186|Multi-compound|Drug_and_biocide_resistance|Drug_and_biocide_RND_efflux_pumps|AXY,MEG_1186|Multi-compound|Drug_and_biocide_resistance|Drug_and_biocide_RND_efflux_pumps|AXY,1176,1230162,1231337,+
Escherichia_coli_JM109,E.coli.JM109.final.genome,1255812,1256921,1110,MEG_3461|Metals|Multi-metal_resistance|Multi-metal_resistance_regulator|KMTR,MEG_3461|Metals|Multi-metal_resistance|Multi-metal_resistance_regulator|KMTR,393,1246896,1247288,+
Escherichia_coli_JM109,E.coli.JM109.final.genome,1295069,1295779,711,MEG_3854|Metals|Mercury_resistance|Mercury_resistance_protein|MERB,MEG_3854|Metals|Mercury_resistance|Mercury_resistance_protein|MERB,630,1285436,1286065,+
Escherichia_coli_JM109,E.coli.JM109.final.genome,1372415,1373965,1551,MEG_11494|Drugs|Metronidazole|nim_nitroimidazole_reductase|NIMI,MEG_11494|Drugs|Metronidazole|nim_nitroimidazole_reductase|NIMI,498,1362701,1363198,+
Escherichia_coli_JM109,E.coli.JM109.final.genome,1425736,1426680,945,MEG_3021|Drugs|Fosfomycin|Fosfomycin_thiol_transferases|FOSF,MEG_3021|Drugs|Fosfomycin|Fosfomycin_thiol_transferases|FOSF,399,1414969,1415367,+
Escherichia_coli_JM109,E.coli.JM109.final.genome,1453939,1456293,2355,MEG_3924|Multi-compound|Drug_and_biocide_resistance|Drug_and_biocide_RND_efflux_regulator|MEXR,MEG_3924|Multi-compound|Drug_and_biocide_resistance|Drug_and_biocide_RND_efflux_regulator|MEXR,444,1442626,1443069,+
Escherichia_coli_JM109,E.coli.JM109.final.genome,1459442,1459819,378,MEG_4186|Drugs|Metronidazole|nim_nitroimidazole_reductase|NIMF,MEG_4186|Drugs|Metronidazole|nim_nitroimidazole_reductase|NIMF,455,1446218,1446672,+
Escherichia_coli_JM109,E.coli.JM109.final.genome,1492393,1493559,1167,MEG_10190|Drugs|Tetracyclines|Tetracycline_resistance_ABC_efflux_pumps|TETB60,MEG_10190|Drugs|Tetracyclines|Tetracycline_resistance_ABC_efflux_pumps|TETB60,1740,1479246,1480985,+
Escherichia_coli_JM109,E.coli.JM109.final.genome,1518827,1519696,870,MEG_3153|Drugs|betalactams|Class_B_betalactamases|GOB,MEG_3153|Drugs|betalactams|Class_B_betalactamases|GOB,756,1506253,1507008,+
Escherichia_coli_JM109,E.coli.JM109.final.genome,1585618,1586850,1233,MEG_11295|Drugs|Aminoglycosides|Aminoglycoside_O-phosphotransferases|APH3-PRIME,MEG_11295|Drugs|Aminoglycosides|Aminoglycoside_O-phosphotransferases|APH3-PRIME,813,1572930,1573742,+
Escherichia_coli_JM109,E.coli.JM109.final.genome,1642495,1644219,1725,MEG_7621|Drugs|MLS|Streptogramin_A_O-acetyltransferase|VATA,MEG_7621|Drugs|MLS|Streptogramin_A_O-acetyltransferase|VATA,660,1629387,1630046,+
Escherichia_coli_JM109,E.coli.JM109.final.genome,1684588,1687284,2697,MEG_5067|Drugs|betalactams|Class_D_betalactamases|OXA,MEG_5067|Drugs|betalactams|Class_D_betalactamases|OXA,825,1670415,1671239,+
Escherichia_coli_JM109,E.coli.JM109.final.genome,1776741,1777874,1134,MEG_3678|Drugs|Lipopeptides|Colistin_phosphoethanolamine_transferase|MCR,MEG_3678|Drugs|Lipopeptides|Colistin_phosphoethanolamine_transferase|MCR,1623,1760696,1762318,+
Escherichia_coli_JM109,E.coli.JM109.final.genome,1778493,1778960,468,MEG_1705|Metals|Chromium_resistance|Chromium_resistance_protein|CHRA,MEG_1705|Metals|Chromium_resistance|Chromium_resistance_protein|CHRA,1251,1762937,1764187,+
Escherichia_coli_JM109,E.coli.JM109.final.genome,1790329,1790667,339,MEG_2083|Metals|Copper_resistance|Copper_resistance_regulator|COPZ,MEG_2083|Metals|Copper_resistance|Copper_resistance_regulator|COPZ,210,1775556,1775765,+
Escherichia_coli_JM109,E.coli.JM109.final.genome,1820095,1821738,1644,MEG_2569|Drugs|Trimethoprim|Dihydrofolate_reductase|DFRB,MEG_2569|Drugs|Trimethoprim|Dihydrofolate_reductase|DFRB,237,1805193,1805429,+
Escherichia_coli_JM109,E.coli.JM109.final.genome,1851576,1856121,4546,MEG_7030|Drugs|Tetracyclines|Tetracycline_resistance_MFS_efflux_pumps|TETA,MEG_7030|Drugs|Tetracyclines|Tetracycline_resistance_MFS_efflux_pumps|TETA,675,1835267,1835941,+
Escherichia_coli_JM109,E.coli.JM109.final.genome,1870672,1872321,1650,MEG_3133|Multi-compound|Drug_and_biocide_and_metal_resistance|Drug_and_biocide_and_metal_RND_efflux_pumps|GESB,MEG_3133|Multi-compound|Drug_and_biocide_and_metal_resistance|Drug_and_biocide_and_metal_RND_efflux_pumps|GESB,3168,1850492,1853659,+
Escherichia_coli_JM109,E.coli.JM109.final.genome,1877641,1878105,465,MEG_8576|Drugs|betalactams|Class_C_betalactamases|PDC,MEG_8576|Drugs|betalactams|Class_C_betalactamases|PDC,1194,1858979,1860172,+
Escherichia_coli_JM109,E.coli.JM109.final.genome,1878191,1878514,324,MEG_7273|Biocides|Phenolic_compound_resistance|Phenolic_RND_efflux_pump|TRIB,MEG_7273|Biocides|Phenolic_compound_resistance|Phenolic_RND_efflux_pump|TRIB,1071,1860258,1861328,+
Escherichia_coli_JM109,E.coli.JM109.final.genome,1895571,1896086,516,MEG_7868|Metals|Zinc_resistance|Zinc_resistance_regulator|ZUR,MEG_7868|Metals|Zinc_resistance|Zinc_resistance_regulator|ZUR,516,1878385,1878900,+
Escherichia_coli_JM109,E.coli.JM109.final.genome,1931946,1932770,825,MEG_1561|Drugs|Phenicol|Chloramphenicol_acetyltransferases|CATA,MEG_1561|Drugs|Phenicol|Chloramphenicol_acetyltransferases|CATA,660,1914760,1915419,+
Escherichia_coli_JM109,E.coli.JM109.final.genome,1941957,1942340,384,MEG_2045|Metals|Copper_resistance|Copper_resistance_protein|COPC,MEG_2045|Metals|Copper_resistance|Copper_resistance_protein|COPC,498,1924606,1925103,+
Escherichia_coli_JM109,E.coli.JM109.final.genome,1950932,1953651,2720,MEG_1012|Drugs|Aminoglycosides|Aminoglycoside_O-phosphotransferases|APH2-DPRIME,MEG_1012|Drugs|Aminoglycosides|Aminoglycoside_O-phosphotransferases|APH2-DPRIME,906,1933695,1934600,+
Escherichia_coli_JM109,E.coli.JM109.final.genome,2037480,2038325,846,MEG_8674|Drugs|Rifampin|Rifampin-resistant_beta-subunit_of_RNA_polymerase_RpoB|RPOB,MEG_8674|Drugs|Rifampin|Rifampin-resistant_beta-subunit_of_RNA_polymerase_RpoB|RPOB,3561,2018429,2021989,+
Escherichia_coli_JM109,E.coli.JM109.final.genome,2048199,2049101,903,MEG_4089|Drugs|Mupirocin|Mupirocin-resistant_isoleucyl-tRNA_synthetase|MUPA,MEG_4089|Drugs|Mupirocin|Mupirocin-resistant_isoleucyl-tRNA_synthetase|MUPA,3075,2031863,2034937,+
Escherichia_coli_JM109,E.coli.JM109.final.genome,2049900,2051968,2069,MEG_5814|Metals|Arsenic_resistance|Arsenic_resistance_protein|PSTB,MEG_5814|Metals|Arsenic_resistance|Arsenic_resistance_protein|PSTB,774,2035736,2036509,+
Escherichia_coli_JM109,E.coli.JM109.final.genome,2054140,2054760,621,MEG_5937|Drugs|Fluoroquinolones|Quinolone_resistance_protein_Qnr|QNRB,MEG_5937|Drugs|Fluoroquinolones|Quinolone_resistance_protein_Qnr|QNRB,645,2038681,2039325,+
Escherichia_coli_JM109,E.coli.JM109.final.genome,2111526,2112152,627,MEG_11438|Biocides|Peroxide_resistance|Peroxide_resistance_stress_protein|SODC,MEG_11438|Biocides|Peroxide_resistance|Peroxide_resistance_stress_protein|SODC,534,2096091,2096624,+
Escherichia_coli_JM109,E.coli.JM109.final.genome,2153186,2154136,951,MEG_2878|Biocides|Phenolic_compound_resistance|Phenolic_resistance_protein|FABV,MEG_2878|Biocides|Phenolic_compound_resistance|Phenolic_resistance_protein|FABV,900,2137658,2138557,+
Escherichia_coli_JM109,E.coli.JM109.final.genome,2244028,2245068,1041,MEG_685|Multi-compound|Drug_and_biocide_resistance|Drug_and_biocide_RND_efflux_pumps|ADEH,MEG_685|Multi-compound|Drug_and_biocide_resistance|Drug_and_biocide_RND_efflux_pumps|ADEH,1452,2228449,2229900,+
Escherichia_coli_JM109,E.coli.JM109.final.genome,2245155,2247004,1850,MEG_3434|Drugs|Rifampin|Monooxygenase|IRI,MEG_3434|Drugs|Rifampin|Monooxygenase|IRI,1440,2229987,2231426,+
Escherichia_coli_JM109,E.coli.JM109.final.genome,2247187,2247960,774,MEG_1213|Drugs|Bacitracin|Bacitracin_ABC_transporter|BCRA,MEG_1213|Drugs|Bacitracin|Bacitracin_ABC_transporter|BCRA,921,2231609,2232529,+
Escherichia_coli_JM109,E.coli.JM109.final.genome,2260335,2260901,567,MEG_7866|Multi-compound|Biocide_and_metal_resistance|Biocide_and_metal_resistance_protein|ZUPT,MEG_7866|Multi-compound|Biocide_and_metal_resistance|Biocide_and_metal_resistance_protein|ZUPT,774,2244904,2245677,+
Escherichia_coli_JM109,E.coli.JM109.final.genome,2288131,2288544,414,MEG_7772|Biocides|Multi-biocide_resistance|Multi-biocide_RND_efflux_pump|VMEA,MEG_7772|Biocides|Multi-biocide_resistance|Multi-biocide_RND_efflux_pump|VMEA,1140,2272907,2274046,+
Escherichia_coli_JM109,E.coli.JM109.final.genome,2288650,2289084,435,MEG_2614|Drugs|Phenicol|Phenicol_resistance_MFS_efflux_pumps|DHAP,MEG_2614|Drugs|Phenicol|Phenicol_resistance_MFS_efflux_pumps|DHAP,1188,2274152,2275339,+
Escherichia_coli_JM109,E.coli.JM109.final.genome,2300447,2301637,1191,MEG_8066|Drugs|Trimethoprim|Dihydrofolate_reductase|DFRA,MEG_8066|Drugs|Trimethoprim|Dihydrofolate_reductase|DFRA,474,2286702,2287175,+
Escherichia_coli_JM109,E.coli.JM109.final.genome,2318451,2318612,162,MEG_3079|Biocides|Acid_resistance|Acid_resistance_protein|GADC,MEG_3079|Biocides|Acid_resistance|Acid_resistance_protein|GADC,1536,2303989,2305524,+
Escherichia_coli_JM109,E.coli.JM109.final.genome,2489311,2490707,1397,MEG_4218|Metals|Nickel_resistance|Nickel_RND_efflux_pumps|NRSA,MEG_4218|Metals|Nickel_resistance|Nickel_RND_efflux_pumps|NRSA,3165,2476223,2479387,+
Escherichia_coli_JM109,E.coli.JM109.final.genome,2491077,2491901,825,MEG_2047|Metals|Copper_resistance|Copper_resistance_protein|COPC,MEG_2047|Metals|Copper_resistance|Copper_resistance_protein|COPC,384,2479757,2480140,+
Escherichia_coli_JM109,E.coli.JM109.final.genome,2492269,2492997,729,MEG_11323|Metals|Arsenic_resistance|Arsenic_resistance_protein|ARSB,MEG_11323|Metals|Arsenic_resistance|Arsenic_resistance_protein|ARSB,1083,2480508,2481590,+
Escherichia_coli_JM109,E.coli.JM109.final.genome,2493360,2496473,3114,MEG_8216|Drugs|betalactams|Class_A_betalactamases|LEN,MEG_8216|Drugs|betalactams|Class_A_betalactamases|LEN,861,2481953,2482813,+
Escherichia_coli_JM109,E.coli.JM109.final.genome,2496498,2497655,1158,MEG_11436|Biocides|Peroxide_resistance|Peroxide_resistance_stress_protein|KATP,MEG_11436|Biocides|Peroxide_resistance|Peroxide_resistance_stress_protein|KATP,2211,2482838,2485048,+
Escherichia_coli_JM109,E.coli.JM109.final.genome,2497994,2498521,528,MEG_4217|Metals|Multi-metal_resistance|Multi-metal_resistance_protein|NREB,MEG_4217|Metals|Multi-metal_resistance|Multi-metal_resistance_protein|NREB,1251,2485387,2486637,+
Escherichia_coli_JM109,E.coli.JM109.final.genome,2500147,2500479,333,MEG_3539|Biocides|Multi-biocide_resistance|Multi-biocide_MFS_efflux_pump|LDE,MEG_3539|Biocides|Multi-biocide_resistance|Multi-biocide_MFS_efflux_pump|LDE,1209,2488263,2489471,+
Escherichia_coli_JM109,E.coli.JM109.final.genome,2500583,2500921,339,MEG_1136|Drugs|Rifampin|Rifampin_ADP-ribosyltransferase_Arr|ARR,MEG_1136|Drugs|Rifampin|Rifampin_ADP-ribosyltransferase_Arr|ARR,453,2489575,2490027,+
Escherichia_coli_JM109,E.coli.JM109.final.genome,2506224,2506649,426,MEG_4084|Multi-compound|Drug_and_biocide_resistance|Drug_and_biocide_RND_efflux_pumps|MTRE,MEG_4084|Multi-compound|Drug_and_biocide_resistance|Drug_and_biocide_RND_efflux_pumps|MTRE,1404,2495330,2496733,+
Escherichia_coli_JM109,E.coli.JM109.final.genome,2506662,2507951,1290,MEG_7325|Metals|Tungsten_Resistance|Tungsten_ABC_efflux_pumps|TUPC,MEG_7325|Metals|Tungsten_Resistance|Tungsten_ABC_efflux_pumps|TUPC,645,2496746,2497390,+
Escherichia_coli_JM109,E.coli.JM109.final.genome,2508005,2508358,354,MEG_1141|Metals|Arsenic_resistance|Arsenic_resistance_protein|ARRB,MEG_1141|Metals|Arsenic_resistance|Arsenic_resistance_protein|ARRB,705,2497444,2498148,+
Escherichia_coli_JM109,E.coli.JM109.final.genome,2517745,2519244,1500,MEG_2032|Metals|Copper_resistance|Copper_resistance_protein|COPA,MEG_2032|Metals|Copper_resistance|Copper_resistance_protein|COPA,2409,2507535,2509943,+
Escherichia_coli_JM109,E.coli.JM109.final.genome,2537865,2538296,432,MEG_3074|Drugs|Fusidic_acid|Fusidic_acid_esterases|FUSH,MEG_3074|Drugs|Fusidic_acid|Fusidic_acid_esterases|FUSH,1530,2528564,2530093,+
Escherichia_coli_JM109,E.coli.JM109.final.genome,2538302,2543217,4916,MEG_3660|Drugs|betalactams|Class_A_betalactamases|MAL,MEG_3660|Drugs|betalactams|Class_A_betalactamases|MAL,903,2530099,2531001,+
Escherichia_coli_JM109,E.coli.JM109.final.genome,2548235,2550433,2199,MEG_3714|Drugs|Lipopeptides|Colistin_phosphoethanolamine_transferase|MCR,MEG_3714|Drugs|Lipopeptides|Colistin_phosphoethanolamine_transferase|MCR,1623,2536019,2537641,+
Escherichia_coli_JM109,E.coli.JM109.final.genome,2670133,2670765,633,MEG_3026|Drugs|Fosfomycin|Fosfomycin_thiol_transferases|FOSX,MEG_3026|Drugs|Fosfomycin|Fosfomycin_thiol_transferases|FOSX,402,2657341,2657742,+
Escherichia_coli_JM109,E.coli.JM109.final.genome,2717755,2718180,426,MEG_3001|Drugs|Fosfomycin|Fosfomycin_thiol_transferases|FOSA,MEG_3001|Drugs|Fosfomycin|Fosfomycin_thiol_transferases|FOSA,420,2704732,2705151,+
Escherichia_coli_JM109,E.coli.JM109.final.genome,2738745,2741849,3105,MEG_8048|Drugs|betalactams|Class_A_betalactamases|CTX,MEG_8048|Drugs|betalactams|Class_A_betalactamases|CTX,876,2725716,2726591,+
Escherichia_coli_JM109,E.coli.JM109.final.genome,2741861,2743018,1158,MEG_5966|Drugs|Fluoroquinolones|Quinolone_resistance_protein_Qnr|QNRB,MEG_5966|Drugs|Fluoroquinolones|Quinolone_resistance_protein_Qnr|QNRB,645,2726603,2727247,+
Escherichia_coli_JM109,E.coli.JM109.final.genome,2743417,2744079,663,MEG_3283|Metals|Nickel_resistance|Nickel_resistance_protein|HUPE,MEG_3283|Metals|Nickel_resistance|Nickel_resistance_protein|HUPE,576,2727646,2728221,+
Escherichia_coli_JM109,E.coli.JM109.final.genome,2771081,2771395,315,MEG_4189|Drugs|Metronidazole|nim_nitroimidazole_reductase|NIMI,MEG_4189|Drugs|Metronidazole|nim_nitroimidazole_reductase|NIMI,457,2755223,2755679,+
Escherichia_coli_JM109,E.coli.JM109.final.genome,2941726,2942490,765,MEG_2458|Metals|Copper_resistance|Copper_resistance_protein|CUTF,MEG_2458|Metals|Copper_resistance|Copper_resistance_protein|CUTF,711,2926010,2926720,+
Escherichia_coli_JM109,E.coli.JM109.final.genome,2954085,2954906,822,MEG_6578|Biocides|Multi-biocide_resistance|Multi-biocide_SMR_efflux_pump|SUGE,MEG_6578|Biocides|Multi-biocide_resistance|Multi-biocide_SMR_efflux_pump|SUGE,318,2938315,2938632,+
Escherichia_coli_JM109,E.coli.JM109.final.genome,2974893,2975690,798,MEG_1576|Drugs|Phenicol|Chloramphenicol_acetyltransferases|CATA,MEG_1576|Drugs|Phenicol|Chloramphenicol_acetyltransferases|CATA,624,2958619,2959242,+
Escherichia_coli_JM109,E.coli.JM109.final.genome,2979966,2980107,142,MEG_7683|Drugs|Multi-drug_resistance|Multi-drug_ABC_efflux_pumps|VGA,MEG_7683|Drugs|Multi-drug_resistance|Multi-drug_ABC_efflux_pumps|VGA,1575,2963518,2965092,+
Escherichia_coli_JM109,E.coli.JM109.final.genome,2988540,2988932,393,MEG_1744|Multi-compound|Drug_and_biocide_and_metal_resistance|Drug_and_biocide_and_metal_RND_efflux_pumps|CMEE,MEG_1744|Multi-compound|Drug_and_biocide_and_metal_resistance|Drug_and_biocide_and_metal_RND_efflux_pumps|CMEE,741,2973525,2974265,+
Escherichia_coli_JM109,E.coli.JM109.final.genome,3021845,3023337,1493,MEG_1581|Drugs|Phenicol|Chloramphenicol_acetyltransferases|CATA,MEG_1581|Drugs|Phenicol|Chloramphenicol_acetyltransferases|CATA,648,3007178,3007825,+
Escherichia_coli_JM109,E.coli.JM109.final.genome,3119394,3120104,711,MEG_11459|Drugs|Lipopeptides|Colistin_phosphoethanolamine_transferase|MCR,MEG_11459|Drugs|Lipopeptides|Colistin_phosphoethanolamine_transferase|MCR,1620,3103882,3105501,+
Escherichia_coli_JM109,E.coli.JM109.final.genome,3291827,3292855,1029,MEG_2867|Biocides|Acid_resistance|Acid_resistance_regulator|EVGA,MEG_2867|Biocides|Acid_resistance|Acid_resistance_regulator|EVGA,615,3277224,3277838,+
Escherichia_coli_JM109,E.coli.JM109.final.genome,3331071,3331232,162,MEG_4182|Drugs|Metronidazole|nim_nitroimidazole_reductase|NIMD,MEG_4182|Drugs|Metronidazole|nim_nitroimidazole_reductase|NIMD,495,3316054,3316548,+
Escherichia_coli_JM109,E.coli.JM109.final.genome,3332403,3332569,167,MEG_7370|Drugs|Glycopeptides|VanC-type_resistance_protein|VANC,MEG_7370|Drugs|Glycopeptides|VanC-type_resistance_protein|VANC,1032,3317719,3318750,+
Escherichia_coli_JM109,E.coli.JM109.final.genome,3347935,3349473,1539,MEG_3712|Drugs|Lipopeptides|Colistin_phosphoethanolamine_transferase|MCR,MEG_3712|Drugs|Lipopeptides|Colistin_phosphoethanolamine_transferase|MCR,1617,3334116,3335732,+
Escherichia_coli_JM109,E.coli.JM109.final.genome,3349490,3350662,1173,MEG_4191|Drugs|Metronidazole|nim_nitroimidazole_reductase|NIMI,MEG_4191|Drugs|Metronidazole|nim_nitroimidazole_reductase|NIMI,457,3335749,3336205,+
Escherichia_coli_JM109,E.coli.JM109.final.genome,3350789,3351319,531,MEG_2886|Multi-compound|Drug_and_biocide_resistance|Drug_and_biocide_MFS_efflux_pumps|FARB,MEG_2886|Multi-compound|Drug_and_biocide_resistance|Drug_and_biocide_MFS_efflux_pumps|FARB,1527,3336332,3337858,+
Escherichia_coli_JM109,E.coli.JM109.final.genome,3412029,3412712,684,MEG_2898|Multi-compound|Biocide_and_metal_resistance|Biocide_and_metal_ABC_efflux_pumps|FETA,MEG_2898|Multi-compound|Biocide_and_metal_resistance|Biocide_and_metal_ABC_efflux_pumps|FETA,678,3398568,3399245,+
Escherichia_coli_JM109,E.coli.JM109.final.genome,3550209,3550685,477,MEG_7822|Metals|Multi-metal_resistance|Multi-metal_resistance_protein|YFEA,MEG_7822|Metals|Multi-metal_resistance|Multi-metal_resistance_protein|YFEA,972,3536742,3537713,+
Escherichia_coli_JM109,E.coli.JM109.final.genome,3571371,3574484,3114,MEG_4077|Multi-compound|Drug_and_biocide_resistance|Drug_and_biocide_RND_efflux_regulator|MTRA,MEG_4077|Multi-compound|Drug_and_biocide_resistance|Drug_and_biocide_RND_efflux_regulator|MTRA,906,3558399,3559304,+
Escherichia_coli_JM109,E.coli.JM109.final.genome,3605883,3607187,1305,MEG_6585|Drugs|Sulfonamides|Sulfonamide-resistant_dihydropteroate_synthases|SULI,MEG_6585|Drugs|Sulfonamides|Sulfonamide-resistant_dihydropteroate_synthases|SULI,864,3590703,3591566,+
Escherichia_coli_JM109,E.coli.JM109.final.genome,3642583,3643821,1239,MEG_4055|Drugs|Cationic_antimicrobial_peptides|Defensin-resistant_mprF|MPRF,MEG_4055|Drugs|Cationic_antimicrobial_peptides|Defensin-resistant_mprF|MPRF,2598,3626962,3629559,+
Escherichia_coli_JM109,E.coli.JM109.final.genome,3667322,3670915,3594,MEG_1743|Multi-compound|Drug_and_biocide_and_metal_resistance|Drug_and_biocide_and_metal_RND_efflux_pumps|CMED,MEG_1743|Multi-compound|Drug_and_biocide_and_metal_resistance|Drug_and_biocide_and_metal_RND_efflux_pumps|CMED,1275,3653060,3654334,+
Escherichia_coli_JM109,E.coli.JM109.final.genome,3670920,3671534,615,MEG_8088|Drugs|Fosfomycin|Fosfomycin_thiol_transferases|FOSA,MEG_8088|Drugs|Fosfomycin|Fosfomycin_thiol_transferases|FOSA,423,3654339,3654761,+
Escherichia_coli_JM109,E.coli.JM109.final.genome,3671950,3674651,2702,MEG_11305|Drugs|Trimethoprim|Dihydrofolate_reductase|DFRA,MEG_11305|Drugs|Trimethoprim|Dihydrofolate_reductase|DFRA,477,3655177,3655653,+
Escherichia_coli_JM109,E.coli.JM109.final.genome,3788449,3789417,969,MEG_4173|Metals|Nickel_resistance|Nickel_ABC_efflux_pumps|NIKE,MEG_4173|Metals|Nickel_resistance|Nickel_ABC_efflux_pumps|NIKE,807,3769451,3770257,+
Escherichia_coli_JM109,E.coli.JM109.final.genome,3844018,3844261,244,MEG_4183|Drugs|Metronidazole|nim_nitroimidazole_reductase|NIME,MEG_4183|Drugs|Metronidazole|nim_nitroimidazole_reductase|NIME,513,3824858,3825370,+
Escherichia_coli_JM109,E.coli.JM109.final.genome,3844558,3844781,224,MEG_11250|Drugs|Fosfomycin|Fosfomycin_thiol_transferases|FOSL,MEG_11250|Drugs|Fosfomycin|Fosfomycin_thiol_transferases|FOSL,411,3825667,3826077,+
Escherichia_coli_JM109,E.coli.JM109.final.genome,3847873,3849516,1644,MEG_6656|Multi-compound|Biocide_and_metal_resistance|Biocide_and_metal_resistance_protein|TEHB,MEG_6656|Multi-compound|Biocide_and_metal_resistance|Biocide_and_metal_resistance_protein|TEHB,594,3829169,3829762,+
Escherichia_coli_JM109,E.coli.JM109.final.genome,3876614,3877804,1191,MEG_2558|Drugs|Trimethoprim|Dihydrofolate_reductase|DFRB,MEG_2558|Drugs|Trimethoprim|Dihydrofolate_reductase|DFRB,237,3856860,3857096,+
Escherichia_coli_JM109,E.coli.JM109.final.genome,3969076,3969414,339,MEG_3746|Multi-compound|Drug_and_biocide_and_metal_resistance|Drug_and_biocide_and_metal_RND_efflux_pumps|MDTA,MEG_3746|Multi-compound|Drug_and_biocide_and_metal_resistance|Drug_and_biocide_and_metal_RND_efflux_pumps|MDTA,1248,3948368,3949615,+
Escherichia_coli_JM109,E.coli.JM109.final.genome,3969633,3970457,825,MEG_8662|Drugs|Metronidazole|rdxA_nitroimidazole_reductase|RDXA,MEG_8662|Drugs|Metronidazole|rdxA_nitroimidazole_reductase|RDXA,633,3949834,3950466,+
Escherichia_coli_JM109,E.coli.JM109.final.genome,3970578,3970850,273,MEG_2661|Multi-compound|Biocide_and_metal_resistance|Biocide_and_metal_resistance_protein|DPR,MEG_2661|Multi-compound|Biocide_and_metal_resistance|Biocide_and_metal_resistance_protein|DPR,519,3950587,3951105,+
Escherichia_coli_JM109,E.coli.JM109.final.genome,3992573,3994695,2123,MEG_8801|Drugs|Lipopeptides|Colistin_phosphoethanolamine_transferase|MCR,MEG_8801|Drugs|Lipopeptides|Colistin_phosphoethanolamine_transferase|MCR,1620,3972828,3974447,+
Escherichia_coli_JM109,E.coli.JM109.final.genome,3996108,4003555,7448,MEG_273|Drugs|Aminoglycosides|Aminoglycoside_N-acetyltransferases|AAC6-PRIME,MEG_273|Drugs|Aminoglycosides|Aminoglycoside_N-acetyltransferases|AAC6-PRIME,555,3975860,3976414,+
Escherichia_coli_JM109,E.coli.JM109.final.genome,4015959,4017811,1853,MEG_2828|Drugs|MLS|23S_rRNA_methyltransferases|ERMF,MEG_2828|Drugs|MLS|23S_rRNA_methyltransferases|ERMF,801,3988818,3989618,+
Escherichia_coli_JM109,E.coli.JM109.final.genome,4057957,4059123,1167,MEG_713|Metals|Arsenic_resistance|Arsenite_oxidase|AIOB,MEG_713|Metals|Arsenic_resistance|Arsenite_oxidase|AIOB,522,4029764,4030285,+
Escherichia_coli_JM109,E.coli.JM109.final.genome,4097913,4099318,1406,MEG_11358|Drugs|Organoarsenicals|Arsinothricin_resistance_N-acetyltransferases|ARSN1,MEG_11358|Drugs|Organoarsenicals|Arsinothricin_resistance_N-acetyltransferases|ARSN1,543,4069075,4069617,+
Escherichia_coli_JM109,E.coli.JM109.final.genome,4115545,4116195,651,MEG_6579|Drugs|Sulfonamides|Sulfonamide-resistant_dihydropteroate_synthases|SULI,MEG_6579|Drugs|Sulfonamides|Sulfonamide-resistant_dihydropteroate_synthases|SULI,840,4085844,4086683,+
Escherichia_coli_JM109,E.coli.JM109.final.genome,4122329,4122502,174,MEG_4190|Drugs|Metronidazole|nim_nitroimidazole_reductase|NIMI,MEG_4190|Drugs|Metronidazole|nim_nitroimidazole_reductase|NIMI,457,4092817,4093273,+
Escherichia_coli_JM109,E.coli.JM109.final.genome,4132357,4132584,228,MEG_3871|Metals|Mercury_resistance|Mercury_resistance_protein|MERG,MEG_3871|Metals|Mercury_resistance|Mercury_resistance_protein|MERG,654,4103128,4103781,+
Escherichia_coli_JM109,E.coli.JM109.final.genome,4197528,4198274,747,MEG_11357|Drugs|Organoarsenicals|Arsinothricin_resistance_N-acetyltransferases|ARSN1,MEG_11357|Drugs|Organoarsenicals|Arsinothricin_resistance_N-acetyltransferases|ARSN1,561,4168725,4169285,+
Escherichia_coli_JM109,E.coli.JM109.final.genome,4212595,4214132,1538,MEG_2810|Drugs|MLS|23S_rRNA_methyltransferases|ERMC,MEG_2810|Drugs|MLS|23S_rRNA_methyltransferases|ERMC,735,4183606,4184340,+
Escherichia_coli_JM109,E.coli.JM109.final.genome,4214211,4215143,933,MEG_8238|Drugs|Lipopeptides|Colistin_phosphoethanolamine_transferase|MCR,MEG_8238|Drugs|Lipopeptides|Colistin_phosphoethanolamine_transferase|MCR,1620,4184419,4186038,+
Escherichia_coli_JM109,E.coli.JM109.final.genome,4250540,4251106,567,MEG_3061|Multi-compound|Biocide_and_metal_resistance|Biocide_and_metal_resistance_protein|FRNE,MEG_3061|Multi-compound|Biocide_and_metal_resistance|Biocide_and_metal_resistance_protein|FRNE,759,4221435,4222193,+
Escherichia_coli_JM109,E.coli.JM109.final.genome,4411964,4413337,1374,MEG_945|Drugs|Aminoglycosides|Aminoglycoside_O-nucleotidyltransferases|ANT3-DPRIME,MEG_945|Drugs|Aminoglycosides|Aminoglycoside_O-nucleotidyltransferases|ANT3-DPRIME,798,4383051,4383848,+
Escherichia_coli_JM109,E.coli.JM109.final.genome,4420835,4421416,582,MEG_11361|Metals|Arsenic_resistance|Arsenic_resistance_N-acetyltransferases|ARSN2,MEG_11361|Metals|Arsenic_resistance|Arsenic_resistance_N-acetyltransferases|ARSN2,495,4391346,4391840,+
Escherichia_coli_JM109,E.coli.JM109.final.genome,4483326,4484007,682,MEG_3691|Drugs|Lipopeptides|Colistin_phosphoethanolamine_transferase|MCR,MEG_3691|Drugs|Lipopeptides|Colistin_phosphoethanolamine_transferase|MCR,1407,4453750,4455156,+
Escherichia_coli_JM109,E.coli.JM109.final.genome,4485143,4485478,336,MEG_3140|Multi-compound|Biocide_and_metal_resistance|Biocide_and_metal_resistance_protein|GLPF,MEG_3140|Multi-compound|Biocide_and_metal_resistance|Biocide_and_metal_resistance_protein|GLPF,846,4456292,4457137,+
Escherichia_coli_b2207,E.coli.b2207.final.plasmid,13158,16607,3450,MEG_11312|Drugs|Fosfomycin|Fosfomycin_thiol_transferases|FOSA,MEG_11312|Drugs|Fosfomycin|Fosfomycin_thiol_transferases|FOSA,408,13158,13565,+
Escherichia_coli_b2207,E.coli.b2207.final.genome,60261,61370,1110,MEG_7643|Biocides|Multi-biocide_resistance|Multi-biocide_MATE_efflux_pump|VCRM,MEG_7643|Biocides|Multi-biocide_resistance|Multi-biocide_MATE_efflux_pump|VCRM,1338,60261,61598,+
Escherichia_coli_b2207,E.coli.b2207.final.genome,74333,75490,1158,MEG_5816|Metals|Arsenic_resistance|Arsenic_resistance_protein|PSTS,MEG_5816|Metals|Arsenic_resistance|Arsenic_resistance_protein|PSTS,1041,74561,75601,+
Escherichia_coli_b2207,E.coli.b2207.final.genome,149857,151602,1746,MEG_11324|Metals|Arsenic_resistance|Arsenic_resistance_protein|ARSB,MEG_11324|Metals|Arsenic_resistance|Arsenic_resistance_protein|ARSB,1080,149968,151047,+
Escherichia_coli_b2207,E.coli.b2207.final.genome,171642,174791,3150,MEG_3675|Drugs|Lipopeptides|Colistin_phosphoethanolamine_transferase|MCR,MEG_3675|Drugs|Lipopeptides|Colistin_phosphoethanolamine_transferase|MCR,1623,171087,172709,+
Escherichia_coli_b2207,E.coli.b2207.final.genome,174814,176007,1194,MEG_10192|Drugs|Multi-drug_resistance|Multi-drug_ABC_efflux_pumps|SALE,MEG_10192|Drugs|Multi-drug_resistance|Multi-drug_ABC_efflux_pumps|SALE,1632,172732,174363,+
Escherichia_coli_b2207,E.coli.b2207.final.genome,199251,201755,2505,MEG_11497|Drugs|Metronidazole|nim_nitroimidazole_reductase|NIMI,MEG_11497|Drugs|Metronidazole|nim_nitroimidazole_reductase|NIMI,498,197607,198104,+
Escherichia_coli_b2207,E.coli.b2207.final.genome,204369,204776,408,MEG_6560|Biocides|Multi-biocide_resistance|Multi-biocide_RND_efflux_pump|SRPB,MEG_6560|Biocides|Multi-biocide_resistance|Multi-biocide_RND_efflux_pump|SRPB,3150,200718,203867,+
Escherichia_coli_b2207,E.coli.b2207.final.genome,206295,207738,1444,MEG_3453|Metals|Tellurium_resistance|Tellurium_resistance_protein|KLAC,MEG_3453|Metals|Tellurium_resistance|Tellurium_resistance_protein|KLAC,954,205386,206339,+
Escherichia_coli_b2207,E.coli.b2207.final.genome,268365,269381,1017,MEG_2802|Drugs|MLS|23S_rRNA_methyltransferases|ERMB,MEG_2802|Drugs|MLS|23S_rRNA_methyltransferases|ERMB,738,266966,267703,+
Escherichia_coli_b2207,E.coli.b2207.final.genome,310050,312165,2116,MEG_7684|Drugs|Multi-drug_resistance|Multi-drug_ABC_efflux_pumps|VGA,MEG_7684|Drugs|Multi-drug_resistance|Multi-drug_ABC_efflux_pumps|VGA,1569,308372,309940,+
Escherichia_coli_b2207,E.coli.b2207.final.genome,312322,313695,1374,MEG_3141|Multi-compound|Biocide_and_metal_resistance|Biocide_and_metal_resistance_protein|GLPF,MEG_3141|Multi-compound|Biocide_and_metal_resistance|Biocide_and_metal_resistance_protein|GLPF,846,310097,310942,+
Escherichia_coli_b2207,E.coli.b2207.final.genome,313853,314185,333,MEG_10013|Multi-compound|Drug_and_biocide_and_metal_resistance|Drug_and_biocide_and_metal_RND_efflux_regulator|BAES,MEG_10013|Multi-compound|Drug_and_biocide_and_metal_resistance|Drug_and_biocide_and_metal_RND_efflux_regulator|BAES,1404,311100,312503,+
Escherichia_coli_b2207,E.coli.b2207.final.genome,314201,315424,1224,MEG_4090|Drugs|Mupirocin|Mupirocin-resistant_isoleucyl-tRNA_synthetase|MUPA,MEG_4090|Drugs|Mupirocin|Mupirocin-resistant_isoleucyl-tRNA_synthetase|MUPA,3075,312519,315593,+
Escherichia_coli_b2207,E.coli.b2207.final.genome,315436,318579,3144,MEG_2702|Biocides|Acid_resistance|Acid_resistance_protein|EEFX,MEG_2702|Biocides|Acid_resistance|Acid_resistance_protein|EEFX,186,315605,315790,+
Escherichia_coli_b2207,E.coli.b2207.final.genome,383022,384923,1902,MEG_4273|Drugs|betalactams|Class_A_betalactamases|OKP,MEG_4273|Drugs|betalactams|Class_A_betalactamases|OKP,846,380233,381078,+
Escherichia_coli_b2207,E.coli.b2207.final.genome,398489,400099,1611,MEG_4214|Drugs|Aminocoumarins|Aminocoumarin_efflux_pump|NOVA,MEG_4214|Drugs|Aminocoumarins|Aminocoumarin_efflux_pump|NOVA,1848,394644,396491,+
Escherichia_coli_b2207,E.coli.b2207.final.genome,404850,406388,1539,MEG_2096|Metals|Cobalt_resistance|Cobalt_transporting_ATPase|CORT,MEG_2096|Metals|Cobalt_resistance|Cobalt_transporting_ATPase|CORT,1929,401242,403170,+
Escherichia_coli_b2207,E.coli.b2207.final.genome,406413,407235,823,MEG_7637|Multi-compound|Drug_and_biocide_resistance|Drug_and_biocide_RND_efflux_pumps|VCEA,MEG_7637|Multi-compound|Drug_and_biocide_resistance|Drug_and_biocide_RND_efflux_pumps|VCEA,1188,403195,404382,+
Escherichia_coli_b2207,E.coli.b2207.final.genome,432228,432371,144,MEG_4171|Metals|Nickel_resistance|Nickel_ABC_efflux_pumps|NIKD,MEG_4171|Metals|Nickel_resistance|Nickel_ABC_efflux_pumps|NIKD,765,429375,430139,+
Escherichia_coli_b2207,E.coli.b2207.final.genome,436333,437010,678,MEG_6596|Drugs|Sulfonamides|Sulfonamide-resistant_dihydropteroate_synthases|SULI,MEG_6596|Drugs|Sulfonamides|Sulfonamide-resistant_dihydropteroate_synthases|SULI,840,434101,434940,+
Escherichia_coli_b2207,E.coli.b2207.final.genome,498945,499886,942,MEG_6140|Biocides|Multi-biocide_resistance|Multi-biocide_resistance_regulator|RPOS,MEG_6140|Biocides|Multi-biocide_resistance|Multi-biocide_resistance_regulator|RPOS,1089,496875,497963,+
Escherichia_coli_b2207,E.coli.b2207.final.genome,508919,509707,789,MEG_2482|Drugs|Trimethoprim|Dihydrofolate_reductase|DFRA,MEG_2482|Drugs|Trimethoprim|Dihydrofolate_reductase|DFRA,474,506996,507469,+
Escherichia_coli_b2207,E.coli.b2207.final.genome,510152,511615,1464,MEG_8237|Drugs|Lipopeptides|Colistin_phosphoethanolamine_transferase|MCR,MEG_8237|Drugs|Lipopeptides|Colistin_phosphoethanolamine_transferase|MCR,1626,507914,509539,+
Escherichia_coli_b2207,E.coli.b2207.final.genome,511617,512675,1059,MEG_933|Drugs|Aminoglycosides|Aminoglycoside_O-nucleotidyltransferases|ANT3-DPRIME,MEG_933|Drugs|Aminoglycosides|Aminoglycoside_O-nucleotidyltransferases|ANT3-DPRIME,792,509541,510332,+
Escherichia_coli_b2207,E.coli.b2207.final.genome,568246,568713,468,MEG_2148|Drugs|betalactams|Class_A_betalactamases|CTX,MEG_2148|Drugs|betalactams|Class_A_betalactamases|CTX,876,565903,566778,+
Escherichia_coli_b2207,E.coli.b2207.final.genome,598736,599968,1233,MEG_3885|Metals|Mercury_resistance|Mercury_resistance_regulator|MERR1,MEG_3885|Metals|Mercury_resistance|Mercury_resistance_regulator|MERR1,399,596801,597199,+
Escherichia_coli_b2207,E.coli.b2207.final.genome,606247,606969,723,MEG_6603|Drugs|Sulfonamides|Sulfonamide-resistant_dihydropteroate_synthases|SULI,MEG_6603|Drugs|Sulfonamides|Sulfonamide-resistant_dihydropteroate_synthases|SULI,840,603478,604317,+
Escherichia_coli_b2207,E.coli.b2207.final.genome,706174,706618,445,MEG_4276|Drugs|MLS|MLS_resistance_ABC_efflux_pumps|OLEC,MEG_4276|Drugs|MLS|MLS_resistance_ABC_efflux_pumps|OLEC,978,703522,704499,+
Escherichia_coli_b2207,E.coli.b2207.final.genome,782629,784377,1749,MEG_2471|Metals|Multi-metal_resistance|Multi-metal_RND_efflux_pumps|CZCP,MEG_2471|Metals|Multi-metal_resistance|Multi-metal_RND_efflux_pumps|CZCP,2490,780510,782999,+
Escherichia_coli_b2207,E.coli.b2207.final.genome,835027,836104,1078,MEG_1135|Drugs|Rifampin|Rifampin_ADP-ribosyltransferase_Arr|ARR,MEG_1135|Drugs|Rifampin|Rifampin_ADP-ribosyltransferase_Arr|ARR,543,833649,834191,+
Escherichia_coli_b2207,E.coli.b2207.final.genome,970364,971590,1227,MEG_1133|Drugs|Rifampin|Rifampin_ADP-ribosyltransferase_Arr|ARR,MEG_1133|Drugs|Rifampin|Rifampin_ADP-ribosyltransferase_Arr|ARR,453,968451,968903,+
Escherichia_coli_b2207,E.coli.b2207.final.genome,980219,981427,1209,MEG_7298|Biocides|Multi-biocide_resistance|Multi-biocide_RND_efflux_regulator|TTGV,MEG_7298|Biocides|Multi-biocide_resistance|Multi-biocide_RND_efflux_regulator|TTGV,780,977532,978311,+
Escherichia_coli_b2207,E.coli.b2207.final.genome,1024302,1024934,633,MEG_7174|Drugs|Tetracyclines|Tetracycline_resistance_ribosomal_protection_proteins|TETO,MEG_7174|Drugs|Tetracyclines|Tetracycline_resistance_ribosomal_protection_proteins|TETO,1889,1021186,1023074,+
Escherichia_coli_b2207,E.coli.b2207.final.genome,1025175,1025432,258,MEG_8014|Drugs|Phenicol|Chloramphenicol_acetyltransferases|CATT,MEG_8014|Drugs|Phenicol|Chloramphenicol_acetyltransferases|CATT,660,1023315,1023974,+
Escherichia_coli_b2207,E.coli.b2207.final.genome,1068455,1068721,267,MEG_714|Metals|Arsenic_resistance|Arsenite_oxidase|AIOE,MEG_714|Metals|Arsenic_resistance|Arsenite_oxidase|AIOE,1047,1066997,1068043,+
Escherichia_coli_b2207,E.coli.b2207.final.genome,1094751,1095287,537,MEG_5954|Drugs|Fluoroquinolones|Quinolone_resistance_protein_Qnr|QNRB,MEG_5954|Drugs|Fluoroquinolones|Quinolone_resistance_protein_Qnr|QNRB,645,1094073,1094717,+
Escherichia_coli_b2207,E.coli.b2207.final.genome,1095427,1096968,1542,MEG_3872|Metals|Mercury_resistance|Mercury_resistance_protein|MERH,MEG_3872|Metals|Mercury_resistance|Mercury_resistance_protein|MERH,516,1094857,1095372,+
Escherichia_coli_b2207,E.coli.b2207.final.genome,1121043,1121321,279,MEG_5423|Metals|Multi-metal_resistance|Multi-metal_resistance_regulator|PCOE,MEG_5423|Metals|Multi-metal_resistance|Multi-metal_resistance_regulator|PCOE,435,1119447,1119881,+
Escherichia_coli_b2207,E.coli.b2207.final.genome,1133002,1134102,1101,MEG_1154|Metals|Arsenic_resistance|Arsenic_resistance_protein|ARSC,MEG_1154|Metals|Arsenic_resistance|Arsenic_resistance_protein|ARSC,396,1131562,1131957,+
Escherichia_coli_b2207,E.coli.b2207.final.genome,1154762,1155175,414,MEG_11506|Drugs|Aminoglycosides|Aminoglycoside_O-nucleotidyltransferases|ANT6,MEG_11506|Drugs|Aminoglycosides|Aminoglycoside_O-nucleotidyltransferases|ANT6,669,1152617,1153285,+
Escherichia_coli_b2207,E.coli.b2207.final.genome,1267383,1268171,789,MEG_6573|Biocides|Multi-biocide_resistance|Multi-biocide_SMR_efflux_pump|SSME,MEG_6573|Biocides|Multi-biocide_resistance|Multi-biocide_SMR_efflux_pump|SSME,333,1265493,1265825,+
Escherichia_coli_b2207,E.coli.b2207.final.genome,1392215,1393797,1583,MEG_7867|Metals|Zinc_resistance|Zinc_resistance_regulator|ZUR,MEG_7867|Metals|Zinc_resistance|Zinc_resistance_regulator|ZUR,576,1389869,1390444,+
Escherichia_coli_b2207,E.coli.b2207.final.genome,1464864,1466399,1536,MEG_11241|Drugs|Fosfomycin|Fosfomycin_thiol_transferases|FOSA,MEG_11241|Drugs|Fosfomycin|Fosfomycin_thiol_transferases|FOSA,420,1461511,1461930,+
Escherichia_coli_b2207,E.coli.b2207.final.genome,1466555,1467951,1397,MEG_4295|Drugs|Multi-drug_resistance|Multi-drug_RND_efflux_pumps|OPRA,MEG_4295|Drugs|Multi-drug_resistance|Multi-drug_RND_efflux_pumps|OPRA,1404,1462086,1463489,+
Escherichia_coli_b2207,E.coli.b2207.final.genome,1478829,1479590,762,MEG_2700|Drugs|Cationic_antimicrobial_peptides|Edeine_acetyltransferase|EDEQ,MEG_2700|Drugs|Cationic_antimicrobial_peptides|Edeine_acetyltransferase|EDEQ,438,1474367,1474804,+
Escherichia_coli_b2207,E.coli.b2207.final.genome,1480110,1482389,2280,MEG_1886|Drugs|betalactams|Class_C_betalactamases|CMY,MEG_1886|Drugs|betalactams|Class_C_betalactamases|CMY,1146,1475324,1476469,+
Escherichia_coli_b2207,E.coli.b2207.final.genome,1516356,1516790,435,MEG_7335|Drugs|Glycopeptides|VanA-type_resistance_protein|VAN,MEG_7335|Drugs|Glycopeptides|VanA-type_resistance_protein|VAN,972,1510436,1511407,+
Escherichia_coli_b2207,E.coli.b2207.final.genome,1516804,1517193,390,MEG_6157|Drugs|Nucleosides|Streptothricin_acetyltransferase|SAT,MEG_6157|Drugs|Nucleosides|Streptothricin_acetyltransferase|SAT,525,1511421,1511945,+
Escherichia_coli_b2207,E.coli.b2207.final.genome,1521340,1521732,393,MEG_2876|Biocides|Phenolic_compound_resistance|Phenolic_resistance_protein|FABK,MEG_2876|Biocides|Phenolic_compound_resistance|Phenolic_resistance_protein|FABK,975,1516092,1517066,+
Escherichia_coli_b2207,E.coli.b2207.final.genome,1552245,1552580,336,MEG_2016|Metals|Multi-metal_resistance|Multi-metal_resistance_regulator|COAR,MEG_2016|Metals|Multi-metal_resistance|Multi-metal_resistance_regulator|COAR,1113,1547579,1548691,+
Escherichia_coli_b2207,E.coli.b2207.final.genome,1553716,1554397,682,MEG_11310|Drugs|Fosfomycin|Fosfomycin_thiol_transferases|FOSA,MEG_11310|Drugs|Fosfomycin|Fosfomycin_thiol_transferases|FOSA,432,1549827,1550258,+
Escherichia_coli_b2207,E.coli.b2207.final.genome,1616271,1616852,582,MEG_10048|Drugs|Lipopeptides|Polymyxin_resistant_aminoacyl_carrier_protein|ALMF,MEG_10048|Drugs|Lipopeptides|Polymyxin_resistant_aminoacyl_carrier_protein|ALMF,237,1612132,1612368,+
Escherichia_coli_b2207,E.coli.b2207.final.genome,1624423,1625796,1374,MEG_2766|Drugs|MLS|23S_rRNA_methyltransferases|ERM,MEG_2766|Drugs|MLS|23S_rRNA_methyltransferases|ERM,732,1619939,1620670,+
Escherichia_coli_b2207,E.coli.b2207.final.genome,1787745,1788311,567,MEG_5862|Drugs|Fluoroquinolones|Quinolone_active_efflux|QEPA,MEG_5862|Drugs|Fluoroquinolones|Quinolone_active_efflux|QEPA,1521,1782619,1784139,+
Escherichia_coli_b2207,E.coli.b2207.final.genome,1823708,1824640,933,MEG_2051|Metals|Copper_resistance|Copper_resistance_protein|COPD,MEG_2051|Metals|Copper_resistance|Copper_resistance_protein|COPD,930,1819536,1820465,+
Escherichia_coli_b2207,E.coli.b2207.final.genome,1824719,1826256,1538,MEG_5421|Metals|Copper_resistance|Copper_resistance_protein|PCOD,MEG_5421|Metals|Copper_resistance|Copper_resistance_protein|PCOD,924,1820544,1821467,+
Escherichia_coli_b2207,E.coli.b2207.final.genome,1840577,1841323,747,MEG_1063|Drugs|Aminoglycosides|Aminoglycoside_O-phosphotransferases|APH3-PRIME,MEG_1063|Drugs|Aminoglycosides|Aminoglycoside_O-phosphotransferases|APH3-PRIME,780,1835788,1836567,+
Escherichia_coli_b2207,E.coli.b2207.final.genome,1904213,1904440,228,MEG_1160|Metals|Arsenic_resistance|Arsenic_resistance_protein|ARSC,MEG_1160|Metals|Arsenic_resistance|Arsenic_resistance_protein|ARSC,396,1899457,1899852,+
Escherichia_coli_b2207,E.coli.b2207.final.genome,1920526,1921176,651,MEG_3733|Metals|Copper_resistance|Copper_resistance_protein|MCTB,MEG_3733|Metals|Copper_resistance|Copper_resistance_protein|MCTB,960,1915938,1916897,+
Escherichia_coli_b2207,E.coli.b2207.final.genome,1927225,1930816,3592,MEG_7412|Drugs|Glycopeptides|VanA-type_resistance_protein|VANHA,MEG_7412|Drugs|Glycopeptides|VanA-type_resistance_protein|VANHA,2607,1922946,1925552,+
Escherichia_coli_b2207,E.coli.b2207.final.genome,1963045,1964450,1406,MEG_3827|Drugs|MLS|MLS_resistance_MFS_efflux_pumps|MEFB,MEG_3827|Drugs|MLS|MLS_resistance_MFS_efflux_pumps|MEFB,1230,1957781,1959010,+
Escherichia_coli_b2207,E.coli.b2207.final.genome,2021603,2022769,1167,MEG_1779|Drugs|Multi-drug_resistance|Multi-drug_MFS_efflux_pumps|CMR,MEG_1779|Drugs|Multi-drug_resistance|Multi-drug_MFS_efflux_pumps|CMR,1380,2016163,2017542,+
Escherichia_coli_b2207,E.coli.b2207.final.genome,2062383,2064236,1854,MEG_711|Metals|Arsenic_resistance|Arsenite_oxidase|AIOA,MEG_711|Metals|Arsenic_resistance|Arsenite_oxidase|AIOA,2481,2057156,2059636,+
Escherichia_coli_b2207,E.coli.b2207.final.genome,2075907,2083354,7448,MEG_2021|Metals|Copper_resistance|Copper_resistance_protein|COPA,MEG_2021|Metals|Copper_resistance|Copper_resistance_protein|COPA,1926,2071307,2073232,+
Escherichia_coli_b2207,E.coli.b2207.final.genome,2084767,2086889,2123,MEG_1046|Drugs|Aminoglycosides|Aminoglycoside_O-phosphotransferases|APH3-DPRIME,MEG_1046|Drugs|Aminoglycosides|Aminoglycoside_O-phosphotransferases|APH3-DPRIME,804,2074645,2075448,+
Escherichia_coli_b2207,E.coli.b2207.final.genome,2106292,2106564,273,MEG_5412|Metals|Lead_resistance|Lead_P-type_ATPase_transporter|PBRD,MEG_5412|Metals|Lead_resistance|Lead_P-type_ATPase_transporter|PBRD,870,2094851,2095720,+
Escherichia_coli_b2207,E.coli.b2207.final.genome,2106685,2107509,825,MEG_1579|Drugs|Phenicol|Chloramphenicol_acetyltransferases|CATA,MEG_1579|Drugs|Phenicol|Chloramphenicol_acetyltransferases|CATA,648,2095841,2096488,+
Escherichia_coli_b2207,E.coli.b2207.final.genome,2107728,2108066,339,MEG_11245|Drugs|Fosfomycin|Fosfomycin_thiol_transferases|FOSA,MEG_11245|Drugs|Fosfomycin|Fosfomycin_thiol_transferases|FOSA,423,2096707,2097129,+
Escherichia_coli_b2207,E.coli.b2207.final.genome,2200269,2201459,1191,MEG_4168|Metals|Nickel_resistance|Nickel_ABC_efflux_pumps|NIKB,MEG_4168|Metals|Nickel_resistance|Nickel_ABC_efflux_pumps|NIKB,945,2189332,2190276,+
Escherichia_coli_b2207,E.coli.b2207.final.genome,2227359,2229002,1644,MEG_7095|Drugs|Tetracyclines|Tetracycline_resistance_MFS_efflux_pumps|TETL,MEG_7095|Drugs|Tetracyclines|Tetracycline_resistance_MFS_efflux_pumps|TETL,1377,2216176,2217552,+
Escherichia_coli_b2207,E.coli.b2207.final.genome,2232094,2232317,224,MEG_11228|Metals|Mercury_resistance|Mercury_resistance_protein|MERB,MEG_11228|Metals|Mercury_resistance|Mercury_resistance_protein|MERB,657,2220644,2221300,+
Escherichia_coli_b2207,E.coli.b2207.final.genome,2232614,2232857,244,MEG_2807|Drugs|MLS|23S_rRNA_methyltransferases|ERMB,MEG_2807|Drugs|MLS|23S_rRNA_methyltransferases|ERMB,735,2221597,2222331,+
Escherichia_coli_b2207,E.coli.b2207.final.genome,2287459,2288427,969,MEG_7579|Drugs|Glycopeptides|VanC-type_resistance_protein|VANXYC,MEG_7579|Drugs|Glycopeptides|VanC-type_resistance_protein|VANXYC,573,2276933,2277505,+
Escherichia_coli_b2207,E.coli.b2207.final.genome,2390785,2393486,2702,MEG_4377|Multi-compound|Biocide_and_metal_resistance|Biocide_and_metal_resistance_protein|OSCA,MEG_4377|Multi-compound|Biocide_and_metal_resistance|Biocide_and_metal_resistance_protein|OSCA,183,2379863,2380045,+
Escherichia_coli_b2207,E.coli.b2207.final.genome,2393902,2394516,615,MEG_6058|Drugs|MLS|23S_rRNA_methyltransferases|RLMH,MEG_6058|Drugs|MLS|23S_rRNA_methyltransferases|RLMH,480,2380461,2380940,+
Escherichia_coli_b2207,E.coli.b2207.final.genome,2394521,2398114,3594,MEG_7168|Drugs|Tetracyclines|Tetracycline_resistance_ribosomal_protection_proteins|TETO,MEG_7168|Drugs|Tetracyclines|Tetracycline_resistance_ribosomal_protection_proteins|TETO,1920,2380945,2382864,+
Escherichia_coli_b2207,E.coli.b2207.final.genome,2421615,2422853,1239,MEG_3873|Metals|Mercury_resistance|Mercury_resistance_protein|MERP,MEG_3873|Metals|Mercury_resistance|Mercury_resistance_protein|MERP,276,2406365,2406640,+
Escherichia_coli_b2207,E.coli.b2207.final.genome,2456900,2458204,1305,MEG_4329|Multi-compound|Drug_and_biocide_resistance|Drug_and_biocide_RND_efflux_pumps|OQXA,MEG_4329|Multi-compound|Drug_and_biocide_resistance|Drug_and_biocide_RND_efflux_pumps|OQXA,1176,2440687,2441862,+
Escherichia_coli_b2207,E.coli.b2207.final.genome,2489603,2492716,3114,MEG_2880|Drugs|Elfamycins|Elfamycin_efflux_pumps|FACT,MEG_2880|Drugs|Elfamycins|Elfamycin_efflux_pumps|FACT,1680,2473261,2474940,+
Escherichia_coli_b2207,E.coli.b2207.final.genome,2513402,2513878,477,MEG_6614|Drugs|Sulfonamides|Sulfonamide-resistant_dihydropteroate_synthases|SULI,MEG_6614|Drugs|Sulfonamides|Sulfonamide-resistant_dihydropteroate_synthases|SULI,837,2495626,2496462,+
Escherichia_coli_b2207,E.coli.b2207.final.genome,2652715,2653398,684,MEG_3005|Drugs|Fosfomycin|Fosfomycin_thiol_transferases|FOSB,MEG_3005|Drugs|Fosfomycin|Fosfomycin_thiol_transferases|FOSB,420,2635299,2635718,+
Escherichia_coli_b2207,E.coli.b2207.final.genome,2692084,2692614,531,MEG_6166|Drugs|Nucleosides|Streptothricin_acetyltransferase|SAT,MEG_6166|Drugs|Nucleosides|Streptothricin_acetyltransferase|SAT,543,2674404,2674946,+
Escherichia_coli_b2207,E.coli.b2207.final.genome,2692741,2693913,1173,MEG_4275|Drugs|MLS|MLS_resistance_ABC_efflux_pumps|OLEB,MEG_4275|Drugs|MLS|MLS_resistance_ABC_efflux_pumps|OLEB,1710,2675073,2676782,+
Escherichia_coli_b2207,E.coli.b2207.final.genome,2693930,2695468,1539,MEG_7788|Biocides|Multi-biocide_resistance|Multi-biocide_RND_efflux_pump|VMEE,MEG_7788|Biocides|Multi-biocide_resistance|Multi-biocide_RND_efflux_pump|VMEE,1095,2676799,2677893,+
Escherichia_coli_b2207,E.coli.b2207.final.genome,2747870,2748893,1024,MEG_3898|Metals|Mercury_resistance|Mercury_resistance_protein|MERT,MEG_3898|Metals|Mercury_resistance|Mercury_resistance_protein|MERT,351,2730295,2730645,+
Escherichia_coli_b2207,E.coli.b2207.final.genome,2927458,2928168,711,MEG_3839|Metals|Mercury_resistance|Mercury_resistance_protein|MERA,MEG_3839|Metals|Mercury_resistance|Mercury_resistance_protein|MERA,359,2909210,2909568,+
Escherichia_coli_b2207,E.coli.b2207.final.genome,3105187,3106679,1493,MEG_8857|Drugs|betalactams|Class_A_betalactamases|CTX,MEG_8857|Drugs|betalactams|Class_A_betalactamases|CTX,876,3086587,3087462,+
Escherichia_coli_b2207,E.coli.b2207.final.genome,3139592,3139984,393,MEG_11371|Drugs|MLS|Macrolide_esterases|BRB,MEG_11371|Drugs|MLS|Macrolide_esterases|BRB,852,3120375,3121226,+
Escherichia_coli_b2207,E.coli.b2207.final.genome,3148417,3149904,1488,MEG_7270|Metals|Multi-metal_resistance|Multi-metal_resistance_regulator|TRGB,MEG_7270|Metals|Multi-metal_resistance|Multi-metal_resistance_regulator|TRGB,1086,3129659,3130744,+
Escherichia_coli_b2207,E.coli.b2207.final.genome,3152834,3153631,798,MEG_8087|Biocides|Aldehyde_resistance|Aldehyde_degradation|FORMA,MEG_8087|Biocides|Aldehyde_resistance|Aldehyde_degradation|FORMA,1110,3133674,3134783,+
Escherichia_coli_b2207,E.coli.b2207.final.genome,3173525,3174346,822,MEG_2561|Drugs|Trimethoprim|Dihydrofolate_reductase|DFRB,MEG_2561|Drugs|Trimethoprim|Dihydrofolate_reductase|DFRB,237,3154677,3154913,+
Escherichia_coli_b2207,E.coli.b2207.final.genome,3185942,3186707,766,MEG_2483|Drugs|Trimethoprim|Dihydrofolate_reductase|DFRA,MEG_2483|Drugs|Trimethoprim|Dihydrofolate_reductase|DFRA,498,3166509,3167006,+
Escherichia_coli_b2207,E.coli.b2207.final.genome,3356799,3357113,315,MEG_2465|Metals|Multi-metal_resistance|Multi-metal_RND_efflux_regulator|CZCC,MEG_2465|Metals|Multi-metal_resistance|Multi-metal_RND_efflux_regulator|CZCC,1431,3337098,3338528,+
Escherichia_coli_b2207,E.coli.b2207.final.genome,3385547,3386209,663,MEG_4160|Metals|Chromium_resistance|Chromium_resistance_protein|NFSA,MEG_4160|Metals|Chromium_resistance|Chromium_resistance_protein|NFSA,723,3366962,3367684,+
Escherichia_coli_b2207,E.coli.b2207.final.genome,3386608,3387765,1158,MEG_11442|Multi-compound|Drug_and_biocide_and_metal_resistance|Drug_and_biocide_and_metal_RND_efflux_pumps|CMEA,MEG_11442|Multi-compound|Drug_and_biocide_and_metal_resistance|Drug_and_biocide_and_metal_RND_efflux_pumps|CMEA,1104,3368083,3369186,+
Escherichia_coli_b2207,E.coli.b2207.final.genome,3387777,3390881,3105,MEG_3254|Biocides|Acid_resistance|Acid_resistance_protein|HDEB,MEG_3254|Biocides|Acid_resistance|Acid_resistance_protein|HDEB,327,3369198,3369524,+
Escherichia_coli_b2207,E.coli.b2207.final.genome,3411425,3411850,426,MEG_7633|Drugs|MLS|Streptogramin_A_O-acetyltransferase|VATF,MEG_7633|Drugs|MLS|Streptogramin_A_O-acetyltransferase|VATF,666,3390068,3390733,+
Escherichia_coli_b2207,E.coli.b2207.final.genome,3458838,3459470,633,MEG_7859|Metals|Zinc_resistance|Zinc_resistance_protein|ZNUC,MEG_7859|Metals|Zinc_resistance|Zinc_resistance_protein|ZNUC,756,3437721,3438476,+
Escherichia_coli_b2207,E.coli.b2207.final.genome,3578394,3580592,2199,MEG_8796|Drugs|Lipopeptides|Colistin_phosphoethanolamine_transferase|MCR,MEG_8796|Drugs|Lipopeptides|Colistin_phosphoethanolamine_transferase|MCR,1623,3557400,3559022,+
Escherichia_coli_b2207,E.coli.b2207.final.genome,3585610,3590525,4916,MEG_1726|Drugs|Multi-drug_resistance|MDR_23S_ribosomal_RNA_methyltransferase|CLBA,MEG_1726|Drugs|Multi-drug_resistance|MDR_23S_ribosomal_RNA_methyltransferase|CLBA,1050,3564040,3565089,+
Escherichia_coli_b2207,E.coli.b2207.final.genome,3590531,3590962,432,MEG_4071|Drugs|MLS|MLS_resistance_ABC_efflux_pumps|MSRC,MEG_4071|Drugs|MLS|MLS_resistance_ABC_efflux_pumps|MSRC,1479,3565095,3566573,+
Escherichia_coli_b2207,E.coli.b2207.final.genome,3608494,3608928,435,MEG_1209|Multi-compound|Drug_and_biocide_resistance|Drug_and_biocide_MFS_efflux_pumps|BCR,MEG_1209|Multi-compound|Drug_and_biocide_resistance|Drug_and_biocide_MFS_efflux_pumps|BCR,1134,3584105,3585238,+
Escherichia_coli_b2207,E.coli.b2207.final.genome,3609146,3611223,2078,MEG_3693|Drugs|Lipopeptides|Colistin_phosphoethanolamine_transferase|MCR,MEG_3693|Drugs|Lipopeptides|Colistin_phosphoethanolamine_transferase|MCR,1698,3585456,3587153,+
Escherichia_coli_b2207,E.coli.b2207.final.genome,3611278,3612207,930,MEG_4053|Drugs|Cationic_antimicrobial_peptides|Defensin-resistant_mprF|MPRF,MEG_4053|Drugs|Cationic_antimicrobial_peptides|Defensin-resistant_mprF|MPRF,2544,3587208,3589751,+
Escherichia_coli_b2207,E.coli.b2207.final.genome,3612212,3612592,381,MEG_6606|Drugs|Sulfonamides|Sulfonamide-resistant_dihydropteroate_synthases|SULI,MEG_6606|Drugs|Sulfonamides|Sulfonamide-resistant_dihydropteroate_synthases|SULI,867,3589756,3590622,+
Escherichia_coli_b2207,E.coli.b2207.final.genome,3612632,3613522,891,MEG_7854|Metals|Zinc_resistance|Zinc_resistance_regulator|ZNTR,MEG_7854|Metals|Zinc_resistance|Zinc_resistance_regulator|ZNTR,426,3590662,3591087,+
Escherichia_coli_b2207,E.coli.b2207.final.genome,3613528,3615345,1818,MEG_3132|Multi-compound|Drug_and_biocide_and_metal_resistance|Drug_and_biocide_and_metal_RND_efflux_pumps|GESA,MEG_3132|Multi-compound|Drug_and_biocide_and_metal_resistance|Drug_and_biocide_and_metal_RND_efflux_pumps|GESA,1227,3591093,3592319,+
Escherichia_coli_b2207,E.coli.b2207.final.genome,3617327,3619803,2477,MEG_4169|Metals|Nickel_resistance|Nickel_ABC_efflux_pumps|NIKB,MEG_4169|Metals|Nickel_resistance|Nickel_ABC_efflux_pumps|NIKB,945,3594301,3595245,+
Escherichia_coli_b2207,E.coli.b2207.final.genome,3620432,3623574,3143,MEG_7818|Biocides|Peroxide_resistance|peroxide_resistance_protein|YDEI,MEG_7818|Biocides|Peroxide_resistance|peroxide_resistance_protein|YDEI,393,3595874,3596266,+
Escherichia_coli_b2207,E.coli.b2207.final.genome,3623585,3624877,1293,MEG_504|Multi-compound|Biocide_and_metal_resistance|Biocide_and_metal_resistance_regulator|ACTR,MEG_504|Multi-compound|Biocide_and_metal_resistance|Biocide_and_metal_resistance_regulator|ACTR,585,3596277,3596861,+
Escherichia_coli_b2207,E.coli.b2207.final.genome,3624991,3625344,354,MEG_2875|Biocides|Phenolic_compound_resistance|Phenolic_resistance_protein|FABI,MEG_2875|Biocides|Phenolic_compound_resistance|Phenolic_resistance_protein|FABI,789,3596975,3597763,+
Escherichia_coli_b2207,E.coli.b2207.final.genome,3625372,3626757,1386,MEG_3064|Metals|Iron_resistance|Iron_resistance_regulator|FURA,MEG_3064|Metals|Iron_resistance|Iron_resistance_regulator|FURA,453,3597791,3598243,+
Escherichia_coli_b2207,E.coli.b2207.final.genome,3626947,3629094,2148,MEG_3945|Drugs|MLS|Macrolide_glycosyltransferases|MGT,MEG_3945|Drugs|MLS|Macrolide_glycosyltransferases|MGT,1257,3598433,3599689,+
Escherichia_coli_b2207,E.coli.b2207.final.genome,3629346,3629777,432,MEG_7494|Drugs|Glycopeptides|VanB-type_regulator|VANSB,MEG_7494|Drugs|Glycopeptides|VanB-type_regulator|VANSB,1365,3599941,3601305,+
Escherichia_coli_b2207,E.coli.b2207.final.genome,3646133,3647632,1500,MEG_11311|Drugs|Fosfomycin|Fosfomycin_thiol_transferases|FOSA,MEG_11311|Drugs|Fosfomycin|Fosfomycin_thiol_transferases|FOSA,414,3617661,3618074,+
Escherichia_coli_b2207,E.coli.b2207.final.genome,3657019,3657372,354,MEG_7547|Drugs|Glycopeptides|VanA-type_resistance_protein|VANXA,MEG_7547|Drugs|Glycopeptides|VanA-type_resistance_protein|VANXA,609,3627461,3628069,+
Escherichia_coli_b2207,E.coli.b2207.final.genome,3657426,3658715,1290,MEG_6014|Drugs|Fluoroquinolones|Quinolone_resistance_protein_Qnr|QNRD,MEG_6014|Drugs|Fluoroquinolones|Quinolone_resistance_protein_Qnr|QNRD,645,3628123,3628767,+
Escherichia_coli_b2207,E.coli.b2207.final.genome,3658728,3659153,426,MEG_5891|Drugs|Fluoroquinolones|Quinolone_resistance_protein_Qnr|QNRB,MEG_5891|Drugs|Fluoroquinolones|Quinolone_resistance_protein_Qnr|QNRB,645,3628780,3629424,+
Escherichia_coli_b2207,E.coli.b2207.final.genome,3663257,3663595,339,MEG_7811|Metals|Iron_resistance|Iron_resistance_protein|YBTP,MEG_7811|Metals|Iron_resistance|Iron_resistance_protein|YBTP,1803,3633528,3635330,+
Escherichia_coli_b2207,E.coli.b2207.final.genome,3663699,3664031,333,MEG_2662|Multi-compound|Biocide_and_metal_resistance|Biocide_and_metal_resistance_protein|DPR,MEG_2662|Multi-compound|Biocide_and_metal_resistance|Biocide_and_metal_resistance_protein|DPR,519,3635434,3635952,+
Escherichia_coli_b2207,E.coli.b2207.final.genome,3665657,3666184,528,MEG_3726|Drugs|Lipopeptides|Colistin_phosphoethanolamine_transferase|MCR,MEG_3726|Drugs|Lipopeptides|Colistin_phosphoethanolamine_transferase|MCR,1626,3637578,3639203,+
Escherichia_coli_b2207,E.coli.b2207.final.genome,3666523,3667680,1158,MEG_6504|Metals|Multi-metal_resistance|Multi-metal_RND_efflux_pumps|SILF,MEG_6504|Metals|Multi-metal_resistance|Multi-metal_RND_efflux_pumps|SILF,354,3639542,3639895,+
Escherichia_coli_b2207,E.coli.b2207.final.genome,3667705,3670818,3114,MEG_2079|Metals|Copper_resistance|Copper_resistance_protein|COPV,MEG_2079|Metals|Copper_resistance|Copper_resistance_protein|COPV,354,3639920,3640273,+
Escherichia_coli_b2207,E.coli.b2207.final.genome,3671181,3671909,729,MEG_3255|Biocides|Acid_resistance|Acid_resistance_protein|HDEB,MEG_3255|Biocides|Acid_resistance|Acid_resistance_protein|HDEB,339,3640636,3640974,+
Escherichia_coli_b2207,E.coli.b2207.final.genome,3672277,3673101,825,MEG_4091|Drugs|Mupirocin|Mupirocin-resistant_isoleucyl-tRNA_synthetase|MUPB,MEG_4091|Drugs|Mupirocin|Mupirocin-resistant_isoleucyl-tRNA_synthetase|MUPB,3102,3641342,3644443,+
Escherichia_coli_b2207,E.coli.b2207.final.genome,3673471,3674871,1401,MEG_8452|Drugs|Multi-drug_resistance|MDR_regulator|PARS,MEG_8452|Drugs|Multi-drug_resistance|MDR_regulator|PARS,1287,3644813,3646099,+
Escherichia_coli_b2207,E.coli.b2207.final.genome,3856917,3858107,1191,MEG_3276|Metals|Copper_resistance|Copper_resistance_protein|HPCOPP,MEG_3276|Metals|Copper_resistance|Copper_resistance_protein|HPCOPP,201,3828145,3828345,+
Escherichia_coli_b2207,E.coli.b2207.final.genome,3869470,3869904,435,MEG_3072|Drugs|Fusidic_acid|Fusidic_acid_esterases|FUSF,MEG_3072|Drugs|Fusidic_acid|Fusidic_acid_esterases|FUSF,645,3839708,3840352,+
Escherichia_coli_b2207,E.coli.b2207.final.genome,3870010,3870423,414,MEG_7830|Multi-compound|Biocide_and_metal_resistance|Biocide_and_metal_resistance_protein|YGIW,MEG_7830|Multi-compound|Biocide_and_metal_resistance|Biocide_and_metal_resistance_protein|YGIW,351,3840458,3840808,+
Escherichia_coli_b2207,E.coli.b2207.final.genome,3897653,3898219,567,MEG_7845|Metals|Zinc_resistance|Zinc_resistance_protein|ZEVA,MEG_7845|Metals|Zinc_resistance|Zinc_resistance_protein|ZEVA,621,3868038,3868658,+
Escherichia_coli_b2207,E.coli.b2207.final.genome,3910594,3911367,774,MEG_884|Drugs|Aminoglycosides|Aminoglycoside_O-nucleotidyltransferases|ANT3-DPRIME,MEG_884|Drugs|Aminoglycosides|Aminoglycoside_O-nucleotidyltransferases|ANT3-DPRIME,792,3881033,3881824,+
Escherichia_coli_b2207,E.coli.b2207.final.genome,3911550,3913399,1850,MEG_1589|Drugs|Phenicol|Chloramphenicol_acetyltransferases|CATA,MEG_1589|Drugs|Phenicol|Chloramphenicol_acetyltransferases|CATA,642,3882007,3882648,+
Escherichia_coli_b2207,E.coli.b2207.final.genome,3913486,3914526,1041,MEG_3847|Metals|Mercury_resistance|Mercury_resistance_protein|MERB,MEG_3847|Metals|Mercury_resistance|Mercury_resistance_protein|MERB,639,3882735,3883373,+
Escherichia_coli_b2207,E.coli.b2207.final.genome,4004408,4005358,951,MEG_1131|Drugs|Rifampin|Rifampin_ADP-ribosyltransferase_Arr|ARR,MEG_1131|Drugs|Rifampin|Rifampin_ADP-ribosyltransferase_Arr|ARR,453,3973255,3973707,+
Escherichia_coli_b2207,E.coli.b2207.final.genome,4046285,4046911,627,MEG_5777|Metals|Multi-metal_resistance|Multi-metal_resistance_protein|PGPA,MEG_5777|Metals|Multi-metal_resistance|Multi-metal_resistance_protein|PGPA,4647,4014634,4019280,+
Escherichia_coli_b2207,E.coli.b2207.final.genome,4103638,4104258,621,MEG_7604|Drugs|Glycopeptides|VanD-type_accessory_protein|VANYD,MEG_7604|Drugs|Glycopeptides|VanD-type_accessory_protein|VANYD,1069,4076007,4077075,+
Escherichia_coli_b2207,E.coli.b2207.final.genome,4106429,4108497,2069,MEG_7608|Drugs|Glycopeptides|VanF-type_accessory_protein|VANYF,MEG_7608|Drugs|Glycopeptides|VanF-type_accessory_protein|VANYF,882,4079246,4080127,+
Escherichia_coli_b2207,E.coli.b2207.final.genome,4109296,4110198,903,MEG_4179|Drugs|Metronidazole|nim_nitroimidazole_reductase|NIMA,MEG_4179|Drugs|Metronidazole|nim_nitroimidazole_reductase|NIMA,531,4080926,4081456,+
Escherichia_coli_b2207,E.coli.b2207.final.genome,4120072,4120917,846,MEG_2091|Metals|Multi-metal_resistance|Multi-metal_resistance_protein|CORC,MEG_2091|Metals|Multi-metal_resistance|Multi-metal_resistance_protein|CORC,879,4091330,4092208,+
Escherichia_coli_b2207,E.coli.b2207.final.genome,4204645,4207364,2720,MEG_5841|Multi-compound|Drug_and_biocide_resistance|Drug_and_biocide_SMR_efflux_pumps|QACG,MEG_5841|Multi-compound|Drug_and_biocide_resistance|Drug_and_biocide_SMR_efflux_pumps|QACG,333,4175936,4176268,+
Escherichia_coli_b2207,E.coli.b2207.final.genome,4215931,4216314,384,MEG_7262|Drugs|Nucleosides|Tunicamycin_resistance_protein|TMRB,MEG_7262|Drugs|Nucleosides|Tunicamycin_resistance_protein|TMRB,594,4184835,4185428,+
Escherichia_coli_b2207,E.coli.b2207.final.genome,4225599,4226423,825,MEG_6602|Drugs|Sulfonamides|Sulfonamide-resistant_dihydropteroate_synthases|SULI,MEG_6602|Drugs|Sulfonamides|Sulfonamide-resistant_dihydropteroate_synthases|SULI,633,4194713,4195345,+
Escherichia_coli_b2207,E.coli.b2207.final.genome,4262283,4262798,516,MEG_7151|Drugs|Tetracyclines|Tetracycline_resistance_ribosomal_protection_proteins|TETO,MEG_7151|Drugs|Tetracyclines|Tetracycline_resistance_ribosomal_protection_proteins|TETO,1920,4231205,4233124,+
Escherichia_coli_b2207,E.coli.b2207.final.genome,4279854,4280177,324,MEG_2816|Drugs|MLS|23S_rRNA_methyltransferases|ERMC,MEG_2816|Drugs|MLS|23S_rRNA_methyltransferases|ERMC,735,4250180,4250914,+
Escherichia_coli_b2207,E.coli.b2207.final.genome,4280263,4280727,465,MEG_4174|Metals|Nickel_resistance|Nickel_ABC_efflux_pumps|NIKE,MEG_4174|Metals|Nickel_resistance|Nickel_ABC_efflux_pumps|NIKE,807,4251000,4251806,+
Escherichia_coli_b2207,E.coli.b2207.final.genome,4286046,4287695,1650,MEG_2690|Metals|Multi-metal_resistance|Multi-metal_resistance_protein|DSBB,MEG_2690|Metals|Multi-metal_resistance|Multi-metal_resistance_protein|DSBB,531,4257125,4257655,+
Escherichia_coli_b2207,E.coli.b2207.final.genome,4301794,4306261,4468,MEG_1130|Drugs|Rifampin|Rifampin_ADP-ribosyltransferase_Arr|ARR,MEG_1130|Drugs|Rifampin|Rifampin_ADP-ribosyltransferase_Arr|ARR,453,4271754,4272206,+
Escherichia_coli_b2207,E.coli.b2207.final.genome,4336101,4337744,1644,MEG_4365|Multi-compound|Drug_and_biocide_resistance|Drug_and_biocide_RND_efflux_pumps|OQXB,MEG_4365|Multi-compound|Drug_and_biocide_resistance|Drug_and_biocide_RND_efflux_pumps|OQXB,3153,4302046,4305198,+
Escherichia_coli_b2207,E.coli.b2207.final.genome,4432627,4432965,339,MEG_4198|Metals|Nickel_resistance|Nickel_resistance_protein|NIRD,MEG_4198|Metals|Nickel_resistance|Nickel_resistance_protein|NIRD,495,4400081,4400575,+
Escherichia_coli_b2207,E.coli.b2207.final.genome,4444483,4444800,318,MEG_9974|Biocides|Phenolic_compound_resistance|Triclosan-resistant_mutation|FABG,MEG_9974|Biocides|Phenolic_compound_resistance|Triclosan-resistant_mutation|FABG,744,4412093,4412836,+
Escherichia_coli_b2207,E.coli.b2207.final.genome,4445419,4446552,1134,MEG_5962|Drugs|Fluoroquinolones|Quinolone_resistance_protein_Qnr|QNRB,MEG_5962|Drugs|Fluoroquinolones|Quinolone_resistance_protein_Qnr|QNRB,648,4413455,4414102,+
Escherichia_coli_b2207,E.coli.b2207.final.genome,4538501,4541197,2697,MEG_3256|Biocides|Acid_resistance|Acid_resistance_protein|HEFA,MEG_3256|Biocides|Acid_resistance|Acid_resistance_protein|HEFA,1434,4506051,4507484,+
Escherichia_coli_b2207,E.coli.b2207.final.genome,4614937,4616661,1725,MEG_11281|Drugs|Aminoglycosides|Aminoglycoside_N-acetyltransferases|AAC6-PRIME,MEG_11281|Drugs|Aminoglycosides|Aminoglycoside_N-acetyltransferases|AAC6-PRIME,447,4581224,4581670,+
Escherichia_coli_b2207,E.coli.b2207.final.genome,4686816,4688048,1233,MEG_7781|Biocides|Multi-biocide_resistance|Multi-biocide_RND_efflux_pump|VMEA,MEG_7781|Biocides|Multi-biocide_resistance|Multi-biocide_RND_efflux_pump|VMEA,1140,4651825,4652964,+
Escherichia_coli_b2207,E.coli.b2207.final.genome,4735279,4736148,870,MEG_3289|Biocides|Peroxide_resistance|Peroxide_resistance_stress_protein|IBPB,MEG_3289|Biocides|Peroxide_resistance|Peroxide_resistance_stress_protein|IBPB,435,4700195,4700629,+
Escherichia_coli_b2207,E.coli.b2207.final.genome,4758629,4759795,1167,MEG_8245|Drugs|MLS|MLS_resistance_MFS_efflux_pumps|MEFF,MEG_8245|Drugs|MLS|MLS_resistance_MFS_efflux_pumps|MEFF,1194,4723110,4724303,+
Escherichia_coli_b2207,E.coli.b2207.final.genome,4798128,4798505,378,MEG_3936|Biocides|Multi-biocide_resistance|Multi-biocide_RND_efflux_pump|MEXW,MEG_3936|Biocides|Multi-biocide_resistance|Multi-biocide_RND_efflux_pump|MEXW,3057,4762636,4765692,+
Escherichia_coli_b2207,E.coli.b2207.final.genome,4801654,4804008,2355,MEG_3657|Drugs|Multi-drug_resistance|Multi-drug_ABC_efflux_pumps|MACA,MEG_3657|Drugs|Multi-drug_resistance|Multi-drug_ABC_efflux_pumps|MACA,1179,4768841,4770019,+
Escherichia_coli_b2207,E.coli.b2207.final.genome,4831254,4832198,945,MEG_8780|Drugs|Lipopeptides|Colistin_phosphoethanolamine_transferase|MCR,MEG_8780|Drugs|Lipopeptides|Colistin_phosphoethanolamine_transferase|MCR,1626,4797265,4798890,+
Escherichia_coli_b2207,E.coli.b2207.final.genome,4883970,4885520,1551,MEG_1704|Multi-compound|Biocide_and_metal_resistance|Biocide_and_metal_resistance_protein|CHR,MEG_1704|Multi-compound|Biocide_and_metal_resistance|Biocide_and_metal_resistance_protein|CHR,561,4850662,4851222,+
Escherichia_coli_b2207,E.coli.b2207.final.genome,4962156,4962866,711,MEG_2455|Metals|Copper_resistance|Copper_resistance_protein|CUTC,MEG_2455|Metals|Copper_resistance|Copper_resistance_protein|CUTC,747,4927858,4928604,+
Faecalibacterium_prausnitzii,Faecalibacterium_prausnitzii,1123416,1125335,1920,MEG_1127|Drugs|Rifampin|Rifampin_ADP-ribosyltransferase_Arr|ARR,MEG_1127|Drugs|Rifampin|Rifampin_ADP-ribosyltransferase_Arr|ARR,453,1123416,1123868,+
Prevotella_corporis,Prevotella_corporis.final.genome2,62174,64099,1926,MEG_4162|Metals|Sodium_resistance|Sodium_resistance_protein|NHAA,MEG_4162|Metals|Sodium_resistance|Sodium_resistance_protein|NHAA,1167,62174,63340,+
Salmonella_enterica,Salmonella_enterica,58288,59645,1358,MEG_7073|Drugs|Tetracyclines|Tetracycline_resistance_MFS_efflux_pumps|TETE,MEG_7073|Drugs|Tetracyclines|Tetracycline_resistance_MFS_efflux_pumps|TETE,1218,58288,59505,+
Salmonella_enterica,Salmonella_enterica,66045,66257,213,MEG_847|Drugs|Aminoglycosides|Aminoglycoside_O-nucleotidyltransferases|ANT3-DPRIME,MEG_847|Drugs|Aminoglycosides|Aminoglycoside_O-nucleotidyltransferases|ANT3-DPRIME,792,65905,66696,+
Salmonella_enterica,Salmonella_enterica,106840,107331,492,MEG_1717|Metals|Chromium_resistance|Chromium_resistance_protein|CHRR,MEG_1717|Metals|Chromium_resistance|Chromium_resistance_protein|CHRR,732,107279,108010,+
Salmonella_enterica,Salmonella_enterica,118668,118884,217,MEG_3753|Multi-compound|Drug_and_biocide_resistance|Drug_and_biocide_MFS_efflux_pumps|MDTG,MEG_3753|Multi-compound|Drug_and_biocide_resistance|Drug_and_biocide_MFS_efflux_pumps|MDTG,1227,119347,120573,+
Salmonella_enterica,Salmonella_enterica,153670,154022,353,MEG_723|Metals|Aluminum_resistance|Aluminum_resistance_protein|ALU1P,MEG_723|Metals|Aluminum_resistance|Aluminum_resistance_protein|ALU1P,561,155359,155919,+
Salmonella_enterica,Salmonella_enterica,198300,199181,882,MEG_11325|Metals|Arsenic_resistance|Arsenic_resistance_protein|ARSB,MEG_11325|Metals|Arsenic_resistance|Arsenic_resistance_protein|ARSB,1059,200197,201255,+
Salmonella_enterica,Salmonella_enterica,199704,200792,1089,MEG_2456|Metals|Copper_resistance|Copper_resistance_protein|CUTC,MEG_2456|Metals|Copper_resistance|Copper_resistance_protein|CUTC,747,201778,202524,+
Salmonella_enterica,Salmonella_enterica,201341,202828,1488,MEG_5913|Drugs|Fluoroquinolones|Quinolone_resistance_protein_Qnr|QNRB,MEG_5913|Drugs|Fluoroquinolones|Quinolone_resistance_protein_Qnr|QNRB,645,203073,203717,+
Salmonella_enterica,Salmonella_enterica,251886,252323,438,MEG_6646|Biocides|Multi-biocide_resistance|Multi-biocide_RND_efflux_pump|TBTB,MEG_6646|Biocides|Multi-biocide_resistance|Multi-biocide_RND_efflux_pump|TBTB,3141,252775,255915,+
Salmonella_enterica,Salmonella_enterica,331784,332572,789,MEG_2512|Drugs|Trimethoprim|Dihydrofolate_reductase|DFRA,MEG_2512|Drugs|Trimethoprim|Dihydrofolate_reductase|DFRA,474,335376,335849,+
Salmonella_enterica,Salmonella_enterica,386924,387337,414,MEG_3868|Metals|Mercury_resistance|Mercury_resistance_protein|MERE,MEG_3868|Metals|Mercury_resistance|Mercury_resistance_protein|MERE,237,390201,390437,+
Salmonella_enterica,Salmonella_enterica,408636,409721,1086,MEG_5414|Metals|Lead_resistance|Lead_P-type_ATPase_transporter|PBRT,MEG_5414|Metals|Lead_resistance|Lead_P-type_ATPase_transporter|PBRT,1893,411736,413628,+
Salmonella_enterica,Salmonella_enterica,448388,449927,1540,MEG_2714|Biocides|Quaternary_Ammonium_Compounds_(QACs)_resistance|QAC_efflux_pump|EMEA,MEG_2714|Biocides|Quaternary_Ammonium_Compounds_(QACs)_resistance|QAC_efflux_pump|EMEA,1182,452295,453476,+
Salmonella_enterica,Salmonella_enterica,534599,535543,945,MEG_3272|Metals|Nickel_resistance|Nickel_resistance_protein|HOXN,MEG_3272|Metals|Nickel_resistance|Nickel_resistance_protein|HOXN,1056,538148,539203,+
Salmonella_enterica,Salmonella_enterica,587762,588484,723,MEG_11330|Metals|Arsenic_resistance|Arsenic_resistance_protein|ARSD,MEG_11330|Metals|Arsenic_resistance|Arsenic_resistance_protein|ARSD,312,591422,591733,+
Salmonella_enterica,Salmonella_enterica,641756,643180,1425,MEG_6163|Drugs|Nucleosides|Streptothricin_acetyltransferase|SAT,MEG_6163|Drugs|Nucleosides|Streptothricin_acetyltransferase|SAT,525,645005,645529,+
Salmonella_enterica,Salmonella_enterica,752398,759842,7445,MEG_5899|Drugs|Fluoroquinolones|Quinolone_resistance_protein_Qnr|QNRB,MEG_5899|Drugs|Fluoroquinolones|Quinolone_resistance_protein_Qnr|QNRB,645,754747,755391,+
Salmonella_enterica,Salmonella_enterica,761250,763372,2123,MEG_6619|Drugs|Sulfonamides|Sulfonamide-resistant_dihydropteroate_synthases|SULII,MEG_6619|Drugs|Sulfonamides|Sulfonamide-resistant_dihydropteroate_synthases|SULII,816,756799,757614,+
Salmonella_enterica,Salmonella_enterica,903810,904112,303,MEG_3865|Metals|Mercury_resistance|Mercury_resistance_regulator|MERD,MEG_3865|Metals|Mercury_resistance|Mercury_resistance_regulator|MERD,366,898052,898417,+
Salmonella_enterica,Salmonella_enterica,941432,942037,606,MEG_849|Drugs|Aminoglycosides|Aminoglycoside_O-nucleotidyltransferases|ANT3-DPRIME,MEG_849|Drugs|Aminoglycosides|Aminoglycoside_O-nucleotidyltransferases|ANT3-DPRIME,792,935737,936528,+
Salmonella_enterica,Salmonella_enterica,943499,944419,921,MEG_7050|Drugs|Tetracyclines|Tetracycline_resistance_MFS_efflux_pumps|TETB,MEG_7050|Drugs|Tetracyclines|Tetracycline_resistance_MFS_efflux_pumps|TETB,1263,937990,939252,+
Salmonella_enterica,Salmonella_enterica,1063526,1064762,1237,MEG_2574|Drugs|Trimethoprim|Dihydrofolate_reductase|DFRD,MEG_2574|Drugs|Trimethoprim|Dihydrofolate_reductase|DFRD,501,1058359,1058859,+
Salmonella_enterica,Salmonella_enterica,1131737,1134850,3114,MEG_7275|Biocides|Phenolic_compound_resistance|Phenolic_RND_efflux_pump|TRIC,MEG_7275|Biocides|Phenolic_compound_resistance|Phenolic_RND_efflux_pump|TRIC,3048,1125834,1128881,+
Salmonella_enterica,Salmonella_enterica,1359929,1360607,679,MEG_7483|Drugs|Glycopeptides|VanL-type_regulator|VANRL,MEG_7483|Drugs|Glycopeptides|VanL-type_regulator|VANRL,696,1353960,1354655,+
Salmonella_enterica,Salmonella_enterica,1437072,1437602,531,MEG_6629|Drugs|Sulfonamides|Sulfonamide-resistant_dihydropteroate_synthases|SULII,MEG_6629|Drugs|Sulfonamides|Sulfonamide-resistant_dihydropteroate_synthases|SULII,816,1431120,1431935,+
Salmonella_enterica,Salmonella_enterica,1437729,1438901,1173,MEG_6633|Drugs|Sulfonamides|Sulfonamide-resistant_dihydropteroate_synthases|SULII,MEG_6633|Drugs|Sulfonamides|Sulfonamide-resistant_dihydropteroate_synthases|SULII,852,1432062,1432913,+
Salmonella_enterica,Salmonella_enterica,1438918,1440456,1539,MEG_9982|Drugs|Metronidazole|nim_nitroimidazole_reductase|NIMB,MEG_9982|Drugs|Metronidazole|nim_nitroimidazole_reductase|NIMB,468,1432930,1433397,+
Salmonella_enterica,Salmonella_enterica,1482054,1485485,3432,MEG_8802|Drugs|Lipopeptides|Colistin_phosphoethanolamine_transferase|MCR,MEG_8802|Drugs|Lipopeptides|Colistin_phosphoethanolamine_transferase|MCR,1620,1474995,1476614,+
Salmonella_enterica,Salmonella_enterica,1568135,1569161,1027,MEG_6084|Drugs|Multi-drug_resistance|Multi-drug_MFS_efflux_pumps|ROSB,MEG_6084|Drugs|Multi-drug_resistance|Multi-drug_MFS_efflux_pumps|ROSB,1692,1559264,1560955,+
Salmonella_enterica,Salmonella_enterica,1813984,1814801,818,MEG_2740|Drugs|MLS|Macrolide_esterases|EREA,MEG_2740|Drugs|MLS|Macrolide_esterases|EREA,1257,1805778,1807034,+
Salmonella_enterica,Salmonella_enterica,1822852,1823313,462,MEG_3075|Metals|Aluminum_resistance|Aluminum_ATPase_|G2ALT,MEG_3075|Metals|Aluminum_resistance|Aluminum_ATPase_|G2ALT,666,1815085,1815750,+
Salmonella_enterica,Salmonella_enterica,1964870,1965182,313,MEG_7323|Metals|Tungsten_Resistance|Tungsten_ABC_efflux_pumps|TUPA,MEG_7323|Metals|Tungsten_Resistance|Tungsten_ABC_efflux_pumps|TUPA,861,1957307,1958167,+
Salmonella_enterica,Salmonella_enterica,1998332,2001405,3074,MEG_4187|Drugs|Metronidazole|nim_nitroimidazole_reductase|NIMH,MEG_4187|Drugs|Metronidazole|nim_nitroimidazole_reductase|NIMH,458,1991317,1991774,+
Salmonella_enterica,Salmonella_enterica,2051403,2052035,633,MEG_2918|Drugs|Phenicol|Phenicol_resistance_MFS_efflux_pumps|FLOR,MEG_2918|Drugs|Phenicol|Phenicol_resistance_MFS_efflux_pumps|FLOR,1215,2041772,2042986,+
Salmonella_enterica,Salmonella_enterica,2177986,2180036,2051,MEG_1713|Metals|Chromium_resistance|Chromium_resistance_protein|CHRC,MEG_1713|Metals|Chromium_resistance|Chromium_resistance_protein|CHRC,594,2168937,2169530,+
Salmonella_enterica,Salmonella_enterica,2193913,2195394,1482,MEG_9274|Drugs|betalactams|Class_C_betalactamases|ADC,MEG_9274|Drugs|betalactams|Class_C_betalactamases|ADC,1152,2183407,2184558,+
Salmonella_enterica,Salmonella_enterica,2260440,2262114,1675,MEG_11332|Metals|Arsenic_resistance|Arsenic_resistance_regulator|ARSR,MEG_11332|Metals|Arsenic_resistance|Arsenic_resistance_regulator|ARSR,351,2249604,2249954,+
Salmonella_enterica,Salmonella_enterica,2276653,2277192,540,MEG_3920|Multi-compound|Drug_and_biocide_resistance|Drug_and_biocide_RND_efflux_pumps|MEXN,MEG_3920|Multi-compound|Drug_and_biocide_resistance|Drug_and_biocide_RND_efflux_pumps|MEXN,1158,2264493,2265650,+
Salmonella_enterica,Salmonella_enterica,2426862,2428047,1186,MEG_1129|Drugs|Rifampin|Rifampin_ADP-ribosyltransferase_Arr|ARR,MEG_1129|Drugs|Rifampin|Rifampin_ADP-ribosyltransferase_Arr|ARR,453,2415320,2415772,+
Salmonella_enterica,Salmonella_enterica,2465371,2467785,2415,MEG_5903|Drugs|Fluoroquinolones|Quinolone_resistance_protein_Qnr|QNRB,MEG_5903|Drugs|Fluoroquinolones|Quinolone_resistance_protein_Qnr|QNRB,645,2453096,2453740,+
Salmonella_enterica,Salmonella_enterica,2479294,2479847,554,MEG_2932|Drugs|Aminoglycosides|16S_rRNA_methyltransferases|FMRO,MEG_2932|Drugs|Aminoglycosides|16S_rRNA_methyltransferases|FMRO,879,2465249,2466127,+
Salmonella_enterica,Salmonella_enterica,2483346,2484117,772,MEG_7681|Drugs|Multi-drug_resistance|Multi-drug_ABC_efflux_pumps|VGA,MEG_7681|Drugs|Multi-drug_resistance|Multi-drug_ABC_efflux_pumps|VGA,1569,2469626,2471194,+
Salmonella_enterica,Salmonella_enterica,2484206,2486053,1848,MEG_6520|Biocides|Multi-biocide_resistance|Multi-biocide_ABC_efflux_pump|SMDB,MEG_6520|Biocides|Multi-biocide_resistance|Multi-biocide_ABC_efflux_pump|SMDB,1779,2471283,2473061,+
Salmonella_enterica,Salmonella_enterica,2486189,2487229,1041,MEG_6018|Drugs|Fluoroquinolones|Quinolone_resistance_protein_Qnr|QNRS,MEG_6018|Drugs|Fluoroquinolones|Quinolone_resistance_protein_Qnr|QNRS,657,2473197,2473853,+
Salmonella_enterica,Salmonella_enterica,2579929,2580879,951,MEG_2678|Metals|Multi-metal_resistance|Multi-metal_resistance_protein|DSBA,MEG_2678|Metals|Multi-metal_resistance|Multi-metal_resistance_protein|DSBA,627,2566553,2567179,+
Salmonella_enterica,Salmonella_enterica,2625629,2626252,624,MEG_11299|Drugs|Bacitracin|Bacitracin_ABC_transporter|BCRA,MEG_11299|Drugs|Bacitracin|Bacitracin_ABC_transporter|BCRA,924,2611929,2612852,+
Salmonella_enterica,Salmonella_enterica,2687108,2687728,621,MEG_2653|Metals|Copper_resistance|Copper_resistance_protein|DNAK,MEG_2653|Metals|Copper_resistance|Copper_resistance_protein|DNAK,1878,2673708,2675585,+
Salmonella_enterica,Salmonella_enterica,2688952,2691013,2062,MEG_1739|Multi-compound|Drug_and_biocide_and_metal_resistance|Drug_and_biocide_and_metal_RND_efflux_pumps|CMEB,MEG_1739|Multi-compound|Drug_and_biocide_and_metal_resistance|Drug_and_biocide_and_metal_RND_efflux_pumps|CMEB,3123,2676809,2679931,+
Salmonella_enterica,Salmonella_enterica,2691811,2692688,878,MEG_3942|Drugs|Fluoroquinolones|Quinolone_resistance_protein_Qnr|MFPA,MEG_3942|Drugs|Fluoroquinolones|Quinolone_resistance_protein_Qnr|MFPA,552,2680729,2681280,+
Salmonella_enterica,Salmonella_enterica,2716436,2717281,846,MEG_7794|Biocides|Multi-biocide_resistance|Multi-biocide_RND_efflux_pump|VMEK,MEG_7794|Biocides|Multi-biocide_resistance|Multi-biocide_RND_efflux_pump|VMEK,3132,2705028,2708159,+
Salmonella_enterica,Salmonella_enterica,2764988,2765905,918,MEG_4181|Drugs|Metronidazole|nim_nitroimidazole_reductase|NIMC,MEG_4181|Drugs|Metronidazole|nim_nitroimidazole_reductase|NIMC,492,2755866,2756357,+
Salmonella_enterica,Salmonella_enterica,2932480,2934129,1650,MEG_3658|Drugs|Multi-drug_resistance|Multi-drug_ABC_efflux_pumps|MACB,MEG_3658|Drugs|Multi-drug_resistance|Multi-drug_ABC_efflux_pumps|MACB,1935,2922932,2924866,+
Salmonella_enterica,Salmonella_enterica,2990094,2990399,306,MEG_2899|Multi-compound|Biocide_and_metal_resistance|Biocide_and_metal_ABC_efflux_pumps|FETB,MEG_2899|Multi-compound|Biocide_and_metal_resistance|Biocide_and_metal_ABC_efflux_pumps|FETB,807,2980831,2981637,+
Salmonella_enterica,Salmonella_enterica,3100536,3103244,2709,MEG_2492|Drugs|Trimethoprim|Dihydrofolate_reductase|DFRA,MEG_2492|Drugs|Trimethoprim|Dihydrofolate_reductase|DFRA,474,3091774,3092247,+
Salmonella_enterica,Salmonella_enterica,3179029,3179170,142,MEG_1189|Drugs|Bacitracin|Undecaprenyl_pyrophosphate_phosphatase|BACA,MEG_1189|Drugs|Bacitracin|Undecaprenyl_pyrophosphate_phosphatase|BACA,822,3168032,3168853,+
Salmonella_enterica,Salmonella_enterica,3267332,3268201,870,MEG_5823|Multi-compound|Drug_and_biocide_resistance|Drug_and_biocide_MFS_efflux_pumps|QACAB,MEG_5823|Multi-compound|Drug_and_biocide_resistance|Drug_and_biocide_MFS_efflux_pumps|QACAB,1545,3257015,3258559,+
Salmonella_enterica,Salmonella_enterica,3378591,3378968,378,MEG_4027|Drugs|MLS|Macrolide_phosphotransferases|MPH,MEG_4027|Drugs|MLS|Macrolide_phosphotransferases|MPH,891,3368949,3369839,+
Salmonella_enterica,Salmonella_enterica,3382129,3384478,2350,MEG_2139|Metals|Multi-metal_resistance|Multi-metal_resistance_protein|CTPC,MEG_2139|Metals|Multi-metal_resistance|Multi-metal_resistance_protein|CTPC,2157,3373000,3375156,+
Salmonella_enterica,Salmonella_enterica,3474730,3476339,1610,MEG_7851|Metals|Zinc_resistance|Zinc_resistance_protein|ZITB,MEG_7851|Metals|Zinc_resistance|Zinc_resistance_protein|ZITB,942,3465408,3466349,+
Salmonella_enterica,Salmonella_enterica,3718507,3724371,5865,MEG_3076|Biocides|Acid_resistance|Acid_resistance_protein|GADA,MEG_3076|Biocides|Acid_resistance|Acid_resistance_protein|GADA,1401,3708517,3709917,+
Salmonella_enterica,Salmonella_enterica,3724648,3726936,2289,MEG_4081|Multi-compound|Drug_and_biocide_resistance|Drug_and_biocide_RND_efflux_pumps|MTRD,MEG_4081|Multi-compound|Drug_and_biocide_resistance|Drug_and_biocide_RND_efflux_pumps|MTRD,3204,3710194,3713397,+
Salmonella_enterica,Salmonella_enterica,3726948,3727412,465,MEG_11499|Drugs|Metronidazole|nim_nitroimidazole_reductase|NIME,MEG_11499|Drugs|Metronidazole|nim_nitroimidazole_reductase|NIME,513,3713409,3713921,+
Salmonella_enterica,Salmonella_enterica,3856625,3857201,577,MEG_3881|Metals|Mercury_resistance|Mercury_resistance_regulator|MERR,MEG_3881|Metals|Mercury_resistance|Mercury_resistance_regulator|MERR,408,3843134,3843541,+
Salmonella_enterica,Salmonella_enterica,3858200,3859393,1194,MEG_6089|Drugs|Rifampin|Rifampin_phosphotransferase|RPH,MEG_6089|Drugs|Rifampin|Rifampin_phosphotransferase|RPH,2655,3844540,3847194,+
Salmonella_enterica,Salmonella_enterica,3886000,3886211,212,MEG_8451|Drugs|Multi-drug_resistance|MDR_regulator|PARR,MEG_8451|Drugs|Multi-drug_resistance|MDR_regulator|PARR,708,3873801,3874508,+
Salmonella_enterica,Salmonella_enterica,4022679,4024580,1902,MEG_1116|Drugs|Multi-drug_resistance|MDR_regulator|ARLR,MEG_1116|Drugs|Multi-drug_resistance|MDR_regulator|ARLR,660,4010976,4011635,+
Salmonella_enterica,Salmonella_enterica,4043178,4044857,1680,MEG_7688|Drugs|Multi-drug_resistance|Multi-drug_ABC_efflux_pumps|VGAB,MEG_7688|Drugs|Multi-drug_resistance|Multi-drug_ABC_efflux_pumps|VGAB,1659,4030233,4031891,+
Salmonella_enterica,Salmonella_enterica,4050816,4052354,1539,MEG_4195|Metals|Nickel_resistance|Nickel_resistance_protein|NIRA,MEG_4195|Metals|Nickel_resistance|Nickel_resistance_protein|NIRA,1071,4037850,4038920,+
Salmonella_enterica,Salmonella_enterica,4052374,4053252,879,MEG_1586|Drugs|Phenicol|Chloramphenicol_acetyltransferases|CATA,MEG_1586|Drugs|Phenicol|Chloramphenicol_acetyltransferases|CATA,648,4038940,4039587,+
Salmonella_enterica,Salmonella_enterica,4086456,4087128,673,MEG_8649|Multi-compound|Drug_and_biocide_resistance|Drug_and_biocide_SMR_efflux_pumps|QACH,MEG_8649|Multi-compound|Drug_and_biocide_resistance|Drug_and_biocide_SMR_efflux_pumps|QACH,378,4072791,4073168,+
Salmonella_enterica,Salmonella_enterica,4152505,4153940,1436,MEG_1190|Drugs|Bacitracin|Undecaprenyl_pyrophosphate_phosphatase|BACA,MEG_1190|Drugs|Bacitracin|Undecaprenyl_pyrophosphate_phosphatase|BACA,822,4138545,4139366,+
Salmonella_enterica,Salmonella_enterica,4208964,4209373,410,MEG_11439|Multi-compound|Drug_and_biocide_and_metal_resistance|Drug_and_biocide_and_metal_RND_efflux_pumps|CMEB,MEG_11439|Multi-compound|Drug_and_biocide_and_metal_resistance|Drug_and_biocide_and_metal_RND_efflux_pumps|CMEB,3123,4194390,4197512,+
Salmonella_enterica,Salmonella_enterica,4391419,4391952,534,MEG_3837|Metals|Mercury_resistance|Mercury_resistance_protein|MERA,MEG_3837|Metals|Mercury_resistance|Mercury_resistance_protein|MERA,1686,4379558,4381243,+
Salmonella_enterica,Salmonella_enterica,4422327,4423416,1090,MEG_7622|Drugs|MLS|Streptogramin_A_O-acetyltransferase|VATB,MEG_7622|Drugs|MLS|Streptogramin_A_O-acetyltransferase|VATB,639,4411618,4412256,+
Salmonella_enterica,Salmonella_enterica,4510827,4512035,1209,MEG_4165|Metals|Cobalt_resistance|Cobalt_transporting_ATPase|NHLF,MEG_4165|Metals|Cobalt_resistance|Cobalt_transporting_ATPase|NHLF,1059,4499667,4500725,+
Veillonella_rogosae,veillonella_rogosae,938131,939120,990,MEG_7533|Drugs|Glycopeptides|VanL-type_resistance_protein|VANTML,MEG_7533|Drugs|Glycopeptides|VanL-type_resistance_protein|VANTML,990,938131,939120,+
Veillonella_rogosae,veillonella_rogosae,2152782,2154721,1940,MEG_7324|Metals|Tungsten_Resistance|Tungsten_ABC_efflux_pumps|TUPB,MEG_7324|Metals|Tungsten_Resistance|Tungsten_ABC_efflux_pumps|TUPB,687,2152782,2153468,+
