header,type,class,mechanism,group,snp
MEG_991|Drugs|Aminoglycosides|Aminoglycoside_O-nucleotidyltransferases|ANT6,Drugs,Aminoglycosides,Aminoglycoside O-nucleotidyltransferases,ANT6,
MEG_743|Drugs|Aminoglycosides|Aminoglycoside_O-nucleotidyltransferases|ANT2-DPRIME,Drugs,Aminoglycosides,Aminoglycoside O-nucleotidyltransferases,ANT2-DPRIME,
MEG_365|Drugs|Aminoglycosides|Aminoglycoside_N-acetyltransferases|AAC6-PRIME,Drugs,Aminoglycosides,Aminoglycoside N-acetyltransferases,AAC6-PRIME,
MEG_14|Drugs|Aminoglycosides|Aminoglycoside_N-acetyltransferases|AAC2-PRIME,Drugs,Aminoglycosides,Aminoglycoside N-acetyltransferases,AAC2-PRIME,
MEG_881|Drugs|Aminoglycosides|Aminoglycoside_O-nucleotidyltransferases|ANT3-DPRIME,Drugs,Aminoglycosides,Aminoglycoside O-nucleotidyltransferases,ANT3-DPRIME,
MEG_367|Drugs|Aminoglycosides|Aminoglycoside_N-acetyltransferases|AAC6-PRIME,Drugs,Aminoglycosides,Aminoglycoside N-acetyltransferases,AAC6-PRIME,
MEG_920|Drugs|Aminoglycosides|Aminoglycoside_O-nucleotidyltransferases|ANT3-DPRIME,Drugs,Aminoglycosides,Aminoglycoside O-nucleotidyltransferases,ANT3-DPRIME,
MEG_812|Drugs|Aminoglycosides|Aminoglycoside_O-nucleotidyltransferases|ANT3-DPRIME,Drugs,Aminoglycosides,Aminoglycoside O-nucleotidyltransferases,ANT3-DPRIME,
MEG_964|Drugs|Aminoglycosides|Aminoglycoside_O-nucleotidyltransferases|ANT3-DPRIME,Drugs,Aminoglycosides,Aminoglycoside O-nucleotidyltransferases,ANT3-DPRIME,
MEG_972|Drugs|Aminoglycosides|Aminoglycoside_O-nucleotidyltransferases|ANT3-DPRIME,Drugs,Aminoglycosides,Aminoglycoside O-nucleotidyltransferases,ANT3-DPRIME,
MEG_182|Drugs|Aminoglycosides|Aminoglycoside_N-acetyltransferases|AAC6-PRIME,Drugs,Aminoglycosides,Aminoglycoside N-acetyltransferases,AAC6-PRIME,
MEG_178|Drugs|Aminoglycosides|Aminoglycoside_N-acetyltransferases|AAC6-PRIME,Drugs,Aminoglycosides,Aminoglycoside N-acetyltransferases,AAC6-PRIME,
MEG_137|Drugs|Aminoglycosides|Aminoglycoside_N-acetyltransferases|AAC6-PRIME,Drugs,Aminoglycosides,Aminoglycoside N-acetyltransferases,AAC6-PRIME,
MEG_816|Drugs|Aminoglycosides|Aminoglycoside_O-nucleotidyltransferases|ANT3-DPRIME,Drugs,Aminoglycosides,Aminoglycoside O-nucleotidyltransferases,ANT3-DPRIME,
MEG_352|Drugs|Aminoglycosides|Aminoglycoside_N-acetyltransferases|AAC6-PRIME,Drugs,Aminoglycosides,Aminoglycoside N-acetyltransferases,AAC6-PRIME,
MEG_756|Drugs|Aminoglycosides|Aminoglycoside_O-nucleotidyltransferases|ANT2-DPRIME,Drugs,Aminoglycosides,Aminoglycoside O-nucleotidyltransferases,ANT2-DPRIME,
MEG_963|Drugs|Aminoglycosides|Aminoglycoside_O-nucleotidyltransferases|ANT3-DPRIME,Drugs,Aminoglycosides,Aminoglycoside O-nucleotidyltransferases,ANT3-DPRIME,
MEG_154|Drugs|Aminoglycosides|Aminoglycoside_N-acetyltransferases|AAC6-PRIME,Drugs,Aminoglycosides,Aminoglycoside N-acetyltransferases,AAC6-PRIME,
MEG_1025|Drugs|Aminoglycosides|Aminoglycoside_O-phosphotransferases|APH3-DPRIME,Drugs,Aminoglycosides,Aminoglycoside O-phosphotransferases,APH3-DPRIME,
MEG_265|Drugs|Aminoglycosides|Aminoglycoside_N-acetyltransferases|AAC6-PRIME,Drugs,Aminoglycosides,Aminoglycoside N-acetyltransferases,AAC6-PRIME,
MEG_109|Drugs|Aminoglycosides|Aminoglycoside_N-acetyltransferases|AAC6-PRIME,Drugs,Aminoglycosides,Aminoglycoside N-acetyltransferases,AAC6-PRIME,
MEG_893|Drugs|Aminoglycosides|Aminoglycoside_O-nucleotidyltransferases|ANT3-DPRIME,Drugs,Aminoglycosides,Aminoglycoside O-nucleotidyltransferases,ANT3-DPRIME,
MEG_10165|Drugs|Aminoglycosides|Aminoglycoside_N-acetyltransferases|AAC6-PRIME,Drugs,Aminoglycosides,Aminoglycoside N-acetyltransferases,AAC6-PRIME,
MEG_906|Drugs|Aminoglycosides|Aminoglycoside_O-nucleotidyltransferases|ANT3-DPRIME,Drugs,Aminoglycosides,Aminoglycoside O-nucleotidyltransferases,ANT3-DPRIME,
MEG_10163|Drugs|Aminoglycosides|Aminoglycoside_N-acetyltransferases|AAC6-PRIME,Drugs,Aminoglycosides,Aminoglycoside N-acetyltransferases,AAC6-PRIME,
MEG_61|Drugs|Aminoglycosides|Aminoglycoside_N-acetyltransferases|AAC3,Drugs,Aminoglycosides,Aminoglycoside N-acetyltransferases,AAC3,
MEG_1085|Drugs|Aminoglycosides|Aminoglycoside_O-phosphotransferases|APH6,Drugs,Aminoglycosides,Aminoglycoside O-phosphotransferases,APH6,
MEG_80|Drugs|Aminoglycosides|Aminoglycoside_N-acetyltransferases|AAC6-PRIME,Drugs,Aminoglycosides,Aminoglycoside N-acetyltransferases,AAC6-PRIME,
MEG_316|Drugs|Aminoglycosides|Aminoglycoside_N-acetyltransferases|AAC6-PRIME,Drugs,Aminoglycosides,Aminoglycoside N-acetyltransferases,AAC6-PRIME,
MEG_310|Drugs|Aminoglycosides|Aminoglycoside_N-acetyltransferases|AAC6-PRIME,Drugs,Aminoglycosides,Aminoglycoside N-acetyltransferases,AAC6-PRIME,
MEG_1034|Drugs|Aminoglycosides|Aminoglycoside_O-phosphotransferases|APH3-DPRIME,Drugs,Aminoglycosides,Aminoglycoside O-phosphotransferases,APH3-DPRIME,
MEG_949|Drugs|Aminoglycosides|Aminoglycoside_O-nucleotidyltransferases|ANT3-DPRIME,Drugs,Aminoglycosides,Aminoglycoside O-nucleotidyltransferases,ANT3-DPRIME,
MEG_86|Drugs|Aminoglycosides|Aminoglycoside_N-acetyltransferases|AAC6-PRIME,Drugs,Aminoglycosides,Aminoglycoside N-acetyltransferases,AAC6-PRIME,
MEG_899|Drugs|Aminoglycosides|Aminoglycoside_O-nucleotidyltransferases|ANT3-DPRIME,Drugs,Aminoglycosides,Aminoglycoside O-nucleotidyltransferases,ANT3-DPRIME,
MEG_294|Drugs|Aminoglycosides|Aminoglycoside_N-acetyltransferases|AAC6-PRIME,Drugs,Aminoglycosides,Aminoglycoside N-acetyltransferases,AAC6-PRIME,
MEG_968|Drugs|Aminoglycosides|Aminoglycoside_O-nucleotidyltransferases|ANT3-DPRIME,Drugs,Aminoglycosides,Aminoglycoside O-nucleotidyltransferases,ANT3-DPRIME,
MEG_737|Drugs|Aminoglycosides|Aminoglycoside_O-nucleotidyltransferases|ANT2-DPRIME,Drugs,Aminoglycosides,Aminoglycoside O-nucleotidyltransferases,ANT2-DPRIME,
MEG_32|Drugs|Aminoglycosides|Aminoglycoside_N-acetyltransferases|AAC3,Drugs,Aminoglycosides,Aminoglycoside N-acetyltransferases,AAC3,
MEG_11287|Drugs|Aminoglycosides|Aminoglycoside_N-acetyltransferases|AAC6-PRIME,Drugs,Aminoglycosides,Aminoglycoside N-acetyltransferases,AAC6-PRIME,
MEG_11286|Drugs|Aminoglycosides|Aminoglycoside_N-acetyltransferases|AAC6-PRIME,Drugs,Aminoglycosides,Aminoglycoside N-acetyltransferases,AAC6-PRIME,
MEG_2988|Drugs|Fosfomycin|Fosfomycin_thiol_transferases|FOSA,Drugs,Fosfomycin,Fosfomycin thiol transferases,FOSA,
MEG_3003|Drugs|Fosfomycin|Fosfomycin_thiol_transferases|FOSA,Drugs,Fosfomycin,Fosfomycin thiol transferases,FOSA,
MEG_3025|Drugs|Fosfomycin|Fosfomycin_thiol_transferases|FOSX,Drugs,Fosfomycin,Fosfomycin thiol transferases,FOSX,
MEG_3015|Drugs|Fosfomycin|Fosfomycin_thiol_transferases|FOSB,Drugs,Fosfomycin,Fosfomycin thiol transferases,FOSB,
MEG_2975|Drugs|Fosfomycin|Fosfomycin_phosphorylation|FOMB,Drugs,Fosfomycin,Fosfomycin phosphorylation,FOMB,
MEG_2999|Drugs|Fosfomycin|Fosfomycin_thiol_transferases|FOSA,Drugs,Fosfomycin,Fosfomycin thiol transferases,FOSA,
MEG_2983|Drugs|Fosfomycin|Fosfomycin_thiol_transferases|FOSA,Drugs,Fosfomycin,Fosfomycin thiol transferases,FOSA,
MEG_11241|Drugs|Fosfomycin|Fosfomycin_thiol_transferases|FOSA,Drugs,Fosfomycin,Fosfomycin thiol transferases,FOSA,
MEG_8092|Drugs|Fosfomycin|Fosfomycin_thiol_transferases|FOSM,Drugs,Fosfomycin,Fosfomycin thiol transferases,FOSM,
MEG_11249|Drugs|Fosfomycin|Fosfomycin_thiol_transferases|FOSU,Drugs,Fosfomycin,Fosfomycin thiol transferases,FOSU,
MEG_3011|Drugs|Fosfomycin|Fosfomycin_thiol_transferases|FOSB,Drugs,Fosfomycin,Fosfomycin thiol transferases,FOSB,
MEG_3002|Drugs|Fosfomycin|Fosfomycin_thiol_transferases|FOSA,Drugs,Fosfomycin,Fosfomycin thiol transferases,FOSA,
MEG_3027|Drugs|Fosfomycin|Fosfomycin_thiol_transferases|FOSX,Drugs,Fosfomycin,Fosfomycin thiol transferases,FOSX,
MEG_2992|Drugs|Fosfomycin|Fosfomycin_thiol_transferases|FOSA,Drugs,Fosfomycin,Fosfomycin thiol transferases,FOSA,
MEG_3018|Drugs|Fosfomycin|Fosfomycin_thiol_transferases|FOSD,Drugs,Fosfomycin,Fosfomycin thiol transferases,FOSD,
MEG_11313|Drugs|Fosfomycin|Fosfomycin_thiol_transferases|FOSX,Drugs,Fosfomycin,Fosfomycin thiol transferases,FOSX,
MEG_2989|Drugs|Fosfomycin|Fosfomycin_thiol_transferases|FOSA,Drugs,Fosfomycin,Fosfomycin thiol transferases,FOSA,
MEG_8090|Drugs|Fosfomycin|Fosfomycin_thiol_transferases|FOSL,Drugs,Fosfomycin,Fosfomycin thiol transferases,FOSL,
MEG_2994|Drugs|Fosfomycin|Fosfomycin_thiol_transferases|FOSA,Drugs,Fosfomycin,Fosfomycin thiol transferases,FOSA,
MEG_2986|Drugs|Fosfomycin|Fosfomycin_thiol_transferases|FOSA,Drugs,Fosfomycin,Fosfomycin thiol transferases,FOSA,
MEG_11243|Drugs|Fosfomycin|Fosfomycin_thiol_transferases|FOSA,Drugs,Fosfomycin,Fosfomycin thiol transferases,FOSA,
MEG_3010|Drugs|Fosfomycin|Fosfomycin_thiol_transferases|FOSB,Drugs,Fosfomycin,Fosfomycin thiol transferases,FOSB,
MEG_2997|Drugs|Fosfomycin|Fosfomycin_thiol_transferases|FOSA,Drugs,Fosfomycin,Fosfomycin thiol transferases,FOSA,
MEG_3006|Drugs|Fosfomycin|Fosfomycin_thiol_transferases|FOSB,Drugs,Fosfomycin,Fosfomycin thiol transferases,FOSB,
MEG_3004|Drugs|Fosfomycin|Fosfomycin_thiol_transferases|FOSB,Drugs,Fosfomycin,Fosfomycin thiol transferases,FOSB,
MEG_11242|Drugs|Fosfomycin|Fosfomycin_thiol_transferases|FOSA,Drugs,Fosfomycin,Fosfomycin thiol transferases,FOSA,
MEG_3000|Drugs|Fosfomycin|Fosfomycin_thiol_transferases|FOSA,Drugs,Fosfomycin,Fosfomycin thiol transferases,FOSA,
MEG_11312|Drugs|Fosfomycin|Fosfomycin_thiol_transferases|FOSA,Drugs,Fosfomycin,Fosfomycin thiol transferases,FOSA,
MEG_3014|Drugs|Fosfomycin|Fosfomycin_thiol_transferases|FOSB,Drugs,Fosfomycin,Fosfomycin thiol transferases,FOSB,
MEG_3019|Drugs|Fosfomycin|Fosfomycin_thiol_transferases|FOSE,Drugs,Fosfomycin,Fosfomycin thiol transferases,FOSE,
MEG_3017|Drugs|Fosfomycin|Fosfomycin_thiol_transferases|FOSC,Drugs,Fosfomycin,Fosfomycin thiol transferases,FOSC,
MEG_11244|Drugs|Fosfomycin|Fosfomycin_thiol_transferases|FOSA,Drugs,Fosfomycin,Fosfomycin thiol transferases,FOSA,
MEG_11247|Drugs|Fosfomycin|Fosfomycin_thiol_transferases|FOSA,Drugs,Fosfomycin,Fosfomycin thiol transferases,FOSA,
MEG_2982|Drugs|Fosfomycin|Fosfomycin_thiol_transferases|FOSA,Drugs,Fosfomycin,Fosfomycin thiol transferases,FOSA,
MEG_370|Drugs|Fosfomycin|Fosfomycin_MFS_efflux_pump|ABAQ,Drugs,Fosfomycin,Fosfomycin MFS efflux pump,ABAQ,
MEG_8093|Drugs|Fosfomycin|Fosfomycin_thiol_transferases|FOSM,Drugs,Fosfomycin,Fosfomycin thiol transferases,FOSM,
MEG_3028|Drugs|Fosfomycin|Fosfomycin_thiol_transferases|FOSX,Drugs,Fosfomycin,Fosfomycin thiol transferases,FOSX,
MEG_2990|Drugs|Fosfomycin|Fosfomycin_thiol_transferases|FOSA,Drugs,Fosfomycin,Fosfomycin thiol transferases,FOSA,
MEG_2974|Drugs|Fosfomycin|Fosfomycin_phosphorylation|FOMB,Drugs,Fosfomycin,Fosfomycin phosphorylation,FOMB,
MEG_2993|Drugs|Fosfomycin|Fosfomycin_thiol_transferases|FOSA,Drugs,Fosfomycin,Fosfomycin thiol transferases,FOSA,
MEG_7687|Drugs|Multi-drug_resistance|Multi-drug_ABC_efflux_pumps|VGA,Drugs,Multi-drug resistance,Multi-drug ABC efflux pumps,VGA,
MEG_3597|Drugs|Multi-drug_resistance|Multi-drug_ABC_efflux_pumps|LMRD,Drugs,Multi-drug resistance,Multi-drug ABC efflux pumps,LMRD,
MEG_1727|Drugs|Multi-drug_resistance|MDR_23S_ribosomal_RNA_methyltransferase|CLBB,Drugs,Multi-drug resistance,MDR 23S ribosomal RNA methyltransferase,CLBB,
MEG_11472|Drugs|Multi-drug_resistance|Multi-drug_RND_efflux_pumps|MEXC1,Drugs,Multi-drug resistance,Multi-drug RND efflux pumps,MEXC1,
MEG_8689|Drugs|Multi-drug_resistance|Multi-drug_ABC_efflux_pumps|SALC,Drugs,Multi-drug resistance,Multi-drug ABC efflux pumps,SALC,
MEG_1116|Drugs|Multi-drug_resistance|MDR_regulator|ARLR,Drugs,Multi-drug resistance,MDR regulator,ARLR,
MEG_2731|Drugs|Multi-drug_resistance|Multi-drug_SMR_efflux_regulator|EMRE,Drugs,Multi-drug resistance,Multi-drug SMR efflux regulator,EMRE,
MEG_10191|Drugs|Multi-drug_resistance|Multi-drug_ABC_efflux_pumps|SALD,Drugs,Multi-drug resistance,Multi-drug ABC efflux pumps,SALD,
MEG_3271|Drugs|Multi-drug_resistance|Multi-drug_RND_efflux_pumps|HNS,Drugs,Multi-drug resistance,Multi-drug RND efflux pumps,HNS,
MEG_11308|Drugs|Multi-drug_resistance|Multi-drug_SMR_efflux_regulator|EMRE,Drugs,Multi-drug resistance,Multi-drug SMR efflux regulator,EMRE,
MEG_8638|Drugs|Multi-drug_resistance|Multi-drug_ABC_efflux_pumps|POXT,Drugs,Multi-drug resistance,Multi-drug ABC efflux pumps,POXT,
MEG_4102|Drugs|Multi-drug_resistance|Multi-drug_RND_efflux_pumps|MUXC,Drugs,Multi-drug resistance,Multi-drug RND efflux pumps,MUXC,
MEG_4317|Drugs|Multi-drug_resistance|Multi-drug_ABC_efflux_pumps|OPTRA,Drugs,Multi-drug resistance,Multi-drug ABC efflux pumps,OPTRA,
MEG_2670|Drugs|Multi-drug_resistance|Multi-drug_ABC_efflux_pumps|DRRA,Drugs,Multi-drug resistance,Multi-drug ABC efflux pumps,DRRA,
MEG_4321|Drugs|Multi-drug_resistance|Multi-drug_ABC_efflux_pumps|OPTRA,Drugs,Multi-drug resistance,Multi-drug ABC efflux pumps,OPTRA,
MEG_4211|Drugs|Multi-drug_resistance|Multi-drug_MFS_efflux_pumps|NORBD,Drugs,Multi-drug resistance,Multi-drug MFS efflux pumps,NORBD,
MEG_6084|Drugs|Multi-drug_resistance|Multi-drug_MFS_efflux_pumps|ROSB,Drugs,Multi-drug resistance,Multi-drug MFS efflux pumps,ROSB,
MEG_5809|Drugs|Multi-drug_resistance|Multi-drug_ABC_efflux_pumps|POXT,Drugs,Multi-drug resistance,Multi-drug ABC efflux pumps,POXT,
MEG_8451|Drugs|Multi-drug_resistance|MDR_regulator|PARR,Drugs,Multi-drug resistance,MDR regulator,PARR,
MEG_4294|Drugs|Multi-drug_resistance|Multi-drug_RND_efflux_pumps|OPMH,Drugs,Multi-drug resistance,Multi-drug RND efflux pumps,OPMH,
MEG_7678|Drugs|Multi-drug_resistance|Multi-drug_ABC_efflux_pumps|VGA,Drugs,Multi-drug resistance,Multi-drug ABC efflux pumps,VGA,
MEG_1682|Drugs|Multi-drug_resistance|MDR_23S_ribosomal_RNA_methyltransferase|CFRA,Drugs,Multi-drug resistance,MDR 23S ribosomal RNA methyltransferase,CFRA,
MEG_4312|Drugs|Multi-drug_resistance|Multi-drug_ABC_efflux_pumps|OPTRA,Drugs,Multi-drug resistance,Multi-drug ABC efflux pumps,OPTRA,
MEG_4314|Drugs|Multi-drug_resistance|Multi-drug_ABC_efflux_pumps|OPTRA,Drugs,Multi-drug resistance,Multi-drug ABC efflux pumps,OPTRA,
MEG_4316|Drugs|Multi-drug_resistance|Multi-drug_ABC_efflux_pumps|OPTRA,Drugs,Multi-drug resistance,Multi-drug ABC efflux pumps,OPTRA,
MEG_4291|Drugs|Multi-drug_resistance|Multi-drug_RND_efflux_pumps|OPCM,Drugs,Multi-drug resistance,Multi-drug RND efflux pumps,OPCM,
MEG_1115|Drugs|Multi-drug_resistance|MDR_regulator|ARLR,Drugs,Multi-drug resistance,MDR regulator,ARLR,
MEG_3657|Drugs|Multi-drug_resistance|Multi-drug_ABC_efflux_pumps|MACA,Drugs,Multi-drug resistance,Multi-drug ABC efflux pumps,MACA,
MEG_7682|Drugs|Multi-drug_resistance|Multi-drug_ABC_efflux_pumps|VGA,Drugs,Multi-drug resistance,Multi-drug ABC efflux pumps,VGA,
MEG_11432|Drugs|Multi-drug_resistance|ABC-F_ribosomal_protection_protein|VGAF,Drugs,Multi-drug resistance,ABC-F ribosomal protection protein,VGAF,
MEG_3265|Drugs|Multi-drug_resistance|Multi-drug_RND_efflux_pumps|HLYD,Drugs,Multi-drug resistance,Multi-drug RND efflux pumps,HLYD,
MEG_4307|Drugs|Multi-drug_resistance|Multi-drug_ABC_efflux_pumps|OPTRA,Drugs,Multi-drug resistance,Multi-drug ABC efflux pumps,OPTRA,
MEG_371|Drugs|Multi-drug_resistance|Multi-drug_ABC_efflux_pumps|ABCA,Drugs,Multi-drug resistance,Multi-drug ABC efflux pumps,ABCA,
MEG_4322|Drugs|Multi-drug_resistance|Multi-drug_ABC_efflux_pumps|OPTRA,Drugs,Multi-drug resistance,Multi-drug ABC efflux pumps,OPTRA,
MEG_8247|Drugs|Multi-drug_resistance|Multi-drug_RND_efflux_pumps|MEXC1,Drugs,Multi-drug resistance,Multi-drug RND efflux pumps,MEXC1,
MEG_8452|Drugs|Multi-drug_resistance|MDR_regulator|PARS,Drugs,Multi-drug resistance,MDR regulator,PARS,
MEG_1729|Drugs|Multi-drug_resistance|MDR_23S_ribosomal_RNA_methyltransferase|CLBD,Drugs,Multi-drug resistance,MDR 23S ribosomal RNA methyltransferase,CLBD,
MEG_1118|Drugs|Multi-drug_resistance|MDR_regulator|ARLS,Drugs,Multi-drug resistance,MDR regulator,ARLS,
MEG_1723|Drugs|Multi-drug_resistance|MDR_23S_ribosomal_RNA_methyltransferase|CIPA,Drugs,Multi-drug resistance,MDR 23S ribosomal RNA methyltransferase,CIPA,
MEG_1179|Drugs|Multi-drug_resistance|Multi-drug_RND_efflux_regulator|ASMA,Drugs,Multi-drug resistance,Multi-drug RND efflux regulator,ASMA,
MEG_4359|Multi-compound|Drug_and_biocide_resistance|Drug_and_biocide_RND_efflux_pumps|OQXB,Multi-compound,Drug and biocide resistance,Drug and biocide RND efflux pumps,OQXB,
MEG_4344|Multi-compound|Drug_and_biocide_resistance|Drug_and_biocide_RND_efflux_pumps|OQXB,Multi-compound,Drug and biocide resistance,Drug and biocide RND efflux pumps,OQXB,
MEG_3836|Multi-compound|Drug_and_biocide_resistance|Drug_and_biocide_MATE_efflux_regulator|MEPR,Multi-compound,Drug and biocide resistance,Drug and biocide MATE efflux regulator,MEPR,
MEG_3924|Multi-compound|Drug_and_biocide_resistance|Drug_and_biocide_RND_efflux_regulator|MEXR,Multi-compound,Drug and biocide resistance,Drug and biocide RND efflux regulator,MEXR,
MEG_5828|Multi-compound|Drug_and_biocide_resistance|Drug_and_biocide_SMR_efflux_pumps|QACE,Multi-compound,Drug and biocide resistance,Drug and biocide SMR efflux pumps,QACE,
MEG_4083|Multi-compound|Drug_and_biocide_resistance|Drug_and_biocide_RND_efflux_pumps|MTRD,Multi-compound,Drug and biocide resistance,Drug and biocide RND efflux pumps,MTRD,
MEG_4337|Multi-compound|Drug_and_biocide_resistance|Drug_and_biocide_RND_efflux_pumps|OQXB,Multi-compound,Drug and biocide resistance,Drug and biocide RND efflux pumps,OQXB,
MEG_4206|Multi-compound|Drug_and_biocide_resistance|Drug_and_biocide_MFS_efflux_pumps|NORA,Multi-compound,Drug and biocide resistance,Drug and biocide MFS efflux pumps,NORA,
MEG_3914|Multi-compound|Drug_and_biocide_resistance|Drug_and_biocide_RND_efflux_pumps|MEXH,Multi-compound,Drug and biocide resistance,Drug and biocide RND efflux pumps,MEXH,
MEG_5797|Multi-compound|Drug_and_biocide_resistance|Drug_and_biocide_MFS_efflux_pumps|PMRA,Multi-compound,Drug and biocide resistance,Drug and biocide MFS efflux pumps,PMRA,
MEG_5846|Multi-compound|Drug_and_biocide_resistance|Drug_and_biocide_SMR_efflux_pumps|QACG,Multi-compound,Drug and biocide resistance,Drug and biocide SMR efflux pumps,QACG,
MEG_3996|Multi-compound|Drug_and_biocide_resistance|Drug_and_biocide_SMR_efflux_pumps|MMR,Multi-compound,Drug and biocide resistance,Drug and biocide SMR efflux pumps,MMR,
MEG_3760|Multi-compound|Drug_and_biocide_resistance|Drug_and_biocide_MATE_efflux_pumps|MDTK,Multi-compound,Drug and biocide resistance,Drug and biocide MATE efflux pumps,MDTK,
MEG_7641|Multi-compound|Drug_and_biocide_resistance|Drug_and_biocide_MATE_efflux_pumps|VCMA,Multi-compound,Drug and biocide resistance,Drug and biocide MATE efflux pumps,VCMA,
MEG_4365|Multi-compound|Drug_and_biocide_resistance|Drug_and_biocide_RND_efflux_pumps|OQXB,Multi-compound,Drug and biocide resistance,Drug and biocide RND efflux pumps,OQXB,
MEG_7286|Multi-compound|Drug_and_biocide_resistance|Drug_and_biocide_RND_efflux_pumps|TTGA,Multi-compound,Drug and biocide resistance,Drug and biocide RND efflux pumps,TTGA,
MEG_2118|Multi-compound|Drug_and_biocide_resistance|Drug_and_biocide_RND_efflux_regulator|CPXAR,Multi-compound,Drug and biocide resistance,Drug and biocide RND efflux regulator,CPXAR,
MEG_2736|Multi-compound|Drug_and_biocide_resistance|Drug_and_biocide_MFS_efflux_pumps|EMRY,Multi-compound,Drug and biocide resistance,Drug and biocide MFS efflux pumps,EMRY,
MEG_4342|Multi-compound|Drug_and_biocide_resistance|Drug_and_biocide_RND_efflux_pumps|OQXB,Multi-compound,Drug and biocide resistance,Drug and biocide RND efflux pumps,OQXB,
MEG_3908|Multi-compound|Drug_and_biocide_resistance|Drug_and_biocide_RND_efflux_pumps|MEXE,Multi-compound,Drug and biocide resistance,Drug and biocide RND efflux pumps,MEXE,
MEG_3913|Multi-compound|Drug_and_biocide_resistance|Drug_and_biocide_RND_efflux_pumps|MEXG,Multi-compound,Drug and biocide resistance,Drug and biocide RND efflux pumps,MEXG,
MEG_1471|Multi-compound|Drug_and_biocide_resistance|Drug_and_biocide_MFS_efflux_regulator|BMR,Multi-compound,Drug and biocide resistance,Drug and biocide MFS efflux regulator,BMR,
MEG_5786|Multi-compound|Drug_and_biocide_resistance|Drug_and_biocide_SMR_efflux_regulator|PHOR,Multi-compound,Drug and biocide resistance,Drug and biocide SMR efflux regulator,PHOR,
MEG_2884|Multi-compound|Drug_and_biocide_resistance|Drug_and_biocide_MFS_efflux_pumps|FARA,Multi-compound,Drug and biocide resistance,Drug and biocide MFS efflux pumps,FARA,
MEG_8692|Multi-compound|Drug_and_biocide_resistance|Drug_and_biocide_MFS_efflux_pumps|SDRM,Multi-compound,Drug and biocide resistance,Drug and biocide MFS efflux pumps,SDRM,
MEG_3761|Multi-compound|Drug_and_biocide_resistance|Drug_and_biocide_MFS_efflux_pumps|MDTM,Multi-compound,Drug and biocide resistance,Drug and biocide MFS efflux pumps,MDTM,
MEG_5849|Multi-compound|Drug_and_biocide_resistance|Drug_and_biocide_SMR_efflux_pumps|QACJ,Multi-compound,Drug and biocide resistance,Drug and biocide SMR efflux pumps,QACJ,
MEG_1224|Multi-compound|Drug_and_biocide_resistance|Drug_and_biocide_RND_efflux_pumps|BEPD,Multi-compound,Drug and biocide resistance,Drug and biocide RND efflux pumps,BEPD,
MEG_7669|Multi-compound|Drug_and_biocide_resistance|Drug_and_biocide_RND_efflux_pumps|VEXB,Multi-compound,Drug and biocide resistance,Drug and biocide RND efflux pumps,VEXB,
MEG_375|Multi-compound|Drug_and_biocide_resistance|Drug_and_biocide_SMR_efflux_pumps|ABES,Multi-compound,Drug and biocide resistance,Drug and biocide SMR efflux pumps,ABES,
MEG_2726|Multi-compound|Drug_and_biocide_resistance|Drug_and_biocide_MFS_efflux_pumps|EMRBSM,Multi-compound,Drug and biocide resistance,Drug and biocide MFS efflux pumps,EMRBSM,
MEG_2722|Multi-compound|Drug_and_biocide_resistance|Drug_and_biocide_MFS_efflux_pumps|EMRA,Multi-compound,Drug and biocide resistance,Drug and biocide MFS efflux pumps,EMRA,
MEG_3916|Multi-compound|Drug_and_biocide_resistance|Drug_and_biocide_RND_efflux_pumps|MEXJ,Multi-compound,Drug and biocide resistance,Drug and biocide RND efflux pumps,MEXJ,
MEG_7672|Multi-compound|Drug_and_biocide_resistance|Drug_and_biocide_RND_efflux_pumps|VEXE,Multi-compound,Drug and biocide resistance,Drug and biocide RND efflux pumps,VEXE,
MEG_9194|Multi-compound|Drug_and_biocide_resistance|Drug_and_biocide_RND_efflux_pumps|ACRA,Multi-compound,Drug and biocide resistance,Drug and biocide RND efflux pumps,ACRA,
MEG_7296|Multi-compound|Drug_and_biocide_resistance|Drug_and_biocide_RND_efflux_regulator|TTGR,Multi-compound,Drug and biocide resistance,Drug and biocide RND efflux regulator,TTGR,
MEG_3514|Multi-compound|Drug_and_biocide_resistance|Drug_and_biocide_SMR_efflux_pumps|KPNE,Multi-compound,Drug and biocide resistance,Drug and biocide SMR efflux pumps,KPNE,
MEG_5843|Multi-compound|Drug_and_biocide_resistance|Drug_and_biocide_SMR_efflux_pumps|QACG,Multi-compound,Drug and biocide resistance,Drug and biocide SMR efflux pumps,QACG,
MEG_3912|Multi-compound|Drug_and_biocide_resistance|Drug_and_biocide_RND_efflux_pumps|MEXF,Multi-compound,Drug and biocide resistance,Drug and biocide RND efflux pumps,MEXF,
MEG_6525|Multi-compound|Drug_and_biocide_resistance|Drug_and_biocide_RND_efflux_pumps|SME,Multi-compound,Drug and biocide resistance,Drug and biocide RND efflux pumps,SME,
MEG_6559|Biocides|Multi-biocide_resistance|Multi-biocide_RND_efflux_pump|SRPA,Biocides,Multi-biocide resistance,Multi-biocide RND efflux pump,SRPA,
MEG_6140|Biocides|Multi-biocide_resistance|Multi-biocide_resistance_regulator|RPOS,Biocides,Multi-biocide resistance,Multi-biocide resistance regulator,RPOS,
MEG_6645|Biocides|Multi-biocide_resistance|Multi-biocide_RND_efflux_pump|TBTA,Biocides,Multi-biocide resistance,Multi-biocide RND efflux pump,TBTA,
MEG_7794|Biocides|Multi-biocide_resistance|Multi-biocide_RND_efflux_pump|VMEK,Biocides,Multi-biocide resistance,Multi-biocide RND efflux pump,VMEK,
MEG_7782|Biocides|Multi-biocide_resistance|Multi-biocide_RND_efflux_pump|VMEA,Biocides,Multi-biocide resistance,Multi-biocide RND efflux pump,VMEA,
MEG_6549|Biocides|Multi-biocide_resistance|Multi-biocide_resistance_regulator|SOXRB,Biocides,Multi-biocide resistance,Multi-biocide resistance regulator,SOXRB,
MEG_7789|Biocides|Multi-biocide_resistance|Multi-biocide_RND_efflux_pump|VMEF,Biocides,Multi-biocide resistance,Multi-biocide RND efflux pump,VMEF,
MEG_6575|Biocides|Multi-biocide_resistance|Multi-biocide_SMR_efflux_pump|SUGE,Biocides,Multi-biocide resistance,Multi-biocide SMR efflux pump,SUGE,
MEG_6578|Biocides|Multi-biocide_resistance|Multi-biocide_SMR_efflux_pump|SUGE,Biocides,Multi-biocide resistance,Multi-biocide SMR efflux pump,SUGE,
MEG_3539|Biocides|Multi-biocide_resistance|Multi-biocide_MFS_efflux_pump|LDE,Biocides,Multi-biocide resistance,Multi-biocide MFS efflux pump,LDE,
MEG_7785|Biocides|Multi-biocide_resistance|Multi-biocide_RND_efflux_pump|VMEB,Biocides,Multi-biocide resistance,Multi-biocide RND efflux pump,VMEB,
MEG_6560|Biocides|Multi-biocide_resistance|Multi-biocide_RND_efflux_pump|SRPB,Biocides,Multi-biocide resistance,Multi-biocide RND efflux pump,SRPB,
MEG_7837|Biocides|Multi-biocide_resistance|Multi-biocide_resistance_protein|YJCG,Biocides,Multi-biocide resistance,Multi-biocide resistance protein,YJCG,
MEG_7268|Biocides|Multi-biocide_resistance|Multi-biocide_RND_efflux_pump|TOLCSM,Biocides,Multi-biocide resistance,Multi-biocide RND efflux pump,TOLCSM,
MEG_6572|Biocides|Multi-biocide_resistance|Multi-biocide_SMR_efflux_pump|SSME,Biocides,Multi-biocide resistance,Multi-biocide SMR efflux pump,SSME,
MEG_7778|Biocides|Multi-biocide_resistance|Multi-biocide_RND_efflux_pump|VMEA,Biocides,Multi-biocide resistance,Multi-biocide RND efflux pump,VMEA,
MEG_6577|Biocides|Multi-biocide_resistance|Multi-biocide_SMR_efflux_pump|SUGE,Biocides,Multi-biocide resistance,Multi-biocide SMR efflux pump,SUGE,
MEG_6141|Biocides|Multi-biocide_resistance|Multi-biocide_resistance_regulator|RPOS,Biocides,Multi-biocide resistance,Multi-biocide resistance regulator,RPOS,
MEG_7819|Biocides|Multi-biocide_resistance|Multi-biocide_resistance_regulator|YDEO,Biocides,Multi-biocide resistance,Multi-biocide resistance regulator,YDEO,
MEG_7788|Biocides|Multi-biocide_resistance|Multi-biocide_RND_efflux_pump|VMEE,Biocides,Multi-biocide resistance,Multi-biocide RND efflux pump,VMEE,
MEG_7787|Biocides|Multi-biocide_resistance|Multi-biocide_RND_efflux_pump|VMED,Biocides,Multi-biocide resistance,Multi-biocide RND efflux pump,VMED,
MEG_3279|Biocides|Multi-biocide_resistance|Multi-biocide_resistance_protein|HSMR,Biocides,Multi-biocide resistance,Multi-biocide resistance protein,HSMR,
MEG_7796|Biocides|Multi-biocide_resistance|Multi-biocide_RND_efflux_pump|VMEQ,Biocides,Multi-biocide resistance,Multi-biocide RND efflux pump,VMEQ,
MEG_1467|Biocides|Multi-biocide_resistance|Multi-biocide_resistance_regulator|BLTR,Biocides,Multi-biocide resistance,Multi-biocide resistance regulator,BLTR,
MEG_3935|Biocides|Multi-biocide_resistance|Multi-biocide_RND_efflux_pump|MEXV,Biocides,Multi-biocide resistance,Multi-biocide RND efflux pump,MEXV,
MEG_4298|Biocides|Multi-biocide_resistance|Multi-biocide_RND_efflux_pump|OPRJ,Biocides,Multi-biocide resistance,Multi-biocide RND efflux pump,OPRJ,
MEG_7783|Biocides|Multi-biocide_resistance|Multi-biocide_RND_efflux_pump|VMEA,Biocides,Multi-biocide resistance,Multi-biocide RND efflux pump,VMEA,
MEG_7265|Biocides|Multi-biocide_resistance|Multi-biocide_RND_efflux_pump|TOLC,Biocides,Multi-biocide resistance,Multi-biocide RND efflux pump,TOLC,
MEG_2715|Biocides|Multi-biocide_resistance|Multi-biocide_RND_efflux_pump|EMHA,Biocides,Multi-biocide resistance,Multi-biocide RND efflux pump,EMHA,
MEG_7781|Biocides|Multi-biocide_resistance|Multi-biocide_RND_efflux_pump|VMEA,Biocides,Multi-biocide resistance,Multi-biocide RND efflux pump,VMEA,
MEG_7779|Biocides|Multi-biocide_resistance|Multi-biocide_RND_efflux_pump|VMEA,Biocides,Multi-biocide resistance,Multi-biocide RND efflux pump,VMEA,
MEG_7773|Biocides|Multi-biocide_resistance|Multi-biocide_RND_efflux_pump|VMEA,Biocides,Multi-biocide resistance,Multi-biocide RND efflux pump,VMEA,
MEG_6519|Biocides|Multi-biocide_resistance|Multi-biocide_ABC_efflux_pump|SMDA,Biocides,Multi-biocide resistance,Multi-biocide ABC efflux pump,SMDA,
MEG_6561|Biocides|Multi-biocide_resistance|Multi-biocide_RND_efflux_pump|SRPC,Biocides,Multi-biocide resistance,Multi-biocide RND efflux pump,SRPC,
MEG_6648|Biocides|Multi-biocide_resistance|Multi-biocide_RND_efflux_regulator|TBTR,Biocides,Multi-biocide resistance,Multi-biocide RND efflux regulator,TBTR,
MEG_4299|Biocides|Multi-biocide_resistance|Multi-biocide_RND_efflux_pump|OPRM,Biocides,Multi-biocide resistance,Multi-biocide RND efflux pump,OPRM,
MEG_7774|Biocides|Multi-biocide_resistance|Multi-biocide_RND_efflux_pump|VMEA,Biocides,Multi-biocide resistance,Multi-biocide RND efflux pump,VMEA,
MEG_2698|Biocides|Multi-biocide_resistance|Multi-biocide_SMR_efflux_pump|EBRB,Biocides,Multi-biocide resistance,Multi-biocide SMR efflux pump,EBRB,
MEG_5321|Biocides|Multi-biocide_resistance|Multi-biocide_resistance_regulator|OXYRKP,Biocides,Multi-biocide resistance,Multi-biocide resistance regulator,OXYRKP,
MEG_1468|Biocides|Multi-biocide_resistance|Multi-biocide_resistance_regulator|BLTR,Biocides,Multi-biocide resistance,Multi-biocide resistance regulator,BLTR,
MEG_10506|Drugs|betalactams|Class_A_betalactamases|OKP,Drugs,betalactams,Class A betalactamases,OKP,
MEG_1978|Drugs|betalactams|Class_C_betalactamases|CMY,Drugs,betalactams,Class C betalactamases,CMY,
MEG_6419|Drugs|betalactams|Class_A_betalactamases|SHV,Drugs,betalactams,Class A betalactamases,SHV,
MEG_5655|Drugs|betalactams|Class_C_betalactamases|PDC,Drugs,betalactams,Class C betalactamases,PDC,
MEG_5404|Drugs|betalactams|Penicillin_binding_protein|PBP2,Drugs,betalactams,Penicillin binding protein,PBP2,
MEG_6942|Drugs|betalactams|Class_A_betalactamases|TEM,Drugs,betalactams,Class A betalactamases,TEM,
MEG_5265|Drugs|betalactams|Class_D_betalactamases|OXA,Drugs,betalactams,Class D betalactamases,OXA,
MEG_2178|Drugs|betalactams|Class_A_betalactamases|CTX,Drugs,betalactams,Class A betalactamases,CTX,
MEG_10001|Drugs|betalactams|Class_D_betalactamases|OXA,Drugs,betalactams,Class D betalactamases,OXA,
MEG_6700|Drugs|betalactams|Class_A_betalactamases|TEM,Drugs,betalactams,Class A betalactamases,TEM,
MEG_1951|Drugs|betalactams|Class_C_betalactamases|CMY,Drugs,betalactams,Class C betalactamases,CMY,
MEG_3633|Drugs|betalactams|Class_B_betalactamases|LRA,Drugs,betalactams,Class B betalactamases,LRA,
MEG_5541|Drugs|betalactams|Class_C_betalactamases|PDC,Drugs,betalactams,Class C betalactamases,PDC,
MEG_9902|Drugs|betalactams|Class_D_betalactamases|OXA,Drugs,betalactams,Class D betalactamases,OXA,
MEG_10323|Drugs|betalactams|Class_C_betalactamases|PDC,Drugs,betalactams,Class C betalactamases,PDC,
MEG_1907|Drugs|betalactams|Class_C_betalactamases|CMY,Drugs,betalactams,Class C betalactamases,CMY,
MEG_3768|Drugs|betalactams|Penicillin_binding_protein|MECA,Drugs,betalactams,Penicillin binding protein,MECA,
MEG_2422|Drugs|betalactams|Class_A_betalactamases|CTX,Drugs,betalactams,Class A betalactamases,CTX,
MEG_2351|Drugs|betalactams|Class_A_betalactamases|CTX,Drugs,betalactams,Class A betalactamases,CTX,
MEG_3576|Drugs|betalactams|Class_A_betalactamases|LEN,Drugs,betalactams,Class A betalactamases,LEN,
MEG_1669|Drugs|betalactams|Class_B_betalactamases|CFIA,Drugs,betalactams,Class B betalactamases,CFIA,
MEG_6479|Drugs|betalactams|Class_A_betalactamases|SHV,Drugs,betalactams,Class A betalactamases,SHV,
MEG_9002|Drugs|betalactams|Class_C_betalactamases|MIR,Drugs,betalactams,Class C betalactamases,MIR,
MEG_4527|Drugs|betalactams|Class_D_betalactamases|OXA,Drugs,betalactams,Class D betalactamases,OXA,
MEG_4144|Drugs|betalactams|Class_B_betalactamases|NDM,Drugs,betalactams,Class B betalactamases,NDM,
MEG_9662|Drugs|betalactams|Class_A_betalactamases|OXY,Drugs,betalactams,Class A betalactamases,OXY,
MEG_11178|Drugs|betalactams|Class_D_betalactamases|OXA,Drugs,betalactams,Class D betalactamases,OXA,
MEG_6673|Drugs|betalactams|Class_A_betalactamases|TEM,Drugs,betalactams,Class A betalactamases,TEM,
MEG_7951|Drugs|betalactams|Class_C_betalactamases|ADC,Drugs,betalactams,Class C betalactamases,ADC,
MEG_3395|Drugs|betalactams|Class_B_betalactamases|IMP,Drugs,betalactams,Class B betalactamases,IMP,
MEG_538|Drugs|betalactams|Class_C_betalactamases|ADC,Drugs,betalactams,Class C betalactamases,ADC,
MEG_10895|Drugs|betalactams|Class_A_betalactamases|LEN,Drugs,betalactams,Class A betalactamases,LEN,
MEG_5276|Drugs|betalactams|Class_D_betalactamases|OXA,Drugs,betalactams,Class D betalactamases,OXA,
MEG_10588|Drugs|betalactams|Class_A_betalactamases|OKP,Drugs,betalactams,Class A betalactamases,OKP,
MEG_11000|Drugs|betalactams|Class_A_betalactamases|OXY,Drugs,betalactams,Class A betalactamases,OXY,
MEG_10806|Drugs|betalactams|Class_A_betalactamases|LEN,Drugs,betalactams,Class A betalactamases,LEN,
MEG_6375|Drugs|betalactams|Class_A_betalactamases|SHV,Drugs,betalactams,Class A betalactamases,SHV,
MEG_3551|Drugs|betalactams|Class_A_betalactamases|LEN,Drugs,betalactams,Class A betalactamases,LEN,
MEG_2432|Drugs|betalactams|Class_A_betalactamases|CTX,Drugs,betalactams,Class A betalactamases,CTX,
MEG_8125|Drugs|betalactams|Class_B_betalactamases|GOB,Drugs,betalactams,Class B betalactamases,GOB,
MEG_396|Metals|Iron_resistance|Iron_resistance_protein|ACN,Metals,Iron resistance,Iron resistance protein,ACN,
MEG_1230|Metals|Iron_resistance|Iron_resistance_protein|BFRA,Metals,Iron resistance,Iron resistance protein,BFRA,
MEG_3063|Metals|Iron_resistance|Iron_resistance_regulator|FURA,Metals,Iron resistance,Iron resistance regulator,FURA,
MEG_3064|Metals|Iron_resistance|Iron_resistance_regulator|FURA,Metals,Iron resistance,Iron resistance regulator,FURA,
MEG_7811|Metals|Iron_resistance|Iron_resistance_protein|YBTP,Metals,Iron resistance,Iron resistance protein,YBTP,
MEG_7812|Metals|Iron_resistance|Iron_resistance_protein|YBTQ,Metals,Iron resistance,Iron resistance protein,YBTQ,
MEG_717|Metals|Arsenic_resistance|Arsenite_oxidase_regulator|AIOX,Metals,Arsenic resistance,Arsenite oxidase regulator,AIOX,
MEG_5814|Metals|Arsenic_resistance|Arsenic_resistance_protein|PSTB,Metals,Arsenic resistance,Arsenic resistance protein,PSTB,
MEG_1139|Metals|Arsenic_resistance|Arsenic_resistance_protein|ARRA,Metals,Arsenic resistance,Arsenic resistance protein,ARRA,
MEG_398|Metals|Arsenic_resistance|Arsenic_resistance_membrane_transporter|ACR3,Metals,Arsenic resistance,Arsenic resistance membrane transporter,ACR3,
MEG_11332|Metals|Arsenic_resistance|Arsenic_resistance_regulator|ARSR,Metals,Arsenic resistance,Arsenic resistance regulator,ARSR,
MEG_11327|Metals|Arsenic_resistance|Arsenic_resistance_protein|ARSD,Metals,Arsenic resistance,Arsenic resistance protein,ARSD,
MEG_716|Metals|Arsenic_resistance|Arsenite_oxidase_regulator|AIOS,Metals,Arsenic resistance,Arsenite oxidase regulator,AIOS,
MEG_1156|Metals|Arsenic_resistance|Arsenic_resistance_protein|ARSC,Metals,Arsenic resistance,Arsenic resistance protein,ARSC,
MEG_715|Metals|Arsenic_resistance|Arsenite_oxidase_regulator|AIOR,Metals,Arsenic resistance,Arsenite oxidase regulator,AIOR,
MEG_5816|Metals|Arsenic_resistance|Arsenic_resistance_protein|PSTS,Metals,Arsenic resistance,Arsenic resistance protein,PSTS,
MEG_1157|Metals|Arsenic_resistance|Arsenic_resistance_protein|ARSC,Metals,Arsenic resistance,Arsenic resistance protein,ARSC,
MEG_11328|Metals|Arsenic_resistance|Arsenic_resistance_protein|ARSD,Metals,Arsenic resistance,Arsenic resistance protein,ARSD,
MEG_11363|Metals|Arsenic_resistance|Arsenic_resistance_N-acetyltransferases|ARSN2,Metals,Arsenic resistance,Arsenic resistance N-acetyltransferases,ARSN2,
MEG_1171|Metals|Arsenic_resistance|Arsenic_resistance_regulator|ARSR,Metals,Arsenic resistance,Arsenic resistance regulator,ARSR,
MEG_1172|Metals|Arsenic_resistance|Arsenic_resistance_regulator|ARSR,Metals,Arsenic resistance,Arsenic resistance regulator,ARSR,
MEG_5813|Metals|Arsenic_resistance|Arsenic_resistance_protein|PSTA,Metals,Arsenic resistance,Arsenic resistance protein,PSTA,
MEG_1155|Metals|Arsenic_resistance|Arsenic_resistance_protein|ARSC,Metals,Arsenic resistance,Arsenic resistance protein,ARSC,
MEG_1147|Metals|Arsenic_resistance|Arsenic_resistance_protein|ARSB,Metals,Arsenic resistance,Arsenic resistance protein,ARSB,
MEG_1167|Metals|Arsenic_resistance|Arsenic_resistance_protein|ARSH,Metals,Arsenic resistance,Arsenic resistance protein,ARSH,
MEG_1146|Metals|Arsenic_resistance|Arsenic_resistance_protein|ARSB,Metals,Arsenic resistance,Arsenic resistance protein,ARSB,
MEG_11360|Metals|Arsenic_resistance|Arsenic_resistance_N-acetyltransferases|ARSN2,Metals,Arsenic resistance,Arsenic resistance N-acetyltransferases,ARSN2,
MEG_1141|Metals|Arsenic_resistance|Arsenic_resistance_protein|ARRB,Metals,Arsenic resistance,Arsenic resistance protein,ARRB,
MEG_11252|Metals|Arsenic_resistance|Arsenic_resistance_regulator|ARSR,Metals,Arsenic resistance,Arsenic resistance regulator,ARSR,
MEG_1159|Metals|Arsenic_resistance|Arsenic_resistance_protein|ARSC,Metals,Arsenic resistance,Arsenic resistance protein,ARSC,
MEG_711|Metals|Arsenic_resistance|Arsenite_oxidase|AIOA,Metals,Arsenic resistance,Arsenite oxidase,AIOA,
MEG_11324|Metals|Arsenic_resistance|Arsenic_resistance_protein|ARSB,Metals,Arsenic resistance,Arsenic resistance protein,ARSB,
MEG_1165|Metals|Arsenic_resistance|Arsenic_resistance_protein|ARSD,Metals,Arsenic resistance,Arsenic resistance protein,ARSD,
MEG_11325|Metals|Arsenic_resistance|Arsenic_resistance_protein|ARSB,Metals,Arsenic resistance,Arsenic resistance protein,ARSB,
MEG_1158|Metals|Arsenic_resistance|Arsenic_resistance_protein|ARSC,Metals,Arsenic resistance,Arsenic resistance protein,ARSC,
MEG_1169|Metals|Arsenic_resistance|Arsenic_resistance_protein|ARSM,Metals,Arsenic resistance,Arsenic resistance protein,ARSM,
MEG_1160|Metals|Arsenic_resistance|Arsenic_resistance_protein|ARSC,Metals,Arsenic resistance,Arsenic resistance protein,ARSC,
MEG_712|Metals|Arsenic_resistance|Arsenite_oxidase|AIOA,Metals,Arsenic resistance,Arsenite oxidase,AIOA,
MEG_1173|Metals|Arsenic_resistance|Arsenic_resistance_regulator|ARSR,Metals,Arsenic resistance,Arsenic resistance regulator,ARSR,
MEG_11323|Metals|Arsenic_resistance|Arsenic_resistance_protein|ARSB,Metals,Arsenic resistance,Arsenic resistance protein,ARSB,
MEG_11326|Metals|Arsenic_resistance|Arsenic_resistance_protein|ARSB,Metals,Arsenic resistance,Arsenic resistance protein,ARSB,
MEG_11365|Metals|Arsenic_resistance|Arsenic_resistance_N-acetyltransferases|ARSN2,Metals,Arsenic resistance,Arsenic resistance N-acetyltransferases,ARSN2,
MEG_713|Metals|Arsenic_resistance|Arsenite_oxidase|AIOB,Metals,Arsenic resistance,Arsenite oxidase,AIOB,
MEG_11362|Metals|Arsenic_resistance|Arsenic_resistance_N-acetyltransferases|ARSN2,Metals,Arsenic resistance,Arsenic resistance N-acetyltransferases,ARSN2,
MEG_1170|Metals|Arsenic_resistance|Arsenic_resistance_protein|ARSP,Metals,Arsenic resistance,Arsenic resistance protein,ARSP,
MEG_1145|Metals|Arsenic_resistance|Arsenic_resistance_protein|ARSB,Metals,Arsenic resistance,Arsenic resistance protein,ARSB,
MEG_3744|Multi-compound|Drug_and_biocide_and_metal_resistance|Drug_and_biocide_and_metal_RND_efflux_pumps|MDTA,Multi-compound,Drug and biocide and metal resistance,Drug and biocide and metal RND efflux pumps,MDTA,
MEG_3749|Multi-compound|Drug_and_biocide_and_metal_resistance|Drug_and_biocide_and_metal_RND_efflux_pumps|MDTC,Multi-compound,Drug and biocide and metal resistance,Drug and biocide and metal RND efflux pumps,MDTC,
MEG_11439|Multi-compound|Drug_and_biocide_and_metal_resistance|Drug_and_biocide_and_metal_RND_efflux_pumps|CMEB,Multi-compound,Drug and biocide and metal resistance,Drug and biocide and metal RND efflux pumps,CMEB,
MEG_1191|Multi-compound|Drug_and_biocide_and_metal_resistance|Drug_and_biocide_and_metal_RND_efflux_regulator|BAER,Multi-compound,Drug and biocide and metal resistance,Drug and biocide and metal RND efflux regulator,BAER,
MEG_3742|Multi-compound|Drug_and_biocide_and_metal_resistance|Drug_and_biocide_and_metal_MFS_efflux_pumps|MDRL,Multi-compound,Drug and biocide and metal resistance,Drug and biocide and metal MFS efflux pumps,MDRL,
MEG_1738|Multi-compound|Drug_and_biocide_and_metal_resistance|Drug_and_biocide_and_metal_RND_efflux_pumps|CMEA,Multi-compound,Drug and biocide and metal resistance,Drug and biocide and metal RND efflux pumps,CMEA,
MEG_3743|Multi-compound|Drug_and_biocide_and_metal_resistance|Drug_and_biocide_and_metal_MFS_efflux_pumps|MDRL,Multi-compound,Drug and biocide and metal resistance,Drug and biocide and metal MFS efflux pumps,MDRL,
MEG_6551|Multi-compound|Drug_and_biocide_and_metal_resistance|Drug_and_biocide_and_metal_resistance_regulator|SOXS,Multi-compound,Drug and biocide and metal resistance,Drug and biocide and metal resistance regulator,SOXS,
MEG_1193|Multi-compound|Drug_and_biocide_and_metal_resistance|Drug_and_biocide_and_metal_RND_efflux_regulator|BAES,Multi-compound,Drug and biocide and metal resistance,Drug and biocide and metal RND efflux regulator,BAES,
MEG_7839|Multi-compound|Drug_and_biocide_and_metal_resistance|Drug_and_biocide_and_metal_SMR_efflux_pump|YKKC,Multi-compound,Drug and biocide and metal resistance,Drug and biocide and metal SMR efflux pump,YKKC,
MEG_1742|Multi-compound|Drug_and_biocide_and_metal_resistance|Drug_and_biocide_and_metal_RND_efflux_pumps|CMEC,Multi-compound,Drug and biocide and metal resistance,Drug and biocide and metal RND efflux pumps,CMEC,
MEG_11338|Multi-compound|Drug_and_biocide_and_metal_resistance|Drug_and_biocide_and_metal_RND_efflux_pumps|CMEB,Multi-compound,Drug and biocide and metal resistance,Drug and biocide and metal RND efflux pumps,CMEB,
MEG_1748|Multi-compound|Drug_and_biocide_and_metal_resistance|Drug_and_biocide_and_metal_RND_efflux_regulator|CMER,Multi-compound,Drug and biocide and metal resistance,Drug and biocide and metal RND efflux regulator,CMER,
MEG_1747|Multi-compound|Drug_and_biocide_and_metal_resistance|Drug_and_biocide_and_metal_RND_efflux_regulator|CMER,Multi-compound,Drug and biocide and metal resistance,Drug and biocide and metal RND efflux regulator,CMER,
MEG_1194|Multi-compound|Drug_and_biocide_and_metal_resistance|Drug_and_biocide_and_metal_RND_efflux_regulator|BAES,Multi-compound,Drug and biocide and metal resistance,Drug and biocide and metal RND efflux regulator,BAES,
MEG_3750|Multi-compound|Drug_and_biocide_and_metal_resistance|Drug_and_biocide_and_metal_RND_efflux_pumps|MDTC,Multi-compound,Drug and biocide and metal resistance,Drug and biocide and metal RND efflux pumps,MDTC,
MEG_1740|Multi-compound|Drug_and_biocide_and_metal_resistance|Drug_and_biocide_and_metal_RND_efflux_pumps|CMEB,Multi-compound,Drug and biocide and metal resistance,Drug and biocide and metal RND efflux pumps,CMEB,
MEG_10013|Multi-compound|Drug_and_biocide_and_metal_resistance|Drug_and_biocide_and_metal_RND_efflux_regulator|BAES,Multi-compound,Drug and biocide and metal resistance,Drug and biocide and metal RND efflux regulator,BAES,
MEG_3132|Multi-compound|Drug_and_biocide_and_metal_resistance|Drug_and_biocide_and_metal_RND_efflux_pumps|GESA,Multi-compound,Drug and biocide and metal resistance,Drug and biocide and metal RND efflux pumps,GESA,
MEG_6082|Multi-compound|Drug_and_biocide_and_metal_resistance|Drug_and_biocide_and_metal_RND_efflux_pumps|ROBA,Multi-compound,Drug and biocide and metal resistance,Drug and biocide and metal RND efflux pumps,ROBA,
MEG_1737|Multi-compound|Drug_and_biocide_and_metal_resistance|Drug_and_biocide_and_metal_RND_efflux_pumps|CMEA,Multi-compound,Drug and biocide and metal resistance,Drug and biocide and metal RND efflux pumps,CMEA,
MEG_1743|Multi-compound|Drug_and_biocide_and_metal_resistance|Drug_and_biocide_and_metal_RND_efflux_pumps|CMED,Multi-compound,Drug and biocide and metal resistance,Drug and biocide and metal RND efflux pumps,CMED,
MEG_3741|Multi-compound|Drug_and_biocide_and_metal_resistance|Drug_and_biocide_and_metal_MFS_efflux_pumps|MDRL,Multi-compound,Drug and biocide and metal resistance,Drug and biocide and metal MFS efflux pumps,MDRL,
MEG_1192|Multi-compound|Drug_and_biocide_and_metal_resistance|Drug_and_biocide_and_metal_RND_efflux_regulator|BAER,Multi-compound,Drug and biocide and metal resistance,Drug and biocide and metal RND efflux regulator,BAER,
MEG_1195|Multi-compound|Drug_and_biocide_and_metal_resistance|Drug_and_biocide_and_metal_RND_efflux_regulator|BAES,Multi-compound,Drug and biocide and metal resistance,Drug and biocide and metal RND efflux regulator,BAES,
MEG_3748|Multi-compound|Drug_and_biocide_and_metal_resistance|Drug_and_biocide_and_metal_RND_efflux_pumps|MDTB,Multi-compound,Drug and biocide and metal resistance,Drug and biocide and metal RND efflux pumps,MDTB,
MEG_407|Multi-compound|Drug_and_biocide_and_metal_resistance|Drug_and_biocide_and_metal_RND_efflux_pumps|ACRD,Multi-compound,Drug and biocide and metal resistance,Drug and biocide and metal RND efflux pumps,ACRD,
MEG_7838|Multi-compound|Drug_and_biocide_and_metal_resistance|Drug_and_biocide_and_metal_SMR_efflux_pump|YKKC,Multi-compound,Drug and biocide and metal resistance,Drug and biocide and metal SMR efflux pump,YKKC,
MEG_404|Multi-compound|Drug_and_biocide_and_metal_resistance|Drug_and_biocide_and_metal_RND_efflux_pumps|ACRD,Multi-compound,Drug and biocide and metal resistance,Drug and biocide and metal RND efflux pumps,ACRD,
MEG_1741|Multi-compound|Drug_and_biocide_and_metal_resistance|Drug_and_biocide_and_metal_RND_efflux_pumps|CMEC,Multi-compound,Drug and biocide and metal resistance,Drug and biocide and metal RND efflux pumps,CMEC,
MEG_1739|Multi-compound|Drug_and_biocide_and_metal_resistance|Drug_and_biocide_and_metal_RND_efflux_pumps|CMEB,Multi-compound,Drug and biocide and metal resistance,Drug and biocide and metal RND efflux pumps,CMEB,
MEG_11442|Multi-compound|Drug_and_biocide_and_metal_resistance|Drug_and_biocide_and_metal_RND_efflux_pumps|CMEA,Multi-compound,Drug and biocide and metal resistance,Drug and biocide and metal RND efflux pumps,CMEA,
MEG_3134|Multi-compound|Drug_and_biocide_and_metal_resistance|Drug_and_biocide_and_metal_RND_efflux_pumps|GESC,Multi-compound,Drug and biocide and metal resistance,Drug and biocide and metal RND efflux pumps,GESC,
MEG_1745|Multi-compound|Drug_and_biocide_and_metal_resistance|Drug_and_biocide_and_metal_RND_efflux_pumps|CMEF,Multi-compound,Drug and biocide and metal resistance,Drug and biocide and metal RND efflux pumps,CMEF,
MEG_3745|Multi-compound|Drug_and_biocide_and_metal_resistance|Drug_and_biocide_and_metal_RND_efflux_pumps|MDTA,Multi-compound,Drug and biocide and metal resistance,Drug and biocide and metal RND efflux pumps,MDTA,
MEG_1744|Multi-compound|Drug_and_biocide_and_metal_resistance|Drug_and_biocide_and_metal_RND_efflux_pumps|CMEE,Multi-compound,Drug and biocide and metal resistance,Drug and biocide and metal RND efflux pumps,CMEE,
MEG_9961|Multi-compound|Drug_and_biocide_and_metal_resistance|Drug_and_biocide_and_metal_RND_efflux_regulator|BAER,Multi-compound,Drug and biocide and metal resistance,Drug and biocide and metal RND efflux regulator,BAER,
MEG_406|Multi-compound|Drug_and_biocide_and_metal_resistance|Drug_and_biocide_and_metal_RND_efflux_pumps|ACRD,Multi-compound,Drug and biocide and metal resistance,Drug and biocide and metal RND efflux pumps,ACRD,
MEG_3133|Multi-compound|Drug_and_biocide_and_metal_resistance|Drug_and_biocide_and_metal_RND_efflux_pumps|GESB,Multi-compound,Drug and biocide and metal resistance,Drug and biocide and metal RND efflux pumps,GESB,
MEG_405|Multi-compound|Drug_and_biocide_and_metal_resistance|Drug_and_biocide_and_metal_RND_efflux_pumps|ACRD,Multi-compound,Drug and biocide and metal resistance,Drug and biocide and metal RND efflux pumps,ACRD,
MEG_1704|Multi-compound|Biocide_and_metal_resistance|Biocide_and_metal_resistance_protein|CHR,Multi-compound,Biocide and metal resistance,Biocide and metal resistance protein,CHR,
MEG_6656|Multi-compound|Biocide_and_metal_resistance|Biocide_and_metal_resistance_protein|TEHB,Multi-compound,Biocide and metal resistance,Biocide and metal resistance protein,TEHB,
MEG_2898|Multi-compound|Biocide_and_metal_resistance|Biocide_and_metal_ABC_efflux_pumps|FETA,Multi-compound,Biocide and metal resistance,Biocide and metal ABC efflux pumps,FETA,
MEG_2664|Multi-compound|Biocide_and_metal_resistance|Biocide_and_metal_resistance_protein|DPSA,Multi-compound,Biocide and metal resistance,Biocide and metal resistance protein,DPSA,
MEG_6515|Multi-compound|Biocide_and_metal_resistance|Biocide_and_metal_ABC_efflux_pumps|SITC,Multi-compound,Biocide and metal resistance,Biocide and metal ABC efflux pumps,SITC,
MEG_6513|Multi-compound|Biocide_and_metal_resistance|Biocide_and_metal_ABC_efflux_pumps|SITA,Multi-compound,Biocide and metal resistance,Biocide and metal ABC efflux pumps,SITA,
MEG_501|Multi-compound|Biocide_and_metal_resistance|Biocide_and_metal_resistance_protein|ACTP,Multi-compound,Biocide and metal resistance,Biocide and metal resistance protein,ACTP,
MEG_3142|Multi-compound|Biocide_and_metal_resistance|Biocide_and_metal_resistance_protein|GLPF,Multi-compound,Biocide and metal resistance,Biocide and metal resistance protein,GLPF,
MEG_7841|Multi-compound|Biocide_and_metal_resistance|Biocide_and_metal_resistance_protein|YODB,Multi-compound,Biocide and metal resistance,Biocide and metal resistance protein,YODB,
MEG_2444|Multi-compound|Biocide_and_metal_resistance|Biocide_and_metal_resistance_protein|CUID,Multi-compound,Biocide and metal resistance,Biocide and metal resistance protein,CUID,
MEG_2900|Multi-compound|Biocide_and_metal_resistance|Biocide_and_metal_ABC_efflux_pumps|FETB,Multi-compound,Biocide and metal resistance,Biocide and metal ABC efflux pumps,FETB,
MEG_3140|Multi-compound|Biocide_and_metal_resistance|Biocide_and_metal_resistance_protein|GLPF,Multi-compound,Biocide and metal resistance,Biocide and metal resistance protein,GLPF,
MEG_6514|Multi-compound|Biocide_and_metal_resistance|Biocide_and_metal_ABC_efflux_pumps|SITB,Multi-compound,Biocide and metal resistance,Biocide and metal ABC efflux pumps,SITB,
MEG_1703|Multi-compound|Biocide_and_metal_resistance|Biocide_and_metal_resistance_protein|CHR,Multi-compound,Biocide and metal resistance,Biocide and metal resistance protein,CHR,
MEG_3270|Multi-compound|Biocide_and_metal_resistance|Biocide_and_metal_resistance_regulator|HMRR,Multi-compound,Biocide and metal resistance,Biocide and metal resistance regulator,HMRR,
MEG_3061|Multi-compound|Biocide_and_metal_resistance|Biocide_and_metal_resistance_protein|FRNE,Multi-compound,Biocide and metal resistance,Biocide and metal resistance protein,FRNE,
MEG_3269|Multi-compound|Biocide_and_metal_resistance|Biocide_and_metal_resistance_regulator|HMRR,Multi-compound,Biocide and metal resistance,Biocide and metal resistance regulator,HMRR,
MEG_2668|Multi-compound|Biocide_and_metal_resistance|Biocide_and_metal_resistance_protein|DPSA,Multi-compound,Biocide and metal resistance,Biocide and metal resistance protein,DPSA,
MEG_1702|Multi-compound|Biocide_and_metal_resistance|Biocide_and_metal_resistance_protein|CHR,Multi-compound,Biocide and metal resistance,Biocide and metal resistance protein,CHR,
MEG_2658|Multi-compound|Biocide_and_metal_resistance|Biocide_and_metal_resistance_protein|DPR,Multi-compound,Biocide and metal resistance,Biocide and metal resistance protein,DPR,
MEG_2662|Multi-compound|Biocide_and_metal_resistance|Biocide_and_metal_resistance_protein|DPR,Multi-compound,Biocide and metal resistance,Biocide and metal resistance protein,DPR,
MEG_2663|Multi-compound|Biocide_and_metal_resistance|Biocide_and_metal_resistance_protein|DPSA,Multi-compound,Biocide and metal resistance,Biocide and metal resistance protein,DPSA,
MEG_7834|Multi-compound|Biocide_and_metal_resistance|Biocide_and_metal_resistance_protein|YHCN,Multi-compound,Biocide and metal resistance,Biocide and metal resistance protein,YHCN,
MEG_2656|Multi-compound|Biocide_and_metal_resistance|Biocide_and_metal_resistance_protein|DPR,Multi-compound,Biocide and metal resistance,Biocide and metal resistance protein,DPR,
MEG_1709|Multi-compound|Biocide_and_metal_resistance|Biocide_and_metal_resistance_regulator|CHRB,Multi-compound,Biocide and metal resistance,Biocide and metal resistance regulator,CHRB,
MEG_499|Multi-compound|Biocide_and_metal_resistance|Biocide_and_metal_resistance_protein|ACTA,Multi-compound,Biocide and metal resistance,Biocide and metal resistance protein,ACTA,
MEG_2899|Multi-compound|Biocide_and_metal_resistance|Biocide_and_metal_ABC_efflux_pumps|FETB,Multi-compound,Biocide and metal resistance,Biocide and metal ABC efflux pumps,FETB,
MEG_7831|Multi-compound|Biocide_and_metal_resistance|Biocide_and_metal_resistance_protein|YGIW,Multi-compound,Biocide and metal resistance,Biocide and metal resistance protein,YGIW,
MEG_2666|Multi-compound|Biocide_and_metal_resistance|Biocide_and_metal_resistance_protein|DPSA,Multi-compound,Biocide and metal resistance,Biocide and metal resistance protein,DPSA,
MEG_2665|Multi-compound|Biocide_and_metal_resistance|Biocide_and_metal_resistance_protein|DPSA,Multi-compound,Biocide and metal resistance,Biocide and metal resistance protein,DPSA,
MEG_7866|Multi-compound|Biocide_and_metal_resistance|Biocide_and_metal_resistance_protein|ZUPT,Multi-compound,Biocide and metal resistance,Biocide and metal resistance protein,ZUPT,
MEG_6655|Multi-compound|Biocide_and_metal_resistance|Biocide_and_metal_resistance_protein|TEHA,Multi-compound,Biocide and metal resistance,Biocide and metal resistance protein,TEHA,
MEG_6153|Multi-compound|Biocide_and_metal_resistance|Biocide_and_metal_resistance_protein|RUVB,Multi-compound,Biocide and metal resistance,Biocide and metal resistance protein,RUVB,
MEG_2669|Multi-compound|Biocide_and_metal_resistance|Biocide_and_metal_resistance_protein|DPSA,Multi-compound,Biocide and metal resistance,Biocide and metal resistance protein,DPSA,
MEG_3141|Multi-compound|Biocide_and_metal_resistance|Biocide_and_metal_resistance_protein|GLPF,Multi-compound,Biocide and metal resistance,Biocide and metal resistance protein,GLPF,
MEG_7813|Multi-compound|Biocide_and_metal_resistance|Biocide_and_metal_resistance_protein|YCHH,Multi-compound,Biocide and metal resistance,Biocide and metal resistance protein,YCHH,
MEG_504|Multi-compound|Biocide_and_metal_resistance|Biocide_and_metal_resistance_regulator|ACTR,Multi-compound,Biocide and metal resistance,Biocide and metal resistance regulator,ACTR,
MEG_2657|Multi-compound|Biocide_and_metal_resistance|Biocide_and_metal_resistance_protein|DPR,Multi-compound,Biocide and metal resistance,Biocide and metal resistance protein,DPR,
MEG_2661|Multi-compound|Biocide_and_metal_resistance|Biocide_and_metal_resistance_protein|DPR,Multi-compound,Biocide and metal resistance,Biocide and metal resistance protein,DPR,
MEG_498|Multi-compound|Biocide_and_metal_resistance|Biocide_and_metal_resistance_protein|ACTA,Multi-compound,Biocide and metal resistance,Biocide and metal resistance protein,ACTA,
MEG_502|Metals|Tellurium_resistance|Tellurium_resistance_protein|ACTP1,Metals,Tellurium resistance,Tellurium resistance protein,ACTP1,
MEG_3452|Metals|Tellurium_resistance|Tellurium_resistance_protein|KLAB,Metals,Tellurium resistance,Tellurium resistance protein,KLAB,
MEG_3453|Metals|Tellurium_resistance|Tellurium_resistance_protein|KLAC,Metals,Tellurium resistance,Tellurium resistance protein,KLAC,
MEG_6955|Metals|Tellurium_resistance|Tellurium_resistance_protein|TERB,Metals,Tellurium resistance,Tellurium resistance protein,TERB,
MEG_6956|Metals|Tellurium_resistance|Tellurium_resistance_protein|TERB,Metals,Tellurium resistance,Tellurium resistance protein,TERB,
MEG_6957|Metals|Tellurium_resistance|Tellurium_resistance_protein|TERC,Metals,Tellurium resistance,Tellurium resistance protein,TERC,
MEG_6958|Metals|Tellurium_resistance|Tellurium_resistance_protein|TERD,Metals,Tellurium resistance,Tellurium resistance protein,TERD,
MEG_6959|Metals|Tellurium_resistance|Tellurium_resistance_protein|TERE,Metals,Tellurium resistance,Tellurium resistance protein,TERE,
MEG_6960|Metals|Tellurium_resistance|Tellurium_resistance_protein|TERW,Metals,Tellurium resistance,Tellurium resistance protein,TERW,
MEG_6961|Metals|Tellurium_resistance|Tellurium_resistance_protein|TERZ,Metals,Tellurium resistance,Tellurium resistance protein,TERZ,
MEG_6962|Metals|Tellurium_resistance|Tellurium_resistance_protein|TERZ,Metals,Tellurium resistance,Tellurium resistance protein,TERZ,
MEG_7269|Metals|Tellurium_resistance|Tellurium_resistance_protein|TRGA,Metals,Tellurium resistance,Tellurium resistance protein,TRGA,
MEG_11429|Metals|Tellurium_resistance|Tellurium_resistance_protein|TERA,Metals,Tellurium resistance,Tellurium resistance protein,TERA,
MEG_2443|Metals|Copper_resistance|Copper_resistance_regulator|CUER,Metals,Copper resistance,Copper resistance regulator,CUER,
MEG_503|Metals|Copper_resistance|Copper_resistance_protein|ACTPC,Metals,Copper resistance,Copper resistance protein,ACTPC,
MEG_2455|Metals|Copper_resistance|Copper_resistance_protein|CUTC,Metals,Copper resistance,Copper resistance protein,CUTC,
MEG_2080|Metals|Copper_resistance|Copper_resistance_regulator|COPY,Metals,Copper resistance,Copper resistance regulator,COPY,
MEG_2039|Metals|Copper_resistance|Copper_resistance_protein|COPB,Metals,Copper resistance,Copper resistance protein,COPB,
MEG_1231|Metals|Copper_resistance|Copper_resistance_regulator|BHSA,Metals,Copper resistance,Copper resistance regulator,BHSA,
MEG_2127|Metals|Copper_resistance|Copper_resistance_regulator|CRDR,Metals,Copper resistance,Copper resistance regulator,CRDR,
MEG_5420|Metals|Copper_resistance|Copper_resistance_protein|PCOC,Metals,Copper resistance,Copper resistance protein,PCOC,
MEG_2071|Metals|Copper_resistance|Copper_resistance_regulator|COPR,Metals,Copper resistance,Copper resistance regulator,COPR,
MEG_5422|Metals|Copper_resistance|Copper_resistance_protein|PCOD,Metals,Copper resistance,Copper resistance protein,PCOD,
MEG_2038|Metals|Copper_resistance|Copper_resistance_protein|COPB,Metals,Copper resistance,Copper resistance protein,COPB,
MEG_2051|Metals|Copper_resistance|Copper_resistance_protein|COPD,Metals,Copper resistance,Copper resistance protein,COPD,
MEG_6654|Metals|Copper_resistance|Copper_resistance_protein|TCRZ,Metals,Copper resistance,Copper resistance protein,TCRZ,
MEG_2082|Metals|Copper_resistance|Copper_resistance_regulator|COPZ,Metals,Copper resistance,Copper resistance regulator,COPZ,
MEG_2073|Metals|Copper_resistance|Copper_resistance_regulator|COPR,Metals,Copper resistance,Copper resistance regulator,COPR,
MEG_2059|Metals|Copper_resistance|Copper_resistance_protein|COPG,Metals,Copper resistance,Copper resistance protein,COPG,
MEG_6651|Metals|Copper_resistance|Copper_resistance_protein|TCRA,Metals,Copper resistance,Copper resistance protein,TCRA,
MEG_6653|Metals|Copper_resistance|Copper_resistance_protein|TCRY,Metals,Copper resistance,Copper resistance protein,TCRY,
MEG_5416|Metals|Copper_resistance|Copper_resistance_protein|PCOA,Metals,Copper resistance,Copper resistance protein,PCOA,
MEG_2067|Metals|Copper_resistance|Copper_resistance_protein|COPP,Metals,Copper resistance,Copper resistance protein,COPP,
MEG_2654|Metals|Copper_resistance|Copper_resistance_protein|DNAK,Metals,Copper resistance,Copper resistance protein,DNAK,
MEG_2083|Metals|Copper_resistance|Copper_resistance_regulator|COPZ,Metals,Copper resistance,Copper resistance regulator,COPZ,
MEG_2048|Metals|Copper_resistance|Copper_resistance_protein|COPC,Metals,Copper resistance,Copper resistance protein,COPC,
MEG_2052|Metals|Copper_resistance|Copper_resistance_protein|COPD,Metals,Copper resistance,Copper resistance protein,COPD,
MEG_2061|Metals|Copper_resistance|Copper_resistance_protein|COPK,Metals,Copper resistance,Copper resistance protein,COPK,
MEG_6652|Metals|Copper_resistance|Copper_resistance_protein|TCRB,Metals,Copper resistance,Copper resistance protein,TCRB,
MEG_2023|Metals|Copper_resistance|Copper_resistance_protein|COPA,Metals,Copper resistance,Copper resistance protein,COPA,
MEG_2021|Metals|Copper_resistance|Copper_resistance_protein|COPA,Metals,Copper resistance,Copper resistance protein,COPA,
MEG_2017|Metals|Copper_resistance|Copper_resistance_regulator|COMR,Metals,Copper resistance,Copper resistance regulator,COMR,
MEG_2460|Metals|Copper_resistance|Copper_resistance_protein|CUTR,Metals,Copper resistance,Copper resistance protein,CUTR,
MEG_2136|Metals|Copper_resistance|Copper_resistance_regulator|CSOR,Metals,Copper resistance,Copper resistance regulator,CSOR,
MEG_2063|Metals|Copper_resistance|Copper_resistance_protein|COPL,Metals,Copper resistance,Copper resistance protein,COPL,
MEG_2442|Metals|Copper_resistance|Copper_resistance_regulator|CUER,Metals,Copper resistance,Copper resistance regulator,CUER,
MEG_2019|Metals|Copper_resistance|Copper_resistance_protein|COPA,Metals,Copper resistance,Copper resistance protein,COPA,
MEG_2044|Metals|Copper_resistance|Copper_resistance_protein|COPC,Metals,Copper resistance,Copper resistance protein,COPC,
MEG_2022|Metals|Copper_resistance|Copper_resistance_protein|COPA,Metals,Copper resistance,Copper resistance protein,COPA,
MEG_2024|Metals|Copper_resistance|Copper_resistance_protein|COPA,Metals,Copper resistance,Copper resistance protein,COPA,
MEG_5417|Metals|Copper_resistance|Copper_resistance_protein|PCOB,Metals,Copper resistance,Copper resistance protein,PCOB,
MEG_2062|Metals|Copper_resistance|Copper_resistance_protein|COPL,Metals,Copper resistance,Copper resistance protein,COPL,
MEG_2077|Metals|Copper_resistance|Copper_resistance_regulator|COPS,Metals,Copper resistance,Copper resistance regulator,COPS,
MEG_722|Drugs|Cationic_antimicrobial_peptides|Lipid_A_modification|ALMG,Drugs,Cationic antimicrobial peptides,Lipid A modification,ALMG,
MEG_1122|Drugs|Cationic_antimicrobial_peptides|Polymyxin_B_resistance_regulator|ARNA,Drugs,Cationic antimicrobial peptides,Polymyxin B resistance regulator,ARNA,
MEG_1198|Drugs|Cationic_antimicrobial_peptides|Polymyxin_B_resistance_regulator|BASRS,Drugs,Cationic antimicrobial peptides,Polymyxin B resistance regulator,BASRS,
MEG_2700|Drugs|Cationic_antimicrobial_peptides|Edeine_acetyltransferase|EDEQ,Drugs,Cationic antimicrobial peptides,Edeine acetyltransferase,EDEQ,
MEG_2739|Drugs|Cationic_antimicrobial_peptides|Lipid_A_modification|EPTA,Drugs,Cationic antimicrobial peptides,Lipid A modification,EPTA,
MEG_4053|Drugs|Cationic_antimicrobial_peptides|Defensin-resistant_mprF|MPRF,Drugs,Cationic antimicrobial peptides,Defensin-resistant mprF,MPRF,
MEG_4054|Drugs|Cationic_antimicrobial_peptides|Defensin-resistant_mprF|MPRF,Drugs,Cationic antimicrobial peptides,Defensin-resistant mprF,MPRF,
MEG_4055|Drugs|Cationic_antimicrobial_peptides|Defensin-resistant_mprF|MPRF,Drugs,Cationic antimicrobial peptides,Defensin-resistant mprF,MPRF,
MEG_4056|Drugs|Cationic_antimicrobial_peptides|Defensin-resistant_mprF|MPRF,Drugs,Cationic antimicrobial peptides,Defensin-resistant mprF,MPRF,
MEG_5801|Drugs|Cationic_antimicrobial_peptides|Lipid_A_modification|PMRF,Drugs,Cationic antimicrobial peptides,Lipid A modification,PMRF,
MEG_7328|Drugs|Cationic_antimicrobial_peptides|Lipid_A_modification|UGD,Drugs,Cationic antimicrobial peptides,Lipid A modification,UGD,
MEG_723|Metals|Aluminum_resistance|Aluminum_resistance_protein|ALU1P,Metals,Aluminum resistance,Aluminum resistance protein,ALU1P,
MEG_3075|Metals|Aluminum_resistance|Aluminum_ATPase_|G2ALT,Metals,Aluminum resistance,Aluminum ATPase,G2ALT,
MEG_1123|Drugs|Rifampin|Rifampin_ADP-ribosyltransferase_Arr|ARR,Drugs,Rifampin,Rifampin ADP-ribosyltransferase Arr,ARR,
MEG_1124|Drugs|Rifampin|Rifampin_ADP-ribosyltransferase_Arr|ARR,Drugs,Rifampin,Rifampin ADP-ribosyltransferase Arr,ARR,
MEG_1125|Drugs|Rifampin|Rifampin_ADP-ribosyltransferase_Arr|ARR,Drugs,Rifampin,Rifampin ADP-ribosyltransferase Arr,ARR,
MEG_1126|Drugs|Rifampin|Rifampin_ADP-ribosyltransferase_Arr|ARR,Drugs,Rifampin,Rifampin ADP-ribosyltransferase Arr,ARR,
MEG_1127|Drugs|Rifampin|Rifampin_ADP-ribosyltransferase_Arr|ARR,Drugs,Rifampin,Rifampin ADP-ribosyltransferase Arr,ARR,
MEG_1128|Drugs|Rifampin|Rifampin_ADP-ribosyltransferase_Arr|ARR,Drugs,Rifampin,Rifampin ADP-ribosyltransferase Arr,ARR,
MEG_1129|Drugs|Rifampin|Rifampin_ADP-ribosyltransferase_Arr|ARR,Drugs,Rifampin,Rifampin ADP-ribosyltransferase Arr,ARR,
MEG_1130|Drugs|Rifampin|Rifampin_ADP-ribosyltransferase_Arr|ARR,Drugs,Rifampin,Rifampin ADP-ribosyltransferase Arr,ARR,
MEG_1131|Drugs|Rifampin|Rifampin_ADP-ribosyltransferase_Arr|ARR,Drugs,Rifampin,Rifampin ADP-ribosyltransferase Arr,ARR,
MEG_1132|Drugs|Rifampin|Rifampin_ADP-ribosyltransferase_Arr|ARR,Drugs,Rifampin,Rifampin ADP-ribosyltransferase Arr,ARR,
MEG_1133|Drugs|Rifampin|Rifampin_ADP-ribosyltransferase_Arr|ARR,Drugs,Rifampin,Rifampin ADP-ribosyltransferase Arr,ARR,
MEG_1134|Drugs|Rifampin|Rifampin_ADP-ribosyltransferase_Arr|ARR,Drugs,Rifampin,Rifampin ADP-ribosyltransferase Arr,ARR,
MEG_1135|Drugs|Rifampin|Rifampin_ADP-ribosyltransferase_Arr|ARR,Drugs,Rifampin,Rifampin ADP-ribosyltransferase Arr,ARR,
MEG_1136|Drugs|Rifampin|Rifampin_ADP-ribosyltransferase_Arr|ARR,Drugs,Rifampin,Rifampin ADP-ribosyltransferase Arr,ARR,
MEG_1137|Drugs|Rifampin|Rifampin_ADP-ribosyltransferase_Arr|ARR,Drugs,Rifampin,Rifampin ADP-ribosyltransferase Arr,ARR,
MEG_1138|Drugs|Rifampin|Rifampin_ADP-ribosyltransferase_Arr|ARR,Drugs,Rifampin,Rifampin ADP-ribosyltransferase Arr,ARR,
MEG_3434|Drugs|Rifampin|Monooxygenase|IRI,Drugs,Rifampin,Monooxygenase,IRI,
MEG_6047|Drugs|Rifampin|RNA-polymerase_binding_protein|RBPA,Drugs,Rifampin,RNA-polymerase binding protein,RBPA,
MEG_6054|Drugs|Rifampin|Rifampin_glycosyltransferase|RGT,Drugs,Rifampin,Rifampin glycosyltransferase,RGT,
MEG_6085|Drugs|Rifampin|Monooxygenase|ROX,Drugs,Rifampin,Monooxygenase,ROX,
MEG_6086|Drugs|Rifampin|Rifampin_phosphotransferase|RPH,Drugs,Rifampin,Rifampin phosphotransferase,RPH,
MEG_6087|Drugs|Rifampin|Rifampin_phosphotransferase|RPH,Drugs,Rifampin,Rifampin phosphotransferase,RPH,
MEG_6088|Drugs|Rifampin|Rifampin_phosphotransferase|RPH,Drugs,Rifampin,Rifampin phosphotransferase,RPH,
MEG_6089|Drugs|Rifampin|Rifampin_phosphotransferase|RPH,Drugs,Rifampin,Rifampin phosphotransferase,RPH,
MEG_8674|Drugs|Rifampin|Rifampin-resistant_beta-subunit_of_RNA_polymerase_RpoB|RPOB,Drugs,Rifampin,Rifampin-resistant beta-subunit of RNA polymerase RpoB,RPOB,
MEG_10008|Drugs|Rifampin|Rifampin-resistant_beta-subunit_of_RNA_polymerase_RpoB|RPOB,Drugs,Rifampin,Rifampin-resistant beta-subunit of RNA polymerase RpoB,RPOB,
MEG_10088|Drugs|Rifampin|RNA_polymerase_protection_protein|HELR,Drugs,Rifampin,RNA polymerase protection protein,HELR,
MEG_10128|Drugs|Rifampin|Rifampin_monooyxgenase|ROX,Drugs,Rifampin,Rifampin monooyxgenase,ROX,
MEG_6502|Metals|Multi-metal_resistance|Multi-metal_RND_efflux_pumps|SILC,Metals,Multi-metal resistance,Multi-metal RND efflux pumps,SILC,
MEG_2897|Metals|Multi-metal_resistance|Multi-metal_ABC_efflux_pumps|FECE,Metals,Multi-metal resistance,Multi-metal ABC efflux pumps,FECE,
MEG_2478|Metals|Multi-metal_resistance|Multi-metal_RND_efflux_pumps|CZNC,Metals,Multi-metal resistance,Multi-metal RND efflux pumps,CZNC,
MEG_1153|Metals|Multi-metal_resistance|Multi-metal_resistance_protein|ARSBM,Metals,Multi-metal resistance,Multi-metal resistance protein,ARSBM,
MEG_1150|Metals|Multi-metal_resistance|Multi-metal_resistance_protein|ARSBM,Metals,Multi-metal resistance,Multi-metal resistance protein,ARSBM,
MEG_6499|Metals|Multi-metal_resistance|Multi-metal_RND_efflux_pumps|SILA,Metals,Multi-metal resistance,Multi-metal RND efflux pumps,SILA,
MEG_5787|Metals|Multi-metal_resistance|Multi-metal_resistance_protein|PITA,Metals,Multi-metal resistance,Multi-metal resistance protein,PITA,
MEG_7281|Metals|Multi-metal_resistance|Multi-metal_ABC_efflux_pumps|TROD,Metals,Multi-metal resistance,Multi-metal ABC efflux pumps,TROD,
MEG_2092|Metals|Multi-metal_resistance|Multi-metal_resistance_protein|CORD,Metals,Multi-metal resistance,Multi-metal resistance protein,CORD,
MEG_1485|Metals|Multi-metal_resistance|Multi-metal_resistance_regulator|CADC,Metals,Multi-metal resistance,Multi-metal resistance regulator,CADC,
MEG_2891|Metals|Multi-metal_resistance|Multi-metal_ABC_efflux_pumps|FBPC,Metals,Multi-metal resistance,Multi-metal ABC efflux pumps,FBPC,
MEG_7821|Metals|Multi-metal_resistance|Multi-metal_resistance_protein|YFEA,Metals,Multi-metal resistance,Multi-metal resistance protein,YFEA,
MEG_3168|Metals|Multi-metal_resistance|Multi-metal_resistance_protein|GOLT,Metals,Multi-metal resistance,Multi-metal resistance protein,GOLT,
MEG_3440|Metals|Multi-metal_resistance|Multi-metal_resistance_regulator|IRLS,Metals,Multi-metal resistance,Multi-metal resistance regulator,IRLS,
MEG_2010|Metals|Multi-metal_resistance|Multi-metal_resistance_protein|CNRC,Metals,Multi-metal resistance,Multi-metal resistance protein,CNRC,
MEG_4059|Metals|Multi-metal_resistance|Multi-metal_resistance_protein|MREA,Metals,Multi-metal resistance,Multi-metal resistance protein,MREA,
MEG_2011|Metals|Multi-metal_resistance|Multi-metal_resistance_regulator|CNRH,Metals,Multi-metal resistance,Multi-metal resistance regulator,CNRH,
MEG_4125|Metals|Multi-metal_resistance|Multi-metal_MFS_efflux_pumps|NCRC,Metals,Multi-metal resistance,Multi-metal MFS efflux pumps,NCRC,
MEG_4000|Metals|Multi-metal_resistance|Multi-metal_resistance_protein|MNTR,Metals,Multi-metal resistance,Multi-metal resistance protein,MNTR,
MEG_1162|Metals|Multi-metal_resistance|Multi-metal_resistance_protein|ARSCM,Metals,Multi-metal resistance,Multi-metal resistance protein,ARSCM,
MEG_2009|Metals|Multi-metal_resistance|Multi-metal_resistance_protein|CNRB,Metals,Multi-metal resistance,Multi-metal resistance protein,CNRB,
MEG_2463|Metals|Multi-metal_resistance|Multi-metal_RND_efflux_pumps|CZCB,Metals,Multi-metal resistance,Multi-metal RND efflux pumps,CZCB,
MEG_6053|Metals|Multi-metal_resistance|Multi-metal_resistance_protein|RECGM,Metals,Multi-metal resistance,Multi-metal resistance protein,RECGM,
MEG_4005|Metals|Multi-metal_resistance|Multi-metal_ABC_efflux_pumps|MODB,Metals,Multi-metal resistance,Multi-metal ABC efflux pumps,MODB,
MEG_4217|Metals|Multi-metal_resistance|Multi-metal_resistance_protein|NREB,Metals,Multi-metal resistance,Multi-metal resistance protein,NREB,
MEG_2888|Metals|Multi-metal_resistance|Multi-metal_ABC_efflux_pumps|FBPA,Metals,Multi-metal resistance,Multi-metal ABC efflux pumps,FBPA,
MEG_1483|Metals|Multi-metal_resistance|Multi-metal_resistance_protein|CADA,Metals,Multi-metal resistance,Multi-metal resistance protein,CADA,
MEG_2088|Metals|Multi-metal_resistance|Multi-metal_resistance_protein|CORB,Metals,Multi-metal resistance,Multi-metal resistance protein,CORB,
MEG_1177|Metals|Multi-metal_resistance|Multi-metal_resistance_protein|ARSRM,Metals,Multi-metal resistance,Multi-metal resistance protein,ARSRM,
MEG_5775|Metals|Multi-metal_resistance|Multi-metal_resistance_protein|PFR,Metals,Multi-metal resistance,Multi-metal resistance protein,PFR,
MEG_5774|Metals|Multi-metal_resistance|Multi-metal_resistance_protein|PFR,Metals,Multi-metal resistance,Multi-metal resistance protein,PFR,
MEG_4116|Metals|Multi-metal_resistance|Multi-metal_resistance_protein|NCCX,Metals,Multi-metal resistance,Multi-metal resistance protein,NCCX,
MEG_2682|Metals|Multi-metal_resistance|Multi-metal_resistance_protein|DSBA,Metals,Multi-metal resistance,Multi-metal resistance protein,DSBA,
MEG_2678|Metals|Multi-metal_resistance|Multi-metal_resistance_protein|DSBA,Metals,Multi-metal resistance,Multi-metal resistance protein,DSBA,
MEG_4003|Metals|Multi-metal_resistance|Multi-metal_ABC_efflux_pumps|MODA,Metals,Multi-metal resistance,Multi-metal ABC efflux pumps,MODA,
MEG_7283|Metals|Multi-metal_resistance|Multi-metal_ABC_efflux_regulator|TROR,Metals,Multi-metal resistance,Multi-metal ABC efflux regulator,TROR,
MEG_2681|Metals|Multi-metal_resistance|Multi-metal_resistance_protein|DSBA,Metals,Multi-metal resistance,Multi-metal resistance protein,DSBA,
MEG_3435|Metals|Multi-metal_resistance|Multi-metal_resistance_regulator|IRLR,Metals,Multi-metal resistance,Multi-metal resistance regulator,IRLR,
MEG_2672|Metals|Multi-metal_resistance|Multi-metal_resistance_protein|DSBA,Metals,Multi-metal resistance,Multi-metal resistance protein,DSBA,
MEG_11335|Metals|Multi-metal_resistance|Multi-metal_resistance_regulator|CADC,Metals,Multi-metal resistance,Multi-metal resistance regulator,CADC,
MEG_1168|Biocides|Naphthoquinone|Naphthoquinone_resistance_protein|ARSHN,Biocides,Naphthoquinone,Naphthoquinone resistance protein,ARSHN,
MEG_1181|Biocides|Acid_resistance|Acid_resistance_protein|ASR,Biocides,Acid resistance,Acid resistance protein,ASR,
MEG_1182|Biocides|Acid_resistance|Acid_resistance_protein|ASR,Biocides,Acid resistance,Acid resistance protein,ASR,
MEG_2701|Biocides|Acid_resistance|Acid_resistance_protein|EEFA,Biocides,Acid resistance,Acid resistance protein,EEFA,
MEG_2702|Biocides|Acid_resistance|Acid_resistance_protein|EEFX,Biocides,Acid resistance,Acid resistance protein,EEFX,
MEG_2867|Biocides|Acid_resistance|Acid_resistance_regulator|EVGA,Biocides,Acid resistance,Acid resistance regulator,EVGA,
MEG_3076|Biocides|Acid_resistance|Acid_resistance_protein|GADA,Biocides,Acid resistance,Acid resistance protein,GADA,
MEG_3077|Biocides|Acid_resistance|Acid_resistance_protein|GADA,Biocides,Acid resistance,Acid resistance protein,GADA,
MEG_3078|Biocides|Acid_resistance|Acid_resistance_protein|GADB,Biocides,Acid resistance,Acid resistance protein,GADB,
MEG_3079|Biocides|Acid_resistance|Acid_resistance_protein|GADC,Biocides,Acid resistance,Acid resistance protein,GADC,
MEG_3080|Biocides|Acid_resistance|Acid_resistance_regulator|GADE,Biocides,Acid resistance,Acid resistance regulator,GADE,
MEG_3253|Biocides|Acid_resistance|Acid_resistance_protein|HDEA,Biocides,Acid resistance,Acid resistance protein,HDEA,
MEG_3254|Biocides|Acid_resistance|Acid_resistance_protein|HDEB,Biocides,Acid resistance,Acid resistance protein,HDEB,
MEG_3255|Biocides|Acid_resistance|Acid_resistance_protein|HDEB,Biocides,Acid resistance,Acid resistance protein,HDEB,
MEG_3256|Biocides|Acid_resistance|Acid_resistance_protein|HEFA,Biocides,Acid resistance,Acid resistance protein,HEFA,
MEG_3257|Biocides|Acid_resistance|Acid_resistance_protein|HEFC,Biocides,Acid resistance,Acid resistance protein,HEFC,
MEG_7820|Biocides|Acid_resistance|Acid_resistance_protein|YDEP,Biocides,Acid resistance,Acid resistance protein,YDEP,
MEG_1189|Drugs|Bacitracin|Undecaprenyl_pyrophosphate_phosphatase|BACA,Drugs,Bacitracin,Undecaprenyl pyrophosphate phosphatase,BACA,
MEG_1190|Drugs|Bacitracin|Undecaprenyl_pyrophosphate_phosphatase|BACA,Drugs,Bacitracin,Undecaprenyl pyrophosphate phosphatase,BACA,
MEG_1196|Drugs|Bacitracin|Undecaprenyl_pyrophosphate_phosphatase|BAHA,Drugs,Bacitracin,Undecaprenyl pyrophosphate phosphatase,BAHA,
MEG_1213|Drugs|Bacitracin|Bacitracin_ABC_transporter|BCRA,Drugs,Bacitracin,Bacitracin ABC transporter,BCRA,
MEG_1214|Drugs|Bacitracin|Bacitracin_ABC_transporter|BCRB,Drugs,Bacitracin,Bacitracin ABC transporter,BCRB,
MEG_1215|Drugs|Bacitracin|Bacitracin_ABC_transporter|BCRC,Drugs,Bacitracin,Bacitracin ABC transporter,BCRC,
MEG_11299|Drugs|Bacitracin|Bacitracin_ABC_transporter|BCRA,Drugs,Bacitracin,Bacitracin ABC transporter,BCRA,
MEG_7469|Drugs|Glycopeptides|VanB-type_regulator|VANRB,Drugs,Glycopeptides,VanB-type regulator,VANRB,
MEG_7384|Drugs|Glycopeptides|VanD-type_resistance_protein|VAND,Drugs,Glycopeptides,VanD-type resistance protein,VAND,
MEG_7441|Drugs|Glycopeptides|VanI-type_resistance_protein|VANI,Drugs,Glycopeptides,VanI-type resistance protein,VANI,
MEG_7338|Drugs|Glycopeptides|VanA-type_resistance_protein|VANA,Drugs,Glycopeptides,VanA-type resistance protein,VANA,
MEG_7594|Drugs|Glycopeptides|VanA-type_accessory_protein|VANYA,Drugs,Glycopeptides,VanA-type accessory protein,VANYA,
MEG_7357|Drugs|Glycopeptides|VanC-type_resistance_protein|VANC,Drugs,Glycopeptides,VanC-type resistance protein,VANC,
MEG_7447|Drugs|Glycopeptides|VanN-type_resistance_protein|VANN,Drugs,Glycopeptides,VanN-type resistance protein,VANN,
MEG_7617|Drugs|Glycopeptides|VanA-type_accessory_protein|VANZA,Drugs,Glycopeptides,VanA-type accessory protein,VANZA,
MEG_7414|Drugs|Glycopeptides|VanB-type_resistance_protein|VANHB,Drugs,Glycopeptides,VanB-type resistance protein,VANHB,
MEG_7547|Drugs|Glycopeptides|VanA-type_resistance_protein|VANXA,Drugs,Glycopeptides,VanA-type resistance protein,VANXA,
MEG_7605|Drugs|Glycopeptides|VanD-type_accessory_protein|VANYD,Drugs,Glycopeptides,VanD-type accessory protein,VANYD,
MEG_7468|Drugs|Glycopeptides|VanB-type_regulator|VANRB,Drugs,Glycopeptides,VanB-type regulator,VANRB,
MEG_7464|Drugs|Glycopeptides|VanB-type_regulator|VANRB,Drugs,Glycopeptides,VanB-type regulator,VANRB,
MEG_7569|Drugs|Glycopeptides|VanD-type_resistance_protein|VANXD,Drugs,Glycopeptides,VanD-type resistance protein,VANXD,
MEG_7438|Drugs|Glycopeptides|VanD-type_resistance_protein|VANHD,Drugs,Glycopeptides,VanD-type resistance protein,VANHD,
MEG_7458|Drugs|Glycopeptides|VanA-type_regulator|VANRA,Drugs,Glycopeptides,VanA-type regulator,VANRA,
MEG_7525|Drugs|Glycopeptides|VanC-type_resistance_protein|VANTC,Drugs,Glycopeptides,VanC-type resistance protein,VANTC,
MEG_7477|Drugs|Glycopeptides|VanD-type_regulator|VANRD,Drugs,Glycopeptides,VanD-type regulator,VANRD,
MEG_1461|Drugs|Glycopeptides|Bleomycin_resistance_protein|BLM,Drugs,Glycopeptides,Bleomycin resistance protein,BLM,
MEG_7530|Drugs|Glycopeptides|VanE-type_resistance_protein|VANTE,Drugs,Glycopeptides,VanE-type resistance protein,VANTE,
MEG_7420|Drugs|Glycopeptides|VanD-type_resistance_protein|VANHD,Drugs,Glycopeptides,VanD-type resistance protein,VANHD,
MEG_7451|Drugs|Glycopeptides|VanA-type_regulator|VANRA,Drugs,Glycopeptides,VanA-type regulator,VANRA,
MEG_1462|Drugs|Glycopeptides|Bleomycin_resistance_protein|BLM,Drugs,Glycopeptides,Bleomycin resistance protein,BLM,
MEG_7490|Drugs|Glycopeptides|VanB-type_regulator|VANSB,Drugs,Glycopeptides,VanB-type regulator,VANSB,
MEG_7461|Drugs|Glycopeptides|VanB-type_regulator|VANRB,Drugs,Glycopeptides,VanB-type regulator,VANRB,
MEG_7543|Drugs|Glycopeptides|VanG-type_accessory_protein|VANWG,Drugs,Glycopeptides,VanG-type accessory protein,VANWG,
MEG_7450|Drugs|Glycopeptides|VanA-type_regulator|VANRA,Drugs,Glycopeptides,VanA-type regulator,VANRA,
MEG_7422|Drugs|Glycopeptides|VanD-type_resistance_protein|VANHD,Drugs,Glycopeptides,VanD-type resistance protein,VANHD,
MEG_7341|Drugs|Glycopeptides|VanA-type_resistance_protein|VANA,Drugs,Glycopeptides,VanA-type resistance protein,VANA,
MEG_7371|Drugs|Glycopeptides|VanC-type_resistance_protein|VANC,Drugs,Glycopeptides,VanC-type resistance protein,VANC,
MEG_7392|Drugs|Glycopeptides|VanG-type_resistance_protein|VANG,Drugs,Glycopeptides,VanG-type resistance protein,VANG,
MEG_7255|Drugs|Glycopeptides|Bleomycin_resistance_protein|TLMB,Drugs,Glycopeptides,Bleomycin resistance protein,TLMB,
MEG_7610|Drugs|Glycopeptides|VanF-type_accessory_protein|VANYF,Drugs,Glycopeptides,VanF-type accessory protein,VANYF,
MEG_7456|Drugs|Glycopeptides|VanA-type_regulator|VANRA,Drugs,Glycopeptides,VanA-type regulator,VANRA,
MEG_7615|Drugs|Glycopeptides|VanA-type_accessory_protein|VANZA,Drugs,Glycopeptides,VanA-type accessory protein,VANZA,
MEG_7391|Drugs|Glycopeptides|VanE-type_resistance_protein|VANE,Drugs,Glycopeptides,VanE-type resistance protein,VANE,
MEG_7444|Drugs|Glycopeptides|VanL-type_resistance_protein|VANL,Drugs,Glycopeptides,VanL-type resistance protein,VANL,
MEG_7372|Drugs|Glycopeptides|VanC-type_resistance_protein|VANC,Drugs,Glycopeptides,VanC-type resistance protein,VANC,
MEG_1477|Drugs|Glycopeptides|Bleomycin_resistance_protein|BRP,Drugs,Glycopeptides,Bleomycin resistance protein,BRP,
MEG_7491|Drugs|Glycopeptides|VanB-type_regulator|VANSB,Drugs,Glycopeptides,VanB-type regulator,VANSB,
MEG_1465|Biocides|Polyamine_resistance|Spermine/spermidine_acetyltransferase|BLTD,Biocides,Polyamine resistance,Spermine/spermidine acetyltransferase,BLTD,
MEG_1466|Biocides|Polyamine_resistance|Spermine/spermidine_acetyltransferase|BLTD,Biocides,Polyamine resistance,Spermine/spermidine acetyltransferase,BLTD,
MEG_1487|Metals|Cadmium_resistance|Cadmium_resistance_regulator|CADR,Metals,Cadmium resistance,Cadmium resistance regulator,CADR,
MEG_11396|Metals|Cadmium_resistance|Cadmium_resistance_chaperone|HSCC,Metals,Cadmium resistance,Cadmium resistance chaperone,HSCC,
MEG_2917|Drugs|Phenicol|Phenicol_resistance_MFS_efflux_pumps|FLOR,Drugs,Phenicol,Phenicol resistance MFS efflux pumps,FLOR,
MEG_2113|Drugs|Phenicol|Chloramphenicol_phosphotransferase|CPT,Drugs,Phenicol,Chloramphenicol phosphotransferase,CPT,
MEG_2921|Drugs|Phenicol|Phenicol_resistance_MFS_efflux_pumps|FLOR,Drugs,Phenicol,Phenicol resistance MFS efflux pumps,FLOR,
MEG_1578|Drugs|Phenicol|Chloramphenicol_acetyltransferases|CATA,Drugs,Phenicol,Chloramphenicol acetyltransferases,CATA,
MEG_1584|Drugs|Phenicol|Chloramphenicol_acetyltransferases|CATA,Drugs,Phenicol,Chloramphenicol acetyltransferases,CATA,
MEG_8020|Drugs|Phenicol|Phenicol_resistance_MFS_efflux_pumps|CML,Drugs,Phenicol,Phenicol resistance MFS efflux pumps,CML,
MEG_1758|Drugs|Phenicol|Phenicol_resistance_MFS_efflux_pumps|CMLA,Drugs,Phenicol,Phenicol resistance MFS efflux pumps,CMLA,
MEG_2928|Drugs|Phenicol|Phenicol_resistance_MFS_efflux_pumps|FLOR,Drugs,Phenicol,Phenicol resistance MFS efflux pumps,FLOR,
MEG_1555|Drugs|Phenicol|Chloramphenicol_acetyltransferases|CAT,Drugs,Phenicol,Chloramphenicol acetyltransferases,CAT,
MEG_2864|Drugs|Phenicol|Chloramphenicol_hydrolase|ESTD,Drugs,Phenicol,Chloramphenicol hydrolase,ESTD,
MEG_1759|Drugs|Phenicol|Phenicol_resistance_MFS_efflux_pumps|CMLA,Drugs,Phenicol,Phenicol resistance MFS efflux pumps,CMLA,
MEG_1592|Drugs|Phenicol|Chloramphenicol_acetyltransferases|CATA,Drugs,Phenicol,Chloramphenicol acetyltransferases,CATA,
MEG_1587|Drugs|Phenicol|Chloramphenicol_acetyltransferases|CATA,Drugs,Phenicol,Chloramphenicol acetyltransferases,CATA,
MEG_1755|Drugs|Phenicol|Phenicol_resistance_MFS_efflux_pumps|CMLA,Drugs,Phenicol,Phenicol resistance MFS efflux pumps,CMLA,
MEG_1586|Drugs|Phenicol|Chloramphenicol_acetyltransferases|CATA,Drugs,Phenicol,Chloramphenicol acetyltransferases,CATA,
MEG_1764|Drugs|Phenicol|Phenicol_resistance_MFS_efflux_pumps|CMLA,Drugs,Phenicol,Phenicol resistance MFS efflux pumps,CMLA,
MEG_1553|Drugs|Phenicol|Chloramphenicol_acetyltransferases|CAT,Drugs,Phenicol,Chloramphenicol acetyltransferases,CAT,
MEG_1593|Drugs|Phenicol|Chloramphenicol_acetyltransferases|CATA,Drugs,Phenicol,Chloramphenicol acetyltransferases,CATA,
MEG_1756|Drugs|Phenicol|Phenicol_resistance_MFS_efflux_pumps|CMLA,Drugs,Phenicol,Phenicol resistance MFS efflux pumps,CMLA,
MEG_2926|Drugs|Phenicol|Phenicol_resistance_MFS_efflux_pumps|FLOR,Drugs,Phenicol,Phenicol resistance MFS efflux pumps,FLOR,
MEG_1566|Drugs|Phenicol|Chloramphenicol_acetyltransferases|CATA,Drugs,Phenicol,Chloramphenicol acetyltransferases,CATA,
MEG_1775|Drugs|Phenicol|Phenicol_resistance_MFS_efflux_pumps|CMLB,Drugs,Phenicol,Phenicol resistance MFS efflux pumps,CMLB,
MEG_2614|Drugs|Phenicol|Phenicol_resistance_MFS_efflux_pumps|DHAP,Drugs,Phenicol,Phenicol resistance MFS efflux pumps,DHAP,
MEG_1754|Drugs|Phenicol|Phenicol_resistance_MFS_efflux_pumps|CMLA,Drugs,Phenicol,Phenicol resistance MFS efflux pumps,CMLA,
MEG_1579|Drugs|Phenicol|Chloramphenicol_acetyltransferases|CATA,Drugs,Phenicol,Chloramphenicol acetyltransferases,CATA,
MEG_2906|Drugs|Phenicol|Phenicol_resistance_MFS_efflux_pumps|FEXB,Drugs,Phenicol,Phenicol resistance MFS efflux pumps,FEXB,
MEG_2931|Drugs|Phenicol|Phenicol_resistance_MFS_efflux_pumps|FLOR,Drugs,Phenicol,Phenicol resistance MFS efflux pumps,FLOR,
MEG_2914|Drugs|Phenicol|Phenicol_resistance_MFS_efflux_pumps|FLOR,Drugs,Phenicol,Phenicol resistance MFS efflux pumps,FLOR,
MEG_1767|Drugs|Phenicol|Phenicol_resistance_MFS_efflux_pumps|CMLA,Drugs,Phenicol,Phenicol resistance MFS efflux pumps,CMLA,
MEG_1582|Drugs|Phenicol|Chloramphenicol_acetyltransferases|CATA,Drugs,Phenicol,Chloramphenicol acetyltransferases,CATA,
MEG_2923|Drugs|Phenicol|Phenicol_resistance_MFS_efflux_pumps|FLOR,Drugs,Phenicol,Phenicol resistance MFS efflux pumps,FLOR,
MEG_1562|Drugs|Phenicol|Chloramphenicol_acetyltransferases|CATA,Drugs,Phenicol,Chloramphenicol acetyltransferases,CATA,
MEG_2919|Drugs|Phenicol|Phenicol_resistance_MFS_efflux_pumps|FLOR,Drugs,Phenicol,Phenicol resistance MFS efflux pumps,FLOR,
MEG_1554|Drugs|Phenicol|Chloramphenicol_acetyltransferases|CAT,Drugs,Phenicol,Chloramphenicol acetyltransferases,CAT,
MEG_2920|Drugs|Phenicol|Phenicol_resistance_MFS_efflux_pumps|FLOR,Drugs,Phenicol,Phenicol resistance MFS efflux pumps,FLOR,
MEG_8021|Drugs|Phenicol|Phenicol_resistance_MFS_efflux_pumps|CML,Drugs,Phenicol,Phenicol resistance MFS efflux pumps,CML,
MEG_1769|Drugs|Phenicol|Phenicol_resistance_MFS_efflux_pumps|CMLA,Drugs,Phenicol,Phenicol resistance MFS efflux pumps,CMLA,
MEG_1552|Drugs|Phenicol|Chloramphenicol_acetyltransferases|CAT,Drugs,Phenicol,Chloramphenicol acetyltransferases,CAT,
MEG_1757|Drugs|Phenicol|Phenicol_resistance_MFS_efflux_pumps|CMLA,Drugs,Phenicol,Phenicol resistance MFS efflux pumps,CMLA,
MEG_1776|Drugs|Phenicol|Phenicol_resistance_MFS_efflux_pumps|CMLR,Drugs,Phenicol,Phenicol resistance MFS efflux pumps,CMLR,
MEG_1652|Biocides|Biguanide_resistance|Biguanide_cation_efflux|CEPAB,Biocides,Biguanide resistance,Biguanide cation efflux,CEPAB,
MEG_1655|Metals|Chromium_resistance|Chromate_ABC_efflux_pump|CEUE,Metals,Chromium resistance,Chromate ABC efflux pump,CEUE,
MEG_1705|Metals|Chromium_resistance|Chromium_resistance_protein|CHRA,Metals,Chromium resistance,Chromium resistance protein,CHRA,
MEG_1706|Metals|Chromium_resistance|Chromium_resistance_protein|CHRA,Metals,Chromium resistance,Chromium resistance protein,CHRA,
MEG_1707|Metals|Chromium_resistance|Chromium_resistance_protein|CHRA,Metals,Chromium resistance,Chromium resistance protein,CHRA,
MEG_1708|Metals|Chromium_resistance|Chromium_resistance_protein|CHRA,Metals,Chromium resistance,Chromium resistance protein,CHRA,
MEG_1710|Metals|Chromium_resistance|Chromium_resistance_protein|CHRB1,Metals,Chromium resistance,Chromium resistance protein,CHRB1,
MEG_1711|Metals|Chromium_resistance|Chromium_resistance_protein|CHRB1,Metals,Chromium resistance,Chromium resistance protein,CHRB1,
MEG_1713|Metals|Chromium_resistance|Chromium_resistance_protein|CHRC,Metals,Chromium resistance,Chromium resistance protein,CHRC,
MEG_1714|Metals|Chromium_resistance|Chromium_resistance_protein|CHRE,Metals,Chromium resistance,Chromium resistance protein,CHRE,
MEG_1715|Metals|Chromium_resistance|Chromium_resistance_regulator|CHRF,Metals,Chromium resistance,Chromium resistance regulator,CHRF,
MEG_1716|Metals|Chromium_resistance|Chromium_resistance_regulator|CHRI,Metals,Chromium resistance,Chromium resistance regulator,CHRI,
MEG_1717|Metals|Chromium_resistance|Chromium_resistance_protein|CHRR,Metals,Chromium resistance,Chromium resistance protein,CHRR,
MEG_4160|Metals|Chromium_resistance|Chromium_resistance_protein|NFSA,Metals,Chromium resistance,Chromium resistance protein,NFSA,
MEG_6052|Metals|Chromium_resistance|Chromium_resistance_protein|RECG,Metals,Chromium resistance,Chromium resistance protein,RECG,
MEG_6562|Metals|Chromium_resistance|Chromium_resistance_protein|SRPCC,Metals,Chromium resistance,Chromium resistance protein,SRPCC,
MEG_3611|Drugs|MLS|Lincosamide_nucleotidyltransferases|LNUC,Drugs,MLS,Lincosamide nucleotidyltransferases,LNUC,
MEG_10070|Drugs|MLS|ABC-F_ATPase_ribosomal_protection_protein|CPLR,Drugs,MLS,ABC-F ATPase ribosomal protection protein,CPLR,
MEG_2793|Drugs|MLS|23S_rRNA_methyltransferases|ERMB,Drugs,MLS,23S rRNA methyltransferases,ERMB,
MEG_2845|Drugs|MLS|23S_rRNA_methyltransferases|ERMS,Drugs,MLS,23S rRNA methyltransferases,ERMS,
MEG_7628|Drugs|MLS|Streptogramin_A_O-acetyltransferase|VATE,Drugs,MLS,Streptogramin A O-acetyltransferase,VATE,
MEG_8243|Drugs|MLS|MLS_resistance_MFS_efflux_pumps|MEFD,Drugs,MLS,MLS resistance MFS efflux pumps,MEFD,
MEG_3139|Drugs|MLS|Macrolide_glycosyltransferases|GIMA,Drugs,MLS,Macrolide glycosyltransferases,GIMA,
MEG_2850|Drugs|MLS|23S_rRNA_methyltransferases|ERMU,Drugs,MLS,23S rRNA methyltransferases,ERMU,
MEG_3819|Drugs|MLS|MLS_resistance_MFS_efflux_pumps|MEFA,Drugs,MLS,MLS resistance MFS efflux pumps,MEFA,
MEG_11353|Drugs|MLS|Macrolide_esterases|ESTX,Drugs,MLS,Macrolide esterases,ESTX,
MEG_9992|Drugs|MLS|23S_rRNA_methyltransferases|CFR,Drugs,MLS,23S rRNA methyltransferases,CFR,
MEG_11507|Drugs|MLS|23S_rRNA_methyltransferases|ERM,Drugs,MLS,23S rRNA methyltransferases,ERM,
MEG_2819|Drugs|MLS|23S_rRNA_methyltransferases|ERMC,Drugs,MLS,23S rRNA methyltransferases,ERMC,
MEG_1680|Drugs|MLS|23S_rRNA_methyltransferases|CFR,Drugs,MLS,23S rRNA methyltransferases,CFR,
MEG_2805|Drugs|MLS|23S_rRNA_methyltransferases|ERMB,Drugs,MLS,23S rRNA methyltransferases,ERMB,
MEG_4072|Drugs|MLS|MLS_resistance_ABC_efflux_pumps|MSRC,Drugs,MLS,MLS resistance ABC efflux pumps,MSRC,
MEG_2747|Drugs|MLS|Macrolide_esterases|EREA,Drugs,MLS,Macrolide esterases,EREA,
MEG_2835|Drugs|MLS|23S_rRNA_methyltransferases|ERMG,Drugs,MLS,23S rRNA methyltransferases,ERMG,
MEG_2765|Drugs|MLS|23S_rRNA_methyltransferases|ERM,Drugs,MLS,23S rRNA methyltransferases,ERM,
MEG_2834|Drugs|MLS|23S_rRNA_methyltransferases|ERMG,Drugs,MLS,23S rRNA methyltransferases,ERMG,
MEG_7691|Drugs|MLS|Streptogramin_B_ester_bond_cleavage|VGBA,Drugs,MLS,Streptogramin B ester bond cleavage,VGBA,
MEG_11350|Drugs|MLS|Macrolide_esterases|ESTX,Drugs,MLS,Macrolide esterases,ESTX,
MEG_2744|Drugs|MLS|Macrolide_esterases|EREA,Drugs,MLS,Macrolide esterases,EREA,
MEG_3608|Drugs|MLS|Lincosamide_nucleotidyltransferases|LNUA,Drugs,MLS,Lincosamide nucleotidyltransferases,LNUA,
MEG_11352|Drugs|MLS|Macrolide_esterases|ESTX,Drugs,MLS,Macrolide esterases,ESTX,
MEG_2743|Drugs|MLS|Macrolide_esterases|EREA,Drugs,MLS,Macrolide esterases,EREA,
MEG_3810|Drugs|MLS|MLS_resistance_MFS_efflux_pumps|MEFA,Drugs,MLS,MLS resistance MFS efflux pumps,MEFA,
MEG_11398|Drugs|MLS|Lincosamide_nucleotidyltransferases|LNU,Drugs,MLS,Lincosamide nucleotidyltransferases,LNU,
MEG_2839|Drugs|MLS|23S_rRNA_methyltransferases|ERMO,Drugs,MLS,23S rRNA methyltransferases,ERMO,
MEG_3615|Drugs|MLS|Lincosamide_nucleotidyltransferases|LNUF,Drugs,MLS,Lincosamide nucleotidyltransferases,LNUF,
MEG_3616|Drugs|MLS|Lincosamide_nucleotidyltransferases|LNUF,Drugs,MLS,Lincosamide nucleotidyltransferases,LNUF,
MEG_4045|Drugs|MLS|Macrolide_phosphotransferases|MPHG,Drugs,MLS,Macrolide phosphotransferases,MPHG,
MEG_4278|Drugs|MLS|Macrolide_glycosyltransferases|OLEI,Drugs,MLS,Macrolide glycosyltransferases,OLEI,
MEG_2822|Drugs|MLS|23S_rRNA_methyltransferases|ERMC,Drugs,MLS,23S rRNA methyltransferases,ERMC,
MEG_2755|Drugs|MLS|23S_rRNA_methyltransferases|ERM,Drugs,MLS,23S rRNA methyltransferases,ERM,
MEG_2756|Drugs|MLS|23S_rRNA_methyltransferases|ERM,Drugs,MLS,23S rRNA methyltransferases,ERM,
MEG_3806|Drugs|MLS|MLS_resistance_MFS_efflux_pumps|MEFA,Drugs,MLS,MLS resistance MFS efflux pumps,MEFA,
MEG_2792|Drugs|MLS|23S_rRNA_methyltransferases|ERMB,Drugs,MLS,23S rRNA methyltransferases,ERMB,
MEG_3814|Drugs|MLS|MLS_resistance_MFS_efflux_pumps|MEFA,Drugs,MLS,MLS resistance MFS efflux pumps,MEFA,
MEG_8259|Drugs|MLS|MLS_resistance_ABC_efflux_pumps|MSRG,Drugs,MLS,MLS resistance ABC efflux pumps,MSRG,
MEG_1701|Metals|Sodium_resistance|Sodium_resistance_protein|CHAA,Metals,Sodium resistance,Sodium resistance protein,CHAA,
MEG_4162|Metals|Sodium_resistance|Sodium_resistance_protein|NHAA,Metals,Sodium resistance,Sodium resistance protein,NHAA,
MEG_4163|Metals|Sodium_resistance|Sodium_resistance_protein|NHAB,Metals,Sodium resistance,Sodium resistance protein,NHAB,
MEG_4164|Metals|Sodium_resistance|Sodium_resistance_protein|NHAB,Metals,Sodium resistance,Sodium resistance protein,NHAB,
MEG_2096|Metals|Cobalt_resistance|Cobalt_transporting_ATPase|CORT,Metals,Cobalt resistance,Cobalt transporting ATPase,CORT,
MEG_4165|Metals|Cobalt_resistance|Cobalt_transporting_ATPase|NHLF,Metals,Cobalt resistance,Cobalt transporting ATPase,NHLF,
MEG_5905|Drugs|Fluoroquinolones|Quinolone_resistance_protein_Qnr|QNRB,Drugs,Fluoroquinolones,Quinolone resistance protein Qnr,QNRB,
MEG_8654|Drugs|Fluoroquinolones|Quinolone_resistance_protein_Qnr|QNRB,Drugs,Fluoroquinolones,Quinolone resistance protein Qnr,QNRB,
MEG_6002|Drugs|Fluoroquinolones|Quinolone_resistance_protein_Qnr|QNRB,Drugs,Fluoroquinolones,Quinolone resistance protein Qnr,QNRB,
MEG_5968|Drugs|Fluoroquinolones|Quinolone_resistance_protein_Qnr|QNRB,Drugs,Fluoroquinolones,Quinolone resistance protein Qnr,QNRB,
MEG_9994|Drugs|Fluoroquinolones|Fluoroquinolone-resistant_DNA_topoisomerases|GYRA,Drugs,Fluoroquinolones,Fluoroquinolone-resistant DNA topoisomerases,GYRA,
MEG_5945|Drugs|Fluoroquinolones|Quinolone_resistance_protein_Qnr|QNRB,Drugs,Fluoroquinolones,Quinolone resistance protein Qnr,QNRB,
MEG_5861|Drugs|Fluoroquinolones|Quinolone_active_efflux|QEPA,Drugs,Fluoroquinolones,Quinolone active efflux,QEPA,
MEG_5869|Drugs|Fluoroquinolones|Quinolone_resistance_protein_Qnr|QNRA,Drugs,Fluoroquinolones,Quinolone resistance protein Qnr,QNRA,
MEG_6017|Drugs|Fluoroquinolones|Quinolone_resistance_protein_Qnr|QNRS,Drugs,Fluoroquinolones,Quinolone resistance protein Qnr,QNRS,
MEG_5997|Drugs|Fluoroquinolones|Quinolone_resistance_protein_Qnr|QNRB,Drugs,Fluoroquinolones,Quinolone resistance protein Qnr,QNRB,
MEG_5956|Drugs|Fluoroquinolones|Quinolone_resistance_protein_Qnr|QNRB,Drugs,Fluoroquinolones,Quinolone resistance protein Qnr,QNRB,
MEG_5929|Drugs|Fluoroquinolones|Quinolone_resistance_protein_Qnr|QNRB,Drugs,Fluoroquinolones,Quinolone resistance protein Qnr,QNRB,
MEG_5995|Drugs|Fluoroquinolones|Quinolone_resistance_protein_Qnr|QNRB,Drugs,Fluoroquinolones,Quinolone resistance protein Qnr,QNRB,
MEG_8658|Drugs|Fluoroquinolones|Quinolone_resistance_protein_Qnr|QNRVC,Drugs,Fluoroquinolones,Quinolone resistance protein Qnr,QNRVC,
MEG_5936|Drugs|Fluoroquinolones|Quinolone_resistance_protein_Qnr|QNRB,Drugs,Fluoroquinolones,Quinolone resistance protein Qnr,QNRB,
MEG_8657|Drugs|Fluoroquinolones|Quinolone_resistance_protein_Qnr|QNRE,Drugs,Fluoroquinolones,Quinolone resistance protein Qnr,QNRE,
MEG_5955|Drugs|Fluoroquinolones|Quinolone_resistance_protein_Qnr|QNRB,Drugs,Fluoroquinolones,Quinolone resistance protein Qnr,QNRB,
MEG_11236|Drugs|Fluoroquinolones|Quinolone_resistance_protein_Qnr|QNRE,Drugs,Fluoroquinolones,Quinolone resistance protein Qnr,QNRE,
MEG_5928|Drugs|Fluoroquinolones|Quinolone_resistance_protein_Qnr|QNRB,Drugs,Fluoroquinolones,Quinolone resistance protein Qnr,QNRB,
MEG_6016|Drugs|Fluoroquinolones|Quinolone_resistance_protein_Qnr|QNRE,Drugs,Fluoroquinolones,Quinolone resistance protein Qnr,QNRE,
MEG_5922|Drugs|Fluoroquinolones|Quinolone_resistance_protein_Qnr|QNRB,Drugs,Fluoroquinolones,Quinolone resistance protein Qnr,QNRB,
MEG_5950|Drugs|Fluoroquinolones|Quinolone_resistance_protein_Qnr|QNRB,Drugs,Fluoroquinolones,Quinolone resistance protein Qnr,QNRB,
MEG_5884|Drugs|Fluoroquinolones|Quinolone_resistance_protein_Qnr|QNRB,Drugs,Fluoroquinolones,Quinolone resistance protein Qnr,QNRB,
MEG_5888|Drugs|Fluoroquinolones|Quinolone_resistance_protein_Qnr|QNRB,Drugs,Fluoroquinolones,Quinolone resistance protein Qnr,QNRB,
MEG_5891|Drugs|Fluoroquinolones|Quinolone_resistance_protein_Qnr|QNRB,Drugs,Fluoroquinolones,Quinolone resistance protein Qnr,QNRB,
MEG_6028|Drugs|Fluoroquinolones|Quinolone_resistance_protein_Qnr|QNRS,Drugs,Fluoroquinolones,Quinolone resistance protein Qnr,QNRS,
MEG_9964|Drugs|Fluoroquinolones|Quinolone_resistance_protein_Qnr|QNRS,Drugs,Fluoroquinolones,Quinolone resistance protein Qnr,QNRS,
MEG_5918|Drugs|Fluoroquinolones|Quinolone_resistance_protein_Qnr|QNRB,Drugs,Fluoroquinolones,Quinolone resistance protein Qnr,QNRB,
MEG_5971|Drugs|Fluoroquinolones|Quinolone_resistance_protein_Qnr|QNRB,Drugs,Fluoroquinolones,Quinolone resistance protein Qnr,QNRB,
MEG_5901|Drugs|Fluoroquinolones|Quinolone_resistance_protein_Qnr|QNRB,Drugs,Fluoroquinolones,Quinolone resistance protein Qnr,QNRB,
MEG_5892|Drugs|Fluoroquinolones|Quinolone_resistance_protein_Qnr|QNRB,Drugs,Fluoroquinolones,Quinolone resistance protein Qnr,QNRB,
MEG_11230|Drugs|Fluoroquinolones|Quinolone_resistance_protein_Qnr|QNRA,Drugs,Fluoroquinolones,Quinolone resistance protein Qnr,QNRA,
MEG_5975|Drugs|Fluoroquinolones|Quinolone_resistance_protein_Qnr|QNRB,Drugs,Fluoroquinolones,Quinolone resistance protein Qnr,QNRB,
MEG_5873|Drugs|Fluoroquinolones|Quinolone_resistance_protein_Qnr|QNRA,Drugs,Fluoroquinolones,Quinolone resistance protein Qnr,QNRA,
MEG_5934|Drugs|Fluoroquinolones|Quinolone_resistance_protein_Qnr|QNRB,Drugs,Fluoroquinolones,Quinolone resistance protein Qnr,QNRB,
MEG_5953|Drugs|Fluoroquinolones|Quinolone_resistance_protein_Qnr|QNRB,Drugs,Fluoroquinolones,Quinolone resistance protein Qnr,QNRB,
MEG_5994|Drugs|Fluoroquinolones|Quinolone_resistance_protein_Qnr|QNRB,Drugs,Fluoroquinolones,Quinolone resistance protein Qnr,QNRB,
MEG_6034|Drugs|Fluoroquinolones|Quinolone_resistance_protein_Qnr|QNRVC,Drugs,Fluoroquinolones,Quinolone resistance protein Qnr,QNRVC,
MEG_5957|Drugs|Fluoroquinolones|Quinolone_resistance_protein_Qnr|QNRB,Drugs,Fluoroquinolones,Quinolone resistance protein Qnr,QNRB,
MEG_6026|Drugs|Fluoroquinolones|Quinolone_resistance_protein_Qnr|QNRS,Drugs,Fluoroquinolones,Quinolone resistance protein Qnr,QNRS,
MEG_11254|Drugs|Trimethoprim|Dihydrofolate_reductase|DFRB,Drugs,Trimethoprim,Dihydrofolate reductase,DFRB,
MEG_2546|Drugs|Trimethoprim|Dihydrofolate_reductase|DFRA,Drugs,Trimethoprim,Dihydrofolate reductase,DFRA,
MEG_2549|Drugs|Trimethoprim|Dihydrofolate_reductase|DFRA,Drugs,Trimethoprim,Dihydrofolate reductase,DFRA,
MEG_2500|Drugs|Trimethoprim|Dihydrofolate_reductase|DFRA,Drugs,Trimethoprim,Dihydrofolate reductase,DFRA,
MEG_2513|Drugs|Trimethoprim|Dihydrofolate_reductase|DFRA,Drugs,Trimethoprim,Dihydrofolate reductase,DFRA,
MEG_2508|Drugs|Trimethoprim|Dihydrofolate_reductase|DFRA,Drugs,Trimethoprim,Dihydrofolate reductase,DFRA,
MEG_2485|Drugs|Trimethoprim|Dihydrofolate_reductase|DFRA,Drugs,Trimethoprim,Dihydrofolate reductase,DFRA,
MEG_2494|Drugs|Trimethoprim|Dihydrofolate_reductase|DFRA,Drugs,Trimethoprim,Dihydrofolate reductase,DFRA,
MEG_2509|Drugs|Trimethoprim|Dihydrofolate_reductase|DFRA,Drugs,Trimethoprim,Dihydrofolate reductase,DFRA,
MEG_2547|Drugs|Trimethoprim|Dihydrofolate_reductase|DFRA,Drugs,Trimethoprim,Dihydrofolate reductase,DFRA,
MEG_2550|Drugs|Trimethoprim|Dihydrofolate_reductase|DFRA,Drugs,Trimethoprim,Dihydrofolate reductase,DFRA,
MEG_2576|Drugs|Trimethoprim|Dihydrofolate_reductase|DFRD,Drugs,Trimethoprim,Dihydrofolate reductase,DFRD,
MEG_2561|Drugs|Trimethoprim|Dihydrofolate_reductase|DFRB,Drugs,Trimethoprim,Dihydrofolate reductase,DFRB,
MEG_2493|Drugs|Trimethoprim|Dihydrofolate_reductase|DFRA,Drugs,Trimethoprim,Dihydrofolate reductase,DFRA,
MEG_2553|Drugs|Trimethoprim|Dihydrofolate_reductase|DFRA,Drugs,Trimethoprim,Dihydrofolate reductase,DFRA,
MEG_2514|Drugs|Trimethoprim|Dihydrofolate_reductase|DFRA,Drugs,Trimethoprim,Dihydrofolate reductase,DFRA,
MEG_2578|Drugs|Trimethoprim|Dihydrofolate_reductase|DFRF,Drugs,Trimethoprim,Dihydrofolate reductase,DFRF,
MEG_2569|Drugs|Trimethoprim|Dihydrofolate_reductase|DFRB,Drugs,Trimethoprim,Dihydrofolate reductase,DFRB,
MEG_8061|Drugs|Trimethoprim|Dihydrofolate_reductase|DFRA,Drugs,Trimethoprim,Dihydrofolate reductase,DFRA,
MEG_2557|Drugs|Trimethoprim|Dihydrofolate_reductase|DFRB,Drugs,Trimethoprim,Dihydrofolate reductase,DFRB,
MEG_8065|Drugs|Trimethoprim|Dihydrofolate_reductase|DFRA,Drugs,Trimethoprim,Dihydrofolate reductase,DFRA,
MEG_2522|Drugs|Trimethoprim|Dihydrofolate_reductase|DFRA,Drugs,Trimethoprim,Dihydrofolate reductase,DFRA,
MEG_2541|Drugs|Trimethoprim|Dihydrofolate_reductase|DFRA,Drugs,Trimethoprim,Dihydrofolate reductase,DFRA,
MEG_2556|Drugs|Trimethoprim|Dihydrofolate_reductase|DFRA,Drugs,Trimethoprim,Dihydrofolate reductase,DFRA,
MEG_2517|Drugs|Trimethoprim|Dihydrofolate_reductase|DFRA,Drugs,Trimethoprim,Dihydrofolate reductase,DFRA,
MEG_2531|Drugs|Trimethoprim|Dihydrofolate_reductase|DFRA,Drugs,Trimethoprim,Dihydrofolate reductase,DFRA,
MEG_2533|Drugs|Trimethoprim|Dihydrofolate_reductase|DFRA,Drugs,Trimethoprim,Dihydrofolate reductase,DFRA,
MEG_2521|Drugs|Trimethoprim|Dihydrofolate_reductase|DFRA,Drugs,Trimethoprim,Dihydrofolate reductase,DFRA,
MEG_2534|Drugs|Trimethoprim|Dihydrofolate_reductase|DFRA,Drugs,Trimethoprim,Dihydrofolate reductase,DFRA,
MEG_8067|Drugs|Trimethoprim|Dihydrofolate_reductase|DFRA,Drugs,Trimethoprim,Dihydrofolate reductase,DFRA,
MEG_9968|Drugs|Trimethoprim|Dihydrofolate_reductase|DFRB,Drugs,Trimethoprim,Dihydrofolate reductase,DFRB,
MEG_2498|Drugs|Trimethoprim|Dihydrofolate_reductase|DFRA,Drugs,Trimethoprim,Dihydrofolate reductase,DFRA,
MEG_9969|Drugs|Trimethoprim|Dihydrofolate_reductase|DFRB,Drugs,Trimethoprim,Dihydrofolate reductase,DFRB,
MEG_2574|Drugs|Trimethoprim|Dihydrofolate_reductase|DFRD,Drugs,Trimethoprim,Dihydrofolate reductase,DFRD,
MEG_2512|Drugs|Trimethoprim|Dihydrofolate_reductase|DFRA,Drugs,Trimethoprim,Dihydrofolate reductase,DFRA,
MEG_2501|Drugs|Trimethoprim|Dihydrofolate_reductase|DFRA,Drugs,Trimethoprim,Dihydrofolate reductase,DFRA,
MEG_11305|Drugs|Trimethoprim|Dihydrofolate_reductase|DFRA,Drugs,Trimethoprim,Dihydrofolate reductase,DFRA,
MEG_2504|Drugs|Trimethoprim|Dihydrofolate_reductase|DFRA,Drugs,Trimethoprim,Dihydrofolate reductase,DFRA,
MEG_8064|Drugs|Trimethoprim|Dihydrofolate_reductase|DFRA,Drugs,Trimethoprim,Dihydrofolate reductase,DFRA,
MEG_2527|Drugs|Trimethoprim|Dihydrofolate_reductase|DFRA,Drugs,Trimethoprim,Dihydrofolate reductase,DFRA,
MEG_2714|Biocides|Quaternary_Ammonium_Compounds_(QACs)_resistance|QAC_efflux_pump|EMEA,Biocides,Quaternary Ammonium Compounds (QACs) resistance,QAC efflux pump,EMEA,
MEG_3084|Biocides|Quaternary_Ammonium_Compounds_(QACs)_resistance|QAC-resistant_protein_UDP_glucose_4_epimerase|GALE,Biocides,Quaternary Ammonium Compounds (QACs) resistance,QAC-resistant protein UDP glucose 4 epimerase,GALE,
MEG_2874|Biocides|Phenolic_compound_resistance|Phenolic_resistance_protein|FABI,Biocides,Phenolic compound resistance,Phenolic resistance protein,FABI,
MEG_2875|Biocides|Phenolic_compound_resistance|Phenolic_resistance_protein|FABI,Biocides,Phenolic compound resistance,Phenolic resistance protein,FABI,
MEG_2876|Biocides|Phenolic_compound_resistance|Phenolic_resistance_protein|FABK,Biocides,Phenolic compound resistance,Phenolic resistance protein,FABK,
MEG_2877|Biocides|Phenolic_compound_resistance|Phenolic_resistance_protein|FABL,Biocides,Phenolic compound resistance,Phenolic resistance protein,FABL,
MEG_2878|Biocides|Phenolic_compound_resistance|Phenolic_resistance_protein|FABV,Biocides,Phenolic compound resistance,Phenolic resistance protein,FABV,
MEG_2879|Biocides|Phenolic_compound_resistance|Phenolic_resistance_protein|FABV,Biocides,Phenolic compound resistance,Phenolic resistance protein,FABV,
MEG_7271|Biocides|Phenolic_compound_resistance|Phenolic_RND_efflux_pump|TRIA,Biocides,Phenolic compound resistance,Phenolic RND efflux pump,TRIA,
MEG_7272|Biocides|Phenolic_compound_resistance|Phenolic_RND_efflux_pump|TRIAP,Biocides,Phenolic compound resistance,Phenolic RND efflux pump,TRIAP,
MEG_7273|Biocides|Phenolic_compound_resistance|Phenolic_RND_efflux_pump|TRIB,Biocides,Phenolic compound resistance,Phenolic RND efflux pump,TRIB,
MEG_7274|Biocides|Phenolic_compound_resistance|Phenolic_RND_efflux_pump|TRIBP,Biocides,Phenolic compound resistance,Phenolic RND efflux pump,TRIBP,
MEG_7275|Biocides|Phenolic_compound_resistance|Phenolic_RND_efflux_pump|TRIC,Biocides,Phenolic compound resistance,Phenolic RND efflux pump,TRIC,
MEG_7276|Biocides|Phenolic_compound_resistance|Phenolic_RND_efflux_pump|TRICP,Biocides,Phenolic compound resistance,Phenolic RND efflux pump,TRICP,
MEG_9974|Biocides|Phenolic_compound_resistance|Triclosan-resistant_mutation|FABG,Biocides,Phenolic compound resistance,Triclosan-resistant mutation,FABG,
MEG_11443|Biocides|Phenolic_compound_resistance|Triclosan-resistant_mutation|FABG,Biocides,Phenolic compound resistance,Triclosan-resistant mutation,FABG,
MEG_2880|Drugs|Elfamycins|Elfamycin_efflux_pumps|FACT,Drugs,Elfamycins,Elfamycin efflux pumps,FACT,
MEG_3066|Drugs|Fusidic_acid|Ribosomal_zinc-binding_protein|FUSB,Drugs,Fusidic acid,Ribosomal zinc-binding protein,FUSB,
MEG_3067|Drugs|Fusidic_acid|Ribosomal_zinc-binding_protein|FUSB,Drugs,Fusidic acid,Ribosomal zinc-binding protein,FUSB,
MEG_3068|Drugs|Fusidic_acid|Ribosomal_zinc-binding_protein|FUSC,Drugs,Fusidic acid,Ribosomal zinc-binding protein,FUSC,
MEG_3069|Drugs|Fusidic_acid|Ribosomal_zinc-binding_protein|FUSD,Drugs,Fusidic acid,Ribosomal zinc-binding protein,FUSD,
MEG_3070|Drugs|Fusidic_acid|Ribosomal_zinc-binding_protein|FUSD,Drugs,Fusidic acid,Ribosomal zinc-binding protein,FUSD,
MEG_3072|Drugs|Fusidic_acid|Fusidic_acid_esterases|FUSF,Drugs,Fusidic acid,Fusidic acid esterases,FUSF,
MEG_3073|Drugs|Fusidic_acid|Fusidic_acid_esterases|FUSF,Drugs,Fusidic acid,Fusidic acid esterases,FUSF,
MEG_3074|Drugs|Fusidic_acid|Fusidic_acid_esterases|FUSH,Drugs,Fusidic acid,Fusidic acid esterases,FUSH,
MEG_3167|Metals|Gold_resistance|Gold_resistance_regulator|GOLS,Metals,Gold resistance,Gold resistance regulator,GOLS,
MEG_3272|Metals|Nickel_resistance|Nickel_resistance_protein|HOXN,Metals,Nickel resistance,Nickel resistance protein,HOXN,
MEG_3283|Metals|Nickel_resistance|Nickel_resistance_protein|HUPE,Metals,Nickel resistance,Nickel resistance protein,HUPE,
MEG_3284|Metals|Nickel_resistance|Nickel_resistance_protein|HUPE,Metals,Nickel resistance,Nickel resistance protein,HUPE,
MEG_3285|Metals|Nickel_resistance|Nickel_resistance_protein|HUPN,Metals,Nickel resistance,Nickel resistance protein,HUPN,
MEG_4120|Metals|Nickel_resistance|Nickel_MFS_efflux_pumps|NCRAN,Metals,Nickel resistance,Nickel MFS efflux pumps,NCRAN,
MEG_4123|Metals|Nickel_resistance|Nickel_MFS_efflux_regulator|NCRBN,Metals,Nickel resistance,Nickel MFS efflux regulator,NCRBN,
MEG_4126|Metals|Nickel_resistance|Nickel_MFS_efflux_pumps|NCRCN,Metals,Nickel resistance,Nickel MFS efflux pumps,NCRCN,
MEG_4128|Metals|Nickel_resistance|Nickel_MFS_efflux_regulator|NCRYN,Metals,Nickel resistance,Nickel MFS efflux regulator,NCRYN,
MEG_4167|Metals|Nickel_resistance|Nickel_ABC_efflux_pumps|NIKA,Metals,Nickel resistance,Nickel ABC efflux pumps,NIKA,
MEG_4168|Metals|Nickel_resistance|Nickel_ABC_efflux_pumps|NIKB,Metals,Nickel resistance,Nickel ABC efflux pumps,NIKB,
MEG_4169|Metals|Nickel_resistance|Nickel_ABC_efflux_pumps|NIKB,Metals,Nickel resistance,Nickel ABC efflux pumps,NIKB,
MEG_4170|Metals|Nickel_resistance|Nickel_ABC_efflux_pumps|NIKC,Metals,Nickel resistance,Nickel ABC efflux pumps,NIKC,
MEG_4171|Metals|Nickel_resistance|Nickel_ABC_efflux_pumps|NIKD,Metals,Nickel resistance,Nickel ABC efflux pumps,NIKD,
MEG_4172|Metals|Nickel_resistance|Nickel_ABC_efflux_pumps|NIKD,Metals,Nickel resistance,Nickel ABC efflux pumps,NIKD,
MEG_4173|Metals|Nickel_resistance|Nickel_ABC_efflux_pumps|NIKE,Metals,Nickel resistance,Nickel ABC efflux pumps,NIKE,
MEG_4174|Metals|Nickel_resistance|Nickel_ABC_efflux_pumps|NIKE,Metals,Nickel resistance,Nickel ABC efflux pumps,NIKE,
MEG_4175|Metals|Nickel_resistance|Nickel_ABC_efflux_regulator|NIKR,Metals,Nickel resistance,Nickel ABC efflux regulator,NIKR,
MEG_4177|Metals|Nickel_resistance|Nickel_ABC_efflux_regulator|NIKR,Metals,Nickel resistance,Nickel ABC efflux regulator,NIKR,
MEG_4195|Metals|Nickel_resistance|Nickel_resistance_protein|NIRA,Metals,Nickel resistance,Nickel resistance protein,NIRA,
MEG_4196|Metals|Nickel_resistance|Nickel_resistance_protein|NIRB,Metals,Nickel resistance,Nickel resistance protein,NIRB,
MEG_4197|Metals|Nickel_resistance|Nickel_resistance_protein|NIRC,Metals,Nickel resistance,Nickel resistance protein,NIRC,
MEG_4198|Metals|Nickel_resistance|Nickel_resistance_protein|NIRD,Metals,Nickel resistance,Nickel resistance protein,NIRD,
MEG_4199|Metals|Nickel_resistance|Nickel_resistance_protein|NIXA,Metals,Nickel resistance,Nickel resistance protein,NIXA,
MEG_4200|Metals|Nickel_resistance|Nickel_resistance_protein|NIXA,Metals,Nickel resistance,Nickel resistance protein,NIXA,
MEG_4218|Metals|Nickel_resistance|Nickel_RND_efflux_pumps|NRSA,Metals,Nickel resistance,Nickel RND efflux pumps,NRSA,
MEG_4220|Metals|Nickel_resistance|Nickel_resistance_regulator|NRSR,Metals,Nickel resistance,Nickel resistance regulator,NRSR,
MEG_4221|Metals|Nickel_resistance|Nickel_resistance_regulator|NRSS,Metals,Nickel resistance,Nickel resistance regulator,NRSS,
MEG_3287|Biocides|Peroxide_resistance|Peroxide_resistance_stress_protein|IBPA,Biocides,Peroxide resistance,Peroxide resistance stress protein,IBPA,
MEG_3288|Biocides|Peroxide_resistance|Peroxide_resistance_stress_protein|IBPB,Biocides,Peroxide resistance,Peroxide resistance stress protein,IBPB,
MEG_3289|Biocides|Peroxide_resistance|Peroxide_resistance_stress_protein|IBPB,Biocides,Peroxide resistance,Peroxide resistance stress protein,IBPB,
MEG_5772|Biocides|Peroxide_resistance|peroxide_resistance_regulator|PERR,Biocides,Peroxide resistance,peroxide resistance regulator,PERR,
MEG_6540|Biocides|Peroxide_resistance|peroxide_resistance_protein|SODA,Biocides,Peroxide resistance,peroxide resistance protein,SODA,
MEG_6541|Biocides|Peroxide_resistance|peroxide_resistance_protein|SODA,Biocides,Peroxide resistance,peroxide resistance protein,SODA,
MEG_6542|Biocides|Peroxide_resistance|peroxide_resistance_protein|SODA,Biocides,Peroxide resistance,peroxide resistance protein,SODA,
MEG_6543|Biocides|Peroxide_resistance|peroxide_resistance_protein|SODA,Biocides,Peroxide resistance,peroxide resistance protein,SODA,
MEG_6544|Biocides|Peroxide_resistance|peroxide_resistance_protein|SODB,Biocides,Peroxide resistance,peroxide resistance protein,SODB,
MEG_6545|Biocides|Peroxide_resistance|peroxide_resistance_protein|SODB,Biocides,Peroxide resistance,peroxide resistance protein,SODB,
MEG_6546|Biocides|Peroxide_resistance|peroxide_resistance_protein|SODB,Biocides,Peroxide resistance,peroxide resistance protein,SODB,
MEG_7818|Biocides|Peroxide_resistance|peroxide_resistance_protein|YDEI,Biocides,Peroxide resistance,peroxide resistance protein,YDEI,
MEG_11436|Biocides|Peroxide_resistance|Peroxide_resistance_stress_protein|KATP,Biocides,Peroxide resistance,Peroxide resistance stress protein,KATP,
MEG_11438|Biocides|Peroxide_resistance|Peroxide_resistance_stress_protein|SODC,Biocides,Peroxide resistance,Peroxide resistance stress protein,SODC,
MEG_3290|Biocides|Acetate_resistance|Acetate_resistance_protein|ICLR,Biocides,Acetate resistance,Acetate resistance protein,ICLR,
MEG_3291|Biocides|Acetate_resistance|Acetate_resistance_protein|ICLR,Biocides,Acetate resistance,Acetate resistance protein,ICLR,
MEG_3622|Biocides|Acetate_resistance|Acetate_resistance_protein|LPDT,Biocides,Acetate resistance,Acetate resistance protein,LPDT,
MEG_8777|Drugs|Lipopeptides|Colistin_phosphoethanolamine_transferase|MCR,Drugs,Lipopeptides,Colistin phosphoethanolamine transferase,MCR,
MEG_3719|Drugs|Lipopeptides|Colistin_phosphoethanolamine_transferase|MCR,Drugs,Lipopeptides,Colistin phosphoethanolamine transferase,MCR,
MEG_11457|Drugs|Lipopeptides|Colistin_phosphoethanolamine_transferase|MCR,Drugs,Lipopeptides,Colistin phosphoethanolamine transferase,MCR,
MEG_10048|Drugs|Lipopeptides|Polymyxin_resistant_aminoacyl_carrier_protein|ALMF,Drugs,Lipopeptides,Polymyxin resistant aminoacyl carrier protein,ALMF,
MEG_8785|Drugs|Lipopeptides|Colistin_phosphoethanolamine_transferase|MCR,Drugs,Lipopeptides,Colistin phosphoethanolamine transferase,MCR,
MEG_3677|Drugs|Lipopeptides|Colistin_phosphoethanolamine_transferase|MCR,Drugs,Lipopeptides,Colistin phosphoethanolamine transferase,MCR,
MEG_3704|Drugs|Lipopeptides|Colistin_phosphoethanolamine_transferase|MCR,Drugs,Lipopeptides,Colistin phosphoethanolamine transferase,MCR,
MEG_3718|Drugs|Lipopeptides|Colistin_phosphoethanolamine_transferase|MCR,Drugs,Lipopeptides,Colistin phosphoethanolamine transferase,MCR,
MEG_8231|Drugs|Lipopeptides|Colistin-resistant_mutant|LPSB,Drugs,Lipopeptides,Colistin-resistant mutant,LPSB,
MEG_8778|Drugs|Lipopeptides|Colistin_phosphoethanolamine_transferase|MCR,Drugs,Lipopeptides,Colistin phosphoethanolamine transferase,MCR,
MEG_8808|Drugs|Lipopeptides|Colistin_phosphoethanolamine_transferase|MCR,Drugs,Lipopeptides,Colistin phosphoethanolamine transferase,MCR,
MEG_8799|Drugs|Lipopeptides|Colistin_phosphoethanolamine_transferase|MCR,Drugs,Lipopeptides,Colistin phosphoethanolamine transferase,MCR,
MEG_3693|Drugs|Lipopeptides|Colistin_phosphoethanolamine_transferase|MCR,Drugs,Lipopeptides,Colistin phosphoethanolamine transferase,MCR,
MEG_10077|Drugs|Lipopeptides|Daptomycin-resistant_mutant|DRMA,Drugs,Lipopeptides,Daptomycin-resistant mutant,DRMA,
MEG_8787|Drugs|Lipopeptides|Colistin_phosphoethanolamine_transferase|MCR,Drugs,Lipopeptides,Colistin phosphoethanolamine transferase,MCR,
MEG_8806|Drugs|Lipopeptides|Colistin_phosphoethanolamine_transferase|MCR,Drugs,Lipopeptides,Colistin phosphoethanolamine transferase,MCR,
MEG_8800|Drugs|Lipopeptides|Colistin_phosphoethanolamine_transferase|MCR,Drugs,Lipopeptides,Colistin phosphoethanolamine transferase,MCR,
MEG_8240|Drugs|Lipopeptides|Colistin_phosphoethanolamine_transferase|MCR,Drugs,Lipopeptides,Colistin phosphoethanolamine transferase,MCR,
MEG_8784|Drugs|Lipopeptides|Colistin_phosphoethanolamine_transferase|MCR,Drugs,Lipopeptides,Colistin phosphoethanolamine transferase,MCR,
MEG_3732|Drugs|Lipopeptides|Colistin_phosphoethanolamine_transferase|MCR,Drugs,Lipopeptides,Colistin phosphoethanolamine transferase,MCR,
MEG_11454|Drugs|Lipopeptides|Colistin_phosphoethanolamine_transferase|MCR,Drugs,Lipopeptides,Colistin phosphoethanolamine transferase,MCR,
MEG_3685|Drugs|Lipopeptides|Colistin_phosphoethanolamine_transferase|MCR,Drugs,Lipopeptides,Colistin phosphoethanolamine transferase,MCR,
MEG_3703|Drugs|Lipopeptides|Colistin_phosphoethanolamine_transferase|MCR,Drugs,Lipopeptides,Colistin phosphoethanolamine transferase,MCR,
MEG_8236|Drugs|Lipopeptides|Colistin_phosphoethanolamine_transferase|MCR,Drugs,Lipopeptides,Colistin phosphoethanolamine transferase,MCR,
MEG_3674|Drugs|Lipopeptides|Colistin_phosphoethanolamine_transferase|MCR,Drugs,Lipopeptides,Colistin phosphoethanolamine transferase,MCR,
MEG_3666|Drugs|Lipopeptides|Colistin_phosphoethanolamine_transferase|MCR,Drugs,Lipopeptides,Colistin phosphoethanolamine transferase,MCR,
MEG_11452|Drugs|Lipopeptides|Colistin_phosphoethanolamine_transferase|MCR,Drugs,Lipopeptides,Colistin phosphoethanolamine transferase,MCR,
MEG_3691|Drugs|Lipopeptides|Colistin_phosphoethanolamine_transferase|MCR,Drugs,Lipopeptides,Colistin phosphoethanolamine transferase,MCR,
MEG_8802|Drugs|Lipopeptides|Colistin_phosphoethanolamine_transferase|MCR,Drugs,Lipopeptides,Colistin phosphoethanolamine transferase,MCR,
MEG_3669|Drugs|Lipopeptides|Colistin_phosphoethanolamine_transferase|MCR,Drugs,Lipopeptides,Colistin phosphoethanolamine transferase,MCR,
MEG_8788|Drugs|Lipopeptides|Colistin_phosphoethanolamine_transferase|MCR,Drugs,Lipopeptides,Colistin phosphoethanolamine transferase,MCR,
MEG_8036|Drugs|Lipopeptides|Colistin_phosphoethanolamine_transferase|CPRS,Drugs,Lipopeptides,Colistin phosphoethanolamine transferase,CPRS,
MEG_3670|Drugs|Lipopeptides|Colistin_phosphoethanolamine_transferase|MCR,Drugs,Lipopeptides,Colistin phosphoethanolamine transferase,MCR,
MEG_5776|Drugs|Lipopeptides|Lipid_A_phosphatase|PGBB,Drugs,Lipopeptides,Lipid A phosphatase,PGBB,
MEG_8238|Drugs|Lipopeptides|Colistin_phosphoethanolamine_transferase|MCR,Drugs,Lipopeptides,Colistin phosphoethanolamine transferase,MCR,
MEG_8779|Drugs|Lipopeptides|Colistin_phosphoethanolamine_transferase|MCR,Drugs,Lipopeptides,Colistin phosphoethanolamine transferase,MCR,
MEG_8805|Drugs|Lipopeptides|Colistin_phosphoethanolamine_transferase|MCR,Drugs,Lipopeptides,Colistin phosphoethanolamine transferase,MCR,
MEG_3692|Drugs|Lipopeptides|Colistin_phosphoethanolamine_transferase|MCR,Drugs,Lipopeptides,Colistin phosphoethanolamine transferase,MCR,
MEG_11386|Drugs|Lipopeptides|Daptomycin_efflux_regulator|DRCR,Drugs,Lipopeptides,Daptomycin efflux regulator,DRCR,
MEG_11455|Drugs|Lipopeptides|Colistin_phosphoethanolamine_transferase|MCR,Drugs,Lipopeptides,Colistin phosphoethanolamine transferase,MCR,
MEG_3295|Drugs|Mupirocin|Mupirocin-resistant_isoleucyl-tRNA_synthetase|ILES,Drugs,Mupirocin,Mupirocin-resistant isoleucyl-tRNA synthetase,ILES,
MEG_4089|Drugs|Mupirocin|Mupirocin-resistant_isoleucyl-tRNA_synthetase|MUPA,Drugs,Mupirocin,Mupirocin-resistant isoleucyl-tRNA synthetase,MUPA,
MEG_4090|Drugs|Mupirocin|Mupirocin-resistant_isoleucyl-tRNA_synthetase|MUPA,Drugs,Mupirocin,Mupirocin-resistant isoleucyl-tRNA synthetase,MUPA,
MEG_4091|Drugs|Mupirocin|Mupirocin-resistant_isoleucyl-tRNA_synthetase|MUPB,Drugs,Mupirocin,Mupirocin-resistant isoleucyl-tRNA synthetase,MUPB,
MEG_3841|Metals|Mercury_resistance|Mercury_resistance_protein|MERA,Metals,Mercury resistance,Mercury resistance protein,MERA,
MEG_3839|Metals|Mercury_resistance|Mercury_resistance_protein|MERA,Metals,Mercury resistance,Mercury resistance protein,MERA,
MEG_11228|Metals|Mercury_resistance|Mercury_resistance_protein|MERB,Metals,Mercury resistance,Mercury resistance protein,MERB,
MEG_3846|Metals|Mercury_resistance|Mercury_resistance_protein|MERB,Metals,Mercury resistance,Mercury resistance protein,MERB,
MEG_3843|Metals|Mercury_resistance|Mercury_resistance_protein|MERA,Metals,Mercury resistance,Mercury resistance protein,MERA,
MEG_3873|Metals|Mercury_resistance|Mercury_resistance_protein|MERP,Metals,Mercury resistance,Mercury resistance protein,MERP,
MEG_3876|Metals|Mercury_resistance|Mercury_resistance_protein|MERP,Metals,Mercury resistance,Mercury resistance protein,MERP,
MEG_3896|Metals|Mercury_resistance|Mercury_resistance_protein|MERT,Metals,Mercury resistance,Mercury resistance protein,MERT,
MEG_3851|Metals|Mercury_resistance|Mercury_resistance_protein|MERB,Metals,Mercury resistance,Mercury resistance protein,MERB,
MEG_3874|Metals|Mercury_resistance|Mercury_resistance_protein|MERP,Metals,Mercury resistance,Mercury resistance protein,MERP,
MEG_3887|Metals|Mercury_resistance|Mercury_resistance_regulator|MERR2,Metals,Mercury resistance,Mercury resistance regulator,MERR2,
MEG_3883|Metals|Mercury_resistance|Mercury_resistance_regulator|MERR,Metals,Mercury resistance,Mercury resistance regulator,MERR,
MEG_3878|Metals|Mercury_resistance|Mercury_resistance_protein|MERP,Metals,Mercury resistance,Mercury resistance protein,MERP,
MEG_3888|Metals|Mercury_resistance|Mercury_resistance_regulator|MERR2,Metals,Mercury resistance,Mercury resistance regulator,MERR2,
MEG_3894|Metals|Mercury_resistance|Mercury_resistance_protein|MERT,Metals,Mercury resistance,Mercury resistance protein,MERT,
MEG_3881|Metals|Mercury_resistance|Mercury_resistance_regulator|MERR,Metals,Mercury resistance,Mercury resistance regulator,MERR,
MEG_3863|Metals|Mercury_resistance|Mercury_resistance_regulator|MERD,Metals,Mercury resistance,Mercury resistance regulator,MERD,
MEG_3871|Metals|Mercury_resistance|Mercury_resistance_protein|MERG,Metals,Mercury resistance,Mercury resistance protein,MERG,
MEG_3875|Metals|Mercury_resistance|Mercury_resistance_protein|MERP,Metals,Mercury resistance,Mercury resistance protein,MERP,
MEG_3877|Metals|Mercury_resistance|Mercury_resistance_protein|MERP,Metals,Mercury resistance,Mercury resistance protein,MERP,
MEG_3884|Metals|Mercury_resistance|Mercury_resistance_regulator|MERR,Metals,Mercury resistance,Mercury resistance regulator,MERR,
MEG_3895|Metals|Mercury_resistance|Mercury_resistance_protein|MERT,Metals,Mercury resistance,Mercury resistance protein,MERT,
MEG_3853|Metals|Mercury_resistance|Mercury_resistance_protein|MERB,Metals,Mercury resistance,Mercury resistance protein,MERB,
MEG_3856|Metals|Mercury_resistance|Mercury_resistance_protein|MERB,Metals,Mercury resistance,Mercury resistance protein,MERB,
MEG_3864|Metals|Mercury_resistance|Mercury_resistance_regulator|MERD,Metals,Mercury resistance,Mercury resistance regulator,MERD,
MEG_3897|Metals|Mercury_resistance|Mercury_resistance_protein|MERT,Metals,Mercury resistance,Mercury resistance protein,MERT,
MEG_3868|Metals|Mercury_resistance|Mercury_resistance_protein|MERE,Metals,Mercury resistance,Mercury resistance protein,MERE,
MEG_3847|Metals|Mercury_resistance|Mercury_resistance_protein|MERB,Metals,Mercury resistance,Mercury resistance protein,MERB,
MEG_3870|Metals|Mercury_resistance|Mercury_resistance_protein|MERF,Metals,Mercury resistance,Mercury resistance protein,MERF,
MEG_3849|Metals|Mercury_resistance|Mercury_resistance_protein|MERB,Metals,Mercury resistance,Mercury resistance protein,MERB,
MEG_3869|Metals|Mercury_resistance|Mercury_resistance_protein|MERF,Metals,Mercury resistance,Mercury resistance protein,MERF,
MEG_3867|Metals|Mercury_resistance|Mercury_resistance_protein|MERE,Metals,Mercury resistance,Mercury resistance protein,MERE,
MEG_3880|Metals|Mercury_resistance|Mercury_resistance_regulator|MERR,Metals,Mercury resistance,Mercury resistance regulator,MERR,
MEG_3862|Metals|Mercury_resistance|Mercury_resistance_regulator|MERD,Metals,Mercury resistance,Mercury resistance regulator,MERD,
MEG_3885|Metals|Mercury_resistance|Mercury_resistance_regulator|MERR1,Metals,Mercury resistance,Mercury resistance regulator,MERR1,
MEG_3859|Metals|Mercury_resistance|Mercury_resistance_protein|MERC,Metals,Mercury resistance,Mercury resistance protein,MERC,
MEG_3890|Metals|Mercury_resistance|Mercury_resistance_protein|MERT,Metals,Mercury resistance,Mercury resistance protein,MERT,
MEG_3855|Metals|Mercury_resistance|Mercury_resistance_protein|MERB,Metals,Mercury resistance,Mercury resistance protein,MERB,
MEG_3852|Metals|Mercury_resistance|Mercury_resistance_protein|MERB,Metals,Mercury resistance,Mercury resistance protein,MERB,
MEG_3865|Metals|Mercury_resistance|Mercury_resistance_regulator|MERD,Metals,Mercury resistance,Mercury resistance regulator,MERD,
MEG_4178|Drugs|Metronidazole|nim_nitroimidazole_reductase|NIMA,Drugs,Metronidazole,nim nitroimidazole reductase,NIMA,
MEG_4179|Drugs|Metronidazole|nim_nitroimidazole_reductase|NIMA,Drugs,Metronidazole,nim nitroimidazole reductase,NIMA,
MEG_4180|Drugs|Metronidazole|nim_nitroimidazole_reductase|NIMB,Drugs,Metronidazole,nim nitroimidazole reductase,NIMB,
MEG_4181|Drugs|Metronidazole|nim_nitroimidazole_reductase|NIMC,Drugs,Metronidazole,nim nitroimidazole reductase,NIMC,
MEG_4182|Drugs|Metronidazole|nim_nitroimidazole_reductase|NIMD,Drugs,Metronidazole,nim nitroimidazole reductase,NIMD,
MEG_4183|Drugs|Metronidazole|nim_nitroimidazole_reductase|NIME,Drugs,Metronidazole,nim nitroimidazole reductase,NIME,
MEG_4184|Drugs|Metronidazole|nim_nitroimidazole_reductase|NIME,Drugs,Metronidazole,nim nitroimidazole reductase,NIME,
MEG_4185|Drugs|Metronidazole|nim_nitroimidazole_reductase|NIME,Drugs,Metronidazole,nim nitroimidazole reductase,NIME,
MEG_4186|Drugs|Metronidazole|nim_nitroimidazole_reductase|NIMF,Drugs,Metronidazole,nim nitroimidazole reductase,NIMF,
MEG_4187|Drugs|Metronidazole|nim_nitroimidazole_reductase|NIMH,Drugs,Metronidazole,nim nitroimidazole reductase,NIMH,
MEG_4188|Drugs|Metronidazole|nim_nitroimidazole_reductase|NIMI,Drugs,Metronidazole,nim nitroimidazole reductase,NIMI,
MEG_4189|Drugs|Metronidazole|nim_nitroimidazole_reductase|NIMI,Drugs,Metronidazole,nim nitroimidazole reductase,NIMI,
MEG_4190|Drugs|Metronidazole|nim_nitroimidazole_reductase|NIMI,Drugs,Metronidazole,nim nitroimidazole reductase,NIMI,
MEG_4191|Drugs|Metronidazole|nim_nitroimidazole_reductase|NIMI,Drugs,Metronidazole,nim nitroimidazole reductase,NIMI,
MEG_4192|Drugs|Metronidazole|nim_nitroimidazole_reductase|NIMI,Drugs,Metronidazole,nim nitroimidazole reductase,NIMI,
MEG_4193|Drugs|Metronidazole|nim_nitroimidazole_reductase|NIMI,Drugs,Metronidazole,nim nitroimidazole reductase,NIMI,
MEG_4194|Drugs|Metronidazole|nim_nitroimidazole_reductase|NIMJ,Drugs,Metronidazole,nim nitroimidazole reductase,NIMJ,
MEG_8662|Drugs|Metronidazole|rdxA_nitroimidazole_reductase|RDXA,Drugs,Metronidazole,rdxA nitroimidazole reductase,RDXA,
MEG_8271|Drugs|Metronidazole|nim_nitroimidazole_reductase|NIMG,Drugs,Metronidazole,nim nitroimidazole reductase,NIMG,
MEG_8272|Drugs|Metronidazole|nim_nitroimidazole_reductase|NIMK,Drugs,Metronidazole,nim nitroimidazole reductase,NIMK,
MEG_9965|Drugs|Metronidazole|nim_nitroimidazole_reductase|NIMH,Drugs,Metronidazole,nim nitroimidazole reductase,NIMH,
MEG_9982|Drugs|Metronidazole|nim_nitroimidazole_reductase|NIMB,Drugs,Metronidazole,nim nitroimidazole reductase,NIMB,
MEG_11494|Drugs|Metronidazole|nim_nitroimidazole_reductase|NIMI,Drugs,Metronidazole,nim nitroimidazole reductase,NIMI,
MEG_11495|Drugs|Metronidazole|nim_nitroimidazole_reductase|NIMI,Drugs,Metronidazole,nim nitroimidazole reductase,NIMI,
MEG_11496|Drugs|Metronidazole|nim_nitroimidazole_reductase|NIMI,Drugs,Metronidazole,nim nitroimidazole reductase,NIMI,
MEG_11497|Drugs|Metronidazole|nim_nitroimidazole_reductase|NIMI,Drugs,Metronidazole,nim nitroimidazole reductase,NIMI,
MEG_11498|Drugs|Metronidazole|nim_nitroimidazole_reductase|NIMI,Drugs,Metronidazole,nim nitroimidazole reductase,NIMI,
MEG_11499|Drugs|Metronidazole|nim_nitroimidazole_reductase|NIME,Drugs,Metronidazole,nim nitroimidazole reductase,NIME,
MEG_11500|Drugs|Metronidazole|nim_nitroimidazole_reductase|NIMH,Drugs,Metronidazole,nim nitroimidazole reductase,NIMH,
MEG_11505|Drugs|Metronidazole|nim_nitroimidazole_reductase|NIMF,Drugs,Metronidazole,nim nitroimidazole reductase,NIMF,
MEG_4203|Biocides|Paraquat_resistance|Paraquat_resistance_protein|NMPC,Biocides,Paraquat resistance,Paraquat resistance protein,NMPC,
MEG_4204|Biocides|Paraquat_resistance|Paraquat_resistance_protein|NMPC,Biocides,Paraquat resistance,Paraquat resistance protein,NMPC,
MEG_7817|Biocides|Paraquat_resistance|Paraquat_efflux_pump|YDDG,Biocides,Paraquat resistance,Paraquat efflux pump,YDDG,
MEG_4214|Drugs|Aminocoumarins|Aminocoumarin_efflux_pump|NOVA,Drugs,Aminocoumarins,Aminocoumarin efflux pump,NOVA,
MEG_5396|Drugs|Aminocoumarins|Aminocoumarin-resistant_DNA_topoisomerases|PARY,Drugs,Aminocoumarins,Aminocoumarin-resistant DNA topoisomerases,PARY,
MEG_4222|Drugs|Thiopeptides|Thiostrepton_23S_rRNA_methyltransferases|NSHR,Drugs,Thiopeptides,Thiostrepton 23S rRNA methyltransferases,NSHR,
MEG_7285|Drugs|Thiopeptides|Thiostrepton_23S_rRNA_methyltransferases|TSNR,Drugs,Thiopeptides,Thiostrepton 23S rRNA methyltransferases,TSNR,
MEG_7001|Drugs|Tetracyclines|Tetracycline_resistance_MFS_efflux_pumps|TET48,Drugs,Tetracyclines,Tetracycline resistance MFS efflux pumps,TET48,
MEG_7203|Drugs|Tetracyclines|Tetracycline_resistance_ribosomal_protection_proteins|TETT,Drugs,Tetracyclines,Tetracycline resistance ribosomal protection proteins,TETT,
MEG_6977|Drugs|Tetracyclines|Tetracycline_resistance_MFS_efflux_pumps|TET35,Drugs,Tetracyclines,Tetracycline resistance MFS efflux pumps,TET35,
MEG_7212|Drugs|Tetracyclines|Tetracycline_resistance_ribosomal_protection_proteins|TETW,Drugs,Tetracyclines,Tetracycline resistance ribosomal protection proteins,TETW,
MEG_6995|Drugs|Tetracyclines|Tetracycline_resistance_MFS_efflux_pumps|TET42,Drugs,Tetracyclines,Tetracycline resistance MFS efflux pumps,TET42,
MEG_7059|Drugs|Tetracyclines|Tetracycline_resistance_MFS_efflux_pumps|TETC,Drugs,Tetracyclines,Tetracycline resistance MFS efflux pumps,TETC,
MEG_7133|Drugs|Tetracyclines|Tetracycline_resistance_ribosomal_protection_proteins|TETM,Drugs,Tetracyclines,Tetracycline resistance ribosomal protection proteins,TETM,
MEG_7113|Drugs|Tetracyclines|Tetracycline_resistance_ribosomal_protection_proteins|TETM,Drugs,Tetracyclines,Tetracycline resistance ribosomal protection proteins,TETM,
MEG_7209|Drugs|Tetracyclines|Tetracycline_resistance_ribosomal_protection_proteins|TETW,Drugs,Tetracyclines,Tetracycline resistance ribosomal protection proteins,TETW,
MEG_7178|Drugs|Tetracyclines|Tetracycline_resistance_ribosomal_protection_proteins|TETQ,Drugs,Tetracyclines,Tetracycline resistance ribosomal protection proteins,TETQ,
MEG_7092|Drugs|Tetracyclines|Tetracycline_resistance_MFS_efflux_pumps|TETL,Drugs,Tetracyclines,Tetracycline resistance MFS efflux pumps,TETL,
MEG_7011|Drugs|Tetracyclines|Tetracycline_resistance_MFS_efflux_pumps|TET58,Drugs,Tetracyclines,Tetracycline resistance MFS efflux pumps,TET58,
MEG_7160|Drugs|Tetracyclines|Tetracycline_resistance_ribosomal_protection_proteins|TETO,Drugs,Tetracyclines,Tetracycline resistance ribosomal protection proteins,TETO,
MEG_7247|Drugs|Tetracyclines|Tetracycline_resistance_MFS_efflux_pumps|TETZ,Drugs,Tetracyclines,Tetracycline resistance MFS efflux pumps,TETZ,
MEG_7235|Drugs|Tetracyclines|Tetracycline_resistance_ribosomal_protection_proteins|TETW,Drugs,Tetracyclines,Tetracycline resistance ribosomal protection proteins,TETW,
MEG_7081|Drugs|Tetracyclines|Tetracycline_resistance_MFS_efflux_pumps|TETG,Drugs,Tetracyclines,Tetracycline resistance MFS efflux pumps,TETG,
MEG_11510|Drugs|Tetracyclines|Tetracycline_resistance_ribosomal_protection_proteins|TETO,Drugs,Tetracyclines,Tetracycline resistance ribosomal protection proteins,TETO,
MEG_7243|Drugs|Tetracyclines|Tetracycline_inactivation_enzymes|TETX,Drugs,Tetracyclines,Tetracycline inactivation enzymes,TETX,
MEG_7015|Drugs|Tetracyclines|Tetracycline_resistance_MFS_efflux_pumps|TETA,Drugs,Tetracyclines,Tetracycline resistance MFS efflux pumps,TETA,
MEG_7045|Drugs|Tetracyclines|Tetracycline_resistance_MFS_efflux_pumps|TETB,Drugs,Tetracyclines,Tetracycline resistance MFS efflux pumps,TETB,
MEG_7219|Drugs|Tetracyclines|Tetracycline_resistance_ribosomal_protection_proteins|TETW,Drugs,Tetracyclines,Tetracycline resistance ribosomal protection proteins,TETW,
MEG_6983|Drugs|Tetracyclines|Tetracycline_resistance_MFS_efflux_pumps|TET38,Drugs,Tetracyclines,Tetracycline resistance MFS efflux pumps,TET38,
MEG_7036|Drugs|Tetracyclines|Tetracycline_resistance_ABC_efflux_pumps|TETA60,Drugs,Tetracyclines,Tetracycline resistance ABC efflux pumps,TETA60,
MEG_7028|Drugs|Tetracyclines|Tetracycline_resistance_MFS_efflux_pumps|TETA,Drugs,Tetracyclines,Tetracycline resistance MFS efflux pumps,TETA,
MEG_7074|Drugs|Tetracyclines|Tetracycline_resistance_MFS_efflux_pumps|TETE,Drugs,Tetracyclines,Tetracycline resistance MFS efflux pumps,TETE,
MEG_7042|Drugs|Tetracyclines|Tetracycline_resistance_MFS_efflux_pumps|TETB,Drugs,Tetracyclines,Tetracycline resistance MFS efflux pumps,TETB,
MEG_7009|Drugs|Tetracyclines|Tetracycline_resistance_MFS_efflux_pumps|TET56,Drugs,Tetracyclines,Tetracycline resistance MFS efflux pumps,TET56,
MEG_7184|Drugs|Tetracyclines|Tetracycline_resistance_ribosomal_protection_proteins|TETQ,Drugs,Tetracyclines,Tetracycline resistance ribosomal protection proteins,TETQ,
MEG_4383|Drugs|Tetracyclines|Tetracycline_resistance_ABC_efflux_pumps|OTRC,Drugs,Tetracyclines,Tetracycline resistance ABC efflux pumps,OTRC,
MEG_10189|Drugs|Tetracyclines|Tetracycline_resistance_ABC_efflux_pumps|TETA60,Drugs,Tetracyclines,Tetracycline resistance ABC efflux pumps,TETA60,
MEG_7182|Drugs|Tetracyclines|Tetracycline_resistance_ribosomal_protection_proteins|TETQ,Drugs,Tetracyclines,Tetracycline resistance ribosomal protection proteins,TETQ,
MEG_7159|Drugs|Tetracyclines|Tetracycline_resistance_ribosomal_protection_proteins|TETO,Drugs,Tetracyclines,Tetracycline resistance ribosomal protection proteins,TETO,
MEG_7237|Drugs|Tetracyclines|Tetracycline_resistance_ribosomal_protection_proteins|TETW,Drugs,Tetracyclines,Tetracycline resistance ribosomal protection proteins,TETW,
MEG_7013|Drugs|Tetracyclines|Tetracycline_resistance_MFS_efflux_pumps|TET59,Drugs,Tetracyclines,Tetracycline resistance MFS efflux pumps,TET59,
MEG_8718|Drugs|Tetracyclines|Tetracycline_inactivation_enzymes|TETX,Drugs,Tetracyclines,Tetracycline inactivation enzymes,TETX,
MEG_11466|Drugs|Tetracyclines|Tetracycline_resistance_MFS_efflux_pumps|TETE,Drugs,Tetracyclines,Tetracycline resistance MFS efflux pumps,TETE,
MEG_7144|Drugs|Tetracyclines|Tetracycline_resistance_ribosomal_protection_proteins|TETM,Drugs,Tetracyclines,Tetracycline resistance ribosomal protection proteins,TETM,
MEG_7140|Drugs|Tetracyclines|Tetracycline_resistance_ribosomal_protection_proteins|TETM,Drugs,Tetracyclines,Tetracycline resistance ribosomal protection proteins,TETM,
MEG_7158|Drugs|Tetracyclines|Tetracycline_resistance_ribosomal_protection_proteins|TETO,Drugs,Tetracyclines,Tetracycline resistance ribosomal protection proteins,TETO,
MEG_9971|Drugs|Tetracyclines|Tetracycline_resistance_MFS_efflux_pumps|TET62,Drugs,Tetracyclines,Tetracycline resistance MFS efflux pumps,TET62,
MEG_5410|Metals|Lead_resistance|Lead_P-type_ATPase_transporter|PBRA,Metals,Lead resistance,Lead P-type ATPase transporter,PBRA,
MEG_5411|Metals|Lead_resistance|Lead_P-type_ATPase_transporter|PBRB,Metals,Lead resistance,Lead P-type ATPase transporter,PBRB,
MEG_5412|Metals|Lead_resistance|Lead_P-type_ATPase_transporter|PBRD,Metals,Lead resistance,Lead P-type ATPase transporter,PBRD,
MEG_5413|Metals|Lead_resistance|Lead_P-type_ATPase_regulator|PBRR,Metals,Lead resistance,Lead P-type ATPase regulator,PBRR,
MEG_5414|Metals|Lead_resistance|Lead_P-type_ATPase_transporter|PBRT,Metals,Lead resistance,Lead P-type ATPase transporter,PBRT,
MEG_5798|Multi-compound|Drug_and_metal_resistance|Drug_and_metal_MFS_efflux_pumps|PMRAM,Multi-compound,Drug and metal resistance,Drug and metal MFS efflux pumps,PMRAM,
MEG_5799|Multi-compound|Drug_and_metal_resistance|Drug_and_metal_MFS_efflux_pumps|PMRBM,Multi-compound,Drug and metal resistance,Drug and metal MFS efflux pumps,PMRBM,
MEG_5800|Multi-compound|Drug_and_metal_resistance|Drug_and_metal_MFS_efflux_pumps|PMRCM,Multi-compound,Drug and metal resistance,Drug and metal MFS efflux pumps,PMRCM,
MEG_5802|Multi-compound|Drug_and_metal_resistance|Drug_and_metal_MFS_efflux_pumps|PMRG,Multi-compound,Drug and metal resistance,Drug and metal MFS efflux pumps,PMRG,
MEG_6157|Drugs|Nucleosides|Streptothricin_acetyltransferase|SAT,Drugs,Nucleosides,Streptothricin acetyltransferase,SAT,
MEG_6158|Drugs|Nucleosides|Streptothricin_acetyltransferase|SAT,Drugs,Nucleosides,Streptothricin acetyltransferase,SAT,
MEG_6159|Drugs|Nucleosides|Streptothricin_acetyltransferase|SAT,Drugs,Nucleosides,Streptothricin acetyltransferase,SAT,
MEG_6160|Drugs|Nucleosides|Streptothricin_acetyltransferase|SAT,Drugs,Nucleosides,Streptothricin acetyltransferase,SAT,
MEG_6161|Drugs|Nucleosides|Streptothricin_acetyltransferase|SAT,Drugs,Nucleosides,Streptothricin acetyltransferase,SAT,
MEG_6162|Drugs|Nucleosides|Streptothricin_acetyltransferase|SAT,Drugs,Nucleosides,Streptothricin acetyltransferase,SAT,
MEG_6163|Drugs|Nucleosides|Streptothricin_acetyltransferase|SAT,Drugs,Nucleosides,Streptothricin acetyltransferase,SAT,
MEG_6164|Drugs|Nucleosides|Streptothricin_acetyltransferase|SAT,Drugs,Nucleosides,Streptothricin acetyltransferase,SAT,
MEG_6165|Drugs|Nucleosides|Streptothricin_acetyltransferase|SAT,Drugs,Nucleosides,Streptothricin acetyltransferase,SAT,
MEG_6166|Drugs|Nucleosides|Streptothricin_acetyltransferase|SAT,Drugs,Nucleosides,Streptothricin acetyltransferase,SAT,
MEG_6167|Drugs|Nucleosides|Streptothricin_acetyltransferase|SAT,Drugs,Nucleosides,Streptothricin acetyltransferase,SAT,
MEG_6168|Drugs|Nucleosides|Streptothricin_acetyltransferase|SAT,Drugs,Nucleosides,Streptothricin acetyltransferase,SAT,
MEG_6169|Drugs|Nucleosides|Streptothricin_acetyltransferase|SAT,Drugs,Nucleosides,Streptothricin acetyltransferase,SAT,
MEG_6170|Drugs|Nucleosides|Streptothricin_acetyltransferase|SAT,Drugs,Nucleosides,Streptothricin acetyltransferase,SAT,
MEG_7262|Drugs|Nucleosides|Tunicamycin_resistance_protein|TMRB,Drugs,Nucleosides,Tunicamycin resistance protein,TMRB,
MEG_6610|Drugs|Sulfonamides|Sulfonamide-resistant_dihydropteroate_synthases|SULI,Drugs,Sulfonamides,Sulfonamide-resistant dihydropteroate synthases,SULI,
MEG_6632|Drugs|Sulfonamides|Sulfonamide-resistant_dihydropteroate_synthases|SULII,Drugs,Sulfonamides,Sulfonamide-resistant dihydropteroate synthases,SULII,
MEG_6631|Drugs|Sulfonamides|Sulfonamide-resistant_dihydropteroate_synthases|SULII,Drugs,Sulfonamides,Sulfonamide-resistant dihydropteroate synthases,SULII,
MEG_6595|Drugs|Sulfonamides|Sulfonamide-resistant_dihydropteroate_synthases|SULI,Drugs,Sulfonamides,Sulfonamide-resistant dihydropteroate synthases,SULI,
MEG_6617|Drugs|Sulfonamides|Sulfonamide-resistant_dihydropteroate_synthases|SULII,Drugs,Sulfonamides,Sulfonamide-resistant dihydropteroate synthases,SULII,
MEG_6607|Drugs|Sulfonamides|Sulfonamide-resistant_dihydropteroate_synthases|SULI,Drugs,Sulfonamides,Sulfonamide-resistant dihydropteroate synthases,SULI,
MEG_6622|Drugs|Sulfonamides|Sulfonamide-resistant_dihydropteroate_synthases|SULII,Drugs,Sulfonamides,Sulfonamide-resistant dihydropteroate synthases,SULII,
MEG_6587|Drugs|Sulfonamides|Sulfonamide-resistant_dihydropteroate_synthases|SULI,Drugs,Sulfonamides,Sulfonamide-resistant dihydropteroate synthases,SULI,
MEG_6583|Drugs|Sulfonamides|Sulfonamide-resistant_dihydropteroate_synthases|SULI,Drugs,Sulfonamides,Sulfonamide-resistant dihydropteroate synthases,SULI,
MEG_6593|Drugs|Sulfonamides|Sulfonamide-resistant_dihydropteroate_synthases|SULI,Drugs,Sulfonamides,Sulfonamide-resistant dihydropteroate synthases,SULI,
MEG_6612|Drugs|Sulfonamides|Sulfonamide-resistant_dihydropteroate_synthases|SULI,Drugs,Sulfonamides,Sulfonamide-resistant dihydropteroate synthases,SULI,
MEG_6615|Drugs|Sulfonamides|Sulfonamide-resistant_dihydropteroate_synthases|SULI,Drugs,Sulfonamides,Sulfonamide-resistant dihydropteroate synthases,SULI,
MEG_6628|Drugs|Sulfonamides|Sulfonamide-resistant_dihydropteroate_synthases|SULII,Drugs,Sulfonamides,Sulfonamide-resistant dihydropteroate synthases,SULII,
MEG_6608|Drugs|Sulfonamides|Sulfonamide-resistant_dihydropteroate_synthases|SULI,Drugs,Sulfonamides,Sulfonamide-resistant dihydropteroate synthases,SULI,
MEG_6637|Drugs|Sulfonamides|Sulfonamide-resistant_dihydropteroate_synthases|SULII,Drugs,Sulfonamides,Sulfonamide-resistant dihydropteroate synthases,SULII,
MEG_6636|Drugs|Sulfonamides|Sulfonamide-resistant_dihydropteroate_synthases|SULII,Drugs,Sulfonamides,Sulfonamide-resistant dihydropteroate synthases,SULII,
MEG_6611|Drugs|Sulfonamides|Sulfonamide-resistant_dihydropteroate_synthases|SULI,Drugs,Sulfonamides,Sulfonamide-resistant dihydropteroate synthases,SULI,
MEG_6641|Drugs|Sulfonamides|Flavin_reductase|SULR,Drugs,Sulfonamides,Flavin reductase,SULR,
MEG_10141|Drugs|Sulfonamides|Sulfonamide_resistant_ECF_transporter_comonent|THFT,Drugs,Sulfonamides,Sulfonamide resistant ECF transporter comonent,THFT,
MEG_6623|Drugs|Sulfonamides|Sulfonamide-resistant_dihydropteroate_synthases|SULII,Drugs,Sulfonamides,Sulfonamide-resistant dihydropteroate synthases,SULII,
MEG_6601|Drugs|Sulfonamides|Sulfonamide-resistant_dihydropteroate_synthases|SULI,Drugs,Sulfonamides,Sulfonamide-resistant dihydropteroate synthases,SULI,
MEG_6605|Drugs|Sulfonamides|Sulfonamide-resistant_dihydropteroate_synthases|SULI,Drugs,Sulfonamides,Sulfonamide-resistant dihydropteroate synthases,SULI,
MEG_6642|Drugs|Sulfonamides|Sulfonamide_monooxygenase|SULX,Drugs,Sulfonamides,Sulfonamide monooxygenase,SULX,
MEG_6588|Drugs|Sulfonamides|Sulfonamide-resistant_dihydropteroate_synthases|SULI,Drugs,Sulfonamides,Sulfonamide-resistant dihydropteroate synthases,SULI,
MEG_6609|Drugs|Sulfonamides|Sulfonamide-resistant_dihydropteroate_synthases|SULI,Drugs,Sulfonamides,Sulfonamide-resistant dihydropteroate synthases,SULI,
MEG_6621|Drugs|Sulfonamides|Sulfonamide-resistant_dihydropteroate_synthases|SULII,Drugs,Sulfonamides,Sulfonamide-resistant dihydropteroate synthases,SULII,
MEG_6594|Drugs|Sulfonamides|Sulfonamide-resistant_dihydropteroate_synthases|SULI,Drugs,Sulfonamides,Sulfonamide-resistant dihydropteroate synthases,SULI,
MEG_6633|Drugs|Sulfonamides|Sulfonamide-resistant_dihydropteroate_synthases|SULII,Drugs,Sulfonamides,Sulfonamide-resistant dihydropteroate synthases,SULII,
MEG_6580|Drugs|Sulfonamides|Sulfonamide-resistant_dihydropteroate_synthases|SULI,Drugs,Sulfonamides,Sulfonamide-resistant dihydropteroate synthases,SULI,
MEG_6640|Drugs|Sulfonamides|Sulfonamide-resistant_dihydropteroate_synthases|SULIV,Drugs,Sulfonamides,Sulfonamide-resistant dihydropteroate synthases,SULIV,
MEG_6598|Drugs|Sulfonamides|Sulfonamide-resistant_dihydropteroate_synthases|SULI,Drugs,Sulfonamides,Sulfonamide-resistant dihydropteroate synthases,SULI,
MEG_6600|Drugs|Sulfonamides|Sulfonamide-resistant_dihydropteroate_synthases|SULI,Drugs,Sulfonamides,Sulfonamide-resistant dihydropteroate synthases,SULI,
MEG_6603|Drugs|Sulfonamides|Sulfonamide-resistant_dihydropteroate_synthases|SULI,Drugs,Sulfonamides,Sulfonamide-resistant dihydropteroate synthases,SULI,
MEG_6597|Drugs|Sulfonamides|Sulfonamide-resistant_dihydropteroate_synthases|SULI,Drugs,Sulfonamides,Sulfonamide-resistant dihydropteroate synthases,SULI,
MEG_6581|Drugs|Sulfonamides|Sulfonamide-resistant_dihydropteroate_synthases|SULI,Drugs,Sulfonamides,Sulfonamide-resistant dihydropteroate synthases,SULI,
MEG_6629|Drugs|Sulfonamides|Sulfonamide-resistant_dihydropteroate_synthases|SULII,Drugs,Sulfonamides,Sulfonamide-resistant dihydropteroate synthases,SULII,
MEG_6634|Drugs|Sulfonamides|Sulfonamide-resistant_dihydropteroate_synthases|SULII,Drugs,Sulfonamides,Sulfonamide-resistant dihydropteroate synthases,SULII,
MEG_6626|Drugs|Sulfonamides|Sulfonamide-resistant_dihydropteroate_synthases|SULII,Drugs,Sulfonamides,Sulfonamide-resistant dihydropteroate synthases,SULII,
MEG_6639|Drugs|Sulfonamides|Sulfonamide-resistant_dihydropteroate_synthases|SULIII,Drugs,Sulfonamides,Sulfonamide-resistant dihydropteroate synthases,SULIII,
MEG_6585|Drugs|Sulfonamides|Sulfonamide-resistant_dihydropteroate_synthases|SULI,Drugs,Sulfonamides,Sulfonamide-resistant dihydropteroate synthases,SULI,
MEG_6649|Drugs|Tetracenomycin|Tetracenomycin_MFS_efflux_pump|TCMA,Drugs,Tetracenomycin,Tetracenomycin MFS efflux pump,TCMA,
MEG_7323|Metals|Tungsten_Resistance|Tungsten_ABC_efflux_pumps|TUPA,Metals,Tungsten Resistance,Tungsten ABC efflux pumps,TUPA,
MEG_7324|Metals|Tungsten_Resistance|Tungsten_ABC_efflux_pumps|TUPB,Metals,Tungsten Resistance,Tungsten ABC efflux pumps,TUPB,
MEG_7325|Metals|Tungsten_Resistance|Tungsten_ABC_efflux_pumps|TUPC,Metals,Tungsten Resistance,Tungsten ABC efflux pumps,TUPC,
MEG_7804|Drugs|Mycobacterium_tuberculosis-specific_Drug|Viomycin_phosphotransferases|VPH,Drugs,Mycobacterium tuberculosis-specific Drug,Viomycin phosphotransferases,VPH,
MEG_7845|Metals|Zinc_resistance|Zinc_resistance_protein|ZEVA,Metals,Zinc resistance,Zinc resistance protein,ZEVA,
MEG_7846|Metals|Zinc_resistance|Zinc_resistance_protein|ZEVB,Metals,Zinc resistance,Zinc resistance protein,ZEVB,
MEG_7847|Metals|Zinc_resistance|Zinc_resistance_protein|ZIAA,Metals,Zinc resistance,Zinc resistance protein,ZIAA,
MEG_7848|Metals|Zinc_resistance|Zinc_resistance_regulator|ZIAR,Metals,Zinc resistance,Zinc resistance regulator,ZIAR,
MEG_7851|Metals|Zinc_resistance|Zinc_resistance_protein|ZITB,Metals,Zinc resistance,Zinc resistance protein,ZITB,
MEG_7852|Metals|Zinc_resistance|Zinc_resistance_protein|ZNEB,Metals,Zinc resistance,Zinc resistance protein,ZNEB,
MEG_7854|Metals|Zinc_resistance|Zinc_resistance_regulator|ZNTR,Metals,Zinc resistance,Zinc resistance regulator,ZNTR,
MEG_7855|Metals|Zinc_resistance|Zinc_resistance_protein|ZNUA,Metals,Zinc resistance,Zinc resistance protein,ZNUA,
MEG_7856|Metals|Zinc_resistance|Zinc_resistance_protein|ZNUA,Metals,Zinc resistance,Zinc resistance protein,ZNUA,
MEG_7857|Metals|Zinc_resistance|Zinc_resistance_protein|ZNUB,Metals,Zinc resistance,Zinc resistance protein,ZNUB,
MEG_7858|Metals|Zinc_resistance|Zinc_resistance_protein|ZNUB,Metals,Zinc resistance,Zinc resistance protein,ZNUB,
MEG_7859|Metals|Zinc_resistance|Zinc_resistance_protein|ZNUC,Metals,Zinc resistance,Zinc resistance protein,ZNUC,
MEG_7861|Metals|Zinc_resistance|Zinc_resistance_regulator|ZRAR,Metals,Zinc resistance,Zinc resistance regulator,ZRAR,
MEG_7862|Metals|Zinc_resistance|Zinc_resistance_regulator|ZRAR,Metals,Zinc resistance,Zinc resistance regulator,ZRAR,
MEG_7867|Metals|Zinc_resistance|Zinc_resistance_regulator|ZUR,Metals,Zinc resistance,Zinc resistance regulator,ZUR,
MEG_7868|Metals|Zinc_resistance|Zinc_resistance_regulator|ZUR,Metals,Zinc resistance,Zinc resistance regulator,ZUR,
MEG_8087|Biocides|Aldehyde_resistance|Aldehyde_degradation|FORMA,Biocides,Aldehyde resistance,Aldehyde degradation,FORMA,
MEG_11357|Drugs|Organoarsenicals|Arsinothricin_resistance_N-acetyltransferases|ARSN1,Drugs,Organoarsenicals,Arsinothricin resistance N-acetyltransferases,ARSN1,
MEG_11358|Drugs|Organoarsenicals|Arsinothricin_resistance_N-acetyltransferases|ARSN1,Drugs,Organoarsenicals,Arsinothricin resistance N-acetyltransferases,ARSN1,
MEG_11359|Drugs|Organoarsenicals|Arsinothricin_resistance_N-acetyltransferases|ARSN1,Drugs,Organoarsenicals,Arsinothricin resistance N-acetyltransferases,ARSN1,
MEG_11515|Drugs|Ionophores|Ionophore_ABC_efflux_pump|NARA,Drugs,Ionophores,Ionophore ABC efflux pump,NARA,
MEG_11516|Drugs|Ionophores|Ionophore_ABC_efflux_pump|NARB,Drugs,Ionophores,Ionophore ABC efflux pump,NARB,
