header,reference_nucleotide,one_based_position,variant_nucleotide
MEG_991|Drugs|Aminoglycosides|Aminoglycoside_O-nucleotidyltransferases|ANT6,T,2,A
MEG_991|Drugs|Aminoglycosides|Aminoglycoside_O-nucleotidyltransferases|ANT6,A,353,C
MEG_991|Drugs|Aminoglycosides|Aminoglycoside_O-nucleotidyltransferases|ANT6,A,355,C
MEG_991|Drugs|Aminoglycosides|Aminoglycoside_O-nucleotidyltransferases|ANT6,T,365,C
MEG_991|Drugs|Aminoglycosides|Aminoglycoside_O-nucleotidyltransferases|ANT6,G,434,C
MEG_991|Drugs|Aminoglycosides|Aminoglycoside_O-nucleotidyltransferases|ANT6,T,503,C
MEG_991|Drugs|Aminoglycosides|Aminoglycoside_O-nucleotidyltransferases|ANT6,T,542,G
MEG_991|Drugs|Aminoglycosides|Aminoglycoside_O-nucleotidyltransferases|ANT6,A,586,C
MEG_991|Drugs|Aminoglycosides|Aminoglycoside_O-nucleotidyltransferases|ANT6,G,594,T
MEG_991|Drugs|Aminoglycosides|Aminoglycoside_O-nucleotidyltransferases|ANT6,C,843,A
MEG_743|Drugs|Aminoglycosides|Aminoglycoside_O-nucleotidyltransferases|ANT2-DPRIME,G,515,A
MEG_743|Drugs|Aminoglycosides|Aminoglycoside_O-nucleotidyltransferases|ANT2-DPRIME,G,528,T
MEG_365|Drugs|Aminoglycosides|Aminoglycoside_N-acetyltransferases|AAC6-PRIME,G,298,T
MEG_365|Drugs|Aminoglycosides|Aminoglycoside_N-acetyltransferases|AAC6-PRIME,T,304,G
MEG_14|Drugs|Aminoglycosides|Aminoglycoside_N-acetyltransferases|AAC2-PRIME,G,282,T
MEG_14|Drugs|Aminoglycosides|Aminoglycoside_N-acetyltransferases|AAC2-PRIME,C,521,G
MEG_881|Drugs|Aminoglycosides|Aminoglycoside_O-nucleotidyltransferases|ANT3-DPRIME,A,68,C
MEG_367|Drugs|Aminoglycosides|Aminoglycoside_N-acetyltransferases|AAC6-PRIME,C,36,T
MEG_367|Drugs|Aminoglycosides|Aminoglycoside_N-acetyltransferases|AAC6-PRIME,A,49,G
MEG_367|Drugs|Aminoglycosides|Aminoglycoside_N-acetyltransferases|AAC6-PRIME,C,56,T
MEG_367|Drugs|Aminoglycosides|Aminoglycoside_N-acetyltransferases|AAC6-PRIME,C,178,A
MEG_367|Drugs|Aminoglycosides|Aminoglycoside_N-acetyltransferases|AAC6-PRIME,G,209,T
MEG_367|Drugs|Aminoglycosides|Aminoglycoside_N-acetyltransferases|AAC6-PRIME,T,310,G
MEG_367|Drugs|Aminoglycosides|Aminoglycoside_N-acetyltransferases|AAC6-PRIME,G,386,T
MEG_367|Drugs|Aminoglycosides|Aminoglycoside_N-acetyltransferases|AAC6-PRIME,A,455,G
MEG_367|Drugs|Aminoglycosides|Aminoglycoside_N-acetyltransferases|AAC6-PRIME,G,494,A
MEG_367|Drugs|Aminoglycosides|Aminoglycoside_N-acetyltransferases|AAC6-PRIME,T,604,G
MEG_920|Drugs|Aminoglycosides|Aminoglycoside_O-nucleotidyltransferases|ANT3-DPRIME,G,145,A
MEG_920|Drugs|Aminoglycosides|Aminoglycoside_O-nucleotidyltransferases|ANT3-DPRIME,G,193,C
MEG_920|Drugs|Aminoglycosides|Aminoglycoside_O-nucleotidyltransferases|ANT3-DPRIME,T,287,G
MEG_920|Drugs|Aminoglycosides|Aminoglycoside_O-nucleotidyltransferases|ANT3-DPRIME,G,336,T
MEG_920|Drugs|Aminoglycosides|Aminoglycoside_O-nucleotidyltransferases|ANT3-DPRIME,G,439,T
MEG_920|Drugs|Aminoglycosides|Aminoglycoside_O-nucleotidyltransferases|ANT3-DPRIME,C,466,G
MEG_920|Drugs|Aminoglycosides|Aminoglycoside_O-nucleotidyltransferases|ANT3-DPRIME,T,534,A
MEG_812|Drugs|Aminoglycosides|Aminoglycoside_O-nucleotidyltransferases|ANT3-DPRIME,A,27,T
MEG_812|Drugs|Aminoglycosides|Aminoglycoside_O-nucleotidyltransferases|ANT3-DPRIME,T,275,C
MEG_964|Drugs|Aminoglycosides|Aminoglycoside_O-nucleotidyltransferases|ANT3-DPRIME,C,54,G
MEG_964|Drugs|Aminoglycosides|Aminoglycoside_O-nucleotidyltransferases|ANT3-DPRIME,A,268,C
MEG_964|Drugs|Aminoglycosides|Aminoglycoside_O-nucleotidyltransferases|ANT3-DPRIME,T,579,G
MEG_964|Drugs|Aminoglycosides|Aminoglycoside_O-nucleotidyltransferases|ANT3-DPRIME,C,610,T
MEG_972|Drugs|Aminoglycosides|Aminoglycoside_O-nucleotidyltransferases|ANT3-DPRIME,A,30,C
MEG_972|Drugs|Aminoglycosides|Aminoglycoside_O-nucleotidyltransferases|ANT3-DPRIME,G,382,A
MEG_182|Drugs|Aminoglycosides|Aminoglycoside_N-acetyltransferases|AAC6-PRIME,C,90,G
MEG_182|Drugs|Aminoglycosides|Aminoglycoside_N-acetyltransferases|AAC6-PRIME,G,176,T
MEG_182|Drugs|Aminoglycosides|Aminoglycoside_N-acetyltransferases|AAC6-PRIME,G,372,C
MEG_182|Drugs|Aminoglycosides|Aminoglycoside_N-acetyltransferases|AAC6-PRIME,C,412,A
MEG_182|Drugs|Aminoglycosides|Aminoglycoside_N-acetyltransferases|AAC6-PRIME,C,489,G
MEG_182|Drugs|Aminoglycosides|Aminoglycoside_N-acetyltransferases|AAC6-PRIME,T,530,G
MEG_178|Drugs|Aminoglycosides|Aminoglycoside_N-acetyltransferases|AAC6-PRIME,G,3,A
MEG_178|Drugs|Aminoglycosides|Aminoglycoside_N-acetyltransferases|AAC6-PRIME,G,96,A
MEG_178|Drugs|Aminoglycosides|Aminoglycoside_N-acetyltransferases|AAC6-PRIME,A,228,C
MEG_178|Drugs|Aminoglycosides|Aminoglycoside_N-acetyltransferases|AAC6-PRIME,A,286,C
MEG_137|Drugs|Aminoglycosides|Aminoglycoside_N-acetyltransferases|AAC6-PRIME,C,61,G
MEG_137|Drugs|Aminoglycosides|Aminoglycoside_N-acetyltransferases|AAC6-PRIME,A,503,G
MEG_816|Drugs|Aminoglycosides|Aminoglycoside_O-nucleotidyltransferases|ANT3-DPRIME,T,350,G
MEG_816|Drugs|Aminoglycosides|Aminoglycoside_O-nucleotidyltransferases|ANT3-DPRIME,A,405,T
MEG_816|Drugs|Aminoglycosides|Aminoglycoside_O-nucleotidyltransferases|ANT3-DPRIME,A,415,G
MEG_816|Drugs|Aminoglycosides|Aminoglycoside_O-nucleotidyltransferases|ANT3-DPRIME,C,459,G
MEG_816|Drugs|Aminoglycosides|Aminoglycoside_O-nucleotidyltransferases|ANT3-DPRIME,G,551,T
MEG_816|Drugs|Aminoglycosides|Aminoglycoside_O-nucleotidyltransferases|ANT3-DPRIME,G,837,T
MEG_352|Drugs|Aminoglycosides|Aminoglycoside_N-acetyltransferases|AAC6-PRIME,T,423,C
MEG_352|Drugs|Aminoglycosides|Aminoglycoside_N-acetyltransferases|AAC6-PRIME,T,675,C
MEG_352|Drugs|Aminoglycosides|Aminoglycoside_N-acetyltransferases|AAC6-PRIME,T,939,A
MEG_756|Drugs|Aminoglycosides|Aminoglycoside_O-nucleotidyltransferases|ANT2-DPRIME,C,8,T
MEG_756|Drugs|Aminoglycosides|Aminoglycoside_O-nucleotidyltransferases|ANT2-DPRIME,C,126,G
MEG_756|Drugs|Aminoglycosides|Aminoglycoside_O-nucleotidyltransferases|ANT2-DPRIME,A,186,T
MEG_756|Drugs|Aminoglycosides|Aminoglycoside_O-nucleotidyltransferases|ANT2-DPRIME,G,193,T
MEG_756|Drugs|Aminoglycosides|Aminoglycoside_O-nucleotidyltransferases|ANT2-DPRIME,G,194,C
MEG_756|Drugs|Aminoglycosides|Aminoglycoside_O-nucleotidyltransferases|ANT2-DPRIME,G,223,A
MEG_756|Drugs|Aminoglycosides|Aminoglycoside_O-nucleotidyltransferases|ANT2-DPRIME,G,260,C
MEG_756|Drugs|Aminoglycosides|Aminoglycoside_O-nucleotidyltransferases|ANT2-DPRIME,G,301,T
MEG_756|Drugs|Aminoglycosides|Aminoglycoside_O-nucleotidyltransferases|ANT2-DPRIME,G,353,T
MEG_963|Drugs|Aminoglycosides|Aminoglycoside_O-nucleotidyltransferases|ANT3-DPRIME,A,111,T
MEG_963|Drugs|Aminoglycosides|Aminoglycoside_O-nucleotidyltransferases|ANT3-DPRIME,T,326,C
MEG_963|Drugs|Aminoglycosides|Aminoglycoside_O-nucleotidyltransferases|ANT3-DPRIME,A,349,G
MEG_963|Drugs|Aminoglycosides|Aminoglycoside_O-nucleotidyltransferases|ANT3-DPRIME,G,652,C
MEG_154|Drugs|Aminoglycosides|Aminoglycoside_N-acetyltransferases|AAC6-PRIME,C,100,A
MEG_154|Drugs|Aminoglycosides|Aminoglycoside_N-acetyltransferases|AAC6-PRIME,G,101,T
MEG_154|Drugs|Aminoglycosides|Aminoglycoside_N-acetyltransferases|AAC6-PRIME,T,169,A
MEG_154|Drugs|Aminoglycosides|Aminoglycoside_N-acetyltransferases|AAC6-PRIME,C,283,A
MEG_154|Drugs|Aminoglycosides|Aminoglycoside_N-acetyltransferases|AAC6-PRIME,A,428,T
MEG_1025|Drugs|Aminoglycosides|Aminoglycoside_O-phosphotransferases|APH3-DPRIME,G,24,A
MEG_1025|Drugs|Aminoglycosides|Aminoglycoside_O-phosphotransferases|APH3-DPRIME,G,125,A
MEG_265|Drugs|Aminoglycosides|Aminoglycoside_N-acetyltransferases|AAC6-PRIME,G,52,C
MEG_265|Drugs|Aminoglycosides|Aminoglycoside_N-acetyltransferases|AAC6-PRIME,A,107,G
MEG_265|Drugs|Aminoglycosides|Aminoglycoside_N-acetyltransferases|AAC6-PRIME,G,127,A
MEG_265|Drugs|Aminoglycosides|Aminoglycoside_N-acetyltransferases|AAC6-PRIME,G,216,C
MEG_265|Drugs|Aminoglycosides|Aminoglycoside_N-acetyltransferases|AAC6-PRIME,A,283,C
MEG_265|Drugs|Aminoglycosides|Aminoglycoside_N-acetyltransferases|AAC6-PRIME,T,379,A
MEG_265|Drugs|Aminoglycosides|Aminoglycoside_N-acetyltransferases|AAC6-PRIME,C,521,G
MEG_109|Drugs|Aminoglycosides|Aminoglycoside_N-acetyltransferases|AAC6-PRIME,T,59,A
MEG_109|Drugs|Aminoglycosides|Aminoglycoside_N-acetyltransferases|AAC6-PRIME,T,170,A
MEG_109|Drugs|Aminoglycosides|Aminoglycoside_N-acetyltransferases|AAC6-PRIME,A,174,G
MEG_109|Drugs|Aminoglycosides|Aminoglycoside_N-acetyltransferases|AAC6-PRIME,C,221,T
MEG_109|Drugs|Aminoglycosides|Aminoglycoside_N-acetyltransferases|AAC6-PRIME,A,236,T
MEG_109|Drugs|Aminoglycosides|Aminoglycoside_N-acetyltransferases|AAC6-PRIME,A,361,C
MEG_893|Drugs|Aminoglycosides|Aminoglycoside_O-nucleotidyltransferases|ANT3-DPRIME,A,79,G
MEG_893|Drugs|Aminoglycosides|Aminoglycoside_O-nucleotidyltransferases|ANT3-DPRIME,A,140,T
MEG_893|Drugs|Aminoglycosides|Aminoglycoside_O-nucleotidyltransferases|ANT3-DPRIME,T,149,A
MEG_893|Drugs|Aminoglycosides|Aminoglycoside_O-nucleotidyltransferases|ANT3-DPRIME,A,203,C
MEG_10165|Drugs|Aminoglycosides|Aminoglycoside_N-acetyltransferases|AAC6-PRIME,A,17,T
MEG_10165|Drugs|Aminoglycosides|Aminoglycoside_N-acetyltransferases|AAC6-PRIME,C,150,A
MEG_10165|Drugs|Aminoglycosides|Aminoglycoside_N-acetyltransferases|AAC6-PRIME,C,184,G
MEG_10165|Drugs|Aminoglycosides|Aminoglycoside_N-acetyltransferases|AAC6-PRIME,T,200,A
MEG_10165|Drugs|Aminoglycosides|Aminoglycoside_N-acetyltransferases|AAC6-PRIME,G,341,A
MEG_10165|Drugs|Aminoglycosides|Aminoglycoside_N-acetyltransferases|AAC6-PRIME,C,419,T
MEG_10165|Drugs|Aminoglycosides|Aminoglycoside_N-acetyltransferases|AAC6-PRIME,C,507,T
MEG_906|Drugs|Aminoglycosides|Aminoglycoside_O-nucleotidyltransferases|ANT3-DPRIME,C,87,T
MEG_906|Drugs|Aminoglycosides|Aminoglycoside_O-nucleotidyltransferases|ANT3-DPRIME,T,263,C
MEG_10163|Drugs|Aminoglycosides|Aminoglycoside_N-acetyltransferases|AAC6-PRIME,A,144,C
MEG_10163|Drugs|Aminoglycosides|Aminoglycoside_N-acetyltransferases|AAC6-PRIME,C,249,T
MEG_10163|Drugs|Aminoglycosides|Aminoglycoside_N-acetyltransferases|AAC6-PRIME,T,401,C
MEG_10163|Drugs|Aminoglycosides|Aminoglycoside_N-acetyltransferases|AAC6-PRIME,G,431,A
MEG_10163|Drugs|Aminoglycosides|Aminoglycoside_N-acetyltransferases|AAC6-PRIME,C,477,T
MEG_61|Drugs|Aminoglycosides|Aminoglycoside_N-acetyltransferases|AAC3,G,43,T
MEG_61|Drugs|Aminoglycosides|Aminoglycoside_N-acetyltransferases|AAC3,A,51,C
MEG_61|Drugs|Aminoglycosides|Aminoglycoside_N-acetyltransferases|AAC3,G,58,T
MEG_61|Drugs|Aminoglycosides|Aminoglycoside_N-acetyltransferases|AAC3,A,491,C
MEG_61|Drugs|Aminoglycosides|Aminoglycoside_N-acetyltransferases|AAC3,T,613,A
MEG_61|Drugs|Aminoglycosides|Aminoglycoside_N-acetyltransferases|AAC3,T,692,C
MEG_1085|Drugs|Aminoglycosides|Aminoglycoside_O-phosphotransferases|APH6,T,39,C
MEG_1085|Drugs|Aminoglycosides|Aminoglycoside_O-phosphotransferases|APH6,G,84,C
MEG_1085|Drugs|Aminoglycosides|Aminoglycoside_O-phosphotransferases|APH6,A,193,G
MEG_1085|Drugs|Aminoglycosides|Aminoglycoside_O-phosphotransferases|APH6,A,226,C
MEG_1085|Drugs|Aminoglycosides|Aminoglycoside_O-phosphotransferases|APH6,A,737,G
MEG_80|Drugs|Aminoglycosides|Aminoglycoside_N-acetyltransferases|AAC6-PRIME,G,56,T
MEG_80|Drugs|Aminoglycosides|Aminoglycoside_N-acetyltransferases|AAC6-PRIME,T,81,A
MEG_80|Drugs|Aminoglycosides|Aminoglycoside_N-acetyltransferases|AAC6-PRIME,C,85,G
MEG_80|Drugs|Aminoglycosides|Aminoglycoside_N-acetyltransferases|AAC6-PRIME,G,205,T
MEG_80|Drugs|Aminoglycosides|Aminoglycoside_N-acetyltransferases|AAC6-PRIME,G,279,T
MEG_80|Drugs|Aminoglycosides|Aminoglycoside_N-acetyltransferases|AAC6-PRIME,A,284,C
MEG_80|Drugs|Aminoglycosides|Aminoglycoside_N-acetyltransferases|AAC6-PRIME,T,307,C
MEG_80|Drugs|Aminoglycosides|Aminoglycoside_N-acetyltransferases|AAC6-PRIME,T,321,C
MEG_80|Drugs|Aminoglycosides|Aminoglycoside_N-acetyltransferases|AAC6-PRIME,T,389,A
MEG_80|Drugs|Aminoglycosides|Aminoglycoside_N-acetyltransferases|AAC6-PRIME,T,432,G
MEG_316|Drugs|Aminoglycosides|Aminoglycoside_N-acetyltransferases|AAC6-PRIME,A,621,C
MEG_316|Drugs|Aminoglycosides|Aminoglycoside_N-acetyltransferases|AAC6-PRIME,A,961,T
MEG_316|Drugs|Aminoglycosides|Aminoglycoside_N-acetyltransferases|AAC6-PRIME,A,989,T
MEG_316|Drugs|Aminoglycosides|Aminoglycoside_N-acetyltransferases|AAC6-PRIME,G,1351,C
MEG_310|Drugs|Aminoglycosides|Aminoglycoside_N-acetyltransferases|AAC6-PRIME,A,14,C
MEG_310|Drugs|Aminoglycosides|Aminoglycoside_N-acetyltransferases|AAC6-PRIME,C,20,G
MEG_310|Drugs|Aminoglycosides|Aminoglycoside_N-acetyltransferases|AAC6-PRIME,C,42,A
MEG_310|Drugs|Aminoglycosides|Aminoglycoside_N-acetyltransferases|AAC6-PRIME,G,102,T
MEG_310|Drugs|Aminoglycosides|Aminoglycoside_N-acetyltransferases|AAC6-PRIME,G,372,C
MEG_310|Drugs|Aminoglycosides|Aminoglycoside_N-acetyltransferases|AAC6-PRIME,T,438,C
MEG_310|Drugs|Aminoglycosides|Aminoglycoside_N-acetyltransferases|AAC6-PRIME,A,486,T
MEG_310|Drugs|Aminoglycosides|Aminoglycoside_N-acetyltransferases|AAC6-PRIME,C,552,T
MEG_1034|Drugs|Aminoglycosides|Aminoglycoside_O-phosphotransferases|APH3-DPRIME,G,537,C
MEG_949|Drugs|Aminoglycosides|Aminoglycoside_O-nucleotidyltransferases|ANT3-DPRIME,G,477,T
MEG_949|Drugs|Aminoglycosides|Aminoglycoside_O-nucleotidyltransferases|ANT3-DPRIME,A,498,C
MEG_949|Drugs|Aminoglycosides|Aminoglycoside_O-nucleotidyltransferases|ANT3-DPRIME,T,798,G
MEG_86|Drugs|Aminoglycosides|Aminoglycoside_N-acetyltransferases|AAC6-PRIME,T,59,A
MEG_86|Drugs|Aminoglycosides|Aminoglycoside_N-acetyltransferases|AAC6-PRIME,T,110,G
MEG_86|Drugs|Aminoglycosides|Aminoglycoside_N-acetyltransferases|AAC6-PRIME,A,158,T
MEG_86|Drugs|Aminoglycosides|Aminoglycoside_N-acetyltransferases|AAC6-PRIME,T,222,G
MEG_86|Drugs|Aminoglycosides|Aminoglycoside_N-acetyltransferases|AAC6-PRIME,C,247,G
MEG_86|Drugs|Aminoglycosides|Aminoglycoside_N-acetyltransferases|AAC6-PRIME,G,305,A
MEG_86|Drugs|Aminoglycosides|Aminoglycoside_N-acetyltransferases|AAC6-PRIME,T,325,C
MEG_86|Drugs|Aminoglycosides|Aminoglycoside_N-acetyltransferases|AAC6-PRIME,G,411,T
MEG_899|Drugs|Aminoglycosides|Aminoglycoside_O-nucleotidyltransferases|ANT3-DPRIME,A,1,T
MEG_899|Drugs|Aminoglycosides|Aminoglycoside_O-nucleotidyltransferases|ANT3-DPRIME,T,11,C
MEG_899|Drugs|Aminoglycosides|Aminoglycoside_O-nucleotidyltransferases|ANT3-DPRIME,C,148,A
MEG_899|Drugs|Aminoglycosides|Aminoglycoside_O-nucleotidyltransferases|ANT3-DPRIME,G,426,A
MEG_899|Drugs|Aminoglycosides|Aminoglycoside_O-nucleotidyltransferases|ANT3-DPRIME,G,464,T
MEG_899|Drugs|Aminoglycosides|Aminoglycoside_O-nucleotidyltransferases|ANT3-DPRIME,A,472,G
MEG_899|Drugs|Aminoglycosides|Aminoglycoside_O-nucleotidyltransferases|ANT3-DPRIME,C,629,A
MEG_294|Drugs|Aminoglycosides|Aminoglycoside_N-acetyltransferases|AAC6-PRIME,A,13,T
MEG_294|Drugs|Aminoglycosides|Aminoglycoside_N-acetyltransferases|AAC6-PRIME,G,319,C
MEG_294|Drugs|Aminoglycosides|Aminoglycoside_N-acetyltransferases|AAC6-PRIME,T,410,G
MEG_294|Drugs|Aminoglycosides|Aminoglycoside_N-acetyltransferases|AAC6-PRIME,A,430,G
MEG_294|Drugs|Aminoglycosides|Aminoglycoside_N-acetyltransferases|AAC6-PRIME,A,499,C
MEG_968|Drugs|Aminoglycosides|Aminoglycoside_O-nucleotidyltransferases|ANT3-DPRIME,C,76,A
MEG_968|Drugs|Aminoglycosides|Aminoglycoside_O-nucleotidyltransferases|ANT3-DPRIME,A,332,C
MEG_968|Drugs|Aminoglycosides|Aminoglycoside_O-nucleotidyltransferases|ANT3-DPRIME,G,427,T
MEG_968|Drugs|Aminoglycosides|Aminoglycoside_O-nucleotidyltransferases|ANT3-DPRIME,C,716,T
MEG_968|Drugs|Aminoglycosides|Aminoglycoside_O-nucleotidyltransferases|ANT3-DPRIME,G,774,C
MEG_737|Drugs|Aminoglycosides|Aminoglycoside_O-nucleotidyltransferases|ANT2-DPRIME,A,21,T
MEG_737|Drugs|Aminoglycosides|Aminoglycoside_O-nucleotidyltransferases|ANT2-DPRIME,A,33,T
MEG_737|Drugs|Aminoglycosides|Aminoglycoside_O-nucleotidyltransferases|ANT2-DPRIME,C,47,A
MEG_737|Drugs|Aminoglycosides|Aminoglycoside_O-nucleotidyltransferases|ANT2-DPRIME,C,67,A
MEG_737|Drugs|Aminoglycosides|Aminoglycoside_O-nucleotidyltransferases|ANT2-DPRIME,G,82,C
MEG_737|Drugs|Aminoglycosides|Aminoglycoside_O-nucleotidyltransferases|ANT2-DPRIME,T,206,C
MEG_737|Drugs|Aminoglycosides|Aminoglycoside_O-nucleotidyltransferases|ANT2-DPRIME,A,324,T
MEG_737|Drugs|Aminoglycosides|Aminoglycoside_O-nucleotidyltransferases|ANT2-DPRIME,C,339,A
MEG_737|Drugs|Aminoglycosides|Aminoglycoside_O-nucleotidyltransferases|ANT2-DPRIME,G,463,T
MEG_737|Drugs|Aminoglycosides|Aminoglycoside_O-nucleotidyltransferases|ANT2-DPRIME,C,470,A
MEG_32|Drugs|Aminoglycosides|Aminoglycoside_N-acetyltransferases|AAC3,T,41,A
MEG_32|Drugs|Aminoglycosides|Aminoglycoside_N-acetyltransferases|AAC3,T,74,G
MEG_32|Drugs|Aminoglycosides|Aminoglycoside_N-acetyltransferases|AAC3,A,123,T
MEG_32|Drugs|Aminoglycosides|Aminoglycoside_N-acetyltransferases|AAC3,C,185,T
MEG_32|Drugs|Aminoglycosides|Aminoglycoside_N-acetyltransferases|AAC3,C,261,G
MEG_32|Drugs|Aminoglycosides|Aminoglycoside_N-acetyltransferases|AAC3,G,436,C
MEG_32|Drugs|Aminoglycosides|Aminoglycoside_N-acetyltransferases|AAC3,C,567,T
MEG_32|Drugs|Aminoglycosides|Aminoglycoside_N-acetyltransferases|AAC3,C,684,A
MEG_32|Drugs|Aminoglycosides|Aminoglycoside_N-acetyltransferases|AAC3,G,726,C
MEG_11287|Drugs|Aminoglycosides|Aminoglycoside_N-acetyltransferases|AAC6-PRIME,A,16,T
MEG_11287|Drugs|Aminoglycosides|Aminoglycoside_N-acetyltransferases|AAC6-PRIME,A,62,C
MEG_11287|Drugs|Aminoglycosides|Aminoglycoside_N-acetyltransferases|AAC6-PRIME,C,119,T
MEG_11287|Drugs|Aminoglycosides|Aminoglycoside_N-acetyltransferases|AAC6-PRIME,T,147,A
MEG_11287|Drugs|Aminoglycosides|Aminoglycoside_N-acetyltransferases|AAC6-PRIME,A,162,T
MEG_11287|Drugs|Aminoglycosides|Aminoglycoside_N-acetyltransferases|AAC6-PRIME,T,176,G
MEG_11287|Drugs|Aminoglycosides|Aminoglycoside_N-acetyltransferases|AAC6-PRIME,A,354,C
MEG_11287|Drugs|Aminoglycosides|Aminoglycoside_N-acetyltransferases|AAC6-PRIME,A,423,G
MEG_11286|Drugs|Aminoglycosides|Aminoglycoside_N-acetyltransferases|AAC6-PRIME,A,116,G
MEG_11286|Drugs|Aminoglycosides|Aminoglycoside_N-acetyltransferases|AAC6-PRIME,A,136,C
MEG_11286|Drugs|Aminoglycosides|Aminoglycoside_N-acetyltransferases|AAC6-PRIME,T,142,C
MEG_11286|Drugs|Aminoglycosides|Aminoglycoside_N-acetyltransferases|AAC6-PRIME,T,146,A
MEG_11286|Drugs|Aminoglycosides|Aminoglycoside_N-acetyltransferases|AAC6-PRIME,G,203,T
MEG_11286|Drugs|Aminoglycosides|Aminoglycoside_N-acetyltransferases|AAC6-PRIME,A,247,T
MEG_11286|Drugs|Aminoglycosides|Aminoglycoside_N-acetyltransferases|AAC6-PRIME,A,321,G
MEG_11286|Drugs|Aminoglycosides|Aminoglycoside_N-acetyltransferases|AAC6-PRIME,T,339,A
MEG_11286|Drugs|Aminoglycosides|Aminoglycoside_N-acetyltransferases|AAC6-PRIME,G,389,C
MEG_2988|Drugs|Fosfomycin|Fosfomycin_thiol_transferases|FOSA,A,98,C
MEG_2988|Drugs|Fosfomycin|Fosfomycin_thiol_transferases|FOSA,G,128,A
MEG_2988|Drugs|Fosfomycin|Fosfomycin_thiol_transferases|FOSA,C,221,A
MEG_2988|Drugs|Fosfomycin|Fosfomycin_thiol_transferases|FOSA,A,283,C
MEG_2988|Drugs|Fosfomycin|Fosfomycin_thiol_transferases|FOSA,G,326,A
MEG_3003|Drugs|Fosfomycin|Fosfomycin_thiol_transferases|FOSA,C,7,G
MEG_3003|Drugs|Fosfomycin|Fosfomycin_thiol_transferases|FOSA,T,50,C
MEG_3003|Drugs|Fosfomycin|Fosfomycin_thiol_transferases|FOSA,C,69,A
MEG_3003|Drugs|Fosfomycin|Fosfomycin_thiol_transferases|FOSA,C,122,T
MEG_3003|Drugs|Fosfomycin|Fosfomycin_thiol_transferases|FOSA,T,123,C
MEG_3003|Drugs|Fosfomycin|Fosfomycin_thiol_transferases|FOSA,T,134,C
MEG_3003|Drugs|Fosfomycin|Fosfomycin_thiol_transferases|FOSA,T,169,C
MEG_3003|Drugs|Fosfomycin|Fosfomycin_thiol_transferases|FOSA,G,293,C
MEG_3003|Drugs|Fosfomycin|Fosfomycin_thiol_transferases|FOSA,G,310,C
MEG_3025|Drugs|Fosfomycin|Fosfomycin_thiol_transferases|FOSX,T,23,C
MEG_3025|Drugs|Fosfomycin|Fosfomycin_thiol_transferases|FOSX,T,74,A
MEG_3025|Drugs|Fosfomycin|Fosfomycin_thiol_transferases|FOSX,C,183,T
MEG_3025|Drugs|Fosfomycin|Fosfomycin_thiol_transferases|FOSX,T,200,C
MEG_3025|Drugs|Fosfomycin|Fosfomycin_thiol_transferases|FOSX,T,231,G
MEG_3025|Drugs|Fosfomycin|Fosfomycin_thiol_transferases|FOSX,G,276,C
MEG_3025|Drugs|Fosfomycin|Fosfomycin_thiol_transferases|FOSX,G,319,C
MEG_3025|Drugs|Fosfomycin|Fosfomycin_thiol_transferases|FOSX,C,394,G
MEG_3015|Drugs|Fosfomycin|Fosfomycin_thiol_transferases|FOSB,T,317,A
MEG_3015|Drugs|Fosfomycin|Fosfomycin_thiol_transferases|FOSB,T,408,G
MEG_2975|Drugs|Fosfomycin|Fosfomycin_phosphorylation|FOMB,C,39,T
MEG_2975|Drugs|Fosfomycin|Fosfomycin_phosphorylation|FOMB,G,402,T
MEG_2975|Drugs|Fosfomycin|Fosfomycin_phosphorylation|FOMB,G,499,C
MEG_2975|Drugs|Fosfomycin|Fosfomycin_phosphorylation|FOMB,C,555,T
MEG_2975|Drugs|Fosfomycin|Fosfomycin_phosphorylation|FOMB,G,655,T
MEG_2975|Drugs|Fosfomycin|Fosfomycin_phosphorylation|FOMB,G,745,A
MEG_2975|Drugs|Fosfomycin|Fosfomycin_phosphorylation|FOMB,C,813,A
MEG_2999|Drugs|Fosfomycin|Fosfomycin_thiol_transferases|FOSA,T,115,G
MEG_2999|Drugs|Fosfomycin|Fosfomycin_thiol_transferases|FOSA,G,127,A
MEG_2999|Drugs|Fosfomycin|Fosfomycin_thiol_transferases|FOSA,C,171,A
MEG_2999|Drugs|Fosfomycin|Fosfomycin_thiol_transferases|FOSA,G,253,A
MEG_2999|Drugs|Fosfomycin|Fosfomycin_thiol_transferases|FOSA,G,263,A
MEG_2999|Drugs|Fosfomycin|Fosfomycin_thiol_transferases|FOSA,G,282,C
MEG_2999|Drugs|Fosfomycin|Fosfomycin_thiol_transferases|FOSA,C,379,A
MEG_2999|Drugs|Fosfomycin|Fosfomycin_thiol_transferases|FOSA,C,422,A
MEG_2983|Drugs|Fosfomycin|Fosfomycin_thiol_transferases|FOSA,T,99,G
MEG_11241|Drugs|Fosfomycin|Fosfomycin_thiol_transferases|FOSA,G,8,C
MEG_11241|Drugs|Fosfomycin|Fosfomycin_thiol_transferases|FOSA,T,9,G
MEG_11241|Drugs|Fosfomycin|Fosfomycin_thiol_transferases|FOSA,G,138,T
MEG_11241|Drugs|Fosfomycin|Fosfomycin_thiol_transferases|FOSA,G,279,T
MEG_11241|Drugs|Fosfomycin|Fosfomycin_thiol_transferases|FOSA,T,281,C
MEG_11241|Drugs|Fosfomycin|Fosfomycin_thiol_transferases|FOSA,T,368,C
MEG_11241|Drugs|Fosfomycin|Fosfomycin_thiol_transferases|FOSA,C,372,T
MEG_11241|Drugs|Fosfomycin|Fosfomycin_thiol_transferases|FOSA,T,393,A
MEG_8092|Drugs|Fosfomycin|Fosfomycin_thiol_transferases|FOSM,A,87,C
MEG_8092|Drugs|Fosfomycin|Fosfomycin_thiol_transferases|FOSM,C,110,A
MEG_8092|Drugs|Fosfomycin|Fosfomycin_thiol_transferases|FOSM,T,146,C
MEG_8092|Drugs|Fosfomycin|Fosfomycin_thiol_transferases|FOSM,C,204,G
MEG_8092|Drugs|Fosfomycin|Fosfomycin_thiol_transferases|FOSM,T,228,A
MEG_11249|Drugs|Fosfomycin|Fosfomycin_thiol_transferases|FOSU,A,104,G
MEG_11249|Drugs|Fosfomycin|Fosfomycin_thiol_transferases|FOSU,T,255,C
MEG_11249|Drugs|Fosfomycin|Fosfomycin_thiol_transferases|FOSU,T,298,A
MEG_11249|Drugs|Fosfomycin|Fosfomycin_thiol_transferases|FOSU,T,373,A
MEG_11249|Drugs|Fosfomycin|Fosfomycin_thiol_transferases|FOSU,A,375,T
MEG_11249|Drugs|Fosfomycin|Fosfomycin_thiol_transferases|FOSU,T,382,G
MEG_3011|Drugs|Fosfomycin|Fosfomycin_thiol_transferases|FOSB,A,152,G
MEG_3011|Drugs|Fosfomycin|Fosfomycin_thiol_transferases|FOSB,C,166,T
MEG_3011|Drugs|Fosfomycin|Fosfomycin_thiol_transferases|FOSB,A,204,G
MEG_3011|Drugs|Fosfomycin|Fosfomycin_thiol_transferases|FOSB,G,229,C
MEG_3011|Drugs|Fosfomycin|Fosfomycin_thiol_transferases|FOSB,A,284,C
MEG_3011|Drugs|Fosfomycin|Fosfomycin_thiol_transferases|FOSB,T,379,A
MEG_3011|Drugs|Fosfomycin|Fosfomycin_thiol_transferases|FOSB,A,383,C
MEG_3002|Drugs|Fosfomycin|Fosfomycin_thiol_transferases|FOSA,G,78,C
MEG_3002|Drugs|Fosfomycin|Fosfomycin_thiol_transferases|FOSA,C,96,A
MEG_3002|Drugs|Fosfomycin|Fosfomycin_thiol_transferases|FOSA,G,130,C
MEG_3002|Drugs|Fosfomycin|Fosfomycin_thiol_transferases|FOSA,A,235,G
MEG_3002|Drugs|Fosfomycin|Fosfomycin_thiol_transferases|FOSA,C,328,T
MEG_3027|Drugs|Fosfomycin|Fosfomycin_thiol_transferases|FOSX,G,208,T
MEG_3027|Drugs|Fosfomycin|Fosfomycin_thiol_transferases|FOSX,T,346,G
MEG_2992|Drugs|Fosfomycin|Fosfomycin_thiol_transferases|FOSA,T,15,A
MEG_2992|Drugs|Fosfomycin|Fosfomycin_thiol_transferases|FOSA,T,105,A
MEG_2992|Drugs|Fosfomycin|Fosfomycin_thiol_transferases|FOSA,A,127,T
MEG_3018|Drugs|Fosfomycin|Fosfomycin_thiol_transferases|FOSD,A,46,T
MEG_3018|Drugs|Fosfomycin|Fosfomycin_thiol_transferases|FOSD,C,132,G
MEG_3018|Drugs|Fosfomycin|Fosfomycin_thiol_transferases|FOSD,G,287,C
MEG_3018|Drugs|Fosfomycin|Fosfomycin_thiol_transferases|FOSD,A,302,T
MEG_3018|Drugs|Fosfomycin|Fosfomycin_thiol_transferases|FOSD,T,317,C
MEG_3018|Drugs|Fosfomycin|Fosfomycin_thiol_transferases|FOSD,C,349,G
MEG_3018|Drugs|Fosfomycin|Fosfomycin_thiol_transferases|FOSD,T,369,C
MEG_3018|Drugs|Fosfomycin|Fosfomycin_thiol_transferases|FOSD,A,380,G
MEG_3018|Drugs|Fosfomycin|Fosfomycin_thiol_transferases|FOSD,A,403,G
MEG_11313|Drugs|Fosfomycin|Fosfomycin_thiol_transferases|FOSX,T,66,A
MEG_11313|Drugs|Fosfomycin|Fosfomycin_thiol_transferases|FOSX,T,76,G
MEG_11313|Drugs|Fosfomycin|Fosfomycin_thiol_transferases|FOSX,A,80,G
MEG_11313|Drugs|Fosfomycin|Fosfomycin_thiol_transferases|FOSX,A,91,T
MEG_11313|Drugs|Fosfomycin|Fosfomycin_thiol_transferases|FOSX,A,121,G
MEG_11313|Drugs|Fosfomycin|Fosfomycin_thiol_transferases|FOSX,T,167,A
MEG_11313|Drugs|Fosfomycin|Fosfomycin_thiol_transferases|FOSX,A,184,T
MEG_11313|Drugs|Fosfomycin|Fosfomycin_thiol_transferases|FOSX,G,240,A
MEG_11313|Drugs|Fosfomycin|Fosfomycin_thiol_transferases|FOSX,T,319,A
MEG_2989|Drugs|Fosfomycin|Fosfomycin_thiol_transferases|FOSA,C,118,T
MEG_2989|Drugs|Fosfomycin|Fosfomycin_thiol_transferases|FOSA,T,169,G
MEG_2989|Drugs|Fosfomycin|Fosfomycin_thiol_transferases|FOSA,G,229,T
MEG_2989|Drugs|Fosfomycin|Fosfomycin_thiol_transferases|FOSA,T,382,G
MEG_2989|Drugs|Fosfomycin|Fosfomycin_thiol_transferases|FOSA,G,396,C
MEG_8090|Drugs|Fosfomycin|Fosfomycin_thiol_transferases|FOSL,C,41,A
MEG_8090|Drugs|Fosfomycin|Fosfomycin_thiol_transferases|FOSL,T,159,G
MEG_8090|Drugs|Fosfomycin|Fosfomycin_thiol_transferases|FOSL,T,309,A
MEG_2994|Drugs|Fosfomycin|Fosfomycin_thiol_transferases|FOSA,T,378,G
MEG_2986|Drugs|Fosfomycin|Fosfomycin_thiol_transferases|FOSA,A,278,T
MEG_11243|Drugs|Fosfomycin|Fosfomycin_thiol_transferases|FOSA,A,17,T
MEG_11243|Drugs|Fosfomycin|Fosfomycin_thiol_transferases|FOSA,G,38,A
MEG_11243|Drugs|Fosfomycin|Fosfomycin_thiol_transferases|FOSA,T,39,A
MEG_11243|Drugs|Fosfomycin|Fosfomycin_thiol_transferases|FOSA,G,53,T
MEG_11243|Drugs|Fosfomycin|Fosfomycin_thiol_transferases|FOSA,C,54,T
MEG_11243|Drugs|Fosfomycin|Fosfomycin_thiol_transferases|FOSA,T,77,G
MEG_11243|Drugs|Fosfomycin|Fosfomycin_thiol_transferases|FOSA,C,113,T
MEG_11243|Drugs|Fosfomycin|Fosfomycin_thiol_transferases|FOSA,A,294,T
MEG_11243|Drugs|Fosfomycin|Fosfomycin_thiol_transferases|FOSA,T,311,G
MEG_3010|Drugs|Fosfomycin|Fosfomycin_thiol_transferases|FOSB,A,55,G
MEG_3010|Drugs|Fosfomycin|Fosfomycin_thiol_transferases|FOSB,G,133,C
MEG_3010|Drugs|Fosfomycin|Fosfomycin_thiol_transferases|FOSB,A,279,C
MEG_3010|Drugs|Fosfomycin|Fosfomycin_thiol_transferases|FOSB,T,307,C
MEG_3010|Drugs|Fosfomycin|Fosfomycin_thiol_transferases|FOSB,A,312,T
MEG_3010|Drugs|Fosfomycin|Fosfomycin_thiol_transferases|FOSB,C,325,A
MEG_3010|Drugs|Fosfomycin|Fosfomycin_thiol_transferases|FOSB,G,343,T
MEG_2997|Drugs|Fosfomycin|Fosfomycin_thiol_transferases|FOSA,A,88,C
MEG_2997|Drugs|Fosfomycin|Fosfomycin_thiol_transferases|FOSA,A,156,T
MEG_2997|Drugs|Fosfomycin|Fosfomycin_thiol_transferases|FOSA,G,208,C
MEG_2997|Drugs|Fosfomycin|Fosfomycin_thiol_transferases|FOSA,G,465,A
MEG_2997|Drugs|Fosfomycin|Fosfomycin_thiol_transferases|FOSA,A,483,C
MEG_2997|Drugs|Fosfomycin|Fosfomycin_thiol_transferases|FOSA,T,485,C
MEG_2997|Drugs|Fosfomycin|Fosfomycin_thiol_transferases|FOSA,A,513,G
MEG_2997|Drugs|Fosfomycin|Fosfomycin_thiol_transferases|FOSA,T,532,C
MEG_2997|Drugs|Fosfomycin|Fosfomycin_thiol_transferases|FOSA,G,539,C
MEG_3006|Drugs|Fosfomycin|Fosfomycin_thiol_transferases|FOSB,T,54,C
MEG_3006|Drugs|Fosfomycin|Fosfomycin_thiol_transferases|FOSB,C,203,A
MEG_3006|Drugs|Fosfomycin|Fosfomycin_thiol_transferases|FOSB,A,265,T
MEG_3006|Drugs|Fosfomycin|Fosfomycin_thiol_transferases|FOSB,G,277,T
MEG_3006|Drugs|Fosfomycin|Fosfomycin_thiol_transferases|FOSB,C,369,T
MEG_3004|Drugs|Fosfomycin|Fosfomycin_thiol_transferases|FOSB,T,88,A
MEG_3004|Drugs|Fosfomycin|Fosfomycin_thiol_transferases|FOSB,A,249,T
MEG_11242|Drugs|Fosfomycin|Fosfomycin_thiol_transferases|FOSA,T,6,G
MEG_11242|Drugs|Fosfomycin|Fosfomycin_thiol_transferases|FOSA,A,52,G
MEG_11242|Drugs|Fosfomycin|Fosfomycin_thiol_transferases|FOSA,A,71,G
MEG_11242|Drugs|Fosfomycin|Fosfomycin_thiol_transferases|FOSA,G,79,T
MEG_11242|Drugs|Fosfomycin|Fosfomycin_thiol_transferases|FOSA,C,85,A
MEG_11242|Drugs|Fosfomycin|Fosfomycin_thiol_transferases|FOSA,C,117,T
MEG_11242|Drugs|Fosfomycin|Fosfomycin_thiol_transferases|FOSA,A,227,T
MEG_11242|Drugs|Fosfomycin|Fosfomycin_thiol_transferases|FOSA,G,397,T
MEG_11242|Drugs|Fosfomycin|Fosfomycin_thiol_transferases|FOSA,A,399,T
MEG_11242|Drugs|Fosfomycin|Fosfomycin_thiol_transferases|FOSA,A,420,T
MEG_3000|Drugs|Fosfomycin|Fosfomycin_thiol_transferases|FOSA,A,126,T
MEG_3000|Drugs|Fosfomycin|Fosfomycin_thiol_transferases|FOSA,T,129,A
MEG_3000|Drugs|Fosfomycin|Fosfomycin_thiol_transferases|FOSA,C,183,A
MEG_3000|Drugs|Fosfomycin|Fosfomycin_thiol_transferases|FOSA,G,187,A
MEG_3000|Drugs|Fosfomycin|Fosfomycin_thiol_transferases|FOSA,C,201,T
MEG_3000|Drugs|Fosfomycin|Fosfomycin_thiol_transferases|FOSA,T,214,G
MEG_3000|Drugs|Fosfomycin|Fosfomycin_thiol_transferases|FOSA,C,232,G
MEG_3000|Drugs|Fosfomycin|Fosfomycin_thiol_transferases|FOSA,T,286,G
MEG_3000|Drugs|Fosfomycin|Fosfomycin_thiol_transferases|FOSA,G,311,A
MEG_3000|Drugs|Fosfomycin|Fosfomycin_thiol_transferases|FOSA,G,383,T
MEG_11312|Drugs|Fosfomycin|Fosfomycin_thiol_transferases|FOSA,T,183,C
MEG_11312|Drugs|Fosfomycin|Fosfomycin_thiol_transferases|FOSA,T,255,G
MEG_11312|Drugs|Fosfomycin|Fosfomycin_thiol_transferases|FOSA,A,359,T
MEG_3014|Drugs|Fosfomycin|Fosfomycin_thiol_transferases|FOSB,T,247,A
MEG_3014|Drugs|Fosfomycin|Fosfomycin_thiol_transferases|FOSB,T,293,G
MEG_3014|Drugs|Fosfomycin|Fosfomycin_thiol_transferases|FOSB,A,338,T
MEG_3019|Drugs|Fosfomycin|Fosfomycin_thiol_transferases|FOSE,T,381,G
MEG_3017|Drugs|Fosfomycin|Fosfomycin_thiol_transferases|FOSC,C,300,A
MEG_3017|Drugs|Fosfomycin|Fosfomycin_thiol_transferases|FOSC,A,308,G
MEG_3017|Drugs|Fosfomycin|Fosfomycin_thiol_transferases|FOSC,T,338,C
MEG_3017|Drugs|Fosfomycin|Fosfomycin_thiol_transferases|FOSC,G,390,C
MEG_3017|Drugs|Fosfomycin|Fosfomycin_thiol_transferases|FOSC,G,527,A
MEG_11244|Drugs|Fosfomycin|Fosfomycin_thiol_transferases|FOSA,T,23,C
MEG_11244|Drugs|Fosfomycin|Fosfomycin_thiol_transferases|FOSA,C,26,T
MEG_11244|Drugs|Fosfomycin|Fosfomycin_thiol_transferases|FOSA,A,71,G
MEG_11244|Drugs|Fosfomycin|Fosfomycin_thiol_transferases|FOSA,C,113,T
MEG_11244|Drugs|Fosfomycin|Fosfomycin_thiol_transferases|FOSA,T,114,C
MEG_11244|Drugs|Fosfomycin|Fosfomycin_thiol_transferases|FOSA,A,200,G
MEG_11244|Drugs|Fosfomycin|Fosfomycin_thiol_transferases|FOSA,G,297,T
MEG_11244|Drugs|Fosfomycin|Fosfomycin_thiol_transferases|FOSA,C,379,T
MEG_11247|Drugs|Fosfomycin|Fosfomycin_thiol_transferases|FOSA,G,81,C
MEG_11247|Drugs|Fosfomycin|Fosfomycin_thiol_transferases|FOSA,T,136,C
MEG_11247|Drugs|Fosfomycin|Fosfomycin_thiol_transferases|FOSA,C,195,A
MEG_11247|Drugs|Fosfomycin|Fosfomycin_thiol_transferases|FOSA,A,317,G
MEG_11247|Drugs|Fosfomycin|Fosfomycin_thiol_transferases|FOSA,T,347,C
MEG_2982|Drugs|Fosfomycin|Fosfomycin_thiol_transferases|FOSA,C,8,T
MEG_2982|Drugs|Fosfomycin|Fosfomycin_thiol_transferases|FOSA,G,48,A
MEG_2982|Drugs|Fosfomycin|Fosfomycin_thiol_transferases|FOSA,T,65,A
MEG_2982|Drugs|Fosfomycin|Fosfomycin_thiol_transferases|FOSA,C,91,A
MEG_2982|Drugs|Fosfomycin|Fosfomycin_thiol_transferases|FOSA,A,179,T
MEG_2982|Drugs|Fosfomycin|Fosfomycin_thiol_transferases|FOSA,G,263,A
MEG_2982|Drugs|Fosfomycin|Fosfomycin_thiol_transferases|FOSA,G,288,C
MEG_2982|Drugs|Fosfomycin|Fosfomycin_thiol_transferases|FOSA,T,336,A
MEG_2982|Drugs|Fosfomycin|Fosfomycin_thiol_transferases|FOSA,C,346,A
MEG_370|Drugs|Fosfomycin|Fosfomycin_MFS_efflux_pump|ABAQ,T,200,G
MEG_370|Drugs|Fosfomycin|Fosfomycin_MFS_efflux_pump|ABAQ,C,248,T
MEG_8093|Drugs|Fosfomycin|Fosfomycin_thiol_transferases|FOSM,G,264,T
MEG_8093|Drugs|Fosfomycin|Fosfomycin_thiol_transferases|FOSM,C,357,A
MEG_8093|Drugs|Fosfomycin|Fosfomycin_thiol_transferases|FOSM,G,411,T
MEG_3028|Drugs|Fosfomycin|Fosfomycin_thiol_transferases|FOSX,G,156,C
MEG_3028|Drugs|Fosfomycin|Fosfomycin_thiol_transferases|FOSX,G,311,C
MEG_2990|Drugs|Fosfomycin|Fosfomycin_thiol_transferases|FOSA,G,85,A
MEG_2990|Drugs|Fosfomycin|Fosfomycin_thiol_transferases|FOSA,C,184,A
MEG_2990|Drugs|Fosfomycin|Fosfomycin_thiol_transferases|FOSA,T,217,C
MEG_2974|Drugs|Fosfomycin|Fosfomycin_phosphorylation|FOMB,G,403,A
MEG_2993|Drugs|Fosfomycin|Fosfomycin_thiol_transferases|FOSA,C,21,A
MEG_2993|Drugs|Fosfomycin|Fosfomycin_thiol_transferases|FOSA,T,35,C
MEG_2993|Drugs|Fosfomycin|Fosfomycin_thiol_transferases|FOSA,A,172,G
MEG_2993|Drugs|Fosfomycin|Fosfomycin_thiol_transferases|FOSA,G,270,C
MEG_2993|Drugs|Fosfomycin|Fosfomycin_thiol_transferases|FOSA,C,367,A
MEG_7687|Drugs|Multi-drug_resistance|Multi-drug_ABC_efflux_pumps|VGA,T,161,G
MEG_7687|Drugs|Multi-drug_resistance|Multi-drug_ABC_efflux_pumps|VGA,A,330,C
MEG_7687|Drugs|Multi-drug_resistance|Multi-drug_ABC_efflux_pumps|VGA,A,332,G
MEG_7687|Drugs|Multi-drug_resistance|Multi-drug_ABC_efflux_pumps|VGA,T,791,A
MEG_7687|Drugs|Multi-drug_resistance|Multi-drug_ABC_efflux_pumps|VGA,A,805,G
MEG_7687|Drugs|Multi-drug_resistance|Multi-drug_ABC_efflux_pumps|VGA,T,988,C
MEG_7687|Drugs|Multi-drug_resistance|Multi-drug_ABC_efflux_pumps|VGA,C,989,A
MEG_7687|Drugs|Multi-drug_resistance|Multi-drug_ABC_efflux_pumps|VGA,A,1061,G
MEG_7687|Drugs|Multi-drug_resistance|Multi-drug_ABC_efflux_pumps|VGA,A,1082,T
MEG_7687|Drugs|Multi-drug_resistance|Multi-drug_ABC_efflux_pumps|VGA,G,1349,C
MEG_3597|Drugs|Multi-drug_resistance|Multi-drug_ABC_efflux_pumps|LMRD,A,27,T
MEG_3597|Drugs|Multi-drug_resistance|Multi-drug_ABC_efflux_pumps|LMRD,A,244,G
MEG_3597|Drugs|Multi-drug_resistance|Multi-drug_ABC_efflux_pumps|LMRD,C,637,G
MEG_3597|Drugs|Multi-drug_resistance|Multi-drug_ABC_efflux_pumps|LMRD,T,995,A
MEG_3597|Drugs|Multi-drug_resistance|Multi-drug_ABC_efflux_pumps|LMRD,G,1809,T
MEG_3597|Drugs|Multi-drug_resistance|Multi-drug_ABC_efflux_pumps|LMRD,A,1814,T
MEG_3597|Drugs|Multi-drug_resistance|Multi-drug_ABC_efflux_pumps|LMRD,G,1922,T
MEG_1727|Drugs|Multi-drug_resistance|MDR_23S_ribosomal_RNA_methyltransferase|CLBB,C,39,T
MEG_1727|Drugs|Multi-drug_resistance|MDR_23S_ribosomal_RNA_methyltransferase|CLBB,G,656,A
MEG_1727|Drugs|Multi-drug_resistance|MDR_23S_ribosomal_RNA_methyltransferase|CLBB,A,782,T
MEG_11472|Drugs|Multi-drug_resistance|Multi-drug_RND_efflux_pumps|MEXC1,G,93,T
MEG_11472|Drugs|Multi-drug_resistance|Multi-drug_RND_efflux_pumps|MEXC1,T,122,A
MEG_11472|Drugs|Multi-drug_resistance|Multi-drug_RND_efflux_pumps|MEXC1,G,141,T
MEG_11472|Drugs|Multi-drug_resistance|Multi-drug_RND_efflux_pumps|MEXC1,G,343,A
MEG_8689|Drugs|Multi-drug_resistance|Multi-drug_ABC_efflux_pumps|SALC,T,196,G
MEG_8689|Drugs|Multi-drug_resistance|Multi-drug_ABC_efflux_pumps|SALC,A,258,T
MEG_8689|Drugs|Multi-drug_resistance|Multi-drug_ABC_efflux_pumps|SALC,T,423,A
MEG_8689|Drugs|Multi-drug_resistance|Multi-drug_ABC_efflux_pumps|SALC,G,445,T
MEG_8689|Drugs|Multi-drug_resistance|Multi-drug_ABC_efflux_pumps|SALC,A,1149,T
MEG_8689|Drugs|Multi-drug_resistance|Multi-drug_ABC_efflux_pumps|SALC,G,1282,T
MEG_8689|Drugs|Multi-drug_resistance|Multi-drug_ABC_efflux_pumps|SALC,A,1367,C
MEG_1116|Drugs|Multi-drug_resistance|MDR_regulator|ARLR,T,169,A
MEG_1116|Drugs|Multi-drug_resistance|MDR_regulator|ARLR,G,340,C
MEG_1116|Drugs|Multi-drug_resistance|MDR_regulator|ARLR,A,414,G
MEG_1116|Drugs|Multi-drug_resistance|MDR_regulator|ARLR,T,459,A
MEG_1116|Drugs|Multi-drug_resistance|MDR_regulator|ARLR,A,504,G
MEG_2731|Drugs|Multi-drug_resistance|Multi-drug_SMR_efflux_regulator|EMRE,A,55,G
MEG_2731|Drugs|Multi-drug_resistance|Multi-drug_SMR_efflux_regulator|EMRE,T,143,G
MEG_2731|Drugs|Multi-drug_resistance|Multi-drug_SMR_efflux_regulator|EMRE,T,167,G
MEG_10191|Drugs|Multi-drug_resistance|Multi-drug_ABC_efflux_pumps|SALD,G,228,C
MEG_10191|Drugs|Multi-drug_resistance|Multi-drug_ABC_efflux_pumps|SALD,A,555,T
MEG_10191|Drugs|Multi-drug_resistance|Multi-drug_ABC_efflux_pumps|SALD,T,642,G
MEG_10191|Drugs|Multi-drug_resistance|Multi-drug_ABC_efflux_pumps|SALD,T,1023,G
MEG_10191|Drugs|Multi-drug_resistance|Multi-drug_ABC_efflux_pumps|SALD,T,1053,C
MEG_10191|Drugs|Multi-drug_resistance|Multi-drug_ABC_efflux_pumps|SALD,G,1189,A
MEG_10191|Drugs|Multi-drug_resistance|Multi-drug_ABC_efflux_pumps|SALD,A,1245,T
MEG_10191|Drugs|Multi-drug_resistance|Multi-drug_ABC_efflux_pumps|SALD,A,1268,C
MEG_10191|Drugs|Multi-drug_resistance|Multi-drug_ABC_efflux_pumps|SALD,T,1365,A
MEG_10191|Drugs|Multi-drug_resistance|Multi-drug_ABC_efflux_pumps|SALD,C,1550,A
MEG_3271|Drugs|Multi-drug_resistance|Multi-drug_RND_efflux_pumps|HNS,A,9,T
MEG_3271|Drugs|Multi-drug_resistance|Multi-drug_RND_efflux_pumps|HNS,A,64,C
MEG_3271|Drugs|Multi-drug_resistance|Multi-drug_RND_efflux_pumps|HNS,G,75,A
MEG_3271|Drugs|Multi-drug_resistance|Multi-drug_RND_efflux_pumps|HNS,G,151,C
MEG_3271|Drugs|Multi-drug_resistance|Multi-drug_RND_efflux_pumps|HNS,G,206,T
MEG_3271|Drugs|Multi-drug_resistance|Multi-drug_RND_efflux_pumps|HNS,A,221,T
MEG_3271|Drugs|Multi-drug_resistance|Multi-drug_RND_efflux_pumps|HNS,C,294,G
MEG_3271|Drugs|Multi-drug_resistance|Multi-drug_RND_efflux_pumps|HNS,C,346,T
MEG_3271|Drugs|Multi-drug_resistance|Multi-drug_RND_efflux_pumps|HNS,A,348,G
MEG_3271|Drugs|Multi-drug_resistance|Multi-drug_RND_efflux_pumps|HNS,A,358,T
MEG_11308|Drugs|Multi-drug_resistance|Multi-drug_SMR_efflux_regulator|EMRE,A,58,G
MEG_11308|Drugs|Multi-drug_resistance|Multi-drug_SMR_efflux_regulator|EMRE,A,79,C
MEG_11308|Drugs|Multi-drug_resistance|Multi-drug_SMR_efflux_regulator|EMRE,G,102,C
MEG_11308|Drugs|Multi-drug_resistance|Multi-drug_SMR_efflux_regulator|EMRE,A,236,G
MEG_11308|Drugs|Multi-drug_resistance|Multi-drug_SMR_efflux_regulator|EMRE,T,245,A
MEG_11308|Drugs|Multi-drug_resistance|Multi-drug_SMR_efflux_regulator|EMRE,T,267,C
MEG_11308|Drugs|Multi-drug_resistance|Multi-drug_SMR_efflux_regulator|EMRE,G,307,A
MEG_11308|Drugs|Multi-drug_resistance|Multi-drug_SMR_efflux_regulator|EMRE,T,314,G
MEG_8638|Drugs|Multi-drug_resistance|Multi-drug_ABC_efflux_pumps|POXT,A,372,T
MEG_8638|Drugs|Multi-drug_resistance|Multi-drug_ABC_efflux_pumps|POXT,A,672,C
MEG_8638|Drugs|Multi-drug_resistance|Multi-drug_ABC_efflux_pumps|POXT,T,712,A
MEG_8638|Drugs|Multi-drug_resistance|Multi-drug_ABC_efflux_pumps|POXT,A,788,G
MEG_8638|Drugs|Multi-drug_resistance|Multi-drug_ABC_efflux_pumps|POXT,T,818,G
MEG_8638|Drugs|Multi-drug_resistance|Multi-drug_ABC_efflux_pumps|POXT,T,1156,C
MEG_8638|Drugs|Multi-drug_resistance|Multi-drug_ABC_efflux_pumps|POXT,T,1493,C
MEG_4102|Drugs|Multi-drug_resistance|Multi-drug_RND_efflux_pumps|MUXC,C,90,A
MEG_4102|Drugs|Multi-drug_resistance|Multi-drug_RND_efflux_pumps|MUXC,C,476,A
MEG_4102|Drugs|Multi-drug_resistance|Multi-drug_RND_efflux_pumps|MUXC,C,480,A
MEG_4102|Drugs|Multi-drug_resistance|Multi-drug_RND_efflux_pumps|MUXC,C,878,A
MEG_4102|Drugs|Multi-drug_resistance|Multi-drug_RND_efflux_pumps|MUXC,G,1926,A
MEG_4102|Drugs|Multi-drug_resistance|Multi-drug_RND_efflux_pumps|MUXC,G,2310,A
MEG_4102|Drugs|Multi-drug_resistance|Multi-drug_RND_efflux_pumps|MUXC,C,2689,G
MEG_4102|Drugs|Multi-drug_resistance|Multi-drug_RND_efflux_pumps|MUXC,G,2802,C
MEG_4317|Drugs|Multi-drug_resistance|Multi-drug_ABC_efflux_pumps|OPTRA,T,427,G
MEG_2670|Drugs|Multi-drug_resistance|Multi-drug_ABC_efflux_pumps|DRRA,T,71,C
MEG_2670|Drugs|Multi-drug_resistance|Multi-drug_ABC_efflux_pumps|DRRA,A,77,T
MEG_2670|Drugs|Multi-drug_resistance|Multi-drug_ABC_efflux_pumps|DRRA,G,196,T
MEG_2670|Drugs|Multi-drug_resistance|Multi-drug_ABC_efflux_pumps|DRRA,G,300,T
MEG_2670|Drugs|Multi-drug_resistance|Multi-drug_ABC_efflux_pumps|DRRA,G,451,T
MEG_2670|Drugs|Multi-drug_resistance|Multi-drug_ABC_efflux_pumps|DRRA,T,548,G
MEG_2670|Drugs|Multi-drug_resistance|Multi-drug_ABC_efflux_pumps|DRRA,G,583,C
MEG_2670|Drugs|Multi-drug_resistance|Multi-drug_ABC_efflux_pumps|DRRA,T,632,G
MEG_2670|Drugs|Multi-drug_resistance|Multi-drug_ABC_efflux_pumps|DRRA,C,797,A
MEG_2670|Drugs|Multi-drug_resistance|Multi-drug_ABC_efflux_pumps|DRRA,G,876,A
MEG_4321|Drugs|Multi-drug_resistance|Multi-drug_ABC_efflux_pumps|OPTRA,C,14,A
MEG_4321|Drugs|Multi-drug_resistance|Multi-drug_ABC_efflux_pumps|OPTRA,T,23,C
MEG_4321|Drugs|Multi-drug_resistance|Multi-drug_ABC_efflux_pumps|OPTRA,T,171,A
MEG_4321|Drugs|Multi-drug_resistance|Multi-drug_ABC_efflux_pumps|OPTRA,A,178,T
MEG_4321|Drugs|Multi-drug_resistance|Multi-drug_ABC_efflux_pumps|OPTRA,A,679,T
MEG_4211|Drugs|Multi-drug_resistance|Multi-drug_MFS_efflux_pumps|NORBD,T,263,C
MEG_4211|Drugs|Multi-drug_resistance|Multi-drug_MFS_efflux_pumps|NORBD,T,382,A
MEG_4211|Drugs|Multi-drug_resistance|Multi-drug_MFS_efflux_pumps|NORBD,T,654,G
MEG_4211|Drugs|Multi-drug_resistance|Multi-drug_MFS_efflux_pumps|NORBD,T,720,C
MEG_4211|Drugs|Multi-drug_resistance|Multi-drug_MFS_efflux_pumps|NORBD,C,863,A
MEG_4211|Drugs|Multi-drug_resistance|Multi-drug_MFS_efflux_pumps|NORBD,A,1197,T
MEG_6084|Drugs|Multi-drug_resistance|Multi-drug_MFS_efflux_pumps|ROSB,C,662,T
MEG_6084|Drugs|Multi-drug_resistance|Multi-drug_MFS_efflux_pumps|ROSB,T,1617,C
MEG_5809|Drugs|Multi-drug_resistance|Multi-drug_ABC_efflux_pumps|POXT,T,93,C
MEG_5809|Drugs|Multi-drug_resistance|Multi-drug_ABC_efflux_pumps|POXT,A,655,T
MEG_5809|Drugs|Multi-drug_resistance|Multi-drug_ABC_efflux_pumps|POXT,T,662,G
MEG_5809|Drugs|Multi-drug_resistance|Multi-drug_ABC_efflux_pumps|POXT,G,774,A
MEG_5809|Drugs|Multi-drug_resistance|Multi-drug_ABC_efflux_pumps|POXT,C,848,T
MEG_5809|Drugs|Multi-drug_resistance|Multi-drug_ABC_efflux_pumps|POXT,C,1012,T
MEG_5809|Drugs|Multi-drug_resistance|Multi-drug_ABC_efflux_pumps|POXT,A,1060,T
MEG_5809|Drugs|Multi-drug_resistance|Multi-drug_ABC_efflux_pumps|POXT,C,1503,T
MEG_8451|Drugs|Multi-drug_resistance|MDR_regulator|PARR,C,293,A
MEG_4294|Drugs|Multi-drug_resistance|Multi-drug_RND_efflux_pumps|OPMH,A,578,C
MEG_7678|Drugs|Multi-drug_resistance|Multi-drug_ABC_efflux_pumps|VGA,A,189,C
MEG_7678|Drugs|Multi-drug_resistance|Multi-drug_ABC_efflux_pumps|VGA,T,396,G
MEG_7678|Drugs|Multi-drug_resistance|Multi-drug_ABC_efflux_pumps|VGA,A,616,T
MEG_7678|Drugs|Multi-drug_resistance|Multi-drug_ABC_efflux_pumps|VGA,C,1197,T
MEG_7678|Drugs|Multi-drug_resistance|Multi-drug_ABC_efflux_pumps|VGA,A,1271,C
MEG_1682|Drugs|Multi-drug_resistance|MDR_23S_ribosomal_RNA_methyltransferase|CFRA,T,99,A
MEG_1682|Drugs|Multi-drug_resistance|MDR_23S_ribosomal_RNA_methyltransferase|CFRA,T,101,G
MEG_1682|Drugs|Multi-drug_resistance|MDR_23S_ribosomal_RNA_methyltransferase|CFRA,A,494,C
MEG_4312|Drugs|Multi-drug_resistance|Multi-drug_ABC_efflux_pumps|OPTRA,C,129,G
MEG_4312|Drugs|Multi-drug_resistance|Multi-drug_ABC_efflux_pumps|OPTRA,G,291,T
MEG_4312|Drugs|Multi-drug_resistance|Multi-drug_ABC_efflux_pumps|OPTRA,A,871,T
MEG_4312|Drugs|Multi-drug_resistance|Multi-drug_ABC_efflux_pumps|OPTRA,G,1717,C
MEG_4312|Drugs|Multi-drug_resistance|Multi-drug_ABC_efflux_pumps|OPTRA,A,1799,G
MEG_4314|Drugs|Multi-drug_resistance|Multi-drug_ABC_efflux_pumps|OPTRA,A,478,C
MEG_4314|Drugs|Multi-drug_resistance|Multi-drug_ABC_efflux_pumps|OPTRA,T,672,C
MEG_4314|Drugs|Multi-drug_resistance|Multi-drug_ABC_efflux_pumps|OPTRA,G,731,T
MEG_4314|Drugs|Multi-drug_resistance|Multi-drug_ABC_efflux_pumps|OPTRA,G,1112,T
MEG_4314|Drugs|Multi-drug_resistance|Multi-drug_ABC_efflux_pumps|OPTRA,T,1426,A
MEG_4314|Drugs|Multi-drug_resistance|Multi-drug_ABC_efflux_pumps|OPTRA,T,1521,G
MEG_4314|Drugs|Multi-drug_resistance|Multi-drug_ABC_efflux_pumps|OPTRA,G,1724,A
MEG_4314|Drugs|Multi-drug_resistance|Multi-drug_ABC_efflux_pumps|OPTRA,T,1868,G
MEG_4314|Drugs|Multi-drug_resistance|Multi-drug_ABC_efflux_pumps|OPTRA,A,1898,G
MEG_4316|Drugs|Multi-drug_resistance|Multi-drug_ABC_efflux_pumps|OPTRA,G,186,T
MEG_4316|Drugs|Multi-drug_resistance|Multi-drug_ABC_efflux_pumps|OPTRA,C,474,A
MEG_4316|Drugs|Multi-drug_resistance|Multi-drug_ABC_efflux_pumps|OPTRA,A,519,G
MEG_4316|Drugs|Multi-drug_resistance|Multi-drug_ABC_efflux_pumps|OPTRA,C,536,G
MEG_4316|Drugs|Multi-drug_resistance|Multi-drug_ABC_efflux_pumps|OPTRA,T,1781,G
MEG_4291|Drugs|Multi-drug_resistance|Multi-drug_RND_efflux_pumps|OPCM,C,176,A
MEG_4291|Drugs|Multi-drug_resistance|Multi-drug_RND_efflux_pumps|OPCM,G,209,C
MEG_4291|Drugs|Multi-drug_resistance|Multi-drug_RND_efflux_pumps|OPCM,T,238,A
MEG_4291|Drugs|Multi-drug_resistance|Multi-drug_RND_efflux_pumps|OPCM,G,582,T
MEG_4291|Drugs|Multi-drug_resistance|Multi-drug_RND_efflux_pumps|OPCM,G,926,T
MEG_4291|Drugs|Multi-drug_resistance|Multi-drug_RND_efflux_pumps|OPCM,G,1029,T
MEG_1115|Drugs|Multi-drug_resistance|MDR_regulator|ARLR,G,44,T
MEG_1115|Drugs|Multi-drug_resistance|MDR_regulator|ARLR,T,158,G
MEG_1115|Drugs|Multi-drug_resistance|MDR_regulator|ARLR,C,225,A
MEG_1115|Drugs|Multi-drug_resistance|MDR_regulator|ARLR,T,315,A
MEG_1115|Drugs|Multi-drug_resistance|MDR_regulator|ARLR,C,381,A
MEG_1115|Drugs|Multi-drug_resistance|MDR_regulator|ARLR,A,520,C
MEG_3657|Drugs|Multi-drug_resistance|Multi-drug_ABC_efflux_pumps|MACA,G,735,C
MEG_7682|Drugs|Multi-drug_resistance|Multi-drug_ABC_efflux_pumps|VGA,T,52,G
MEG_7682|Drugs|Multi-drug_resistance|Multi-drug_ABC_efflux_pumps|VGA,A,210,G
MEG_7682|Drugs|Multi-drug_resistance|Multi-drug_ABC_efflux_pumps|VGA,A,723,T
MEG_11432|Drugs|Multi-drug_resistance|ABC-F_ribosomal_protection_protein|VGAF,A,1160,G
MEG_3265|Drugs|Multi-drug_resistance|Multi-drug_RND_efflux_pumps|HLYD,G,217,A
MEG_3265|Drugs|Multi-drug_resistance|Multi-drug_RND_efflux_pumps|HLYD,G,626,A
MEG_3265|Drugs|Multi-drug_resistance|Multi-drug_RND_efflux_pumps|HLYD,A,692,G
MEG_3265|Drugs|Multi-drug_resistance|Multi-drug_RND_efflux_pumps|HLYD,C,1113,T
MEG_3265|Drugs|Multi-drug_resistance|Multi-drug_RND_efflux_pumps|HLYD,G,1114,C
MEG_3265|Drugs|Multi-drug_resistance|Multi-drug_RND_efflux_pumps|HLYD,A,1176,C
MEG_4307|Drugs|Multi-drug_resistance|Multi-drug_ABC_efflux_pumps|OPTRA,A,382,C
MEG_4307|Drugs|Multi-drug_resistance|Multi-drug_ABC_efflux_pumps|OPTRA,C,1319,G
MEG_4307|Drugs|Multi-drug_resistance|Multi-drug_ABC_efflux_pumps|OPTRA,T,1610,G
MEG_4307|Drugs|Multi-drug_resistance|Multi-drug_ABC_efflux_pumps|OPTRA,G,1867,T
MEG_4307|Drugs|Multi-drug_resistance|Multi-drug_ABC_efflux_pumps|OPTRA,T,1924,A
MEG_371|Drugs|Multi-drug_resistance|Multi-drug_ABC_efflux_pumps|ABCA,C,866,A
MEG_371|Drugs|Multi-drug_resistance|Multi-drug_ABC_efflux_pumps|ABCA,T,1086,C
MEG_371|Drugs|Multi-drug_resistance|Multi-drug_ABC_efflux_pumps|ABCA,T,2370,A
MEG_371|Drugs|Multi-drug_resistance|Multi-drug_ABC_efflux_pumps|ABCA,C,2786,T
MEG_371|Drugs|Multi-drug_resistance|Multi-drug_ABC_efflux_pumps|ABCA,C,3501,A
MEG_4322|Drugs|Multi-drug_resistance|Multi-drug_ABC_efflux_pumps|OPTRA,T,147,A
MEG_4322|Drugs|Multi-drug_resistance|Multi-drug_ABC_efflux_pumps|OPTRA,T,1689,A
MEG_8247|Drugs|Multi-drug_resistance|Multi-drug_RND_efflux_pumps|MEXC1,G,1084,T
MEG_8452|Drugs|Multi-drug_resistance|MDR_regulator|PARS,G,209,T
MEG_8452|Drugs|Multi-drug_resistance|MDR_regulator|PARS,G,390,T
MEG_8452|Drugs|Multi-drug_resistance|MDR_regulator|PARS,G,591,C
MEG_8452|Drugs|Multi-drug_resistance|MDR_regulator|PARS,C,625,G
MEG_8452|Drugs|Multi-drug_resistance|MDR_regulator|PARS,T,673,G
MEG_8452|Drugs|Multi-drug_resistance|MDR_regulator|PARS,C,1011,A
MEG_8452|Drugs|Multi-drug_resistance|MDR_regulator|PARS,G,1048,A
MEG_8452|Drugs|Multi-drug_resistance|MDR_regulator|PARS,C,1223,A
MEG_8452|Drugs|Multi-drug_resistance|MDR_regulator|PARS,G,1247,T
MEG_8452|Drugs|Multi-drug_resistance|MDR_regulator|PARS,G,1262,C
MEG_1729|Drugs|Multi-drug_resistance|MDR_23S_ribosomal_RNA_methyltransferase|CLBD,A,10,C
MEG_1729|Drugs|Multi-drug_resistance|MDR_23S_ribosomal_RNA_methyltransferase|CLBD,A,47,T
MEG_1729|Drugs|Multi-drug_resistance|MDR_23S_ribosomal_RNA_methyltransferase|CLBD,T,424,G
MEG_1729|Drugs|Multi-drug_resistance|MDR_23S_ribosomal_RNA_methyltransferase|CLBD,A,463,C
MEG_1729|Drugs|Multi-drug_resistance|MDR_23S_ribosomal_RNA_methyltransferase|CLBD,A,482,C
MEG_1729|Drugs|Multi-drug_resistance|MDR_23S_ribosomal_RNA_methyltransferase|CLBD,T,540,A
MEG_1729|Drugs|Multi-drug_resistance|MDR_23S_ribosomal_RNA_methyltransferase|CLBD,T,886,C
MEG_1118|Drugs|Multi-drug_resistance|MDR_regulator|ARLS,C,44,A
MEG_1118|Drugs|Multi-drug_resistance|MDR_regulator|ARLS,C,109,G
MEG_1118|Drugs|Multi-drug_resistance|MDR_regulator|ARLS,A,118,C
MEG_1118|Drugs|Multi-drug_resistance|MDR_regulator|ARLS,G,207,A
MEG_1118|Drugs|Multi-drug_resistance|MDR_regulator|ARLS,G,211,A
MEG_1118|Drugs|Multi-drug_resistance|MDR_regulator|ARLS,T,1167,G
MEG_1118|Drugs|Multi-drug_resistance|MDR_regulator|ARLS,C,1245,T
MEG_1118|Drugs|Multi-drug_resistance|MDR_regulator|ARLS,C,1255,G
MEG_1723|Drugs|Multi-drug_resistance|MDR_23S_ribosomal_RNA_methyltransferase|CIPA,A,28,G
MEG_1723|Drugs|Multi-drug_resistance|MDR_23S_ribosomal_RNA_methyltransferase|CIPA,T,115,A
MEG_1723|Drugs|Multi-drug_resistance|MDR_23S_ribosomal_RNA_methyltransferase|CIPA,T,138,G
MEG_1723|Drugs|Multi-drug_resistance|MDR_23S_ribosomal_RNA_methyltransferase|CIPA,T,487,C
MEG_1723|Drugs|Multi-drug_resistance|MDR_23S_ribosomal_RNA_methyltransferase|CIPA,T,645,G
MEG_1723|Drugs|Multi-drug_resistance|MDR_23S_ribosomal_RNA_methyltransferase|CIPA,C,788,A
MEG_1723|Drugs|Multi-drug_resistance|MDR_23S_ribosomal_RNA_methyltransferase|CIPA,C,933,T
MEG_1179|Drugs|Multi-drug_resistance|Multi-drug_RND_efflux_regulator|ASMA,C,771,G
MEG_1179|Drugs|Multi-drug_resistance|Multi-drug_RND_efflux_regulator|ASMA,T,810,A
MEG_1179|Drugs|Multi-drug_resistance|Multi-drug_RND_efflux_regulator|ASMA,A,1063,C
MEG_1179|Drugs|Multi-drug_resistance|Multi-drug_RND_efflux_regulator|ASMA,A,1229,G
MEG_1179|Drugs|Multi-drug_resistance|Multi-drug_RND_efflux_regulator|ASMA,C,1285,G
MEG_1179|Drugs|Multi-drug_resistance|Multi-drug_RND_efflux_regulator|ASMA,C,1293,G
MEG_1179|Drugs|Multi-drug_resistance|Multi-drug_RND_efflux_regulator|ASMA,C,1707,A
MEG_4359|Multi-compound|Drug_and_biocide_resistance|Drug_and_biocide_RND_efflux_pumps|OQXB,G,802,C
MEG_4359|Multi-compound|Drug_and_biocide_resistance|Drug_and_biocide_RND_efflux_pumps|OQXB,C,1042,G
MEG_4359|Multi-compound|Drug_and_biocide_resistance|Drug_and_biocide_RND_efflux_pumps|OQXB,G,1270,C
MEG_4359|Multi-compound|Drug_and_biocide_resistance|Drug_and_biocide_RND_efflux_pumps|OQXB,A,1574,G
MEG_4359|Multi-compound|Drug_and_biocide_resistance|Drug_and_biocide_RND_efflux_pumps|OQXB,G,2357,A
MEG_4359|Multi-compound|Drug_and_biocide_resistance|Drug_and_biocide_RND_efflux_pumps|OQXB,G,2362,A
MEG_4359|Multi-compound|Drug_and_biocide_resistance|Drug_and_biocide_RND_efflux_pumps|OQXB,A,2878,C
MEG_4344|Multi-compound|Drug_and_biocide_resistance|Drug_and_biocide_RND_efflux_pumps|OQXB,G,1209,A
MEG_4344|Multi-compound|Drug_and_biocide_resistance|Drug_and_biocide_RND_efflux_pumps|OQXB,G,2193,A
MEG_4344|Multi-compound|Drug_and_biocide_resistance|Drug_and_biocide_RND_efflux_pumps|OQXB,A,2789,G
MEG_3836|Multi-compound|Drug_and_biocide_resistance|Drug_and_biocide_MATE_efflux_regulator|MEPR,T,109,G
MEG_3836|Multi-compound|Drug_and_biocide_resistance|Drug_and_biocide_MATE_efflux_regulator|MEPR,A,147,T
MEG_3836|Multi-compound|Drug_and_biocide_resistance|Drug_and_biocide_MATE_efflux_regulator|MEPR,G,194,C
MEG_3836|Multi-compound|Drug_and_biocide_resistance|Drug_and_biocide_MATE_efflux_regulator|MEPR,G,207,A
MEG_3836|Multi-compound|Drug_and_biocide_resistance|Drug_and_biocide_MATE_efflux_regulator|MEPR,G,258,T
MEG_3836|Multi-compound|Drug_and_biocide_resistance|Drug_and_biocide_MATE_efflux_regulator|MEPR,A,400,C
MEG_3924|Multi-compound|Drug_and_biocide_resistance|Drug_and_biocide_RND_efflux_regulator|MEXR,A,1,T
MEG_3924|Multi-compound|Drug_and_biocide_resistance|Drug_and_biocide_RND_efflux_regulator|MEXR,C,52,G
MEG_3924|Multi-compound|Drug_and_biocide_resistance|Drug_and_biocide_RND_efflux_regulator|MEXR,T,57,G
MEG_3924|Multi-compound|Drug_and_biocide_resistance|Drug_and_biocide_RND_efflux_regulator|MEXR,A,76,G
MEG_3924|Multi-compound|Drug_and_biocide_resistance|Drug_and_biocide_RND_efflux_regulator|MEXR,A,179,G
MEG_3924|Multi-compound|Drug_and_biocide_resistance|Drug_and_biocide_RND_efflux_regulator|MEXR,C,319,T
MEG_3924|Multi-compound|Drug_and_biocide_resistance|Drug_and_biocide_RND_efflux_regulator|MEXR,G,341,A
MEG_3924|Multi-compound|Drug_and_biocide_resistance|Drug_and_biocide_RND_efflux_regulator|MEXR,C,409,T
MEG_5828|Multi-compound|Drug_and_biocide_resistance|Drug_and_biocide_SMR_efflux_pumps|QACE,C,39,G
MEG_5828|Multi-compound|Drug_and_biocide_resistance|Drug_and_biocide_SMR_efflux_pumps|QACE,T,132,G
MEG_4083|Multi-compound|Drug_and_biocide_resistance|Drug_and_biocide_RND_efflux_pumps|MTRD,A,9,G
MEG_4083|Multi-compound|Drug_and_biocide_resistance|Drug_and_biocide_RND_efflux_pumps|MTRD,A,941,G
MEG_4083|Multi-compound|Drug_and_biocide_resistance|Drug_and_biocide_RND_efflux_pumps|MTRD,C,1428,T
MEG_4083|Multi-compound|Drug_and_biocide_resistance|Drug_and_biocide_RND_efflux_pumps|MTRD,T,1755,A
MEG_4083|Multi-compound|Drug_and_biocide_resistance|Drug_and_biocide_RND_efflux_pumps|MTRD,A,1813,G
MEG_4083|Multi-compound|Drug_and_biocide_resistance|Drug_and_biocide_RND_efflux_pumps|MTRD,T,1974,G
MEG_4083|Multi-compound|Drug_and_biocide_resistance|Drug_and_biocide_RND_efflux_pumps|MTRD,C,2243,T
MEG_4083|Multi-compound|Drug_and_biocide_resistance|Drug_and_biocide_RND_efflux_pumps|MTRD,A,2345,C
MEG_4083|Multi-compound|Drug_and_biocide_resistance|Drug_and_biocide_RND_efflux_pumps|MTRD,A,2435,T
MEG_4083|Multi-compound|Drug_and_biocide_resistance|Drug_and_biocide_RND_efflux_pumps|MTRD,C,3074,A
MEG_4337|Multi-compound|Drug_and_biocide_resistance|Drug_and_biocide_RND_efflux_pumps|OQXB,G,454,T
MEG_4337|Multi-compound|Drug_and_biocide_resistance|Drug_and_biocide_RND_efflux_pumps|OQXB,C,626,A
MEG_4337|Multi-compound|Drug_and_biocide_resistance|Drug_and_biocide_RND_efflux_pumps|OQXB,G,630,A
MEG_4337|Multi-compound|Drug_and_biocide_resistance|Drug_and_biocide_RND_efflux_pumps|OQXB,G,1515,A
MEG_4337|Multi-compound|Drug_and_biocide_resistance|Drug_and_biocide_RND_efflux_pumps|OQXB,G,2044,T
MEG_4337|Multi-compound|Drug_and_biocide_resistance|Drug_and_biocide_RND_efflux_pumps|OQXB,G,2070,C
MEG_4337|Multi-compound|Drug_and_biocide_resistance|Drug_and_biocide_RND_efflux_pumps|OQXB,T,3141,A
MEG_4206|Multi-compound|Drug_and_biocide_resistance|Drug_and_biocide_MFS_efflux_pumps|NORA,A,9,G
MEG_4206|Multi-compound|Drug_and_biocide_resistance|Drug_and_biocide_MFS_efflux_pumps|NORA,C,139,A
MEG_4206|Multi-compound|Drug_and_biocide_resistance|Drug_and_biocide_MFS_efflux_pumps|NORA,G,216,A
MEG_4206|Multi-compound|Drug_and_biocide_resistance|Drug_and_biocide_MFS_efflux_pumps|NORA,C,388,T
MEG_4206|Multi-compound|Drug_and_biocide_resistance|Drug_and_biocide_MFS_efflux_pumps|NORA,T,424,C
MEG_4206|Multi-compound|Drug_and_biocide_resistance|Drug_and_biocide_MFS_efflux_pumps|NORA,A,449,T
MEG_4206|Multi-compound|Drug_and_biocide_resistance|Drug_and_biocide_MFS_efflux_pumps|NORA,G,482,C
MEG_3914|Multi-compound|Drug_and_biocide_resistance|Drug_and_biocide_RND_efflux_pumps|MEXH,G,182,C
MEG_3914|Multi-compound|Drug_and_biocide_resistance|Drug_and_biocide_RND_efflux_pumps|MEXH,A,805,G
MEG_3914|Multi-compound|Drug_and_biocide_resistance|Drug_and_biocide_RND_efflux_pumps|MEXH,T,1094,A
MEG_5797|Multi-compound|Drug_and_biocide_resistance|Drug_and_biocide_MFS_efflux_pumps|PMRA,A,124,G
MEG_5797|Multi-compound|Drug_and_biocide_resistance|Drug_and_biocide_MFS_efflux_pumps|PMRA,A,328,C
MEG_5797|Multi-compound|Drug_and_biocide_resistance|Drug_and_biocide_MFS_efflux_pumps|PMRA,T,465,C
MEG_5797|Multi-compound|Drug_and_biocide_resistance|Drug_and_biocide_MFS_efflux_pumps|PMRA,T,503,C
MEG_5797|Multi-compound|Drug_and_biocide_resistance|Drug_and_biocide_MFS_efflux_pumps|PMRA,A,507,T
MEG_5797|Multi-compound|Drug_and_biocide_resistance|Drug_and_biocide_MFS_efflux_pumps|PMRA,C,683,T
MEG_5797|Multi-compound|Drug_and_biocide_resistance|Drug_and_biocide_MFS_efflux_pumps|PMRA,T,704,C
MEG_5797|Multi-compound|Drug_and_biocide_resistance|Drug_and_biocide_MFS_efflux_pumps|PMRA,T,930,A
MEG_5797|Multi-compound|Drug_and_biocide_resistance|Drug_and_biocide_MFS_efflux_pumps|PMRA,G,1003,T
MEG_5846|Multi-compound|Drug_and_biocide_resistance|Drug_and_biocide_SMR_efflux_pumps|QACG,A,150,C
MEG_3996|Multi-compound|Drug_and_biocide_resistance|Drug_and_biocide_SMR_efflux_pumps|MMR,T,302,A
MEG_3996|Multi-compound|Drug_and_biocide_resistance|Drug_and_biocide_SMR_efflux_pumps|MMR,G,313,C
MEG_3760|Multi-compound|Drug_and_biocide_resistance|Drug_and_biocide_MATE_efflux_pumps|MDTK,T,161,A
MEG_3760|Multi-compound|Drug_and_biocide_resistance|Drug_and_biocide_MATE_efflux_pumps|MDTK,T,240,G
MEG_3760|Multi-compound|Drug_and_biocide_resistance|Drug_and_biocide_MATE_efflux_pumps|MDTK,A,528,T
MEG_3760|Multi-compound|Drug_and_biocide_resistance|Drug_and_biocide_MATE_efflux_pumps|MDTK,A,541,C
MEG_3760|Multi-compound|Drug_and_biocide_resistance|Drug_and_biocide_MATE_efflux_pumps|MDTK,G,767,T
MEG_3760|Multi-compound|Drug_and_biocide_resistance|Drug_and_biocide_MATE_efflux_pumps|MDTK,C,803,G
MEG_3760|Multi-compound|Drug_and_biocide_resistance|Drug_and_biocide_MATE_efflux_pumps|MDTK,G,806,A
MEG_3760|Multi-compound|Drug_and_biocide_resistance|Drug_and_biocide_MATE_efflux_pumps|MDTK,A,1023,T
MEG_3760|Multi-compound|Drug_and_biocide_resistance|Drug_and_biocide_MATE_efflux_pumps|MDTK,G,1350,C
MEG_3760|Multi-compound|Drug_and_biocide_resistance|Drug_and_biocide_MATE_efflux_pumps|MDTK,G,1409,A
MEG_7641|Multi-compound|Drug_and_biocide_resistance|Drug_and_biocide_MATE_efflux_pumps|VCMA,A,29,T
MEG_7641|Multi-compound|Drug_and_biocide_resistance|Drug_and_biocide_MATE_efflux_pumps|VCMA,G,31,T
MEG_7641|Multi-compound|Drug_and_biocide_resistance|Drug_and_biocide_MATE_efflux_pumps|VCMA,G,117,C
MEG_7641|Multi-compound|Drug_and_biocide_resistance|Drug_and_biocide_MATE_efflux_pumps|VCMA,A,801,T
MEG_7641|Multi-compound|Drug_and_biocide_resistance|Drug_and_biocide_MATE_efflux_pumps|VCMA,C,941,T
MEG_7641|Multi-compound|Drug_and_biocide_resistance|Drug_and_biocide_MATE_efflux_pumps|VCMA,A,1382,G
MEG_4365|Multi-compound|Drug_and_biocide_resistance|Drug_and_biocide_RND_efflux_pumps|OQXB,A,765,G
MEG_4365|Multi-compound|Drug_and_biocide_resistance|Drug_and_biocide_RND_efflux_pumps|OQXB,C,1111,A
MEG_4365|Multi-compound|Drug_and_biocide_resistance|Drug_and_biocide_RND_efflux_pumps|OQXB,A,1432,T
MEG_4365|Multi-compound|Drug_and_biocide_resistance|Drug_and_biocide_RND_efflux_pumps|OQXB,C,2020,G
MEG_4365|Multi-compound|Drug_and_biocide_resistance|Drug_and_biocide_RND_efflux_pumps|OQXB,T,2046,A
MEG_4365|Multi-compound|Drug_and_biocide_resistance|Drug_and_biocide_RND_efflux_pumps|OQXB,A,2356,T
MEG_4365|Multi-compound|Drug_and_biocide_resistance|Drug_and_biocide_RND_efflux_pumps|OQXB,C,2988,T
MEG_4365|Multi-compound|Drug_and_biocide_resistance|Drug_and_biocide_RND_efflux_pumps|OQXB,C,3005,A
MEG_7286|Multi-compound|Drug_and_biocide_resistance|Drug_and_biocide_RND_efflux_pumps|TTGA,G,190,A
MEG_7286|Multi-compound|Drug_and_biocide_resistance|Drug_and_biocide_RND_efflux_pumps|TTGA,C,207,T
MEG_7286|Multi-compound|Drug_and_biocide_resistance|Drug_and_biocide_RND_efflux_pumps|TTGA,T,273,G
MEG_7286|Multi-compound|Drug_and_biocide_resistance|Drug_and_biocide_RND_efflux_pumps|TTGA,T,566,G
MEG_7286|Multi-compound|Drug_and_biocide_resistance|Drug_and_biocide_RND_efflux_pumps|TTGA,C,571,G
MEG_7286|Multi-compound|Drug_and_biocide_resistance|Drug_and_biocide_RND_efflux_pumps|TTGA,G,924,A
MEG_7286|Multi-compound|Drug_and_biocide_resistance|Drug_and_biocide_RND_efflux_pumps|TTGA,T,998,G
MEG_2118|Multi-compound|Drug_and_biocide_resistance|Drug_and_biocide_RND_efflux_regulator|CPXAR,G,73,C
MEG_2118|Multi-compound|Drug_and_biocide_resistance|Drug_and_biocide_RND_efflux_regulator|CPXAR,T,122,G
MEG_2118|Multi-compound|Drug_and_biocide_resistance|Drug_and_biocide_RND_efflux_regulator|CPXAR,C,334,A
MEG_2118|Multi-compound|Drug_and_biocide_resistance|Drug_and_biocide_RND_efflux_regulator|CPXAR,C,381,G
MEG_2736|Multi-compound|Drug_and_biocide_resistance|Drug_and_biocide_MFS_efflux_pumps|EMRY,C,177,A
MEG_2736|Multi-compound|Drug_and_biocide_resistance|Drug_and_biocide_MFS_efflux_pumps|EMRY,T,181,A
MEG_2736|Multi-compound|Drug_and_biocide_resistance|Drug_and_biocide_MFS_efflux_pumps|EMRY,T,260,C
MEG_2736|Multi-compound|Drug_and_biocide_resistance|Drug_and_biocide_MFS_efflux_pumps|EMRY,T,329,G
MEG_2736|Multi-compound|Drug_and_biocide_resistance|Drug_and_biocide_MFS_efflux_pumps|EMRY,T,458,A
MEG_2736|Multi-compound|Drug_and_biocide_resistance|Drug_and_biocide_MFS_efflux_pumps|EMRY,G,848,A
MEG_2736|Multi-compound|Drug_and_biocide_resistance|Drug_and_biocide_MFS_efflux_pumps|EMRY,G,1047,C
MEG_2736|Multi-compound|Drug_and_biocide_resistance|Drug_and_biocide_MFS_efflux_pumps|EMRY,T,1377,C
MEG_2736|Multi-compound|Drug_and_biocide_resistance|Drug_and_biocide_MFS_efflux_pumps|EMRY,T,1432,C
MEG_2736|Multi-compound|Drug_and_biocide_resistance|Drug_and_biocide_MFS_efflux_pumps|EMRY,G,1441,T
MEG_4342|Multi-compound|Drug_and_biocide_resistance|Drug_and_biocide_RND_efflux_pumps|OQXB,G,223,A
MEG_4342|Multi-compound|Drug_and_biocide_resistance|Drug_and_biocide_RND_efflux_pumps|OQXB,C,418,G
MEG_4342|Multi-compound|Drug_and_biocide_resistance|Drug_and_biocide_RND_efflux_pumps|OQXB,G,694,A
MEG_4342|Multi-compound|Drug_and_biocide_resistance|Drug_and_biocide_RND_efflux_pumps|OQXB,C,789,G
MEG_4342|Multi-compound|Drug_and_biocide_resistance|Drug_and_biocide_RND_efflux_pumps|OQXB,C,882,A
MEG_4342|Multi-compound|Drug_and_biocide_resistance|Drug_and_biocide_RND_efflux_pumps|OQXB,C,998,T
MEG_4342|Multi-compound|Drug_and_biocide_resistance|Drug_and_biocide_RND_efflux_pumps|OQXB,T,1356,A
MEG_4342|Multi-compound|Drug_and_biocide_resistance|Drug_and_biocide_RND_efflux_pumps|OQXB,G,1388,T
MEG_4342|Multi-compound|Drug_and_biocide_resistance|Drug_and_biocide_RND_efflux_pumps|OQXB,G,2032,C
MEG_4342|Multi-compound|Drug_and_biocide_resistance|Drug_and_biocide_RND_efflux_pumps|OQXB,C,2999,A
MEG_3908|Multi-compound|Drug_and_biocide_resistance|Drug_and_biocide_RND_efflux_pumps|MEXE,C,25,A
MEG_3908|Multi-compound|Drug_and_biocide_resistance|Drug_and_biocide_RND_efflux_pumps|MEXE,G,68,C
MEG_3908|Multi-compound|Drug_and_biocide_resistance|Drug_and_biocide_RND_efflux_pumps|MEXE,A,145,G
MEG_3908|Multi-compound|Drug_and_biocide_resistance|Drug_and_biocide_RND_efflux_pumps|MEXE,C,381,G
MEG_3908|Multi-compound|Drug_and_biocide_resistance|Drug_and_biocide_RND_efflux_pumps|MEXE,T,387,A
MEG_3908|Multi-compound|Drug_and_biocide_resistance|Drug_and_biocide_RND_efflux_pumps|MEXE,C,443,T
MEG_3908|Multi-compound|Drug_and_biocide_resistance|Drug_and_biocide_RND_efflux_pumps|MEXE,G,863,T
MEG_3908|Multi-compound|Drug_and_biocide_resistance|Drug_and_biocide_RND_efflux_pumps|MEXE,A,880,G
MEG_3908|Multi-compound|Drug_and_biocide_resistance|Drug_and_biocide_RND_efflux_pumps|MEXE,G,927,C
MEG_3908|Multi-compound|Drug_and_biocide_resistance|Drug_and_biocide_RND_efflux_pumps|MEXE,G,1116,C
MEG_3913|Multi-compound|Drug_and_biocide_resistance|Drug_and_biocide_RND_efflux_pumps|MEXG,G,89,A
MEG_3913|Multi-compound|Drug_and_biocide_resistance|Drug_and_biocide_RND_efflux_pumps|MEXG,G,102,C
MEG_3913|Multi-compound|Drug_and_biocide_resistance|Drug_and_biocide_RND_efflux_pumps|MEXG,G,267,C
MEG_3913|Multi-compound|Drug_and_biocide_resistance|Drug_and_biocide_RND_efflux_pumps|MEXG,A,344,T
MEG_3913|Multi-compound|Drug_and_biocide_resistance|Drug_and_biocide_RND_efflux_pumps|MEXG,G,376,A
MEG_3913|Multi-compound|Drug_and_biocide_resistance|Drug_and_biocide_RND_efflux_pumps|MEXG,G,438,A
MEG_3913|Multi-compound|Drug_and_biocide_resistance|Drug_and_biocide_RND_efflux_pumps|MEXG,G,441,A
MEG_1471|Multi-compound|Drug_and_biocide_resistance|Drug_and_biocide_MFS_efflux_regulator|BMR,C,297,A
MEG_1471|Multi-compound|Drug_and_biocide_resistance|Drug_and_biocide_MFS_efflux_regulator|BMR,C,300,A
MEG_1471|Multi-compound|Drug_and_biocide_resistance|Drug_and_biocide_MFS_efflux_regulator|BMR,C,439,T
MEG_1471|Multi-compound|Drug_and_biocide_resistance|Drug_and_biocide_MFS_efflux_regulator|BMR,T,1078,A
MEG_1471|Multi-compound|Drug_and_biocide_resistance|Drug_and_biocide_MFS_efflux_regulator|BMR,T,1124,G
MEG_5786|Multi-compound|Drug_and_biocide_resistance|Drug_and_biocide_SMR_efflux_regulator|PHOR,A,407,T
MEG_2884|Multi-compound|Drug_and_biocide_resistance|Drug_and_biocide_MFS_efflux_pumps|FARA,A,99,T
MEG_2884|Multi-compound|Drug_and_biocide_resistance|Drug_and_biocide_MFS_efflux_pumps|FARA,A,362,C
MEG_2884|Multi-compound|Drug_and_biocide_resistance|Drug_and_biocide_MFS_efflux_pumps|FARA,G,678,C
MEG_2884|Multi-compound|Drug_and_biocide_resistance|Drug_and_biocide_MFS_efflux_pumps|FARA,C,784,G
MEG_2884|Multi-compound|Drug_and_biocide_resistance|Drug_and_biocide_MFS_efflux_pumps|FARA,T,827,G
MEG_2884|Multi-compound|Drug_and_biocide_resistance|Drug_and_biocide_MFS_efflux_pumps|FARA,G,1069,C
MEG_8692|Multi-compound|Drug_and_biocide_resistance|Drug_and_biocide_MFS_efflux_pumps|SDRM,A,28,T
MEG_8692|Multi-compound|Drug_and_biocide_resistance|Drug_and_biocide_MFS_efflux_pumps|SDRM,C,439,T
MEG_8692|Multi-compound|Drug_and_biocide_resistance|Drug_and_biocide_MFS_efflux_pumps|SDRM,T,747,C
MEG_8692|Multi-compound|Drug_and_biocide_resistance|Drug_and_biocide_MFS_efflux_pumps|SDRM,T,893,C
MEG_8692|Multi-compound|Drug_and_biocide_resistance|Drug_and_biocide_MFS_efflux_pumps|SDRM,T,930,G
MEG_3761|Multi-compound|Drug_and_biocide_resistance|Drug_and_biocide_MFS_efflux_pumps|MDTM,C,97,G
MEG_3761|Multi-compound|Drug_and_biocide_resistance|Drug_and_biocide_MFS_efflux_pumps|MDTM,A,142,G
MEG_3761|Multi-compound|Drug_and_biocide_resistance|Drug_and_biocide_MFS_efflux_pumps|MDTM,T,156,C
MEG_3761|Multi-compound|Drug_and_biocide_resistance|Drug_and_biocide_MFS_efflux_pumps|MDTM,C,273,A
MEG_3761|Multi-compound|Drug_and_biocide_resistance|Drug_and_biocide_MFS_efflux_pumps|MDTM,A,517,G
MEG_3761|Multi-compound|Drug_and_biocide_resistance|Drug_and_biocide_MFS_efflux_pumps|MDTM,G,573,A
MEG_3761|Multi-compound|Drug_and_biocide_resistance|Drug_and_biocide_MFS_efflux_pumps|MDTM,C,994,T
MEG_3761|Multi-compound|Drug_and_biocide_resistance|Drug_and_biocide_MFS_efflux_pumps|MDTM,G,1056,T
MEG_5849|Multi-compound|Drug_and_biocide_resistance|Drug_and_biocide_SMR_efflux_pumps|QACJ,A,18,G
MEG_5849|Multi-compound|Drug_and_biocide_resistance|Drug_and_biocide_SMR_efflux_pumps|QACJ,C,102,A
MEG_5849|Multi-compound|Drug_and_biocide_resistance|Drug_and_biocide_SMR_efflux_pumps|QACJ,A,152,G
MEG_5849|Multi-compound|Drug_and_biocide_resistance|Drug_and_biocide_SMR_efflux_pumps|QACJ,A,240,C
MEG_1224|Multi-compound|Drug_and_biocide_resistance|Drug_and_biocide_RND_efflux_pumps|BEPD,G,417,C
MEG_1224|Multi-compound|Drug_and_biocide_resistance|Drug_and_biocide_RND_efflux_pumps|BEPD,G,541,T
MEG_1224|Multi-compound|Drug_and_biocide_resistance|Drug_and_biocide_RND_efflux_pumps|BEPD,G,843,C
MEG_1224|Multi-compound|Drug_and_biocide_resistance|Drug_and_biocide_RND_efflux_pumps|BEPD,A,1147,C
MEG_7669|Multi-compound|Drug_and_biocide_resistance|Drug_and_biocide_RND_efflux_pumps|VEXB,G,536,A
MEG_7669|Multi-compound|Drug_and_biocide_resistance|Drug_and_biocide_RND_efflux_pumps|VEXB,A,2626,G
MEG_7669|Multi-compound|Drug_and_biocide_resistance|Drug_and_biocide_RND_efflux_pumps|VEXB,C,2825,G
MEG_7669|Multi-compound|Drug_and_biocide_resistance|Drug_and_biocide_RND_efflux_pumps|VEXB,A,2872,G
MEG_375|Multi-compound|Drug_and_biocide_resistance|Drug_and_biocide_SMR_efflux_pumps|ABES,C,95,A
MEG_375|Multi-compound|Drug_and_biocide_resistance|Drug_and_biocide_SMR_efflux_pumps|ABES,A,135,G
MEG_2726|Multi-compound|Drug_and_biocide_resistance|Drug_and_biocide_MFS_efflux_pumps|EMRBSM,C,261,G
MEG_2726|Multi-compound|Drug_and_biocide_resistance|Drug_and_biocide_MFS_efflux_pumps|EMRBSM,G,606,C
MEG_2726|Multi-compound|Drug_and_biocide_resistance|Drug_and_biocide_MFS_efflux_pumps|EMRBSM,G,626,T
MEG_2726|Multi-compound|Drug_and_biocide_resistance|Drug_and_biocide_MFS_efflux_pumps|EMRBSM,G,798,C
MEG_2726|Multi-compound|Drug_and_biocide_resistance|Drug_and_biocide_MFS_efflux_pumps|EMRBSM,A,1027,G
MEG_2726|Multi-compound|Drug_and_biocide_resistance|Drug_and_biocide_MFS_efflux_pumps|EMRBSM,C,1366,T
MEG_2722|Multi-compound|Drug_and_biocide_resistance|Drug_and_biocide_MFS_efflux_pumps|EMRA,C,6,A
MEG_2722|Multi-compound|Drug_and_biocide_resistance|Drug_and_biocide_MFS_efflux_pumps|EMRA,C,697,T
MEG_2722|Multi-compound|Drug_and_biocide_resistance|Drug_and_biocide_MFS_efflux_pumps|EMRA,G,726,A
MEG_2722|Multi-compound|Drug_and_biocide_resistance|Drug_and_biocide_MFS_efflux_pumps|EMRA,C,738,T
MEG_3916|Multi-compound|Drug_and_biocide_resistance|Drug_and_biocide_RND_efflux_pumps|MEXJ,C,321,T
MEG_3916|Multi-compound|Drug_and_biocide_resistance|Drug_and_biocide_RND_efflux_pumps|MEXJ,G,832,T
MEG_7672|Multi-compound|Drug_and_biocide_resistance|Drug_and_biocide_RND_efflux_pumps|VEXE,A,82,G
MEG_7672|Multi-compound|Drug_and_biocide_resistance|Drug_and_biocide_RND_efflux_pumps|VEXE,A,284,G
MEG_7672|Multi-compound|Drug_and_biocide_resistance|Drug_and_biocide_RND_efflux_pumps|VEXE,C,397,A
MEG_7672|Multi-compound|Drug_and_biocide_resistance|Drug_and_biocide_RND_efflux_pumps|VEXE,G,403,T
MEG_7672|Multi-compound|Drug_and_biocide_resistance|Drug_and_biocide_RND_efflux_pumps|VEXE,A,772,G
MEG_7672|Multi-compound|Drug_and_biocide_resistance|Drug_and_biocide_RND_efflux_pumps|VEXE,T,781,G
MEG_7672|Multi-compound|Drug_and_biocide_resistance|Drug_and_biocide_RND_efflux_pumps|VEXE,A,953,C
MEG_7672|Multi-compound|Drug_and_biocide_resistance|Drug_and_biocide_RND_efflux_pumps|VEXE,C,996,G
MEG_9194|Multi-compound|Drug_and_biocide_resistance|Drug_and_biocide_RND_efflux_pumps|ACRA,C,113,G
MEG_9194|Multi-compound|Drug_and_biocide_resistance|Drug_and_biocide_RND_efflux_pumps|ACRA,C,161,A
MEG_9194|Multi-compound|Drug_and_biocide_resistance|Drug_and_biocide_RND_efflux_pumps|ACRA,G,254,C
MEG_9194|Multi-compound|Drug_and_biocide_resistance|Drug_and_biocide_RND_efflux_pumps|ACRA,G,514,A
MEG_9194|Multi-compound|Drug_and_biocide_resistance|Drug_and_biocide_RND_efflux_pumps|ACRA,G,561,C
MEG_9194|Multi-compound|Drug_and_biocide_resistance|Drug_and_biocide_RND_efflux_pumps|ACRA,G,881,T
MEG_9194|Multi-compound|Drug_and_biocide_resistance|Drug_and_biocide_RND_efflux_pumps|ACRA,G,922,T
MEG_7296|Multi-compound|Drug_and_biocide_resistance|Drug_and_biocide_RND_efflux_regulator|TTGR,A,142,T
MEG_7296|Multi-compound|Drug_and_biocide_resistance|Drug_and_biocide_RND_efflux_regulator|TTGR,A,146,T
MEG_7296|Multi-compound|Drug_and_biocide_resistance|Drug_and_biocide_RND_efflux_regulator|TTGR,T,538,G
MEG_3514|Multi-compound|Drug_and_biocide_resistance|Drug_and_biocide_SMR_efflux_pumps|KPNE,T,14,C
MEG_3514|Multi-compound|Drug_and_biocide_resistance|Drug_and_biocide_SMR_efflux_pumps|KPNE,A,73,C
MEG_3514|Multi-compound|Drug_and_biocide_resistance|Drug_and_biocide_SMR_efflux_pumps|KPNE,G,82,C
MEG_3514|Multi-compound|Drug_and_biocide_resistance|Drug_and_biocide_SMR_efflux_pumps|KPNE,C,124,A
MEG_3514|Multi-compound|Drug_and_biocide_resistance|Drug_and_biocide_SMR_efflux_pumps|KPNE,A,155,C
MEG_3514|Multi-compound|Drug_and_biocide_resistance|Drug_and_biocide_SMR_efflux_pumps|KPNE,T,178,C
MEG_5843|Multi-compound|Drug_and_biocide_resistance|Drug_and_biocide_SMR_efflux_pumps|QACG,T,10,A
MEG_5843|Multi-compound|Drug_and_biocide_resistance|Drug_and_biocide_SMR_efflux_pumps|QACG,T,197,A
MEG_3912|Multi-compound|Drug_and_biocide_resistance|Drug_and_biocide_RND_efflux_pumps|MEXF,C,1911,A
MEG_6525|Multi-compound|Drug_and_biocide_resistance|Drug_and_biocide_RND_efflux_pumps|SME,G,46,T
MEG_6525|Multi-compound|Drug_and_biocide_resistance|Drug_and_biocide_RND_efflux_pumps|SME,C,163,G
MEG_6525|Multi-compound|Drug_and_biocide_resistance|Drug_and_biocide_RND_efflux_pumps|SME,G,900,T
MEG_6525|Multi-compound|Drug_and_biocide_resistance|Drug_and_biocide_RND_efflux_pumps|SME,C,1040,G
MEG_6525|Multi-compound|Drug_and_biocide_resistance|Drug_and_biocide_RND_efflux_pumps|SME,G,1104,T
MEG_6525|Multi-compound|Drug_and_biocide_resistance|Drug_and_biocide_RND_efflux_pumps|SME,G,1129,T
MEG_6525|Multi-compound|Drug_and_biocide_resistance|Drug_and_biocide_RND_efflux_pumps|SME,C,1166,T
MEG_6559|Biocides|Multi-biocide_resistance|Multi-biocide_RND_efflux_pump|SRPA,T,62,A
MEG_6559|Biocides|Multi-biocide_resistance|Multi-biocide_RND_efflux_pump|SRPA,G,123,T
MEG_6559|Biocides|Multi-biocide_resistance|Multi-biocide_RND_efflux_pump|SRPA,A,493,T
MEG_6559|Biocides|Multi-biocide_resistance|Multi-biocide_RND_efflux_pump|SRPA,C,502,G
MEG_6559|Biocides|Multi-biocide_resistance|Multi-biocide_RND_efflux_pump|SRPA,C,504,A
MEG_6559|Biocides|Multi-biocide_resistance|Multi-biocide_RND_efflux_pump|SRPA,G,713,C
MEG_6559|Biocides|Multi-biocide_resistance|Multi-biocide_RND_efflux_pump|SRPA,G,793,C
MEG_6559|Biocides|Multi-biocide_resistance|Multi-biocide_RND_efflux_pump|SRPA,G,989,T
MEG_6559|Biocides|Multi-biocide_resistance|Multi-biocide_RND_efflux_pump|SRPA,G,1084,C
MEG_6559|Biocides|Multi-biocide_resistance|Multi-biocide_RND_efflux_pump|SRPA,A,1096,C
MEG_6140|Biocides|Multi-biocide_resistance|Multi-biocide_resistance_regulator|RPOS,A,92,C
MEG_6140|Biocides|Multi-biocide_resistance|Multi-biocide_resistance_regulator|RPOS,A,131,T
MEG_6140|Biocides|Multi-biocide_resistance|Multi-biocide_resistance_regulator|RPOS,G,224,C
MEG_6140|Biocides|Multi-biocide_resistance|Multi-biocide_resistance_regulator|RPOS,T,304,C
MEG_6140|Biocides|Multi-biocide_resistance|Multi-biocide_resistance_regulator|RPOS,G,356,C
MEG_6140|Biocides|Multi-biocide_resistance|Multi-biocide_resistance_regulator|RPOS,G,492,T
MEG_6140|Biocides|Multi-biocide_resistance|Multi-biocide_resistance_regulator|RPOS,G,770,C
MEG_6140|Biocides|Multi-biocide_resistance|Multi-biocide_resistance_regulator|RPOS,G,796,T
MEG_6140|Biocides|Multi-biocide_resistance|Multi-biocide_resistance_regulator|RPOS,C,810,A
MEG_6140|Biocides|Multi-biocide_resistance|Multi-biocide_resistance_regulator|RPOS,G,1012,C
MEG_6645|Biocides|Multi-biocide_resistance|Multi-biocide_RND_efflux_pump|TBTA,A,20,G
MEG_6645|Biocides|Multi-biocide_resistance|Multi-biocide_RND_efflux_pump|TBTA,T,31,G
MEG_6645|Biocides|Multi-biocide_resistance|Multi-biocide_RND_efflux_pump|TBTA,A,427,T
MEG_6645|Biocides|Multi-biocide_resistance|Multi-biocide_RND_efflux_pump|TBTA,T,485,C
MEG_6645|Biocides|Multi-biocide_resistance|Multi-biocide_RND_efflux_pump|TBTA,C,618,T
MEG_6645|Biocides|Multi-biocide_resistance|Multi-biocide_RND_efflux_pump|TBTA,C,762,A
MEG_7794|Biocides|Multi-biocide_resistance|Multi-biocide_RND_efflux_pump|VMEK,G,315,C
MEG_7794|Biocides|Multi-biocide_resistance|Multi-biocide_RND_efflux_pump|VMEK,G,2128,T
MEG_7794|Biocides|Multi-biocide_resistance|Multi-biocide_RND_efflux_pump|VMEK,G,2266,C
MEG_7794|Biocides|Multi-biocide_resistance|Multi-biocide_RND_efflux_pump|VMEK,A,2565,G
MEG_7794|Biocides|Multi-biocide_resistance|Multi-biocide_RND_efflux_pump|VMEK,A,2836,G
MEG_7794|Biocides|Multi-biocide_resistance|Multi-biocide_RND_efflux_pump|VMEK,T,3090,G
MEG_7782|Biocides|Multi-biocide_resistance|Multi-biocide_RND_efflux_pump|VMEA,G,612,C
MEG_6549|Biocides|Multi-biocide_resistance|Multi-biocide_resistance_regulator|SOXRB,G,49,T
MEG_6549|Biocides|Multi-biocide_resistance|Multi-biocide_resistance_regulator|SOXRB,T,93,C
MEG_6549|Biocides|Multi-biocide_resistance|Multi-biocide_resistance_regulator|SOXRB,A,149,T
MEG_6549|Biocides|Multi-biocide_resistance|Multi-biocide_resistance_regulator|SOXRB,A,308,G
MEG_6549|Biocides|Multi-biocide_resistance|Multi-biocide_resistance_regulator|SOXRB,T,326,G
MEG_6549|Biocides|Multi-biocide_resistance|Multi-biocide_resistance_regulator|SOXRB,T,347,A
MEG_6549|Biocides|Multi-biocide_resistance|Multi-biocide_resistance_regulator|SOXRB,A,382,G
MEG_6549|Biocides|Multi-biocide_resistance|Multi-biocide_resistance_regulator|SOXRB,A,430,G
MEG_6549|Biocides|Multi-biocide_resistance|Multi-biocide_resistance_regulator|SOXRB,C,439,A
MEG_7789|Biocides|Multi-biocide_resistance|Multi-biocide_RND_efflux_pump|VMEF,G,547,C
MEG_7789|Biocides|Multi-biocide_resistance|Multi-biocide_RND_efflux_pump|VMEF,G,1604,T
MEG_7789|Biocides|Multi-biocide_resistance|Multi-biocide_RND_efflux_pump|VMEF,G,1865,A
MEG_7789|Biocides|Multi-biocide_resistance|Multi-biocide_RND_efflux_pump|VMEF,T,2117,A
MEG_7789|Biocides|Multi-biocide_resistance|Multi-biocide_RND_efflux_pump|VMEF,T,2687,G
MEG_7789|Biocides|Multi-biocide_resistance|Multi-biocide_RND_efflux_pump|VMEF,C,3110,G
MEG_6575|Biocides|Multi-biocide_resistance|Multi-biocide_SMR_efflux_pump|SUGE,T,26,A
MEG_6575|Biocides|Multi-biocide_resistance|Multi-biocide_SMR_efflux_pump|SUGE,T,42,C
MEG_6575|Biocides|Multi-biocide_resistance|Multi-biocide_SMR_efflux_pump|SUGE,G,243,A
MEG_6578|Biocides|Multi-biocide_resistance|Multi-biocide_SMR_efflux_pump|SUGE,G,168,T
MEG_6578|Biocides|Multi-biocide_resistance|Multi-biocide_SMR_efflux_pump|SUGE,T,246,C
MEG_3539|Biocides|Multi-biocide_resistance|Multi-biocide_MFS_efflux_pump|LDE,G,36,A
MEG_3539|Biocides|Multi-biocide_resistance|Multi-biocide_MFS_efflux_pump|LDE,A,52,T
MEG_3539|Biocides|Multi-biocide_resistance|Multi-biocide_MFS_efflux_pump|LDE,T,120,C
MEG_3539|Biocides|Multi-biocide_resistance|Multi-biocide_MFS_efflux_pump|LDE,A,602,T
MEG_3539|Biocides|Multi-biocide_resistance|Multi-biocide_MFS_efflux_pump|LDE,G,723,T
MEG_3539|Biocides|Multi-biocide_resistance|Multi-biocide_MFS_efflux_pump|LDE,T,1178,C
MEG_3539|Biocides|Multi-biocide_resistance|Multi-biocide_MFS_efflux_pump|LDE,A,1205,G
MEG_7785|Biocides|Multi-biocide_resistance|Multi-biocide_RND_efflux_pump|VMEB,G,81,C
MEG_7785|Biocides|Multi-biocide_resistance|Multi-biocide_RND_efflux_pump|VMEB,T,1121,A
MEG_7785|Biocides|Multi-biocide_resistance|Multi-biocide_RND_efflux_pump|VMEB,T,1197,A
MEG_7785|Biocides|Multi-biocide_resistance|Multi-biocide_RND_efflux_pump|VMEB,T,1786,G
MEG_6560|Biocides|Multi-biocide_resistance|Multi-biocide_RND_efflux_pump|SRPB,G,68,C
MEG_6560|Biocides|Multi-biocide_resistance|Multi-biocide_RND_efflux_pump|SRPB,T,1072,A
MEG_6560|Biocides|Multi-biocide_resistance|Multi-biocide_RND_efflux_pump|SRPB,C,1515,A
MEG_7837|Biocides|Multi-biocide_resistance|Multi-biocide_resistance_protein|YJCG,C,69,T
MEG_7837|Biocides|Multi-biocide_resistance|Multi-biocide_resistance_protein|YJCG,G,566,A
MEG_7837|Biocides|Multi-biocide_resistance|Multi-biocide_resistance_protein|YJCG,T,912,A
MEG_7837|Biocides|Multi-biocide_resistance|Multi-biocide_resistance_protein|YJCG,C,1559,G
MEG_7268|Biocides|Multi-biocide_resistance|Multi-biocide_RND_efflux_pump|TOLCSM,G,72,A
MEG_6572|Biocides|Multi-biocide_resistance|Multi-biocide_SMR_efflux_pump|SSME,C,288,G
MEG_6572|Biocides|Multi-biocide_resistance|Multi-biocide_SMR_efflux_pump|SSME,G,327,A
MEG_7778|Biocides|Multi-biocide_resistance|Multi-biocide_RND_efflux_pump|VMEA,G,456,C
MEG_7778|Biocides|Multi-biocide_resistance|Multi-biocide_RND_efflux_pump|VMEA,C,471,G
MEG_6577|Biocides|Multi-biocide_resistance|Multi-biocide_SMR_efflux_pump|SUGE,C,31,T
MEG_6577|Biocides|Multi-biocide_resistance|Multi-biocide_SMR_efflux_pump|SUGE,A,99,C
MEG_6141|Biocides|Multi-biocide_resistance|Multi-biocide_resistance_regulator|RPOS,T,68,C
MEG_6141|Biocides|Multi-biocide_resistance|Multi-biocide_resistance_regulator|RPOS,T,272,C
MEG_7819|Biocides|Multi-biocide_resistance|Multi-biocide_resistance_regulator|YDEO,G,46,C
MEG_7819|Biocides|Multi-biocide_resistance|Multi-biocide_resistance_regulator|YDEO,G,64,A
MEG_7819|Biocides|Multi-biocide_resistance|Multi-biocide_resistance_regulator|YDEO,A,211,G
MEG_7819|Biocides|Multi-biocide_resistance|Multi-biocide_resistance_regulator|YDEO,G,341,C
MEG_7819|Biocides|Multi-biocide_resistance|Multi-biocide_resistance_regulator|YDEO,T,374,G
MEG_7819|Biocides|Multi-biocide_resistance|Multi-biocide_resistance_regulator|YDEO,A,420,T
MEG_7819|Biocides|Multi-biocide_resistance|Multi-biocide_resistance_regulator|YDEO,A,650,G
MEG_7819|Biocides|Multi-biocide_resistance|Multi-biocide_resistance_regulator|YDEO,A,674,C
MEG_7788|Biocides|Multi-biocide_resistance|Multi-biocide_RND_efflux_pump|VMEE,G,784,A
MEG_7787|Biocides|Multi-biocide_resistance|Multi-biocide_RND_efflux_pump|VMED,G,2936,C
MEG_7787|Biocides|Multi-biocide_resistance|Multi-biocide_RND_efflux_pump|VMED,T,2957,C
MEG_3279|Biocides|Multi-biocide_resistance|Multi-biocide_resistance_protein|HSMR,T,68,C
MEG_3279|Biocides|Multi-biocide_resistance|Multi-biocide_resistance_protein|HSMR,C,198,A
MEG_3279|Biocides|Multi-biocide_resistance|Multi-biocide_resistance_protein|HSMR,G,250,A
MEG_7796|Biocides|Multi-biocide_resistance|Multi-biocide_RND_efflux_pump|VMEQ,G,79,C
MEG_7796|Biocides|Multi-biocide_resistance|Multi-biocide_RND_efflux_pump|VMEQ,A,369,T
MEG_7796|Biocides|Multi-biocide_resistance|Multi-biocide_RND_efflux_pump|VMEQ,A,628,G
MEG_7796|Biocides|Multi-biocide_resistance|Multi-biocide_RND_efflux_pump|VMEQ,T,777,A
MEG_7796|Biocides|Multi-biocide_resistance|Multi-biocide_RND_efflux_pump|VMEQ,C,1376,T
MEG_7796|Biocides|Multi-biocide_resistance|Multi-biocide_RND_efflux_pump|VMEQ,G,2689,A
MEG_7796|Biocides|Multi-biocide_resistance|Multi-biocide_RND_efflux_pump|VMEQ,T,2822,A
MEG_7796|Biocides|Multi-biocide_resistance|Multi-biocide_RND_efflux_pump|VMEQ,C,2994,T
MEG_7796|Biocides|Multi-biocide_resistance|Multi-biocide_RND_efflux_pump|VMEQ,A,3106,G
MEG_7796|Biocides|Multi-biocide_resistance|Multi-biocide_RND_efflux_pump|VMEQ,T,3139,G
MEG_1467|Biocides|Multi-biocide_resistance|Multi-biocide_resistance_regulator|BLTR,A,350,T
MEG_1467|Biocides|Multi-biocide_resistance|Multi-biocide_resistance_regulator|BLTR,C,532,A
MEG_1467|Biocides|Multi-biocide_resistance|Multi-biocide_resistance_regulator|BLTR,G,703,C
MEG_3935|Biocides|Multi-biocide_resistance|Multi-biocide_RND_efflux_pump|MEXV,C,342,A
MEG_4298|Biocides|Multi-biocide_resistance|Multi-biocide_RND_efflux_pump|OPRJ,A,189,C
MEG_4298|Biocides|Multi-biocide_resistance|Multi-biocide_RND_efflux_pump|OPRJ,C,331,A
MEG_4298|Biocides|Multi-biocide_resistance|Multi-biocide_RND_efflux_pump|OPRJ,A,440,C
MEG_7783|Biocides|Multi-biocide_resistance|Multi-biocide_RND_efflux_pump|VMEA,A,606,C
MEG_7265|Biocides|Multi-biocide_resistance|Multi-biocide_RND_efflux_pump|TOLC,A,6,T
MEG_7265|Biocides|Multi-biocide_resistance|Multi-biocide_RND_efflux_pump|TOLC,T,38,C
MEG_7265|Biocides|Multi-biocide_resistance|Multi-biocide_RND_efflux_pump|TOLC,G,50,C
MEG_7265|Biocides|Multi-biocide_resistance|Multi-biocide_RND_efflux_pump|TOLC,C,79,A
MEG_7265|Biocides|Multi-biocide_resistance|Multi-biocide_RND_efflux_pump|TOLC,C,114,G
MEG_7265|Biocides|Multi-biocide_resistance|Multi-biocide_RND_efflux_pump|TOLC,T,122,C
MEG_7265|Biocides|Multi-biocide_resistance|Multi-biocide_RND_efflux_pump|TOLC,C,138,T
MEG_2715|Biocides|Multi-biocide_resistance|Multi-biocide_RND_efflux_pump|EMHA,A,236,G
MEG_2715|Biocides|Multi-biocide_resistance|Multi-biocide_RND_efflux_pump|EMHA,C,519,A
MEG_2715|Biocides|Multi-biocide_resistance|Multi-biocide_RND_efflux_pump|EMHA,G,1084,C
MEG_2715|Biocides|Multi-biocide_resistance|Multi-biocide_RND_efflux_pump|EMHA,C,1136,G
MEG_7781|Biocides|Multi-biocide_resistance|Multi-biocide_RND_efflux_pump|VMEA,C,7,G
MEG_7781|Biocides|Multi-biocide_resistance|Multi-biocide_RND_efflux_pump|VMEA,G,92,C
MEG_7781|Biocides|Multi-biocide_resistance|Multi-biocide_RND_efflux_pump|VMEA,C,208,A
MEG_7781|Biocides|Multi-biocide_resistance|Multi-biocide_RND_efflux_pump|VMEA,T,249,G
MEG_7781|Biocides|Multi-biocide_resistance|Multi-biocide_RND_efflux_pump|VMEA,C,347,G
MEG_7781|Biocides|Multi-biocide_resistance|Multi-biocide_RND_efflux_pump|VMEA,G,496,A
MEG_7781|Biocides|Multi-biocide_resistance|Multi-biocide_RND_efflux_pump|VMEA,A,776,T
MEG_7781|Biocides|Multi-biocide_resistance|Multi-biocide_RND_efflux_pump|VMEA,T,798,A
MEG_7781|Biocides|Multi-biocide_resistance|Multi-biocide_RND_efflux_pump|VMEA,G,808,A
MEG_7781|Biocides|Multi-biocide_resistance|Multi-biocide_RND_efflux_pump|VMEA,A,1123,T
MEG_7779|Biocides|Multi-biocide_resistance|Multi-biocide_RND_efflux_pump|VMEA,G,30,C
MEG_7779|Biocides|Multi-biocide_resistance|Multi-biocide_RND_efflux_pump|VMEA,G,56,A
MEG_7779|Biocides|Multi-biocide_resistance|Multi-biocide_RND_efflux_pump|VMEA,A,214,G
MEG_7779|Biocides|Multi-biocide_resistance|Multi-biocide_RND_efflux_pump|VMEA,C,368,T
MEG_7779|Biocides|Multi-biocide_resistance|Multi-biocide_RND_efflux_pump|VMEA,A,515,C
MEG_7779|Biocides|Multi-biocide_resistance|Multi-biocide_RND_efflux_pump|VMEA,G,541,C
MEG_7779|Biocides|Multi-biocide_resistance|Multi-biocide_RND_efflux_pump|VMEA,C,736,G
MEG_7779|Biocides|Multi-biocide_resistance|Multi-biocide_RND_efflux_pump|VMEA,A,765,C
MEG_7779|Biocides|Multi-biocide_resistance|Multi-biocide_RND_efflux_pump|VMEA,A,769,T
MEG_7779|Biocides|Multi-biocide_resistance|Multi-biocide_RND_efflux_pump|VMEA,A,805,G
MEG_7773|Biocides|Multi-biocide_resistance|Multi-biocide_RND_efflux_pump|VMEA,G,572,T
MEG_7773|Biocides|Multi-biocide_resistance|Multi-biocide_RND_efflux_pump|VMEA,A,583,T
MEG_7773|Biocides|Multi-biocide_resistance|Multi-biocide_RND_efflux_pump|VMEA,C,918,T
MEG_7773|Biocides|Multi-biocide_resistance|Multi-biocide_RND_efflux_pump|VMEA,T,1019,A
MEG_6519|Biocides|Multi-biocide_resistance|Multi-biocide_ABC_efflux_pump|SMDA,T,98,C
MEG_6519|Biocides|Multi-biocide_resistance|Multi-biocide_ABC_efflux_pump|SMDA,A,698,T
MEG_6519|Biocides|Multi-biocide_resistance|Multi-biocide_ABC_efflux_pump|SMDA,T,875,C
MEG_6519|Biocides|Multi-biocide_resistance|Multi-biocide_ABC_efflux_pump|SMDA,G,987,C
MEG_6519|Biocides|Multi-biocide_resistance|Multi-biocide_ABC_efflux_pump|SMDA,A,1361,C
MEG_6519|Biocides|Multi-biocide_resistance|Multi-biocide_ABC_efflux_pump|SMDA,G,1419,T
MEG_6519|Biocides|Multi-biocide_resistance|Multi-biocide_ABC_efflux_pump|SMDA,C,1604,A
MEG_6561|Biocides|Multi-biocide_resistance|Multi-biocide_RND_efflux_pump|SRPC,A,164,G
MEG_6561|Biocides|Multi-biocide_resistance|Multi-biocide_RND_efflux_pump|SRPC,T,545,C
MEG_6561|Biocides|Multi-biocide_resistance|Multi-biocide_RND_efflux_pump|SRPC,G,585,T
MEG_6561|Biocides|Multi-biocide_resistance|Multi-biocide_RND_efflux_pump|SRPC,T,770,C
MEG_6561|Biocides|Multi-biocide_resistance|Multi-biocide_RND_efflux_pump|SRPC,C,810,G
MEG_6561|Biocides|Multi-biocide_resistance|Multi-biocide_RND_efflux_pump|SRPC,T,831,G
MEG_6561|Biocides|Multi-biocide_resistance|Multi-biocide_RND_efflux_pump|SRPC,G,849,A
MEG_6561|Biocides|Multi-biocide_resistance|Multi-biocide_RND_efflux_pump|SRPC,T,934,A
MEG_6561|Biocides|Multi-biocide_resistance|Multi-biocide_RND_efflux_pump|SRPC,T,1034,A
MEG_6561|Biocides|Multi-biocide_resistance|Multi-biocide_RND_efflux_pump|SRPC,G,1390,A
MEG_6648|Biocides|Multi-biocide_resistance|Multi-biocide_RND_efflux_regulator|TBTR,C,262,G
MEG_6648|Biocides|Multi-biocide_resistance|Multi-biocide_RND_efflux_regulator|TBTR,G,334,C
MEG_6648|Biocides|Multi-biocide_resistance|Multi-biocide_RND_efflux_regulator|TBTR,G,563,T
MEG_6648|Biocides|Multi-biocide_resistance|Multi-biocide_RND_efflux_regulator|TBTR,G,757,T
MEG_4299|Biocides|Multi-biocide_resistance|Multi-biocide_RND_efflux_pump|OPRM,T,221,C
MEG_4299|Biocides|Multi-biocide_resistance|Multi-biocide_RND_efflux_pump|OPRM,G,352,A
MEG_4299|Biocides|Multi-biocide_resistance|Multi-biocide_RND_efflux_pump|OPRM,C,413,T
MEG_4299|Biocides|Multi-biocide_resistance|Multi-biocide_RND_efflux_pump|OPRM,C,417,T
MEG_4299|Biocides|Multi-biocide_resistance|Multi-biocide_RND_efflux_pump|OPRM,G,490,C
MEG_4299|Biocides|Multi-biocide_resistance|Multi-biocide_RND_efflux_pump|OPRM,G,508,C
MEG_4299|Biocides|Multi-biocide_resistance|Multi-biocide_RND_efflux_pump|OPRM,A,680,T
MEG_4299|Biocides|Multi-biocide_resistance|Multi-biocide_RND_efflux_pump|OPRM,G,733,A
MEG_4299|Biocides|Multi-biocide_resistance|Multi-biocide_RND_efflux_pump|OPRM,C,787,A
MEG_4299|Biocides|Multi-biocide_resistance|Multi-biocide_RND_efflux_pump|OPRM,G,802,T
MEG_7774|Biocides|Multi-biocide_resistance|Multi-biocide_RND_efflux_pump|VMEA,A,13,C
MEG_7774|Biocides|Multi-biocide_resistance|Multi-biocide_RND_efflux_pump|VMEA,G,41,A
MEG_7774|Biocides|Multi-biocide_resistance|Multi-biocide_RND_efflux_pump|VMEA,T,186,A
MEG_7774|Biocides|Multi-biocide_resistance|Multi-biocide_RND_efflux_pump|VMEA,C,656,G
MEG_7774|Biocides|Multi-biocide_resistance|Multi-biocide_RND_efflux_pump|VMEA,T,726,C
MEG_7774|Biocides|Multi-biocide_resistance|Multi-biocide_RND_efflux_pump|VMEA,G,828,C
MEG_2698|Biocides|Multi-biocide_resistance|Multi-biocide_SMR_efflux_pump|EBRB,C,297,T
MEG_5321|Biocides|Multi-biocide_resistance|Multi-biocide_resistance_regulator|OXYRKP,C,274,G
MEG_5321|Biocides|Multi-biocide_resistance|Multi-biocide_resistance_regulator|OXYRKP,T,557,G
MEG_5321|Biocides|Multi-biocide_resistance|Multi-biocide_resistance_regulator|OXYRKP,G,604,A
MEG_5321|Biocides|Multi-biocide_resistance|Multi-biocide_resistance_regulator|OXYRKP,T,648,G
MEG_5321|Biocides|Multi-biocide_resistance|Multi-biocide_resistance_regulator|OXYRKP,C,868,G
MEG_5321|Biocides|Multi-biocide_resistance|Multi-biocide_resistance_regulator|OXYRKP,T,882,A
MEG_5321|Biocides|Multi-biocide_resistance|Multi-biocide_resistance_regulator|OXYRKP,G,913,T
MEG_1468|Biocides|Multi-biocide_resistance|Multi-biocide_resistance_regulator|BLTR,G,129,T
MEG_1468|Biocides|Multi-biocide_resistance|Multi-biocide_resistance_regulator|BLTR,T,138,A
MEG_1468|Biocides|Multi-biocide_resistance|Multi-biocide_resistance_regulator|BLTR,G,256,T
MEG_1468|Biocides|Multi-biocide_resistance|Multi-biocide_resistance_regulator|BLTR,G,358,T
MEG_1468|Biocides|Multi-biocide_resistance|Multi-biocide_resistance_regulator|BLTR,A,399,G
MEG_1468|Biocides|Multi-biocide_resistance|Multi-biocide_resistance_regulator|BLTR,G,586,C
MEG_1468|Biocides|Multi-biocide_resistance|Multi-biocide_resistance_regulator|BLTR,T,594,G
MEG_1468|Biocides|Multi-biocide_resistance|Multi-biocide_resistance_regulator|BLTR,A,604,T
MEG_10506|Drugs|betalactams|Class_A_betalactamases|OKP,T,2,G
MEG_10506|Drugs|betalactams|Class_A_betalactamases|OKP,A,8,C
MEG_10506|Drugs|betalactams|Class_A_betalactamases|OKP,C,21,T
MEG_10506|Drugs|betalactams|Class_A_betalactamases|OKP,C,78,T
MEG_10506|Drugs|betalactams|Class_A_betalactamases|OKP,G,392,A
MEG_10506|Drugs|betalactams|Class_A_betalactamases|OKP,C,540,T
MEG_10506|Drugs|betalactams|Class_A_betalactamases|OKP,G,637,A
MEG_10506|Drugs|betalactams|Class_A_betalactamases|OKP,C,643,T
MEG_10506|Drugs|betalactams|Class_A_betalactamases|OKP,C,651,G
MEG_10506|Drugs|betalactams|Class_A_betalactamases|OKP,C,836,T
MEG_1978|Drugs|betalactams|Class_C_betalactamases|CMY,T,37,C
MEG_1978|Drugs|betalactams|Class_C_betalactamases|CMY,C,146,A
MEG_1978|Drugs|betalactams|Class_C_betalactamases|CMY,C,267,G
MEG_1978|Drugs|betalactams|Class_C_betalactamases|CMY,C,460,G
MEG_1978|Drugs|betalactams|Class_C_betalactamases|CMY,T,480,C
MEG_1978|Drugs|betalactams|Class_C_betalactamases|CMY,A,553,T
MEG_1978|Drugs|betalactams|Class_C_betalactamases|CMY,G,671,A
MEG_1978|Drugs|betalactams|Class_C_betalactamases|CMY,C,1060,G
MEG_1978|Drugs|betalactams|Class_C_betalactamases|CMY,T,1067,A
MEG_1978|Drugs|betalactams|Class_C_betalactamases|CMY,C,1202,T
MEG_6419|Drugs|betalactams|Class_A_betalactamases|SHV,A,70,T
MEG_6419|Drugs|betalactams|Class_A_betalactamases|SHV,C,132,A
MEG_6419|Drugs|betalactams|Class_A_betalactamases|SHV,G,141,A
MEG_6419|Drugs|betalactams|Class_A_betalactamases|SHV,C,265,A
MEG_6419|Drugs|betalactams|Class_A_betalactamases|SHV,C,366,G
MEG_6419|Drugs|betalactams|Class_A_betalactamases|SHV,C,441,A
MEG_5655|Drugs|betalactams|Class_C_betalactamases|PDC,C,62,T
MEG_5655|Drugs|betalactams|Class_C_betalactamases|PDC,G,105,A
MEG_5655|Drugs|betalactams|Class_C_betalactamases|PDC,G,157,T
MEG_5655|Drugs|betalactams|Class_C_betalactamases|PDC,A,224,C
MEG_5655|Drugs|betalactams|Class_C_betalactamases|PDC,G,226,A
MEG_5655|Drugs|betalactams|Class_C_betalactamases|PDC,G,984,C
MEG_5655|Drugs|betalactams|Class_C_betalactamases|PDC,G,1085,T
MEG_5404|Drugs|betalactams|Penicillin_binding_protein|PBP2,A,318,C
MEG_5404|Drugs|betalactams|Penicillin_binding_protein|PBP2,A,474,G
MEG_5404|Drugs|betalactams|Penicillin_binding_protein|PBP2,A,1891,G
MEG_6942|Drugs|betalactams|Class_A_betalactamases|TEM,A,62,T
MEG_6942|Drugs|betalactams|Class_A_betalactamases|TEM,G,265,C
MEG_6942|Drugs|betalactams|Class_A_betalactamases|TEM,A,780,T
MEG_6942|Drugs|betalactams|Class_A_betalactamases|TEM,G,802,T
MEG_6942|Drugs|betalactams|Class_A_betalactamases|TEM,G,1053,C
MEG_5265|Drugs|betalactams|Class_D_betalactamases|OXA,C,65,T
MEG_5265|Drugs|betalactams|Class_D_betalactamases|OXA,A,128,C
MEG_5265|Drugs|betalactams|Class_D_betalactamases|OXA,T,137,A
MEG_5265|Drugs|betalactams|Class_D_betalactamases|OXA,A,295,G
MEG_5265|Drugs|betalactams|Class_D_betalactamases|OXA,A,323,T
MEG_5265|Drugs|betalactams|Class_D_betalactamases|OXA,T,503,C
MEG_5265|Drugs|betalactams|Class_D_betalactamases|OXA,C,616,T
MEG_5265|Drugs|betalactams|Class_D_betalactamases|OXA,A,683,G
MEG_5265|Drugs|betalactams|Class_D_betalactamases|OXA,A,762,T
MEG_5265|Drugs|betalactams|Class_D_betalactamases|OXA,A,793,T
MEG_2178|Drugs|betalactams|Class_A_betalactamases|CTX,C,165,T
MEG_2178|Drugs|betalactams|Class_A_betalactamases|CTX,A,412,G
MEG_2178|Drugs|betalactams|Class_A_betalactamases|CTX,G,725,C
MEG_2178|Drugs|betalactams|Class_A_betalactamases|CTX,A,743,T
MEG_2178|Drugs|betalactams|Class_A_betalactamases|CTX,G,837,T
MEG_2178|Drugs|betalactams|Class_A_betalactamases|CTX,C,871,A
MEG_10001|Drugs|betalactams|Class_D_betalactamases|OXA,T,101,G
MEG_6700|Drugs|betalactams|Class_A_betalactamases|TEM,T,17,G
MEG_6700|Drugs|betalactams|Class_A_betalactamases|TEM,T,21,A
MEG_6700|Drugs|betalactams|Class_A_betalactamases|TEM,G,201,A
MEG_6700|Drugs|betalactams|Class_A_betalactamases|TEM,G,219,A
MEG_6700|Drugs|betalactams|Class_A_betalactamases|TEM,G,498,C
MEG_1951|Drugs|betalactams|Class_C_betalactamases|CMY,A,432,T
MEG_1951|Drugs|betalactams|Class_C_betalactamases|CMY,C,502,T
MEG_1951|Drugs|betalactams|Class_C_betalactamases|CMY,A,579,T
MEG_1951|Drugs|betalactams|Class_C_betalactamases|CMY,T,590,C
MEG_1951|Drugs|betalactams|Class_C_betalactamases|CMY,A,689,C
MEG_1951|Drugs|betalactams|Class_C_betalactamases|CMY,C,814,T
MEG_3633|Drugs|betalactams|Class_B_betalactamases|LRA,T,432,C
MEG_5541|Drugs|betalactams|Class_C_betalactamases|PDC,G,246,A
MEG_5541|Drugs|betalactams|Class_C_betalactamases|PDC,C,394,T
MEG_5541|Drugs|betalactams|Class_C_betalactamases|PDC,C,633,A
MEG_5541|Drugs|betalactams|Class_C_betalactamases|PDC,C,657,T
MEG_5541|Drugs|betalactams|Class_C_betalactamases|PDC,G,988,T
MEG_9902|Drugs|betalactams|Class_D_betalactamases|OXA,C,212,A
MEG_9902|Drugs|betalactams|Class_D_betalactamases|OXA,G,372,A
MEG_9902|Drugs|betalactams|Class_D_betalactamases|OXA,T,535,C
MEG_9902|Drugs|betalactams|Class_D_betalactamases|OXA,G,576,C
MEG_9902|Drugs|betalactams|Class_D_betalactamases|OXA,G,664,T
MEG_10323|Drugs|betalactams|Class_C_betalactamases|PDC,G,185,C
MEG_10323|Drugs|betalactams|Class_C_betalactamases|PDC,T,207,A
MEG_10323|Drugs|betalactams|Class_C_betalactamases|PDC,G,208,A
MEG_10323|Drugs|betalactams|Class_C_betalactamases|PDC,G,238,T
MEG_10323|Drugs|betalactams|Class_C_betalactamases|PDC,C,310,T
MEG_10323|Drugs|betalactams|Class_C_betalactamases|PDC,C,330,A
MEG_10323|Drugs|betalactams|Class_C_betalactamases|PDC,C,512,A
MEG_10323|Drugs|betalactams|Class_C_betalactamases|PDC,G,813,T
MEG_10323|Drugs|betalactams|Class_C_betalactamases|PDC,A,1004,C
MEG_10323|Drugs|betalactams|Class_C_betalactamases|PDC,G,1056,C
MEG_1907|Drugs|betalactams|Class_C_betalactamases|CMY,C,288,T
MEG_1907|Drugs|betalactams|Class_C_betalactamases|CMY,T,462,G
MEG_1907|Drugs|betalactams|Class_C_betalactamases|CMY,G,1018,C
MEG_3768|Drugs|betalactams|Penicillin_binding_protein|MECA,T,182,C
MEG_3768|Drugs|betalactams|Penicillin_binding_protein|MECA,A,403,T
MEG_3768|Drugs|betalactams|Penicillin_binding_protein|MECA,T,636,A
MEG_3768|Drugs|betalactams|Penicillin_binding_protein|MECA,T,931,C
MEG_3768|Drugs|betalactams|Penicillin_binding_protein|MECA,A,976,G
MEG_3768|Drugs|betalactams|Penicillin_binding_protein|MECA,A,1501,G
MEG_3768|Drugs|betalactams|Penicillin_binding_protein|MECA,G,1954,T
MEG_2422|Drugs|betalactams|Class_A_betalactamases|CTX,G,234,A
MEG_2422|Drugs|betalactams|Class_A_betalactamases|CTX,A,264,C
MEG_2422|Drugs|betalactams|Class_A_betalactamases|CTX,G,268,A
MEG_2422|Drugs|betalactams|Class_A_betalactamases|CTX,G,349,C
MEG_2422|Drugs|betalactams|Class_A_betalactamases|CTX,C,364,T
MEG_2351|Drugs|betalactams|Class_A_betalactamases|CTX,C,103,G
MEG_2351|Drugs|betalactams|Class_A_betalactamases|CTX,G,241,C
MEG_3576|Drugs|betalactams|Class_A_betalactamases|LEN,C,130,G
MEG_3576|Drugs|betalactams|Class_A_betalactamases|LEN,T,251,A
MEG_3576|Drugs|betalactams|Class_A_betalactamases|LEN,G,624,A
MEG_3576|Drugs|betalactams|Class_A_betalactamases|LEN,A,796,T
MEG_1669|Drugs|betalactams|Class_B_betalactamases|CFIA,T,2,C
MEG_1669|Drugs|betalactams|Class_B_betalactamases|CFIA,C,31,T
MEG_1669|Drugs|betalactams|Class_B_betalactamases|CFIA,A,69,G
MEG_1669|Drugs|betalactams|Class_B_betalactamases|CFIA,C,258,A
MEG_1669|Drugs|betalactams|Class_B_betalactamases|CFIA,C,459,A
MEG_1669|Drugs|betalactams|Class_B_betalactamases|CFIA,C,582,A
MEG_1669|Drugs|betalactams|Class_B_betalactamases|CFIA,T,652,C
MEG_1669|Drugs|betalactams|Class_B_betalactamases|CFIA,G,671,C
MEG_1669|Drugs|betalactams|Class_B_betalactamases|CFIA,A,749,G
MEG_6479|Drugs|betalactams|Class_A_betalactamases|SHV,G,163,A
MEG_9002|Drugs|betalactams|Class_C_betalactamases|MIR,T,70,A
MEG_9002|Drugs|betalactams|Class_C_betalactamases|MIR,C,350,A
MEG_9002|Drugs|betalactams|Class_C_betalactamases|MIR,A,617,T
MEG_9002|Drugs|betalactams|Class_C_betalactamases|MIR,T,655,G
MEG_9002|Drugs|betalactams|Class_C_betalactamases|MIR,A,769,C
MEG_9002|Drugs|betalactams|Class_C_betalactamases|MIR,T,871,A
MEG_9002|Drugs|betalactams|Class_C_betalactamases|MIR,G,1077,C
MEG_4527|Drugs|betalactams|Class_D_betalactamases|OXA,A,99,G
MEG_4527|Drugs|betalactams|Class_D_betalactamases|OXA,T,206,A
MEG_4527|Drugs|betalactams|Class_D_betalactamases|OXA,T,736,G
MEG_4144|Drugs|betalactams|Class_B_betalactamases|NDM,T,50,G
MEG_4144|Drugs|betalactams|Class_B_betalactamases|NDM,G,283,T
MEG_4144|Drugs|betalactams|Class_B_betalactamases|NDM,C,356,T
MEG_4144|Drugs|betalactams|Class_B_betalactamases|NDM,G,427,T
MEG_4144|Drugs|betalactams|Class_B_betalactamases|NDM,T,531,A
MEG_4144|Drugs|betalactams|Class_B_betalactamases|NDM,A,566,G
MEG_4144|Drugs|betalactams|Class_B_betalactamases|NDM,A,658,C
MEG_4144|Drugs|betalactams|Class_B_betalactamases|NDM,G,681,C
MEG_4144|Drugs|betalactams|Class_B_betalactamases|NDM,C,702,G
MEG_4144|Drugs|betalactams|Class_B_betalactamases|NDM,A,775,C
MEG_9662|Drugs|betalactams|Class_A_betalactamases|OXY,G,156,T
MEG_11178|Drugs|betalactams|Class_D_betalactamases|OXA,G,34,A
MEG_11178|Drugs|betalactams|Class_D_betalactamases|OXA,A,58,C
MEG_11178|Drugs|betalactams|Class_D_betalactamases|OXA,G,267,A
MEG_11178|Drugs|betalactams|Class_D_betalactamases|OXA,G,307,C
MEG_11178|Drugs|betalactams|Class_D_betalactamases|OXA,C,518,G
MEG_11178|Drugs|betalactams|Class_D_betalactamases|OXA,C,528,T
MEG_11178|Drugs|betalactams|Class_D_betalactamases|OXA,C,539,T
MEG_11178|Drugs|betalactams|Class_D_betalactamases|OXA,C,677,A
MEG_6673|Drugs|betalactams|Class_A_betalactamases|TEM,G,87,A
MEG_6673|Drugs|betalactams|Class_A_betalactamases|TEM,T,102,C
MEG_6673|Drugs|betalactams|Class_A_betalactamases|TEM,G,306,T
MEG_6673|Drugs|betalactams|Class_A_betalactamases|TEM,C,320,T
MEG_6673|Drugs|betalactams|Class_A_betalactamases|TEM,A,616,T
MEG_6673|Drugs|betalactams|Class_A_betalactamases|TEM,T,669,C
MEG_7951|Drugs|betalactams|Class_C_betalactamases|ADC,T,827,C
MEG_7951|Drugs|betalactams|Class_C_betalactamases|ADC,G,880,A
MEG_3395|Drugs|betalactams|Class_B_betalactamases|IMP,T,177,C
MEG_3395|Drugs|betalactams|Class_B_betalactamases|IMP,T,207,G
MEG_3395|Drugs|betalactams|Class_B_betalactamases|IMP,G,368,T
MEG_3395|Drugs|betalactams|Class_B_betalactamases|IMP,T,541,C
MEG_3395|Drugs|betalactams|Class_B_betalactamases|IMP,T,794,G
MEG_538|Drugs|betalactams|Class_C_betalactamases|ADC,T,187,C
MEG_538|Drugs|betalactams|Class_C_betalactamases|ADC,G,485,A
MEG_538|Drugs|betalactams|Class_C_betalactamases|ADC,T,555,A
MEG_538|Drugs|betalactams|Class_C_betalactamases|ADC,T,998,A
MEG_10895|Drugs|betalactams|Class_A_betalactamases|LEN,C,150,G
MEG_10895|Drugs|betalactams|Class_A_betalactamases|LEN,A,290,C
MEG_10895|Drugs|betalactams|Class_A_betalactamases|LEN,G,386,T
MEG_10895|Drugs|betalactams|Class_A_betalactamases|LEN,G,475,A
MEG_10895|Drugs|betalactams|Class_A_betalactamases|LEN,A,581,T
MEG_10895|Drugs|betalactams|Class_A_betalactamases|LEN,G,712,C
MEG_10895|Drugs|betalactams|Class_A_betalactamases|LEN,C,819,G
MEG_5276|Drugs|betalactams|Class_D_betalactamases|OXA,T,486,G
MEG_5276|Drugs|betalactams|Class_D_betalactamases|OXA,A,557,T
MEG_5276|Drugs|betalactams|Class_D_betalactamases|OXA,C,696,G
MEG_5276|Drugs|betalactams|Class_D_betalactamases|OXA,T,769,C
MEG_10588|Drugs|betalactams|Class_A_betalactamases|OKP,G,81,T
MEG_11000|Drugs|betalactams|Class_A_betalactamases|OXY,T,162,A
MEG_11000|Drugs|betalactams|Class_A_betalactamases|OXY,A,163,T
MEG_11000|Drugs|betalactams|Class_A_betalactamases|OXY,A,381,C
MEG_11000|Drugs|betalactams|Class_A_betalactamases|OXY,A,542,G
MEG_11000|Drugs|betalactams|Class_A_betalactamases|OXY,G,635,A
MEG_10806|Drugs|betalactams|Class_A_betalactamases|LEN,T,594,C
MEG_10806|Drugs|betalactams|Class_A_betalactamases|LEN,G,655,A
MEG_6375|Drugs|betalactams|Class_A_betalactamases|SHV,A,180,G
MEG_6375|Drugs|betalactams|Class_A_betalactamases|SHV,A,461,G
MEG_6375|Drugs|betalactams|Class_A_betalactamases|SHV,G,523,A
MEG_6375|Drugs|betalactams|Class_A_betalactamases|SHV,G,609,C
MEG_6375|Drugs|betalactams|Class_A_betalactamases|SHV,A,817,T
MEG_3551|Drugs|betalactams|Class_A_betalactamases|LEN,G,87,C
MEG_3551|Drugs|betalactams|Class_A_betalactamases|LEN,C,197,T
MEG_3551|Drugs|betalactams|Class_A_betalactamases|LEN,C,210,A
MEG_3551|Drugs|betalactams|Class_A_betalactamases|LEN,G,258,T
MEG_3551|Drugs|betalactams|Class_A_betalactamases|LEN,C,267,T
MEG_3551|Drugs|betalactams|Class_A_betalactamases|LEN,G,434,T
MEG_3551|Drugs|betalactams|Class_A_betalactamases|LEN,A,531,T
MEG_3551|Drugs|betalactams|Class_A_betalactamases|LEN,C,739,A
MEG_2432|Drugs|betalactams|Class_A_betalactamases|CTX,C,305,A
MEG_2432|Drugs|betalactams|Class_A_betalactamases|CTX,C,442,G
MEG_2432|Drugs|betalactams|Class_A_betalactamases|CTX,T,456,G
MEG_2432|Drugs|betalactams|Class_A_betalactamases|CTX,C,619,A
MEG_2432|Drugs|betalactams|Class_A_betalactamases|CTX,C,823,G
MEG_2432|Drugs|betalactams|Class_A_betalactamases|CTX,C,874,T
MEG_2432|Drugs|betalactams|Class_A_betalactamases|CTX,C,887,A
MEG_8125|Drugs|betalactams|Class_B_betalactamases|GOB,A,85,C
MEG_8125|Drugs|betalactams|Class_B_betalactamases|GOB,A,186,C
MEG_8125|Drugs|betalactams|Class_B_betalactamases|GOB,G,195,T
MEG_8125|Drugs|betalactams|Class_B_betalactamases|GOB,C,218,G
MEG_8125|Drugs|betalactams|Class_B_betalactamases|GOB,A,289,T
MEG_8125|Drugs|betalactams|Class_B_betalactamases|GOB,G,313,C
MEG_8125|Drugs|betalactams|Class_B_betalactamases|GOB,A,475,C
MEG_8125|Drugs|betalactams|Class_B_betalactamases|GOB,A,530,T
MEG_8125|Drugs|betalactams|Class_B_betalactamases|GOB,A,836,C
MEG_396|Metals|Iron_resistance|Iron_resistance_protein|ACN,C,721,T
MEG_396|Metals|Iron_resistance|Iron_resistance_protein|ACN,C,2809,T
MEG_1230|Metals|Iron_resistance|Iron_resistance_protein|BFRA,T,108,A
MEG_1230|Metals|Iron_resistance|Iron_resistance_protein|BFRA,T,109,C
MEG_1230|Metals|Iron_resistance|Iron_resistance_protein|BFRA,T,111,C
MEG_1230|Metals|Iron_resistance|Iron_resistance_protein|BFRA,C,213,A
MEG_1230|Metals|Iron_resistance|Iron_resistance_protein|BFRA,T,248,C
MEG_1230|Metals|Iron_resistance|Iron_resistance_protein|BFRA,G,291,A
MEG_1230|Metals|Iron_resistance|Iron_resistance_protein|BFRA,T,431,G
MEG_3063|Metals|Iron_resistance|Iron_resistance_regulator|FURA,T,308,A
MEG_3063|Metals|Iron_resistance|Iron_resistance_regulator|FURA,A,353,C
MEG_3064|Metals|Iron_resistance|Iron_resistance_regulator|FURA,G,323,T
MEG_7811|Metals|Iron_resistance|Iron_resistance_protein|YBTP,A,11,C
MEG_7811|Metals|Iron_resistance|Iron_resistance_protein|YBTP,T,13,A
MEG_7811|Metals|Iron_resistance|Iron_resistance_protein|YBTP,A,358,T
MEG_7811|Metals|Iron_resistance|Iron_resistance_protein|YBTP,G,654,A
MEG_7811|Metals|Iron_resistance|Iron_resistance_protein|YBTP,G,1101,A
MEG_7811|Metals|Iron_resistance|Iron_resistance_protein|YBTP,G,1144,T
MEG_7811|Metals|Iron_resistance|Iron_resistance_protein|YBTP,C,1281,T
MEG_7811|Metals|Iron_resistance|Iron_resistance_protein|YBTP,A,1306,T
MEG_7811|Metals|Iron_resistance|Iron_resistance_protein|YBTP,G,1381,T
MEG_7812|Metals|Iron_resistance|Iron_resistance_protein|YBTQ,T,1400,A
MEG_717|Metals|Arsenic_resistance|Arsenite_oxidase_regulator|AIOX,A,422,G
MEG_717|Metals|Arsenic_resistance|Arsenite_oxidase_regulator|AIOX,G,718,C
MEG_717|Metals|Arsenic_resistance|Arsenite_oxidase_regulator|AIOX,G,810,C
MEG_717|Metals|Arsenic_resistance|Arsenite_oxidase_regulator|AIOX,C,862,T
MEG_717|Metals|Arsenic_resistance|Arsenite_oxidase_regulator|AIOX,A,871,T
MEG_5814|Metals|Arsenic_resistance|Arsenic_resistance_protein|PSTB,G,271,T
MEG_5814|Metals|Arsenic_resistance|Arsenic_resistance_protein|PSTB,T,453,G
MEG_5814|Metals|Arsenic_resistance|Arsenic_resistance_protein|PSTB,C,644,T
MEG_1139|Metals|Arsenic_resistance|Arsenic_resistance_protein|ARRA,C,418,A
MEG_1139|Metals|Arsenic_resistance|Arsenic_resistance_protein|ARRA,T,798,A
MEG_1139|Metals|Arsenic_resistance|Arsenic_resistance_protein|ARRA,G,949,A
MEG_1139|Metals|Arsenic_resistance|Arsenic_resistance_protein|ARRA,G,1795,A
MEG_1139|Metals|Arsenic_resistance|Arsenic_resistance_protein|ARRA,G,1903,T
MEG_1139|Metals|Arsenic_resistance|Arsenic_resistance_protein|ARRA,A,2007,G
MEG_1139|Metals|Arsenic_resistance|Arsenic_resistance_protein|ARRA,T,2368,C
MEG_1139|Metals|Arsenic_resistance|Arsenic_resistance_protein|ARRA,C,2436,A
MEG_398|Metals|Arsenic_resistance|Arsenic_resistance_membrane_transporter|ACR3,T,48,G
MEG_398|Metals|Arsenic_resistance|Arsenic_resistance_membrane_transporter|ACR3,T,125,A
MEG_398|Metals|Arsenic_resistance|Arsenic_resistance_membrane_transporter|ACR3,T,158,G
MEG_398|Metals|Arsenic_resistance|Arsenic_resistance_membrane_transporter|ACR3,T,209,A
MEG_398|Metals|Arsenic_resistance|Arsenic_resistance_membrane_transporter|ACR3,C,261,G
MEG_398|Metals|Arsenic_resistance|Arsenic_resistance_membrane_transporter|ACR3,A,321,G
MEG_398|Metals|Arsenic_resistance|Arsenic_resistance_membrane_transporter|ACR3,T,764,C
MEG_398|Metals|Arsenic_resistance|Arsenic_resistance_membrane_transporter|ACR3,C,773,T
MEG_398|Metals|Arsenic_resistance|Arsenic_resistance_membrane_transporter|ACR3,A,933,T
MEG_11332|Metals|Arsenic_resistance|Arsenic_resistance_regulator|ARSR,A,16,G
MEG_11332|Metals|Arsenic_resistance|Arsenic_resistance_regulator|ARSR,T,22,G
MEG_11332|Metals|Arsenic_resistance|Arsenic_resistance_regulator|ARSR,G,33,C
MEG_11332|Metals|Arsenic_resistance|Arsenic_resistance_regulator|ARSR,A,85,C
MEG_11332|Metals|Arsenic_resistance|Arsenic_resistance_regulator|ARSR,T,107,A
MEG_11332|Metals|Arsenic_resistance|Arsenic_resistance_regulator|ARSR,A,190,G
MEG_11332|Metals|Arsenic_resistance|Arsenic_resistance_regulator|ARSR,A,203,G
MEG_11332|Metals|Arsenic_resistance|Arsenic_resistance_regulator|ARSR,G,316,T
MEG_11332|Metals|Arsenic_resistance|Arsenic_resistance_regulator|ARSR,T,349,G
MEG_11327|Metals|Arsenic_resistance|Arsenic_resistance_protein|ARSD,T,6,A
MEG_11327|Metals|Arsenic_resistance|Arsenic_resistance_protein|ARSD,A,23,T
MEG_11327|Metals|Arsenic_resistance|Arsenic_resistance_protein|ARSD,T,80,A
MEG_11327|Metals|Arsenic_resistance|Arsenic_resistance_protein|ARSD,A,180,T
MEG_11327|Metals|Arsenic_resistance|Arsenic_resistance_protein|ARSD,T,231,G
MEG_11327|Metals|Arsenic_resistance|Arsenic_resistance_protein|ARSD,T,271,A
MEG_11327|Metals|Arsenic_resistance|Arsenic_resistance_protein|ARSD,C,335,A
MEG_11327|Metals|Arsenic_resistance|Arsenic_resistance_protein|ARSD,T,346,G
MEG_716|Metals|Arsenic_resistance|Arsenite_oxidase_regulator|AIOS,T,551,C
MEG_1156|Metals|Arsenic_resistance|Arsenic_resistance_protein|ARSC,G,35,C
MEG_1156|Metals|Arsenic_resistance|Arsenic_resistance_protein|ARSC,A,62,G
MEG_1156|Metals|Arsenic_resistance|Arsenic_resistance_protein|ARSC,G,144,A
MEG_1156|Metals|Arsenic_resistance|Arsenic_resistance_protein|ARSC,G,156,C
MEG_1156|Metals|Arsenic_resistance|Arsenic_resistance_protein|ARSC,A,221,C
MEG_1156|Metals|Arsenic_resistance|Arsenic_resistance_protein|ARSC,A,289,C
MEG_1156|Metals|Arsenic_resistance|Arsenic_resistance_protein|ARSC,C,346,A
MEG_715|Metals|Arsenic_resistance|Arsenite_oxidase_regulator|AIOR,A,536,C
MEG_715|Metals|Arsenic_resistance|Arsenite_oxidase_regulator|AIOR,A,1178,T
MEG_715|Metals|Arsenic_resistance|Arsenite_oxidase_regulator|AIOR,C,1252,G
MEG_5816|Metals|Arsenic_resistance|Arsenic_resistance_protein|PSTS,C,245,G
MEG_5816|Metals|Arsenic_resistance|Arsenic_resistance_protein|PSTS,A,743,C
MEG_1157|Metals|Arsenic_resistance|Arsenic_resistance_protein|ARSC,T,60,A
MEG_1157|Metals|Arsenic_resistance|Arsenic_resistance_protein|ARSC,C,126,G
MEG_1157|Metals|Arsenic_resistance|Arsenic_resistance_protein|ARSC,T,213,A
MEG_1157|Metals|Arsenic_resistance|Arsenic_resistance_protein|ARSC,T,300,A
MEG_1157|Metals|Arsenic_resistance|Arsenic_resistance_protein|ARSC,T,309,A
MEG_11328|Metals|Arsenic_resistance|Arsenic_resistance_protein|ARSD,T,309,G
MEG_11363|Metals|Arsenic_resistance|Arsenic_resistance_N-acetyltransferases|ARSN2,A,180,G
MEG_1171|Metals|Arsenic_resistance|Arsenic_resistance_regulator|ARSR,A,194,C
MEG_1172|Metals|Arsenic_resistance|Arsenic_resistance_regulator|ARSR,G,119,T
MEG_1172|Metals|Arsenic_resistance|Arsenic_resistance_regulator|ARSR,T,120,C
MEG_1172|Metals|Arsenic_resistance|Arsenic_resistance_regulator|ARSR,T,143,A
MEG_1172|Metals|Arsenic_resistance|Arsenic_resistance_regulator|ARSR,T,160,C
MEG_1172|Metals|Arsenic_resistance|Arsenic_resistance_regulator|ARSR,T,225,A
MEG_1172|Metals|Arsenic_resistance|Arsenic_resistance_regulator|ARSR,A,270,C
MEG_1172|Metals|Arsenic_resistance|Arsenic_resistance_regulator|ARSR,A,283,T
MEG_1172|Metals|Arsenic_resistance|Arsenic_resistance_regulator|ARSR,T,313,G
MEG_5813|Metals|Arsenic_resistance|Arsenic_resistance_protein|PSTA,A,268,T
MEG_5813|Metals|Arsenic_resistance|Arsenic_resistance_protein|PSTA,T,401,C
MEG_5813|Metals|Arsenic_resistance|Arsenic_resistance_protein|PSTA,C,560,G
MEG_1155|Metals|Arsenic_resistance|Arsenic_resistance_protein|ARSC,C,143,G
MEG_1147|Metals|Arsenic_resistance|Arsenic_resistance_protein|ARSB,A,184,T
MEG_1147|Metals|Arsenic_resistance|Arsenic_resistance_protein|ARSB,T,239,G
MEG_1147|Metals|Arsenic_resistance|Arsenic_resistance_protein|ARSB,G,382,C
MEG_1147|Metals|Arsenic_resistance|Arsenic_resistance_protein|ARSB,T,399,A
MEG_1147|Metals|Arsenic_resistance|Arsenic_resistance_protein|ARSB,T,427,C
MEG_1147|Metals|Arsenic_resistance|Arsenic_resistance_protein|ARSB,A,626,C
MEG_1147|Metals|Arsenic_resistance|Arsenic_resistance_protein|ARSB,T,794,A
MEG_1147|Metals|Arsenic_resistance|Arsenic_resistance_protein|ARSB,A,878,G
MEG_1167|Metals|Arsenic_resistance|Arsenic_resistance_protein|ARSH,C,18,A
MEG_1167|Metals|Arsenic_resistance|Arsenic_resistance_protein|ARSH,G,156,C
MEG_1167|Metals|Arsenic_resistance|Arsenic_resistance_protein|ARSH,T,239,C
MEG_1167|Metals|Arsenic_resistance|Arsenic_resistance_protein|ARSH,A,357,G
MEG_1167|Metals|Arsenic_resistance|Arsenic_resistance_protein|ARSH,A,428,C
MEG_1167|Metals|Arsenic_resistance|Arsenic_resistance_protein|ARSH,A,579,C
MEG_1167|Metals|Arsenic_resistance|Arsenic_resistance_protein|ARSH,C,596,T
MEG_1167|Metals|Arsenic_resistance|Arsenic_resistance_protein|ARSH,C,598,A
MEG_1146|Metals|Arsenic_resistance|Arsenic_resistance_protein|ARSB,C,14,A
MEG_1146|Metals|Arsenic_resistance|Arsenic_resistance_protein|ARSB,G,316,T
MEG_1146|Metals|Arsenic_resistance|Arsenic_resistance_protein|ARSB,A,358,G
MEG_1146|Metals|Arsenic_resistance|Arsenic_resistance_protein|ARSB,A,555,C
MEG_1146|Metals|Arsenic_resistance|Arsenic_resistance_protein|ARSB,G,587,C
MEG_1146|Metals|Arsenic_resistance|Arsenic_resistance_protein|ARSB,A,820,G
MEG_1146|Metals|Arsenic_resistance|Arsenic_resistance_protein|ARSB,C,848,G
MEG_1146|Metals|Arsenic_resistance|Arsenic_resistance_protein|ARSB,A,963,C
MEG_11360|Metals|Arsenic_resistance|Arsenic_resistance_N-acetyltransferases|ARSN2,C,34,G
MEG_11360|Metals|Arsenic_resistance|Arsenic_resistance_N-acetyltransferases|ARSN2,C,141,T
MEG_11360|Metals|Arsenic_resistance|Arsenic_resistance_N-acetyltransferases|ARSN2,G,160,T
MEG_11360|Metals|Arsenic_resistance|Arsenic_resistance_N-acetyltransferases|ARSN2,C,188,T
MEG_11360|Metals|Arsenic_resistance|Arsenic_resistance_N-acetyltransferases|ARSN2,A,295,T
MEG_11360|Metals|Arsenic_resistance|Arsenic_resistance_N-acetyltransferases|ARSN2,T,393,G
MEG_11360|Metals|Arsenic_resistance|Arsenic_resistance_N-acetyltransferases|ARSN2,C,395,T
MEG_11360|Metals|Arsenic_resistance|Arsenic_resistance_N-acetyltransferases|ARSN2,G,438,T
MEG_11360|Metals|Arsenic_resistance|Arsenic_resistance_N-acetyltransferases|ARSN2,A,486,C
MEG_1141|Metals|Arsenic_resistance|Arsenic_resistance_protein|ARRB,G,35,A
MEG_1141|Metals|Arsenic_resistance|Arsenic_resistance_protein|ARRB,T,221,A
MEG_1141|Metals|Arsenic_resistance|Arsenic_resistance_protein|ARRB,A,233,C
MEG_1141|Metals|Arsenic_resistance|Arsenic_resistance_protein|ARRB,C,457,A
MEG_1141|Metals|Arsenic_resistance|Arsenic_resistance_protein|ARRB,G,556,A
MEG_1141|Metals|Arsenic_resistance|Arsenic_resistance_protein|ARRB,A,584,C
MEG_1141|Metals|Arsenic_resistance|Arsenic_resistance_protein|ARRB,A,595,C
MEG_1141|Metals|Arsenic_resistance|Arsenic_resistance_protein|ARRB,A,632,G
MEG_1141|Metals|Arsenic_resistance|Arsenic_resistance_protein|ARRB,G,649,C
MEG_1141|Metals|Arsenic_resistance|Arsenic_resistance_protein|ARRB,G,686,T
MEG_11252|Metals|Arsenic_resistance|Arsenic_resistance_regulator|ARSR,G,78,A
MEG_11252|Metals|Arsenic_resistance|Arsenic_resistance_regulator|ARSR,C,117,G
MEG_11252|Metals|Arsenic_resistance|Arsenic_resistance_regulator|ARSR,T,144,C
MEG_11252|Metals|Arsenic_resistance|Arsenic_resistance_regulator|ARSR,T,155,A
MEG_11252|Metals|Arsenic_resistance|Arsenic_resistance_regulator|ARSR,C,208,T
MEG_11252|Metals|Arsenic_resistance|Arsenic_resistance_regulator|ARSR,G,307,C
MEG_1159|Metals|Arsenic_resistance|Arsenic_resistance_protein|ARSC,G,159,A
MEG_1159|Metals|Arsenic_resistance|Arsenic_resistance_protein|ARSC,C,224,A
MEG_1159|Metals|Arsenic_resistance|Arsenic_resistance_protein|ARSC,C,275,G
MEG_1159|Metals|Arsenic_resistance|Arsenic_resistance_protein|ARSC,G,351,T
MEG_711|Metals|Arsenic_resistance|Arsenite_oxidase|AIOA,C,35,A
MEG_711|Metals|Arsenic_resistance|Arsenite_oxidase|AIOA,A,40,G
MEG_711|Metals|Arsenic_resistance|Arsenite_oxidase|AIOA,A,41,G
MEG_711|Metals|Arsenic_resistance|Arsenite_oxidase|AIOA,G,1265,T
MEG_711|Metals|Arsenic_resistance|Arsenite_oxidase|AIOA,A,1621,G
MEG_711|Metals|Arsenic_resistance|Arsenite_oxidase|AIOA,G,1726,A
MEG_711|Metals|Arsenic_resistance|Arsenite_oxidase|AIOA,T,1815,C
MEG_711|Metals|Arsenic_resistance|Arsenite_oxidase|AIOA,C,2273,T
MEG_711|Metals|Arsenic_resistance|Arsenite_oxidase|AIOA,C,2415,G
MEG_11324|Metals|Arsenic_resistance|Arsenic_resistance_protein|ARSB,G,141,A
MEG_11324|Metals|Arsenic_resistance|Arsenic_resistance_protein|ARSB,T,192,G
MEG_11324|Metals|Arsenic_resistance|Arsenic_resistance_protein|ARSB,A,490,T
MEG_11324|Metals|Arsenic_resistance|Arsenic_resistance_protein|ARSB,C,874,A
MEG_1165|Metals|Arsenic_resistance|Arsenic_resistance_protein|ARSD,A,71,G
MEG_1165|Metals|Arsenic_resistance|Arsenic_resistance_protein|ARSD,T,75,A
MEG_1165|Metals|Arsenic_resistance|Arsenic_resistance_protein|ARSD,T,128,C
MEG_1165|Metals|Arsenic_resistance|Arsenic_resistance_protein|ARSD,G,130,A
MEG_1165|Metals|Arsenic_resistance|Arsenic_resistance_protein|ARSD,A,149,T
MEG_1165|Metals|Arsenic_resistance|Arsenic_resistance_protein|ARSD,T,223,C
MEG_1165|Metals|Arsenic_resistance|Arsenic_resistance_protein|ARSD,A,263,T
MEG_1165|Metals|Arsenic_resistance|Arsenic_resistance_protein|ARSD,C,336,T
MEG_1165|Metals|Arsenic_resistance|Arsenic_resistance_protein|ARSD,G,338,T
MEG_1165|Metals|Arsenic_resistance|Arsenic_resistance_protein|ARSD,G,359,A
MEG_11325|Metals|Arsenic_resistance|Arsenic_resistance_protein|ARSB,T,72,A
MEG_11325|Metals|Arsenic_resistance|Arsenic_resistance_protein|ARSB,G,307,C
MEG_1158|Metals|Arsenic_resistance|Arsenic_resistance_protein|ARSC,A,199,G
MEG_1158|Metals|Arsenic_resistance|Arsenic_resistance_protein|ARSC,G,250,T
MEG_1158|Metals|Arsenic_resistance|Arsenic_resistance_protein|ARSC,A,289,T
MEG_1169|Metals|Arsenic_resistance|Arsenic_resistance_protein|ARSM,C,30,G
MEG_1169|Metals|Arsenic_resistance|Arsenic_resistance_protein|ARSM,G,228,C
MEG_1169|Metals|Arsenic_resistance|Arsenic_resistance_protein|ARSM,C,267,G
MEG_1169|Metals|Arsenic_resistance|Arsenic_resistance_protein|ARSM,G,534,A
MEG_1169|Metals|Arsenic_resistance|Arsenic_resistance_protein|ARSM,C,558,G
MEG_1169|Metals|Arsenic_resistance|Arsenic_resistance_protein|ARSM,G,589,C
MEG_1169|Metals|Arsenic_resistance|Arsenic_resistance_protein|ARSM,G,637,C
MEG_1169|Metals|Arsenic_resistance|Arsenic_resistance_protein|ARSM,A,852,T
MEG_1160|Metals|Arsenic_resistance|Arsenic_resistance_protein|ARSC,C,36,G
MEG_1160|Metals|Arsenic_resistance|Arsenic_resistance_protein|ARSC,A,86,C
MEG_1160|Metals|Arsenic_resistance|Arsenic_resistance_protein|ARSC,C,99,G
MEG_1160|Metals|Arsenic_resistance|Arsenic_resistance_protein|ARSC,C,126,A
MEG_1160|Metals|Arsenic_resistance|Arsenic_resistance_protein|ARSC,T,170,G
MEG_1160|Metals|Arsenic_resistance|Arsenic_resistance_protein|ARSC,A,267,G
MEG_712|Metals|Arsenic_resistance|Arsenite_oxidase|AIOA,C,558,A
MEG_712|Metals|Arsenic_resistance|Arsenite_oxidase|AIOA,C,819,A
MEG_1173|Metals|Arsenic_resistance|Arsenic_resistance_regulator|ARSR,C,75,A
MEG_1173|Metals|Arsenic_resistance|Arsenic_resistance_regulator|ARSR,G,121,A
MEG_1173|Metals|Arsenic_resistance|Arsenic_resistance_regulator|ARSR,G,196,T
MEG_1173|Metals|Arsenic_resistance|Arsenic_resistance_regulator|ARSR,A,200,G
MEG_1173|Metals|Arsenic_resistance|Arsenic_resistance_regulator|ARSR,A,237,C
MEG_1173|Metals|Arsenic_resistance|Arsenic_resistance_regulator|ARSR,T,287,G
MEG_1173|Metals|Arsenic_resistance|Arsenic_resistance_regulator|ARSR,T,345,A
MEG_11323|Metals|Arsenic_resistance|Arsenic_resistance_protein|ARSB,A,184,C
MEG_11323|Metals|Arsenic_resistance|Arsenic_resistance_protein|ARSB,G,275,A
MEG_11323|Metals|Arsenic_resistance|Arsenic_resistance_protein|ARSB,C,407,T
MEG_11323|Metals|Arsenic_resistance|Arsenic_resistance_protein|ARSB,G,702,A
MEG_11323|Metals|Arsenic_resistance|Arsenic_resistance_protein|ARSB,T,1006,A
MEG_11323|Metals|Arsenic_resistance|Arsenic_resistance_protein|ARSB,T,1020,A
MEG_11323|Metals|Arsenic_resistance|Arsenic_resistance_protein|ARSB,A,1029,G
MEG_11326|Metals|Arsenic_resistance|Arsenic_resistance_protein|ARSB,C,673,T
MEG_11365|Metals|Arsenic_resistance|Arsenic_resistance_N-acetyltransferases|ARSN2,T,95,C
MEG_11365|Metals|Arsenic_resistance|Arsenic_resistance_N-acetyltransferases|ARSN2,G,261,T
MEG_11365|Metals|Arsenic_resistance|Arsenic_resistance_N-acetyltransferases|ARSN2,G,301,A
MEG_713|Metals|Arsenic_resistance|Arsenite_oxidase|AIOB,T,9,G
MEG_713|Metals|Arsenic_resistance|Arsenite_oxidase|AIOB,C,344,T
MEG_713|Metals|Arsenic_resistance|Arsenite_oxidase|AIOB,G,404,A
MEG_11362|Metals|Arsenic_resistance|Arsenic_resistance_N-acetyltransferases|ARSN2,G,4,C
MEG_11362|Metals|Arsenic_resistance|Arsenic_resistance_N-acetyltransferases|ARSN2,G,70,C
MEG_11362|Metals|Arsenic_resistance|Arsenic_resistance_N-acetyltransferases|ARSN2,G,142,C
MEG_11362|Metals|Arsenic_resistance|Arsenic_resistance_N-acetyltransferases|ARSN2,C,254,G
MEG_11362|Metals|Arsenic_resistance|Arsenic_resistance_N-acetyltransferases|ARSN2,G,427,C
MEG_11362|Metals|Arsenic_resistance|Arsenic_resistance_N-acetyltransferases|ARSN2,A,443,C
MEG_1170|Metals|Arsenic_resistance|Arsenic_resistance_protein|ARSP,T,277,C
MEG_1170|Metals|Arsenic_resistance|Arsenic_resistance_protein|ARSP,A,427,G
MEG_1170|Metals|Arsenic_resistance|Arsenic_resistance_protein|ARSP,C,460,T
MEG_1170|Metals|Arsenic_resistance|Arsenic_resistance_protein|ARSP,C,475,G
MEG_1170|Metals|Arsenic_resistance|Arsenic_resistance_protein|ARSP,A,721,G
MEG_1145|Metals|Arsenic_resistance|Arsenic_resistance_protein|ARSB,G,25,A
MEG_1145|Metals|Arsenic_resistance|Arsenic_resistance_protein|ARSB,T,120,G
MEG_1145|Metals|Arsenic_resistance|Arsenic_resistance_protein|ARSB,G,305,A
MEG_1145|Metals|Arsenic_resistance|Arsenic_resistance_protein|ARSB,C,357,G
MEG_1145|Metals|Arsenic_resistance|Arsenic_resistance_protein|ARSB,A,443,G
MEG_1145|Metals|Arsenic_resistance|Arsenic_resistance_protein|ARSB,G,702,A
MEG_1145|Metals|Arsenic_resistance|Arsenic_resistance_protein|ARSB,G,873,C
MEG_1145|Metals|Arsenic_resistance|Arsenic_resistance_protein|ARSB,T,875,A
MEG_1145|Metals|Arsenic_resistance|Arsenic_resistance_protein|ARSB,A,1121,G
MEG_1145|Metals|Arsenic_resistance|Arsenic_resistance_protein|ARSB,G,1161,A
MEG_3744|Multi-compound|Drug_and_biocide_and_metal_resistance|Drug_and_biocide_and_metal_RND_efflux_pumps|MDTA,G,8,C
MEG_3744|Multi-compound|Drug_and_biocide_and_metal_resistance|Drug_and_biocide_and_metal_RND_efflux_pumps|MDTA,T,222,C
MEG_3744|Multi-compound|Drug_and_biocide_and_metal_resistance|Drug_and_biocide_and_metal_RND_efflux_pumps|MDTA,G,314,A
MEG_3744|Multi-compound|Drug_and_biocide_and_metal_resistance|Drug_and_biocide_and_metal_RND_efflux_pumps|MDTA,G,676,T
MEG_3749|Multi-compound|Drug_and_biocide_and_metal_resistance|Drug_and_biocide_and_metal_RND_efflux_pumps|MDTC,T,163,G
MEG_3749|Multi-compound|Drug_and_biocide_and_metal_resistance|Drug_and_biocide_and_metal_RND_efflux_pumps|MDTC,G,702,A
MEG_3749|Multi-compound|Drug_and_biocide_and_metal_resistance|Drug_and_biocide_and_metal_RND_efflux_pumps|MDTC,A,2625,C
MEG_11439|Multi-compound|Drug_and_biocide_and_metal_resistance|Drug_and_biocide_and_metal_RND_efflux_pumps|CMEB,T,1091,A
MEG_11439|Multi-compound|Drug_and_biocide_and_metal_resistance|Drug_and_biocide_and_metal_RND_efflux_pumps|CMEB,C,1578,A
MEG_11439|Multi-compound|Drug_and_biocide_and_metal_resistance|Drug_and_biocide_and_metal_RND_efflux_pumps|CMEB,G,1864,T
MEG_1191|Multi-compound|Drug_and_biocide_and_metal_resistance|Drug_and_biocide_and_metal_RND_efflux_regulator|BAER,C,132,T
MEG_1191|Multi-compound|Drug_and_biocide_and_metal_resistance|Drug_and_biocide_and_metal_RND_efflux_regulator|BAER,A,134,T
MEG_1191|Multi-compound|Drug_and_biocide_and_metal_resistance|Drug_and_biocide_and_metal_RND_efflux_regulator|BAER,C,220,G
MEG_1191|Multi-compound|Drug_and_biocide_and_metal_resistance|Drug_and_biocide_and_metal_RND_efflux_regulator|BAER,A,280,G
MEG_1191|Multi-compound|Drug_and_biocide_and_metal_resistance|Drug_and_biocide_and_metal_RND_efflux_regulator|BAER,C,282,T
MEG_1191|Multi-compound|Drug_and_biocide_and_metal_resistance|Drug_and_biocide_and_metal_RND_efflux_regulator|BAER,T,321,G
MEG_1191|Multi-compound|Drug_and_biocide_and_metal_resistance|Drug_and_biocide_and_metal_RND_efflux_regulator|BAER,G,390,T
MEG_1191|Multi-compound|Drug_and_biocide_and_metal_resistance|Drug_and_biocide_and_metal_RND_efflux_regulator|BAER,G,466,C
MEG_1191|Multi-compound|Drug_and_biocide_and_metal_resistance|Drug_and_biocide_and_metal_RND_efflux_regulator|BAER,A,533,T
MEG_1191|Multi-compound|Drug_and_biocide_and_metal_resistance|Drug_and_biocide_and_metal_RND_efflux_regulator|BAER,T,536,G
MEG_3742|Multi-compound|Drug_and_biocide_and_metal_resistance|Drug_and_biocide_and_metal_MFS_efflux_pumps|MDRL,C,366,G
MEG_3742|Multi-compound|Drug_and_biocide_and_metal_resistance|Drug_and_biocide_and_metal_MFS_efflux_pumps|MDRL,G,499,A
MEG_3742|Multi-compound|Drug_and_biocide_and_metal_resistance|Drug_and_biocide_and_metal_MFS_efflux_pumps|MDRL,T,646,C
MEG_1738|Multi-compound|Drug_and_biocide_and_metal_resistance|Drug_and_biocide_and_metal_RND_efflux_pumps|CMEA,T,46,G
MEG_1738|Multi-compound|Drug_and_biocide_and_metal_resistance|Drug_and_biocide_and_metal_RND_efflux_pumps|CMEA,C,578,G
MEG_1738|Multi-compound|Drug_and_biocide_and_metal_resistance|Drug_and_biocide_and_metal_RND_efflux_pumps|CMEA,A,889,C
MEG_1738|Multi-compound|Drug_and_biocide_and_metal_resistance|Drug_and_biocide_and_metal_RND_efflux_pumps|CMEA,G,1081,A
MEG_1738|Multi-compound|Drug_and_biocide_and_metal_resistance|Drug_and_biocide_and_metal_RND_efflux_pumps|CMEA,A,1084,T
MEG_3743|Multi-compound|Drug_and_biocide_and_metal_resistance|Drug_and_biocide_and_metal_MFS_efflux_pumps|MDRL,C,125,G
MEG_3743|Multi-compound|Drug_and_biocide_and_metal_resistance|Drug_and_biocide_and_metal_MFS_efflux_pumps|MDRL,C,152,T
MEG_3743|Multi-compound|Drug_and_biocide_and_metal_resistance|Drug_and_biocide_and_metal_MFS_efflux_pumps|MDRL,C,287,T
MEG_3743|Multi-compound|Drug_and_biocide_and_metal_resistance|Drug_and_biocide_and_metal_MFS_efflux_pumps|MDRL,C,609,G
MEG_3743|Multi-compound|Drug_and_biocide_and_metal_resistance|Drug_and_biocide_and_metal_MFS_efflux_pumps|MDRL,G,652,C
MEG_3743|Multi-compound|Drug_and_biocide_and_metal_resistance|Drug_and_biocide_and_metal_MFS_efflux_pumps|MDRL,T,732,A
MEG_3743|Multi-compound|Drug_and_biocide_and_metal_resistance|Drug_and_biocide_and_metal_MFS_efflux_pumps|MDRL,G,929,C
MEG_3743|Multi-compound|Drug_and_biocide_and_metal_resistance|Drug_and_biocide_and_metal_MFS_efflux_pumps|MDRL,T,1013,A
MEG_3743|Multi-compound|Drug_and_biocide_and_metal_resistance|Drug_and_biocide_and_metal_MFS_efflux_pumps|MDRL,A,1056,C
MEG_6551|Multi-compound|Drug_and_biocide_and_metal_resistance|Drug_and_biocide_and_metal_resistance_regulator|SOXS,C,7,G
MEG_6551|Multi-compound|Drug_and_biocide_and_metal_resistance|Drug_and_biocide_and_metal_resistance_regulator|SOXS,C,10,G
MEG_6551|Multi-compound|Drug_and_biocide_and_metal_resistance|Drug_and_biocide_and_metal_resistance_regulator|SOXS,G,82,C
MEG_6551|Multi-compound|Drug_and_biocide_and_metal_resistance|Drug_and_biocide_and_metal_resistance_regulator|SOXS,A,102,C
MEG_6551|Multi-compound|Drug_and_biocide_and_metal_resistance|Drug_and_biocide_and_metal_resistance_regulator|SOXS,A,121,G
MEG_6551|Multi-compound|Drug_and_biocide_and_metal_resistance|Drug_and_biocide_and_metal_resistance_regulator|SOXS,T,124,G
MEG_6551|Multi-compound|Drug_and_biocide_and_metal_resistance|Drug_and_biocide_and_metal_resistance_regulator|SOXS,C,139,A
MEG_6551|Multi-compound|Drug_and_biocide_and_metal_resistance|Drug_and_biocide_and_metal_resistance_regulator|SOXS,G,144,C
MEG_6551|Multi-compound|Drug_and_biocide_and_metal_resistance|Drug_and_biocide_and_metal_resistance_regulator|SOXS,A,226,C
MEG_1193|Multi-compound|Drug_and_biocide_and_metal_resistance|Drug_and_biocide_and_metal_RND_efflux_regulator|BAES,C,1296,G
MEG_7839|Multi-compound|Drug_and_biocide_and_metal_resistance|Drug_and_biocide_and_metal_SMR_efflux_pump|YKKC,T,53,A
MEG_7839|Multi-compound|Drug_and_biocide_and_metal_resistance|Drug_and_biocide_and_metal_SMR_efflux_pump|YKKC,G,55,C
MEG_7839|Multi-compound|Drug_and_biocide_and_metal_resistance|Drug_and_biocide_and_metal_SMR_efflux_pump|YKKC,A,69,G
MEG_7839|Multi-compound|Drug_and_biocide_and_metal_resistance|Drug_and_biocide_and_metal_SMR_efflux_pump|YKKC,A,84,G
MEG_7839|Multi-compound|Drug_and_biocide_and_metal_resistance|Drug_and_biocide_and_metal_SMR_efflux_pump|YKKC,T,126,A
MEG_7839|Multi-compound|Drug_and_biocide_and_metal_resistance|Drug_and_biocide_and_metal_SMR_efflux_pump|YKKC,C,128,T
MEG_7839|Multi-compound|Drug_and_biocide_and_metal_resistance|Drug_and_biocide_and_metal_SMR_efflux_pump|YKKC,C,134,T
MEG_1742|Multi-compound|Drug_and_biocide_and_metal_resistance|Drug_and_biocide_and_metal_RND_efflux_pumps|CMEC,A,189,C
MEG_1742|Multi-compound|Drug_and_biocide_and_metal_resistance|Drug_and_biocide_and_metal_RND_efflux_pumps|CMEC,A,454,C
MEG_1742|Multi-compound|Drug_and_biocide_and_metal_resistance|Drug_and_biocide_and_metal_RND_efflux_pumps|CMEC,A,716,C
MEG_1742|Multi-compound|Drug_and_biocide_and_metal_resistance|Drug_and_biocide_and_metal_RND_efflux_pumps|CMEC,G,925,A
MEG_1742|Multi-compound|Drug_and_biocide_and_metal_resistance|Drug_and_biocide_and_metal_RND_efflux_pumps|CMEC,A,952,T
MEG_11338|Multi-compound|Drug_and_biocide_and_metal_resistance|Drug_and_biocide_and_metal_RND_efflux_pumps|CMEB,A,2457,G
MEG_1748|Multi-compound|Drug_and_biocide_and_metal_resistance|Drug_and_biocide_and_metal_RND_efflux_regulator|CMER,A,18,C
MEG_1748|Multi-compound|Drug_and_biocide_and_metal_resistance|Drug_and_biocide_and_metal_RND_efflux_regulator|CMER,A,242,C
MEG_1748|Multi-compound|Drug_and_biocide_and_metal_resistance|Drug_and_biocide_and_metal_RND_efflux_regulator|CMER,G,286,T
MEG_1748|Multi-compound|Drug_and_biocide_and_metal_resistance|Drug_and_biocide_and_metal_RND_efflux_regulator|CMER,G,431,T
MEG_1748|Multi-compound|Drug_and_biocide_and_metal_resistance|Drug_and_biocide_and_metal_RND_efflux_regulator|CMER,T,495,A
MEG_1748|Multi-compound|Drug_and_biocide_and_metal_resistance|Drug_and_biocide_and_metal_RND_efflux_regulator|CMER,A,573,T
MEG_1747|Multi-compound|Drug_and_biocide_and_metal_resistance|Drug_and_biocide_and_metal_RND_efflux_regulator|CMER,G,112,A
MEG_1747|Multi-compound|Drug_and_biocide_and_metal_resistance|Drug_and_biocide_and_metal_RND_efflux_regulator|CMER,A,354,C
MEG_1747|Multi-compound|Drug_and_biocide_and_metal_resistance|Drug_and_biocide_and_metal_RND_efflux_regulator|CMER,T,385,A
MEG_1747|Multi-compound|Drug_and_biocide_and_metal_resistance|Drug_and_biocide_and_metal_RND_efflux_regulator|CMER,A,554,T
MEG_1194|Multi-compound|Drug_and_biocide_and_metal_resistance|Drug_and_biocide_and_metal_RND_efflux_regulator|BAES,A,31,T
MEG_1194|Multi-compound|Drug_and_biocide_and_metal_resistance|Drug_and_biocide_and_metal_RND_efflux_regulator|BAES,G,91,T
MEG_1194|Multi-compound|Drug_and_biocide_and_metal_resistance|Drug_and_biocide_and_metal_RND_efflux_regulator|BAES,A,279,C
MEG_1194|Multi-compound|Drug_and_biocide_and_metal_resistance|Drug_and_biocide_and_metal_RND_efflux_regulator|BAES,A,430,T
MEG_1194|Multi-compound|Drug_and_biocide_and_metal_resistance|Drug_and_biocide_and_metal_RND_efflux_regulator|BAES,A,656,C
MEG_1194|Multi-compound|Drug_and_biocide_and_metal_resistance|Drug_and_biocide_and_metal_RND_efflux_regulator|BAES,A,707,G
MEG_1194|Multi-compound|Drug_and_biocide_and_metal_resistance|Drug_and_biocide_and_metal_RND_efflux_regulator|BAES,G,727,T
MEG_1194|Multi-compound|Drug_and_biocide_and_metal_resistance|Drug_and_biocide_and_metal_RND_efflux_regulator|BAES,T,966,C
MEG_1194|Multi-compound|Drug_and_biocide_and_metal_resistance|Drug_and_biocide_and_metal_RND_efflux_regulator|BAES,A,1013,C
MEG_1194|Multi-compound|Drug_and_biocide_and_metal_resistance|Drug_and_biocide_and_metal_RND_efflux_regulator|BAES,G,1031,T
MEG_3750|Multi-compound|Drug_and_biocide_and_metal_resistance|Drug_and_biocide_and_metal_RND_efflux_pumps|MDTC,C,359,G
MEG_3750|Multi-compound|Drug_and_biocide_and_metal_resistance|Drug_and_biocide_and_metal_RND_efflux_pumps|MDTC,T,1043,G
MEG_3750|Multi-compound|Drug_and_biocide_and_metal_resistance|Drug_and_biocide_and_metal_RND_efflux_pumps|MDTC,T,1138,G
MEG_3750|Multi-compound|Drug_and_biocide_and_metal_resistance|Drug_and_biocide_and_metal_RND_efflux_pumps|MDTC,T,1644,A
MEG_3750|Multi-compound|Drug_and_biocide_and_metal_resistance|Drug_and_biocide_and_metal_RND_efflux_pumps|MDTC,T,2747,C
MEG_1740|Multi-compound|Drug_and_biocide_and_metal_resistance|Drug_and_biocide_and_metal_RND_efflux_pumps|CMEB,A,261,G
MEG_1740|Multi-compound|Drug_and_biocide_and_metal_resistance|Drug_and_biocide_and_metal_RND_efflux_pumps|CMEB,A,352,C
MEG_1740|Multi-compound|Drug_and_biocide_and_metal_resistance|Drug_and_biocide_and_metal_RND_efflux_pumps|CMEB,T,368,C
MEG_1740|Multi-compound|Drug_and_biocide_and_metal_resistance|Drug_and_biocide_and_metal_RND_efflux_pumps|CMEB,A,595,C
MEG_1740|Multi-compound|Drug_and_biocide_and_metal_resistance|Drug_and_biocide_and_metal_RND_efflux_pumps|CMEB,A,891,T
MEG_1740|Multi-compound|Drug_and_biocide_and_metal_resistance|Drug_and_biocide_and_metal_RND_efflux_pumps|CMEB,C,919,G
MEG_1740|Multi-compound|Drug_and_biocide_and_metal_resistance|Drug_and_biocide_and_metal_RND_efflux_pumps|CMEB,T,1398,G
MEG_1740|Multi-compound|Drug_and_biocide_and_metal_resistance|Drug_and_biocide_and_metal_RND_efflux_pumps|CMEB,A,1476,C
MEG_1740|Multi-compound|Drug_and_biocide_and_metal_resistance|Drug_and_biocide_and_metal_RND_efflux_pumps|CMEB,T,1937,G
MEG_1740|Multi-compound|Drug_and_biocide_and_metal_resistance|Drug_and_biocide_and_metal_RND_efflux_pumps|CMEB,T,3047,G
MEG_10013|Multi-compound|Drug_and_biocide_and_metal_resistance|Drug_and_biocide_and_metal_RND_efflux_regulator|BAES,T,51,A
MEG_10013|Multi-compound|Drug_and_biocide_and_metal_resistance|Drug_and_biocide_and_metal_RND_efflux_regulator|BAES,G,59,C
MEG_10013|Multi-compound|Drug_and_biocide_and_metal_resistance|Drug_and_biocide_and_metal_RND_efflux_regulator|BAES,C,226,T
MEG_10013|Multi-compound|Drug_and_biocide_and_metal_resistance|Drug_and_biocide_and_metal_RND_efflux_regulator|BAES,G,427,T
MEG_10013|Multi-compound|Drug_and_biocide_and_metal_resistance|Drug_and_biocide_and_metal_RND_efflux_regulator|BAES,C,450,T
MEG_10013|Multi-compound|Drug_and_biocide_and_metal_resistance|Drug_and_biocide_and_metal_RND_efflux_regulator|BAES,C,763,G
MEG_10013|Multi-compound|Drug_and_biocide_and_metal_resistance|Drug_and_biocide_and_metal_RND_efflux_regulator|BAES,C,778,G
MEG_10013|Multi-compound|Drug_and_biocide_and_metal_resistance|Drug_and_biocide_and_metal_RND_efflux_regulator|BAES,T,1217,C
MEG_10013|Multi-compound|Drug_and_biocide_and_metal_resistance|Drug_and_biocide_and_metal_RND_efflux_regulator|BAES,G,1383,T
MEG_3132|Multi-compound|Drug_and_biocide_and_metal_resistance|Drug_and_biocide_and_metal_RND_efflux_pumps|GESA,A,16,G
MEG_3132|Multi-compound|Drug_and_biocide_and_metal_resistance|Drug_and_biocide_and_metal_RND_efflux_pumps|GESA,C,163,T
MEG_3132|Multi-compound|Drug_and_biocide_and_metal_resistance|Drug_and_biocide_and_metal_RND_efflux_pumps|GESA,A,269,C
MEG_3132|Multi-compound|Drug_and_biocide_and_metal_resistance|Drug_and_biocide_and_metal_RND_efflux_pumps|GESA,C,350,T
MEG_6082|Multi-compound|Drug_and_biocide_and_metal_resistance|Drug_and_biocide_and_metal_RND_efflux_pumps|ROBA,A,34,G
MEG_6082|Multi-compound|Drug_and_biocide_and_metal_resistance|Drug_and_biocide_and_metal_RND_efflux_pumps|ROBA,T,48,G
MEG_6082|Multi-compound|Drug_and_biocide_and_metal_resistance|Drug_and_biocide_and_metal_RND_efflux_pumps|ROBA,G,360,A
MEG_6082|Multi-compound|Drug_and_biocide_and_metal_resistance|Drug_and_biocide_and_metal_RND_efflux_pumps|ROBA,G,622,C
MEG_6082|Multi-compound|Drug_and_biocide_and_metal_resistance|Drug_and_biocide_and_metal_RND_efflux_pumps|ROBA,C,666,A
MEG_6082|Multi-compound|Drug_and_biocide_and_metal_resistance|Drug_and_biocide_and_metal_RND_efflux_pumps|ROBA,C,720,T
MEG_6082|Multi-compound|Drug_and_biocide_and_metal_resistance|Drug_and_biocide_and_metal_RND_efflux_pumps|ROBA,A,771,C
MEG_6082|Multi-compound|Drug_and_biocide_and_metal_resistance|Drug_and_biocide_and_metal_RND_efflux_pumps|ROBA,T,864,G
MEG_1737|Multi-compound|Drug_and_biocide_and_metal_resistance|Drug_and_biocide_and_metal_RND_efflux_pumps|CMEA,A,22,G
MEG_1737|Multi-compound|Drug_and_biocide_and_metal_resistance|Drug_and_biocide_and_metal_RND_efflux_pumps|CMEA,A,484,C
MEG_1743|Multi-compound|Drug_and_biocide_and_metal_resistance|Drug_and_biocide_and_metal_RND_efflux_pumps|CMED,T,6,G
MEG_1743|Multi-compound|Drug_and_biocide_and_metal_resistance|Drug_and_biocide_and_metal_RND_efflux_pumps|CMED,T,102,A
MEG_1743|Multi-compound|Drug_and_biocide_and_metal_resistance|Drug_and_biocide_and_metal_RND_efflux_pumps|CMED,G,148,A
MEG_1743|Multi-compound|Drug_and_biocide_and_metal_resistance|Drug_and_biocide_and_metal_RND_efflux_pumps|CMED,T,231,A
MEG_1743|Multi-compound|Drug_and_biocide_and_metal_resistance|Drug_and_biocide_and_metal_RND_efflux_pumps|CMED,T,265,G
MEG_1743|Multi-compound|Drug_and_biocide_and_metal_resistance|Drug_and_biocide_and_metal_RND_efflux_pumps|CMED,T,270,G
MEG_1743|Multi-compound|Drug_and_biocide_and_metal_resistance|Drug_and_biocide_and_metal_RND_efflux_pumps|CMED,T,537,A
MEG_1743|Multi-compound|Drug_and_biocide_and_metal_resistance|Drug_and_biocide_and_metal_RND_efflux_pumps|CMED,A,861,C
MEG_1743|Multi-compound|Drug_and_biocide_and_metal_resistance|Drug_and_biocide_and_metal_RND_efflux_pumps|CMED,T,1230,A
MEG_3741|Multi-compound|Drug_and_biocide_and_metal_resistance|Drug_and_biocide_and_metal_MFS_efflux_pumps|MDRL,T,80,C
MEG_3741|Multi-compound|Drug_and_biocide_and_metal_resistance|Drug_and_biocide_and_metal_MFS_efflux_pumps|MDRL,T,105,A
MEG_3741|Multi-compound|Drug_and_biocide_and_metal_resistance|Drug_and_biocide_and_metal_MFS_efflux_pumps|MDRL,T,156,G
MEG_3741|Multi-compound|Drug_and_biocide_and_metal_resistance|Drug_and_biocide_and_metal_MFS_efflux_pumps|MDRL,A,210,G
MEG_3741|Multi-compound|Drug_and_biocide_and_metal_resistance|Drug_and_biocide_and_metal_MFS_efflux_pumps|MDRL,C,237,A
MEG_3741|Multi-compound|Drug_and_biocide_and_metal_resistance|Drug_and_biocide_and_metal_MFS_efflux_pumps|MDRL,G,274,C
MEG_3741|Multi-compound|Drug_and_biocide_and_metal_resistance|Drug_and_biocide_and_metal_MFS_efflux_pumps|MDRL,A,720,G
MEG_3741|Multi-compound|Drug_and_biocide_and_metal_resistance|Drug_and_biocide_and_metal_MFS_efflux_pumps|MDRL,T,989,G
MEG_1192|Multi-compound|Drug_and_biocide_and_metal_resistance|Drug_and_biocide_and_metal_RND_efflux_regulator|BAER,T,137,G
MEG_1192|Multi-compound|Drug_and_biocide_and_metal_resistance|Drug_and_biocide_and_metal_RND_efflux_regulator|BAER,C,143,G
MEG_1192|Multi-compound|Drug_and_biocide_and_metal_resistance|Drug_and_biocide_and_metal_RND_efflux_regulator|BAER,C,154,G
MEG_1192|Multi-compound|Drug_and_biocide_and_metal_resistance|Drug_and_biocide_and_metal_RND_efflux_regulator|BAER,C,201,A
MEG_1192|Multi-compound|Drug_and_biocide_and_metal_resistance|Drug_and_biocide_and_metal_RND_efflux_regulator|BAER,A,304,C
MEG_1192|Multi-compound|Drug_and_biocide_and_metal_resistance|Drug_and_biocide_and_metal_RND_efflux_regulator|BAER,G,443,A
MEG_1192|Multi-compound|Drug_and_biocide_and_metal_resistance|Drug_and_biocide_and_metal_RND_efflux_regulator|BAER,T,644,A
MEG_1195|Multi-compound|Drug_and_biocide_and_metal_resistance|Drug_and_biocide_and_metal_RND_efflux_regulator|BAES,G,45,T
MEG_1195|Multi-compound|Drug_and_biocide_and_metal_resistance|Drug_and_biocide_and_metal_RND_efflux_regulator|BAES,T,510,C
MEG_1195|Multi-compound|Drug_and_biocide_and_metal_resistance|Drug_and_biocide_and_metal_RND_efflux_regulator|BAES,T,569,A
MEG_1195|Multi-compound|Drug_and_biocide_and_metal_resistance|Drug_and_biocide_and_metal_RND_efflux_regulator|BAES,C,700,G
MEG_1195|Multi-compound|Drug_and_biocide_and_metal_resistance|Drug_and_biocide_and_metal_RND_efflux_regulator|BAES,T,719,C
MEG_1195|Multi-compound|Drug_and_biocide_and_metal_resistance|Drug_and_biocide_and_metal_RND_efflux_regulator|BAES,C,992,T
MEG_3748|Multi-compound|Drug_and_biocide_and_metal_resistance|Drug_and_biocide_and_metal_RND_efflux_pumps|MDTB,A,667,C
MEG_3748|Multi-compound|Drug_and_biocide_and_metal_resistance|Drug_and_biocide_and_metal_RND_efflux_pumps|MDTB,C,2014,G
MEG_3748|Multi-compound|Drug_and_biocide_and_metal_resistance|Drug_and_biocide_and_metal_RND_efflux_pumps|MDTB,A,2629,G
MEG_3748|Multi-compound|Drug_and_biocide_and_metal_resistance|Drug_and_biocide_and_metal_RND_efflux_pumps|MDTB,G,2645,C
MEG_3748|Multi-compound|Drug_and_biocide_and_metal_resistance|Drug_and_biocide_and_metal_RND_efflux_pumps|MDTB,T,3033,C
MEG_407|Multi-compound|Drug_and_biocide_and_metal_resistance|Drug_and_biocide_and_metal_RND_efflux_pumps|ACRD,A,605,G
MEG_407|Multi-compound|Drug_and_biocide_and_metal_resistance|Drug_and_biocide_and_metal_RND_efflux_pumps|ACRD,A,654,C
MEG_407|Multi-compound|Drug_and_biocide_and_metal_resistance|Drug_and_biocide_and_metal_RND_efflux_pumps|ACRD,G,673,A
MEG_407|Multi-compound|Drug_and_biocide_and_metal_resistance|Drug_and_biocide_and_metal_RND_efflux_pumps|ACRD,T,674,A
MEG_407|Multi-compound|Drug_and_biocide_and_metal_resistance|Drug_and_biocide_and_metal_RND_efflux_pumps|ACRD,T,1064,G
MEG_407|Multi-compound|Drug_and_biocide_and_metal_resistance|Drug_and_biocide_and_metal_RND_efflux_pumps|ACRD,T,2186,C
MEG_407|Multi-compound|Drug_and_biocide_and_metal_resistance|Drug_and_biocide_and_metal_RND_efflux_pumps|ACRD,G,2269,A
MEG_407|Multi-compound|Drug_and_biocide_and_metal_resistance|Drug_and_biocide_and_metal_RND_efflux_pumps|ACRD,T,2474,C
MEG_407|Multi-compound|Drug_and_biocide_and_metal_resistance|Drug_and_biocide_and_metal_RND_efflux_pumps|ACRD,C,2553,A
MEG_407|Multi-compound|Drug_and_biocide_and_metal_resistance|Drug_and_biocide_and_metal_RND_efflux_pumps|ACRD,T,2621,G
MEG_7838|Multi-compound|Drug_and_biocide_and_metal_resistance|Drug_and_biocide_and_metal_SMR_efflux_pump|YKKC,G,48,A
MEG_7838|Multi-compound|Drug_and_biocide_and_metal_resistance|Drug_and_biocide_and_metal_SMR_efflux_pump|YKKC,A,61,T
MEG_7838|Multi-compound|Drug_and_biocide_and_metal_resistance|Drug_and_biocide_and_metal_SMR_efflux_pump|YKKC,T,69,A
MEG_7838|Multi-compound|Drug_and_biocide_and_metal_resistance|Drug_and_biocide_and_metal_SMR_efflux_pump|YKKC,T,96,G
MEG_7838|Multi-compound|Drug_and_biocide_and_metal_resistance|Drug_and_biocide_and_metal_SMR_efflux_pump|YKKC,C,216,T
MEG_7838|Multi-compound|Drug_and_biocide_and_metal_resistance|Drug_and_biocide_and_metal_SMR_efflux_pump|YKKC,A,303,C
MEG_7838|Multi-compound|Drug_and_biocide_and_metal_resistance|Drug_and_biocide_and_metal_SMR_efflux_pump|YKKC,G,329,C
MEG_7838|Multi-compound|Drug_and_biocide_and_metal_resistance|Drug_and_biocide_and_metal_SMR_efflux_pump|YKKC,A,332,G
MEG_404|Multi-compound|Drug_and_biocide_and_metal_resistance|Drug_and_biocide_and_metal_RND_efflux_pumps|ACRD,T,332,G
MEG_404|Multi-compound|Drug_and_biocide_and_metal_resistance|Drug_and_biocide_and_metal_RND_efflux_pumps|ACRD,C,1087,G
MEG_404|Multi-compound|Drug_and_biocide_and_metal_resistance|Drug_and_biocide_and_metal_RND_efflux_pumps|ACRD,A,1316,G
MEG_404|Multi-compound|Drug_and_biocide_and_metal_resistance|Drug_and_biocide_and_metal_RND_efflux_pumps|ACRD,G,1379,A
MEG_404|Multi-compound|Drug_and_biocide_and_metal_resistance|Drug_and_biocide_and_metal_RND_efflux_pumps|ACRD,A,1974,T
MEG_404|Multi-compound|Drug_and_biocide_and_metal_resistance|Drug_and_biocide_and_metal_RND_efflux_pumps|ACRD,T,2308,C
MEG_404|Multi-compound|Drug_and_biocide_and_metal_resistance|Drug_and_biocide_and_metal_RND_efflux_pumps|ACRD,G,2833,C
MEG_404|Multi-compound|Drug_and_biocide_and_metal_resistance|Drug_and_biocide_and_metal_RND_efflux_pumps|ACRD,C,3044,A
MEG_1741|Multi-compound|Drug_and_biocide_and_metal_resistance|Drug_and_biocide_and_metal_RND_efflux_pumps|CMEC,A,197,G
MEG_1741|Multi-compound|Drug_and_biocide_and_metal_resistance|Drug_and_biocide_and_metal_RND_efflux_pumps|CMEC,T,457,A
MEG_1741|Multi-compound|Drug_and_biocide_and_metal_resistance|Drug_and_biocide_and_metal_RND_efflux_pumps|CMEC,G,461,T
MEG_1741|Multi-compound|Drug_and_biocide_and_metal_resistance|Drug_and_biocide_and_metal_RND_efflux_pumps|CMEC,T,644,G
MEG_1741|Multi-compound|Drug_and_biocide_and_metal_resistance|Drug_and_biocide_and_metal_RND_efflux_pumps|CMEC,G,1284,T
MEG_1741|Multi-compound|Drug_and_biocide_and_metal_resistance|Drug_and_biocide_and_metal_RND_efflux_pumps|CMEC,G,1399,A
MEG_1741|Multi-compound|Drug_and_biocide_and_metal_resistance|Drug_and_biocide_and_metal_RND_efflux_pumps|CMEC,T,1465,G
MEG_1739|Multi-compound|Drug_and_biocide_and_metal_resistance|Drug_and_biocide_and_metal_RND_efflux_pumps|CMEB,A,51,G
MEG_1739|Multi-compound|Drug_and_biocide_and_metal_resistance|Drug_and_biocide_and_metal_RND_efflux_pumps|CMEB,C,733,A
MEG_1739|Multi-compound|Drug_and_biocide_and_metal_resistance|Drug_and_biocide_and_metal_RND_efflux_pumps|CMEB,T,1081,C
MEG_1739|Multi-compound|Drug_and_biocide_and_metal_resistance|Drug_and_biocide_and_metal_RND_efflux_pumps|CMEB,G,1096,A
MEG_1739|Multi-compound|Drug_and_biocide_and_metal_resistance|Drug_and_biocide_and_metal_RND_efflux_pumps|CMEB,T,1670,G
MEG_1739|Multi-compound|Drug_and_biocide_and_metal_resistance|Drug_and_biocide_and_metal_RND_efflux_pumps|CMEB,G,2062,A
MEG_1739|Multi-compound|Drug_and_biocide_and_metal_resistance|Drug_and_biocide_and_metal_RND_efflux_pumps|CMEB,A,2118,G
MEG_1739|Multi-compound|Drug_and_biocide_and_metal_resistance|Drug_and_biocide_and_metal_RND_efflux_pumps|CMEB,G,2731,C
MEG_1739|Multi-compound|Drug_and_biocide_and_metal_resistance|Drug_and_biocide_and_metal_RND_efflux_pumps|CMEB,A,2772,G
MEG_1739|Multi-compound|Drug_and_biocide_and_metal_resistance|Drug_and_biocide_and_metal_RND_efflux_pumps|CMEB,A,2886,G
MEG_11442|Multi-compound|Drug_and_biocide_and_metal_resistance|Drug_and_biocide_and_metal_RND_efflux_pumps|CMEA,G,73,C
MEG_11442|Multi-compound|Drug_and_biocide_and_metal_resistance|Drug_and_biocide_and_metal_RND_efflux_pumps|CMEA,T,168,C
MEG_11442|Multi-compound|Drug_and_biocide_and_metal_resistance|Drug_and_biocide_and_metal_RND_efflux_pumps|CMEA,T,526,C
MEG_11442|Multi-compound|Drug_and_biocide_and_metal_resistance|Drug_and_biocide_and_metal_RND_efflux_pumps|CMEA,A,574,G
MEG_11442|Multi-compound|Drug_and_biocide_and_metal_resistance|Drug_and_biocide_and_metal_RND_efflux_pumps|CMEA,A,637,C
MEG_11442|Multi-compound|Drug_and_biocide_and_metal_resistance|Drug_and_biocide_and_metal_RND_efflux_pumps|CMEA,G,811,C
MEG_11442|Multi-compound|Drug_and_biocide_and_metal_resistance|Drug_and_biocide_and_metal_RND_efflux_pumps|CMEA,A,1017,G
MEG_3134|Multi-compound|Drug_and_biocide_and_metal_resistance|Drug_and_biocide_and_metal_RND_efflux_pumps|GESC,C,470,A
MEG_1745|Multi-compound|Drug_and_biocide_and_metal_resistance|Drug_and_biocide_and_metal_RND_efflux_pumps|CMEF,T,2768,A
MEG_1745|Multi-compound|Drug_and_biocide_and_metal_resistance|Drug_and_biocide_and_metal_RND_efflux_pumps|CMEF,A,2996,G
MEG_3745|Multi-compound|Drug_and_biocide_and_metal_resistance|Drug_and_biocide_and_metal_RND_efflux_pumps|MDTA,A,408,C
MEG_3745|Multi-compound|Drug_and_biocide_and_metal_resistance|Drug_and_biocide_and_metal_RND_efflux_pumps|MDTA,C,497,G
MEG_3745|Multi-compound|Drug_and_biocide_and_metal_resistance|Drug_and_biocide_and_metal_RND_efflux_pumps|MDTA,T,665,C
MEG_3745|Multi-compound|Drug_and_biocide_and_metal_resistance|Drug_and_biocide_and_metal_RND_efflux_pumps|MDTA,C,872,G
MEG_3745|Multi-compound|Drug_and_biocide_and_metal_resistance|Drug_and_biocide_and_metal_RND_efflux_pumps|MDTA,G,984,T
MEG_1744|Multi-compound|Drug_and_biocide_and_metal_resistance|Drug_and_biocide_and_metal_RND_efflux_pumps|CMEE,A,81,T
MEG_1744|Multi-compound|Drug_and_biocide_and_metal_resistance|Drug_and_biocide_and_metal_RND_efflux_pumps|CMEE,A,444,G
MEG_9961|Multi-compound|Drug_and_biocide_and_metal_resistance|Drug_and_biocide_and_metal_RND_efflux_regulator|BAER,T,87,G
MEG_9961|Multi-compound|Drug_and_biocide_and_metal_resistance|Drug_and_biocide_and_metal_RND_efflux_regulator|BAER,T,176,C
MEG_9961|Multi-compound|Drug_and_biocide_and_metal_resistance|Drug_and_biocide_and_metal_RND_efflux_regulator|BAER,T,235,G
MEG_9961|Multi-compound|Drug_and_biocide_and_metal_resistance|Drug_and_biocide_and_metal_RND_efflux_regulator|BAER,A,437,C
MEG_9961|Multi-compound|Drug_and_biocide_and_metal_resistance|Drug_and_biocide_and_metal_RND_efflux_regulator|BAER,G,507,A
MEG_9961|Multi-compound|Drug_and_biocide_and_metal_resistance|Drug_and_biocide_and_metal_RND_efflux_regulator|BAER,G,545,T
MEG_9961|Multi-compound|Drug_and_biocide_and_metal_resistance|Drug_and_biocide_and_metal_RND_efflux_regulator|BAER,A,575,C
MEG_9961|Multi-compound|Drug_and_biocide_and_metal_resistance|Drug_and_biocide_and_metal_RND_efflux_regulator|BAER,G,646,T
MEG_9961|Multi-compound|Drug_and_biocide_and_metal_resistance|Drug_and_biocide_and_metal_RND_efflux_regulator|BAER,G,713,C
MEG_406|Multi-compound|Drug_and_biocide_and_metal_resistance|Drug_and_biocide_and_metal_RND_efflux_pumps|ACRD,A,271,G
MEG_406|Multi-compound|Drug_and_biocide_and_metal_resistance|Drug_and_biocide_and_metal_RND_efflux_pumps|ACRD,A,543,G
MEG_406|Multi-compound|Drug_and_biocide_and_metal_resistance|Drug_and_biocide_and_metal_RND_efflux_pumps|ACRD,A,692,T
MEG_406|Multi-compound|Drug_and_biocide_and_metal_resistance|Drug_and_biocide_and_metal_RND_efflux_pumps|ACRD,G,2518,A
MEG_406|Multi-compound|Drug_and_biocide_and_metal_resistance|Drug_and_biocide_and_metal_RND_efflux_pumps|ACRD,C,2755,G
MEG_406|Multi-compound|Drug_and_biocide_and_metal_resistance|Drug_and_biocide_and_metal_RND_efflux_pumps|ACRD,G,2782,A
MEG_3133|Multi-compound|Drug_and_biocide_and_metal_resistance|Drug_and_biocide_and_metal_RND_efflux_pumps|GESB,C,13,T
MEG_3133|Multi-compound|Drug_and_biocide_and_metal_resistance|Drug_and_biocide_and_metal_RND_efflux_pumps|GESB,G,505,A
MEG_3133|Multi-compound|Drug_and_biocide_and_metal_resistance|Drug_and_biocide_and_metal_RND_efflux_pumps|GESB,C,1124,T
MEG_3133|Multi-compound|Drug_and_biocide_and_metal_resistance|Drug_and_biocide_and_metal_RND_efflux_pumps|GESB,C,2251,A
MEG_3133|Multi-compound|Drug_and_biocide_and_metal_resistance|Drug_and_biocide_and_metal_RND_efflux_pumps|GESB,G,2847,C
MEG_405|Multi-compound|Drug_and_biocide_and_metal_resistance|Drug_and_biocide_and_metal_RND_efflux_pumps|ACRD,A,336,C
MEG_405|Multi-compound|Drug_and_biocide_and_metal_resistance|Drug_and_biocide_and_metal_RND_efflux_pumps|ACRD,T,962,G
MEG_405|Multi-compound|Drug_and_biocide_and_metal_resistance|Drug_and_biocide_and_metal_RND_efflux_pumps|ACRD,G,1160,C
MEG_405|Multi-compound|Drug_and_biocide_and_metal_resistance|Drug_and_biocide_and_metal_RND_efflux_pumps|ACRD,G,1246,C
MEG_405|Multi-compound|Drug_and_biocide_and_metal_resistance|Drug_and_biocide_and_metal_RND_efflux_pumps|ACRD,T,1688,C
MEG_405|Multi-compound|Drug_and_biocide_and_metal_resistance|Drug_and_biocide_and_metal_RND_efflux_pumps|ACRD,C,2160,G
MEG_405|Multi-compound|Drug_and_biocide_and_metal_resistance|Drug_and_biocide_and_metal_RND_efflux_pumps|ACRD,G,2208,C
MEG_405|Multi-compound|Drug_and_biocide_and_metal_resistance|Drug_and_biocide_and_metal_RND_efflux_pumps|ACRD,T,2376,G
MEG_405|Multi-compound|Drug_and_biocide_and_metal_resistance|Drug_and_biocide_and_metal_RND_efflux_pumps|ACRD,G,2848,T
MEG_1704|Multi-compound|Biocide_and_metal_resistance|Biocide_and_metal_resistance_protein|CHR,A,131,C
MEG_1704|Multi-compound|Biocide_and_metal_resistance|Biocide_and_metal_resistance_protein|CHR,G,166,T
MEG_1704|Multi-compound|Biocide_and_metal_resistance|Biocide_and_metal_resistance_protein|CHR,A,201,G
MEG_1704|Multi-compound|Biocide_and_metal_resistance|Biocide_and_metal_resistance_protein|CHR,A,299,C
MEG_1704|Multi-compound|Biocide_and_metal_resistance|Biocide_and_metal_resistance_protein|CHR,T,386,A
MEG_1704|Multi-compound|Biocide_and_metal_resistance|Biocide_and_metal_resistance_protein|CHR,C,430,T
MEG_1704|Multi-compound|Biocide_and_metal_resistance|Biocide_and_metal_resistance_protein|CHR,T,545,C
MEG_6656|Multi-compound|Biocide_and_metal_resistance|Biocide_and_metal_resistance_protein|TEHB,C,101,T
MEG_6656|Multi-compound|Biocide_and_metal_resistance|Biocide_and_metal_resistance_protein|TEHB,G,134,A
MEG_6656|Multi-compound|Biocide_and_metal_resistance|Biocide_and_metal_resistance_protein|TEHB,T,165,C
MEG_6656|Multi-compound|Biocide_and_metal_resistance|Biocide_and_metal_resistance_protein|TEHB,A,171,G
MEG_6656|Multi-compound|Biocide_and_metal_resistance|Biocide_and_metal_resistance_protein|TEHB,T,221,A
MEG_6656|Multi-compound|Biocide_and_metal_resistance|Biocide_and_metal_resistance_protein|TEHB,A,374,G
MEG_6656|Multi-compound|Biocide_and_metal_resistance|Biocide_and_metal_resistance_protein|TEHB,C,413,A
MEG_6656|Multi-compound|Biocide_and_metal_resistance|Biocide_and_metal_resistance_protein|TEHB,A,527,C
MEG_2898|Multi-compound|Biocide_and_metal_resistance|Biocide_and_metal_ABC_efflux_pumps|FETA,A,5,T
MEG_2898|Multi-compound|Biocide_and_metal_resistance|Biocide_and_metal_ABC_efflux_pumps|FETA,T,159,C
MEG_2898|Multi-compound|Biocide_and_metal_resistance|Biocide_and_metal_ABC_efflux_pumps|FETA,G,314,T
MEG_2898|Multi-compound|Biocide_and_metal_resistance|Biocide_and_metal_ABC_efflux_pumps|FETA,A,317,T
MEG_2898|Multi-compound|Biocide_and_metal_resistance|Biocide_and_metal_ABC_efflux_pumps|FETA,C,327,G
MEG_2898|Multi-compound|Biocide_and_metal_resistance|Biocide_and_metal_ABC_efflux_pumps|FETA,A,400,T
MEG_2898|Multi-compound|Biocide_and_metal_resistance|Biocide_and_metal_ABC_efflux_pumps|FETA,T,460,G
MEG_2898|Multi-compound|Biocide_and_metal_resistance|Biocide_and_metal_ABC_efflux_pumps|FETA,A,463,T
MEG_2898|Multi-compound|Biocide_and_metal_resistance|Biocide_and_metal_ABC_efflux_pumps|FETA,T,503,G
MEG_2898|Multi-compound|Biocide_and_metal_resistance|Biocide_and_metal_ABC_efflux_pumps|FETA,G,508,T
MEG_2664|Multi-compound|Biocide_and_metal_resistance|Biocide_and_metal_resistance_protein|DPSA,C,20,G
MEG_2664|Multi-compound|Biocide_and_metal_resistance|Biocide_and_metal_resistance_protein|DPSA,G,56,T
MEG_2664|Multi-compound|Biocide_and_metal_resistance|Biocide_and_metal_resistance_protein|DPSA,G,255,C
MEG_2664|Multi-compound|Biocide_and_metal_resistance|Biocide_and_metal_resistance_protein|DPSA,G,268,T
MEG_2664|Multi-compound|Biocide_and_metal_resistance|Biocide_and_metal_resistance_protein|DPSA,C,310,G
MEG_6515|Multi-compound|Biocide_and_metal_resistance|Biocide_and_metal_ABC_efflux_pumps|SITC,G,48,C
MEG_6515|Multi-compound|Biocide_and_metal_resistance|Biocide_and_metal_ABC_efflux_pumps|SITC,T,125,G
MEG_6515|Multi-compound|Biocide_and_metal_resistance|Biocide_and_metal_ABC_efflux_pumps|SITC,T,185,G
MEG_6515|Multi-compound|Biocide_and_metal_resistance|Biocide_and_metal_ABC_efflux_pumps|SITC,T,210,C
MEG_6515|Multi-compound|Biocide_and_metal_resistance|Biocide_and_metal_ABC_efflux_pumps|SITC,T,556,A
MEG_6515|Multi-compound|Biocide_and_metal_resistance|Biocide_and_metal_ABC_efflux_pumps|SITC,A,685,C
MEG_6515|Multi-compound|Biocide_and_metal_resistance|Biocide_and_metal_ABC_efflux_pumps|SITC,A,763,T
MEG_6513|Multi-compound|Biocide_and_metal_resistance|Biocide_and_metal_ABC_efflux_pumps|SITA,T,18,G
MEG_6513|Multi-compound|Biocide_and_metal_resistance|Biocide_and_metal_ABC_efflux_pumps|SITA,A,253,C
MEG_6513|Multi-compound|Biocide_and_metal_resistance|Biocide_and_metal_ABC_efflux_pumps|SITA,A,315,T
MEG_6513|Multi-compound|Biocide_and_metal_resistance|Biocide_and_metal_ABC_efflux_pumps|SITA,G,528,T
MEG_6513|Multi-compound|Biocide_and_metal_resistance|Biocide_and_metal_ABC_efflux_pumps|SITA,G,574,A
MEG_6513|Multi-compound|Biocide_and_metal_resistance|Biocide_and_metal_ABC_efflux_pumps|SITA,A,653,C
MEG_6513|Multi-compound|Biocide_and_metal_resistance|Biocide_and_metal_ABC_efflux_pumps|SITA,A,712,C
MEG_6513|Multi-compound|Biocide_and_metal_resistance|Biocide_and_metal_ABC_efflux_pumps|SITA,A,827,G
MEG_501|Multi-compound|Biocide_and_metal_resistance|Biocide_and_metal_resistance_protein|ACTP,G,1528,A
MEG_501|Multi-compound|Biocide_and_metal_resistance|Biocide_and_metal_resistance_protein|ACTP,C,2468,A
MEG_3142|Multi-compound|Biocide_and_metal_resistance|Biocide_and_metal_resistance_protein|GLPF,T,95,C
MEG_3142|Multi-compound|Biocide_and_metal_resistance|Biocide_and_metal_resistance_protein|GLPF,T,108,C
MEG_3142|Multi-compound|Biocide_and_metal_resistance|Biocide_and_metal_resistance_protein|GLPF,T,169,G
MEG_3142|Multi-compound|Biocide_and_metal_resistance|Biocide_and_metal_resistance_protein|GLPF,T,518,A
MEG_3142|Multi-compound|Biocide_and_metal_resistance|Biocide_and_metal_resistance_protein|GLPF,T,533,A
MEG_3142|Multi-compound|Biocide_and_metal_resistance|Biocide_and_metal_resistance_protein|GLPF,G,739,T
MEG_3142|Multi-compound|Biocide_and_metal_resistance|Biocide_and_metal_resistance_protein|GLPF,C,771,G
MEG_7841|Multi-compound|Biocide_and_metal_resistance|Biocide_and_metal_resistance_protein|YODB,A,5,T
MEG_7841|Multi-compound|Biocide_and_metal_resistance|Biocide_and_metal_resistance_protein|YODB,C,8,A
MEG_7841|Multi-compound|Biocide_and_metal_resistance|Biocide_and_metal_resistance_protein|YODB,A,20,C
MEG_7841|Multi-compound|Biocide_and_metal_resistance|Biocide_and_metal_resistance_protein|YODB,G,66,C
MEG_7841|Multi-compound|Biocide_and_metal_resistance|Biocide_and_metal_resistance_protein|YODB,A,88,G
MEG_7841|Multi-compound|Biocide_and_metal_resistance|Biocide_and_metal_resistance_protein|YODB,A,115,T
MEG_7841|Multi-compound|Biocide_and_metal_resistance|Biocide_and_metal_resistance_protein|YODB,C,127,G
MEG_7841|Multi-compound|Biocide_and_metal_resistance|Biocide_and_metal_resistance_protein|YODB,A,193,G
MEG_7841|Multi-compound|Biocide_and_metal_resistance|Biocide_and_metal_resistance_protein|YODB,G,206,T
MEG_2444|Multi-compound|Biocide_and_metal_resistance|Biocide_and_metal_resistance_protein|CUID,G,294,C
MEG_2444|Multi-compound|Biocide_and_metal_resistance|Biocide_and_metal_resistance_protein|CUID,G,852,T
MEG_2444|Multi-compound|Biocide_and_metal_resistance|Biocide_and_metal_resistance_protein|CUID,G,856,A
MEG_2444|Multi-compound|Biocide_and_metal_resistance|Biocide_and_metal_resistance_protein|CUID,C,952,A
MEG_2444|Multi-compound|Biocide_and_metal_resistance|Biocide_and_metal_resistance_protein|CUID,C,977,T
MEG_2444|Multi-compound|Biocide_and_metal_resistance|Biocide_and_metal_resistance_protein|CUID,C,1157,A
MEG_2900|Multi-compound|Biocide_and_metal_resistance|Biocide_and_metal_ABC_efflux_pumps|FETB,G,231,T
MEG_2900|Multi-compound|Biocide_and_metal_resistance|Biocide_and_metal_ABC_efflux_pumps|FETB,G,304,C
MEG_2900|Multi-compound|Biocide_and_metal_resistance|Biocide_and_metal_ABC_efflux_pumps|FETB,G,325,T
MEG_2900|Multi-compound|Biocide_and_metal_resistance|Biocide_and_metal_ABC_efflux_pumps|FETB,A,351,T
MEG_2900|Multi-compound|Biocide_and_metal_resistance|Biocide_and_metal_ABC_efflux_pumps|FETB,C,358,G
MEG_2900|Multi-compound|Biocide_and_metal_resistance|Biocide_and_metal_ABC_efflux_pumps|FETB,A,462,G
MEG_2900|Multi-compound|Biocide_and_metal_resistance|Biocide_and_metal_ABC_efflux_pumps|FETB,C,641,A
MEG_2900|Multi-compound|Biocide_and_metal_resistance|Biocide_and_metal_ABC_efflux_pumps|FETB,G,661,C
MEG_3140|Multi-compound|Biocide_and_metal_resistance|Biocide_and_metal_resistance_protein|GLPF,G,182,A
MEG_3140|Multi-compound|Biocide_and_metal_resistance|Biocide_and_metal_resistance_protein|GLPF,T,599,C
MEG_3140|Multi-compound|Biocide_and_metal_resistance|Biocide_and_metal_resistance_protein|GLPF,T,797,C
MEG_6514|Multi-compound|Biocide_and_metal_resistance|Biocide_and_metal_ABC_efflux_pumps|SITB,G,68,C
MEG_6514|Multi-compound|Biocide_and_metal_resistance|Biocide_and_metal_ABC_efflux_pumps|SITB,A,212,G
MEG_6514|Multi-compound|Biocide_and_metal_resistance|Biocide_and_metal_ABC_efflux_pumps|SITB,T,321,C
MEG_6514|Multi-compound|Biocide_and_metal_resistance|Biocide_and_metal_ABC_efflux_pumps|SITB,G,421,A
MEG_6514|Multi-compound|Biocide_and_metal_resistance|Biocide_and_metal_ABC_efflux_pumps|SITB,C,503,A
MEG_6514|Multi-compound|Biocide_and_metal_resistance|Biocide_and_metal_ABC_efflux_pumps|SITB,T,737,G
MEG_1703|Multi-compound|Biocide_and_metal_resistance|Biocide_and_metal_resistance_protein|CHR,G,3,T
MEG_1703|Multi-compound|Biocide_and_metal_resistance|Biocide_and_metal_resistance_protein|CHR,C,14,G
MEG_1703|Multi-compound|Biocide_and_metal_resistance|Biocide_and_metal_resistance_protein|CHR,A,20,C
MEG_1703|Multi-compound|Biocide_and_metal_resistance|Biocide_and_metal_resistance_protein|CHR,G,103,C
MEG_1703|Multi-compound|Biocide_and_metal_resistance|Biocide_and_metal_resistance_protein|CHR,G,106,T
MEG_1703|Multi-compound|Biocide_and_metal_resistance|Biocide_and_metal_resistance_protein|CHR,T,171,G
MEG_1703|Multi-compound|Biocide_and_metal_resistance|Biocide_and_metal_resistance_protein|CHR,G,297,C
MEG_1703|Multi-compound|Biocide_and_metal_resistance|Biocide_and_metal_resistance_protein|CHR,G,308,A
MEG_1703|Multi-compound|Biocide_and_metal_resistance|Biocide_and_metal_resistance_protein|CHR,T,406,G
MEG_3270|Multi-compound|Biocide_and_metal_resistance|Biocide_and_metal_resistance_regulator|HMRR,G,85,T
MEG_3270|Multi-compound|Biocide_and_metal_resistance|Biocide_and_metal_resistance_regulator|HMRR,T,89,C
MEG_3270|Multi-compound|Biocide_and_metal_resistance|Biocide_and_metal_resistance_regulator|HMRR,A,103,C
MEG_3270|Multi-compound|Biocide_and_metal_resistance|Biocide_and_metal_resistance_regulator|HMRR,G,127,C
MEG_3270|Multi-compound|Biocide_and_metal_resistance|Biocide_and_metal_resistance_regulator|HMRR,G,303,A
MEG_3270|Multi-compound|Biocide_and_metal_resistance|Biocide_and_metal_resistance_regulator|HMRR,G,392,C
MEG_3061|Multi-compound|Biocide_and_metal_resistance|Biocide_and_metal_resistance_protein|FRNE,G,54,A
MEG_3061|Multi-compound|Biocide_and_metal_resistance|Biocide_and_metal_resistance_protein|FRNE,C,112,T
MEG_3061|Multi-compound|Biocide_and_metal_resistance|Biocide_and_metal_resistance_protein|FRNE,T,120,A
MEG_3061|Multi-compound|Biocide_and_metal_resistance|Biocide_and_metal_resistance_protein|FRNE,C,253,T
MEG_3061|Multi-compound|Biocide_and_metal_resistance|Biocide_and_metal_resistance_protein|FRNE,G,555,C
MEG_3061|Multi-compound|Biocide_and_metal_resistance|Biocide_and_metal_resistance_protein|FRNE,C,630,G
MEG_3061|Multi-compound|Biocide_and_metal_resistance|Biocide_and_metal_resistance_protein|FRNE,C,672,T
MEG_3061|Multi-compound|Biocide_and_metal_resistance|Biocide_and_metal_resistance_protein|FRNE,A,710,G
MEG_3269|Multi-compound|Biocide_and_metal_resistance|Biocide_and_metal_resistance_regulator|HMRR,C,30,T
MEG_3269|Multi-compound|Biocide_and_metal_resistance|Biocide_and_metal_resistance_regulator|HMRR,T,68,C
MEG_3269|Multi-compound|Biocide_and_metal_resistance|Biocide_and_metal_resistance_regulator|HMRR,G,188,A
MEG_3269|Multi-compound|Biocide_and_metal_resistance|Biocide_and_metal_resistance_regulator|HMRR,G,367,C
MEG_2668|Multi-compound|Biocide_and_metal_resistance|Biocide_and_metal_resistance_protein|DPSA,C,166,T
MEG_2668|Multi-compound|Biocide_and_metal_resistance|Biocide_and_metal_resistance_protein|DPSA,T,175,C
MEG_2668|Multi-compound|Biocide_and_metal_resistance|Biocide_and_metal_resistance_protein|DPSA,C,240,A
MEG_2668|Multi-compound|Biocide_and_metal_resistance|Biocide_and_metal_resistance_protein|DPSA,G,432,T
MEG_1702|Multi-compound|Biocide_and_metal_resistance|Biocide_and_metal_resistance_protein|CHR,C,90,T
MEG_1702|Multi-compound|Biocide_and_metal_resistance|Biocide_and_metal_resistance_protein|CHR,C,128,A
MEG_1702|Multi-compound|Biocide_and_metal_resistance|Biocide_and_metal_resistance_protein|CHR,T,221,A
MEG_1702|Multi-compound|Biocide_and_metal_resistance|Biocide_and_metal_resistance_protein|CHR,G,342,T
MEG_1702|Multi-compound|Biocide_and_metal_resistance|Biocide_and_metal_resistance_protein|CHR,G,518,A
MEG_1702|Multi-compound|Biocide_and_metal_resistance|Biocide_and_metal_resistance_protein|CHR,T,531,G
MEG_1702|Multi-compound|Biocide_and_metal_resistance|Biocide_and_metal_resistance_protein|CHR,C,556,T
MEG_1702|Multi-compound|Biocide_and_metal_resistance|Biocide_and_metal_resistance_protein|CHR,G,575,T
MEG_2658|Multi-compound|Biocide_and_metal_resistance|Biocide_and_metal_resistance_protein|DPR,T,2,C
MEG_2658|Multi-compound|Biocide_and_metal_resistance|Biocide_and_metal_resistance_protein|DPR,A,93,T
MEG_2658|Multi-compound|Biocide_and_metal_resistance|Biocide_and_metal_resistance_protein|DPR,A,108,G
MEG_2658|Multi-compound|Biocide_and_metal_resistance|Biocide_and_metal_resistance_protein|DPR,G,143,A
MEG_2658|Multi-compound|Biocide_and_metal_resistance|Biocide_and_metal_resistance_protein|DPR,A,205,C
MEG_2658|Multi-compound|Biocide_and_metal_resistance|Biocide_and_metal_resistance_protein|DPR,C,257,G
MEG_2658|Multi-compound|Biocide_and_metal_resistance|Biocide_and_metal_resistance_protein|DPR,G,403,A
MEG_2658|Multi-compound|Biocide_and_metal_resistance|Biocide_and_metal_resistance_protein|DPR,T,485,G
MEG_2662|Multi-compound|Biocide_and_metal_resistance|Biocide_and_metal_resistance_protein|DPR,T,113,A
MEG_2662|Multi-compound|Biocide_and_metal_resistance|Biocide_and_metal_resistance_protein|DPR,A,209,C
MEG_2662|Multi-compound|Biocide_and_metal_resistance|Biocide_and_metal_resistance_protein|DPR,G,230,A
MEG_2662|Multi-compound|Biocide_and_metal_resistance|Biocide_and_metal_resistance_protein|DPR,A,241,T
MEG_2662|Multi-compound|Biocide_and_metal_resistance|Biocide_and_metal_resistance_protein|DPR,T,291,G
MEG_2662|Multi-compound|Biocide_and_metal_resistance|Biocide_and_metal_resistance_protein|DPR,A,328,T
MEG_2662|Multi-compound|Biocide_and_metal_resistance|Biocide_and_metal_resistance_protein|DPR,A,396,G
MEG_2662|Multi-compound|Biocide_and_metal_resistance|Biocide_and_metal_resistance_protein|DPR,G,486,A
MEG_2663|Multi-compound|Biocide_and_metal_resistance|Biocide_and_metal_resistance_protein|DPSA,C,240,T
MEG_2663|Multi-compound|Biocide_and_metal_resistance|Biocide_and_metal_resistance_protein|DPSA,T,487,A
MEG_7834|Multi-compound|Biocide_and_metal_resistance|Biocide_and_metal_resistance_protein|YHCN,A,6,C
MEG_7834|Multi-compound|Biocide_and_metal_resistance|Biocide_and_metal_resistance_protein|YHCN,G,32,T
MEG_7834|Multi-compound|Biocide_and_metal_resistance|Biocide_and_metal_resistance_protein|YHCN,C,68,G
MEG_7834|Multi-compound|Biocide_and_metal_resistance|Biocide_and_metal_resistance_protein|YHCN,T,155,G
MEG_7834|Multi-compound|Biocide_and_metal_resistance|Biocide_and_metal_resistance_protein|YHCN,T,167,C
MEG_2656|Multi-compound|Biocide_and_metal_resistance|Biocide_and_metal_resistance_protein|DPR,T,113,A
MEG_2656|Multi-compound|Biocide_and_metal_resistance|Biocide_and_metal_resistance_protein|DPR,T,137,G
MEG_2656|Multi-compound|Biocide_and_metal_resistance|Biocide_and_metal_resistance_protein|DPR,T,138,G
MEG_2656|Multi-compound|Biocide_and_metal_resistance|Biocide_and_metal_resistance_protein|DPR,G,158,A
MEG_2656|Multi-compound|Biocide_and_metal_resistance|Biocide_and_metal_resistance_protein|DPR,A,201,G
MEG_2656|Multi-compound|Biocide_and_metal_resistance|Biocide_and_metal_resistance_protein|DPR,T,242,C
MEG_2656|Multi-compound|Biocide_and_metal_resistance|Biocide_and_metal_resistance_protein|DPR,T,319,G
MEG_1709|Multi-compound|Biocide_and_metal_resistance|Biocide_and_metal_resistance_regulator|CHRB,T,188,A
MEG_1709|Multi-compound|Biocide_and_metal_resistance|Biocide_and_metal_resistance_regulator|CHRB,T,288,C
MEG_1709|Multi-compound|Biocide_and_metal_resistance|Biocide_and_metal_resistance_regulator|CHRB,A,296,C
MEG_1709|Multi-compound|Biocide_and_metal_resistance|Biocide_and_metal_resistance_regulator|CHRB,A,344,T
MEG_1709|Multi-compound|Biocide_and_metal_resistance|Biocide_and_metal_resistance_regulator|CHRB,A,352,T
MEG_1709|Multi-compound|Biocide_and_metal_resistance|Biocide_and_metal_resistance_regulator|CHRB,C,356,A
MEG_1709|Multi-compound|Biocide_and_metal_resistance|Biocide_and_metal_resistance_regulator|CHRB,A,435,G
MEG_1709|Multi-compound|Biocide_and_metal_resistance|Biocide_and_metal_resistance_regulator|CHRB,A,647,G
MEG_499|Multi-compound|Biocide_and_metal_resistance|Biocide_and_metal_resistance_protein|ACTA,A,1191,C
MEG_2899|Multi-compound|Biocide_and_metal_resistance|Biocide_and_metal_ABC_efflux_pumps|FETB,G,150,T
MEG_2899|Multi-compound|Biocide_and_metal_resistance|Biocide_and_metal_ABC_efflux_pumps|FETB,G,777,C
MEG_7831|Multi-compound|Biocide_and_metal_resistance|Biocide_and_metal_resistance_protein|YGIW,A,31,T
MEG_7831|Multi-compound|Biocide_and_metal_resistance|Biocide_and_metal_resistance_protein|YGIW,A,94,T
MEG_7831|Multi-compound|Biocide_and_metal_resistance|Biocide_and_metal_resistance_protein|YGIW,G,300,C
MEG_7831|Multi-compound|Biocide_and_metal_resistance|Biocide_and_metal_resistance_protein|YGIW,A,392,C
MEG_2666|Multi-compound|Biocide_and_metal_resistance|Biocide_and_metal_resistance_protein|DPSA,T,2,G
MEG_2666|Multi-compound|Biocide_and_metal_resistance|Biocide_and_metal_resistance_protein|DPSA,T,84,C
MEG_2666|Multi-compound|Biocide_and_metal_resistance|Biocide_and_metal_resistance_protein|DPSA,C,303,T
MEG_2666|Multi-compound|Biocide_and_metal_resistance|Biocide_and_metal_resistance_protein|DPSA,C,318,A
MEG_2665|Multi-compound|Biocide_and_metal_resistance|Biocide_and_metal_resistance_protein|DPSA,A,12,G
MEG_2665|Multi-compound|Biocide_and_metal_resistance|Biocide_and_metal_resistance_protein|DPSA,C,45,A
MEG_2665|Multi-compound|Biocide_and_metal_resistance|Biocide_and_metal_resistance_protein|DPSA,C,119,T
MEG_2665|Multi-compound|Biocide_and_metal_resistance|Biocide_and_metal_resistance_protein|DPSA,C,148,T
MEG_2665|Multi-compound|Biocide_and_metal_resistance|Biocide_and_metal_resistance_protein|DPSA,A,157,T
MEG_2665|Multi-compound|Biocide_and_metal_resistance|Biocide_and_metal_resistance_protein|DPSA,A,194,G
MEG_2665|Multi-compound|Biocide_and_metal_resistance|Biocide_and_metal_resistance_protein|DPSA,C,377,G
MEG_2665|Multi-compound|Biocide_and_metal_resistance|Biocide_and_metal_resistance_protein|DPSA,C,390,A
MEG_2665|Multi-compound|Biocide_and_metal_resistance|Biocide_and_metal_resistance_protein|DPSA,A,430,G
MEG_7866|Multi-compound|Biocide_and_metal_resistance|Biocide_and_metal_resistance_protein|ZUPT,C,241,G
MEG_7866|Multi-compound|Biocide_and_metal_resistance|Biocide_and_metal_resistance_protein|ZUPT,T,569,A
MEG_7866|Multi-compound|Biocide_and_metal_resistance|Biocide_and_metal_resistance_protein|ZUPT,G,604,T
MEG_6655|Multi-compound|Biocide_and_metal_resistance|Biocide_and_metal_resistance_protein|TEHA,T,180,C
MEG_6655|Multi-compound|Biocide_and_metal_resistance|Biocide_and_metal_resistance_protein|TEHA,G,429,A
MEG_6655|Multi-compound|Biocide_and_metal_resistance|Biocide_and_metal_resistance_protein|TEHA,A,460,G
MEG_6655|Multi-compound|Biocide_and_metal_resistance|Biocide_and_metal_resistance_protein|TEHA,T,537,C
MEG_6655|Multi-compound|Biocide_and_metal_resistance|Biocide_and_metal_resistance_protein|TEHA,T,893,A
MEG_6655|Multi-compound|Biocide_and_metal_resistance|Biocide_and_metal_resistance_protein|TEHA,C,954,A
MEG_6655|Multi-compound|Biocide_and_metal_resistance|Biocide_and_metal_resistance_protein|TEHA,A,975,G
MEG_6153|Multi-compound|Biocide_and_metal_resistance|Biocide_and_metal_resistance_protein|RUVB,C,36,A
MEG_6153|Multi-compound|Biocide_and_metal_resistance|Biocide_and_metal_resistance_protein|RUVB,G,264,C
MEG_6153|Multi-compound|Biocide_and_metal_resistance|Biocide_and_metal_resistance_protein|RUVB,T,308,G
MEG_6153|Multi-compound|Biocide_and_metal_resistance|Biocide_and_metal_resistance_protein|RUVB,C,330,G
MEG_6153|Multi-compound|Biocide_and_metal_resistance|Biocide_and_metal_resistance_protein|RUVB,T,647,G
MEG_6153|Multi-compound|Biocide_and_metal_resistance|Biocide_and_metal_resistance_protein|RUVB,C,765,G
MEG_6153|Multi-compound|Biocide_and_metal_resistance|Biocide_and_metal_resistance_protein|RUVB,C,855,T
MEG_6153|Multi-compound|Biocide_and_metal_resistance|Biocide_and_metal_resistance_protein|RUVB,T,871,C
MEG_6153|Multi-compound|Biocide_and_metal_resistance|Biocide_and_metal_resistance_protein|RUVB,C,1038,A
MEG_6153|Multi-compound|Biocide_and_metal_resistance|Biocide_and_metal_resistance_protein|RUVB,G,1143,A
MEG_2669|Multi-compound|Biocide_and_metal_resistance|Biocide_and_metal_resistance_protein|DPSA,A,10,G
MEG_2669|Multi-compound|Biocide_and_metal_resistance|Biocide_and_metal_resistance_protein|DPSA,C,18,A
MEG_2669|Multi-compound|Biocide_and_metal_resistance|Biocide_and_metal_resistance_protein|DPSA,A,59,C
MEG_2669|Multi-compound|Biocide_and_metal_resistance|Biocide_and_metal_resistance_protein|DPSA,G,135,C
MEG_2669|Multi-compound|Biocide_and_metal_resistance|Biocide_and_metal_resistance_protein|DPSA,C,236,G
MEG_2669|Multi-compound|Biocide_and_metal_resistance|Biocide_and_metal_resistance_protein|DPSA,G,257,C
MEG_2669|Multi-compound|Biocide_and_metal_resistance|Biocide_and_metal_resistance_protein|DPSA,C,273,T
MEG_2669|Multi-compound|Biocide_and_metal_resistance|Biocide_and_metal_resistance_protein|DPSA,C,287,G
MEG_2669|Multi-compound|Biocide_and_metal_resistance|Biocide_and_metal_resistance_protein|DPSA,C,310,G
MEG_3141|Multi-compound|Biocide_and_metal_resistance|Biocide_and_metal_resistance_protein|GLPF,T,61,G
MEG_3141|Multi-compound|Biocide_and_metal_resistance|Biocide_and_metal_resistance_protein|GLPF,T,167,A
MEG_3141|Multi-compound|Biocide_and_metal_resistance|Biocide_and_metal_resistance_protein|GLPF,C,414,T
MEG_3141|Multi-compound|Biocide_and_metal_resistance|Biocide_and_metal_resistance_protein|GLPF,A,450,T
MEG_7813|Multi-compound|Biocide_and_metal_resistance|Biocide_and_metal_resistance_protein|YCHH,C,39,T
MEG_7813|Multi-compound|Biocide_and_metal_resistance|Biocide_and_metal_resistance_protein|YCHH,T,86,A
MEG_7813|Multi-compound|Biocide_and_metal_resistance|Biocide_and_metal_resistance_protein|YCHH,G,157,T
MEG_7813|Multi-compound|Biocide_and_metal_resistance|Biocide_and_metal_resistance_protein|YCHH,G,171,C
MEG_504|Multi-compound|Biocide_and_metal_resistance|Biocide_and_metal_resistance_regulator|ACTR,C,114,T
MEG_504|Multi-compound|Biocide_and_metal_resistance|Biocide_and_metal_resistance_regulator|ACTR,C,571,T
MEG_2657|Multi-compound|Biocide_and_metal_resistance|Biocide_and_metal_resistance_protein|DPR,A,15,T
MEG_2657|Multi-compound|Biocide_and_metal_resistance|Biocide_and_metal_resistance_protein|DPR,A,104,C
MEG_2657|Multi-compound|Biocide_and_metal_resistance|Biocide_and_metal_resistance_protein|DPR,C,127,A
MEG_2657|Multi-compound|Biocide_and_metal_resistance|Biocide_and_metal_resistance_protein|DPR,A,166,T
MEG_2657|Multi-compound|Biocide_and_metal_resistance|Biocide_and_metal_resistance_protein|DPR,T,171,C
MEG_2657|Multi-compound|Biocide_and_metal_resistance|Biocide_and_metal_resistance_protein|DPR,T,347,G
MEG_2657|Multi-compound|Biocide_and_metal_resistance|Biocide_and_metal_resistance_protein|DPR,G,350,C
MEG_2657|Multi-compound|Biocide_and_metal_resistance|Biocide_and_metal_resistance_protein|DPR,G,396,C
MEG_2661|Multi-compound|Biocide_and_metal_resistance|Biocide_and_metal_resistance_protein|DPR,G,96,T
MEG_2661|Multi-compound|Biocide_and_metal_resistance|Biocide_and_metal_resistance_protein|DPR,C,102,A
MEG_2661|Multi-compound|Biocide_and_metal_resistance|Biocide_and_metal_resistance_protein|DPR,G,254,C
MEG_2661|Multi-compound|Biocide_and_metal_resistance|Biocide_and_metal_resistance_protein|DPR,T,281,A
MEG_2661|Multi-compound|Biocide_and_metal_resistance|Biocide_and_metal_resistance_protein|DPR,T,282,C
MEG_2661|Multi-compound|Biocide_and_metal_resistance|Biocide_and_metal_resistance_protein|DPR,G,337,A
MEG_2661|Multi-compound|Biocide_and_metal_resistance|Biocide_and_metal_resistance_protein|DPR,T,365,A
MEG_2661|Multi-compound|Biocide_and_metal_resistance|Biocide_and_metal_resistance_protein|DPR,A,406,T
MEG_2661|Multi-compound|Biocide_and_metal_resistance|Biocide_and_metal_resistance_protein|DPR,A,414,C
MEG_2661|Multi-compound|Biocide_and_metal_resistance|Biocide_and_metal_resistance_protein|DPR,A,461,G
MEG_498|Multi-compound|Biocide_and_metal_resistance|Biocide_and_metal_resistance_protein|ACTA,C,10,T
MEG_498|Multi-compound|Biocide_and_metal_resistance|Biocide_and_metal_resistance_protein|ACTA,G,283,A
MEG_498|Multi-compound|Biocide_and_metal_resistance|Biocide_and_metal_resistance_protein|ACTA,C,439,T
MEG_498|Multi-compound|Biocide_and_metal_resistance|Biocide_and_metal_resistance_protein|ACTA,T,665,C
MEG_498|Multi-compound|Biocide_and_metal_resistance|Biocide_and_metal_resistance_protein|ACTA,C,666,G
MEG_498|Multi-compound|Biocide_and_metal_resistance|Biocide_and_metal_resistance_protein|ACTA,T,1206,C
MEG_502|Metals|Tellurium_resistance|Tellurium_resistance_protein|ACTP1,G,136,T
MEG_502|Metals|Tellurium_resistance|Tellurium_resistance_protein|ACTP1,A,432,G
MEG_502|Metals|Tellurium_resistance|Tellurium_resistance_protein|ACTP1,C,723,T
MEG_502|Metals|Tellurium_resistance|Tellurium_resistance_protein|ACTP1,G,1029,T
MEG_502|Metals|Tellurium_resistance|Tellurium_resistance_protein|ACTP1,C,1220,T
MEG_3452|Metals|Tellurium_resistance|Tellurium_resistance_protein|KLAB,G,123,T
MEG_3452|Metals|Tellurium_resistance|Tellurium_resistance_protein|KLAB,C,169,T
MEG_3452|Metals|Tellurium_resistance|Tellurium_resistance_protein|KLAB,C,305,T
MEG_3452|Metals|Tellurium_resistance|Tellurium_resistance_protein|KLAB,G,383,C
MEG_3452|Metals|Tellurium_resistance|Tellurium_resistance_protein|KLAB,C,403,A
MEG_3452|Metals|Tellurium_resistance|Tellurium_resistance_protein|KLAB,G,568,T
MEG_3452|Metals|Tellurium_resistance|Tellurium_resistance_protein|KLAB,A,795,T
MEG_3453|Metals|Tellurium_resistance|Tellurium_resistance_protein|KLAC,T,401,A
MEG_3453|Metals|Tellurium_resistance|Tellurium_resistance_protein|KLAC,A,599,G
MEG_3453|Metals|Tellurium_resistance|Tellurium_resistance_protein|KLAC,T,787,G
MEG_6955|Metals|Tellurium_resistance|Tellurium_resistance_protein|TERB,G,28,C
MEG_6955|Metals|Tellurium_resistance|Tellurium_resistance_protein|TERB,T,242,G
MEG_6955|Metals|Tellurium_resistance|Tellurium_resistance_protein|TERB,C,331,G
MEG_6956|Metals|Tellurium_resistance|Tellurium_resistance_protein|TERB,G,54,A
MEG_6956|Metals|Tellurium_resistance|Tellurium_resistance_protein|TERB,A,117,C
MEG_6956|Metals|Tellurium_resistance|Tellurium_resistance_protein|TERB,C,312,T
MEG_6956|Metals|Tellurium_resistance|Tellurium_resistance_protein|TERB,T,347,C
MEG_6957|Metals|Tellurium_resistance|Tellurium_resistance_protein|TERC,G,22,C
MEG_6957|Metals|Tellurium_resistance|Tellurium_resistance_protein|TERC,G,224,C
MEG_6957|Metals|Tellurium_resistance|Tellurium_resistance_protein|TERC,A,334,C
MEG_6957|Metals|Tellurium_resistance|Tellurium_resistance_protein|TERC,G,414,A
MEG_6957|Metals|Tellurium_resistance|Tellurium_resistance_protein|TERC,G,586,C
MEG_6957|Metals|Tellurium_resistance|Tellurium_resistance_protein|TERC,C,719,G
MEG_6957|Metals|Tellurium_resistance|Tellurium_resistance_protein|TERC,G,983,T
MEG_6958|Metals|Tellurium_resistance|Tellurium_resistance_protein|TERD,T,171,A
MEG_6959|Metals|Tellurium_resistance|Tellurium_resistance_protein|TERE,G,211,T
MEG_6960|Metals|Tellurium_resistance|Tellurium_resistance_protein|TERW,G,135,C
MEG_6960|Metals|Tellurium_resistance|Tellurium_resistance_protein|TERW,T,151,A
MEG_6960|Metals|Tellurium_resistance|Tellurium_resistance_protein|TERW,T,153,A
MEG_6960|Metals|Tellurium_resistance|Tellurium_resistance_protein|TERW,C,260,G
MEG_6960|Metals|Tellurium_resistance|Tellurium_resistance_protein|TERW,A,357,T
MEG_6960|Metals|Tellurium_resistance|Tellurium_resistance_protein|TERW,G,400,T
MEG_6961|Metals|Tellurium_resistance|Tellurium_resistance_protein|TERZ,C,310,A
MEG_6962|Metals|Tellurium_resistance|Tellurium_resistance_protein|TERZ,T,70,A
MEG_7269|Metals|Tellurium_resistance|Tellurium_resistance_protein|TRGA,G,22,T
MEG_7269|Metals|Tellurium_resistance|Tellurium_resistance_protein|TRGA,G,82,A
MEG_7269|Metals|Tellurium_resistance|Tellurium_resistance_protein|TRGA,T,329,G
MEG_11429|Metals|Tellurium_resistance|Tellurium_resistance_protein|TERA,G,76,C
MEG_11429|Metals|Tellurium_resistance|Tellurium_resistance_protein|TERA,C,512,G
MEG_2443|Metals|Copper_resistance|Copper_resistance_regulator|CUER,C,33,G
MEG_2443|Metals|Copper_resistance|Copper_resistance_regulator|CUER,T,35,C
MEG_2443|Metals|Copper_resistance|Copper_resistance_regulator|CUER,A,107,T
MEG_2443|Metals|Copper_resistance|Copper_resistance_regulator|CUER,T,146,G
MEG_2443|Metals|Copper_resistance|Copper_resistance_regulator|CUER,G,165,A
MEG_2443|Metals|Copper_resistance|Copper_resistance_regulator|CUER,C,177,G
MEG_2443|Metals|Copper_resistance|Copper_resistance_regulator|CUER,G,312,T
MEG_2443|Metals|Copper_resistance|Copper_resistance_regulator|CUER,C,333,A
MEG_2443|Metals|Copper_resistance|Copper_resistance_regulator|CUER,T,334,C
MEG_2443|Metals|Copper_resistance|Copper_resistance_regulator|CUER,C,360,A
MEG_503|Metals|Copper_resistance|Copper_resistance_protein|ACTPC,C,61,T
MEG_503|Metals|Copper_resistance|Copper_resistance_protein|ACTPC,G,65,T
MEG_503|Metals|Copper_resistance|Copper_resistance_protein|ACTPC,G,1696,C
MEG_2455|Metals|Copper_resistance|Copper_resistance_protein|CUTC,A,16,T
MEG_2455|Metals|Copper_resistance|Copper_resistance_protein|CUTC,G,23,A
MEG_2455|Metals|Copper_resistance|Copper_resistance_protein|CUTC,G,184,C
MEG_2455|Metals|Copper_resistance|Copper_resistance_protein|CUTC,G,270,C
MEG_2455|Metals|Copper_resistance|Copper_resistance_protein|CUTC,G,340,A
MEG_2455|Metals|Copper_resistance|Copper_resistance_protein|CUTC,T,342,C
MEG_2455|Metals|Copper_resistance|Copper_resistance_protein|CUTC,C,356,A
MEG_2455|Metals|Copper_resistance|Copper_resistance_protein|CUTC,C,423,A
MEG_2455|Metals|Copper_resistance|Copper_resistance_protein|CUTC,G,544,T
MEG_2455|Metals|Copper_resistance|Copper_resistance_protein|CUTC,C,634,A
MEG_2080|Metals|Copper_resistance|Copper_resistance_regulator|COPY,C,157,A
MEG_2080|Metals|Copper_resistance|Copper_resistance_regulator|COPY,A,318,C
MEG_2080|Metals|Copper_resistance|Copper_resistance_regulator|COPY,T,344,A
MEG_2080|Metals|Copper_resistance|Copper_resistance_regulator|COPY,A,386,T
MEG_2039|Metals|Copper_resistance|Copper_resistance_protein|COPB,T,30,C
MEG_2039|Metals|Copper_resistance|Copper_resistance_protein|COPB,C,39,A
MEG_2039|Metals|Copper_resistance|Copper_resistance_protein|COPB,A,390,T
MEG_1231|Metals|Copper_resistance|Copper_resistance_regulator|BHSA,T,27,C
MEG_1231|Metals|Copper_resistance|Copper_resistance_regulator|BHSA,T,54,A
MEG_1231|Metals|Copper_resistance|Copper_resistance_regulator|BHSA,G,64,A
MEG_1231|Metals|Copper_resistance|Copper_resistance_regulator|BHSA,A,103,T
MEG_1231|Metals|Copper_resistance|Copper_resistance_regulator|BHSA,G,165,C
MEG_1231|Metals|Copper_resistance|Copper_resistance_regulator|BHSA,G,178,A
MEG_1231|Metals|Copper_resistance|Copper_resistance_regulator|BHSA,G,218,A
MEG_1231|Metals|Copper_resistance|Copper_resistance_regulator|BHSA,A,237,C
MEG_2127|Metals|Copper_resistance|Copper_resistance_regulator|CRDR,T,280,G
MEG_2127|Metals|Copper_resistance|Copper_resistance_regulator|CRDR,C,342,T
MEG_2127|Metals|Copper_resistance|Copper_resistance_regulator|CRDR,A,349,T
MEG_2127|Metals|Copper_resistance|Copper_resistance_regulator|CRDR,G,484,A
MEG_5420|Metals|Copper_resistance|Copper_resistance_protein|PCOC,T,15,A
MEG_5420|Metals|Copper_resistance|Copper_resistance_protein|PCOC,T,38,A
MEG_5420|Metals|Copper_resistance|Copper_resistance_protein|PCOC,A,43,T
MEG_5420|Metals|Copper_resistance|Copper_resistance_protein|PCOC,C,62,A
MEG_5420|Metals|Copper_resistance|Copper_resistance_protein|PCOC,C,176,G
MEG_5420|Metals|Copper_resistance|Copper_resistance_protein|PCOC,A,178,C
MEG_5420|Metals|Copper_resistance|Copper_resistance_protein|PCOC,G,192,A
MEG_5420|Metals|Copper_resistance|Copper_resistance_protein|PCOC,A,205,T
MEG_5420|Metals|Copper_resistance|Copper_resistance_protein|PCOC,G,256,A
MEG_5420|Metals|Copper_resistance|Copper_resistance_protein|PCOC,T,306,A
MEG_2071|Metals|Copper_resistance|Copper_resistance_regulator|COPR,G,16,C
MEG_2071|Metals|Copper_resistance|Copper_resistance_regulator|COPR,G,27,A
MEG_2071|Metals|Copper_resistance|Copper_resistance_regulator|COPR,G,187,C
MEG_2071|Metals|Copper_resistance|Copper_resistance_regulator|COPR,G,238,A
MEG_2071|Metals|Copper_resistance|Copper_resistance_regulator|COPR,A,266,T
MEG_2071|Metals|Copper_resistance|Copper_resistance_regulator|COPR,C,381,G
MEG_2071|Metals|Copper_resistance|Copper_resistance_regulator|COPR,G,469,T
MEG_2071|Metals|Copper_resistance|Copper_resistance_regulator|COPR,T,506,A
MEG_2071|Metals|Copper_resistance|Copper_resistance_regulator|COPR,T,678,G
MEG_5422|Metals|Copper_resistance|Copper_resistance_protein|PCOD,T,246,G
MEG_2038|Metals|Copper_resistance|Copper_resistance_protein|COPB,C,262,A
MEG_2038|Metals|Copper_resistance|Copper_resistance_protein|COPB,C,344,A
MEG_2038|Metals|Copper_resistance|Copper_resistance_protein|COPB,C,381,T
MEG_2038|Metals|Copper_resistance|Copper_resistance_protein|COPB,T,767,C
MEG_2038|Metals|Copper_resistance|Copper_resistance_protein|COPB,C,818,A
MEG_2038|Metals|Copper_resistance|Copper_resistance_protein|COPB,T,836,A
MEG_2038|Metals|Copper_resistance|Copper_resistance_protein|COPB,G,886,C
MEG_2038|Metals|Copper_resistance|Copper_resistance_protein|COPB,C,908,G
MEG_2038|Metals|Copper_resistance|Copper_resistance_protein|COPB,A,926,C
MEG_2038|Metals|Copper_resistance|Copper_resistance_protein|COPB,G,958,C
MEG_2051|Metals|Copper_resistance|Copper_resistance_protein|COPD,A,474,T
MEG_2051|Metals|Copper_resistance|Copper_resistance_protein|COPD,G,496,A
MEG_2051|Metals|Copper_resistance|Copper_resistance_protein|COPD,G,578,C
MEG_6654|Metals|Copper_resistance|Copper_resistance_protein|TCRZ,C,71,G
MEG_6654|Metals|Copper_resistance|Copper_resistance_protein|TCRZ,T,165,G
MEG_2082|Metals|Copper_resistance|Copper_resistance_regulator|COPZ,A,57,T
MEG_2082|Metals|Copper_resistance|Copper_resistance_regulator|COPZ,G,68,C
MEG_2082|Metals|Copper_resistance|Copper_resistance_regulator|COPZ,G,70,A
MEG_2082|Metals|Copper_resistance|Copper_resistance_regulator|COPZ,G,73,T
MEG_2082|Metals|Copper_resistance|Copper_resistance_regulator|COPZ,G,97,T
MEG_2082|Metals|Copper_resistance|Copper_resistance_regulator|COPZ,T,132,A
MEG_2082|Metals|Copper_resistance|Copper_resistance_regulator|COPZ,A,182,C
MEG_2082|Metals|Copper_resistance|Copper_resistance_regulator|COPZ,A,183,T
MEG_2082|Metals|Copper_resistance|Copper_resistance_regulator|COPZ,A,201,C
MEG_2073|Metals|Copper_resistance|Copper_resistance_regulator|COPR,G,12,A
MEG_2073|Metals|Copper_resistance|Copper_resistance_regulator|COPR,A,27,C
MEG_2073|Metals|Copper_resistance|Copper_resistance_regulator|COPR,G,38,C
MEG_2073|Metals|Copper_resistance|Copper_resistance_regulator|COPR,C,232,T
MEG_2073|Metals|Copper_resistance|Copper_resistance_regulator|COPR,C,277,G
MEG_2073|Metals|Copper_resistance|Copper_resistance_regulator|COPR,C,313,A
MEG_2073|Metals|Copper_resistance|Copper_resistance_regulator|COPR,A,461,C
MEG_2073|Metals|Copper_resistance|Copper_resistance_regulator|COPR,A,503,C
MEG_2073|Metals|Copper_resistance|Copper_resistance_regulator|COPR,T,616,G
MEG_2059|Metals|Copper_resistance|Copper_resistance_protein|COPG,A,94,G
MEG_2059|Metals|Copper_resistance|Copper_resistance_protein|COPG,C,183,T
MEG_2059|Metals|Copper_resistance|Copper_resistance_protein|COPG,T,215,G
MEG_2059|Metals|Copper_resistance|Copper_resistance_protein|COPG,G,267,A
MEG_2059|Metals|Copper_resistance|Copper_resistance_protein|COPG,C,353,G
MEG_2059|Metals|Copper_resistance|Copper_resistance_protein|COPG,G,458,T
MEG_2059|Metals|Copper_resistance|Copper_resistance_protein|COPG,G,510,C
MEG_2059|Metals|Copper_resistance|Copper_resistance_protein|COPG,C,517,T
MEG_6651|Metals|Copper_resistance|Copper_resistance_protein|TCRA,A,408,C
MEG_6651|Metals|Copper_resistance|Copper_resistance_protein|TCRA,T,1535,C
MEG_6651|Metals|Copper_resistance|Copper_resistance_protein|TCRA,G,1618,A
MEG_6651|Metals|Copper_resistance|Copper_resistance_protein|TCRA,G,1669,T
MEG_6651|Metals|Copper_resistance|Copper_resistance_protein|TCRA,T,2348,A
MEG_6653|Metals|Copper_resistance|Copper_resistance_protein|TCRY,G,5,A
MEG_6653|Metals|Copper_resistance|Copper_resistance_protein|TCRY,G,305,C
MEG_6653|Metals|Copper_resistance|Copper_resistance_protein|TCRY,A,359,G
MEG_6653|Metals|Copper_resistance|Copper_resistance_protein|TCRY,A,360,G
MEG_6653|Metals|Copper_resistance|Copper_resistance_protein|TCRY,G,408,T
MEG_5416|Metals|Copper_resistance|Copper_resistance_protein|PCOA,T,1599,C
MEG_2067|Metals|Copper_resistance|Copper_resistance_protein|COPP,A,4,T
MEG_2067|Metals|Copper_resistance|Copper_resistance_protein|COPP,T,172,C
MEG_2654|Metals|Copper_resistance|Copper_resistance_protein|DNAK,G,559,A
MEG_2654|Metals|Copper_resistance|Copper_resistance_protein|DNAK,G,910,C
MEG_2083|Metals|Copper_resistance|Copper_resistance_regulator|COPZ,G,27,A
MEG_2083|Metals|Copper_resistance|Copper_resistance_regulator|COPZ,G,58,C
MEG_2083|Metals|Copper_resistance|Copper_resistance_regulator|COPZ,C,103,T
MEG_2083|Metals|Copper_resistance|Copper_resistance_regulator|COPZ,A,119,C
MEG_2083|Metals|Copper_resistance|Copper_resistance_regulator|COPZ,G,129,C
MEG_2083|Metals|Copper_resistance|Copper_resistance_regulator|COPZ,T,185,A
MEG_2048|Metals|Copper_resistance|Copper_resistance_protein|COPC,T,26,A
MEG_2048|Metals|Copper_resistance|Copper_resistance_protein|COPC,C,59,G
MEG_2048|Metals|Copper_resistance|Copper_resistance_protein|COPC,A,79,C
MEG_2048|Metals|Copper_resistance|Copper_resistance_protein|COPC,G,99,C
MEG_2048|Metals|Copper_resistance|Copper_resistance_protein|COPC,G,120,A
MEG_2048|Metals|Copper_resistance|Copper_resistance_protein|COPC,A,190,G
MEG_2048|Metals|Copper_resistance|Copper_resistance_protein|COPC,C,218,G
MEG_2048|Metals|Copper_resistance|Copper_resistance_protein|COPC,G,240,A
MEG_2048|Metals|Copper_resistance|Copper_resistance_protein|COPC,T,319,G
MEG_2048|Metals|Copper_resistance|Copper_resistance_protein|COPC,A,352,C
MEG_2052|Metals|Copper_resistance|Copper_resistance_protein|COPD,G,97,T
MEG_2052|Metals|Copper_resistance|Copper_resistance_protein|COPD,A,138,T
MEG_2052|Metals|Copper_resistance|Copper_resistance_protein|COPD,C,200,G
MEG_2052|Metals|Copper_resistance|Copper_resistance_protein|COPD,G,383,C
MEG_2061|Metals|Copper_resistance|Copper_resistance_protein|COPK,C,86,A
MEG_6652|Metals|Copper_resistance|Copper_resistance_protein|TCRB,G,874,A
MEG_6652|Metals|Copper_resistance|Copper_resistance_protein|TCRB,G,1221,C
MEG_6652|Metals|Copper_resistance|Copper_resistance_protein|TCRB,A,1382,G
MEG_6652|Metals|Copper_resistance|Copper_resistance_protein|TCRB,G,1771,C
MEG_6652|Metals|Copper_resistance|Copper_resistance_protein|TCRB,T,1971,G
MEG_2023|Metals|Copper_resistance|Copper_resistance_protein|COPA,T,577,A
MEG_2023|Metals|Copper_resistance|Copper_resistance_protein|COPA,A,812,C
MEG_2023|Metals|Copper_resistance|Copper_resistance_protein|COPA,T,1001,G
MEG_2023|Metals|Copper_resistance|Copper_resistance_protein|COPA,A,1323,T
MEG_2023|Metals|Copper_resistance|Copper_resistance_protein|COPA,C,1355,G
MEG_2023|Metals|Copper_resistance|Copper_resistance_protein|COPA,A,1496,G
MEG_2023|Metals|Copper_resistance|Copper_resistance_protein|COPA,G,1615,T
MEG_2021|Metals|Copper_resistance|Copper_resistance_protein|COPA,A,107,C
MEG_2021|Metals|Copper_resistance|Copper_resistance_protein|COPA,A,129,T
MEG_2021|Metals|Copper_resistance|Copper_resistance_protein|COPA,T,297,C
MEG_2021|Metals|Copper_resistance|Copper_resistance_protein|COPA,A,379,C
MEG_2021|Metals|Copper_resistance|Copper_resistance_protein|COPA,T,599,A
MEG_2021|Metals|Copper_resistance|Copper_resistance_protein|COPA,C,1273,G
MEG_2017|Metals|Copper_resistance|Copper_resistance_regulator|COMR,C,309,G
MEG_2017|Metals|Copper_resistance|Copper_resistance_regulator|COMR,A,422,T
MEG_2017|Metals|Copper_resistance|Copper_resistance_regulator|COMR,A,547,G
MEG_2017|Metals|Copper_resistance|Copper_resistance_regulator|COMR,C,552,T
MEG_2017|Metals|Copper_resistance|Copper_resistance_regulator|COMR,A,629,G
MEG_2460|Metals|Copper_resistance|Copper_resistance_protein|CUTR,C,65,G
MEG_2460|Metals|Copper_resistance|Copper_resistance_protein|CUTR,G,148,T
MEG_2460|Metals|Copper_resistance|Copper_resistance_protein|CUTR,C,164,A
MEG_2460|Metals|Copper_resistance|Copper_resistance_protein|CUTR,C,343,G
MEG_2136|Metals|Copper_resistance|Copper_resistance_regulator|CSOR,G,16,A
MEG_2136|Metals|Copper_resistance|Copper_resistance_regulator|CSOR,A,40,G
MEG_2136|Metals|Copper_resistance|Copper_resistance_regulator|CSOR,A,50,C
MEG_2136|Metals|Copper_resistance|Copper_resistance_regulator|CSOR,T,113,C
MEG_2136|Metals|Copper_resistance|Copper_resistance_regulator|CSOR,T,130,C
MEG_2136|Metals|Copper_resistance|Copper_resistance_regulator|CSOR,T,157,A
MEG_2136|Metals|Copper_resistance|Copper_resistance_regulator|CSOR,A,203,G
MEG_2063|Metals|Copper_resistance|Copper_resistance_protein|COPL,G,142,A
MEG_2063|Metals|Copper_resistance|Copper_resistance_protein|COPL,C,226,T
MEG_2063|Metals|Copper_resistance|Copper_resistance_protein|COPL,T,259,A
MEG_2442|Metals|Copper_resistance|Copper_resistance_regulator|CUER,A,40,G
MEG_2442|Metals|Copper_resistance|Copper_resistance_regulator|CUER,G,46,A
MEG_2442|Metals|Copper_resistance|Copper_resistance_regulator|CUER,G,223,C
MEG_2442|Metals|Copper_resistance|Copper_resistance_regulator|CUER,A,329,T
MEG_2442|Metals|Copper_resistance|Copper_resistance_regulator|CUER,G,352,C
MEG_2442|Metals|Copper_resistance|Copper_resistance_regulator|CUER,T,395,C
MEG_2442|Metals|Copper_resistance|Copper_resistance_regulator|CUER,T,401,G
MEG_2442|Metals|Copper_resistance|Copper_resistance_regulator|CUER,A,426,C
MEG_2019|Metals|Copper_resistance|Copper_resistance_protein|COPA,T,194,C
MEG_2019|Metals|Copper_resistance|Copper_resistance_protein|COPA,A,489,T
MEG_2019|Metals|Copper_resistance|Copper_resistance_protein|COPA,C,898,T
MEG_2019|Metals|Copper_resistance|Copper_resistance_protein|COPA,C,1169,G
MEG_2019|Metals|Copper_resistance|Copper_resistance_protein|COPA,T,1235,C
MEG_2019|Metals|Copper_resistance|Copper_resistance_protein|COPA,C,1280,T
MEG_2019|Metals|Copper_resistance|Copper_resistance_protein|COPA,G,1596,T
MEG_2019|Metals|Copper_resistance|Copper_resistance_protein|COPA,A,1810,C
MEG_2019|Metals|Copper_resistance|Copper_resistance_protein|COPA,C,2369,G
MEG_2044|Metals|Copper_resistance|Copper_resistance_protein|COPC,G,120,C
MEG_2022|Metals|Copper_resistance|Copper_resistance_protein|COPA,C,193,T
MEG_2022|Metals|Copper_resistance|Copper_resistance_protein|COPA,A,571,T
MEG_2022|Metals|Copper_resistance|Copper_resistance_protein|COPA,T,1190,C
MEG_2024|Metals|Copper_resistance|Copper_resistance_protein|COPA,A,17,C
MEG_2024|Metals|Copper_resistance|Copper_resistance_protein|COPA,C,48,G
MEG_2024|Metals|Copper_resistance|Copper_resistance_protein|COPA,C,51,T
MEG_2024|Metals|Copper_resistance|Copper_resistance_protein|COPA,G,96,C
MEG_2024|Metals|Copper_resistance|Copper_resistance_protein|COPA,T,105,C
MEG_5417|Metals|Copper_resistance|Copper_resistance_protein|PCOB,C,196,T
MEG_2062|Metals|Copper_resistance|Copper_resistance_protein|COPL,T,110,C
MEG_2062|Metals|Copper_resistance|Copper_resistance_protein|COPL,C,235,A
MEG_2077|Metals|Copper_resistance|Copper_resistance_regulator|COPS,C,158,A
MEG_2077|Metals|Copper_resistance|Copper_resistance_regulator|COPS,C,376,T
MEG_2077|Metals|Copper_resistance|Copper_resistance_regulator|COPS,C,1000,T
MEG_2077|Metals|Copper_resistance|Copper_resistance_regulator|COPS,G,1057,T
MEG_2077|Metals|Copper_resistance|Copper_resistance_regulator|COPS,C,1131,T
MEG_2077|Metals|Copper_resistance|Copper_resistance_regulator|COPS,G,1196,A
MEG_2077|Metals|Copper_resistance|Copper_resistance_regulator|COPS,A,1413,C
MEG_722|Drugs|Cationic_antimicrobial_peptides|Lipid_A_modification|ALMG,G,267,C
MEG_722|Drugs|Cationic_antimicrobial_peptides|Lipid_A_modification|ALMG,C,702,A
MEG_1122|Drugs|Cationic_antimicrobial_peptides|Polymyxin_B_resistance_regulator|ARNA,C,474,G
MEG_1122|Drugs|Cationic_antimicrobial_peptides|Polymyxin_B_resistance_regulator|ARNA,C,835,G
MEG_1122|Drugs|Cationic_antimicrobial_peptides|Polymyxin_B_resistance_regulator|ARNA,C,1095,T
MEG_1122|Drugs|Cationic_antimicrobial_peptides|Polymyxin_B_resistance_regulator|ARNA,C,1141,G
MEG_1122|Drugs|Cationic_antimicrobial_peptides|Polymyxin_B_resistance_regulator|ARNA,G,1345,C
MEG_1122|Drugs|Cationic_antimicrobial_peptides|Polymyxin_B_resistance_regulator|ARNA,A,1418,T
MEG_1122|Drugs|Cationic_antimicrobial_peptides|Polymyxin_B_resistance_regulator|ARNA,G,1884,C
MEG_1198|Drugs|Cationic_antimicrobial_peptides|Polymyxin_B_resistance_regulator|BASRS,T,527,C
MEG_1198|Drugs|Cationic_antimicrobial_peptides|Polymyxin_B_resistance_regulator|BASRS,T,1140,G
MEG_1198|Drugs|Cationic_antimicrobial_peptides|Polymyxin_B_resistance_regulator|BASRS,C,1400,T
MEG_2700|Drugs|Cationic_antimicrobial_peptides|Edeine_acetyltransferase|EDEQ,G,85,A
MEG_2700|Drugs|Cationic_antimicrobial_peptides|Edeine_acetyltransferase|EDEQ,C,153,G
MEG_2700|Drugs|Cationic_antimicrobial_peptides|Edeine_acetyltransferase|EDEQ,G,169,T
MEG_2700|Drugs|Cationic_antimicrobial_peptides|Edeine_acetyltransferase|EDEQ,C,226,T
MEG_2700|Drugs|Cationic_antimicrobial_peptides|Edeine_acetyltransferase|EDEQ,A,248,C
MEG_2700|Drugs|Cationic_antimicrobial_peptides|Edeine_acetyltransferase|EDEQ,T,372,G
MEG_2700|Drugs|Cationic_antimicrobial_peptides|Edeine_acetyltransferase|EDEQ,C,416,T
MEG_2739|Drugs|Cationic_antimicrobial_peptides|Lipid_A_modification|EPTA,A,7,G
MEG_2739|Drugs|Cationic_antimicrobial_peptides|Lipid_A_modification|EPTA,A,205,T
MEG_2739|Drugs|Cationic_antimicrobial_peptides|Lipid_A_modification|EPTA,G,406,C
MEG_2739|Drugs|Cationic_antimicrobial_peptides|Lipid_A_modification|EPTA,G,415,C
MEG_2739|Drugs|Cationic_antimicrobial_peptides|Lipid_A_modification|EPTA,T,1127,A
MEG_2739|Drugs|Cationic_antimicrobial_peptides|Lipid_A_modification|EPTA,G,1471,T
MEG_2739|Drugs|Cationic_antimicrobial_peptides|Lipid_A_modification|EPTA,C,1507,G
MEG_2739|Drugs|Cationic_antimicrobial_peptides|Lipid_A_modification|EPTA,G,1582,A
MEG_4053|Drugs|Cationic_antimicrobial_peptides|Defensin-resistant_mprF|MPRF,T,1808,A
MEG_4054|Drugs|Cationic_antimicrobial_peptides|Defensin-resistant_mprF|MPRF,A,120,T
MEG_4054|Drugs|Cationic_antimicrobial_peptides|Defensin-resistant_mprF|MPRF,T,260,A
MEG_4054|Drugs|Cationic_antimicrobial_peptides|Defensin-resistant_mprF|MPRF,C,1657,A
MEG_4054|Drugs|Cationic_antimicrobial_peptides|Defensin-resistant_mprF|MPRF,T,1979,C
MEG_4054|Drugs|Cationic_antimicrobial_peptides|Defensin-resistant_mprF|MPRF,C,2262,A
MEG_4054|Drugs|Cationic_antimicrobial_peptides|Defensin-resistant_mprF|MPRF,T,2354,G
MEG_4055|Drugs|Cationic_antimicrobial_peptides|Defensin-resistant_mprF|MPRF,A,44,G
MEG_4055|Drugs|Cationic_antimicrobial_peptides|Defensin-resistant_mprF|MPRF,A,163,C
MEG_4055|Drugs|Cationic_antimicrobial_peptides|Defensin-resistant_mprF|MPRF,A,657,T
MEG_4055|Drugs|Cationic_antimicrobial_peptides|Defensin-resistant_mprF|MPRF,T,1000,G
MEG_4055|Drugs|Cationic_antimicrobial_peptides|Defensin-resistant_mprF|MPRF,A,1114,T
MEG_4055|Drugs|Cationic_antimicrobial_peptides|Defensin-resistant_mprF|MPRF,G,1143,T
MEG_4055|Drugs|Cationic_antimicrobial_peptides|Defensin-resistant_mprF|MPRF,T,1356,C
MEG_4055|Drugs|Cationic_antimicrobial_peptides|Defensin-resistant_mprF|MPRF,T,2154,A
MEG_4056|Drugs|Cationic_antimicrobial_peptides|Defensin-resistant_mprF|MPRF,A,22,T
MEG_4056|Drugs|Cationic_antimicrobial_peptides|Defensin-resistant_mprF|MPRF,A,544,G
MEG_4056|Drugs|Cationic_antimicrobial_peptides|Defensin-resistant_mprF|MPRF,G,605,C
MEG_4056|Drugs|Cationic_antimicrobial_peptides|Defensin-resistant_mprF|MPRF,C,776,T
MEG_4056|Drugs|Cationic_antimicrobial_peptides|Defensin-resistant_mprF|MPRF,A,864,G
MEG_4056|Drugs|Cationic_antimicrobial_peptides|Defensin-resistant_mprF|MPRF,A,926,G
MEG_4056|Drugs|Cationic_antimicrobial_peptides|Defensin-resistant_mprF|MPRF,C,1392,T
MEG_4056|Drugs|Cationic_antimicrobial_peptides|Defensin-resistant_mprF|MPRF,T,1536,G
MEG_4056|Drugs|Cationic_antimicrobial_peptides|Defensin-resistant_mprF|MPRF,T,1626,C
MEG_5801|Drugs|Cationic_antimicrobial_peptides|Lipid_A_modification|PMRF,T,338,G
MEG_5801|Drugs|Cationic_antimicrobial_peptides|Lipid_A_modification|PMRF,T,407,A
MEG_7328|Drugs|Cationic_antimicrobial_peptides|Lipid_A_modification|UGD,A,172,G
MEG_7328|Drugs|Cationic_antimicrobial_peptides|Lipid_A_modification|UGD,T,428,A
MEG_7328|Drugs|Cationic_antimicrobial_peptides|Lipid_A_modification|UGD,G,530,A
MEG_7328|Drugs|Cationic_antimicrobial_peptides|Lipid_A_modification|UGD,T,554,A
MEG_7328|Drugs|Cationic_antimicrobial_peptides|Lipid_A_modification|UGD,G,665,T
MEG_723|Metals|Aluminum_resistance|Aluminum_resistance_protein|ALU1P,T,30,C
MEG_723|Metals|Aluminum_resistance|Aluminum_resistance_protein|ALU1P,A,53,T
MEG_723|Metals|Aluminum_resistance|Aluminum_resistance_protein|ALU1P,G,307,C
MEG_723|Metals|Aluminum_resistance|Aluminum_resistance_protein|ALU1P,C,335,A
MEG_723|Metals|Aluminum_resistance|Aluminum_resistance_protein|ALU1P,T,361,A
MEG_3075|Metals|Aluminum_resistance|Aluminum_ATPase_|G2ALT,C,184,T
MEG_3075|Metals|Aluminum_resistance|Aluminum_ATPase_|G2ALT,A,386,C
MEG_3075|Metals|Aluminum_resistance|Aluminum_ATPase_|G2ALT,C,567,G
MEG_1123|Drugs|Rifampin|Rifampin_ADP-ribosyltransferase_Arr|ARR,T,59,C
MEG_1123|Drugs|Rifampin|Rifampin_ADP-ribosyltransferase_Arr|ARR,G,181,A
MEG_1123|Drugs|Rifampin|Rifampin_ADP-ribosyltransferase_Arr|ARR,T,296,G
MEG_1123|Drugs|Rifampin|Rifampin_ADP-ribosyltransferase_Arr|ARR,A,322,G
MEG_1123|Drugs|Rifampin|Rifampin_ADP-ribosyltransferase_Arr|ARR,G,323,A
MEG_1123|Drugs|Rifampin|Rifampin_ADP-ribosyltransferase_Arr|ARR,C,327,T
MEG_1124|Drugs|Rifampin|Rifampin_ADP-ribosyltransferase_Arr|ARR,G,67,C
MEG_1124|Drugs|Rifampin|Rifampin_ADP-ribosyltransferase_Arr|ARR,A,79,T
MEG_1124|Drugs|Rifampin|Rifampin_ADP-ribosyltransferase_Arr|ARR,C,105,G
MEG_1124|Drugs|Rifampin|Rifampin_ADP-ribosyltransferase_Arr|ARR,A,131,C
MEG_1124|Drugs|Rifampin|Rifampin_ADP-ribosyltransferase_Arr|ARR,C,136,T
MEG_1124|Drugs|Rifampin|Rifampin_ADP-ribosyltransferase_Arr|ARR,C,165,G
MEG_1124|Drugs|Rifampin|Rifampin_ADP-ribosyltransferase_Arr|ARR,C,191,G
MEG_1124|Drugs|Rifampin|Rifampin_ADP-ribosyltransferase_Arr|ARR,C,280,G
MEG_1124|Drugs|Rifampin|Rifampin_ADP-ribosyltransferase_Arr|ARR,T,389,C
MEG_1124|Drugs|Rifampin|Rifampin_ADP-ribosyltransferase_Arr|ARR,A,452,T
MEG_1125|Drugs|Rifampin|Rifampin_ADP-ribosyltransferase_Arr|ARR,A,22,G
MEG_1125|Drugs|Rifampin|Rifampin_ADP-ribosyltransferase_Arr|ARR,T,82,A
MEG_1125|Drugs|Rifampin|Rifampin_ADP-ribosyltransferase_Arr|ARR,T,140,G
MEG_1125|Drugs|Rifampin|Rifampin_ADP-ribosyltransferase_Arr|ARR,T,297,C
MEG_1125|Drugs|Rifampin|Rifampin_ADP-ribosyltransferase_Arr|ARR,C,311,G
MEG_1125|Drugs|Rifampin|Rifampin_ADP-ribosyltransferase_Arr|ARR,A,383,G
MEG_1125|Drugs|Rifampin|Rifampin_ADP-ribosyltransferase_Arr|ARR,C,427,G
MEG_1126|Drugs|Rifampin|Rifampin_ADP-ribosyltransferase_Arr|ARR,T,35,G
MEG_1126|Drugs|Rifampin|Rifampin_ADP-ribosyltransferase_Arr|ARR,C,222,G
MEG_1126|Drugs|Rifampin|Rifampin_ADP-ribosyltransferase_Arr|ARR,C,373,T
MEG_1126|Drugs|Rifampin|Rifampin_ADP-ribosyltransferase_Arr|ARR,T,381,G
MEG_1127|Drugs|Rifampin|Rifampin_ADP-ribosyltransferase_Arr|ARR,A,79,T
MEG_1127|Drugs|Rifampin|Rifampin_ADP-ribosyltransferase_Arr|ARR,G,133,C
MEG_1127|Drugs|Rifampin|Rifampin_ADP-ribosyltransferase_Arr|ARR,C,196,T
MEG_1127|Drugs|Rifampin|Rifampin_ADP-ribosyltransferase_Arr|ARR,T,353,C
MEG_1128|Drugs|Rifampin|Rifampin_ADP-ribosyltransferase_Arr|ARR,C,17,A
MEG_1128|Drugs|Rifampin|Rifampin_ADP-ribosyltransferase_Arr|ARR,C,36,T
MEG_1128|Drugs|Rifampin|Rifampin_ADP-ribosyltransferase_Arr|ARR,A,38,G
MEG_1128|Drugs|Rifampin|Rifampin_ADP-ribosyltransferase_Arr|ARR,G,201,A
MEG_1128|Drugs|Rifampin|Rifampin_ADP-ribosyltransferase_Arr|ARR,C,258,G
MEG_1128|Drugs|Rifampin|Rifampin_ADP-ribosyltransferase_Arr|ARR,T,419,A
MEG_1129|Drugs|Rifampin|Rifampin_ADP-ribosyltransferase_Arr|ARR,G,10,C
MEG_1130|Drugs|Rifampin|Rifampin_ADP-ribosyltransferase_Arr|ARR,C,106,G
MEG_1130|Drugs|Rifampin|Rifampin_ADP-ribosyltransferase_Arr|ARR,T,170,C
MEG_1130|Drugs|Rifampin|Rifampin_ADP-ribosyltransferase_Arr|ARR,C,421,T
MEG_1130|Drugs|Rifampin|Rifampin_ADP-ribosyltransferase_Arr|ARR,T,451,C
MEG_1131|Drugs|Rifampin|Rifampin_ADP-ribosyltransferase_Arr|ARR,A,22,C
MEG_1131|Drugs|Rifampin|Rifampin_ADP-ribosyltransferase_Arr|ARR,C,96,A
MEG_1131|Drugs|Rifampin|Rifampin_ADP-ribosyltransferase_Arr|ARR,T,234,A
MEG_1131|Drugs|Rifampin|Rifampin_ADP-ribosyltransferase_Arr|ARR,C,255,T
MEG_1131|Drugs|Rifampin|Rifampin_ADP-ribosyltransferase_Arr|ARR,T,306,A
MEG_1131|Drugs|Rifampin|Rifampin_ADP-ribosyltransferase_Arr|ARR,G,366,C
MEG_1131|Drugs|Rifampin|Rifampin_ADP-ribosyltransferase_Arr|ARR,C,418,A
MEG_1131|Drugs|Rifampin|Rifampin_ADP-ribosyltransferase_Arr|ARR,T,433,G
MEG_1132|Drugs|Rifampin|Rifampin_ADP-ribosyltransferase_Arr|ARR,C,77,T
MEG_1132|Drugs|Rifampin|Rifampin_ADP-ribosyltransferase_Arr|ARR,T,93,G
MEG_1132|Drugs|Rifampin|Rifampin_ADP-ribosyltransferase_Arr|ARR,A,103,T
MEG_1132|Drugs|Rifampin|Rifampin_ADP-ribosyltransferase_Arr|ARR,G,178,C
MEG_1132|Drugs|Rifampin|Rifampin_ADP-ribosyltransferase_Arr|ARR,G,214,T
MEG_1132|Drugs|Rifampin|Rifampin_ADP-ribosyltransferase_Arr|ARR,T,225,A
MEG_1132|Drugs|Rifampin|Rifampin_ADP-ribosyltransferase_Arr|ARR,T,344,G
MEG_1132|Drugs|Rifampin|Rifampin_ADP-ribosyltransferase_Arr|ARR,A,396,T
MEG_1132|Drugs|Rifampin|Rifampin_ADP-ribosyltransferase_Arr|ARR,T,409,C
MEG_1133|Drugs|Rifampin|Rifampin_ADP-ribosyltransferase_Arr|ARR,T,118,A
MEG_1133|Drugs|Rifampin|Rifampin_ADP-ribosyltransferase_Arr|ARR,T,208,G
MEG_1133|Drugs|Rifampin|Rifampin_ADP-ribosyltransferase_Arr|ARR,T,297,C
MEG_1133|Drugs|Rifampin|Rifampin_ADP-ribosyltransferase_Arr|ARR,G,358,C
MEG_1134|Drugs|Rifampin|Rifampin_ADP-ribosyltransferase_Arr|ARR,A,74,C
MEG_1134|Drugs|Rifampin|Rifampin_ADP-ribosyltransferase_Arr|ARR,G,210,C
MEG_1135|Drugs|Rifampin|Rifampin_ADP-ribosyltransferase_Arr|ARR,T,68,C
MEG_1135|Drugs|Rifampin|Rifampin_ADP-ribosyltransferase_Arr|ARR,T,117,G
MEG_1135|Drugs|Rifampin|Rifampin_ADP-ribosyltransferase_Arr|ARR,A,155,C
MEG_1135|Drugs|Rifampin|Rifampin_ADP-ribosyltransferase_Arr|ARR,A,229,G
MEG_1135|Drugs|Rifampin|Rifampin_ADP-ribosyltransferase_Arr|ARR,G,289,A
MEG_1135|Drugs|Rifampin|Rifampin_ADP-ribosyltransferase_Arr|ARR,A,327,C
MEG_1135|Drugs|Rifampin|Rifampin_ADP-ribosyltransferase_Arr|ARR,A,377,T
MEG_1135|Drugs|Rifampin|Rifampin_ADP-ribosyltransferase_Arr|ARR,A,414,G
MEG_1135|Drugs|Rifampin|Rifampin_ADP-ribosyltransferase_Arr|ARR,G,483,T
MEG_1135|Drugs|Rifampin|Rifampin_ADP-ribosyltransferase_Arr|ARR,A,539,G
MEG_1136|Drugs|Rifampin|Rifampin_ADP-ribosyltransferase_Arr|ARR,T,63,G
MEG_1136|Drugs|Rifampin|Rifampin_ADP-ribosyltransferase_Arr|ARR,T,81,A
MEG_1136|Drugs|Rifampin|Rifampin_ADP-ribosyltransferase_Arr|ARR,G,109,T
MEG_1136|Drugs|Rifampin|Rifampin_ADP-ribosyltransferase_Arr|ARR,A,237,C
MEG_1136|Drugs|Rifampin|Rifampin_ADP-ribosyltransferase_Arr|ARR,A,249,T
MEG_1136|Drugs|Rifampin|Rifampin_ADP-ribosyltransferase_Arr|ARR,A,309,G
MEG_1136|Drugs|Rifampin|Rifampin_ADP-ribosyltransferase_Arr|ARR,T,328,G
MEG_1137|Drugs|Rifampin|Rifampin_ADP-ribosyltransferase_Arr|ARR,C,138,G
MEG_1137|Drugs|Rifampin|Rifampin_ADP-ribosyltransferase_Arr|ARR,C,326,G
MEG_1137|Drugs|Rifampin|Rifampin_ADP-ribosyltransferase_Arr|ARR,T,375,G
MEG_1137|Drugs|Rifampin|Rifampin_ADP-ribosyltransferase_Arr|ARR,G,387,T
MEG_1137|Drugs|Rifampin|Rifampin_ADP-ribosyltransferase_Arr|ARR,A,392,C
MEG_1138|Drugs|Rifampin|Rifampin_ADP-ribosyltransferase_Arr|ARR,G,110,A
MEG_1138|Drugs|Rifampin|Rifampin_ADP-ribosyltransferase_Arr|ARR,A,194,T
MEG_1138|Drugs|Rifampin|Rifampin_ADP-ribosyltransferase_Arr|ARR,A,253,G
MEG_1138|Drugs|Rifampin|Rifampin_ADP-ribosyltransferase_Arr|ARR,C,284,G
MEG_1138|Drugs|Rifampin|Rifampin_ADP-ribosyltransferase_Arr|ARR,T,316,G
MEG_1138|Drugs|Rifampin|Rifampin_ADP-ribosyltransferase_Arr|ARR,A,343,G
MEG_1138|Drugs|Rifampin|Rifampin_ADP-ribosyltransferase_Arr|ARR,A,360,T
MEG_1138|Drugs|Rifampin|Rifampin_ADP-ribosyltransferase_Arr|ARR,T,406,G
MEG_1138|Drugs|Rifampin|Rifampin_ADP-ribosyltransferase_Arr|ARR,T,444,A
MEG_3434|Drugs|Rifampin|Monooxygenase|IRI,T,14,A
MEG_3434|Drugs|Rifampin|Monooxygenase|IRI,G,461,T
MEG_3434|Drugs|Rifampin|Monooxygenase|IRI,C,478,G
MEG_3434|Drugs|Rifampin|Monooxygenase|IRI,C,581,T
MEG_3434|Drugs|Rifampin|Monooxygenase|IRI,A,925,T
MEG_3434|Drugs|Rifampin|Monooxygenase|IRI,A,1142,C
MEG_3434|Drugs|Rifampin|Monooxygenase|IRI,G,1179,A
MEG_6047|Drugs|Rifampin|RNA-polymerase_binding_protein|RBPA,G,3,C
MEG_6047|Drugs|Rifampin|RNA-polymerase_binding_protein|RBPA,C,54,G
MEG_6047|Drugs|Rifampin|RNA-polymerase_binding_protein|RBPA,C,93,A
MEG_6047|Drugs|Rifampin|RNA-polymerase_binding_protein|RBPA,G,103,A
MEG_6047|Drugs|Rifampin|RNA-polymerase_binding_protein|RBPA,C,132,T
MEG_6047|Drugs|Rifampin|RNA-polymerase_binding_protein|RBPA,G,196,C
MEG_6047|Drugs|Rifampin|RNA-polymerase_binding_protein|RBPA,C,204,T
MEG_6047|Drugs|Rifampin|RNA-polymerase_binding_protein|RBPA,G,222,T
MEG_6047|Drugs|Rifampin|RNA-polymerase_binding_protein|RBPA,C,269,G
MEG_6054|Drugs|Rifampin|Rifampin_glycosyltransferase|RGT,C,143,G
MEG_6054|Drugs|Rifampin|Rifampin_glycosyltransferase|RGT,C,664,T
MEG_6085|Drugs|Rifampin|Monooxygenase|ROX,G,199,T
MEG_6086|Drugs|Rifampin|Rifampin_phosphotransferase|RPH,C,1419,T
MEG_6087|Drugs|Rifampin|Rifampin_phosphotransferase|RPH,C,175,T
MEG_6087|Drugs|Rifampin|Rifampin_phosphotransferase|RPH,G,231,T
MEG_6087|Drugs|Rifampin|Rifampin_phosphotransferase|RPH,G,449,A
MEG_6087|Drugs|Rifampin|Rifampin_phosphotransferase|RPH,A,765,C
MEG_6087|Drugs|Rifampin|Rifampin_phosphotransferase|RPH,A,1592,G
MEG_6087|Drugs|Rifampin|Rifampin_phosphotransferase|RPH,G,1720,T
MEG_6087|Drugs|Rifampin|Rifampin_phosphotransferase|RPH,G,2544,C
MEG_6088|Drugs|Rifampin|Rifampin_phosphotransferase|RPH,G,695,C
MEG_6088|Drugs|Rifampin|Rifampin_phosphotransferase|RPH,C,1183,G
MEG_6088|Drugs|Rifampin|Rifampin_phosphotransferase|RPH,G,1261,A
MEG_6088|Drugs|Rifampin|Rifampin_phosphotransferase|RPH,G,1309,C
MEG_6088|Drugs|Rifampin|Rifampin_phosphotransferase|RPH,C,2031,T
MEG_6088|Drugs|Rifampin|Rifampin_phosphotransferase|RPH,A,2179,C
MEG_6088|Drugs|Rifampin|Rifampin_phosphotransferase|RPH,T,2496,A
MEG_6089|Drugs|Rifampin|Rifampin_phosphotransferase|RPH,T,349,G
MEG_6089|Drugs|Rifampin|Rifampin_phosphotransferase|RPH,T,1101,G
MEG_6089|Drugs|Rifampin|Rifampin_phosphotransferase|RPH,C,1423,G
MEG_6089|Drugs|Rifampin|Rifampin_phosphotransferase|RPH,A,2505,C
MEG_8674|Drugs|Rifampin|Rifampin-resistant_beta-subunit_of_RNA_polymerase_RpoB|RPOB,A,572,T
MEG_10008|Drugs|Rifampin|Rifampin-resistant_beta-subunit_of_RNA_polymerase_RpoB|RPOB,A,2216,T
MEG_10088|Drugs|Rifampin|RNA_polymerase_protection_protein|HELR,C,44,A
MEG_10088|Drugs|Rifampin|RNA_polymerase_protection_protein|HELR,A,531,T
MEG_10088|Drugs|Rifampin|RNA_polymerase_protection_protein|HELR,C,610,G
MEG_10088|Drugs|Rifampin|RNA_polymerase_protection_protein|HELR,T,656,G
MEG_10088|Drugs|Rifampin|RNA_polymerase_protection_protein|HELR,C,774,A
MEG_10088|Drugs|Rifampin|RNA_polymerase_protection_protein|HELR,C,842,A
MEG_10088|Drugs|Rifampin|RNA_polymerase_protection_protein|HELR,G,1198,A
MEG_10128|Drugs|Rifampin|Rifampin_monooyxgenase|ROX,C,84,T
MEG_10128|Drugs|Rifampin|Rifampin_monooyxgenase|ROX,G,340,A
MEG_10128|Drugs|Rifampin|Rifampin_monooyxgenase|ROX,G,355,T
MEG_10128|Drugs|Rifampin|Rifampin_monooyxgenase|ROX,G,1194,C
MEG_10128|Drugs|Rifampin|Rifampin_monooyxgenase|ROX,G,1199,C
MEG_10128|Drugs|Rifampin|Rifampin_monooyxgenase|ROX,T,1207,C
MEG_10128|Drugs|Rifampin|Rifampin_monooyxgenase|ROX,G,1270,A
MEG_10128|Drugs|Rifampin|Rifampin_monooyxgenase|ROX,G,1285,T
MEG_6502|Metals|Multi-metal_resistance|Multi-metal_RND_efflux_pumps|SILC,G,154,T
MEG_6502|Metals|Multi-metal_resistance|Multi-metal_RND_efflux_pumps|SILC,T,497,G
MEG_6502|Metals|Multi-metal_resistance|Multi-metal_RND_efflux_pumps|SILC,T,509,C
MEG_6502|Metals|Multi-metal_resistance|Multi-metal_RND_efflux_pumps|SILC,A,628,G
MEG_6502|Metals|Multi-metal_resistance|Multi-metal_RND_efflux_pumps|SILC,G,657,T
MEG_6502|Metals|Multi-metal_resistance|Multi-metal_RND_efflux_pumps|SILC,A,1109,T
MEG_6502|Metals|Multi-metal_resistance|Multi-metal_RND_efflux_pumps|SILC,T,1374,G
MEG_2897|Metals|Multi-metal_resistance|Multi-metal_ABC_efflux_pumps|FECE,T,98,C
MEG_2897|Metals|Multi-metal_resistance|Multi-metal_ABC_efflux_pumps|FECE,C,307,G
MEG_2897|Metals|Multi-metal_resistance|Multi-metal_ABC_efflux_pumps|FECE,C,391,T
MEG_2897|Metals|Multi-metal_resistance|Multi-metal_ABC_efflux_pumps|FECE,A,514,T
MEG_2897|Metals|Multi-metal_resistance|Multi-metal_ABC_efflux_pumps|FECE,A,668,T
MEG_2897|Metals|Multi-metal_resistance|Multi-metal_ABC_efflux_pumps|FECE,T,752,A
MEG_2478|Metals|Multi-metal_resistance|Multi-metal_RND_efflux_pumps|CZNC,T,212,G
MEG_2478|Metals|Multi-metal_resistance|Multi-metal_RND_efflux_pumps|CZNC,A,340,C
MEG_2478|Metals|Multi-metal_resistance|Multi-metal_RND_efflux_pumps|CZNC,T,411,C
MEG_2478|Metals|Multi-metal_resistance|Multi-metal_RND_efflux_pumps|CZNC,G,432,T
MEG_2478|Metals|Multi-metal_resistance|Multi-metal_RND_efflux_pumps|CZNC,A,467,C
MEG_2478|Metals|Multi-metal_resistance|Multi-metal_RND_efflux_pumps|CZNC,T,1194,G
MEG_1153|Metals|Multi-metal_resistance|Multi-metal_resistance_protein|ARSBM,G,16,T
MEG_1153|Metals|Multi-metal_resistance|Multi-metal_resistance_protein|ARSBM,C,366,T
MEG_1153|Metals|Multi-metal_resistance|Multi-metal_resistance_protein|ARSBM,G,424,C
MEG_1153|Metals|Multi-metal_resistance|Multi-metal_resistance_protein|ARSBM,A,613,C
MEG_1153|Metals|Multi-metal_resistance|Multi-metal_resistance_protein|ARSBM,A,800,C
MEG_1150|Metals|Multi-metal_resistance|Multi-metal_resistance_protein|ARSBM,A,22,T
MEG_1150|Metals|Multi-metal_resistance|Multi-metal_resistance_protein|ARSBM,A,153,T
MEG_1150|Metals|Multi-metal_resistance|Multi-metal_resistance_protein|ARSBM,C,170,G
MEG_1150|Metals|Multi-metal_resistance|Multi-metal_resistance_protein|ARSBM,T,329,C
MEG_1150|Metals|Multi-metal_resistance|Multi-metal_resistance_protein|ARSBM,T,720,A
MEG_1150|Metals|Multi-metal_resistance|Multi-metal_resistance_protein|ARSBM,T,1100,A
MEG_6499|Metals|Multi-metal_resistance|Multi-metal_RND_efflux_pumps|SILA,C,892,T
MEG_6499|Metals|Multi-metal_resistance|Multi-metal_RND_efflux_pumps|SILA,C,1600,G
MEG_6499|Metals|Multi-metal_resistance|Multi-metal_RND_efflux_pumps|SILA,C,1959,T
MEG_6499|Metals|Multi-metal_resistance|Multi-metal_RND_efflux_pumps|SILA,G,2898,A
MEG_6499|Metals|Multi-metal_resistance|Multi-metal_RND_efflux_pumps|SILA,A,3088,C
MEG_5787|Metals|Multi-metal_resistance|Multi-metal_resistance_protein|PITA,A,700,C
MEG_5787|Metals|Multi-metal_resistance|Multi-metal_resistance_protein|PITA,A,761,C
MEG_5787|Metals|Multi-metal_resistance|Multi-metal_resistance_protein|PITA,A,981,T
MEG_5787|Metals|Multi-metal_resistance|Multi-metal_resistance_protein|PITA,G,1183,A
MEG_5787|Metals|Multi-metal_resistance|Multi-metal_resistance_protein|PITA,G,1450,T
MEG_7281|Metals|Multi-metal_resistance|Multi-metal_ABC_efflux_pumps|TROD,C,392,G
MEG_7281|Metals|Multi-metal_resistance|Multi-metal_ABC_efflux_pumps|TROD,G,400,T
MEG_7281|Metals|Multi-metal_resistance|Multi-metal_ABC_efflux_pumps|TROD,A,496,T
MEG_7281|Metals|Multi-metal_resistance|Multi-metal_ABC_efflux_pumps|TROD,G,672,T
MEG_7281|Metals|Multi-metal_resistance|Multi-metal_ABC_efflux_pumps|TROD,C,898,G
MEG_7281|Metals|Multi-metal_resistance|Multi-metal_ABC_efflux_pumps|TROD,G,940,A
MEG_7281|Metals|Multi-metal_resistance|Multi-metal_ABC_efflux_pumps|TROD,T,953,G
MEG_7281|Metals|Multi-metal_resistance|Multi-metal_ABC_efflux_pumps|TROD,G,1027,A
MEG_2092|Metals|Multi-metal_resistance|Multi-metal_resistance_protein|CORD,G,138,T
MEG_2092|Metals|Multi-metal_resistance|Multi-metal_resistance_protein|CORD,C,269,A
MEG_2092|Metals|Multi-metal_resistance|Multi-metal_resistance_protein|CORD,T,291,C
MEG_2092|Metals|Multi-metal_resistance|Multi-metal_resistance_protein|CORD,T,294,A
MEG_2092|Metals|Multi-metal_resistance|Multi-metal_resistance_protein|CORD,T,302,G
MEG_2092|Metals|Multi-metal_resistance|Multi-metal_resistance_protein|CORD,C,339,A
MEG_2092|Metals|Multi-metal_resistance|Multi-metal_resistance_protein|CORD,C,362,T
MEG_2092|Metals|Multi-metal_resistance|Multi-metal_resistance_protein|CORD,T,372,A
MEG_1485|Metals|Multi-metal_resistance|Multi-metal_resistance_regulator|CADC,T,21,A
MEG_1485|Metals|Multi-metal_resistance|Multi-metal_resistance_regulator|CADC,T,28,G
MEG_1485|Metals|Multi-metal_resistance|Multi-metal_resistance_regulator|CADC,G,37,T
MEG_1485|Metals|Multi-metal_resistance|Multi-metal_resistance_regulator|CADC,G,79,A
MEG_1485|Metals|Multi-metal_resistance|Multi-metal_resistance_regulator|CADC,T,180,C
MEG_1485|Metals|Multi-metal_resistance|Multi-metal_resistance_regulator|CADC,T,197,A
MEG_1485|Metals|Multi-metal_resistance|Multi-metal_resistance_regulator|CADC,G,274,C
MEG_1485|Metals|Multi-metal_resistance|Multi-metal_resistance_regulator|CADC,C,312,A
MEG_2891|Metals|Multi-metal_resistance|Multi-metal_ABC_efflux_pumps|FBPC,C,299,G
MEG_2891|Metals|Multi-metal_resistance|Multi-metal_ABC_efflux_pumps|FBPC,A,462,C
MEG_2891|Metals|Multi-metal_resistance|Multi-metal_ABC_efflux_pumps|FBPC,C,900,A
MEG_2891|Metals|Multi-metal_resistance|Multi-metal_ABC_efflux_pumps|FBPC,A,942,T
MEG_7821|Metals|Multi-metal_resistance|Multi-metal_resistance_protein|YFEA,G,633,C
MEG_3168|Metals|Multi-metal_resistance|Multi-metal_resistance_protein|GOLT,C,76,A
MEG_3168|Metals|Multi-metal_resistance|Multi-metal_resistance_protein|GOLT,C,405,A
MEG_3168|Metals|Multi-metal_resistance|Multi-metal_resistance_protein|GOLT,T,917,C
MEG_3168|Metals|Multi-metal_resistance|Multi-metal_resistance_protein|GOLT,G,1663,C
MEG_3168|Metals|Multi-metal_resistance|Multi-metal_resistance_protein|GOLT,C,1705,T
MEG_3168|Metals|Multi-metal_resistance|Multi-metal_resistance_protein|GOLT,T,1805,A
MEG_3168|Metals|Multi-metal_resistance|Multi-metal_resistance_protein|GOLT,G,1819,C
MEG_3168|Metals|Multi-metal_resistance|Multi-metal_resistance_protein|GOLT,G,2005,C
MEG_3168|Metals|Multi-metal_resistance|Multi-metal_resistance_protein|GOLT,C,2125,G
MEG_3440|Metals|Multi-metal_resistance|Multi-metal_resistance_regulator|IRLS,C,19,T
MEG_3440|Metals|Multi-metal_resistance|Multi-metal_resistance_regulator|IRLS,G,153,T
MEG_3440|Metals|Multi-metal_resistance|Multi-metal_resistance_regulator|IRLS,T,249,G
MEG_3440|Metals|Multi-metal_resistance|Multi-metal_resistance_regulator|IRLS,T,742,G
MEG_3440|Metals|Multi-metal_resistance|Multi-metal_resistance_regulator|IRLS,C,752,G
MEG_3440|Metals|Multi-metal_resistance|Multi-metal_resistance_regulator|IRLS,A,811,G
MEG_3440|Metals|Multi-metal_resistance|Multi-metal_resistance_regulator|IRLS,G,843,T
MEG_3440|Metals|Multi-metal_resistance|Multi-metal_resistance_regulator|IRLS,C,945,A
MEG_3440|Metals|Multi-metal_resistance|Multi-metal_resistance_regulator|IRLS,C,1072,T
MEG_3440|Metals|Multi-metal_resistance|Multi-metal_resistance_regulator|IRLS,C,1269,T
MEG_2010|Metals|Multi-metal_resistance|Multi-metal_resistance_protein|CNRC,G,196,C
MEG_2010|Metals|Multi-metal_resistance|Multi-metal_resistance_protein|CNRC,C,575,A
MEG_2010|Metals|Multi-metal_resistance|Multi-metal_resistance_protein|CNRC,C,635,T
MEG_2010|Metals|Multi-metal_resistance|Multi-metal_resistance_protein|CNRC,T,679,A
MEG_2010|Metals|Multi-metal_resistance|Multi-metal_resistance_protein|CNRC,T,708,A
MEG_2010|Metals|Multi-metal_resistance|Multi-metal_resistance_protein|CNRC,G,792,T
MEG_2010|Metals|Multi-metal_resistance|Multi-metal_resistance_protein|CNRC,G,1069,C
MEG_2010|Metals|Multi-metal_resistance|Multi-metal_resistance_protein|CNRC,T,1133,A
MEG_2010|Metals|Multi-metal_resistance|Multi-metal_resistance_protein|CNRC,G,1143,T
MEG_2010|Metals|Multi-metal_resistance|Multi-metal_resistance_protein|CNRC,C,1185,T
MEG_4059|Metals|Multi-metal_resistance|Multi-metal_resistance_protein|MREA,G,35,T
MEG_4059|Metals|Multi-metal_resistance|Multi-metal_resistance_protein|MREA,A,38,C
MEG_4059|Metals|Multi-metal_resistance|Multi-metal_resistance_protein|MREA,G,150,C
MEG_4059|Metals|Multi-metal_resistance|Multi-metal_resistance_protein|MREA,C,285,A
MEG_2011|Metals|Multi-metal_resistance|Multi-metal_resistance_regulator|CNRH,G,89,A
MEG_2011|Metals|Multi-metal_resistance|Multi-metal_resistance_regulator|CNRH,C,174,A
MEG_2011|Metals|Multi-metal_resistance|Multi-metal_resistance_regulator|CNRH,C,184,A
MEG_2011|Metals|Multi-metal_resistance|Multi-metal_resistance_regulator|CNRH,T,193,C
MEG_2011|Metals|Multi-metal_resistance|Multi-metal_resistance_regulator|CNRH,C,219,T
MEG_2011|Metals|Multi-metal_resistance|Multi-metal_resistance_regulator|CNRH,A,244,G
MEG_2011|Metals|Multi-metal_resistance|Multi-metal_resistance_regulator|CNRH,G,393,C
MEG_2011|Metals|Multi-metal_resistance|Multi-metal_resistance_regulator|CNRH,C,469,A
MEG_2011|Metals|Multi-metal_resistance|Multi-metal_resistance_regulator|CNRH,A,539,G
MEG_4125|Metals|Multi-metal_resistance|Multi-metal_MFS_efflux_pumps|NCRC,C,105,T
MEG_4125|Metals|Multi-metal_resistance|Multi-metal_MFS_efflux_pumps|NCRC,C,147,T
MEG_4125|Metals|Multi-metal_resistance|Multi-metal_MFS_efflux_pumps|NCRC,G,476,C
MEG_4125|Metals|Multi-metal_resistance|Multi-metal_MFS_efflux_pumps|NCRC,A,581,C
MEG_4125|Metals|Multi-metal_resistance|Multi-metal_MFS_efflux_pumps|NCRC,T,640,G
MEG_4125|Metals|Multi-metal_resistance|Multi-metal_MFS_efflux_pumps|NCRC,C,661,T
MEG_4000|Metals|Multi-metal_resistance|Multi-metal_resistance_protein|MNTR,C,26,T
MEG_4000|Metals|Multi-metal_resistance|Multi-metal_resistance_protein|MNTR,A,33,G
MEG_4000|Metals|Multi-metal_resistance|Multi-metal_resistance_protein|MNTR,A,92,C
MEG_4000|Metals|Multi-metal_resistance|Multi-metal_resistance_protein|MNTR,C,169,A
MEG_4000|Metals|Multi-metal_resistance|Multi-metal_resistance_protein|MNTR,C,284,G
MEG_4000|Metals|Multi-metal_resistance|Multi-metal_resistance_protein|MNTR,A,298,C
MEG_4000|Metals|Multi-metal_resistance|Multi-metal_resistance_protein|MNTR,T,355,G
MEG_4000|Metals|Multi-metal_resistance|Multi-metal_resistance_protein|MNTR,A,371,C
MEG_4000|Metals|Multi-metal_resistance|Multi-metal_resistance_protein|MNTR,G,391,A
MEG_4000|Metals|Multi-metal_resistance|Multi-metal_resistance_protein|MNTR,A,421,T
MEG_1162|Metals|Multi-metal_resistance|Multi-metal_resistance_protein|ARSCM,G,163,C
MEG_1162|Metals|Multi-metal_resistance|Multi-metal_resistance_protein|ARSCM,C,238,A
MEG_1162|Metals|Multi-metal_resistance|Multi-metal_resistance_protein|ARSCM,T,257,A
MEG_1162|Metals|Multi-metal_resistance|Multi-metal_resistance_protein|ARSCM,A,377,C
MEG_2009|Metals|Multi-metal_resistance|Multi-metal_resistance_protein|CNRB,C,320,G
MEG_2009|Metals|Multi-metal_resistance|Multi-metal_resistance_protein|CNRB,C,493,T
MEG_2009|Metals|Multi-metal_resistance|Multi-metal_resistance_protein|CNRB,A,738,T
MEG_2463|Metals|Multi-metal_resistance|Multi-metal_RND_efflux_pumps|CZCB,C,196,T
MEG_2463|Metals|Multi-metal_resistance|Multi-metal_RND_efflux_pumps|CZCB,C,390,G
MEG_2463|Metals|Multi-metal_resistance|Multi-metal_RND_efflux_pumps|CZCB,C,503,A
MEG_2463|Metals|Multi-metal_resistance|Multi-metal_RND_efflux_pumps|CZCB,G,923,T
MEG_2463|Metals|Multi-metal_resistance|Multi-metal_RND_efflux_pumps|CZCB,G,1008,A
MEG_2463|Metals|Multi-metal_resistance|Multi-metal_RND_efflux_pumps|CZCB,C,1276,G
MEG_2463|Metals|Multi-metal_resistance|Multi-metal_RND_efflux_pumps|CZCB,G,1322,A
MEG_2463|Metals|Multi-metal_resistance|Multi-metal_RND_efflux_pumps|CZCB,G,1378,T
MEG_2463|Metals|Multi-metal_resistance|Multi-metal_RND_efflux_pumps|CZCB,C,1380,G
MEG_2463|Metals|Multi-metal_resistance|Multi-metal_RND_efflux_pumps|CZCB,G,1399,T
MEG_6053|Metals|Multi-metal_resistance|Multi-metal_resistance_protein|RECGM,C,53,T
MEG_6053|Metals|Multi-metal_resistance|Multi-metal_resistance_protein|RECGM,C,481,T
MEG_6053|Metals|Multi-metal_resistance|Multi-metal_resistance_protein|RECGM,T,965,C
MEG_6053|Metals|Multi-metal_resistance|Multi-metal_resistance_protein|RECGM,C,1143,A
MEG_6053|Metals|Multi-metal_resistance|Multi-metal_resistance_protein|RECGM,T,1181,C
MEG_6053|Metals|Multi-metal_resistance|Multi-metal_resistance_protein|RECGM,C,1435,T
MEG_6053|Metals|Multi-metal_resistance|Multi-metal_resistance_protein|RECGM,T,1727,G
MEG_4005|Metals|Multi-metal_resistance|Multi-metal_ABC_efflux_pumps|MODB,C,42,T
MEG_4005|Metals|Multi-metal_resistance|Multi-metal_ABC_efflux_pumps|MODB,C,481,A
MEG_4005|Metals|Multi-metal_resistance|Multi-metal_ABC_efflux_pumps|MODB,T,482,C
MEG_4217|Metals|Multi-metal_resistance|Multi-metal_resistance_protein|NREB,C,129,T
MEG_4217|Metals|Multi-metal_resistance|Multi-metal_resistance_protein|NREB,G,285,T
MEG_4217|Metals|Multi-metal_resistance|Multi-metal_resistance_protein|NREB,C,304,T
MEG_4217|Metals|Multi-metal_resistance|Multi-metal_resistance_protein|NREB,A,617,G
MEG_4217|Metals|Multi-metal_resistance|Multi-metal_resistance_protein|NREB,C,850,T
MEG_2888|Metals|Multi-metal_resistance|Multi-metal_ABC_efflux_pumps|FBPA,C,190,T
MEG_2888|Metals|Multi-metal_resistance|Multi-metal_ABC_efflux_pumps|FBPA,A,322,C
MEG_2888|Metals|Multi-metal_resistance|Multi-metal_ABC_efflux_pumps|FBPA,A,753,C
MEG_2888|Metals|Multi-metal_resistance|Multi-metal_ABC_efflux_pumps|FBPA,G,922,C
MEG_1483|Metals|Multi-metal_resistance|Multi-metal_resistance_protein|CADA,C,603,A
MEG_1483|Metals|Multi-metal_resistance|Multi-metal_resistance_protein|CADA,A,1540,C
MEG_2088|Metals|Multi-metal_resistance|Multi-metal_resistance_protein|CORB,A,1,T
MEG_2088|Metals|Multi-metal_resistance|Multi-metal_resistance_protein|CORB,G,24,T
MEG_2088|Metals|Multi-metal_resistance|Multi-metal_resistance_protein|CORB,T,30,G
MEG_2088|Metals|Multi-metal_resistance|Multi-metal_resistance_protein|CORB,A,35,G
MEG_2088|Metals|Multi-metal_resistance|Multi-metal_resistance_protein|CORB,G,114,C
MEG_2088|Metals|Multi-metal_resistance|Multi-metal_resistance_protein|CORB,C,307,T
MEG_2088|Metals|Multi-metal_resistance|Multi-metal_resistance_protein|CORB,C,398,T
MEG_2088|Metals|Multi-metal_resistance|Multi-metal_resistance_protein|CORB,G,466,C
MEG_2088|Metals|Multi-metal_resistance|Multi-metal_resistance_protein|CORB,C,522,A
MEG_2088|Metals|Multi-metal_resistance|Multi-metal_resistance_protein|CORB,G,643,C
MEG_1177|Metals|Multi-metal_resistance|Multi-metal_resistance_protein|ARSRM,C,42,A
MEG_1177|Metals|Multi-metal_resistance|Multi-metal_resistance_protein|ARSRM,A,61,T
MEG_1177|Metals|Multi-metal_resistance|Multi-metal_resistance_protein|ARSRM,G,86,C
MEG_1177|Metals|Multi-metal_resistance|Multi-metal_resistance_protein|ARSRM,G,114,T
MEG_1177|Metals|Multi-metal_resistance|Multi-metal_resistance_protein|ARSRM,A,198,C
MEG_1177|Metals|Multi-metal_resistance|Multi-metal_resistance_protein|ARSRM,G,225,C
MEG_1177|Metals|Multi-metal_resistance|Multi-metal_resistance_protein|ARSRM,C,232,A
MEG_1177|Metals|Multi-metal_resistance|Multi-metal_resistance_protein|ARSRM,G,244,A
MEG_1177|Metals|Multi-metal_resistance|Multi-metal_resistance_protein|ARSRM,T,322,C
MEG_1177|Metals|Multi-metal_resistance|Multi-metal_resistance_protein|ARSRM,A,331,G
MEG_5775|Metals|Multi-metal_resistance|Multi-metal_resistance_protein|PFR,G,202,A
MEG_5774|Metals|Multi-metal_resistance|Multi-metal_resistance_protein|PFR,A,352,T
MEG_5774|Metals|Multi-metal_resistance|Multi-metal_resistance_protein|PFR,T,469,C
MEG_4116|Metals|Multi-metal_resistance|Multi-metal_resistance_protein|NCCX,A,86,G
MEG_4116|Metals|Multi-metal_resistance|Multi-metal_resistance_protein|NCCX,C,92,T
MEG_4116|Metals|Multi-metal_resistance|Multi-metal_resistance_protein|NCCX,C,149,T
MEG_4116|Metals|Multi-metal_resistance|Multi-metal_resistance_protein|NCCX,A,247,C
MEG_4116|Metals|Multi-metal_resistance|Multi-metal_resistance_protein|NCCX,C,326,T
MEG_4116|Metals|Multi-metal_resistance|Multi-metal_resistance_protein|NCCX,A,338,G
MEG_4116|Metals|Multi-metal_resistance|Multi-metal_resistance_protein|NCCX,G,390,C
MEG_2682|Metals|Multi-metal_resistance|Multi-metal_resistance_protein|DSBA,A,33,C
MEG_2682|Metals|Multi-metal_resistance|Multi-metal_resistance_protein|DSBA,A,196,G
MEG_2682|Metals|Multi-metal_resistance|Multi-metal_resistance_protein|DSBA,G,527,T
MEG_2678|Metals|Multi-metal_resistance|Multi-metal_resistance_protein|DSBA,G,348,A
MEG_2678|Metals|Multi-metal_resistance|Multi-metal_resistance_protein|DSBA,G,424,C
MEG_2678|Metals|Multi-metal_resistance|Multi-metal_resistance_protein|DSBA,T,446,A
MEG_2678|Metals|Multi-metal_resistance|Multi-metal_resistance_protein|DSBA,T,519,G
MEG_2678|Metals|Multi-metal_resistance|Multi-metal_resistance_protein|DSBA,T,539,G
MEG_4003|Metals|Multi-metal_resistance|Multi-metal_ABC_efflux_pumps|MODA,C,21,T
MEG_4003|Metals|Multi-metal_resistance|Multi-metal_ABC_efflux_pumps|MODA,A,209,T
MEG_4003|Metals|Multi-metal_resistance|Multi-metal_ABC_efflux_pumps|MODA,C,242,G
MEG_4003|Metals|Multi-metal_resistance|Multi-metal_ABC_efflux_pumps|MODA,A,307,T
MEG_4003|Metals|Multi-metal_resistance|Multi-metal_ABC_efflux_pumps|MODA,A,313,G
MEG_4003|Metals|Multi-metal_resistance|Multi-metal_ABC_efflux_pumps|MODA,C,682,T
MEG_4003|Metals|Multi-metal_resistance|Multi-metal_ABC_efflux_pumps|MODA,G,685,T
MEG_4003|Metals|Multi-metal_resistance|Multi-metal_ABC_efflux_pumps|MODA,G,810,C
MEG_7283|Metals|Multi-metal_resistance|Multi-metal_ABC_efflux_regulator|TROR,A,379,G
MEG_7283|Metals|Multi-metal_resistance|Multi-metal_ABC_efflux_regulator|TROR,T,387,A
MEG_2681|Metals|Multi-metal_resistance|Multi-metal_resistance_protein|DSBA,T,344,G
MEG_2681|Metals|Multi-metal_resistance|Multi-metal_resistance_protein|DSBA,A,345,C
MEG_2681|Metals|Multi-metal_resistance|Multi-metal_resistance_protein|DSBA,T,363,G
MEG_2681|Metals|Multi-metal_resistance|Multi-metal_resistance_protein|DSBA,A,409,C
MEG_2681|Metals|Multi-metal_resistance|Multi-metal_resistance_protein|DSBA,C,482,T
MEG_2681|Metals|Multi-metal_resistance|Multi-metal_resistance_protein|DSBA,T,496,A
MEG_3435|Metals|Multi-metal_resistance|Multi-metal_resistance_regulator|IRLR,G,67,A
MEG_3435|Metals|Multi-metal_resistance|Multi-metal_resistance_regulator|IRLR,T,211,G
MEG_3435|Metals|Multi-metal_resistance|Multi-metal_resistance_regulator|IRLR,C,414,T
MEG_3435|Metals|Multi-metal_resistance|Multi-metal_resistance_regulator|IRLR,C,510,A
MEG_3435|Metals|Multi-metal_resistance|Multi-metal_resistance_regulator|IRLR,G,540,T
MEG_3435|Metals|Multi-metal_resistance|Multi-metal_resistance_regulator|IRLR,A,542,C
MEG_3435|Metals|Multi-metal_resistance|Multi-metal_resistance_regulator|IRLR,G,568,C
MEG_3435|Metals|Multi-metal_resistance|Multi-metal_resistance_regulator|IRLR,A,619,T
MEG_3435|Metals|Multi-metal_resistance|Multi-metal_resistance_regulator|IRLR,C,630,G
MEG_3435|Metals|Multi-metal_resistance|Multi-metal_resistance_regulator|IRLR,G,676,T
MEG_2672|Metals|Multi-metal_resistance|Multi-metal_resistance_protein|DSBA,A,167,T
MEG_2672|Metals|Multi-metal_resistance|Multi-metal_resistance_protein|DSBA,T,192,C
MEG_2672|Metals|Multi-metal_resistance|Multi-metal_resistance_protein|DSBA,G,262,T
MEG_2672|Metals|Multi-metal_resistance|Multi-metal_resistance_protein|DSBA,G,291,A
MEG_2672|Metals|Multi-metal_resistance|Multi-metal_resistance_protein|DSBA,A,531,C
MEG_11335|Metals|Multi-metal_resistance|Multi-metal_resistance_regulator|CADC,G,170,A
MEG_11335|Metals|Multi-metal_resistance|Multi-metal_resistance_regulator|CADC,C,200,T
MEG_11335|Metals|Multi-metal_resistance|Multi-metal_resistance_regulator|CADC,G,248,T
MEG_11335|Metals|Multi-metal_resistance|Multi-metal_resistance_regulator|CADC,G,255,C
MEG_11335|Metals|Multi-metal_resistance|Multi-metal_resistance_regulator|CADC,G,318,C
MEG_11335|Metals|Multi-metal_resistance|Multi-metal_resistance_regulator|CADC,T,327,G
MEG_1168|Biocides|Naphthoquinone|Naphthoquinone_resistance_protein|ARSHN,C,23,A
MEG_1168|Biocides|Naphthoquinone|Naphthoquinone_resistance_protein|ARSHN,C,96,G
MEG_1168|Biocides|Naphthoquinone|Naphthoquinone_resistance_protein|ARSHN,C,179,G
MEG_1168|Biocides|Naphthoquinone|Naphthoquinone_resistance_protein|ARSHN,G,190,A
MEG_1168|Biocides|Naphthoquinone|Naphthoquinone_resistance_protein|ARSHN,A,373,C
MEG_1168|Biocides|Naphthoquinone|Naphthoquinone_resistance_protein|ARSHN,C,446,A
MEG_1168|Biocides|Naphthoquinone|Naphthoquinone_resistance_protein|ARSHN,G,483,A
MEG_1168|Biocides|Naphthoquinone|Naphthoquinone_resistance_protein|ARSHN,A,549,G
MEG_1168|Biocides|Naphthoquinone|Naphthoquinone_resistance_protein|ARSHN,A,584,T
MEG_1168|Biocides|Naphthoquinone|Naphthoquinone_resistance_protein|ARSHN,T,618,G
MEG_1181|Biocides|Acid_resistance|Acid_resistance_protein|ASR,A,177,T
MEG_1182|Biocides|Acid_resistance|Acid_resistance_protein|ASR,A,260,G
MEG_2701|Biocides|Acid_resistance|Acid_resistance_protein|EEFA,G,552,T
MEG_2701|Biocides|Acid_resistance|Acid_resistance_protein|EEFA,C,681,T
MEG_2701|Biocides|Acid_resistance|Acid_resistance_protein|EEFA,C,762,G
MEG_2701|Biocides|Acid_resistance|Acid_resistance_protein|EEFA,C,1078,T
MEG_2702|Biocides|Acid_resistance|Acid_resistance_protein|EEFX,G,36,C
MEG_2867|Biocides|Acid_resistance|Acid_resistance_regulator|EVGA,C,95,A
MEG_2867|Biocides|Acid_resistance|Acid_resistance_regulator|EVGA,G,107,T
MEG_2867|Biocides|Acid_resistance|Acid_resistance_regulator|EVGA,T,271,G
MEG_2867|Biocides|Acid_resistance|Acid_resistance_regulator|EVGA,G,286,A
MEG_2867|Biocides|Acid_resistance|Acid_resistance_regulator|EVGA,C,344,G
MEG_2867|Biocides|Acid_resistance|Acid_resistance_regulator|EVGA,T,464,G
MEG_2867|Biocides|Acid_resistance|Acid_resistance_regulator|EVGA,T,524,C
MEG_2867|Biocides|Acid_resistance|Acid_resistance_regulator|EVGA,T,557,G
MEG_3076|Biocides|Acid_resistance|Acid_resistance_protein|GADA,G,22,C
MEG_3076|Biocides|Acid_resistance|Acid_resistance_protein|GADA,G,526,C
MEG_3076|Biocides|Acid_resistance|Acid_resistance_protein|GADA,C,729,A
MEG_3076|Biocides|Acid_resistance|Acid_resistance_protein|GADA,G,760,C
MEG_3076|Biocides|Acid_resistance|Acid_resistance_protein|GADA,A,1171,G
MEG_3076|Biocides|Acid_resistance|Acid_resistance_protein|GADA,T,1313,G
MEG_3077|Biocides|Acid_resistance|Acid_resistance_protein|GADA,C,23,G
MEG_3077|Biocides|Acid_resistance|Acid_resistance_protein|GADA,G,38,C
MEG_3077|Biocides|Acid_resistance|Acid_resistance_protein|GADA,C,471,T
MEG_3077|Biocides|Acid_resistance|Acid_resistance_protein|GADA,T,533,A
MEG_3077|Biocides|Acid_resistance|Acid_resistance_protein|GADA,C,556,T
MEG_3077|Biocides|Acid_resistance|Acid_resistance_protein|GADA,G,691,T
MEG_3077|Biocides|Acid_resistance|Acid_resistance_protein|GADA,T,714,G
MEG_3078|Biocides|Acid_resistance|Acid_resistance_protein|GADB,T,141,G
MEG_3078|Biocides|Acid_resistance|Acid_resistance_protein|GADB,G,191,C
MEG_3078|Biocides|Acid_resistance|Acid_resistance_protein|GADB,G,611,C
MEG_3078|Biocides|Acid_resistance|Acid_resistance_protein|GADB,C,842,A
MEG_3078|Biocides|Acid_resistance|Acid_resistance_protein|GADB,T,909,A
MEG_3078|Biocides|Acid_resistance|Acid_resistance_protein|GADB,C,951,T
MEG_3078|Biocides|Acid_resistance|Acid_resistance_protein|GADB,C,1140,G
MEG_3079|Biocides|Acid_resistance|Acid_resistance_protein|GADC,C,548,G
MEG_3079|Biocides|Acid_resistance|Acid_resistance_protein|GADC,C,610,A
MEG_3079|Biocides|Acid_resistance|Acid_resistance_protein|GADC,C,667,T
MEG_3080|Biocides|Acid_resistance|Acid_resistance_regulator|GADE,C,273,A
MEG_3080|Biocides|Acid_resistance|Acid_resistance_regulator|GADE,G,360,T
MEG_3080|Biocides|Acid_resistance|Acid_resistance_regulator|GADE,A,475,T
MEG_3080|Biocides|Acid_resistance|Acid_resistance_regulator|GADE,G,493,T
MEG_3253|Biocides|Acid_resistance|Acid_resistance_protein|HDEA,C,279,G
MEG_3253|Biocides|Acid_resistance|Acid_resistance_protein|HDEA,A,322,C
MEG_3254|Biocides|Acid_resistance|Acid_resistance_protein|HDEB,C,61,A
MEG_3254|Biocides|Acid_resistance|Acid_resistance_protein|HDEB,A,127,C
MEG_3255|Biocides|Acid_resistance|Acid_resistance_protein|HDEB,T,18,G
MEG_3255|Biocides|Acid_resistance|Acid_resistance_protein|HDEB,T,41,G
MEG_3255|Biocides|Acid_resistance|Acid_resistance_protein|HDEB,A,108,G
MEG_3255|Biocides|Acid_resistance|Acid_resistance_protein|HDEB,A,188,G
MEG_3256|Biocides|Acid_resistance|Acid_resistance_protein|HEFA,A,147,C
MEG_3256|Biocides|Acid_resistance|Acid_resistance_protein|HEFA,T,269,C
MEG_3256|Biocides|Acid_resistance|Acid_resistance_protein|HEFA,A,336,C
MEG_3256|Biocides|Acid_resistance|Acid_resistance_protein|HEFA,G,732,C
MEG_3256|Biocides|Acid_resistance|Acid_resistance_protein|HEFA,T,890,A
MEG_3256|Biocides|Acid_resistance|Acid_resistance_protein|HEFA,A,923,T
MEG_3256|Biocides|Acid_resistance|Acid_resistance_protein|HEFA,T,954,C
MEG_3256|Biocides|Acid_resistance|Acid_resistance_protein|HEFA,T,1365,A
MEG_3256|Biocides|Acid_resistance|Acid_resistance_protein|HEFA,T,1397,A
MEG_3257|Biocides|Acid_resistance|Acid_resistance_protein|HEFC,C,148,G
MEG_3257|Biocides|Acid_resistance|Acid_resistance_protein|HEFC,T,272,A
MEG_3257|Biocides|Acid_resistance|Acid_resistance_protein|HEFC,G,705,T
MEG_3257|Biocides|Acid_resistance|Acid_resistance_protein|HEFC,G,1291,A
MEG_3257|Biocides|Acid_resistance|Acid_resistance_protein|HEFC,A,1757,C
MEG_3257|Biocides|Acid_resistance|Acid_resistance_protein|HEFC,A,2476,G
MEG_3257|Biocides|Acid_resistance|Acid_resistance_protein|HEFC,T,2576,G
MEG_3257|Biocides|Acid_resistance|Acid_resistance_protein|HEFC,G,2935,C
MEG_3257|Biocides|Acid_resistance|Acid_resistance_protein|HEFC,T,3059,G
MEG_7820|Biocides|Acid_resistance|Acid_resistance_protein|YDEP,C,164,T
MEG_7820|Biocides|Acid_resistance|Acid_resistance_protein|YDEP,A,449,G
MEG_7820|Biocides|Acid_resistance|Acid_resistance_protein|YDEP,A,470,C
MEG_7820|Biocides|Acid_resistance|Acid_resistance_protein|YDEP,G,714,C
MEG_7820|Biocides|Acid_resistance|Acid_resistance_protein|YDEP,G,1031,A
MEG_7820|Biocides|Acid_resistance|Acid_resistance_protein|YDEP,G,1275,A
MEG_7820|Biocides|Acid_resistance|Acid_resistance_protein|YDEP,C,2163,T
MEG_1189|Drugs|Bacitracin|Undecaprenyl_pyrophosphate_phosphatase|BACA,C,129,T
MEG_1189|Drugs|Bacitracin|Undecaprenyl_pyrophosphate_phosphatase|BACA,C,496,T
MEG_1189|Drugs|Bacitracin|Undecaprenyl_pyrophosphate_phosphatase|BACA,C,751,T
MEG_1189|Drugs|Bacitracin|Undecaprenyl_pyrophosphate_phosphatase|BACA,G,811,A
MEG_1190|Drugs|Bacitracin|Undecaprenyl_pyrophosphate_phosphatase|BACA,T,113,G
MEG_1190|Drugs|Bacitracin|Undecaprenyl_pyrophosphate_phosphatase|BACA,T,284,A
MEG_1190|Drugs|Bacitracin|Undecaprenyl_pyrophosphate_phosphatase|BACA,T,398,A
MEG_1190|Drugs|Bacitracin|Undecaprenyl_pyrophosphate_phosphatase|BACA,C,405,G
MEG_1190|Drugs|Bacitracin|Undecaprenyl_pyrophosphate_phosphatase|BACA,G,546,C
MEG_1190|Drugs|Bacitracin|Undecaprenyl_pyrophosphate_phosphatase|BACA,A,622,T
MEG_1190|Drugs|Bacitracin|Undecaprenyl_pyrophosphate_phosphatase|BACA,G,768,C
MEG_1196|Drugs|Bacitracin|Undecaprenyl_pyrophosphate_phosphatase|BAHA,A,19,G
MEG_1196|Drugs|Bacitracin|Undecaprenyl_pyrophosphate_phosphatase|BAHA,C,203,T
MEG_1196|Drugs|Bacitracin|Undecaprenyl_pyrophosphate_phosphatase|BAHA,C,623,A
MEG_1196|Drugs|Bacitracin|Undecaprenyl_pyrophosphate_phosphatase|BAHA,T,863,A
MEG_1196|Drugs|Bacitracin|Undecaprenyl_pyrophosphate_phosphatase|BAHA,G,1671,T
MEG_1196|Drugs|Bacitracin|Undecaprenyl_pyrophosphate_phosphatase|BAHA,C,1724,T
MEG_1196|Drugs|Bacitracin|Undecaprenyl_pyrophosphate_phosphatase|BAHA,C,2024,T
MEG_1196|Drugs|Bacitracin|Undecaprenyl_pyrophosphate_phosphatase|BAHA,A,2089,T
MEG_1196|Drugs|Bacitracin|Undecaprenyl_pyrophosphate_phosphatase|BAHA,A,2101,G
MEG_1196|Drugs|Bacitracin|Undecaprenyl_pyrophosphate_phosphatase|BAHA,C,2127,A
MEG_1213|Drugs|Bacitracin|Bacitracin_ABC_transporter|BCRA,A,164,C
MEG_1213|Drugs|Bacitracin|Bacitracin_ABC_transporter|BCRA,A,446,G
MEG_1213|Drugs|Bacitracin|Bacitracin_ABC_transporter|BCRA,C,874,A
MEG_1214|Drugs|Bacitracin|Bacitracin_ABC_transporter|BCRB,C,42,T
MEG_1214|Drugs|Bacitracin|Bacitracin_ABC_transporter|BCRB,T,365,G
MEG_1214|Drugs|Bacitracin|Bacitracin_ABC_transporter|BCRB,T,417,A
MEG_1214|Drugs|Bacitracin|Bacitracin_ABC_transporter|BCRB,T,428,G
MEG_1214|Drugs|Bacitracin|Bacitracin_ABC_transporter|BCRB,T,550,C
MEG_1215|Drugs|Bacitracin|Bacitracin_ABC_transporter|BCRC,C,273,A
MEG_11299|Drugs|Bacitracin|Bacitracin_ABC_transporter|BCRA,A,80,T
MEG_11299|Drugs|Bacitracin|Bacitracin_ABC_transporter|BCRA,G,82,C
MEG_11299|Drugs|Bacitracin|Bacitracin_ABC_transporter|BCRA,A,141,T
MEG_11299|Drugs|Bacitracin|Bacitracin_ABC_transporter|BCRA,A,189,G
MEG_11299|Drugs|Bacitracin|Bacitracin_ABC_transporter|BCRA,C,309,A
MEG_11299|Drugs|Bacitracin|Bacitracin_ABC_transporter|BCRA,T,690,G
MEG_11299|Drugs|Bacitracin|Bacitracin_ABC_transporter|BCRA,A,747,C
MEG_11299|Drugs|Bacitracin|Bacitracin_ABC_transporter|BCRA,T,754,G
MEG_11299|Drugs|Bacitracin|Bacitracin_ABC_transporter|BCRA,T,826,A
MEG_11299|Drugs|Bacitracin|Bacitracin_ABC_transporter|BCRA,C,857,A
MEG_7469|Drugs|Glycopeptides|VanB-type_regulator|VANRB,A,331,G
MEG_7469|Drugs|Glycopeptides|VanB-type_regulator|VANRB,G,366,A
MEG_7384|Drugs|Glycopeptides|VanD-type_resistance_protein|VAND,T,603,G
MEG_7441|Drugs|Glycopeptides|VanI-type_resistance_protein|VANI,A,4,T
MEG_7441|Drugs|Glycopeptides|VanI-type_resistance_protein|VANI,C,83,T
MEG_7441|Drugs|Glycopeptides|VanI-type_resistance_protein|VANI,G,238,C
MEG_7441|Drugs|Glycopeptides|VanI-type_resistance_protein|VANI,T,411,A
MEG_7441|Drugs|Glycopeptides|VanI-type_resistance_protein|VANI,A,445,G
MEG_7338|Drugs|Glycopeptides|VanA-type_resistance_protein|VANA,A,179,T
MEG_7338|Drugs|Glycopeptides|VanA-type_resistance_protein|VANA,A,327,T
MEG_7338|Drugs|Glycopeptides|VanA-type_resistance_protein|VANA,G,474,A
MEG_7338|Drugs|Glycopeptides|VanA-type_resistance_protein|VANA,G,591,C
MEG_7338|Drugs|Glycopeptides|VanA-type_resistance_protein|VANA,G,787,A
MEG_7338|Drugs|Glycopeptides|VanA-type_resistance_protein|VANA,A,819,G
MEG_7338|Drugs|Glycopeptides|VanA-type_resistance_protein|VANA,A,829,C
MEG_7338|Drugs|Glycopeptides|VanA-type_resistance_protein|VANA,G,904,T
MEG_7338|Drugs|Glycopeptides|VanA-type_resistance_protein|VANA,A,937,T
MEG_7594|Drugs|Glycopeptides|VanA-type_accessory_protein|VANYA,A,75,C
MEG_7594|Drugs|Glycopeptides|VanA-type_accessory_protein|VANYA,C,334,G
MEG_7594|Drugs|Glycopeptides|VanA-type_accessory_protein|VANYA,T,387,A
MEG_7594|Drugs|Glycopeptides|VanA-type_accessory_protein|VANYA,T,393,G
MEG_7594|Drugs|Glycopeptides|VanA-type_accessory_protein|VANYA,T,496,C
MEG_7594|Drugs|Glycopeptides|VanA-type_accessory_protein|VANYA,A,865,T
MEG_7357|Drugs|Glycopeptides|VanC-type_resistance_protein|VANC,G,25,A
MEG_7357|Drugs|Glycopeptides|VanC-type_resistance_protein|VANC,A,474,C
MEG_7357|Drugs|Glycopeptides|VanC-type_resistance_protein|VANC,T,562,G
MEG_7357|Drugs|Glycopeptides|VanC-type_resistance_protein|VANC,T,932,A
MEG_7447|Drugs|Glycopeptides|VanN-type_resistance_protein|VANN,T,223,A
MEG_7447|Drugs|Glycopeptides|VanN-type_resistance_protein|VANN,G,468,T
MEG_7447|Drugs|Glycopeptides|VanN-type_resistance_protein|VANN,A,1183,G
MEG_7447|Drugs|Glycopeptides|VanN-type_resistance_protein|VANN,A,1320,G
MEG_7447|Drugs|Glycopeptides|VanN-type_resistance_protein|VANN,T,1508,G
MEG_7617|Drugs|Glycopeptides|VanA-type_accessory_protein|VANZA,G,49,C
MEG_7617|Drugs|Glycopeptides|VanA-type_accessory_protein|VANZA,T,55,C
MEG_7617|Drugs|Glycopeptides|VanA-type_accessory_protein|VANZA,T,68,A
MEG_7617|Drugs|Glycopeptides|VanA-type_accessory_protein|VANZA,C,72,G
MEG_7617|Drugs|Glycopeptides|VanA-type_accessory_protein|VANZA,T,381,G
MEG_7617|Drugs|Glycopeptides|VanA-type_accessory_protein|VANZA,G,409,T
MEG_7617|Drugs|Glycopeptides|VanA-type_accessory_protein|VANZA,T,449,C
MEG_7414|Drugs|Glycopeptides|VanB-type_resistance_protein|VANHB,G,3,A
MEG_7414|Drugs|Glycopeptides|VanB-type_resistance_protein|VANHB,C,40,A
MEG_7414|Drugs|Glycopeptides|VanB-type_resistance_protein|VANHB,C,144,A
MEG_7414|Drugs|Glycopeptides|VanB-type_resistance_protein|VANHB,A,241,G
MEG_7414|Drugs|Glycopeptides|VanB-type_resistance_protein|VANHB,G,426,T
MEG_7414|Drugs|Glycopeptides|VanB-type_resistance_protein|VANHB,A,682,C
MEG_7414|Drugs|Glycopeptides|VanB-type_resistance_protein|VANHB,C,748,A
MEG_7414|Drugs|Glycopeptides|VanB-type_resistance_protein|VANHB,T,791,A
MEG_7414|Drugs|Glycopeptides|VanB-type_resistance_protein|VANHB,C,807,T
MEG_7547|Drugs|Glycopeptides|VanA-type_resistance_protein|VANXA,A,33,C
MEG_7547|Drugs|Glycopeptides|VanA-type_resistance_protein|VANXA,C,54,A
MEG_7547|Drugs|Glycopeptides|VanA-type_resistance_protein|VANXA,G,205,A
MEG_7547|Drugs|Glycopeptides|VanA-type_resistance_protein|VANXA,C,257,A
MEG_7547|Drugs|Glycopeptides|VanA-type_resistance_protein|VANXA,A,287,T
MEG_7547|Drugs|Glycopeptides|VanA-type_resistance_protein|VANXA,C,392,G
MEG_7547|Drugs|Glycopeptides|VanA-type_resistance_protein|VANXA,G,397,A
MEG_7547|Drugs|Glycopeptides|VanA-type_resistance_protein|VANXA,T,547,A
MEG_7547|Drugs|Glycopeptides|VanA-type_resistance_protein|VANXA,T,596,G
MEG_7605|Drugs|Glycopeptides|VanD-type_accessory_protein|VANYD,G,3,A
MEG_7605|Drugs|Glycopeptides|VanD-type_accessory_protein|VANYD,G,72,T
MEG_7605|Drugs|Glycopeptides|VanD-type_accessory_protein|VANYD,C,73,G
MEG_7605|Drugs|Glycopeptides|VanD-type_accessory_protein|VANYD,T,98,C
MEG_7605|Drugs|Glycopeptides|VanD-type_accessory_protein|VANYD,C,309,G
MEG_7605|Drugs|Glycopeptides|VanD-type_accessory_protein|VANYD,G,508,T
MEG_7605|Drugs|Glycopeptides|VanD-type_accessory_protein|VANYD,T,639,G
MEG_7605|Drugs|Glycopeptides|VanD-type_accessory_protein|VANYD,A,642,G
MEG_7605|Drugs|Glycopeptides|VanD-type_accessory_protein|VANYD,A,868,T
MEG_7605|Drugs|Glycopeptides|VanD-type_accessory_protein|VANYD,C,918,G
MEG_7468|Drugs|Glycopeptides|VanB-type_regulator|VANRB,T,382,C
MEG_7468|Drugs|Glycopeptides|VanB-type_regulator|VANRB,C,472,T
MEG_7468|Drugs|Glycopeptides|VanB-type_regulator|VANRB,G,1128,C
MEG_7468|Drugs|Glycopeptides|VanB-type_regulator|VANRB,A,1148,C
MEG_7468|Drugs|Glycopeptides|VanB-type_regulator|VANRB,C,1280,T
MEG_7464|Drugs|Glycopeptides|VanB-type_regulator|VANRB,T,39,C
MEG_7464|Drugs|Glycopeptides|VanB-type_regulator|VANRB,G,91,T
MEG_7464|Drugs|Glycopeptides|VanB-type_regulator|VANRB,C,242,G
MEG_7464|Drugs|Glycopeptides|VanB-type_regulator|VANRB,A,378,T
MEG_7464|Drugs|Glycopeptides|VanB-type_regulator|VANRB,G,460,C
MEG_7464|Drugs|Glycopeptides|VanB-type_regulator|VANRB,T,661,A
MEG_7569|Drugs|Glycopeptides|VanD-type_resistance_protein|VANXD,C,37,G
MEG_7569|Drugs|Glycopeptides|VanD-type_resistance_protein|VANXD,T,44,C
MEG_7569|Drugs|Glycopeptides|VanD-type_resistance_protein|VANXD,T,196,G
MEG_7569|Drugs|Glycopeptides|VanD-type_resistance_protein|VANXD,C,289,T
MEG_7569|Drugs|Glycopeptides|VanD-type_resistance_protein|VANXD,T,524,G
MEG_7438|Drugs|Glycopeptides|VanD-type_resistance_protein|VANHD,T,72,G
MEG_7438|Drugs|Glycopeptides|VanD-type_resistance_protein|VANHD,A,1007,T
MEG_7438|Drugs|Glycopeptides|VanD-type_resistance_protein|VANHD,A,1035,G
MEG_7438|Drugs|Glycopeptides|VanD-type_resistance_protein|VANHD,T,1100,G
MEG_7438|Drugs|Glycopeptides|VanD-type_resistance_protein|VANHD,A,2058,C
MEG_7438|Drugs|Glycopeptides|VanD-type_resistance_protein|VANHD,T,2147,A
MEG_7458|Drugs|Glycopeptides|VanA-type_regulator|VANRA,A,96,T
MEG_7458|Drugs|Glycopeptides|VanA-type_regulator|VANRA,A,737,C
MEG_7458|Drugs|Glycopeptides|VanA-type_regulator|VANRA,T,780,C
MEG_7458|Drugs|Glycopeptides|VanA-type_regulator|VANRA,T,841,C
MEG_7525|Drugs|Glycopeptides|VanC-type_resistance_protein|VANTC,A,64,G
MEG_7525|Drugs|Glycopeptides|VanC-type_resistance_protein|VANTC,G,2032,T
MEG_7525|Drugs|Glycopeptides|VanC-type_resistance_protein|VANTC,T,2082,C
MEG_7477|Drugs|Glycopeptides|VanD-type_regulator|VANRD,T,41,A
MEG_7477|Drugs|Glycopeptides|VanD-type_regulator|VANRD,C,187,T
MEG_7477|Drugs|Glycopeptides|VanD-type_regulator|VANRD,C,274,G
MEG_7477|Drugs|Glycopeptides|VanD-type_regulator|VANRD,G,283,A
MEG_7477|Drugs|Glycopeptides|VanD-type_regulator|VANRD,T,327,G
MEG_7477|Drugs|Glycopeptides|VanD-type_regulator|VANRD,A,577,T
MEG_7477|Drugs|Glycopeptides|VanD-type_regulator|VANRD,G,611,T
MEG_7477|Drugs|Glycopeptides|VanD-type_regulator|VANRD,A,663,G
MEG_1461|Drugs|Glycopeptides|Bleomycin_resistance_protein|BLM,G,3,A
MEG_1461|Drugs|Glycopeptides|Bleomycin_resistance_protein|BLM,T,284,G
MEG_1461|Drugs|Glycopeptides|Bleomycin_resistance_protein|BLM,T,440,G
MEG_1461|Drugs|Glycopeptides|Bleomycin_resistance_protein|BLM,C,460,G
MEG_1461|Drugs|Glycopeptides|Bleomycin_resistance_protein|BLM,G,580,T
MEG_1461|Drugs|Glycopeptides|Bleomycin_resistance_protein|BLM,G,763,C
MEG_1461|Drugs|Glycopeptides|Bleomycin_resistance_protein|BLM,G,867,A
MEG_7530|Drugs|Glycopeptides|VanE-type_resistance_protein|VANTE,T,269,C
MEG_7530|Drugs|Glycopeptides|VanE-type_resistance_protein|VANTE,G,397,C
MEG_7530|Drugs|Glycopeptides|VanE-type_resistance_protein|VANTE,C,414,A
MEG_7530|Drugs|Glycopeptides|VanE-type_resistance_protein|VANTE,G,503,T
MEG_7530|Drugs|Glycopeptides|VanE-type_resistance_protein|VANTE,T,600,A
MEG_7530|Drugs|Glycopeptides|VanE-type_resistance_protein|VANTE,C,725,A
MEG_7530|Drugs|Glycopeptides|VanE-type_resistance_protein|VANTE,A,901,G
MEG_7530|Drugs|Glycopeptides|VanE-type_resistance_protein|VANTE,T,983,A
MEG_7530|Drugs|Glycopeptides|VanE-type_resistance_protein|VANTE,A,1147,T
MEG_7420|Drugs|Glycopeptides|VanD-type_resistance_protein|VANHD,G,177,C
MEG_7420|Drugs|Glycopeptides|VanD-type_resistance_protein|VANHD,G,322,C
MEG_7420|Drugs|Glycopeptides|VanD-type_resistance_protein|VANHD,A,387,C
MEG_7420|Drugs|Glycopeptides|VanD-type_resistance_protein|VANHD,A,398,G
MEG_7420|Drugs|Glycopeptides|VanD-type_resistance_protein|VANHD,G,494,A
MEG_7420|Drugs|Glycopeptides|VanD-type_resistance_protein|VANHD,G,571,A
MEG_7420|Drugs|Glycopeptides|VanD-type_resistance_protein|VANHD,C,701,A
MEG_7420|Drugs|Glycopeptides|VanD-type_resistance_protein|VANHD,A,743,G
MEG_7420|Drugs|Glycopeptides|VanD-type_resistance_protein|VANHD,C,844,T
MEG_7451|Drugs|Glycopeptides|VanA-type_regulator|VANRA,A,248,T
MEG_1462|Drugs|Glycopeptides|Bleomycin_resistance_protein|BLM,A,56,G
MEG_1462|Drugs|Glycopeptides|Bleomycin_resistance_protein|BLM,C,60,A
MEG_1462|Drugs|Glycopeptides|Bleomycin_resistance_protein|BLM,A,164,C
MEG_1462|Drugs|Glycopeptides|Bleomycin_resistance_protein|BLM,T,187,A
MEG_1462|Drugs|Glycopeptides|Bleomycin_resistance_protein|BLM,C,210,A
MEG_1462|Drugs|Glycopeptides|Bleomycin_resistance_protein|BLM,C,242,T
MEG_1462|Drugs|Glycopeptides|Bleomycin_resistance_protein|BLM,C,252,G
MEG_1462|Drugs|Glycopeptides|Bleomycin_resistance_protein|BLM,T,268,A
MEG_1462|Drugs|Glycopeptides|Bleomycin_resistance_protein|BLM,G,319,A
MEG_7490|Drugs|Glycopeptides|VanB-type_regulator|VANSB,T,2,C
MEG_7490|Drugs|Glycopeptides|VanB-type_regulator|VANSB,A,181,G
MEG_7490|Drugs|Glycopeptides|VanB-type_regulator|VANSB,T,451,C
MEG_7490|Drugs|Glycopeptides|VanB-type_regulator|VANSB,C,922,A
MEG_7490|Drugs|Glycopeptides|VanB-type_regulator|VANSB,G,928,C
MEG_7490|Drugs|Glycopeptides|VanB-type_regulator|VANSB,T,933,A
MEG_7490|Drugs|Glycopeptides|VanB-type_regulator|VANSB,A,970,T
MEG_7490|Drugs|Glycopeptides|VanB-type_regulator|VANSB,T,1190,G
MEG_7490|Drugs|Glycopeptides|VanB-type_regulator|VANSB,A,1344,G
MEG_7461|Drugs|Glycopeptides|VanB-type_regulator|VANRB,A,189,T
MEG_7461|Drugs|Glycopeptides|VanB-type_regulator|VANRB,C,319,A
MEG_7461|Drugs|Glycopeptides|VanB-type_regulator|VANRB,A,431,T
MEG_7461|Drugs|Glycopeptides|VanB-type_regulator|VANRB,A,453,G
MEG_7543|Drugs|Glycopeptides|VanG-type_accessory_protein|VANWG,A,262,C
MEG_7543|Drugs|Glycopeptides|VanG-type_accessory_protein|VANWG,T,380,A
MEG_7543|Drugs|Glycopeptides|VanG-type_accessory_protein|VANWG,G,526,T
MEG_7543|Drugs|Glycopeptides|VanG-type_accessory_protein|VANWG,A,686,G
MEG_7543|Drugs|Glycopeptides|VanG-type_accessory_protein|VANWG,A,714,T
MEG_7543|Drugs|Glycopeptides|VanG-type_accessory_protein|VANWG,A,761,T
MEG_7543|Drugs|Glycopeptides|VanG-type_accessory_protein|VANWG,A,784,G
MEG_7450|Drugs|Glycopeptides|VanA-type_regulator|VANRA,G,37,C
MEG_7450|Drugs|Glycopeptides|VanA-type_regulator|VANRA,A,120,T
MEG_7450|Drugs|Glycopeptides|VanA-type_regulator|VANRA,C,184,T
MEG_7450|Drugs|Glycopeptides|VanA-type_regulator|VANRA,A,265,G
MEG_7450|Drugs|Glycopeptides|VanA-type_regulator|VANRA,A,465,T
MEG_7450|Drugs|Glycopeptides|VanA-type_regulator|VANRA,A,589,T
MEG_7450|Drugs|Glycopeptides|VanA-type_regulator|VANRA,A,637,T
MEG_7450|Drugs|Glycopeptides|VanA-type_regulator|VANRA,T,687,C
MEG_7422|Drugs|Glycopeptides|VanD-type_resistance_protein|VANHD,G,77,T
MEG_7422|Drugs|Glycopeptides|VanD-type_resistance_protein|VANHD,G,529,T
MEG_7422|Drugs|Glycopeptides|VanD-type_resistance_protein|VANHD,C,666,T
MEG_7341|Drugs|Glycopeptides|VanA-type_resistance_protein|VANA,G,60,A
MEG_7341|Drugs|Glycopeptides|VanA-type_resistance_protein|VANA,C,71,G
MEG_7341|Drugs|Glycopeptides|VanA-type_resistance_protein|VANA,A,180,C
MEG_7341|Drugs|Glycopeptides|VanA-type_resistance_protein|VANA,A,415,C
MEG_7341|Drugs|Glycopeptides|VanA-type_resistance_protein|VANA,T,632,G
MEG_7341|Drugs|Glycopeptides|VanA-type_resistance_protein|VANA,G,635,A
MEG_7341|Drugs|Glycopeptides|VanA-type_resistance_protein|VANA,T,658,G
MEG_7341|Drugs|Glycopeptides|VanA-type_resistance_protein|VANA,A,753,G
MEG_7341|Drugs|Glycopeptides|VanA-type_resistance_protein|VANA,C,1017,T
MEG_7371|Drugs|Glycopeptides|VanC-type_resistance_protein|VANC,C,112,A
MEG_7371|Drugs|Glycopeptides|VanC-type_resistance_protein|VANC,G,992,A
MEG_7392|Drugs|Glycopeptides|VanG-type_resistance_protein|VANG,T,62,C
MEG_7392|Drugs|Glycopeptides|VanG-type_resistance_protein|VANG,T,75,A
MEG_7392|Drugs|Glycopeptides|VanG-type_resistance_protein|VANG,G,140,A
MEG_7392|Drugs|Glycopeptides|VanG-type_resistance_protein|VANG,T,486,C
MEG_7392|Drugs|Glycopeptides|VanG-type_resistance_protein|VANG,A,487,T
MEG_7392|Drugs|Glycopeptides|VanG-type_resistance_protein|VANG,T,509,C
MEG_7392|Drugs|Glycopeptides|VanG-type_resistance_protein|VANG,G,722,T
MEG_7392|Drugs|Glycopeptides|VanG-type_resistance_protein|VANG,A,796,G
MEG_7392|Drugs|Glycopeptides|VanG-type_resistance_protein|VANG,A,844,C
MEG_7255|Drugs|Glycopeptides|Bleomycin_resistance_protein|TLMB,G,712,C
MEG_7255|Drugs|Glycopeptides|Bleomycin_resistance_protein|TLMB,A,806,G
MEG_7610|Drugs|Glycopeptides|VanF-type_accessory_protein|VANYF,T,2,G
MEG_7610|Drugs|Glycopeptides|VanF-type_accessory_protein|VANYF,T,144,C
MEG_7610|Drugs|Glycopeptides|VanF-type_accessory_protein|VANYF,A,235,C
MEG_7610|Drugs|Glycopeptides|VanF-type_accessory_protein|VANYF,C,287,G
MEG_7610|Drugs|Glycopeptides|VanF-type_accessory_protein|VANYF,G,339,T
MEG_7610|Drugs|Glycopeptides|VanF-type_accessory_protein|VANYF,A,361,C
MEG_7610|Drugs|Glycopeptides|VanF-type_accessory_protein|VANYF,A,393,T
MEG_7610|Drugs|Glycopeptides|VanF-type_accessory_protein|VANYF,G,879,T
MEG_7456|Drugs|Glycopeptides|VanA-type_regulator|VANRA,A,218,G
MEG_7615|Drugs|Glycopeptides|VanA-type_accessory_protein|VANZA,G,290,T
MEG_7391|Drugs|Glycopeptides|VanE-type_resistance_protein|VANE,A,271,T
MEG_7391|Drugs|Glycopeptides|VanE-type_resistance_protein|VANE,A,279,G
MEG_7391|Drugs|Glycopeptides|VanE-type_resistance_protein|VANE,T,282,C
MEG_7391|Drugs|Glycopeptides|VanE-type_resistance_protein|VANE,A,301,C
MEG_7391|Drugs|Glycopeptides|VanE-type_resistance_protein|VANE,A,355,G
MEG_7391|Drugs|Glycopeptides|VanE-type_resistance_protein|VANE,T,462,A
MEG_7391|Drugs|Glycopeptides|VanE-type_resistance_protein|VANE,C,477,A
MEG_7391|Drugs|Glycopeptides|VanE-type_resistance_protein|VANE,T,583,C
MEG_7444|Drugs|Glycopeptides|VanL-type_resistance_protein|VANL,G,6,C
MEG_7444|Drugs|Glycopeptides|VanL-type_resistance_protein|VANL,T,208,A
MEG_7444|Drugs|Glycopeptides|VanL-type_resistance_protein|VANL,A,269,T
MEG_7444|Drugs|Glycopeptides|VanL-type_resistance_protein|VANL,C,473,A
MEG_7444|Drugs|Glycopeptides|VanL-type_resistance_protein|VANL,T,603,G
MEG_7444|Drugs|Glycopeptides|VanL-type_resistance_protein|VANL,C,614,T
MEG_7444|Drugs|Glycopeptides|VanL-type_resistance_protein|VANL,A,694,G
MEG_7444|Drugs|Glycopeptides|VanL-type_resistance_protein|VANL,C,776,T
MEG_7444|Drugs|Glycopeptides|VanL-type_resistance_protein|VANL,G,793,C
MEG_7444|Drugs|Glycopeptides|VanL-type_resistance_protein|VANL,A,834,G
MEG_7372|Drugs|Glycopeptides|VanC-type_resistance_protein|VANC,A,81,G
MEG_7372|Drugs|Glycopeptides|VanC-type_resistance_protein|VANC,A,222,G
MEG_7372|Drugs|Glycopeptides|VanC-type_resistance_protein|VANC,G,310,T
MEG_7372|Drugs|Glycopeptides|VanC-type_resistance_protein|VANC,A,338,C
MEG_7372|Drugs|Glycopeptides|VanC-type_resistance_protein|VANC,A,658,G
MEG_7372|Drugs|Glycopeptides|VanC-type_resistance_protein|VANC,T,951,G
MEG_7372|Drugs|Glycopeptides|VanC-type_resistance_protein|VANC,G,982,C
MEG_7372|Drugs|Glycopeptides|VanC-type_resistance_protein|VANC,G,1264,T
MEG_1477|Drugs|Glycopeptides|Bleomycin_resistance_protein|BRP,A,30,C
MEG_1477|Drugs|Glycopeptides|Bleomycin_resistance_protein|BRP,A,38,C
MEG_1477|Drugs|Glycopeptides|Bleomycin_resistance_protein|BRP,G,54,C
MEG_1477|Drugs|Glycopeptides|Bleomycin_resistance_protein|BRP,G,108,A
MEG_1477|Drugs|Glycopeptides|Bleomycin_resistance_protein|BRP,T,191,G
MEG_1477|Drugs|Glycopeptides|Bleomycin_resistance_protein|BRP,A,245,T
MEG_1477|Drugs|Glycopeptides|Bleomycin_resistance_protein|BRP,G,291,A
MEG_1477|Drugs|Glycopeptides|Bleomycin_resistance_protein|BRP,C,316,A
MEG_1477|Drugs|Glycopeptides|Bleomycin_resistance_protein|BRP,T,364,C
MEG_7491|Drugs|Glycopeptides|VanB-type_regulator|VANSB,T,658,C
MEG_1465|Biocides|Polyamine_resistance|Spermine/spermidine_acetyltransferase|BLTD,T,36,A
MEG_1465|Biocides|Polyamine_resistance|Spermine/spermidine_acetyltransferase|BLTD,T,47,G
MEG_1465|Biocides|Polyamine_resistance|Spermine/spermidine_acetyltransferase|BLTD,T,107,A
MEG_1465|Biocides|Polyamine_resistance|Spermine/spermidine_acetyltransferase|BLTD,T,264,C
MEG_1465|Biocides|Polyamine_resistance|Spermine/spermidine_acetyltransferase|BLTD,A,288,G
MEG_1465|Biocides|Polyamine_resistance|Spermine/spermidine_acetyltransferase|BLTD,T,429,G
MEG_1466|Biocides|Polyamine_resistance|Spermine/spermidine_acetyltransferase|BLTD,C,26,T
MEG_1466|Biocides|Polyamine_resistance|Spermine/spermidine_acetyltransferase|BLTD,T,87,C
MEG_1466|Biocides|Polyamine_resistance|Spermine/spermidine_acetyltransferase|BLTD,A,137,G
MEG_1466|Biocides|Polyamine_resistance|Spermine/spermidine_acetyltransferase|BLTD,C,139,T
MEG_1466|Biocides|Polyamine_resistance|Spermine/spermidine_acetyltransferase|BLTD,C,148,A
MEG_1466|Biocides|Polyamine_resistance|Spermine/spermidine_acetyltransferase|BLTD,G,398,A
MEG_1466|Biocides|Polyamine_resistance|Spermine/spermidine_acetyltransferase|BLTD,G,438,C
MEG_1487|Metals|Cadmium_resistance|Cadmium_resistance_regulator|CADR,C,47,A
MEG_1487|Metals|Cadmium_resistance|Cadmium_resistance_regulator|CADR,C,99,G
MEG_1487|Metals|Cadmium_resistance|Cadmium_resistance_regulator|CADR,C,117,G
MEG_1487|Metals|Cadmium_resistance|Cadmium_resistance_regulator|CADR,T,226,A
MEG_1487|Metals|Cadmium_resistance|Cadmium_resistance_regulator|CADR,A,241,C
MEG_1487|Metals|Cadmium_resistance|Cadmium_resistance_regulator|CADR,A,287,C
MEG_1487|Metals|Cadmium_resistance|Cadmium_resistance_regulator|CADR,G,417,C
MEG_11396|Metals|Cadmium_resistance|Cadmium_resistance_chaperone|HSCC,A,5,T
MEG_11396|Metals|Cadmium_resistance|Cadmium_resistance_chaperone|HSCC,T,105,G
MEG_11396|Metals|Cadmium_resistance|Cadmium_resistance_chaperone|HSCC,G,156,A
MEG_11396|Metals|Cadmium_resistance|Cadmium_resistance_chaperone|HSCC,A,454,T
MEG_11396|Metals|Cadmium_resistance|Cadmium_resistance_chaperone|HSCC,G,522,A
MEG_11396|Metals|Cadmium_resistance|Cadmium_resistance_chaperone|HSCC,T,932,C
MEG_11396|Metals|Cadmium_resistance|Cadmium_resistance_chaperone|HSCC,C,990,A
MEG_11396|Metals|Cadmium_resistance|Cadmium_resistance_chaperone|HSCC,C,1294,A
MEG_2917|Drugs|Phenicol|Phenicol_resistance_MFS_efflux_pumps|FLOR,T,163,G
MEG_2917|Drugs|Phenicol|Phenicol_resistance_MFS_efflux_pumps|FLOR,G,233,T
MEG_2917|Drugs|Phenicol|Phenicol_resistance_MFS_efflux_pumps|FLOR,A,792,C
MEG_2917|Drugs|Phenicol|Phenicol_resistance_MFS_efflux_pumps|FLOR,G,852,C
MEG_2917|Drugs|Phenicol|Phenicol_resistance_MFS_efflux_pumps|FLOR,A,902,G
MEG_2917|Drugs|Phenicol|Phenicol_resistance_MFS_efflux_pumps|FLOR,T,920,A
MEG_2917|Drugs|Phenicol|Phenicol_resistance_MFS_efflux_pumps|FLOR,T,965,G
MEG_2113|Drugs|Phenicol|Chloramphenicol_phosphotransferase|CPT,A,83,G
MEG_2113|Drugs|Phenicol|Chloramphenicol_phosphotransferase|CPT,G,203,C
MEG_2113|Drugs|Phenicol|Chloramphenicol_phosphotransferase|CPT,A,275,G
MEG_2113|Drugs|Phenicol|Chloramphenicol_phosphotransferase|CPT,C,282,T
MEG_2113|Drugs|Phenicol|Chloramphenicol_phosphotransferase|CPT,T,284,C
MEG_2113|Drugs|Phenicol|Chloramphenicol_phosphotransferase|CPT,C,369,A
MEG_2113|Drugs|Phenicol|Chloramphenicol_phosphotransferase|CPT,G,502,C
MEG_2921|Drugs|Phenicol|Phenicol_resistance_MFS_efflux_pumps|FLOR,T,215,A
MEG_2921|Drugs|Phenicol|Phenicol_resistance_MFS_efflux_pumps|FLOR,T,317,C
MEG_2921|Drugs|Phenicol|Phenicol_resistance_MFS_efflux_pumps|FLOR,T,322,C
MEG_2921|Drugs|Phenicol|Phenicol_resistance_MFS_efflux_pumps|FLOR,C,750,A
MEG_2921|Drugs|Phenicol|Phenicol_resistance_MFS_efflux_pumps|FLOR,C,767,T
MEG_2921|Drugs|Phenicol|Phenicol_resistance_MFS_efflux_pumps|FLOR,G,841,A
MEG_2921|Drugs|Phenicol|Phenicol_resistance_MFS_efflux_pumps|FLOR,T,916,G
MEG_2921|Drugs|Phenicol|Phenicol_resistance_MFS_efflux_pumps|FLOR,C,1044,A
MEG_2921|Drugs|Phenicol|Phenicol_resistance_MFS_efflux_pumps|FLOR,C,1131,G
MEG_1578|Drugs|Phenicol|Chloramphenicol_acetyltransferases|CATA,T,165,A
MEG_1578|Drugs|Phenicol|Chloramphenicol_acetyltransferases|CATA,C,169,G
MEG_1578|Drugs|Phenicol|Chloramphenicol_acetyltransferases|CATA,C,364,T
MEG_1578|Drugs|Phenicol|Chloramphenicol_acetyltransferases|CATA,A,476,T
MEG_1584|Drugs|Phenicol|Chloramphenicol_acetyltransferases|CATA,T,93,G
MEG_1584|Drugs|Phenicol|Chloramphenicol_acetyltransferases|CATA,C,96,G
MEG_1584|Drugs|Phenicol|Chloramphenicol_acetyltransferases|CATA,C,140,A
MEG_1584|Drugs|Phenicol|Chloramphenicol_acetyltransferases|CATA,T,163,A
MEG_1584|Drugs|Phenicol|Chloramphenicol_acetyltransferases|CATA,C,192,T
MEG_1584|Drugs|Phenicol|Chloramphenicol_acetyltransferases|CATA,A,275,C
MEG_1584|Drugs|Phenicol|Chloramphenicol_acetyltransferases|CATA,C,396,A
MEG_1584|Drugs|Phenicol|Chloramphenicol_acetyltransferases|CATA,C,633,G
MEG_8020|Drugs|Phenicol|Phenicol_resistance_MFS_efflux_pumps|CML,T,124,C
MEG_8020|Drugs|Phenicol|Phenicol_resistance_MFS_efflux_pumps|CML,T,523,A
MEG_8020|Drugs|Phenicol|Phenicol_resistance_MFS_efflux_pumps|CML,C,554,T
MEG_8020|Drugs|Phenicol|Phenicol_resistance_MFS_efflux_pumps|CML,A,558,C
MEG_8020|Drugs|Phenicol|Phenicol_resistance_MFS_efflux_pumps|CML,C,628,A
MEG_8020|Drugs|Phenicol|Phenicol_resistance_MFS_efflux_pumps|CML,G,796,C
MEG_8020|Drugs|Phenicol|Phenicol_resistance_MFS_efflux_pumps|CML,C,1053,A
MEG_8020|Drugs|Phenicol|Phenicol_resistance_MFS_efflux_pumps|CML,T,1097,C
MEG_1758|Drugs|Phenicol|Phenicol_resistance_MFS_efflux_pumps|CMLA,A,606,G
MEG_2928|Drugs|Phenicol|Phenicol_resistance_MFS_efflux_pumps|FLOR,G,48,T
MEG_2928|Drugs|Phenicol|Phenicol_resistance_MFS_efflux_pumps|FLOR,G,85,T
MEG_2928|Drugs|Phenicol|Phenicol_resistance_MFS_efflux_pumps|FLOR,T,661,A
MEG_2928|Drugs|Phenicol|Phenicol_resistance_MFS_efflux_pumps|FLOR,T,672,A
MEG_2928|Drugs|Phenicol|Phenicol_resistance_MFS_efflux_pumps|FLOR,C,818,T
MEG_2928|Drugs|Phenicol|Phenicol_resistance_MFS_efflux_pumps|FLOR,A,958,G
MEG_2928|Drugs|Phenicol|Phenicol_resistance_MFS_efflux_pumps|FLOR,C,1128,G
MEG_1555|Drugs|Phenicol|Chloramphenicol_acetyltransferases|CAT,C,22,T
MEG_1555|Drugs|Phenicol|Chloramphenicol_acetyltransferases|CAT,C,61,T
MEG_1555|Drugs|Phenicol|Chloramphenicol_acetyltransferases|CAT,C,249,T
MEG_1555|Drugs|Phenicol|Chloramphenicol_acetyltransferases|CAT,G,251,A
MEG_1555|Drugs|Phenicol|Chloramphenicol_acetyltransferases|CAT,A,395,G
MEG_1555|Drugs|Phenicol|Chloramphenicol_acetyltransferases|CAT,G,417,A
MEG_1555|Drugs|Phenicol|Chloramphenicol_acetyltransferases|CAT,A,580,C
MEG_2864|Drugs|Phenicol|Chloramphenicol_hydrolase|ESTD,C,53,G
MEG_1759|Drugs|Phenicol|Phenicol_resistance_MFS_efflux_pumps|CMLA,T,200,C
MEG_1759|Drugs|Phenicol|Phenicol_resistance_MFS_efflux_pumps|CMLA,A,468,C
MEG_1759|Drugs|Phenicol|Phenicol_resistance_MFS_efflux_pumps|CMLA,T,976,C
MEG_1759|Drugs|Phenicol|Phenicol_resistance_MFS_efflux_pumps|CMLA,T,1142,A
MEG_1592|Drugs|Phenicol|Chloramphenicol_acetyltransferases|CATA,T,379,A
MEG_1587|Drugs|Phenicol|Chloramphenicol_acetyltransferases|CATA,T,122,C
MEG_1587|Drugs|Phenicol|Chloramphenicol_acetyltransferases|CATA,T,218,A
MEG_1587|Drugs|Phenicol|Chloramphenicol_acetyltransferases|CATA,T,412,C
MEG_1587|Drugs|Phenicol|Chloramphenicol_acetyltransferases|CATA,C,597,A
MEG_1755|Drugs|Phenicol|Phenicol_resistance_MFS_efflux_pumps|CMLA,G,597,A
MEG_1755|Drugs|Phenicol|Phenicol_resistance_MFS_efflux_pumps|CMLA,G,674,A
MEG_1755|Drugs|Phenicol|Phenicol_resistance_MFS_efflux_pumps|CMLA,C,767,A
MEG_1755|Drugs|Phenicol|Phenicol_resistance_MFS_efflux_pumps|CMLA,C,1011,A
MEG_1586|Drugs|Phenicol|Chloramphenicol_acetyltransferases|CATA,A,363,G
MEG_1586|Drugs|Phenicol|Chloramphenicol_acetyltransferases|CATA,T,441,G
MEG_1764|Drugs|Phenicol|Phenicol_resistance_MFS_efflux_pumps|CMLA,T,115,G
MEG_1764|Drugs|Phenicol|Phenicol_resistance_MFS_efflux_pumps|CMLA,C,163,A
MEG_1764|Drugs|Phenicol|Phenicol_resistance_MFS_efflux_pumps|CMLA,C,616,T
MEG_1764|Drugs|Phenicol|Phenicol_resistance_MFS_efflux_pumps|CMLA,G,848,C
MEG_1764|Drugs|Phenicol|Phenicol_resistance_MFS_efflux_pumps|CMLA,G,1018,C
MEG_1764|Drugs|Phenicol|Phenicol_resistance_MFS_efflux_pumps|CMLA,G,1164,A
MEG_1764|Drugs|Phenicol|Phenicol_resistance_MFS_efflux_pumps|CMLA,T,1217,G
MEG_1553|Drugs|Phenicol|Chloramphenicol_acetyltransferases|CAT,A,39,C
MEG_1553|Drugs|Phenicol|Chloramphenicol_acetyltransferases|CAT,C,252,A
MEG_1553|Drugs|Phenicol|Chloramphenicol_acetyltransferases|CAT,T,282,C
MEG_1553|Drugs|Phenicol|Chloramphenicol_acetyltransferases|CAT,G,434,C
MEG_1553|Drugs|Phenicol|Chloramphenicol_acetyltransferases|CAT,A,512,G
MEG_1553|Drugs|Phenicol|Chloramphenicol_acetyltransferases|CAT,T,582,A
MEG_1553|Drugs|Phenicol|Chloramphenicol_acetyltransferases|CAT,A,596,G
MEG_1593|Drugs|Phenicol|Chloramphenicol_acetyltransferases|CATA,G,58,A
MEG_1593|Drugs|Phenicol|Chloramphenicol_acetyltransferases|CATA,T,218,C
MEG_1593|Drugs|Phenicol|Chloramphenicol_acetyltransferases|CATA,A,366,G
MEG_1593|Drugs|Phenicol|Chloramphenicol_acetyltransferases|CATA,C,401,T
MEG_1593|Drugs|Phenicol|Chloramphenicol_acetyltransferases|CATA,A,418,T
MEG_1593|Drugs|Phenicol|Chloramphenicol_acetyltransferases|CATA,T,427,C
MEG_1756|Drugs|Phenicol|Phenicol_resistance_MFS_efflux_pumps|CMLA,G,178,A
MEG_1756|Drugs|Phenicol|Phenicol_resistance_MFS_efflux_pumps|CMLA,C,218,G
MEG_1756|Drugs|Phenicol|Phenicol_resistance_MFS_efflux_pumps|CMLA,A,221,G
MEG_1756|Drugs|Phenicol|Phenicol_resistance_MFS_efflux_pumps|CMLA,G,257,A
MEG_1756|Drugs|Phenicol|Phenicol_resistance_MFS_efflux_pumps|CMLA,G,583,C
MEG_1756|Drugs|Phenicol|Phenicol_resistance_MFS_efflux_pumps|CMLA,T,990,A
MEG_1756|Drugs|Phenicol|Phenicol_resistance_MFS_efflux_pumps|CMLA,T,999,A
MEG_1756|Drugs|Phenicol|Phenicol_resistance_MFS_efflux_pumps|CMLA,G,1052,T
MEG_1756|Drugs|Phenicol|Phenicol_resistance_MFS_efflux_pumps|CMLA,G,1201,A
MEG_1756|Drugs|Phenicol|Phenicol_resistance_MFS_efflux_pumps|CMLA,C,1232,A
MEG_2926|Drugs|Phenicol|Phenicol_resistance_MFS_efflux_pumps|FLOR,G,76,T
MEG_2926|Drugs|Phenicol|Phenicol_resistance_MFS_efflux_pumps|FLOR,G,85,T
MEG_2926|Drugs|Phenicol|Phenicol_resistance_MFS_efflux_pumps|FLOR,T,612,G
MEG_2926|Drugs|Phenicol|Phenicol_resistance_MFS_efflux_pumps|FLOR,G,667,C
MEG_2926|Drugs|Phenicol|Phenicol_resistance_MFS_efflux_pumps|FLOR,T,830,G
MEG_1566|Drugs|Phenicol|Chloramphenicol_acetyltransferases|CATA,A,26,T
MEG_1566|Drugs|Phenicol|Chloramphenicol_acetyltransferases|CATA,C,137,T
MEG_1566|Drugs|Phenicol|Chloramphenicol_acetyltransferases|CATA,T,234,A
MEG_1566|Drugs|Phenicol|Chloramphenicol_acetyltransferases|CATA,A,276,T
MEG_1566|Drugs|Phenicol|Chloramphenicol_acetyltransferases|CATA,C,359,T
MEG_1566|Drugs|Phenicol|Chloramphenicol_acetyltransferases|CATA,A,475,T
MEG_1566|Drugs|Phenicol|Chloramphenicol_acetyltransferases|CATA,C,608,T
MEG_1775|Drugs|Phenicol|Phenicol_resistance_MFS_efflux_pumps|CMLB,C,104,A
MEG_1775|Drugs|Phenicol|Phenicol_resistance_MFS_efflux_pumps|CMLB,A,400,G
MEG_1775|Drugs|Phenicol|Phenicol_resistance_MFS_efflux_pumps|CMLB,G,768,C
MEG_1775|Drugs|Phenicol|Phenicol_resistance_MFS_efflux_pumps|CMLB,G,783,A
MEG_1775|Drugs|Phenicol|Phenicol_resistance_MFS_efflux_pumps|CMLB,C,1000,G
MEG_2614|Drugs|Phenicol|Phenicol_resistance_MFS_efflux_pumps|DHAP,C,474,T
MEG_2614|Drugs|Phenicol|Phenicol_resistance_MFS_efflux_pumps|DHAP,T,573,C
MEG_1754|Drugs|Phenicol|Phenicol_resistance_MFS_efflux_pumps|CMLA,G,96,T
MEG_1754|Drugs|Phenicol|Phenicol_resistance_MFS_efflux_pumps|CMLA,G,229,C
MEG_1754|Drugs|Phenicol|Phenicol_resistance_MFS_efflux_pumps|CMLA,G,271,A
MEG_1754|Drugs|Phenicol|Phenicol_resistance_MFS_efflux_pumps|CMLA,A,407,C
MEG_1754|Drugs|Phenicol|Phenicol_resistance_MFS_efflux_pumps|CMLA,A,429,G
MEG_1754|Drugs|Phenicol|Phenicol_resistance_MFS_efflux_pumps|CMLA,C,557,G
MEG_1754|Drugs|Phenicol|Phenicol_resistance_MFS_efflux_pumps|CMLA,T,601,A
MEG_1754|Drugs|Phenicol|Phenicol_resistance_MFS_efflux_pumps|CMLA,G,1066,C
MEG_1579|Drugs|Phenicol|Chloramphenicol_acetyltransferases|CATA,T,18,A
MEG_1579|Drugs|Phenicol|Chloramphenicol_acetyltransferases|CATA,T,268,G
MEG_1579|Drugs|Phenicol|Chloramphenicol_acetyltransferases|CATA,T,359,C
MEG_1579|Drugs|Phenicol|Chloramphenicol_acetyltransferases|CATA,C,419,G
MEG_2906|Drugs|Phenicol|Phenicol_resistance_MFS_efflux_pumps|FEXB,T,314,C
MEG_2906|Drugs|Phenicol|Phenicol_resistance_MFS_efflux_pumps|FEXB,C,583,T
MEG_2906|Drugs|Phenicol|Phenicol_resistance_MFS_efflux_pumps|FEXB,T,597,A
MEG_2906|Drugs|Phenicol|Phenicol_resistance_MFS_efflux_pumps|FEXB,A,657,G
MEG_2906|Drugs|Phenicol|Phenicol_resistance_MFS_efflux_pumps|FEXB,T,853,G
MEG_2931|Drugs|Phenicol|Phenicol_resistance_MFS_efflux_pumps|FLOR,G,1000,C
MEG_2914|Drugs|Phenicol|Phenicol_resistance_MFS_efflux_pumps|FLOR,T,79,G
MEG_2914|Drugs|Phenicol|Phenicol_resistance_MFS_efflux_pumps|FLOR,T,314,G
MEG_2914|Drugs|Phenicol|Phenicol_resistance_MFS_efflux_pumps|FLOR,A,732,G
MEG_1767|Drugs|Phenicol|Phenicol_resistance_MFS_efflux_pumps|CMLA,A,14,C
MEG_1767|Drugs|Phenicol|Phenicol_resistance_MFS_efflux_pumps|CMLA,A,98,C
MEG_1767|Drugs|Phenicol|Phenicol_resistance_MFS_efflux_pumps|CMLA,G,478,T
MEG_1767|Drugs|Phenicol|Phenicol_resistance_MFS_efflux_pumps|CMLA,C,567,G
MEG_1767|Drugs|Phenicol|Phenicol_resistance_MFS_efflux_pumps|CMLA,T,601,G
MEG_1767|Drugs|Phenicol|Phenicol_resistance_MFS_efflux_pumps|CMLA,G,867,T
MEG_1767|Drugs|Phenicol|Phenicol_resistance_MFS_efflux_pumps|CMLA,G,1110,T
MEG_1767|Drugs|Phenicol|Phenicol_resistance_MFS_efflux_pumps|CMLA,C,1152,G
MEG_1767|Drugs|Phenicol|Phenicol_resistance_MFS_efflux_pumps|CMLA,C,1181,G
MEG_1582|Drugs|Phenicol|Chloramphenicol_acetyltransferases|CATA,G,239,T
MEG_1582|Drugs|Phenicol|Chloramphenicol_acetyltransferases|CATA,C,445,G
MEG_2923|Drugs|Phenicol|Phenicol_resistance_MFS_efflux_pumps|FLOR,G,43,A
MEG_2923|Drugs|Phenicol|Phenicol_resistance_MFS_efflux_pumps|FLOR,T,101,G
MEG_2923|Drugs|Phenicol|Phenicol_resistance_MFS_efflux_pumps|FLOR,G,346,A
MEG_2923|Drugs|Phenicol|Phenicol_resistance_MFS_efflux_pumps|FLOR,G,378,T
MEG_2923|Drugs|Phenicol|Phenicol_resistance_MFS_efflux_pumps|FLOR,G,451,T
MEG_2923|Drugs|Phenicol|Phenicol_resistance_MFS_efflux_pumps|FLOR,A,531,G
MEG_2923|Drugs|Phenicol|Phenicol_resistance_MFS_efflux_pumps|FLOR,C,536,T
MEG_2923|Drugs|Phenicol|Phenicol_resistance_MFS_efflux_pumps|FLOR,G,861,A
MEG_2923|Drugs|Phenicol|Phenicol_resistance_MFS_efflux_pumps|FLOR,G,961,T
MEG_2923|Drugs|Phenicol|Phenicol_resistance_MFS_efflux_pumps|FLOR,C,1016,A
MEG_1562|Drugs|Phenicol|Chloramphenicol_acetyltransferases|CATA,G,241,A
MEG_1562|Drugs|Phenicol|Chloramphenicol_acetyltransferases|CATA,C,312,T
MEG_1562|Drugs|Phenicol|Chloramphenicol_acetyltransferases|CATA,T,456,C
MEG_1562|Drugs|Phenicol|Chloramphenicol_acetyltransferases|CATA,A,502,T
MEG_1562|Drugs|Phenicol|Chloramphenicol_acetyltransferases|CATA,T,598,A
MEG_2919|Drugs|Phenicol|Phenicol_resistance_MFS_efflux_pumps|FLOR,C,153,A
MEG_2919|Drugs|Phenicol|Phenicol_resistance_MFS_efflux_pumps|FLOR,G,408,T
MEG_2919|Drugs|Phenicol|Phenicol_resistance_MFS_efflux_pumps|FLOR,C,543,G
MEG_2919|Drugs|Phenicol|Phenicol_resistance_MFS_efflux_pumps|FLOR,G,558,A
MEG_2919|Drugs|Phenicol|Phenicol_resistance_MFS_efflux_pumps|FLOR,T,733,C
MEG_2919|Drugs|Phenicol|Phenicol_resistance_MFS_efflux_pumps|FLOR,A,780,G
MEG_2919|Drugs|Phenicol|Phenicol_resistance_MFS_efflux_pumps|FLOR,G,1052,C
MEG_2919|Drugs|Phenicol|Phenicol_resistance_MFS_efflux_pumps|FLOR,G,1164,C
MEG_1554|Drugs|Phenicol|Chloramphenicol_acetyltransferases|CAT,T,61,G
MEG_1554|Drugs|Phenicol|Chloramphenicol_acetyltransferases|CAT,A,344,T
MEG_1554|Drugs|Phenicol|Chloramphenicol_acetyltransferases|CAT,A,415,T
MEG_1554|Drugs|Phenicol|Chloramphenicol_acetyltransferases|CAT,T,457,C
MEG_1554|Drugs|Phenicol|Chloramphenicol_acetyltransferases|CAT,C,495,G
MEG_1554|Drugs|Phenicol|Chloramphenicol_acetyltransferases|CAT,G,511,T
MEG_2920|Drugs|Phenicol|Phenicol_resistance_MFS_efflux_pumps|FLOR,C,161,A
MEG_2920|Drugs|Phenicol|Phenicol_resistance_MFS_efflux_pumps|FLOR,G,201,A
MEG_2920|Drugs|Phenicol|Phenicol_resistance_MFS_efflux_pumps|FLOR,C,247,A
MEG_2920|Drugs|Phenicol|Phenicol_resistance_MFS_efflux_pumps|FLOR,G,262,A
MEG_2920|Drugs|Phenicol|Phenicol_resistance_MFS_efflux_pumps|FLOR,T,456,A
MEG_2920|Drugs|Phenicol|Phenicol_resistance_MFS_efflux_pumps|FLOR,T,735,A
MEG_2920|Drugs|Phenicol|Phenicol_resistance_MFS_efflux_pumps|FLOR,T,754,G
MEG_2920|Drugs|Phenicol|Phenicol_resistance_MFS_efflux_pumps|FLOR,T,929,C
MEG_2920|Drugs|Phenicol|Phenicol_resistance_MFS_efflux_pumps|FLOR,C,1090,A
MEG_8021|Drugs|Phenicol|Phenicol_resistance_MFS_efflux_pumps|CML,C,72,T
MEG_8021|Drugs|Phenicol|Phenicol_resistance_MFS_efflux_pumps|CML,T,396,C
MEG_8021|Drugs|Phenicol|Phenicol_resistance_MFS_efflux_pumps|CML,T,869,G
MEG_8021|Drugs|Phenicol|Phenicol_resistance_MFS_efflux_pumps|CML,C,948,T
MEG_8021|Drugs|Phenicol|Phenicol_resistance_MFS_efflux_pumps|CML,T,1088,A
MEG_8021|Drugs|Phenicol|Phenicol_resistance_MFS_efflux_pumps|CML,C,1098,T
MEG_1769|Drugs|Phenicol|Phenicol_resistance_MFS_efflux_pumps|CMLA,G,751,C
MEG_1552|Drugs|Phenicol|Chloramphenicol_acetyltransferases|CAT,A,29,C
MEG_1552|Drugs|Phenicol|Chloramphenicol_acetyltransferases|CAT,A,53,C
MEG_1552|Drugs|Phenicol|Chloramphenicol_acetyltransferases|CAT,T,210,A
MEG_1552|Drugs|Phenicol|Chloramphenicol_acetyltransferases|CAT,T,313,A
MEG_1552|Drugs|Phenicol|Chloramphenicol_acetyltransferases|CAT,A,379,C
MEG_1552|Drugs|Phenicol|Chloramphenicol_acetyltransferases|CAT,T,601,A
MEG_1757|Drugs|Phenicol|Phenicol_resistance_MFS_efflux_pumps|CMLA,T,643,A
MEG_1757|Drugs|Phenicol|Phenicol_resistance_MFS_efflux_pumps|CMLA,T,658,C
MEG_1776|Drugs|Phenicol|Phenicol_resistance_MFS_efflux_pumps|CMLR,T,204,C
MEG_1776|Drugs|Phenicol|Phenicol_resistance_MFS_efflux_pumps|CMLR,C,383,T
MEG_1776|Drugs|Phenicol|Phenicol_resistance_MFS_efflux_pumps|CMLR,C,505,G
MEG_1776|Drugs|Phenicol|Phenicol_resistance_MFS_efflux_pumps|CMLR,G,652,T
MEG_1776|Drugs|Phenicol|Phenicol_resistance_MFS_efflux_pumps|CMLR,T,718,A
MEG_1776|Drugs|Phenicol|Phenicol_resistance_MFS_efflux_pumps|CMLR,G,720,T
MEG_1776|Drugs|Phenicol|Phenicol_resistance_MFS_efflux_pumps|CMLR,C,776,G
MEG_1776|Drugs|Phenicol|Phenicol_resistance_MFS_efflux_pumps|CMLR,T,787,G
MEG_1776|Drugs|Phenicol|Phenicol_resistance_MFS_efflux_pumps|CMLR,T,988,C
MEG_1652|Biocides|Biguanide_resistance|Biguanide_cation_efflux|CEPAB,G,175,T
MEG_1652|Biocides|Biguanide_resistance|Biguanide_cation_efflux|CEPAB,A,207,G
MEG_1652|Biocides|Biguanide_resistance|Biguanide_cation_efflux|CEPAB,G,243,T
MEG_1652|Biocides|Biguanide_resistance|Biguanide_cation_efflux|CEPAB,G,249,T
MEG_1652|Biocides|Biguanide_resistance|Biguanide_cation_efflux|CEPAB,G,333,A
MEG_1652|Biocides|Biguanide_resistance|Biguanide_cation_efflux|CEPAB,C,519,T
MEG_1652|Biocides|Biguanide_resistance|Biguanide_cation_efflux|CEPAB,G,623,A
MEG_1652|Biocides|Biguanide_resistance|Biguanide_cation_efflux|CEPAB,C,677,G
MEG_1652|Biocides|Biguanide_resistance|Biguanide_cation_efflux|CEPAB,C,858,T
MEG_1655|Metals|Chromium_resistance|Chromate_ABC_efflux_pump|CEUE,A,236,T
MEG_1655|Metals|Chromium_resistance|Chromate_ABC_efflux_pump|CEUE,C,487,A
MEG_1655|Metals|Chromium_resistance|Chromate_ABC_efflux_pump|CEUE,A,644,G
MEG_1705|Metals|Chromium_resistance|Chromium_resistance_protein|CHRA,A,34,G
MEG_1705|Metals|Chromium_resistance|Chromium_resistance_protein|CHRA,A,380,G
MEG_1705|Metals|Chromium_resistance|Chromium_resistance_protein|CHRA,T,1067,G
MEG_1705|Metals|Chromium_resistance|Chromium_resistance_protein|CHRA,C,1238,T
MEG_1705|Metals|Chromium_resistance|Chromium_resistance_protein|CHRA,A,1245,G
MEG_1706|Metals|Chromium_resistance|Chromium_resistance_protein|CHRA,C,35,A
MEG_1706|Metals|Chromium_resistance|Chromium_resistance_protein|CHRA,A,105,G
MEG_1706|Metals|Chromium_resistance|Chromium_resistance_protein|CHRA,C,174,G
MEG_1706|Metals|Chromium_resistance|Chromium_resistance_protein|CHRA,T,329,G
MEG_1706|Metals|Chromium_resistance|Chromium_resistance_protein|CHRA,T,524,G
MEG_1706|Metals|Chromium_resistance|Chromium_resistance_protein|CHRA,C,590,T
MEG_1706|Metals|Chromium_resistance|Chromium_resistance_protein|CHRA,G,698,A
MEG_1706|Metals|Chromium_resistance|Chromium_resistance_protein|CHRA,T,746,A
MEG_1706|Metals|Chromium_resistance|Chromium_resistance_protein|CHRA,C,763,G
MEG_1706|Metals|Chromium_resistance|Chromium_resistance_protein|CHRA,T,1143,A
MEG_1707|Metals|Chromium_resistance|Chromium_resistance_protein|CHRA,C,213,G
MEG_1707|Metals|Chromium_resistance|Chromium_resistance_protein|CHRA,C,306,T
MEG_1707|Metals|Chromium_resistance|Chromium_resistance_protein|CHRA,C,327,A
MEG_1707|Metals|Chromium_resistance|Chromium_resistance_protein|CHRA,T,416,C
MEG_1707|Metals|Chromium_resistance|Chromium_resistance_protein|CHRA,T,542,C
MEG_1707|Metals|Chromium_resistance|Chromium_resistance_protein|CHRA,C,822,G
MEG_1707|Metals|Chromium_resistance|Chromium_resistance_protein|CHRA,A,865,G
MEG_1707|Metals|Chromium_resistance|Chromium_resistance_protein|CHRA,G,880,A
MEG_1708|Metals|Chromium_resistance|Chromium_resistance_protein|CHRA,T,722,C
MEG_1710|Metals|Chromium_resistance|Chromium_resistance_protein|CHRB1,G,113,T
MEG_1710|Metals|Chromium_resistance|Chromium_resistance_protein|CHRB1,C,545,A
MEG_1711|Metals|Chromium_resistance|Chromium_resistance_protein|CHRB1,T,83,C
MEG_1711|Metals|Chromium_resistance|Chromium_resistance_protein|CHRB1,A,98,T
MEG_1711|Metals|Chromium_resistance|Chromium_resistance_protein|CHRB1,C,101,T
MEG_1711|Metals|Chromium_resistance|Chromium_resistance_protein|CHRB1,G,199,T
MEG_1711|Metals|Chromium_resistance|Chromium_resistance_protein|CHRB1,G,304,A
MEG_1711|Metals|Chromium_resistance|Chromium_resistance_protein|CHRB1,C,621,T
MEG_1711|Metals|Chromium_resistance|Chromium_resistance_protein|CHRB1,C,699,G
MEG_1711|Metals|Chromium_resistance|Chromium_resistance_protein|CHRB1,C,850,A
MEG_1711|Metals|Chromium_resistance|Chromium_resistance_protein|CHRB1,A,854,G
MEG_1713|Metals|Chromium_resistance|Chromium_resistance_protein|CHRC,T,263,C
MEG_1714|Metals|Chromium_resistance|Chromium_resistance_protein|CHRE,G,47,A
MEG_1714|Metals|Chromium_resistance|Chromium_resistance_protein|CHRE,C,72,T
MEG_1714|Metals|Chromium_resistance|Chromium_resistance_protein|CHRE,T,146,C
MEG_1714|Metals|Chromium_resistance|Chromium_resistance_protein|CHRE,A,152,C
MEG_1714|Metals|Chromium_resistance|Chromium_resistance_protein|CHRE,A,203,G
MEG_1714|Metals|Chromium_resistance|Chromium_resistance_protein|CHRE,G,295,A
MEG_1714|Metals|Chromium_resistance|Chromium_resistance_protein|CHRE,T,326,G
MEG_1715|Metals|Chromium_resistance|Chromium_resistance_regulator|CHRF,A,74,T
MEG_1715|Metals|Chromium_resistance|Chromium_resistance_regulator|CHRF,C,100,G
MEG_1715|Metals|Chromium_resistance|Chromium_resistance_regulator|CHRF,G,160,A
MEG_1715|Metals|Chromium_resistance|Chromium_resistance_regulator|CHRF,G,191,T
MEG_1715|Metals|Chromium_resistance|Chromium_resistance_regulator|CHRF,C,241,A
MEG_1715|Metals|Chromium_resistance|Chromium_resistance_regulator|CHRF,G,246,A
MEG_1716|Metals|Chromium_resistance|Chromium_resistance_regulator|CHRI,T,2,C
MEG_1717|Metals|Chromium_resistance|Chromium_resistance_protein|CHRR,C,29,G
MEG_1717|Metals|Chromium_resistance|Chromium_resistance_protein|CHRR,A,53,C
MEG_1717|Metals|Chromium_resistance|Chromium_resistance_protein|CHRR,C,62,G
MEG_1717|Metals|Chromium_resistance|Chromium_resistance_protein|CHRR,A,160,G
MEG_1717|Metals|Chromium_resistance|Chromium_resistance_protein|CHRR,G,176,C
MEG_1717|Metals|Chromium_resistance|Chromium_resistance_protein|CHRR,A,303,G
MEG_1717|Metals|Chromium_resistance|Chromium_resistance_protein|CHRR,C,362,A
MEG_1717|Metals|Chromium_resistance|Chromium_resistance_protein|CHRR,T,376,G
MEG_1717|Metals|Chromium_resistance|Chromium_resistance_protein|CHRR,A,646,G
MEG_1717|Metals|Chromium_resistance|Chromium_resistance_protein|CHRR,C,687,G
MEG_4160|Metals|Chromium_resistance|Chromium_resistance_protein|NFSA,A,72,T
MEG_4160|Metals|Chromium_resistance|Chromium_resistance_protein|NFSA,G,108,A
MEG_4160|Metals|Chromium_resistance|Chromium_resistance_protein|NFSA,G,181,C
MEG_4160|Metals|Chromium_resistance|Chromium_resistance_protein|NFSA,T,236,A
MEG_4160|Metals|Chromium_resistance|Chromium_resistance_protein|NFSA,T,576,G
MEG_4160|Metals|Chromium_resistance|Chromium_resistance_protein|NFSA,G,671,A
MEG_4160|Metals|Chromium_resistance|Chromium_resistance_protein|NFSA,A,698,T
MEG_6052|Metals|Chromium_resistance|Chromium_resistance_protein|RECG,C,1,G
MEG_6052|Metals|Chromium_resistance|Chromium_resistance_protein|RECG,C,99,A
MEG_6052|Metals|Chromium_resistance|Chromium_resistance_protein|RECG,C,117,G
MEG_6052|Metals|Chromium_resistance|Chromium_resistance_protein|RECG,A,277,C
MEG_6052|Metals|Chromium_resistance|Chromium_resistance_protein|RECG,C,359,G
MEG_6052|Metals|Chromium_resistance|Chromium_resistance_protein|RECG,C,366,T
MEG_6052|Metals|Chromium_resistance|Chromium_resistance_protein|RECG,G,438,C
MEG_6562|Metals|Chromium_resistance|Chromium_resistance_protein|SRPCC,C,500,G
MEG_6562|Metals|Chromium_resistance|Chromium_resistance_protein|SRPCC,G,637,C
MEG_6562|Metals|Chromium_resistance|Chromium_resistance_protein|SRPCC,T,651,C
MEG_6562|Metals|Chromium_resistance|Chromium_resistance_protein|SRPCC,C,688,A
MEG_6562|Metals|Chromium_resistance|Chromium_resistance_protein|SRPCC,C,1007,A
MEG_6562|Metals|Chromium_resistance|Chromium_resistance_protein|SRPCC,G,1043,A
MEG_6562|Metals|Chromium_resistance|Chromium_resistance_protein|SRPCC,G,1057,A
MEG_6562|Metals|Chromium_resistance|Chromium_resistance_protein|SRPCC,T,1072,A
MEG_6562|Metals|Chromium_resistance|Chromium_resistance_protein|SRPCC,G,1147,T
MEG_3611|Drugs|MLS|Lincosamide_nucleotidyltransferases|LNUC,C,116,A
MEG_3611|Drugs|MLS|Lincosamide_nucleotidyltransferases|LNUC,A,119,G
MEG_3611|Drugs|MLS|Lincosamide_nucleotidyltransferases|LNUC,T,339,C
MEG_3611|Drugs|MLS|Lincosamide_nucleotidyltransferases|LNUC,G,347,C
MEG_3611|Drugs|MLS|Lincosamide_nucleotidyltransferases|LNUC,G,457,C
MEG_3611|Drugs|MLS|Lincosamide_nucleotidyltransferases|LNUC,T,483,A
MEG_3611|Drugs|MLS|Lincosamide_nucleotidyltransferases|LNUC,A,488,C
MEG_3611|Drugs|MLS|Lincosamide_nucleotidyltransferases|LNUC,A,491,C
MEG_10070|Drugs|MLS|ABC-F_ATPase_ribosomal_protection_protein|CPLR,T,37,C
MEG_10070|Drugs|MLS|ABC-F_ATPase_ribosomal_protection_protein|CPLR,A,365,G
MEG_10070|Drugs|MLS|ABC-F_ATPase_ribosomal_protection_protein|CPLR,A,538,C
MEG_10070|Drugs|MLS|ABC-F_ATPase_ribosomal_protection_protein|CPLR,C,1020,G
MEG_10070|Drugs|MLS|ABC-F_ATPase_ribosomal_protection_protein|CPLR,G,1166,T
MEG_10070|Drugs|MLS|ABC-F_ATPase_ribosomal_protection_protein|CPLR,A,1207,G
MEG_10070|Drugs|MLS|ABC-F_ATPase_ribosomal_protection_protein|CPLR,T,1358,A
MEG_10070|Drugs|MLS|ABC-F_ATPase_ribosomal_protection_protein|CPLR,A,1486,T
MEG_10070|Drugs|MLS|ABC-F_ATPase_ribosomal_protection_protein|CPLR,T,1523,A
MEG_2793|Drugs|MLS|23S_rRNA_methyltransferases|ERMB,A,138,C
MEG_2793|Drugs|MLS|23S_rRNA_methyltransferases|ERMB,A,151,G
MEG_2793|Drugs|MLS|23S_rRNA_methyltransferases|ERMB,G,456,C
MEG_2793|Drugs|MLS|23S_rRNA_methyltransferases|ERMB,G,478,C
MEG_2793|Drugs|MLS|23S_rRNA_methyltransferases|ERMB,C,654,G
MEG_2845|Drugs|MLS|23S_rRNA_methyltransferases|ERMS,C,178,G
MEG_7628|Drugs|MLS|Streptogramin_A_O-acetyltransferase|VATE,A,92,C
MEG_7628|Drugs|MLS|Streptogramin_A_O-acetyltransferase|VATE,T,109,A
MEG_7628|Drugs|MLS|Streptogramin_A_O-acetyltransferase|VATE,G,175,C
MEG_7628|Drugs|MLS|Streptogramin_A_O-acetyltransferase|VATE,C,242,T
MEG_7628|Drugs|MLS|Streptogramin_A_O-acetyltransferase|VATE,A,272,T
MEG_7628|Drugs|MLS|Streptogramin_A_O-acetyltransferase|VATE,A,308,T
MEG_7628|Drugs|MLS|Streptogramin_A_O-acetyltransferase|VATE,G,316,C
MEG_8243|Drugs|MLS|MLS_resistance_MFS_efflux_pumps|MEFD,A,5,G
MEG_8243|Drugs|MLS|MLS_resistance_MFS_efflux_pumps|MEFD,T,314,C
MEG_8243|Drugs|MLS|MLS_resistance_MFS_efflux_pumps|MEFD,A,346,T
MEG_8243|Drugs|MLS|MLS_resistance_MFS_efflux_pumps|MEFD,T,730,C
MEG_8243|Drugs|MLS|MLS_resistance_MFS_efflux_pumps|MEFD,T,1015,A
MEG_3139|Drugs|MLS|Macrolide_glycosyltransferases|GIMA,A,70,C
MEG_3139|Drugs|MLS|Macrolide_glycosyltransferases|GIMA,C,89,G
MEG_3139|Drugs|MLS|Macrolide_glycosyltransferases|GIMA,G,123,C
MEG_3139|Drugs|MLS|Macrolide_glycosyltransferases|GIMA,C,212,A
MEG_3139|Drugs|MLS|Macrolide_glycosyltransferases|GIMA,G,354,C
MEG_3139|Drugs|MLS|Macrolide_glycosyltransferases|GIMA,T,758,A
MEG_3139|Drugs|MLS|Macrolide_glycosyltransferases|GIMA,C,852,T
MEG_3139|Drugs|MLS|Macrolide_glycosyltransferases|GIMA,C,1121,T
MEG_2850|Drugs|MLS|23S_rRNA_methyltransferases|ERMU,T,36,C
MEG_2850|Drugs|MLS|23S_rRNA_methyltransferases|ERMU,C,76,T
MEG_2850|Drugs|MLS|23S_rRNA_methyltransferases|ERMU,T,439,G
MEG_2850|Drugs|MLS|23S_rRNA_methyltransferases|ERMU,T,448,C
MEG_2850|Drugs|MLS|23S_rRNA_methyltransferases|ERMU,G,451,C
MEG_2850|Drugs|MLS|23S_rRNA_methyltransferases|ERMU,A,467,C
MEG_2850|Drugs|MLS|23S_rRNA_methyltransferases|ERMU,C,493,T
MEG_2850|Drugs|MLS|23S_rRNA_methyltransferases|ERMU,G,511,C
MEG_2850|Drugs|MLS|23S_rRNA_methyltransferases|ERMU,G,552,T
MEG_2850|Drugs|MLS|23S_rRNA_methyltransferases|ERMU,C,738,T
MEG_3819|Drugs|MLS|MLS_resistance_MFS_efflux_pumps|MEFA,T,18,A
MEG_3819|Drugs|MLS|MLS_resistance_MFS_efflux_pumps|MEFA,T,230,G
MEG_3819|Drugs|MLS|MLS_resistance_MFS_efflux_pumps|MEFA,A,620,T
MEG_3819|Drugs|MLS|MLS_resistance_MFS_efflux_pumps|MEFA,C,728,A
MEG_3819|Drugs|MLS|MLS_resistance_MFS_efflux_pumps|MEFA,A,1018,G
MEG_3819|Drugs|MLS|MLS_resistance_MFS_efflux_pumps|MEFA,A,1212,G
MEG_11353|Drugs|MLS|Macrolide_esterases|ESTX,G,121,A
MEG_11353|Drugs|MLS|Macrolide_esterases|ESTX,T,193,C
MEG_11353|Drugs|MLS|Macrolide_esterases|ESTX,A,233,C
MEG_11353|Drugs|MLS|Macrolide_esterases|ESTX,G,400,A
MEG_11353|Drugs|MLS|Macrolide_esterases|ESTX,C,448,A
MEG_11353|Drugs|MLS|Macrolide_esterases|ESTX,C,521,G
MEG_11353|Drugs|MLS|Macrolide_esterases|ESTX,C,566,G
MEG_11353|Drugs|MLS|Macrolide_esterases|ESTX,C,585,T
MEG_11353|Drugs|MLS|Macrolide_esterases|ESTX,A,616,G
MEG_11353|Drugs|MLS|Macrolide_esterases|ESTX,C,836,A
MEG_9992|Drugs|MLS|23S_rRNA_methyltransferases|CFR,T,25,A
MEG_9992|Drugs|MLS|23S_rRNA_methyltransferases|CFR,T,242,G
MEG_9992|Drugs|MLS|23S_rRNA_methyltransferases|CFR,A,294,C
MEG_9992|Drugs|MLS|23S_rRNA_methyltransferases|CFR,T,377,A
MEG_9992|Drugs|MLS|23S_rRNA_methyltransferases|CFR,A,586,G
MEG_9992|Drugs|MLS|23S_rRNA_methyltransferases|CFR,T,654,A
MEG_9992|Drugs|MLS|23S_rRNA_methyltransferases|CFR,A,784,G
MEG_9992|Drugs|MLS|23S_rRNA_methyltransferases|CFR,A,785,G
MEG_9992|Drugs|MLS|23S_rRNA_methyltransferases|CFR,A,894,T
MEG_9992|Drugs|MLS|23S_rRNA_methyltransferases|CFR,G,1027,C
MEG_11507|Drugs|MLS|23S_rRNA_methyltransferases|ERM,T,79,A
MEG_11507|Drugs|MLS|23S_rRNA_methyltransferases|ERM,T,236,G
MEG_11507|Drugs|MLS|23S_rRNA_methyltransferases|ERM,C,504,T
MEG_11507|Drugs|MLS|23S_rRNA_methyltransferases|ERM,G,612,T
MEG_11507|Drugs|MLS|23S_rRNA_methyltransferases|ERM,C,688,T
MEG_2819|Drugs|MLS|23S_rRNA_methyltransferases|ERMC,A,62,G
MEG_2819|Drugs|MLS|23S_rRNA_methyltransferases|ERMC,T,87,G
MEG_2819|Drugs|MLS|23S_rRNA_methyltransferases|ERMC,C,170,T
MEG_2819|Drugs|MLS|23S_rRNA_methyltransferases|ERMC,A,287,T
MEG_2819|Drugs|MLS|23S_rRNA_methyltransferases|ERMC,A,318,C
MEG_2819|Drugs|MLS|23S_rRNA_methyltransferases|ERMC,A,530,T
MEG_2819|Drugs|MLS|23S_rRNA_methyltransferases|ERMC,C,582,G
MEG_2819|Drugs|MLS|23S_rRNA_methyltransferases|ERMC,T,596,C
MEG_2819|Drugs|MLS|23S_rRNA_methyltransferases|ERMC,T,647,C
MEG_1680|Drugs|MLS|23S_rRNA_methyltransferases|CFR,A,18,G
MEG_1680|Drugs|MLS|23S_rRNA_methyltransferases|CFR,C,28,A
MEG_1680|Drugs|MLS|23S_rRNA_methyltransferases|CFR,G,240,A
MEG_1680|Drugs|MLS|23S_rRNA_methyltransferases|CFR,A,376,T
MEG_1680|Drugs|MLS|23S_rRNA_methyltransferases|CFR,T,474,C
MEG_1680|Drugs|MLS|23S_rRNA_methyltransferases|CFR,T,597,G
MEG_1680|Drugs|MLS|23S_rRNA_methyltransferases|CFR,T,843,C
MEG_1680|Drugs|MLS|23S_rRNA_methyltransferases|CFR,C,857,G
MEG_1680|Drugs|MLS|23S_rRNA_methyltransferases|CFR,C,1150,T
MEG_1680|Drugs|MLS|23S_rRNA_methyltransferases|CFR,A,1165,C
MEG_2805|Drugs|MLS|23S_rRNA_methyltransferases|ERMB,A,29,G
MEG_2805|Drugs|MLS|23S_rRNA_methyltransferases|ERMB,T,341,A
MEG_2805|Drugs|MLS|23S_rRNA_methyltransferases|ERMB,T,388,A
MEG_2805|Drugs|MLS|23S_rRNA_methyltransferases|ERMB,A,394,C
MEG_2805|Drugs|MLS|23S_rRNA_methyltransferases|ERMB,T,484,A
MEG_2805|Drugs|MLS|23S_rRNA_methyltransferases|ERMB,T,682,C
MEG_4072|Drugs|MLS|MLS_resistance_ABC_efflux_pumps|MSRC,A,116,G
MEG_4072|Drugs|MLS|MLS_resistance_ABC_efflux_pumps|MSRC,T,983,A
MEG_4072|Drugs|MLS|MLS_resistance_ABC_efflux_pumps|MSRC,C,1075,A
MEG_4072|Drugs|MLS|MLS_resistance_ABC_efflux_pumps|MSRC,G,1189,T
MEG_4072|Drugs|MLS|MLS_resistance_ABC_efflux_pumps|MSRC,T,1228,A
MEG_4072|Drugs|MLS|MLS_resistance_ABC_efflux_pumps|MSRC,C,1306,A
MEG_4072|Drugs|MLS|MLS_resistance_ABC_efflux_pumps|MSRC,G,1370,T
MEG_2747|Drugs|MLS|Macrolide_esterases|EREA,A,110,C
MEG_2747|Drugs|MLS|Macrolide_esterases|EREA,T,167,A
MEG_2747|Drugs|MLS|Macrolide_esterases|EREA,G,256,A
MEG_2747|Drugs|MLS|Macrolide_esterases|EREA,A,425,T
MEG_2747|Drugs|MLS|Macrolide_esterases|EREA,G,737,C
MEG_2747|Drugs|MLS|Macrolide_esterases|EREA,T,1160,G
MEG_2835|Drugs|MLS|23S_rRNA_methyltransferases|ERMG,T,130,A
MEG_2835|Drugs|MLS|23S_rRNA_methyltransferases|ERMG,A,158,G
MEG_2835|Drugs|MLS|23S_rRNA_methyltransferases|ERMG,T,246,C
MEG_2835|Drugs|MLS|23S_rRNA_methyltransferases|ERMG,A,311,C
MEG_2835|Drugs|MLS|23S_rRNA_methyltransferases|ERMG,T,440,C
MEG_2835|Drugs|MLS|23S_rRNA_methyltransferases|ERMG,A,727,T
MEG_2765|Drugs|MLS|23S_rRNA_methyltransferases|ERM,A,66,C
MEG_2765|Drugs|MLS|23S_rRNA_methyltransferases|ERM,A,314,C
MEG_2765|Drugs|MLS|23S_rRNA_methyltransferases|ERM,G,465,T
MEG_2765|Drugs|MLS|23S_rRNA_methyltransferases|ERM,A,627,G
MEG_2765|Drugs|MLS|23S_rRNA_methyltransferases|ERM,T,725,C
MEG_2834|Drugs|MLS|23S_rRNA_methyltransferases|ERMG,G,155,C
MEG_2834|Drugs|MLS|23S_rRNA_methyltransferases|ERMG,C,276,G
MEG_2834|Drugs|MLS|23S_rRNA_methyltransferases|ERMG,A,285,C
MEG_2834|Drugs|MLS|23S_rRNA_methyltransferases|ERMG,A,318,T
MEG_2834|Drugs|MLS|23S_rRNA_methyltransferases|ERMG,A,397,G
MEG_2834|Drugs|MLS|23S_rRNA_methyltransferases|ERMG,T,617,A
MEG_7691|Drugs|MLS|Streptogramin_B_ester_bond_cleavage|VGBA,C,234,G
MEG_7691|Drugs|MLS|Streptogramin_B_ester_bond_cleavage|VGBA,G,246,T
MEG_7691|Drugs|MLS|Streptogramin_B_ester_bond_cleavage|VGBA,A,313,C
MEG_7691|Drugs|MLS|Streptogramin_B_ester_bond_cleavage|VGBA,C,468,A
MEG_7691|Drugs|MLS|Streptogramin_B_ester_bond_cleavage|VGBA,C,668,A
MEG_7691|Drugs|MLS|Streptogramin_B_ester_bond_cleavage|VGBA,C,734,A
MEG_7691|Drugs|MLS|Streptogramin_B_ester_bond_cleavage|VGBA,A,803,T
MEG_7691|Drugs|MLS|Streptogramin_B_ester_bond_cleavage|VGBA,C,877,A
MEG_11350|Drugs|MLS|Macrolide_esterases|ESTX,C,37,T
MEG_11350|Drugs|MLS|Macrolide_esterases|ESTX,T,38,G
MEG_11350|Drugs|MLS|Macrolide_esterases|ESTX,G,114,A
MEG_11350|Drugs|MLS|Macrolide_esterases|ESTX,A,125,T
MEG_11350|Drugs|MLS|Macrolide_esterases|ESTX,C,185,G
MEG_11350|Drugs|MLS|Macrolide_esterases|ESTX,T,251,A
MEG_11350|Drugs|MLS|Macrolide_esterases|ESTX,C,347,T
MEG_11350|Drugs|MLS|Macrolide_esterases|ESTX,C,432,A
MEG_11350|Drugs|MLS|Macrolide_esterases|ESTX,A,447,G
MEG_11350|Drugs|MLS|Macrolide_esterases|ESTX,C,832,T
MEG_2744|Drugs|MLS|Macrolide_esterases|EREA,G,97,T
MEG_2744|Drugs|MLS|Macrolide_esterases|EREA,T,437,G
MEG_2744|Drugs|MLS|Macrolide_esterases|EREA,G,499,T
MEG_2744|Drugs|MLS|Macrolide_esterases|EREA,A,803,C
MEG_2744|Drugs|MLS|Macrolide_esterases|EREA,G,891,C
MEG_2744|Drugs|MLS|Macrolide_esterases|EREA,C,950,G
MEG_2744|Drugs|MLS|Macrolide_esterases|EREA,G,975,C
MEG_2744|Drugs|MLS|Macrolide_esterases|EREA,A,1069,T
MEG_2744|Drugs|MLS|Macrolide_esterases|EREA,C,1094,A
MEG_3608|Drugs|MLS|Lincosamide_nucleotidyltransferases|LNUA,A,4,C
MEG_3608|Drugs|MLS|Lincosamide_nucleotidyltransferases|LNUA,G,250,T
MEG_3608|Drugs|MLS|Lincosamide_nucleotidyltransferases|LNUA,A,347,G
MEG_11352|Drugs|MLS|Macrolide_esterases|ESTX,G,253,A
MEG_2743|Drugs|MLS|Macrolide_esterases|EREA,C,143,T
MEG_2743|Drugs|MLS|Macrolide_esterases|EREA,C,160,T
MEG_2743|Drugs|MLS|Macrolide_esterases|EREA,T,317,G
MEG_2743|Drugs|MLS|Macrolide_esterases|EREA,C,413,A
MEG_2743|Drugs|MLS|Macrolide_esterases|EREA,A,514,C
MEG_2743|Drugs|MLS|Macrolide_esterases|EREA,T,538,G
MEG_2743|Drugs|MLS|Macrolide_esterases|EREA,T,564,G
MEG_2743|Drugs|MLS|Macrolide_esterases|EREA,G,667,C
MEG_2743|Drugs|MLS|Macrolide_esterases|EREA,C,939,G
MEG_2743|Drugs|MLS|Macrolide_esterases|EREA,G,1017,T
MEG_3810|Drugs|MLS|MLS_resistance_MFS_efflux_pumps|MEFA,C,15,A
MEG_3810|Drugs|MLS|MLS_resistance_MFS_efflux_pumps|MEFA,C,434,A
MEG_3810|Drugs|MLS|MLS_resistance_MFS_efflux_pumps|MEFA,G,472,C
MEG_3810|Drugs|MLS|MLS_resistance_MFS_efflux_pumps|MEFA,T,661,C
MEG_3810|Drugs|MLS|MLS_resistance_MFS_efflux_pumps|MEFA,G,793,T
MEG_3810|Drugs|MLS|MLS_resistance_MFS_efflux_pumps|MEFA,T,840,G
MEG_3810|Drugs|MLS|MLS_resistance_MFS_efflux_pumps|MEFA,A,867,C
MEG_3810|Drugs|MLS|MLS_resistance_MFS_efflux_pumps|MEFA,C,998,A
MEG_11398|Drugs|MLS|Lincosamide_nucleotidyltransferases|LNU,G,64,A
MEG_11398|Drugs|MLS|Lincosamide_nucleotidyltransferases|LNU,T,243,A
MEG_11398|Drugs|MLS|Lincosamide_nucleotidyltransferases|LNU,T,261,C
MEG_11398|Drugs|MLS|Lincosamide_nucleotidyltransferases|LNU,A,292,T
MEG_11398|Drugs|MLS|Lincosamide_nucleotidyltransferases|LNU,A,322,C
MEG_11398|Drugs|MLS|Lincosamide_nucleotidyltransferases|LNU,C,427,T
MEG_11398|Drugs|MLS|Lincosamide_nucleotidyltransferases|LNU,A,648,T
MEG_2839|Drugs|MLS|23S_rRNA_methyltransferases|ERMO,C,224,A
MEG_2839|Drugs|MLS|23S_rRNA_methyltransferases|ERMO,G,281,T
MEG_2839|Drugs|MLS|23S_rRNA_methyltransferases|ERMO,C,397,A
MEG_2839|Drugs|MLS|23S_rRNA_methyltransferases|ERMO,C,463,A
MEG_2839|Drugs|MLS|23S_rRNA_methyltransferases|ERMO,T,475,G
MEG_2839|Drugs|MLS|23S_rRNA_methyltransferases|ERMO,G,505,A
MEG_2839|Drugs|MLS|23S_rRNA_methyltransferases|ERMO,A,547,G
MEG_2839|Drugs|MLS|23S_rRNA_methyltransferases|ERMO,C,573,T
MEG_2839|Drugs|MLS|23S_rRNA_methyltransferases|ERMO,G,741,A
MEG_3615|Drugs|MLS|Lincosamide_nucleotidyltransferases|LNUF,A,291,G
MEG_3615|Drugs|MLS|Lincosamide_nucleotidyltransferases|LNUF,G,365,C
MEG_3615|Drugs|MLS|Lincosamide_nucleotidyltransferases|LNUF,A,778,T
MEG_3616|Drugs|MLS|Lincosamide_nucleotidyltransferases|LNUF,C,293,G
MEG_3616|Drugs|MLS|Lincosamide_nucleotidyltransferases|LNUF,C,468,T
MEG_3616|Drugs|MLS|Lincosamide_nucleotidyltransferases|LNUF,G,506,C
MEG_3616|Drugs|MLS|Lincosamide_nucleotidyltransferases|LNUF,G,664,C
MEG_4045|Drugs|MLS|Macrolide_phosphotransferases|MPHG,G,55,T
MEG_4045|Drugs|MLS|Macrolide_phosphotransferases|MPHG,T,72,G
MEG_4045|Drugs|MLS|Macrolide_phosphotransferases|MPHG,C,394,G
MEG_4045|Drugs|MLS|Macrolide_phosphotransferases|MPHG,A,424,T
MEG_4045|Drugs|MLS|Macrolide_phosphotransferases|MPHG,T,462,C
MEG_4045|Drugs|MLS|Macrolide_phosphotransferases|MPHG,G,518,C
MEG_4045|Drugs|MLS|Macrolide_phosphotransferases|MPHG,T,623,G
MEG_4045|Drugs|MLS|Macrolide_phosphotransferases|MPHG,C,735,G
MEG_4045|Drugs|MLS|Macrolide_phosphotransferases|MPHG,A,774,G
MEG_4045|Drugs|MLS|Macrolide_phosphotransferases|MPHG,T,845,G
MEG_4278|Drugs|MLS|Macrolide_glycosyltransferases|OLEI,G,157,T
MEG_4278|Drugs|MLS|Macrolide_glycosyltransferases|OLEI,G,226,C
MEG_4278|Drugs|MLS|Macrolide_glycosyltransferases|OLEI,T,371,C
MEG_4278|Drugs|MLS|Macrolide_glycosyltransferases|OLEI,G,502,T
MEG_4278|Drugs|MLS|Macrolide_glycosyltransferases|OLEI,G,873,C
MEG_4278|Drugs|MLS|Macrolide_glycosyltransferases|OLEI,C,986,G
MEG_4278|Drugs|MLS|Macrolide_glycosyltransferases|OLEI,G,1021,T
MEG_4278|Drugs|MLS|Macrolide_glycosyltransferases|OLEI,A,1073,T
MEG_4278|Drugs|MLS|Macrolide_glycosyltransferases|OLEI,T,1244,A
MEG_2822|Drugs|MLS|23S_rRNA_methyltransferases|ERMC,T,597,C
MEG_2822|Drugs|MLS|23S_rRNA_methyltransferases|ERMC,T,726,G
MEG_2755|Drugs|MLS|23S_rRNA_methyltransferases|ERM,G,542,C
MEG_2755|Drugs|MLS|23S_rRNA_methyltransferases|ERM,A,774,C
MEG_2755|Drugs|MLS|23S_rRNA_methyltransferases|ERM,G,896,A
MEG_2756|Drugs|MLS|23S_rRNA_methyltransferases|ERM,A,175,C
MEG_2756|Drugs|MLS|23S_rRNA_methyltransferases|ERM,T,381,G
MEG_2756|Drugs|MLS|23S_rRNA_methyltransferases|ERM,T,599,C
MEG_3806|Drugs|MLS|MLS_resistance_MFS_efflux_pumps|MEFA,T,357,C
MEG_3806|Drugs|MLS|MLS_resistance_MFS_efflux_pumps|MEFA,G,364,A
MEG_3806|Drugs|MLS|MLS_resistance_MFS_efflux_pumps|MEFA,A,1208,G
MEG_2792|Drugs|MLS|23S_rRNA_methyltransferases|ERMB,T,78,C
MEG_2792|Drugs|MLS|23S_rRNA_methyltransferases|ERMB,A,173,T
MEG_2792|Drugs|MLS|23S_rRNA_methyltransferases|ERMB,A,207,G
MEG_2792|Drugs|MLS|23S_rRNA_methyltransferases|ERMB,T,285,C
MEG_2792|Drugs|MLS|23S_rRNA_methyltransferases|ERMB,T,403,A
MEG_2792|Drugs|MLS|23S_rRNA_methyltransferases|ERMB,T,510,G
MEG_2792|Drugs|MLS|23S_rRNA_methyltransferases|ERMB,C,528,T
MEG_3814|Drugs|MLS|MLS_resistance_MFS_efflux_pumps|MEFA,A,67,C
MEG_3814|Drugs|MLS|MLS_resistance_MFS_efflux_pumps|MEFA,C,151,A
MEG_3814|Drugs|MLS|MLS_resistance_MFS_efflux_pumps|MEFA,C,362,G
MEG_3814|Drugs|MLS|MLS_resistance_MFS_efflux_pumps|MEFA,C,439,G
MEG_8259|Drugs|MLS|MLS_resistance_ABC_efflux_pumps|MSRG,A,982,C
MEG_1701|Metals|Sodium_resistance|Sodium_resistance_protein|CHAA,A,14,C
MEG_1701|Metals|Sodium_resistance|Sodium_resistance_protein|CHAA,G,205,C
MEG_1701|Metals|Sodium_resistance|Sodium_resistance_protein|CHAA,C,310,G
MEG_1701|Metals|Sodium_resistance|Sodium_resistance_protein|CHAA,C,577,T
MEG_1701|Metals|Sodium_resistance|Sodium_resistance_protein|CHAA,C,971,T
MEG_4162|Metals|Sodium_resistance|Sodium_resistance_protein|NHAA,A,173,C
MEG_4162|Metals|Sodium_resistance|Sodium_resistance_protein|NHAA,T,329,G
MEG_4163|Metals|Sodium_resistance|Sodium_resistance_protein|NHAB,T,1381,C
MEG_4164|Metals|Sodium_resistance|Sodium_resistance_protein|NHAB,G,60,T
MEG_4164|Metals|Sodium_resistance|Sodium_resistance_protein|NHAB,G,500,A
MEG_4164|Metals|Sodium_resistance|Sodium_resistance_protein|NHAB,C,728,G
MEG_4164|Metals|Sodium_resistance|Sodium_resistance_protein|NHAB,T,1430,A
MEG_4164|Metals|Sodium_resistance|Sodium_resistance_protein|NHAB,T,1469,A
MEG_2096|Metals|Cobalt_resistance|Cobalt_transporting_ATPase|CORT,A,847,G
MEG_2096|Metals|Cobalt_resistance|Cobalt_transporting_ATPase|CORT,C,971,A
MEG_2096|Metals|Cobalt_resistance|Cobalt_transporting_ATPase|CORT,T,1503,C
MEG_4165|Metals|Cobalt_resistance|Cobalt_transporting_ATPase|NHLF,G,640,T
MEG_4165|Metals|Cobalt_resistance|Cobalt_transporting_ATPase|NHLF,G,816,T
MEG_4165|Metals|Cobalt_resistance|Cobalt_transporting_ATPase|NHLF,G,1018,A
MEG_4165|Metals|Cobalt_resistance|Cobalt_transporting_ATPase|NHLF,A,1055,T
MEG_5905|Drugs|Fluoroquinolones|Quinolone_resistance_protein_Qnr|QNRB,G,22,C
MEG_5905|Drugs|Fluoroquinolones|Quinolone_resistance_protein_Qnr|QNRB,C,216,T
MEG_5905|Drugs|Fluoroquinolones|Quinolone_resistance_protein_Qnr|QNRB,T,321,C
MEG_5905|Drugs|Fluoroquinolones|Quinolone_resistance_protein_Qnr|QNRB,T,345,G
MEG_5905|Drugs|Fluoroquinolones|Quinolone_resistance_protein_Qnr|QNRB,C,432,A
MEG_5905|Drugs|Fluoroquinolones|Quinolone_resistance_protein_Qnr|QNRB,G,447,T
MEG_5905|Drugs|Fluoroquinolones|Quinolone_resistance_protein_Qnr|QNRB,C,449,G
MEG_5905|Drugs|Fluoroquinolones|Quinolone_resistance_protein_Qnr|QNRB,C,513,G
MEG_5905|Drugs|Fluoroquinolones|Quinolone_resistance_protein_Qnr|QNRB,A,592,T
MEG_5905|Drugs|Fluoroquinolones|Quinolone_resistance_protein_Qnr|QNRB,G,601,C
MEG_8654|Drugs|Fluoroquinolones|Quinolone_resistance_protein_Qnr|QNRB,G,219,T
MEG_8654|Drugs|Fluoroquinolones|Quinolone_resistance_protein_Qnr|QNRB,G,306,C
MEG_8654|Drugs|Fluoroquinolones|Quinolone_resistance_protein_Qnr|QNRB,T,334,G
MEG_6002|Drugs|Fluoroquinolones|Quinolone_resistance_protein_Qnr|QNRB,A,26,T
MEG_6002|Drugs|Fluoroquinolones|Quinolone_resistance_protein_Qnr|QNRB,G,49,A
MEG_6002|Drugs|Fluoroquinolones|Quinolone_resistance_protein_Qnr|QNRB,C,198,G
MEG_6002|Drugs|Fluoroquinolones|Quinolone_resistance_protein_Qnr|QNRB,A,213,C
MEG_6002|Drugs|Fluoroquinolones|Quinolone_resistance_protein_Qnr|QNRB,C,234,G
MEG_6002|Drugs|Fluoroquinolones|Quinolone_resistance_protein_Qnr|QNRB,G,269,T
MEG_6002|Drugs|Fluoroquinolones|Quinolone_resistance_protein_Qnr|QNRB,T,332,C
MEG_6002|Drugs|Fluoroquinolones|Quinolone_resistance_protein_Qnr|QNRB,T,432,G
MEG_6002|Drugs|Fluoroquinolones|Quinolone_resistance_protein_Qnr|QNRB,G,502,T
MEG_6002|Drugs|Fluoroquinolones|Quinolone_resistance_protein_Qnr|QNRB,T,534,A
MEG_5968|Drugs|Fluoroquinolones|Quinolone_resistance_protein_Qnr|QNRB,T,80,A
MEG_5968|Drugs|Fluoroquinolones|Quinolone_resistance_protein_Qnr|QNRB,A,388,G
MEG_9994|Drugs|Fluoroquinolones|Fluoroquinolone-resistant_DNA_topoisomerases|GYRA,A,224,G
MEG_9994|Drugs|Fluoroquinolones|Fluoroquinolone-resistant_DNA_topoisomerases|GYRA,G,361,T
MEG_9994|Drugs|Fluoroquinolones|Fluoroquinolone-resistant_DNA_topoisomerases|GYRA,A,863,C
MEG_9994|Drugs|Fluoroquinolones|Fluoroquinolone-resistant_DNA_topoisomerases|GYRA,T,975,G
MEG_9994|Drugs|Fluoroquinolones|Fluoroquinolone-resistant_DNA_topoisomerases|GYRA,A,1257,T
MEG_9994|Drugs|Fluoroquinolones|Fluoroquinolone-resistant_DNA_topoisomerases|GYRA,C,1434,T
MEG_9994|Drugs|Fluoroquinolones|Fluoroquinolone-resistant_DNA_topoisomerases|GYRA,A,1752,C
MEG_9994|Drugs|Fluoroquinolones|Fluoroquinolone-resistant_DNA_topoisomerases|GYRA,A,1803,T
MEG_9994|Drugs|Fluoroquinolones|Fluoroquinolone-resistant_DNA_topoisomerases|GYRA,T,2010,C
MEG_9994|Drugs|Fluoroquinolones|Fluoroquinolone-resistant_DNA_topoisomerases|GYRA,A,2336,C
MEG_5945|Drugs|Fluoroquinolones|Quinolone_resistance_protein_Qnr|QNRB,G,19,A
MEG_5945|Drugs|Fluoroquinolones|Quinolone_resistance_protein_Qnr|QNRB,C,81,G
MEG_5945|Drugs|Fluoroquinolones|Quinolone_resistance_protein_Qnr|QNRB,A,140,T
MEG_5945|Drugs|Fluoroquinolones|Quinolone_resistance_protein_Qnr|QNRB,T,207,G
MEG_5945|Drugs|Fluoroquinolones|Quinolone_resistance_protein_Qnr|QNRB,C,289,A
MEG_5945|Drugs|Fluoroquinolones|Quinolone_resistance_protein_Qnr|QNRB,A,316,T
MEG_5945|Drugs|Fluoroquinolones|Quinolone_resistance_protein_Qnr|QNRB,C,320,T
MEG_5945|Drugs|Fluoroquinolones|Quinolone_resistance_protein_Qnr|QNRB,G,442,T
MEG_5945|Drugs|Fluoroquinolones|Quinolone_resistance_protein_Qnr|QNRB,T,638,G
MEG_5861|Drugs|Fluoroquinolones|Quinolone_active_efflux|QEPA,G,1408,C
MEG_5861|Drugs|Fluoroquinolones|Quinolone_active_efflux|QEPA,G,1506,A
MEG_5869|Drugs|Fluoroquinolones|Quinolone_resistance_protein_Qnr|QNRA,T,37,C
MEG_5869|Drugs|Fluoroquinolones|Quinolone_resistance_protein_Qnr|QNRA,A,114,G
MEG_5869|Drugs|Fluoroquinolones|Quinolone_resistance_protein_Qnr|QNRA,A,124,G
MEG_5869|Drugs|Fluoroquinolones|Quinolone_resistance_protein_Qnr|QNRA,G,244,A
MEG_5869|Drugs|Fluoroquinolones|Quinolone_resistance_protein_Qnr|QNRA,T,309,A
MEG_5869|Drugs|Fluoroquinolones|Quinolone_resistance_protein_Qnr|QNRA,C,458,T
MEG_5869|Drugs|Fluoroquinolones|Quinolone_resistance_protein_Qnr|QNRA,G,472,C
MEG_5869|Drugs|Fluoroquinolones|Quinolone_resistance_protein_Qnr|QNRA,G,552,C
MEG_6017|Drugs|Fluoroquinolones|Quinolone_resistance_protein_Qnr|QNRS,G,116,C
MEG_6017|Drugs|Fluoroquinolones|Quinolone_resistance_protein_Qnr|QNRS,C,125,A
MEG_6017|Drugs|Fluoroquinolones|Quinolone_resistance_protein_Qnr|QNRS,G,181,C
MEG_6017|Drugs|Fluoroquinolones|Quinolone_resistance_protein_Qnr|QNRS,T,243,G
MEG_6017|Drugs|Fluoroquinolones|Quinolone_resistance_protein_Qnr|QNRS,A,285,C
MEG_6017|Drugs|Fluoroquinolones|Quinolone_resistance_protein_Qnr|QNRS,T,312,C
MEG_6017|Drugs|Fluoroquinolones|Quinolone_resistance_protein_Qnr|QNRS,A,402,T
MEG_6017|Drugs|Fluoroquinolones|Quinolone_resistance_protein_Qnr|QNRS,G,482,C
MEG_6017|Drugs|Fluoroquinolones|Quinolone_resistance_protein_Qnr|QNRS,T,536,C
MEG_6017|Drugs|Fluoroquinolones|Quinolone_resistance_protein_Qnr|QNRS,A,619,T
MEG_5997|Drugs|Fluoroquinolones|Quinolone_resistance_protein_Qnr|QNRB,C,5,A
MEG_5997|Drugs|Fluoroquinolones|Quinolone_resistance_protein_Qnr|QNRB,C,176,A
MEG_5997|Drugs|Fluoroquinolones|Quinolone_resistance_protein_Qnr|QNRB,T,288,A
MEG_5997|Drugs|Fluoroquinolones|Quinolone_resistance_protein_Qnr|QNRB,T,386,C
MEG_5997|Drugs|Fluoroquinolones|Quinolone_resistance_protein_Qnr|QNRB,C,420,G
MEG_5997|Drugs|Fluoroquinolones|Quinolone_resistance_protein_Qnr|QNRB,T,566,G
MEG_5956|Drugs|Fluoroquinolones|Quinolone_resistance_protein_Qnr|QNRB,G,85,T
MEG_5956|Drugs|Fluoroquinolones|Quinolone_resistance_protein_Qnr|QNRB,A,182,T
MEG_5956|Drugs|Fluoroquinolones|Quinolone_resistance_protein_Qnr|QNRB,T,201,A
MEG_5956|Drugs|Fluoroquinolones|Quinolone_resistance_protein_Qnr|QNRB,A,229,C
MEG_5956|Drugs|Fluoroquinolones|Quinolone_resistance_protein_Qnr|QNRB,G,319,T
MEG_5956|Drugs|Fluoroquinolones|Quinolone_resistance_protein_Qnr|QNRB,C,327,A
MEG_5956|Drugs|Fluoroquinolones|Quinolone_resistance_protein_Qnr|QNRB,C,362,T
MEG_5956|Drugs|Fluoroquinolones|Quinolone_resistance_protein_Qnr|QNRB,C,469,A
MEG_5929|Drugs|Fluoroquinolones|Quinolone_resistance_protein_Qnr|QNRB,C,407,A
MEG_5995|Drugs|Fluoroquinolones|Quinolone_resistance_protein_Qnr|QNRB,T,30,G
MEG_5995|Drugs|Fluoroquinolones|Quinolone_resistance_protein_Qnr|QNRB,G,40,T
MEG_5995|Drugs|Fluoroquinolones|Quinolone_resistance_protein_Qnr|QNRB,T,174,C
MEG_5995|Drugs|Fluoroquinolones|Quinolone_resistance_protein_Qnr|QNRB,G,185,T
MEG_5995|Drugs|Fluoroquinolones|Quinolone_resistance_protein_Qnr|QNRB,A,373,T
MEG_5995|Drugs|Fluoroquinolones|Quinolone_resistance_protein_Qnr|QNRB,T,495,A
MEG_5995|Drugs|Fluoroquinolones|Quinolone_resistance_protein_Qnr|QNRB,C,535,G
MEG_5995|Drugs|Fluoroquinolones|Quinolone_resistance_protein_Qnr|QNRB,C,553,G
MEG_5995|Drugs|Fluoroquinolones|Quinolone_resistance_protein_Qnr|QNRB,T,607,G
MEG_5995|Drugs|Fluoroquinolones|Quinolone_resistance_protein_Qnr|QNRB,A,628,T
MEG_8658|Drugs|Fluoroquinolones|Quinolone_resistance_protein_Qnr|QNRVC,T,202,G
MEG_5936|Drugs|Fluoroquinolones|Quinolone_resistance_protein_Qnr|QNRB,A,1,G
MEG_5936|Drugs|Fluoroquinolones|Quinolone_resistance_protein_Qnr|QNRB,T,95,C
MEG_5936|Drugs|Fluoroquinolones|Quinolone_resistance_protein_Qnr|QNRB,G,194,A
MEG_5936|Drugs|Fluoroquinolones|Quinolone_resistance_protein_Qnr|QNRB,T,232,C
MEG_5936|Drugs|Fluoroquinolones|Quinolone_resistance_protein_Qnr|QNRB,T,246,C
MEG_5936|Drugs|Fluoroquinolones|Quinolone_resistance_protein_Qnr|QNRB,T,248,C
MEG_5936|Drugs|Fluoroquinolones|Quinolone_resistance_protein_Qnr|QNRB,A,249,T
MEG_5936|Drugs|Fluoroquinolones|Quinolone_resistance_protein_Qnr|QNRB,A,410,T
MEG_5936|Drugs|Fluoroquinolones|Quinolone_resistance_protein_Qnr|QNRB,G,478,A
MEG_5936|Drugs|Fluoroquinolones|Quinolone_resistance_protein_Qnr|QNRB,G,656,C
MEG_8657|Drugs|Fluoroquinolones|Quinolone_resistance_protein_Qnr|QNRE,C,130,A
MEG_8657|Drugs|Fluoroquinolones|Quinolone_resistance_protein_Qnr|QNRE,C,181,T
MEG_8657|Drugs|Fluoroquinolones|Quinolone_resistance_protein_Qnr|QNRE,C,296,G
MEG_8657|Drugs|Fluoroquinolones|Quinolone_resistance_protein_Qnr|QNRE,T,334,G
MEG_8657|Drugs|Fluoroquinolones|Quinolone_resistance_protein_Qnr|QNRE,C,357,T
MEG_8657|Drugs|Fluoroquinolones|Quinolone_resistance_protein_Qnr|QNRE,A,368,C
MEG_8657|Drugs|Fluoroquinolones|Quinolone_resistance_protein_Qnr|QNRE,G,411,C
MEG_8657|Drugs|Fluoroquinolones|Quinolone_resistance_protein_Qnr|QNRE,G,430,A
MEG_5955|Drugs|Fluoroquinolones|Quinolone_resistance_protein_Qnr|QNRB,A,106,C
MEG_5955|Drugs|Fluoroquinolones|Quinolone_resistance_protein_Qnr|QNRB,C,178,G
MEG_5955|Drugs|Fluoroquinolones|Quinolone_resistance_protein_Qnr|QNRB,G,284,T
MEG_5955|Drugs|Fluoroquinolones|Quinolone_resistance_protein_Qnr|QNRB,G,543,A
MEG_11236|Drugs|Fluoroquinolones|Quinolone_resistance_protein_Qnr|QNRE,C,228,T
MEG_11236|Drugs|Fluoroquinolones|Quinolone_resistance_protein_Qnr|QNRE,G,338,C
MEG_11236|Drugs|Fluoroquinolones|Quinolone_resistance_protein_Qnr|QNRE,A,415,G
MEG_11236|Drugs|Fluoroquinolones|Quinolone_resistance_protein_Qnr|QNRE,C,519,A
MEG_11236|Drugs|Fluoroquinolones|Quinolone_resistance_protein_Qnr|QNRE,G,593,C
MEG_5928|Drugs|Fluoroquinolones|Quinolone_resistance_protein_Qnr|QNRB,T,156,G
MEG_5928|Drugs|Fluoroquinolones|Quinolone_resistance_protein_Qnr|QNRB,G,387,C
MEG_5928|Drugs|Fluoroquinolones|Quinolone_resistance_protein_Qnr|QNRB,T,456,C
MEG_5928|Drugs|Fluoroquinolones|Quinolone_resistance_protein_Qnr|QNRB,A,460,C
MEG_5928|Drugs|Fluoroquinolones|Quinolone_resistance_protein_Qnr|QNRB,C,507,T
MEG_5928|Drugs|Fluoroquinolones|Quinolone_resistance_protein_Qnr|QNRB,T,518,G
MEG_5928|Drugs|Fluoroquinolones|Quinolone_resistance_protein_Qnr|QNRB,G,654,C
MEG_6016|Drugs|Fluoroquinolones|Quinolone_resistance_protein_Qnr|QNRE,G,115,C
MEG_6016|Drugs|Fluoroquinolones|Quinolone_resistance_protein_Qnr|QNRE,T,182,A
MEG_6016|Drugs|Fluoroquinolones|Quinolone_resistance_protein_Qnr|QNRE,C,406,T
MEG_6016|Drugs|Fluoroquinolones|Quinolone_resistance_protein_Qnr|QNRE,T,460,C
MEG_6016|Drugs|Fluoroquinolones|Quinolone_resistance_protein_Qnr|QNRE,G,463,T
MEG_6016|Drugs|Fluoroquinolones|Quinolone_resistance_protein_Qnr|QNRE,A,537,T
MEG_6016|Drugs|Fluoroquinolones|Quinolone_resistance_protein_Qnr|QNRE,T,570,C
MEG_6016|Drugs|Fluoroquinolones|Quinolone_resistance_protein_Qnr|QNRE,G,588,A
MEG_6016|Drugs|Fluoroquinolones|Quinolone_resistance_protein_Qnr|QNRE,G,640,A
MEG_6016|Drugs|Fluoroquinolones|Quinolone_resistance_protein_Qnr|QNRE,A,645,G
MEG_5922|Drugs|Fluoroquinolones|Quinolone_resistance_protein_Qnr|QNRB,A,17,C
MEG_5922|Drugs|Fluoroquinolones|Quinolone_resistance_protein_Qnr|QNRB,T,49,G
MEG_5922|Drugs|Fluoroquinolones|Quinolone_resistance_protein_Qnr|QNRB,G,181,A
MEG_5922|Drugs|Fluoroquinolones|Quinolone_resistance_protein_Qnr|QNRB,A,214,C
MEG_5922|Drugs|Fluoroquinolones|Quinolone_resistance_protein_Qnr|QNRB,A,269,T
MEG_5922|Drugs|Fluoroquinolones|Quinolone_resistance_protein_Qnr|QNRB,A,312,T
MEG_5922|Drugs|Fluoroquinolones|Quinolone_resistance_protein_Qnr|QNRB,C,442,G
MEG_5922|Drugs|Fluoroquinolones|Quinolone_resistance_protein_Qnr|QNRB,G,522,T
MEG_5922|Drugs|Fluoroquinolones|Quinolone_resistance_protein_Qnr|QNRB,A,552,G
MEG_5950|Drugs|Fluoroquinolones|Quinolone_resistance_protein_Qnr|QNRB,G,52,T
MEG_5950|Drugs|Fluoroquinolones|Quinolone_resistance_protein_Qnr|QNRB,C,142,A
MEG_5950|Drugs|Fluoroquinolones|Quinolone_resistance_protein_Qnr|QNRB,A,169,C
MEG_5950|Drugs|Fluoroquinolones|Quinolone_resistance_protein_Qnr|QNRB,T,311,A
MEG_5950|Drugs|Fluoroquinolones|Quinolone_resistance_protein_Qnr|QNRB,G,330,A
MEG_5950|Drugs|Fluoroquinolones|Quinolone_resistance_protein_Qnr|QNRB,T,331,G
MEG_5950|Drugs|Fluoroquinolones|Quinolone_resistance_protein_Qnr|QNRB,C,336,A
MEG_5950|Drugs|Fluoroquinolones|Quinolone_resistance_protein_Qnr|QNRB,T,362,A
MEG_5950|Drugs|Fluoroquinolones|Quinolone_resistance_protein_Qnr|QNRB,C,515,T
MEG_5950|Drugs|Fluoroquinolones|Quinolone_resistance_protein_Qnr|QNRB,G,615,A
MEG_5884|Drugs|Fluoroquinolones|Quinolone_resistance_protein_Qnr|QNRB,A,147,G
MEG_5884|Drugs|Fluoroquinolones|Quinolone_resistance_protein_Qnr|QNRB,G,177,T
MEG_5884|Drugs|Fluoroquinolones|Quinolone_resistance_protein_Qnr|QNRB,C,216,G
MEG_5884|Drugs|Fluoroquinolones|Quinolone_resistance_protein_Qnr|QNRB,T,339,G
MEG_5884|Drugs|Fluoroquinolones|Quinolone_resistance_protein_Qnr|QNRB,T,391,A
MEG_5888|Drugs|Fluoroquinolones|Quinolone_resistance_protein_Qnr|QNRB,C,40,G
MEG_5888|Drugs|Fluoroquinolones|Quinolone_resistance_protein_Qnr|QNRB,C,294,T
MEG_5888|Drugs|Fluoroquinolones|Quinolone_resistance_protein_Qnr|QNRB,T,520,C
MEG_5888|Drugs|Fluoroquinolones|Quinolone_resistance_protein_Qnr|QNRB,T,595,A
MEG_5891|Drugs|Fluoroquinolones|Quinolone_resistance_protein_Qnr|QNRB,G,83,T
MEG_5891|Drugs|Fluoroquinolones|Quinolone_resistance_protein_Qnr|QNRB,T,129,A
MEG_5891|Drugs|Fluoroquinolones|Quinolone_resistance_protein_Qnr|QNRB,C,259,G
MEG_5891|Drugs|Fluoroquinolones|Quinolone_resistance_protein_Qnr|QNRB,G,266,A
MEG_5891|Drugs|Fluoroquinolones|Quinolone_resistance_protein_Qnr|QNRB,A,373,C
MEG_5891|Drugs|Fluoroquinolones|Quinolone_resistance_protein_Qnr|QNRB,G,403,A
MEG_5891|Drugs|Fluoroquinolones|Quinolone_resistance_protein_Qnr|QNRB,A,434,T
MEG_5891|Drugs|Fluoroquinolones|Quinolone_resistance_protein_Qnr|QNRB,G,486,T
MEG_6028|Drugs|Fluoroquinolones|Quinolone_resistance_protein_Qnr|QNRS,C,16,A
MEG_6028|Drugs|Fluoroquinolones|Quinolone_resistance_protein_Qnr|QNRS,G,166,A
MEG_6028|Drugs|Fluoroquinolones|Quinolone_resistance_protein_Qnr|QNRS,A,232,T
MEG_6028|Drugs|Fluoroquinolones|Quinolone_resistance_protein_Qnr|QNRS,A,439,G
MEG_6028|Drugs|Fluoroquinolones|Quinolone_resistance_protein_Qnr|QNRS,G,529,T
MEG_9964|Drugs|Fluoroquinolones|Quinolone_resistance_protein_Qnr|QNRS,G,89,C
MEG_9964|Drugs|Fluoroquinolones|Quinolone_resistance_protein_Qnr|QNRS,T,490,G
MEG_5918|Drugs|Fluoroquinolones|Quinolone_resistance_protein_Qnr|QNRB,C,99,T
MEG_5918|Drugs|Fluoroquinolones|Quinolone_resistance_protein_Qnr|QNRB,T,542,A
MEG_5918|Drugs|Fluoroquinolones|Quinolone_resistance_protein_Qnr|QNRB,A,599,G
MEG_5918|Drugs|Fluoroquinolones|Quinolone_resistance_protein_Qnr|QNRB,T,604,A
MEG_5971|Drugs|Fluoroquinolones|Quinolone_resistance_protein_Qnr|QNRB,G,3,A
MEG_5971|Drugs|Fluoroquinolones|Quinolone_resistance_protein_Qnr|QNRB,G,52,C
MEG_5971|Drugs|Fluoroquinolones|Quinolone_resistance_protein_Qnr|QNRB,C,81,A
MEG_5971|Drugs|Fluoroquinolones|Quinolone_resistance_protein_Qnr|QNRB,T,180,A
MEG_5971|Drugs|Fluoroquinolones|Quinolone_resistance_protein_Qnr|QNRB,T,218,C
MEG_5971|Drugs|Fluoroquinolones|Quinolone_resistance_protein_Qnr|QNRB,A,382,T
MEG_5971|Drugs|Fluoroquinolones|Quinolone_resistance_protein_Qnr|QNRB,A,420,G
MEG_5971|Drugs|Fluoroquinolones|Quinolone_resistance_protein_Qnr|QNRB,T,425,C
MEG_5971|Drugs|Fluoroquinolones|Quinolone_resistance_protein_Qnr|QNRB,A,635,T
MEG_5971|Drugs|Fluoroquinolones|Quinolone_resistance_protein_Qnr|QNRB,G,669,C
MEG_5901|Drugs|Fluoroquinolones|Quinolone_resistance_protein_Qnr|QNRB,T,96,A
MEG_5901|Drugs|Fluoroquinolones|Quinolone_resistance_protein_Qnr|QNRB,G,161,A
MEG_5901|Drugs|Fluoroquinolones|Quinolone_resistance_protein_Qnr|QNRB,G,241,A
MEG_5901|Drugs|Fluoroquinolones|Quinolone_resistance_protein_Qnr|QNRB,T,400,G
MEG_5901|Drugs|Fluoroquinolones|Quinolone_resistance_protein_Qnr|QNRB,G,403,T
MEG_5901|Drugs|Fluoroquinolones|Quinolone_resistance_protein_Qnr|QNRB,G,445,C
MEG_5901|Drugs|Fluoroquinolones|Quinolone_resistance_protein_Qnr|QNRB,A,575,G
MEG_5901|Drugs|Fluoroquinolones|Quinolone_resistance_protein_Qnr|QNRB,A,576,G
MEG_5892|Drugs|Fluoroquinolones|Quinolone_resistance_protein_Qnr|QNRB,C,99,A
MEG_11230|Drugs|Fluoroquinolones|Quinolone_resistance_protein_Qnr|QNRA,A,16,T
MEG_11230|Drugs|Fluoroquinolones|Quinolone_resistance_protein_Qnr|QNRA,C,103,A
MEG_11230|Drugs|Fluoroquinolones|Quinolone_resistance_protein_Qnr|QNRA,C,156,G
MEG_11230|Drugs|Fluoroquinolones|Quinolone_resistance_protein_Qnr|QNRA,G,192,C
MEG_11230|Drugs|Fluoroquinolones|Quinolone_resistance_protein_Qnr|QNRA,T,274,A
MEG_11230|Drugs|Fluoroquinolones|Quinolone_resistance_protein_Qnr|QNRA,G,277,C
MEG_11230|Drugs|Fluoroquinolones|Quinolone_resistance_protein_Qnr|QNRA,T,531,A
MEG_5975|Drugs|Fluoroquinolones|Quinolone_resistance_protein_Qnr|QNRB,C,5,T
MEG_5975|Drugs|Fluoroquinolones|Quinolone_resistance_protein_Qnr|QNRB,A,404,G
MEG_5873|Drugs|Fluoroquinolones|Quinolone_resistance_protein_Qnr|QNRA,T,204,C
MEG_5873|Drugs|Fluoroquinolones|Quinolone_resistance_protein_Qnr|QNRA,T,401,C
MEG_5873|Drugs|Fluoroquinolones|Quinolone_resistance_protein_Qnr|QNRA,G,451,C
MEG_5873|Drugs|Fluoroquinolones|Quinolone_resistance_protein_Qnr|QNRA,C,477,G
MEG_5873|Drugs|Fluoroquinolones|Quinolone_resistance_protein_Qnr|QNRA,C,481,G
MEG_5934|Drugs|Fluoroquinolones|Quinolone_resistance_protein_Qnr|QNRB,A,20,G
MEG_5934|Drugs|Fluoroquinolones|Quinolone_resistance_protein_Qnr|QNRB,A,82,T
MEG_5934|Drugs|Fluoroquinolones|Quinolone_resistance_protein_Qnr|QNRB,A,199,G
MEG_5934|Drugs|Fluoroquinolones|Quinolone_resistance_protein_Qnr|QNRB,G,209,A
MEG_5934|Drugs|Fluoroquinolones|Quinolone_resistance_protein_Qnr|QNRB,T,215,A
MEG_5934|Drugs|Fluoroquinolones|Quinolone_resistance_protein_Qnr|QNRB,C,489,G
MEG_5934|Drugs|Fluoroquinolones|Quinolone_resistance_protein_Qnr|QNRB,G,512,C
MEG_5953|Drugs|Fluoroquinolones|Quinolone_resistance_protein_Qnr|QNRB,T,473,C
MEG_5953|Drugs|Fluoroquinolones|Quinolone_resistance_protein_Qnr|QNRB,G,512,C
MEG_5953|Drugs|Fluoroquinolones|Quinolone_resistance_protein_Qnr|QNRB,G,645,A
MEG_5994|Drugs|Fluoroquinolones|Quinolone_resistance_protein_Qnr|QNRB,C,123,T
MEG_5994|Drugs|Fluoroquinolones|Quinolone_resistance_protein_Qnr|QNRB,G,278,A
MEG_5994|Drugs|Fluoroquinolones|Quinolone_resistance_protein_Qnr|QNRB,A,319,G
MEG_5994|Drugs|Fluoroquinolones|Quinolone_resistance_protein_Qnr|QNRB,A,346,C
MEG_5994|Drugs|Fluoroquinolones|Quinolone_resistance_protein_Qnr|QNRB,G,403,T
MEG_5994|Drugs|Fluoroquinolones|Quinolone_resistance_protein_Qnr|QNRB,G,405,C
MEG_5994|Drugs|Fluoroquinolones|Quinolone_resistance_protein_Qnr|QNRB,C,466,T
MEG_5994|Drugs|Fluoroquinolones|Quinolone_resistance_protein_Qnr|QNRB,G,561,A
MEG_6034|Drugs|Fluoroquinolones|Quinolone_resistance_protein_Qnr|QNRVC,T,65,C
MEG_6034|Drugs|Fluoroquinolones|Quinolone_resistance_protein_Qnr|QNRVC,G,240,C
MEG_6034|Drugs|Fluoroquinolones|Quinolone_resistance_protein_Qnr|QNRVC,G,304,T
MEG_6034|Drugs|Fluoroquinolones|Quinolone_resistance_protein_Qnr|QNRVC,T,325,G
MEG_6034|Drugs|Fluoroquinolones|Quinolone_resistance_protein_Qnr|QNRVC,T,352,C
MEG_6034|Drugs|Fluoroquinolones|Quinolone_resistance_protein_Qnr|QNRVC,T,469,C
MEG_6034|Drugs|Fluoroquinolones|Quinolone_resistance_protein_Qnr|QNRVC,T,620,A
MEG_5957|Drugs|Fluoroquinolones|Quinolone_resistance_protein_Qnr|QNRB,A,101,G
MEG_5957|Drugs|Fluoroquinolones|Quinolone_resistance_protein_Qnr|QNRB,C,358,A
MEG_5957|Drugs|Fluoroquinolones|Quinolone_resistance_protein_Qnr|QNRB,A,620,G
MEG_6026|Drugs|Fluoroquinolones|Quinolone_resistance_protein_Qnr|QNRS,T,76,A
MEG_6026|Drugs|Fluoroquinolones|Quinolone_resistance_protein_Qnr|QNRS,A,102,C
MEG_6026|Drugs|Fluoroquinolones|Quinolone_resistance_protein_Qnr|QNRS,A,126,C
MEG_6026|Drugs|Fluoroquinolones|Quinolone_resistance_protein_Qnr|QNRS,C,555,G
MEG_6026|Drugs|Fluoroquinolones|Quinolone_resistance_protein_Qnr|QNRS,G,562,A
MEG_6026|Drugs|Fluoroquinolones|Quinolone_resistance_protein_Qnr|QNRS,A,600,G
MEG_11254|Drugs|Trimethoprim|Dihydrofolate_reductase|DFRB,G,14,T
MEG_11254|Drugs|Trimethoprim|Dihydrofolate_reductase|DFRB,A,17,T
MEG_11254|Drugs|Trimethoprim|Dihydrofolate_reductase|DFRB,T,111,G
MEG_11254|Drugs|Trimethoprim|Dihydrofolate_reductase|DFRB,T,149,C
MEG_2546|Drugs|Trimethoprim|Dihydrofolate_reductase|DFRA,T,338,A
MEG_2549|Drugs|Trimethoprim|Dihydrofolate_reductase|DFRA,T,135,C
MEG_2549|Drugs|Trimethoprim|Dihydrofolate_reductase|DFRA,G,293,A
MEG_2500|Drugs|Trimethoprim|Dihydrofolate_reductase|DFRA,A,34,C
MEG_2500|Drugs|Trimethoprim|Dihydrofolate_reductase|DFRA,C,206,T
MEG_2500|Drugs|Trimethoprim|Dihydrofolate_reductase|DFRA,A,217,C
MEG_2500|Drugs|Trimethoprim|Dihydrofolate_reductase|DFRA,C,254,T
MEG_2500|Drugs|Trimethoprim|Dihydrofolate_reductase|DFRA,G,296,A
MEG_2500|Drugs|Trimethoprim|Dihydrofolate_reductase|DFRA,A,422,C
MEG_2513|Drugs|Trimethoprim|Dihydrofolate_reductase|DFRA,A,30,C
MEG_2513|Drugs|Trimethoprim|Dihydrofolate_reductase|DFRA,G,37,C
MEG_2513|Drugs|Trimethoprim|Dihydrofolate_reductase|DFRA,T,48,C
MEG_2513|Drugs|Trimethoprim|Dihydrofolate_reductase|DFRA,T,94,C
MEG_2513|Drugs|Trimethoprim|Dihydrofolate_reductase|DFRA,C,149,G
MEG_2513|Drugs|Trimethoprim|Dihydrofolate_reductase|DFRA,T,152,A
MEG_2513|Drugs|Trimethoprim|Dihydrofolate_reductase|DFRA,T,208,A
MEG_2513|Drugs|Trimethoprim|Dihydrofolate_reductase|DFRA,A,282,G
MEG_2513|Drugs|Trimethoprim|Dihydrofolate_reductase|DFRA,A,284,G
MEG_2508|Drugs|Trimethoprim|Dihydrofolate_reductase|DFRA,A,284,T
MEG_2508|Drugs|Trimethoprim|Dihydrofolate_reductase|DFRA,A,341,G
MEG_2508|Drugs|Trimethoprim|Dihydrofolate_reductase|DFRA,A,455,C
MEG_2485|Drugs|Trimethoprim|Dihydrofolate_reductase|DFRA,G,61,C
MEG_2485|Drugs|Trimethoprim|Dihydrofolate_reductase|DFRA,T,200,C
MEG_2485|Drugs|Trimethoprim|Dihydrofolate_reductase|DFRA,A,290,C
MEG_2494|Drugs|Trimethoprim|Dihydrofolate_reductase|DFRA,A,50,T
MEG_2494|Drugs|Trimethoprim|Dihydrofolate_reductase|DFRA,T,118,G
MEG_2494|Drugs|Trimethoprim|Dihydrofolate_reductase|DFRA,T,198,G
MEG_2494|Drugs|Trimethoprim|Dihydrofolate_reductase|DFRA,T,199,A
MEG_2494|Drugs|Trimethoprim|Dihydrofolate_reductase|DFRA,A,243,C
MEG_2494|Drugs|Trimethoprim|Dihydrofolate_reductase|DFRA,T,382,A
MEG_2494|Drugs|Trimethoprim|Dihydrofolate_reductase|DFRA,A,411,G
MEG_2509|Drugs|Trimethoprim|Dihydrofolate_reductase|DFRA,C,107,T
MEG_2509|Drugs|Trimethoprim|Dihydrofolate_reductase|DFRA,A,240,C
MEG_2509|Drugs|Trimethoprim|Dihydrofolate_reductase|DFRA,T,279,C
MEG_2509|Drugs|Trimethoprim|Dihydrofolate_reductase|DFRA,A,391,C
MEG_2509|Drugs|Trimethoprim|Dihydrofolate_reductase|DFRA,C,453,G
MEG_2509|Drugs|Trimethoprim|Dihydrofolate_reductase|DFRA,A,473,C
MEG_2547|Drugs|Trimethoprim|Dihydrofolate_reductase|DFRA,A,5,G
MEG_2547|Drugs|Trimethoprim|Dihydrofolate_reductase|DFRA,A,473,T
MEG_2550|Drugs|Trimethoprim|Dihydrofolate_reductase|DFRA,T,36,A
MEG_2550|Drugs|Trimethoprim|Dihydrofolate_reductase|DFRA,A,113,C
MEG_2550|Drugs|Trimethoprim|Dihydrofolate_reductase|DFRA,G,196,T
MEG_2550|Drugs|Trimethoprim|Dihydrofolate_reductase|DFRA,T,255,C
MEG_2550|Drugs|Trimethoprim|Dihydrofolate_reductase|DFRA,T,289,A
MEG_2550|Drugs|Trimethoprim|Dihydrofolate_reductase|DFRA,G,314,A
MEG_2550|Drugs|Trimethoprim|Dihydrofolate_reductase|DFRA,G,367,A
MEG_2550|Drugs|Trimethoprim|Dihydrofolate_reductase|DFRA,G,462,C
MEG_2576|Drugs|Trimethoprim|Dihydrofolate_reductase|DFRD,A,171,C
MEG_2576|Drugs|Trimethoprim|Dihydrofolate_reductase|DFRD,G,191,C
MEG_2576|Drugs|Trimethoprim|Dihydrofolate_reductase|DFRD,T,251,C
MEG_2576|Drugs|Trimethoprim|Dihydrofolate_reductase|DFRD,G,302,C
MEG_2576|Drugs|Trimethoprim|Dihydrofolate_reductase|DFRD,T,342,A
MEG_2576|Drugs|Trimethoprim|Dihydrofolate_reductase|DFRD,G,361,C
MEG_2576|Drugs|Trimethoprim|Dihydrofolate_reductase|DFRD,T,446,A
MEG_2576|Drugs|Trimethoprim|Dihydrofolate_reductase|DFRD,T,469,G
MEG_2576|Drugs|Trimethoprim|Dihydrofolate_reductase|DFRD,A,472,C
MEG_2576|Drugs|Trimethoprim|Dihydrofolate_reductase|DFRD,G,508,T
MEG_2561|Drugs|Trimethoprim|Dihydrofolate_reductase|DFRB,G,172,A
MEG_2561|Drugs|Trimethoprim|Dihydrofolate_reductase|DFRB,G,191,C
MEG_2493|Drugs|Trimethoprim|Dihydrofolate_reductase|DFRA,T,249,A
MEG_2493|Drugs|Trimethoprim|Dihydrofolate_reductase|DFRA,G,286,A
MEG_2493|Drugs|Trimethoprim|Dihydrofolate_reductase|DFRA,A,330,T
MEG_2493|Drugs|Trimethoprim|Dihydrofolate_reductase|DFRA,C,340,T
MEG_2493|Drugs|Trimethoprim|Dihydrofolate_reductase|DFRA,G,373,T
MEG_2553|Drugs|Trimethoprim|Dihydrofolate_reductase|DFRA,T,414,G
MEG_2514|Drugs|Trimethoprim|Dihydrofolate_reductase|DFRA,G,31,A
MEG_2514|Drugs|Trimethoprim|Dihydrofolate_reductase|DFRA,C,54,A
MEG_2514|Drugs|Trimethoprim|Dihydrofolate_reductase|DFRA,T,404,C
MEG_2514|Drugs|Trimethoprim|Dihydrofolate_reductase|DFRA,T,416,G
MEG_2514|Drugs|Trimethoprim|Dihydrofolate_reductase|DFRA,A,419,T
MEG_2514|Drugs|Trimethoprim|Dihydrofolate_reductase|DFRA,G,420,A
MEG_2578|Drugs|Trimethoprim|Dihydrofolate_reductase|DFRF,A,46,T
MEG_2578|Drugs|Trimethoprim|Dihydrofolate_reductase|DFRF,G,162,C
MEG_2578|Drugs|Trimethoprim|Dihydrofolate_reductase|DFRF,A,167,T
MEG_2578|Drugs|Trimethoprim|Dihydrofolate_reductase|DFRF,G,268,A
MEG_2578|Drugs|Trimethoprim|Dihydrofolate_reductase|DFRF,A,421,T
MEG_2578|Drugs|Trimethoprim|Dihydrofolate_reductase|DFRF,G,488,A
MEG_2569|Drugs|Trimethoprim|Dihydrofolate_reductase|DFRB,T,18,G
MEG_2569|Drugs|Trimethoprim|Dihydrofolate_reductase|DFRB,C,59,A
MEG_2569|Drugs|Trimethoprim|Dihydrofolate_reductase|DFRB,T,71,G
MEG_2569|Drugs|Trimethoprim|Dihydrofolate_reductase|DFRB,A,95,G
MEG_2569|Drugs|Trimethoprim|Dihydrofolate_reductase|DFRB,A,179,T
MEG_2569|Drugs|Trimethoprim|Dihydrofolate_reductase|DFRB,G,228,T
MEG_2569|Drugs|Trimethoprim|Dihydrofolate_reductase|DFRB,C,234,T
MEG_8061|Drugs|Trimethoprim|Dihydrofolate_reductase|DFRA,G,61,C
MEG_8061|Drugs|Trimethoprim|Dihydrofolate_reductase|DFRA,C,99,G
MEG_8061|Drugs|Trimethoprim|Dihydrofolate_reductase|DFRA,T,264,A
MEG_8061|Drugs|Trimethoprim|Dihydrofolate_reductase|DFRA,T,348,A
MEG_8061|Drugs|Trimethoprim|Dihydrofolate_reductase|DFRA,A,352,G
MEG_8061|Drugs|Trimethoprim|Dihydrofolate_reductase|DFRA,T,362,C
MEG_8061|Drugs|Trimethoprim|Dihydrofolate_reductase|DFRA,G,363,T
MEG_8061|Drugs|Trimethoprim|Dihydrofolate_reductase|DFRA,A,443,T
MEG_2557|Drugs|Trimethoprim|Dihydrofolate_reductase|DFRB,C,24,T
MEG_2557|Drugs|Trimethoprim|Dihydrofolate_reductase|DFRB,C,171,G
MEG_2557|Drugs|Trimethoprim|Dihydrofolate_reductase|DFRB,C,234,G
MEG_8065|Drugs|Trimethoprim|Dihydrofolate_reductase|DFRA,A,53,C
MEG_8065|Drugs|Trimethoprim|Dihydrofolate_reductase|DFRA,G,223,C
MEG_8065|Drugs|Trimethoprim|Dihydrofolate_reductase|DFRA,T,290,G
MEG_8065|Drugs|Trimethoprim|Dihydrofolate_reductase|DFRA,C,371,G
MEG_2522|Drugs|Trimethoprim|Dihydrofolate_reductase|DFRA,T,2,A
MEG_2522|Drugs|Trimethoprim|Dihydrofolate_reductase|DFRA,G,188,A
MEG_2522|Drugs|Trimethoprim|Dihydrofolate_reductase|DFRA,A,489,C
MEG_2541|Drugs|Trimethoprim|Dihydrofolate_reductase|DFRA,A,90,G
MEG_2541|Drugs|Trimethoprim|Dihydrofolate_reductase|DFRA,A,118,G
MEG_2541|Drugs|Trimethoprim|Dihydrofolate_reductase|DFRA,A,122,G
MEG_2541|Drugs|Trimethoprim|Dihydrofolate_reductase|DFRA,A,155,G
MEG_2541|Drugs|Trimethoprim|Dihydrofolate_reductase|DFRA,A,197,G
MEG_2541|Drugs|Trimethoprim|Dihydrofolate_reductase|DFRA,G,289,A
MEG_2541|Drugs|Trimethoprim|Dihydrofolate_reductase|DFRA,A,323,G
MEG_2541|Drugs|Trimethoprim|Dihydrofolate_reductase|DFRA,T,554,C
MEG_2556|Drugs|Trimethoprim|Dihydrofolate_reductase|DFRA,C,110,T
MEG_2556|Drugs|Trimethoprim|Dihydrofolate_reductase|DFRA,A,141,T
MEG_2556|Drugs|Trimethoprim|Dihydrofolate_reductase|DFRA,T,179,G
MEG_2556|Drugs|Trimethoprim|Dihydrofolate_reductase|DFRA,T,237,C
MEG_2556|Drugs|Trimethoprim|Dihydrofolate_reductase|DFRA,T,372,C
MEG_2556|Drugs|Trimethoprim|Dihydrofolate_reductase|DFRA,T,483,A
MEG_2517|Drugs|Trimethoprim|Dihydrofolate_reductase|DFRA,A,4,G
MEG_2517|Drugs|Trimethoprim|Dihydrofolate_reductase|DFRA,C,91,T
MEG_2517|Drugs|Trimethoprim|Dihydrofolate_reductase|DFRA,C,149,G
MEG_2517|Drugs|Trimethoprim|Dihydrofolate_reductase|DFRA,C,354,T
MEG_2531|Drugs|Trimethoprim|Dihydrofolate_reductase|DFRA,G,3,A
MEG_2531|Drugs|Trimethoprim|Dihydrofolate_reductase|DFRA,A,32,G
MEG_2531|Drugs|Trimethoprim|Dihydrofolate_reductase|DFRA,G,37,T
MEG_2531|Drugs|Trimethoprim|Dihydrofolate_reductase|DFRA,T,105,C
MEG_2531|Drugs|Trimethoprim|Dihydrofolate_reductase|DFRA,T,114,A
MEG_2531|Drugs|Trimethoprim|Dihydrofolate_reductase|DFRA,A,136,T
MEG_2531|Drugs|Trimethoprim|Dihydrofolate_reductase|DFRA,T,144,A
MEG_2531|Drugs|Trimethoprim|Dihydrofolate_reductase|DFRA,T,246,C
MEG_2531|Drugs|Trimethoprim|Dihydrofolate_reductase|DFRA,A,278,C
MEG_2531|Drugs|Trimethoprim|Dihydrofolate_reductase|DFRA,T,321,A
MEG_2533|Drugs|Trimethoprim|Dihydrofolate_reductase|DFRA,C,71,A
MEG_2533|Drugs|Trimethoprim|Dihydrofolate_reductase|DFRA,G,296,C
MEG_2521|Drugs|Trimethoprim|Dihydrofolate_reductase|DFRA,T,29,G
MEG_2521|Drugs|Trimethoprim|Dihydrofolate_reductase|DFRA,G,232,C
MEG_2521|Drugs|Trimethoprim|Dihydrofolate_reductase|DFRA,T,363,C
MEG_2521|Drugs|Trimethoprim|Dihydrofolate_reductase|DFRA,C,416,T
MEG_2534|Drugs|Trimethoprim|Dihydrofolate_reductase|DFRA,T,246,G
MEG_2534|Drugs|Trimethoprim|Dihydrofolate_reductase|DFRA,G,423,T
MEG_8067|Drugs|Trimethoprim|Dihydrofolate_reductase|DFRA,T,141,G
MEG_8067|Drugs|Trimethoprim|Dihydrofolate_reductase|DFRA,C,285,A
MEG_9968|Drugs|Trimethoprim|Dihydrofolate_reductase|DFRB,G,26,A
MEG_9968|Drugs|Trimethoprim|Dihydrofolate_reductase|DFRB,T,112,A
MEG_9968|Drugs|Trimethoprim|Dihydrofolate_reductase|DFRB,T,183,G
MEG_2498|Drugs|Trimethoprim|Dihydrofolate_reductase|DFRA,G,223,A
MEG_2498|Drugs|Trimethoprim|Dihydrofolate_reductase|DFRA,G,449,C
MEG_9969|Drugs|Trimethoprim|Dihydrofolate_reductase|DFRB,G,118,A
MEG_9969|Drugs|Trimethoprim|Dihydrofolate_reductase|DFRB,G,119,C
MEG_9969|Drugs|Trimethoprim|Dihydrofolate_reductase|DFRB,G,134,A
MEG_9969|Drugs|Trimethoprim|Dihydrofolate_reductase|DFRB,C,192,G
MEG_9969|Drugs|Trimethoprim|Dihydrofolate_reductase|DFRB,G,196,T
MEG_9969|Drugs|Trimethoprim|Dihydrofolate_reductase|DFRB,C,215,A
MEG_2574|Drugs|Trimethoprim|Dihydrofolate_reductase|DFRD,A,108,C
MEG_2574|Drugs|Trimethoprim|Dihydrofolate_reductase|DFRD,A,355,T
MEG_2574|Drugs|Trimethoprim|Dihydrofolate_reductase|DFRD,G,382,A
MEG_2512|Drugs|Trimethoprim|Dihydrofolate_reductase|DFRA,A,173,C
MEG_2512|Drugs|Trimethoprim|Dihydrofolate_reductase|DFRA,A,217,C
MEG_2512|Drugs|Trimethoprim|Dihydrofolate_reductase|DFRA,A,374,T
MEG_2512|Drugs|Trimethoprim|Dihydrofolate_reductase|DFRA,C,395,T
MEG_2501|Drugs|Trimethoprim|Dihydrofolate_reductase|DFRA,A,139,T
MEG_2501|Drugs|Trimethoprim|Dihydrofolate_reductase|DFRA,T,378,A
MEG_2501|Drugs|Trimethoprim|Dihydrofolate_reductase|DFRA,G,398,T
MEG_11305|Drugs|Trimethoprim|Dihydrofolate_reductase|DFRA,C,69,A
MEG_11305|Drugs|Trimethoprim|Dihydrofolate_reductase|DFRA,A,141,T
MEG_11305|Drugs|Trimethoprim|Dihydrofolate_reductase|DFRA,G,196,T
MEG_11305|Drugs|Trimethoprim|Dihydrofolate_reductase|DFRA,A,251,C
MEG_11305|Drugs|Trimethoprim|Dihydrofolate_reductase|DFRA,T,260,A
MEG_11305|Drugs|Trimethoprim|Dihydrofolate_reductase|DFRA,C,280,A
MEG_11305|Drugs|Trimethoprim|Dihydrofolate_reductase|DFRA,A,356,C
MEG_11305|Drugs|Trimethoprim|Dihydrofolate_reductase|DFRA,T,461,C
MEG_2504|Drugs|Trimethoprim|Dihydrofolate_reductase|DFRA,A,215,G
MEG_2504|Drugs|Trimethoprim|Dihydrofolate_reductase|DFRA,T,276,C
MEG_2504|Drugs|Trimethoprim|Dihydrofolate_reductase|DFRA,A,372,T
MEG_2504|Drugs|Trimethoprim|Dihydrofolate_reductase|DFRA,C,385,A
MEG_8064|Drugs|Trimethoprim|Dihydrofolate_reductase|DFRA,T,17,C
MEG_8064|Drugs|Trimethoprim|Dihydrofolate_reductase|DFRA,T,23,C
MEG_8064|Drugs|Trimethoprim|Dihydrofolate_reductase|DFRA,A,81,T
MEG_8064|Drugs|Trimethoprim|Dihydrofolate_reductase|DFRA,T,220,A
MEG_8064|Drugs|Trimethoprim|Dihydrofolate_reductase|DFRA,G,232,T
MEG_8064|Drugs|Trimethoprim|Dihydrofolate_reductase|DFRA,A,289,C
MEG_8064|Drugs|Trimethoprim|Dihydrofolate_reductase|DFRA,G,343,T
MEG_2527|Drugs|Trimethoprim|Dihydrofolate_reductase|DFRA,A,4,G
MEG_2527|Drugs|Trimethoprim|Dihydrofolate_reductase|DFRA,C,140,G
MEG_2527|Drugs|Trimethoprim|Dihydrofolate_reductase|DFRA,A,166,G
MEG_2527|Drugs|Trimethoprim|Dihydrofolate_reductase|DFRA,A,187,G
MEG_2527|Drugs|Trimethoprim|Dihydrofolate_reductase|DFRA,G,300,C
MEG_2527|Drugs|Trimethoprim|Dihydrofolate_reductase|DFRA,G,322,C
MEG_2527|Drugs|Trimethoprim|Dihydrofolate_reductase|DFRA,C,360,A
MEG_2527|Drugs|Trimethoprim|Dihydrofolate_reductase|DFRA,A,390,G
MEG_2527|Drugs|Trimethoprim|Dihydrofolate_reductase|DFRA,A,418,G
MEG_2527|Drugs|Trimethoprim|Dihydrofolate_reductase|DFRA,A,456,G
MEG_2714|Biocides|Quaternary_Ammonium_Compounds_(QACs)_resistance|QAC_efflux_pump|EMEA,G,721,C
MEG_3084|Biocides|Quaternary_Ammonium_Compounds_(QACs)_resistance|QAC-resistant_protein_UDP_glucose_4_epimerase|GALE,A,1,G
MEG_3084|Biocides|Quaternary_Ammonium_Compounds_(QACs)_resistance|QAC-resistant_protein_UDP_glucose_4_epimerase|GALE,T,11,G
MEG_3084|Biocides|Quaternary_Ammonium_Compounds_(QACs)_resistance|QAC-resistant_protein_UDP_glucose_4_epimerase|GALE,T,134,G
MEG_3084|Biocides|Quaternary_Ammonium_Compounds_(QACs)_resistance|QAC-resistant_protein_UDP_glucose_4_epimerase|GALE,A,249,G
MEG_3084|Biocides|Quaternary_Ammonium_Compounds_(QACs)_resistance|QAC-resistant_protein_UDP_glucose_4_epimerase|GALE,G,361,T
MEG_3084|Biocides|Quaternary_Ammonium_Compounds_(QACs)_resistance|QAC-resistant_protein_UDP_glucose_4_epimerase|GALE,A,759,C
MEG_3084|Biocides|Quaternary_Ammonium_Compounds_(QACs)_resistance|QAC-resistant_protein_UDP_glucose_4_epimerase|GALE,G,850,T
MEG_3084|Biocides|Quaternary_Ammonium_Compounds_(QACs)_resistance|QAC-resistant_protein_UDP_glucose_4_epimerase|GALE,T,976,A
MEG_3084|Biocides|Quaternary_Ammonium_Compounds_(QACs)_resistance|QAC-resistant_protein_UDP_glucose_4_epimerase|GALE,A,980,T
MEG_2874|Biocides|Phenolic_compound_resistance|Phenolic_resistance_protein|FABI,A,174,T
MEG_2874|Biocides|Phenolic_compound_resistance|Phenolic_resistance_protein|FABI,A,272,T
MEG_2874|Biocides|Phenolic_compound_resistance|Phenolic_resistance_protein|FABI,A,302,G
MEG_2874|Biocides|Phenolic_compound_resistance|Phenolic_resistance_protein|FABI,C,538,G
MEG_2875|Biocides|Phenolic_compound_resistance|Phenolic_resistance_protein|FABI,C,44,A
MEG_2875|Biocides|Phenolic_compound_resistance|Phenolic_resistance_protein|FABI,C,126,T
MEG_2875|Biocides|Phenolic_compound_resistance|Phenolic_resistance_protein|FABI,T,212,C
MEG_2875|Biocides|Phenolic_compound_resistance|Phenolic_resistance_protein|FABI,T,221,G
MEG_2875|Biocides|Phenolic_compound_resistance|Phenolic_resistance_protein|FABI,C,326,G
MEG_2875|Biocides|Phenolic_compound_resistance|Phenolic_resistance_protein|FABI,T,473,A
MEG_2875|Biocides|Phenolic_compound_resistance|Phenolic_resistance_protein|FABI,A,646,T
MEG_2875|Biocides|Phenolic_compound_resistance|Phenolic_resistance_protein|FABI,G,685,T
MEG_2875|Biocides|Phenolic_compound_resistance|Phenolic_resistance_protein|FABI,C,701,A
MEG_2875|Biocides|Phenolic_compound_resistance|Phenolic_resistance_protein|FABI,G,730,C
MEG_2876|Biocides|Phenolic_compound_resistance|Phenolic_resistance_protein|FABK,G,30,T
MEG_2876|Biocides|Phenolic_compound_resistance|Phenolic_resistance_protein|FABK,T,162,A
MEG_2876|Biocides|Phenolic_compound_resistance|Phenolic_resistance_protein|FABK,C,326,T
MEG_2876|Biocides|Phenolic_compound_resistance|Phenolic_resistance_protein|FABK,A,403,C
MEG_2876|Biocides|Phenolic_compound_resistance|Phenolic_resistance_protein|FABK,T,492,G
MEG_2876|Biocides|Phenolic_compound_resistance|Phenolic_resistance_protein|FABK,C,565,G
MEG_2876|Biocides|Phenolic_compound_resistance|Phenolic_resistance_protein|FABK,A,663,T
MEG_2876|Biocides|Phenolic_compound_resistance|Phenolic_resistance_protein|FABK,T,905,A
MEG_2877|Biocides|Phenolic_compound_resistance|Phenolic_resistance_protein|FABL,A,555,G
MEG_2878|Biocides|Phenolic_compound_resistance|Phenolic_resistance_protein|FABV,G,48,C
MEG_2878|Biocides|Phenolic_compound_resistance|Phenolic_resistance_protein|FABV,T,152,G
MEG_2878|Biocides|Phenolic_compound_resistance|Phenolic_resistance_protein|FABV,C,194,A
MEG_2878|Biocides|Phenolic_compound_resistance|Phenolic_resistance_protein|FABV,G,246,T
MEG_2878|Biocides|Phenolic_compound_resistance|Phenolic_resistance_protein|FABV,T,304,G
MEG_2878|Biocides|Phenolic_compound_resistance|Phenolic_resistance_protein|FABV,C,309,T
MEG_2879|Biocides|Phenolic_compound_resistance|Phenolic_resistance_protein|FABV,T,2,C
MEG_2879|Biocides|Phenolic_compound_resistance|Phenolic_resistance_protein|FABV,G,58,A
MEG_2879|Biocides|Phenolic_compound_resistance|Phenolic_resistance_protein|FABV,A,101,T
MEG_2879|Biocides|Phenolic_compound_resistance|Phenolic_resistance_protein|FABV,A,102,C
MEG_2879|Biocides|Phenolic_compound_resistance|Phenolic_resistance_protein|FABV,T,204,C
MEG_2879|Biocides|Phenolic_compound_resistance|Phenolic_resistance_protein|FABV,G,205,A
MEG_2879|Biocides|Phenolic_compound_resistance|Phenolic_resistance_protein|FABV,C,269,A
MEG_7271|Biocides|Phenolic_compound_resistance|Phenolic_RND_efflux_pump|TRIA,G,325,T
MEG_7271|Biocides|Phenolic_compound_resistance|Phenolic_RND_efflux_pump|TRIA,T,755,G
MEG_7271|Biocides|Phenolic_compound_resistance|Phenolic_RND_efflux_pump|TRIA,C,771,G
MEG_7271|Biocides|Phenolic_compound_resistance|Phenolic_RND_efflux_pump|TRIA,C,1005,T
MEG_7271|Biocides|Phenolic_compound_resistance|Phenolic_RND_efflux_pump|TRIA,G,1048,A
MEG_7272|Biocides|Phenolic_compound_resistance|Phenolic_RND_efflux_pump|TRIAP,G,61,C
MEG_7272|Biocides|Phenolic_compound_resistance|Phenolic_RND_efflux_pump|TRIAP,T,87,C
MEG_7272|Biocides|Phenolic_compound_resistance|Phenolic_RND_efflux_pump|TRIAP,A,399,C
MEG_7272|Biocides|Phenolic_compound_resistance|Phenolic_RND_efflux_pump|TRIAP,C,437,G
MEG_7273|Biocides|Phenolic_compound_resistance|Phenolic_RND_efflux_pump|TRIB,T,797,C
MEG_7274|Biocides|Phenolic_compound_resistance|Phenolic_RND_efflux_pump|TRIBP,T,44,G
MEG_7274|Biocides|Phenolic_compound_resistance|Phenolic_RND_efflux_pump|TRIBP,T,111,G
MEG_7274|Biocides|Phenolic_compound_resistance|Phenolic_RND_efflux_pump|TRIBP,A,157,T
MEG_7275|Biocides|Phenolic_compound_resistance|Phenolic_RND_efflux_pump|TRIC,T,191,A
MEG_7275|Biocides|Phenolic_compound_resistance|Phenolic_RND_efflux_pump|TRIC,C,2097,T
MEG_7275|Biocides|Phenolic_compound_resistance|Phenolic_RND_efflux_pump|TRIC,C,2274,G
MEG_7275|Biocides|Phenolic_compound_resistance|Phenolic_RND_efflux_pump|TRIC,C,2668,A
MEG_7275|Biocides|Phenolic_compound_resistance|Phenolic_RND_efflux_pump|TRIC,C,2888,T
MEG_7276|Biocides|Phenolic_compound_resistance|Phenolic_RND_efflux_pump|TRICP,A,340,G
MEG_7276|Biocides|Phenolic_compound_resistance|Phenolic_RND_efflux_pump|TRICP,T,528,A
MEG_7276|Biocides|Phenolic_compound_resistance|Phenolic_RND_efflux_pump|TRICP,C,757,G
MEG_7276|Biocides|Phenolic_compound_resistance|Phenolic_RND_efflux_pump|TRICP,G,1137,T
MEG_7276|Biocides|Phenolic_compound_resistance|Phenolic_RND_efflux_pump|TRICP,C,1370,T
MEG_7276|Biocides|Phenolic_compound_resistance|Phenolic_RND_efflux_pump|TRICP,A,1688,G
MEG_7276|Biocides|Phenolic_compound_resistance|Phenolic_RND_efflux_pump|TRICP,G,2717,C
MEG_9974|Biocides|Phenolic_compound_resistance|Triclosan-resistant_mutation|FABG,G,90,C
MEG_11443|Biocides|Phenolic_compound_resistance|Triclosan-resistant_mutation|FABG,C,56,G
MEG_11443|Biocides|Phenolic_compound_resistance|Triclosan-resistant_mutation|FABG,A,154,C
MEG_11443|Biocides|Phenolic_compound_resistance|Triclosan-resistant_mutation|FABG,G,502,C
MEG_11443|Biocides|Phenolic_compound_resistance|Triclosan-resistant_mutation|FABG,C,748,G
MEG_2880|Drugs|Elfamycins|Elfamycin_efflux_pumps|FACT,C,280,A
MEG_2880|Drugs|Elfamycins|Elfamycin_efflux_pumps|FACT,C,545,G
MEG_2880|Drugs|Elfamycins|Elfamycin_efflux_pumps|FACT,G,1661,C
MEG_3066|Drugs|Fusidic_acid|Ribosomal_zinc-binding_protein|FUSB,G,115,C
MEG_3066|Drugs|Fusidic_acid|Ribosomal_zinc-binding_protein|FUSB,T,132,C
MEG_3066|Drugs|Fusidic_acid|Ribosomal_zinc-binding_protein|FUSB,C,405,T
MEG_3066|Drugs|Fusidic_acid|Ribosomal_zinc-binding_protein|FUSB,T,640,C
MEG_3067|Drugs|Fusidic_acid|Ribosomal_zinc-binding_protein|FUSB,A,29,C
MEG_3067|Drugs|Fusidic_acid|Ribosomal_zinc-binding_protein|FUSB,T,216,G
MEG_3067|Drugs|Fusidic_acid|Ribosomal_zinc-binding_protein|FUSB,A,636,T
MEG_3068|Drugs|Fusidic_acid|Ribosomal_zinc-binding_protein|FUSC,A,368,C
MEG_3068|Drugs|Fusidic_acid|Ribosomal_zinc-binding_protein|FUSC,T,387,A
MEG_3068|Drugs|Fusidic_acid|Ribosomal_zinc-binding_protein|FUSC,A,521,C
MEG_3068|Drugs|Fusidic_acid|Ribosomal_zinc-binding_protein|FUSC,C,536,T
MEG_3068|Drugs|Fusidic_acid|Ribosomal_zinc-binding_protein|FUSC,G,550,C
MEG_3068|Drugs|Fusidic_acid|Ribosomal_zinc-binding_protein|FUSC,T,560,A
MEG_3068|Drugs|Fusidic_acid|Ribosomal_zinc-binding_protein|FUSC,C,570,A
MEG_3069|Drugs|Fusidic_acid|Ribosomal_zinc-binding_protein|FUSD,A,23,G
MEG_3069|Drugs|Fusidic_acid|Ribosomal_zinc-binding_protein|FUSD,C,170,A
MEG_3069|Drugs|Fusidic_acid|Ribosomal_zinc-binding_protein|FUSD,A,432,T
MEG_3070|Drugs|Fusidic_acid|Ribosomal_zinc-binding_protein|FUSD,A,110,C
MEG_3070|Drugs|Fusidic_acid|Ribosomal_zinc-binding_protein|FUSD,A,190,C
MEG_3070|Drugs|Fusidic_acid|Ribosomal_zinc-binding_protein|FUSD,G,479,A
MEG_3072|Drugs|Fusidic_acid|Fusidic_acid_esterases|FUSF,A,417,T
MEG_3072|Drugs|Fusidic_acid|Fusidic_acid_esterases|FUSF,T,501,C
MEG_3072|Drugs|Fusidic_acid|Fusidic_acid_esterases|FUSF,A,550,C
MEG_3073|Drugs|Fusidic_acid|Fusidic_acid_esterases|FUSF,A,634,G
MEG_3074|Drugs|Fusidic_acid|Fusidic_acid_esterases|FUSH,T,794,A
MEG_3074|Drugs|Fusidic_acid|Fusidic_acid_esterases|FUSH,G,1208,C
MEG_3167|Metals|Gold_resistance|Gold_resistance_regulator|GOLS,C,231,A
MEG_3167|Metals|Gold_resistance|Gold_resistance_regulator|GOLS,T,272,A
MEG_3167|Metals|Gold_resistance|Gold_resistance_regulator|GOLS,G,321,A
MEG_3167|Metals|Gold_resistance|Gold_resistance_regulator|GOLS,C,370,T
MEG_3167|Metals|Gold_resistance|Gold_resistance_regulator|GOLS,G,426,C
MEG_3272|Metals|Nickel_resistance|Nickel_resistance_protein|HOXN,T,77,C
MEG_3272|Metals|Nickel_resistance|Nickel_resistance_protein|HOXN,G,182,T
MEG_3272|Metals|Nickel_resistance|Nickel_resistance_protein|HOXN,C,186,T
MEG_3272|Metals|Nickel_resistance|Nickel_resistance_protein|HOXN,T,224,A
MEG_3272|Metals|Nickel_resistance|Nickel_resistance_protein|HOXN,C,288,G
MEG_3272|Metals|Nickel_resistance|Nickel_resistance_protein|HOXN,A,347,T
MEG_3272|Metals|Nickel_resistance|Nickel_resistance_protein|HOXN,T,617,A
MEG_3272|Metals|Nickel_resistance|Nickel_resistance_protein|HOXN,C,632,T
MEG_3272|Metals|Nickel_resistance|Nickel_resistance_protein|HOXN,T,683,G
MEG_3272|Metals|Nickel_resistance|Nickel_resistance_protein|HOXN,T,950,A
MEG_3283|Metals|Nickel_resistance|Nickel_resistance_protein|HUPE,C,419,T
MEG_3284|Metals|Nickel_resistance|Nickel_resistance_protein|HUPE,G,23,C
MEG_3284|Metals|Nickel_resistance|Nickel_resistance_protein|HUPE,T,438,G
MEG_3285|Metals|Nickel_resistance|Nickel_resistance_protein|HUPN,C,60,T
MEG_3285|Metals|Nickel_resistance|Nickel_resistance_protein|HUPN,A,303,T
MEG_3285|Metals|Nickel_resistance|Nickel_resistance_protein|HUPN,T,319,C
MEG_4120|Metals|Nickel_resistance|Nickel_MFS_efflux_pumps|NCRAN,C,84,A
MEG_4120|Metals|Nickel_resistance|Nickel_MFS_efflux_pumps|NCRAN,T,446,C
MEG_4120|Metals|Nickel_resistance|Nickel_MFS_efflux_pumps|NCRAN,C,613,A
MEG_4120|Metals|Nickel_resistance|Nickel_MFS_efflux_pumps|NCRAN,T,794,C
MEG_4120|Metals|Nickel_resistance|Nickel_MFS_efflux_pumps|NCRAN,T,928,G
MEG_4123|Metals|Nickel_resistance|Nickel_MFS_efflux_regulator|NCRBN,G,112,A
MEG_4126|Metals|Nickel_resistance|Nickel_MFS_efflux_pumps|NCRCN,C,474,G
MEG_4126|Metals|Nickel_resistance|Nickel_MFS_efflux_pumps|NCRCN,A,755,T
MEG_4128|Metals|Nickel_resistance|Nickel_MFS_efflux_regulator|NCRYN,A,87,G
MEG_4128|Metals|Nickel_resistance|Nickel_MFS_efflux_regulator|NCRYN,C,118,A
MEG_4128|Metals|Nickel_resistance|Nickel_MFS_efflux_regulator|NCRYN,C,126,A
MEG_4128|Metals|Nickel_resistance|Nickel_MFS_efflux_regulator|NCRYN,G,132,T
MEG_4128|Metals|Nickel_resistance|Nickel_MFS_efflux_regulator|NCRYN,A,152,G
MEG_4128|Metals|Nickel_resistance|Nickel_MFS_efflux_regulator|NCRYN,A,206,T
MEG_4128|Metals|Nickel_resistance|Nickel_MFS_efflux_regulator|NCRYN,T,290,A
MEG_4128|Metals|Nickel_resistance|Nickel_MFS_efflux_regulator|NCRYN,C,291,A
MEG_4128|Metals|Nickel_resistance|Nickel_MFS_efflux_regulator|NCRYN,A,312,G
MEG_4128|Metals|Nickel_resistance|Nickel_MFS_efflux_regulator|NCRYN,T,347,G
MEG_4167|Metals|Nickel_resistance|Nickel_ABC_efflux_pumps|NIKA,C,73,A
MEG_4167|Metals|Nickel_resistance|Nickel_ABC_efflux_pumps|NIKA,T,107,C
MEG_4167|Metals|Nickel_resistance|Nickel_ABC_efflux_pumps|NIKA,C,474,T
MEG_4167|Metals|Nickel_resistance|Nickel_ABC_efflux_pumps|NIKA,A,519,G
MEG_4167|Metals|Nickel_resistance|Nickel_ABC_efflux_pumps|NIKA,G,567,T
MEG_4167|Metals|Nickel_resistance|Nickel_ABC_efflux_pumps|NIKA,C,857,A
MEG_4167|Metals|Nickel_resistance|Nickel_ABC_efflux_pumps|NIKA,C,1031,T
MEG_4167|Metals|Nickel_resistance|Nickel_ABC_efflux_pumps|NIKA,C,1032,T
MEG_4167|Metals|Nickel_resistance|Nickel_ABC_efflux_pumps|NIKA,C,1113,G
MEG_4167|Metals|Nickel_resistance|Nickel_ABC_efflux_pumps|NIKA,A,1127,T
MEG_4168|Metals|Nickel_resistance|Nickel_ABC_efflux_pumps|NIKB,C,187,G
MEG_4168|Metals|Nickel_resistance|Nickel_ABC_efflux_pumps|NIKB,T,350,G
MEG_4168|Metals|Nickel_resistance|Nickel_ABC_efflux_pumps|NIKB,G,372,T
MEG_4169|Metals|Nickel_resistance|Nickel_ABC_efflux_pumps|NIKB,C,28,T
MEG_4169|Metals|Nickel_resistance|Nickel_ABC_efflux_pumps|NIKB,C,385,T
MEG_4169|Metals|Nickel_resistance|Nickel_ABC_efflux_pumps|NIKB,T,473,A
MEG_4169|Metals|Nickel_resistance|Nickel_ABC_efflux_pumps|NIKB,T,605,G
MEG_4169|Metals|Nickel_resistance|Nickel_ABC_efflux_pumps|NIKB,C,756,G
MEG_4170|Metals|Nickel_resistance|Nickel_ABC_efflux_pumps|NIKC,G,63,C
MEG_4170|Metals|Nickel_resistance|Nickel_ABC_efflux_pumps|NIKC,G,178,T
MEG_4170|Metals|Nickel_resistance|Nickel_ABC_efflux_pumps|NIKC,G,271,C
MEG_4170|Metals|Nickel_resistance|Nickel_ABC_efflux_pumps|NIKC,C,453,T
MEG_4170|Metals|Nickel_resistance|Nickel_ABC_efflux_pumps|NIKC,G,524,T
MEG_4170|Metals|Nickel_resistance|Nickel_ABC_efflux_pumps|NIKC,A,565,G
MEG_4170|Metals|Nickel_resistance|Nickel_ABC_efflux_pumps|NIKC,G,647,A
MEG_4170|Metals|Nickel_resistance|Nickel_ABC_efflux_pumps|NIKC,C,658,G
MEG_4171|Metals|Nickel_resistance|Nickel_ABC_efflux_pumps|NIKD,C,98,A
MEG_4171|Metals|Nickel_resistance|Nickel_ABC_efflux_pumps|NIKD,G,169,C
MEG_4171|Metals|Nickel_resistance|Nickel_ABC_efflux_pumps|NIKD,T,220,G
MEG_4171|Metals|Nickel_resistance|Nickel_ABC_efflux_pumps|NIKD,C,489,G
MEG_4171|Metals|Nickel_resistance|Nickel_ABC_efflux_pumps|NIKD,C,516,G
MEG_4171|Metals|Nickel_resistance|Nickel_ABC_efflux_pumps|NIKD,G,666,A
MEG_4171|Metals|Nickel_resistance|Nickel_ABC_efflux_pumps|NIKD,C,730,G
MEG_4172|Metals|Nickel_resistance|Nickel_ABC_efflux_pumps|NIKD,T,415,C
MEG_4172|Metals|Nickel_resistance|Nickel_ABC_efflux_pumps|NIKD,T,638,G
MEG_4172|Metals|Nickel_resistance|Nickel_ABC_efflux_pumps|NIKD,G,761,C
MEG_4173|Metals|Nickel_resistance|Nickel_ABC_efflux_pumps|NIKE,G,50,C
MEG_4173|Metals|Nickel_resistance|Nickel_ABC_efflux_pumps|NIKE,A,60,G
MEG_4173|Metals|Nickel_resistance|Nickel_ABC_efflux_pumps|NIKE,G,112,T
MEG_4173|Metals|Nickel_resistance|Nickel_ABC_efflux_pumps|NIKE,G,195,A
MEG_4173|Metals|Nickel_resistance|Nickel_ABC_efflux_pumps|NIKE,G,201,C
MEG_4173|Metals|Nickel_resistance|Nickel_ABC_efflux_pumps|NIKE,C,364,G
MEG_4173|Metals|Nickel_resistance|Nickel_ABC_efflux_pumps|NIKE,C,410,T
MEG_4173|Metals|Nickel_resistance|Nickel_ABC_efflux_pumps|NIKE,C,508,A
MEG_4173|Metals|Nickel_resistance|Nickel_ABC_efflux_pumps|NIKE,A,688,T
MEG_4174|Metals|Nickel_resistance|Nickel_ABC_efflux_pumps|NIKE,A,4,T
MEG_4175|Metals|Nickel_resistance|Nickel_ABC_efflux_regulator|NIKR,C,107,T
MEG_4177|Metals|Nickel_resistance|Nickel_ABC_efflux_regulator|NIKR,C,109,A
MEG_4177|Metals|Nickel_resistance|Nickel_ABC_efflux_regulator|NIKR,A,185,T
MEG_4177|Metals|Nickel_resistance|Nickel_ABC_efflux_regulator|NIKR,T,242,G
MEG_4195|Metals|Nickel_resistance|Nickel_resistance_protein|NIRA,G,37,A
MEG_4195|Metals|Nickel_resistance|Nickel_resistance_protein|NIRA,G,346,T
MEG_4195|Metals|Nickel_resistance|Nickel_resistance_protein|NIRA,C,530,G
MEG_4195|Metals|Nickel_resistance|Nickel_resistance_protein|NIRA,C,555,G
MEG_4195|Metals|Nickel_resistance|Nickel_resistance_protein|NIRA,T,698,G
MEG_4195|Metals|Nickel_resistance|Nickel_resistance_protein|NIRA,C,817,G
MEG_4195|Metals|Nickel_resistance|Nickel_resistance_protein|NIRA,G,977,T
MEG_4196|Metals|Nickel_resistance|Nickel_resistance_protein|NIRB,A,26,C
MEG_4196|Metals|Nickel_resistance|Nickel_resistance_protein|NIRB,T,102,G
MEG_4196|Metals|Nickel_resistance|Nickel_resistance_protein|NIRB,A,165,C
MEG_4196|Metals|Nickel_resistance|Nickel_resistance_protein|NIRB,A,166,C
MEG_4196|Metals|Nickel_resistance|Nickel_resistance_protein|NIRB,A,182,T
MEG_4196|Metals|Nickel_resistance|Nickel_resistance_protein|NIRB,G,226,A
MEG_4196|Metals|Nickel_resistance|Nickel_resistance_protein|NIRB,T,245,C
MEG_4196|Metals|Nickel_resistance|Nickel_resistance_protein|NIRB,A,247,G
MEG_4197|Metals|Nickel_resistance|Nickel_resistance_protein|NIRC,G,16,C
MEG_4197|Metals|Nickel_resistance|Nickel_resistance_protein|NIRC,G,270,C
MEG_4197|Metals|Nickel_resistance|Nickel_resistance_protein|NIRC,T,424,A
MEG_4197|Metals|Nickel_resistance|Nickel_resistance_protein|NIRC,A,810,G
MEG_4197|Metals|Nickel_resistance|Nickel_resistance_protein|NIRC,G,915,A
MEG_4198|Metals|Nickel_resistance|Nickel_resistance_protein|NIRD,C,104,G
MEG_4198|Metals|Nickel_resistance|Nickel_resistance_protein|NIRD,C,258,T
MEG_4198|Metals|Nickel_resistance|Nickel_resistance_protein|NIRD,T,492,C
MEG_4199|Metals|Nickel_resistance|Nickel_resistance_protein|NIXA,G,122,A
MEG_4200|Metals|Nickel_resistance|Nickel_resistance_protein|NIXA,A,295,C
MEG_4200|Metals|Nickel_resistance|Nickel_resistance_protein|NIXA,A,300,T
MEG_4200|Metals|Nickel_resistance|Nickel_resistance_protein|NIXA,A,788,T
MEG_4200|Metals|Nickel_resistance|Nickel_resistance_protein|NIXA,A,899,C
MEG_4218|Metals|Nickel_resistance|Nickel_RND_efflux_pumps|NRSA,G,818,A
MEG_4218|Metals|Nickel_resistance|Nickel_RND_efflux_pumps|NRSA,A,2163,T
MEG_4218|Metals|Nickel_resistance|Nickel_RND_efflux_pumps|NRSA,T,2172,C
MEG_4218|Metals|Nickel_resistance|Nickel_RND_efflux_pumps|NRSA,G,2263,C
MEG_4218|Metals|Nickel_resistance|Nickel_RND_efflux_pumps|NRSA,G,2295,A
MEG_4218|Metals|Nickel_resistance|Nickel_RND_efflux_pumps|NRSA,A,2911,T
MEG_4218|Metals|Nickel_resistance|Nickel_RND_efflux_pumps|NRSA,G,2955,A
MEG_4220|Metals|Nickel_resistance|Nickel_resistance_regulator|NRSR,T,63,G
MEG_4220|Metals|Nickel_resistance|Nickel_resistance_regulator|NRSR,T,80,C
MEG_4220|Metals|Nickel_resistance|Nickel_resistance_regulator|NRSR,T,139,A
MEG_4220|Metals|Nickel_resistance|Nickel_resistance_regulator|NRSR,G,259,T
MEG_4220|Metals|Nickel_resistance|Nickel_resistance_regulator|NRSR,G,271,C
MEG_4220|Metals|Nickel_resistance|Nickel_resistance_regulator|NRSR,A,374,T
MEG_4220|Metals|Nickel_resistance|Nickel_resistance_regulator|NRSR,C,414,G
MEG_4220|Metals|Nickel_resistance|Nickel_resistance_regulator|NRSR,T,485,G
MEG_4220|Metals|Nickel_resistance|Nickel_resistance_regulator|NRSR,C,539,A
MEG_4221|Metals|Nickel_resistance|Nickel_resistance_regulator|NRSS,G,541,C
MEG_4221|Metals|Nickel_resistance|Nickel_resistance_regulator|NRSS,G,735,T
MEG_4221|Metals|Nickel_resistance|Nickel_resistance_regulator|NRSS,C,798,T
MEG_4221|Metals|Nickel_resistance|Nickel_resistance_regulator|NRSS,A,1010,T
MEG_4221|Metals|Nickel_resistance|Nickel_resistance_regulator|NRSS,A,1311,G
MEG_3287|Biocides|Peroxide_resistance|Peroxide_resistance_stress_protein|IBPA,G,87,C
MEG_3287|Biocides|Peroxide_resistance|Peroxide_resistance_stress_protein|IBPA,G,94,A
MEG_3287|Biocides|Peroxide_resistance|Peroxide_resistance_stress_protein|IBPA,C,102,G
MEG_3287|Biocides|Peroxide_resistance|Peroxide_resistance_stress_protein|IBPA,T,111,C
MEG_3287|Biocides|Peroxide_resistance|Peroxide_resistance_stress_protein|IBPA,A,179,G
MEG_3287|Biocides|Peroxide_resistance|Peroxide_resistance_stress_protein|IBPA,G,210,A
MEG_3287|Biocides|Peroxide_resistance|Peroxide_resistance_stress_protein|IBPA,G,220,T
MEG_3287|Biocides|Peroxide_resistance|Peroxide_resistance_stress_protein|IBPA,C,238,G
MEG_3287|Biocides|Peroxide_resistance|Peroxide_resistance_stress_protein|IBPA,C,305,T
MEG_3288|Biocides|Peroxide_resistance|Peroxide_resistance_stress_protein|IBPB,G,172,A
MEG_3289|Biocides|Peroxide_resistance|Peroxide_resistance_stress_protein|IBPB,C,37,G
MEG_3289|Biocides|Peroxide_resistance|Peroxide_resistance_stress_protein|IBPB,G,127,T
MEG_3289|Biocides|Peroxide_resistance|Peroxide_resistance_stress_protein|IBPB,C,138,G
MEG_3289|Biocides|Peroxide_resistance|Peroxide_resistance_stress_protein|IBPB,A,198,G
MEG_3289|Biocides|Peroxide_resistance|Peroxide_resistance_stress_protein|IBPB,C,207,A
MEG_3289|Biocides|Peroxide_resistance|Peroxide_resistance_stress_protein|IBPB,G,228,A
MEG_3289|Biocides|Peroxide_resistance|Peroxide_resistance_stress_protein|IBPB,A,248,T
MEG_5772|Biocides|Peroxide_resistance|peroxide_resistance_regulator|PERR,G,166,A
MEG_5772|Biocides|Peroxide_resistance|peroxide_resistance_regulator|PERR,T,168,G
MEG_5772|Biocides|Peroxide_resistance|peroxide_resistance_regulator|PERR,C,289,G
MEG_5772|Biocides|Peroxide_resistance|peroxide_resistance_regulator|PERR,A,405,T
MEG_5772|Biocides|Peroxide_resistance|peroxide_resistance_regulator|PERR,T,417,A
MEG_6540|Biocides|Peroxide_resistance|peroxide_resistance_protein|SODA,A,8,C
MEG_6540|Biocides|Peroxide_resistance|peroxide_resistance_protein|SODA,A,48,G
MEG_6540|Biocides|Peroxide_resistance|peroxide_resistance_protein|SODA,A,76,C
MEG_6540|Biocides|Peroxide_resistance|peroxide_resistance_protein|SODA,A,131,T
MEG_6540|Biocides|Peroxide_resistance|peroxide_resistance_protein|SODA,A,260,G
MEG_6540|Biocides|Peroxide_resistance|peroxide_resistance_protein|SODA,A,261,G
MEG_6540|Biocides|Peroxide_resistance|peroxide_resistance_protein|SODA,C,281,A
MEG_6540|Biocides|Peroxide_resistance|peroxide_resistance_protein|SODA,G,517,C
MEG_6540|Biocides|Peroxide_resistance|peroxide_resistance_protein|SODA,G,592,A
MEG_6541|Biocides|Peroxide_resistance|peroxide_resistance_protein|SODA,C,12,A
MEG_6541|Biocides|Peroxide_resistance|peroxide_resistance_protein|SODA,C,26,G
MEG_6541|Biocides|Peroxide_resistance|peroxide_resistance_protein|SODA,T,34,C
MEG_6541|Biocides|Peroxide_resistance|peroxide_resistance_protein|SODA,A,100,C
MEG_6541|Biocides|Peroxide_resistance|peroxide_resistance_protein|SODA,G,174,A
MEG_6541|Biocides|Peroxide_resistance|peroxide_resistance_protein|SODA,C,268,T
MEG_6542|Biocides|Peroxide_resistance|peroxide_resistance_protein|SODA,C,22,T
MEG_6542|Biocides|Peroxide_resistance|peroxide_resistance_protein|SODA,T,240,C
MEG_6542|Biocides|Peroxide_resistance|peroxide_resistance_protein|SODA,G,388,C
MEG_6542|Biocides|Peroxide_resistance|peroxide_resistance_protein|SODA,C,526,G
MEG_6542|Biocides|Peroxide_resistance|peroxide_resistance_protein|SODA,G,579,C
MEG_6543|Biocides|Peroxide_resistance|peroxide_resistance_protein|SODA,C,21,T
MEG_6543|Biocides|Peroxide_resistance|peroxide_resistance_protein|SODA,G,63,A
MEG_6543|Biocides|Peroxide_resistance|peroxide_resistance_protein|SODA,A,74,C
MEG_6543|Biocides|Peroxide_resistance|peroxide_resistance_protein|SODA,C,153,T
MEG_6543|Biocides|Peroxide_resistance|peroxide_resistance_protein|SODA,A,213,G
MEG_6544|Biocides|Peroxide_resistance|peroxide_resistance_protein|SODB,T,357,C
MEG_6544|Biocides|Peroxide_resistance|peroxide_resistance_protein|SODB,A,515,C
MEG_6545|Biocides|Peroxide_resistance|peroxide_resistance_protein|SODB,G,75,C
MEG_6545|Biocides|Peroxide_resistance|peroxide_resistance_protein|SODB,G,85,C
MEG_6545|Biocides|Peroxide_resistance|peroxide_resistance_protein|SODB,C,137,A
MEG_6545|Biocides|Peroxide_resistance|peroxide_resistance_protein|SODB,T,333,G
MEG_6546|Biocides|Peroxide_resistance|peroxide_resistance_protein|SODB,G,73,T
MEG_6546|Biocides|Peroxide_resistance|peroxide_resistance_protein|SODB,A,316,C
MEG_6546|Biocides|Peroxide_resistance|peroxide_resistance_protein|SODB,C,335,T
MEG_6546|Biocides|Peroxide_resistance|peroxide_resistance_protein|SODB,G,476,T
MEG_6546|Biocides|Peroxide_resistance|peroxide_resistance_protein|SODB,G,543,C
MEG_6546|Biocides|Peroxide_resistance|peroxide_resistance_protein|SODB,G,562,T
MEG_7818|Biocides|Peroxide_resistance|peroxide_resistance_protein|YDEI,T,36,A
MEG_7818|Biocides|Peroxide_resistance|peroxide_resistance_protein|YDEI,T,249,C
MEG_7818|Biocides|Peroxide_resistance|peroxide_resistance_protein|YDEI,A,300,C
MEG_11436|Biocides|Peroxide_resistance|Peroxide_resistance_stress_protein|KATP,A,1004,T
MEG_11438|Biocides|Peroxide_resistance|Peroxide_resistance_stress_protein|SODC,A,51,T
MEG_11438|Biocides|Peroxide_resistance|Peroxide_resistance_stress_protein|SODC,C,92,A
MEG_11438|Biocides|Peroxide_resistance|Peroxide_resistance_stress_protein|SODC,T,165,A
MEG_11438|Biocides|Peroxide_resistance|Peroxide_resistance_stress_protein|SODC,G,390,A
MEG_11438|Biocides|Peroxide_resistance|Peroxide_resistance_stress_protein|SODC,T,432,C
MEG_11438|Biocides|Peroxide_resistance|Peroxide_resistance_stress_protein|SODC,G,441,T
MEG_11438|Biocides|Peroxide_resistance|Peroxide_resistance_stress_protein|SODC,C,447,G
MEG_11438|Biocides|Peroxide_resistance|Peroxide_resistance_stress_protein|SODC,C,512,A
MEG_3290|Biocides|Acetate_resistance|Acetate_resistance_protein|ICLR,T,475,C
MEG_3291|Biocides|Acetate_resistance|Acetate_resistance_protein|ICLR,A,272,C
MEG_3291|Biocides|Acetate_resistance|Acetate_resistance_protein|ICLR,G,330,T
MEG_3291|Biocides|Acetate_resistance|Acetate_resistance_protein|ICLR,C,363,T
MEG_3291|Biocides|Acetate_resistance|Acetate_resistance_protein|ICLR,C,512,T
MEG_3291|Biocides|Acetate_resistance|Acetate_resistance_protein|ICLR,T,742,A
MEG_3622|Biocides|Acetate_resistance|Acetate_resistance_protein|LPDT,A,164,C
MEG_3622|Biocides|Acetate_resistance|Acetate_resistance_protein|LPDT,C,382,T
MEG_3622|Biocides|Acetate_resistance|Acetate_resistance_protein|LPDT,T,567,G
MEG_3622|Biocides|Acetate_resistance|Acetate_resistance_protein|LPDT,C,1009,T
MEG_3622|Biocides|Acetate_resistance|Acetate_resistance_protein|LPDT,C,1169,G
MEG_3622|Biocides|Acetate_resistance|Acetate_resistance_protein|LPDT,A,1256,C
MEG_3622|Biocides|Acetate_resistance|Acetate_resistance_protein|LPDT,G,1852,A
MEG_3622|Biocides|Acetate_resistance|Acetate_resistance_protein|LPDT,C,1919,T
MEG_3622|Biocides|Acetate_resistance|Acetate_resistance_protein|LPDT,G,2218,T
MEG_8777|Drugs|Lipopeptides|Colistin_phosphoethanolamine_transferase|MCR,G,108,A
MEG_8777|Drugs|Lipopeptides|Colistin_phosphoethanolamine_transferase|MCR,T,262,G
MEG_8777|Drugs|Lipopeptides|Colistin_phosphoethanolamine_transferase|MCR,A,1115,T
MEG_8777|Drugs|Lipopeptides|Colistin_phosphoethanolamine_transferase|MCR,G,1339,A
MEG_3719|Drugs|Lipopeptides|Colistin_phosphoethanolamine_transferase|MCR,A,428,G
MEG_3719|Drugs|Lipopeptides|Colistin_phosphoethanolamine_transferase|MCR,T,801,A
MEG_3719|Drugs|Lipopeptides|Colistin_phosphoethanolamine_transferase|MCR,C,1188,G
MEG_3719|Drugs|Lipopeptides|Colistin_phosphoethanolamine_transferase|MCR,A,1472,G
MEG_11457|Drugs|Lipopeptides|Colistin_phosphoethanolamine_transferase|MCR,C,282,T
MEG_10048|Drugs|Lipopeptides|Polymyxin_resistant_aminoacyl_carrier_protein|ALMF,G,56,T
MEG_10048|Drugs|Lipopeptides|Polymyxin_resistant_aminoacyl_carrier_protein|ALMF,T,100,C
MEG_10048|Drugs|Lipopeptides|Polymyxin_resistant_aminoacyl_carrier_protein|ALMF,C,126,T
MEG_10048|Drugs|Lipopeptides|Polymyxin_resistant_aminoacyl_carrier_protein|ALMF,A,192,C
MEG_8785|Drugs|Lipopeptides|Colistin_phosphoethanolamine_transferase|MCR,T,601,G
MEG_8785|Drugs|Lipopeptides|Colistin_phosphoethanolamine_transferase|MCR,G,900,A
MEG_3677|Drugs|Lipopeptides|Colistin_phosphoethanolamine_transferase|MCR,G,78,C
MEG_3704|Drugs|Lipopeptides|Colistin_phosphoethanolamine_transferase|MCR,C,147,T
MEG_3704|Drugs|Lipopeptides|Colistin_phosphoethanolamine_transferase|MCR,T,724,A
MEG_3704|Drugs|Lipopeptides|Colistin_phosphoethanolamine_transferase|MCR,C,1018,T
MEG_3704|Drugs|Lipopeptides|Colistin_phosphoethanolamine_transferase|MCR,C,1049,A
MEG_3718|Drugs|Lipopeptides|Colistin_phosphoethanolamine_transferase|MCR,A,206,T
MEG_3718|Drugs|Lipopeptides|Colistin_phosphoethanolamine_transferase|MCR,T,414,A
MEG_3718|Drugs|Lipopeptides|Colistin_phosphoethanolamine_transferase|MCR,C,441,G
MEG_3718|Drugs|Lipopeptides|Colistin_phosphoethanolamine_transferase|MCR,C,467,A
MEG_3718|Drugs|Lipopeptides|Colistin_phosphoethanolamine_transferase|MCR,G,625,A
MEG_3718|Drugs|Lipopeptides|Colistin_phosphoethanolamine_transferase|MCR,T,996,C
MEG_3718|Drugs|Lipopeptides|Colistin_phosphoethanolamine_transferase|MCR,C,1111,G
MEG_8231|Drugs|Lipopeptides|Colistin-resistant_mutant|LPSB,G,53,C
MEG_8231|Drugs|Lipopeptides|Colistin-resistant_mutant|LPSB,C,272,A
MEG_8231|Drugs|Lipopeptides|Colistin-resistant_mutant|LPSB,T,502,G
MEG_8231|Drugs|Lipopeptides|Colistin-resistant_mutant|LPSB,T,594,A
MEG_8231|Drugs|Lipopeptides|Colistin-resistant_mutant|LPSB,C,796,A
MEG_8231|Drugs|Lipopeptides|Colistin-resistant_mutant|LPSB,A,1087,T
MEG_8778|Drugs|Lipopeptides|Colistin_phosphoethanolamine_transferase|MCR,T,301,C
MEG_8778|Drugs|Lipopeptides|Colistin_phosphoethanolamine_transferase|MCR,C,650,G
MEG_8778|Drugs|Lipopeptides|Colistin_phosphoethanolamine_transferase|MCR,A,779,C
MEG_8778|Drugs|Lipopeptides|Colistin_phosphoethanolamine_transferase|MCR,C,839,A
MEG_8778|Drugs|Lipopeptides|Colistin_phosphoethanolamine_transferase|MCR,T,904,C
MEG_8778|Drugs|Lipopeptides|Colistin_phosphoethanolamine_transferase|MCR,G,1045,A
MEG_8778|Drugs|Lipopeptides|Colistin_phosphoethanolamine_transferase|MCR,G,1155,T
MEG_8778|Drugs|Lipopeptides|Colistin_phosphoethanolamine_transferase|MCR,C,1436,G
MEG_8778|Drugs|Lipopeptides|Colistin_phosphoethanolamine_transferase|MCR,G,1643,T
MEG_8808|Drugs|Lipopeptides|Colistin_phosphoethanolamine_transferase|MCR,A,316,G
MEG_8799|Drugs|Lipopeptides|Colistin_phosphoethanolamine_transferase|MCR,A,373,C
MEG_8799|Drugs|Lipopeptides|Colistin_phosphoethanolamine_transferase|MCR,T,1030,G
MEG_8799|Drugs|Lipopeptides|Colistin_phosphoethanolamine_transferase|MCR,C,1523,A
MEG_3693|Drugs|Lipopeptides|Colistin_phosphoethanolamine_transferase|MCR,T,523,A
MEG_3693|Drugs|Lipopeptides|Colistin_phosphoethanolamine_transferase|MCR,T,594,A
MEG_3693|Drugs|Lipopeptides|Colistin_phosphoethanolamine_transferase|MCR,A,621,C
MEG_3693|Drugs|Lipopeptides|Colistin_phosphoethanolamine_transferase|MCR,C,720,A
MEG_3693|Drugs|Lipopeptides|Colistin_phosphoethanolamine_transferase|MCR,G,833,C
MEG_3693|Drugs|Lipopeptides|Colistin_phosphoethanolamine_transferase|MCR,T,1232,A
MEG_3693|Drugs|Lipopeptides|Colistin_phosphoethanolamine_transferase|MCR,T,1343,A
MEG_3693|Drugs|Lipopeptides|Colistin_phosphoethanolamine_transferase|MCR,T,1356,A
MEG_3693|Drugs|Lipopeptides|Colistin_phosphoethanolamine_transferase|MCR,T,1428,C
MEG_10077|Drugs|Lipopeptides|Daptomycin-resistant_mutant|DRMA,A,15,G
MEG_10077|Drugs|Lipopeptides|Daptomycin-resistant_mutant|DRMA,T,119,A
MEG_10077|Drugs|Lipopeptides|Daptomycin-resistant_mutant|DRMA,T,272,G
MEG_10077|Drugs|Lipopeptides|Daptomycin-resistant_mutant|DRMA,T,400,A
MEG_10077|Drugs|Lipopeptides|Daptomycin-resistant_mutant|DRMA,A,484,G
MEG_10077|Drugs|Lipopeptides|Daptomycin-resistant_mutant|DRMA,A,561,G
MEG_10077|Drugs|Lipopeptides|Daptomycin-resistant_mutant|DRMA,A,587,G
MEG_8787|Drugs|Lipopeptides|Colistin_phosphoethanolamine_transferase|MCR,T,216,A
MEG_8787|Drugs|Lipopeptides|Colistin_phosphoethanolamine_transferase|MCR,A,268,T
MEG_8787|Drugs|Lipopeptides|Colistin_phosphoethanolamine_transferase|MCR,T,377,C
MEG_8787|Drugs|Lipopeptides|Colistin_phosphoethanolamine_transferase|MCR,A,431,T
MEG_8787|Drugs|Lipopeptides|Colistin_phosphoethanolamine_transferase|MCR,C,540,G
MEG_8787|Drugs|Lipopeptides|Colistin_phosphoethanolamine_transferase|MCR,C,1079,T
MEG_8806|Drugs|Lipopeptides|Colistin_phosphoethanolamine_transferase|MCR,C,41,A
MEG_8806|Drugs|Lipopeptides|Colistin_phosphoethanolamine_transferase|MCR,T,249,G
MEG_8806|Drugs|Lipopeptides|Colistin_phosphoethanolamine_transferase|MCR,T,895,C
MEG_8806|Drugs|Lipopeptides|Colistin_phosphoethanolamine_transferase|MCR,A,1269,C
MEG_8806|Drugs|Lipopeptides|Colistin_phosphoethanolamine_transferase|MCR,C,1462,T
MEG_8800|Drugs|Lipopeptides|Colistin_phosphoethanolamine_transferase|MCR,T,619,A
MEG_8800|Drugs|Lipopeptides|Colistin_phosphoethanolamine_transferase|MCR,A,688,T
MEG_8800|Drugs|Lipopeptides|Colistin_phosphoethanolamine_transferase|MCR,C,812,T
MEG_8800|Drugs|Lipopeptides|Colistin_phosphoethanolamine_transferase|MCR,T,841,C
MEG_8800|Drugs|Lipopeptides|Colistin_phosphoethanolamine_transferase|MCR,T,925,A
MEG_8800|Drugs|Lipopeptides|Colistin_phosphoethanolamine_transferase|MCR,C,1207,A
MEG_8800|Drugs|Lipopeptides|Colistin_phosphoethanolamine_transferase|MCR,C,1457,G
MEG_8800|Drugs|Lipopeptides|Colistin_phosphoethanolamine_transferase|MCR,G,1506,T
MEG_8800|Drugs|Lipopeptides|Colistin_phosphoethanolamine_transferase|MCR,T,1563,G
MEG_8240|Drugs|Lipopeptides|Colistin_phosphoethanolamine_transferase|MCR,T,67,A
MEG_8240|Drugs|Lipopeptides|Colistin_phosphoethanolamine_transferase|MCR,C,191,T
MEG_8240|Drugs|Lipopeptides|Colistin_phosphoethanolamine_transferase|MCR,A,267,T
MEG_8240|Drugs|Lipopeptides|Colistin_phosphoethanolamine_transferase|MCR,G,667,A
MEG_8240|Drugs|Lipopeptides|Colistin_phosphoethanolamine_transferase|MCR,G,874,C
MEG_8240|Drugs|Lipopeptides|Colistin_phosphoethanolamine_transferase|MCR,A,973,C
MEG_8240|Drugs|Lipopeptides|Colistin_phosphoethanolamine_transferase|MCR,A,1172,G
MEG_8240|Drugs|Lipopeptides|Colistin_phosphoethanolamine_transferase|MCR,C,1533,T
MEG_8784|Drugs|Lipopeptides|Colistin_phosphoethanolamine_transferase|MCR,C,350,G
MEG_8784|Drugs|Lipopeptides|Colistin_phosphoethanolamine_transferase|MCR,T,719,C
MEG_8784|Drugs|Lipopeptides|Colistin_phosphoethanolamine_transferase|MCR,T,731,A
MEG_8784|Drugs|Lipopeptides|Colistin_phosphoethanolamine_transferase|MCR,C,778,A
MEG_8784|Drugs|Lipopeptides|Colistin_phosphoethanolamine_transferase|MCR,A,926,T
MEG_8784|Drugs|Lipopeptides|Colistin_phosphoethanolamine_transferase|MCR,T,971,G
MEG_3732|Drugs|Lipopeptides|Colistin_phosphoethanolamine_transferase|MCR,A,63,T
MEG_3732|Drugs|Lipopeptides|Colistin_phosphoethanolamine_transferase|MCR,T,64,G
MEG_3732|Drugs|Lipopeptides|Colistin_phosphoethanolamine_transferase|MCR,G,78,C
MEG_3732|Drugs|Lipopeptides|Colistin_phosphoethanolamine_transferase|MCR,C,571,G
MEG_3732|Drugs|Lipopeptides|Colistin_phosphoethanolamine_transferase|MCR,G,690,A
MEG_3732|Drugs|Lipopeptides|Colistin_phosphoethanolamine_transferase|MCR,A,966,C
MEG_3732|Drugs|Lipopeptides|Colistin_phosphoethanolamine_transferase|MCR,C,1044,A
MEG_3732|Drugs|Lipopeptides|Colistin_phosphoethanolamine_transferase|MCR,C,1077,G
MEG_3732|Drugs|Lipopeptides|Colistin_phosphoethanolamine_transferase|MCR,T,1162,G
MEG_11454|Drugs|Lipopeptides|Colistin_phosphoethanolamine_transferase|MCR,C,81,T
MEG_11454|Drugs|Lipopeptides|Colistin_phosphoethanolamine_transferase|MCR,T,1272,C
MEG_11454|Drugs|Lipopeptides|Colistin_phosphoethanolamine_transferase|MCR,C,1401,G
MEG_3685|Drugs|Lipopeptides|Colistin_phosphoethanolamine_transferase|MCR,A,713,C
MEG_3685|Drugs|Lipopeptides|Colistin_phosphoethanolamine_transferase|MCR,G,965,A
MEG_3703|Drugs|Lipopeptides|Colistin_phosphoethanolamine_transferase|MCR,A,91,C
MEG_3703|Drugs|Lipopeptides|Colistin_phosphoethanolamine_transferase|MCR,G,169,C
MEG_3703|Drugs|Lipopeptides|Colistin_phosphoethanolamine_transferase|MCR,T,473,A
MEG_3703|Drugs|Lipopeptides|Colistin_phosphoethanolamine_transferase|MCR,T,947,G
MEG_8236|Drugs|Lipopeptides|Colistin_phosphoethanolamine_transferase|MCR,C,164,G
MEG_8236|Drugs|Lipopeptides|Colistin_phosphoethanolamine_transferase|MCR,G,181,T
MEG_8236|Drugs|Lipopeptides|Colistin_phosphoethanolamine_transferase|MCR,T,205,G
MEG_8236|Drugs|Lipopeptides|Colistin_phosphoethanolamine_transferase|MCR,C,270,G
MEG_8236|Drugs|Lipopeptides|Colistin_phosphoethanolamine_transferase|MCR,G,293,A
MEG_8236|Drugs|Lipopeptides|Colistin_phosphoethanolamine_transferase|MCR,A,305,G
MEG_8236|Drugs|Lipopeptides|Colistin_phosphoethanolamine_transferase|MCR,T,439,C
MEG_8236|Drugs|Lipopeptides|Colistin_phosphoethanolamine_transferase|MCR,C,914,T
MEG_8236|Drugs|Lipopeptides|Colistin_phosphoethanolamine_transferase|MCR,A,997,G
MEG_8236|Drugs|Lipopeptides|Colistin_phosphoethanolamine_transferase|MCR,A,1162,T
MEG_3674|Drugs|Lipopeptides|Colistin_phosphoethanolamine_transferase|MCR,G,839,A
MEG_3666|Drugs|Lipopeptides|Colistin_phosphoethanolamine_transferase|MCR,T,72,G
MEG_3666|Drugs|Lipopeptides|Colistin_phosphoethanolamine_transferase|MCR,C,155,A
MEG_3666|Drugs|Lipopeptides|Colistin_phosphoethanolamine_transferase|MCR,T,383,G
MEG_3666|Drugs|Lipopeptides|Colistin_phosphoethanolamine_transferase|MCR,G,430,C
MEG_3666|Drugs|Lipopeptides|Colistin_phosphoethanolamine_transferase|MCR,C,437,A
MEG_3666|Drugs|Lipopeptides|Colistin_phosphoethanolamine_transferase|MCR,C,1043,G
MEG_3666|Drugs|Lipopeptides|Colistin_phosphoethanolamine_transferase|MCR,T,1270,G
MEG_3666|Drugs|Lipopeptides|Colistin_phosphoethanolamine_transferase|MCR,A,1349,C
MEG_11452|Drugs|Lipopeptides|Colistin_phosphoethanolamine_transferase|MCR,G,423,A
MEG_11452|Drugs|Lipopeptides|Colistin_phosphoethanolamine_transferase|MCR,T,938,C
MEG_11452|Drugs|Lipopeptides|Colistin_phosphoethanolamine_transferase|MCR,A,991,C
MEG_11452|Drugs|Lipopeptides|Colistin_phosphoethanolamine_transferase|MCR,G,1001,C
MEG_11452|Drugs|Lipopeptides|Colistin_phosphoethanolamine_transferase|MCR,T,1053,G
MEG_11452|Drugs|Lipopeptides|Colistin_phosphoethanolamine_transferase|MCR,C,1183,T
MEG_11452|Drugs|Lipopeptides|Colistin_phosphoethanolamine_transferase|MCR,C,1189,A
MEG_11452|Drugs|Lipopeptides|Colistin_phosphoethanolamine_transferase|MCR,G,1222,C
MEG_11452|Drugs|Lipopeptides|Colistin_phosphoethanolamine_transferase|MCR,C,1275,T
MEG_11452|Drugs|Lipopeptides|Colistin_phosphoethanolamine_transferase|MCR,G,1585,C
MEG_3691|Drugs|Lipopeptides|Colistin_phosphoethanolamine_transferase|MCR,T,242,A
MEG_3691|Drugs|Lipopeptides|Colistin_phosphoethanolamine_transferase|MCR,G,776,T
MEG_3691|Drugs|Lipopeptides|Colistin_phosphoethanolamine_transferase|MCR,A,1156,G
MEG_3691|Drugs|Lipopeptides|Colistin_phosphoethanolamine_transferase|MCR,A,1216,G
MEG_3691|Drugs|Lipopeptides|Colistin_phosphoethanolamine_transferase|MCR,A,1298,G
MEG_3691|Drugs|Lipopeptides|Colistin_phosphoethanolamine_transferase|MCR,A,1359,T
MEG_8802|Drugs|Lipopeptides|Colistin_phosphoethanolamine_transferase|MCR,T,569,G
MEG_8802|Drugs|Lipopeptides|Colistin_phosphoethanolamine_transferase|MCR,T,782,C
MEG_8802|Drugs|Lipopeptides|Colistin_phosphoethanolamine_transferase|MCR,A,805,C
MEG_8802|Drugs|Lipopeptides|Colistin_phosphoethanolamine_transferase|MCR,T,809,G
MEG_8802|Drugs|Lipopeptides|Colistin_phosphoethanolamine_transferase|MCR,T,1001,A
MEG_8802|Drugs|Lipopeptides|Colistin_phosphoethanolamine_transferase|MCR,C,1137,A
MEG_8802|Drugs|Lipopeptides|Colistin_phosphoethanolamine_transferase|MCR,A,1295,C
MEG_3669|Drugs|Lipopeptides|Colistin_phosphoethanolamine_transferase|MCR,C,217,T
MEG_3669|Drugs|Lipopeptides|Colistin_phosphoethanolamine_transferase|MCR,C,442,G
MEG_3669|Drugs|Lipopeptides|Colistin_phosphoethanolamine_transferase|MCR,C,573,T
MEG_3669|Drugs|Lipopeptides|Colistin_phosphoethanolamine_transferase|MCR,G,645,T
MEG_3669|Drugs|Lipopeptides|Colistin_phosphoethanolamine_transferase|MCR,G,1469,A
MEG_3669|Drugs|Lipopeptides|Colistin_phosphoethanolamine_transferase|MCR,C,1481,T
MEG_8788|Drugs|Lipopeptides|Colistin_phosphoethanolamine_transferase|MCR,C,226,A
MEG_8788|Drugs|Lipopeptides|Colistin_phosphoethanolamine_transferase|MCR,A,363,T
MEG_8788|Drugs|Lipopeptides|Colistin_phosphoethanolamine_transferase|MCR,C,793,A
MEG_8788|Drugs|Lipopeptides|Colistin_phosphoethanolamine_transferase|MCR,C,836,G
MEG_8788|Drugs|Lipopeptides|Colistin_phosphoethanolamine_transferase|MCR,T,838,C
MEG_8788|Drugs|Lipopeptides|Colistin_phosphoethanolamine_transferase|MCR,G,1033,C
MEG_8788|Drugs|Lipopeptides|Colistin_phosphoethanolamine_transferase|MCR,A,1461,T
MEG_8036|Drugs|Lipopeptides|Colistin_phosphoethanolamine_transferase|CPRS,G,69,A
MEG_8036|Drugs|Lipopeptides|Colistin_phosphoethanolamine_transferase|CPRS,C,603,T
MEG_3670|Drugs|Lipopeptides|Colistin_phosphoethanolamine_transferase|MCR,G,70,A
MEG_3670|Drugs|Lipopeptides|Colistin_phosphoethanolamine_transferase|MCR,G,496,A
MEG_3670|Drugs|Lipopeptides|Colistin_phosphoethanolamine_transferase|MCR,G,1369,C
MEG_5776|Drugs|Lipopeptides|Lipid_A_phosphatase|PGBB,G,124,A
MEG_5776|Drugs|Lipopeptides|Lipid_A_phosphatase|PGBB,C,135,A
MEG_5776|Drugs|Lipopeptides|Lipid_A_phosphatase|PGBB,C,214,T
MEG_5776|Drugs|Lipopeptides|Lipid_A_phosphatase|PGBB,G,247,A
MEG_5776|Drugs|Lipopeptides|Lipid_A_phosphatase|PGBB,T,553,A
MEG_8238|Drugs|Lipopeptides|Colistin_phosphoethanolamine_transferase|MCR,G,650,T
MEG_8238|Drugs|Lipopeptides|Colistin_phosphoethanolamine_transferase|MCR,G,983,A
MEG_8238|Drugs|Lipopeptides|Colistin_phosphoethanolamine_transferase|MCR,G,1113,T
MEG_8238|Drugs|Lipopeptides|Colistin_phosphoethanolamine_transferase|MCR,A,1297,G
MEG_8238|Drugs|Lipopeptides|Colistin_phosphoethanolamine_transferase|MCR,T,1463,G
MEG_8779|Drugs|Lipopeptides|Colistin_phosphoethanolamine_transferase|MCR,T,96,C
MEG_8779|Drugs|Lipopeptides|Colistin_phosphoethanolamine_transferase|MCR,G,444,T
MEG_8779|Drugs|Lipopeptides|Colistin_phosphoethanolamine_transferase|MCR,G,470,T
MEG_8779|Drugs|Lipopeptides|Colistin_phosphoethanolamine_transferase|MCR,A,594,C
MEG_8805|Drugs|Lipopeptides|Colistin_phosphoethanolamine_transferase|MCR,G,178,C
MEG_8805|Drugs|Lipopeptides|Colistin_phosphoethanolamine_transferase|MCR,A,379,C
MEG_8805|Drugs|Lipopeptides|Colistin_phosphoethanolamine_transferase|MCR,C,556,A
MEG_8805|Drugs|Lipopeptides|Colistin_phosphoethanolamine_transferase|MCR,T,594,A
MEG_8805|Drugs|Lipopeptides|Colistin_phosphoethanolamine_transferase|MCR,T,719,A
MEG_8805|Drugs|Lipopeptides|Colistin_phosphoethanolamine_transferase|MCR,G,1429,A
MEG_8805|Drugs|Lipopeptides|Colistin_phosphoethanolamine_transferase|MCR,C,1590,G
MEG_3692|Drugs|Lipopeptides|Colistin_phosphoethanolamine_transferase|MCR,C,730,G
MEG_11386|Drugs|Lipopeptides|Daptomycin_efflux_regulator|DRCR,C,248,T
MEG_11386|Drugs|Lipopeptides|Daptomycin_efflux_regulator|DRCR,A,258,G
MEG_11386|Drugs|Lipopeptides|Daptomycin_efflux_regulator|DRCR,A,329,T
MEG_11386|Drugs|Lipopeptides|Daptomycin_efflux_regulator|DRCR,A,409,T
MEG_11386|Drugs|Lipopeptides|Daptomycin_efflux_regulator|DRCR,C,442,G
MEG_11386|Drugs|Lipopeptides|Daptomycin_efflux_regulator|DRCR,G,447,T
MEG_11386|Drugs|Lipopeptides|Daptomycin_efflux_regulator|DRCR,C,507,G
MEG_11455|Drugs|Lipopeptides|Colistin_phosphoethanolamine_transferase|MCR,C,7,T
MEG_11455|Drugs|Lipopeptides|Colistin_phosphoethanolamine_transferase|MCR,C,75,T
MEG_11455|Drugs|Lipopeptides|Colistin_phosphoethanolamine_transferase|MCR,C,638,A
MEG_11455|Drugs|Lipopeptides|Colistin_phosphoethanolamine_transferase|MCR,T,701,C
MEG_11455|Drugs|Lipopeptides|Colistin_phosphoethanolamine_transferase|MCR,G,856,T
MEG_11455|Drugs|Lipopeptides|Colistin_phosphoethanolamine_transferase|MCR,C,863,A
MEG_3295|Drugs|Mupirocin|Mupirocin-resistant_isoleucyl-tRNA_synthetase|ILES,C,834,A
MEG_3295|Drugs|Mupirocin|Mupirocin-resistant_isoleucyl-tRNA_synthetase|ILES,C,1044,G
MEG_3295|Drugs|Mupirocin|Mupirocin-resistant_isoleucyl-tRNA_synthetase|ILES,A,1790,T
MEG_3295|Drugs|Mupirocin|Mupirocin-resistant_isoleucyl-tRNA_synthetase|ILES,G,1795,C
MEG_3295|Drugs|Mupirocin|Mupirocin-resistant_isoleucyl-tRNA_synthetase|ILES,T,2042,A
MEG_3295|Drugs|Mupirocin|Mupirocin-resistant_isoleucyl-tRNA_synthetase|ILES,C,2123,T
MEG_3295|Drugs|Mupirocin|Mupirocin-resistant_isoleucyl-tRNA_synthetase|ILES,T,2249,A
MEG_3295|Drugs|Mupirocin|Mupirocin-resistant_isoleucyl-tRNA_synthetase|ILES,C,2671,G
MEG_3295|Drugs|Mupirocin|Mupirocin-resistant_isoleucyl-tRNA_synthetase|ILES,C,2753,A
MEG_3295|Drugs|Mupirocin|Mupirocin-resistant_isoleucyl-tRNA_synthetase|ILES,G,3204,C
MEG_4089|Drugs|Mupirocin|Mupirocin-resistant_isoleucyl-tRNA_synthetase|MUPA,A,231,T
MEG_4089|Drugs|Mupirocin|Mupirocin-resistant_isoleucyl-tRNA_synthetase|MUPA,A,401,T
MEG_4089|Drugs|Mupirocin|Mupirocin-resistant_isoleucyl-tRNA_synthetase|MUPA,A,594,C
MEG_4089|Drugs|Mupirocin|Mupirocin-resistant_isoleucyl-tRNA_synthetase|MUPA,C,1055,A
MEG_4089|Drugs|Mupirocin|Mupirocin-resistant_isoleucyl-tRNA_synthetase|MUPA,A,1150,T
MEG_4089|Drugs|Mupirocin|Mupirocin-resistant_isoleucyl-tRNA_synthetase|MUPA,A,1380,G
MEG_4089|Drugs|Mupirocin|Mupirocin-resistant_isoleucyl-tRNA_synthetase|MUPA,T,1442,G
MEG_4089|Drugs|Mupirocin|Mupirocin-resistant_isoleucyl-tRNA_synthetase|MUPA,C,1776,A
MEG_4089|Drugs|Mupirocin|Mupirocin-resistant_isoleucyl-tRNA_synthetase|MUPA,T,2672,C
MEG_4089|Drugs|Mupirocin|Mupirocin-resistant_isoleucyl-tRNA_synthetase|MUPA,A,3018,C
MEG_4090|Drugs|Mupirocin|Mupirocin-resistant_isoleucyl-tRNA_synthetase|MUPA,C,1314,G
MEG_4090|Drugs|Mupirocin|Mupirocin-resistant_isoleucyl-tRNA_synthetase|MUPA,G,2707,T
MEG_4091|Drugs|Mupirocin|Mupirocin-resistant_isoleucyl-tRNA_synthetase|MUPB,T,823,G
MEG_4091|Drugs|Mupirocin|Mupirocin-resistant_isoleucyl-tRNA_synthetase|MUPB,A,839,G
MEG_4091|Drugs|Mupirocin|Mupirocin-resistant_isoleucyl-tRNA_synthetase|MUPB,T,1221,C
MEG_4091|Drugs|Mupirocin|Mupirocin-resistant_isoleucyl-tRNA_synthetase|MUPB,T,1308,A
MEG_4091|Drugs|Mupirocin|Mupirocin-resistant_isoleucyl-tRNA_synthetase|MUPB,A,1674,T
MEG_4091|Drugs|Mupirocin|Mupirocin-resistant_isoleucyl-tRNA_synthetase|MUPB,A,2661,T
MEG_4091|Drugs|Mupirocin|Mupirocin-resistant_isoleucyl-tRNA_synthetase|MUPB,A,2991,C
MEG_3841|Metals|Mercury_resistance|Mercury_resistance_protein|MERA,C,433,T
MEG_3841|Metals|Mercury_resistance|Mercury_resistance_protein|MERA,C,749,A
MEG_3841|Metals|Mercury_resistance|Mercury_resistance_protein|MERA,A,841,T
MEG_3841|Metals|Mercury_resistance|Mercury_resistance_protein|MERA,G,962,A
MEG_3841|Metals|Mercury_resistance|Mercury_resistance_protein|MERA,T,1417,A
MEG_3841|Metals|Mercury_resistance|Mercury_resistance_protein|MERA,A,1504,C
MEG_3839|Metals|Mercury_resistance|Mercury_resistance_protein|MERA,G,60,C
MEG_3839|Metals|Mercury_resistance|Mercury_resistance_protein|MERA,A,61,G
MEG_3839|Metals|Mercury_resistance|Mercury_resistance_protein|MERA,G,70,A
MEG_3839|Metals|Mercury_resistance|Mercury_resistance_protein|MERA,G,154,C
MEG_3839|Metals|Mercury_resistance|Mercury_resistance_protein|MERA,G,163,A
MEG_3839|Metals|Mercury_resistance|Mercury_resistance_protein|MERA,C,189,G
MEG_3839|Metals|Mercury_resistance|Mercury_resistance_protein|MERA,A,203,G
MEG_3839|Metals|Mercury_resistance|Mercury_resistance_protein|MERA,G,311,T
MEG_3839|Metals|Mercury_resistance|Mercury_resistance_protein|MERA,A,313,C
MEG_3839|Metals|Mercury_resistance|Mercury_resistance_protein|MERA,G,354,A
MEG_11228|Metals|Mercury_resistance|Mercury_resistance_protein|MERB,A,52,C
MEG_11228|Metals|Mercury_resistance|Mercury_resistance_protein|MERB,A,159,C
MEG_11228|Metals|Mercury_resistance|Mercury_resistance_protein|MERB,G,423,T
MEG_11228|Metals|Mercury_resistance|Mercury_resistance_protein|MERB,A,560,G
MEG_3846|Metals|Mercury_resistance|Mercury_resistance_protein|MERB,A,17,C
MEG_3846|Metals|Mercury_resistance|Mercury_resistance_protein|MERB,T,57,G
MEG_3846|Metals|Mercury_resistance|Mercury_resistance_protein|MERB,C,81,A
MEG_3846|Metals|Mercury_resistance|Mercury_resistance_protein|MERB,C,246,G
MEG_3846|Metals|Mercury_resistance|Mercury_resistance_protein|MERB,A,313,G
MEG_3846|Metals|Mercury_resistance|Mercury_resistance_protein|MERB,A,328,C
MEG_3846|Metals|Mercury_resistance|Mercury_resistance_protein|MERB,T,437,C
MEG_3846|Metals|Mercury_resistance|Mercury_resistance_protein|MERB,A,552,C
MEG_3846|Metals|Mercury_resistance|Mercury_resistance_protein|MERB,A,617,C
MEG_3843|Metals|Mercury_resistance|Mercury_resistance_protein|MERA,A,30,T
MEG_3843|Metals|Mercury_resistance|Mercury_resistance_protein|MERA,G,197,T
MEG_3843|Metals|Mercury_resistance|Mercury_resistance_protein|MERA,T,408,C
MEG_3843|Metals|Mercury_resistance|Mercury_resistance_protein|MERA,C,450,A
MEG_3843|Metals|Mercury_resistance|Mercury_resistance_protein|MERA,A,549,T
MEG_3843|Metals|Mercury_resistance|Mercury_resistance_protein|MERA,T,862,G
MEG_3843|Metals|Mercury_resistance|Mercury_resistance_protein|MERA,T,1006,G
MEG_3843|Metals|Mercury_resistance|Mercury_resistance_protein|MERA,G,1075,T
MEG_3843|Metals|Mercury_resistance|Mercury_resistance_protein|MERA,G,1137,C
MEG_3843|Metals|Mercury_resistance|Mercury_resistance_protein|MERA,T,1172,A
MEG_3873|Metals|Mercury_resistance|Mercury_resistance_protein|MERP,G,146,A
MEG_3873|Metals|Mercury_resistance|Mercury_resistance_protein|MERP,C,216,G
MEG_3876|Metals|Mercury_resistance|Mercury_resistance_protein|MERP,G,184,T
MEG_3896|Metals|Mercury_resistance|Mercury_resistance_protein|MERT,G,180,T
MEG_3896|Metals|Mercury_resistance|Mercury_resistance_protein|MERT,T,252,G
MEG_3851|Metals|Mercury_resistance|Mercury_resistance_protein|MERB,G,133,C
MEG_3851|Metals|Mercury_resistance|Mercury_resistance_protein|MERB,A,530,T
MEG_3874|Metals|Mercury_resistance|Mercury_resistance_protein|MERP,A,8,C
MEG_3874|Metals|Mercury_resistance|Mercury_resistance_protein|MERP,G,12,C
MEG_3874|Metals|Mercury_resistance|Mercury_resistance_protein|MERP,C,171,G
MEG_3874|Metals|Mercury_resistance|Mercury_resistance_protein|MERP,C,176,A
MEG_3874|Metals|Mercury_resistance|Mercury_resistance_protein|MERP,G,199,T
MEG_3874|Metals|Mercury_resistance|Mercury_resistance_protein|MERP,G,215,T
MEG_3874|Metals|Mercury_resistance|Mercury_resistance_protein|MERP,G,241,C
MEG_3874|Metals|Mercury_resistance|Mercury_resistance_protein|MERP,G,251,A
MEG_3887|Metals|Mercury_resistance|Mercury_resistance_regulator|MERR2,A,274,C
MEG_3887|Metals|Mercury_resistance|Mercury_resistance_regulator|MERR2,G,342,A
MEG_3887|Metals|Mercury_resistance|Mercury_resistance_regulator|MERR2,G,430,A
MEG_3883|Metals|Mercury_resistance|Mercury_resistance_regulator|MERR,C,100,G
MEG_3883|Metals|Mercury_resistance|Mercury_resistance_regulator|MERR,A,149,G
MEG_3883|Metals|Mercury_resistance|Mercury_resistance_regulator|MERR,C,176,G
MEG_3883|Metals|Mercury_resistance|Mercury_resistance_regulator|MERR,G,257,A
MEG_3883|Metals|Mercury_resistance|Mercury_resistance_regulator|MERR,C,285,A
MEG_3883|Metals|Mercury_resistance|Mercury_resistance_regulator|MERR,C,347,G
MEG_3883|Metals|Mercury_resistance|Mercury_resistance_regulator|MERR,C,348,G
MEG_3878|Metals|Mercury_resistance|Mercury_resistance_protein|MERP,T,5,C
MEG_3878|Metals|Mercury_resistance|Mercury_resistance_protein|MERP,G,52,A
MEG_3878|Metals|Mercury_resistance|Mercury_resistance_protein|MERP,C,74,G
MEG_3878|Metals|Mercury_resistance|Mercury_resistance_protein|MERP,G,150,C
MEG_3878|Metals|Mercury_resistance|Mercury_resistance_protein|MERP,G,175,A
MEG_3878|Metals|Mercury_resistance|Mercury_resistance_protein|MERP,T,197,G
MEG_3878|Metals|Mercury_resistance|Mercury_resistance_protein|MERP,A,203,T
MEG_3878|Metals|Mercury_resistance|Mercury_resistance_protein|MERP,G,216,A
MEG_3878|Metals|Mercury_resistance|Mercury_resistance_protein|MERP,T,332,C
MEG_3888|Metals|Mercury_resistance|Mercury_resistance_regulator|MERR2,A,23,T
MEG_3888|Metals|Mercury_resistance|Mercury_resistance_regulator|MERR2,A,42,C
MEG_3888|Metals|Mercury_resistance|Mercury_resistance_regulator|MERR2,T,59,G
MEG_3888|Metals|Mercury_resistance|Mercury_resistance_regulator|MERR2,A,99,G
MEG_3888|Metals|Mercury_resistance|Mercury_resistance_regulator|MERR2,A,140,T
MEG_3888|Metals|Mercury_resistance|Mercury_resistance_regulator|MERR2,C,259,A
MEG_3888|Metals|Mercury_resistance|Mercury_resistance_regulator|MERR2,A,274,C
MEG_3888|Metals|Mercury_resistance|Mercury_resistance_regulator|MERR2,A,275,G
MEG_3888|Metals|Mercury_resistance|Mercury_resistance_regulator|MERR2,G,375,C
MEG_3888|Metals|Mercury_resistance|Mercury_resistance_regulator|MERR2,A,387,G
MEG_3894|Metals|Mercury_resistance|Mercury_resistance_protein|MERT,T,4,C
MEG_3894|Metals|Mercury_resistance|Mercury_resistance_protein|MERT,G,119,T
MEG_3881|Metals|Mercury_resistance|Mercury_resistance_regulator|MERR,A,82,C
MEG_3881|Metals|Mercury_resistance|Mercury_resistance_regulator|MERR,T,83,G
MEG_3881|Metals|Mercury_resistance|Mercury_resistance_regulator|MERR,A,154,T
MEG_3881|Metals|Mercury_resistance|Mercury_resistance_regulator|MERR,C,160,A
MEG_3881|Metals|Mercury_resistance|Mercury_resistance_regulator|MERR,A,166,C
MEG_3881|Metals|Mercury_resistance|Mercury_resistance_regulator|MERR,C,251,A
MEG_3863|Metals|Mercury_resistance|Mercury_resistance_regulator|MERD,A,230,C
MEG_3863|Metals|Mercury_resistance|Mercury_resistance_regulator|MERD,T,267,A
MEG_3863|Metals|Mercury_resistance|Mercury_resistance_regulator|MERD,A,331,T
MEG_3863|Metals|Mercury_resistance|Mercury_resistance_regulator|MERD,C,361,G
MEG_3871|Metals|Mercury_resistance|Mercury_resistance_protein|MERG,A,13,T
MEG_3871|Metals|Mercury_resistance|Mercury_resistance_protein|MERG,A,170,G
MEG_3871|Metals|Mercury_resistance|Mercury_resistance_protein|MERG,A,251,G
MEG_3871|Metals|Mercury_resistance|Mercury_resistance_protein|MERG,C,412,T
MEG_3871|Metals|Mercury_resistance|Mercury_resistance_protein|MERG,G,471,C
MEG_3871|Metals|Mercury_resistance|Mercury_resistance_protein|MERG,G,532,T
MEG_3871|Metals|Mercury_resistance|Mercury_resistance_protein|MERG,C,551,G
MEG_3871|Metals|Mercury_resistance|Mercury_resistance_protein|MERG,C,554,G
MEG_3875|Metals|Mercury_resistance|Mercury_resistance_protein|MERP,G,63,T
MEG_3875|Metals|Mercury_resistance|Mercury_resistance_protein|MERP,A,156,T
MEG_3877|Metals|Mercury_resistance|Mercury_resistance_protein|MERP,T,52,G
MEG_3877|Metals|Mercury_resistance|Mercury_resistance_protein|MERP,T,169,C
MEG_3877|Metals|Mercury_resistance|Mercury_resistance_protein|MERP,A,211,G
MEG_3884|Metals|Mercury_resistance|Mercury_resistance_regulator|MERR,G,3,T
MEG_3884|Metals|Mercury_resistance|Mercury_resistance_regulator|MERR,A,17,T
MEG_3884|Metals|Mercury_resistance|Mercury_resistance_regulator|MERR,T,37,C
MEG_3884|Metals|Mercury_resistance|Mercury_resistance_regulator|MERR,G,134,C
MEG_3884|Metals|Mercury_resistance|Mercury_resistance_regulator|MERR,A,238,G
MEG_3884|Metals|Mercury_resistance|Mercury_resistance_regulator|MERR,A,281,G
MEG_3884|Metals|Mercury_resistance|Mercury_resistance_regulator|MERR,T,349,A
MEG_3884|Metals|Mercury_resistance|Mercury_resistance_regulator|MERR,T,351,C
MEG_3884|Metals|Mercury_resistance|Mercury_resistance_regulator|MERR,T,447,A
MEG_3884|Metals|Mercury_resistance|Mercury_resistance_regulator|MERR,T,453,A
MEG_3895|Metals|Mercury_resistance|Mercury_resistance_protein|MERT,A,1,C
MEG_3895|Metals|Mercury_resistance|Mercury_resistance_protein|MERT,A,24,T
MEG_3895|Metals|Mercury_resistance|Mercury_resistance_protein|MERT,A,75,T
MEG_3895|Metals|Mercury_resistance|Mercury_resistance_protein|MERT,C,111,G
MEG_3895|Metals|Mercury_resistance|Mercury_resistance_protein|MERT,T,142,G
MEG_3895|Metals|Mercury_resistance|Mercury_resistance_protein|MERT,G,207,T
MEG_3895|Metals|Mercury_resistance|Mercury_resistance_protein|MERT,A,220,G
MEG_3895|Metals|Mercury_resistance|Mercury_resistance_protein|MERT,T,287,G
MEG_3853|Metals|Mercury_resistance|Mercury_resistance_protein|MERB,T,23,A
MEG_3853|Metals|Mercury_resistance|Mercury_resistance_protein|MERB,T,79,G
MEG_3853|Metals|Mercury_resistance|Mercury_resistance_protein|MERB,T,97,A
MEG_3853|Metals|Mercury_resistance|Mercury_resistance_protein|MERB,A,127,G
MEG_3853|Metals|Mercury_resistance|Mercury_resistance_protein|MERB,G,214,T
MEG_3853|Metals|Mercury_resistance|Mercury_resistance_protein|MERB,A,266,T
MEG_3853|Metals|Mercury_resistance|Mercury_resistance_protein|MERB,G,571,A
MEG_3853|Metals|Mercury_resistance|Mercury_resistance_protein|MERB,T,594,G
MEG_3853|Metals|Mercury_resistance|Mercury_resistance_protein|MERB,T,646,A
MEG_3856|Metals|Mercury_resistance|Mercury_resistance_protein|MERB,T,309,A
MEG_3856|Metals|Mercury_resistance|Mercury_resistance_protein|MERB,C,331,G
MEG_3856|Metals|Mercury_resistance|Mercury_resistance_protein|MERB,A,515,T
MEG_3856|Metals|Mercury_resistance|Mercury_resistance_protein|MERB,G,548,A
MEG_3864|Metals|Mercury_resistance|Mercury_resistance_regulator|MERD,T,32,G
MEG_3864|Metals|Mercury_resistance|Mercury_resistance_regulator|MERD,G,101,T
MEG_3864|Metals|Mercury_resistance|Mercury_resistance_regulator|MERD,G,108,C
MEG_3864|Metals|Mercury_resistance|Mercury_resistance_regulator|MERD,T,158,C
MEG_3864|Metals|Mercury_resistance|Mercury_resistance_regulator|MERD,G,213,C
MEG_3864|Metals|Mercury_resistance|Mercury_resistance_regulator|MERD,A,331,T
MEG_3864|Metals|Mercury_resistance|Mercury_resistance_regulator|MERD,G,339,T
MEG_3864|Metals|Mercury_resistance|Mercury_resistance_regulator|MERD,G,340,T
MEG_3864|Metals|Mercury_resistance|Mercury_resistance_regulator|MERD,A,355,T
MEG_3897|Metals|Mercury_resistance|Mercury_resistance_protein|MERT,C,116,A
MEG_3897|Metals|Mercury_resistance|Mercury_resistance_protein|MERT,C,145,T
MEG_3897|Metals|Mercury_resistance|Mercury_resistance_protein|MERT,G,198,A
MEG_3897|Metals|Mercury_resistance|Mercury_resistance_protein|MERT,T,251,C
MEG_3897|Metals|Mercury_resistance|Mercury_resistance_protein|MERT,T,260,G
MEG_3897|Metals|Mercury_resistance|Mercury_resistance_protein|MERT,A,334,T
MEG_3868|Metals|Mercury_resistance|Mercury_resistance_protein|MERE,C,80,T
MEG_3868|Metals|Mercury_resistance|Mercury_resistance_protein|MERE,T,116,G
MEG_3868|Metals|Mercury_resistance|Mercury_resistance_protein|MERE,G,181,A
MEG_3868|Metals|Mercury_resistance|Mercury_resistance_protein|MERE,G,216,T
MEG_3868|Metals|Mercury_resistance|Mercury_resistance_protein|MERE,T,228,A
MEG_3847|Metals|Mercury_resistance|Mercury_resistance_protein|MERB,C,336,T
MEG_3847|Metals|Mercury_resistance|Mercury_resistance_protein|MERB,C,339,A
MEG_3847|Metals|Mercury_resistance|Mercury_resistance_protein|MERB,A,357,T
MEG_3847|Metals|Mercury_resistance|Mercury_resistance_protein|MERB,G,592,C
MEG_3870|Metals|Mercury_resistance|Mercury_resistance_protein|MERF,T,29,A
MEG_3870|Metals|Mercury_resistance|Mercury_resistance_protein|MERF,T,63,G
MEG_3870|Metals|Mercury_resistance|Mercury_resistance_protein|MERF,T,87,C
MEG_3870|Metals|Mercury_resistance|Mercury_resistance_protein|MERF,C,102,T
MEG_3870|Metals|Mercury_resistance|Mercury_resistance_protein|MERF,A,118,G
MEG_3870|Metals|Mercury_resistance|Mercury_resistance_protein|MERF,C,123,T
MEG_3870|Metals|Mercury_resistance|Mercury_resistance_protein|MERF,T,176,A
MEG_3870|Metals|Mercury_resistance|Mercury_resistance_protein|MERF,C,183,G
MEG_3870|Metals|Mercury_resistance|Mercury_resistance_protein|MERF,C,220,G
MEG_3849|Metals|Mercury_resistance|Mercury_resistance_protein|MERB,A,9,G
MEG_3849|Metals|Mercury_resistance|Mercury_resistance_protein|MERB,G,12,T
MEG_3849|Metals|Mercury_resistance|Mercury_resistance_protein|MERB,T,44,G
MEG_3849|Metals|Mercury_resistance|Mercury_resistance_protein|MERB,G,63,C
MEG_3849|Metals|Mercury_resistance|Mercury_resistance_protein|MERB,G,84,T
MEG_3849|Metals|Mercury_resistance|Mercury_resistance_protein|MERB,T,230,C
MEG_3849|Metals|Mercury_resistance|Mercury_resistance_protein|MERB,C,358,G
MEG_3849|Metals|Mercury_resistance|Mercury_resistance_protein|MERB,A,567,G
MEG_3849|Metals|Mercury_resistance|Mercury_resistance_protein|MERB,G,636,T
MEG_3849|Metals|Mercury_resistance|Mercury_resistance_protein|MERB,T,638,A
MEG_3869|Metals|Mercury_resistance|Mercury_resistance_protein|MERF,A,134,T
MEG_3867|Metals|Mercury_resistance|Mercury_resistance_protein|MERE,A,8,T
MEG_3867|Metals|Mercury_resistance|Mercury_resistance_protein|MERE,G,17,C
MEG_3867|Metals|Mercury_resistance|Mercury_resistance_protein|MERE,G,64,T
MEG_3867|Metals|Mercury_resistance|Mercury_resistance_protein|MERE,C,90,A
MEG_3867|Metals|Mercury_resistance|Mercury_resistance_protein|MERE,T,95,C
MEG_3867|Metals|Mercury_resistance|Mercury_resistance_protein|MERE,A,100,T
MEG_3867|Metals|Mercury_resistance|Mercury_resistance_protein|MERE,A,124,G
MEG_3867|Metals|Mercury_resistance|Mercury_resistance_protein|MERE,G,173,C
MEG_3867|Metals|Mercury_resistance|Mercury_resistance_protein|MERE,T,185,C
MEG_3867|Metals|Mercury_resistance|Mercury_resistance_protein|MERE,C,197,A
MEG_3880|Metals|Mercury_resistance|Mercury_resistance_regulator|MERR,C,107,T
MEG_3880|Metals|Mercury_resistance|Mercury_resistance_regulator|MERR,G,160,A
MEG_3880|Metals|Mercury_resistance|Mercury_resistance_regulator|MERR,C,379,G
MEG_3880|Metals|Mercury_resistance|Mercury_resistance_regulator|MERR,A,425,T
MEG_3862|Metals|Mercury_resistance|Mercury_resistance_regulator|MERD,A,46,C
MEG_3862|Metals|Mercury_resistance|Mercury_resistance_regulator|MERD,G,310,T
MEG_3885|Metals|Mercury_resistance|Mercury_resistance_regulator|MERR1,A,149,T
MEG_3885|Metals|Mercury_resistance|Mercury_resistance_regulator|MERR1,A,186,G
MEG_3885|Metals|Mercury_resistance|Mercury_resistance_regulator|MERR1,A,266,G
MEG_3885|Metals|Mercury_resistance|Mercury_resistance_regulator|MERR1,A,356,C
MEG_3859|Metals|Mercury_resistance|Mercury_resistance_protein|MERC,G,34,T
MEG_3859|Metals|Mercury_resistance|Mercury_resistance_protein|MERC,T,187,A
MEG_3890|Metals|Mercury_resistance|Mercury_resistance_protein|MERT,A,5,T
MEG_3890|Metals|Mercury_resistance|Mercury_resistance_protein|MERT,A,16,T
MEG_3890|Metals|Mercury_resistance|Mercury_resistance_protein|MERT,T,24,A
MEG_3890|Metals|Mercury_resistance|Mercury_resistance_protein|MERT,T,35,A
MEG_3890|Metals|Mercury_resistance|Mercury_resistance_protein|MERT,G,43,A
MEG_3890|Metals|Mercury_resistance|Mercury_resistance_protein|MERT,G,156,C
MEG_3890|Metals|Mercury_resistance|Mercury_resistance_protein|MERT,A,195,T
MEG_3890|Metals|Mercury_resistance|Mercury_resistance_protein|MERT,A,207,C
MEG_3890|Metals|Mercury_resistance|Mercury_resistance_protein|MERT,A,321,G
MEG_3890|Metals|Mercury_resistance|Mercury_resistance_protein|MERT,G,518,A
MEG_3855|Metals|Mercury_resistance|Mercury_resistance_protein|MERB,A,38,T
MEG_3855|Metals|Mercury_resistance|Mercury_resistance_protein|MERB,A,139,T
MEG_3855|Metals|Mercury_resistance|Mercury_resistance_protein|MERB,G,208,C
MEG_3855|Metals|Mercury_resistance|Mercury_resistance_protein|MERB,A,291,G
MEG_3855|Metals|Mercury_resistance|Mercury_resistance_protein|MERB,T,300,G
MEG_3855|Metals|Mercury_resistance|Mercury_resistance_protein|MERB,G,388,T
MEG_3855|Metals|Mercury_resistance|Mercury_resistance_protein|MERB,A,463,G
MEG_3855|Metals|Mercury_resistance|Mercury_resistance_protein|MERB,A,626,G
MEG_3855|Metals|Mercury_resistance|Mercury_resistance_protein|MERB,T,633,C
MEG_3852|Metals|Mercury_resistance|Mercury_resistance_protein|MERB,T,34,C
MEG_3852|Metals|Mercury_resistance|Mercury_resistance_protein|MERB,G,53,A
MEG_3852|Metals|Mercury_resistance|Mercury_resistance_protein|MERB,T,119,A
MEG_3852|Metals|Mercury_resistance|Mercury_resistance_protein|MERB,T,128,G
MEG_3852|Metals|Mercury_resistance|Mercury_resistance_protein|MERB,A,348,T
MEG_3852|Metals|Mercury_resistance|Mercury_resistance_protein|MERB,G,377,T
MEG_3852|Metals|Mercury_resistance|Mercury_resistance_protein|MERB,T,601,A
MEG_3865|Metals|Mercury_resistance|Mercury_resistance_regulator|MERD,T,139,G
MEG_3865|Metals|Mercury_resistance|Mercury_resistance_regulator|MERD,G,174,C
MEG_3865|Metals|Mercury_resistance|Mercury_resistance_regulator|MERD,A,236,T
MEG_3865|Metals|Mercury_resistance|Mercury_resistance_regulator|MERD,C,268,G
MEG_3865|Metals|Mercury_resistance|Mercury_resistance_regulator|MERD,A,291,G
MEG_3865|Metals|Mercury_resistance|Mercury_resistance_regulator|MERD,C,338,A
MEG_4178|Drugs|Metronidazole|nim_nitroimidazole_reductase|NIMA,A,6,C
MEG_4178|Drugs|Metronidazole|nim_nitroimidazole_reductase|NIMA,C,161,T
MEG_4178|Drugs|Metronidazole|nim_nitroimidazole_reductase|NIMA,T,209,G
MEG_4178|Drugs|Metronidazole|nim_nitroimidazole_reductase|NIMA,A,210,C
MEG_4178|Drugs|Metronidazole|nim_nitroimidazole_reductase|NIMA,A,256,G
MEG_4178|Drugs|Metronidazole|nim_nitroimidazole_reductase|NIMA,A,436,C
MEG_4178|Drugs|Metronidazole|nim_nitroimidazole_reductase|NIMA,A,439,C
MEG_4178|Drugs|Metronidazole|nim_nitroimidazole_reductase|NIMA,C,445,A
MEG_4178|Drugs|Metronidazole|nim_nitroimidazole_reductase|NIMA,G,447,C
MEG_4178|Drugs|Metronidazole|nim_nitroimidazole_reductase|NIMA,G,453,A
MEG_4179|Drugs|Metronidazole|nim_nitroimidazole_reductase|NIMA,G,481,A
MEG_4180|Drugs|Metronidazole|nim_nitroimidazole_reductase|NIMB,T,4,G
MEG_4180|Drugs|Metronidazole|nim_nitroimidazole_reductase|NIMB,C,102,T
MEG_4180|Drugs|Metronidazole|nim_nitroimidazole_reductase|NIMB,C,300,A
MEG_4180|Drugs|Metronidazole|nim_nitroimidazole_reductase|NIMB,G,316,T
MEG_4180|Drugs|Metronidazole|nim_nitroimidazole_reductase|NIMB,A,326,T
MEG_4180|Drugs|Metronidazole|nim_nitroimidazole_reductase|NIMB,T,360,G
MEG_4180|Drugs|Metronidazole|nim_nitroimidazole_reductase|NIMB,A,464,C
MEG_4180|Drugs|Metronidazole|nim_nitroimidazole_reductase|NIMB,T,489,G
MEG_4181|Drugs|Metronidazole|nim_nitroimidazole_reductase|NIMC,C,37,A
MEG_4181|Drugs|Metronidazole|nim_nitroimidazole_reductase|NIMC,A,82,T
MEG_4181|Drugs|Metronidazole|nim_nitroimidazole_reductase|NIMC,C,113,G
MEG_4181|Drugs|Metronidazole|nim_nitroimidazole_reductase|NIMC,T,133,A
MEG_4181|Drugs|Metronidazole|nim_nitroimidazole_reductase|NIMC,T,135,A
MEG_4181|Drugs|Metronidazole|nim_nitroimidazole_reductase|NIMC,T,155,A
MEG_4181|Drugs|Metronidazole|nim_nitroimidazole_reductase|NIMC,T,240,C
MEG_4181|Drugs|Metronidazole|nim_nitroimidazole_reductase|NIMC,G,297,A
MEG_4181|Drugs|Metronidazole|nim_nitroimidazole_reductase|NIMC,G,475,A
MEG_4182|Drugs|Metronidazole|nim_nitroimidazole_reductase|NIMD,C,129,T
MEG_4182|Drugs|Metronidazole|nim_nitroimidazole_reductase|NIMD,C,175,A
MEG_4182|Drugs|Metronidazole|nim_nitroimidazole_reductase|NIMD,G,234,A
MEG_4182|Drugs|Metronidazole|nim_nitroimidazole_reductase|NIMD,A,236,T
MEG_4182|Drugs|Metronidazole|nim_nitroimidazole_reductase|NIMD,C,328,A
MEG_4183|Drugs|Metronidazole|nim_nitroimidazole_reductase|NIME,C,143,T
MEG_4183|Drugs|Metronidazole|nim_nitroimidazole_reductase|NIME,G,149,C
MEG_4183|Drugs|Metronidazole|nim_nitroimidazole_reductase|NIME,A,184,T
MEG_4183|Drugs|Metronidazole|nim_nitroimidazole_reductase|NIME,T,230,G
MEG_4183|Drugs|Metronidazole|nim_nitroimidazole_reductase|NIME,T,252,G
MEG_4183|Drugs|Metronidazole|nim_nitroimidazole_reductase|NIME,T,380,C
MEG_4183|Drugs|Metronidazole|nim_nitroimidazole_reductase|NIME,A,485,C
MEG_4183|Drugs|Metronidazole|nim_nitroimidazole_reductase|NIME,G,491,A
MEG_4184|Drugs|Metronidazole|nim_nitroimidazole_reductase|NIME,A,65,T
MEG_4184|Drugs|Metronidazole|nim_nitroimidazole_reductase|NIME,C,127,G
MEG_4184|Drugs|Metronidazole|nim_nitroimidazole_reductase|NIME,G,201,C
MEG_4184|Drugs|Metronidazole|nim_nitroimidazole_reductase|NIME,C,218,T
MEG_4184|Drugs|Metronidazole|nim_nitroimidazole_reductase|NIME,G,286,A
MEG_4184|Drugs|Metronidazole|nim_nitroimidazole_reductase|NIME,G,292,C
MEG_4184|Drugs|Metronidazole|nim_nitroimidazole_reductase|NIME,A,326,C
MEG_4184|Drugs|Metronidazole|nim_nitroimidazole_reductase|NIME,T,382,G
MEG_4184|Drugs|Metronidazole|nim_nitroimidazole_reductase|NIME,G,421,T
MEG_4185|Drugs|Metronidazole|nim_nitroimidazole_reductase|NIME,T,5,G
MEG_4185|Drugs|Metronidazole|nim_nitroimidazole_reductase|NIME,A,99,T
MEG_4185|Drugs|Metronidazole|nim_nitroimidazole_reductase|NIME,T,117,C
MEG_4185|Drugs|Metronidazole|nim_nitroimidazole_reductase|NIME,A,294,C
MEG_4185|Drugs|Metronidazole|nim_nitroimidazole_reductase|NIME,C,341,G
MEG_4185|Drugs|Metronidazole|nim_nitroimidazole_reductase|NIME,A,386,C
MEG_4185|Drugs|Metronidazole|nim_nitroimidazole_reductase|NIME,A,431,G
MEG_4186|Drugs|Metronidazole|nim_nitroimidazole_reductase|NIMF,T,290,C
MEG_4186|Drugs|Metronidazole|nim_nitroimidazole_reductase|NIMF,A,359,T
MEG_4186|Drugs|Metronidazole|nim_nitroimidazole_reductase|NIMF,C,373,T
MEG_4186|Drugs|Metronidazole|nim_nitroimidazole_reductase|NIMF,A,453,G
MEG_4187|Drugs|Metronidazole|nim_nitroimidazole_reductase|NIMH,T,2,A
MEG_4187|Drugs|Metronidazole|nim_nitroimidazole_reductase|NIMH,A,29,C
MEG_4187|Drugs|Metronidazole|nim_nitroimidazole_reductase|NIMH,A,81,G
MEG_4187|Drugs|Metronidazole|nim_nitroimidazole_reductase|NIMH,G,131,C
MEG_4187|Drugs|Metronidazole|nim_nitroimidazole_reductase|NIMH,A,355,G
MEG_4188|Drugs|Metronidazole|nim_nitroimidazole_reductase|NIMI,A,207,G
MEG_4188|Drugs|Metronidazole|nim_nitroimidazole_reductase|NIMI,C,210,G
MEG_4188|Drugs|Metronidazole|nim_nitroimidazole_reductase|NIMI,A,380,T
MEG_4188|Drugs|Metronidazole|nim_nitroimidazole_reductase|NIMI,C,470,T
MEG_4188|Drugs|Metronidazole|nim_nitroimidazole_reductase|NIMI,A,479,T
MEG_4188|Drugs|Metronidazole|nim_nitroimidazole_reductase|NIMI,G,487,C
MEG_4189|Drugs|Metronidazole|nim_nitroimidazole_reductase|NIMI,C,276,A
MEG_4190|Drugs|Metronidazole|nim_nitroimidazole_reductase|NIMI,A,81,G
MEG_4190|Drugs|Metronidazole|nim_nitroimidazole_reductase|NIMI,A,176,C
MEG_4190|Drugs|Metronidazole|nim_nitroimidazole_reductase|NIMI,C,235,A
MEG_4190|Drugs|Metronidazole|nim_nitroimidazole_reductase|NIMI,T,363,G
MEG_4190|Drugs|Metronidazole|nim_nitroimidazole_reductase|NIMI,A,374,C
MEG_4191|Drugs|Metronidazole|nim_nitroimidazole_reductase|NIMI,A,209,C
MEG_4191|Drugs|Metronidazole|nim_nitroimidazole_reductase|NIMI,T,309,G
MEG_4191|Drugs|Metronidazole|nim_nitroimidazole_reductase|NIMI,C,408,A
MEG_4191|Drugs|Metronidazole|nim_nitroimidazole_reductase|NIMI,C,414,T
MEG_4192|Drugs|Metronidazole|nim_nitroimidazole_reductase|NIMI,T,5,G
MEG_4193|Drugs|Metronidazole|nim_nitroimidazole_reductase|NIMI,T,21,A
MEG_4193|Drugs|Metronidazole|nim_nitroimidazole_reductase|NIMI,C,90,T
MEG_4193|Drugs|Metronidazole|nim_nitroimidazole_reductase|NIMI,C,119,T
MEG_4193|Drugs|Metronidazole|nim_nitroimidazole_reductase|NIMI,C,144,A
MEG_4193|Drugs|Metronidazole|nim_nitroimidazole_reductase|NIMI,C,247,G
MEG_4193|Drugs|Metronidazole|nim_nitroimidazole_reductase|NIMI,T,259,G
MEG_4193|Drugs|Metronidazole|nim_nitroimidazole_reductase|NIMI,A,260,C
MEG_4193|Drugs|Metronidazole|nim_nitroimidazole_reductase|NIMI,G,313,A
MEG_4194|Drugs|Metronidazole|nim_nitroimidazole_reductase|NIMJ,G,56,T
MEG_4194|Drugs|Metronidazole|nim_nitroimidazole_reductase|NIMJ,G,85,T
MEG_4194|Drugs|Metronidazole|nim_nitroimidazole_reductase|NIMJ,A,172,T
MEG_4194|Drugs|Metronidazole|nim_nitroimidazole_reductase|NIMJ,A,209,T
MEG_4194|Drugs|Metronidazole|nim_nitroimidazole_reductase|NIMJ,C,307,T
MEG_4194|Drugs|Metronidazole|nim_nitroimidazole_reductase|NIMJ,G,355,A
MEG_4194|Drugs|Metronidazole|nim_nitroimidazole_reductase|NIMJ,A,383,G
MEG_4194|Drugs|Metronidazole|nim_nitroimidazole_reductase|NIMJ,G,385,A
MEG_4194|Drugs|Metronidazole|nim_nitroimidazole_reductase|NIMJ,C,386,T
MEG_4194|Drugs|Metronidazole|nim_nitroimidazole_reductase|NIMJ,G,420,T
MEG_8662|Drugs|Metronidazole|rdxA_nitroimidazole_reductase|RDXA,G,509,A
MEG_8271|Drugs|Metronidazole|nim_nitroimidazole_reductase|NIMG,G,178,A
MEG_8271|Drugs|Metronidazole|nim_nitroimidazole_reductase|NIMG,T,180,G
MEG_8271|Drugs|Metronidazole|nim_nitroimidazole_reductase|NIMG,C,279,T
MEG_8272|Drugs|Metronidazole|nim_nitroimidazole_reductase|NIMK,G,72,C
MEG_8272|Drugs|Metronidazole|nim_nitroimidazole_reductase|NIMK,A,130,G
MEG_8272|Drugs|Metronidazole|nim_nitroimidazole_reductase|NIMK,A,140,T
MEG_8272|Drugs|Metronidazole|nim_nitroimidazole_reductase|NIMK,A,182,G
MEG_8272|Drugs|Metronidazole|nim_nitroimidazole_reductase|NIMK,T,260,G
MEG_8272|Drugs|Metronidazole|nim_nitroimidazole_reductase|NIMK,A,323,T
MEG_8272|Drugs|Metronidazole|nim_nitroimidazole_reductase|NIMK,A,396,C
MEG_9965|Drugs|Metronidazole|nim_nitroimidazole_reductase|NIMH,T,18,C
MEG_9965|Drugs|Metronidazole|nim_nitroimidazole_reductase|NIMH,T,29,G
MEG_9965|Drugs|Metronidazole|nim_nitroimidazole_reductase|NIMH,G,43,C
MEG_9965|Drugs|Metronidazole|nim_nitroimidazole_reductase|NIMH,C,99,A
MEG_9965|Drugs|Metronidazole|nim_nitroimidazole_reductase|NIMH,C,109,G
MEG_9965|Drugs|Metronidazole|nim_nitroimidazole_reductase|NIMH,G,166,A
MEG_9965|Drugs|Metronidazole|nim_nitroimidazole_reductase|NIMH,C,361,G
MEG_9965|Drugs|Metronidazole|nim_nitroimidazole_reductase|NIMH,G,364,C
MEG_9965|Drugs|Metronidazole|nim_nitroimidazole_reductase|NIMH,G,414,A
MEG_9982|Drugs|Metronidazole|nim_nitroimidazole_reductase|NIMB,A,140,C
MEG_11494|Drugs|Metronidazole|nim_nitroimidazole_reductase|NIMI,A,23,G
MEG_11494|Drugs|Metronidazole|nim_nitroimidazole_reductase|NIMI,T,35,G
MEG_11494|Drugs|Metronidazole|nim_nitroimidazole_reductase|NIMI,A,67,T
MEG_11494|Drugs|Metronidazole|nim_nitroimidazole_reductase|NIMI,G,70,T
MEG_11494|Drugs|Metronidazole|nim_nitroimidazole_reductase|NIMI,C,119,A
MEG_11494|Drugs|Metronidazole|nim_nitroimidazole_reductase|NIMI,G,178,A
MEG_11494|Drugs|Metronidazole|nim_nitroimidazole_reductase|NIMI,G,286,A
MEG_11494|Drugs|Metronidazole|nim_nitroimidazole_reductase|NIMI,A,436,C
MEG_11495|Drugs|Metronidazole|nim_nitroimidazole_reductase|NIMI,T,133,G
MEG_11495|Drugs|Metronidazole|nim_nitroimidazole_reductase|NIMI,G,167,C
MEG_11495|Drugs|Metronidazole|nim_nitroimidazole_reductase|NIMI,G,169,A
MEG_11495|Drugs|Metronidazole|nim_nitroimidazole_reductase|NIMI,C,267,G
MEG_11495|Drugs|Metronidazole|nim_nitroimidazole_reductase|NIMI,C,279,T
MEG_11495|Drugs|Metronidazole|nim_nitroimidazole_reductase|NIMI,C,307,A
MEG_11495|Drugs|Metronidazole|nim_nitroimidazole_reductase|NIMI,G,356,A
MEG_11495|Drugs|Metronidazole|nim_nitroimidazole_reductase|NIMI,C,465,T
MEG_11495|Drugs|Metronidazole|nim_nitroimidazole_reductase|NIMI,A,478,G
MEG_11496|Drugs|Metronidazole|nim_nitroimidazole_reductase|NIMI,A,403,G
MEG_11496|Drugs|Metronidazole|nim_nitroimidazole_reductase|NIMI,G,410,C
MEG_11496|Drugs|Metronidazole|nim_nitroimidazole_reductase|NIMI,G,428,T
MEG_11497|Drugs|Metronidazole|nim_nitroimidazole_reductase|NIMI,G,106,A
MEG_11497|Drugs|Metronidazole|nim_nitroimidazole_reductase|NIMI,T,128,G
MEG_11497|Drugs|Metronidazole|nim_nitroimidazole_reductase|NIMI,A,146,G
MEG_11497|Drugs|Metronidazole|nim_nitroimidazole_reductase|NIMI,A,260,G
MEG_11497|Drugs|Metronidazole|nim_nitroimidazole_reductase|NIMI,C,320,T
MEG_11497|Drugs|Metronidazole|nim_nitroimidazole_reductase|NIMI,C,442,T
MEG_11498|Drugs|Metronidazole|nim_nitroimidazole_reductase|NIMI,G,15,A
MEG_11498|Drugs|Metronidazole|nim_nitroimidazole_reductase|NIMI,A,262,T
MEG_11498|Drugs|Metronidazole|nim_nitroimidazole_reductase|NIMI,C,295,T
MEG_11498|Drugs|Metronidazole|nim_nitroimidazole_reductase|NIMI,G,396,T
MEG_11498|Drugs|Metronidazole|nim_nitroimidazole_reductase|NIMI,A,448,T
MEG_11498|Drugs|Metronidazole|nim_nitroimidazole_reductase|NIMI,C,492,G
MEG_11499|Drugs|Metronidazole|nim_nitroimidazole_reductase|NIME,C,74,A
MEG_11499|Drugs|Metronidazole|nim_nitroimidazole_reductase|NIME,A,191,T
MEG_11499|Drugs|Metronidazole|nim_nitroimidazole_reductase|NIME,A,196,G
MEG_11499|Drugs|Metronidazole|nim_nitroimidazole_reductase|NIME,G,226,T
MEG_11499|Drugs|Metronidazole|nim_nitroimidazole_reductase|NIME,T,342,C
MEG_11499|Drugs|Metronidazole|nim_nitroimidazole_reductase|NIME,G,348,T
MEG_11499|Drugs|Metronidazole|nim_nitroimidazole_reductase|NIME,A,355,G
MEG_11499|Drugs|Metronidazole|nim_nitroimidazole_reductase|NIME,C,408,A
MEG_11500|Drugs|Metronidazole|nim_nitroimidazole_reductase|NIMH,T,85,C
MEG_11500|Drugs|Metronidazole|nim_nitroimidazole_reductase|NIMH,C,150,A
MEG_11500|Drugs|Metronidazole|nim_nitroimidazole_reductase|NIMH,A,393,G
MEG_11500|Drugs|Metronidazole|nim_nitroimidazole_reductase|NIMH,G,438,A
MEG_11500|Drugs|Metronidazole|nim_nitroimidazole_reductase|NIMH,T,492,C
MEG_11505|Drugs|Metronidazole|nim_nitroimidazole_reductase|NIMF,A,315,T
MEG_11505|Drugs|Metronidazole|nim_nitroimidazole_reductase|NIMF,A,390,C
MEG_11505|Drugs|Metronidazole|nim_nitroimidazole_reductase|NIMF,A,424,C
MEG_11505|Drugs|Metronidazole|nim_nitroimidazole_reductase|NIMF,A,429,C
MEG_11505|Drugs|Metronidazole|nim_nitroimidazole_reductase|NIMF,A,468,T
MEG_4203|Biocides|Paraquat_resistance|Paraquat_resistance_protein|NMPC,A,275,C
MEG_4203|Biocides|Paraquat_resistance|Paraquat_resistance_protein|NMPC,C,333,A
MEG_4203|Biocides|Paraquat_resistance|Paraquat_resistance_protein|NMPC,G,344,A
MEG_4203|Biocides|Paraquat_resistance|Paraquat_resistance_protein|NMPC,G,373,A
MEG_4203|Biocides|Paraquat_resistance|Paraquat_resistance_protein|NMPC,T,455,C
MEG_4203|Biocides|Paraquat_resistance|Paraquat_resistance_protein|NMPC,A,472,C
MEG_4203|Biocides|Paraquat_resistance|Paraquat_resistance_protein|NMPC,A,620,G
MEG_4203|Biocides|Paraquat_resistance|Paraquat_resistance_protein|NMPC,A,1000,T
MEG_4203|Biocides|Paraquat_resistance|Paraquat_resistance_protein|NMPC,C,1014,G
MEG_4204|Biocides|Paraquat_resistance|Paraquat_resistance_protein|NMPC,C,144,T
MEG_4204|Biocides|Paraquat_resistance|Paraquat_resistance_protein|NMPC,G,361,A
MEG_4204|Biocides|Paraquat_resistance|Paraquat_resistance_protein|NMPC,C,377,A
MEG_4204|Biocides|Paraquat_resistance|Paraquat_resistance_protein|NMPC,C,459,G
MEG_4204|Biocides|Paraquat_resistance|Paraquat_resistance_protein|NMPC,T,460,C
MEG_4204|Biocides|Paraquat_resistance|Paraquat_resistance_protein|NMPC,C,521,A
MEG_4204|Biocides|Paraquat_resistance|Paraquat_resistance_protein|NMPC,A,549,T
MEG_4204|Biocides|Paraquat_resistance|Paraquat_resistance_protein|NMPC,G,626,C
MEG_4204|Biocides|Paraquat_resistance|Paraquat_resistance_protein|NMPC,C,735,A
MEG_4204|Biocides|Paraquat_resistance|Paraquat_resistance_protein|NMPC,A,755,T
MEG_7817|Biocides|Paraquat_resistance|Paraquat_efflux_pump|YDDG,C,795,G
MEG_4214|Drugs|Aminocoumarins|Aminocoumarin_efflux_pump|NOVA,A,115,C
MEG_4214|Drugs|Aminocoumarins|Aminocoumarin_efflux_pump|NOVA,A,624,T
MEG_4214|Drugs|Aminocoumarins|Aminocoumarin_efflux_pump|NOVA,T,1562,A
MEG_4214|Drugs|Aminocoumarins|Aminocoumarin_efflux_pump|NOVA,A,1742,T
MEG_5396|Drugs|Aminocoumarins|Aminocoumarin-resistant_DNA_topoisomerases|PARY,C,12,A
MEG_5396|Drugs|Aminocoumarins|Aminocoumarin-resistant_DNA_topoisomerases|PARY,G,916,T
MEG_5396|Drugs|Aminocoumarins|Aminocoumarin-resistant_DNA_topoisomerases|PARY,G,954,T
MEG_5396|Drugs|Aminocoumarins|Aminocoumarin-resistant_DNA_topoisomerases|PARY,A,1088,T
MEG_5396|Drugs|Aminocoumarins|Aminocoumarin-resistant_DNA_topoisomerases|PARY,G,1467,A
MEG_5396|Drugs|Aminocoumarins|Aminocoumarin-resistant_DNA_topoisomerases|PARY,C,1779,A
MEG_5396|Drugs|Aminocoumarins|Aminocoumarin-resistant_DNA_topoisomerases|PARY,C,2048,A
MEG_4222|Drugs|Thiopeptides|Thiostrepton_23S_rRNA_methyltransferases|NSHR,T,6,G
MEG_4222|Drugs|Thiopeptides|Thiostrepton_23S_rRNA_methyltransferases|NSHR,T,31,G
MEG_4222|Drugs|Thiopeptides|Thiostrepton_23S_rRNA_methyltransferases|NSHR,T,233,A
MEG_4222|Drugs|Thiopeptides|Thiostrepton_23S_rRNA_methyltransferases|NSHR,C,453,G
MEG_4222|Drugs|Thiopeptides|Thiostrepton_23S_rRNA_methyltransferases|NSHR,G,760,A
MEG_7285|Drugs|Thiopeptides|Thiostrepton_23S_rRNA_methyltransferases|TSNR,A,219,G
MEG_7285|Drugs|Thiopeptides|Thiostrepton_23S_rRNA_methyltransferases|TSNR,A,257,T
MEG_7285|Drugs|Thiopeptides|Thiostrepton_23S_rRNA_methyltransferases|TSNR,G,298,A
MEG_7285|Drugs|Thiopeptides|Thiostrepton_23S_rRNA_methyltransferases|TSNR,T,626,C
MEG_7001|Drugs|Tetracyclines|Tetracycline_resistance_MFS_efflux_pumps|TET48,A,27,T
MEG_7001|Drugs|Tetracyclines|Tetracycline_resistance_MFS_efflux_pumps|TET48,G,77,A
MEG_7001|Drugs|Tetracyclines|Tetracycline_resistance_MFS_efflux_pumps|TET48,C,449,A
MEG_7001|Drugs|Tetracyclines|Tetracycline_resistance_MFS_efflux_pumps|TET48,C,610,A
MEG_7001|Drugs|Tetracyclines|Tetracycline_resistance_MFS_efflux_pumps|TET48,C,660,A
MEG_7001|Drugs|Tetracyclines|Tetracycline_resistance_MFS_efflux_pumps|TET48,T,957,C
MEG_7001|Drugs|Tetracyclines|Tetracycline_resistance_MFS_efflux_pumps|TET48,G,964,A
MEG_7203|Drugs|Tetracyclines|Tetracycline_resistance_ribosomal_protection_proteins|TETT,T,188,A
MEG_7203|Drugs|Tetracyclines|Tetracycline_resistance_ribosomal_protection_proteins|TETT,G,247,T
MEG_7203|Drugs|Tetracyclines|Tetracycline_resistance_ribosomal_protection_proteins|TETT,A,1581,T
MEG_6977|Drugs|Tetracyclines|Tetracycline_resistance_MFS_efflux_pumps|TET35,G,218,C
MEG_6977|Drugs|Tetracyclines|Tetracycline_resistance_MFS_efflux_pumps|TET35,T,299,G
MEG_6977|Drugs|Tetracyclines|Tetracycline_resistance_MFS_efflux_pumps|TET35,C,357,A
MEG_6977|Drugs|Tetracyclines|Tetracycline_resistance_MFS_efflux_pumps|TET35,C,790,A
MEG_6977|Drugs|Tetracyclines|Tetracycline_resistance_MFS_efflux_pumps|TET35,A,832,T
MEG_7212|Drugs|Tetracyclines|Tetracycline_resistance_ribosomal_protection_proteins|TETW,A,862,C
MEG_7212|Drugs|Tetracyclines|Tetracycline_resistance_ribosomal_protection_proteins|TETW,G,1134,A
MEG_6995|Drugs|Tetracyclines|Tetracycline_resistance_MFS_efflux_pumps|TET42,G,26,C
MEG_6995|Drugs|Tetracyclines|Tetracycline_resistance_MFS_efflux_pumps|TET42,T,62,G
MEG_6995|Drugs|Tetracyclines|Tetracycline_resistance_MFS_efflux_pumps|TET42,G,208,A
MEG_6995|Drugs|Tetracyclines|Tetracycline_resistance_MFS_efflux_pumps|TET42,G,245,T
MEG_6995|Drugs|Tetracyclines|Tetracycline_resistance_MFS_efflux_pumps|TET42,C,957,G
MEG_6995|Drugs|Tetracyclines|Tetracycline_resistance_MFS_efflux_pumps|TET42,G,1120,T
MEG_6995|Drugs|Tetracyclines|Tetracycline_resistance_MFS_efflux_pumps|TET42,C,1151,G
MEG_7059|Drugs|Tetracyclines|Tetracycline_resistance_MFS_efflux_pumps|TETC,G,184,C
MEG_7059|Drugs|Tetracyclines|Tetracycline_resistance_MFS_efflux_pumps|TETC,C,538,T
MEG_7059|Drugs|Tetracyclines|Tetracycline_resistance_MFS_efflux_pumps|TETC,A,669,T
MEG_7059|Drugs|Tetracyclines|Tetracycline_resistance_MFS_efflux_pumps|TETC,C,779,T
MEG_7059|Drugs|Tetracyclines|Tetracycline_resistance_MFS_efflux_pumps|TETC,C,1174,A
MEG_7133|Drugs|Tetracyclines|Tetracycline_resistance_ribosomal_protection_proteins|TETM,T,378,C
MEG_7133|Drugs|Tetracyclines|Tetracycline_resistance_ribosomal_protection_proteins|TETM,C,1328,A
MEG_7113|Drugs|Tetracyclines|Tetracycline_resistance_ribosomal_protection_proteins|TETM,G,1073,A
MEG_7113|Drugs|Tetracyclines|Tetracycline_resistance_ribosomal_protection_proteins|TETM,T,1453,G
MEG_7113|Drugs|Tetracyclines|Tetracycline_resistance_ribosomal_protection_proteins|TETM,G,1510,C
MEG_7113|Drugs|Tetracyclines|Tetracycline_resistance_ribosomal_protection_proteins|TETM,A,1872,T
MEG_7209|Drugs|Tetracyclines|Tetracycline_resistance_ribosomal_protection_proteins|TETW,T,274,G
MEG_7209|Drugs|Tetracyclines|Tetracycline_resistance_ribosomal_protection_proteins|TETW,A,541,C
MEG_7209|Drugs|Tetracyclines|Tetracycline_resistance_ribosomal_protection_proteins|TETW,C,894,A
MEG_7209|Drugs|Tetracyclines|Tetracycline_resistance_ribosomal_protection_proteins|TETW,C,975,A
MEG_7209|Drugs|Tetracyclines|Tetracycline_resistance_ribosomal_protection_proteins|TETW,C,1142,T
MEG_7209|Drugs|Tetracyclines|Tetracycline_resistance_ribosomal_protection_proteins|TETW,T,1165,A
MEG_7209|Drugs|Tetracyclines|Tetracycline_resistance_ribosomal_protection_proteins|TETW,T,1322,A
MEG_7209|Drugs|Tetracyclines|Tetracycline_resistance_ribosomal_protection_proteins|TETW,G,1476,T
MEG_7209|Drugs|Tetracyclines|Tetracycline_resistance_ribosomal_protection_proteins|TETW,T,1853,C
MEG_7178|Drugs|Tetracyclines|Tetracycline_resistance_ribosomal_protection_proteins|TETQ,A,48,T
MEG_7178|Drugs|Tetracyclines|Tetracycline_resistance_ribosomal_protection_proteins|TETQ,G,1161,T
MEG_7178|Drugs|Tetracyclines|Tetracycline_resistance_ribosomal_protection_proteins|TETQ,T,1304,C
MEG_7178|Drugs|Tetracyclines|Tetracycline_resistance_ribosomal_protection_proteins|TETQ,T,1629,C
MEG_7178|Drugs|Tetracyclines|Tetracycline_resistance_ribosomal_protection_proteins|TETQ,A,1921,T
MEG_7092|Drugs|Tetracyclines|Tetracycline_resistance_MFS_efflux_pumps|TETL,A,586,T
MEG_7092|Drugs|Tetracyclines|Tetracycline_resistance_MFS_efflux_pumps|TETL,A,716,G
MEG_7092|Drugs|Tetracyclines|Tetracycline_resistance_MFS_efflux_pumps|TETL,A,746,C
MEG_7092|Drugs|Tetracyclines|Tetracycline_resistance_MFS_efflux_pumps|TETL,T,1058,C
MEG_7011|Drugs|Tetracyclines|Tetracycline_resistance_MFS_efflux_pumps|TET58,T,80,G
MEG_7011|Drugs|Tetracyclines|Tetracycline_resistance_MFS_efflux_pumps|TET58,G,122,T
MEG_7011|Drugs|Tetracyclines|Tetracycline_resistance_MFS_efflux_pumps|TET58,C,191,G
MEG_7011|Drugs|Tetracyclines|Tetracycline_resistance_MFS_efflux_pumps|TET58,T,660,A
MEG_7011|Drugs|Tetracyclines|Tetracycline_resistance_MFS_efflux_pumps|TET58,T,741,G
MEG_7011|Drugs|Tetracyclines|Tetracycline_resistance_MFS_efflux_pumps|TET58,A,877,G
MEG_7011|Drugs|Tetracyclines|Tetracycline_resistance_MFS_efflux_pumps|TET58,C,981,A
MEG_7011|Drugs|Tetracyclines|Tetracycline_resistance_MFS_efflux_pumps|TET58,G,1000,T
MEG_7160|Drugs|Tetracyclines|Tetracycline_resistance_ribosomal_protection_proteins|TETO,A,87,C
MEG_7160|Drugs|Tetracyclines|Tetracycline_resistance_ribosomal_protection_proteins|TETO,C,169,A
MEG_7160|Drugs|Tetracyclines|Tetracycline_resistance_ribosomal_protection_proteins|TETO,C,270,G
MEG_7160|Drugs|Tetracyclines|Tetracycline_resistance_ribosomal_protection_proteins|TETO,A,453,T
MEG_7160|Drugs|Tetracyclines|Tetracycline_resistance_ribosomal_protection_proteins|TETO,T,583,G
MEG_7160|Drugs|Tetracyclines|Tetracycline_resistance_ribosomal_protection_proteins|TETO,T,1196,A
MEG_7160|Drugs|Tetracyclines|Tetracycline_resistance_ribosomal_protection_proteins|TETO,A,1278,T
MEG_7160|Drugs|Tetracyclines|Tetracycline_resistance_ribosomal_protection_proteins|TETO,A,1412,T
MEG_7160|Drugs|Tetracyclines|Tetracycline_resistance_ribosomal_protection_proteins|TETO,A,1739,C
MEG_7160|Drugs|Tetracyclines|Tetracycline_resistance_ribosomal_protection_proteins|TETO,A,1829,G
MEG_7247|Drugs|Tetracyclines|Tetracycline_resistance_MFS_efflux_pumps|TETZ,C,21,G
MEG_7247|Drugs|Tetracyclines|Tetracycline_resistance_MFS_efflux_pumps|TETZ,C,501,G
MEG_7247|Drugs|Tetracyclines|Tetracycline_resistance_MFS_efflux_pumps|TETZ,C,591,T
MEG_7247|Drugs|Tetracyclines|Tetracycline_resistance_MFS_efflux_pumps|TETZ,C,625,A
MEG_7247|Drugs|Tetracyclines|Tetracycline_resistance_MFS_efflux_pumps|TETZ,T,950,G
MEG_7235|Drugs|Tetracyclines|Tetracycline_resistance_ribosomal_protection_proteins|TETW,A,331,T
MEG_7235|Drugs|Tetracyclines|Tetracycline_resistance_ribosomal_protection_proteins|TETW,G,622,T
MEG_7235|Drugs|Tetracyclines|Tetracycline_resistance_ribosomal_protection_proteins|TETW,T,624,G
MEG_7235|Drugs|Tetracyclines|Tetracycline_resistance_ribosomal_protection_proteins|TETW,C,826,A
MEG_7235|Drugs|Tetracyclines|Tetracycline_resistance_ribosomal_protection_proteins|TETW,C,1183,T
MEG_7235|Drugs|Tetracyclines|Tetracycline_resistance_ribosomal_protection_proteins|TETW,T,1406,C
MEG_7235|Drugs|Tetracyclines|Tetracycline_resistance_ribosomal_protection_proteins|TETW,T,1746,C
MEG_7235|Drugs|Tetracyclines|Tetracycline_resistance_ribosomal_protection_proteins|TETW,T,1819,G
MEG_7081|Drugs|Tetracyclines|Tetracycline_resistance_MFS_efflux_pumps|TETG,T,131,G
MEG_7081|Drugs|Tetracyclines|Tetracycline_resistance_MFS_efflux_pumps|TETG,T,165,A
MEG_7081|Drugs|Tetracyclines|Tetracycline_resistance_MFS_efflux_pumps|TETG,G,386,T
MEG_7081|Drugs|Tetracyclines|Tetracycline_resistance_MFS_efflux_pumps|TETG,T,641,C
MEG_7081|Drugs|Tetracyclines|Tetracycline_resistance_MFS_efflux_pumps|TETG,G,779,T
MEG_7081|Drugs|Tetracyclines|Tetracycline_resistance_MFS_efflux_pumps|TETG,G,802,A
MEG_7081|Drugs|Tetracyclines|Tetracycline_resistance_MFS_efflux_pumps|TETG,T,832,A
MEG_7081|Drugs|Tetracyclines|Tetracycline_resistance_MFS_efflux_pumps|TETG,C,874,T
MEG_7081|Drugs|Tetracyclines|Tetracycline_resistance_MFS_efflux_pumps|TETG,G,909,T
MEG_7081|Drugs|Tetracyclines|Tetracycline_resistance_MFS_efflux_pumps|TETG,T,1120,A
MEG_11510|Drugs|Tetracyclines|Tetracycline_resistance_ribosomal_protection_proteins|TETO,G,1066,T
MEG_7243|Drugs|Tetracyclines|Tetracycline_inactivation_enzymes|TETX,A,969,G
MEG_7015|Drugs|Tetracyclines|Tetracycline_resistance_MFS_efflux_pumps|TETA,T,72,A
MEG_7015|Drugs|Tetracyclines|Tetracycline_resistance_MFS_efflux_pumps|TETA,C,210,A
MEG_7015|Drugs|Tetracyclines|Tetracycline_resistance_MFS_efflux_pumps|TETA,G,606,C
MEG_7015|Drugs|Tetracyclines|Tetracycline_resistance_MFS_efflux_pumps|TETA,T,778,C
MEG_7015|Drugs|Tetracyclines|Tetracycline_resistance_MFS_efflux_pumps|TETA,A,1193,T
MEG_7045|Drugs|Tetracyclines|Tetracycline_resistance_MFS_efflux_pumps|TETB,A,189,G
MEG_7045|Drugs|Tetracyclines|Tetracycline_resistance_MFS_efflux_pumps|TETB,G,660,C
MEG_7045|Drugs|Tetracyclines|Tetracycline_resistance_MFS_efflux_pumps|TETB,C,661,A
MEG_7045|Drugs|Tetracyclines|Tetracycline_resistance_MFS_efflux_pumps|TETB,T,677,C
MEG_7045|Drugs|Tetracyclines|Tetracycline_resistance_MFS_efflux_pumps|TETB,T,748,A
MEG_7045|Drugs|Tetracyclines|Tetracycline_resistance_MFS_efflux_pumps|TETB,T,1052,G
MEG_7219|Drugs|Tetracyclines|Tetracycline_resistance_ribosomal_protection_proteins|TETW,A,84,T
MEG_7219|Drugs|Tetracyclines|Tetracycline_resistance_ribosomal_protection_proteins|TETW,T,162,A
MEG_7219|Drugs|Tetracyclines|Tetracycline_resistance_ribosomal_protection_proteins|TETW,C,263,A
MEG_7219|Drugs|Tetracyclines|Tetracycline_resistance_ribosomal_protection_proteins|TETW,C,393,G
MEG_7219|Drugs|Tetracyclines|Tetracycline_resistance_ribosomal_protection_proteins|TETW,T,432,G
MEG_7219|Drugs|Tetracyclines|Tetracycline_resistance_ribosomal_protection_proteins|TETW,A,645,G
MEG_7219|Drugs|Tetracyclines|Tetracycline_resistance_ribosomal_protection_proteins|TETW,G,724,C
MEG_7219|Drugs|Tetracyclines|Tetracycline_resistance_ribosomal_protection_proteins|TETW,T,809,G
MEG_6983|Drugs|Tetracyclines|Tetracycline_resistance_MFS_efflux_pumps|TET38,G,659,T
MEG_6983|Drugs|Tetracyclines|Tetracycline_resistance_MFS_efflux_pumps|TET38,T,798,A
MEG_6983|Drugs|Tetracyclines|Tetracycline_resistance_MFS_efflux_pumps|TET38,T,1050,A
MEG_7036|Drugs|Tetracyclines|Tetracycline_resistance_ABC_efflux_pumps|TETA60,T,228,A
MEG_7036|Drugs|Tetracyclines|Tetracycline_resistance_ABC_efflux_pumps|TETA60,C,473,T
MEG_7036|Drugs|Tetracyclines|Tetracycline_resistance_ABC_efflux_pumps|TETA60,A,853,G
MEG_7036|Drugs|Tetracyclines|Tetracycline_resistance_ABC_efflux_pumps|TETA60,T,935,A
MEG_7036|Drugs|Tetracyclines|Tetracycline_resistance_ABC_efflux_pumps|TETA60,C,1004,G
MEG_7036|Drugs|Tetracyclines|Tetracycline_resistance_ABC_efflux_pumps|TETA60,C,1394,G
MEG_7036|Drugs|Tetracyclines|Tetracycline_resistance_ABC_efflux_pumps|TETA60,T,1547,C
MEG_7028|Drugs|Tetracyclines|Tetracycline_resistance_MFS_efflux_pumps|TETA,G,228,T
MEG_7028|Drugs|Tetracyclines|Tetracycline_resistance_MFS_efflux_pumps|TETA,C,537,A
MEG_7028|Drugs|Tetracyclines|Tetracycline_resistance_MFS_efflux_pumps|TETA,G,714,T
MEG_7028|Drugs|Tetracyclines|Tetracycline_resistance_MFS_efflux_pumps|TETA,A,796,C
MEG_7028|Drugs|Tetracyclines|Tetracycline_resistance_MFS_efflux_pumps|TETA,G,802,T
MEG_7028|Drugs|Tetracyclines|Tetracycline_resistance_MFS_efflux_pumps|TETA,A,894,T
MEG_7028|Drugs|Tetracyclines|Tetracycline_resistance_MFS_efflux_pumps|TETA,G,1170,T
MEG_7074|Drugs|Tetracyclines|Tetracycline_resistance_MFS_efflux_pumps|TETE,T,27,A
MEG_7074|Drugs|Tetracyclines|Tetracycline_resistance_MFS_efflux_pumps|TETE,A,113,T
MEG_7074|Drugs|Tetracyclines|Tetracycline_resistance_MFS_efflux_pumps|TETE,T,326,A
MEG_7074|Drugs|Tetracyclines|Tetracycline_resistance_MFS_efflux_pumps|TETE,G,637,A
MEG_7074|Drugs|Tetracyclines|Tetracycline_resistance_MFS_efflux_pumps|TETE,A,649,G
MEG_7074|Drugs|Tetracyclines|Tetracycline_resistance_MFS_efflux_pumps|TETE,A,1063,C
MEG_7074|Drugs|Tetracyclines|Tetracycline_resistance_MFS_efflux_pumps|TETE,T,1130,C
MEG_7074|Drugs|Tetracyclines|Tetracycline_resistance_MFS_efflux_pumps|TETE,A,1174,G
MEG_7074|Drugs|Tetracyclines|Tetracycline_resistance_MFS_efflux_pumps|TETE,A,1178,G
MEG_7042|Drugs|Tetracyclines|Tetracycline_resistance_MFS_efflux_pumps|TETB,C,199,T
MEG_7042|Drugs|Tetracyclines|Tetracycline_resistance_MFS_efflux_pumps|TETB,A,551,C
MEG_7042|Drugs|Tetracyclines|Tetracycline_resistance_MFS_efflux_pumps|TETB,T,619,G
MEG_7042|Drugs|Tetracyclines|Tetracycline_resistance_MFS_efflux_pumps|TETB,A,725,G
MEG_7042|Drugs|Tetracyclines|Tetracycline_resistance_MFS_efflux_pumps|TETB,T,1064,C
MEG_7009|Drugs|Tetracyclines|Tetracycline_resistance_MFS_efflux_pumps|TET56,A,69,G
MEG_7009|Drugs|Tetracyclines|Tetracycline_resistance_MFS_efflux_pumps|TET56,C,158,T
MEG_7009|Drugs|Tetracyclines|Tetracycline_resistance_MFS_efflux_pumps|TET56,A,388,C
MEG_7009|Drugs|Tetracyclines|Tetracycline_resistance_MFS_efflux_pumps|TET56,G,601,T
MEG_7009|Drugs|Tetracyclines|Tetracycline_resistance_MFS_efflux_pumps|TET56,T,799,A
MEG_7009|Drugs|Tetracyclines|Tetracycline_resistance_MFS_efflux_pumps|TET56,G,868,A
MEG_7009|Drugs|Tetracyclines|Tetracycline_resistance_MFS_efflux_pumps|TET56,T,1009,A
MEG_7184|Drugs|Tetracyclines|Tetracycline_resistance_ribosomal_protection_proteins|TETQ,G,172,C
MEG_7184|Drugs|Tetracyclines|Tetracycline_resistance_ribosomal_protection_proteins|TETQ,G,730,A
MEG_7184|Drugs|Tetracyclines|Tetracycline_resistance_ribosomal_protection_proteins|TETQ,C,775,T
MEG_7184|Drugs|Tetracyclines|Tetracycline_resistance_ribosomal_protection_proteins|TETQ,T,896,A
MEG_7184|Drugs|Tetracyclines|Tetracycline_resistance_ribosomal_protection_proteins|TETQ,C,933,A
MEG_7184|Drugs|Tetracyclines|Tetracycline_resistance_ribosomal_protection_proteins|TETQ,A,1070,G
MEG_7184|Drugs|Tetracyclines|Tetracycline_resistance_ribosomal_protection_proteins|TETQ,G,1442,A
MEG_7184|Drugs|Tetracyclines|Tetracycline_resistance_ribosomal_protection_proteins|TETQ,A,1912,T
MEG_4383|Drugs|Tetracyclines|Tetracycline_resistance_ABC_efflux_pumps|OTRC,A,16,T
MEG_4383|Drugs|Tetracyclines|Tetracycline_resistance_ABC_efflux_pumps|OTRC,C,100,A
MEG_4383|Drugs|Tetracyclines|Tetracycline_resistance_ABC_efflux_pumps|OTRC,G,335,T
MEG_4383|Drugs|Tetracyclines|Tetracycline_resistance_ABC_efflux_pumps|OTRC,T,341,C
MEG_4383|Drugs|Tetracyclines|Tetracycline_resistance_ABC_efflux_pumps|OTRC,G,553,C
MEG_4383|Drugs|Tetracyclines|Tetracycline_resistance_ABC_efflux_pumps|OTRC,A,776,G
MEG_10189|Drugs|Tetracyclines|Tetracycline_resistance_ABC_efflux_pumps|TETA60,A,1127,C
MEG_10189|Drugs|Tetracyclines|Tetracycline_resistance_ABC_efflux_pumps|TETA60,A,1514,T
MEG_10189|Drugs|Tetracyclines|Tetracycline_resistance_ABC_efflux_pumps|TETA60,G,1685,C
MEG_7182|Drugs|Tetracyclines|Tetracycline_resistance_ribosomal_protection_proteins|TETQ,T,726,A
MEG_7182|Drugs|Tetracyclines|Tetracycline_resistance_ribosomal_protection_proteins|TETQ,T,742,C
MEG_7182|Drugs|Tetracyclines|Tetracycline_resistance_ribosomal_protection_proteins|TETQ,A,1221,G
MEG_7182|Drugs|Tetracyclines|Tetracycline_resistance_ribosomal_protection_proteins|TETQ,G,1315,C
MEG_7182|Drugs|Tetracyclines|Tetracycline_resistance_ribosomal_protection_proteins|TETQ,A,1331,C
MEG_7182|Drugs|Tetracyclines|Tetracycline_resistance_ribosomal_protection_proteins|TETQ,T,1346,A
MEG_7182|Drugs|Tetracyclines|Tetracycline_resistance_ribosomal_protection_proteins|TETQ,G,1869,A
MEG_7182|Drugs|Tetracyclines|Tetracycline_resistance_ribosomal_protection_proteins|TETQ,T,1905,G
MEG_7182|Drugs|Tetracyclines|Tetracycline_resistance_ribosomal_protection_proteins|TETQ,T,1976,G
MEG_7182|Drugs|Tetracyclines|Tetracycline_resistance_ribosomal_protection_proteins|TETQ,A,2012,T
MEG_7159|Drugs|Tetracyclines|Tetracycline_resistance_ribosomal_protection_proteins|TETO,T,389,C
MEG_7159|Drugs|Tetracyclines|Tetracycline_resistance_ribosomal_protection_proteins|TETO,G,632,A
MEG_7159|Drugs|Tetracyclines|Tetracycline_resistance_ribosomal_protection_proteins|TETO,A,696,G
MEG_7159|Drugs|Tetracyclines|Tetracycline_resistance_ribosomal_protection_proteins|TETO,T,1121,G
MEG_7159|Drugs|Tetracyclines|Tetracycline_resistance_ribosomal_protection_proteins|TETO,A,1133,G
MEG_7159|Drugs|Tetracyclines|Tetracycline_resistance_ribosomal_protection_proteins|TETO,G,1230,T
MEG_7159|Drugs|Tetracyclines|Tetracycline_resistance_ribosomal_protection_proteins|TETO,A,1517,C
MEG_7237|Drugs|Tetracyclines|Tetracycline_resistance_ribosomal_protection_proteins|TETW,G,104,C
MEG_7237|Drugs|Tetracyclines|Tetracycline_resistance_ribosomal_protection_proteins|TETW,T,941,G
MEG_7237|Drugs|Tetracyclines|Tetracycline_resistance_ribosomal_protection_proteins|TETW,A,1176,T
MEG_7237|Drugs|Tetracyclines|Tetracycline_resistance_ribosomal_protection_proteins|TETW,A,1281,C
MEG_7237|Drugs|Tetracyclines|Tetracycline_resistance_ribosomal_protection_proteins|TETW,G,1439,C
MEG_7013|Drugs|Tetracyclines|Tetracycline_resistance_MFS_efflux_pumps|TET59,C,153,G
MEG_7013|Drugs|Tetracyclines|Tetracycline_resistance_MFS_efflux_pumps|TET59,T,444,G
MEG_7013|Drugs|Tetracyclines|Tetracycline_resistance_MFS_efflux_pumps|TET59,T,515,C
MEG_7013|Drugs|Tetracyclines|Tetracycline_resistance_MFS_efflux_pumps|TET59,G,925,T
MEG_7013|Drugs|Tetracyclines|Tetracycline_resistance_MFS_efflux_pumps|TET59,A,1047,T
MEG_8718|Drugs|Tetracyclines|Tetracycline_inactivation_enzymes|TETX,T,715,C
MEG_8718|Drugs|Tetracyclines|Tetracycline_inactivation_enzymes|TETX,A,739,T
MEG_8718|Drugs|Tetracyclines|Tetracycline_inactivation_enzymes|TETX,A,909,T
MEG_11466|Drugs|Tetracyclines|Tetracycline_resistance_MFS_efflux_pumps|TETE,C,545,G
MEG_7144|Drugs|Tetracyclines|Tetracycline_resistance_ribosomal_protection_proteins|TETM,C,232,G
MEG_7144|Drugs|Tetracyclines|Tetracycline_resistance_ribosomal_protection_proteins|TETM,C,416,G
MEG_7144|Drugs|Tetracyclines|Tetracycline_resistance_ribosomal_protection_proteins|TETM,A,477,C
MEG_7140|Drugs|Tetracyclines|Tetracycline_resistance_ribosomal_protection_proteins|TETM,T,11,C
MEG_7140|Drugs|Tetracyclines|Tetracycline_resistance_ribosomal_protection_proteins|TETM,A,611,T
MEG_7140|Drugs|Tetracyclines|Tetracycline_resistance_ribosomal_protection_proteins|TETM,A,862,C
MEG_7140|Drugs|Tetracyclines|Tetracycline_resistance_ribosomal_protection_proteins|TETM,A,867,C
MEG_7140|Drugs|Tetracyclines|Tetracycline_resistance_ribosomal_protection_proteins|TETM,C,1029,G
MEG_7140|Drugs|Tetracyclines|Tetracycline_resistance_ribosomal_protection_proteins|TETM,A,1422,G
MEG_7140|Drugs|Tetracyclines|Tetracycline_resistance_ribosomal_protection_proteins|TETM,T,1805,A
MEG_7140|Drugs|Tetracyclines|Tetracycline_resistance_ribosomal_protection_proteins|TETM,C,1864,G
MEG_7140|Drugs|Tetracyclines|Tetracycline_resistance_ribosomal_protection_proteins|TETM,T,1878,A
MEG_7158|Drugs|Tetracyclines|Tetracycline_resistance_ribosomal_protection_proteins|TETO,A,214,T
MEG_7158|Drugs|Tetracyclines|Tetracycline_resistance_ribosomal_protection_proteins|TETO,G,559,A
MEG_7158|Drugs|Tetracyclines|Tetracycline_resistance_ribosomal_protection_proteins|TETO,T,689,A
MEG_7158|Drugs|Tetracyclines|Tetracycline_resistance_ribosomal_protection_proteins|TETO,G,1511,T
MEG_7158|Drugs|Tetracyclines|Tetracycline_resistance_ribosomal_protection_proteins|TETO,A,1522,C
MEG_7158|Drugs|Tetracyclines|Tetracycline_resistance_ribosomal_protection_proteins|TETO,C,1539,G
MEG_7158|Drugs|Tetracyclines|Tetracycline_resistance_ribosomal_protection_proteins|TETO,T,1892,A
MEG_9971|Drugs|Tetracyclines|Tetracycline_resistance_MFS_efflux_pumps|TET62,C,112,T
MEG_9971|Drugs|Tetracyclines|Tetracycline_resistance_MFS_efflux_pumps|TET62,G,367,A
MEG_9971|Drugs|Tetracyclines|Tetracycline_resistance_MFS_efflux_pumps|TET62,G,613,T
MEG_9971|Drugs|Tetracyclines|Tetracycline_resistance_MFS_efflux_pumps|TET62,T,616,A
MEG_9971|Drugs|Tetracyclines|Tetracycline_resistance_MFS_efflux_pumps|TET62,A,643,G
MEG_9971|Drugs|Tetracyclines|Tetracycline_resistance_MFS_efflux_pumps|TET62,C,1005,A
MEG_9971|Drugs|Tetracyclines|Tetracycline_resistance_MFS_efflux_pumps|TET62,T,1009,A
MEG_9971|Drugs|Tetracyclines|Tetracycline_resistance_MFS_efflux_pumps|TET62,T,1019,C
MEG_9971|Drugs|Tetracyclines|Tetracycline_resistance_MFS_efflux_pumps|TET62,G,1052,A
MEG_5410|Metals|Lead_resistance|Lead_P-type_ATPase_transporter|PBRA,C,427,G
MEG_5410|Metals|Lead_resistance|Lead_P-type_ATPase_transporter|PBRA,G,442,T
MEG_5410|Metals|Lead_resistance|Lead_P-type_ATPase_transporter|PBRA,G,537,C
MEG_5410|Metals|Lead_resistance|Lead_P-type_ATPase_transporter|PBRA,G,1344,T
MEG_5410|Metals|Lead_resistance|Lead_P-type_ATPase_transporter|PBRA,A,1758,T
MEG_5410|Metals|Lead_resistance|Lead_P-type_ATPase_transporter|PBRA,G,1837,T
MEG_5410|Metals|Lead_resistance|Lead_P-type_ATPase_transporter|PBRA,G,2170,A
MEG_5410|Metals|Lead_resistance|Lead_P-type_ATPase_transporter|PBRA,T,2261,C
MEG_5411|Metals|Lead_resistance|Lead_P-type_ATPase_transporter|PBRB,G,90,C
MEG_5411|Metals|Lead_resistance|Lead_P-type_ATPase_transporter|PBRB,T,287,C
MEG_5411|Metals|Lead_resistance|Lead_P-type_ATPase_transporter|PBRB,T,801,G
MEG_5412|Metals|Lead_resistance|Lead_P-type_ATPase_transporter|PBRD,C,5,G
MEG_5412|Metals|Lead_resistance|Lead_P-type_ATPase_transporter|PBRD,A,245,C
MEG_5412|Metals|Lead_resistance|Lead_P-type_ATPase_transporter|PBRD,C,307,T
MEG_5412|Metals|Lead_resistance|Lead_P-type_ATPase_transporter|PBRD,C,450,G
MEG_5412|Metals|Lead_resistance|Lead_P-type_ATPase_transporter|PBRD,T,508,C
MEG_5412|Metals|Lead_resistance|Lead_P-type_ATPase_transporter|PBRD,G,672,A
MEG_5412|Metals|Lead_resistance|Lead_P-type_ATPase_transporter|PBRD,A,674,C
MEG_5412|Metals|Lead_resistance|Lead_P-type_ATPase_transporter|PBRD,A,801,C
MEG_5413|Metals|Lead_resistance|Lead_P-type_ATPase_regulator|PBRR,G,9,A
MEG_5413|Metals|Lead_resistance|Lead_P-type_ATPase_regulator|PBRR,A,53,C
MEG_5413|Metals|Lead_resistance|Lead_P-type_ATPase_regulator|PBRR,G,111,A
MEG_5413|Metals|Lead_resistance|Lead_P-type_ATPase_regulator|PBRR,A,112,T
MEG_5413|Metals|Lead_resistance|Lead_P-type_ATPase_regulator|PBRR,G,218,C
MEG_5413|Metals|Lead_resistance|Lead_P-type_ATPase_regulator|PBRR,G,223,C
MEG_5413|Metals|Lead_resistance|Lead_P-type_ATPase_regulator|PBRR,G,360,C
MEG_5413|Metals|Lead_resistance|Lead_P-type_ATPase_regulator|PBRR,G,390,C
MEG_5413|Metals|Lead_resistance|Lead_P-type_ATPase_regulator|PBRR,T,398,C
MEG_5413|Metals|Lead_resistance|Lead_P-type_ATPase_regulator|PBRR,T,445,A
MEG_5414|Metals|Lead_resistance|Lead_P-type_ATPase_transporter|PBRT,C,200,A
MEG_5414|Metals|Lead_resistance|Lead_P-type_ATPase_transporter|PBRT,C,322,G
MEG_5414|Metals|Lead_resistance|Lead_P-type_ATPase_transporter|PBRT,C,329,G
MEG_5414|Metals|Lead_resistance|Lead_P-type_ATPase_transporter|PBRT,C,338,T
MEG_5414|Metals|Lead_resistance|Lead_P-type_ATPase_transporter|PBRT,G,360,T
MEG_5414|Metals|Lead_resistance|Lead_P-type_ATPase_transporter|PBRT,C,379,A
MEG_5414|Metals|Lead_resistance|Lead_P-type_ATPase_transporter|PBRT,G,803,A
MEG_5414|Metals|Lead_resistance|Lead_P-type_ATPase_transporter|PBRT,A,866,C
MEG_5414|Metals|Lead_resistance|Lead_P-type_ATPase_transporter|PBRT,A,1057,C
MEG_5798|Multi-compound|Drug_and_metal_resistance|Drug_and_metal_MFS_efflux_pumps|PMRAM,G,114,T
MEG_5798|Multi-compound|Drug_and_metal_resistance|Drug_and_metal_MFS_efflux_pumps|PMRAM,C,178,G
MEG_5798|Multi-compound|Drug_and_metal_resistance|Drug_and_metal_MFS_efflux_pumps|PMRAM,G,262,C
MEG_5798|Multi-compound|Drug_and_metal_resistance|Drug_and_metal_MFS_efflux_pumps|PMRAM,G,274,A
MEG_5798|Multi-compound|Drug_and_metal_resistance|Drug_and_metal_MFS_efflux_pumps|PMRAM,G,360,A
MEG_5798|Multi-compound|Drug_and_metal_resistance|Drug_and_metal_MFS_efflux_pumps|PMRAM,A,389,C
MEG_5798|Multi-compound|Drug_and_metal_resistance|Drug_and_metal_MFS_efflux_pumps|PMRAM,A,417,C
MEG_5798|Multi-compound|Drug_and_metal_resistance|Drug_and_metal_MFS_efflux_pumps|PMRAM,C,424,T
MEG_5798|Multi-compound|Drug_and_metal_resistance|Drug_and_metal_MFS_efflux_pumps|PMRAM,G,504,A
MEG_5798|Multi-compound|Drug_and_metal_resistance|Drug_and_metal_MFS_efflux_pumps|PMRAM,T,559,G
MEG_5799|Multi-compound|Drug_and_metal_resistance|Drug_and_metal_MFS_efflux_pumps|PMRBM,A,122,G
MEG_5799|Multi-compound|Drug_and_metal_resistance|Drug_and_metal_MFS_efflux_pumps|PMRBM,C,295,G
MEG_5799|Multi-compound|Drug_and_metal_resistance|Drug_and_metal_MFS_efflux_pumps|PMRBM,A,532,T
MEG_5799|Multi-compound|Drug_and_metal_resistance|Drug_and_metal_MFS_efflux_pumps|PMRBM,T,764,G
MEG_5800|Multi-compound|Drug_and_metal_resistance|Drug_and_metal_MFS_efflux_pumps|PMRCM,T,245,A
MEG_5800|Multi-compound|Drug_and_metal_resistance|Drug_and_metal_MFS_efflux_pumps|PMRCM,A,305,T
MEG_5800|Multi-compound|Drug_and_metal_resistance|Drug_and_metal_MFS_efflux_pumps|PMRCM,C,966,G
MEG_5800|Multi-compound|Drug_and_metal_resistance|Drug_and_metal_MFS_efflux_pumps|PMRCM,T,1253,G
MEG_5800|Multi-compound|Drug_and_metal_resistance|Drug_and_metal_MFS_efflux_pumps|PMRCM,A,1434,T
MEG_5800|Multi-compound|Drug_and_metal_resistance|Drug_and_metal_MFS_efflux_pumps|PMRCM,A,1441,G
MEG_5800|Multi-compound|Drug_and_metal_resistance|Drug_and_metal_MFS_efflux_pumps|PMRCM,G,1485,C
MEG_5800|Multi-compound|Drug_and_metal_resistance|Drug_and_metal_MFS_efflux_pumps|PMRCM,C,1531,T
MEG_5800|Multi-compound|Drug_and_metal_resistance|Drug_and_metal_MFS_efflux_pumps|PMRCM,T,1548,G
MEG_5802|Multi-compound|Drug_and_metal_resistance|Drug_and_metal_MFS_efflux_pumps|PMRG,T,26,C
MEG_5802|Multi-compound|Drug_and_metal_resistance|Drug_and_metal_MFS_efflux_pumps|PMRG,G,345,C
MEG_5802|Multi-compound|Drug_and_metal_resistance|Drug_and_metal_MFS_efflux_pumps|PMRG,T,429,C
MEG_5802|Multi-compound|Drug_and_metal_resistance|Drug_and_metal_MFS_efflux_pumps|PMRG,T,488,G
MEG_6157|Drugs|Nucleosides|Streptothricin_acetyltransferase|SAT,T,210,A
MEG_6157|Drugs|Nucleosides|Streptothricin_acetyltransferase|SAT,G,506,T
MEG_6158|Drugs|Nucleosides|Streptothricin_acetyltransferase|SAT,A,70,T
MEG_6158|Drugs|Nucleosides|Streptothricin_acetyltransferase|SAT,T,74,A
MEG_6158|Drugs|Nucleosides|Streptothricin_acetyltransferase|SAT,T,131,A
MEG_6158|Drugs|Nucleosides|Streptothricin_acetyltransferase|SAT,A,347,G
MEG_6158|Drugs|Nucleosides|Streptothricin_acetyltransferase|SAT,T,426,A
MEG_6159|Drugs|Nucleosides|Streptothricin_acetyltransferase|SAT,A,186,C
MEG_6159|Drugs|Nucleosides|Streptothricin_acetyltransferase|SAT,G,210,A
MEG_6159|Drugs|Nucleosides|Streptothricin_acetyltransferase|SAT,C,841,T
MEG_6159|Drugs|Nucleosides|Streptothricin_acetyltransferase|SAT,A,1458,C
MEG_6160|Drugs|Nucleosides|Streptothricin_acetyltransferase|SAT,G,31,C
MEG_6161|Drugs|Nucleosides|Streptothricin_acetyltransferase|SAT,G,70,T
MEG_6161|Drugs|Nucleosides|Streptothricin_acetyltransferase|SAT,G,282,C
MEG_6161|Drugs|Nucleosides|Streptothricin_acetyltransferase|SAT,C,337,G
MEG_6161|Drugs|Nucleosides|Streptothricin_acetyltransferase|SAT,G,430,C
MEG_6161|Drugs|Nucleosides|Streptothricin_acetyltransferase|SAT,C,509,T
MEG_6162|Drugs|Nucleosides|Streptothricin_acetyltransferase|SAT,T,296,A
MEG_6162|Drugs|Nucleosides|Streptothricin_acetyltransferase|SAT,C,368,A
MEG_6163|Drugs|Nucleosides|Streptothricin_acetyltransferase|SAT,C,88,G
MEG_6163|Drugs|Nucleosides|Streptothricin_acetyltransferase|SAT,A,95,C
MEG_6163|Drugs|Nucleosides|Streptothricin_acetyltransferase|SAT,C,129,A
MEG_6163|Drugs|Nucleosides|Streptothricin_acetyltransferase|SAT,A,229,T
MEG_6163|Drugs|Nucleosides|Streptothricin_acetyltransferase|SAT,C,323,T
MEG_6164|Drugs|Nucleosides|Streptothricin_acetyltransferase|SAT,T,5,G
MEG_6164|Drugs|Nucleosides|Streptothricin_acetyltransferase|SAT,A,123,T
MEG_6164|Drugs|Nucleosides|Streptothricin_acetyltransferase|SAT,C,133,G
MEG_6164|Drugs|Nucleosides|Streptothricin_acetyltransferase|SAT,A,144,C
MEG_6164|Drugs|Nucleosides|Streptothricin_acetyltransferase|SAT,A,193,C
MEG_6164|Drugs|Nucleosides|Streptothricin_acetyltransferase|SAT,T,213,A
MEG_6164|Drugs|Nucleosides|Streptothricin_acetyltransferase|SAT,T,275,C
MEG_6164|Drugs|Nucleosides|Streptothricin_acetyltransferase|SAT,T,475,G
MEG_6165|Drugs|Nucleosides|Streptothricin_acetyltransferase|SAT,A,275,G
MEG_6166|Drugs|Nucleosides|Streptothricin_acetyltransferase|SAT,T,65,A
MEG_6166|Drugs|Nucleosides|Streptothricin_acetyltransferase|SAT,T,111,G
MEG_6166|Drugs|Nucleosides|Streptothricin_acetyltransferase|SAT,A,203,T
MEG_6166|Drugs|Nucleosides|Streptothricin_acetyltransferase|SAT,A,222,T
MEG_6166|Drugs|Nucleosides|Streptothricin_acetyltransferase|SAT,G,269,T
MEG_6166|Drugs|Nucleosides|Streptothricin_acetyltransferase|SAT,C,288,A
MEG_6166|Drugs|Nucleosides|Streptothricin_acetyltransferase|SAT,A,343,T
MEG_6166|Drugs|Nucleosides|Streptothricin_acetyltransferase|SAT,A,407,T
MEG_6167|Drugs|Nucleosides|Streptothricin_acetyltransferase|SAT,A,71,C
MEG_6167|Drugs|Nucleosides|Streptothricin_acetyltransferase|SAT,G,84,C
MEG_6167|Drugs|Nucleosides|Streptothricin_acetyltransferase|SAT,T,133,C
MEG_6167|Drugs|Nucleosides|Streptothricin_acetyltransferase|SAT,G,157,C
MEG_6167|Drugs|Nucleosides|Streptothricin_acetyltransferase|SAT,A,237,T
MEG_6167|Drugs|Nucleosides|Streptothricin_acetyltransferase|SAT,T,299,A
MEG_6167|Drugs|Nucleosides|Streptothricin_acetyltransferase|SAT,C,432,T
MEG_6168|Drugs|Nucleosides|Streptothricin_acetyltransferase|SAT,C,148,G
MEG_6168|Drugs|Nucleosides|Streptothricin_acetyltransferase|SAT,G,187,T
MEG_6168|Drugs|Nucleosides|Streptothricin_acetyltransferase|SAT,A,193,T
MEG_6168|Drugs|Nucleosides|Streptothricin_acetyltransferase|SAT,G,199,A
MEG_6168|Drugs|Nucleosides|Streptothricin_acetyltransferase|SAT,C,349,G
MEG_6168|Drugs|Nucleosides|Streptothricin_acetyltransferase|SAT,T,526,C
MEG_6169|Drugs|Nucleosides|Streptothricin_acetyltransferase|SAT,G,24,T
MEG_6169|Drugs|Nucleosides|Streptothricin_acetyltransferase|SAT,G,30,C
MEG_6169|Drugs|Nucleosides|Streptothricin_acetyltransferase|SAT,G,175,T
MEG_6169|Drugs|Nucleosides|Streptothricin_acetyltransferase|SAT,A,271,C
MEG_6169|Drugs|Nucleosides|Streptothricin_acetyltransferase|SAT,G,279,T
MEG_6169|Drugs|Nucleosides|Streptothricin_acetyltransferase|SAT,G,367,C
MEG_6169|Drugs|Nucleosides|Streptothricin_acetyltransferase|SAT,A,385,C
MEG_6169|Drugs|Nucleosides|Streptothricin_acetyltransferase|SAT,G,390,A
MEG_6169|Drugs|Nucleosides|Streptothricin_acetyltransferase|SAT,A,514,C
MEG_6170|Drugs|Nucleosides|Streptothricin_acetyltransferase|SAT,T,29,A
MEG_6170|Drugs|Nucleosides|Streptothricin_acetyltransferase|SAT,T,39,A
MEG_6170|Drugs|Nucleosides|Streptothricin_acetyltransferase|SAT,G,334,C
MEG_6170|Drugs|Nucleosides|Streptothricin_acetyltransferase|SAT,T,380,A
MEG_6170|Drugs|Nucleosides|Streptothricin_acetyltransferase|SAT,G,398,T
MEG_6170|Drugs|Nucleosides|Streptothricin_acetyltransferase|SAT,G,452,A
MEG_6170|Drugs|Nucleosides|Streptothricin_acetyltransferase|SAT,G,464,A
MEG_6170|Drugs|Nucleosides|Streptothricin_acetyltransferase|SAT,A,485,G
MEG_6170|Drugs|Nucleosides|Streptothricin_acetyltransferase|SAT,A,516,C
MEG_7262|Drugs|Nucleosides|Tunicamycin_resistance_protein|TMRB,G,20,C
MEG_7262|Drugs|Nucleosides|Tunicamycin_resistance_protein|TMRB,A,37,T
MEG_7262|Drugs|Nucleosides|Tunicamycin_resistance_protein|TMRB,G,147,T
MEG_7262|Drugs|Nucleosides|Tunicamycin_resistance_protein|TMRB,A,272,G
MEG_7262|Drugs|Nucleosides|Tunicamycin_resistance_protein|TMRB,G,299,C
MEG_7262|Drugs|Nucleosides|Tunicamycin_resistance_protein|TMRB,A,334,G
MEG_7262|Drugs|Nucleosides|Tunicamycin_resistance_protein|TMRB,A,589,C
MEG_6610|Drugs|Sulfonamides|Sulfonamide-resistant_dihydropteroate_synthases|SULI,G,490,T
MEG_6610|Drugs|Sulfonamides|Sulfonamide-resistant_dihydropteroate_synthases|SULI,C,544,T
MEG_6632|Drugs|Sulfonamides|Sulfonamide-resistant_dihydropteroate_synthases|SULII,C,24,T
MEG_6632|Drugs|Sulfonamides|Sulfonamide-resistant_dihydropteroate_synthases|SULII,G,62,T
MEG_6632|Drugs|Sulfonamides|Sulfonamide-resistant_dihydropteroate_synthases|SULII,A,83,T
MEG_6632|Drugs|Sulfonamides|Sulfonamide-resistant_dihydropteroate_synthases|SULII,C,84,T
MEG_6632|Drugs|Sulfonamides|Sulfonamide-resistant_dihydropteroate_synthases|SULII,T,92,A
MEG_6632|Drugs|Sulfonamides|Sulfonamide-resistant_dihydropteroate_synthases|SULII,G,130,T
MEG_6632|Drugs|Sulfonamides|Sulfonamide-resistant_dihydropteroate_synthases|SULII,C,619,G
MEG_6632|Drugs|Sulfonamides|Sulfonamide-resistant_dihydropteroate_synthases|SULII,A,638,G
MEG_6632|Drugs|Sulfonamides|Sulfonamide-resistant_dihydropteroate_synthases|SULII,C,681,T
MEG_6631|Drugs|Sulfonamides|Sulfonamide-resistant_dihydropteroate_synthases|SULII,G,277,C
MEG_6631|Drugs|Sulfonamides|Sulfonamide-resistant_dihydropteroate_synthases|SULII,C,465,G
MEG_6595|Drugs|Sulfonamides|Sulfonamide-resistant_dihydropteroate_synthases|SULI,T,185,G
MEG_6595|Drugs|Sulfonamides|Sulfonamide-resistant_dihydropteroate_synthases|SULI,G,216,A
MEG_6595|Drugs|Sulfonamides|Sulfonamide-resistant_dihydropteroate_synthases|SULI,A,416,G
MEG_6595|Drugs|Sulfonamides|Sulfonamide-resistant_dihydropteroate_synthases|SULI,G,568,T
MEG_6595|Drugs|Sulfonamides|Sulfonamide-resistant_dihydropteroate_synthases|SULI,G,600,T
MEG_6595|Drugs|Sulfonamides|Sulfonamide-resistant_dihydropteroate_synthases|SULI,T,617,G
MEG_6595|Drugs|Sulfonamides|Sulfonamide-resistant_dihydropteroate_synthases|SULI,C,714,A
MEG_6595|Drugs|Sulfonamides|Sulfonamide-resistant_dihydropteroate_synthases|SULI,C,741,A
MEG_6595|Drugs|Sulfonamides|Sulfonamide-resistant_dihydropteroate_synthases|SULI,A,772,G
MEG_6617|Drugs|Sulfonamides|Sulfonamide-resistant_dihydropteroate_synthases|SULII,C,57,G
MEG_6617|Drugs|Sulfonamides|Sulfonamide-resistant_dihydropteroate_synthases|SULII,A,158,C
MEG_6617|Drugs|Sulfonamides|Sulfonamide-resistant_dihydropteroate_synthases|SULII,G,190,T
MEG_6617|Drugs|Sulfonamides|Sulfonamide-resistant_dihydropteroate_synthases|SULII,G,232,T
MEG_6617|Drugs|Sulfonamides|Sulfonamide-resistant_dihydropteroate_synthases|SULII,G,277,C
MEG_6617|Drugs|Sulfonamides|Sulfonamide-resistant_dihydropteroate_synthases|SULII,C,561,G
MEG_6617|Drugs|Sulfonamides|Sulfonamide-resistant_dihydropteroate_synthases|SULII,G,570,A
MEG_6617|Drugs|Sulfonamides|Sulfonamide-resistant_dihydropteroate_synthases|SULII,G,635,A
MEG_6617|Drugs|Sulfonamides|Sulfonamide-resistant_dihydropteroate_synthases|SULII,A,746,T
MEG_6617|Drugs|Sulfonamides|Sulfonamide-resistant_dihydropteroate_synthases|SULII,G,802,C
MEG_6607|Drugs|Sulfonamides|Sulfonamide-resistant_dihydropteroate_synthases|SULI,G,6,T
MEG_6607|Drugs|Sulfonamides|Sulfonamide-resistant_dihydropteroate_synthases|SULI,C,143,T
MEG_6607|Drugs|Sulfonamides|Sulfonamide-resistant_dihydropteroate_synthases|SULI,T,237,A
MEG_6607|Drugs|Sulfonamides|Sulfonamide-resistant_dihydropteroate_synthases|SULI,A,254,T
MEG_6607|Drugs|Sulfonamides|Sulfonamide-resistant_dihydropteroate_synthases|SULI,G,522,T
MEG_6607|Drugs|Sulfonamides|Sulfonamide-resistant_dihydropteroate_synthases|SULI,T,668,A
MEG_6607|Drugs|Sulfonamides|Sulfonamide-resistant_dihydropteroate_synthases|SULI,G,764,C
MEG_6622|Drugs|Sulfonamides|Sulfonamide-resistant_dihydropteroate_synthases|SULII,G,120,C
MEG_6622|Drugs|Sulfonamides|Sulfonamide-resistant_dihydropteroate_synthases|SULII,T,151,A
MEG_6622|Drugs|Sulfonamides|Sulfonamide-resistant_dihydropteroate_synthases|SULII,G,293,C
MEG_6622|Drugs|Sulfonamides|Sulfonamide-resistant_dihydropteroate_synthases|SULII,G,470,T
MEG_6622|Drugs|Sulfonamides|Sulfonamide-resistant_dihydropteroate_synthases|SULII,T,656,A
MEG_6622|Drugs|Sulfonamides|Sulfonamide-resistant_dihydropteroate_synthases|SULII,C,745,G
MEG_6622|Drugs|Sulfonamides|Sulfonamide-resistant_dihydropteroate_synthases|SULII,G,774,C
MEG_6587|Drugs|Sulfonamides|Sulfonamide-resistant_dihydropteroate_synthases|SULI,T,5,A
MEG_6587|Drugs|Sulfonamides|Sulfonamide-resistant_dihydropteroate_synthases|SULI,C,58,T
MEG_6587|Drugs|Sulfonamides|Sulfonamide-resistant_dihydropteroate_synthases|SULI,T,185,C
MEG_6587|Drugs|Sulfonamides|Sulfonamide-resistant_dihydropteroate_synthases|SULI,T,609,C
MEG_6587|Drugs|Sulfonamides|Sulfonamide-resistant_dihydropteroate_synthases|SULI,A,671,G
MEG_6587|Drugs|Sulfonamides|Sulfonamide-resistant_dihydropteroate_synthases|SULI,C,686,G
MEG_6587|Drugs|Sulfonamides|Sulfonamide-resistant_dihydropteroate_synthases|SULI,G,747,A
MEG_6587|Drugs|Sulfonamides|Sulfonamide-resistant_dihydropteroate_synthases|SULI,C,805,T
MEG_6587|Drugs|Sulfonamides|Sulfonamide-resistant_dihydropteroate_synthases|SULI,A,809,G
MEG_6583|Drugs|Sulfonamides|Sulfonamide-resistant_dihydropteroate_synthases|SULI,G,73,T
MEG_6583|Drugs|Sulfonamides|Sulfonamide-resistant_dihydropteroate_synthases|SULI,G,97,C
MEG_6583|Drugs|Sulfonamides|Sulfonamide-resistant_dihydropteroate_synthases|SULI,G,159,A
MEG_6583|Drugs|Sulfonamides|Sulfonamide-resistant_dihydropteroate_synthases|SULI,G,162,C
MEG_6583|Drugs|Sulfonamides|Sulfonamide-resistant_dihydropteroate_synthases|SULI,C,288,G
MEG_6583|Drugs|Sulfonamides|Sulfonamide-resistant_dihydropteroate_synthases|SULI,G,300,A
MEG_6583|Drugs|Sulfonamides|Sulfonamide-resistant_dihydropteroate_synthases|SULI,C,596,T
MEG_6583|Drugs|Sulfonamides|Sulfonamide-resistant_dihydropteroate_synthases|SULI,C,748,G
MEG_6583|Drugs|Sulfonamides|Sulfonamide-resistant_dihydropteroate_synthases|SULI,G,781,A
MEG_6583|Drugs|Sulfonamides|Sulfonamide-resistant_dihydropteroate_synthases|SULI,A,818,G
MEG_6593|Drugs|Sulfonamides|Sulfonamide-resistant_dihydropteroate_synthases|SULI,C,218,G
MEG_6593|Drugs|Sulfonamides|Sulfonamide-resistant_dihydropteroate_synthases|SULI,T,316,C
MEG_6593|Drugs|Sulfonamides|Sulfonamide-resistant_dihydropteroate_synthases|SULI,C,551,T
MEG_6593|Drugs|Sulfonamides|Sulfonamide-resistant_dihydropteroate_synthases|SULI,C,610,A
MEG_6593|Drugs|Sulfonamides|Sulfonamide-resistant_dihydropteroate_synthases|SULI,A,636,T
MEG_6593|Drugs|Sulfonamides|Sulfonamide-resistant_dihydropteroate_synthases|SULI,A,652,T
MEG_6593|Drugs|Sulfonamides|Sulfonamide-resistant_dihydropteroate_synthases|SULI,C,682,T
MEG_6593|Drugs|Sulfonamides|Sulfonamide-resistant_dihydropteroate_synthases|SULI,C,738,G
MEG_6612|Drugs|Sulfonamides|Sulfonamide-resistant_dihydropteroate_synthases|SULI,C,30,G
MEG_6612|Drugs|Sulfonamides|Sulfonamide-resistant_dihydropteroate_synthases|SULI,C,40,T
MEG_6612|Drugs|Sulfonamides|Sulfonamide-resistant_dihydropteroate_synthases|SULI,T,810,C
MEG_6615|Drugs|Sulfonamides|Sulfonamide-resistant_dihydropteroate_synthases|SULI,G,7,C
MEG_6628|Drugs|Sulfonamides|Sulfonamide-resistant_dihydropteroate_synthases|SULII,C,27,G
MEG_6628|Drugs|Sulfonamides|Sulfonamide-resistant_dihydropteroate_synthases|SULII,G,771,C
MEG_6608|Drugs|Sulfonamides|Sulfonamide-resistant_dihydropteroate_synthases|SULI,C,19,G
MEG_6608|Drugs|Sulfonamides|Sulfonamide-resistant_dihydropteroate_synthases|SULI,T,262,A
MEG_6608|Drugs|Sulfonamides|Sulfonamide-resistant_dihydropteroate_synthases|SULI,C,528,G
MEG_6608|Drugs|Sulfonamides|Sulfonamide-resistant_dihydropteroate_synthases|SULI,C,536,G
MEG_6608|Drugs|Sulfonamides|Sulfonamide-resistant_dihydropteroate_synthases|SULI,G,745,T
MEG_6608|Drugs|Sulfonamides|Sulfonamide-resistant_dihydropteroate_synthases|SULI,C,810,A
MEG_6637|Drugs|Sulfonamides|Sulfonamide-resistant_dihydropteroate_synthases|SULII,C,149,T
MEG_6636|Drugs|Sulfonamides|Sulfonamide-resistant_dihydropteroate_synthases|SULII,C,27,T
MEG_6636|Drugs|Sulfonamides|Sulfonamide-resistant_dihydropteroate_synthases|SULII,G,166,A
MEG_6636|Drugs|Sulfonamides|Sulfonamide-resistant_dihydropteroate_synthases|SULII,G,273,C
MEG_6636|Drugs|Sulfonamides|Sulfonamide-resistant_dihydropteroate_synthases|SULII,A,276,T
MEG_6636|Drugs|Sulfonamides|Sulfonamide-resistant_dihydropteroate_synthases|SULII,G,401,A
MEG_6636|Drugs|Sulfonamides|Sulfonamide-resistant_dihydropteroate_synthases|SULII,C,563,G
MEG_6636|Drugs|Sulfonamides|Sulfonamide-resistant_dihydropteroate_synthases|SULII,T,586,C
MEG_6636|Drugs|Sulfonamides|Sulfonamide-resistant_dihydropteroate_synthases|SULII,C,690,G
MEG_6611|Drugs|Sulfonamides|Sulfonamide-resistant_dihydropteroate_synthases|SULI,C,173,A
MEG_6611|Drugs|Sulfonamides|Sulfonamide-resistant_dihydropteroate_synthases|SULI,T,185,A
MEG_6611|Drugs|Sulfonamides|Sulfonamide-resistant_dihydropteroate_synthases|SULI,T,316,C
MEG_6611|Drugs|Sulfonamides|Sulfonamide-resistant_dihydropteroate_synthases|SULI,G,506,A
MEG_6611|Drugs|Sulfonamides|Sulfonamide-resistant_dihydropteroate_synthases|SULI,G,632,T
MEG_6641|Drugs|Sulfonamides|Flavin_reductase|SULR,A,29,C
MEG_6641|Drugs|Sulfonamides|Flavin_reductase|SULR,A,89,G
MEG_6641|Drugs|Sulfonamides|Flavin_reductase|SULR,T,182,G
MEG_6641|Drugs|Sulfonamides|Flavin_reductase|SULR,T,287,A
MEG_6641|Drugs|Sulfonamides|Flavin_reductase|SULR,C,311,G
MEG_6641|Drugs|Sulfonamides|Flavin_reductase|SULR,C,321,T
MEG_6641|Drugs|Sulfonamides|Flavin_reductase|SULR,A,355,G
MEG_6641|Drugs|Sulfonamides|Flavin_reductase|SULR,C,372,T
MEG_6641|Drugs|Sulfonamides|Flavin_reductase|SULR,T,458,C
MEG_6641|Drugs|Sulfonamides|Flavin_reductase|SULR,A,513,C
MEG_10141|Drugs|Sulfonamides|Sulfonamide_resistant_ECF_transporter_comonent|THFT,A,318,C
MEG_10141|Drugs|Sulfonamides|Sulfonamide_resistant_ECF_transporter_comonent|THFT,C,352,T
MEG_10141|Drugs|Sulfonamides|Sulfonamide_resistant_ECF_transporter_comonent|THFT,T,386,A
MEG_10141|Drugs|Sulfonamides|Sulfonamide_resistant_ECF_transporter_comonent|THFT,T,545,A
MEG_6623|Drugs|Sulfonamides|Sulfonamide-resistant_dihydropteroate_synthases|SULII,A,180,T
MEG_6623|Drugs|Sulfonamides|Sulfonamide-resistant_dihydropteroate_synthases|SULII,C,351,T
MEG_6623|Drugs|Sulfonamides|Sulfonamide-resistant_dihydropteroate_synthases|SULII,A,373,G
MEG_6623|Drugs|Sulfonamides|Sulfonamide-resistant_dihydropteroate_synthases|SULII,G,381,T
MEG_6623|Drugs|Sulfonamides|Sulfonamide-resistant_dihydropteroate_synthases|SULII,T,384,C
MEG_6623|Drugs|Sulfonamides|Sulfonamide-resistant_dihydropteroate_synthases|SULII,T,482,G
MEG_6623|Drugs|Sulfonamides|Sulfonamide-resistant_dihydropteroate_synthases|SULII,A,599,G
MEG_6623|Drugs|Sulfonamides|Sulfonamide-resistant_dihydropteroate_synthases|SULII,T,628,A
MEG_6623|Drugs|Sulfonamides|Sulfonamide-resistant_dihydropteroate_synthases|SULII,C,688,G
MEG_6601|Drugs|Sulfonamides|Sulfonamide-resistant_dihydropteroate_synthases|SULI,C,190,T
MEG_6601|Drugs|Sulfonamides|Sulfonamide-resistant_dihydropteroate_synthases|SULI,C,210,G
MEG_6601|Drugs|Sulfonamides|Sulfonamide-resistant_dihydropteroate_synthases|SULI,C,324,T
MEG_6601|Drugs|Sulfonamides|Sulfonamide-resistant_dihydropteroate_synthases|SULI,G,340,T
MEG_6601|Drugs|Sulfonamides|Sulfonamide-resistant_dihydropteroate_synthases|SULI,C,504,T
MEG_6605|Drugs|Sulfonamides|Sulfonamide-resistant_dihydropteroate_synthases|SULI,G,16,C
MEG_6605|Drugs|Sulfonamides|Sulfonamide-resistant_dihydropteroate_synthases|SULI,A,50,C
MEG_6605|Drugs|Sulfonamides|Sulfonamide-resistant_dihydropteroate_synthases|SULI,G,73,A
MEG_6605|Drugs|Sulfonamides|Sulfonamide-resistant_dihydropteroate_synthases|SULI,C,190,A
MEG_6605|Drugs|Sulfonamides|Sulfonamide-resistant_dihydropteroate_synthases|SULI,C,268,T
MEG_6605|Drugs|Sulfonamides|Sulfonamide-resistant_dihydropteroate_synthases|SULI,T,457,C
MEG_6605|Drugs|Sulfonamides|Sulfonamide-resistant_dihydropteroate_synthases|SULI,A,635,T
MEG_6605|Drugs|Sulfonamides|Sulfonamide-resistant_dihydropteroate_synthases|SULI,G,687,C
MEG_6605|Drugs|Sulfonamides|Sulfonamide-resistant_dihydropteroate_synthases|SULI,T,720,C
MEG_6605|Drugs|Sulfonamides|Sulfonamide-resistant_dihydropteroate_synthases|SULI,T,804,A
MEG_6642|Drugs|Sulfonamides|Sulfonamide_monooxygenase|SULX,G,179,C
MEG_6642|Drugs|Sulfonamides|Sulfonamide_monooxygenase|SULX,T,194,A
MEG_6642|Drugs|Sulfonamides|Sulfonamide_monooxygenase|SULX,A,314,G
MEG_6642|Drugs|Sulfonamides|Sulfonamide_monooxygenase|SULX,G,364,C
MEG_6642|Drugs|Sulfonamides|Sulfonamide_monooxygenase|SULX,G,391,A
MEG_6642|Drugs|Sulfonamides|Sulfonamide_monooxygenase|SULX,G,730,C
MEG_6642|Drugs|Sulfonamides|Sulfonamide_monooxygenase|SULX,A,1012,G
MEG_6642|Drugs|Sulfonamides|Sulfonamide_monooxygenase|SULX,G,1077,T
MEG_6642|Drugs|Sulfonamides|Sulfonamide_monooxygenase|SULX,C,1094,A
MEG_6642|Drugs|Sulfonamides|Sulfonamide_monooxygenase|SULX,G,1207,C
MEG_6588|Drugs|Sulfonamides|Sulfonamide-resistant_dihydropteroate_synthases|SULI,A,53,C
MEG_6588|Drugs|Sulfonamides|Sulfonamide-resistant_dihydropteroate_synthases|SULI,A,356,G
MEG_6588|Drugs|Sulfonamides|Sulfonamide-resistant_dihydropteroate_synthases|SULI,G,502,T
MEG_6588|Drugs|Sulfonamides|Sulfonamide-resistant_dihydropteroate_synthases|SULI,C,589,T
MEG_6609|Drugs|Sulfonamides|Sulfonamide-resistant_dihydropteroate_synthases|SULI,A,55,G
MEG_6609|Drugs|Sulfonamides|Sulfonamide-resistant_dihydropteroate_synthases|SULI,A,85,C
MEG_6609|Drugs|Sulfonamides|Sulfonamide-resistant_dihydropteroate_synthases|SULI,T,273,C
MEG_6609|Drugs|Sulfonamides|Sulfonamide-resistant_dihydropteroate_synthases|SULI,T,365,A
MEG_6609|Drugs|Sulfonamides|Sulfonamide-resistant_dihydropteroate_synthases|SULI,C,426,G
MEG_6609|Drugs|Sulfonamides|Sulfonamide-resistant_dihydropteroate_synthases|SULI,A,554,C
MEG_6609|Drugs|Sulfonamides|Sulfonamide-resistant_dihydropteroate_synthases|SULI,T,572,A
MEG_6609|Drugs|Sulfonamides|Sulfonamide-resistant_dihydropteroate_synthases|SULI,C,611,T
MEG_6609|Drugs|Sulfonamides|Sulfonamide-resistant_dihydropteroate_synthases|SULI,T,734,C
MEG_6621|Drugs|Sulfonamides|Sulfonamide-resistant_dihydropteroate_synthases|SULII,G,393,T
MEG_6594|Drugs|Sulfonamides|Sulfonamide-resistant_dihydropteroate_synthases|SULI,A,119,T
MEG_6594|Drugs|Sulfonamides|Sulfonamide-resistant_dihydropteroate_synthases|SULI,A,160,G
MEG_6594|Drugs|Sulfonamides|Sulfonamide-resistant_dihydropteroate_synthases|SULI,T,318,A
MEG_6594|Drugs|Sulfonamides|Sulfonamide-resistant_dihydropteroate_synthases|SULI,T,345,G
MEG_6594|Drugs|Sulfonamides|Sulfonamide-resistant_dihydropteroate_synthases|SULI,C,383,T
MEG_6594|Drugs|Sulfonamides|Sulfonamide-resistant_dihydropteroate_synthases|SULI,G,490,T
MEG_6594|Drugs|Sulfonamides|Sulfonamide-resistant_dihydropteroate_synthases|SULI,G,625,C
MEG_6594|Drugs|Sulfonamides|Sulfonamide-resistant_dihydropteroate_synthases|SULI,C,748,T
MEG_6594|Drugs|Sulfonamides|Sulfonamide-resistant_dihydropteroate_synthases|SULI,A,802,G
MEG_6633|Drugs|Sulfonamides|Sulfonamide-resistant_dihydropteroate_synthases|SULII,C,146,G
MEG_6633|Drugs|Sulfonamides|Sulfonamide-resistant_dihydropteroate_synthases|SULII,G,166,A
MEG_6633|Drugs|Sulfonamides|Sulfonamide-resistant_dihydropteroate_synthases|SULII,G,184,C
MEG_6633|Drugs|Sulfonamides|Sulfonamide-resistant_dihydropteroate_synthases|SULII,A,363,T
MEG_6633|Drugs|Sulfonamides|Sulfonamide-resistant_dihydropteroate_synthases|SULII,G,420,A
MEG_6633|Drugs|Sulfonamides|Sulfonamide-resistant_dihydropteroate_synthases|SULII,T,461,A
MEG_6633|Drugs|Sulfonamides|Sulfonamide-resistant_dihydropteroate_synthases|SULII,T,623,A
MEG_6633|Drugs|Sulfonamides|Sulfonamide-resistant_dihydropteroate_synthases|SULII,G,712,T
MEG_6633|Drugs|Sulfonamides|Sulfonamide-resistant_dihydropteroate_synthases|SULII,A,838,G
MEG_6580|Drugs|Sulfonamides|Sulfonamide-resistant_dihydropteroate_synthases|SULI,T,14,G
MEG_6580|Drugs|Sulfonamides|Sulfonamide-resistant_dihydropteroate_synthases|SULI,A,25,T
MEG_6580|Drugs|Sulfonamides|Sulfonamide-resistant_dihydropteroate_synthases|SULI,C,80,G
MEG_6580|Drugs|Sulfonamides|Sulfonamide-resistant_dihydropteroate_synthases|SULI,A,119,C
MEG_6580|Drugs|Sulfonamides|Sulfonamide-resistant_dihydropteroate_synthases|SULI,G,139,A
MEG_6580|Drugs|Sulfonamides|Sulfonamide-resistant_dihydropteroate_synthases|SULI,G,191,A
MEG_6580|Drugs|Sulfonamides|Sulfonamide-resistant_dihydropteroate_synthases|SULI,T,195,C
MEG_6580|Drugs|Sulfonamides|Sulfonamide-resistant_dihydropteroate_synthases|SULI,T,446,G
MEG_6580|Drugs|Sulfonamides|Sulfonamide-resistant_dihydropteroate_synthases|SULI,T,734,G
MEG_6580|Drugs|Sulfonamides|Sulfonamide-resistant_dihydropteroate_synthases|SULI,T,797,G
MEG_6640|Drugs|Sulfonamides|Sulfonamide-resistant_dihydropteroate_synthases|SULIV,C,48,T
MEG_6640|Drugs|Sulfonamides|Sulfonamide-resistant_dihydropteroate_synthases|SULIV,G,385,A
MEG_6640|Drugs|Sulfonamides|Sulfonamide-resistant_dihydropteroate_synthases|SULIV,G,456,T
MEG_6640|Drugs|Sulfonamides|Sulfonamide-resistant_dihydropteroate_synthases|SULIV,A,816,G
MEG_6598|Drugs|Sulfonamides|Sulfonamide-resistant_dihydropteroate_synthases|SULI,A,323,G
MEG_6598|Drugs|Sulfonamides|Sulfonamide-resistant_dihydropteroate_synthases|SULI,A,586,T
MEG_6598|Drugs|Sulfonamides|Sulfonamide-resistant_dihydropteroate_synthases|SULI,T,622,A
MEG_6598|Drugs|Sulfonamides|Sulfonamide-resistant_dihydropteroate_synthases|SULI,A,635,G
MEG_6598|Drugs|Sulfonamides|Sulfonamide-resistant_dihydropteroate_synthases|SULI,C,742,A
MEG_6600|Drugs|Sulfonamides|Sulfonamide-resistant_dihydropteroate_synthases|SULI,C,70,T
MEG_6600|Drugs|Sulfonamides|Sulfonamide-resistant_dihydropteroate_synthases|SULI,G,390,A
MEG_6600|Drugs|Sulfonamides|Sulfonamide-resistant_dihydropteroate_synthases|SULI,T,713,A
MEG_6600|Drugs|Sulfonamides|Sulfonamide-resistant_dihydropteroate_synthases|SULI,T,804,C
MEG_6600|Drugs|Sulfonamides|Sulfonamide-resistant_dihydropteroate_synthases|SULI,C,805,G
MEG_6603|Drugs|Sulfonamides|Sulfonamide-resistant_dihydropteroate_synthases|SULI,T,234,C
MEG_6603|Drugs|Sulfonamides|Sulfonamide-resistant_dihydropteroate_synthases|SULI,G,235,A
MEG_6603|Drugs|Sulfonamides|Sulfonamide-resistant_dihydropteroate_synthases|SULI,C,383,G
MEG_6603|Drugs|Sulfonamides|Sulfonamide-resistant_dihydropteroate_synthases|SULI,G,389,C
MEG_6603|Drugs|Sulfonamides|Sulfonamide-resistant_dihydropteroate_synthases|SULI,G,564,C
MEG_6603|Drugs|Sulfonamides|Sulfonamide-resistant_dihydropteroate_synthases|SULI,T,668,A
MEG_6603|Drugs|Sulfonamides|Sulfonamide-resistant_dihydropteroate_synthases|SULI,T,677,G
MEG_6597|Drugs|Sulfonamides|Sulfonamide-resistant_dihydropteroate_synthases|SULI,C,410,A
MEG_6597|Drugs|Sulfonamides|Sulfonamide-resistant_dihydropteroate_synthases|SULI,C,425,T
MEG_6597|Drugs|Sulfonamides|Sulfonamide-resistant_dihydropteroate_synthases|SULI,T,494,A
MEG_6597|Drugs|Sulfonamides|Sulfonamide-resistant_dihydropteroate_synthases|SULI,G,604,C
MEG_6597|Drugs|Sulfonamides|Sulfonamide-resistant_dihydropteroate_synthases|SULI,G,646,C
MEG_6597|Drugs|Sulfonamides|Sulfonamide-resistant_dihydropteroate_synthases|SULI,G,811,T
MEG_6581|Drugs|Sulfonamides|Sulfonamide-resistant_dihydropteroate_synthases|SULI,C,140,A
MEG_6581|Drugs|Sulfonamides|Sulfonamide-resistant_dihydropteroate_synthases|SULI,T,242,C
MEG_6581|Drugs|Sulfonamides|Sulfonamide-resistant_dihydropteroate_synthases|SULI,C,275,T
MEG_6581|Drugs|Sulfonamides|Sulfonamide-resistant_dihydropteroate_synthases|SULI,G,300,C
MEG_6581|Drugs|Sulfonamides|Sulfonamide-resistant_dihydropteroate_synthases|SULI,A,335,G
MEG_6581|Drugs|Sulfonamides|Sulfonamide-resistant_dihydropteroate_synthases|SULI,G,442,C
MEG_6581|Drugs|Sulfonamides|Sulfonamide-resistant_dihydropteroate_synthases|SULI,G,465,T
MEG_6581|Drugs|Sulfonamides|Sulfonamide-resistant_dihydropteroate_synthases|SULI,T,498,G
MEG_6581|Drugs|Sulfonamides|Sulfonamide-resistant_dihydropteroate_synthases|SULI,T,675,G
MEG_6581|Drugs|Sulfonamides|Sulfonamide-resistant_dihydropteroate_synthases|SULI,A,719,T
MEG_6629|Drugs|Sulfonamides|Sulfonamide-resistant_dihydropteroate_synthases|SULII,C,11,A
MEG_6629|Drugs|Sulfonamides|Sulfonamide-resistant_dihydropteroate_synthases|SULII,C,117,T
MEG_6629|Drugs|Sulfonamides|Sulfonamide-resistant_dihydropteroate_synthases|SULII,A,370,T
MEG_6629|Drugs|Sulfonamides|Sulfonamide-resistant_dihydropteroate_synthases|SULII,G,414,A
MEG_6629|Drugs|Sulfonamides|Sulfonamide-resistant_dihydropteroate_synthases|SULII,T,542,A
MEG_6629|Drugs|Sulfonamides|Sulfonamide-resistant_dihydropteroate_synthases|SULII,T,678,G
MEG_6629|Drugs|Sulfonamides|Sulfonamide-resistant_dihydropteroate_synthases|SULII,T,782,G
MEG_6634|Drugs|Sulfonamides|Sulfonamide-resistant_dihydropteroate_synthases|SULII,C,138,T
MEG_6634|Drugs|Sulfonamides|Sulfonamide-resistant_dihydropteroate_synthases|SULII,A,677,T
MEG_6626|Drugs|Sulfonamides|Sulfonamide-resistant_dihydropteroate_synthases|SULII,T,20,C
MEG_6626|Drugs|Sulfonamides|Sulfonamide-resistant_dihydropteroate_synthases|SULII,A,59,G
MEG_6626|Drugs|Sulfonamides|Sulfonamide-resistant_dihydropteroate_synthases|SULII,A,63,T
MEG_6626|Drugs|Sulfonamides|Sulfonamide-resistant_dihydropteroate_synthases|SULII,A,71,T
MEG_6626|Drugs|Sulfonamides|Sulfonamide-resistant_dihydropteroate_synthases|SULII,T,181,C
MEG_6626|Drugs|Sulfonamides|Sulfonamide-resistant_dihydropteroate_synthases|SULII,T,194,A
MEG_6626|Drugs|Sulfonamides|Sulfonamide-resistant_dihydropteroate_synthases|SULII,C,242,A
MEG_6626|Drugs|Sulfonamides|Sulfonamide-resistant_dihydropteroate_synthases|SULII,C,269,A
MEG_6626|Drugs|Sulfonamides|Sulfonamide-resistant_dihydropteroate_synthases|SULII,T,315,A
MEG_6626|Drugs|Sulfonamides|Sulfonamide-resistant_dihydropteroate_synthases|SULII,G,466,T
MEG_6639|Drugs|Sulfonamides|Sulfonamide-resistant_dihydropteroate_synthases|SULIII,T,12,C
MEG_6639|Drugs|Sulfonamides|Sulfonamide-resistant_dihydropteroate_synthases|SULIII,A,98,G
MEG_6639|Drugs|Sulfonamides|Sulfonamide-resistant_dihydropteroate_synthases|SULIII,G,123,T
MEG_6639|Drugs|Sulfonamides|Sulfonamide-resistant_dihydropteroate_synthases|SULIII,T,410,G
MEG_6639|Drugs|Sulfonamides|Sulfonamide-resistant_dihydropteroate_synthases|SULIII,G,499,C
MEG_6639|Drugs|Sulfonamides|Sulfonamide-resistant_dihydropteroate_synthases|SULIII,C,732,T
MEG_6639|Drugs|Sulfonamides|Sulfonamide-resistant_dihydropteroate_synthases|SULIII,A,769,C
MEG_6639|Drugs|Sulfonamides|Sulfonamide-resistant_dihydropteroate_synthases|SULIII,A,780,C
MEG_6585|Drugs|Sulfonamides|Sulfonamide-resistant_dihydropteroate_synthases|SULI,T,23,C
MEG_6585|Drugs|Sulfonamides|Sulfonamide-resistant_dihydropteroate_synthases|SULI,C,93,G
MEG_6585|Drugs|Sulfonamides|Sulfonamide-resistant_dihydropteroate_synthases|SULI,A,150,G
MEG_6585|Drugs|Sulfonamides|Sulfonamide-resistant_dihydropteroate_synthases|SULI,A,289,G
MEG_6585|Drugs|Sulfonamides|Sulfonamide-resistant_dihydropteroate_synthases|SULI,A,396,T
MEG_6585|Drugs|Sulfonamides|Sulfonamide-resistant_dihydropteroate_synthases|SULI,A,463,T
MEG_6585|Drugs|Sulfonamides|Sulfonamide-resistant_dihydropteroate_synthases|SULI,G,686,C
MEG_6585|Drugs|Sulfonamides|Sulfonamide-resistant_dihydropteroate_synthases|SULI,A,713,G
MEG_6585|Drugs|Sulfonamides|Sulfonamide-resistant_dihydropteroate_synthases|SULI,T,777,A
MEG_6585|Drugs|Sulfonamides|Sulfonamide-resistant_dihydropteroate_synthases|SULI,T,851,G
MEG_6649|Drugs|Tetracenomycin|Tetracenomycin_MFS_efflux_pump|TCMA,T,407,G
MEG_6649|Drugs|Tetracenomycin|Tetracenomycin_MFS_efflux_pump|TCMA,C,806,G
MEG_6649|Drugs|Tetracenomycin|Tetracenomycin_MFS_efflux_pump|TCMA,G,1212,A
MEG_6649|Drugs|Tetracenomycin|Tetracenomycin_MFS_efflux_pump|TCMA,G,1283,T
MEG_6649|Drugs|Tetracenomycin|Tetracenomycin_MFS_efflux_pump|TCMA,A,1339,G
MEG_7323|Metals|Tungsten_Resistance|Tungsten_ABC_efflux_pumps|TUPA,C,44,A
MEG_7323|Metals|Tungsten_Resistance|Tungsten_ABC_efflux_pumps|TUPA,A,69,G
MEG_7323|Metals|Tungsten_Resistance|Tungsten_ABC_efflux_pumps|TUPA,T,122,A
MEG_7323|Metals|Tungsten_Resistance|Tungsten_ABC_efflux_pumps|TUPA,C,128,T
MEG_7323|Metals|Tungsten_Resistance|Tungsten_ABC_efflux_pumps|TUPA,C,241,A
MEG_7323|Metals|Tungsten_Resistance|Tungsten_ABC_efflux_pumps|TUPA,A,242,T
MEG_7323|Metals|Tungsten_Resistance|Tungsten_ABC_efflux_pumps|TUPA,A,254,C
MEG_7323|Metals|Tungsten_Resistance|Tungsten_ABC_efflux_pumps|TUPA,T,411,G
MEG_7324|Metals|Tungsten_Resistance|Tungsten_ABC_efflux_pumps|TUPB,T,455,A
MEG_7324|Metals|Tungsten_Resistance|Tungsten_ABC_efflux_pumps|TUPB,A,504,T
MEG_7324|Metals|Tungsten_Resistance|Tungsten_ABC_efflux_pumps|TUPB,G,511,C
MEG_7324|Metals|Tungsten_Resistance|Tungsten_ABC_efflux_pumps|TUPB,C,540,G
MEG_7324|Metals|Tungsten_Resistance|Tungsten_ABC_efflux_pumps|TUPB,A,686,T
MEG_7325|Metals|Tungsten_Resistance|Tungsten_ABC_efflux_pumps|TUPC,G,49,T
MEG_7325|Metals|Tungsten_Resistance|Tungsten_ABC_efflux_pumps|TUPC,T,264,C
MEG_7325|Metals|Tungsten_Resistance|Tungsten_ABC_efflux_pumps|TUPC,G,391,C
MEG_7804|Drugs|Mycobacterium_tuberculosis-specific_Drug|Viomycin_phosphotransferases|VPH,G,151,C
MEG_7804|Drugs|Mycobacterium_tuberculosis-specific_Drug|Viomycin_phosphotransferases|VPH,G,163,T
MEG_7804|Drugs|Mycobacterium_tuberculosis-specific_Drug|Viomycin_phosphotransferases|VPH,A,221,G
MEG_7804|Drugs|Mycobacterium_tuberculosis-specific_Drug|Viomycin_phosphotransferases|VPH,C,349,T
MEG_7804|Drugs|Mycobacterium_tuberculosis-specific_Drug|Viomycin_phosphotransferases|VPH,C,373,T
MEG_7804|Drugs|Mycobacterium_tuberculosis-specific_Drug|Viomycin_phosphotransferases|VPH,A,463,T
MEG_7804|Drugs|Mycobacterium_tuberculosis-specific_Drug|Viomycin_phosphotransferases|VPH,C,564,A
MEG_7804|Drugs|Mycobacterium_tuberculosis-specific_Drug|Viomycin_phosphotransferases|VPH,G,808,T
MEG_7804|Drugs|Mycobacterium_tuberculosis-specific_Drug|Viomycin_phosphotransferases|VPH,A,830,C
MEG_7804|Drugs|Mycobacterium_tuberculosis-specific_Drug|Viomycin_phosphotransferases|VPH,G,860,A
MEG_7845|Metals|Zinc_resistance|Zinc_resistance_protein|ZEVA,T,2,A
MEG_7845|Metals|Zinc_resistance|Zinc_resistance_protein|ZEVA,A,74,G
MEG_7845|Metals|Zinc_resistance|Zinc_resistance_protein|ZEVA,A,242,T
MEG_7845|Metals|Zinc_resistance|Zinc_resistance_protein|ZEVA,C,300,G
MEG_7845|Metals|Zinc_resistance|Zinc_resistance_protein|ZEVA,T,545,C
MEG_7846|Metals|Zinc_resistance|Zinc_resistance_protein|ZEVB,G,103,C
MEG_7846|Metals|Zinc_resistance|Zinc_resistance_protein|ZEVB,G,266,C
MEG_7846|Metals|Zinc_resistance|Zinc_resistance_protein|ZEVB,T,290,G
MEG_7846|Metals|Zinc_resistance|Zinc_resistance_protein|ZEVB,G,349,A
MEG_7847|Metals|Zinc_resistance|Zinc_resistance_protein|ZIAA,T,361,A
MEG_7847|Metals|Zinc_resistance|Zinc_resistance_protein|ZIAA,A,810,C
MEG_7848|Metals|Zinc_resistance|Zinc_resistance_regulator|ZIAR,A,298,C
MEG_7848|Metals|Zinc_resistance|Zinc_resistance_regulator|ZIAR,T,318,G
MEG_7851|Metals|Zinc_resistance|Zinc_resistance_protein|ZITB,G,56,A
MEG_7851|Metals|Zinc_resistance|Zinc_resistance_protein|ZITB,T,110,C
MEG_7851|Metals|Zinc_resistance|Zinc_resistance_protein|ZITB,T,117,A
MEG_7851|Metals|Zinc_resistance|Zinc_resistance_protein|ZITB,G,145,C
MEG_7851|Metals|Zinc_resistance|Zinc_resistance_protein|ZITB,T,296,C
MEG_7851|Metals|Zinc_resistance|Zinc_resistance_protein|ZITB,T,356,G
MEG_7851|Metals|Zinc_resistance|Zinc_resistance_protein|ZITB,C,708,A
MEG_7851|Metals|Zinc_resistance|Zinc_resistance_protein|ZITB,G,888,C
MEG_7852|Metals|Zinc_resistance|Zinc_resistance_protein|ZNEB,C,23,A
MEG_7852|Metals|Zinc_resistance|Zinc_resistance_protein|ZNEB,A,380,T
MEG_7852|Metals|Zinc_resistance|Zinc_resistance_protein|ZNEB,T,628,G
MEG_7852|Metals|Zinc_resistance|Zinc_resistance_protein|ZNEB,T,701,A
MEG_7852|Metals|Zinc_resistance|Zinc_resistance_protein|ZNEB,G,1134,A
MEG_7854|Metals|Zinc_resistance|Zinc_resistance_regulator|ZNTR,A,74,C
MEG_7854|Metals|Zinc_resistance|Zinc_resistance_regulator|ZNTR,A,227,G
MEG_7854|Metals|Zinc_resistance|Zinc_resistance_regulator|ZNTR,A,253,C
MEG_7854|Metals|Zinc_resistance|Zinc_resistance_regulator|ZNTR,G,292,T
MEG_7854|Metals|Zinc_resistance|Zinc_resistance_regulator|ZNTR,C,325,G
MEG_7854|Metals|Zinc_resistance|Zinc_resistance_regulator|ZNTR,C,408,A
MEG_7855|Metals|Zinc_resistance|Zinc_resistance_protein|ZNUA,A,19,T
MEG_7855|Metals|Zinc_resistance|Zinc_resistance_protein|ZNUA,C,173,A
MEG_7855|Metals|Zinc_resistance|Zinc_resistance_protein|ZNUA,C,554,G
MEG_7855|Metals|Zinc_resistance|Zinc_resistance_protein|ZNUA,G,595,C
MEG_7855|Metals|Zinc_resistance|Zinc_resistance_protein|ZNUA,C,622,G
MEG_7855|Metals|Zinc_resistance|Zinc_resistance_protein|ZNUA,T,690,A
MEG_7855|Metals|Zinc_resistance|Zinc_resistance_protein|ZNUA,T,791,G
MEG_7855|Metals|Zinc_resistance|Zinc_resistance_protein|ZNUA,G,860,T
MEG_7855|Metals|Zinc_resistance|Zinc_resistance_protein|ZNUA,G,917,C
MEG_7855|Metals|Zinc_resistance|Zinc_resistance_protein|ZNUA,A,925,G
MEG_7856|Metals|Zinc_resistance|Zinc_resistance_protein|ZNUA,A,11,G
MEG_7856|Metals|Zinc_resistance|Zinc_resistance_protein|ZNUA,G,169,A
MEG_7856|Metals|Zinc_resistance|Zinc_resistance_protein|ZNUA,G,487,C
MEG_7856|Metals|Zinc_resistance|Zinc_resistance_protein|ZNUA,A,682,T
MEG_7856|Metals|Zinc_resistance|Zinc_resistance_protein|ZNUA,T,737,C
MEG_7856|Metals|Zinc_resistance|Zinc_resistance_protein|ZNUA,A,865,C
MEG_7856|Metals|Zinc_resistance|Zinc_resistance_protein|ZNUA,C,915,T
MEG_7856|Metals|Zinc_resistance|Zinc_resistance_protein|ZNUA,A,932,G
MEG_7857|Metals|Zinc_resistance|Zinc_resistance_protein|ZNUB,G,50,T
MEG_7857|Metals|Zinc_resistance|Zinc_resistance_protein|ZNUB,T,65,G
MEG_7857|Metals|Zinc_resistance|Zinc_resistance_protein|ZNUB,G,76,C
MEG_7857|Metals|Zinc_resistance|Zinc_resistance_protein|ZNUB,G,114,A
MEG_7857|Metals|Zinc_resistance|Zinc_resistance_protein|ZNUB,G,187,A
MEG_7857|Metals|Zinc_resistance|Zinc_resistance_protein|ZNUB,C,199,T
MEG_7857|Metals|Zinc_resistance|Zinc_resistance_protein|ZNUB,T,254,C
MEG_7857|Metals|Zinc_resistance|Zinc_resistance_protein|ZNUB,G,261,T
MEG_7858|Metals|Zinc_resistance|Zinc_resistance_protein|ZNUB,T,221,G
MEG_7859|Metals|Zinc_resistance|Zinc_resistance_protein|ZNUC,A,402,G
MEG_7859|Metals|Zinc_resistance|Zinc_resistance_protein|ZNUC,G,582,A
MEG_7859|Metals|Zinc_resistance|Zinc_resistance_protein|ZNUC,G,717,T
MEG_7861|Metals|Zinc_resistance|Zinc_resistance_regulator|ZRAR,G,425,C
MEG_7861|Metals|Zinc_resistance|Zinc_resistance_regulator|ZRAR,A,427,G
MEG_7861|Metals|Zinc_resistance|Zinc_resistance_regulator|ZRAR,A,661,T
MEG_7861|Metals|Zinc_resistance|Zinc_resistance_regulator|ZRAR,C,754,A
MEG_7861|Metals|Zinc_resistance|Zinc_resistance_regulator|ZRAR,C,923,T
MEG_7861|Metals|Zinc_resistance|Zinc_resistance_regulator|ZRAR,T,1025,G
MEG_7862|Metals|Zinc_resistance|Zinc_resistance_regulator|ZRAR,A,572,G
MEG_7862|Metals|Zinc_resistance|Zinc_resistance_regulator|ZRAR,G,597,A
MEG_7867|Metals|Zinc_resistance|Zinc_resistance_regulator|ZUR,G,93,T
MEG_7867|Metals|Zinc_resistance|Zinc_resistance_regulator|ZUR,G,141,T
MEG_7867|Metals|Zinc_resistance|Zinc_resistance_regulator|ZUR,C,159,G
MEG_7867|Metals|Zinc_resistance|Zinc_resistance_regulator|ZUR,A,235,C
MEG_7867|Metals|Zinc_resistance|Zinc_resistance_regulator|ZUR,G,246,T
MEG_7867|Metals|Zinc_resistance|Zinc_resistance_regulator|ZUR,C,259,A
MEG_7867|Metals|Zinc_resistance|Zinc_resistance_regulator|ZUR,C,303,T
MEG_7867|Metals|Zinc_resistance|Zinc_resistance_regulator|ZUR,C,345,G
MEG_7867|Metals|Zinc_resistance|Zinc_resistance_regulator|ZUR,A,474,C
MEG_7867|Metals|Zinc_resistance|Zinc_resistance_regulator|ZUR,C,484,T
MEG_7868|Metals|Zinc_resistance|Zinc_resistance_regulator|ZUR,A,134,G
MEG_7868|Metals|Zinc_resistance|Zinc_resistance_regulator|ZUR,A,219,T
MEG_7868|Metals|Zinc_resistance|Zinc_resistance_regulator|ZUR,C,282,A
MEG_7868|Metals|Zinc_resistance|Zinc_resistance_regulator|ZUR,G,347,A
MEG_7868|Metals|Zinc_resistance|Zinc_resistance_regulator|ZUR,A,361,T
MEG_7868|Metals|Zinc_resistance|Zinc_resistance_regulator|ZUR,T,514,G
MEG_8087|Biocides|Aldehyde_resistance|Aldehyde_degradation|FORMA,G,61,A
MEG_8087|Biocides|Aldehyde_resistance|Aldehyde_degradation|FORMA,A,272,C
MEG_8087|Biocides|Aldehyde_resistance|Aldehyde_degradation|FORMA,A,401,G
MEG_8087|Biocides|Aldehyde_resistance|Aldehyde_degradation|FORMA,T,426,C
MEG_8087|Biocides|Aldehyde_resistance|Aldehyde_degradation|FORMA,A,752,C
MEG_11357|Drugs|Organoarsenicals|Arsinothricin_resistance_N-acetyltransferases|ARSN1,A,47,G
MEG_11357|Drugs|Organoarsenicals|Arsinothricin_resistance_N-acetyltransferases|ARSN1,C,212,G
MEG_11357|Drugs|Organoarsenicals|Arsinothricin_resistance_N-acetyltransferases|ARSN1,C,220,T
MEG_11357|Drugs|Organoarsenicals|Arsinothricin_resistance_N-acetyltransferases|ARSN1,G,232,A
MEG_11357|Drugs|Organoarsenicals|Arsinothricin_resistance_N-acetyltransferases|ARSN1,G,287,C
MEG_11357|Drugs|Organoarsenicals|Arsinothricin_resistance_N-acetyltransferases|ARSN1,A,345,G
MEG_11357|Drugs|Organoarsenicals|Arsinothricin_resistance_N-acetyltransferases|ARSN1,G,394,A
MEG_11357|Drugs|Organoarsenicals|Arsinothricin_resistance_N-acetyltransferases|ARSN1,T,478,C
MEG_11358|Drugs|Organoarsenicals|Arsinothricin_resistance_N-acetyltransferases|ARSN1,C,29,G
MEG_11358|Drugs|Organoarsenicals|Arsinothricin_resistance_N-acetyltransferases|ARSN1,T,347,A
MEG_11358|Drugs|Organoarsenicals|Arsinothricin_resistance_N-acetyltransferases|ARSN1,T,377,A
MEG_11358|Drugs|Organoarsenicals|Arsinothricin_resistance_N-acetyltransferases|ARSN1,A,434,G
MEG_11358|Drugs|Organoarsenicals|Arsinothricin_resistance_N-acetyltransferases|ARSN1,A,437,T
MEG_11359|Drugs|Organoarsenicals|Arsinothricin_resistance_N-acetyltransferases|ARSN1,C,26,G
MEG_11359|Drugs|Organoarsenicals|Arsinothricin_resistance_N-acetyltransferases|ARSN1,T,133,A
MEG_11359|Drugs|Organoarsenicals|Arsinothricin_resistance_N-acetyltransferases|ARSN1,A,149,G
MEG_11359|Drugs|Organoarsenicals|Arsinothricin_resistance_N-acetyltransferases|ARSN1,G,171,A
MEG_11359|Drugs|Organoarsenicals|Arsinothricin_resistance_N-acetyltransferases|ARSN1,C,492,G
MEG_11515|Drugs|Ionophores|Ionophore_ABC_efflux_pump|NARA,A,63,T
MEG_11515|Drugs|Ionophores|Ionophore_ABC_efflux_pump|NARA,A,223,C
MEG_11515|Drugs|Ionophores|Ionophore_ABC_efflux_pump|NARA,A,357,C
MEG_11515|Drugs|Ionophores|Ionophore_ABC_efflux_pump|NARA,A,703,C
MEG_11515|Drugs|Ionophores|Ionophore_ABC_efflux_pump|NARA,A,831,G
MEG_11516|Drugs|Ionophores|Ionophore_ABC_efflux_pump|NARB,A,248,C
MEG_11516|Drugs|Ionophores|Ionophore_ABC_efflux_pump|NARB,T,690,A
MEG_11516|Drugs|Ionophores|Ionophore_ABC_efflux_pump|NARB,G,784,C
MEG_11516|Drugs|Ionophores|Ionophore_ABC_efflux_pump|NARB,A,883,G
MEG_11516|Drugs|Ionophores|Ionophore_ABC_efflux_pump|NARB,C,1074,T
MEG_11516|Drugs|Ionophores|Ionophore_ABC_efflux_pump|NARB,A,1075,G
MEG_11516|Drugs|Ionophores|Ionophore_ABC_efflux_pump|NARB,T,1148,C
MEG_11516|Drugs|Ionophores|Ionophore_ABC_efflux_pump|NARB,T,1423,G
