header,reference_nucleotide,one_based_position,variant_nucleotide
MEG_787|Drugs|Aminoglycosides|Aminoglycoside_O-nucleotidyltransferases|ANT3-DPRIME,G,166,A
MEG_787|Drugs|Aminoglycosides|Aminoglycoside_O-nucleotidyltransferases|ANT3-DPRIME,C,252,T
MEG_787|Drugs|Aminoglycosides|Aminoglycoside_O-nucleotidyltransferases|ANT3-DPRIME,T,515,C
MEG_787|Drugs|Aminoglycosides|Aminoglycoside_O-nucleotidyltransferases|ANT3-DPRIME,C,566,G
MEG_1020|Drugs|Aminoglycosides|Aminoglycoside_O-phosphotransferases|APH3-DPRIME,A,351,G
MEG_1020|Drugs|Aminoglycosides|Aminoglycoside_O-phosphotransferases|APH3-DPRIME,G,475,C
MEG_1020|Drugs|Aminoglycosides|Aminoglycoside_O-phosphotransferases|APH3-DPRIME,T,537,C
MEG_1020|Drugs|Aminoglycosides|Aminoglycoside_O-phosphotransferases|APH3-DPRIME,C,562,G
MEG_1020|Drugs|Aminoglycosides|Aminoglycoside_O-phosphotransferases|APH3-DPRIME,A,601,T
MEG_1020|Drugs|Aminoglycosides|Aminoglycoside_O-phosphotransferases|APH3-DPRIME,C,645,A
MEG_1020|Drugs|Aminoglycosides|Aminoglycoside_O-phosphotransferases|APH3-DPRIME,G,677,A
MEG_1020|Drugs|Aminoglycosides|Aminoglycoside_O-phosphotransferases|APH3-DPRIME,A,713,C
MEG_1020|Drugs|Aminoglycosides|Aminoglycoside_O-phosphotransferases|APH3-DPRIME,C,750,T
MEG_11281|Drugs|Aminoglycosides|Aminoglycoside_N-acetyltransferases|AAC6-PRIME,T,17,C
MEG_11281|Drugs|Aminoglycosides|Aminoglycoside_N-acetyltransferases|AAC6-PRIME,C,91,T
MEG_11281|Drugs|Aminoglycosides|Aminoglycoside_N-acetyltransferases|AAC6-PRIME,T,245,C
MEG_11281|Drugs|Aminoglycosides|Aminoglycoside_N-acetyltransferases|AAC6-PRIME,A,347,G
MEG_11281|Drugs|Aminoglycosides|Aminoglycoside_N-acetyltransferases|AAC6-PRIME,T,418,C
MEG_884|Drugs|Aminoglycosides|Aminoglycoside_O-nucleotidyltransferases|ANT3-DPRIME,A,31,C
MEG_884|Drugs|Aminoglycosides|Aminoglycoside_O-nucleotidyltransferases|ANT3-DPRIME,C,449,G
MEG_884|Drugs|Aminoglycosides|Aminoglycoside_O-nucleotidyltransferases|ANT3-DPRIME,T,779,A
MEG_884|Drugs|Aminoglycosides|Aminoglycoside_O-nucleotidyltransferases|ANT3-DPRIME,C,783,A
MEG_933|Drugs|Aminoglycosides|Aminoglycoside_O-nucleotidyltransferases|ANT3-DPRIME,G,607,A
MEG_933|Drugs|Aminoglycosides|Aminoglycoside_O-nucleotidyltransferases|ANT3-DPRIME,T,754,A
MEG_849|Drugs|Aminoglycosides|Aminoglycoside_O-nucleotidyltransferases|ANT3-DPRIME,T,17,G
MEG_849|Drugs|Aminoglycosides|Aminoglycoside_O-nucleotidyltransferases|ANT3-DPRIME,G,115,A
MEG_849|Drugs|Aminoglycosides|Aminoglycoside_O-nucleotidyltransferases|ANT3-DPRIME,A,206,T
MEG_849|Drugs|Aminoglycosides|Aminoglycoside_O-nucleotidyltransferases|ANT3-DPRIME,A,379,G
MEG_849|Drugs|Aminoglycosides|Aminoglycoside_O-nucleotidyltransferases|ANT3-DPRIME,G,425,C
MEG_849|Drugs|Aminoglycosides|Aminoglycoside_O-nucleotidyltransferases|ANT3-DPRIME,G,445,C
MEG_849|Drugs|Aminoglycosides|Aminoglycoside_O-nucleotidyltransferases|ANT3-DPRIME,A,476,C
MEG_849|Drugs|Aminoglycosides|Aminoglycoside_O-nucleotidyltransferases|ANT3-DPRIME,T,497,G
MEG_849|Drugs|Aminoglycosides|Aminoglycoside_O-nucleotidyltransferases|ANT3-DPRIME,C,700,G
MEG_1046|Drugs|Aminoglycosides|Aminoglycoside_O-phosphotransferases|APH3-DPRIME,G,445,T
MEG_254|Drugs|Aminoglycosides|Aminoglycoside_N-acetyltransferases|AAC6-PRIME,G,243,T
MEG_1063|Drugs|Aminoglycosides|Aminoglycoside_O-phosphotransferases|APH3-PRIME,T,29,G
MEG_1063|Drugs|Aminoglycosides|Aminoglycoside_O-phosphotransferases|APH3-PRIME,A,103,C
MEG_1063|Drugs|Aminoglycosides|Aminoglycoside_O-phosphotransferases|APH3-PRIME,G,315,T
MEG_1063|Drugs|Aminoglycosides|Aminoglycoside_O-phosphotransferases|APH3-PRIME,A,336,T
MEG_1063|Drugs|Aminoglycosides|Aminoglycoside_O-phosphotransferases|APH3-PRIME,A,431,G
MEG_1063|Drugs|Aminoglycosides|Aminoglycoside_O-phosphotransferases|APH3-PRIME,T,472,G
MEG_1063|Drugs|Aminoglycosides|Aminoglycoside_O-phosphotransferases|APH3-PRIME,A,537,G
MEG_1063|Drugs|Aminoglycosides|Aminoglycoside_O-phosphotransferases|APH3-PRIME,T,545,A
MEG_1063|Drugs|Aminoglycosides|Aminoglycoside_O-phosphotransferases|APH3-PRIME,A,703,T
MEG_1015|Drugs|Aminoglycosides|Aminoglycoside_O-phosphotransferases|APH2-DPRIME,G,55,C
MEG_1015|Drugs|Aminoglycosides|Aminoglycoside_O-phosphotransferases|APH2-DPRIME,A,219,T
MEG_1015|Drugs|Aminoglycosides|Aminoglycoside_O-phosphotransferases|APH2-DPRIME,C,331,T
MEG_1015|Drugs|Aminoglycosides|Aminoglycoside_O-phosphotransferases|APH2-DPRIME,G,477,T
MEG_1015|Drugs|Aminoglycosides|Aminoglycoside_O-phosphotransferases|APH2-DPRIME,A,496,G
MEG_1015|Drugs|Aminoglycosides|Aminoglycoside_O-phosphotransferases|APH2-DPRIME,T,554,A
MEG_1015|Drugs|Aminoglycosides|Aminoglycoside_O-phosphotransferases|APH2-DPRIME,G,601,T
MEG_1015|Drugs|Aminoglycosides|Aminoglycoside_O-phosphotransferases|APH2-DPRIME,C,831,G
MEG_273|Drugs|Aminoglycosides|Aminoglycoside_N-acetyltransferases|AAC6-PRIME,C,151,A
MEG_273|Drugs|Aminoglycosides|Aminoglycoside_N-acetyltransferases|AAC6-PRIME,A,183,G
MEG_273|Drugs|Aminoglycosides|Aminoglycoside_N-acetyltransferases|AAC6-PRIME,T,259,C
MEG_273|Drugs|Aminoglycosides|Aminoglycoside_N-acetyltransferases|AAC6-PRIME,G,433,T
MEG_273|Drugs|Aminoglycosides|Aminoglycoside_N-acetyltransferases|AAC6-PRIME,G,493,A
MEG_134|Drugs|Aminoglycosides|Aminoglycoside_N-acetyltransferases|AAC6-PRIME,C,216,A
MEG_134|Drugs|Aminoglycosides|Aminoglycoside_N-acetyltransferases|AAC6-PRIME,C,347,T
MEG_134|Drugs|Aminoglycosides|Aminoglycoside_N-acetyltransferases|AAC6-PRIME,C,372,T
MEG_262|Drugs|Aminoglycosides|Aminoglycoside_N-acetyltransferases|AAC6-PRIME,T,146,C
MEG_262|Drugs|Aminoglycosides|Aminoglycoside_N-acetyltransferases|AAC6-PRIME,G,225,C
MEG_262|Drugs|Aminoglycosides|Aminoglycoside_N-acetyltransferases|AAC6-PRIME,T,229,A
MEG_262|Drugs|Aminoglycosides|Aminoglycoside_N-acetyltransferases|AAC6-PRIME,C,297,T
MEG_262|Drugs|Aminoglycosides|Aminoglycoside_N-acetyltransferases|AAC6-PRIME,A,304,T
MEG_262|Drugs|Aminoglycosides|Aminoglycoside_N-acetyltransferases|AAC6-PRIME,G,343,C
MEG_262|Drugs|Aminoglycosides|Aminoglycoside_N-acetyltransferases|AAC6-PRIME,C,361,A
MEG_262|Drugs|Aminoglycosides|Aminoglycoside_N-acetyltransferases|AAC6-PRIME,G,373,T
MEG_262|Drugs|Aminoglycosides|Aminoglycoside_N-acetyltransferases|AAC6-PRIME,C,386,G
MEG_912|Drugs|Aminoglycosides|Aminoglycoside_O-nucleotidyltransferases|ANT3-DPRIME,C,325,T
MEG_912|Drugs|Aminoglycosides|Aminoglycoside_O-nucleotidyltransferases|ANT3-DPRIME,A,328,G
MEG_912|Drugs|Aminoglycosides|Aminoglycoside_O-nucleotidyltransferases|ANT3-DPRIME,T,396,G
MEG_912|Drugs|Aminoglycosides|Aminoglycoside_O-nucleotidyltransferases|ANT3-DPRIME,T,412,C
MEG_912|Drugs|Aminoglycosides|Aminoglycoside_O-nucleotidyltransferases|ANT3-DPRIME,T,585,C
MEG_912|Drugs|Aminoglycosides|Aminoglycoside_O-nucleotidyltransferases|ANT3-DPRIME,T,656,G
MEG_912|Drugs|Aminoglycosides|Aminoglycoside_O-nucleotidyltransferases|ANT3-DPRIME,A,670,T
MEG_147|Drugs|Aminoglycosides|Aminoglycoside_N-acetyltransferases|AAC6-PRIME,G,3,C
MEG_147|Drugs|Aminoglycosides|Aminoglycoside_N-acetyltransferases|AAC6-PRIME,C,64,A
MEG_147|Drugs|Aminoglycosides|Aminoglycoside_N-acetyltransferases|AAC6-PRIME,C,68,G
MEG_147|Drugs|Aminoglycosides|Aminoglycoside_N-acetyltransferases|AAC6-PRIME,G,111,T
MEG_147|Drugs|Aminoglycosides|Aminoglycoside_N-acetyltransferases|AAC6-PRIME,G,167,C
MEG_147|Drugs|Aminoglycosides|Aminoglycoside_N-acetyltransferases|AAC6-PRIME,C,201,A
MEG_147|Drugs|Aminoglycosides|Aminoglycoside_N-acetyltransferases|AAC6-PRIME,A,212,T
MEG_147|Drugs|Aminoglycosides|Aminoglycoside_N-acetyltransferases|AAC6-PRIME,A,245,G
MEG_147|Drugs|Aminoglycosides|Aminoglycoside_N-acetyltransferases|AAC6-PRIME,C,311,A
MEG_147|Drugs|Aminoglycosides|Aminoglycoside_N-acetyltransferases|AAC6-PRIME,G,414,C
MEG_110|Drugs|Aminoglycosides|Aminoglycoside_N-acetyltransferases|AAC6-PRIME,A,149,G
MEG_11296|Drugs|Aminoglycosides|Aminoglycoside_O-phosphotransferases|APH3-PRIME,G,496,T
MEG_11296|Drugs|Aminoglycosides|Aminoglycoside_O-phosphotransferases|APH3-PRIME,T,614,G
MEG_835|Drugs|Aminoglycosides|Aminoglycoside_O-nucleotidyltransferases|ANT3-DPRIME,T,2,A
MEG_835|Drugs|Aminoglycosides|Aminoglycoside_O-nucleotidyltransferases|ANT3-DPRIME,T,82,G
MEG_835|Drugs|Aminoglycosides|Aminoglycoside_O-nucleotidyltransferases|ANT3-DPRIME,A,145,G
MEG_835|Drugs|Aminoglycosides|Aminoglycoside_O-nucleotidyltransferases|ANT3-DPRIME,C,281,A
MEG_835|Drugs|Aminoglycosides|Aminoglycoside_O-nucleotidyltransferases|ANT3-DPRIME,A,357,T
MEG_835|Drugs|Aminoglycosides|Aminoglycoside_O-nucleotidyltransferases|ANT3-DPRIME,G,498,A
MEG_835|Drugs|Aminoglycosides|Aminoglycoside_O-nucleotidyltransferases|ANT3-DPRIME,T,516,G
MEG_835|Drugs|Aminoglycosides|Aminoglycoside_O-nucleotidyltransferases|ANT3-DPRIME,A,605,T
MEG_835|Drugs|Aminoglycosides|Aminoglycoside_O-nucleotidyltransferases|ANT3-DPRIME,A,756,T
MEG_945|Drugs|Aminoglycosides|Aminoglycoside_O-nucleotidyltransferases|ANT3-DPRIME,A,629,T
MEG_2932|Drugs|Aminoglycosides|16S_rRNA_methyltransferases|FMRO,A,138,T
MEG_2932|Drugs|Aminoglycosides|16S_rRNA_methyltransferases|FMRO,G,159,T
MEG_2932|Drugs|Aminoglycosides|16S_rRNA_methyltransferases|FMRO,C,164,G
MEG_2932|Drugs|Aminoglycosides|16S_rRNA_methyltransferases|FMRO,G,489,C
MEG_2932|Drugs|Aminoglycosides|16S_rRNA_methyltransferases|FMRO,C,596,A
MEG_2932|Drugs|Aminoglycosides|16S_rRNA_methyltransferases|FMRO,G,652,C
MEG_2932|Drugs|Aminoglycosides|16S_rRNA_methyltransferases|FMRO,C,745,A
MEG_2932|Drugs|Aminoglycosides|16S_rRNA_methyltransferases|FMRO,C,788,G
MEG_2932|Drugs|Aminoglycosides|16S_rRNA_methyltransferases|FMRO,G,789,C
MEG_2932|Drugs|Aminoglycosides|16S_rRNA_methyltransferases|FMRO,C,851,G
MEG_1026|Drugs|Aminoglycosides|Aminoglycoside_O-phosphotransferases|APH3-DPRIME,T,48,A
MEG_1026|Drugs|Aminoglycosides|Aminoglycoside_O-phosphotransferases|APH3-DPRIME,T,565,C
MEG_11506|Drugs|Aminoglycosides|Aminoglycoside_O-nucleotidyltransferases|ANT6,A,67,G
MEG_11506|Drugs|Aminoglycosides|Aminoglycoside_O-nucleotidyltransferases|ANT6,A,80,C
MEG_11506|Drugs|Aminoglycosides|Aminoglycoside_O-nucleotidyltransferases|ANT6,A,150,G
MEG_11506|Drugs|Aminoglycosides|Aminoglycoside_O-nucleotidyltransferases|ANT6,G,199,A
MEG_11506|Drugs|Aminoglycosides|Aminoglycoside_O-nucleotidyltransferases|ANT6,T,205,A
MEG_11506|Drugs|Aminoglycosides|Aminoglycoside_O-nucleotidyltransferases|ANT6,A,452,T
MEG_11506|Drugs|Aminoglycosides|Aminoglycoside_O-nucleotidyltransferases|ANT6,T,526,A
MEG_11506|Drugs|Aminoglycosides|Aminoglycoside_O-nucleotidyltransferases|ANT6,A,579,G
MEG_11506|Drugs|Aminoglycosides|Aminoglycoside_O-nucleotidyltransferases|ANT6,A,619,T
MEG_330|Drugs|Aminoglycosides|Aminoglycoside_N-acetyltransferases|AAC6-PRIME,C,87,T
MEG_330|Drugs|Aminoglycosides|Aminoglycoside_N-acetyltransferases|AAC6-PRIME,G,99,A
MEG_330|Drugs|Aminoglycosides|Aminoglycoside_N-acetyltransferases|AAC6-PRIME,C,197,A
MEG_330|Drugs|Aminoglycosides|Aminoglycoside_N-acetyltransferases|AAC6-PRIME,G,412,A
MEG_48|Drugs|Aminoglycosides|Aminoglycoside_N-acetyltransferases|AAC3,A,10,G
MEG_48|Drugs|Aminoglycosides|Aminoglycoside_N-acetyltransferases|AAC3,T,17,C
MEG_48|Drugs|Aminoglycosides|Aminoglycoside_N-acetyltransferases|AAC3,G,18,C
MEG_48|Drugs|Aminoglycosides|Aminoglycoside_N-acetyltransferases|AAC3,G,94,A
MEG_48|Drugs|Aminoglycosides|Aminoglycoside_N-acetyltransferases|AAC3,C,195,A
MEG_48|Drugs|Aminoglycosides|Aminoglycoside_N-acetyltransferases|AAC3,C,483,T
MEG_48|Drugs|Aminoglycosides|Aminoglycoside_N-acetyltransferases|AAC3,G,540,T
MEG_48|Drugs|Aminoglycosides|Aminoglycoside_N-acetyltransferases|AAC3,C,751,G
MEG_48|Drugs|Aminoglycosides|Aminoglycoside_N-acetyltransferases|AAC3,G,829,A
MEG_1027|Drugs|Aminoglycosides|Aminoglycoside_O-phosphotransferases|APH3-DPRIME,A,10,G
MEG_1027|Drugs|Aminoglycosides|Aminoglycoside_O-phosphotransferases|APH3-DPRIME,G,61,T
MEG_1027|Drugs|Aminoglycosides|Aminoglycoside_O-phosphotransferases|APH3-DPRIME,A,191,G
MEG_1060|Drugs|Aminoglycosides|Aminoglycoside_O-phosphotransferases|APH3-PRIME,A,98,T
MEG_1060|Drugs|Aminoglycosides|Aminoglycoside_O-phosphotransferases|APH3-PRIME,G,780,T
MEG_7872|Drugs|Aminoglycosides|Aminoglycoside_N-acetyltransferases|AAC6-PRIME,A,33,C
MEG_7872|Drugs|Aminoglycosides|Aminoglycoside_N-acetyltransferases|AAC6-PRIME,T,64,A
MEG_7872|Drugs|Aminoglycosides|Aminoglycoside_N-acetyltransferases|AAC6-PRIME,G,296,A
MEG_7872|Drugs|Aminoglycosides|Aminoglycoside_N-acetyltransferases|AAC6-PRIME,C,336,G
MEG_7872|Drugs|Aminoglycosides|Aminoglycoside_N-acetyltransferases|AAC6-PRIME,T,422,C
MEG_7872|Drugs|Aminoglycosides|Aminoglycoside_N-acetyltransferases|AAC6-PRIME,A,455,G
MEG_7872|Drugs|Aminoglycosides|Aminoglycoside_N-acetyltransferases|AAC6-PRIME,G,517,A
MEG_192|Drugs|Aminoglycosides|Aminoglycoside_N-acetyltransferases|AAC6-PRIME,G,21,C
MEG_192|Drugs|Aminoglycosides|Aminoglycoside_N-acetyltransferases|AAC6-PRIME,G,98,A
MEG_192|Drugs|Aminoglycosides|Aminoglycoside_N-acetyltransferases|AAC6-PRIME,G,166,T
MEG_192|Drugs|Aminoglycosides|Aminoglycoside_N-acetyltransferases|AAC6-PRIME,C,170,G
MEG_192|Drugs|Aminoglycosides|Aminoglycoside_N-acetyltransferases|AAC6-PRIME,T,224,C
MEG_192|Drugs|Aminoglycosides|Aminoglycoside_N-acetyltransferases|AAC6-PRIME,C,327,A
MEG_192|Drugs|Aminoglycosides|Aminoglycoside_N-acetyltransferases|AAC6-PRIME,G,328,C
MEG_192|Drugs|Aminoglycosides|Aminoglycoside_N-acetyltransferases|AAC6-PRIME,G,456,A
MEG_192|Drugs|Aminoglycosides|Aminoglycoside_N-acetyltransferases|AAC6-PRIME,T,472,G
MEG_308|Drugs|Aminoglycosides|Aminoglycoside_N-acetyltransferases|AAC6-PRIME,C,27,A
MEG_308|Drugs|Aminoglycosides|Aminoglycoside_N-acetyltransferases|AAC6-PRIME,A,412,C
MEG_308|Drugs|Aminoglycosides|Aminoglycoside_N-acetyltransferases|AAC6-PRIME,A,466,G
MEG_308|Drugs|Aminoglycosides|Aminoglycoside_N-acetyltransferases|AAC6-PRIME,A,523,G
MEG_11397|Drugs|Aminoglycosides|16S_rRNA_methyltransferases|KAMC,G,442,C
MEG_11397|Drugs|Aminoglycosides|16S_rRNA_methyltransferases|KAMC,T,652,G
MEG_948|Drugs|Aminoglycosides|Aminoglycoside_O-nucleotidyltransferases|ANT3-DPRIME,G,27,A
MEG_948|Drugs|Aminoglycosides|Aminoglycoside_O-nucleotidyltransferases|ANT3-DPRIME,T,125,C
MEG_948|Drugs|Aminoglycosides|Aminoglycoside_O-nucleotidyltransferases|ANT3-DPRIME,G,181,C
MEG_948|Drugs|Aminoglycosides|Aminoglycoside_O-nucleotidyltransferases|ANT3-DPRIME,A,315,T
MEG_948|Drugs|Aminoglycosides|Aminoglycoside_O-nucleotidyltransferases|ANT3-DPRIME,T,410,G
MEG_948|Drugs|Aminoglycosides|Aminoglycoside_O-nucleotidyltransferases|ANT3-DPRIME,T,461,G
MEG_948|Drugs|Aminoglycosides|Aminoglycoside_O-nucleotidyltransferases|ANT3-DPRIME,C,735,G
MEG_948|Drugs|Aminoglycosides|Aminoglycoside_O-nucleotidyltransferases|ANT3-DPRIME,T,742,G
MEG_948|Drugs|Aminoglycosides|Aminoglycoside_O-nucleotidyltransferases|ANT3-DPRIME,C,777,A
MEG_11295|Drugs|Aminoglycosides|Aminoglycoside_O-phosphotransferases|APH3-PRIME,C,236,A
MEG_340|Drugs|Aminoglycosides|Aminoglycoside_N-acetyltransferases|AAC6-PRIME,A,38,T
MEG_340|Drugs|Aminoglycosides|Aminoglycoside_N-acetyltransferases|AAC6-PRIME,T,169,A
MEG_340|Drugs|Aminoglycosides|Aminoglycoside_N-acetyltransferases|AAC6-PRIME,G,172,A
MEG_340|Drugs|Aminoglycosides|Aminoglycoside_N-acetyltransferases|AAC6-PRIME,G,222,C
MEG_340|Drugs|Aminoglycosides|Aminoglycoside_N-acetyltransferases|AAC6-PRIME,C,311,A
MEG_340|Drugs|Aminoglycosides|Aminoglycoside_N-acetyltransferases|AAC6-PRIME,G,358,C
MEG_340|Drugs|Aminoglycosides|Aminoglycoside_N-acetyltransferases|AAC6-PRIME,T,364,G
MEG_861|Drugs|Aminoglycosides|Aminoglycoside_O-nucleotidyltransferases|ANT3-DPRIME,A,31,C
MEG_861|Drugs|Aminoglycosides|Aminoglycoside_O-nucleotidyltransferases|ANT3-DPRIME,C,228,A
MEG_861|Drugs|Aminoglycosides|Aminoglycoside_O-nucleotidyltransferases|ANT3-DPRIME,C,291,G
MEG_861|Drugs|Aminoglycosides|Aminoglycoside_O-nucleotidyltransferases|ANT3-DPRIME,A,317,C
MEG_861|Drugs|Aminoglycosides|Aminoglycoside_O-nucleotidyltransferases|ANT3-DPRIME,A,642,G
MEG_861|Drugs|Aminoglycosides|Aminoglycoside_O-nucleotidyltransferases|ANT3-DPRIME,T,749,G
MEG_237|Drugs|Aminoglycosides|Aminoglycoside_N-acetyltransferases|AAC6-PRIME,T,97,G
MEG_237|Drugs|Aminoglycosides|Aminoglycoside_N-acetyltransferases|AAC6-PRIME,T,546,C
MEG_1012|Drugs|Aminoglycosides|Aminoglycoside_O-phosphotransferases|APH2-DPRIME,T,9,G
MEG_1012|Drugs|Aminoglycosides|Aminoglycoside_O-phosphotransferases|APH2-DPRIME,A,149,C
MEG_1012|Drugs|Aminoglycosides|Aminoglycoside_O-phosphotransferases|APH2-DPRIME,C,254,A
MEG_1012|Drugs|Aminoglycosides|Aminoglycoside_O-phosphotransferases|APH2-DPRIME,A,474,G
MEG_1012|Drugs|Aminoglycosides|Aminoglycoside_O-phosphotransferases|APH2-DPRIME,A,624,G
MEG_8037|Drugs|Aminoglycosides|Aminoglycoside_efflux_pumps|CRCB,G,3,T
MEG_8037|Drugs|Aminoglycosides|Aminoglycoside_efflux_pumps|CRCB,G,118,C
MEG_8037|Drugs|Aminoglycosides|Aminoglycoside_efflux_pumps|CRCB,C,119,T
MEG_8037|Drugs|Aminoglycosides|Aminoglycoside_efflux_pumps|CRCB,A,167,C
MEG_8037|Drugs|Aminoglycosides|Aminoglycoside_efflux_pumps|CRCB,G,340,A
MEG_8037|Drugs|Aminoglycosides|Aminoglycoside_efflux_pumps|CRCB,C,365,G
MEG_8037|Drugs|Aminoglycosides|Aminoglycoside_efflux_pumps|CRCB,T,393,C
MEG_10160|Drugs|Aminoglycosides|Aminoglycoside_N-acetyltransferases|AAC6-PRIME,C,12,G
MEG_10160|Drugs|Aminoglycosides|Aminoglycoside_N-acetyltransferases|AAC6-PRIME,A,196,T
MEG_10160|Drugs|Aminoglycosides|Aminoglycoside_N-acetyltransferases|AAC6-PRIME,C,289,G
MEG_10160|Drugs|Aminoglycosides|Aminoglycoside_N-acetyltransferases|AAC6-PRIME,A,294,G
MEG_10160|Drugs|Aminoglycosides|Aminoglycoside_N-acetyltransferases|AAC6-PRIME,T,305,G
MEG_847|Drugs|Aminoglycosides|Aminoglycoside_O-nucleotidyltransferases|ANT3-DPRIME,G,19,T
MEG_847|Drugs|Aminoglycosides|Aminoglycoside_O-nucleotidyltransferases|ANT3-DPRIME,T,177,C
MEG_847|Drugs|Aminoglycosides|Aminoglycoside_O-nucleotidyltransferases|ANT3-DPRIME,A,215,C
MEG_847|Drugs|Aminoglycosides|Aminoglycoside_O-nucleotidyltransferases|ANT3-DPRIME,A,344,T
MEG_847|Drugs|Aminoglycosides|Aminoglycoside_O-nucleotidyltransferases|ANT3-DPRIME,A,486,G
MEG_847|Drugs|Aminoglycosides|Aminoglycoside_O-nucleotidyltransferases|ANT3-DPRIME,G,567,A
MEG_847|Drugs|Aminoglycosides|Aminoglycoside_O-nucleotidyltransferases|ANT3-DPRIME,T,671,G
MEG_29|Drugs|Aminoglycosides|Aminoglycoside_N-acetyltransferases|AAC3,C,61,T
MEG_29|Drugs|Aminoglycosides|Aminoglycoside_N-acetyltransferases|AAC3,G,141,A
MEG_29|Drugs|Aminoglycosides|Aminoglycoside_N-acetyltransferases|AAC3,G,293,T
MEG_29|Drugs|Aminoglycosides|Aminoglycoside_N-acetyltransferases|AAC3,T,437,C
MEG_2973|Drugs|Fosfomycin|Fosfomycin_phosphorylation|FOMA,C,15,A
MEG_2973|Drugs|Fosfomycin|Fosfomycin_phosphorylation|FOMA,T,41,G
MEG_2973|Drugs|Fosfomycin|Fosfomycin_phosphorylation|FOMA,G,68,C
MEG_2973|Drugs|Fosfomycin|Fosfomycin_phosphorylation|FOMA,G,471,C
MEG_2973|Drugs|Fosfomycin|Fosfomycin_phosphorylation|FOMA,G,713,T
MEG_2986|Drugs|Fosfomycin|Fosfomycin_thiol_transferases|FOSA,G,69,A
MEG_2986|Drugs|Fosfomycin|Fosfomycin_thiol_transferases|FOSA,C,113,G
MEG_2986|Drugs|Fosfomycin|Fosfomycin_thiol_transferases|FOSA,G,141,C
MEG_2986|Drugs|Fosfomycin|Fosfomycin_thiol_transferases|FOSA,G,150,C
MEG_2986|Drugs|Fosfomycin|Fosfomycin_thiol_transferases|FOSA,C,233,T
MEG_2986|Drugs|Fosfomycin|Fosfomycin_thiol_transferases|FOSA,G,366,C
MEG_8093|Drugs|Fosfomycin|Fosfomycin_thiol_transferases|FOSM,A,73,T
MEG_8093|Drugs|Fosfomycin|Fosfomycin_thiol_transferases|FOSM,G,118,A
MEG_8093|Drugs|Fosfomycin|Fosfomycin_thiol_transferases|FOSM,C,190,T
MEG_8093|Drugs|Fosfomycin|Fosfomycin_thiol_transferases|FOSM,T,322,A
MEG_8093|Drugs|Fosfomycin|Fosfomycin_thiol_transferases|FOSM,C,355,A
MEG_8093|Drugs|Fosfomycin|Fosfomycin_thiol_transferases|FOSM,T,366,A
MEG_3013|Drugs|Fosfomycin|Fosfomycin_thiol_transferases|FOSB,T,317,C
MEG_3013|Drugs|Fosfomycin|Fosfomycin_thiol_transferases|FOSB,C,392,G
MEG_3001|Drugs|Fosfomycin|Fosfomycin_thiol_transferases|FOSA,T,63,A
MEG_3001|Drugs|Fosfomycin|Fosfomycin_thiol_transferases|FOSA,A,92,T
MEG_3001|Drugs|Fosfomycin|Fosfomycin_thiol_transferases|FOSA,G,190,C
MEG_3001|Drugs|Fosfomycin|Fosfomycin_thiol_transferases|FOSA,G,212,T
MEG_3001|Drugs|Fosfomycin|Fosfomycin_thiol_transferases|FOSA,G,322,T
MEG_3001|Drugs|Fosfomycin|Fosfomycin_thiol_transferases|FOSA,G,382,T
MEG_3020|Drugs|Fosfomycin|Fosfomycin_thiol_transferases|FOSE,G,108,T
MEG_3020|Drugs|Fosfomycin|Fosfomycin_thiol_transferases|FOSE,T,299,C
MEG_2997|Drugs|Fosfomycin|Fosfomycin_thiol_transferases|FOSA,T,202,C
MEG_2997|Drugs|Fosfomycin|Fosfomycin_thiol_transferases|FOSA,T,233,A
MEG_2997|Drugs|Fosfomycin|Fosfomycin_thiol_transferases|FOSA,G,253,A
MEG_2997|Drugs|Fosfomycin|Fosfomycin_thiol_transferases|FOSA,T,295,C
MEG_2997|Drugs|Fosfomycin|Fosfomycin_thiol_transferases|FOSA,A,323,G
MEG_2997|Drugs|Fosfomycin|Fosfomycin_thiol_transferases|FOSA,C,324,T
MEG_2997|Drugs|Fosfomycin|Fosfomycin_thiol_transferases|FOSA,C,412,A
MEG_2997|Drugs|Fosfomycin|Fosfomycin_thiol_transferases|FOSA,T,525,G
MEG_2974|Drugs|Fosfomycin|Fosfomycin_phosphorylation|FOMB,C,71,T
MEG_2974|Drugs|Fosfomycin|Fosfomycin_phosphorylation|FOMB,A,236,G
MEG_2974|Drugs|Fosfomycin|Fosfomycin_phosphorylation|FOMB,C,365,A
MEG_2974|Drugs|Fosfomycin|Fosfomycin_phosphorylation|FOMB,A,417,T
MEG_2974|Drugs|Fosfomycin|Fosfomycin_phosphorylation|FOMB,C,561,G
MEG_2974|Drugs|Fosfomycin|Fosfomycin_phosphorylation|FOMB,G,581,A
MEG_2974|Drugs|Fosfomycin|Fosfomycin_phosphorylation|FOMB,C,777,T
MEG_2974|Drugs|Fosfomycin|Fosfomycin_phosphorylation|FOMB,A,956,C
MEG_2974|Drugs|Fosfomycin|Fosfomycin_phosphorylation|FOMB,G,964,T
MEG_2974|Drugs|Fosfomycin|Fosfomycin_phosphorylation|FOMB,C,986,G
MEG_3017|Drugs|Fosfomycin|Fosfomycin_thiol_transferases|FOSC,A,131,C
MEG_3017|Drugs|Fosfomycin|Fosfomycin_thiol_transferases|FOSC,C,196,T
MEG_3017|Drugs|Fosfomycin|Fosfomycin_thiol_transferases|FOSC,C,204,G
MEG_3017|Drugs|Fosfomycin|Fosfomycin_thiol_transferases|FOSC,C,392,A
MEG_3017|Drugs|Fosfomycin|Fosfomycin_thiol_transferases|FOSC,G,478,T
MEG_2975|Drugs|Fosfomycin|Fosfomycin_phosphorylation|FOMB,T,14,C
MEG_2975|Drugs|Fosfomycin|Fosfomycin_phosphorylation|FOMB,C,168,A
MEG_2975|Drugs|Fosfomycin|Fosfomycin_phosphorylation|FOMB,C,276,A
MEG_2975|Drugs|Fosfomycin|Fosfomycin_phosphorylation|FOMB,T,343,G
MEG_2975|Drugs|Fosfomycin|Fosfomycin_phosphorylation|FOMB,A,353,T
MEG_2975|Drugs|Fosfomycin|Fosfomycin_phosphorylation|FOMB,G,403,A
MEG_2975|Drugs|Fosfomycin|Fosfomycin_phosphorylation|FOMB,A,647,G
MEG_2975|Drugs|Fosfomycin|Fosfomycin_phosphorylation|FOMB,C,892,G
MEG_11313|Drugs|Fosfomycin|Fosfomycin_thiol_transferases|FOSX,T,29,G
MEG_11313|Drugs|Fosfomycin|Fosfomycin_thiol_transferases|FOSX,G,220,A
MEG_11313|Drugs|Fosfomycin|Fosfomycin_thiol_transferases|FOSX,G,306,A
MEG_11313|Drugs|Fosfomycin|Fosfomycin_thiol_transferases|FOSX,A,403,T
MEG_3021|Drugs|Fosfomycin|Fosfomycin_thiol_transferases|FOSF,C,396,G
MEG_2998|Drugs|Fosfomycin|Fosfomycin_thiol_transferases|FOSA,T,13,C
MEG_2998|Drugs|Fosfomycin|Fosfomycin_thiol_transferases|FOSA,T,121,G
MEG_2998|Drugs|Fosfomycin|Fosfomycin_thiol_transferases|FOSA,G,130,T
MEG_2998|Drugs|Fosfomycin|Fosfomycin_thiol_transferases|FOSA,G,190,A
MEG_2998|Drugs|Fosfomycin|Fosfomycin_thiol_transferases|FOSA,G,242,A
MEG_2998|Drugs|Fosfomycin|Fosfomycin_thiol_transferases|FOSA,A,278,T
MEG_11310|Drugs|Fosfomycin|Fosfomycin_thiol_transferases|FOSA,A,73,T
MEG_11310|Drugs|Fosfomycin|Fosfomycin_thiol_transferases|FOSA,T,89,A
MEG_11310|Drugs|Fosfomycin|Fosfomycin_thiol_transferases|FOSA,C,113,A
MEG_11310|Drugs|Fosfomycin|Fosfomycin_thiol_transferases|FOSA,A,200,T
MEG_11310|Drugs|Fosfomycin|Fosfomycin_thiol_transferases|FOSA,A,208,C
MEG_11310|Drugs|Fosfomycin|Fosfomycin_thiol_transferases|FOSA,G,250,A
MEG_11310|Drugs|Fosfomycin|Fosfomycin_thiol_transferases|FOSA,C,252,G
MEG_11310|Drugs|Fosfomycin|Fosfomycin_thiol_transferases|FOSA,G,293,T
MEG_11310|Drugs|Fosfomycin|Fosfomycin_thiol_transferases|FOSA,C,316,T
MEG_11310|Drugs|Fosfomycin|Fosfomycin_thiol_transferases|FOSA,A,381,T
MEG_2982|Drugs|Fosfomycin|Fosfomycin_thiol_transferases|FOSA,T,62,C
MEG_2982|Drugs|Fosfomycin|Fosfomycin_thiol_transferases|FOSA,T,127,G
MEG_2982|Drugs|Fosfomycin|Fosfomycin_thiol_transferases|FOSA,A,151,C
MEG_2982|Drugs|Fosfomycin|Fosfomycin_thiol_transferases|FOSA,A,156,T
MEG_2982|Drugs|Fosfomycin|Fosfomycin_thiol_transferases|FOSA,T,287,A
MEG_2982|Drugs|Fosfomycin|Fosfomycin_thiol_transferases|FOSA,A,329,C
MEG_2982|Drugs|Fosfomycin|Fosfomycin_thiol_transferases|FOSA,A,334,C
MEG_11395|Drugs|Fosfomycin|Fosfomycin_thiol_transferases|FOSS,A,9,C
MEG_11395|Drugs|Fosfomycin|Fosfomycin_thiol_transferases|FOSS,A,41,T
MEG_11395|Drugs|Fosfomycin|Fosfomycin_thiol_transferases|FOSS,C,43,G
MEG_11395|Drugs|Fosfomycin|Fosfomycin_thiol_transferases|FOSS,T,139,C
MEG_11395|Drugs|Fosfomycin|Fosfomycin_thiol_transferases|FOSS,A,297,C
MEG_11395|Drugs|Fosfomycin|Fosfomycin_thiol_transferases|FOSS,A,314,G
MEG_11395|Drugs|Fosfomycin|Fosfomycin_thiol_transferases|FOSS,A,389,G
MEG_3005|Drugs|Fosfomycin|Fosfomycin_thiol_transferases|FOSB,T,35,C
MEG_3005|Drugs|Fosfomycin|Fosfomycin_thiol_transferases|FOSB,A,50,G
MEG_3005|Drugs|Fosfomycin|Fosfomycin_thiol_transferases|FOSB,T,84,A
MEG_3005|Drugs|Fosfomycin|Fosfomycin_thiol_transferases|FOSB,T,206,C
MEG_3005|Drugs|Fosfomycin|Fosfomycin_thiol_transferases|FOSB,C,215,A
MEG_3005|Drugs|Fosfomycin|Fosfomycin_thiol_transferases|FOSB,A,266,T
MEG_3005|Drugs|Fosfomycin|Fosfomycin_thiol_transferases|FOSB,G,371,C
MEG_3023|Drugs|Fosfomycin|Fosfomycin_thiol_transferases|FOSK,T,193,G
MEG_3023|Drugs|Fosfomycin|Fosfomycin_thiol_transferases|FOSK,A,257,T
MEG_2995|Drugs|Fosfomycin|Fosfomycin_thiol_transferases|FOSA,C,27,G
MEG_2995|Drugs|Fosfomycin|Fosfomycin_thiol_transferases|FOSA,G,42,C
MEG_2995|Drugs|Fosfomycin|Fosfomycin_thiol_transferases|FOSA,C,59,G
MEG_2995|Drugs|Fosfomycin|Fosfomycin_thiol_transferases|FOSA,G,69,A
MEG_2995|Drugs|Fosfomycin|Fosfomycin_thiol_transferases|FOSA,A,106,G
MEG_2995|Drugs|Fosfomycin|Fosfomycin_thiol_transferases|FOSA,G,107,C
MEG_2995|Drugs|Fosfomycin|Fosfomycin_thiol_transferases|FOSA,C,139,G
MEG_2995|Drugs|Fosfomycin|Fosfomycin_thiol_transferases|FOSA,C,250,G
MEG_2995|Drugs|Fosfomycin|Fosfomycin_thiol_transferases|FOSA,T,401,G
MEG_2995|Drugs|Fosfomycin|Fosfomycin_thiol_transferases|FOSA,A,416,C
MEG_3025|Drugs|Fosfomycin|Fosfomycin_thiol_transferases|FOSX,G,167,C
MEG_3025|Drugs|Fosfomycin|Fosfomycin_thiol_transferases|FOSX,C,310,G
MEG_11242|Drugs|Fosfomycin|Fosfomycin_thiol_transferases|FOSA,T,10,A
MEG_11242|Drugs|Fosfomycin|Fosfomycin_thiol_transferases|FOSA,A,17,G
MEG_11242|Drugs|Fosfomycin|Fosfomycin_thiol_transferases|FOSA,T,193,G
MEG_11242|Drugs|Fosfomycin|Fosfomycin_thiol_transferases|FOSA,A,254,G
MEG_11242|Drugs|Fosfomycin|Fosfomycin_thiol_transferases|FOSA,A,308,C
MEG_3026|Drugs|Fosfomycin|Fosfomycin_thiol_transferases|FOSX,A,37,G
MEG_3026|Drugs|Fosfomycin|Fosfomycin_thiol_transferases|FOSX,A,60,G
MEG_3026|Drugs|Fosfomycin|Fosfomycin_thiol_transferases|FOSX,C,105,T
MEG_3026|Drugs|Fosfomycin|Fosfomycin_thiol_transferases|FOSX,G,211,A
MEG_3026|Drugs|Fosfomycin|Fosfomycin_thiol_transferases|FOSX,A,312,G
MEG_3026|Drugs|Fosfomycin|Fosfomycin_thiol_transferases|FOSX,T,328,A
MEG_3026|Drugs|Fosfomycin|Fosfomycin_thiol_transferases|FOSX,A,392,T
MEG_3026|Drugs|Fosfomycin|Fosfomycin_thiol_transferases|FOSX,C,394,T
MEG_2983|Drugs|Fosfomycin|Fosfomycin_thiol_transferases|FOSA,T,66,G
MEG_2983|Drugs|Fosfomycin|Fosfomycin_thiol_transferases|FOSA,T,121,A
MEG_2983|Drugs|Fosfomycin|Fosfomycin_thiol_transferases|FOSA,C,213,A
MEG_2983|Drugs|Fosfomycin|Fosfomycin_thiol_transferases|FOSA,G,295,C
MEG_2983|Drugs|Fosfomycin|Fosfomycin_thiol_transferases|FOSA,G,325,C
MEG_11250|Drugs|Fosfomycin|Fosfomycin_thiol_transferases|FOSL,A,47,T
MEG_11250|Drugs|Fosfomycin|Fosfomycin_thiol_transferases|FOSL,C,117,G
MEG_11250|Drugs|Fosfomycin|Fosfomycin_thiol_transferases|FOSL,T,132,C
MEG_11250|Drugs|Fosfomycin|Fosfomycin_thiol_transferases|FOSL,A,185,C
MEG_11250|Drugs|Fosfomycin|Fosfomycin_thiol_transferases|FOSL,G,192,T
MEG_11250|Drugs|Fosfomycin|Fosfomycin_thiol_transferases|FOSL,C,228,G
MEG_11250|Drugs|Fosfomycin|Fosfomycin_thiol_transferases|FOSL,A,394,T
MEG_369|Drugs|Fosfomycin|Fosfomycin_MFS_efflux_pump|ABAF,T,26,C
MEG_369|Drugs|Fosfomycin|Fosfomycin_MFS_efflux_pump|ABAF,C,32,A
MEG_369|Drugs|Fosfomycin|Fosfomycin_MFS_efflux_pump|ABAF,T,287,G
MEG_369|Drugs|Fosfomycin|Fosfomycin_MFS_efflux_pump|ABAF,A,342,T
MEG_369|Drugs|Fosfomycin|Fosfomycin_MFS_efflux_pump|ABAF,T,1235,G
MEG_369|Drugs|Fosfomycin|Fosfomycin_MFS_efflux_pump|ABAF,C,1267,G
MEG_3022|Drugs|Fosfomycin|Fosfomycin_thiol_transferases|FOSG,C,78,A
MEG_3022|Drugs|Fosfomycin|Fosfomycin_thiol_transferases|FOSG,G,94,A
MEG_3022|Drugs|Fosfomycin|Fosfomycin_thiol_transferases|FOSG,A,106,C
MEG_3022|Drugs|Fosfomycin|Fosfomycin_thiol_transferases|FOSG,C,184,T
MEG_8088|Drugs|Fosfomycin|Fosfomycin_thiol_transferases|FOSA,T,142,A
MEG_8088|Drugs|Fosfomycin|Fosfomycin_thiol_transferases|FOSA,T,231,A
MEG_8088|Drugs|Fosfomycin|Fosfomycin_thiol_transferases|FOSA,G,280,C
MEG_8088|Drugs|Fosfomycin|Fosfomycin_thiol_transferases|FOSA,T,341,G
MEG_8088|Drugs|Fosfomycin|Fosfomycin_thiol_transferases|FOSA,A,366,G
MEG_11312|Drugs|Fosfomycin|Fosfomycin_thiol_transferases|FOSA,A,31,T
MEG_11312|Drugs|Fosfomycin|Fosfomycin_thiol_transferases|FOSA,C,35,T
MEG_11312|Drugs|Fosfomycin|Fosfomycin_thiol_transferases|FOSA,T,51,G
MEG_11312|Drugs|Fosfomycin|Fosfomycin_thiol_transferases|FOSA,A,132,G
MEG_11312|Drugs|Fosfomycin|Fosfomycin_thiol_transferases|FOSA,A,179,C
MEG_11312|Drugs|Fosfomycin|Fosfomycin_thiol_transferases|FOSA,A,215,C
MEG_11312|Drugs|Fosfomycin|Fosfomycin_thiol_transferases|FOSA,A,261,G
MEG_11312|Drugs|Fosfomycin|Fosfomycin_thiol_transferases|FOSA,G,280,T
MEG_11312|Drugs|Fosfomycin|Fosfomycin_thiol_transferases|FOSA,C,307,T
MEG_11312|Drugs|Fosfomycin|Fosfomycin_thiol_transferases|FOSA,T,346,C
MEG_3004|Drugs|Fosfomycin|Fosfomycin_thiol_transferases|FOSB,A,16,G
MEG_3004|Drugs|Fosfomycin|Fosfomycin_thiol_transferases|FOSB,G,104,A
MEG_3004|Drugs|Fosfomycin|Fosfomycin_thiol_transferases|FOSB,G,108,A
MEG_3004|Drugs|Fosfomycin|Fosfomycin_thiol_transferases|FOSB,A,255,G
MEG_3004|Drugs|Fosfomycin|Fosfomycin_thiol_transferases|FOSB,T,300,C
MEG_3004|Drugs|Fosfomycin|Fosfomycin_thiol_transferases|FOSB,G,306,A
MEG_3004|Drugs|Fosfomycin|Fosfomycin_thiol_transferases|FOSB,A,335,C
MEG_11241|Drugs|Fosfomycin|Fosfomycin_thiol_transferases|FOSA,C,351,A
MEG_11311|Drugs|Fosfomycin|Fosfomycin_thiol_transferases|FOSA,T,29,A
MEG_11311|Drugs|Fosfomycin|Fosfomycin_thiol_transferases|FOSA,T,61,A
MEG_11311|Drugs|Fosfomycin|Fosfomycin_thiol_transferases|FOSA,T,62,C
MEG_11311|Drugs|Fosfomycin|Fosfomycin_thiol_transferases|FOSA,T,210,G
MEG_11311|Drugs|Fosfomycin|Fosfomycin_thiol_transferases|FOSA,C,387,T
MEG_2996|Drugs|Fosfomycin|Fosfomycin_thiol_transferases|FOSA,G,237,A
MEG_2996|Drugs|Fosfomycin|Fosfomycin_thiol_transferases|FOSA,A,280,C
MEG_3027|Drugs|Fosfomycin|Fosfomycin_thiol_transferases|FOSX,C,110,T
MEG_3027|Drugs|Fosfomycin|Fosfomycin_thiol_transferases|FOSX,G,211,T
MEG_3027|Drugs|Fosfomycin|Fosfomycin_thiol_transferases|FOSX,C,287,G
MEG_2990|Drugs|Fosfomycin|Fosfomycin_thiol_transferases|FOSA,T,105,G
MEG_2990|Drugs|Fosfomycin|Fosfomycin_thiol_transferases|FOSA,C,238,T
MEG_2990|Drugs|Fosfomycin|Fosfomycin_thiol_transferases|FOSA,G,419,C
MEG_2994|Drugs|Fosfomycin|Fosfomycin_thiol_transferases|FOSA,C,7,G
MEG_2994|Drugs|Fosfomycin|Fosfomycin_thiol_transferases|FOSA,C,39,T
MEG_2994|Drugs|Fosfomycin|Fosfomycin_thiol_transferases|FOSA,C,145,T
MEG_2994|Drugs|Fosfomycin|Fosfomycin_thiol_transferases|FOSA,T,378,C
MEG_2994|Drugs|Fosfomycin|Fosfomycin_thiol_transferases|FOSA,A,392,C
MEG_2994|Drugs|Fosfomycin|Fosfomycin_thiol_transferases|FOSA,T,408,G
MEG_2994|Drugs|Fosfomycin|Fosfomycin_thiol_transferases|FOSA,A,409,G
MEG_3010|Drugs|Fosfomycin|Fosfomycin_thiol_transferases|FOSB,A,7,T
MEG_3010|Drugs|Fosfomycin|Fosfomycin_thiol_transferases|FOSB,G,11,T
MEG_3010|Drugs|Fosfomycin|Fosfomycin_thiol_transferases|FOSB,T,180,A
MEG_3010|Drugs|Fosfomycin|Fosfomycin_thiol_transferases|FOSB,A,280,G
MEG_3010|Drugs|Fosfomycin|Fosfomycin_thiol_transferases|FOSB,G,287,C
MEG_3010|Drugs|Fosfomycin|Fosfomycin_thiol_transferases|FOSB,A,295,T
MEG_3010|Drugs|Fosfomycin|Fosfomycin_thiol_transferases|FOSB,T,320,A
MEG_3010|Drugs|Fosfomycin|Fosfomycin_thiol_transferases|FOSB,A,360,G
MEG_3003|Drugs|Fosfomycin|Fosfomycin_thiol_transferases|FOSA,G,108,C
MEG_3003|Drugs|Fosfomycin|Fosfomycin_thiol_transferases|FOSA,T,110,G
MEG_3003|Drugs|Fosfomycin|Fosfomycin_thiol_transferases|FOSA,T,137,G
MEG_3003|Drugs|Fosfomycin|Fosfomycin_thiol_transferases|FOSA,G,142,T
MEG_3003|Drugs|Fosfomycin|Fosfomycin_thiol_transferases|FOSA,G,170,A
MEG_3003|Drugs|Fosfomycin|Fosfomycin_thiol_transferases|FOSA,T,241,A
MEG_3003|Drugs|Fosfomycin|Fosfomycin_thiol_transferases|FOSA,G,255,C
MEG_3003|Drugs|Fosfomycin|Fosfomycin_thiol_transferases|FOSA,A,313,T
MEG_3003|Drugs|Fosfomycin|Fosfomycin_thiol_transferases|FOSA,G,320,C
MEG_11244|Drugs|Fosfomycin|Fosfomycin_thiol_transferases|FOSA,C,50,A
MEG_11244|Drugs|Fosfomycin|Fosfomycin_thiol_transferases|FOSA,C,122,A
MEG_11244|Drugs|Fosfomycin|Fosfomycin_thiol_transferases|FOSA,T,142,A
MEG_11244|Drugs|Fosfomycin|Fosfomycin_thiol_transferases|FOSA,C,210,A
MEG_11244|Drugs|Fosfomycin|Fosfomycin_thiol_transferases|FOSA,C,273,A
MEG_11244|Drugs|Fosfomycin|Fosfomycin_thiol_transferases|FOSA,C,291,T
MEG_11244|Drugs|Fosfomycin|Fosfomycin_thiol_transferases|FOSA,G,333,C
MEG_11245|Drugs|Fosfomycin|Fosfomycin_thiol_transferases|FOSA,C,4,A
MEG_11245|Drugs|Fosfomycin|Fosfomycin_thiol_transferases|FOSA,T,22,G
MEG_11245|Drugs|Fosfomycin|Fosfomycin_thiol_transferases|FOSA,C,95,T
MEG_11245|Drugs|Fosfomycin|Fosfomycin_thiol_transferases|FOSA,C,122,G
MEG_11245|Drugs|Fosfomycin|Fosfomycin_thiol_transferases|FOSA,T,150,C
MEG_11245|Drugs|Fosfomycin|Fosfomycin_thiol_transferases|FOSA,A,286,G
MEG_11245|Drugs|Fosfomycin|Fosfomycin_thiol_transferases|FOSA,T,405,C
MEG_11245|Drugs|Fosfomycin|Fosfomycin_thiol_transferases|FOSA,C,413,G
MEG_3014|Drugs|Fosfomycin|Fosfomycin_thiol_transferases|FOSB,A,288,C
MEG_3014|Drugs|Fosfomycin|Fosfomycin_thiol_transferases|FOSB,C,349,G
MEG_3014|Drugs|Fosfomycin|Fosfomycin_thiol_transferases|FOSB,A,354,G
MEG_8452|Drugs|Multi-drug_resistance|MDR_regulator|PARS,T,13,G
MEG_7689|Drugs|Multi-drug_resistance|Multi-drug_ABC_efflux_pumps|VGAD,A,396,C
MEG_7689|Drugs|Multi-drug_resistance|Multi-drug_ABC_efflux_pumps|VGAD,A,446,C
MEG_7689|Drugs|Multi-drug_resistance|Multi-drug_ABC_efflux_pumps|VGAD,A,611,C
MEG_7689|Drugs|Multi-drug_resistance|Multi-drug_ABC_efflux_pumps|VGAD,C,909,A
MEG_7689|Drugs|Multi-drug_resistance|Multi-drug_ABC_efflux_pumps|VGAD,G,994,C
MEG_7689|Drugs|Multi-drug_resistance|Multi-drug_ABC_efflux_pumps|VGAD,A,1204,T
MEG_7689|Drugs|Multi-drug_resistance|Multi-drug_ABC_efflux_pumps|VGAD,A,1415,G
MEG_7689|Drugs|Multi-drug_resistance|Multi-drug_ABC_efflux_pumps|VGAD,C,1431,A
MEG_4312|Drugs|Multi-drug_resistance|Multi-drug_ABC_efflux_pumps|OPTRA,A,233,C
MEG_4312|Drugs|Multi-drug_resistance|Multi-drug_ABC_efflux_pumps|OPTRA,G,495,T
MEG_4312|Drugs|Multi-drug_resistance|Multi-drug_ABC_efflux_pumps|OPTRA,T,918,A
MEG_4312|Drugs|Multi-drug_resistance|Multi-drug_ABC_efflux_pumps|OPTRA,T,1440,C
MEG_1727|Drugs|Multi-drug_resistance|MDR_23S_ribosomal_RNA_methyltransferase|CLBB,C,660,A
MEG_4310|Drugs|Multi-drug_resistance|Multi-drug_ABC_efflux_pumps|OPTRA,C,379,G
MEG_4310|Drugs|Multi-drug_resistance|Multi-drug_ABC_efflux_pumps|OPTRA,A,968,T
MEG_4310|Drugs|Multi-drug_resistance|Multi-drug_ABC_efflux_pumps|OPTRA,T,1236,C
MEG_4310|Drugs|Multi-drug_resistance|Multi-drug_ABC_efflux_pumps|OPTRA,G,1480,C
MEG_4310|Drugs|Multi-drug_resistance|Multi-drug_ABC_efflux_pumps|OPTRA,A,1817,T
MEG_7802|Drugs|Multi-drug_resistance|Multi-drug_ABC_efflux_pumps|VMLR,T,297,C
MEG_7802|Drugs|Multi-drug_resistance|Multi-drug_ABC_efflux_pumps|VMLR,C,574,T
MEG_7802|Drugs|Multi-drug_resistance|Multi-drug_ABC_efflux_pumps|VMLR,G,1033,C
MEG_7802|Drugs|Multi-drug_resistance|Multi-drug_ABC_efflux_pumps|VMLR,G,1189,C
MEG_7802|Drugs|Multi-drug_resistance|Multi-drug_ABC_efflux_pumps|VMLR,T,1250,C
MEG_7802|Drugs|Multi-drug_resistance|Multi-drug_ABC_efflux_pumps|VMLR,T,1260,C
MEG_7802|Drugs|Multi-drug_resistance|Multi-drug_ABC_efflux_pumps|VMLR,T,1283,C
MEG_7802|Drugs|Multi-drug_resistance|Multi-drug_ABC_efflux_pumps|VMLR,C,1343,A
MEG_1684|Drugs|Multi-drug_resistance|MDR_23S_ribosomal_RNA_methyltransferase|CFRB,A,62,G
MEG_1684|Drugs|Multi-drug_resistance|MDR_23S_ribosomal_RNA_methyltransferase|CFRB,A,188,G
MEG_1684|Drugs|Multi-drug_resistance|MDR_23S_ribosomal_RNA_methyltransferase|CFRB,C,353,G
MEG_1684|Drugs|Multi-drug_resistance|MDR_23S_ribosomal_RNA_methyltransferase|CFRB,A,416,C
MEG_1684|Drugs|Multi-drug_resistance|MDR_23S_ribosomal_RNA_methyltransferase|CFRB,G,612,A
MEG_1684|Drugs|Multi-drug_resistance|MDR_23S_ribosomal_RNA_methyltransferase|CFRB,T,750,G
MEG_1684|Drugs|Multi-drug_resistance|MDR_23S_ribosomal_RNA_methyltransferase|CFRB,T,844,C
MEG_1684|Drugs|Multi-drug_resistance|MDR_23S_ribosomal_RNA_methyltransferase|CFRB,A,1033,C
MEG_1685|Drugs|Multi-drug_resistance|MDR_23S_ribosomal_RNA_methyltransferase|CFRC,A,36,T
MEG_1685|Drugs|Multi-drug_resistance|MDR_23S_ribosomal_RNA_methyltransferase|CFRC,T,160,C
MEG_1685|Drugs|Multi-drug_resistance|MDR_23S_ribosomal_RNA_methyltransferase|CFRC,G,355,T
MEG_1685|Drugs|Multi-drug_resistance|MDR_23S_ribosomal_RNA_methyltransferase|CFRC,G,474,C
MEG_1685|Drugs|Multi-drug_resistance|MDR_23S_ribosomal_RNA_methyltransferase|CFRC,T,576,C
MEG_1685|Drugs|Multi-drug_resistance|MDR_23S_ribosomal_RNA_methyltransferase|CFRC,A,669,C
MEG_1685|Drugs|Multi-drug_resistance|MDR_23S_ribosomal_RNA_methyltransferase|CFRC,T,728,C
MEG_1685|Drugs|Multi-drug_resistance|MDR_23S_ribosomal_RNA_methyltransferase|CFRC,A,794,G
MEG_6084|Drugs|Multi-drug_resistance|Multi-drug_MFS_efflux_pumps|ROSB,C,172,A
MEG_6084|Drugs|Multi-drug_resistance|Multi-drug_MFS_efflux_pumps|ROSB,T,221,G
MEG_6084|Drugs|Multi-drug_resistance|Multi-drug_MFS_efflux_pumps|ROSB,G,277,A
MEG_6084|Drugs|Multi-drug_resistance|Multi-drug_MFS_efflux_pumps|ROSB,A,420,G
MEG_6084|Drugs|Multi-drug_resistance|Multi-drug_MFS_efflux_pumps|ROSB,T,632,C
MEG_6084|Drugs|Multi-drug_resistance|Multi-drug_MFS_efflux_pumps|ROSB,G,691,T
MEG_6084|Drugs|Multi-drug_resistance|Multi-drug_MFS_efflux_pumps|ROSB,A,1161,T
MEG_6084|Drugs|Multi-drug_resistance|Multi-drug_MFS_efflux_pumps|ROSB,A,1179,G
MEG_7684|Drugs|Multi-drug_resistance|Multi-drug_ABC_efflux_pumps|VGA,T,2,C
MEG_7684|Drugs|Multi-drug_resistance|Multi-drug_ABC_efflux_pumps|VGA,C,383,A
MEG_7684|Drugs|Multi-drug_resistance|Multi-drug_ABC_efflux_pumps|VGA,G,496,T
MEG_3595|Drugs|Multi-drug_resistance|Multi-drug_ABC_efflux_pumps|LMRB,G,70,C
MEG_3595|Drugs|Multi-drug_resistance|Multi-drug_ABC_efflux_pumps|LMRB,A,213,C
MEG_3595|Drugs|Multi-drug_resistance|Multi-drug_ABC_efflux_pumps|LMRB,A,601,T
MEG_3595|Drugs|Multi-drug_resistance|Multi-drug_ABC_efflux_pumps|LMRB,A,628,G
MEG_3595|Drugs|Multi-drug_resistance|Multi-drug_ABC_efflux_pumps|LMRB,G,876,C
MEG_3595|Drugs|Multi-drug_resistance|Multi-drug_ABC_efflux_pumps|LMRB,A,953,C
MEG_3595|Drugs|Multi-drug_resistance|Multi-drug_ABC_efflux_pumps|LMRB,T,971,A
MEG_3595|Drugs|Multi-drug_resistance|Multi-drug_ABC_efflux_pumps|LMRB,G,1012,A
MEG_3595|Drugs|Multi-drug_resistance|Multi-drug_ABC_efflux_pumps|LMRB,C,1353,G
MEG_1118|Drugs|Multi-drug_resistance|MDR_regulator|ARLS,T,70,C
MEG_1118|Drugs|Multi-drug_resistance|MDR_regulator|ARLS,A,219,G
MEG_1118|Drugs|Multi-drug_resistance|MDR_regulator|ARLS,C,253,A
MEG_1118|Drugs|Multi-drug_resistance|MDR_regulator|ARLS,T,261,C
MEG_1118|Drugs|Multi-drug_resistance|MDR_regulator|ARLS,C,1232,A
MEG_3658|Drugs|Multi-drug_resistance|Multi-drug_ABC_efflux_pumps|MACB,C,285,T
MEG_3658|Drugs|Multi-drug_resistance|Multi-drug_ABC_efflux_pumps|MACB,T,582,C
MEG_3658|Drugs|Multi-drug_resistance|Multi-drug_ABC_efflux_pumps|MACB,A,881,C
MEG_3658|Drugs|Multi-drug_resistance|Multi-drug_ABC_efflux_pumps|MACB,C,943,T
MEG_3658|Drugs|Multi-drug_resistance|Multi-drug_ABC_efflux_pumps|MACB,C,1276,A
MEG_3658|Drugs|Multi-drug_resistance|Multi-drug_ABC_efflux_pumps|MACB,A,1305,C
MEG_3658|Drugs|Multi-drug_resistance|Multi-drug_ABC_efflux_pumps|MACB,G,1521,C
MEG_3658|Drugs|Multi-drug_resistance|Multi-drug_ABC_efflux_pumps|MACB,A,1902,G
MEG_3658|Drugs|Multi-drug_resistance|Multi-drug_ABC_efflux_pumps|MACB,A,1912,T
MEG_3648|Drugs|Multi-drug_resistance|Multi-drug_ABC_efflux_pumps|LSAE,G,16,T
MEG_3648|Drugs|Multi-drug_resistance|Multi-drug_ABC_efflux_pumps|LSAE,G,48,C
MEG_3648|Drugs|Multi-drug_resistance|Multi-drug_ABC_efflux_pumps|LSAE,T,132,C
MEG_3648|Drugs|Multi-drug_resistance|Multi-drug_ABC_efflux_pumps|LSAE,T,203,A
MEG_3648|Drugs|Multi-drug_resistance|Multi-drug_ABC_efflux_pumps|LSAE,A,215,G
MEG_3648|Drugs|Multi-drug_resistance|Multi-drug_ABC_efflux_pumps|LSAE,T,302,A
MEG_3648|Drugs|Multi-drug_resistance|Multi-drug_ABC_efflux_pumps|LSAE,G,322,A
MEG_3648|Drugs|Multi-drug_resistance|Multi-drug_ABC_efflux_pumps|LSAE,T,345,C
MEG_3648|Drugs|Multi-drug_resistance|Multi-drug_ABC_efflux_pumps|LSAE,A,584,C
MEG_3648|Drugs|Multi-drug_resistance|Multi-drug_ABC_efflux_pumps|LSAE,A,726,G
MEG_8232|Drugs|Multi-drug_resistance|Multi-drug_ABC_efflux_pumps|LPTD,A,478,G
MEG_8232|Drugs|Multi-drug_resistance|Multi-drug_ABC_efflux_pumps|LPTD,C,603,A
MEG_8232|Drugs|Multi-drug_resistance|Multi-drug_ABC_efflux_pumps|LPTD,A,1030,G
MEG_8232|Drugs|Multi-drug_resistance|Multi-drug_ABC_efflux_pumps|LPTD,T,1242,C
MEG_8232|Drugs|Multi-drug_resistance|Multi-drug_ABC_efflux_pumps|LPTD,G,1521,C
MEG_8232|Drugs|Multi-drug_resistance|Multi-drug_ABC_efflux_pumps|LPTD,T,1721,A
MEG_8232|Drugs|Multi-drug_resistance|Multi-drug_ABC_efflux_pumps|LPTD,T,1808,C
MEG_8232|Drugs|Multi-drug_resistance|Multi-drug_ABC_efflux_pumps|LPTD,G,1910,C
MEG_8232|Drugs|Multi-drug_resistance|Multi-drug_ABC_efflux_pumps|LPTD,G,2251,A
MEG_3625|Drugs|Multi-drug_resistance|Multi-drug_RND_efflux_pumps|LPEB,C,112,T
MEG_3625|Drugs|Multi-drug_resistance|Multi-drug_RND_efflux_pumps|LPEB,T,580,G
MEG_3625|Drugs|Multi-drug_resistance|Multi-drug_RND_efflux_pumps|LPEB,A,906,T
MEG_3625|Drugs|Multi-drug_resistance|Multi-drug_RND_efflux_pumps|LPEB,T,1635,C
MEG_3625|Drugs|Multi-drug_resistance|Multi-drug_RND_efflux_pumps|LPEB,T,1772,C
MEG_3625|Drugs|Multi-drug_resistance|Multi-drug_RND_efflux_pumps|LPEB,T,1775,G
MEG_3625|Drugs|Multi-drug_resistance|Multi-drug_RND_efflux_pumps|LPEB,T,2727,C
MEG_7683|Drugs|Multi-drug_resistance|Multi-drug_ABC_efflux_pumps|VGA,T,165,C
MEG_7683|Drugs|Multi-drug_resistance|Multi-drug_ABC_efflux_pumps|VGA,G,334,C
MEG_7683|Drugs|Multi-drug_resistance|Multi-drug_ABC_efflux_pumps|VGA,A,368,T
MEG_7683|Drugs|Multi-drug_resistance|Multi-drug_ABC_efflux_pumps|VGA,A,461,G
MEG_6558|Drugs|Multi-drug_resistance|Multi-drug_ABC_efflux_pumps|SRMB,A,17,G
MEG_6558|Drugs|Multi-drug_resistance|Multi-drug_ABC_efflux_pumps|SRMB,C,944,A
MEG_6558|Drugs|Multi-drug_resistance|Multi-drug_ABC_efflux_pumps|SRMB,C,1198,T
MEG_6558|Drugs|Multi-drug_resistance|Multi-drug_ABC_efflux_pumps|SRMB,A,1340,T
MEG_6558|Drugs|Multi-drug_resistance|Multi-drug_ABC_efflux_pumps|SRMB,G,1418,A
MEG_7681|Drugs|Multi-drug_resistance|Multi-drug_ABC_efflux_pumps|VGA,G,248,A
MEG_7681|Drugs|Multi-drug_resistance|Multi-drug_ABC_efflux_pumps|VGA,A,261,C
MEG_7681|Drugs|Multi-drug_resistance|Multi-drug_ABC_efflux_pumps|VGA,A,311,T
MEG_7681|Drugs|Multi-drug_resistance|Multi-drug_ABC_efflux_pumps|VGA,A,618,G
MEG_7681|Drugs|Multi-drug_resistance|Multi-drug_ABC_efflux_pumps|VGA,A,689,C
MEG_7681|Drugs|Multi-drug_resistance|Multi-drug_ABC_efflux_pumps|VGA,G,1157,C
MEG_7681|Drugs|Multi-drug_resistance|Multi-drug_ABC_efflux_pumps|VGA,A,1164,C
MEG_10192|Drugs|Multi-drug_resistance|Multi-drug_ABC_efflux_pumps|SALE,T,9,C
MEG_10192|Drugs|Multi-drug_resistance|Multi-drug_ABC_efflux_pumps|SALE,A,144,T
MEG_10192|Drugs|Multi-drug_resistance|Multi-drug_ABC_efflux_pumps|SALE,A,179,G
MEG_10192|Drugs|Multi-drug_resistance|Multi-drug_ABC_efflux_pumps|SALE,T,333,G
MEG_10192|Drugs|Multi-drug_resistance|Multi-drug_ABC_efflux_pumps|SALE,A,361,G
MEG_10192|Drugs|Multi-drug_resistance|Multi-drug_ABC_efflux_pumps|SALE,A,453,T
MEG_10192|Drugs|Multi-drug_resistance|Multi-drug_ABC_efflux_pumps|SALE,A,832,C
MEG_10192|Drugs|Multi-drug_resistance|Multi-drug_ABC_efflux_pumps|SALE,A,842,G
MEG_10192|Drugs|Multi-drug_resistance|Multi-drug_ABC_efflux_pumps|SALE,G,964,C
MEG_1116|Drugs|Multi-drug_resistance|MDR_regulator|ARLR,C,31,A
MEG_1116|Drugs|Multi-drug_resistance|MDR_regulator|ARLR,A,92,C
MEG_1116|Drugs|Multi-drug_resistance|MDR_regulator|ARLR,A,370,T
MEG_1116|Drugs|Multi-drug_resistance|MDR_regulator|ARLR,T,459,A
MEG_1116|Drugs|Multi-drug_resistance|MDR_regulator|ARLR,T,558,G
MEG_8451|Drugs|Multi-drug_resistance|MDR_regulator|PARR,G,40,T
MEG_8451|Drugs|Multi-drug_resistance|MDR_regulator|PARR,C,285,A
MEG_8451|Drugs|Multi-drug_resistance|MDR_regulator|PARR,C,476,G
MEG_8451|Drugs|Multi-drug_resistance|MDR_regulator|PARR,C,526,T
MEG_8451|Drugs|Multi-drug_resistance|MDR_regulator|PARR,A,617,T
MEG_8451|Drugs|Multi-drug_resistance|MDR_regulator|PARR,G,672,A
MEG_11432|Drugs|Multi-drug_resistance|ABC-F_ribosomal_protection_protein|VGAF,G,118,T
MEG_11432|Drugs|Multi-drug_resistance|ABC-F_ribosomal_protection_protein|VGAF,A,186,G
MEG_11432|Drugs|Multi-drug_resistance|ABC-F_ribosomal_protection_protein|VGAF,A,352,G
MEG_11432|Drugs|Multi-drug_resistance|ABC-F_ribosomal_protection_protein|VGAF,C,816,T
MEG_4295|Drugs|Multi-drug_resistance|Multi-drug_RND_efflux_pumps|OPRA,C,196,T
MEG_4295|Drugs|Multi-drug_resistance|Multi-drug_RND_efflux_pumps|OPRA,C,426,G
MEG_4321|Drugs|Multi-drug_resistance|Multi-drug_ABC_efflux_pumps|OPTRA,T,243,G
MEG_4321|Drugs|Multi-drug_resistance|Multi-drug_ABC_efflux_pumps|OPTRA,T,705,G
MEG_4321|Drugs|Multi-drug_resistance|Multi-drug_ABC_efflux_pumps|OPTRA,A,773,T
MEG_4321|Drugs|Multi-drug_resistance|Multi-drug_ABC_efflux_pumps|OPTRA,G,1090,C
MEG_4321|Drugs|Multi-drug_resistance|Multi-drug_ABC_efflux_pumps|OPTRA,A,1694,G
MEG_4321|Drugs|Multi-drug_resistance|Multi-drug_ABC_efflux_pumps|OPTRA,A,1696,G
MEG_4321|Drugs|Multi-drug_resistance|Multi-drug_ABC_efflux_pumps|OPTRA,A,1945,C
MEG_4078|Drugs|Multi-drug_resistance|Multi-drug_RND_efflux_regulator|MTRAD,A,110,T
MEG_4078|Drugs|Multi-drug_resistance|Multi-drug_RND_efflux_regulator|MTRAD,T,158,G
MEG_4078|Drugs|Multi-drug_resistance|Multi-drug_RND_efflux_regulator|MTRAD,C,258,G
MEG_4078|Drugs|Multi-drug_resistance|Multi-drug_RND_efflux_regulator|MTRAD,A,512,G
MEG_4078|Drugs|Multi-drug_resistance|Multi-drug_RND_efflux_regulator|MTRAD,C,521,G
MEG_4294|Drugs|Multi-drug_resistance|Multi-drug_RND_efflux_pumps|OPMH,A,281,G
MEG_4294|Drugs|Multi-drug_resistance|Multi-drug_RND_efflux_pumps|OPMH,A,360,C
MEG_4294|Drugs|Multi-drug_resistance|Multi-drug_RND_efflux_pumps|OPMH,A,551,T
MEG_4294|Drugs|Multi-drug_resistance|Multi-drug_RND_efflux_pumps|OPMH,C,627,A
MEG_4294|Drugs|Multi-drug_resistance|Multi-drug_RND_efflux_pumps|OPMH,C,631,A
MEG_4294|Drugs|Multi-drug_resistance|Multi-drug_RND_efflux_pumps|OPMH,C,735,T
MEG_4294|Drugs|Multi-drug_resistance|Multi-drug_RND_efflux_pumps|OPMH,C,780,T
MEG_4294|Drugs|Multi-drug_resistance|Multi-drug_RND_efflux_pumps|OPMH,C,814,A
MEG_4294|Drugs|Multi-drug_resistance|Multi-drug_RND_efflux_pumps|OPMH,C,1410,A
MEG_7682|Drugs|Multi-drug_resistance|Multi-drug_ABC_efflux_pumps|VGA,A,509,G
MEG_7682|Drugs|Multi-drug_resistance|Multi-drug_ABC_efflux_pumps|VGA,A,538,C
MEG_7682|Drugs|Multi-drug_resistance|Multi-drug_ABC_efflux_pumps|VGA,A,686,T
MEG_7682|Drugs|Multi-drug_resistance|Multi-drug_ABC_efflux_pumps|VGA,G,825,T
MEG_7682|Drugs|Multi-drug_resistance|Multi-drug_ABC_efflux_pumps|VGA,T,1014,A
MEG_7682|Drugs|Multi-drug_resistance|Multi-drug_ABC_efflux_pumps|VGA,C,1094,G
MEG_7682|Drugs|Multi-drug_resistance|Multi-drug_ABC_efflux_pumps|VGA,C,1189,G
MEG_7682|Drugs|Multi-drug_resistance|Multi-drug_ABC_efflux_pumps|VGA,T,1558,C
MEG_1728|Drugs|Multi-drug_resistance|MDR_23S_ribosomal_RNA_methyltransferase|CLBC,A,74,G
MEG_1728|Drugs|Multi-drug_resistance|MDR_23S_ribosomal_RNA_methyltransferase|CLBC,G,144,T
MEG_1728|Drugs|Multi-drug_resistance|MDR_23S_ribosomal_RNA_methyltransferase|CLBC,C,423,G
MEG_1728|Drugs|Multi-drug_resistance|MDR_23S_ribosomal_RNA_methyltransferase|CLBC,A,491,T
MEG_1728|Drugs|Multi-drug_resistance|MDR_23S_ribosomal_RNA_methyltransferase|CLBC,T,500,A
MEG_1728|Drugs|Multi-drug_resistance|MDR_23S_ribosomal_RNA_methyltransferase|CLBC,A,580,T
MEG_1728|Drugs|Multi-drug_resistance|MDR_23S_ribosomal_RNA_methyltransferase|CLBC,C,605,T
MEG_1728|Drugs|Multi-drug_resistance|MDR_23S_ribosomal_RNA_methyltransferase|CLBC,G,663,A
MEG_1728|Drugs|Multi-drug_resistance|MDR_23S_ribosomal_RNA_methyltransferase|CLBC,A,803,C
MEG_1728|Drugs|Multi-drug_resistance|MDR_23S_ribosomal_RNA_methyltransferase|CLBC,T,988,A
MEG_4061|Drugs|Multi-drug_resistance|Multi-drug_ABC_efflux_pumps|MSBA,C,43,A
MEG_4061|Drugs|Multi-drug_resistance|Multi-drug_ABC_efflux_pumps|MSBA,T,86,A
MEG_4061|Drugs|Multi-drug_resistance|Multi-drug_ABC_efflux_pumps|MSBA,G,1211,T
MEG_4061|Drugs|Multi-drug_resistance|Multi-drug_ABC_efflux_pumps|MSBA,T,1476,A
MEG_3657|Drugs|Multi-drug_resistance|Multi-drug_ABC_efflux_pumps|MACA,T,29,G
MEG_3657|Drugs|Multi-drug_resistance|Multi-drug_ABC_efflux_pumps|MACA,A,461,T
MEG_3657|Drugs|Multi-drug_resistance|Multi-drug_ABC_efflux_pumps|MACA,T,471,C
MEG_3657|Drugs|Multi-drug_resistance|Multi-drug_ABC_efflux_pumps|MACA,T,677,G
MEG_3657|Drugs|Multi-drug_resistance|Multi-drug_ABC_efflux_pumps|MACA,G,708,C
MEG_3657|Drugs|Multi-drug_resistance|Multi-drug_ABC_efflux_pumps|MACA,A,827,T
MEG_3657|Drugs|Multi-drug_resistance|Multi-drug_ABC_efflux_pumps|MACA,A,881,C
MEG_3657|Drugs|Multi-drug_resistance|Multi-drug_ABC_efflux_pumps|MACA,G,909,T
MEG_3657|Drugs|Multi-drug_resistance|Multi-drug_ABC_efflux_pumps|MACA,T,1103,A
MEG_3657|Drugs|Multi-drug_resistance|Multi-drug_ABC_efflux_pumps|MACA,C,1154,G
MEG_1779|Drugs|Multi-drug_resistance|Multi-drug_MFS_efflux_pumps|CMR,T,394,C
MEG_1779|Drugs|Multi-drug_resistance|Multi-drug_MFS_efflux_pumps|CMR,A,410,T
MEG_1779|Drugs|Multi-drug_resistance|Multi-drug_MFS_efflux_pumps|CMR,G,604,A
MEG_1779|Drugs|Multi-drug_resistance|Multi-drug_MFS_efflux_pumps|CMR,C,753,A
MEG_1779|Drugs|Multi-drug_resistance|Multi-drug_MFS_efflux_pumps|CMR,A,831,C
MEG_8690|Drugs|Multi-drug_resistance|Multi-drug_ABC_efflux_pumps|SALD,A,1015,C
MEG_8690|Drugs|Multi-drug_resistance|Multi-drug_ABC_efflux_pumps|SALD,C,1049,A
MEG_8690|Drugs|Multi-drug_resistance|Multi-drug_ABC_efflux_pumps|SALD,G,1060,T
MEG_8690|Drugs|Multi-drug_resistance|Multi-drug_ABC_efflux_pumps|SALD,C,1133,T
MEG_8690|Drugs|Multi-drug_resistance|Multi-drug_ABC_efflux_pumps|SALD,C,1400,G
MEG_8690|Drugs|Multi-drug_resistance|Multi-drug_ABC_efflux_pumps|SALD,T,1408,G
MEG_8690|Drugs|Multi-drug_resistance|Multi-drug_ABC_efflux_pumps|SALD,G,1563,A
MEG_4102|Drugs|Multi-drug_resistance|Multi-drug_RND_efflux_pumps|MUXC,C,234,A
MEG_4102|Drugs|Multi-drug_resistance|Multi-drug_RND_efflux_pumps|MUXC,C,254,G
MEG_4102|Drugs|Multi-drug_resistance|Multi-drug_RND_efflux_pumps|MUXC,A,569,T
MEG_4102|Drugs|Multi-drug_resistance|Multi-drug_RND_efflux_pumps|MUXC,C,1075,T
MEG_4102|Drugs|Multi-drug_resistance|Multi-drug_RND_efflux_pumps|MUXC,G,1905,C
MEG_4102|Drugs|Multi-drug_resistance|Multi-drug_RND_efflux_pumps|MUXC,G,2405,T
MEG_2670|Drugs|Multi-drug_resistance|Multi-drug_ABC_efflux_pumps|DRRA,C,254,G
MEG_2670|Drugs|Multi-drug_resistance|Multi-drug_ABC_efflux_pumps|DRRA,T,290,G
MEG_2670|Drugs|Multi-drug_resistance|Multi-drug_ABC_efflux_pumps|DRRA,T,299,C
MEG_2670|Drugs|Multi-drug_resistance|Multi-drug_ABC_efflux_pumps|DRRA,G,304,C
MEG_2670|Drugs|Multi-drug_resistance|Multi-drug_ABC_efflux_pumps|DRRA,G,316,A
MEG_2670|Drugs|Multi-drug_resistance|Multi-drug_ABC_efflux_pumps|DRRA,G,363,C
MEG_2670|Drugs|Multi-drug_resistance|Multi-drug_ABC_efflux_pumps|DRRA,G,871,A
MEG_3943|Drugs|Multi-drug_resistance|MDR_regulator|MGRA,A,221,T
MEG_3943|Drugs|Multi-drug_resistance|MDR_regulator|MGRA,T,414,C
MEG_4311|Drugs|Multi-drug_resistance|Multi-drug_ABC_efflux_pumps|OPTRA,T,419,C
MEG_7688|Drugs|Multi-drug_resistance|Multi-drug_ABC_efflux_pumps|VGAB,C,1028,T
MEG_7688|Drugs|Multi-drug_resistance|Multi-drug_ABC_efflux_pumps|VGAB,C,1084,T
MEG_7688|Drugs|Multi-drug_resistance|Multi-drug_ABC_efflux_pumps|VGAB,A,1476,C
MEG_4307|Drugs|Multi-drug_resistance|Multi-drug_ABC_efflux_pumps|OPTRA,T,33,G
MEG_4307|Drugs|Multi-drug_resistance|Multi-drug_ABC_efflux_pumps|OPTRA,C,366,A
MEG_4307|Drugs|Multi-drug_resistance|Multi-drug_ABC_efflux_pumps|OPTRA,C,708,T
MEG_4307|Drugs|Multi-drug_resistance|Multi-drug_ABC_efflux_pumps|OPTRA,A,1301,T
MEG_4307|Drugs|Multi-drug_resistance|Multi-drug_ABC_efflux_pumps|OPTRA,C,1375,T
MEG_4307|Drugs|Multi-drug_resistance|Multi-drug_ABC_efflux_pumps|OPTRA,A,1649,C
MEG_4307|Drugs|Multi-drug_resistance|Multi-drug_ABC_efflux_pumps|OPTRA,T,1943,A
MEG_1726|Drugs|Multi-drug_resistance|MDR_23S_ribosomal_RNA_methyltransferase|CLBA,C,39,G
MEG_1726|Drugs|Multi-drug_resistance|MDR_23S_ribosomal_RNA_methyltransferase|CLBA,T,51,G
MEG_1726|Drugs|Multi-drug_resistance|MDR_23S_ribosomal_RNA_methyltransferase|CLBA,C,197,A
MEG_1726|Drugs|Multi-drug_resistance|MDR_23S_ribosomal_RNA_methyltransferase|CLBA,A,396,C
MEG_1726|Drugs|Multi-drug_resistance|MDR_23S_ribosomal_RNA_methyltransferase|CLBA,A,635,C
MEG_1726|Drugs|Multi-drug_resistance|MDR_23S_ribosomal_RNA_methyltransferase|CLBA,T,643,C
MEG_1726|Drugs|Multi-drug_resistance|MDR_23S_ribosomal_RNA_methyltransferase|CLBA,A,658,T
MEG_1726|Drugs|Multi-drug_resistance|MDR_23S_ribosomal_RNA_methyltransferase|CLBA,T,723,A
MEG_7287|Multi-compound|Drug_and_biocide_resistance|Drug_and_biocide_RND_efflux_pumps|TTGA,G,595,C
MEG_8649|Multi-compound|Drug_and_biocide_resistance|Drug_and_biocide_SMR_efflux_pumps|QACH,T,9,G
MEG_8649|Multi-compound|Drug_and_biocide_resistance|Drug_and_biocide_SMR_efflux_pumps|QACH,T,49,G
MEG_8649|Multi-compound|Drug_and_biocide_resistance|Drug_and_biocide_SMR_efflux_pumps|QACH,T,58,A
MEG_8649|Multi-compound|Drug_and_biocide_resistance|Drug_and_biocide_SMR_efflux_pumps|QACH,T,59,C
MEG_8649|Multi-compound|Drug_and_biocide_resistance|Drug_and_biocide_SMR_efflux_pumps|QACH,C,113,A
MEG_8649|Multi-compound|Drug_and_biocide_resistance|Drug_and_biocide_SMR_efflux_pumps|QACH,G,262,C
MEG_8649|Multi-compound|Drug_and_biocide_resistance|Drug_and_biocide_SMR_efflux_pumps|QACH,T,278,C
MEG_8649|Multi-compound|Drug_and_biocide_resistance|Drug_and_biocide_SMR_efflux_pumps|QACH,A,295,T
MEG_8649|Multi-compound|Drug_and_biocide_resistance|Drug_and_biocide_SMR_efflux_pumps|QACH,T,354,A
MEG_8649|Multi-compound|Drug_and_biocide_resistance|Drug_and_biocide_SMR_efflux_pumps|QACH,A,367,T
MEG_3268|Multi-compound|Drug_and_biocide_resistance|Drug_and_biocide_MATE_efflux_pumps|HMRM,G,300,A
MEG_3268|Multi-compound|Drug_and_biocide_resistance|Drug_and_biocide_MATE_efflux_pumps|HMRM,T,360,G
MEG_3268|Multi-compound|Drug_and_biocide_resistance|Drug_and_biocide_MATE_efflux_pumps|HMRM,A,493,G
MEG_3268|Multi-compound|Drug_and_biocide_resistance|Drug_and_biocide_MATE_efflux_pumps|HMRM,T,594,A
MEG_3268|Multi-compound|Drug_and_biocide_resistance|Drug_and_biocide_MATE_efflux_pumps|HMRM,T,643,G
MEG_3268|Multi-compound|Drug_and_biocide_resistance|Drug_and_biocide_MATE_efflux_pumps|HMRM,G,833,T
MEG_3268|Multi-compound|Drug_and_biocide_resistance|Drug_and_biocide_MATE_efflux_pumps|HMRM,T,923,G
MEG_3268|Multi-compound|Drug_and_biocide_resistance|Drug_and_biocide_MATE_efflux_pumps|HMRM,T,1007,G
MEG_3268|Multi-compound|Drug_and_biocide_resistance|Drug_and_biocide_MATE_efflux_pumps|HMRM,A,1207,T
MEG_3996|Multi-compound|Drug_and_biocide_resistance|Drug_and_biocide_SMR_efflux_pumps|MMR,G,3,T
MEG_3996|Multi-compound|Drug_and_biocide_resistance|Drug_and_biocide_SMR_efflux_pumps|MMR,T,86,G
MEG_3996|Multi-compound|Drug_and_biocide_resistance|Drug_and_biocide_SMR_efflux_pumps|MMR,G,118,T
MEG_7637|Multi-compound|Drug_and_biocide_resistance|Drug_and_biocide_RND_efflux_pumps|VCEA,A,59,T
MEG_7637|Multi-compound|Drug_and_biocide_resistance|Drug_and_biocide_RND_efflux_pumps|VCEA,A,1012,C
MEG_5823|Multi-compound|Drug_and_biocide_resistance|Drug_and_biocide_MFS_efflux_pumps|QACAB,A,165,T
MEG_5823|Multi-compound|Drug_and_biocide_resistance|Drug_and_biocide_MFS_efflux_pumps|QACAB,C,560,A
MEG_5823|Multi-compound|Drug_and_biocide_resistance|Drug_and_biocide_MFS_efflux_pumps|QACAB,T,1228,A
MEG_1186|Multi-compound|Drug_and_biocide_resistance|Drug_and_biocide_RND_efflux_pumps|AXY,A,108,C
MEG_1186|Multi-compound|Drug_and_biocide_resistance|Drug_and_biocide_RND_efflux_pumps|AXY,A,419,C
MEG_1186|Multi-compound|Drug_and_biocide_resistance|Drug_and_biocide_RND_efflux_pumps|AXY,G,706,T
MEG_1186|Multi-compound|Drug_and_biocide_resistance|Drug_and_biocide_RND_efflux_pumps|AXY,G,952,T
MEG_1186|Multi-compound|Drug_and_biocide_resistance|Drug_and_biocide_RND_efflux_pumps|AXY,A,1028,G
MEG_7671|Multi-compound|Drug_and_biocide_resistance|Drug_and_biocide_RND_efflux_pumps|VEXD,T,122,A
MEG_7671|Multi-compound|Drug_and_biocide_resistance|Drug_and_biocide_RND_efflux_pumps|VEXD,T,1589,C
MEG_7671|Multi-compound|Drug_and_biocide_resistance|Drug_and_biocide_RND_efflux_pumps|VEXD,C,1764,A
MEG_7671|Multi-compound|Drug_and_biocide_resistance|Drug_and_biocide_RND_efflux_pumps|VEXD,C,1842,T
MEG_7671|Multi-compound|Drug_and_biocide_resistance|Drug_and_biocide_RND_efflux_pumps|VEXD,C,2125,T
MEG_7671|Multi-compound|Drug_and_biocide_resistance|Drug_and_biocide_RND_efflux_pumps|VEXD,G,2660,C
MEG_7671|Multi-compound|Drug_and_biocide_resistance|Drug_and_biocide_RND_efflux_pumps|VEXD,T,2876,G
MEG_6179|Multi-compound|Drug_and_biocide_resistance|Drug_and_biocide_RND_efflux_pumps|SEPA,C,354,G
MEG_6179|Multi-compound|Drug_and_biocide_resistance|Drug_and_biocide_RND_efflux_pumps|SEPA,G,406,T
MEG_6179|Multi-compound|Drug_and_biocide_resistance|Drug_and_biocide_RND_efflux_pumps|SEPA,G,588,C
MEG_6179|Multi-compound|Drug_and_biocide_resistance|Drug_and_biocide_RND_efflux_pumps|SEPA,C,762,G
MEG_6179|Multi-compound|Drug_and_biocide_resistance|Drug_and_biocide_RND_efflux_pumps|SEPA,G,835,T
MEG_6179|Multi-compound|Drug_and_biocide_resistance|Drug_and_biocide_RND_efflux_pumps|SEPA,T,953,G
MEG_6179|Multi-compound|Drug_and_biocide_resistance|Drug_and_biocide_RND_efflux_pumps|SEPA,G,1046,T
MEG_689|Multi-compound|Drug_and_biocide_resistance|Drug_and_biocide_RND_efflux_pumps|ADEI,C,1181,G
MEG_1464|Multi-compound|Drug_and_biocide_resistance|Drug_and_biocide_MFS_efflux_pumps|BLT,T,102,C
MEG_1464|Multi-compound|Drug_and_biocide_resistance|Drug_and_biocide_MFS_efflux_pumps|BLT,C,104,G
MEG_1464|Multi-compound|Drug_and_biocide_resistance|Drug_and_biocide_MFS_efflux_pumps|BLT,A,356,G
MEG_1464|Multi-compound|Drug_and_biocide_resistance|Drug_and_biocide_MFS_efflux_pumps|BLT,G,438,T
MEG_1464|Multi-compound|Drug_and_biocide_resistance|Drug_and_biocide_MFS_efflux_pumps|BLT,T,589,G
MEG_1464|Multi-compound|Drug_and_biocide_resistance|Drug_and_biocide_MFS_efflux_pumps|BLT,A,629,G
MEG_1464|Multi-compound|Drug_and_biocide_resistance|Drug_and_biocide_MFS_efflux_pumps|BLT,C,1077,T
MEG_1464|Multi-compound|Drug_and_biocide_resistance|Drug_and_biocide_MFS_efflux_pumps|BLT,C,1217,A
MEG_1464|Multi-compound|Drug_and_biocide_resistance|Drug_and_biocide_MFS_efflux_pumps|BLT,C,1222,T
MEG_1464|Multi-compound|Drug_and_biocide_resistance|Drug_and_biocide_MFS_efflux_pumps|BLT,T,1300,A
MEG_408|Multi-compound|Drug_and_biocide_resistance|Drug_and_biocide_RND_efflux_pumps|ACRE,A,322,T
MEG_408|Multi-compound|Drug_and_biocide_resistance|Drug_and_biocide_RND_efflux_pumps|ACRE,T,424,G
MEG_408|Multi-compound|Drug_and_biocide_resistance|Drug_and_biocide_RND_efflux_pumps|ACRE,A,478,G
MEG_408|Multi-compound|Drug_and_biocide_resistance|Drug_and_biocide_RND_efflux_pumps|ACRE,C,552,T
MEG_408|Multi-compound|Drug_and_biocide_resistance|Drug_and_biocide_RND_efflux_pumps|ACRE,A,594,T
MEG_408|Multi-compound|Drug_and_biocide_resistance|Drug_and_biocide_RND_efflux_pumps|ACRE,C,925,G
MEG_408|Multi-compound|Drug_and_biocide_resistance|Drug_and_biocide_RND_efflux_pumps|ACRE,T,965,A
MEG_408|Multi-compound|Drug_and_biocide_resistance|Drug_and_biocide_RND_efflux_pumps|ACRE,T,974,C
MEG_5841|Multi-compound|Drug_and_biocide_resistance|Drug_and_biocide_SMR_efflux_pumps|QACG,C,83,G
MEG_5841|Multi-compound|Drug_and_biocide_resistance|Drug_and_biocide_SMR_efflux_pumps|QACG,A,134,T
MEG_5841|Multi-compound|Drug_and_biocide_resistance|Drug_and_biocide_SMR_efflux_pumps|QACG,C,151,A
MEG_5841|Multi-compound|Drug_and_biocide_resistance|Drug_and_biocide_SMR_efflux_pumps|QACG,G,228,C
MEG_5841|Multi-compound|Drug_and_biocide_resistance|Drug_and_biocide_SMR_efflux_pumps|QACG,T,232,A
MEG_5841|Multi-compound|Drug_and_biocide_resistance|Drug_and_biocide_SMR_efflux_pumps|QACG,A,286,C
MEG_4212|Multi-compound|Drug_and_biocide_resistance|Drug_and_biocide_MATE_efflux_pumps|NORM,C,173,A
MEG_4212|Multi-compound|Drug_and_biocide_resistance|Drug_and_biocide_MATE_efflux_pumps|NORM,A,211,G
MEG_4212|Multi-compound|Drug_and_biocide_resistance|Drug_and_biocide_MATE_efflux_pumps|NORM,G,343,C
MEG_4212|Multi-compound|Drug_and_biocide_resistance|Drug_and_biocide_MATE_efflux_pumps|NORM,T,467,A
MEG_4212|Multi-compound|Drug_and_biocide_resistance|Drug_and_biocide_MATE_efflux_pumps|NORM,C,517,G
MEG_4212|Multi-compound|Drug_and_biocide_resistance|Drug_and_biocide_MATE_efflux_pumps|NORM,G,616,C
MEG_4212|Multi-compound|Drug_and_biocide_resistance|Drug_and_biocide_MATE_efflux_pumps|NORM,C,803,A
MEG_4212|Multi-compound|Drug_and_biocide_resistance|Drug_and_biocide_MATE_efflux_pumps|NORM,G,1189,A
MEG_4212|Multi-compound|Drug_and_biocide_resistance|Drug_and_biocide_MATE_efflux_pumps|NORM,C,1281,T
MEG_4212|Multi-compound|Drug_and_biocide_resistance|Drug_and_biocide_MATE_efflux_pumps|NORM,T,1304,A
MEG_5827|Multi-compound|Drug_and_biocide_resistance|Drug_and_biocide_SMR_efflux_pumps|QACE,T,62,C
MEG_5827|Multi-compound|Drug_and_biocide_resistance|Drug_and_biocide_SMR_efflux_pumps|QACE,G,75,A
MEG_5827|Multi-compound|Drug_and_biocide_resistance|Drug_and_biocide_SMR_efflux_pumps|QACE,C,83,T
MEG_5827|Multi-compound|Drug_and_biocide_resistance|Drug_and_biocide_SMR_efflux_pumps|QACE,T,90,C
MEG_5827|Multi-compound|Drug_and_biocide_resistance|Drug_and_biocide_SMR_efflux_pumps|QACE,G,115,A
MEG_5827|Multi-compound|Drug_and_biocide_resistance|Drug_and_biocide_SMR_efflux_pumps|QACE,T,165,A
MEG_5827|Multi-compound|Drug_and_biocide_resistance|Drug_and_biocide_SMR_efflux_pumps|QACE,T,174,G
MEG_5827|Multi-compound|Drug_and_biocide_resistance|Drug_and_biocide_SMR_efflux_pumps|QACE,T,221,A
MEG_5827|Multi-compound|Drug_and_biocide_resistance|Drug_and_biocide_SMR_efflux_pumps|QACE,A,316,C
MEG_5827|Multi-compound|Drug_and_biocide_resistance|Drug_and_biocide_SMR_efflux_pumps|QACE,A,318,C
MEG_5834|Multi-compound|Drug_and_biocide_resistance|Drug_and_biocide_SMR_efflux_pumps|QACF,A,8,C
MEG_5834|Multi-compound|Drug_and_biocide_resistance|Drug_and_biocide_SMR_efflux_pumps|QACF,G,25,T
MEG_5834|Multi-compound|Drug_and_biocide_resistance|Drug_and_biocide_SMR_efflux_pumps|QACF,G,66,T
MEG_5834|Multi-compound|Drug_and_biocide_resistance|Drug_and_biocide_SMR_efflux_pumps|QACF,G,71,A
MEG_5834|Multi-compound|Drug_and_biocide_resistance|Drug_and_biocide_SMR_efflux_pumps|QACF,C,81,T
MEG_5834|Multi-compound|Drug_and_biocide_resistance|Drug_and_biocide_SMR_efflux_pumps|QACF,C,124,T
MEG_5834|Multi-compound|Drug_and_biocide_resistance|Drug_and_biocide_SMR_efflux_pumps|QACF,T,136,C
MEG_5834|Multi-compound|Drug_and_biocide_resistance|Drug_and_biocide_SMR_efflux_pumps|QACF,T,171,C
MEG_5834|Multi-compound|Drug_and_biocide_resistance|Drug_and_biocide_SMR_efflux_pumps|QACF,C,180,G
MEG_3754|Multi-compound|Drug_and_biocide_resistance|Drug_and_biocide_MFS_efflux_pumps|MDTG,C,274,A
MEG_3754|Multi-compound|Drug_and_biocide_resistance|Drug_and_biocide_MFS_efflux_pumps|MDTG,G,618,C
MEG_3754|Multi-compound|Drug_and_biocide_resistance|Drug_and_biocide_MFS_efflux_pumps|MDTG,C,638,T
MEG_3754|Multi-compound|Drug_and_biocide_resistance|Drug_and_biocide_MFS_efflux_pumps|MDTG,C,855,T
MEG_4329|Multi-compound|Drug_and_biocide_resistance|Drug_and_biocide_RND_efflux_pumps|OQXA,G,763,T
MEG_4369|Multi-compound|Drug_and_biocide_resistance|Drug_and_biocide_RND_efflux_pumps|OQXB,G,118,A
MEG_4369|Multi-compound|Drug_and_biocide_resistance|Drug_and_biocide_RND_efflux_pumps|OQXB,A,695,C
MEG_4369|Multi-compound|Drug_and_biocide_resistance|Drug_and_biocide_RND_efflux_pumps|OQXB,T,1490,G
MEG_3924|Multi-compound|Drug_and_biocide_resistance|Drug_and_biocide_RND_efflux_regulator|MEXR,T,123,A
MEG_3924|Multi-compound|Drug_and_biocide_resistance|Drug_and_biocide_RND_efflux_regulator|MEXR,A,227,G
MEG_3924|Multi-compound|Drug_and_biocide_resistance|Drug_and_biocide_RND_efflux_regulator|MEXR,G,336,A
MEG_3924|Multi-compound|Drug_and_biocide_resistance|Drug_and_biocide_RND_efflux_regulator|MEXR,G,366,T
MEG_3924|Multi-compound|Drug_and_biocide_resistance|Drug_and_biocide_RND_efflux_regulator|MEXR,T,368,G
MEG_4084|Multi-compound|Drug_and_biocide_resistance|Drug_and_biocide_RND_efflux_pumps|MTRE,C,144,A
MEG_4084|Multi-compound|Drug_and_biocide_resistance|Drug_and_biocide_RND_efflux_pumps|MTRE,C,187,G
MEG_4084|Multi-compound|Drug_and_biocide_resistance|Drug_and_biocide_RND_efflux_pumps|MTRE,A,729,T
MEG_4084|Multi-compound|Drug_and_biocide_resistance|Drug_and_biocide_RND_efflux_pumps|MTRE,C,765,G
MEG_4084|Multi-compound|Drug_and_biocide_resistance|Drug_and_biocide_RND_efflux_pumps|MTRE,G,1286,T
MEG_2886|Multi-compound|Drug_and_biocide_resistance|Drug_and_biocide_MFS_efflux_pumps|FARB,A,115,T
MEG_2886|Multi-compound|Drug_and_biocide_resistance|Drug_and_biocide_MFS_efflux_pumps|FARB,A,325,G
MEG_2886|Multi-compound|Drug_and_biocide_resistance|Drug_and_biocide_MFS_efflux_pumps|FARB,G,425,C
MEG_2886|Multi-compound|Drug_and_biocide_resistance|Drug_and_biocide_MFS_efflux_pumps|FARB,A,677,C
MEG_2886|Multi-compound|Drug_and_biocide_resistance|Drug_and_biocide_MFS_efflux_pumps|FARB,A,841,G
MEG_2886|Multi-compound|Drug_and_biocide_resistance|Drug_and_biocide_MFS_efflux_pumps|FARB,T,951,A
MEG_2886|Multi-compound|Drug_and_biocide_resistance|Drug_and_biocide_MFS_efflux_pumps|FARB,C,1014,A
MEG_2886|Multi-compound|Drug_and_biocide_resistance|Drug_and_biocide_MFS_efflux_pumps|FARB,T,1040,G
MEG_2886|Multi-compound|Drug_and_biocide_resistance|Drug_and_biocide_MFS_efflux_pumps|FARB,T,1059,A
MEG_2886|Multi-compound|Drug_and_biocide_resistance|Drug_and_biocide_MFS_efflux_pumps|FARB,C,1224,T
MEG_3914|Multi-compound|Drug_and_biocide_resistance|Drug_and_biocide_RND_efflux_pumps|MEXH,G,242,A
MEG_3914|Multi-compound|Drug_and_biocide_resistance|Drug_and_biocide_RND_efflux_pumps|MEXH,C,525,A
MEG_3914|Multi-compound|Drug_and_biocide_resistance|Drug_and_biocide_RND_efflux_pumps|MEXH,C,729,G
MEG_5822|Multi-compound|Drug_and_biocide_resistance|Drug_and_biocide_MFS_efflux_pumps|QACAB,A,44,C
MEG_5822|Multi-compound|Drug_and_biocide_resistance|Drug_and_biocide_MFS_efflux_pumps|QACAB,C,95,T
MEG_5822|Multi-compound|Drug_and_biocide_resistance|Drug_and_biocide_MFS_efflux_pumps|QACAB,C,740,A
MEG_5822|Multi-compound|Drug_and_biocide_resistance|Drug_and_biocide_MFS_efflux_pumps|QACAB,C,1310,G
MEG_5822|Multi-compound|Drug_and_biocide_resistance|Drug_and_biocide_MFS_efflux_pumps|QACAB,A,1413,C
MEG_1641|Multi-compound|Drug_and_biocide_resistance|Drug_and_biocide_MATE_efflux_pumps|CDEA,A,148,T
MEG_1641|Multi-compound|Drug_and_biocide_resistance|Drug_and_biocide_MATE_efflux_pumps|CDEA,G,256,C
MEG_1641|Multi-compound|Drug_and_biocide_resistance|Drug_and_biocide_MATE_efflux_pumps|CDEA,T,765,A
MEG_1641|Multi-compound|Drug_and_biocide_resistance|Drug_and_biocide_MATE_efflux_pumps|CDEA,T,877,A
MEG_4353|Multi-compound|Drug_and_biocide_resistance|Drug_and_biocide_RND_efflux_pumps|OQXB,T,177,G
MEG_4353|Multi-compound|Drug_and_biocide_resistance|Drug_and_biocide_RND_efflux_pumps|OQXB,A,388,C
MEG_4353|Multi-compound|Drug_and_biocide_resistance|Drug_and_biocide_RND_efflux_pumps|OQXB,T,1238,C
MEG_4353|Multi-compound|Drug_and_biocide_resistance|Drug_and_biocide_RND_efflux_pumps|OQXB,A,2630,T
MEG_4353|Multi-compound|Drug_and_biocide_resistance|Drug_and_biocide_RND_efflux_pumps|OQXB,C,2657,T
MEG_4353|Multi-compound|Drug_and_biocide_resistance|Drug_and_biocide_RND_efflux_pumps|OQXB,A,2740,G
MEG_4353|Multi-compound|Drug_and_biocide_resistance|Drug_and_biocide_RND_efflux_pumps|OQXB,G,3055,C
MEG_3920|Multi-compound|Drug_and_biocide_resistance|Drug_and_biocide_RND_efflux_pumps|MEXN,C,28,G
MEG_3920|Multi-compound|Drug_and_biocide_resistance|Drug_and_biocide_RND_efflux_pumps|MEXN,C,165,G
MEG_3920|Multi-compound|Drug_and_biocide_resistance|Drug_and_biocide_RND_efflux_pumps|MEXN,A,352,G
MEG_3920|Multi-compound|Drug_and_biocide_resistance|Drug_and_biocide_RND_efflux_pumps|MEXN,T,509,A
MEG_3920|Multi-compound|Drug_and_biocide_resistance|Drug_and_biocide_RND_efflux_pumps|MEXN,G,792,A
MEG_3920|Multi-compound|Drug_and_biocide_resistance|Drug_and_biocide_RND_efflux_pumps|MEXN,C,1047,A
MEG_3920|Multi-compound|Drug_and_biocide_resistance|Drug_and_biocide_RND_efflux_pumps|MEXN,G,1125,C
MEG_4365|Multi-compound|Drug_and_biocide_resistance|Drug_and_biocide_RND_efflux_pumps|OQXB,C,142,A
MEG_4365|Multi-compound|Drug_and_biocide_resistance|Drug_and_biocide_RND_efflux_pumps|OQXB,A,323,C
MEG_4365|Multi-compound|Drug_and_biocide_resistance|Drug_and_biocide_RND_efflux_pumps|OQXB,A,635,C
MEG_4365|Multi-compound|Drug_and_biocide_resistance|Drug_and_biocide_RND_efflux_pumps|OQXB,A,863,C
MEG_4365|Multi-compound|Drug_and_biocide_resistance|Drug_and_biocide_RND_efflux_pumps|OQXB,G,1054,T
MEG_4365|Multi-compound|Drug_and_biocide_resistance|Drug_and_biocide_RND_efflux_pumps|OQXB,G,1072,A
MEG_4365|Multi-compound|Drug_and_biocide_resistance|Drug_and_biocide_RND_efflux_pumps|OQXB,G,1258,T
MEG_4365|Multi-compound|Drug_and_biocide_resistance|Drug_and_biocide_RND_efflux_pumps|OQXB,G,1731,T
MEG_4365|Multi-compound|Drug_and_biocide_resistance|Drug_and_biocide_RND_efflux_pumps|OQXB,T,2288,G
MEG_4365|Multi-compound|Drug_and_biocide_resistance|Drug_and_biocide_RND_efflux_pumps|OQXB,A,2696,G
MEG_4081|Multi-compound|Drug_and_biocide_resistance|Drug_and_biocide_RND_efflux_pumps|MTRD,T,629,A
MEG_4081|Multi-compound|Drug_and_biocide_resistance|Drug_and_biocide_RND_efflux_pumps|MTRD,G,643,C
MEG_4081|Multi-compound|Drug_and_biocide_resistance|Drug_and_biocide_RND_efflux_pumps|MTRD,C,1455,G
MEG_4081|Multi-compound|Drug_and_biocide_resistance|Drug_and_biocide_RND_efflux_pumps|MTRD,T,1469,G
MEG_4081|Multi-compound|Drug_and_biocide_resistance|Drug_and_biocide_RND_efflux_pumps|MTRD,G,2179,T
MEG_4081|Multi-compound|Drug_and_biocide_resistance|Drug_and_biocide_RND_efflux_pumps|MTRD,C,2319,G
MEG_4081|Multi-compound|Drug_and_biocide_resistance|Drug_and_biocide_RND_efflux_pumps|MTRD,G,2830,A
MEG_731|Multi-compound|Drug_and_biocide_resistance|Drug_and_biocide_RND_efflux_pumps|AMRA,G,219,T
MEG_731|Multi-compound|Drug_and_biocide_resistance|Drug_and_biocide_RND_efflux_pumps|AMRA,C,367,G
MEG_731|Multi-compound|Drug_and_biocide_resistance|Drug_and_biocide_RND_efflux_pumps|AMRA,G,1067,C
MEG_5794|Multi-compound|Drug_and_biocide_resistance|Drug_and_biocide_MATE_efflux_pumps|PMPM,G,127,T
MEG_5794|Multi-compound|Drug_and_biocide_resistance|Drug_and_biocide_MATE_efflux_pumps|PMPM,G,265,A
MEG_5794|Multi-compound|Drug_and_biocide_resistance|Drug_and_biocide_MATE_efflux_pumps|PMPM,C,402,T
MEG_5794|Multi-compound|Drug_and_biocide_resistance|Drug_and_biocide_MATE_efflux_pumps|PMPM,G,487,A
MEG_5794|Multi-compound|Drug_and_biocide_resistance|Drug_and_biocide_MATE_efflux_pumps|PMPM,C,570,T
MEG_5794|Multi-compound|Drug_and_biocide_resistance|Drug_and_biocide_MATE_efflux_pumps|PMPM,G,604,A
MEG_5794|Multi-compound|Drug_and_biocide_resistance|Drug_and_biocide_MATE_efflux_pumps|PMPM,C,911,T
MEG_5794|Multi-compound|Drug_and_biocide_resistance|Drug_and_biocide_MATE_efflux_pumps|PMPM,G,1166,C
MEG_5794|Multi-compound|Drug_and_biocide_resistance|Drug_and_biocide_MATE_efflux_pumps|PMPM,A,1189,G
MEG_5794|Multi-compound|Drug_and_biocide_resistance|Drug_and_biocide_MATE_efflux_pumps|PMPM,G,1399,T
MEG_4344|Multi-compound|Drug_and_biocide_resistance|Drug_and_biocide_RND_efflux_pumps|OQXB,T,101,C
MEG_4344|Multi-compound|Drug_and_biocide_resistance|Drug_and_biocide_RND_efflux_pumps|OQXB,C,314,A
MEG_4344|Multi-compound|Drug_and_biocide_resistance|Drug_and_biocide_RND_efflux_pumps|OQXB,A,442,C
MEG_4344|Multi-compound|Drug_and_biocide_resistance|Drug_and_biocide_RND_efflux_pumps|OQXB,C,594,A
MEG_4344|Multi-compound|Drug_and_biocide_resistance|Drug_and_biocide_RND_efflux_pumps|OQXB,G,849,T
MEG_4344|Multi-compound|Drug_and_biocide_resistance|Drug_and_biocide_RND_efflux_pumps|OQXB,C,1175,A
MEG_4344|Multi-compound|Drug_and_biocide_resistance|Drug_and_biocide_RND_efflux_pumps|OQXB,A,2461,C
MEG_4344|Multi-compound|Drug_and_biocide_resistance|Drug_and_biocide_RND_efflux_pumps|OQXB,G,2820,A
MEG_4210|Multi-compound|Drug_and_biocide_resistance|Drug_and_biocide_MFS_efflux_pumps|NORB,A,319,G
MEG_4210|Multi-compound|Drug_and_biocide_resistance|Drug_and_biocide_MFS_efflux_pumps|NORB,C,374,T
MEG_4210|Multi-compound|Drug_and_biocide_resistance|Drug_and_biocide_MFS_efflux_pumps|NORB,T,499,A
MEG_4210|Multi-compound|Drug_and_biocide_resistance|Drug_and_biocide_MFS_efflux_pumps|NORB,T,520,A
MEG_685|Multi-compound|Drug_and_biocide_resistance|Drug_and_biocide_RND_efflux_pumps|ADEH,T,127,G
MEG_685|Multi-compound|Drug_and_biocide_resistance|Drug_and_biocide_RND_efflux_pumps|ADEH,A,360,T
MEG_685|Multi-compound|Drug_and_biocide_resistance|Drug_and_biocide_RND_efflux_pumps|ADEH,G,574,T
MEG_685|Multi-compound|Drug_and_biocide_resistance|Drug_and_biocide_RND_efflux_pumps|ADEH,T,600,G
MEG_685|Multi-compound|Drug_and_biocide_resistance|Drug_and_biocide_RND_efflux_pumps|ADEH,C,822,A
MEG_685|Multi-compound|Drug_and_biocide_resistance|Drug_and_biocide_RND_efflux_pumps|ADEH,T,871,G
MEG_685|Multi-compound|Drug_and_biocide_resistance|Drug_and_biocide_RND_efflux_pumps|ADEH,G,873,T
MEG_685|Multi-compound|Drug_and_biocide_resistance|Drug_and_biocide_RND_efflux_pumps|ADEH,A,1020,G
MEG_685|Multi-compound|Drug_and_biocide_resistance|Drug_and_biocide_RND_efflux_pumps|ADEH,A,1166,C
MEG_685|Multi-compound|Drug_and_biocide_resistance|Drug_and_biocide_RND_efflux_pumps|ADEH,T,1373,C
MEG_706|Multi-compound|Drug_and_biocide_resistance|Drug_and_biocide_RND_efflux_pumps|ADET2,C,443,T
MEG_706|Multi-compound|Drug_and_biocide_resistance|Drug_and_biocide_RND_efflux_pumps|ADET2,C,588,T
MEG_5826|Multi-compound|Drug_and_biocide_resistance|Drug_and_biocide_SMR_efflux_pumps|QACC,T,2,A
MEG_5826|Multi-compound|Drug_and_biocide_resistance|Drug_and_biocide_SMR_efflux_pumps|QACC,A,24,G
MEG_5826|Multi-compound|Drug_and_biocide_resistance|Drug_and_biocide_SMR_efflux_pumps|QACC,C,95,T
MEG_5826|Multi-compound|Drug_and_biocide_resistance|Drug_and_biocide_SMR_efflux_pumps|QACC,T,97,G
MEG_5826|Multi-compound|Drug_and_biocide_resistance|Drug_and_biocide_SMR_efflux_pumps|QACC,G,101,T
MEG_5826|Multi-compound|Drug_and_biocide_resistance|Drug_and_biocide_SMR_efflux_pumps|QACC,A,103,G
MEG_5826|Multi-compound|Drug_and_biocide_resistance|Drug_and_biocide_SMR_efflux_pumps|QACC,C,113,T
MEG_5826|Multi-compound|Drug_and_biocide_resistance|Drug_and_biocide_SMR_efflux_pumps|QACC,A,244,C
MEG_5826|Multi-compound|Drug_and_biocide_resistance|Drug_and_biocide_SMR_efflux_pumps|QACC,T,305,A
MEG_4077|Multi-compound|Drug_and_biocide_resistance|Drug_and_biocide_RND_efflux_regulator|MTRA,A,320,C
MEG_4077|Multi-compound|Drug_and_biocide_resistance|Drug_and_biocide_RND_efflux_regulator|MTRA,A,860,T
MEG_3753|Multi-compound|Drug_and_biocide_resistance|Drug_and_biocide_MFS_efflux_pumps|MDTG,G,624,T
MEG_6522|Multi-compound|Drug_and_biocide_resistance|Drug_and_biocide_RND_efflux_pumps|SME,C,294,T
MEG_6522|Multi-compound|Drug_and_biocide_resistance|Drug_and_biocide_RND_efflux_pumps|SME,G,1179,T
MEG_6522|Multi-compound|Drug_and_biocide_resistance|Drug_and_biocide_RND_efflux_pumps|SME,G,1347,T
MEG_6522|Multi-compound|Drug_and_biocide_resistance|Drug_and_biocide_RND_efflux_pumps|SME,G,1689,A
MEG_6522|Multi-compound|Drug_and_biocide_resistance|Drug_and_biocide_RND_efflux_pumps|SME,A,1778,T
MEG_1209|Multi-compound|Drug_and_biocide_resistance|Drug_and_biocide_MFS_efflux_pumps|BCR,C,324,T
MEG_1209|Multi-compound|Drug_and_biocide_resistance|Drug_and_biocide_MFS_efflux_pumps|BCR,G,358,C
MEG_1209|Multi-compound|Drug_and_biocide_resistance|Drug_and_biocide_MFS_efflux_pumps|BCR,C,537,T
MEG_1209|Multi-compound|Drug_and_biocide_resistance|Drug_and_biocide_MFS_efflux_pumps|BCR,G,608,C
MEG_1209|Multi-compound|Drug_and_biocide_resistance|Drug_and_biocide_MFS_efflux_pumps|BCR,T,629,G
MEG_1209|Multi-compound|Drug_and_biocide_resistance|Drug_and_biocide_MFS_efflux_pumps|BCR,T,631,G
MEG_1209|Multi-compound|Drug_and_biocide_resistance|Drug_and_biocide_MFS_efflux_pumps|BCR,A,781,G
MEG_1209|Multi-compound|Drug_and_biocide_resistance|Drug_and_biocide_MFS_efflux_pumps|BCR,C,1105,A
MEG_7772|Biocides|Multi-biocide_resistance|Multi-biocide_RND_efflux_pump|VMEA,C,103,G
MEG_7783|Biocides|Multi-biocide_resistance|Multi-biocide_RND_efflux_pump|VMEA,A,74,T
MEG_7783|Biocides|Multi-biocide_resistance|Multi-biocide_RND_efflux_pump|VMEA,C,98,T
MEG_7783|Biocides|Multi-biocide_resistance|Multi-biocide_RND_efflux_pump|VMEA,T,150,G
MEG_7783|Biocides|Multi-biocide_resistance|Multi-biocide_RND_efflux_pump|VMEA,T,310,C
MEG_7783|Biocides|Multi-biocide_resistance|Multi-biocide_RND_efflux_pump|VMEA,T,348,C
MEG_7783|Biocides|Multi-biocide_resistance|Multi-biocide_RND_efflux_pump|VMEA,C,768,G
MEG_7783|Biocides|Multi-biocide_resistance|Multi-biocide_RND_efflux_pump|VMEA,T,840,A
MEG_2697|Biocides|Multi-biocide_resistance|Multi-biocide_SMR_efflux_pump|EBRA,G,43,A
MEG_2697|Biocides|Multi-biocide_resistance|Multi-biocide_SMR_efflux_pump|EBRA,T,121,C
MEG_2697|Biocides|Multi-biocide_resistance|Multi-biocide_SMR_efflux_pump|EBRA,C,165,T
MEG_2697|Biocides|Multi-biocide_resistance|Multi-biocide_SMR_efflux_pump|EBRA,G,192,A
MEG_2697|Biocides|Multi-biocide_resistance|Multi-biocide_SMR_efflux_pump|EBRA,C,204,T
MEG_2697|Biocides|Multi-biocide_resistance|Multi-biocide_SMR_efflux_pump|EBRA,G,210,C
MEG_2697|Biocides|Multi-biocide_resistance|Multi-biocide_SMR_efflux_pump|EBRA,A,254,C
MEG_2697|Biocides|Multi-biocide_resistance|Multi-biocide_SMR_efflux_pump|EBRA,T,284,C
MEG_2697|Biocides|Multi-biocide_resistance|Multi-biocide_SMR_efflux_pump|EBRA,A,288,G
MEG_2697|Biocides|Multi-biocide_resistance|Multi-biocide_SMR_efflux_pump|EBRA,G,312,A
MEG_6535|Biocides|Multi-biocide_resistance|Multi-biocide_ABC_efflux_pump|SMRA,G,616,T
MEG_6535|Biocides|Multi-biocide_resistance|Multi-biocide_ABC_efflux_pump|SMRA,C,638,A
MEG_6535|Biocides|Multi-biocide_resistance|Multi-biocide_ABC_efflux_pump|SMRA,T,682,A
MEG_6535|Biocides|Multi-biocide_resistance|Multi-biocide_ABC_efflux_pump|SMRA,G,1335,T
MEG_6535|Biocides|Multi-biocide_resistance|Multi-biocide_ABC_efflux_pump|SMRA,T,1425,C
MEG_6535|Biocides|Multi-biocide_resistance|Multi-biocide_ABC_efflux_pump|SMRA,A,1588,T
MEG_6564|Biocides|Multi-biocide_resistance|Multi-biocide_RND_efflux_regulator|SRPS,G,72,T
MEG_6564|Biocides|Multi-biocide_resistance|Multi-biocide_RND_efflux_regulator|SRPS,G,720,C
MEG_3936|Biocides|Multi-biocide_resistance|Multi-biocide_RND_efflux_pump|MEXW,G,114,C
MEG_3936|Biocides|Multi-biocide_resistance|Multi-biocide_RND_efflux_pump|MEXW,G,922,A
MEG_3936|Biocides|Multi-biocide_resistance|Multi-biocide_RND_efflux_pump|MEXW,C,2043,A
MEG_3936|Biocides|Multi-biocide_resistance|Multi-biocide_RND_efflux_pump|MEXW,G,2625,C
MEG_3936|Biocides|Multi-biocide_resistance|Multi-biocide_RND_efflux_pump|MEXW,G,2658,A
MEG_3936|Biocides|Multi-biocide_resistance|Multi-biocide_RND_efflux_pump|MEXW,A,2783,G
MEG_3936|Biocides|Multi-biocide_resistance|Multi-biocide_RND_efflux_pump|MEXW,G,2824,T
MEG_3936|Biocides|Multi-biocide_resistance|Multi-biocide_RND_efflux_pump|MEXW,T,2920,A
MEG_7786|Biocides|Multi-biocide_resistance|Multi-biocide_RND_efflux_pump|VMEC,A,224,C
MEG_7786|Biocides|Multi-biocide_resistance|Multi-biocide_RND_efflux_pump|VMEC,A,258,T
MEG_7786|Biocides|Multi-biocide_resistance|Multi-biocide_RND_efflux_pump|VMEC,T,306,A
MEG_7786|Biocides|Multi-biocide_resistance|Multi-biocide_RND_efflux_pump|VMEC,A,370,G
MEG_7786|Biocides|Multi-biocide_resistance|Multi-biocide_RND_efflux_pump|VMEC,G,562,A
MEG_7786|Biocides|Multi-biocide_resistance|Multi-biocide_RND_efflux_pump|VMEC,C,769,G
MEG_7786|Biocides|Multi-biocide_resistance|Multi-biocide_RND_efflux_pump|VMEC,T,788,A
MEG_7298|Biocides|Multi-biocide_resistance|Multi-biocide_RND_efflux_regulator|TTGV,T,106,G
MEG_7298|Biocides|Multi-biocide_resistance|Multi-biocide_RND_efflux_regulator|TTGV,A,156,C
MEG_7298|Biocides|Multi-biocide_resistance|Multi-biocide_RND_efflux_regulator|TTGV,G,424,C
MEG_7298|Biocides|Multi-biocide_resistance|Multi-biocide_RND_efflux_regulator|TTGV,G,693,C
MEG_7268|Biocides|Multi-biocide_resistance|Multi-biocide_RND_efflux_pump|TOLCSM,C,276,T
MEG_7268|Biocides|Multi-biocide_resistance|Multi-biocide_RND_efflux_pump|TOLCSM,T,443,G
MEG_7268|Biocides|Multi-biocide_resistance|Multi-biocide_RND_efflux_pump|TOLCSM,C,918,A
MEG_7268|Biocides|Multi-biocide_resistance|Multi-biocide_RND_efflux_pump|TOLCSM,T,941,C
MEG_7268|Biocides|Multi-biocide_resistance|Multi-biocide_RND_efflux_pump|TOLCSM,A,1013,G
MEG_7268|Biocides|Multi-biocide_resistance|Multi-biocide_RND_efflux_pump|TOLCSM,T,1278,A
MEG_7266|Biocides|Multi-biocide_resistance|Multi-biocide_RND_efflux_pump|TOLC,G,59,T
MEG_7266|Biocides|Multi-biocide_resistance|Multi-biocide_RND_efflux_pump|TOLC,T,208,C
MEG_7266|Biocides|Multi-biocide_resistance|Multi-biocide_RND_efflux_pump|TOLC,G,367,T
MEG_7266|Biocides|Multi-biocide_resistance|Multi-biocide_RND_efflux_pump|TOLC,C,398,T
MEG_7266|Biocides|Multi-biocide_resistance|Multi-biocide_RND_efflux_pump|TOLC,C,401,T
MEG_7266|Biocides|Multi-biocide_resistance|Multi-biocide_RND_efflux_pump|TOLC,G,470,T
MEG_7266|Biocides|Multi-biocide_resistance|Multi-biocide_RND_efflux_pump|TOLC,A,1023,T
MEG_7266|Biocides|Multi-biocide_resistance|Multi-biocide_RND_efflux_pump|TOLC,T,1043,G
MEG_7266|Biocides|Multi-biocide_resistance|Multi-biocide_RND_efflux_pump|TOLC,A,1081,C
MEG_7266|Biocides|Multi-biocide_resistance|Multi-biocide_RND_efflux_pump|TOLC,T,1251,A
MEG_6578|Biocides|Multi-biocide_resistance|Multi-biocide_SMR_efflux_pump|SUGE,G,199,T
MEG_6578|Biocides|Multi-biocide_resistance|Multi-biocide_SMR_efflux_pump|SUGE,G,244,C
MEG_7794|Biocides|Multi-biocide_resistance|Multi-biocide_RND_efflux_pump|VMEK,A,733,T
MEG_7794|Biocides|Multi-biocide_resistance|Multi-biocide_RND_efflux_pump|VMEK,G,790,T
MEG_7794|Biocides|Multi-biocide_resistance|Multi-biocide_RND_efflux_pump|VMEK,A,1335,G
MEG_7794|Biocides|Multi-biocide_resistance|Multi-biocide_RND_efflux_pump|VMEK,A,2546,G
MEG_7794|Biocides|Multi-biocide_resistance|Multi-biocide_RND_efflux_pump|VMEK,G,2758,C
MEG_7794|Biocides|Multi-biocide_resistance|Multi-biocide_RND_efflux_pump|VMEK,G,2863,T
MEG_1468|Biocides|Multi-biocide_resistance|Multi-biocide_resistance_regulator|BLTR,T,101,G
MEG_1468|Biocides|Multi-biocide_resistance|Multi-biocide_resistance_regulator|BLTR,C,161,T
MEG_1468|Biocides|Multi-biocide_resistance|Multi-biocide_resistance_regulator|BLTR,T,368,G
MEG_1468|Biocides|Multi-biocide_resistance|Multi-biocide_resistance_regulator|BLTR,C,555,G
MEG_1468|Biocides|Multi-biocide_resistance|Multi-biocide_resistance_regulator|BLTR,T,738,A
MEG_6646|Biocides|Multi-biocide_resistance|Multi-biocide_RND_efflux_pump|TBTB,A,292,G
MEG_6646|Biocides|Multi-biocide_resistance|Multi-biocide_RND_efflux_pump|TBTB,C,502,T
MEG_6646|Biocides|Multi-biocide_resistance|Multi-biocide_RND_efflux_pump|TBTB,T,527,G
MEG_6646|Biocides|Multi-biocide_resistance|Multi-biocide_RND_efflux_pump|TBTB,G,659,C
MEG_6646|Biocides|Multi-biocide_resistance|Multi-biocide_RND_efflux_pump|TBTB,T,1199,A
MEG_6646|Biocides|Multi-biocide_resistance|Multi-biocide_RND_efflux_pump|TBTB,A,1243,T
MEG_6646|Biocides|Multi-biocide_resistance|Multi-biocide_RND_efflux_pump|TBTB,G,2152,A
MEG_6646|Biocides|Multi-biocide_resistance|Multi-biocide_RND_efflux_pump|TBTB,G,2188,T
MEG_3735|Biocides|Multi-biocide_resistance|Multi-biocide_resistance_protein|MDEA,A,13,C
MEG_3735|Biocides|Multi-biocide_resistance|Multi-biocide_resistance_protein|MDEA,T,145,G
MEG_3735|Biocides|Multi-biocide_resistance|Multi-biocide_resistance_protein|MDEA,T,185,A
MEG_3735|Biocides|Multi-biocide_resistance|Multi-biocide_resistance_protein|MDEA,G,641,C
MEG_3735|Biocides|Multi-biocide_resistance|Multi-biocide_resistance_protein|MDEA,T,890,C
MEG_6140|Biocides|Multi-biocide_resistance|Multi-biocide_resistance_regulator|RPOS,G,1069,T
MEG_6519|Biocides|Multi-biocide_resistance|Multi-biocide_ABC_efflux_pump|SMDA,G,1181,A
MEG_6519|Biocides|Multi-biocide_resistance|Multi-biocide_ABC_efflux_pump|SMDA,A,1355,T
MEG_6519|Biocides|Multi-biocide_resistance|Multi-biocide_ABC_efflux_pump|SMDA,C,1392,A
MEG_6575|Biocides|Multi-biocide_resistance|Multi-biocide_SMR_efflux_pump|SUGE,T,38,C
MEG_6575|Biocides|Multi-biocide_resistance|Multi-biocide_SMR_efflux_pump|SUGE,A,125,T
MEG_6575|Biocides|Multi-biocide_resistance|Multi-biocide_SMR_efflux_pump|SUGE,A,238,T
MEG_6575|Biocides|Multi-biocide_resistance|Multi-biocide_SMR_efflux_pump|SUGE,T,307,A
MEG_6575|Biocides|Multi-biocide_resistance|Multi-biocide_SMR_efflux_pump|SUGE,G,321,T
MEG_4297|Biocides|Multi-biocide_resistance|Multi-biocide_RND_efflux_pump|OPRJ,T,608,G
MEG_4297|Biocides|Multi-biocide_resistance|Multi-biocide_RND_efflux_pump|OPRJ,G,757,C
MEG_4297|Biocides|Multi-biocide_resistance|Multi-biocide_RND_efflux_pump|OPRJ,G,1099,T
MEG_6577|Biocides|Multi-biocide_resistance|Multi-biocide_SMR_efflux_pump|SUGE,G,131,C
MEG_6577|Biocides|Multi-biocide_resistance|Multi-biocide_SMR_efflux_pump|SUGE,T,183,A
MEG_6577|Biocides|Multi-biocide_resistance|Multi-biocide_SMR_efflux_pump|SUGE,A,202,C
MEG_6577|Biocides|Multi-biocide_resistance|Multi-biocide_SMR_efflux_pump|SUGE,C,269,G
MEG_6577|Biocides|Multi-biocide_resistance|Multi-biocide_SMR_efflux_pump|SUGE,A,319,T
MEG_6577|Biocides|Multi-biocide_resistance|Multi-biocide_SMR_efflux_pump|SUGE,C,352,A
MEG_6577|Biocides|Multi-biocide_resistance|Multi-biocide_SMR_efflux_pump|SUGE,A,381,C
MEG_6577|Biocides|Multi-biocide_resistance|Multi-biocide_SMR_efflux_pump|SUGE,T,460,C
MEG_7781|Biocides|Multi-biocide_resistance|Multi-biocide_RND_efflux_pump|VMEA,A,264,G
MEG_7781|Biocides|Multi-biocide_resistance|Multi-biocide_RND_efflux_pump|VMEA,A,560,G
MEG_7781|Biocides|Multi-biocide_resistance|Multi-biocide_RND_efflux_pump|VMEA,A,599,C
MEG_7781|Biocides|Multi-biocide_resistance|Multi-biocide_RND_efflux_pump|VMEA,C,697,T
MEG_7781|Biocides|Multi-biocide_resistance|Multi-biocide_RND_efflux_pump|VMEA,T,971,C
MEG_7781|Biocides|Multi-biocide_resistance|Multi-biocide_RND_efflux_pump|VMEA,T,1007,A
MEG_7787|Biocides|Multi-biocide_resistance|Multi-biocide_RND_efflux_pump|VMED,C,1693,G
MEG_7787|Biocides|Multi-biocide_resistance|Multi-biocide_RND_efflux_pump|VMED,A,2014,C
MEG_7787|Biocides|Multi-biocide_resistance|Multi-biocide_RND_efflux_pump|VMED,G,2482,T
MEG_7787|Biocides|Multi-biocide_resistance|Multi-biocide_RND_efflux_pump|VMED,A,2692,T
MEG_2698|Biocides|Multi-biocide_resistance|Multi-biocide_SMR_efflux_pump|EBRB,T,84,A
MEG_2698|Biocides|Multi-biocide_resistance|Multi-biocide_SMR_efflux_pump|EBRB,T,232,G
MEG_6573|Biocides|Multi-biocide_resistance|Multi-biocide_SMR_efflux_pump|SSME,C,36,A
MEG_6573|Biocides|Multi-biocide_resistance|Multi-biocide_SMR_efflux_pump|SSME,A,66,C
MEG_6573|Biocides|Multi-biocide_resistance|Multi-biocide_SMR_efflux_pump|SSME,T,97,G
MEG_6573|Biocides|Multi-biocide_resistance|Multi-biocide_SMR_efflux_pump|SSME,G,147,A
MEG_6573|Biocides|Multi-biocide_resistance|Multi-biocide_SMR_efflux_pump|SSME,G,158,C
MEG_6573|Biocides|Multi-biocide_resistance|Multi-biocide_SMR_efflux_pump|SSME,T,282,A
MEG_6573|Biocides|Multi-biocide_resistance|Multi-biocide_SMR_efflux_pump|SSME,G,297,C
MEG_6573|Biocides|Multi-biocide_resistance|Multi-biocide_SMR_efflux_pump|SSME,T,299,G
MEG_7793|Biocides|Multi-biocide_resistance|Multi-biocide_RND_efflux_pump|VMEJ,C,227,T
MEG_7793|Biocides|Multi-biocide_resistance|Multi-biocide_RND_efflux_pump|VMEJ,T,962,C
MEG_7793|Biocides|Multi-biocide_resistance|Multi-biocide_RND_efflux_pump|VMEJ,G,1108,C
MEG_6550|Biocides|Multi-biocide_resistance|Multi-biocide_resistance_regulator|SOXRB,C,21,A
MEG_6550|Biocides|Multi-biocide_resistance|Multi-biocide_resistance_regulator|SOXRB,G,72,C
MEG_6550|Biocides|Multi-biocide_resistance|Multi-biocide_resistance_regulator|SOXRB,T,106,G
MEG_6550|Biocides|Multi-biocide_resistance|Multi-biocide_resistance_regulator|SOXRB,C,295,A
MEG_6550|Biocides|Multi-biocide_resistance|Multi-biocide_resistance_regulator|SOXRB,A,308,C
MEG_6550|Biocides|Multi-biocide_resistance|Multi-biocide_resistance_regulator|SOXRB,G,352,A
MEG_6550|Biocides|Multi-biocide_resistance|Multi-biocide_resistance_regulator|SOXRB,C,397,G
MEG_7803|Biocides|Multi-biocide_resistance|Multi-biocide_MATE_efflux_pump|VMRA,C,241,T
MEG_7803|Biocides|Multi-biocide_resistance|Multi-biocide_MATE_efflux_pump|VMRA,C,351,T
MEG_7803|Biocides|Multi-biocide_resistance|Multi-biocide_MATE_efflux_pump|VMRA,T,531,C
MEG_7803|Biocides|Multi-biocide_resistance|Multi-biocide_MATE_efflux_pump|VMRA,G,878,A
MEG_7803|Biocides|Multi-biocide_resistance|Multi-biocide_MATE_efflux_pump|VMRA,T,1076,G
MEG_7803|Biocides|Multi-biocide_resistance|Multi-biocide_MATE_efflux_pump|VMRA,A,1203,C
MEG_7803|Biocides|Multi-biocide_resistance|Multi-biocide_MATE_efflux_pump|VMRA,T,1223,A
MEG_7788|Biocides|Multi-biocide_resistance|Multi-biocide_RND_efflux_pump|VMEE,A,216,T
MEG_7788|Biocides|Multi-biocide_resistance|Multi-biocide_RND_efflux_pump|VMEE,G,417,C
MEG_7788|Biocides|Multi-biocide_resistance|Multi-biocide_RND_efflux_pump|VMEE,G,460,C
MEG_7788|Biocides|Multi-biocide_resistance|Multi-biocide_RND_efflux_pump|VMEE,T,607,C
MEG_6560|Biocides|Multi-biocide_resistance|Multi-biocide_RND_efflux_pump|SRPB,T,524,G
MEG_6560|Biocides|Multi-biocide_resistance|Multi-biocide_RND_efflux_pump|SRPB,C,675,T
MEG_6560|Biocides|Multi-biocide_resistance|Multi-biocide_RND_efflux_pump|SRPB,T,946,C
MEG_6560|Biocides|Multi-biocide_resistance|Multi-biocide_RND_efflux_pump|SRPB,T,1441,A
MEG_6560|Biocides|Multi-biocide_resistance|Multi-biocide_RND_efflux_pump|SRPB,T,1847,C
MEG_6560|Biocides|Multi-biocide_resistance|Multi-biocide_RND_efflux_pump|SRPB,C,3054,G
MEG_5415|Biocides|Multi-biocide_resistance|Multi-biocide_resistance_regulator|PCM,T,224,A
MEG_5415|Biocides|Multi-biocide_resistance|Multi-biocide_resistance_regulator|PCM,G,247,A
MEG_5415|Biocides|Multi-biocide_resistance|Multi-biocide_resistance_regulator|PCM,T,338,C
MEG_5415|Biocides|Multi-biocide_resistance|Multi-biocide_resistance_regulator|PCM,T,607,G
MEG_5415|Biocides|Multi-biocide_resistance|Multi-biocide_resistance_regulator|PCM,C,626,G
MEG_2716|Biocides|Multi-biocide_resistance|Multi-biocide_RND_efflux_pump|EMHB,G,1190,C
MEG_2716|Biocides|Multi-biocide_resistance|Multi-biocide_RND_efflux_pump|EMHB,G,1582,T
MEG_2716|Biocides|Multi-biocide_resistance|Multi-biocide_RND_efflux_pump|EMHB,G,2617,C
MEG_2716|Biocides|Multi-biocide_resistance|Multi-biocide_RND_efflux_pump|EMHB,G,2970,C
MEG_2716|Biocides|Multi-biocide_resistance|Multi-biocide_RND_efflux_pump|EMHB,T,2972,C
MEG_2716|Biocides|Multi-biocide_resistance|Multi-biocide_RND_efflux_pump|EMHB,A,3075,C
MEG_6520|Biocides|Multi-biocide_resistance|Multi-biocide_ABC_efflux_pump|SMDB,C,301,T
MEG_6520|Biocides|Multi-biocide_resistance|Multi-biocide_ABC_efflux_pump|SMDB,A,1154,T
MEG_6520|Biocides|Multi-biocide_resistance|Multi-biocide_ABC_efflux_pump|SMDB,C,1717,T
MEG_7643|Biocides|Multi-biocide_resistance|Multi-biocide_MATE_efflux_pump|VCRM,T,501,C
MEG_7643|Biocides|Multi-biocide_resistance|Multi-biocide_MATE_efflux_pump|VCRM,T,593,G
MEG_7643|Biocides|Multi-biocide_resistance|Multi-biocide_MATE_efflux_pump|VCRM,G,1297,A
MEG_3539|Biocides|Multi-biocide_resistance|Multi-biocide_MFS_efflux_pump|LDE,G,61,C
MEG_3539|Biocides|Multi-biocide_resistance|Multi-biocide_MFS_efflux_pump|LDE,C,509,A
MEG_3539|Biocides|Multi-biocide_resistance|Multi-biocide_MFS_efflux_pump|LDE,C,592,T
MEG_3539|Biocides|Multi-biocide_resistance|Multi-biocide_MFS_efflux_pump|LDE,T,847,A
MEG_3539|Biocides|Multi-biocide_resistance|Multi-biocide_MFS_efflux_pump|LDE,A,1031,T
MEG_7773|Biocides|Multi-biocide_resistance|Multi-biocide_RND_efflux_pump|VMEA,A,49,T
MEG_7773|Biocides|Multi-biocide_resistance|Multi-biocide_RND_efflux_pump|VMEA,A,75,G
MEG_7773|Biocides|Multi-biocide_resistance|Multi-biocide_RND_efflux_pump|VMEA,C,385,A
MEG_7773|Biocides|Multi-biocide_resistance|Multi-biocide_RND_efflux_pump|VMEA,C,697,T
MEG_7773|Biocides|Multi-biocide_resistance|Multi-biocide_RND_efflux_pump|VMEA,C,762,A
MEG_7785|Biocides|Multi-biocide_resistance|Multi-biocide_RND_efflux_pump|VMEB,G,34,A
MEG_7785|Biocides|Multi-biocide_resistance|Multi-biocide_RND_efflux_pump|VMEB,G,227,C
MEG_7785|Biocides|Multi-biocide_resistance|Multi-biocide_RND_efflux_pump|VMEB,G,886,A
MEG_7785|Biocides|Multi-biocide_resistance|Multi-biocide_RND_efflux_pump|VMEB,A,1081,T
MEG_7785|Biocides|Multi-biocide_resistance|Multi-biocide_RND_efflux_pump|VMEB,G,1774,A
MEG_7785|Biocides|Multi-biocide_resistance|Multi-biocide_RND_efflux_pump|VMEB,T,2770,C
MEG_7785|Biocides|Multi-biocide_resistance|Multi-biocide_RND_efflux_pump|VMEB,G,2803,T
MEG_7785|Biocides|Multi-biocide_resistance|Multi-biocide_RND_efflux_pump|VMEB,G,2973,C
MEG_7780|Biocides|Multi-biocide_resistance|Multi-biocide_RND_efflux_pump|VMEA,T,58,C
MEG_7780|Biocides|Multi-biocide_resistance|Multi-biocide_RND_efflux_pump|VMEA,C,182,G
MEG_7780|Biocides|Multi-biocide_resistance|Multi-biocide_RND_efflux_pump|VMEA,C,194,A
MEG_7780|Biocides|Multi-biocide_resistance|Multi-biocide_RND_efflux_pump|VMEA,A,223,T
MEG_7780|Biocides|Multi-biocide_resistance|Multi-biocide_RND_efflux_pump|VMEA,C,320,T
MEG_7780|Biocides|Multi-biocide_resistance|Multi-biocide_RND_efflux_pump|VMEA,A,700,C
MEG_7780|Biocides|Multi-biocide_resistance|Multi-biocide_RND_efflux_pump|VMEA,G,745,T
MEG_7780|Biocides|Multi-biocide_resistance|Multi-biocide_RND_efflux_pump|VMEA,G,871,T
MEG_7780|Biocides|Multi-biocide_resistance|Multi-biocide_RND_efflux_pump|VMEA,T,894,A
MEG_7780|Biocides|Multi-biocide_resistance|Multi-biocide_RND_efflux_pump|VMEA,T,990,C
MEG_6531|Biocides|Multi-biocide_resistance|Multi-biocide_MFS_efflux_pump|SMFY,T,100,A
MEG_6531|Biocides|Multi-biocide_resistance|Multi-biocide_MFS_efflux_pump|SMFY,A,601,C
MEG_6531|Biocides|Multi-biocide_resistance|Multi-biocide_MFS_efflux_pump|SMFY,C,886,T
MEG_6531|Biocides|Multi-biocide_resistance|Multi-biocide_MFS_efflux_pump|SMFY,G,983,A
MEG_6531|Biocides|Multi-biocide_resistance|Multi-biocide_MFS_efflux_pump|SMFY,C,1354,A
MEG_7294|Biocides|Multi-biocide_resistance|Multi-biocide_RND_efflux_pump|TTGF,C,190,T
MEG_7294|Biocides|Multi-biocide_resistance|Multi-biocide_RND_efflux_pump|TTGF,T,433,A
MEG_7294|Biocides|Multi-biocide_resistance|Multi-biocide_RND_efflux_pump|TTGF,C,524,A
MEG_7294|Biocides|Multi-biocide_resistance|Multi-biocide_RND_efflux_pump|TTGF,G,784,C
MEG_7294|Biocides|Multi-biocide_resistance|Multi-biocide_RND_efflux_pump|TTGF,G,864,C
MEG_7294|Biocides|Multi-biocide_resistance|Multi-biocide_RND_efflux_pump|TTGF,T,1085,A
MEG_7294|Biocides|Multi-biocide_resistance|Multi-biocide_RND_efflux_pump|TTGF,C,1129,A
MEG_7294|Biocides|Multi-biocide_resistance|Multi-biocide_RND_efflux_pump|TTGF,A,1162,T
MEG_7771|Biocides|Multi-biocide_resistance|Multi-biocide_RND_efflux_pump|VMEA,G,248,C
MEG_7771|Biocides|Multi-biocide_resistance|Multi-biocide_RND_efflux_pump|VMEA,A,263,C
MEG_7771|Biocides|Multi-biocide_resistance|Multi-biocide_RND_efflux_pump|VMEA,T,414,C
MEG_7771|Biocides|Multi-biocide_resistance|Multi-biocide_RND_efflux_pump|VMEA,A,775,T
MEG_7771|Biocides|Multi-biocide_resistance|Multi-biocide_RND_efflux_pump|VMEA,C,1005,G
MEG_3153|Drugs|betalactams|Class_B_betalactamases|GOB,A,26,G
MEG_3153|Drugs|betalactams|Class_B_betalactamases|GOB,A,136,T
MEG_3153|Drugs|betalactams|Class_B_betalactamases|GOB,A,569,C
MEG_3153|Drugs|betalactams|Class_B_betalactamases|GOB,G,624,C
MEG_3153|Drugs|betalactams|Class_B_betalactamases|GOB,C,688,A
MEG_5074|Drugs|betalactams|Class_D_betalactamases|OXA,A,37,C
MEG_5074|Drugs|betalactams|Class_D_betalactamases|OXA,G,528,T
MEG_5074|Drugs|betalactams|Class_D_betalactamases|OXA,C,647,A
MEG_5074|Drugs|betalactams|Class_D_betalactamases|OXA,A,650,T
MEG_5074|Drugs|betalactams|Class_D_betalactamases|OXA,G,659,A
MEG_5074|Drugs|betalactams|Class_D_betalactamases|OXA,A,754,T
MEG_8216|Drugs|betalactams|Class_A_betalactamases|LEN,G,479,C
MEG_8216|Drugs|betalactams|Class_A_betalactamases|LEN,G,696,C
MEG_3660|Drugs|betalactams|Class_A_betalactamases|MAL,C,127,A
MEG_3660|Drugs|betalactams|Class_A_betalactamases|MAL,A,175,G
MEG_3660|Drugs|betalactams|Class_A_betalactamases|MAL,G,215,T
MEG_3660|Drugs|betalactams|Class_A_betalactamases|MAL,A,238,C
MEG_3660|Drugs|betalactams|Class_A_betalactamases|MAL,T,573,G
MEG_3494|Drugs|betalactams|Class_A_betalactamases|KPC,C,126,T
MEG_3494|Drugs|betalactams|Class_A_betalactamases|KPC,G,757,A
MEG_3494|Drugs|betalactams|Class_A_betalactamases|KPC,A,871,G
MEG_1886|Drugs|betalactams|Class_C_betalactamases|CMY,C,42,G
MEG_9947|Drugs|betalactams|Class_D_betalactamases|OXA,C,4,A
MEG_9947|Drugs|betalactams|Class_D_betalactamases|OXA,T,107,C
MEG_9947|Drugs|betalactams|Class_D_betalactamases|OXA,T,152,C
MEG_9947|Drugs|betalactams|Class_D_betalactamases|OXA,C,396,T
MEG_9947|Drugs|betalactams|Class_D_betalactamases|OXA,A,556,G
MEG_9947|Drugs|betalactams|Class_D_betalactamases|OXA,G,734,C
MEG_9947|Drugs|betalactams|Class_D_betalactamases|OXA,G,788,T
MEG_8940|Drugs|betalactams|Class_C_betalactamases|CMH,T,68,C
MEG_8940|Drugs|betalactams|Class_C_betalactamases|CMH,T,377,C
MEG_8940|Drugs|betalactams|Class_C_betalactamases|CMH,G,456,C
MEG_8940|Drugs|betalactams|Class_C_betalactamases|CMH,G,573,C
MEG_8940|Drugs|betalactams|Class_C_betalactamases|CMH,G,606,A
MEG_8940|Drugs|betalactams|Class_C_betalactamases|CMH,A,770,G
MEG_8940|Drugs|betalactams|Class_C_betalactamases|CMH,T,856,G
MEG_8940|Drugs|betalactams|Class_C_betalactamases|CMH,A,928,G
MEG_8940|Drugs|betalactams|Class_C_betalactamases|CMH,T,1037,C
MEG_4402|Drugs|betalactams|Class_D_betalactamases|OXA,G,47,C
MEG_4402|Drugs|betalactams|Class_D_betalactamases|OXA,A,55,T
MEG_4402|Drugs|betalactams|Class_D_betalactamases|OXA,T,75,G
MEG_4402|Drugs|betalactams|Class_D_betalactamases|OXA,A,211,T
MEG_4402|Drugs|betalactams|Class_D_betalactamases|OXA,A,230,G
MEG_4402|Drugs|betalactams|Class_D_betalactamases|OXA,T,274,C
MEG_4402|Drugs|betalactams|Class_D_betalactamases|OXA,T,477,A
MEG_4402|Drugs|betalactams|Class_D_betalactamases|OXA,T,514,G
MEG_4402|Drugs|betalactams|Class_D_betalactamases|OXA,T,597,C
MEG_4402|Drugs|betalactams|Class_D_betalactamases|OXA,A,659,T
MEG_4912|Drugs|betalactams|Class_D_betalactamases|OXA,T,2,A
MEG_4912|Drugs|betalactams|Class_D_betalactamases|OXA,A,21,C
MEG_4912|Drugs|betalactams|Class_D_betalactamases|OXA,T,46,G
MEG_4912|Drugs|betalactams|Class_D_betalactamases|OXA,A,170,C
MEG_4912|Drugs|betalactams|Class_D_betalactamases|OXA,C,221,A
MEG_4912|Drugs|betalactams|Class_D_betalactamases|OXA,G,432,A
MEG_4912|Drugs|betalactams|Class_D_betalactamases|OXA,A,644,T
MEG_4912|Drugs|betalactams|Class_D_betalactamases|OXA,T,657,G
MEG_9274|Drugs|betalactams|Class_C_betalactamases|ADC,A,90,T
MEG_9274|Drugs|betalactams|Class_C_betalactamases|ADC,A,316,T
MEG_9274|Drugs|betalactams|Class_C_betalactamases|ADC,A,365,C
MEG_9274|Drugs|betalactams|Class_C_betalactamases|ADC,A,535,T
MEG_9274|Drugs|betalactams|Class_C_betalactamases|ADC,A,732,T
MEG_9274|Drugs|betalactams|Class_C_betalactamases|ADC,T,828,C
MEG_9274|Drugs|betalactams|Class_C_betalactamases|ADC,C,908,G
MEG_9274|Drugs|betalactams|Class_C_betalactamases|ADC,T,930,G
MEG_9274|Drugs|betalactams|Class_C_betalactamases|ADC,A,1080,T
MEG_8857|Drugs|betalactams|Class_A_betalactamases|CTX,A,9,C
MEG_8857|Drugs|betalactams|Class_A_betalactamases|CTX,G,36,C
MEG_8857|Drugs|betalactams|Class_A_betalactamases|CTX,T,347,A
MEG_8857|Drugs|betalactams|Class_A_betalactamases|CTX,C,383,A
MEG_8857|Drugs|betalactams|Class_A_betalactamases|CTX,G,562,C
MEG_8857|Drugs|betalactams|Class_A_betalactamases|CTX,C,592,T
MEG_8857|Drugs|betalactams|Class_A_betalactamases|CTX,C,609,A
MEG_8857|Drugs|betalactams|Class_A_betalactamases|CTX,G,696,T
MEG_4273|Drugs|betalactams|Class_A_betalactamases|OKP,C,22,T
MEG_4273|Drugs|betalactams|Class_A_betalactamases|OKP,T,143,A
MEG_4273|Drugs|betalactams|Class_A_betalactamases|OKP,G,543,T
MEG_4273|Drugs|betalactams|Class_A_betalactamases|OKP,G,688,C
MEG_4273|Drugs|betalactams|Class_A_betalactamases|OKP,G,777,C
MEG_6299|Drugs|betalactams|Class_A_betalactamases|SHV,A,193,G
MEG_6299|Drugs|betalactams|Class_A_betalactamases|SHV,G,586,A
MEG_6299|Drugs|betalactams|Class_A_betalactamases|SHV,T,813,G
MEG_6299|Drugs|betalactams|Class_A_betalactamases|SHV,G,868,T
MEG_6299|Drugs|betalactams|Class_A_betalactamases|SHV,A,893,C
MEG_9591|Drugs|betalactams|Class_D_betalactamases|OXA,A,782,T
MEG_551|Drugs|betalactams|Class_C_betalactamases|ADC,G,71,A
MEG_551|Drugs|betalactams|Class_C_betalactamases|ADC,T,342,A
MEG_551|Drugs|betalactams|Class_C_betalactamases|ADC,A,373,G
MEG_551|Drugs|betalactams|Class_C_betalactamases|ADC,T,374,A
MEG_551|Drugs|betalactams|Class_C_betalactamases|ADC,A,482,T
MEG_551|Drugs|betalactams|Class_C_betalactamases|ADC,T,1068,A
MEG_5705|Drugs|betalactams|Class_C_betalactamases|PDC,C,190,T
MEG_5705|Drugs|betalactams|Class_C_betalactamases|PDC,G,606,A
MEG_5705|Drugs|betalactams|Class_C_betalactamases|PDC,C,799,G
MEG_5705|Drugs|betalactams|Class_C_betalactamases|PDC,G,814,C
MEG_5705|Drugs|betalactams|Class_C_betalactamases|PDC,A,862,C
MEG_5705|Drugs|betalactams|Class_C_betalactamases|PDC,C,936,G
MEG_10935|Drugs|betalactams|Class_A_betalactamases|KPC,T,33,C
MEG_10935|Drugs|betalactams|Class_A_betalactamases|KPC,G,343,T
MEG_10935|Drugs|betalactams|Class_A_betalactamases|KPC,T,382,C
MEG_10935|Drugs|betalactams|Class_A_betalactamases|KPC,A,485,G
MEG_10935|Drugs|betalactams|Class_A_betalactamases|KPC,G,626,C
MEG_10935|Drugs|betalactams|Class_A_betalactamases|KPC,G,715,T
MEG_10935|Drugs|betalactams|Class_A_betalactamases|KPC,A,724,T
MEG_10935|Drugs|betalactams|Class_A_betalactamases|KPC,G,795,C
MEG_9723|Drugs|betalactams|Class_D_betalactamases|OXA,T,293,C
MEG_9723|Drugs|betalactams|Class_D_betalactamases|OXA,G,514,T
MEG_9723|Drugs|betalactams|Class_D_betalactamases|OXA,G,594,C
MEG_9723|Drugs|betalactams|Class_D_betalactamases|OXA,G,636,A
MEG_11119|Drugs|betalactams|Class_D_betalactamases|OXA,C,136,T
MEG_11119|Drugs|betalactams|Class_D_betalactamases|OXA,A,175,T
MEG_11119|Drugs|betalactams|Class_D_betalactamases|OXA,T,216,C
MEG_11119|Drugs|betalactams|Class_D_betalactamases|OXA,T,416,C
MEG_11119|Drugs|betalactams|Class_D_betalactamases|OXA,A,474,T
MEG_11119|Drugs|betalactams|Class_D_betalactamases|OXA,T,498,G
MEG_11119|Drugs|betalactams|Class_D_betalactamases|OXA,A,551,T
MEG_11119|Drugs|betalactams|Class_D_betalactamases|OXA,C,562,A
MEG_11119|Drugs|betalactams|Class_D_betalactamases|OXA,A,594,C
MEG_8552|Drugs|betalactams|Class_C_betalactamases|PDC,G,203,A
MEG_8552|Drugs|betalactams|Class_C_betalactamases|PDC,G,369,T
MEG_9571|Drugs|betalactams|Class_D_betalactamases|OXA,T,90,A
MEG_9153|Drugs|betalactams|Class_C_betalactamases|PDC,G,23,C
MEG_9153|Drugs|betalactams|Class_C_betalactamases|PDC,T,365,C
MEG_9153|Drugs|betalactams|Class_C_betalactamases|PDC,T,395,C
MEG_9153|Drugs|betalactams|Class_C_betalactamases|PDC,C,411,T
MEG_9153|Drugs|betalactams|Class_C_betalactamases|PDC,G,432,C
MEG_9153|Drugs|betalactams|Class_C_betalactamases|PDC,A,446,C
MEG_9153|Drugs|betalactams|Class_C_betalactamases|PDC,A,479,G
MEG_9153|Drugs|betalactams|Class_C_betalactamases|PDC,C,564,A
MEG_9153|Drugs|betalactams|Class_C_betalactamases|PDC,G,763,T
MEG_9153|Drugs|betalactams|Class_C_betalactamases|PDC,C,811,G
MEG_8048|Drugs|betalactams|Class_A_betalactamases|CTX,G,145,C
MEG_8048|Drugs|betalactams|Class_A_betalactamases|CTX,C,313,T
MEG_8048|Drugs|betalactams|Class_A_betalactamases|CTX,C,557,A
MEG_8048|Drugs|betalactams|Class_A_betalactamases|CTX,G,594,T
MEG_8048|Drugs|betalactams|Class_A_betalactamases|CTX,A,599,T
MEG_8048|Drugs|betalactams|Class_A_betalactamases|CTX,G,622,T
MEG_8048|Drugs|betalactams|Class_A_betalactamases|CTX,A,645,T
MEG_8048|Drugs|betalactams|Class_A_betalactamases|CTX,C,673,T
MEG_2423|Drugs|betalactams|Class_A_betalactamases|CTX,C,24,G
MEG_2423|Drugs|betalactams|Class_A_betalactamases|CTX,T,58,A
MEG_2423|Drugs|betalactams|Class_A_betalactamases|CTX,G,225,A
MEG_2423|Drugs|betalactams|Class_A_betalactamases|CTX,A,315,G
MEG_2423|Drugs|betalactams|Class_A_betalactamases|CTX,C,481,G
MEG_2423|Drugs|betalactams|Class_A_betalactamases|CTX,T,656,G
MEG_2423|Drugs|betalactams|Class_A_betalactamases|CTX,T,800,C
MEG_2423|Drugs|betalactams|Class_A_betalactamases|CTX,G,883,C
MEG_2423|Drugs|betalactams|Class_A_betalactamases|CTX,A,1070,G
MEG_626|Drugs|betalactams|Class_C_betalactamases|ADC,A,568,T
MEG_626|Drugs|betalactams|Class_C_betalactamases|ADC,G,789,A
MEG_626|Drugs|betalactams|Class_C_betalactamases|ADC,G,964,C
MEG_2148|Drugs|betalactams|Class_A_betalactamases|CTX,G,409,T
MEG_2148|Drugs|betalactams|Class_A_betalactamases|CTX,A,482,G
MEG_2148|Drugs|betalactams|Class_A_betalactamases|CTX,A,598,G
MEG_2148|Drugs|betalactams|Class_A_betalactamases|CTX,C,858,G
MEG_8375|Drugs|betalactams|Class_D_betalactamases|OXA,A,140,T
MEG_8375|Drugs|betalactams|Class_D_betalactamases|OXA,C,149,A
MEG_8375|Drugs|betalactams|Class_D_betalactamases|OXA,G,317,C
MEG_8375|Drugs|betalactams|Class_D_betalactamases|OXA,T,611,G
MEG_8576|Drugs|betalactams|Class_C_betalactamases|PDC,T,56,A
MEG_8576|Drugs|betalactams|Class_C_betalactamases|PDC,G,692,T
MEG_8576|Drugs|betalactams|Class_C_betalactamases|PDC,G,814,A
MEG_8576|Drugs|betalactams|Class_C_betalactamases|PDC,C,880,A
MEG_8576|Drugs|betalactams|Class_C_betalactamases|PDC,A,940,C
MEG_8576|Drugs|betalactams|Class_C_betalactamases|PDC,C,1012,G
MEG_8576|Drugs|betalactams|Class_C_betalactamases|PDC,G,1049,C
MEG_8576|Drugs|betalactams|Class_C_betalactamases|PDC,C,1065,G
MEG_8576|Drugs|betalactams|Class_C_betalactamases|PDC,G,1129,A
MEG_9229|Drugs|betalactams|Class_C_betalactamases|ADC,A,14,T
MEG_9229|Drugs|betalactams|Class_C_betalactamases|ADC,T,171,G
MEG_9229|Drugs|betalactams|Class_C_betalactamases|ADC,G,559,A
MEG_9229|Drugs|betalactams|Class_C_betalactamases|ADC,A,682,C
MEG_9229|Drugs|betalactams|Class_C_betalactamases|ADC,C,853,T
MEG_9960|Drugs|betalactams|Class_B_betalactamases|KHM,T,48,C
MEG_9960|Drugs|betalactams|Class_B_betalactamases|KHM,A,66,C
MEG_9960|Drugs|betalactams|Class_B_betalactamases|KHM,C,279,G
MEG_9960|Drugs|betalactams|Class_B_betalactamases|KHM,A,315,T
MEG_9960|Drugs|betalactams|Class_B_betalactamases|KHM,A,409,C
MEG_9960|Drugs|betalactams|Class_B_betalactamases|KHM,A,504,G
MEG_9960|Drugs|betalactams|Class_B_betalactamases|KHM,G,507,C
MEG_9960|Drugs|betalactams|Class_B_betalactamases|KHM,T,663,G
MEG_4927|Drugs|betalactams|Class_D_betalactamases|OXA,T,61,C
MEG_4927|Drugs|betalactams|Class_D_betalactamases|OXA,A,625,G
MEG_609|Drugs|betalactams|Class_C_betalactamases|ADC,T,196,G
MEG_609|Drugs|betalactams|Class_C_betalactamases|ADC,C,661,T
MEG_609|Drugs|betalactams|Class_C_betalactamases|ADC,G,838,A
MEG_5067|Drugs|betalactams|Class_D_betalactamases|OXA,T,105,G
MEG_5067|Drugs|betalactams|Class_D_betalactamases|OXA,A,257,T
MEG_10802|Drugs|betalactams|Class_A_betalactamases|LEN,G,310,A
MEG_10802|Drugs|betalactams|Class_A_betalactamases|LEN,G,356,C
MEG_10802|Drugs|betalactams|Class_A_betalactamases|LEN,C,522,A
MEG_10802|Drugs|betalactams|Class_A_betalactamases|LEN,C,565,T
MEG_10802|Drugs|betalactams|Class_A_betalactamases|LEN,G,663,C
MEG_7952|Drugs|betalactams|Class_C_betalactamases|ADC,A,532,C
MEG_7952|Drugs|betalactams|Class_C_betalactamases|ADC,A,732,C
MEG_7952|Drugs|betalactams|Class_C_betalactamases|ADC,A,1058,C
MEG_5043|Drugs|betalactams|Class_D_betalactamases|OXA,G,338,C
MEG_5043|Drugs|betalactams|Class_D_betalactamases|OXA,G,686,T
MEG_8884|Drugs|betalactams|Class_A_betalactamases|TEM,G,111,C
MEG_8884|Drugs|betalactams|Class_A_betalactamases|TEM,T,270,C
MEG_8884|Drugs|betalactams|Class_A_betalactamases|TEM,G,553,T
MEG_8884|Drugs|betalactams|Class_A_betalactamases|TEM,T,594,A
MEG_5224|Drugs|betalactams|Class_D_betalactamases|OXA,G,308,T
MEG_4670|Drugs|betalactams|Class_D_betalactamases|OXA,G,67,A
MEG_4670|Drugs|betalactams|Class_D_betalactamases|OXA,C,146,A
MEG_4670|Drugs|betalactams|Class_D_betalactamases|OXA,C,206,A
MEG_4670|Drugs|betalactams|Class_D_betalactamases|OXA,A,525,T
MEG_396|Metals|Iron_resistance|Iron_resistance_protein|ACN,G,255,A
MEG_396|Metals|Iron_resistance|Iron_resistance_protein|ACN,T,431,G
MEG_396|Metals|Iron_resistance|Iron_resistance_protein|ACN,C,761,G
MEG_396|Metals|Iron_resistance|Iron_resistance_protein|ACN,C,1396,A
MEG_396|Metals|Iron_resistance|Iron_resistance_protein|ACN,C,1446,A
MEG_396|Metals|Iron_resistance|Iron_resistance_protein|ACN,C,1514,G
MEG_396|Metals|Iron_resistance|Iron_resistance_protein|ACN,G,1589,C
MEG_396|Metals|Iron_resistance|Iron_resistance_protein|ACN,C,1747,G
MEG_396|Metals|Iron_resistance|Iron_resistance_protein|ACN,T,1823,G
MEG_396|Metals|Iron_resistance|Iron_resistance_protein|ACN,A,2220,T
MEG_1230|Metals|Iron_resistance|Iron_resistance_protein|BFRA,A,68,C
MEG_1230|Metals|Iron_resistance|Iron_resistance_protein|BFRA,T,155,G
MEG_1230|Metals|Iron_resistance|Iron_resistance_protein|BFRA,T,260,C
MEG_3063|Metals|Iron_resistance|Iron_resistance_regulator|FURA,C,45,G
MEG_3064|Metals|Iron_resistance|Iron_resistance_regulator|FURA,C,23,A
MEG_3064|Metals|Iron_resistance|Iron_resistance_regulator|FURA,T,99,G
MEG_3064|Metals|Iron_resistance|Iron_resistance_regulator|FURA,T,327,C
MEG_3064|Metals|Iron_resistance|Iron_resistance_regulator|FURA,G,438,A
MEG_7811|Metals|Iron_resistance|Iron_resistance_protein|YBTP,C,1102,T
MEG_7812|Metals|Iron_resistance|Iron_resistance_protein|YBTQ,A,619,C
MEG_7812|Metals|Iron_resistance|Iron_resistance_protein|YBTQ,A,1295,T
MEG_11324|Metals|Arsenic_resistance|Arsenic_resistance_protein|ARSB,T,53,A
MEG_11324|Metals|Arsenic_resistance|Arsenic_resistance_protein|ARSB,A,134,T
MEG_11324|Metals|Arsenic_resistance|Arsenic_resistance_protein|ARSB,T,276,C
MEG_11324|Metals|Arsenic_resistance|Arsenic_resistance_protein|ARSB,T,345,G
MEG_11324|Metals|Arsenic_resistance|Arsenic_resistance_protein|ARSB,C,348,G
MEG_11324|Metals|Arsenic_resistance|Arsenic_resistance_protein|ARSB,A,470,C
MEG_11324|Metals|Arsenic_resistance|Arsenic_resistance_protein|ARSB,T,687,A
MEG_11324|Metals|Arsenic_resistance|Arsenic_resistance_protein|ARSB,G,745,T
MEG_11324|Metals|Arsenic_resistance|Arsenic_resistance_protein|ARSB,A,909,T
MEG_715|Metals|Arsenic_resistance|Arsenite_oxidase_regulator|AIOR,G,55,A
MEG_715|Metals|Arsenic_resistance|Arsenite_oxidase_regulator|AIOR,G,157,T
MEG_715|Metals|Arsenic_resistance|Arsenite_oxidase_regulator|AIOR,T,259,G
MEG_715|Metals|Arsenic_resistance|Arsenite_oxidase_regulator|AIOR,G,825,C
MEG_715|Metals|Arsenic_resistance|Arsenite_oxidase_regulator|AIOR,T,873,C
MEG_715|Metals|Arsenic_resistance|Arsenite_oxidase_regulator|AIOR,G,1042,T
MEG_715|Metals|Arsenic_resistance|Arsenite_oxidase_regulator|AIOR,C,1120,A
MEG_11326|Metals|Arsenic_resistance|Arsenic_resistance_protein|ARSB,A,39,G
MEG_11326|Metals|Arsenic_resistance|Arsenic_resistance_protein|ARSB,A,96,C
MEG_11326|Metals|Arsenic_resistance|Arsenic_resistance_protein|ARSB,A,213,G
MEG_11326|Metals|Arsenic_resistance|Arsenic_resistance_protein|ARSB,A,391,G
MEG_11326|Metals|Arsenic_resistance|Arsenic_resistance_protein|ARSB,A,465,T
MEG_11326|Metals|Arsenic_resistance|Arsenic_resistance_protein|ARSB,T,496,C
MEG_11326|Metals|Arsenic_resistance|Arsenic_resistance_protein|ARSB,T,684,A
MEG_11326|Metals|Arsenic_resistance|Arsenic_resistance_protein|ARSB,T,725,G
MEG_11326|Metals|Arsenic_resistance|Arsenic_resistance_protein|ARSB,G,748,T
MEG_1145|Metals|Arsenic_resistance|Arsenic_resistance_protein|ARSB,C,173,G
MEG_1145|Metals|Arsenic_resistance|Arsenic_resistance_protein|ARSB,C,360,T
MEG_1145|Metals|Arsenic_resistance|Arsenic_resistance_protein|ARSB,G,797,C
MEG_1145|Metals|Arsenic_resistance|Arsenic_resistance_protein|ARSB,C,833,G
MEG_11329|Metals|Arsenic_resistance|Arsenic_resistance_protein|ARSD,C,45,T
MEG_11329|Metals|Arsenic_resistance|Arsenic_resistance_protein|ARSD,G,114,T
MEG_11329|Metals|Arsenic_resistance|Arsenic_resistance_protein|ARSD,C,158,T
MEG_11329|Metals|Arsenic_resistance|Arsenic_resistance_protein|ARSD,T,233,C
MEG_11362|Metals|Arsenic_resistance|Arsenic_resistance_N-acetyltransferases|ARSN2,G,260,A
MEG_11362|Metals|Arsenic_resistance|Arsenic_resistance_N-acetyltransferases|ARSN2,T,382,G
MEG_1160|Metals|Arsenic_resistance|Arsenic_resistance_protein|ARSC,A,215,T
MEG_1160|Metals|Arsenic_resistance|Arsenic_resistance_protein|ARSC,C,234,A
MEG_1160|Metals|Arsenic_resistance|Arsenic_resistance_protein|ARSC,G,239,T
MEG_11332|Metals|Arsenic_resistance|Arsenic_resistance_regulator|ARSR,A,31,T
MEG_11332|Metals|Arsenic_resistance|Arsenic_resistance_regulator|ARSR,A,295,C
MEG_1173|Metals|Arsenic_resistance|Arsenic_resistance_regulator|ARSR,A,24,C
MEG_1173|Metals|Arsenic_resistance|Arsenic_resistance_regulator|ARSR,C,135,G
MEG_1173|Metals|Arsenic_resistance|Arsenic_resistance_regulator|ARSR,G,291,C
MEG_1173|Metals|Arsenic_resistance|Arsenic_resistance_regulator|ARSR,A,340,G
MEG_1173|Metals|Arsenic_resistance|Arsenic_resistance_regulator|ARSR,T,351,G
MEG_11331|Metals|Arsenic_resistance|Arsenic_resistance_regulator|ARSR,G,72,A
MEG_11331|Metals|Arsenic_resistance|Arsenic_resistance_regulator|ARSR,C,125,A
MEG_11331|Metals|Arsenic_resistance|Arsenic_resistance_regulator|ARSR,T,239,G
MEG_11331|Metals|Arsenic_resistance|Arsenic_resistance_regulator|ARSR,T,264,A
MEG_11331|Metals|Arsenic_resistance|Arsenic_resistance_regulator|ARSR,A,275,C
MEG_11331|Metals|Arsenic_resistance|Arsenic_resistance_regulator|ARSR,C,279,T
MEG_11331|Metals|Arsenic_resistance|Arsenic_resistance_regulator|ARSR,A,292,C
MEG_11331|Metals|Arsenic_resistance|Arsenic_resistance_regulator|ARSR,G,329,A
MEG_11323|Metals|Arsenic_resistance|Arsenic_resistance_protein|ARSB,A,52,T
MEG_11323|Metals|Arsenic_resistance|Arsenic_resistance_protein|ARSB,T,111,A
MEG_11323|Metals|Arsenic_resistance|Arsenic_resistance_protein|ARSB,A,561,G
MEG_11323|Metals|Arsenic_resistance|Arsenic_resistance_protein|ARSB,A,606,C
MEG_11323|Metals|Arsenic_resistance|Arsenic_resistance_protein|ARSB,T,654,A
MEG_11325|Metals|Arsenic_resistance|Arsenic_resistance_protein|ARSB,C,316,G
MEG_11325|Metals|Arsenic_resistance|Arsenic_resistance_protein|ARSB,G,389,A
MEG_11325|Metals|Arsenic_resistance|Arsenic_resistance_protein|ARSB,A,474,G
MEG_5815|Metals|Arsenic_resistance|Arsenic_resistance_protein|PSTC,C,121,A
MEG_5815|Metals|Arsenic_resistance|Arsenic_resistance_protein|PSTC,G,157,C
MEG_5815|Metals|Arsenic_resistance|Arsenic_resistance_protein|PSTC,G,571,C
MEG_5815|Metals|Arsenic_resistance|Arsenic_resistance_protein|PSTC,G,591,A
MEG_5815|Metals|Arsenic_resistance|Arsenic_resistance_protein|PSTC,G,648,T
MEG_5815|Metals|Arsenic_resistance|Arsenic_resistance_protein|PSTC,C,753,A
MEG_5815|Metals|Arsenic_resistance|Arsenic_resistance_protein|PSTC,A,754,C
MEG_5815|Metals|Arsenic_resistance|Arsenic_resistance_protein|PSTC,G,876,T
MEG_398|Metals|Arsenic_resistance|Arsenic_resistance_membrane_transporter|ACR3,T,479,C
MEG_398|Metals|Arsenic_resistance|Arsenic_resistance_membrane_transporter|ACR3,T,732,A
MEG_398|Metals|Arsenic_resistance|Arsenic_resistance_membrane_transporter|ACR3,T,969,C
MEG_11363|Metals|Arsenic_resistance|Arsenic_resistance_N-acetyltransferases|ARSN2,C,52,G
MEG_11363|Metals|Arsenic_resistance|Arsenic_resistance_N-acetyltransferases|ARSN2,A,86,C
MEG_11363|Metals|Arsenic_resistance|Arsenic_resistance_N-acetyltransferases|ARSN2,G,204,A
MEG_11363|Metals|Arsenic_resistance|Arsenic_resistance_N-acetyltransferases|ARSN2,G,229,A
MEG_11363|Metals|Arsenic_resistance|Arsenic_resistance_N-acetyltransferases|ARSN2,C,330,A
MEG_713|Metals|Arsenic_resistance|Arsenite_oxidase|AIOB,A,111,T
MEG_713|Metals|Arsenic_resistance|Arsenite_oxidase|AIOB,G,148,T
MEG_713|Metals|Arsenic_resistance|Arsenite_oxidase|AIOB,A,343,C
MEG_713|Metals|Arsenic_resistance|Arsenite_oxidase|AIOB,A,386,C
MEG_713|Metals|Arsenic_resistance|Arsenite_oxidase|AIOB,C,490,G
MEG_11328|Metals|Arsenic_resistance|Arsenic_resistance_protein|ARSD,G,111,T
MEG_11328|Metals|Arsenic_resistance|Arsenic_resistance_protein|ARSD,T,120,G
MEG_11328|Metals|Arsenic_resistance|Arsenic_resistance_protein|ARSD,T,185,G
MEG_11328|Metals|Arsenic_resistance|Arsenic_resistance_protein|ARSD,T,286,G
MEG_11360|Metals|Arsenic_resistance|Arsenic_resistance_N-acetyltransferases|ARSN2,T,37,A
MEG_11360|Metals|Arsenic_resistance|Arsenic_resistance_N-acetyltransferases|ARSN2,G,65,T
MEG_11360|Metals|Arsenic_resistance|Arsenic_resistance_N-acetyltransferases|ARSN2,G,253,C
MEG_11360|Metals|Arsenic_resistance|Arsenic_resistance_N-acetyltransferases|ARSN2,T,307,A
MEG_11360|Metals|Arsenic_resistance|Arsenic_resistance_N-acetyltransferases|ARSN2,C,395,A
MEG_11330|Metals|Arsenic_resistance|Arsenic_resistance_protein|ARSD,T,15,G
MEG_11330|Metals|Arsenic_resistance|Arsenic_resistance_protein|ARSD,G,87,T
MEG_11330|Metals|Arsenic_resistance|Arsenic_resistance_protein|ARSD,A,105,C
MEG_11330|Metals|Arsenic_resistance|Arsenic_resistance_protein|ARSD,A,129,T
MEG_11330|Metals|Arsenic_resistance|Arsenic_resistance_protein|ARSD,A,202,G
MEG_11330|Metals|Arsenic_resistance|Arsenic_resistance_protein|ARSD,A,243,C
MEG_11330|Metals|Arsenic_resistance|Arsenic_resistance_protein|ARSD,C,269,T
MEG_11330|Metals|Arsenic_resistance|Arsenic_resistance_protein|ARSD,A,278,C
MEG_11365|Metals|Arsenic_resistance|Arsenic_resistance_N-acetyltransferases|ARSN2,A,19,T
MEG_11365|Metals|Arsenic_resistance|Arsenic_resistance_N-acetyltransferases|ARSN2,G,134,C
MEG_11365|Metals|Arsenic_resistance|Arsenic_resistance_N-acetyltransferases|ARSN2,C,147,T
MEG_11365|Metals|Arsenic_resistance|Arsenic_resistance_N-acetyltransferases|ARSN2,G,160,A
MEG_11365|Metals|Arsenic_resistance|Arsenic_resistance_N-acetyltransferases|ARSN2,C,162,T
MEG_11365|Metals|Arsenic_resistance|Arsenic_resistance_N-acetyltransferases|ARSN2,C,316,G
MEG_11365|Metals|Arsenic_resistance|Arsenic_resistance_N-acetyltransferases|ARSN2,C,342,A
MEG_11365|Metals|Arsenic_resistance|Arsenic_resistance_N-acetyltransferases|ARSN2,C,382,A
MEG_11364|Metals|Arsenic_resistance|Arsenic_resistance_N-acetyltransferases|ARSN2,G,343,A
MEG_716|Metals|Arsenic_resistance|Arsenite_oxidase_regulator|AIOS,C,314,T
MEG_716|Metals|Arsenic_resistance|Arsenite_oxidase_regulator|AIOS,T,384,A
MEG_716|Metals|Arsenic_resistance|Arsenite_oxidase_regulator|AIOS,G,694,T
MEG_716|Metals|Arsenic_resistance|Arsenite_oxidase_regulator|AIOS,G,1036,A
MEG_716|Metals|Arsenic_resistance|Arsenite_oxidase_regulator|AIOS,C,1095,G
MEG_716|Metals|Arsenic_resistance|Arsenite_oxidase_regulator|AIOS,T,1433,A
MEG_716|Metals|Arsenic_resistance|Arsenite_oxidase_regulator|AIOS,G,1444,C
MEG_5813|Metals|Arsenic_resistance|Arsenic_resistance_protein|PSTA,G,238,A
MEG_5813|Metals|Arsenic_resistance|Arsenic_resistance_protein|PSTA,G,475,T
MEG_5813|Metals|Arsenic_resistance|Arsenic_resistance_protein|PSTA,T,602,C
MEG_1159|Metals|Arsenic_resistance|Arsenic_resistance_protein|ARSC,A,395,T
MEG_1159|Metals|Arsenic_resistance|Arsenic_resistance_protein|ARSC,G,414,T
MEG_1159|Metals|Arsenic_resistance|Arsenic_resistance_protein|ARSC,T,418,A
MEG_1172|Metals|Arsenic_resistance|Arsenic_resistance_regulator|ARSR,A,90,C
MEG_1172|Metals|Arsenic_resistance|Arsenic_resistance_regulator|ARSR,T,117,C
MEG_1172|Metals|Arsenic_resistance|Arsenic_resistance_regulator|ARSR,C,209,G
MEG_1172|Metals|Arsenic_resistance|Arsenic_resistance_regulator|ARSR,T,287,C
MEG_1172|Metals|Arsenic_resistance|Arsenic_resistance_regulator|ARSR,A,292,T
MEG_5817|Metals|Arsenic_resistance|Arsenic_resistance_protein|PSTS,G,31,C
MEG_5817|Metals|Arsenic_resistance|Arsenic_resistance_protein|PSTS,T,603,C
MEG_5817|Metals|Arsenic_resistance|Arsenic_resistance_protein|PSTS,G,769,C
MEG_5817|Metals|Arsenic_resistance|Arsenic_resistance_protein|PSTS,C,821,T
MEG_5817|Metals|Arsenic_resistance|Arsenic_resistance_protein|PSTS,G,911,C
MEG_5817|Metals|Arsenic_resistance|Arsenic_resistance_protein|PSTS,A,922,G
MEG_5817|Metals|Arsenic_resistance|Arsenic_resistance_protein|PSTS,G,955,T
MEG_5817|Metals|Arsenic_resistance|Arsenic_resistance_protein|PSTS,A,975,G
MEG_5817|Metals|Arsenic_resistance|Arsenic_resistance_protein|PSTS,T,993,A
MEG_1157|Metals|Arsenic_resistance|Arsenic_resistance_protein|ARSC,A,214,G
MEG_1157|Metals|Arsenic_resistance|Arsenic_resistance_protein|ARSC,T,234,A
MEG_1157|Metals|Arsenic_resistance|Arsenic_resistance_protein|ARSC,T,383,C
MEG_1170|Metals|Arsenic_resistance|Arsenic_resistance_protein|ARSP,A,183,G
MEG_1170|Metals|Arsenic_resistance|Arsenic_resistance_protein|ARSP,T,294,G
MEG_1170|Metals|Arsenic_resistance|Arsenic_resistance_protein|ARSP,C,459,T
MEG_1170|Metals|Arsenic_resistance|Arsenic_resistance_protein|ARSP,A,500,T
MEG_1170|Metals|Arsenic_resistance|Arsenic_resistance_protein|ARSP,A,522,T
MEG_1170|Metals|Arsenic_resistance|Arsenic_resistance_protein|ARSP,T,848,G
MEG_1170|Metals|Arsenic_resistance|Arsenic_resistance_protein|ARSP,A,870,G
MEG_1170|Metals|Arsenic_resistance|Arsenic_resistance_protein|ARSP,A,937,T
MEG_1156|Metals|Arsenic_resistance|Arsenic_resistance_protein|ARSC,C,137,A
MEG_1156|Metals|Arsenic_resistance|Arsenic_resistance_protein|ARSC,C,138,G
MEG_1156|Metals|Arsenic_resistance|Arsenic_resistance_protein|ARSC,A,354,G
MEG_1165|Metals|Arsenic_resistance|Arsenic_resistance_protein|ARSD,A,83,C
MEG_1165|Metals|Arsenic_resistance|Arsenic_resistance_protein|ARSD,T,85,G
MEG_1165|Metals|Arsenic_resistance|Arsenic_resistance_protein|ARSD,T,201,A
MEG_1165|Metals|Arsenic_resistance|Arsenic_resistance_protein|ARSD,G,247,T
MEG_1165|Metals|Arsenic_resistance|Arsenic_resistance_protein|ARSD,T,251,C
MEG_1165|Metals|Arsenic_resistance|Arsenic_resistance_protein|ARSD,G,359,C
MEG_5814|Metals|Arsenic_resistance|Arsenic_resistance_protein|PSTB,A,43,T
MEG_5814|Metals|Arsenic_resistance|Arsenic_resistance_protein|PSTB,T,133,G
MEG_5814|Metals|Arsenic_resistance|Arsenic_resistance_protein|PSTB,G,143,C
MEG_5814|Metals|Arsenic_resistance|Arsenic_resistance_protein|PSTB,G,340,A
MEG_5814|Metals|Arsenic_resistance|Arsenic_resistance_protein|PSTB,G,419,C
MEG_5814|Metals|Arsenic_resistance|Arsenic_resistance_protein|PSTB,C,494,A
MEG_5814|Metals|Arsenic_resistance|Arsenic_resistance_protein|PSTB,T,510,C
MEG_5814|Metals|Arsenic_resistance|Arsenic_resistance_protein|PSTB,T,524,A
MEG_5814|Metals|Arsenic_resistance|Arsenic_resistance_protein|PSTB,C,668,G
MEG_5814|Metals|Arsenic_resistance|Arsenic_resistance_protein|PSTB,A,754,T
MEG_11252|Metals|Arsenic_resistance|Arsenic_resistance_regulator|ARSR,T,56,C
MEG_11252|Metals|Arsenic_resistance|Arsenic_resistance_regulator|ARSR,G,82,C
MEG_11252|Metals|Arsenic_resistance|Arsenic_resistance_regulator|ARSR,T,92,A
MEG_11252|Metals|Arsenic_resistance|Arsenic_resistance_regulator|ARSR,C,139,T
MEG_11252|Metals|Arsenic_resistance|Arsenic_resistance_regulator|ARSR,C,184,A
MEG_11252|Metals|Arsenic_resistance|Arsenic_resistance_regulator|ARSR,G,238,A
MEG_11252|Metals|Arsenic_resistance|Arsenic_resistance_regulator|ARSR,A,263,G
MEG_11252|Metals|Arsenic_resistance|Arsenic_resistance_regulator|ARSR,C,308,G
MEG_11252|Metals|Arsenic_resistance|Arsenic_resistance_regulator|ARSR,A,321,C
MEG_5816|Metals|Arsenic_resistance|Arsenic_resistance_protein|PSTS,A,152,C
MEG_5816|Metals|Arsenic_resistance|Arsenic_resistance_protein|PSTS,C,175,A
MEG_5816|Metals|Arsenic_resistance|Arsenic_resistance_protein|PSTS,T,590,G
MEG_5816|Metals|Arsenic_resistance|Arsenic_resistance_protein|PSTS,T,930,A
MEG_5816|Metals|Arsenic_resistance|Arsenic_resistance_protein|PSTS,G,943,A
MEG_1146|Metals|Arsenic_resistance|Arsenic_resistance_protein|ARSB,T,96,A
MEG_1146|Metals|Arsenic_resistance|Arsenic_resistance_protein|ARSB,C,139,T
MEG_1146|Metals|Arsenic_resistance|Arsenic_resistance_protein|ARSB,C,274,A
MEG_1146|Metals|Arsenic_resistance|Arsenic_resistance_protein|ARSB,G,339,T
MEG_1146|Metals|Arsenic_resistance|Arsenic_resistance_protein|ARSB,A,548,G
MEG_1146|Metals|Arsenic_resistance|Arsenic_resistance_protein|ARSB,A,559,G
MEG_1146|Metals|Arsenic_resistance|Arsenic_resistance_protein|ARSB,A,614,T
MEG_1146|Metals|Arsenic_resistance|Arsenic_resistance_protein|ARSB,T,688,A
MEG_1146|Metals|Arsenic_resistance|Arsenic_resistance_protein|ARSB,C,761,A
MEG_1146|Metals|Arsenic_resistance|Arsenic_resistance_protein|ARSB,T,1021,G
MEG_1154|Metals|Arsenic_resistance|Arsenic_resistance_protein|ARSC,A,1,C
MEG_1154|Metals|Arsenic_resistance|Arsenic_resistance_protein|ARSC,C,152,A
MEG_1154|Metals|Arsenic_resistance|Arsenic_resistance_protein|ARSC,T,196,C
MEG_1154|Metals|Arsenic_resistance|Arsenic_resistance_protein|ARSC,A,211,T
MEG_1154|Metals|Arsenic_resistance|Arsenic_resistance_protein|ARSC,T,275,G
MEG_1154|Metals|Arsenic_resistance|Arsenic_resistance_protein|ARSC,G,304,A
MEG_1154|Metals|Arsenic_resistance|Arsenic_resistance_protein|ARSC,A,386,G
MEG_1141|Metals|Arsenic_resistance|Arsenic_resistance_protein|ARRB,G,50,A
MEG_1141|Metals|Arsenic_resistance|Arsenic_resistance_protein|ARRB,C,174,T
MEG_1141|Metals|Arsenic_resistance|Arsenic_resistance_protein|ARRB,T,210,C
MEG_1141|Metals|Arsenic_resistance|Arsenic_resistance_protein|ARRB,G,358,T
MEG_1141|Metals|Arsenic_resistance|Arsenic_resistance_protein|ARRB,C,659,A
MEG_1141|Metals|Arsenic_resistance|Arsenic_resistance_protein|ARRB,A,694,T
MEG_712|Metals|Arsenic_resistance|Arsenite_oxidase|AIOA,C,848,T
MEG_714|Metals|Arsenic_resistance|Arsenite_oxidase|AIOE,C,189,G
MEG_714|Metals|Arsenic_resistance|Arsenite_oxidase|AIOE,G,390,T
MEG_714|Metals|Arsenic_resistance|Arsenite_oxidase|AIOE,A,396,C
MEG_714|Metals|Arsenic_resistance|Arsenite_oxidase|AIOE,C,504,T
MEG_714|Metals|Arsenic_resistance|Arsenite_oxidase|AIOE,C,557,T
MEG_714|Metals|Arsenic_resistance|Arsenite_oxidase|AIOE,A,902,C
MEG_714|Metals|Arsenic_resistance|Arsenite_oxidase|AIOE,G,910,C
MEG_714|Metals|Arsenic_resistance|Arsenite_oxidase|AIOE,A,929,G
MEG_714|Metals|Arsenic_resistance|Arsenite_oxidase|AIOE,A,930,C
MEG_711|Metals|Arsenic_resistance|Arsenite_oxidase|AIOA,G,457,A
MEG_711|Metals|Arsenic_resistance|Arsenite_oxidase|AIOA,G,1282,T
MEG_711|Metals|Arsenic_resistance|Arsenite_oxidase|AIOA,C,1642,A
MEG_711|Metals|Arsenic_resistance|Arsenite_oxidase|AIOA,C,1836,A
MEG_711|Metals|Arsenic_resistance|Arsenite_oxidase|AIOA,T,1851,G
MEG_711|Metals|Arsenic_resistance|Arsenite_oxidase|AIOA,T,2128,C
MEG_711|Metals|Arsenic_resistance|Arsenite_oxidase|AIOA,G,2419,A
MEG_11361|Metals|Arsenic_resistance|Arsenic_resistance_N-acetyltransferases|ARSN2,G,154,A
MEG_11361|Metals|Arsenic_resistance|Arsenic_resistance_N-acetyltransferases|ARSN2,T,268,A
MEG_11361|Metals|Arsenic_resistance|Arsenic_resistance_N-acetyltransferases|ARSN2,G,320,T
MEG_11361|Metals|Arsenic_resistance|Arsenic_resistance_N-acetyltransferases|ARSN2,T,335,C
MEG_11361|Metals|Arsenic_resistance|Arsenic_resistance_N-acetyltransferases|ARSN2,T,467,A
MEG_3750|Multi-compound|Drug_and_biocide_and_metal_resistance|Drug_and_biocide_and_metal_RND_efflux_pumps|MDTC,G,923,A
MEG_3750|Multi-compound|Drug_and_biocide_and_metal_resistance|Drug_and_biocide_and_metal_RND_efflux_pumps|MDTC,G,1459,A
MEG_3750|Multi-compound|Drug_and_biocide_and_metal_resistance|Drug_and_biocide_and_metal_RND_efflux_pumps|MDTC,A,1694,G
MEG_3750|Multi-compound|Drug_and_biocide_and_metal_resistance|Drug_and_biocide_and_metal_RND_efflux_pumps|MDTC,A,1905,G
MEG_3750|Multi-compound|Drug_and_biocide_and_metal_resistance|Drug_and_biocide_and_metal_RND_efflux_pumps|MDTC,A,1985,C
MEG_3750|Multi-compound|Drug_and_biocide_and_metal_resistance|Drug_and_biocide_and_metal_RND_efflux_pumps|MDTC,C,2580,G
MEG_3750|Multi-compound|Drug_and_biocide_and_metal_resistance|Drug_and_biocide_and_metal_RND_efflux_pumps|MDTC,T,2624,G
MEG_3741|Multi-compound|Drug_and_biocide_and_metal_resistance|Drug_and_biocide_and_metal_MFS_efflux_pumps|MDRL,T,55,G
MEG_3132|Multi-compound|Drug_and_biocide_and_metal_resistance|Drug_and_biocide_and_metal_RND_efflux_pumps|GESA,G,427,A
MEG_3132|Multi-compound|Drug_and_biocide_and_metal_resistance|Drug_and_biocide_and_metal_RND_efflux_pumps|GESA,C,1132,A
MEG_1740|Multi-compound|Drug_and_biocide_and_metal_resistance|Drug_and_biocide_and_metal_RND_efflux_pumps|CMEB,T,1484,A
MEG_1740|Multi-compound|Drug_and_biocide_and_metal_resistance|Drug_and_biocide_and_metal_RND_efflux_pumps|CMEB,G,1696,T
MEG_1740|Multi-compound|Drug_and_biocide_and_metal_resistance|Drug_and_biocide_and_metal_RND_efflux_pumps|CMEB,C,2226,T
MEG_1740|Multi-compound|Drug_and_biocide_and_metal_resistance|Drug_and_biocide_and_metal_RND_efflux_pumps|CMEB,T,2504,A
MEG_1740|Multi-compound|Drug_and_biocide_and_metal_resistance|Drug_and_biocide_and_metal_RND_efflux_pumps|CMEB,T,2585,G
MEG_1740|Multi-compound|Drug_and_biocide_and_metal_resistance|Drug_and_biocide_and_metal_RND_efflux_pumps|CMEB,A,2676,T
MEG_1740|Multi-compound|Drug_and_biocide_and_metal_resistance|Drug_and_biocide_and_metal_RND_efflux_pumps|CMEB,C,2771,T
MEG_3134|Multi-compound|Drug_and_biocide_and_metal_resistance|Drug_and_biocide_and_metal_RND_efflux_pumps|GESC,A,1092,C
MEG_3134|Multi-compound|Drug_and_biocide_and_metal_resistance|Drug_and_biocide_and_metal_RND_efflux_pumps|GESC,T,1217,C
MEG_3134|Multi-compound|Drug_and_biocide_and_metal_resistance|Drug_and_biocide_and_metal_RND_efflux_pumps|GESC,G,1295,C
MEG_1747|Multi-compound|Drug_and_biocide_and_metal_resistance|Drug_and_biocide_and_metal_RND_efflux_regulator|CMER,A,388,C
MEG_1191|Multi-compound|Drug_and_biocide_and_metal_resistance|Drug_and_biocide_and_metal_RND_efflux_regulator|BAER,G,277,T
MEG_1191|Multi-compound|Drug_and_biocide_and_metal_resistance|Drug_and_biocide_and_metal_RND_efflux_regulator|BAER,C,513,A
MEG_1191|Multi-compound|Drug_and_biocide_and_metal_resistance|Drug_and_biocide_and_metal_RND_efflux_regulator|BAER,A,559,C
MEG_1191|Multi-compound|Drug_and_biocide_and_metal_resistance|Drug_and_biocide_and_metal_RND_efflux_regulator|BAER,C,564,G
MEG_1191|Multi-compound|Drug_and_biocide_and_metal_resistance|Drug_and_biocide_and_metal_RND_efflux_regulator|BAER,A,569,C
MEG_1191|Multi-compound|Drug_and_biocide_and_metal_resistance|Drug_and_biocide_and_metal_RND_efflux_regulator|BAER,A,633,T
MEG_1745|Multi-compound|Drug_and_biocide_and_metal_resistance|Drug_and_biocide_and_metal_RND_efflux_pumps|CMEF,A,358,C
MEG_1745|Multi-compound|Drug_and_biocide_and_metal_resistance|Drug_and_biocide_and_metal_RND_efflux_pumps|CMEF,A,468,T
MEG_1745|Multi-compound|Drug_and_biocide_and_metal_resistance|Drug_and_biocide_and_metal_RND_efflux_pumps|CMEF,G,481,T
MEG_1745|Multi-compound|Drug_and_biocide_and_metal_resistance|Drug_and_biocide_and_metal_RND_efflux_pumps|CMEF,T,698,G
MEG_1745|Multi-compound|Drug_and_biocide_and_metal_resistance|Drug_and_biocide_and_metal_RND_efflux_pumps|CMEF,A,1414,G
MEG_1745|Multi-compound|Drug_and_biocide_and_metal_resistance|Drug_and_biocide_and_metal_RND_efflux_pumps|CMEF,A,1822,G
MEG_1745|Multi-compound|Drug_and_biocide_and_metal_resistance|Drug_and_biocide_and_metal_RND_efflux_pumps|CMEF,T,1952,C
MEG_1745|Multi-compound|Drug_and_biocide_and_metal_resistance|Drug_and_biocide_and_metal_RND_efflux_pumps|CMEF,A,2254,G
MEG_1745|Multi-compound|Drug_and_biocide_and_metal_resistance|Drug_and_biocide_and_metal_RND_efflux_pumps|CMEF,T,2532,C
MEG_1745|Multi-compound|Drug_and_biocide_and_metal_resistance|Drug_and_biocide_and_metal_RND_efflux_pumps|CMEF,T,2648,G
MEG_1738|Multi-compound|Drug_and_biocide_and_metal_resistance|Drug_and_biocide_and_metal_RND_efflux_pumps|CMEA,T,167,G
MEG_1738|Multi-compound|Drug_and_biocide_and_metal_resistance|Drug_and_biocide_and_metal_RND_efflux_pumps|CMEA,A,922,C
MEG_406|Multi-compound|Drug_and_biocide_and_metal_resistance|Drug_and_biocide_and_metal_RND_efflux_pumps|ACRD,A,260,C
MEG_406|Multi-compound|Drug_and_biocide_and_metal_resistance|Drug_and_biocide_and_metal_RND_efflux_pumps|ACRD,A,276,C
MEG_406|Multi-compound|Drug_and_biocide_and_metal_resistance|Drug_and_biocide_and_metal_RND_efflux_pumps|ACRD,C,501,T
MEG_406|Multi-compound|Drug_and_biocide_and_metal_resistance|Drug_and_biocide_and_metal_RND_efflux_pumps|ACRD,C,626,A
MEG_406|Multi-compound|Drug_and_biocide_and_metal_resistance|Drug_and_biocide_and_metal_RND_efflux_pumps|ACRD,A,827,C
MEG_406|Multi-compound|Drug_and_biocide_and_metal_resistance|Drug_and_biocide_and_metal_RND_efflux_pumps|ACRD,T,1441,A
MEG_406|Multi-compound|Drug_and_biocide_and_metal_resistance|Drug_and_biocide_and_metal_RND_efflux_pumps|ACRD,C,2168,A
MEG_406|Multi-compound|Drug_and_biocide_and_metal_resistance|Drug_and_biocide_and_metal_RND_efflux_pumps|ACRD,G,2269,T
MEG_3749|Multi-compound|Drug_and_biocide_and_metal_resistance|Drug_and_biocide_and_metal_RND_efflux_pumps|MDTC,A,645,T
MEG_1737|Multi-compound|Drug_and_biocide_and_metal_resistance|Drug_and_biocide_and_metal_RND_efflux_pumps|CMEA,A,9,T
MEG_1737|Multi-compound|Drug_and_biocide_and_metal_resistance|Drug_and_biocide_and_metal_RND_efflux_pumps|CMEA,A,474,C
MEG_1737|Multi-compound|Drug_and_biocide_and_metal_resistance|Drug_and_biocide_and_metal_RND_efflux_pumps|CMEA,T,840,A
MEG_3747|Multi-compound|Drug_and_biocide_and_metal_resistance|Drug_and_biocide_and_metal_RND_efflux_pumps|MDTB,C,43,T
MEG_3747|Multi-compound|Drug_and_biocide_and_metal_resistance|Drug_and_biocide_and_metal_RND_efflux_pumps|MDTB,C,618,G
MEG_3747|Multi-compound|Drug_and_biocide_and_metal_resistance|Drug_and_biocide_and_metal_RND_efflux_pumps|MDTB,G,898,C
MEG_3747|Multi-compound|Drug_and_biocide_and_metal_resistance|Drug_and_biocide_and_metal_RND_efflux_pumps|MDTB,T,988,G
MEG_3747|Multi-compound|Drug_and_biocide_and_metal_resistance|Drug_and_biocide_and_metal_RND_efflux_pumps|MDTB,A,1304,G
MEG_3747|Multi-compound|Drug_and_biocide_and_metal_resistance|Drug_and_biocide_and_metal_RND_efflux_pumps|MDTB,G,1783,C
MEG_3747|Multi-compound|Drug_and_biocide_and_metal_resistance|Drug_and_biocide_and_metal_RND_efflux_pumps|MDTB,A,2088,T
MEG_3747|Multi-compound|Drug_and_biocide_and_metal_resistance|Drug_and_biocide_and_metal_RND_efflux_pumps|MDTB,G,2707,C
MEG_3747|Multi-compound|Drug_and_biocide_and_metal_resistance|Drug_and_biocide_and_metal_RND_efflux_pumps|MDTB,C,2784,T
MEG_3747|Multi-compound|Drug_and_biocide_and_metal_resistance|Drug_and_biocide_and_metal_RND_efflux_pumps|MDTB,C,2917,G
MEG_1195|Multi-compound|Drug_and_biocide_and_metal_resistance|Drug_and_biocide_and_metal_RND_efflux_regulator|BAES,C,484,A
MEG_1193|Multi-compound|Drug_and_biocide_and_metal_resistance|Drug_and_biocide_and_metal_RND_efflux_regulator|BAES,C,157,G
MEG_1193|Multi-compound|Drug_and_biocide_and_metal_resistance|Drug_and_biocide_and_metal_RND_efflux_regulator|BAES,G,1327,C
MEG_3133|Multi-compound|Drug_and_biocide_and_metal_resistance|Drug_and_biocide_and_metal_RND_efflux_pumps|GESB,C,322,A
MEG_3133|Multi-compound|Drug_and_biocide_and_metal_resistance|Drug_and_biocide_and_metal_RND_efflux_pumps|GESB,A,850,G
MEG_3133|Multi-compound|Drug_and_biocide_and_metal_resistance|Drug_and_biocide_and_metal_RND_efflux_pumps|GESB,T,906,A
MEG_3133|Multi-compound|Drug_and_biocide_and_metal_resistance|Drug_and_biocide_and_metal_RND_efflux_pumps|GESB,T,1241,G
MEG_3133|Multi-compound|Drug_and_biocide_and_metal_resistance|Drug_and_biocide_and_metal_RND_efflux_pumps|GESB,G,1543,C
MEG_3133|Multi-compound|Drug_and_biocide_and_metal_resistance|Drug_and_biocide_and_metal_RND_efflux_pumps|GESB,G,2028,A
MEG_3133|Multi-compound|Drug_and_biocide_and_metal_resistance|Drug_and_biocide_and_metal_RND_efflux_pumps|GESB,C,2516,A
MEG_3133|Multi-compound|Drug_and_biocide_and_metal_resistance|Drug_and_biocide_and_metal_RND_efflux_pumps|GESB,C,2989,A
MEG_3133|Multi-compound|Drug_and_biocide_and_metal_resistance|Drug_and_biocide_and_metal_RND_efflux_pumps|GESB,A,3001,T
MEG_10013|Multi-compound|Drug_and_biocide_and_metal_resistance|Drug_and_biocide_and_metal_RND_efflux_regulator|BAES,G,204,C
MEG_10013|Multi-compound|Drug_and_biocide_and_metal_resistance|Drug_and_biocide_and_metal_RND_efflux_regulator|BAES,G,262,A
MEG_10013|Multi-compound|Drug_and_biocide_and_metal_resistance|Drug_and_biocide_and_metal_RND_efflux_regulator|BAES,T,414,A
MEG_10013|Multi-compound|Drug_and_biocide_and_metal_resistance|Drug_and_biocide_and_metal_RND_efflux_regulator|BAES,C,492,G
MEG_10013|Multi-compound|Drug_and_biocide_and_metal_resistance|Drug_and_biocide_and_metal_RND_efflux_regulator|BAES,T,621,A
MEG_10013|Multi-compound|Drug_and_biocide_and_metal_resistance|Drug_and_biocide_and_metal_RND_efflux_regulator|BAES,G,687,A
MEG_10013|Multi-compound|Drug_and_biocide_and_metal_resistance|Drug_and_biocide_and_metal_RND_efflux_regulator|BAES,A,878,T
MEG_10013|Multi-compound|Drug_and_biocide_and_metal_resistance|Drug_and_biocide_and_metal_RND_efflux_regulator|BAES,G,943,A
MEG_10013|Multi-compound|Drug_and_biocide_and_metal_resistance|Drug_and_biocide_and_metal_RND_efflux_regulator|BAES,A,959,T
MEG_1742|Multi-compound|Drug_and_biocide_and_metal_resistance|Drug_and_biocide_and_metal_RND_efflux_pumps|CMEC,A,1251,G
MEG_405|Multi-compound|Drug_and_biocide_and_metal_resistance|Drug_and_biocide_and_metal_RND_efflux_pumps|ACRD,C,721,T
MEG_405|Multi-compound|Drug_and_biocide_and_metal_resistance|Drug_and_biocide_and_metal_RND_efflux_pumps|ACRD,G,1032,A
MEG_405|Multi-compound|Drug_and_biocide_and_metal_resistance|Drug_and_biocide_and_metal_RND_efflux_pumps|ACRD,G,1077,T
MEG_405|Multi-compound|Drug_and_biocide_and_metal_resistance|Drug_and_biocide_and_metal_RND_efflux_pumps|ACRD,T,1359,C
MEG_405|Multi-compound|Drug_and_biocide_and_metal_resistance|Drug_and_biocide_and_metal_RND_efflux_pumps|ACRD,C,1388,A
MEG_405|Multi-compound|Drug_and_biocide_and_metal_resistance|Drug_and_biocide_and_metal_RND_efflux_pumps|ACRD,T,1543,G
MEG_405|Multi-compound|Drug_and_biocide_and_metal_resistance|Drug_and_biocide_and_metal_RND_efflux_pumps|ACRD,A,1678,C
MEG_405|Multi-compound|Drug_and_biocide_and_metal_resistance|Drug_and_biocide_and_metal_RND_efflux_pumps|ACRD,G,1944,C
MEG_405|Multi-compound|Drug_and_biocide_and_metal_resistance|Drug_and_biocide_and_metal_RND_efflux_pumps|ACRD,A,2288,C
MEG_405|Multi-compound|Drug_and_biocide_and_metal_resistance|Drug_and_biocide_and_metal_RND_efflux_pumps|ACRD,T,2332,A
MEG_7838|Multi-compound|Drug_and_biocide_and_metal_resistance|Drug_and_biocide_and_metal_SMR_efflux_pump|YKKC,G,209,T
MEG_407|Multi-compound|Drug_and_biocide_and_metal_resistance|Drug_and_biocide_and_metal_RND_efflux_pumps|ACRD,C,36,A
MEG_407|Multi-compound|Drug_and_biocide_and_metal_resistance|Drug_and_biocide_and_metal_RND_efflux_pumps|ACRD,G,360,C
MEG_407|Multi-compound|Drug_and_biocide_and_metal_resistance|Drug_and_biocide_and_metal_RND_efflux_pumps|ACRD,C,2454,T
MEG_407|Multi-compound|Drug_and_biocide_and_metal_resistance|Drug_and_biocide_and_metal_RND_efflux_pumps|ACRD,G,2707,C
MEG_3743|Multi-compound|Drug_and_biocide_and_metal_resistance|Drug_and_biocide_and_metal_MFS_efflux_pumps|MDRL,C,58,T
MEG_3743|Multi-compound|Drug_and_biocide_and_metal_resistance|Drug_and_biocide_and_metal_MFS_efflux_pumps|MDRL,T,130,A
MEG_3743|Multi-compound|Drug_and_biocide_and_metal_resistance|Drug_and_biocide_and_metal_MFS_efflux_pumps|MDRL,C,773,G
MEG_3743|Multi-compound|Drug_and_biocide_and_metal_resistance|Drug_and_biocide_and_metal_MFS_efflux_pumps|MDRL,T,1157,C
MEG_6082|Multi-compound|Drug_and_biocide_and_metal_resistance|Drug_and_biocide_and_metal_RND_efflux_pumps|ROBA,A,44,G
MEG_6082|Multi-compound|Drug_and_biocide_and_metal_resistance|Drug_and_biocide_and_metal_RND_efflux_pumps|ROBA,G,362,T
MEG_6082|Multi-compound|Drug_and_biocide_and_metal_resistance|Drug_and_biocide_and_metal_RND_efflux_pumps|ROBA,A,415,C
MEG_6082|Multi-compound|Drug_and_biocide_and_metal_resistance|Drug_and_biocide_and_metal_RND_efflux_pumps|ROBA,C,489,G
MEG_6082|Multi-compound|Drug_and_biocide_and_metal_resistance|Drug_and_biocide_and_metal_RND_efflux_pumps|ROBA,G,657,C
MEG_6082|Multi-compound|Drug_and_biocide_and_metal_resistance|Drug_and_biocide_and_metal_RND_efflux_pumps|ROBA,T,807,G
MEG_6082|Multi-compound|Drug_and_biocide_and_metal_resistance|Drug_and_biocide_and_metal_RND_efflux_pumps|ROBA,C,847,G
MEG_11338|Multi-compound|Drug_and_biocide_and_metal_resistance|Drug_and_biocide_and_metal_RND_efflux_pumps|CMEB,C,1115,A
MEG_11338|Multi-compound|Drug_and_biocide_and_metal_resistance|Drug_and_biocide_and_metal_RND_efflux_pumps|CMEB,T,1293,C
MEG_11338|Multi-compound|Drug_and_biocide_and_metal_resistance|Drug_and_biocide_and_metal_RND_efflux_pumps|CMEB,C,1418,T
MEG_11338|Multi-compound|Drug_and_biocide_and_metal_resistance|Drug_and_biocide_and_metal_RND_efflux_pumps|CMEB,A,1589,G
MEG_11338|Multi-compound|Drug_and_biocide_and_metal_resistance|Drug_and_biocide_and_metal_RND_efflux_pumps|CMEB,A,1799,G
MEG_11338|Multi-compound|Drug_and_biocide_and_metal_resistance|Drug_and_biocide_and_metal_RND_efflux_pumps|CMEB,C,2333,A
MEG_11338|Multi-compound|Drug_and_biocide_and_metal_resistance|Drug_and_biocide_and_metal_RND_efflux_pumps|CMEB,G,2789,C
MEG_3748|Multi-compound|Drug_and_biocide_and_metal_resistance|Drug_and_biocide_and_metal_RND_efflux_pumps|MDTB,G,211,T
MEG_3748|Multi-compound|Drug_and_biocide_and_metal_resistance|Drug_and_biocide_and_metal_RND_efflux_pumps|MDTB,C,313,A
MEG_3748|Multi-compound|Drug_and_biocide_and_metal_resistance|Drug_and_biocide_and_metal_RND_efflux_pumps|MDTB,G,391,C
MEG_3748|Multi-compound|Drug_and_biocide_and_metal_resistance|Drug_and_biocide_and_metal_RND_efflux_pumps|MDTB,G,646,T
MEG_3748|Multi-compound|Drug_and_biocide_and_metal_resistance|Drug_and_biocide_and_metal_RND_efflux_pumps|MDTB,C,1127,T
MEG_3748|Multi-compound|Drug_and_biocide_and_metal_resistance|Drug_and_biocide_and_metal_RND_efflux_pumps|MDTB,T,1585,A
MEG_3748|Multi-compound|Drug_and_biocide_and_metal_resistance|Drug_and_biocide_and_metal_RND_efflux_pumps|MDTB,C,2549,A
MEG_3748|Multi-compound|Drug_and_biocide_and_metal_resistance|Drug_and_biocide_and_metal_RND_efflux_pumps|MDTB,T,2686,C
MEG_3748|Multi-compound|Drug_and_biocide_and_metal_resistance|Drug_and_biocide_and_metal_RND_efflux_pumps|MDTB,T,3066,C
MEG_1192|Multi-compound|Drug_and_biocide_and_metal_resistance|Drug_and_biocide_and_metal_RND_efflux_regulator|BAER,A,131,T
MEG_1192|Multi-compound|Drug_and_biocide_and_metal_resistance|Drug_and_biocide_and_metal_RND_efflux_regulator|BAER,T,257,C
MEG_1192|Multi-compound|Drug_and_biocide_and_metal_resistance|Drug_and_biocide_and_metal_RND_efflux_regulator|BAER,G,355,T
MEG_1192|Multi-compound|Drug_and_biocide_and_metal_resistance|Drug_and_biocide_and_metal_RND_efflux_regulator|BAER,C,488,G
MEG_1192|Multi-compound|Drug_and_biocide_and_metal_resistance|Drug_and_biocide_and_metal_RND_efflux_regulator|BAER,T,719,G
MEG_11439|Multi-compound|Drug_and_biocide_and_metal_resistance|Drug_and_biocide_and_metal_RND_efflux_pumps|CMEB,C,653,A
MEG_11439|Multi-compound|Drug_and_biocide_and_metal_resistance|Drug_and_biocide_and_metal_RND_efflux_pumps|CMEB,T,2265,A
MEG_11439|Multi-compound|Drug_and_biocide_and_metal_resistance|Drug_and_biocide_and_metal_RND_efflux_pumps|CMEB,C,2978,A
MEG_1739|Multi-compound|Drug_and_biocide_and_metal_resistance|Drug_and_biocide_and_metal_RND_efflux_pumps|CMEB,T,2202,A
MEG_404|Multi-compound|Drug_and_biocide_and_metal_resistance|Drug_and_biocide_and_metal_RND_efflux_pumps|ACRD,C,138,G
MEG_404|Multi-compound|Drug_and_biocide_and_metal_resistance|Drug_and_biocide_and_metal_RND_efflux_pumps|ACRD,G,248,A
MEG_404|Multi-compound|Drug_and_biocide_and_metal_resistance|Drug_and_biocide_and_metal_RND_efflux_pumps|ACRD,G,529,C
MEG_404|Multi-compound|Drug_and_biocide_and_metal_resistance|Drug_and_biocide_and_metal_RND_efflux_pumps|ACRD,C,751,A
MEG_404|Multi-compound|Drug_and_biocide_and_metal_resistance|Drug_and_biocide_and_metal_RND_efflux_pumps|ACRD,C,1221,T
MEG_404|Multi-compound|Drug_and_biocide_and_metal_resistance|Drug_and_biocide_and_metal_RND_efflux_pumps|ACRD,C,1309,T
MEG_404|Multi-compound|Drug_and_biocide_and_metal_resistance|Drug_and_biocide_and_metal_RND_efflux_pumps|ACRD,C,1447,T
MEG_404|Multi-compound|Drug_and_biocide_and_metal_resistance|Drug_and_biocide_and_metal_RND_efflux_pumps|ACRD,T,1499,C
MEG_404|Multi-compound|Drug_and_biocide_and_metal_resistance|Drug_and_biocide_and_metal_RND_efflux_pumps|ACRD,A,1512,T
MEG_11442|Multi-compound|Drug_and_biocide_and_metal_resistance|Drug_and_biocide_and_metal_RND_efflux_pumps|CMEA,C,95,A
MEG_11442|Multi-compound|Drug_and_biocide_and_metal_resistance|Drug_and_biocide_and_metal_RND_efflux_pumps|CMEA,G,160,T
MEG_11442|Multi-compound|Drug_and_biocide_and_metal_resistance|Drug_and_biocide_and_metal_RND_efflux_pumps|CMEA,G,173,T
MEG_11442|Multi-compound|Drug_and_biocide_and_metal_resistance|Drug_and_biocide_and_metal_RND_efflux_pumps|CMEA,C,226,A
MEG_11442|Multi-compound|Drug_and_biocide_and_metal_resistance|Drug_and_biocide_and_metal_RND_efflux_pumps|CMEA,T,291,C
MEG_11442|Multi-compound|Drug_and_biocide_and_metal_resistance|Drug_and_biocide_and_metal_RND_efflux_pumps|CMEA,C,427,T
MEG_11442|Multi-compound|Drug_and_biocide_and_metal_resistance|Drug_and_biocide_and_metal_RND_efflux_pumps|CMEA,A,646,T
MEG_11442|Multi-compound|Drug_and_biocide_and_metal_resistance|Drug_and_biocide_and_metal_RND_efflux_pumps|CMEA,T,941,A
MEG_3746|Multi-compound|Drug_and_biocide_and_metal_resistance|Drug_and_biocide_and_metal_RND_efflux_pumps|MDTA,G,86,A
MEG_3746|Multi-compound|Drug_and_biocide_and_metal_resistance|Drug_and_biocide_and_metal_RND_efflux_pumps|MDTA,G,804,C
MEG_3742|Multi-compound|Drug_and_biocide_and_metal_resistance|Drug_and_biocide_and_metal_MFS_efflux_pumps|MDRL,C,44,T
MEG_1741|Multi-compound|Drug_and_biocide_and_metal_resistance|Drug_and_biocide_and_metal_RND_efflux_pumps|CMEC,A,49,C
MEG_1741|Multi-compound|Drug_and_biocide_and_metal_resistance|Drug_and_biocide_and_metal_RND_efflux_pumps|CMEC,G,424,T
MEG_1741|Multi-compound|Drug_and_biocide_and_metal_resistance|Drug_and_biocide_and_metal_RND_efflux_pumps|CMEC,G,1023,C
MEG_1741|Multi-compound|Drug_and_biocide_and_metal_resistance|Drug_and_biocide_and_metal_RND_efflux_pumps|CMEC,T,1034,C
MEG_1741|Multi-compound|Drug_and_biocide_and_metal_resistance|Drug_and_biocide_and_metal_RND_efflux_pumps|CMEC,G,1039,A
MEG_1741|Multi-compound|Drug_and_biocide_and_metal_resistance|Drug_and_biocide_and_metal_RND_efflux_pumps|CMEC,G,1096,T
MEG_1741|Multi-compound|Drug_and_biocide_and_metal_resistance|Drug_and_biocide_and_metal_RND_efflux_pumps|CMEC,A,1437,C
MEG_9961|Multi-compound|Drug_and_biocide_and_metal_resistance|Drug_and_biocide_and_metal_RND_efflux_regulator|BAER,A,100,T
MEG_9961|Multi-compound|Drug_and_biocide_and_metal_resistance|Drug_and_biocide_and_metal_RND_efflux_regulator|BAER,G,165,T
MEG_9961|Multi-compound|Drug_and_biocide_and_metal_resistance|Drug_and_biocide_and_metal_RND_efflux_regulator|BAER,C,169,A
MEG_9961|Multi-compound|Drug_and_biocide_and_metal_resistance|Drug_and_biocide_and_metal_RND_efflux_regulator|BAER,G,222,T
MEG_9961|Multi-compound|Drug_and_biocide_and_metal_resistance|Drug_and_biocide_and_metal_RND_efflux_regulator|BAER,T,325,C
MEG_9961|Multi-compound|Drug_and_biocide_and_metal_resistance|Drug_and_biocide_and_metal_RND_efflux_regulator|BAER,C,414,G
MEG_9961|Multi-compound|Drug_and_biocide_and_metal_resistance|Drug_and_biocide_and_metal_RND_efflux_regulator|BAER,T,539,G
MEG_9961|Multi-compound|Drug_and_biocide_and_metal_resistance|Drug_and_biocide_and_metal_RND_efflux_regulator|BAER,C,600,T
MEG_9961|Multi-compound|Drug_and_biocide_and_metal_resistance|Drug_and_biocide_and_metal_RND_efflux_regulator|BAER,C,609,A
MEG_9961|Multi-compound|Drug_and_biocide_and_metal_resistance|Drug_and_biocide_and_metal_RND_efflux_regulator|BAER,A,617,G
MEG_7839|Multi-compound|Drug_and_biocide_and_metal_resistance|Drug_and_biocide_and_metal_SMR_efflux_pump|YKKC,A,21,G
MEG_7839|Multi-compound|Drug_and_biocide_and_metal_resistance|Drug_and_biocide_and_metal_SMR_efflux_pump|YKKC,A,106,C
MEG_7839|Multi-compound|Drug_and_biocide_and_metal_resistance|Drug_and_biocide_and_metal_SMR_efflux_pump|YKKC,G,154,C
MEG_7839|Multi-compound|Drug_and_biocide_and_metal_resistance|Drug_and_biocide_and_metal_SMR_efflux_pump|YKKC,A,196,T
MEG_7839|Multi-compound|Drug_and_biocide_and_metal_resistance|Drug_and_biocide_and_metal_SMR_efflux_pump|YKKC,G,212,A
MEG_7839|Multi-compound|Drug_and_biocide_and_metal_resistance|Drug_and_biocide_and_metal_SMR_efflux_pump|YKKC,T,277,A
MEG_7839|Multi-compound|Drug_and_biocide_and_metal_resistance|Drug_and_biocide_and_metal_SMR_efflux_pump|YKKC,C,310,G
MEG_3745|Multi-compound|Drug_and_biocide_and_metal_resistance|Drug_and_biocide_and_metal_RND_efflux_pumps|MDTA,T,257,C
MEG_3745|Multi-compound|Drug_and_biocide_and_metal_resistance|Drug_and_biocide_and_metal_RND_efflux_pumps|MDTA,C,355,T
MEG_3745|Multi-compound|Drug_and_biocide_and_metal_resistance|Drug_and_biocide_and_metal_RND_efflux_pumps|MDTA,T,723,G
MEG_3745|Multi-compound|Drug_and_biocide_and_metal_resistance|Drug_and_biocide_and_metal_RND_efflux_pumps|MDTA,T,727,A
MEG_3745|Multi-compound|Drug_and_biocide_and_metal_resistance|Drug_and_biocide_and_metal_RND_efflux_pumps|MDTA,A,847,T
MEG_3745|Multi-compound|Drug_and_biocide_and_metal_resistance|Drug_and_biocide_and_metal_RND_efflux_pumps|MDTA,C,1228,T
MEG_1743|Multi-compound|Drug_and_biocide_and_metal_resistance|Drug_and_biocide_and_metal_RND_efflux_pumps|CMED,C,157,G
MEG_1743|Multi-compound|Drug_and_biocide_and_metal_resistance|Drug_and_biocide_and_metal_RND_efflux_pumps|CMED,T,189,G
MEG_1743|Multi-compound|Drug_and_biocide_and_metal_resistance|Drug_and_biocide_and_metal_RND_efflux_pumps|CMED,T,196,A
MEG_1743|Multi-compound|Drug_and_biocide_and_metal_resistance|Drug_and_biocide_and_metal_RND_efflux_pumps|CMED,G,499,C
MEG_1743|Multi-compound|Drug_and_biocide_and_metal_resistance|Drug_and_biocide_and_metal_RND_efflux_pumps|CMED,A,513,C
MEG_1743|Multi-compound|Drug_and_biocide_and_metal_resistance|Drug_and_biocide_and_metal_RND_efflux_pumps|CMED,A,765,C
MEG_1743|Multi-compound|Drug_and_biocide_and_metal_resistance|Drug_and_biocide_and_metal_RND_efflux_pumps|CMED,T,769,A
MEG_1743|Multi-compound|Drug_and_biocide_and_metal_resistance|Drug_and_biocide_and_metal_RND_efflux_pumps|CMED,A,1098,T
MEG_1743|Multi-compound|Drug_and_biocide_and_metal_resistance|Drug_and_biocide_and_metal_RND_efflux_pumps|CMED,T,1132,G
MEG_1744|Multi-compound|Drug_and_biocide_and_metal_resistance|Drug_and_biocide_and_metal_RND_efflux_pumps|CMEE,T,2,A
MEG_1744|Multi-compound|Drug_and_biocide_and_metal_resistance|Drug_and_biocide_and_metal_RND_efflux_pumps|CMEE,C,103,T
MEG_1744|Multi-compound|Drug_and_biocide_and_metal_resistance|Drug_and_biocide_and_metal_RND_efflux_pumps|CMEE,T,351,G
MEG_1744|Multi-compound|Drug_and_biocide_and_metal_resistance|Drug_and_biocide_and_metal_RND_efflux_pumps|CMEE,G,464,A
MEG_3744|Multi-compound|Drug_and_biocide_and_metal_resistance|Drug_and_biocide_and_metal_RND_efflux_pumps|MDTA,T,698,C
MEG_3744|Multi-compound|Drug_and_biocide_and_metal_resistance|Drug_and_biocide_and_metal_RND_efflux_pumps|MDTA,T,1085,A
MEG_1748|Multi-compound|Drug_and_biocide_and_metal_resistance|Drug_and_biocide_and_metal_RND_efflux_regulator|CMER,A,27,G
MEG_1748|Multi-compound|Drug_and_biocide_and_metal_resistance|Drug_and_biocide_and_metal_RND_efflux_regulator|CMER,A,164,T
MEG_1748|Multi-compound|Drug_and_biocide_and_metal_resistance|Drug_and_biocide_and_metal_RND_efflux_regulator|CMER,A,170,T
MEG_1748|Multi-compound|Drug_and_biocide_and_metal_resistance|Drug_and_biocide_and_metal_RND_efflux_regulator|CMER,C,178,G
MEG_1748|Multi-compound|Drug_and_biocide_and_metal_resistance|Drug_and_biocide_and_metal_RND_efflux_regulator|CMER,T,194,C
MEG_1748|Multi-compound|Drug_and_biocide_and_metal_resistance|Drug_and_biocide_and_metal_RND_efflux_regulator|CMER,A,298,T
MEG_1748|Multi-compound|Drug_and_biocide_and_metal_resistance|Drug_and_biocide_and_metal_RND_efflux_regulator|CMER,A,383,T
MEG_1748|Multi-compound|Drug_and_biocide_and_metal_resistance|Drug_and_biocide_and_metal_RND_efflux_regulator|CMER,A,394,G
MEG_1748|Multi-compound|Drug_and_biocide_and_metal_resistance|Drug_and_biocide_and_metal_RND_efflux_regulator|CMER,T,488,C
MEG_6513|Multi-compound|Biocide_and_metal_resistance|Biocide_and_metal_ABC_efflux_pumps|SITA,A,394,T
MEG_6513|Multi-compound|Biocide_and_metal_resistance|Biocide_and_metal_ABC_efflux_pumps|SITA,G,460,T
MEG_6513|Multi-compound|Biocide_and_metal_resistance|Biocide_and_metal_ABC_efflux_pumps|SITA,T,509,A
MEG_6513|Multi-compound|Biocide_and_metal_resistance|Biocide_and_metal_ABC_efflux_pumps|SITA,T,714,C
MEG_6513|Multi-compound|Biocide_and_metal_resistance|Biocide_and_metal_ABC_efflux_pumps|SITA,G,770,T
MEG_7830|Multi-compound|Biocide_and_metal_resistance|Biocide_and_metal_resistance_protein|YGIW,G,68,C
MEG_7830|Multi-compound|Biocide_and_metal_resistance|Biocide_and_metal_resistance_protein|YGIW,G,76,T
MEG_7830|Multi-compound|Biocide_and_metal_resistance|Biocide_and_metal_resistance_protein|YGIW,G,130,A
MEG_7830|Multi-compound|Biocide_and_metal_resistance|Biocide_and_metal_resistance_protein|YGIW,C,151,T
MEG_7830|Multi-compound|Biocide_and_metal_resistance|Biocide_and_metal_resistance_protein|YGIW,C,162,T
MEG_7830|Multi-compound|Biocide_and_metal_resistance|Biocide_and_metal_resistance_protein|YGIW,C,186,G
MEG_7830|Multi-compound|Biocide_and_metal_resistance|Biocide_and_metal_resistance_protein|YGIW,C,198,T
MEG_7830|Multi-compound|Biocide_and_metal_resistance|Biocide_and_metal_resistance_protein|YGIW,A,200,C
MEG_7830|Multi-compound|Biocide_and_metal_resistance|Biocide_and_metal_resistance_protein|YGIW,A,205,C
MEG_7830|Multi-compound|Biocide_and_metal_resistance|Biocide_and_metal_resistance_protein|YGIW,G,322,T
MEG_3141|Multi-compound|Biocide_and_metal_resistance|Biocide_and_metal_resistance_protein|GLPF,G,283,T
MEG_3141|Multi-compound|Biocide_and_metal_resistance|Biocide_and_metal_resistance_protein|GLPF,T,365,G
MEG_3141|Multi-compound|Biocide_and_metal_resistance|Biocide_and_metal_resistance_protein|GLPF,A,381,T
MEG_3141|Multi-compound|Biocide_and_metal_resistance|Biocide_and_metal_resistance_protein|GLPF,G,526,C
MEG_3141|Multi-compound|Biocide_and_metal_resistance|Biocide_and_metal_resistance_protein|GLPF,C,756,A
MEG_7835|Multi-compound|Biocide_and_metal_resistance|Biocide_and_metal_resistance_protein|YIEF,A,30,T
MEG_7835|Multi-compound|Biocide_and_metal_resistance|Biocide_and_metal_resistance_protein|YIEF,G,133,T
MEG_7835|Multi-compound|Biocide_and_metal_resistance|Biocide_and_metal_resistance_protein|YIEF,T,176,A
MEG_7835|Multi-compound|Biocide_and_metal_resistance|Biocide_and_metal_resistance_protein|YIEF,C,239,T
MEG_7835|Multi-compound|Biocide_and_metal_resistance|Biocide_and_metal_resistance_protein|YIEF,G,268,T
MEG_7835|Multi-compound|Biocide_and_metal_resistance|Biocide_and_metal_resistance_protein|YIEF,C,344,A
MEG_7835|Multi-compound|Biocide_and_metal_resistance|Biocide_and_metal_resistance_protein|YIEF,A,351,T
MEG_7835|Multi-compound|Biocide_and_metal_resistance|Biocide_and_metal_resistance_protein|YIEF,G,356,C
MEG_7835|Multi-compound|Biocide_and_metal_resistance|Biocide_and_metal_resistance_protein|YIEF,A,417,G
MEG_2656|Multi-compound|Biocide_and_metal_resistance|Biocide_and_metal_resistance_protein|DPR,T,57,G
MEG_2656|Multi-compound|Biocide_and_metal_resistance|Biocide_and_metal_resistance_protein|DPR,G,187,T
MEG_2656|Multi-compound|Biocide_and_metal_resistance|Biocide_and_metal_resistance_protein|DPR,A,261,T
MEG_3142|Multi-compound|Biocide_and_metal_resistance|Biocide_and_metal_resistance_protein|GLPF,G,63,A
MEG_3142|Multi-compound|Biocide_and_metal_resistance|Biocide_and_metal_resistance_protein|GLPF,G,211,C
MEG_3142|Multi-compound|Biocide_and_metal_resistance|Biocide_and_metal_resistance_protein|GLPF,C,252,T
MEG_3142|Multi-compound|Biocide_and_metal_resistance|Biocide_and_metal_resistance_protein|GLPF,A,268,G
MEG_3142|Multi-compound|Biocide_and_metal_resistance|Biocide_and_metal_resistance_protein|GLPF,T,671,G
MEG_3142|Multi-compound|Biocide_and_metal_resistance|Biocide_and_metal_resistance_protein|GLPF,G,676,A
MEG_3142|Multi-compound|Biocide_and_metal_resistance|Biocide_and_metal_resistance_protein|GLPF,A,800,C
MEG_3142|Multi-compound|Biocide_and_metal_resistance|Biocide_and_metal_resistance_protein|GLPF,A,809,T
MEG_2658|Multi-compound|Biocide_and_metal_resistance|Biocide_and_metal_resistance_protein|DPR,A,305,T
MEG_2658|Multi-compound|Biocide_and_metal_resistance|Biocide_and_metal_resistance_protein|DPR,A,317,T
MEG_2658|Multi-compound|Biocide_and_metal_resistance|Biocide_and_metal_resistance_protein|DPR,G,345,A
MEG_2658|Multi-compound|Biocide_and_metal_resistance|Biocide_and_metal_resistance_protein|DPR,T,364,A
MEG_2658|Multi-compound|Biocide_and_metal_resistance|Biocide_and_metal_resistance_protein|DPR,A,391,T
MEG_2658|Multi-compound|Biocide_and_metal_resistance|Biocide_and_metal_resistance_protein|DPR,T,397,C
MEG_3061|Multi-compound|Biocide_and_metal_resistance|Biocide_and_metal_resistance_protein|FRNE,T,154,G
MEG_3061|Multi-compound|Biocide_and_metal_resistance|Biocide_and_metal_resistance_protein|FRNE,A,389,G
MEG_3061|Multi-compound|Biocide_and_metal_resistance|Biocide_and_metal_resistance_protein|FRNE,A,476,T
MEG_3061|Multi-compound|Biocide_and_metal_resistance|Biocide_and_metal_resistance_protein|FRNE,G,522,C
MEG_3061|Multi-compound|Biocide_and_metal_resistance|Biocide_and_metal_resistance_protein|FRNE,C,537,A
MEG_3061|Multi-compound|Biocide_and_metal_resistance|Biocide_and_metal_resistance_protein|FRNE,G,583,A
MEG_3061|Multi-compound|Biocide_and_metal_resistance|Biocide_and_metal_resistance_protein|FRNE,G,658,A
MEG_3061|Multi-compound|Biocide_and_metal_resistance|Biocide_and_metal_resistance_protein|FRNE,C,671,A
MEG_3061|Multi-compound|Biocide_and_metal_resistance|Biocide_and_metal_resistance_protein|FRNE,C,708,G
MEG_2657|Multi-compound|Biocide_and_metal_resistance|Biocide_and_metal_resistance_protein|DPR,A,194,T
MEG_2657|Multi-compound|Biocide_and_metal_resistance|Biocide_and_metal_resistance_protein|DPR,C,269,T
MEG_2900|Multi-compound|Biocide_and_metal_resistance|Biocide_and_metal_ABC_efflux_pumps|FETB,T,108,C
MEG_2900|Multi-compound|Biocide_and_metal_resistance|Biocide_and_metal_ABC_efflux_pumps|FETB,G,138,T
MEG_2900|Multi-compound|Biocide_and_metal_resistance|Biocide_and_metal_ABC_efflux_pumps|FETB,A,253,G
MEG_2900|Multi-compound|Biocide_and_metal_resistance|Biocide_and_metal_ABC_efflux_pumps|FETB,C,372,G
MEG_2900|Multi-compound|Biocide_and_metal_resistance|Biocide_and_metal_ABC_efflux_pumps|FETB,C,402,G
MEG_2900|Multi-compound|Biocide_and_metal_resistance|Biocide_and_metal_ABC_efflux_pumps|FETB,T,545,A
MEG_2662|Multi-compound|Biocide_and_metal_resistance|Biocide_and_metal_resistance_protein|DPR,A,104,C
MEG_2662|Multi-compound|Biocide_and_metal_resistance|Biocide_and_metal_resistance_protein|DPR,T,214,C
MEG_2662|Multi-compound|Biocide_and_metal_resistance|Biocide_and_metal_resistance_protein|DPR,C,271,T
MEG_2662|Multi-compound|Biocide_and_metal_resistance|Biocide_and_metal_resistance_protein|DPR,G,516,T
MEG_2665|Multi-compound|Biocide_and_metal_resistance|Biocide_and_metal_resistance_protein|DPSA,T,264,A
MEG_3140|Multi-compound|Biocide_and_metal_resistance|Biocide_and_metal_resistance_protein|GLPF,G,40,A
MEG_3140|Multi-compound|Biocide_and_metal_resistance|Biocide_and_metal_resistance_protein|GLPF,C,229,G
MEG_3140|Multi-compound|Biocide_and_metal_resistance|Biocide_and_metal_resistance_protein|GLPF,T,589,A
MEG_8700|Multi-compound|Biocide_and_metal_resistance|Biocide_and_metal_ABC_efflux_pumps|SITABCD,C,609,T
MEG_8700|Multi-compound|Biocide_and_metal_resistance|Biocide_and_metal_ABC_efflux_pumps|SITABCD,G,745,T
MEG_8700|Multi-compound|Biocide_and_metal_resistance|Biocide_and_metal_ABC_efflux_pumps|SITABCD,G,763,T
MEG_8700|Multi-compound|Biocide_and_metal_resistance|Biocide_and_metal_ABC_efflux_pumps|SITABCD,C,1421,G
MEG_6153|Multi-compound|Biocide_and_metal_resistance|Biocide_and_metal_resistance_protein|RUVB,G,47,C
MEG_6153|Multi-compound|Biocide_and_metal_resistance|Biocide_and_metal_resistance_protein|RUVB,G,187,C
MEG_6153|Multi-compound|Biocide_and_metal_resistance|Biocide_and_metal_resistance_protein|RUVB,G,580,A
MEG_6153|Multi-compound|Biocide_and_metal_resistance|Biocide_and_metal_resistance_protein|RUVB,A,631,C
MEG_6153|Multi-compound|Biocide_and_metal_resistance|Biocide_and_metal_resistance_protein|RUVB,T,712,G
MEG_6153|Multi-compound|Biocide_and_metal_resistance|Biocide_and_metal_resistance_protein|RUVB,G,1164,A
MEG_504|Multi-compound|Biocide_and_metal_resistance|Biocide_and_metal_resistance_regulator|ACTR,T,56,G
MEG_504|Multi-compound|Biocide_and_metal_resistance|Biocide_and_metal_resistance_regulator|ACTR,C,103,G
MEG_504|Multi-compound|Biocide_and_metal_resistance|Biocide_and_metal_resistance_regulator|ACTR,C,131,A
MEG_504|Multi-compound|Biocide_and_metal_resistance|Biocide_and_metal_resistance_regulator|ACTR,G,235,A
MEG_504|Multi-compound|Biocide_and_metal_resistance|Biocide_and_metal_resistance_regulator|ACTR,A,261,G
MEG_504|Multi-compound|Biocide_and_metal_resistance|Biocide_and_metal_resistance_regulator|ACTR,C,302,A
MEG_504|Multi-compound|Biocide_and_metal_resistance|Biocide_and_metal_resistance_regulator|ACTR,C,432,T
MEG_504|Multi-compound|Biocide_and_metal_resistance|Biocide_and_metal_resistance_regulator|ACTR,A,533,T
MEG_504|Multi-compound|Biocide_and_metal_resistance|Biocide_and_metal_resistance_regulator|ACTR,T,536,A
MEG_1709|Multi-compound|Biocide_and_metal_resistance|Biocide_and_metal_resistance_regulator|CHRB,T,229,C
MEG_1709|Multi-compound|Biocide_and_metal_resistance|Biocide_and_metal_resistance_regulator|CHRB,A,254,T
MEG_1709|Multi-compound|Biocide_and_metal_resistance|Biocide_and_metal_resistance_regulator|CHRB,C,282,G
MEG_1709|Multi-compound|Biocide_and_metal_resistance|Biocide_and_metal_resistance_regulator|CHRB,C,470,T
MEG_1709|Multi-compound|Biocide_and_metal_resistance|Biocide_and_metal_resistance_regulator|CHRB,G,561,C
MEG_1709|Multi-compound|Biocide_and_metal_resistance|Biocide_and_metal_resistance_regulator|CHRB,C,663,G
MEG_1709|Multi-compound|Biocide_and_metal_resistance|Biocide_and_metal_resistance_regulator|CHRB,C,719,G
MEG_1709|Multi-compound|Biocide_and_metal_resistance|Biocide_and_metal_resistance_regulator|CHRB,C,750,G
MEG_2661|Multi-compound|Biocide_and_metal_resistance|Biocide_and_metal_resistance_protein|DPR,T,238,A
MEG_2661|Multi-compound|Biocide_and_metal_resistance|Biocide_and_metal_resistance_protein|DPR,T,315,C
MEG_2659|Multi-compound|Biocide_and_metal_resistance|Biocide_and_metal_resistance_protein|DPR,T,81,A
MEG_2659|Multi-compound|Biocide_and_metal_resistance|Biocide_and_metal_resistance_protein|DPR,C,102,G
MEG_2659|Multi-compound|Biocide_and_metal_resistance|Biocide_and_metal_resistance_protein|DPR,C,175,G
MEG_2659|Multi-compound|Biocide_and_metal_resistance|Biocide_and_metal_resistance_protein|DPR,G,316,T
MEG_2659|Multi-compound|Biocide_and_metal_resistance|Biocide_and_metal_resistance_protein|DPR,A,357,G
MEG_2659|Multi-compound|Biocide_and_metal_resistance|Biocide_and_metal_resistance_protein|DPR,C,423,A
MEG_2659|Multi-compound|Biocide_and_metal_resistance|Biocide_and_metal_resistance_protein|DPR,G,490,A
MEG_498|Multi-compound|Biocide_and_metal_resistance|Biocide_and_metal_resistance_protein|ACTA,A,55,C
MEG_498|Multi-compound|Biocide_and_metal_resistance|Biocide_and_metal_resistance_protein|ACTA,C,248,G
MEG_498|Multi-compound|Biocide_and_metal_resistance|Biocide_and_metal_resistance_protein|ACTA,T,1607,A
MEG_4377|Multi-compound|Biocide_and_metal_resistance|Biocide_and_metal_resistance_protein|OSCA,G,3,C
MEG_4377|Multi-compound|Biocide_and_metal_resistance|Biocide_and_metal_resistance_protein|OSCA,G,20,A
MEG_4377|Multi-compound|Biocide_and_metal_resistance|Biocide_and_metal_resistance_protein|OSCA,C,31,G
MEG_4377|Multi-compound|Biocide_and_metal_resistance|Biocide_and_metal_resistance_protein|OSCA,G,37,A
MEG_4377|Multi-compound|Biocide_and_metal_resistance|Biocide_and_metal_resistance_protein|OSCA,C,60,G
MEG_4377|Multi-compound|Biocide_and_metal_resistance|Biocide_and_metal_resistance_protein|OSCA,C,61,A
MEG_4377|Multi-compound|Biocide_and_metal_resistance|Biocide_and_metal_resistance_protein|OSCA,T,122,G
MEG_4377|Multi-compound|Biocide_and_metal_resistance|Biocide_and_metal_resistance_protein|OSCA,G,159,T
MEG_4377|Multi-compound|Biocide_and_metal_resistance|Biocide_and_metal_resistance_protein|OSCA,G,178,C
MEG_505|Multi-compound|Biocide_and_metal_resistance|Biocide_and_metal_resistance_regulator|ACTS,T,39,C
MEG_505|Multi-compound|Biocide_and_metal_resistance|Biocide_and_metal_resistance_regulator|ACTS,G,522,C
MEG_505|Multi-compound|Biocide_and_metal_resistance|Biocide_and_metal_resistance_regulator|ACTS,A,627,C
MEG_505|Multi-compound|Biocide_and_metal_resistance|Biocide_and_metal_resistance_regulator|ACTS,T,810,C
MEG_505|Multi-compound|Biocide_and_metal_resistance|Biocide_and_metal_resistance_regulator|ACTS,G,994,T
MEG_505|Multi-compound|Biocide_and_metal_resistance|Biocide_and_metal_resistance_regulator|ACTS,C,1051,G
MEG_505|Multi-compound|Biocide_and_metal_resistance|Biocide_and_metal_resistance_regulator|ACTS,C,1268,A
MEG_2899|Multi-compound|Biocide_and_metal_resistance|Biocide_and_metal_ABC_efflux_pumps|FETB,G,87,C
MEG_2899|Multi-compound|Biocide_and_metal_resistance|Biocide_and_metal_ABC_efflux_pumps|FETB,A,194,C
MEG_2899|Multi-compound|Biocide_and_metal_resistance|Biocide_and_metal_ABC_efflux_pumps|FETB,T,236,G
MEG_2899|Multi-compound|Biocide_and_metal_resistance|Biocide_and_metal_ABC_efflux_pumps|FETB,C,585,T
MEG_2899|Multi-compound|Biocide_and_metal_resistance|Biocide_and_metal_ABC_efflux_pumps|FETB,A,673,T
MEG_7836|Multi-compound|Biocide_and_metal_resistance|Biocide_and_metal_resistance_protein|YJAA,A,75,G
MEG_7836|Multi-compound|Biocide_and_metal_resistance|Biocide_and_metal_resistance_protein|YJAA,A,91,C
MEG_7836|Multi-compound|Biocide_and_metal_resistance|Biocide_and_metal_resistance_protein|YJAA,C,113,G
MEG_7836|Multi-compound|Biocide_and_metal_resistance|Biocide_and_metal_resistance_protein|YJAA,G,141,C
MEG_7836|Multi-compound|Biocide_and_metal_resistance|Biocide_and_metal_resistance_protein|YJAA,G,229,C
MEG_7836|Multi-compound|Biocide_and_metal_resistance|Biocide_and_metal_resistance_protein|YJAA,T,246,G
MEG_7836|Multi-compound|Biocide_and_metal_resistance|Biocide_and_metal_resistance_protein|YJAA,C,251,G
MEG_7836|Multi-compound|Biocide_and_metal_resistance|Biocide_and_metal_resistance_protein|YJAA,G,280,A
MEG_7836|Multi-compound|Biocide_and_metal_resistance|Biocide_and_metal_resistance_protein|YJAA,A,361,C
MEG_6516|Multi-compound|Biocide_and_metal_resistance|Biocide_and_metal_ABC_efflux_pumps|SITD,C,94,G
MEG_6516|Multi-compound|Biocide_and_metal_resistance|Biocide_and_metal_ABC_efflux_pumps|SITD,G,401,A
MEG_6516|Multi-compound|Biocide_and_metal_resistance|Biocide_and_metal_ABC_efflux_pumps|SITD,G,451,A
MEG_6516|Multi-compound|Biocide_and_metal_resistance|Biocide_and_metal_ABC_efflux_pumps|SITD,A,574,T
MEG_6516|Multi-compound|Biocide_and_metal_resistance|Biocide_and_metal_ABC_efflux_pumps|SITD,T,614,A
MEG_6656|Multi-compound|Biocide_and_metal_resistance|Biocide_and_metal_resistance_protein|TEHB,A,17,T
MEG_6656|Multi-compound|Biocide_and_metal_resistance|Biocide_and_metal_resistance_protein|TEHB,C,132,T
MEG_6656|Multi-compound|Biocide_and_metal_resistance|Biocide_and_metal_resistance_protein|TEHB,A,236,T
MEG_6656|Multi-compound|Biocide_and_metal_resistance|Biocide_and_metal_resistance_protein|TEHB,C,268,G
MEG_6656|Multi-compound|Biocide_and_metal_resistance|Biocide_and_metal_resistance_protein|TEHB,G,495,C
MEG_6515|Multi-compound|Biocide_and_metal_resistance|Biocide_and_metal_ABC_efflux_pumps|SITC,G,74,C
MEG_6515|Multi-compound|Biocide_and_metal_resistance|Biocide_and_metal_ABC_efflux_pumps|SITC,A,138,G
MEG_6515|Multi-compound|Biocide_and_metal_resistance|Biocide_and_metal_ABC_efflux_pumps|SITC,T,178,G
MEG_6515|Multi-compound|Biocide_and_metal_resistance|Biocide_and_metal_ABC_efflux_pumps|SITC,C,423,T
MEG_6515|Multi-compound|Biocide_and_metal_resistance|Biocide_and_metal_ABC_efflux_pumps|SITC,T,473,A
MEG_6515|Multi-compound|Biocide_and_metal_resistance|Biocide_and_metal_ABC_efflux_pumps|SITC,G,562,A
MEG_6515|Multi-compound|Biocide_and_metal_resistance|Biocide_and_metal_ABC_efflux_pumps|SITC,A,667,T
MEG_6515|Multi-compound|Biocide_and_metal_resistance|Biocide_and_metal_ABC_efflux_pumps|SITC,A,761,C
MEG_6515|Multi-compound|Biocide_and_metal_resistance|Biocide_and_metal_ABC_efflux_pumps|SITC,C,838,G
MEG_7865|Multi-compound|Biocide_and_metal_resistance|Biocide_and_metal_resistance_protein|ZUPT,T,261,G
MEG_2669|Multi-compound|Biocide_and_metal_resistance|Biocide_and_metal_resistance_protein|DPSA,A,34,C
MEG_2669|Multi-compound|Biocide_and_metal_resistance|Biocide_and_metal_resistance_protein|DPSA,A,110,G
MEG_2669|Multi-compound|Biocide_and_metal_resistance|Biocide_and_metal_resistance_protein|DPSA,A,125,G
MEG_2669|Multi-compound|Biocide_and_metal_resistance|Biocide_and_metal_resistance_protein|DPSA,C,138,A
MEG_2669|Multi-compound|Biocide_and_metal_resistance|Biocide_and_metal_resistance_protein|DPSA,T,175,C
MEG_2669|Multi-compound|Biocide_and_metal_resistance|Biocide_and_metal_resistance_protein|DPSA,G,332,C
MEG_2669|Multi-compound|Biocide_and_metal_resistance|Biocide_and_metal_resistance_protein|DPSA,C,334,T
MEG_2669|Multi-compound|Biocide_and_metal_resistance|Biocide_and_metal_resistance_protein|DPSA,C,368,G
MEG_2669|Multi-compound|Biocide_and_metal_resistance|Biocide_and_metal_resistance_protein|DPSA,G,409,C
MEG_2444|Multi-compound|Biocide_and_metal_resistance|Biocide_and_metal_resistance_protein|CUID,C,235,G
MEG_2444|Multi-compound|Biocide_and_metal_resistance|Biocide_and_metal_resistance_protein|CUID,G,478,C
MEG_2444|Multi-compound|Biocide_and_metal_resistance|Biocide_and_metal_resistance_protein|CUID,A,1105,G
MEG_3294|Multi-compound|Biocide_and_metal_resistance|Biocide_and_metal_resistance_protein|IDER,G,13,C
MEG_3294|Multi-compound|Biocide_and_metal_resistance|Biocide_and_metal_resistance_protein|IDER,C,216,A
MEG_3294|Multi-compound|Biocide_and_metal_resistance|Biocide_and_metal_resistance_protein|IDER,T,264,G
MEG_3294|Multi-compound|Biocide_and_metal_resistance|Biocide_and_metal_resistance_protein|IDER,T,347,G
MEG_3294|Multi-compound|Biocide_and_metal_resistance|Biocide_and_metal_resistance_protein|IDER,A,448,T
MEG_3294|Multi-compound|Biocide_and_metal_resistance|Biocide_and_metal_resistance_protein|IDER,A,557,G
MEG_3294|Multi-compound|Biocide_and_metal_resistance|Biocide_and_metal_resistance_protein|IDER,G,563,A
MEG_3294|Multi-compound|Biocide_and_metal_resistance|Biocide_and_metal_resistance_protein|IDER,G,608,A
MEG_3294|Multi-compound|Biocide_and_metal_resistance|Biocide_and_metal_resistance_protein|IDER,C,657,T
MEG_1702|Multi-compound|Biocide_and_metal_resistance|Biocide_and_metal_resistance_protein|CHR,C,25,T
MEG_1702|Multi-compound|Biocide_and_metal_resistance|Biocide_and_metal_resistance_protein|CHR,C,41,T
MEG_1702|Multi-compound|Biocide_and_metal_resistance|Biocide_and_metal_resistance_protein|CHR,C,120,A
MEG_1702|Multi-compound|Biocide_and_metal_resistance|Biocide_and_metal_resistance_protein|CHR,C,172,G
MEG_1702|Multi-compound|Biocide_and_metal_resistance|Biocide_and_metal_resistance_protein|CHR,T,303,A
MEG_1702|Multi-compound|Biocide_and_metal_resistance|Biocide_and_metal_resistance_protein|CHR,G,456,T
MEG_6655|Multi-compound|Biocide_and_metal_resistance|Biocide_and_metal_resistance_protein|TEHA,C,103,G
MEG_6655|Multi-compound|Biocide_and_metal_resistance|Biocide_and_metal_resistance_protein|TEHA,C,387,T
MEG_6655|Multi-compound|Biocide_and_metal_resistance|Biocide_and_metal_resistance_protein|TEHA,A,721,T
MEG_499|Multi-compound|Biocide_and_metal_resistance|Biocide_and_metal_resistance_protein|ACTA,T,77,C
MEG_499|Multi-compound|Biocide_and_metal_resistance|Biocide_and_metal_resistance_protein|ACTA,T,156,C
MEG_499|Multi-compound|Biocide_and_metal_resistance|Biocide_and_metal_resistance_protein|ACTA,A,320,C
MEG_499|Multi-compound|Biocide_and_metal_resistance|Biocide_and_metal_resistance_protein|ACTA,G,381,A
MEG_499|Multi-compound|Biocide_and_metal_resistance|Biocide_and_metal_resistance_protein|ACTA,C,518,G
MEG_499|Multi-compound|Biocide_and_metal_resistance|Biocide_and_metal_resistance_protein|ACTA,G,816,A
MEG_499|Multi-compound|Biocide_and_metal_resistance|Biocide_and_metal_resistance_protein|ACTA,T,1095,G
MEG_499|Multi-compound|Biocide_and_metal_resistance|Biocide_and_metal_resistance_protein|ACTA,T,1389,C
MEG_2663|Multi-compound|Biocide_and_metal_resistance|Biocide_and_metal_resistance_protein|DPSA,C,121,T
MEG_2663|Multi-compound|Biocide_and_metal_resistance|Biocide_and_metal_resistance_protein|DPSA,T,164,A
MEG_2663|Multi-compound|Biocide_and_metal_resistance|Biocide_and_metal_resistance_protein|DPSA,G,220,A
MEG_2663|Multi-compound|Biocide_and_metal_resistance|Biocide_and_metal_resistance_protein|DPSA,T,308,C
MEG_2663|Multi-compound|Biocide_and_metal_resistance|Biocide_and_metal_resistance_protein|DPSA,C,318,G
MEG_2663|Multi-compound|Biocide_and_metal_resistance|Biocide_and_metal_resistance_protein|DPSA,C,342,A
MEG_2663|Multi-compound|Biocide_and_metal_resistance|Biocide_and_metal_resistance_protein|DPSA,T,380,A
MEG_1704|Multi-compound|Biocide_and_metal_resistance|Biocide_and_metal_resistance_protein|CHR,G,9,T
MEG_1704|Multi-compound|Biocide_and_metal_resistance|Biocide_and_metal_resistance_protein|CHR,G,252,A
MEG_1704|Multi-compound|Biocide_and_metal_resistance|Biocide_and_metal_resistance_protein|CHR,C,347,T
MEG_1704|Multi-compound|Biocide_and_metal_resistance|Biocide_and_metal_resistance_protein|CHR,C,349,A
MEG_1704|Multi-compound|Biocide_and_metal_resistance|Biocide_and_metal_resistance_protein|CHR,G,364,A
MEG_2898|Multi-compound|Biocide_and_metal_resistance|Biocide_and_metal_ABC_efflux_pumps|FETA,T,12,G
MEG_2898|Multi-compound|Biocide_and_metal_resistance|Biocide_and_metal_ABC_efflux_pumps|FETA,G,378,T
MEG_2898|Multi-compound|Biocide_and_metal_resistance|Biocide_and_metal_ABC_efflux_pumps|FETA,C,416,A
MEG_2898|Multi-compound|Biocide_and_metal_resistance|Biocide_and_metal_ABC_efflux_pumps|FETA,G,472,C
MEG_2898|Multi-compound|Biocide_and_metal_resistance|Biocide_and_metal_ABC_efflux_pumps|FETA,T,474,C
MEG_7866|Multi-compound|Biocide_and_metal_resistance|Biocide_and_metal_resistance_protein|ZUPT,G,53,A
MEG_7866|Multi-compound|Biocide_and_metal_resistance|Biocide_and_metal_resistance_protein|ZUPT,G,376,C
MEG_7866|Multi-compound|Biocide_and_metal_resistance|Biocide_and_metal_resistance_protein|ZUPT,T,632,A
MEG_7866|Multi-compound|Biocide_and_metal_resistance|Biocide_and_metal_resistance_protein|ZUPT,A,679,G
MEG_7866|Multi-compound|Biocide_and_metal_resistance|Biocide_and_metal_resistance_protein|ZUPT,A,735,C
MEG_7833|Multi-compound|Biocide_and_metal_resistance|Biocide_and_metal_resistance_protein|YHCN,A,13,C
MEG_7833|Multi-compound|Biocide_and_metal_resistance|Biocide_and_metal_resistance_protein|YHCN,A,16,T
MEG_7833|Multi-compound|Biocide_and_metal_resistance|Biocide_and_metal_resistance_protein|YHCN,T,59,A
MEG_7833|Multi-compound|Biocide_and_metal_resistance|Biocide_and_metal_resistance_protein|YHCN,T,89,C
MEG_7833|Multi-compound|Biocide_and_metal_resistance|Biocide_and_metal_resistance_protein|YHCN,T,150,A
MEG_7833|Multi-compound|Biocide_and_metal_resistance|Biocide_and_metal_resistance_protein|YHCN,G,189,C
MEG_7833|Multi-compound|Biocide_and_metal_resistance|Biocide_and_metal_resistance_protein|YHCN,G,207,A
MEG_7833|Multi-compound|Biocide_and_metal_resistance|Biocide_and_metal_resistance_protein|YHCN,A,240,G
MEG_7833|Multi-compound|Biocide_and_metal_resistance|Biocide_and_metal_resistance_protein|YHCN,G,268,C
MEG_7833|Multi-compound|Biocide_and_metal_resistance|Biocide_and_metal_resistance_protein|YHCN,T,279,C
MEG_500|Multi-compound|Biocide_and_metal_resistance|Biocide_and_metal_resistance_protein|ACTP,C,544,T
MEG_500|Multi-compound|Biocide_and_metal_resistance|Biocide_and_metal_resistance_protein|ACTP,C,1286,T
MEG_500|Multi-compound|Biocide_and_metal_resistance|Biocide_and_metal_resistance_protein|ACTP,G,1375,A
MEG_500|Multi-compound|Biocide_and_metal_resistance|Biocide_and_metal_resistance_protein|ACTP,A,2038,C
MEG_500|Multi-compound|Biocide_and_metal_resistance|Biocide_and_metal_resistance_protein|ACTP,G,2045,A
MEG_500|Multi-compound|Biocide_and_metal_resistance|Biocide_and_metal_resistance_protein|ACTP,C,2061,T
MEG_502|Metals|Tellurium_resistance|Tellurium_resistance_protein|ACTP1,C,333,G
MEG_502|Metals|Tellurium_resistance|Tellurium_resistance_protein|ACTP1,C,338,G
MEG_502|Metals|Tellurium_resistance|Tellurium_resistance_protein|ACTP1,C,483,T
MEG_502|Metals|Tellurium_resistance|Tellurium_resistance_protein|ACTP1,C,1193,T
MEG_502|Metals|Tellurium_resistance|Tellurium_resistance_protein|ACTP1,C,1550,T
MEG_3452|Metals|Tellurium_resistance|Tellurium_resistance_protein|KLAB,C,60,G
MEG_3452|Metals|Tellurium_resistance|Tellurium_resistance_protein|KLAB,C,338,T
MEG_3452|Metals|Tellurium_resistance|Tellurium_resistance_protein|KLAB,A,404,T
MEG_3452|Metals|Tellurium_resistance|Tellurium_resistance_protein|KLAB,T,539,A
MEG_3452|Metals|Tellurium_resistance|Tellurium_resistance_protein|KLAB,G,791,A
MEG_3453|Metals|Tellurium_resistance|Tellurium_resistance_protein|KLAC,C,73,A
MEG_3453|Metals|Tellurium_resistance|Tellurium_resistance_protein|KLAC,T,85,C
MEG_3453|Metals|Tellurium_resistance|Tellurium_resistance_protein|KLAC,T,309,A
MEG_3453|Metals|Tellurium_resistance|Tellurium_resistance_protein|KLAC,C,360,T
MEG_3453|Metals|Tellurium_resistance|Tellurium_resistance_protein|KLAC,T,371,C
MEG_3453|Metals|Tellurium_resistance|Tellurium_resistance_protein|KLAC,G,537,A
MEG_3453|Metals|Tellurium_resistance|Tellurium_resistance_protein|KLAC,C,922,T
MEG_6955|Metals|Tellurium_resistance|Tellurium_resistance_protein|TERB,A,23,C
MEG_6955|Metals|Tellurium_resistance|Tellurium_resistance_protein|TERB,A,62,C
MEG_6955|Metals|Tellurium_resistance|Tellurium_resistance_protein|TERB,C,69,T
MEG_6955|Metals|Tellurium_resistance|Tellurium_resistance_protein|TERB,C,147,A
MEG_6955|Metals|Tellurium_resistance|Tellurium_resistance_protein|TERB,A,284,G
MEG_6955|Metals|Tellurium_resistance|Tellurium_resistance_protein|TERB,C,300,G
MEG_6955|Metals|Tellurium_resistance|Tellurium_resistance_protein|TERB,G,409,A
MEG_6955|Metals|Tellurium_resistance|Tellurium_resistance_protein|TERB,C,450,G
MEG_6956|Metals|Tellurium_resistance|Tellurium_resistance_protein|TERB,A,4,C
MEG_6956|Metals|Tellurium_resistance|Tellurium_resistance_protein|TERB,A,89,G
MEG_6956|Metals|Tellurium_resistance|Tellurium_resistance_protein|TERB,A,127,C
MEG_6956|Metals|Tellurium_resistance|Tellurium_resistance_protein|TERB,G,199,A
MEG_6957|Metals|Tellurium_resistance|Tellurium_resistance_protein|TERC,G,265,T
MEG_6957|Metals|Tellurium_resistance|Tellurium_resistance_protein|TERC,G,300,C
MEG_6957|Metals|Tellurium_resistance|Tellurium_resistance_protein|TERC,G,318,A
MEG_6957|Metals|Tellurium_resistance|Tellurium_resistance_protein|TERC,T,455,A
MEG_6957|Metals|Tellurium_resistance|Tellurium_resistance_protein|TERC,G,505,A
MEG_6957|Metals|Tellurium_resistance|Tellurium_resistance_protein|TERC,T,620,C
MEG_6957|Metals|Tellurium_resistance|Tellurium_resistance_protein|TERC,T,761,C
MEG_6957|Metals|Tellurium_resistance|Tellurium_resistance_protein|TERC,G,797,C
MEG_6958|Metals|Tellurium_resistance|Tellurium_resistance_protein|TERD,T,116,G
MEG_6958|Metals|Tellurium_resistance|Tellurium_resistance_protein|TERD,A,191,G
MEG_6958|Metals|Tellurium_resistance|Tellurium_resistance_protein|TERD,G,322,A
MEG_6958|Metals|Tellurium_resistance|Tellurium_resistance_protein|TERD,C,380,G
MEG_6959|Metals|Tellurium_resistance|Tellurium_resistance_protein|TERE,A,158,C
MEG_6959|Metals|Tellurium_resistance|Tellurium_resistance_protein|TERE,A,553,T
MEG_6960|Metals|Tellurium_resistance|Tellurium_resistance_protein|TERW,G,3,C
MEG_6960|Metals|Tellurium_resistance|Tellurium_resistance_protein|TERW,C,54,G
MEG_6960|Metals|Tellurium_resistance|Tellurium_resistance_protein|TERW,C,89,A
MEG_6960|Metals|Tellurium_resistance|Tellurium_resistance_protein|TERW,C,104,G
MEG_6960|Metals|Tellurium_resistance|Tellurium_resistance_protein|TERW,A,112,G
MEG_6960|Metals|Tellurium_resistance|Tellurium_resistance_protein|TERW,A,191,T
MEG_6960|Metals|Tellurium_resistance|Tellurium_resistance_protein|TERW,G,213,A
MEG_6960|Metals|Tellurium_resistance|Tellurium_resistance_protein|TERW,C,232,A
MEG_6960|Metals|Tellurium_resistance|Tellurium_resistance_protein|TERW,T,293,G
MEG_6960|Metals|Tellurium_resistance|Tellurium_resistance_protein|TERW,G,370,C
MEG_6961|Metals|Tellurium_resistance|Tellurium_resistance_protein|TERZ,G,232,A
MEG_6962|Metals|Tellurium_resistance|Tellurium_resistance_protein|TERZ,C,60,A
MEG_6962|Metals|Tellurium_resistance|Tellurium_resistance_protein|TERZ,C,221,T
MEG_6962|Metals|Tellurium_resistance|Tellurium_resistance_protein|TERZ,G,247,T
MEG_6962|Metals|Tellurium_resistance|Tellurium_resistance_protein|TERZ,G,529,A
MEG_6962|Metals|Tellurium_resistance|Tellurium_resistance_protein|TERZ,T,553,C
MEG_7269|Metals|Tellurium_resistance|Tellurium_resistance_protein|TRGA,A,1,C
MEG_7269|Metals|Tellurium_resistance|Tellurium_resistance_protein|TRGA,T,2,G
MEG_7269|Metals|Tellurium_resistance|Tellurium_resistance_protein|TRGA,C,200,A
MEG_7269|Metals|Tellurium_resistance|Tellurium_resistance_protein|TRGA,A,248,G
MEG_7269|Metals|Tellurium_resistance|Tellurium_resistance_protein|TRGA,A,341,G
MEG_7269|Metals|Tellurium_resistance|Tellurium_resistance_protein|TRGA,T,353,C
MEG_7269|Metals|Tellurium_resistance|Tellurium_resistance_protein|TRGA,G,378,T
MEG_7269|Metals|Tellurium_resistance|Tellurium_resistance_protein|TRGA,T,410,C
MEG_7269|Metals|Tellurium_resistance|Tellurium_resistance_protein|TRGA,G,411,T
MEG_11429|Metals|Tellurium_resistance|Tellurium_resistance_protein|TERA,A,312,G
MEG_11429|Metals|Tellurium_resistance|Tellurium_resistance_protein|TERA,A,628,G
MEG_11429|Metals|Tellurium_resistance|Tellurium_resistance_protein|TERA,A,846,T
MEG_11429|Metals|Tellurium_resistance|Tellurium_resistance_protein|TERA,A,1138,T
MEG_2654|Metals|Copper_resistance|Copper_resistance_protein|DNAK,G,328,A
MEG_2654|Metals|Copper_resistance|Copper_resistance_protein|DNAK,C,606,A
MEG_2654|Metals|Copper_resistance|Copper_resistance_protein|DNAK,C,663,T
MEG_2654|Metals|Copper_resistance|Copper_resistance_protein|DNAK,G,778,A
MEG_2654|Metals|Copper_resistance|Copper_resistance_protein|DNAK,C,1308,T
MEG_2654|Metals|Copper_resistance|Copper_resistance_protein|DNAK,A,1414,C
MEG_2654|Metals|Copper_resistance|Copper_resistance_protein|DNAK,C,1815,G
MEG_2017|Metals|Copper_resistance|Copper_resistance_regulator|COMR,C,138,G
MEG_2017|Metals|Copper_resistance|Copper_resistance_regulator|COMR,T,233,A
MEG_2017|Metals|Copper_resistance|Copper_resistance_regulator|COMR,A,325,C
MEG_2017|Metals|Copper_resistance|Copper_resistance_regulator|COMR,C,617,T
MEG_2049|Metals|Copper_resistance|Copper_resistance_protein|COPC,T,96,C
MEG_2049|Metals|Copper_resistance|Copper_resistance_protein|COPC,A,107,T
MEG_2049|Metals|Copper_resistance|Copper_resistance_protein|COPC,A,140,G
MEG_2049|Metals|Copper_resistance|Copper_resistance_protein|COPC,A,166,T
MEG_2049|Metals|Copper_resistance|Copper_resistance_protein|COPC,A,241,C
MEG_2049|Metals|Copper_resistance|Copper_resistance_protein|COPC,T,275,G
MEG_2067|Metals|Copper_resistance|Copper_resistance_protein|COPP,T,77,A
MEG_2024|Metals|Copper_resistance|Copper_resistance_protein|COPA,C,11,A
MEG_2024|Metals|Copper_resistance|Copper_resistance_protein|COPA,A,147,C
MEG_2024|Metals|Copper_resistance|Copper_resistance_protein|COPA,C,168,G
MEG_2024|Metals|Copper_resistance|Copper_resistance_protein|COPA,A,169,T
MEG_2024|Metals|Copper_resistance|Copper_resistance_protein|COPA,A,204,T
MEG_2443|Metals|Copper_resistance|Copper_resistance_regulator|CUER,C,113,A
MEG_2443|Metals|Copper_resistance|Copper_resistance_regulator|CUER,C,135,T
MEG_2443|Metals|Copper_resistance|Copper_resistance_regulator|CUER,C,151,G
MEG_2443|Metals|Copper_resistance|Copper_resistance_regulator|CUER,C,192,G
MEG_2443|Metals|Copper_resistance|Copper_resistance_regulator|CUER,A,259,C
MEG_2443|Metals|Copper_resistance|Copper_resistance_regulator|CUER,G,274,T
MEG_2443|Metals|Copper_resistance|Copper_resistance_regulator|CUER,C,299,G
MEG_2443|Metals|Copper_resistance|Copper_resistance_regulator|CUER,C,309,T
MEG_2443|Metals|Copper_resistance|Copper_resistance_regulator|CUER,C,394,A
MEG_2053|Metals|Copper_resistance|Copper_resistance_protein|COPD,T,122,A
MEG_2053|Metals|Copper_resistance|Copper_resistance_protein|COPD,T,157,A
MEG_2053|Metals|Copper_resistance|Copper_resistance_protein|COPD,A,467,G
MEG_2053|Metals|Copper_resistance|Copper_resistance_protein|COPD,A,522,G
MEG_2053|Metals|Copper_resistance|Copper_resistance_protein|COPD,G,582,C
MEG_2053|Metals|Copper_resistance|Copper_resistance_protein|COPD,G,618,T
MEG_2053|Metals|Copper_resistance|Copper_resistance_protein|COPD,G,858,T
MEG_2456|Metals|Copper_resistance|Copper_resistance_protein|CUTC,G,103,A
MEG_2456|Metals|Copper_resistance|Copper_resistance_protein|CUTC,G,340,T
MEG_2440|Metals|Copper_resistance|Copper_resistance_protein|CUEO,G,623,C
MEG_2440|Metals|Copper_resistance|Copper_resistance_protein|CUEO,G,804,C
MEG_2440|Metals|Copper_resistance|Copper_resistance_protein|CUEO,C,991,G
MEG_2440|Metals|Copper_resistance|Copper_resistance_protein|CUEO,A,1150,C
MEG_2440|Metals|Copper_resistance|Copper_resistance_protein|CUEO,T,1265,C
MEG_2036|Metals|Copper_resistance|Copper_resistance_protein|COPB,A,89,G
MEG_2036|Metals|Copper_resistance|Copper_resistance_protein|COPB,A,390,T
MEG_2036|Metals|Copper_resistance|Copper_resistance_protein|COPB,G,430,C
MEG_2036|Metals|Copper_resistance|Copper_resistance_protein|COPB,T,535,C
MEG_2036|Metals|Copper_resistance|Copper_resistance_protein|COPB,G,564,A
MEG_2036|Metals|Copper_resistance|Copper_resistance_protein|COPB,G,583,T
MEG_2036|Metals|Copper_resistance|Copper_resistance_protein|COPB,A,653,T
MEG_2036|Metals|Copper_resistance|Copper_resistance_protein|COPB,G,713,A
MEG_2036|Metals|Copper_resistance|Copper_resistance_protein|COPB,A,804,C
MEG_3277|Metals|Copper_resistance|Copper_resistance_protein|HPCOPP,T,68,G
MEG_3277|Metals|Copper_resistance|Copper_resistance_protein|HPCOPP,C,72,A
MEG_3277|Metals|Copper_resistance|Copper_resistance_protein|HPCOPP,G,136,A
MEG_3277|Metals|Copper_resistance|Copper_resistance_protein|HPCOPP,A,144,C
MEG_3277|Metals|Copper_resistance|Copper_resistance_protein|HPCOPP,T,197,G
MEG_2037|Metals|Copper_resistance|Copper_resistance_protein|COPB,C,710,A
MEG_5420|Metals|Copper_resistance|Copper_resistance_protein|PCOC,A,7,C
MEG_5420|Metals|Copper_resistance|Copper_resistance_protein|PCOC,G,40,T
MEG_5420|Metals|Copper_resistance|Copper_resistance_protein|PCOC,T,55,A
MEG_5420|Metals|Copper_resistance|Copper_resistance_protein|PCOC,G,66,T
MEG_5420|Metals|Copper_resistance|Copper_resistance_protein|PCOC,C,89,A
MEG_5420|Metals|Copper_resistance|Copper_resistance_protein|PCOC,A,104,T
MEG_5420|Metals|Copper_resistance|Copper_resistance_protein|PCOC,T,155,A
MEG_5420|Metals|Copper_resistance|Copper_resistance_protein|PCOC,C,220,T
MEG_5420|Metals|Copper_resistance|Copper_resistance_protein|PCOC,G,323,C
MEG_1231|Metals|Copper_resistance|Copper_resistance_regulator|BHSA,T,47,G
MEG_1231|Metals|Copper_resistance|Copper_resistance_regulator|BHSA,T,53,G
MEG_1231|Metals|Copper_resistance|Copper_resistance_regulator|BHSA,A,80,T
MEG_1231|Metals|Copper_resistance|Copper_resistance_regulator|BHSA,C,88,T
MEG_1231|Metals|Copper_resistance|Copper_resistance_regulator|BHSA,C,148,A
MEG_1231|Metals|Copper_resistance|Copper_resistance_regulator|BHSA,G,163,C
MEG_1231|Metals|Copper_resistance|Copper_resistance_regulator|BHSA,G,174,T
MEG_1231|Metals|Copper_resistance|Copper_resistance_regulator|BHSA,A,253,C
MEG_1231|Metals|Copper_resistance|Copper_resistance_regulator|BHSA,A,258,T
MEG_2136|Metals|Copper_resistance|Copper_resistance_regulator|CSOR,G,9,T
MEG_2136|Metals|Copper_resistance|Copper_resistance_regulator|CSOR,C,123,T
MEG_2136|Metals|Copper_resistance|Copper_resistance_regulator|CSOR,T,133,A
MEG_2136|Metals|Copper_resistance|Copper_resistance_regulator|CSOR,T,219,G
MEG_2143|Metals|Copper_resistance|Copper_resistance_protein|CTPV,G,28,A
MEG_2143|Metals|Copper_resistance|Copper_resistance_protein|CTPV,C,1078,A
MEG_2143|Metals|Copper_resistance|Copper_resistance_protein|CTPV,G,1635,T
MEG_2079|Metals|Copper_resistance|Copper_resistance_protein|COPV,G,24,A
MEG_2079|Metals|Copper_resistance|Copper_resistance_protein|COPV,G,30,C
MEG_2079|Metals|Copper_resistance|Copper_resistance_protein|COPV,G,79,C
MEG_2079|Metals|Copper_resistance|Copper_resistance_protein|COPV,C,82,G
MEG_2079|Metals|Copper_resistance|Copper_resistance_protein|COPV,C,89,A
MEG_2079|Metals|Copper_resistance|Copper_resistance_protein|COPV,C,182,T
MEG_2079|Metals|Copper_resistance|Copper_resistance_protein|COPV,T,198,G
MEG_2455|Metals|Copper_resistance|Copper_resistance_protein|CUTC,T,119,G
MEG_2455|Metals|Copper_resistance|Copper_resistance_protein|CUTC,C,135,T
MEG_2455|Metals|Copper_resistance|Copper_resistance_protein|CUTC,A,274,T
MEG_2455|Metals|Copper_resistance|Copper_resistance_protein|CUTC,G,276,A
MEG_2455|Metals|Copper_resistance|Copper_resistance_protein|CUTC,G,278,A
MEG_2455|Metals|Copper_resistance|Copper_resistance_protein|CUTC,G,382,C
MEG_2455|Metals|Copper_resistance|Copper_resistance_protein|CUTC,G,565,C
MEG_2455|Metals|Copper_resistance|Copper_resistance_protein|CUTC,T,625,C
MEG_2455|Metals|Copper_resistance|Copper_resistance_protein|CUTC,A,724,C
MEG_2032|Metals|Copper_resistance|Copper_resistance_protein|COPA,T,236,G
MEG_2032|Metals|Copper_resistance|Copper_resistance_protein|COPA,C,280,T
MEG_2032|Metals|Copper_resistance|Copper_resistance_protein|COPA,C,1089,T
MEG_2032|Metals|Copper_resistance|Copper_resistance_protein|COPA,G,1759,C
MEG_2032|Metals|Copper_resistance|Copper_resistance_protein|COPA,G,1873,A
MEG_2070|Metals|Copper_resistance|Copper_resistance_regulator|COPR,A,7,G
MEG_2070|Metals|Copper_resistance|Copper_resistance_regulator|COPR,T,41,C
MEG_2070|Metals|Copper_resistance|Copper_resistance_regulator|COPR,A,117,G
MEG_2070|Metals|Copper_resistance|Copper_resistance_regulator|COPR,C,118,T
MEG_2070|Metals|Copper_resistance|Copper_resistance_regulator|COPR,G,140,A
MEG_2070|Metals|Copper_resistance|Copper_resistance_regulator|COPR,T,248,C
MEG_2070|Metals|Copper_resistance|Copper_resistance_regulator|COPR,A,345,T
MEG_2070|Metals|Copper_resistance|Copper_resistance_regulator|COPR,A,382,C
MEG_2070|Metals|Copper_resistance|Copper_resistance_regulator|COPR,A,383,T
MEG_2070|Metals|Copper_resistance|Copper_resistance_regulator|COPR,A,469,C
MEG_2051|Metals|Copper_resistance|Copper_resistance_protein|COPD,G,16,T
MEG_2051|Metals|Copper_resistance|Copper_resistance_protein|COPD,G,455,A
MEG_2051|Metals|Copper_resistance|Copper_resistance_protein|COPD,T,593,C
MEG_2051|Metals|Copper_resistance|Copper_resistance_protein|COPD,T,625,G
MEG_2051|Metals|Copper_resistance|Copper_resistance_protein|COPD,A,732,G
MEG_2051|Metals|Copper_resistance|Copper_resistance_protein|COPD,A,800,T
MEG_2038|Metals|Copper_resistance|Copper_resistance_protein|COPB,C,43,G
MEG_2038|Metals|Copper_resistance|Copper_resistance_protein|COPB,C,123,A
MEG_2038|Metals|Copper_resistance|Copper_resistance_protein|COPB,C,268,A
MEG_2038|Metals|Copper_resistance|Copper_resistance_protein|COPB,G,356,A
MEG_2038|Metals|Copper_resistance|Copper_resistance_protein|COPB,C,756,G
MEG_2038|Metals|Copper_resistance|Copper_resistance_protein|COPB,T,822,A
MEG_2038|Metals|Copper_resistance|Copper_resistance_protein|COPB,C,905,T
MEG_7828|Metals|Copper_resistance|Copper_resistance_protein|YFMO,G,570,C
MEG_7828|Metals|Copper_resistance|Copper_resistance_protein|YFMO,T,972,C
MEG_7828|Metals|Copper_resistance|Copper_resistance_protein|YFMO,T,1136,G
MEG_5417|Metals|Copper_resistance|Copper_resistance_protein|PCOB,T,6,C
MEG_5417|Metals|Copper_resistance|Copper_resistance_protein|PCOB,T,149,G
MEG_5417|Metals|Copper_resistance|Copper_resistance_protein|PCOB,C,356,G
MEG_5417|Metals|Copper_resistance|Copper_resistance_protein|PCOB,G,820,T
MEG_2069|Metals|Copper_resistance|Copper_resistance_regulator|COPR,A,20,C
MEG_2069|Metals|Copper_resistance|Copper_resistance_regulator|COPR,G,42,C
MEG_2069|Metals|Copper_resistance|Copper_resistance_regulator|COPR,A,320,C
MEG_2069|Metals|Copper_resistance|Copper_resistance_regulator|COPR,G,480,A
MEG_2069|Metals|Copper_resistance|Copper_resistance_regulator|COPR,C,628,A
MEG_5424|Metals|Copper_resistance|Copper_resistance_regulator|PCOR,A,544,C
MEG_2047|Metals|Copper_resistance|Copper_resistance_protein|COPC,A,14,G
MEG_2047|Metals|Copper_resistance|Copper_resistance_protein|COPC,C,74,G
MEG_2047|Metals|Copper_resistance|Copper_resistance_protein|COPC,G,105,A
MEG_2047|Metals|Copper_resistance|Copper_resistance_protein|COPC,G,132,C
MEG_2047|Metals|Copper_resistance|Copper_resistance_protein|COPC,T,144,A
MEG_2047|Metals|Copper_resistance|Copper_resistance_protein|COPC,T,212,G
MEG_2047|Metals|Copper_resistance|Copper_resistance_protein|COPC,T,233,C
MEG_2047|Metals|Copper_resistance|Copper_resistance_protein|COPC,G,250,T
MEG_2047|Metals|Copper_resistance|Copper_resistance_protein|COPC,G,319,A
MEG_2047|Metals|Copper_resistance|Copper_resistance_protein|COPC,T,371,G
MEG_2045|Metals|Copper_resistance|Copper_resistance_protein|COPC,C,159,T
MEG_2045|Metals|Copper_resistance|Copper_resistance_protein|COPC,C,189,A
MEG_2045|Metals|Copper_resistance|Copper_resistance_protein|COPC,T,312,C
MEG_2045|Metals|Copper_resistance|Copper_resistance_protein|COPC,C,334,A
MEG_3278|Metals|Copper_resistance|Copper_resistance_protein|HPCOPP,A,6,C
MEG_3278|Metals|Copper_resistance|Copper_resistance_protein|HPCOPP,T,13,C
MEG_3278|Metals|Copper_resistance|Copper_resistance_protein|HPCOPP,G,49,C
MEG_3278|Metals|Copper_resistance|Copper_resistance_protein|HPCOPP,G,71,C
MEG_3278|Metals|Copper_resistance|Copper_resistance_protein|HPCOPP,T,96,A
MEG_3278|Metals|Copper_resistance|Copper_resistance_protein|HPCOPP,T,171,C
MEG_3278|Metals|Copper_resistance|Copper_resistance_protein|HPCOPP,G,186,C
MEG_3278|Metals|Copper_resistance|Copper_resistance_protein|HPCOPP,T,194,G
MEG_2080|Metals|Copper_resistance|Copper_resistance_regulator|COPY,G,49,T
MEG_2653|Metals|Copper_resistance|Copper_resistance_protein|DNAK,C,109,G
MEG_2653|Metals|Copper_resistance|Copper_resistance_protein|DNAK,C,153,G
MEG_2653|Metals|Copper_resistance|Copper_resistance_protein|DNAK,C,648,G
MEG_2653|Metals|Copper_resistance|Copper_resistance_protein|DNAK,T,802,C
MEG_5421|Metals|Copper_resistance|Copper_resistance_protein|PCOD,C,85,A
MEG_5421|Metals|Copper_resistance|Copper_resistance_protein|PCOD,A,97,C
MEG_5421|Metals|Copper_resistance|Copper_resistance_protein|PCOD,C,201,G
MEG_5421|Metals|Copper_resistance|Copper_resistance_protein|PCOD,T,377,A
MEG_5421|Metals|Copper_resistance|Copper_resistance_protein|PCOD,C,443,A
MEG_5421|Metals|Copper_resistance|Copper_resistance_protein|PCOD,T,570,G
MEG_5421|Metals|Copper_resistance|Copper_resistance_protein|PCOD,C,738,T
MEG_5421|Metals|Copper_resistance|Copper_resistance_protein|PCOD,T,827,A
MEG_5421|Metals|Copper_resistance|Copper_resistance_protein|PCOD,C,843,A
MEG_5421|Metals|Copper_resistance|Copper_resistance_protein|PCOD,G,896,T
MEG_3276|Metals|Copper_resistance|Copper_resistance_protein|HPCOPP,A,28,C
MEG_3276|Metals|Copper_resistance|Copper_resistance_protein|HPCOPP,G,35,T
MEG_3276|Metals|Copper_resistance|Copper_resistance_protein|HPCOPP,A,55,C
MEG_3276|Metals|Copper_resistance|Copper_resistance_protein|HPCOPP,G,85,T
MEG_3276|Metals|Copper_resistance|Copper_resistance_protein|HPCOPP,T,126,A
MEG_3276|Metals|Copper_resistance|Copper_resistance_protein|HPCOPP,T,128,G
MEG_3276|Metals|Copper_resistance|Copper_resistance_protein|HPCOPP,A,163,C
MEG_3276|Metals|Copper_resistance|Copper_resistance_protein|HPCOPP,T,176,C
MEG_3276|Metals|Copper_resistance|Copper_resistance_protein|HPCOPP,A,188,T
MEG_3276|Metals|Copper_resistance|Copper_resistance_protein|HPCOPP,A,198,T
MEG_3733|Metals|Copper_resistance|Copper_resistance_protein|MCTB,A,305,T
MEG_3733|Metals|Copper_resistance|Copper_resistance_protein|MCTB,C,510,G
MEG_3733|Metals|Copper_resistance|Copper_resistance_protein|MCTB,C,602,T
MEG_3733|Metals|Copper_resistance|Copper_resistance_protein|MCTB,C,740,G
MEG_2458|Metals|Copper_resistance|Copper_resistance_protein|CUTF,T,642,A
MEG_2046|Metals|Copper_resistance|Copper_resistance_protein|COPC,C,4,T
MEG_2046|Metals|Copper_resistance|Copper_resistance_protein|COPC,C,8,G
MEG_2046|Metals|Copper_resistance|Copper_resistance_protein|COPC,A,162,C
MEG_2046|Metals|Copper_resistance|Copper_resistance_protein|COPC,C,173,T
MEG_2046|Metals|Copper_resistance|Copper_resistance_protein|COPC,A,226,G
MEG_2046|Metals|Copper_resistance|Copper_resistance_protein|COPC,G,321,C
MEG_2046|Metals|Copper_resistance|Copper_resistance_protein|COPC,C,347,G
MEG_2046|Metals|Copper_resistance|Copper_resistance_protein|COPC,C,354,T
MEG_2046|Metals|Copper_resistance|Copper_resistance_protein|COPC,A,370,T
MEG_2083|Metals|Copper_resistance|Copper_resistance_regulator|COPZ,T,20,G
MEG_2083|Metals|Copper_resistance|Copper_resistance_regulator|COPZ,T,33,G
MEG_2083|Metals|Copper_resistance|Copper_resistance_regulator|COPZ,A,92,C
MEG_2083|Metals|Copper_resistance|Copper_resistance_regulator|COPZ,G,187,A
MEG_2030|Metals|Copper_resistance|Copper_resistance_protein|COPA,G,73,T
MEG_2030|Metals|Copper_resistance|Copper_resistance_protein|COPA,C,952,T
MEG_2030|Metals|Copper_resistance|Copper_resistance_protein|COPA,G,1372,A
MEG_2021|Metals|Copper_resistance|Copper_resistance_protein|COPA,A,548,C
MEG_2021|Metals|Copper_resistance|Copper_resistance_protein|COPA,T,720,G
MEG_2021|Metals|Copper_resistance|Copper_resistance_protein|COPA,G,999,A
MEG_2021|Metals|Copper_resistance|Copper_resistance_protein|COPA,A,1717,T
MEG_2021|Metals|Copper_resistance|Copper_resistance_protein|COPA,G,1753,T
MEG_2025|Metals|Copper_resistance|Copper_resistance_protein|COPA,A,37,T
MEG_2025|Metals|Copper_resistance|Copper_resistance_protein|COPA,A,281,G
MEG_2025|Metals|Copper_resistance|Copper_resistance_protein|COPA,C,323,T
MEG_2025|Metals|Copper_resistance|Copper_resistance_protein|COPA,A,753,G
MEG_2025|Metals|Copper_resistance|Copper_resistance_protein|COPA,T,872,G
MEG_2025|Metals|Copper_resistance|Copper_resistance_protein|COPA,C,1143,G
MEG_2025|Metals|Copper_resistance|Copper_resistance_protein|COPA,T,1348,C
MEG_2025|Metals|Copper_resistance|Copper_resistance_protein|COPA,A,1373,T
MEG_2025|Metals|Copper_resistance|Copper_resistance_protein|COPA,G,1525,T
MEG_2025|Metals|Copper_resistance|Copper_resistance_protein|COPA,A,1607,G
MEG_722|Drugs|Cationic_antimicrobial_peptides|Lipid_A_modification|ALMG,A,7,T
MEG_722|Drugs|Cationic_antimicrobial_peptides|Lipid_A_modification|ALMG,T,212,G
MEG_722|Drugs|Cationic_antimicrobial_peptides|Lipid_A_modification|ALMG,T,278,G
MEG_722|Drugs|Cationic_antimicrobial_peptides|Lipid_A_modification|ALMG,A,508,C
MEG_722|Drugs|Cationic_antimicrobial_peptides|Lipid_A_modification|ALMG,A,552,G
MEG_722|Drugs|Cationic_antimicrobial_peptides|Lipid_A_modification|ALMG,A,806,G
MEG_1122|Drugs|Cationic_antimicrobial_peptides|Polymyxin_B_resistance_regulator|ARNA,T,983,G
MEG_1122|Drugs|Cationic_antimicrobial_peptides|Polymyxin_B_resistance_regulator|ARNA,G,1290,T
MEG_1122|Drugs|Cationic_antimicrobial_peptides|Polymyxin_B_resistance_regulator|ARNA,A,1478,C
MEG_1122|Drugs|Cationic_antimicrobial_peptides|Polymyxin_B_resistance_regulator|ARNA,C,1796,A
MEG_1122|Drugs|Cationic_antimicrobial_peptides|Polymyxin_B_resistance_regulator|ARNA,G,1890,C
MEG_1198|Drugs|Cationic_antimicrobial_peptides|Polymyxin_B_resistance_regulator|BASRS,C,341,A
MEG_1198|Drugs|Cationic_antimicrobial_peptides|Polymyxin_B_resistance_regulator|BASRS,G,522,T
MEG_1198|Drugs|Cationic_antimicrobial_peptides|Polymyxin_B_resistance_regulator|BASRS,C,1330,T
MEG_2700|Drugs|Cationic_antimicrobial_peptides|Edeine_acetyltransferase|EDEQ,T,191,G
MEG_2700|Drugs|Cationic_antimicrobial_peptides|Edeine_acetyltransferase|EDEQ,A,225,C
MEG_2700|Drugs|Cationic_antimicrobial_peptides|Edeine_acetyltransferase|EDEQ,C,351,G
MEG_2700|Drugs|Cationic_antimicrobial_peptides|Edeine_acetyltransferase|EDEQ,G,380,T
MEG_2700|Drugs|Cationic_antimicrobial_peptides|Edeine_acetyltransferase|EDEQ,T,382,G
MEG_2700|Drugs|Cationic_antimicrobial_peptides|Edeine_acetyltransferase|EDEQ,T,403,G
MEG_2700|Drugs|Cationic_antimicrobial_peptides|Edeine_acetyltransferase|EDEQ,A,438,T
MEG_2739|Drugs|Cationic_antimicrobial_peptides|Lipid_A_modification|EPTA,C,713,T
MEG_2739|Drugs|Cationic_antimicrobial_peptides|Lipid_A_modification|EPTA,T,1189,G
MEG_4053|Drugs|Cationic_antimicrobial_peptides|Defensin-resistant_mprF|MPRF,G,1144,C
MEG_4053|Drugs|Cationic_antimicrobial_peptides|Defensin-resistant_mprF|MPRF,A,1168,T
MEG_4053|Drugs|Cationic_antimicrobial_peptides|Defensin-resistant_mprF|MPRF,T,1218,C
MEG_4053|Drugs|Cationic_antimicrobial_peptides|Defensin-resistant_mprF|MPRF,A,1420,T
MEG_4053|Drugs|Cationic_antimicrobial_peptides|Defensin-resistant_mprF|MPRF,C,1698,T
MEG_4053|Drugs|Cationic_antimicrobial_peptides|Defensin-resistant_mprF|MPRF,T,2148,C
MEG_4053|Drugs|Cationic_antimicrobial_peptides|Defensin-resistant_mprF|MPRF,T,2486,A
MEG_4054|Drugs|Cationic_antimicrobial_peptides|Defensin-resistant_mprF|MPRF,C,331,G
MEG_4054|Drugs|Cationic_antimicrobial_peptides|Defensin-resistant_mprF|MPRF,T,417,C
MEG_4054|Drugs|Cationic_antimicrobial_peptides|Defensin-resistant_mprF|MPRF,C,684,A
MEG_4054|Drugs|Cationic_antimicrobial_peptides|Defensin-resistant_mprF|MPRF,C,1764,T
MEG_4054|Drugs|Cationic_antimicrobial_peptides|Defensin-resistant_mprF|MPRF,A,1826,T
MEG_4054|Drugs|Cationic_antimicrobial_peptides|Defensin-resistant_mprF|MPRF,T,1994,C
MEG_4054|Drugs|Cationic_antimicrobial_peptides|Defensin-resistant_mprF|MPRF,C,2503,G
MEG_4055|Drugs|Cationic_antimicrobial_peptides|Defensin-resistant_mprF|MPRF,A,549,G
MEG_4055|Drugs|Cationic_antimicrobial_peptides|Defensin-resistant_mprF|MPRF,T,1244,G
MEG_4055|Drugs|Cationic_antimicrobial_peptides|Defensin-resistant_mprF|MPRF,T,1361,G
MEG_4055|Drugs|Cationic_antimicrobial_peptides|Defensin-resistant_mprF|MPRF,A,1864,T
MEG_4056|Drugs|Cationic_antimicrobial_peptides|Defensin-resistant_mprF|MPRF,A,184,C
MEG_4056|Drugs|Cationic_antimicrobial_peptides|Defensin-resistant_mprF|MPRF,T,359,G
MEG_4056|Drugs|Cationic_antimicrobial_peptides|Defensin-resistant_mprF|MPRF,A,463,C
MEG_4056|Drugs|Cationic_antimicrobial_peptides|Defensin-resistant_mprF|MPRF,A,552,T
MEG_4056|Drugs|Cationic_antimicrobial_peptides|Defensin-resistant_mprF|MPRF,A,645,T
MEG_4056|Drugs|Cationic_antimicrobial_peptides|Defensin-resistant_mprF|MPRF,T,1557,C
MEG_5801|Drugs|Cationic_antimicrobial_peptides|Lipid_A_modification|PMRF,A,94,T
MEG_5801|Drugs|Cationic_antimicrobial_peptides|Lipid_A_modification|PMRF,A,186,G
MEG_5801|Drugs|Cationic_antimicrobial_peptides|Lipid_A_modification|PMRF,G,318,T
MEG_5801|Drugs|Cationic_antimicrobial_peptides|Lipid_A_modification|PMRF,T,558,A
MEG_5801|Drugs|Cationic_antimicrobial_peptides|Lipid_A_modification|PMRF,G,651,A
MEG_5801|Drugs|Cationic_antimicrobial_peptides|Lipid_A_modification|PMRF,A,801,C
MEG_5801|Drugs|Cationic_antimicrobial_peptides|Lipid_A_modification|PMRF,A,804,C
MEG_5801|Drugs|Cationic_antimicrobial_peptides|Lipid_A_modification|PMRF,T,843,A
MEG_7328|Drugs|Cationic_antimicrobial_peptides|Lipid_A_modification|UGD,C,131,A
MEG_7328|Drugs|Cationic_antimicrobial_peptides|Lipid_A_modification|UGD,C,180,T
MEG_7328|Drugs|Cationic_antimicrobial_peptides|Lipid_A_modification|UGD,C,210,G
MEG_7328|Drugs|Cationic_antimicrobial_peptides|Lipid_A_modification|UGD,A,241,G
MEG_7328|Drugs|Cationic_antimicrobial_peptides|Lipid_A_modification|UGD,G,334,A
MEG_7328|Drugs|Cationic_antimicrobial_peptides|Lipid_A_modification|UGD,C,567,A
MEG_7328|Drugs|Cationic_antimicrobial_peptides|Lipid_A_modification|UGD,T,781,C
MEG_723|Metals|Aluminum_resistance|Aluminum_resistance_protein|ALU1P,T,228,G
MEG_723|Metals|Aluminum_resistance|Aluminum_resistance_protein|ALU1P,G,327,C
MEG_723|Metals|Aluminum_resistance|Aluminum_resistance_protein|ALU1P,T,494,G
MEG_3075|Metals|Aluminum_resistance|Aluminum_ATPase_|G2ALT,T,24,A
MEG_3075|Metals|Aluminum_resistance|Aluminum_ATPase_|G2ALT,A,49,G
MEG_3075|Metals|Aluminum_resistance|Aluminum_ATPase_|G2ALT,T,80,A
MEG_3075|Metals|Aluminum_resistance|Aluminum_ATPase_|G2ALT,A,126,G
MEG_3075|Metals|Aluminum_resistance|Aluminum_ATPase_|G2ALT,A,226,G
MEG_3075|Metals|Aluminum_resistance|Aluminum_ATPase_|G2ALT,A,238,C
MEG_3075|Metals|Aluminum_resistance|Aluminum_ATPase_|G2ALT,A,328,C
MEG_3075|Metals|Aluminum_resistance|Aluminum_ATPase_|G2ALT,G,429,A
MEG_3075|Metals|Aluminum_resistance|Aluminum_ATPase_|G2ALT,T,623,A
MEG_3075|Metals|Aluminum_resistance|Aluminum_ATPase_|G2ALT,A,643,G
MEG_1123|Drugs|Rifampin|Rifampin_ADP-ribosyltransferase_Arr|ARR,T,13,C
MEG_1123|Drugs|Rifampin|Rifampin_ADP-ribosyltransferase_Arr|ARR,G,186,A
MEG_1123|Drugs|Rifampin|Rifampin_ADP-ribosyltransferase_Arr|ARR,A,252,G
MEG_1123|Drugs|Rifampin|Rifampin_ADP-ribosyltransferase_Arr|ARR,A,309,C
MEG_1123|Drugs|Rifampin|Rifampin_ADP-ribosyltransferase_Arr|ARR,A,312,G
MEG_1123|Drugs|Rifampin|Rifampin_ADP-ribosyltransferase_Arr|ARR,C,326,A
MEG_1123|Drugs|Rifampin|Rifampin_ADP-ribosyltransferase_Arr|ARR,T,364,C
MEG_1123|Drugs|Rifampin|Rifampin_ADP-ribosyltransferase_Arr|ARR,A,447,C
MEG_1123|Drugs|Rifampin|Rifampin_ADP-ribosyltransferase_Arr|ARR,C,450,A
MEG_1124|Drugs|Rifampin|Rifampin_ADP-ribosyltransferase_Arr|ARR,T,47,A
MEG_1124|Drugs|Rifampin|Rifampin_ADP-ribosyltransferase_Arr|ARR,C,64,G
MEG_1124|Drugs|Rifampin|Rifampin_ADP-ribosyltransferase_Arr|ARR,C,200,G
MEG_1124|Drugs|Rifampin|Rifampin_ADP-ribosyltransferase_Arr|ARR,G,222,C
MEG_1124|Drugs|Rifampin|Rifampin_ADP-ribosyltransferase_Arr|ARR,T,347,C
MEG_1124|Drugs|Rifampin|Rifampin_ADP-ribosyltransferase_Arr|ARR,A,360,T
MEG_1124|Drugs|Rifampin|Rifampin_ADP-ribosyltransferase_Arr|ARR,G,392,C
MEG_1124|Drugs|Rifampin|Rifampin_ADP-ribosyltransferase_Arr|ARR,A,413,C
MEG_1124|Drugs|Rifampin|Rifampin_ADP-ribosyltransferase_Arr|ARR,C,441,G
MEG_1125|Drugs|Rifampin|Rifampin_ADP-ribosyltransferase_Arr|ARR,C,311,G
MEG_1125|Drugs|Rifampin|Rifampin_ADP-ribosyltransferase_Arr|ARR,G,350,C
MEG_1126|Drugs|Rifampin|Rifampin_ADP-ribosyltransferase_Arr|ARR,T,4,C
MEG_1126|Drugs|Rifampin|Rifampin_ADP-ribosyltransferase_Arr|ARR,G,25,C
MEG_1126|Drugs|Rifampin|Rifampin_ADP-ribosyltransferase_Arr|ARR,T,146,A
MEG_1126|Drugs|Rifampin|Rifampin_ADP-ribosyltransferase_Arr|ARR,G,375,T
MEG_1127|Drugs|Rifampin|Rifampin_ADP-ribosyltransferase_Arr|ARR,T,203,G
MEG_1128|Drugs|Rifampin|Rifampin_ADP-ribosyltransferase_Arr|ARR,T,116,G
MEG_1128|Drugs|Rifampin|Rifampin_ADP-ribosyltransferase_Arr|ARR,G,186,A
MEG_1128|Drugs|Rifampin|Rifampin_ADP-ribosyltransferase_Arr|ARR,C,314,A
MEG_1128|Drugs|Rifampin|Rifampin_ADP-ribosyltransferase_Arr|ARR,C,319,A
MEG_1128|Drugs|Rifampin|Rifampin_ADP-ribosyltransferase_Arr|ARR,A,406,C
MEG_1129|Drugs|Rifampin|Rifampin_ADP-ribosyltransferase_Arr|ARR,A,70,T
MEG_1129|Drugs|Rifampin|Rifampin_ADP-ribosyltransferase_Arr|ARR,G,92,C
MEG_1129|Drugs|Rifampin|Rifampin_ADP-ribosyltransferase_Arr|ARR,G,163,T
MEG_1129|Drugs|Rifampin|Rifampin_ADP-ribosyltransferase_Arr|ARR,A,202,G
MEG_1129|Drugs|Rifampin|Rifampin_ADP-ribosyltransferase_Arr|ARR,A,252,G
MEG_1129|Drugs|Rifampin|Rifampin_ADP-ribosyltransferase_Arr|ARR,A,255,T
MEG_1129|Drugs|Rifampin|Rifampin_ADP-ribosyltransferase_Arr|ARR,C,326,A
MEG_1129|Drugs|Rifampin|Rifampin_ADP-ribosyltransferase_Arr|ARR,T,328,G
MEG_1129|Drugs|Rifampin|Rifampin_ADP-ribosyltransferase_Arr|ARR,G,392,C
MEG_1130|Drugs|Rifampin|Rifampin_ADP-ribosyltransferase_Arr|ARR,C,136,T
MEG_1130|Drugs|Rifampin|Rifampin_ADP-ribosyltransferase_Arr|ARR,G,247,C
MEG_1130|Drugs|Rifampin|Rifampin_ADP-ribosyltransferase_Arr|ARR,G,403,A
MEG_1131|Drugs|Rifampin|Rifampin_ADP-ribosyltransferase_Arr|ARR,A,81,T
MEG_1131|Drugs|Rifampin|Rifampin_ADP-ribosyltransferase_Arr|ARR,C,258,A
MEG_1131|Drugs|Rifampin|Rifampin_ADP-ribosyltransferase_Arr|ARR,C,282,G
MEG_1131|Drugs|Rifampin|Rifampin_ADP-ribosyltransferase_Arr|ARR,C,322,G
MEG_1131|Drugs|Rifampin|Rifampin_ADP-ribosyltransferase_Arr|ARR,T,338,A
MEG_1131|Drugs|Rifampin|Rifampin_ADP-ribosyltransferase_Arr|ARR,G,365,T
MEG_1131|Drugs|Rifampin|Rifampin_ADP-ribosyltransferase_Arr|ARR,G,412,T
MEG_1132|Drugs|Rifampin|Rifampin_ADP-ribosyltransferase_Arr|ARR,T,296,G
MEG_1132|Drugs|Rifampin|Rifampin_ADP-ribosyltransferase_Arr|ARR,C,363,T
MEG_1133|Drugs|Rifampin|Rifampin_ADP-ribosyltransferase_Arr|ARR,G,15,T
MEG_1134|Drugs|Rifampin|Rifampin_ADP-ribosyltransferase_Arr|ARR,A,1,G
MEG_1134|Drugs|Rifampin|Rifampin_ADP-ribosyltransferase_Arr|ARR,T,61,C
MEG_1134|Drugs|Rifampin|Rifampin_ADP-ribosyltransferase_Arr|ARR,G,267,T
MEG_1134|Drugs|Rifampin|Rifampin_ADP-ribosyltransferase_Arr|ARR,G,268,C
MEG_1134|Drugs|Rifampin|Rifampin_ADP-ribosyltransferase_Arr|ARR,A,283,G
MEG_1134|Drugs|Rifampin|Rifampin_ADP-ribosyltransferase_Arr|ARR,C,318,G
MEG_1134|Drugs|Rifampin|Rifampin_ADP-ribosyltransferase_Arr|ARR,T,338,G
MEG_1134|Drugs|Rifampin|Rifampin_ADP-ribosyltransferase_Arr|ARR,T,376,C
MEG_1134|Drugs|Rifampin|Rifampin_ADP-ribosyltransferase_Arr|ARR,A,437,G
MEG_1134|Drugs|Rifampin|Rifampin_ADP-ribosyltransferase_Arr|ARR,T,447,A
MEG_1135|Drugs|Rifampin|Rifampin_ADP-ribosyltransferase_Arr|ARR,C,28,T
MEG_1135|Drugs|Rifampin|Rifampin_ADP-ribosyltransferase_Arr|ARR,T,58,G
MEG_1135|Drugs|Rifampin|Rifampin_ADP-ribosyltransferase_Arr|ARR,T,86,C
MEG_1135|Drugs|Rifampin|Rifampin_ADP-ribosyltransferase_Arr|ARR,A,155,G
MEG_1135|Drugs|Rifampin|Rifampin_ADP-ribosyltransferase_Arr|ARR,A,236,G
MEG_1135|Drugs|Rifampin|Rifampin_ADP-ribosyltransferase_Arr|ARR,C,240,G
MEG_1135|Drugs|Rifampin|Rifampin_ADP-ribosyltransferase_Arr|ARR,G,278,C
MEG_1135|Drugs|Rifampin|Rifampin_ADP-ribosyltransferase_Arr|ARR,T,428,C
MEG_1136|Drugs|Rifampin|Rifampin_ADP-ribosyltransferase_Arr|ARR,C,191,G
MEG_1136|Drugs|Rifampin|Rifampin_ADP-ribosyltransferase_Arr|ARR,C,373,T
MEG_1137|Drugs|Rifampin|Rifampin_ADP-ribosyltransferase_Arr|ARR,C,153,G
MEG_1137|Drugs|Rifampin|Rifampin_ADP-ribosyltransferase_Arr|ARR,C,156,A
MEG_1137|Drugs|Rifampin|Rifampin_ADP-ribosyltransferase_Arr|ARR,G,276,T
MEG_1137|Drugs|Rifampin|Rifampin_ADP-ribosyltransferase_Arr|ARR,A,286,C
MEG_1137|Drugs|Rifampin|Rifampin_ADP-ribosyltransferase_Arr|ARR,A,332,C
MEG_1137|Drugs|Rifampin|Rifampin_ADP-ribosyltransferase_Arr|ARR,C,377,A
MEG_1137|Drugs|Rifampin|Rifampin_ADP-ribosyltransferase_Arr|ARR,T,389,C
MEG_1138|Drugs|Rifampin|Rifampin_ADP-ribosyltransferase_Arr|ARR,C,216,G
MEG_1138|Drugs|Rifampin|Rifampin_ADP-ribosyltransferase_Arr|ARR,A,243,G
MEG_3434|Drugs|Rifampin|Monooxygenase|IRI,A,95,G
MEG_3434|Drugs|Rifampin|Monooxygenase|IRI,C,615,T
MEG_3434|Drugs|Rifampin|Monooxygenase|IRI,T,820,C
MEG_3434|Drugs|Rifampin|Monooxygenase|IRI,C,831,A
MEG_3434|Drugs|Rifampin|Monooxygenase|IRI,A,890,C
MEG_3434|Drugs|Rifampin|Monooxygenase|IRI,C,893,A
MEG_3434|Drugs|Rifampin|Monooxygenase|IRI,C,1002,A
MEG_6047|Drugs|Rifampin|RNA-polymerase_binding_protein|RBPA,G,55,T
MEG_6047|Drugs|Rifampin|RNA-polymerase_binding_protein|RBPA,C,58,A
MEG_6047|Drugs|Rifampin|RNA-polymerase_binding_protein|RBPA,G,73,T
MEG_6047|Drugs|Rifampin|RNA-polymerase_binding_protein|RBPA,C,79,G
MEG_6047|Drugs|Rifampin|RNA-polymerase_binding_protein|RBPA,C,174,G
MEG_6047|Drugs|Rifampin|RNA-polymerase_binding_protein|RBPA,C,192,T
MEG_6047|Drugs|Rifampin|RNA-polymerase_binding_protein|RBPA,T,254,C
MEG_6047|Drugs|Rifampin|RNA-polymerase_binding_protein|RBPA,C,270,T
MEG_6047|Drugs|Rifampin|RNA-polymerase_binding_protein|RBPA,G,291,C
MEG_6047|Drugs|Rifampin|RNA-polymerase_binding_protein|RBPA,A,308,T
MEG_6054|Drugs|Rifampin|Rifampin_glycosyltransferase|RGT,G,32,T
MEG_6054|Drugs|Rifampin|Rifampin_glycosyltransferase|RGT,C,472,G
MEG_6054|Drugs|Rifampin|Rifampin_glycosyltransferase|RGT,T,572,C
MEG_6054|Drugs|Rifampin|Rifampin_glycosyltransferase|RGT,A,772,C
MEG_6085|Drugs|Rifampin|Monooxygenase|ROX,T,740,G
MEG_6086|Drugs|Rifampin|Rifampin_phosphotransferase|RPH,T,287,C
MEG_6086|Drugs|Rifampin|Rifampin_phosphotransferase|RPH,T,349,G
MEG_6086|Drugs|Rifampin|Rifampin_phosphotransferase|RPH,T,420,C
MEG_6086|Drugs|Rifampin|Rifampin_phosphotransferase|RPH,G,1213,T
MEG_6086|Drugs|Rifampin|Rifampin_phosphotransferase|RPH,A,1625,T
MEG_6086|Drugs|Rifampin|Rifampin_phosphotransferase|RPH,T,2031,G
MEG_6087|Drugs|Rifampin|Rifampin_phosphotransferase|RPH,C,630,T
MEG_6087|Drugs|Rifampin|Rifampin_phosphotransferase|RPH,G,2187,A
MEG_6088|Drugs|Rifampin|Rifampin_phosphotransferase|RPH,C,987,G
MEG_6088|Drugs|Rifampin|Rifampin_phosphotransferase|RPH,C,1669,G
MEG_6089|Drugs|Rifampin|Rifampin_phosphotransferase|RPH,A,1804,T
MEG_8674|Drugs|Rifampin|Rifampin-resistant_beta-subunit_of_RNA_polymerase_RpoB|RPOB,G,270,T
MEG_8674|Drugs|Rifampin|Rifampin-resistant_beta-subunit_of_RNA_polymerase_RpoB|RPOB,G,2284,C
MEG_8674|Drugs|Rifampin|Rifampin-resistant_beta-subunit_of_RNA_polymerase_RpoB|RPOB,A,2389,C
MEG_8674|Drugs|Rifampin|Rifampin-resistant_beta-subunit_of_RNA_polymerase_RpoB|RPOB,C,2619,G
MEG_8674|Drugs|Rifampin|Rifampin-resistant_beta-subunit_of_RNA_polymerase_RpoB|RPOB,C,3153,T
MEG_8674|Drugs|Rifampin|Rifampin-resistant_beta-subunit_of_RNA_polymerase_RpoB|RPOB,C,3240,G
MEG_10008|Drugs|Rifampin|Rifampin-resistant_beta-subunit_of_RNA_polymerase_RpoB|RPOB,T,552,C
MEG_10008|Drugs|Rifampin|Rifampin-resistant_beta-subunit_of_RNA_polymerase_RpoB|RPOB,T,1058,G
MEG_10008|Drugs|Rifampin|Rifampin-resistant_beta-subunit_of_RNA_polymerase_RpoB|RPOB,T,1380,C
MEG_10008|Drugs|Rifampin|Rifampin-resistant_beta-subunit_of_RNA_polymerase_RpoB|RPOB,T,1655,C
MEG_10008|Drugs|Rifampin|Rifampin-resistant_beta-subunit_of_RNA_polymerase_RpoB|RPOB,G,2377,T
MEG_10008|Drugs|Rifampin|Rifampin-resistant_beta-subunit_of_RNA_polymerase_RpoB|RPOB,A,3035,G
MEG_10008|Drugs|Rifampin|Rifampin-resistant_beta-subunit_of_RNA_polymerase_RpoB|RPOB,A,3768,T
MEG_10088|Drugs|Rifampin|RNA_polymerase_protection_protein|HELR,T,1339,G
MEG_10128|Drugs|Rifampin|Rifampin_monooyxgenase|ROX,T,4,C
MEG_10128|Drugs|Rifampin|Rifampin_monooyxgenase|ROX,C,27,G
MEG_10128|Drugs|Rifampin|Rifampin_monooyxgenase|ROX,T,493,G
MEG_10128|Drugs|Rifampin|Rifampin_monooyxgenase|ROX,C,523,A
MEG_10128|Drugs|Rifampin|Rifampin_monooyxgenase|ROX,C,709,G
MEG_11322|Metals|Multi-metal_resistance|Multi-metal_resistance_protein|ARSA,C,334,T
MEG_11322|Metals|Multi-metal_resistance|Multi-metal_resistance_protein|ARSA,A,596,C
MEG_11322|Metals|Multi-metal_resistance|Multi-metal_resistance_protein|ARSA,G,1114,C
MEG_11322|Metals|Multi-metal_resistance|Multi-metal_resistance_protein|ARSA,T,1212,C
MEG_11322|Metals|Multi-metal_resistance|Multi-metal_resistance_protein|ARSA,T,1295,A
MEG_11322|Metals|Multi-metal_resistance|Multi-metal_resistance_protein|ARSA,A,1359,T
MEG_2091|Metals|Multi-metal_resistance|Multi-metal_resistance_protein|CORC,T,65,G
MEG_2091|Metals|Multi-metal_resistance|Multi-metal_resistance_protein|CORC,A,184,T
MEG_2091|Metals|Multi-metal_resistance|Multi-metal_resistance_protein|CORC,C,192,G
MEG_2091|Metals|Multi-metal_resistance|Multi-metal_resistance_protein|CORC,T,314,A
MEG_2091|Metals|Multi-metal_resistance|Multi-metal_resistance_protein|CORC,T,373,A
MEG_2091|Metals|Multi-metal_resistance|Multi-metal_resistance_protein|CORC,T,415,A
MEG_2091|Metals|Multi-metal_resistance|Multi-metal_resistance_protein|CORC,T,416,C
MEG_2091|Metals|Multi-metal_resistance|Multi-metal_resistance_protein|CORC,C,616,G
MEG_2091|Metals|Multi-metal_resistance|Multi-metal_resistance_protein|CORC,T,668,C
MEG_2091|Metals|Multi-metal_resistance|Multi-metal_resistance_protein|CORC,C,845,A
MEG_4122|Metals|Multi-metal_resistance|Multi-metal_MFS_efflux_regulator|NCRB,A,34,T
MEG_4122|Metals|Multi-metal_resistance|Multi-metal_MFS_efflux_regulator|NCRB,C,60,G
MEG_4122|Metals|Multi-metal_resistance|Multi-metal_MFS_efflux_regulator|NCRB,G,156,C
MEG_4122|Metals|Multi-metal_resistance|Multi-metal_MFS_efflux_regulator|NCRB,A,165,T
MEG_4122|Metals|Multi-metal_resistance|Multi-metal_MFS_efflux_regulator|NCRB,C,190,T
MEG_4122|Metals|Multi-metal_resistance|Multi-metal_MFS_efflux_regulator|NCRB,T,268,C
MEG_4129|Metals|Multi-metal_resistance|Multi-metal_resistance_protein|NCZA,C,507,A
MEG_4129|Metals|Multi-metal_resistance|Multi-metal_resistance_protein|NCZA,G,2021,A
MEG_4129|Metals|Multi-metal_resistance|Multi-metal_resistance_protein|NCZA,G,2156,C
MEG_4129|Metals|Multi-metal_resistance|Multi-metal_resistance_protein|NCZA,C,2257,A
MEG_4129|Metals|Multi-metal_resistance|Multi-metal_resistance_protein|NCZA,C,2643,A
MEG_4129|Metals|Multi-metal_resistance|Multi-metal_resistance_protein|NCZA,G,2862,A
MEG_4115|Metals|Multi-metal_resistance|Multi-metal_resistance_protein|NCCN,A,37,G
MEG_4115|Metals|Multi-metal_resistance|Multi-metal_resistance_protein|NCCN,T,107,G
MEG_4115|Metals|Multi-metal_resistance|Multi-metal_resistance_protein|NCCN,T,225,A
MEG_4115|Metals|Multi-metal_resistance|Multi-metal_resistance_protein|NCCN,A,249,T
MEG_4115|Metals|Multi-metal_resistance|Multi-metal_resistance_protein|NCCN,T,590,A
MEG_2690|Metals|Multi-metal_resistance|Multi-metal_resistance_protein|DSBB,T,180,C
MEG_2690|Metals|Multi-metal_resistance|Multi-metal_resistance_protein|DSBB,T,289,G
MEG_2690|Metals|Multi-metal_resistance|Multi-metal_resistance_protein|DSBB,G,322,A
MEG_5777|Metals|Multi-metal_resistance|Multi-metal_resistance_protein|PGPA,G,724,A
MEG_5777|Metals|Multi-metal_resistance|Multi-metal_resistance_protein|PGPA,G,1401,A
MEG_5777|Metals|Multi-metal_resistance|Multi-metal_resistance_protein|PGPA,A,3288,T
MEG_5777|Metals|Multi-metal_resistance|Multi-metal_resistance_protein|PGPA,A,3756,G
MEG_4217|Metals|Multi-metal_resistance|Multi-metal_resistance_protein|NREB,A,99,C
MEG_4217|Metals|Multi-metal_resistance|Multi-metal_resistance_protein|NREB,T,252,G
MEG_4217|Metals|Multi-metal_resistance|Multi-metal_resistance_protein|NREB,C,496,A
MEG_4217|Metals|Multi-metal_resistance|Multi-metal_resistance_protein|NREB,G,556,C
MEG_4217|Metals|Multi-metal_resistance|Multi-metal_resistance_protein|NREB,A,866,G
MEG_4217|Metals|Multi-metal_resistance|Multi-metal_resistance_protein|NREB,C,917,A
MEG_4217|Metals|Multi-metal_resistance|Multi-metal_resistance_protein|NREB,A,1138,C
MEG_11336|Metals|Multi-metal_resistance|Multi-metal_resistance_regulator|CADC,G,3,A
MEG_11336|Metals|Multi-metal_resistance|Multi-metal_resistance_regulator|CADC,T,120,G
MEG_11336|Metals|Multi-metal_resistance|Multi-metal_resistance_regulator|CADC,A,133,G
MEG_11336|Metals|Multi-metal_resistance|Multi-metal_resistance_regulator|CADC,T,171,A
MEG_11336|Metals|Multi-metal_resistance|Multi-metal_resistance_regulator|CADC,C,212,T
MEG_11336|Metals|Multi-metal_resistance|Multi-metal_resistance_regulator|CADC,A,231,G
MEG_11336|Metals|Multi-metal_resistance|Multi-metal_resistance_regulator|CADC,A,270,T
MEG_11336|Metals|Multi-metal_resistance|Multi-metal_resistance_regulator|CADC,A,292,G
MEG_6504|Metals|Multi-metal_resistance|Multi-metal_RND_efflux_pumps|SILF,T,69,A
MEG_6504|Metals|Multi-metal_resistance|Multi-metal_RND_efflux_pumps|SILF,A,170,G
MEG_6504|Metals|Multi-metal_resistance|Multi-metal_RND_efflux_pumps|SILF,T,298,C
MEG_6504|Metals|Multi-metal_resistance|Multi-metal_RND_efflux_pumps|SILF,A,354,C
MEG_7270|Metals|Multi-metal_resistance|Multi-metal_resistance_regulator|TRGB,C,25,T
MEG_7270|Metals|Multi-metal_resistance|Multi-metal_resistance_regulator|TRGB,G,76,A
MEG_7270|Metals|Multi-metal_resistance|Multi-metal_resistance_regulator|TRGB,T,155,C
MEG_7270|Metals|Multi-metal_resistance|Multi-metal_resistance_regulator|TRGB,T,170,C
MEG_7270|Metals|Multi-metal_resistance|Multi-metal_resistance_regulator|TRGB,G,300,C
MEG_7270|Metals|Multi-metal_resistance|Multi-metal_resistance_regulator|TRGB,C,809,G
MEG_7270|Metals|Multi-metal_resistance|Multi-metal_resistance_regulator|TRGB,G,1068,T
MEG_5423|Metals|Multi-metal_resistance|Multi-metal_resistance_regulator|PCOE,C,204,A
MEG_5423|Metals|Multi-metal_resistance|Multi-metal_resistance_regulator|PCOE,C,259,A
MEG_5423|Metals|Multi-metal_resistance|Multi-metal_resistance_regulator|PCOE,G,330,A
MEG_2473|Metals|Multi-metal_resistance|Multi-metal_RND_efflux_regulator|CZCR,G,25,C
MEG_2473|Metals|Multi-metal_resistance|Multi-metal_RND_efflux_regulator|CZCR,T,58,C
MEG_2473|Metals|Multi-metal_resistance|Multi-metal_RND_efflux_regulator|CZCR,A,455,G
MEG_2473|Metals|Multi-metal_resistance|Multi-metal_RND_efflux_regulator|CZCR,T,563,G
MEG_6507|Metals|Multi-metal_resistance|Multi-metal_RND_efflux_pumps|SILP,C,404,T
MEG_6507|Metals|Multi-metal_resistance|Multi-metal_RND_efflux_pumps|SILP,C,433,A
MEG_6507|Metals|Multi-metal_resistance|Multi-metal_RND_efflux_pumps|SILP,C,607,T
MEG_6507|Metals|Multi-metal_resistance|Multi-metal_RND_efflux_pumps|SILP,G,1450,C
MEG_6507|Metals|Multi-metal_resistance|Multi-metal_RND_efflux_pumps|SILP,G,1574,A
MEG_6507|Metals|Multi-metal_resistance|Multi-metal_RND_efflux_pumps|SILP,A,1687,T
MEG_6507|Metals|Multi-metal_resistance|Multi-metal_RND_efflux_pumps|SILP,G,2043,A
MEG_2678|Metals|Multi-metal_resistance|Multi-metal_resistance_protein|DSBA,G,40,T
MEG_2678|Metals|Multi-metal_resistance|Multi-metal_resistance_protein|DSBA,G,58,A
MEG_2678|Metals|Multi-metal_resistance|Multi-metal_resistance_protein|DSBA,T,136,A
MEG_2678|Metals|Multi-metal_resistance|Multi-metal_resistance_protein|DSBA,A,220,C
MEG_2678|Metals|Multi-metal_resistance|Multi-metal_resistance_protein|DSBA,A,269,G
MEG_2678|Metals|Multi-metal_resistance|Multi-metal_resistance_protein|DSBA,C,306,A
MEG_2678|Metals|Multi-metal_resistance|Multi-metal_resistance_protein|DSBA,C,323,A
MEG_2678|Metals|Multi-metal_resistance|Multi-metal_resistance_protein|DSBA,T,324,A
MEG_2678|Metals|Multi-metal_resistance|Multi-metal_resistance_protein|DSBA,A,617,T
MEG_1483|Metals|Multi-metal_resistance|Multi-metal_resistance_protein|CADA,A,509,G
MEG_1483|Metals|Multi-metal_resistance|Multi-metal_resistance_protein|CADA,T,684,C
MEG_1483|Metals|Multi-metal_resistance|Multi-metal_resistance_protein|CADA,A,685,T
MEG_1483|Metals|Multi-metal_resistance|Multi-metal_resistance_protein|CADA,G,1435,C
MEG_1483|Metals|Multi-metal_resistance|Multi-metal_resistance_protein|CADA,A,1487,C
MEG_1483|Metals|Multi-metal_resistance|Multi-metal_resistance_protein|CADA,A,1658,T
MEG_1483|Metals|Multi-metal_resistance|Multi-metal_resistance_protein|CADA,A,1682,T
MEG_2087|Metals|Multi-metal_resistance|Multi-metal_resistance_protein|CORA,G,3,C
MEG_2087|Metals|Multi-metal_resistance|Multi-metal_resistance_protein|CORA,T,226,A
MEG_2087|Metals|Multi-metal_resistance|Multi-metal_resistance_protein|CORA,T,394,G
MEG_2087|Metals|Multi-metal_resistance|Multi-metal_resistance_protein|CORA,T,422,A
MEG_2087|Metals|Multi-metal_resistance|Multi-metal_resistance_protein|CORA,C,496,G
MEG_2087|Metals|Multi-metal_resistance|Multi-metal_resistance_protein|CORA,G,519,T
MEG_2087|Metals|Multi-metal_resistance|Multi-metal_resistance_protein|CORA,C,685,T
MEG_2087|Metals|Multi-metal_resistance|Multi-metal_resistance_protein|CORA,T,869,G
MEG_2087|Metals|Multi-metal_resistance|Multi-metal_resistance_protein|CORA,G,880,A
MEG_2087|Metals|Multi-metal_resistance|Multi-metal_resistance_protein|CORA,A,940,C
MEG_2084|Metals|Multi-metal_resistance|Multi-metal_resistance_protein|CORA,C,101,T
MEG_2084|Metals|Multi-metal_resistance|Multi-metal_resistance_protein|CORA,G,853,A
MEG_4010|Metals|Multi-metal_resistance|Multi-metal_ABC_efflux_pumps|MODC,C,104,A
MEG_4010|Metals|Multi-metal_resistance|Multi-metal_ABC_efflux_pumps|MODC,G,196,C
MEG_4010|Metals|Multi-metal_resistance|Multi-metal_ABC_efflux_pumps|MODC,T,262,A
MEG_4010|Metals|Multi-metal_resistance|Multi-metal_ABC_efflux_pumps|MODC,A,276,C
MEG_4010|Metals|Multi-metal_resistance|Multi-metal_ABC_efflux_pumps|MODC,T,701,A
MEG_4010|Metals|Multi-metal_resistance|Multi-metal_ABC_efflux_pumps|MODC,G,801,C
MEG_4010|Metals|Multi-metal_resistance|Multi-metal_ABC_efflux_pumps|MODC,C,1021,A
MEG_2085|Metals|Multi-metal_resistance|Multi-metal_resistance_protein|CORA,T,184,A
MEG_2085|Metals|Multi-metal_resistance|Multi-metal_resistance_protein|CORA,C,364,A
MEG_2085|Metals|Multi-metal_resistance|Multi-metal_resistance_protein|CORA,G,537,A
MEG_2085|Metals|Multi-metal_resistance|Multi-metal_resistance_protein|CORA,G,711,C
MEG_2085|Metals|Multi-metal_resistance|Multi-metal_resistance_protein|CORA,G,807,T
MEG_2085|Metals|Multi-metal_resistance|Multi-metal_resistance_protein|CORA,T,868,G
MEG_2085|Metals|Multi-metal_resistance|Multi-metal_resistance_protein|CORA,A,937,G
MEG_3439|Metals|Multi-metal_resistance|Multi-metal_resistance_regulator|IRLS,T,255,A
MEG_3439|Metals|Multi-metal_resistance|Multi-metal_resistance_regulator|IRLS,G,283,A
MEG_3439|Metals|Multi-metal_resistance|Multi-metal_resistance_regulator|IRLS,C,426,T
MEG_3439|Metals|Multi-metal_resistance|Multi-metal_resistance_regulator|IRLS,G,582,C
MEG_3439|Metals|Multi-metal_resistance|Multi-metal_resistance_regulator|IRLS,G,753,T
MEG_3439|Metals|Multi-metal_resistance|Multi-metal_resistance_regulator|IRLS,G,771,T
MEG_3439|Metals|Multi-metal_resistance|Multi-metal_resistance_regulator|IRLS,C,925,T
MEG_3439|Metals|Multi-metal_resistance|Multi-metal_resistance_regulator|IRLS,G,999,T
MEG_3439|Metals|Multi-metal_resistance|Multi-metal_resistance_regulator|IRLS,C,1152,G
MEG_7821|Metals|Multi-metal_resistance|Multi-metal_resistance_protein|YFEA,G,754,A
MEG_2471|Metals|Multi-metal_resistance|Multi-metal_RND_efflux_pumps|CZCP,C,19,T
MEG_2471|Metals|Multi-metal_resistance|Multi-metal_RND_efflux_pumps|CZCP,T,30,C
MEG_2471|Metals|Multi-metal_resistance|Multi-metal_RND_efflux_pumps|CZCP,C,45,T
MEG_2471|Metals|Multi-metal_resistance|Multi-metal_RND_efflux_pumps|CZCP,C,1256,G
MEG_2471|Metals|Multi-metal_resistance|Multi-metal_RND_efflux_pumps|CZCP,C,1702,G
MEG_2471|Metals|Multi-metal_resistance|Multi-metal_RND_efflux_pumps|CZCP,T,2240,G
MEG_2471|Metals|Multi-metal_resistance|Multi-metal_RND_efflux_pumps|CZCP,C,2485,A
MEG_11337|Metals|Multi-metal_resistance|Multi-metal_resistance_regulator|CADC,A,156,G
MEG_11337|Metals|Multi-metal_resistance|Multi-metal_resistance_regulator|CADC,C,267,T
MEG_7822|Metals|Multi-metal_resistance|Multi-metal_resistance_protein|YFEA,A,40,C
MEG_7822|Metals|Multi-metal_resistance|Multi-metal_resistance_protein|YFEA,G,105,C
MEG_7822|Metals|Multi-metal_resistance|Multi-metal_resistance_protein|YFEA,A,341,T
MEG_7822|Metals|Multi-metal_resistance|Multi-metal_resistance_protein|YFEA,A,635,T
MEG_7822|Metals|Multi-metal_resistance|Multi-metal_resistance_protein|YFEA,A,729,T
MEG_7822|Metals|Multi-metal_resistance|Multi-metal_resistance_protein|YFEA,T,885,A
MEG_7822|Metals|Multi-metal_resistance|Multi-metal_resistance_protein|YFEA,A,942,G
MEG_11333|Metals|Multi-metal_resistance|Multi-metal_resistance_protein|CADA,T,433,C
MEG_11333|Metals|Multi-metal_resistance|Multi-metal_resistance_protein|CADA,G,1045,C
MEG_11333|Metals|Multi-metal_resistance|Multi-metal_resistance_protein|CADA,T,1145,C
MEG_11333|Metals|Multi-metal_resistance|Multi-metal_resistance_protein|CADA,T,1555,C
MEG_11333|Metals|Multi-metal_resistance|Multi-metal_resistance_protein|CADA,G,1647,A
MEG_11333|Metals|Multi-metal_resistance|Multi-metal_resistance_protein|CADA,T,1738,G
MEG_2139|Metals|Multi-metal_resistance|Multi-metal_resistance_protein|CTPC,C,1073,T
MEG_2139|Metals|Multi-metal_resistance|Multi-metal_resistance_protein|CTPC,G,1245,T
MEG_2139|Metals|Multi-metal_resistance|Multi-metal_resistance_protein|CTPC,C,1442,A
MEG_4004|Metals|Multi-metal_resistance|Multi-metal_ABC_efflux_pumps|MODB,C,48,T
MEG_4004|Metals|Multi-metal_resistance|Multi-metal_ABC_efflux_pumps|MODB,C,128,A
MEG_4004|Metals|Multi-metal_resistance|Multi-metal_ABC_efflux_pumps|MODB,G,190,A
MEG_4004|Metals|Multi-metal_resistance|Multi-metal_ABC_efflux_pumps|MODB,G,215,T
MEG_4004|Metals|Multi-metal_resistance|Multi-metal_ABC_efflux_pumps|MODB,C,420,A
MEG_4004|Metals|Multi-metal_resistance|Multi-metal_ABC_efflux_pumps|MODB,T,470,A
MEG_4004|Metals|Multi-metal_resistance|Multi-metal_ABC_efflux_pumps|MODB,T,532,A
MEG_4004|Metals|Multi-metal_resistance|Multi-metal_ABC_efflux_pumps|MODB,G,576,A
MEG_11335|Metals|Multi-metal_resistance|Multi-metal_resistance_regulator|CADC,G,60,C
MEG_11335|Metals|Multi-metal_resistance|Multi-metal_resistance_regulator|CADC,T,113,A
MEG_11335|Metals|Multi-metal_resistance|Multi-metal_resistance_regulator|CADC,G,114,A
MEG_11335|Metals|Multi-metal_resistance|Multi-metal_resistance_regulator|CADC,A,119,T
MEG_11335|Metals|Multi-metal_resistance|Multi-metal_resistance_regulator|CADC,T,142,C
MEG_11335|Metals|Multi-metal_resistance|Multi-metal_resistance_regulator|CADC,G,247,C
MEG_11335|Metals|Multi-metal_resistance|Multi-metal_resistance_regulator|CADC,A,269,C
MEG_11335|Metals|Multi-metal_resistance|Multi-metal_resistance_regulator|CADC,A,333,T
MEG_11335|Metals|Multi-metal_resistance|Multi-metal_resistance_regulator|CADC,G,352,A
MEG_2013|Metals|Multi-metal_resistance|Multi-metal_resistance_regulator|CNRR,T,122,C
MEG_2016|Metals|Multi-metal_resistance|Multi-metal_resistance_regulator|COAR,A,521,T
MEG_2016|Metals|Multi-metal_resistance|Multi-metal_resistance_regulator|COAR,C,942,A
MEG_2016|Metals|Multi-metal_resistance|Multi-metal_resistance_regulator|COAR,A,972,C
MEG_2016|Metals|Multi-metal_resistance|Multi-metal_resistance_regulator|COAR,C,995,G
MEG_3461|Metals|Multi-metal_resistance|Multi-metal_resistance_regulator|KMTR,T,29,G
MEG_3461|Metals|Multi-metal_resistance|Multi-metal_resistance_regulator|KMTR,T,46,G
MEG_3461|Metals|Multi-metal_resistance|Multi-metal_resistance_regulator|KMTR,G,63,T
MEG_3461|Metals|Multi-metal_resistance|Multi-metal_resistance_regulator|KMTR,G,121,A
MEG_3461|Metals|Multi-metal_resistance|Multi-metal_resistance_regulator|KMTR,T,152,G
MEG_3461|Metals|Multi-metal_resistance|Multi-metal_resistance_regulator|KMTR,C,164,A
MEG_3461|Metals|Multi-metal_resistance|Multi-metal_resistance_regulator|KMTR,C,196,T
MEG_3461|Metals|Multi-metal_resistance|Multi-metal_resistance_regulator|KMTR,T,239,G
MEG_1484|Metals|Multi-metal_resistance|Multi-metal_resistance_protein|CADA,G,177,A
MEG_1484|Metals|Multi-metal_resistance|Multi-metal_resistance_protein|CADA,G,185,T
MEG_1484|Metals|Multi-metal_resistance|Multi-metal_resistance_protein|CADA,A,430,T
MEG_1484|Metals|Multi-metal_resistance|Multi-metal_resistance_protein|CADA,G,663,C
MEG_1484|Metals|Multi-metal_resistance|Multi-metal_resistance_protein|CADA,A,820,C
MEG_1484|Metals|Multi-metal_resistance|Multi-metal_resistance_protein|CADA,G,1240,T
MEG_1484|Metals|Multi-metal_resistance|Multi-metal_resistance_protein|CADA,G,1491,A
MEG_1484|Metals|Multi-metal_resistance|Multi-metal_resistance_protein|CADA,A,1893,T
MEG_1484|Metals|Multi-metal_resistance|Multi-metal_resistance_protein|CADA,C,2027,G
MEG_1153|Metals|Multi-metal_resistance|Multi-metal_resistance_protein|ARSBM,T,192,G
MEG_1153|Metals|Multi-metal_resistance|Multi-metal_resistance_protein|ARSBM,A,817,T
MEG_1153|Metals|Multi-metal_resistance|Multi-metal_resistance_protein|ARSBM,C,975,G
MEG_1153|Metals|Multi-metal_resistance|Multi-metal_resistance_protein|ARSBM,C,1148,A
MEG_2448|Metals|Multi-metal_resistance|Multi-metal_RND_efflux_pumps|CUSC,A,191,C
MEG_2448|Metals|Multi-metal_resistance|Multi-metal_RND_efflux_pumps|CUSC,G,264,T
MEG_2448|Metals|Multi-metal_resistance|Multi-metal_RND_efflux_pumps|CUSC,G,279,A
MEG_2448|Metals|Multi-metal_resistance|Multi-metal_RND_efflux_pumps|CUSC,A,546,T
MEG_2448|Metals|Multi-metal_resistance|Multi-metal_RND_efflux_pumps|CUSC,T,632,A
MEG_2448|Metals|Multi-metal_resistance|Multi-metal_RND_efflux_pumps|CUSC,T,720,C
MEG_2448|Metals|Multi-metal_resistance|Multi-metal_RND_efflux_pumps|CUSC,C,965,T
MEG_2448|Metals|Multi-metal_resistance|Multi-metal_RND_efflux_pumps|CUSC,T,970,A
MEG_2448|Metals|Multi-metal_resistance|Multi-metal_RND_efflux_pumps|CUSC,G,1017,C
MEG_2448|Metals|Multi-metal_resistance|Multi-metal_RND_efflux_pumps|CUSC,T,1236,A
MEG_11320|Metals|Multi-metal_resistance|Multi-metal_resistance_protein|ARSA,C,1337,A
MEG_11320|Metals|Multi-metal_resistance|Multi-metal_resistance_protein|ARSA,G,1562,T
MEG_4166|Metals|Multi-metal_resistance|Multi-metal_resistance_protein|NIA,C,761,T
MEG_4166|Metals|Multi-metal_resistance|Multi-metal_resistance_protein|NIA,G,985,A
MEG_4166|Metals|Multi-metal_resistance|Multi-metal_resistance_protein|NIA,G,1462,C
MEG_3168|Metals|Multi-metal_resistance|Multi-metal_resistance_protein|GOLT,A,226,T
MEG_3168|Metals|Multi-metal_resistance|Multi-metal_resistance_protein|GOLT,C,482,A
MEG_3168|Metals|Multi-metal_resistance|Multi-metal_resistance_protein|GOLT,G,853,A
MEG_3168|Metals|Multi-metal_resistance|Multi-metal_resistance_protein|GOLT,T,898,G
MEG_3168|Metals|Multi-metal_resistance|Multi-metal_resistance_protein|GOLT,G,1195,A
MEG_3168|Metals|Multi-metal_resistance|Multi-metal_resistance_protein|GOLT,T,1572,C
MEG_3168|Metals|Multi-metal_resistance|Multi-metal_resistance_protein|GOLT,G,1669,T
MEG_3168|Metals|Multi-metal_resistance|Multi-metal_resistance_protein|GOLT,T,1740,G
MEG_3168|Metals|Multi-metal_resistance|Multi-metal_resistance_protein|GOLT,G,2190,A
MEG_3168|Metals|Multi-metal_resistance|Multi-metal_resistance_protein|GOLT,C,2267,G
MEG_2015|Metals|Multi-metal_resistance|Multi-metal_resistance_protein|CNRY,T,81,G
MEG_2015|Metals|Multi-metal_resistance|Multi-metal_resistance_protein|CNRY,A,94,T
MEG_2015|Metals|Multi-metal_resistance|Multi-metal_resistance_protein|CNRY,G,100,T
MEG_2015|Metals|Multi-metal_resistance|Multi-metal_resistance_protein|CNRY,G,155,A
MEG_2015|Metals|Multi-metal_resistance|Multi-metal_resistance_protein|CNRY,C,161,T
MEG_2015|Metals|Multi-metal_resistance|Multi-metal_resistance_protein|CNRY,G,199,A
MEG_2015|Metals|Multi-metal_resistance|Multi-metal_resistance_protein|CNRY,G,202,T
MEG_2015|Metals|Multi-metal_resistance|Multi-metal_resistance_protein|CNRY,A,205,C
MEG_2015|Metals|Multi-metal_resistance|Multi-metal_resistance_protein|CNRY,C,230,A
MEG_2015|Metals|Multi-metal_resistance|Multi-metal_resistance_protein|CNRY,A,244,G
MEG_2465|Metals|Multi-metal_resistance|Multi-metal_RND_efflux_regulator|CZCC,A,95,T
MEG_2465|Metals|Multi-metal_resistance|Multi-metal_RND_efflux_regulator|CZCC,C,787,T
MEG_2465|Metals|Multi-metal_resistance|Multi-metal_RND_efflux_regulator|CZCC,C,1278,T
MEG_1168|Biocides|Naphthoquinone|Naphthoquinone_resistance_protein|ARSHN,T,127,G
MEG_1168|Biocides|Naphthoquinone|Naphthoquinone_resistance_protein|ARSHN,A,204,T
MEG_1168|Biocides|Naphthoquinone|Naphthoquinone_resistance_protein|ARSHN,C,381,A
MEG_1181|Biocides|Acid_resistance|Acid_resistance_protein|ASR,A,31,G
MEG_1181|Biocides|Acid_resistance|Acid_resistance_protein|ASR,G,141,A
MEG_1181|Biocides|Acid_resistance|Acid_resistance_protein|ASR,A,149,C
MEG_1181|Biocides|Acid_resistance|Acid_resistance_protein|ASR,C,190,A
MEG_1181|Biocides|Acid_resistance|Acid_resistance_protein|ASR,C,247,G
MEG_1181|Biocides|Acid_resistance|Acid_resistance_protein|ASR,G,307,A
MEG_1182|Biocides|Acid_resistance|Acid_resistance_protein|ASR,G,301,A
MEG_2701|Biocides|Acid_resistance|Acid_resistance_protein|EEFA,A,143,G
MEG_2701|Biocides|Acid_resistance|Acid_resistance_protein|EEFA,A,575,C
MEG_2701|Biocides|Acid_resistance|Acid_resistance_protein|EEFA,G,577,C
MEG_2701|Biocides|Acid_resistance|Acid_resistance_protein|EEFA,T,656,C
MEG_2702|Biocides|Acid_resistance|Acid_resistance_protein|EEFX,C,21,G
MEG_2702|Biocides|Acid_resistance|Acid_resistance_protein|EEFX,T,44,C
MEG_2702|Biocides|Acid_resistance|Acid_resistance_protein|EEFX,C,53,A
MEG_2702|Biocides|Acid_resistance|Acid_resistance_protein|EEFX,C,87,A
MEG_2702|Biocides|Acid_resistance|Acid_resistance_protein|EEFX,A,94,G
MEG_2702|Biocides|Acid_resistance|Acid_resistance_protein|EEFX,G,105,T
MEG_2702|Biocides|Acid_resistance|Acid_resistance_protein|EEFX,T,132,G
MEG_2702|Biocides|Acid_resistance|Acid_resistance_protein|EEFX,A,140,G
MEG_2702|Biocides|Acid_resistance|Acid_resistance_protein|EEFX,G,158,T
MEG_2702|Biocides|Acid_resistance|Acid_resistance_protein|EEFX,C,171,A
MEG_2867|Biocides|Acid_resistance|Acid_resistance_regulator|EVGA,G,43,T
MEG_2867|Biocides|Acid_resistance|Acid_resistance_regulator|EVGA,A,87,T
MEG_2867|Biocides|Acid_resistance|Acid_resistance_regulator|EVGA,T,149,C
MEG_2867|Biocides|Acid_resistance|Acid_resistance_regulator|EVGA,G,346,C
MEG_2867|Biocides|Acid_resistance|Acid_resistance_regulator|EVGA,G,496,T
MEG_2867|Biocides|Acid_resistance|Acid_resistance_regulator|EVGA,A,555,C
MEG_2867|Biocides|Acid_resistance|Acid_resistance_regulator|EVGA,T,557,C
MEG_2867|Biocides|Acid_resistance|Acid_resistance_regulator|EVGA,T,600,C
MEG_3076|Biocides|Acid_resistance|Acid_resistance_protein|GADA,C,98,G
MEG_3076|Biocides|Acid_resistance|Acid_resistance_protein|GADA,A,1142,T
MEG_3076|Biocides|Acid_resistance|Acid_resistance_protein|GADA,G,1203,A
MEG_3077|Biocides|Acid_resistance|Acid_resistance_protein|GADA,T,300,C
MEG_3078|Biocides|Acid_resistance|Acid_resistance_protein|GADB,C,65,T
MEG_3078|Biocides|Acid_resistance|Acid_resistance_protein|GADB,T,120,G
MEG_3078|Biocides|Acid_resistance|Acid_resistance_protein|GADB,T,689,C
MEG_3078|Biocides|Acid_resistance|Acid_resistance_protein|GADB,G,1082,T
MEG_3078|Biocides|Acid_resistance|Acid_resistance_protein|GADB,A,1123,C
MEG_3079|Biocides|Acid_resistance|Acid_resistance_protein|GADC,A,598,T
MEG_3080|Biocides|Acid_resistance|Acid_resistance_regulator|GADE,C,226,T
MEG_3080|Biocides|Acid_resistance|Acid_resistance_regulator|GADE,A,404,T
MEG_3080|Biocides|Acid_resistance|Acid_resistance_regulator|GADE,A,467,C
MEG_3080|Biocides|Acid_resistance|Acid_resistance_regulator|GADE,A,483,T
MEG_3253|Biocides|Acid_resistance|Acid_resistance_protein|HDEA,G,85,C
MEG_3253|Biocides|Acid_resistance|Acid_resistance_protein|HDEA,C,127,T
MEG_3253|Biocides|Acid_resistance|Acid_resistance_protein|HDEA,A,159,G
MEG_3253|Biocides|Acid_resistance|Acid_resistance_protein|HDEA,C,220,G
MEG_3253|Biocides|Acid_resistance|Acid_resistance_protein|HDEA,C,249,A
MEG_3253|Biocides|Acid_resistance|Acid_resistance_protein|HDEA,T,264,G
MEG_3253|Biocides|Acid_resistance|Acid_resistance_protein|HDEA,A,280,C
MEG_3253|Biocides|Acid_resistance|Acid_resistance_protein|HDEA,G,309,T
MEG_3253|Biocides|Acid_resistance|Acid_resistance_protein|HDEA,A,313,C
MEG_3254|Biocides|Acid_resistance|Acid_resistance_protein|HDEB,A,12,T
MEG_3254|Biocides|Acid_resistance|Acid_resistance_protein|HDEB,C,26,G
MEG_3254|Biocides|Acid_resistance|Acid_resistance_protein|HDEB,T,76,A
MEG_3254|Biocides|Acid_resistance|Acid_resistance_protein|HDEB,C,113,A
MEG_3254|Biocides|Acid_resistance|Acid_resistance_protein|HDEB,A,262,T
MEG_3254|Biocides|Acid_resistance|Acid_resistance_protein|HDEB,A,281,C
MEG_3255|Biocides|Acid_resistance|Acid_resistance_protein|HDEB,C,9,T
MEG_3255|Biocides|Acid_resistance|Acid_resistance_protein|HDEB,T,29,A
MEG_3255|Biocides|Acid_resistance|Acid_resistance_protein|HDEB,A,34,G
MEG_3255|Biocides|Acid_resistance|Acid_resistance_protein|HDEB,T,40,A
MEG_3255|Biocides|Acid_resistance|Acid_resistance_protein|HDEB,G,118,A
MEG_3255|Biocides|Acid_resistance|Acid_resistance_protein|HDEB,T,122,G
MEG_3255|Biocides|Acid_resistance|Acid_resistance_protein|HDEB,G,128,T
MEG_3255|Biocides|Acid_resistance|Acid_resistance_protein|HDEB,G,190,T
MEG_3255|Biocides|Acid_resistance|Acid_resistance_protein|HDEB,C,247,A
MEG_3255|Biocides|Acid_resistance|Acid_resistance_protein|HDEB,T,305,C
MEG_3256|Biocides|Acid_resistance|Acid_resistance_protein|HEFA,A,63,T
MEG_3256|Biocides|Acid_resistance|Acid_resistance_protein|HEFA,A,558,T
MEG_3256|Biocides|Acid_resistance|Acid_resistance_protein|HEFA,A,619,T
MEG_3256|Biocides|Acid_resistance|Acid_resistance_protein|HEFA,A,629,C
MEG_3256|Biocides|Acid_resistance|Acid_resistance_protein|HEFA,T,1059,C
MEG_3256|Biocides|Acid_resistance|Acid_resistance_protein|HEFA,G,1258,A
MEG_3256|Biocides|Acid_resistance|Acid_resistance_protein|HEFA,A,1370,C
MEG_3257|Biocides|Acid_resistance|Acid_resistance_protein|HEFC,T,315,A
MEG_3257|Biocides|Acid_resistance|Acid_resistance_protein|HEFC,G,717,C
MEG_3257|Biocides|Acid_resistance|Acid_resistance_protein|HEFC,A,904,G
MEG_3257|Biocides|Acid_resistance|Acid_resistance_protein|HEFC,G,1186,A
MEG_3257|Biocides|Acid_resistance|Acid_resistance_protein|HEFC,A,2035,G
MEG_3257|Biocides|Acid_resistance|Acid_resistance_protein|HEFC,A,2994,T
MEG_7820|Biocides|Acid_resistance|Acid_resistance_protein|YDEP,C,1947,T
MEG_1189|Drugs|Bacitracin|Undecaprenyl_pyrophosphate_phosphatase|BACA,T,37,C
MEG_1189|Drugs|Bacitracin|Undecaprenyl_pyrophosphate_phosphatase|BACA,A,58,C
MEG_1189|Drugs|Bacitracin|Undecaprenyl_pyrophosphate_phosphatase|BACA,G,181,C
MEG_1189|Drugs|Bacitracin|Undecaprenyl_pyrophosphate_phosphatase|BACA,C,231,T
MEG_1189|Drugs|Bacitracin|Undecaprenyl_pyrophosphate_phosphatase|BACA,G,293,T
MEG_1189|Drugs|Bacitracin|Undecaprenyl_pyrophosphate_phosphatase|BACA,C,524,G
MEG_1189|Drugs|Bacitracin|Undecaprenyl_pyrophosphate_phosphatase|BACA,G,598,C
MEG_1189|Drugs|Bacitracin|Undecaprenyl_pyrophosphate_phosphatase|BACA,G,708,T
MEG_1189|Drugs|Bacitracin|Undecaprenyl_pyrophosphate_phosphatase|BACA,T,710,G
MEG_1189|Drugs|Bacitracin|Undecaprenyl_pyrophosphate_phosphatase|BACA,C,794,G
MEG_1190|Drugs|Bacitracin|Undecaprenyl_pyrophosphate_phosphatase|BACA,C,6,T
MEG_1190|Drugs|Bacitracin|Undecaprenyl_pyrophosphate_phosphatase|BACA,A,10,C
MEG_1190|Drugs|Bacitracin|Undecaprenyl_pyrophosphate_phosphatase|BACA,T,110,C
MEG_1190|Drugs|Bacitracin|Undecaprenyl_pyrophosphate_phosphatase|BACA,C,129,G
MEG_1190|Drugs|Bacitracin|Undecaprenyl_pyrophosphate_phosphatase|BACA,C,140,A
MEG_1190|Drugs|Bacitracin|Undecaprenyl_pyrophosphate_phosphatase|BACA,C,176,T
MEG_1190|Drugs|Bacitracin|Undecaprenyl_pyrophosphate_phosphatase|BACA,T,226,G
MEG_1190|Drugs|Bacitracin|Undecaprenyl_pyrophosphate_phosphatase|BACA,C,502,A
MEG_1190|Drugs|Bacitracin|Undecaprenyl_pyrophosphate_phosphatase|BACA,T,734,C
MEG_1196|Drugs|Bacitracin|Undecaprenyl_pyrophosphate_phosphatase|BAHA,T,1197,G
MEG_1213|Drugs|Bacitracin|Bacitracin_ABC_transporter|BCRA,G,58,C
MEG_1213|Drugs|Bacitracin|Bacitracin_ABC_transporter|BCRA,A,183,C
MEG_1213|Drugs|Bacitracin|Bacitracin_ABC_transporter|BCRA,T,206,G
MEG_1213|Drugs|Bacitracin|Bacitracin_ABC_transporter|BCRA,T,497,G
MEG_1213|Drugs|Bacitracin|Bacitracin_ABC_transporter|BCRA,A,564,G
MEG_1213|Drugs|Bacitracin|Bacitracin_ABC_transporter|BCRA,T,618,A
MEG_1213|Drugs|Bacitracin|Bacitracin_ABC_transporter|BCRA,G,836,C
MEG_1214|Drugs|Bacitracin|Bacitracin_ABC_transporter|BCRB,G,589,C
MEG_1215|Drugs|Bacitracin|Bacitracin_ABC_transporter|BCRC,T,38,C
MEG_1215|Drugs|Bacitracin|Bacitracin_ABC_transporter|BCRC,C,91,A
MEG_1215|Drugs|Bacitracin|Bacitracin_ABC_transporter|BCRC,T,100,A
MEG_1215|Drugs|Bacitracin|Bacitracin_ABC_transporter|BCRC,C,364,A
MEG_1215|Drugs|Bacitracin|Bacitracin_ABC_transporter|BCRC,T,385,A
MEG_1215|Drugs|Bacitracin|Bacitracin_ABC_transporter|BCRC,C,469,T
MEG_1215|Drugs|Bacitracin|Bacitracin_ABC_transporter|BCRC,C,575,A
MEG_11299|Drugs|Bacitracin|Bacitracin_ABC_transporter|BCRA,T,14,C
MEG_11299|Drugs|Bacitracin|Bacitracin_ABC_transporter|BCRA,A,50,T
MEG_11299|Drugs|Bacitracin|Bacitracin_ABC_transporter|BCRA,T,153,A
MEG_11299|Drugs|Bacitracin|Bacitracin_ABC_transporter|BCRA,G,321,C
MEG_11299|Drugs|Bacitracin|Bacitracin_ABC_transporter|BCRA,A,441,G
MEG_11299|Drugs|Bacitracin|Bacitracin_ABC_transporter|BCRA,A,615,T
MEG_11299|Drugs|Bacitracin|Bacitracin_ABC_transporter|BCRA,A,681,T
MEG_11299|Drugs|Bacitracin|Bacitracin_ABC_transporter|BCRA,T,828,A
MEG_10150|Drugs|Glycopeptides|Vancomycin-resistant_mutation|VRAF,C,29,G
MEG_10150|Drugs|Glycopeptides|Vancomycin-resistant_mutation|VRAF,G,69,T
MEG_10150|Drugs|Glycopeptides|Vancomycin-resistant_mutation|VRAF,C,220,T
MEG_10150|Drugs|Glycopeptides|Vancomycin-resistant_mutation|VRAF,G,262,T
MEG_10150|Drugs|Glycopeptides|Vancomycin-resistant_mutation|VRAF,T,294,C
MEG_10150|Drugs|Glycopeptides|Vancomycin-resistant_mutation|VRAF,A,330,T
MEG_10150|Drugs|Glycopeptides|Vancomycin-resistant_mutation|VRAF,A,447,G
MEG_10150|Drugs|Glycopeptides|Vancomycin-resistant_mutation|VRAF,A,530,T
MEG_7608|Drugs|Glycopeptides|VanF-type_accessory_protein|VANYF,C,16,T
MEG_7608|Drugs|Glycopeptides|VanF-type_accessory_protein|VANYF,C,151,T
MEG_7608|Drugs|Glycopeptides|VanF-type_accessory_protein|VANYF,G,174,C
MEG_7608|Drugs|Glycopeptides|VanF-type_accessory_protein|VANYF,A,363,G
MEG_7608|Drugs|Glycopeptides|VanF-type_accessory_protein|VANYF,G,406,C
MEG_7335|Drugs|Glycopeptides|VanA-type_resistance_protein|VAN,G,42,A
MEG_7335|Drugs|Glycopeptides|VanA-type_resistance_protein|VAN,C,266,A
MEG_7335|Drugs|Glycopeptides|VanA-type_resistance_protein|VAN,C,357,T
MEG_7335|Drugs|Glycopeptides|VanA-type_resistance_protein|VAN,C,405,G
MEG_7335|Drugs|Glycopeptides|VanA-type_resistance_protein|VAN,G,412,A
MEG_7335|Drugs|Glycopeptides|VanA-type_resistance_protein|VAN,C,433,A
MEG_7335|Drugs|Glycopeptides|VanA-type_resistance_protein|VAN,A,728,C
MEG_7335|Drugs|Glycopeptides|VanA-type_resistance_protein|VAN,G,742,A
MEG_7335|Drugs|Glycopeptides|VanA-type_resistance_protein|VAN,C,844,A
MEG_7335|Drugs|Glycopeptides|VanA-type_resistance_protein|VAN,T,936,A
MEG_7482|Drugs|Glycopeptides|VanL-type_regulator|VANRI,G,55,T
MEG_7482|Drugs|Glycopeptides|VanL-type_regulator|VANRI,A,91,G
MEG_7482|Drugs|Glycopeptides|VanL-type_regulator|VANRI,A,211,C
MEG_7482|Drugs|Glycopeptides|VanL-type_regulator|VANRI,C,258,G
MEG_7482|Drugs|Glycopeptides|VanL-type_regulator|VANRI,G,259,C
MEG_7482|Drugs|Glycopeptides|VanL-type_regulator|VANRI,C,269,T
MEG_7482|Drugs|Glycopeptides|VanL-type_regulator|VANRI,T,350,C
MEG_7482|Drugs|Glycopeptides|VanL-type_regulator|VANRI,C,479,T
MEG_7482|Drugs|Glycopeptides|VanL-type_regulator|VANRI,G,671,A
MEG_7344|Drugs|Glycopeptides|VanA-type_resistance_protein|VANA,A,533,C
MEG_7344|Drugs|Glycopeptides|VanA-type_resistance_protein|VANA,G,715,C
MEG_7344|Drugs|Glycopeptides|VanA-type_resistance_protein|VANA,G,796,C
MEG_7344|Drugs|Glycopeptides|VanA-type_resistance_protein|VANA,G,2044,C
MEG_7446|Drugs|Glycopeptides|VanN-type_resistance_protein|VANN,C,149,T
MEG_7446|Drugs|Glycopeptides|VanN-type_resistance_protein|VANN,T,411,G
MEG_7446|Drugs|Glycopeptides|VanN-type_resistance_protein|VANN,T,426,G
MEG_7446|Drugs|Glycopeptides|VanN-type_resistance_protein|VANN,A,500,C
MEG_7446|Drugs|Glycopeptides|VanN-type_resistance_protein|VANN,A,769,T
MEG_7446|Drugs|Glycopeptides|VanN-type_resistance_protein|VANN,C,994,A
MEG_7503|Drugs|Glycopeptides|VanC-type_regulator|VANSC,G,675,C
MEG_7503|Drugs|Glycopeptides|VanC-type_regulator|VANSC,A,692,C
MEG_7503|Drugs|Glycopeptides|VanC-type_regulator|VANSC,T,738,A
MEG_7503|Drugs|Glycopeptides|VanC-type_regulator|VANSC,A,844,T
MEG_7503|Drugs|Glycopeptides|VanC-type_regulator|VANSC,A,1021,G
MEG_7503|Drugs|Glycopeptides|VanC-type_regulator|VANSC,A,1035,C
MEG_7503|Drugs|Glycopeptides|VanC-type_regulator|VANSC,C,1042,A
MEG_7503|Drugs|Glycopeptides|VanC-type_regulator|VANSC,C,1045,T
MEG_7503|Drugs|Glycopeptides|VanC-type_regulator|VANSC,T,1063,C
MEG_7345|Drugs|Glycopeptides|VanB-type_resistance_protein|VANB,T,189,A
MEG_7345|Drugs|Glycopeptides|VanB-type_resistance_protein|VANB,G,274,C
MEG_7345|Drugs|Glycopeptides|VanB-type_resistance_protein|VANB,C,609,A
MEG_7345|Drugs|Glycopeptides|VanB-type_resistance_protein|VANB,A,728,T
MEG_7345|Drugs|Glycopeptides|VanB-type_resistance_protein|VANB,A,737,G
MEG_7592|Drugs|Glycopeptides|VanA-type_accessory_protein|VANYA,T,77,A
MEG_7592|Drugs|Glycopeptides|VanA-type_accessory_protein|VANYA,T,349,C
MEG_7592|Drugs|Glycopeptides|VanA-type_accessory_protein|VANYA,A,394,C
MEG_7592|Drugs|Glycopeptides|VanA-type_accessory_protein|VANYA,G,458,C
MEG_7545|Drugs|Glycopeptides|VanI-type_accessory_protein|VANWI,G,430,C
MEG_7545|Drugs|Glycopeptides|VanI-type_accessory_protein|VANWI,C,531,A
MEG_7545|Drugs|Glycopeptides|VanI-type_accessory_protein|VANWI,A,859,G
MEG_7545|Drugs|Glycopeptides|VanI-type_accessory_protein|VANWI,T,994,G
MEG_7483|Drugs|Glycopeptides|VanL-type_regulator|VANRL,T,17,G
MEG_7483|Drugs|Glycopeptides|VanL-type_regulator|VANRL,A,132,C
MEG_7483|Drugs|Glycopeptides|VanL-type_regulator|VANRL,A,420,G
MEG_7483|Drugs|Glycopeptides|VanL-type_regulator|VANRL,A,453,G
MEG_7483|Drugs|Glycopeptides|VanL-type_regulator|VANRL,A,522,T
MEG_7483|Drugs|Glycopeptides|VanL-type_regulator|VANRL,A,543,G
MEG_7483|Drugs|Glycopeptides|VanL-type_regulator|VANRL,A,570,T
MEG_7483|Drugs|Glycopeptides|VanL-type_regulator|VANRL,A,584,T
MEG_7400|Drugs|Glycopeptides|VanA-type_resistance_protein|VANHA,C,53,G
MEG_7400|Drugs|Glycopeptides|VanA-type_resistance_protein|VANHA,C,92,G
MEG_7400|Drugs|Glycopeptides|VanA-type_resistance_protein|VANHA,C,366,T
MEG_7400|Drugs|Glycopeptides|VanA-type_resistance_protein|VANHA,G,517,A
MEG_7400|Drugs|Glycopeptides|VanA-type_resistance_protein|VANHA,G,676,A
MEG_7611|Drugs|Glycopeptides|VanF-type_accessory_protein|VANYF,C,123,A
MEG_7611|Drugs|Glycopeptides|VanF-type_accessory_protein|VANYF,C,209,A
MEG_7611|Drugs|Glycopeptides|VanF-type_accessory_protein|VANYF,T,249,G
MEG_7611|Drugs|Glycopeptides|VanF-type_accessory_protein|VANYF,A,460,T
MEG_7611|Drugs|Glycopeptides|VanF-type_accessory_protein|VANYF,G,562,T
MEG_7611|Drugs|Glycopeptides|VanF-type_accessory_protein|VANYF,A,580,G
MEG_7611|Drugs|Glycopeptides|VanF-type_accessory_protein|VANYF,A,762,G
MEG_7593|Drugs|Glycopeptides|VanA-type_accessory_protein|VANYA,A,568,C
MEG_7507|Drugs|Glycopeptides|VanD-type_regulator|VANSD,C,478,G
MEG_7507|Drugs|Glycopeptides|VanD-type_regulator|VANSD,A,519,C
MEG_7507|Drugs|Glycopeptides|VanD-type_regulator|VANSD,A,560,T
MEG_7507|Drugs|Glycopeptides|VanD-type_regulator|VANSD,C,861,A
MEG_7507|Drugs|Glycopeptides|VanD-type_regulator|VANSD,C,876,G
MEG_7507|Drugs|Glycopeptides|VanD-type_regulator|VANSD,C,1086,G
MEG_7507|Drugs|Glycopeptides|VanD-type_regulator|VANSD,A,1105,G
MEG_7507|Drugs|Glycopeptides|VanD-type_regulator|VANSD,C,1131,T
MEG_7459|Drugs|Glycopeptides|VanA-type_regulator|VANRA,G,25,A
MEG_7459|Drugs|Glycopeptides|VanA-type_regulator|VANRA,T,147,A
MEG_7459|Drugs|Glycopeptides|VanA-type_regulator|VANRA,T,486,C
MEG_7459|Drugs|Glycopeptides|VanA-type_regulator|VANRA,C,534,T
MEG_7459|Drugs|Glycopeptides|VanA-type_regulator|VANRA,A,693,T
MEG_7475|Drugs|Glycopeptides|VanD-type_regulator|VANRD,C,48,T
MEG_7475|Drugs|Glycopeptides|VanD-type_regulator|VANRD,T,227,G
MEG_7475|Drugs|Glycopeptides|VanD-type_regulator|VANRD,C,267,A
MEG_7475|Drugs|Glycopeptides|VanD-type_regulator|VANRD,A,412,C
MEG_7475|Drugs|Glycopeptides|VanD-type_regulator|VANRD,G,466,T
MEG_7475|Drugs|Glycopeptides|VanD-type_regulator|VANRD,G,514,T
MEG_7475|Drugs|Glycopeptides|VanD-type_regulator|VANRD,T,548,G
MEG_7579|Drugs|Glycopeptides|VanC-type_resistance_protein|VANXYC,T,375,A
MEG_7579|Drugs|Glycopeptides|VanC-type_resistance_protein|VANXYC,A,508,C
MEG_7579|Drugs|Glycopeptides|VanC-type_resistance_protein|VANXYC,T,532,G
MEG_7537|Drugs|Glycopeptides|VanA-type_accessory_protein|VANWA,C,43,T
MEG_7537|Drugs|Glycopeptides|VanA-type_accessory_protein|VANWA,T,177,G
MEG_7537|Drugs|Glycopeptides|VanA-type_accessory_protein|VANWA,A,380,C
MEG_7537|Drugs|Glycopeptides|VanA-type_accessory_protein|VANWA,G,442,A
MEG_7537|Drugs|Glycopeptides|VanA-type_accessory_protein|VANWA,T,593,G
MEG_7537|Drugs|Glycopeptides|VanA-type_accessory_protein|VANWA,G,631,A
MEG_7469|Drugs|Glycopeptides|VanB-type_regulator|VANRB,A,7,T
MEG_7469|Drugs|Glycopeptides|VanB-type_regulator|VANRB,G,76,A
MEG_7469|Drugs|Glycopeptides|VanB-type_regulator|VANRB,A,313,C
MEG_7469|Drugs|Glycopeptides|VanB-type_regulator|VANRB,G,366,C
MEG_7469|Drugs|Glycopeptides|VanB-type_regulator|VANRB,C,448,T
MEG_7469|Drugs|Glycopeptides|VanB-type_regulator|VANRB,G,483,C
MEG_7469|Drugs|Glycopeptides|VanB-type_regulator|VANRB,C,529,T
MEG_7469|Drugs|Glycopeptides|VanB-type_regulator|VANRB,A,610,G
MEG_7343|Drugs|Glycopeptides|VanA-type_resistance_protein|VANA,C,41,G
MEG_7343|Drugs|Glycopeptides|VanA-type_resistance_protein|VANA,G,177,C
MEG_7343|Drugs|Glycopeptides|VanA-type_resistance_protein|VANA,G,647,A
MEG_7343|Drugs|Glycopeptides|VanA-type_resistance_protein|VANA,G,871,C
MEG_7539|Drugs|Glycopeptides|VanB-type_accessory_protein|VANWB,G,132,A
MEG_7539|Drugs|Glycopeptides|VanB-type_accessory_protein|VANWB,C,164,T
MEG_7539|Drugs|Glycopeptides|VanB-type_accessory_protein|VANWB,G,250,T
MEG_7539|Drugs|Glycopeptides|VanB-type_accessory_protein|VANWB,C,344,G
MEG_7539|Drugs|Glycopeptides|VanB-type_accessory_protein|VANWB,T,427,A
MEG_7539|Drugs|Glycopeptides|VanB-type_accessory_protein|VANWB,C,604,T
MEG_7559|Drugs|Glycopeptides|VanB-type_resistance_protein|VANXB,G,73,T
MEG_7559|Drugs|Glycopeptides|VanB-type_resistance_protein|VANXB,C,151,G
MEG_7533|Drugs|Glycopeptides|VanL-type_resistance_protein|VANTML,A,11,G
MEG_7533|Drugs|Glycopeptides|VanL-type_resistance_protein|VANTML,G,19,T
MEG_7533|Drugs|Glycopeptides|VanL-type_resistance_protein|VANTML,T,75,G
MEG_7533|Drugs|Glycopeptides|VanL-type_resistance_protein|VANTML,T,465,G
MEG_7533|Drugs|Glycopeptides|VanL-type_resistance_protein|VANTML,A,552,T
MEG_7533|Drugs|Glycopeptides|VanL-type_resistance_protein|VANTML,A,666,C
MEG_7533|Drugs|Glycopeptides|VanL-type_resistance_protein|VANTML,C,937,A
MEG_7533|Drugs|Glycopeptides|VanL-type_resistance_protein|VANTML,A,961,T
MEG_7555|Drugs|Glycopeptides|VanA-type_resistance_protein|VANXA,G,101,A
MEG_7555|Drugs|Glycopeptides|VanA-type_resistance_protein|VANXA,C,220,A
MEG_7555|Drugs|Glycopeptides|VanA-type_resistance_protein|VANXA,A,373,C
MEG_7555|Drugs|Glycopeptides|VanA-type_resistance_protein|VANXA,C,421,A
MEG_7555|Drugs|Glycopeptides|VanA-type_resistance_protein|VANXA,G,491,A
MEG_7555|Drugs|Glycopeptides|VanA-type_resistance_protein|VANXA,T,602,A
MEG_7440|Drugs|Glycopeptides|VanI-type_resistance_protein|VANI,G,35,T
MEG_7440|Drugs|Glycopeptides|VanI-type_resistance_protein|VANI,C,524,T
MEG_7440|Drugs|Glycopeptides|VanI-type_resistance_protein|VANI,G,688,T
MEG_7440|Drugs|Glycopeptides|VanI-type_resistance_protein|VANI,T,1011,A
MEG_7550|Drugs|Glycopeptides|VanA-type_resistance_protein|VANXA,G,16,T
MEG_7550|Drugs|Glycopeptides|VanA-type_resistance_protein|VANXA,G,240,C
MEG_7550|Drugs|Glycopeptides|VanA-type_resistance_protein|VANXA,A,271,T
MEG_7550|Drugs|Glycopeptides|VanA-type_resistance_protein|VANXA,A,292,G
MEG_7550|Drugs|Glycopeptides|VanA-type_resistance_protein|VANXA,G,364,C
MEG_7550|Drugs|Glycopeptides|VanA-type_resistance_protein|VANXA,C,467,A
MEG_7550|Drugs|Glycopeptides|VanA-type_resistance_protein|VANXA,G,510,A
MEG_7550|Drugs|Glycopeptides|VanA-type_resistance_protein|VANXA,G,520,T
MEG_7550|Drugs|Glycopeptides|VanA-type_resistance_protein|VANXA,A,533,T
MEG_7550|Drugs|Glycopeptides|VanA-type_resistance_protein|VANXA,G,541,T
MEG_7412|Drugs|Glycopeptides|VanA-type_resistance_protein|VANHA,G,570,C
MEG_7547|Drugs|Glycopeptides|VanA-type_resistance_protein|VANXA,G,536,A
MEG_7560|Drugs|Glycopeptides|VanB-type_resistance_protein|VANXB,A,67,T
MEG_7560|Drugs|Glycopeptides|VanB-type_resistance_protein|VANXB,G,100,T
MEG_7560|Drugs|Glycopeptides|VanB-type_resistance_protein|VANXB,A,209,C
MEG_7560|Drugs|Glycopeptides|VanB-type_resistance_protein|VANXB,T,285,G
MEG_7560|Drugs|Glycopeptides|VanB-type_resistance_protein|VANXB,G,304,C
MEG_7560|Drugs|Glycopeptides|VanB-type_resistance_protein|VANXB,A,363,G
MEG_7498|Drugs|Glycopeptides|VanC-type_regulator|VANSC,C,140,G
MEG_7498|Drugs|Glycopeptides|VanC-type_regulator|VANSC,T,365,G
MEG_7498|Drugs|Glycopeptides|VanC-type_regulator|VANSC,A,390,T
MEG_7498|Drugs|Glycopeptides|VanC-type_regulator|VANSC,T,441,A
MEG_7498|Drugs|Glycopeptides|VanC-type_regulator|VANSC,T,489,C
MEG_7498|Drugs|Glycopeptides|VanC-type_regulator|VANSC,C,493,T
MEG_7494|Drugs|Glycopeptides|VanB-type_regulator|VANSB,C,152,A
MEG_7494|Drugs|Glycopeptides|VanB-type_regulator|VANSB,G,836,C
MEG_7494|Drugs|Glycopeptides|VanB-type_regulator|VANSB,A,1214,G
MEG_7590|Drugs|Glycopeptides|VanL-type_resistance_protein|VANXYL,A,16,G
MEG_7370|Drugs|Glycopeptides|VanC-type_resistance_protein|VANC,C,151,A
MEG_7370|Drugs|Glycopeptides|VanC-type_resistance_protein|VANC,C,365,G
MEG_7370|Drugs|Glycopeptides|VanC-type_resistance_protein|VANC,T,429,A
MEG_7370|Drugs|Glycopeptides|VanC-type_resistance_protein|VANC,A,531,G
MEG_7370|Drugs|Glycopeptides|VanC-type_resistance_protein|VANC,A,561,T
MEG_7370|Drugs|Glycopeptides|VanC-type_resistance_protein|VANC,T,613,A
MEG_7370|Drugs|Glycopeptides|VanC-type_resistance_protein|VANC,T,653,A
MEG_7370|Drugs|Glycopeptides|VanC-type_resistance_protein|VANC,T,713,G
MEG_7370|Drugs|Glycopeptides|VanC-type_resistance_protein|VANC,G,820,T
MEG_7370|Drugs|Glycopeptides|VanC-type_resistance_protein|VANC,T,946,A
MEG_7604|Drugs|Glycopeptides|VanD-type_accessory_protein|VANYD,A,456,T
MEG_7604|Drugs|Glycopeptides|VanD-type_accessory_protein|VANYD,A,887,G
MEG_7604|Drugs|Glycopeptides|VanD-type_accessory_protein|VANYD,C,943,G
MEG_7578|Drugs|Glycopeptides|VanC-type_resistance_protein|VANXYC,C,8,G
MEG_7578|Drugs|Glycopeptides|VanC-type_resistance_protein|VANXYC,A,42,G
MEG_7578|Drugs|Glycopeptides|VanC-type_resistance_protein|VANXYC,C,81,G
MEG_7578|Drugs|Glycopeptides|VanC-type_resistance_protein|VANXYC,A,122,T
MEG_7578|Drugs|Glycopeptides|VanC-type_resistance_protein|VANXYC,T,354,C
MEG_7578|Drugs|Glycopeptides|VanC-type_resistance_protein|VANXYC,A,552,T
MEG_7578|Drugs|Glycopeptides|VanC-type_resistance_protein|VANXYC,C,562,G
MEG_7434|Drugs|Glycopeptides|VanD-type_resistance_protein|VANHD,C,137,G
MEG_7434|Drugs|Glycopeptides|VanD-type_resistance_protein|VANHD,T,153,A
MEG_7434|Drugs|Glycopeptides|VanD-type_resistance_protein|VANHD,G,460,C
MEG_7434|Drugs|Glycopeptides|VanD-type_resistance_protein|VANHD,T,992,A
MEG_7434|Drugs|Glycopeptides|VanD-type_resistance_protein|VANHD,T,1270,A
MEG_7434|Drugs|Glycopeptides|VanD-type_resistance_protein|VANHD,A,1799,T
MEG_7434|Drugs|Glycopeptides|VanD-type_resistance_protein|VANHD,C,1831,A
MEG_7434|Drugs|Glycopeptides|VanD-type_resistance_protein|VANHD,A,2302,C
MEG_7423|Drugs|Glycopeptides|VanD-type_resistance_protein|VANHD,G,275,A
MEG_7423|Drugs|Glycopeptides|VanD-type_resistance_protein|VANHD,C,379,G
MEG_7423|Drugs|Glycopeptides|VanD-type_resistance_protein|VANHD,A,381,C
MEG_7423|Drugs|Glycopeptides|VanD-type_resistance_protein|VANHD,G,386,C
MEG_7423|Drugs|Glycopeptides|VanD-type_resistance_protein|VANHD,A,394,T
MEG_7423|Drugs|Glycopeptides|VanD-type_resistance_protein|VANHD,A,426,C
MEG_7423|Drugs|Glycopeptides|VanD-type_resistance_protein|VANHD,A,552,C
MEG_7423|Drugs|Glycopeptides|VanD-type_resistance_protein|VANHD,G,657,A
MEG_7423|Drugs|Glycopeptides|VanD-type_resistance_protein|VANHD,T,948,G
MEG_7531|Drugs|Glycopeptides|VanG-type_resistance_protein|VANTG,C,111,A
MEG_7531|Drugs|Glycopeptides|VanG-type_resistance_protein|VANTG,C,271,A
MEG_7531|Drugs|Glycopeptides|VanG-type_resistance_protein|VANTG,T,375,G
MEG_7531|Drugs|Glycopeptides|VanG-type_resistance_protein|VANTG,T,656,C
MEG_7531|Drugs|Glycopeptides|VanG-type_resistance_protein|VANTG,T,1352,G
MEG_7531|Drugs|Glycopeptides|VanG-type_resistance_protein|VANTG,T,1356,A
MEG_7531|Drugs|Glycopeptides|VanG-type_resistance_protein|VANTG,A,1912,C
MEG_7617|Drugs|Glycopeptides|VanA-type_accessory_protein|VANZA,A,100,C
MEG_7617|Drugs|Glycopeptides|VanA-type_accessory_protein|VANZA,C,237,G
MEG_7617|Drugs|Glycopeptides|VanA-type_accessory_protein|VANZA,T,357,A
MEG_7617|Drugs|Glycopeptides|VanA-type_accessory_protein|VANZA,G,451,T
MEG_1465|Biocides|Polyamine_resistance|Spermine/spermidine_acetyltransferase|BLTD,A,371,C
MEG_1466|Biocides|Polyamine_resistance|Spermine/spermidine_acetyltransferase|BLTD,T,132,G
MEG_1466|Biocides|Polyamine_resistance|Spermine/spermidine_acetyltransferase|BLTD,T,135,A
MEG_1466|Biocides|Polyamine_resistance|Spermine/spermidine_acetyltransferase|BLTD,T,156,G
MEG_1466|Biocides|Polyamine_resistance|Spermine/spermidine_acetyltransferase|BLTD,A,158,C
MEG_1466|Biocides|Polyamine_resistance|Spermine/spermidine_acetyltransferase|BLTD,G,224,T
MEG_1466|Biocides|Polyamine_resistance|Spermine/spermidine_acetyltransferase|BLTD,G,229,A
MEG_1466|Biocides|Polyamine_resistance|Spermine/spermidine_acetyltransferase|BLTD,A,263,C
MEG_1466|Biocides|Polyamine_resistance|Spermine/spermidine_acetyltransferase|BLTD,A,308,T
MEG_1466|Biocides|Polyamine_resistance|Spermine/spermidine_acetyltransferase|BLTD,A,367,G
MEG_1466|Biocides|Polyamine_resistance|Spermine/spermidine_acetyltransferase|BLTD,C,374,A
MEG_1487|Metals|Cadmium_resistance|Cadmium_resistance_regulator|CADR,A,5,G
MEG_1487|Metals|Cadmium_resistance|Cadmium_resistance_regulator|CADR,G,180,A
MEG_1487|Metals|Cadmium_resistance|Cadmium_resistance_regulator|CADR,C,218,A
MEG_1487|Metals|Cadmium_resistance|Cadmium_resistance_regulator|CADR,T,364,C
MEG_11396|Metals|Cadmium_resistance|Cadmium_resistance_chaperone|HSCC,C,166,T
MEG_11396|Metals|Cadmium_resistance|Cadmium_resistance_chaperone|HSCC,A,217,T
MEG_11396|Metals|Cadmium_resistance|Cadmium_resistance_chaperone|HSCC,G,352,T
MEG_11396|Metals|Cadmium_resistance|Cadmium_resistance_chaperone|HSCC,T,632,A
MEG_11396|Metals|Cadmium_resistance|Cadmium_resistance_chaperone|HSCC,T,958,G
MEG_11396|Metals|Cadmium_resistance|Cadmium_resistance_chaperone|HSCC,G,1234,T
MEG_11396|Metals|Cadmium_resistance|Cadmium_resistance_chaperone|HSCC,A,1501,G
MEG_11396|Metals|Cadmium_resistance|Cadmium_resistance_chaperone|HSCC,A,1573,C
MEG_11396|Metals|Cadmium_resistance|Cadmium_resistance_chaperone|HSCC,C,1641,T
MEG_1764|Drugs|Phenicol|Phenicol_resistance_MFS_efflux_pumps|CMLA,A,823,T
MEG_1764|Drugs|Phenicol|Phenicol_resistance_MFS_efflux_pumps|CMLA,G,961,C
MEG_1582|Drugs|Phenicol|Chloramphenicol_acetyltransferases|CATA,A,149,G
MEG_1582|Drugs|Phenicol|Chloramphenicol_acetyltransferases|CATA,A,236,G
MEG_1582|Drugs|Phenicol|Chloramphenicol_acetyltransferases|CATA,G,341,T
MEG_1582|Drugs|Phenicol|Chloramphenicol_acetyltransferases|CATA,G,363,C
MEG_1582|Drugs|Phenicol|Chloramphenicol_acetyltransferases|CATA,A,398,C
MEG_1582|Drugs|Phenicol|Chloramphenicol_acetyltransferases|CATA,T,584,C
MEG_1582|Drugs|Phenicol|Chloramphenicol_acetyltransferases|CATA,A,659,T
MEG_1761|Drugs|Phenicol|Phenicol_resistance_MFS_efflux_pumps|CMLA,G,86,C
MEG_1761|Drugs|Phenicol|Phenicol_resistance_MFS_efflux_pumps|CMLA,C,103,A
MEG_1761|Drugs|Phenicol|Phenicol_resistance_MFS_efflux_pumps|CMLA,T,440,G
MEG_1761|Drugs|Phenicol|Phenicol_resistance_MFS_efflux_pumps|CMLA,T,677,G
MEG_1761|Drugs|Phenicol|Phenicol_resistance_MFS_efflux_pumps|CMLA,C,776,G
MEG_1568|Drugs|Phenicol|Chloramphenicol_acetyltransferases|CATA,G,69,T
MEG_1568|Drugs|Phenicol|Chloramphenicol_acetyltransferases|CATA,C,174,A
MEG_1568|Drugs|Phenicol|Chloramphenicol_acetyltransferases|CATA,G,308,C
MEG_1568|Drugs|Phenicol|Chloramphenicol_acetyltransferases|CATA,G,381,A
MEG_1568|Drugs|Phenicol|Chloramphenicol_acetyltransferases|CATA,C,428,G
MEG_1568|Drugs|Phenicol|Chloramphenicol_acetyltransferases|CATA,A,458,T
MEG_2906|Drugs|Phenicol|Phenicol_resistance_MFS_efflux_pumps|FEXB,G,73,T
MEG_2906|Drugs|Phenicol|Phenicol_resistance_MFS_efflux_pumps|FEXB,C,111,T
MEG_2906|Drugs|Phenicol|Phenicol_resistance_MFS_efflux_pumps|FEXB,T,157,A
MEG_2906|Drugs|Phenicol|Phenicol_resistance_MFS_efflux_pumps|FEXB,T,782,C
MEG_2906|Drugs|Phenicol|Phenicol_resistance_MFS_efflux_pumps|FEXB,G,1141,T
MEG_1771|Drugs|Phenicol|Phenicol_resistance_MFS_efflux_pumps|CMLA,C,359,A
MEG_1771|Drugs|Phenicol|Phenicol_resistance_MFS_efflux_pumps|CMLA,C,854,A
MEG_1771|Drugs|Phenicol|Phenicol_resistance_MFS_efflux_pumps|CMLA,G,1056,T
MEG_1771|Drugs|Phenicol|Phenicol_resistance_MFS_efflux_pumps|CMLA,T,1058,C
MEG_1771|Drugs|Phenicol|Phenicol_resistance_MFS_efflux_pumps|CMLA,C,1379,T
MEG_1773|Drugs|Phenicol|Phenicol_resistance_MFS_efflux_pumps|CMLA,G,233,A
MEG_1773|Drugs|Phenicol|Phenicol_resistance_MFS_efflux_pumps|CMLA,G,562,T
MEG_1773|Drugs|Phenicol|Phenicol_resistance_MFS_efflux_pumps|CMLA,T,789,G
MEG_1571|Drugs|Phenicol|Chloramphenicol_acetyltransferases|CATA,A,187,C
MEG_1571|Drugs|Phenicol|Chloramphenicol_acetyltransferases|CATA,A,304,T
MEG_1571|Drugs|Phenicol|Chloramphenicol_acetyltransferases|CATA,A,314,G
MEG_1571|Drugs|Phenicol|Chloramphenicol_acetyltransferases|CATA,T,386,C
MEG_1571|Drugs|Phenicol|Chloramphenicol_acetyltransferases|CATA,A,391,T
MEG_1571|Drugs|Phenicol|Chloramphenicol_acetyltransferases|CATA,T,501,A
MEG_1571|Drugs|Phenicol|Chloramphenicol_acetyltransferases|CATA,C,503,T
MEG_1571|Drugs|Phenicol|Chloramphenicol_acetyltransferases|CATA,G,508,C
MEG_1571|Drugs|Phenicol|Chloramphenicol_acetyltransferases|CATA,T,554,G
MEG_1556|Drugs|Phenicol|Chloramphenicol_acetyltransferases|CAT,G,35,A
MEG_1556|Drugs|Phenicol|Chloramphenicol_acetyltransferases|CAT,T,111,C
MEG_1556|Drugs|Phenicol|Chloramphenicol_acetyltransferases|CAT,A,234,G
MEG_1556|Drugs|Phenicol|Chloramphenicol_acetyltransferases|CAT,G,446,T
MEG_1556|Drugs|Phenicol|Chloramphenicol_acetyltransferases|CAT,G,482,A
MEG_2914|Drugs|Phenicol|Phenicol_resistance_MFS_efflux_pumps|FLOR,C,260,T
MEG_2914|Drugs|Phenicol|Phenicol_resistance_MFS_efflux_pumps|FLOR,C,318,T
MEG_2914|Drugs|Phenicol|Phenicol_resistance_MFS_efflux_pumps|FLOR,A,506,G
MEG_2914|Drugs|Phenicol|Phenicol_resistance_MFS_efflux_pumps|FLOR,C,582,T
MEG_2914|Drugs|Phenicol|Phenicol_resistance_MFS_efflux_pumps|FLOR,G,836,T
MEG_2914|Drugs|Phenicol|Phenicol_resistance_MFS_efflux_pumps|FLOR,T,940,A
MEG_2914|Drugs|Phenicol|Phenicol_resistance_MFS_efflux_pumps|FLOR,G,969,T
MEG_1548|Drugs|Phenicol|Chloramphenicol_acetyltransferases|CAT,G,33,T
MEG_1548|Drugs|Phenicol|Chloramphenicol_acetyltransferases|CAT,T,98,C
MEG_1548|Drugs|Phenicol|Chloramphenicol_acetyltransferases|CAT,G,239,T
MEG_1548|Drugs|Phenicol|Chloramphenicol_acetyltransferases|CAT,A,255,G
MEG_1548|Drugs|Phenicol|Chloramphenicol_acetyltransferases|CAT,G,277,A
MEG_1548|Drugs|Phenicol|Chloramphenicol_acetyltransferases|CAT,T,522,A
MEG_1548|Drugs|Phenicol|Chloramphenicol_acetyltransferases|CAT,A,525,G
MEG_1548|Drugs|Phenicol|Chloramphenicol_acetyltransferases|CAT,C,545,A
MEG_1583|Drugs|Phenicol|Chloramphenicol_acetyltransferases|CATA,A,11,C
MEG_1583|Drugs|Phenicol|Chloramphenicol_acetyltransferases|CATA,C,104,A
MEG_1583|Drugs|Phenicol|Chloramphenicol_acetyltransferases|CATA,A,107,G
MEG_1583|Drugs|Phenicol|Chloramphenicol_acetyltransferases|CATA,T,283,A
MEG_1583|Drugs|Phenicol|Chloramphenicol_acetyltransferases|CATA,T,284,C
MEG_1583|Drugs|Phenicol|Chloramphenicol_acetyltransferases|CATA,G,362,C
MEG_1583|Drugs|Phenicol|Chloramphenicol_acetyltransferases|CATA,A,406,C
MEG_1583|Drugs|Phenicol|Chloramphenicol_acetyltransferases|CATA,G,619,C
MEG_1583|Drugs|Phenicol|Chloramphenicol_acetyltransferases|CATA,A,620,G
MEG_1561|Drugs|Phenicol|Chloramphenicol_acetyltransferases|CATA,A,29,C
MEG_1561|Drugs|Phenicol|Chloramphenicol_acetyltransferases|CATA,A,112,C
MEG_1561|Drugs|Phenicol|Chloramphenicol_acetyltransferases|CATA,A,234,G
MEG_1561|Drugs|Phenicol|Chloramphenicol_acetyltransferases|CATA,T,345,A
MEG_1561|Drugs|Phenicol|Chloramphenicol_acetyltransferases|CATA,T,359,G
MEG_1561|Drugs|Phenicol|Chloramphenicol_acetyltransferases|CATA,G,516,T
MEG_1561|Drugs|Phenicol|Chloramphenicol_acetyltransferases|CATA,A,648,G
MEG_1555|Drugs|Phenicol|Chloramphenicol_acetyltransferases|CAT,C,33,T
MEG_1555|Drugs|Phenicol|Chloramphenicol_acetyltransferases|CAT,T,263,C
MEG_1555|Drugs|Phenicol|Chloramphenicol_acetyltransferases|CAT,G,420,C
MEG_1555|Drugs|Phenicol|Chloramphenicol_acetyltransferases|CAT,A,565,T
MEG_1581|Drugs|Phenicol|Chloramphenicol_acetyltransferases|CATA,G,94,C
MEG_1581|Drugs|Phenicol|Chloramphenicol_acetyltransferases|CATA,T,104,G
MEG_1581|Drugs|Phenicol|Chloramphenicol_acetyltransferases|CATA,G,233,T
MEG_1581|Drugs|Phenicol|Chloramphenicol_acetyltransferases|CATA,G,302,A
MEG_1581|Drugs|Phenicol|Chloramphenicol_acetyltransferases|CATA,A,374,T
MEG_1581|Drugs|Phenicol|Chloramphenicol_acetyltransferases|CATA,T,420,A
MEG_1581|Drugs|Phenicol|Chloramphenicol_acetyltransferases|CATA,T,528,A
MEG_1581|Drugs|Phenicol|Chloramphenicol_acetyltransferases|CATA,T,541,A
MEG_8021|Drugs|Phenicol|Phenicol_resistance_MFS_efflux_pumps|CML,A,22,C
MEG_8021|Drugs|Phenicol|Phenicol_resistance_MFS_efflux_pumps|CML,T,335,A
MEG_8021|Drugs|Phenicol|Phenicol_resistance_MFS_efflux_pumps|CML,G,805,T
MEG_1575|Drugs|Phenicol|Chloramphenicol_acetyltransferases|CATA,A,42,G
MEG_1575|Drugs|Phenicol|Chloramphenicol_acetyltransferases|CATA,T,150,C
MEG_1575|Drugs|Phenicol|Chloramphenicol_acetyltransferases|CATA,A,365,G
MEG_1575|Drugs|Phenicol|Chloramphenicol_acetyltransferases|CATA,G,547,C
MEG_1575|Drugs|Phenicol|Chloramphenicol_acetyltransferases|CATA,A,609,C
MEG_1775|Drugs|Phenicol|Phenicol_resistance_MFS_efflux_pumps|CMLB,A,285,C
MEG_1775|Drugs|Phenicol|Phenicol_resistance_MFS_efflux_pumps|CMLB,C,455,G
MEG_1775|Drugs|Phenicol|Phenicol_resistance_MFS_efflux_pumps|CMLB,C,657,A
MEG_1775|Drugs|Phenicol|Phenicol_resistance_MFS_efflux_pumps|CMLB,G,1066,T
MEG_1775|Drugs|Phenicol|Phenicol_resistance_MFS_efflux_pumps|CMLB,A,1102,T
MEG_1783|Drugs|Phenicol|Phenicol_resistance_MFS_efflux_pumps|CMX,C,1134,T
MEG_2921|Drugs|Phenicol|Phenicol_resistance_MFS_efflux_pumps|FLOR,G,76,C
MEG_2921|Drugs|Phenicol|Phenicol_resistance_MFS_efflux_pumps|FLOR,C,126,A
MEG_2921|Drugs|Phenicol|Phenicol_resistance_MFS_efflux_pumps|FLOR,A,223,G
MEG_2921|Drugs|Phenicol|Phenicol_resistance_MFS_efflux_pumps|FLOR,G,503,T
MEG_2921|Drugs|Phenicol|Phenicol_resistance_MFS_efflux_pumps|FLOR,G,595,T
MEG_2921|Drugs|Phenicol|Phenicol_resistance_MFS_efflux_pumps|FLOR,A,679,T
MEG_2921|Drugs|Phenicol|Phenicol_resistance_MFS_efflux_pumps|FLOR,T,798,G
MEG_2921|Drugs|Phenicol|Phenicol_resistance_MFS_efflux_pumps|FLOR,A,1023,G
MEG_2921|Drugs|Phenicol|Phenicol_resistance_MFS_efflux_pumps|FLOR,A,1206,T
MEG_2921|Drugs|Phenicol|Phenicol_resistance_MFS_efflux_pumps|FLOR,T,1208,A
MEG_1586|Drugs|Phenicol|Chloramphenicol_acetyltransferases|CATA,T,216,C
MEG_1586|Drugs|Phenicol|Chloramphenicol_acetyltransferases|CATA,A,346,T
MEG_1586|Drugs|Phenicol|Chloramphenicol_acetyltransferases|CATA,C,452,T
MEG_1586|Drugs|Phenicol|Chloramphenicol_acetyltransferases|CATA,A,481,T
MEG_2614|Drugs|Phenicol|Phenicol_resistance_MFS_efflux_pumps|DHAP,A,523,T
MEG_2614|Drugs|Phenicol|Phenicol_resistance_MFS_efflux_pumps|DHAP,T,710,C
MEG_2614|Drugs|Phenicol|Phenicol_resistance_MFS_efflux_pumps|DHAP,A,732,G
MEG_2114|Drugs|Phenicol|Chloramphenicol_phosphotransferase|CPT,A,13,C
MEG_2114|Drugs|Phenicol|Chloramphenicol_phosphotransferase|CPT,G,31,T
MEG_2114|Drugs|Phenicol|Chloramphenicol_phosphotransferase|CPT,C,54,G
MEG_2114|Drugs|Phenicol|Chloramphenicol_phosphotransferase|CPT,C,67,A
MEG_2114|Drugs|Phenicol|Chloramphenicol_phosphotransferase|CPT,G,121,A
MEG_2114|Drugs|Phenicol|Chloramphenicol_phosphotransferase|CPT,C,159,G
MEG_2114|Drugs|Phenicol|Chloramphenicol_phosphotransferase|CPT,G,193,T
MEG_2114|Drugs|Phenicol|Chloramphenicol_phosphotransferase|CPT,C,384,G
MEG_2114|Drugs|Phenicol|Chloramphenicol_phosphotransferase|CPT,G,435,C
MEG_2114|Drugs|Phenicol|Chloramphenicol_phosphotransferase|CPT,G,450,C
MEG_1559|Drugs|Phenicol|Chloramphenicol_acetyltransferases|CAT,G,203,T
MEG_1559|Drugs|Phenicol|Chloramphenicol_acetyltransferases|CAT,A,482,G
MEG_1576|Drugs|Phenicol|Chloramphenicol_acetyltransferases|CATA,A,26,C
MEG_1576|Drugs|Phenicol|Chloramphenicol_acetyltransferases|CATA,A,311,G
MEG_1576|Drugs|Phenicol|Chloramphenicol_acetyltransferases|CATA,T,345,C
MEG_1576|Drugs|Phenicol|Chloramphenicol_acetyltransferases|CATA,T,413,G
MEG_1576|Drugs|Phenicol|Chloramphenicol_acetyltransferases|CATA,T,579,G
MEG_2927|Drugs|Phenicol|Phenicol_resistance_MFS_efflux_pumps|FLOR,G,91,A
MEG_2927|Drugs|Phenicol|Phenicol_resistance_MFS_efflux_pumps|FLOR,T,96,G
MEG_2927|Drugs|Phenicol|Phenicol_resistance_MFS_efflux_pumps|FLOR,C,195,A
MEG_2927|Drugs|Phenicol|Phenicol_resistance_MFS_efflux_pumps|FLOR,C,619,T
MEG_2927|Drugs|Phenicol|Phenicol_resistance_MFS_efflux_pumps|FLOR,T,799,G
MEG_2931|Drugs|Phenicol|Phenicol_resistance_MFS_efflux_pumps|FLOR,C,49,G
MEG_2931|Drugs|Phenicol|Phenicol_resistance_MFS_efflux_pumps|FLOR,C,255,G
MEG_2931|Drugs|Phenicol|Phenicol_resistance_MFS_efflux_pumps|FLOR,A,336,T
MEG_2931|Drugs|Phenicol|Phenicol_resistance_MFS_efflux_pumps|FLOR,C,532,A
MEG_2931|Drugs|Phenicol|Phenicol_resistance_MFS_efflux_pumps|FLOR,T,691,G
MEG_2931|Drugs|Phenicol|Phenicol_resistance_MFS_efflux_pumps|FLOR,A,806,T
MEG_8014|Drugs|Phenicol|Chloramphenicol_acetyltransferases|CATT,A,94,G
MEG_8014|Drugs|Phenicol|Chloramphenicol_acetyltransferases|CATT,C,612,G
MEG_2918|Drugs|Phenicol|Phenicol_resistance_MFS_efflux_pumps|FLOR,G,43,C
MEG_2918|Drugs|Phenicol|Phenicol_resistance_MFS_efflux_pumps|FLOR,C,331,T
MEG_2918|Drugs|Phenicol|Phenicol_resistance_MFS_efflux_pumps|FLOR,C,347,T
MEG_2918|Drugs|Phenicol|Phenicol_resistance_MFS_efflux_pumps|FLOR,T,429,G
MEG_2918|Drugs|Phenicol|Phenicol_resistance_MFS_efflux_pumps|FLOR,T,435,C
MEG_2918|Drugs|Phenicol|Phenicol_resistance_MFS_efflux_pumps|FLOR,T,823,C
MEG_2918|Drugs|Phenicol|Phenicol_resistance_MFS_efflux_pumps|FLOR,T,913,G
MEG_2918|Drugs|Phenicol|Phenicol_resistance_MFS_efflux_pumps|FLOR,C,990,G
MEG_1759|Drugs|Phenicol|Phenicol_resistance_MFS_efflux_pumps|CMLA,T,521,G
MEG_1759|Drugs|Phenicol|Phenicol_resistance_MFS_efflux_pumps|CMLA,C,596,G
MEG_1759|Drugs|Phenicol|Phenicol_resistance_MFS_efflux_pumps|CMLA,C,656,A
MEG_1759|Drugs|Phenicol|Phenicol_resistance_MFS_efflux_pumps|CMLA,G,1201,T
MEG_1777|Drugs|Phenicol|Chloramphenicol_phosphotransferase|CMLV,T,37,G
MEG_1777|Drugs|Phenicol|Chloramphenicol_phosphotransferase|CMLV,T,370,A
MEG_1777|Drugs|Phenicol|Chloramphenicol_phosphotransferase|CMLV,C,493,A
MEG_1777|Drugs|Phenicol|Chloramphenicol_phosphotransferase|CMLV,C,571,A
MEG_1777|Drugs|Phenicol|Chloramphenicol_phosphotransferase|CMLV,C,573,G
MEG_1777|Drugs|Phenicol|Chloramphenicol_phosphotransferase|CMLV,C,929,T
MEG_1777|Drugs|Phenicol|Chloramphenicol_phosphotransferase|CMLV,C,938,A
MEG_1777|Drugs|Phenicol|Chloramphenicol_phosphotransferase|CMLV,C,1127,G
MEG_1776|Drugs|Phenicol|Phenicol_resistance_MFS_efflux_pumps|CMLR,C,280,T
MEG_1776|Drugs|Phenicol|Phenicol_resistance_MFS_efflux_pumps|CMLR,T,289,G
MEG_1776|Drugs|Phenicol|Phenicol_resistance_MFS_efflux_pumps|CMLR,C,302,A
MEG_1776|Drugs|Phenicol|Phenicol_resistance_MFS_efflux_pumps|CMLR,T,673,A
MEG_1776|Drugs|Phenicol|Phenicol_resistance_MFS_efflux_pumps|CMLR,C,762,G
MEG_1776|Drugs|Phenicol|Phenicol_resistance_MFS_efflux_pumps|CMLR,A,905,T
MEG_1776|Drugs|Phenicol|Phenicol_resistance_MFS_efflux_pumps|CMLR,G,1152,T
MEG_1765|Drugs|Phenicol|Phenicol_resistance_MFS_efflux_pumps|CMLA,A,322,T
MEG_1579|Drugs|Phenicol|Chloramphenicol_acetyltransferases|CATA,A,73,T
MEG_1579|Drugs|Phenicol|Chloramphenicol_acetyltransferases|CATA,G,94,C
MEG_1579|Drugs|Phenicol|Chloramphenicol_acetyltransferases|CATA,T,201,C
MEG_1579|Drugs|Phenicol|Chloramphenicol_acetyltransferases|CATA,A,217,G
MEG_1579|Drugs|Phenicol|Chloramphenicol_acetyltransferases|CATA,T,461,A
MEG_1579|Drugs|Phenicol|Chloramphenicol_acetyltransferases|CATA,A,489,C
MEG_1763|Drugs|Phenicol|Phenicol_resistance_MFS_efflux_pumps|CMLA,C,140,T
MEG_1589|Drugs|Phenicol|Chloramphenicol_acetyltransferases|CATA,A,191,T
MEG_1589|Drugs|Phenicol|Chloramphenicol_acetyltransferases|CATA,T,247,A
MEG_1589|Drugs|Phenicol|Chloramphenicol_acetyltransferases|CATA,C,291,A
MEG_1589|Drugs|Phenicol|Chloramphenicol_acetyltransferases|CATA,C,425,T
MEG_1589|Drugs|Phenicol|Chloramphenicol_acetyltransferases|CATA,T,461,A
MEG_1589|Drugs|Phenicol|Chloramphenicol_acetyltransferases|CATA,T,539,C
MEG_1589|Drugs|Phenicol|Chloramphenicol_acetyltransferases|CATA,T,612,G
MEG_1578|Drugs|Phenicol|Chloramphenicol_acetyltransferases|CATA,T,399,G
MEG_1578|Drugs|Phenicol|Chloramphenicol_acetyltransferases|CATA,T,416,A
MEG_1578|Drugs|Phenicol|Chloramphenicol_acetyltransferases|CATA,G,478,A
MEG_2916|Drugs|Phenicol|Phenicol_resistance_MFS_efflux_pumps|FLOR,G,178,C
MEG_2916|Drugs|Phenicol|Phenicol_resistance_MFS_efflux_pumps|FLOR,C,583,A
MEG_2916|Drugs|Phenicol|Phenicol_resistance_MFS_efflux_pumps|FLOR,T,654,A
MEG_2916|Drugs|Phenicol|Phenicol_resistance_MFS_efflux_pumps|FLOR,C,758,A
MEG_2916|Drugs|Phenicol|Phenicol_resistance_MFS_efflux_pumps|FLOR,T,815,G
MEG_1588|Drugs|Phenicol|Chloramphenicol_acetyltransferases|CATA,T,332,G
MEG_1588|Drugs|Phenicol|Chloramphenicol_acetyltransferases|CATA,A,492,G
MEG_1588|Drugs|Phenicol|Chloramphenicol_acetyltransferases|CATA,T,574,G
MEG_1633|Drugs|Phenicol|Chloramphenicol_acetyltransferases|CATS,T,473,C
MEG_1652|Biocides|Biguanide_resistance|Biguanide_cation_efflux|CEPAB,T,13,C
MEG_1652|Biocides|Biguanide_resistance|Biguanide_cation_efflux|CEPAB,T,73,C
MEG_1652|Biocides|Biguanide_resistance|Biguanide_cation_efflux|CEPAB,C,125,A
MEG_1652|Biocides|Biguanide_resistance|Biguanide_cation_efflux|CEPAB,T,136,C
MEG_1652|Biocides|Biguanide_resistance|Biguanide_cation_efflux|CEPAB,G,578,T
MEG_1652|Biocides|Biguanide_resistance|Biguanide_cation_efflux|CEPAB,G,723,T
MEG_1652|Biocides|Biguanide_resistance|Biguanide_cation_efflux|CEPAB,A,902,C
MEG_1655|Metals|Chromium_resistance|Chromate_ABC_efflux_pump|CEUE,T,163,A
MEG_1655|Metals|Chromium_resistance|Chromate_ABC_efflux_pump|CEUE,T,208,C
MEG_1655|Metals|Chromium_resistance|Chromate_ABC_efflux_pump|CEUE,C,214,T
MEG_1655|Metals|Chromium_resistance|Chromate_ABC_efflux_pump|CEUE,G,572,T
MEG_1655|Metals|Chromium_resistance|Chromate_ABC_efflux_pump|CEUE,T,699,G
MEG_1655|Metals|Chromium_resistance|Chromate_ABC_efflux_pump|CEUE,T,812,G
MEG_1705|Metals|Chromium_resistance|Chromium_resistance_protein|CHRA,T,92,A
MEG_1705|Metals|Chromium_resistance|Chromium_resistance_protein|CHRA,C,682,G
MEG_1705|Metals|Chromium_resistance|Chromium_resistance_protein|CHRA,C,974,A
MEG_1706|Metals|Chromium_resistance|Chromium_resistance_protein|CHRA,T,212,A
MEG_1706|Metals|Chromium_resistance|Chromium_resistance_protein|CHRA,A,852,T
MEG_1706|Metals|Chromium_resistance|Chromium_resistance_protein|CHRA,G,909,A
MEG_1706|Metals|Chromium_resistance|Chromium_resistance_protein|CHRA,G,1080,A
MEG_1706|Metals|Chromium_resistance|Chromium_resistance_protein|CHRA,C,1345,G
MEG_1707|Metals|Chromium_resistance|Chromium_resistance_protein|CHRA,C,19,A
MEG_1707|Metals|Chromium_resistance|Chromium_resistance_protein|CHRA,A,28,T
MEG_1707|Metals|Chromium_resistance|Chromium_resistance_protein|CHRA,G,357,T
MEG_1707|Metals|Chromium_resistance|Chromium_resistance_protein|CHRA,G,381,C
MEG_1707|Metals|Chromium_resistance|Chromium_resistance_protein|CHRA,C,441,G
MEG_1707|Metals|Chromium_resistance|Chromium_resistance_protein|CHRA,G,528,A
MEG_1707|Metals|Chromium_resistance|Chromium_resistance_protein|CHRA,G,642,T
MEG_1707|Metals|Chromium_resistance|Chromium_resistance_protein|CHRA,T,700,C
MEG_1707|Metals|Chromium_resistance|Chromium_resistance_protein|CHRA,G,1164,A
MEG_1708|Metals|Chromium_resistance|Chromium_resistance_protein|CHRA,G,118,T
MEG_1708|Metals|Chromium_resistance|Chromium_resistance_protein|CHRA,T,137,A
MEG_1708|Metals|Chromium_resistance|Chromium_resistance_protein|CHRA,C,431,G
MEG_1708|Metals|Chromium_resistance|Chromium_resistance_protein|CHRA,C,540,A
MEG_1708|Metals|Chromium_resistance|Chromium_resistance_protein|CHRA,G,758,C
MEG_1708|Metals|Chromium_resistance|Chromium_resistance_protein|CHRA,A,886,C
MEG_1708|Metals|Chromium_resistance|Chromium_resistance_protein|CHRA,C,941,A
MEG_1708|Metals|Chromium_resistance|Chromium_resistance_protein|CHRA,T,1067,A
MEG_1710|Metals|Chromium_resistance|Chromium_resistance_protein|CHRB1,G,25,A
MEG_1710|Metals|Chromium_resistance|Chromium_resistance_protein|CHRB1,C,268,G
MEG_1710|Metals|Chromium_resistance|Chromium_resistance_protein|CHRB1,A,293,G
MEG_1710|Metals|Chromium_resistance|Chromium_resistance_protein|CHRB1,G,536,T
MEG_1710|Metals|Chromium_resistance|Chromium_resistance_protein|CHRB1,C,547,A
MEG_1710|Metals|Chromium_resistance|Chromium_resistance_protein|CHRB1,C,608,T
MEG_1710|Metals|Chromium_resistance|Chromium_resistance_protein|CHRB1,C,791,G
MEG_1710|Metals|Chromium_resistance|Chromium_resistance_protein|CHRB1,C,836,T
MEG_1710|Metals|Chromium_resistance|Chromium_resistance_protein|CHRB1,C,855,T
MEG_1710|Metals|Chromium_resistance|Chromium_resistance_protein|CHRB1,T,941,A
MEG_1711|Metals|Chromium_resistance|Chromium_resistance_protein|CHRB1,G,75,A
MEG_1711|Metals|Chromium_resistance|Chromium_resistance_protein|CHRB1,C,77,A
MEG_1711|Metals|Chromium_resistance|Chromium_resistance_protein|CHRB1,A,109,G
MEG_1711|Metals|Chromium_resistance|Chromium_resistance_protein|CHRB1,A,233,G
MEG_1711|Metals|Chromium_resistance|Chromium_resistance_protein|CHRB1,C,373,T
MEG_1711|Metals|Chromium_resistance|Chromium_resistance_protein|CHRB1,G,604,T
MEG_1711|Metals|Chromium_resistance|Chromium_resistance_protein|CHRB1,C,850,T
MEG_1711|Metals|Chromium_resistance|Chromium_resistance_protein|CHRB1,C,866,A
MEG_1713|Metals|Chromium_resistance|Chromium_resistance_protein|CHRC,C,243,T
MEG_1713|Metals|Chromium_resistance|Chromium_resistance_protein|CHRC,A,337,G
MEG_1713|Metals|Chromium_resistance|Chromium_resistance_protein|CHRC,G,418,T
MEG_1713|Metals|Chromium_resistance|Chromium_resistance_protein|CHRC,G,517,C
MEG_1714|Metals|Chromium_resistance|Chromium_resistance_protein|CHRE,T,19,G
MEG_1714|Metals|Chromium_resistance|Chromium_resistance_protein|CHRE,C,61,T
MEG_1714|Metals|Chromium_resistance|Chromium_resistance_protein|CHRE,G,118,T
MEG_1714|Metals|Chromium_resistance|Chromium_resistance_protein|CHRE,G,149,C
MEG_1714|Metals|Chromium_resistance|Chromium_resistance_protein|CHRE,T,167,A
MEG_1714|Metals|Chromium_resistance|Chromium_resistance_protein|CHRE,C,192,T
MEG_1714|Metals|Chromium_resistance|Chromium_resistance_protein|CHRE,C,238,A
MEG_1714|Metals|Chromium_resistance|Chromium_resistance_protein|CHRE,C,268,G
MEG_1714|Metals|Chromium_resistance|Chromium_resistance_protein|CHRE,G,286,C
MEG_1715|Metals|Chromium_resistance|Chromium_resistance_regulator|CHRF,G,3,A
MEG_1715|Metals|Chromium_resistance|Chromium_resistance_regulator|CHRF,G,141,A
MEG_1715|Metals|Chromium_resistance|Chromium_resistance_regulator|CHRF,C,145,G
MEG_1715|Metals|Chromium_resistance|Chromium_resistance_regulator|CHRF,A,256,C
MEG_1715|Metals|Chromium_resistance|Chromium_resistance_regulator|CHRF,T,339,G
MEG_1715|Metals|Chromium_resistance|Chromium_resistance_regulator|CHRF,C,371,G
MEG_1715|Metals|Chromium_resistance|Chromium_resistance_regulator|CHRF,G,423,T
MEG_1716|Metals|Chromium_resistance|Chromium_resistance_regulator|CHRI,T,456,G
MEG_1717|Metals|Chromium_resistance|Chromium_resistance_protein|CHRR,G,226,A
MEG_1717|Metals|Chromium_resistance|Chromium_resistance_protein|CHRR,C,253,A
MEG_1717|Metals|Chromium_resistance|Chromium_resistance_protein|CHRR,A,305,G
MEG_1717|Metals|Chromium_resistance|Chromium_resistance_protein|CHRR,T,338,G
MEG_1717|Metals|Chromium_resistance|Chromium_resistance_protein|CHRR,A,447,G
MEG_1717|Metals|Chromium_resistance|Chromium_resistance_protein|CHRR,G,597,C
MEG_1717|Metals|Chromium_resistance|Chromium_resistance_protein|CHRR,A,648,T
MEG_1717|Metals|Chromium_resistance|Chromium_resistance_protein|CHRR,T,704,A
MEG_1717|Metals|Chromium_resistance|Chromium_resistance_protein|CHRR,A,732,T
MEG_4160|Metals|Chromium_resistance|Chromium_resistance_protein|NFSA,A,206,C
MEG_4160|Metals|Chromium_resistance|Chromium_resistance_protein|NFSA,A,345,G
MEG_4160|Metals|Chromium_resistance|Chromium_resistance_protein|NFSA,G,710,C
MEG_6052|Metals|Chromium_resistance|Chromium_resistance_protein|RECG,C,125,A
MEG_6052|Metals|Chromium_resistance|Chromium_resistance_protein|RECG,G,152,C
MEG_6052|Metals|Chromium_resistance|Chromium_resistance_protein|RECG,G,281,A
MEG_6052|Metals|Chromium_resistance|Chromium_resistance_protein|RECG,A,357,C
MEG_6052|Metals|Chromium_resistance|Chromium_resistance_protein|RECG,C,422,T
MEG_6562|Metals|Chromium_resistance|Chromium_resistance_protein|SRPCC,T,109,C
MEG_6562|Metals|Chromium_resistance|Chromium_resistance_protein|SRPCC,T,293,C
MEG_6562|Metals|Chromium_resistance|Chromium_resistance_protein|SRPCC,G,452,C
MEG_6562|Metals|Chromium_resistance|Chromium_resistance_protein|SRPCC,T,469,A
MEG_6562|Metals|Chromium_resistance|Chromium_resistance_protein|SRPCC,A,724,T
MEG_6562|Metals|Chromium_resistance|Chromium_resistance_protein|SRPCC,T,801,G
MEG_6562|Metals|Chromium_resistance|Chromium_resistance_protein|SRPCC,T,920,G
MEG_6562|Metals|Chromium_resistance|Chromium_resistance_protein|SRPCC,T,940,G
MEG_6562|Metals|Chromium_resistance|Chromium_resistance_protein|SRPCC,G,989,T
MEG_6562|Metals|Chromium_resistance|Chromium_resistance_protein|SRPCC,T,1070,C
MEG_4051|Drugs|MLS|Macrolide_phosphotransferases|MPHN,C,49,T
MEG_4051|Drugs|MLS|Macrolide_phosphotransferases|MPHN,A,102,T
MEG_4051|Drugs|MLS|Macrolide_phosphotransferases|MPHN,T,376,C
MEG_4051|Drugs|MLS|Macrolide_phosphotransferases|MPHN,G,522,T
MEG_4051|Drugs|MLS|Macrolide_phosphotransferases|MPHN,A,682,G
MEG_4051|Drugs|MLS|Macrolide_phosphotransferases|MPHN,G,741,T
MEG_4051|Drugs|MLS|Macrolide_phosphotransferases|MPHN,A,866,T
MEG_11371|Drugs|MLS|Macrolide_esterases|BRB,G,4,C
MEG_11371|Drugs|MLS|Macrolide_esterases|BRB,A,85,G
MEG_11371|Drugs|MLS|Macrolide_esterases|BRB,G,90,C
MEG_11371|Drugs|MLS|Macrolide_esterases|BRB,G,274,T
MEG_11371|Drugs|MLS|Macrolide_esterases|BRB,C,294,T
MEG_11371|Drugs|MLS|Macrolide_esterases|BRB,T,401,C
MEG_10070|Drugs|MLS|ABC-F_ATPase_ribosomal_protection_protein|CPLR,A,1200,G
MEG_2744|Drugs|MLS|Macrolide_esterases|EREA,T,264,G
MEG_2744|Drugs|MLS|Macrolide_esterases|EREA,G,435,T
MEG_2744|Drugs|MLS|Macrolide_esterases|EREA,C,518,A
MEG_2744|Drugs|MLS|Macrolide_esterases|EREA,C,594,T
MEG_2744|Drugs|MLS|Macrolide_esterases|EREA,G,928,T
MEG_2744|Drugs|MLS|Macrolide_esterases|EREA,C,1191,G
MEG_2828|Drugs|MLS|23S_rRNA_methyltransferases|ERMF,G,39,A
MEG_2828|Drugs|MLS|23S_rRNA_methyltransferases|ERMF,A,114,C
MEG_2828|Drugs|MLS|23S_rRNA_methyltransferases|ERMF,G,205,C
MEG_2828|Drugs|MLS|23S_rRNA_methyltransferases|ERMF,A,667,G
MEG_2828|Drugs|MLS|23S_rRNA_methyltransferases|ERMF,G,729,T
MEG_2838|Drugs|MLS|23S_rRNA_methyltransferases|ERMN,G,27,T
MEG_2838|Drugs|MLS|23S_rRNA_methyltransferases|ERMN,C,372,G
MEG_2838|Drugs|MLS|23S_rRNA_methyltransferases|ERMN,G,446,A
MEG_2838|Drugs|MLS|23S_rRNA_methyltransferases|ERMN,A,674,G
MEG_4071|Drugs|MLS|MLS_resistance_ABC_efflux_pumps|MSRC,C,301,T
MEG_4071|Drugs|MLS|MLS_resistance_ABC_efflux_pumps|MSRC,T,350,A
MEG_4071|Drugs|MLS|MLS_resistance_ABC_efflux_pumps|MSRC,C,418,G
MEG_4071|Drugs|MLS|MLS_resistance_ABC_efflux_pumps|MSRC,G,604,A
MEG_4071|Drugs|MLS|MLS_resistance_ABC_efflux_pumps|MSRC,A,639,T
MEG_4071|Drugs|MLS|MLS_resistance_ABC_efflux_pumps|MSRC,T,1192,G
MEG_4071|Drugs|MLS|MLS_resistance_ABC_efflux_pumps|MSRC,G,1227,T
MEG_4071|Drugs|MLS|MLS_resistance_ABC_efflux_pumps|MSRC,A,1318,C
MEG_4071|Drugs|MLS|MLS_resistance_ABC_efflux_pumps|MSRC,A,1458,G
MEG_3827|Drugs|MLS|MLS_resistance_MFS_efflux_pumps|MEFB,A,118,T
MEG_3827|Drugs|MLS|MLS_resistance_MFS_efflux_pumps|MEFB,C,472,T
MEG_3827|Drugs|MLS|MLS_resistance_MFS_efflux_pumps|MEFB,G,489,T
MEG_3827|Drugs|MLS|MLS_resistance_MFS_efflux_pumps|MEFB,C,675,G
MEG_3827|Drugs|MLS|MLS_resistance_MFS_efflux_pumps|MEFB,G,1015,C
MEG_3827|Drugs|MLS|MLS_resistance_MFS_efflux_pumps|MEFB,G,1053,A
MEG_3945|Drugs|MLS|Macrolide_glycosyltransferases|MGT,C,103,T
MEG_3945|Drugs|MLS|Macrolide_glycosyltransferases|MGT,G,116,A
MEG_3945|Drugs|MLS|Macrolide_glycosyltransferases|MGT,C,885,T
MEG_3945|Drugs|MLS|Macrolide_glycosyltransferases|MGT,G,1030,C
MEG_3600|Drugs|MLS|Lincosamide_nucleotidyltransferases|LNUA,G,46,C
MEG_3600|Drugs|MLS|Lincosamide_nucleotidyltransferases|LNUA,G,92,A
MEG_3600|Drugs|MLS|Lincosamide_nucleotidyltransferases|LNUA,G,93,C
MEG_3600|Drugs|MLS|Lincosamide_nucleotidyltransferases|LNUA,T,177,A
MEG_3600|Drugs|MLS|Lincosamide_nucleotidyltransferases|LNUA,G,217,A
MEG_3600|Drugs|MLS|Lincosamide_nucleotidyltransferases|LNUA,A,240,C
MEG_3600|Drugs|MLS|Lincosamide_nucleotidyltransferases|LNUA,G,268,T
MEG_3600|Drugs|MLS|Lincosamide_nucleotidyltransferases|LNUA,T,366,G
MEG_3600|Drugs|MLS|Lincosamide_nucleotidyltransferases|LNUA,C,372,G
MEG_3600|Drugs|MLS|Lincosamide_nucleotidyltransferases|LNUA,A,441,C
MEG_2839|Drugs|MLS|23S_rRNA_methyltransferases|ERMO,C,149,G
MEG_2839|Drugs|MLS|23S_rRNA_methyltransferases|ERMO,C,183,A
MEG_2839|Drugs|MLS|23S_rRNA_methyltransferases|ERMO,T,257,A
MEG_2839|Drugs|MLS|23S_rRNA_methyltransferases|ERMO,T,475,A
MEG_2839|Drugs|MLS|23S_rRNA_methyltransferases|ERMO,G,517,A
MEG_2839|Drugs|MLS|23S_rRNA_methyltransferases|ERMO,C,518,T
MEG_2839|Drugs|MLS|23S_rRNA_methyltransferases|ERMO,C,684,G
MEG_2802|Drugs|MLS|23S_rRNA_methyltransferases|ERMB,A,214,T
MEG_2802|Drugs|MLS|23S_rRNA_methyltransferases|ERMB,T,303,G
MEG_2802|Drugs|MLS|23S_rRNA_methyltransferases|ERMB,C,430,A
MEG_2802|Drugs|MLS|23S_rRNA_methyltransferases|ERMB,A,555,T
MEG_2802|Drugs|MLS|23S_rRNA_methyltransferases|ERMB,T,582,G
MEG_2740|Drugs|MLS|Macrolide_esterases|EREA,A,86,T
MEG_2740|Drugs|MLS|Macrolide_esterases|EREA,T,151,C
MEG_2740|Drugs|MLS|Macrolide_esterases|EREA,A,234,T
MEG_2740|Drugs|MLS|Macrolide_esterases|EREA,A,425,T
MEG_2740|Drugs|MLS|Macrolide_esterases|EREA,T,903,G
MEG_2740|Drugs|MLS|Macrolide_esterases|EREA,C,1230,A
MEG_2810|Drugs|MLS|23S_rRNA_methyltransferases|ERMC,C,203,G
MEG_2810|Drugs|MLS|23S_rRNA_methyltransferases|ERMC,A,682,T
MEG_7621|Drugs|MLS|Streptogramin_A_O-acetyltransferase|VATA,A,394,G
MEG_6058|Drugs|MLS|23S_rRNA_methyltransferases|RLMH,G,48,C
MEG_6058|Drugs|MLS|23S_rRNA_methyltransferases|RLMH,A,68,C
MEG_6058|Drugs|MLS|23S_rRNA_methyltransferases|RLMH,T,156,C
MEG_6058|Drugs|MLS|23S_rRNA_methyltransferases|RLMH,A,203,C
MEG_6058|Drugs|MLS|23S_rRNA_methyltransferases|RLMH,C,298,G
MEG_6058|Drugs|MLS|23S_rRNA_methyltransferases|RLMH,C,366,A
MEG_6058|Drugs|MLS|23S_rRNA_methyltransferases|RLMH,A,393,C
MEG_7633|Drugs|MLS|Streptogramin_A_O-acetyltransferase|VATF,T,293,A
MEG_7633|Drugs|MLS|Streptogramin_A_O-acetyltransferase|VATF,T,391,C
MEG_4275|Drugs|MLS|MLS_resistance_ABC_efflux_pumps|OLEB,G,670,T
MEG_4275|Drugs|MLS|MLS_resistance_ABC_efflux_pumps|OLEB,T,680,A
MEG_4275|Drugs|MLS|MLS_resistance_ABC_efflux_pumps|OLEB,T,890,A
MEG_4275|Drugs|MLS|MLS_resistance_ABC_efflux_pumps|OLEB,G,1208,A
MEG_4275|Drugs|MLS|MLS_resistance_ABC_efflux_pumps|OLEB,G,1453,T
MEG_2859|Drugs|MLS|23S_rRNA_methyltransferases|ERMX,T,471,A
MEG_7622|Drugs|MLS|Streptogramin_A_O-acetyltransferase|VATB,T,58,A
MEG_7622|Drugs|MLS|Streptogramin_A_O-acetyltransferase|VATB,T,162,A
MEG_7622|Drugs|MLS|Streptogramin_A_O-acetyltransferase|VATB,C,406,G
MEG_7622|Drugs|MLS|Streptogramin_A_O-acetyltransferase|VATB,C,603,G
MEG_2803|Drugs|MLS|23S_rRNA_methyltransferases|ERMB,A,123,T
MEG_2803|Drugs|MLS|23S_rRNA_methyltransferases|ERMB,A,135,C
MEG_2803|Drugs|MLS|23S_rRNA_methyltransferases|ERMB,T,195,A
MEG_2803|Drugs|MLS|23S_rRNA_methyltransferases|ERMB,G,270,C
MEG_2803|Drugs|MLS|23S_rRNA_methyltransferases|ERMB,G,342,T
MEG_2803|Drugs|MLS|23S_rRNA_methyltransferases|ERMB,G,403,C
MEG_2803|Drugs|MLS|23S_rRNA_methyltransferases|ERMB,A,604,C
MEG_2803|Drugs|MLS|23S_rRNA_methyltransferases|ERMB,C,663,G
MEG_2803|Drugs|MLS|23S_rRNA_methyltransferases|ERMB,G,682,C
MEG_2803|Drugs|MLS|23S_rRNA_methyltransferases|ERMB,T,699,G
MEG_2846|Drugs|MLS|23S_rRNA_methyltransferases|ERMT,C,116,G
MEG_2846|Drugs|MLS|23S_rRNA_methyltransferases|ERMT,T,269,C
MEG_2846|Drugs|MLS|23S_rRNA_methyltransferases|ERMT,T,404,G
MEG_2846|Drugs|MLS|23S_rRNA_methyltransferases|ERMT,G,445,C
MEG_2846|Drugs|MLS|23S_rRNA_methyltransferases|ERMT,A,599,C
MEG_2846|Drugs|MLS|23S_rRNA_methyltransferases|ERMT,C,623,T
MEG_2846|Drugs|MLS|23S_rRNA_methyltransferases|ERMT,G,667,A
MEG_3815|Drugs|MLS|MLS_resistance_MFS_efflux_pumps|MEFA,G,256,T
MEG_3815|Drugs|MLS|MLS_resistance_MFS_efflux_pumps|MEFA,G,591,C
MEG_3815|Drugs|MLS|MLS_resistance_MFS_efflux_pumps|MEFA,A,645,G
MEG_3815|Drugs|MLS|MLS_resistance_MFS_efflux_pumps|MEFA,A,906,C
MEG_3815|Drugs|MLS|MLS_resistance_MFS_efflux_pumps|MEFA,C,991,T
MEG_3815|Drugs|MLS|MLS_resistance_MFS_efflux_pumps|MEFA,C,1141,G
MEG_3815|Drugs|MLS|MLS_resistance_MFS_efflux_pumps|MEFA,A,1188,T
MEG_7632|Drugs|MLS|Streptogramin_A_O-acetyltransferase|VATE,C,10,T
MEG_7632|Drugs|MLS|Streptogramin_A_O-acetyltransferase|VATE,G,72,T
MEG_7632|Drugs|MLS|Streptogramin_A_O-acetyltransferase|VATE,C,102,T
MEG_7632|Drugs|MLS|Streptogramin_A_O-acetyltransferase|VATE,A,285,G
MEG_7632|Drugs|MLS|Streptogramin_A_O-acetyltransferase|VATE,T,307,C
MEG_7632|Drugs|MLS|Streptogramin_A_O-acetyltransferase|VATE,T,443,G
MEG_7632|Drugs|MLS|Streptogramin_A_O-acetyltransferase|VATE,T,483,G
MEG_7632|Drugs|MLS|Streptogramin_A_O-acetyltransferase|VATE,A,640,C
MEG_2842|Drugs|MLS|23S_rRNA_methyltransferases|ERMQ,A,191,G
MEG_2842|Drugs|MLS|23S_rRNA_methyltransferases|ERMQ,G,258,C
MEG_2842|Drugs|MLS|23S_rRNA_methyltransferases|ERMQ,T,283,A
MEG_2842|Drugs|MLS|23S_rRNA_methyltransferases|ERMQ,A,286,C
MEG_2842|Drugs|MLS|23S_rRNA_methyltransferases|ERMQ,T,510,G
MEG_2842|Drugs|MLS|23S_rRNA_methyltransferases|ERMQ,A,534,T
MEG_2781|Drugs|MLS|23S_rRNA_methyltransferases|ERM42,A,307,G
MEG_2781|Drugs|MLS|23S_rRNA_methyltransferases|ERM42,A,464,C
MEG_2781|Drugs|MLS|23S_rRNA_methyltransferases|ERM42,A,529,T
MEG_2781|Drugs|MLS|23S_rRNA_methyltransferases|ERM42,A,547,C
MEG_2781|Drugs|MLS|23S_rRNA_methyltransferases|ERM42,G,610,C
MEG_2781|Drugs|MLS|23S_rRNA_methyltransferases|ERM42,A,898,T
MEG_2816|Drugs|MLS|23S_rRNA_methyltransferases|ERMC,T,186,A
MEG_2816|Drugs|MLS|23S_rRNA_methyltransferases|ERMC,A,212,C
MEG_2816|Drugs|MLS|23S_rRNA_methyltransferases|ERMC,T,721,G
MEG_4027|Drugs|MLS|Macrolide_phosphotransferases|MPH,T,92,G
MEG_4027|Drugs|MLS|Macrolide_phosphotransferases|MPH,A,144,G
MEG_4027|Drugs|MLS|Macrolide_phosphotransferases|MPH,T,170,A
MEG_4027|Drugs|MLS|Macrolide_phosphotransferases|MPH,T,243,A
MEG_4027|Drugs|MLS|Macrolide_phosphotransferases|MPH,A,414,C
MEG_4027|Drugs|MLS|Macrolide_phosphotransferases|MPH,A,459,G
MEG_4027|Drugs|MLS|Macrolide_phosphotransferases|MPH,A,490,C
MEG_4027|Drugs|MLS|Macrolide_phosphotransferases|MPH,A,655,C
MEG_4027|Drugs|MLS|Macrolide_phosphotransferases|MPH,T,780,G
MEG_2766|Drugs|MLS|23S_rRNA_methyltransferases|ERM,T,43,G
MEG_2766|Drugs|MLS|23S_rRNA_methyltransferases|ERM,T,96,A
MEG_2766|Drugs|MLS|23S_rRNA_methyltransferases|ERM,A,135,G
MEG_2766|Drugs|MLS|23S_rRNA_methyltransferases|ERM,C,188,A
MEG_2766|Drugs|MLS|23S_rRNA_methyltransferases|ERM,T,374,C
MEG_2766|Drugs|MLS|23S_rRNA_methyltransferases|ERM,G,594,C
MEG_2766|Drugs|MLS|23S_rRNA_methyltransferases|ERM,A,628,T
MEG_2766|Drugs|MLS|23S_rRNA_methyltransferases|ERM,T,646,C
MEG_2766|Drugs|MLS|23S_rRNA_methyltransferases|ERM,G,655,C
MEG_4276|Drugs|MLS|MLS_resistance_ABC_efflux_pumps|OLEC,C,61,A
MEG_4276|Drugs|MLS|MLS_resistance_ABC_efflux_pumps|OLEC,T,128,C
MEG_4276|Drugs|MLS|MLS_resistance_ABC_efflux_pumps|OLEC,G,367,A
MEG_4276|Drugs|MLS|MLS_resistance_ABC_efflux_pumps|OLEC,T,405,G
MEG_4276|Drugs|MLS|MLS_resistance_ABC_efflux_pumps|OLEC,C,434,G
MEG_4276|Drugs|MLS|MLS_resistance_ABC_efflux_pumps|OLEC,A,467,G
MEG_4276|Drugs|MLS|MLS_resistance_ABC_efflux_pumps|OLEC,C,679,A
MEG_4276|Drugs|MLS|MLS_resistance_ABC_efflux_pumps|OLEC,G,894,A
MEG_4276|Drugs|MLS|MLS_resistance_ABC_efflux_pumps|OLEC,G,951,C
MEG_4276|Drugs|MLS|MLS_resistance_ABC_efflux_pumps|OLEC,T,968,G
MEG_8081|Drugs|MLS|23S_rRNA_methyltransferases|ERM50,T,173,G
MEG_8081|Drugs|MLS|23S_rRNA_methyltransferases|ERM50,T,429,A
MEG_8081|Drugs|MLS|23S_rRNA_methyltransferases|ERM50,A,448,C
MEG_8081|Drugs|MLS|23S_rRNA_methyltransferases|ERM50,C,503,T
MEG_2794|Drugs|MLS|23S_rRNA_methyltransferases|ERMB,A,336,C
MEG_2794|Drugs|MLS|23S_rRNA_methyltransferases|ERMB,G,728,C
MEG_2751|Drugs|MLS|Macrolide_esterases|EREA,G,432,C
MEG_2751|Drugs|MLS|Macrolide_esterases|EREA,C,499,T
MEG_2751|Drugs|MLS|Macrolide_esterases|EREA,A,670,T
MEG_2751|Drugs|MLS|Macrolide_esterases|EREA,A,1010,T
MEG_2817|Drugs|MLS|23S_rRNA_methyltransferases|ERMC,C,134,G
MEG_2817|Drugs|MLS|23S_rRNA_methyltransferases|ERMC,C,214,G
MEG_2817|Drugs|MLS|23S_rRNA_methyltransferases|ERMC,T,421,A
MEG_2817|Drugs|MLS|23S_rRNA_methyltransferases|ERMC,T,473,G
MEG_2817|Drugs|MLS|23S_rRNA_methyltransferases|ERMC,T,501,C
MEG_2817|Drugs|MLS|23S_rRNA_methyltransferases|ERMC,G,583,T
MEG_7628|Drugs|MLS|Streptogramin_A_O-acetyltransferase|VATE,A,43,G
MEG_7628|Drugs|MLS|Streptogramin_A_O-acetyltransferase|VATE,T,576,G
MEG_2807|Drugs|MLS|23S_rRNA_methyltransferases|ERMB,A,72,G
MEG_2807|Drugs|MLS|23S_rRNA_methyltransferases|ERMB,A,94,T
MEG_2807|Drugs|MLS|23S_rRNA_methyltransferases|ERMB,T,236,G
MEG_2807|Drugs|MLS|23S_rRNA_methyltransferases|ERMB,T,518,C
MEG_2807|Drugs|MLS|23S_rRNA_methyltransferases|ERMB,A,693,C
MEG_2776|Drugs|MLS|23S_rRNA_methyltransferases|ERM32,G,558,A
MEG_7692|Drugs|MLS|Streptogramin_B_ester_bond_cleavage|VGBA,G,4,A
MEG_7692|Drugs|MLS|Streptogramin_B_ester_bond_cleavage|VGBA,A,153,T
MEG_7692|Drugs|MLS|Streptogramin_B_ester_bond_cleavage|VGBA,A,324,G
MEG_7692|Drugs|MLS|Streptogramin_B_ester_bond_cleavage|VGBA,T,396,C
MEG_8245|Drugs|MLS|MLS_resistance_MFS_efflux_pumps|MEFF,A,112,C
MEG_8245|Drugs|MLS|MLS_resistance_MFS_efflux_pumps|MEFF,C,355,G
MEG_8245|Drugs|MLS|MLS_resistance_MFS_efflux_pumps|MEFF,G,436,C
MEG_8245|Drugs|MLS|MLS_resistance_MFS_efflux_pumps|MEFF,T,442,G
MEG_8245|Drugs|MLS|MLS_resistance_MFS_efflux_pumps|MEFF,G,555,A
MEG_8245|Drugs|MLS|MLS_resistance_MFS_efflux_pumps|MEFF,G,658,A
MEG_8245|Drugs|MLS|MLS_resistance_MFS_efflux_pumps|MEFF,A,755,T
MEG_8245|Drugs|MLS|MLS_resistance_MFS_efflux_pumps|MEFF,T,1052,G
MEG_8245|Drugs|MLS|MLS_resistance_MFS_efflux_pumps|MEFF,A,1108,T
MEG_2771|Drugs|MLS|23S_rRNA_methyltransferases|ERM,A,39,C
MEG_2771|Drugs|MLS|23S_rRNA_methyltransferases|ERM,A,58,G
MEG_2771|Drugs|MLS|23S_rRNA_methyltransferases|ERM,A,174,T
MEG_2771|Drugs|MLS|23S_rRNA_methyltransferases|ERM,A,351,C
MEG_1701|Metals|Sodium_resistance|Sodium_resistance_protein|CHAA,C,763,A
MEG_1701|Metals|Sodium_resistance|Sodium_resistance_protein|CHAA,C,881,T
MEG_1701|Metals|Sodium_resistance|Sodium_resistance_protein|CHAA,T,917,G
MEG_1701|Metals|Sodium_resistance|Sodium_resistance_protein|CHAA,C,1025,G
MEG_1701|Metals|Sodium_resistance|Sodium_resistance_protein|CHAA,C,1088,T
MEG_4162|Metals|Sodium_resistance|Sodium_resistance_protein|NHAA,C,65,G
MEG_4162|Metals|Sodium_resistance|Sodium_resistance_protein|NHAA,T,286,A
MEG_4162|Metals|Sodium_resistance|Sodium_resistance_protein|NHAA,A,892,T
MEG_4162|Metals|Sodium_resistance|Sodium_resistance_protein|NHAA,T,1062,G
MEG_4163|Metals|Sodium_resistance|Sodium_resistance_protein|NHAB,C,1084,G
MEG_4164|Metals|Sodium_resistance|Sodium_resistance_protein|NHAB,C,1345,T
MEG_4164|Metals|Sodium_resistance|Sodium_resistance_protein|NHAB,T,1454,C
MEG_2096|Metals|Cobalt_resistance|Cobalt_transporting_ATPase|CORT,C,1093,T
MEG_4165|Metals|Cobalt_resistance|Cobalt_transporting_ATPase|NHLF,C,134,T
MEG_4165|Metals|Cobalt_resistance|Cobalt_transporting_ATPase|NHLF,C,359,A
MEG_4165|Metals|Cobalt_resistance|Cobalt_transporting_ATPase|NHLF,G,711,A
MEG_4165|Metals|Cobalt_resistance|Cobalt_transporting_ATPase|NHLF,G,886,C
MEG_6010|Drugs|Fluoroquinolones|Quinolone_resistance_protein_Qnr|QNRC,C,63,T
MEG_6010|Drugs|Fluoroquinolones|Quinolone_resistance_protein_Qnr|QNRC,T,66,A
MEG_6010|Drugs|Fluoroquinolones|Quinolone_resistance_protein_Qnr|QNRC,T,102,G
MEG_6010|Drugs|Fluoroquinolones|Quinolone_resistance_protein_Qnr|QNRC,T,186,C
MEG_6010|Drugs|Fluoroquinolones|Quinolone_resistance_protein_Qnr|QNRC,T,205,C
MEG_6010|Drugs|Fluoroquinolones|Quinolone_resistance_protein_Qnr|QNRC,C,219,G
MEG_6010|Drugs|Fluoroquinolones|Quinolone_resistance_protein_Qnr|QNRC,A,285,T
MEG_6010|Drugs|Fluoroquinolones|Quinolone_resistance_protein_Qnr|QNRC,T,418,G
MEG_6010|Drugs|Fluoroquinolones|Quinolone_resistance_protein_Qnr|QNRC,T,575,A
MEG_5937|Drugs|Fluoroquinolones|Quinolone_resistance_protein_Qnr|QNRB,T,18,A
MEG_5937|Drugs|Fluoroquinolones|Quinolone_resistance_protein_Qnr|QNRB,T,194,A
MEG_5937|Drugs|Fluoroquinolones|Quinolone_resistance_protein_Qnr|QNRB,T,212,G
MEG_5937|Drugs|Fluoroquinolones|Quinolone_resistance_protein_Qnr|QNRB,G,266,A
MEG_5937|Drugs|Fluoroquinolones|Quinolone_resistance_protein_Qnr|QNRB,A,358,T
MEG_5937|Drugs|Fluoroquinolones|Quinolone_resistance_protein_Qnr|QNRB,T,420,A
MEG_5910|Drugs|Fluoroquinolones|Quinolone_resistance_protein_Qnr|QNRB,A,25,G
MEG_5910|Drugs|Fluoroquinolones|Quinolone_resistance_protein_Qnr|QNRB,A,86,C
MEG_5910|Drugs|Fluoroquinolones|Quinolone_resistance_protein_Qnr|QNRB,T,133,C
MEG_5910|Drugs|Fluoroquinolones|Quinolone_resistance_protein_Qnr|QNRB,T,482,A
MEG_5910|Drugs|Fluoroquinolones|Quinolone_resistance_protein_Qnr|QNRB,A,533,T
MEG_5962|Drugs|Fluoroquinolones|Quinolone_resistance_protein_Qnr|QNRB,G,22,A
MEG_5930|Drugs|Fluoroquinolones|Quinolone_resistance_protein_Qnr|QNRB,G,71,C
MEG_5930|Drugs|Fluoroquinolones|Quinolone_resistance_protein_Qnr|QNRB,A,82,T
MEG_5930|Drugs|Fluoroquinolones|Quinolone_resistance_protein_Qnr|QNRB,G,141,C
MEG_5930|Drugs|Fluoroquinolones|Quinolone_resistance_protein_Qnr|QNRB,G,160,A
MEG_5930|Drugs|Fluoroquinolones|Quinolone_resistance_protein_Qnr|QNRB,A,205,G
MEG_5930|Drugs|Fluoroquinolones|Quinolone_resistance_protein_Qnr|QNRB,T,368,A
MEG_5930|Drugs|Fluoroquinolones|Quinolone_resistance_protein_Qnr|QNRB,G,459,T
MEG_5930|Drugs|Fluoroquinolones|Quinolone_resistance_protein_Qnr|QNRB,G,511,A
MEG_5930|Drugs|Fluoroquinolones|Quinolone_resistance_protein_Qnr|QNRB,T,606,C
MEG_5899|Drugs|Fluoroquinolones|Quinolone_resistance_protein_Qnr|QNRB,C,96,G
MEG_5899|Drugs|Fluoroquinolones|Quinolone_resistance_protein_Qnr|QNRB,G,109,A
MEG_5899|Drugs|Fluoroquinolones|Quinolone_resistance_protein_Qnr|QNRB,G,128,T
MEG_5899|Drugs|Fluoroquinolones|Quinolone_resistance_protein_Qnr|QNRB,G,143,A
MEG_5899|Drugs|Fluoroquinolones|Quinolone_resistance_protein_Qnr|QNRB,T,162,G
MEG_5899|Drugs|Fluoroquinolones|Quinolone_resistance_protein_Qnr|QNRB,T,205,A
MEG_5899|Drugs|Fluoroquinolones|Quinolone_resistance_protein_Qnr|QNRB,T,511,G
MEG_5899|Drugs|Fluoroquinolones|Quinolone_resistance_protein_Qnr|QNRB,T,513,G
MEG_5899|Drugs|Fluoroquinolones|Quinolone_resistance_protein_Qnr|QNRB,T,587,A
MEG_5899|Drugs|Fluoroquinolones|Quinolone_resistance_protein_Qnr|QNRB,G,634,T
MEG_6007|Drugs|Fluoroquinolones|Quinolone_resistance_protein_Qnr|QNRB,T,108,G
MEG_6007|Drugs|Fluoroquinolones|Quinolone_resistance_protein_Qnr|QNRB,T,251,G
MEG_6007|Drugs|Fluoroquinolones|Quinolone_resistance_protein_Qnr|QNRB,A,357,G
MEG_6007|Drugs|Fluoroquinolones|Quinolone_resistance_protein_Qnr|QNRB,C,531,A
MEG_6009|Drugs|Fluoroquinolones|Quinolone_resistance_protein_Qnr|QNRB,G,190,A
MEG_6009|Drugs|Fluoroquinolones|Quinolone_resistance_protein_Qnr|QNRB,A,200,T
MEG_6009|Drugs|Fluoroquinolones|Quinolone_resistance_protein_Qnr|QNRB,T,643,A
MEG_6021|Drugs|Fluoroquinolones|Quinolone_resistance_protein_Qnr|QNRS,T,493,C
MEG_5894|Drugs|Fluoroquinolones|Quinolone_resistance_protein_Qnr|QNRB,T,211,A
MEG_5894|Drugs|Fluoroquinolones|Quinolone_resistance_protein_Qnr|QNRB,A,275,T
MEG_5894|Drugs|Fluoroquinolones|Quinolone_resistance_protein_Qnr|QNRB,A,310,C
MEG_5894|Drugs|Fluoroquinolones|Quinolone_resistance_protein_Qnr|QNRB,T,379,G
MEG_5894|Drugs|Fluoroquinolones|Quinolone_resistance_protein_Qnr|QNRB,C,627,G
MEG_5894|Drugs|Fluoroquinolones|Quinolone_resistance_protein_Qnr|QNRB,T,638,A
MEG_5894|Drugs|Fluoroquinolones|Quinolone_resistance_protein_Qnr|QNRB,T,642,C
MEG_5966|Drugs|Fluoroquinolones|Quinolone_resistance_protein_Qnr|QNRB,A,116,T
MEG_5966|Drugs|Fluoroquinolones|Quinolone_resistance_protein_Qnr|QNRB,A,152,T
MEG_5966|Drugs|Fluoroquinolones|Quinolone_resistance_protein_Qnr|QNRB,T,389,A
MEG_3942|Drugs|Fluoroquinolones|Quinolone_resistance_protein_Qnr|MFPA,G,11,C
MEG_3942|Drugs|Fluoroquinolones|Quinolone_resistance_protein_Qnr|MFPA,C,143,G
MEG_3942|Drugs|Fluoroquinolones|Quinolone_resistance_protein_Qnr|MFPA,T,153,C
MEG_3942|Drugs|Fluoroquinolones|Quinolone_resistance_protein_Qnr|MFPA,G,177,T
MEG_3942|Drugs|Fluoroquinolones|Quinolone_resistance_protein_Qnr|MFPA,C,238,T
MEG_3942|Drugs|Fluoroquinolones|Quinolone_resistance_protein_Qnr|MFPA,C,295,G
MEG_3942|Drugs|Fluoroquinolones|Quinolone_resistance_protein_Qnr|MFPA,G,343,A
MEG_3942|Drugs|Fluoroquinolones|Quinolone_resistance_protein_Qnr|MFPA,T,364,A
MEG_3942|Drugs|Fluoroquinolones|Quinolone_resistance_protein_Qnr|MFPA,G,534,T
MEG_6011|Drugs|Fluoroquinolones|Quinolone_resistance_protein_Qnr|QNRC,T,1,A
MEG_6011|Drugs|Fluoroquinolones|Quinolone_resistance_protein_Qnr|QNRC,G,231,T
MEG_6011|Drugs|Fluoroquinolones|Quinolone_resistance_protein_Qnr|QNRC,C,345,A
MEG_6011|Drugs|Fluoroquinolones|Quinolone_resistance_protein_Qnr|QNRC,G,431,C
MEG_6011|Drugs|Fluoroquinolones|Quinolone_resistance_protein_Qnr|QNRC,A,653,C
MEG_6011|Drugs|Fluoroquinolones|Quinolone_resistance_protein_Qnr|QNRC,A,657,C
MEG_6013|Drugs|Fluoroquinolones|Quinolone_resistance_protein_Qnr|QNRD,A,33,C
MEG_6013|Drugs|Fluoroquinolones|Quinolone_resistance_protein_Qnr|QNRD,T,39,G
MEG_6013|Drugs|Fluoroquinolones|Quinolone_resistance_protein_Qnr|QNRD,T,108,C
MEG_6013|Drugs|Fluoroquinolones|Quinolone_resistance_protein_Qnr|QNRD,A,183,G
MEG_6013|Drugs|Fluoroquinolones|Quinolone_resistance_protein_Qnr|QNRD,C,215,T
MEG_6013|Drugs|Fluoroquinolones|Quinolone_resistance_protein_Qnr|QNRD,G,221,A
MEG_6013|Drugs|Fluoroquinolones|Quinolone_resistance_protein_Qnr|QNRD,G,292,C
MEG_6013|Drugs|Fluoroquinolones|Quinolone_resistance_protein_Qnr|QNRD,T,432,A
MEG_6013|Drugs|Fluoroquinolones|Quinolone_resistance_protein_Qnr|QNRD,T,456,C
MEG_6013|Drugs|Fluoroquinolones|Quinolone_resistance_protein_Qnr|QNRD,T,551,C
MEG_5863|Drugs|Fluoroquinolones|Quinolone_active_efflux|QEPA,G,114,T
MEG_5863|Drugs|Fluoroquinolones|Quinolone_active_efflux|QEPA,T,976,C
MEG_5863|Drugs|Fluoroquinolones|Quinolone_active_efflux|QEPA,C,1366,A
MEG_5961|Drugs|Fluoroquinolones|Quinolone_resistance_protein_Qnr|QNRB,A,193,G
MEG_5961|Drugs|Fluoroquinolones|Quinolone_resistance_protein_Qnr|QNRB,T,211,G
MEG_5961|Drugs|Fluoroquinolones|Quinolone_resistance_protein_Qnr|QNRB,C,270,A
MEG_5961|Drugs|Fluoroquinolones|Quinolone_resistance_protein_Qnr|QNRB,A,275,G
MEG_5961|Drugs|Fluoroquinolones|Quinolone_resistance_protein_Qnr|QNRB,G,365,T
MEG_5961|Drugs|Fluoroquinolones|Quinolone_resistance_protein_Qnr|QNRB,C,519,A
MEG_5961|Drugs|Fluoroquinolones|Quinolone_resistance_protein_Qnr|QNRB,T,566,G
MEG_5961|Drugs|Fluoroquinolones|Quinolone_resistance_protein_Qnr|QNRB,T,608,A
MEG_5961|Drugs|Fluoroquinolones|Quinolone_resistance_protein_Qnr|QNRB,C,632,G
MEG_5961|Drugs|Fluoroquinolones|Quinolone_resistance_protein_Qnr|QNRB,T,635,A
MEG_5908|Drugs|Fluoroquinolones|Quinolone_resistance_protein_Qnr|QNRB,T,212,A
MEG_5908|Drugs|Fluoroquinolones|Quinolone_resistance_protein_Qnr|QNRB,T,265,G
MEG_5908|Drugs|Fluoroquinolones|Quinolone_resistance_protein_Qnr|QNRB,T,331,A
MEG_5908|Drugs|Fluoroquinolones|Quinolone_resistance_protein_Qnr|QNRB,G,338,A
MEG_6019|Drugs|Fluoroquinolones|Quinolone_resistance_protein_Qnr|QNRS,G,3,A
MEG_6019|Drugs|Fluoroquinolones|Quinolone_resistance_protein_Qnr|QNRS,T,104,A
MEG_6019|Drugs|Fluoroquinolones|Quinolone_resistance_protein_Qnr|QNRS,G,420,T
MEG_6019|Drugs|Fluoroquinolones|Quinolone_resistance_protein_Qnr|QNRS,C,503,A
MEG_6019|Drugs|Fluoroquinolones|Quinolone_resistance_protein_Qnr|QNRS,T,515,A
MEG_6014|Drugs|Fluoroquinolones|Quinolone_resistance_protein_Qnr|QNRD,T,118,G
MEG_6014|Drugs|Fluoroquinolones|Quinolone_resistance_protein_Qnr|QNRD,T,132,A
MEG_6014|Drugs|Fluoroquinolones|Quinolone_resistance_protein_Qnr|QNRD,T,205,C
MEG_6014|Drugs|Fluoroquinolones|Quinolone_resistance_protein_Qnr|QNRD,A,213,C
MEG_6014|Drugs|Fluoroquinolones|Quinolone_resistance_protein_Qnr|QNRD,A,256,T
MEG_6014|Drugs|Fluoroquinolones|Quinolone_resistance_protein_Qnr|QNRD,T,434,C
MEG_6014|Drugs|Fluoroquinolones|Quinolone_resistance_protein_Qnr|QNRD,A,514,T
MEG_6014|Drugs|Fluoroquinolones|Quinolone_resistance_protein_Qnr|QNRD,G,578,C
MEG_5989|Drugs|Fluoroquinolones|Quinolone_resistance_protein_Qnr|QNRB,G,35,C
MEG_5989|Drugs|Fluoroquinolones|Quinolone_resistance_protein_Qnr|QNRB,A,156,C
MEG_5989|Drugs|Fluoroquinolones|Quinolone_resistance_protein_Qnr|QNRB,A,355,C
MEG_5989|Drugs|Fluoroquinolones|Quinolone_resistance_protein_Qnr|QNRB,A,368,T
MEG_5989|Drugs|Fluoroquinolones|Quinolone_resistance_protein_Qnr|QNRB,G,521,A
MEG_5989|Drugs|Fluoroquinolones|Quinolone_resistance_protein_Qnr|QNRB,T,558,G
MEG_5917|Drugs|Fluoroquinolones|Quinolone_resistance_protein_Qnr|QNRB,A,424,C
MEG_5949|Drugs|Fluoroquinolones|Quinolone_resistance_protein_Qnr|QNRB,C,107,G
MEG_5949|Drugs|Fluoroquinolones|Quinolone_resistance_protein_Qnr|QNRB,G,119,A
MEG_5949|Drugs|Fluoroquinolones|Quinolone_resistance_protein_Qnr|QNRB,T,124,C
MEG_5949|Drugs|Fluoroquinolones|Quinolone_resistance_protein_Qnr|QNRB,C,298,T
MEG_5949|Drugs|Fluoroquinolones|Quinolone_resistance_protein_Qnr|QNRB,C,310,G
MEG_5949|Drugs|Fluoroquinolones|Quinolone_resistance_protein_Qnr|QNRB,A,545,G
MEG_5949|Drugs|Fluoroquinolones|Quinolone_resistance_protein_Qnr|QNRB,T,631,A
MEG_5949|Drugs|Fluoroquinolones|Quinolone_resistance_protein_Qnr|QNRB,C,638,G
MEG_5949|Drugs|Fluoroquinolones|Quinolone_resistance_protein_Qnr|QNRB,A,654,T
MEG_8656|Drugs|Fluoroquinolones|Quinolone_resistance_protein_Qnr|QNRB,T,59,G
MEG_8656|Drugs|Fluoroquinolones|Quinolone_resistance_protein_Qnr|QNRB,A,140,G
MEG_8656|Drugs|Fluoroquinolones|Quinolone_resistance_protein_Qnr|QNRB,A,152,G
MEG_8656|Drugs|Fluoroquinolones|Quinolone_resistance_protein_Qnr|QNRB,A,163,C
MEG_8656|Drugs|Fluoroquinolones|Quinolone_resistance_protein_Qnr|QNRB,A,284,C
MEG_8656|Drugs|Fluoroquinolones|Quinolone_resistance_protein_Qnr|QNRB,A,308,C
MEG_8656|Drugs|Fluoroquinolones|Quinolone_resistance_protein_Qnr|QNRB,T,409,C
MEG_5979|Drugs|Fluoroquinolones|Quinolone_resistance_protein_Qnr|QNRB,C,259,A
MEG_5979|Drugs|Fluoroquinolones|Quinolone_resistance_protein_Qnr|QNRB,C,281,G
MEG_5979|Drugs|Fluoroquinolones|Quinolone_resistance_protein_Qnr|QNRB,C,315,G
MEG_5979|Drugs|Fluoroquinolones|Quinolone_resistance_protein_Qnr|QNRB,T,400,C
MEG_5979|Drugs|Fluoroquinolones|Quinolone_resistance_protein_Qnr|QNRB,G,403,C
MEG_5979|Drugs|Fluoroquinolones|Quinolone_resistance_protein_Qnr|QNRB,A,508,C
MEG_5979|Drugs|Fluoroquinolones|Quinolone_resistance_protein_Qnr|QNRB,G,577,A
MEG_6017|Drugs|Fluoroquinolones|Quinolone_resistance_protein_Qnr|QNRS,C,78,T
MEG_6017|Drugs|Fluoroquinolones|Quinolone_resistance_protein_Qnr|QNRS,C,111,G
MEG_6017|Drugs|Fluoroquinolones|Quinolone_resistance_protein_Qnr|QNRS,T,120,G
MEG_6017|Drugs|Fluoroquinolones|Quinolone_resistance_protein_Qnr|QNRS,T,143,G
MEG_6017|Drugs|Fluoroquinolones|Quinolone_resistance_protein_Qnr|QNRS,G,271,C
MEG_6017|Drugs|Fluoroquinolones|Quinolone_resistance_protein_Qnr|QNRS,G,326,T
MEG_6017|Drugs|Fluoroquinolones|Quinolone_resistance_protein_Qnr|QNRS,T,360,C
MEG_6017|Drugs|Fluoroquinolones|Quinolone_resistance_protein_Qnr|QNRS,G,562,A
MEG_11226|Drugs|Fluoroquinolones|Quinolone_resistance_protein_Qnr|QNRB,G,22,T
MEG_11226|Drugs|Fluoroquinolones|Quinolone_resistance_protein_Qnr|QNRB,G,125,C
MEG_11226|Drugs|Fluoroquinolones|Quinolone_resistance_protein_Qnr|QNRB,T,134,G
MEG_11226|Drugs|Fluoroquinolones|Quinolone_resistance_protein_Qnr|QNRB,G,180,A
MEG_11226|Drugs|Fluoroquinolones|Quinolone_resistance_protein_Qnr|QNRB,A,232,G
MEG_11226|Drugs|Fluoroquinolones|Quinolone_resistance_protein_Qnr|QNRB,A,298,T
MEG_11226|Drugs|Fluoroquinolones|Quinolone_resistance_protein_Qnr|QNRB,C,471,G
MEG_11226|Drugs|Fluoroquinolones|Quinolone_resistance_protein_Qnr|QNRB,T,551,G
MEG_5957|Drugs|Fluoroquinolones|Quinolone_resistance_protein_Qnr|QNRB,A,91,C
MEG_5957|Drugs|Fluoroquinolones|Quinolone_resistance_protein_Qnr|QNRB,A,168,C
MEG_6018|Drugs|Fluoroquinolones|Quinolone_resistance_protein_Qnr|QNRS,C,33,A
MEG_6018|Drugs|Fluoroquinolones|Quinolone_resistance_protein_Qnr|QNRS,A,59,T
MEG_6018|Drugs|Fluoroquinolones|Quinolone_resistance_protein_Qnr|QNRS,G,166,C
MEG_6018|Drugs|Fluoroquinolones|Quinolone_resistance_protein_Qnr|QNRS,A,247,T
MEG_6018|Drugs|Fluoroquinolones|Quinolone_resistance_protein_Qnr|QNRS,G,324,C
MEG_6018|Drugs|Fluoroquinolones|Quinolone_resistance_protein_Qnr|QNRS,T,372,G
MEG_6018|Drugs|Fluoroquinolones|Quinolone_resistance_protein_Qnr|QNRS,T,373,C
MEG_6018|Drugs|Fluoroquinolones|Quinolone_resistance_protein_Qnr|QNRS,A,413,G
MEG_6018|Drugs|Fluoroquinolones|Quinolone_resistance_protein_Qnr|QNRS,A,425,T
MEG_6018|Drugs|Fluoroquinolones|Quinolone_resistance_protein_Qnr|QNRS,C,530,G
MEG_5880|Drugs|Fluoroquinolones|Quinolone_resistance_protein_Qnr|QNRB,T,362,G
MEG_11224|Drugs|Fluoroquinolones|Quinolone_resistance_protein_Qnr|QNRB,T,160,C
MEG_11224|Drugs|Fluoroquinolones|Quinolone_resistance_protein_Qnr|QNRB,A,188,T
MEG_11224|Drugs|Fluoroquinolones|Quinolone_resistance_protein_Qnr|QNRB,A,255,C
MEG_11224|Drugs|Fluoroquinolones|Quinolone_resistance_protein_Qnr|QNRB,G,271,T
MEG_11224|Drugs|Fluoroquinolones|Quinolone_resistance_protein_Qnr|QNRB,T,354,C
MEG_11224|Drugs|Fluoroquinolones|Quinolone_resistance_protein_Qnr|QNRB,A,359,G
MEG_11224|Drugs|Fluoroquinolones|Quinolone_resistance_protein_Qnr|QNRB,T,512,C
MEG_5862|Drugs|Fluoroquinolones|Quinolone_active_efflux|QEPA,T,199,C
MEG_5862|Drugs|Fluoroquinolones|Quinolone_active_efflux|QEPA,G,255,T
MEG_5862|Drugs|Fluoroquinolones|Quinolone_active_efflux|QEPA,C,299,A
MEG_5862|Drugs|Fluoroquinolones|Quinolone_active_efflux|QEPA,T,515,G
MEG_5862|Drugs|Fluoroquinolones|Quinolone_active_efflux|QEPA,T,535,A
MEG_5862|Drugs|Fluoroquinolones|Quinolone_active_efflux|QEPA,T,1028,G
MEG_5862|Drugs|Fluoroquinolones|Quinolone_active_efflux|QEPA,G,1102,A
MEG_5862|Drugs|Fluoroquinolones|Quinolone_active_efflux|QEPA,C,1286,T
MEG_5862|Drugs|Fluoroquinolones|Quinolone_active_efflux|QEPA,A,1360,G
MEG_11236|Drugs|Fluoroquinolones|Quinolone_resistance_protein_Qnr|QNRE,A,116,T
MEG_11236|Drugs|Fluoroquinolones|Quinolone_resistance_protein_Qnr|QNRE,T,129,C
MEG_11236|Drugs|Fluoroquinolones|Quinolone_resistance_protein_Qnr|QNRE,A,239,G
MEG_11236|Drugs|Fluoroquinolones|Quinolone_resistance_protein_Qnr|QNRE,A,396,T
MEG_11236|Drugs|Fluoroquinolones|Quinolone_resistance_protein_Qnr|QNRE,T,437,C
MEG_11236|Drugs|Fluoroquinolones|Quinolone_resistance_protein_Qnr|QNRE,C,586,A
MEG_11236|Drugs|Fluoroquinolones|Quinolone_resistance_protein_Qnr|QNRE,G,601,T
MEG_5879|Drugs|Fluoroquinolones|Quinolone_resistance_protein_Qnr|QNRB,C,549,T
MEG_5903|Drugs|Fluoroquinolones|Quinolone_resistance_protein_Qnr|QNRB,A,34,T
MEG_5903|Drugs|Fluoroquinolones|Quinolone_resistance_protein_Qnr|QNRB,C,92,T
MEG_5903|Drugs|Fluoroquinolones|Quinolone_resistance_protein_Qnr|QNRB,T,258,A
MEG_5903|Drugs|Fluoroquinolones|Quinolone_resistance_protein_Qnr|QNRB,C,262,T
MEG_5903|Drugs|Fluoroquinolones|Quinolone_resistance_protein_Qnr|QNRB,C,366,G
MEG_5903|Drugs|Fluoroquinolones|Quinolone_resistance_protein_Qnr|QNRB,C,369,T
MEG_8658|Drugs|Fluoroquinolones|Quinolone_resistance_protein_Qnr|QNRVC,A,165,T
MEG_8658|Drugs|Fluoroquinolones|Quinolone_resistance_protein_Qnr|QNRVC,A,197,T
MEG_8658|Drugs|Fluoroquinolones|Quinolone_resistance_protein_Qnr|QNRVC,A,396,G
MEG_8658|Drugs|Fluoroquinolones|Quinolone_resistance_protein_Qnr|QNRVC,G,532,A
MEG_8658|Drugs|Fluoroquinolones|Quinolone_resistance_protein_Qnr|QNRVC,A,571,T
MEG_8658|Drugs|Fluoroquinolones|Quinolone_resistance_protein_Qnr|QNRVC,A,597,G
MEG_5891|Drugs|Fluoroquinolones|Quinolone_resistance_protein_Qnr|QNRB,A,355,C
MEG_5954|Drugs|Fluoroquinolones|Quinolone_resistance_protein_Qnr|QNRB,G,145,A
MEG_5954|Drugs|Fluoroquinolones|Quinolone_resistance_protein_Qnr|QNRB,T,557,A
MEG_5913|Drugs|Fluoroquinolones|Quinolone_resistance_protein_Qnr|QNRB,A,112,C
MEG_5913|Drugs|Fluoroquinolones|Quinolone_resistance_protein_Qnr|QNRB,T,134,G
MEG_5913|Drugs|Fluoroquinolones|Quinolone_resistance_protein_Qnr|QNRB,T,171,G
MEG_5913|Drugs|Fluoroquinolones|Quinolone_resistance_protein_Qnr|QNRB,A,509,C
MEG_5913|Drugs|Fluoroquinolones|Quinolone_resistance_protein_Qnr|QNRB,A,603,G
MEG_5990|Drugs|Fluoroquinolones|Quinolone_resistance_protein_Qnr|QNRB,A,28,G
MEG_5990|Drugs|Fluoroquinolones|Quinolone_resistance_protein_Qnr|QNRB,G,299,T
MEG_5990|Drugs|Fluoroquinolones|Quinolone_resistance_protein_Qnr|QNRB,C,632,G
MEG_5912|Drugs|Fluoroquinolones|Quinolone_resistance_protein_Qnr|QNRB,C,71,A
MEG_5912|Drugs|Fluoroquinolones|Quinolone_resistance_protein_Qnr|QNRB,T,133,C
MEG_5912|Drugs|Fluoroquinolones|Quinolone_resistance_protein_Qnr|QNRB,A,593,C
MEG_5912|Drugs|Fluoroquinolones|Quinolone_resistance_protein_Qnr|QNRB,T,608,A
MEG_2482|Drugs|Trimethoprim|Dihydrofolate_reductase|DFRA,T,2,A
MEG_2482|Drugs|Trimethoprim|Dihydrofolate_reductase|DFRA,A,171,T
MEG_2482|Drugs|Trimethoprim|Dihydrofolate_reductase|DFRA,A,313,C
MEG_2512|Drugs|Trimethoprim|Dihydrofolate_reductase|DFRA,A,24,T
MEG_2512|Drugs|Trimethoprim|Dihydrofolate_reductase|DFRA,G,80,A
MEG_2512|Drugs|Trimethoprim|Dihydrofolate_reductase|DFRA,A,151,G
MEG_2512|Drugs|Trimethoprim|Dihydrofolate_reductase|DFRA,A,210,G
MEG_2512|Drugs|Trimethoprim|Dihydrofolate_reductase|DFRA,T,230,G
MEG_2512|Drugs|Trimethoprim|Dihydrofolate_reductase|DFRA,G,331,C
MEG_2512|Drugs|Trimethoprim|Dihydrofolate_reductase|DFRA,T,360,G
MEG_2512|Drugs|Trimethoprim|Dihydrofolate_reductase|DFRA,A,398,C
MEG_2512|Drugs|Trimethoprim|Dihydrofolate_reductase|DFRA,G,420,T
MEG_2574|Drugs|Trimethoprim|Dihydrofolate_reductase|DFRD,T,338,G
MEG_2574|Drugs|Trimethoprim|Dihydrofolate_reductase|DFRD,A,383,C
MEG_8071|Drugs|Trimethoprim|Dihydrofolate_reductase|DFRE,T,10,C
MEG_8071|Drugs|Trimethoprim|Dihydrofolate_reductase|DFRE,A,234,C
MEG_8071|Drugs|Trimethoprim|Dihydrofolate_reductase|DFRE,T,257,C
MEG_8071|Drugs|Trimethoprim|Dihydrofolate_reductase|DFRE,C,262,A
MEG_8071|Drugs|Trimethoprim|Dihydrofolate_reductase|DFRE,G,290,T
MEG_8071|Drugs|Trimethoprim|Dihydrofolate_reductase|DFRE,A,355,C
MEG_8071|Drugs|Trimethoprim|Dihydrofolate_reductase|DFRE,C,413,G
MEG_2563|Drugs|Trimethoprim|Dihydrofolate_reductase|DFRB,G,19,T
MEG_2563|Drugs|Trimethoprim|Dihydrofolate_reductase|DFRB,T,23,A
MEG_2563|Drugs|Trimethoprim|Dihydrofolate_reductase|DFRB,A,75,C
MEG_2563|Drugs|Trimethoprim|Dihydrofolate_reductase|DFRB,C,152,G
MEG_2563|Drugs|Trimethoprim|Dihydrofolate_reductase|DFRB,C,153,A
MEG_2563|Drugs|Trimethoprim|Dihydrofolate_reductase|DFRB,A,159,T
MEG_2563|Drugs|Trimethoprim|Dihydrofolate_reductase|DFRB,C,167,G
MEG_2563|Drugs|Trimethoprim|Dihydrofolate_reductase|DFRB,G,169,T
MEG_2563|Drugs|Trimethoprim|Dihydrofolate_reductase|DFRB,C,188,T
MEG_11305|Drugs|Trimethoprim|Dihydrofolate_reductase|DFRA,T,158,G
MEG_11305|Drugs|Trimethoprim|Dihydrofolate_reductase|DFRA,G,250,C
MEG_11305|Drugs|Trimethoprim|Dihydrofolate_reductase|DFRA,G,412,A
MEG_11304|Drugs|Trimethoprim|Dihydrofolate_reductase|DFRA,A,16,C
MEG_11304|Drugs|Trimethoprim|Dihydrofolate_reductase|DFRA,G,69,T
MEG_11304|Drugs|Trimethoprim|Dihydrofolate_reductase|DFRA,T,125,G
MEG_11304|Drugs|Trimethoprim|Dihydrofolate_reductase|DFRA,G,134,T
MEG_11304|Drugs|Trimethoprim|Dihydrofolate_reductase|DFRA,C,207,G
MEG_11304|Drugs|Trimethoprim|Dihydrofolate_reductase|DFRA,T,288,G
MEG_11304|Drugs|Trimethoprim|Dihydrofolate_reductase|DFRA,C,457,A
MEG_2561|Drugs|Trimethoprim|Dihydrofolate_reductase|DFRB,G,90,T
MEG_2561|Drugs|Trimethoprim|Dihydrofolate_reductase|DFRB,G,172,A
MEG_2561|Drugs|Trimethoprim|Dihydrofolate_reductase|DFRB,T,204,A
MEG_2561|Drugs|Trimethoprim|Dihydrofolate_reductase|DFRB,G,211,A
MEG_2498|Drugs|Trimethoprim|Dihydrofolate_reductase|DFRA,G,82,T
MEG_2498|Drugs|Trimethoprim|Dihydrofolate_reductase|DFRA,C,168,A
MEG_2498|Drugs|Trimethoprim|Dihydrofolate_reductase|DFRA,C,277,A
MEG_2536|Drugs|Trimethoprim|Dihydrofolate_reductase|DFRA,T,143,G
MEG_2520|Drugs|Trimethoprim|Dihydrofolate_reductase|DFRA,T,2,G
MEG_2520|Drugs|Trimethoprim|Dihydrofolate_reductase|DFRA,C,90,T
MEG_2520|Drugs|Trimethoprim|Dihydrofolate_reductase|DFRA,C,100,T
MEG_2520|Drugs|Trimethoprim|Dihydrofolate_reductase|DFRA,C,147,A
MEG_2520|Drugs|Trimethoprim|Dihydrofolate_reductase|DFRA,C,334,G
MEG_2520|Drugs|Trimethoprim|Dihydrofolate_reductase|DFRA,C,381,T
MEG_2520|Drugs|Trimethoprim|Dihydrofolate_reductase|DFRA,T,446,G
MEG_2520|Drugs|Trimethoprim|Dihydrofolate_reductase|DFRA,A,450,C
MEG_2520|Drugs|Trimethoprim|Dihydrofolate_reductase|DFRA,G,468,A
MEG_2520|Drugs|Trimethoprim|Dihydrofolate_reductase|DFRA,A,483,C
MEG_8063|Drugs|Trimethoprim|Dihydrofolate_reductase|DFRA,G,15,T
MEG_8063|Drugs|Trimethoprim|Dihydrofolate_reductase|DFRA,A,291,G
MEG_8063|Drugs|Trimethoprim|Dihydrofolate_reductase|DFRA,G,363,A
MEG_2544|Drugs|Trimethoprim|Dihydrofolate_reductase|DFRA,C,96,T
MEG_2544|Drugs|Trimethoprim|Dihydrofolate_reductase|DFRA,A,175,G
MEG_2544|Drugs|Trimethoprim|Dihydrofolate_reductase|DFRA,T,201,G
MEG_2544|Drugs|Trimethoprim|Dihydrofolate_reductase|DFRA,C,207,T
MEG_2544|Drugs|Trimethoprim|Dihydrofolate_reductase|DFRA,A,284,T
MEG_2544|Drugs|Trimethoprim|Dihydrofolate_reductase|DFRA,T,304,G
MEG_2544|Drugs|Trimethoprim|Dihydrofolate_reductase|DFRA,G,355,C
MEG_2544|Drugs|Trimethoprim|Dihydrofolate_reductase|DFRA,T,543,G
MEG_2565|Drugs|Trimethoprim|Dihydrofolate_reductase|DFRB,T,54,A
MEG_2565|Drugs|Trimethoprim|Dihydrofolate_reductase|DFRB,T,71,C
MEG_2565|Drugs|Trimethoprim|Dihydrofolate_reductase|DFRB,G,73,C
MEG_2565|Drugs|Trimethoprim|Dihydrofolate_reductase|DFRB,G,86,A
MEG_2565|Drugs|Trimethoprim|Dihydrofolate_reductase|DFRB,T,125,A
MEG_2565|Drugs|Trimethoprim|Dihydrofolate_reductase|DFRB,T,133,G
MEG_2565|Drugs|Trimethoprim|Dihydrofolate_reductase|DFRB,T,139,A
MEG_2565|Drugs|Trimethoprim|Dihydrofolate_reductase|DFRB,A,179,T
MEG_8066|Drugs|Trimethoprim|Dihydrofolate_reductase|DFRA,G,40,C
MEG_8066|Drugs|Trimethoprim|Dihydrofolate_reductase|DFRA,G,156,C
MEG_8066|Drugs|Trimethoprim|Dihydrofolate_reductase|DFRA,A,169,G
MEG_8066|Drugs|Trimethoprim|Dihydrofolate_reductase|DFRA,G,252,A
MEG_8066|Drugs|Trimethoprim|Dihydrofolate_reductase|DFRA,A,275,T
MEG_8066|Drugs|Trimethoprim|Dihydrofolate_reductase|DFRA,C,288,T
MEG_8066|Drugs|Trimethoprim|Dihydrofolate_reductase|DFRA,T,360,A
MEG_2493|Drugs|Trimethoprim|Dihydrofolate_reductase|DFRA,T,36,A
MEG_2493|Drugs|Trimethoprim|Dihydrofolate_reductase|DFRA,C,91,A
MEG_2493|Drugs|Trimethoprim|Dihydrofolate_reductase|DFRA,T,109,C
MEG_2493|Drugs|Trimethoprim|Dihydrofolate_reductase|DFRA,G,181,A
MEG_2493|Drugs|Trimethoprim|Dihydrofolate_reductase|DFRA,G,225,A
MEG_2493|Drugs|Trimethoprim|Dihydrofolate_reductase|DFRA,G,331,A
MEG_2493|Drugs|Trimethoprim|Dihydrofolate_reductase|DFRA,T,444,G
MEG_2493|Drugs|Trimethoprim|Dihydrofolate_reductase|DFRA,T,450,C
MEG_2507|Drugs|Trimethoprim|Dihydrofolate_reductase|DFRA,A,16,G
MEG_2507|Drugs|Trimethoprim|Dihydrofolate_reductase|DFRA,C,123,A
MEG_2507|Drugs|Trimethoprim|Dihydrofolate_reductase|DFRA,A,341,G
MEG_2507|Drugs|Trimethoprim|Dihydrofolate_reductase|DFRA,T,416,A
MEG_2558|Drugs|Trimethoprim|Dihydrofolate_reductase|DFRB,G,106,A
MEG_2558|Drugs|Trimethoprim|Dihydrofolate_reductase|DFRB,G,131,T
MEG_2558|Drugs|Trimethoprim|Dihydrofolate_reductase|DFRB,A,137,G
MEG_2558|Drugs|Trimethoprim|Dihydrofolate_reductase|DFRB,G,157,T
MEG_2558|Drugs|Trimethoprim|Dihydrofolate_reductase|DFRB,G,172,A
MEG_2558|Drugs|Trimethoprim|Dihydrofolate_reductase|DFRB,G,236,C
MEG_2550|Drugs|Trimethoprim|Dihydrofolate_reductase|DFRA,A,15,T
MEG_2550|Drugs|Trimethoprim|Dihydrofolate_reductase|DFRA,T,89,G
MEG_2550|Drugs|Trimethoprim|Dihydrofolate_reductase|DFRA,G,134,T
MEG_2550|Drugs|Trimethoprim|Dihydrofolate_reductase|DFRA,T,183,G
MEG_2550|Drugs|Trimethoprim|Dihydrofolate_reductase|DFRA,G,202,T
MEG_2550|Drugs|Trimethoprim|Dihydrofolate_reductase|DFRA,A,339,T
MEG_2550|Drugs|Trimethoprim|Dihydrofolate_reductase|DFRA,T,375,G
MEG_2550|Drugs|Trimethoprim|Dihydrofolate_reductase|DFRA,C,395,A
MEG_2525|Drugs|Trimethoprim|Dihydrofolate_reductase|DFRA,G,16,C
MEG_2525|Drugs|Trimethoprim|Dihydrofolate_reductase|DFRA,C,35,A
MEG_2525|Drugs|Trimethoprim|Dihydrofolate_reductase|DFRA,T,89,G
MEG_2525|Drugs|Trimethoprim|Dihydrofolate_reductase|DFRA,G,93,C
MEG_2525|Drugs|Trimethoprim|Dihydrofolate_reductase|DFRA,G,102,C
MEG_2525|Drugs|Trimethoprim|Dihydrofolate_reductase|DFRA,T,138,C
MEG_2525|Drugs|Trimethoprim|Dihydrofolate_reductase|DFRA,G,174,C
MEG_2525|Drugs|Trimethoprim|Dihydrofolate_reductase|DFRA,C,431,A
MEG_2525|Drugs|Trimethoprim|Dihydrofolate_reductase|DFRA,T,433,C
MEG_2525|Drugs|Trimethoprim|Dihydrofolate_reductase|DFRA,T,463,G
MEG_2569|Drugs|Trimethoprim|Dihydrofolate_reductase|DFRB,C,182,T
MEG_2569|Drugs|Trimethoprim|Dihydrofolate_reductase|DFRB,A,206,G
MEG_2486|Drugs|Trimethoprim|Dihydrofolate_reductase|DFRA,T,59,C
MEG_2486|Drugs|Trimethoprim|Dihydrofolate_reductase|DFRA,T,66,A
MEG_2486|Drugs|Trimethoprim|Dihydrofolate_reductase|DFRA,T,109,A
MEG_2486|Drugs|Trimethoprim|Dihydrofolate_reductase|DFRA,T,216,G
MEG_2486|Drugs|Trimethoprim|Dihydrofolate_reductase|DFRA,T,480,A
MEG_2486|Drugs|Trimethoprim|Dihydrofolate_reductase|DFRA,G,485,C
MEG_8062|Drugs|Trimethoprim|Dihydrofolate_reductase|DFRA,A,540,T
MEG_8062|Drugs|Trimethoprim|Dihydrofolate_reductase|DFRA,T,569,G
MEG_8062|Drugs|Trimethoprim|Dihydrofolate_reductase|DFRA,A,575,G
MEG_2488|Drugs|Trimethoprim|Dihydrofolate_reductase|DFRA,C,324,T
MEG_2562|Drugs|Trimethoprim|Dihydrofolate_reductase|DFRB,A,122,C
MEG_2562|Drugs|Trimethoprim|Dihydrofolate_reductase|DFRB,T,149,C
MEG_2562|Drugs|Trimethoprim|Dihydrofolate_reductase|DFRB,A,185,C
MEG_2540|Drugs|Trimethoprim|Dihydrofolate_reductase|DFRA,G,58,T
MEG_2540|Drugs|Trimethoprim|Dihydrofolate_reductase|DFRA,T,72,G
MEG_2540|Drugs|Trimethoprim|Dihydrofolate_reductase|DFRA,T,109,A
MEG_2540|Drugs|Trimethoprim|Dihydrofolate_reductase|DFRA,A,110,G
MEG_2540|Drugs|Trimethoprim|Dihydrofolate_reductase|DFRA,C,164,G
MEG_2540|Drugs|Trimethoprim|Dihydrofolate_reductase|DFRA,G,171,T
MEG_2540|Drugs|Trimethoprim|Dihydrofolate_reductase|DFRA,C,194,G
MEG_2540|Drugs|Trimethoprim|Dihydrofolate_reductase|DFRA,C,323,G
MEG_2540|Drugs|Trimethoprim|Dihydrofolate_reductase|DFRA,T,383,G
MEG_2540|Drugs|Trimethoprim|Dihydrofolate_reductase|DFRA,A,430,G
MEG_11307|Drugs|Trimethoprim|Dihydrofolate_reductase|DFRB,G,51,T
MEG_11307|Drugs|Trimethoprim|Dihydrofolate_reductase|DFRB,A,64,T
MEG_11307|Drugs|Trimethoprim|Dihydrofolate_reductase|DFRB,G,111,T
MEG_2492|Drugs|Trimethoprim|Dihydrofolate_reductase|DFRA,A,110,G
MEG_2513|Drugs|Trimethoprim|Dihydrofolate_reductase|DFRA,A,30,G
MEG_2513|Drugs|Trimethoprim|Dihydrofolate_reductase|DFRA,G,102,C
MEG_2513|Drugs|Trimethoprim|Dihydrofolate_reductase|DFRA,T,283,G
MEG_2513|Drugs|Trimethoprim|Dihydrofolate_reductase|DFRA,G,322,A
MEG_2513|Drugs|Trimethoprim|Dihydrofolate_reductase|DFRA,A,323,G
MEG_11302|Drugs|Trimethoprim|Dihydrofolate_reductase|DFRA,T,72,C
MEG_11302|Drugs|Trimethoprim|Dihydrofolate_reductase|DFRA,C,155,T
MEG_11302|Drugs|Trimethoprim|Dihydrofolate_reductase|DFRA,A,199,C
MEG_11302|Drugs|Trimethoprim|Dihydrofolate_reductase|DFRA,T,216,G
MEG_11302|Drugs|Trimethoprim|Dihydrofolate_reductase|DFRA,T,219,A
MEG_11302|Drugs|Trimethoprim|Dihydrofolate_reductase|DFRA,G,249,C
MEG_11302|Drugs|Trimethoprim|Dihydrofolate_reductase|DFRA,G,250,T
MEG_11302|Drugs|Trimethoprim|Dihydrofolate_reductase|DFRA,G,257,A
MEG_11302|Drugs|Trimethoprim|Dihydrofolate_reductase|DFRA,G,379,A
MEG_11302|Drugs|Trimethoprim|Dihydrofolate_reductase|DFRA,G,412,C
MEG_2578|Drugs|Trimethoprim|Dihydrofolate_reductase|DFRF,T,11,A
MEG_2578|Drugs|Trimethoprim|Dihydrofolate_reductase|DFRF,A,112,C
MEG_2578|Drugs|Trimethoprim|Dihydrofolate_reductase|DFRF,C,188,A
MEG_2578|Drugs|Trimethoprim|Dihydrofolate_reductase|DFRF,G,460,C
MEG_2578|Drugs|Trimethoprim|Dihydrofolate_reductase|DFRF,T,485,C
MEG_2483|Drugs|Trimethoprim|Dihydrofolate_reductase|DFRA,G,42,C
MEG_2483|Drugs|Trimethoprim|Dihydrofolate_reductase|DFRA,G,116,C
MEG_2483|Drugs|Trimethoprim|Dihydrofolate_reductase|DFRA,C,155,G
MEG_2483|Drugs|Trimethoprim|Dihydrofolate_reductase|DFRA,A,207,C
MEG_2483|Drugs|Trimethoprim|Dihydrofolate_reductase|DFRA,T,247,C
MEG_2483|Drugs|Trimethoprim|Dihydrofolate_reductase|DFRA,A,249,T
MEG_2483|Drugs|Trimethoprim|Dihydrofolate_reductase|DFRA,A,347,T
MEG_2483|Drugs|Trimethoprim|Dihydrofolate_reductase|DFRA,T,422,C
MEG_2556|Drugs|Trimethoprim|Dihydrofolate_reductase|DFRA,T,122,G
MEG_2556|Drugs|Trimethoprim|Dihydrofolate_reductase|DFRA,C,209,G
MEG_2556|Drugs|Trimethoprim|Dihydrofolate_reductase|DFRA,A,211,C
MEG_2556|Drugs|Trimethoprim|Dihydrofolate_reductase|DFRA,T,345,A
MEG_2556|Drugs|Trimethoprim|Dihydrofolate_reductase|DFRA,T,413,A
MEG_2556|Drugs|Trimethoprim|Dihydrofolate_reductase|DFRA,T,491,A
MEG_2556|Drugs|Trimethoprim|Dihydrofolate_reductase|DFRA,A,500,T
MEG_8065|Drugs|Trimethoprim|Dihydrofolate_reductase|DFRA,T,6,A
MEG_8065|Drugs|Trimethoprim|Dihydrofolate_reductase|DFRA,A,49,G
MEG_8065|Drugs|Trimethoprim|Dihydrofolate_reductase|DFRA,G,58,T
MEG_8065|Drugs|Trimethoprim|Dihydrofolate_reductase|DFRA,T,150,G
MEG_8065|Drugs|Trimethoprim|Dihydrofolate_reductase|DFRA,A,206,T
MEG_8065|Drugs|Trimethoprim|Dihydrofolate_reductase|DFRA,A,276,G
MEG_8065|Drugs|Trimethoprim|Dihydrofolate_reductase|DFRA,A,446,G
MEG_8065|Drugs|Trimethoprim|Dihydrofolate_reductase|DFRA,T,465,A
MEG_8065|Drugs|Trimethoprim|Dihydrofolate_reductase|DFRA,A,486,G
MEG_2515|Drugs|Trimethoprim|Dihydrofolate_reductase|DFRA,T,280,C
MEG_2515|Drugs|Trimethoprim|Dihydrofolate_reductase|DFRA,T,413,A
MEG_11303|Drugs|Trimethoprim|Dihydrofolate_reductase|DFRA,C,20,A
MEG_11303|Drugs|Trimethoprim|Dihydrofolate_reductase|DFRA,T,227,A
MEG_11303|Drugs|Trimethoprim|Dihydrofolate_reductase|DFRA,G,247,T
MEG_8061|Drugs|Trimethoprim|Dihydrofolate_reductase|DFRA,A,7,G
MEG_8061|Drugs|Trimethoprim|Dihydrofolate_reductase|DFRA,C,183,A
MEG_8061|Drugs|Trimethoprim|Dihydrofolate_reductase|DFRA,T,216,G
MEG_8061|Drugs|Trimethoprim|Dihydrofolate_reductase|DFRA,T,323,C
MEG_8061|Drugs|Trimethoprim|Dihydrofolate_reductase|DFRA,T,424,G
MEG_8061|Drugs|Trimethoprim|Dihydrofolate_reductase|DFRA,T,432,G
MEG_8061|Drugs|Trimethoprim|Dihydrofolate_reductase|DFRA,A,512,G
MEG_8061|Drugs|Trimethoprim|Dihydrofolate_reductase|DFRA,C,515,A
MEG_8061|Drugs|Trimethoprim|Dihydrofolate_reductase|DFRA,T,516,A
MEG_8061|Drugs|Trimethoprim|Dihydrofolate_reductase|DFRA,T,530,C
MEG_2537|Drugs|Trimethoprim|Dihydrofolate_reductase|DFRA,A,240,T
MEG_2537|Drugs|Trimethoprim|Dihydrofolate_reductase|DFRA,A,245,C
MEG_2537|Drugs|Trimethoprim|Dihydrofolate_reductase|DFRA,C,259,G
MEG_2537|Drugs|Trimethoprim|Dihydrofolate_reductase|DFRA,A,302,G
MEG_2537|Drugs|Trimethoprim|Dihydrofolate_reductase|DFRA,T,318,A
MEG_2537|Drugs|Trimethoprim|Dihydrofolate_reductase|DFRA,A,323,G
MEG_2537|Drugs|Trimethoprim|Dihydrofolate_reductase|DFRA,A,430,C
MEG_2537|Drugs|Trimethoprim|Dihydrofolate_reductase|DFRA,A,443,C
MEG_2559|Drugs|Trimethoprim|Dihydrofolate_reductase|DFRB,A,17,T
MEG_2559|Drugs|Trimethoprim|Dihydrofolate_reductase|DFRB,T,128,G
MEG_2559|Drugs|Trimethoprim|Dihydrofolate_reductase|DFRB,A,180,C
MEG_2559|Drugs|Trimethoprim|Dihydrofolate_reductase|DFRB,C,194,A
MEG_2559|Drugs|Trimethoprim|Dihydrofolate_reductase|DFRB,G,229,C
MEG_2560|Drugs|Trimethoprim|Dihydrofolate_reductase|DFRB,G,178,A
MEG_2560|Drugs|Trimethoprim|Dihydrofolate_reductase|DFRB,C,209,A
MEG_2714|Biocides|Quaternary_Ammonium_Compounds_(QACs)_resistance|QAC_efflux_pump|EMEA,T,18,A
MEG_2714|Biocides|Quaternary_Ammonium_Compounds_(QACs)_resistance|QAC_efflux_pump|EMEA,T,117,A
MEG_2714|Biocides|Quaternary_Ammonium_Compounds_(QACs)_resistance|QAC_efflux_pump|EMEA,G,449,A
MEG_2714|Biocides|Quaternary_Ammonium_Compounds_(QACs)_resistance|QAC_efflux_pump|EMEA,A,491,C
MEG_2714|Biocides|Quaternary_Ammonium_Compounds_(QACs)_resistance|QAC_efflux_pump|EMEA,G,625,C
MEG_2714|Biocides|Quaternary_Ammonium_Compounds_(QACs)_resistance|QAC_efflux_pump|EMEA,A,827,G
MEG_2714|Biocides|Quaternary_Ammonium_Compounds_(QACs)_resistance|QAC_efflux_pump|EMEA,T,846,G
MEG_2714|Biocides|Quaternary_Ammonium_Compounds_(QACs)_resistance|QAC_efflux_pump|EMEA,T,1104,G
MEG_3084|Biocides|Quaternary_Ammonium_Compounds_(QACs)_resistance|QAC-resistant_protein_UDP_glucose_4_epimerase|GALE,C,582,T
MEG_2874|Biocides|Phenolic_compound_resistance|Phenolic_resistance_protein|FABI,A,46,G
MEG_2874|Biocides|Phenolic_compound_resistance|Phenolic_resistance_protein|FABI,G,131,A
MEG_2874|Biocides|Phenolic_compound_resistance|Phenolic_resistance_protein|FABI,A,173,G
MEG_2874|Biocides|Phenolic_compound_resistance|Phenolic_resistance_protein|FABI,A,205,G
MEG_2874|Biocides|Phenolic_compound_resistance|Phenolic_resistance_protein|FABI,T,240,A
MEG_2874|Biocides|Phenolic_compound_resistance|Phenolic_resistance_protein|FABI,A,503,G
MEG_2874|Biocides|Phenolic_compound_resistance|Phenolic_resistance_protein|FABI,A,638,G
MEG_2874|Biocides|Phenolic_compound_resistance|Phenolic_resistance_protein|FABI,T,743,A
MEG_2875|Biocides|Phenolic_compound_resistance|Phenolic_resistance_protein|FABI,A,1,T
MEG_2875|Biocides|Phenolic_compound_resistance|Phenolic_resistance_protein|FABI,T,69,A
MEG_2875|Biocides|Phenolic_compound_resistance|Phenolic_resistance_protein|FABI,C,360,A
MEG_2875|Biocides|Phenolic_compound_resistance|Phenolic_resistance_protein|FABI,T,659,C
MEG_2875|Biocides|Phenolic_compound_resistance|Phenolic_resistance_protein|FABI,T,660,G
MEG_2875|Biocides|Phenolic_compound_resistance|Phenolic_resistance_protein|FABI,C,689,T
MEG_2876|Biocides|Phenolic_compound_resistance|Phenolic_resistance_protein|FABK,T,82,C
MEG_2876|Biocides|Phenolic_compound_resistance|Phenolic_resistance_protein|FABK,T,907,G
MEG_2877|Biocides|Phenolic_compound_resistance|Phenolic_resistance_protein|FABL,T,85,A
MEG_2877|Biocides|Phenolic_compound_resistance|Phenolic_resistance_protein|FABL,C,159,A
MEG_2877|Biocides|Phenolic_compound_resistance|Phenolic_resistance_protein|FABL,G,627,C
MEG_2877|Biocides|Phenolic_compound_resistance|Phenolic_resistance_protein|FABL,A,653,T
MEG_2878|Biocides|Phenolic_compound_resistance|Phenolic_resistance_protein|FABV,T,308,G
MEG_2878|Biocides|Phenolic_compound_resistance|Phenolic_resistance_protein|FABV,G,426,A
MEG_2878|Biocides|Phenolic_compound_resistance|Phenolic_resistance_protein|FABV,C,732,G
MEG_2879|Biocides|Phenolic_compound_resistance|Phenolic_resistance_protein|FABV,G,263,T
MEG_7271|Biocides|Phenolic_compound_resistance|Phenolic_RND_efflux_pump|TRIA,G,35,T
MEG_7271|Biocides|Phenolic_compound_resistance|Phenolic_RND_efflux_pump|TRIA,C,194,G
MEG_7271|Biocides|Phenolic_compound_resistance|Phenolic_RND_efflux_pump|TRIA,C,967,A
MEG_7272|Biocides|Phenolic_compound_resistance|Phenolic_RND_efflux_pump|TRIAP,T,12,A
MEG_7272|Biocides|Phenolic_compound_resistance|Phenolic_RND_efflux_pump|TRIAP,C,146,T
MEG_7272|Biocides|Phenolic_compound_resistance|Phenolic_RND_efflux_pump|TRIAP,C,164,T
MEG_7272|Biocides|Phenolic_compound_resistance|Phenolic_RND_efflux_pump|TRIAP,A,173,C
MEG_7272|Biocides|Phenolic_compound_resistance|Phenolic_RND_efflux_pump|TRIAP,T,283,A
MEG_7272|Biocides|Phenolic_compound_resistance|Phenolic_RND_efflux_pump|TRIAP,T,415,C
MEG_7272|Biocides|Phenolic_compound_resistance|Phenolic_RND_efflux_pump|TRIAP,A,425,T
MEG_7272|Biocides|Phenolic_compound_resistance|Phenolic_RND_efflux_pump|TRIAP,G,430,C
MEG_7272|Biocides|Phenolic_compound_resistance|Phenolic_RND_efflux_pump|TRIAP,T,559,C
MEG_7272|Biocides|Phenolic_compound_resistance|Phenolic_RND_efflux_pump|TRIAP,A,598,T
MEG_7273|Biocides|Phenolic_compound_resistance|Phenolic_RND_efflux_pump|TRIB,G,53,A
MEG_7273|Biocides|Phenolic_compound_resistance|Phenolic_RND_efflux_pump|TRIB,G,75,C
MEG_7273|Biocides|Phenolic_compound_resistance|Phenolic_RND_efflux_pump|TRIB,G,174,T
MEG_7273|Biocides|Phenolic_compound_resistance|Phenolic_RND_efflux_pump|TRIB,T,229,A
MEG_7273|Biocides|Phenolic_compound_resistance|Phenolic_RND_efflux_pump|TRIB,C,522,G
MEG_7273|Biocides|Phenolic_compound_resistance|Phenolic_RND_efflux_pump|TRIB,G,576,A
MEG_7273|Biocides|Phenolic_compound_resistance|Phenolic_RND_efflux_pump|TRIB,G,637,T
MEG_7273|Biocides|Phenolic_compound_resistance|Phenolic_RND_efflux_pump|TRIB,C,714,G
MEG_7273|Biocides|Phenolic_compound_resistance|Phenolic_RND_efflux_pump|TRIB,G,860,A
MEG_7273|Biocides|Phenolic_compound_resistance|Phenolic_RND_efflux_pump|TRIB,T,1052,A
MEG_7274|Biocides|Phenolic_compound_resistance|Phenolic_RND_efflux_pump|TRIBP,C,144,A
MEG_7274|Biocides|Phenolic_compound_resistance|Phenolic_RND_efflux_pump|TRIBP,C,287,A
MEG_7275|Biocides|Phenolic_compound_resistance|Phenolic_RND_efflux_pump|TRIC,C,269,A
MEG_7276|Biocides|Phenolic_compound_resistance|Phenolic_RND_efflux_pump|TRICP,T,231,G
MEG_7276|Biocides|Phenolic_compound_resistance|Phenolic_RND_efflux_pump|TRICP,A,560,C
MEG_7276|Biocides|Phenolic_compound_resistance|Phenolic_RND_efflux_pump|TRICP,C,1143,A
MEG_7276|Biocides|Phenolic_compound_resistance|Phenolic_RND_efflux_pump|TRICP,C,2586,A
MEG_9974|Biocides|Phenolic_compound_resistance|Triclosan-resistant_mutation|FABG,G,7,A
MEG_9974|Biocides|Phenolic_compound_resistance|Triclosan-resistant_mutation|FABG,G,65,A
MEG_9974|Biocides|Phenolic_compound_resistance|Triclosan-resistant_mutation|FABG,C,186,G
MEG_9974|Biocides|Phenolic_compound_resistance|Triclosan-resistant_mutation|FABG,G,255,A
MEG_11443|Biocides|Phenolic_compound_resistance|Triclosan-resistant_mutation|FABG,C,268,G
MEG_11443|Biocides|Phenolic_compound_resistance|Triclosan-resistant_mutation|FABG,C,498,T
MEG_11443|Biocides|Phenolic_compound_resistance|Triclosan-resistant_mutation|FABG,G,674,T
MEG_11443|Biocides|Phenolic_compound_resistance|Triclosan-resistant_mutation|FABG,G,742,A
MEG_11443|Biocides|Phenolic_compound_resistance|Triclosan-resistant_mutation|FABG,C,796,G
MEG_11443|Biocides|Phenolic_compound_resistance|Triclosan-resistant_mutation|FABG,A,822,G
MEG_11443|Biocides|Phenolic_compound_resistance|Triclosan-resistant_mutation|FABG,C,843,T
MEG_11443|Biocides|Phenolic_compound_resistance|Triclosan-resistant_mutation|FABG,T,907,A
MEG_2880|Drugs|Elfamycins|Elfamycin_efflux_pumps|FACT,G,18,T
MEG_2880|Drugs|Elfamycins|Elfamycin_efflux_pumps|FACT,G,579,C
MEG_2880|Drugs|Elfamycins|Elfamycin_efflux_pumps|FACT,C,990,A
MEG_2880|Drugs|Elfamycins|Elfamycin_efflux_pumps|FACT,C,1283,T
MEG_3066|Drugs|Fusidic_acid|Ribosomal_zinc-binding_protein|FUSB,A,26,G
MEG_3066|Drugs|Fusidic_acid|Ribosomal_zinc-binding_protein|FUSB,A,232,C
MEG_3067|Drugs|Fusidic_acid|Ribosomal_zinc-binding_protein|FUSB,T,596,C
MEG_3068|Drugs|Fusidic_acid|Ribosomal_zinc-binding_protein|FUSC,T,93,G
MEG_3068|Drugs|Fusidic_acid|Ribosomal_zinc-binding_protein|FUSC,T,112,G
MEG_3068|Drugs|Fusidic_acid|Ribosomal_zinc-binding_protein|FUSC,T,179,G
MEG_3068|Drugs|Fusidic_acid|Ribosomal_zinc-binding_protein|FUSC,A,232,T
MEG_3068|Drugs|Fusidic_acid|Ribosomal_zinc-binding_protein|FUSC,T,261,G
MEG_3068|Drugs|Fusidic_acid|Ribosomal_zinc-binding_protein|FUSC,A,264,T
MEG_3068|Drugs|Fusidic_acid|Ribosomal_zinc-binding_protein|FUSC,T,326,C
MEG_3068|Drugs|Fusidic_acid|Ribosomal_zinc-binding_protein|FUSC,A,332,G
MEG_3068|Drugs|Fusidic_acid|Ribosomal_zinc-binding_protein|FUSC,A,334,T
MEG_3069|Drugs|Fusidic_acid|Ribosomal_zinc-binding_protein|FUSD,T,50,A
MEG_3069|Drugs|Fusidic_acid|Ribosomal_zinc-binding_protein|FUSD,A,109,G
MEG_3069|Drugs|Fusidic_acid|Ribosomal_zinc-binding_protein|FUSD,C,174,A
MEG_3069|Drugs|Fusidic_acid|Ribosomal_zinc-binding_protein|FUSD,A,209,G
MEG_3069|Drugs|Fusidic_acid|Ribosomal_zinc-binding_protein|FUSD,C,277,G
MEG_3070|Drugs|Fusidic_acid|Ribosomal_zinc-binding_protein|FUSD,C,140,A
MEG_3070|Drugs|Fusidic_acid|Ribosomal_zinc-binding_protein|FUSD,G,494,A
MEG_3072|Drugs|Fusidic_acid|Fusidic_acid_esterases|FUSF,A,220,T
MEG_3072|Drugs|Fusidic_acid|Fusidic_acid_esterases|FUSF,A,301,G
MEG_3072|Drugs|Fusidic_acid|Fusidic_acid_esterases|FUSF,A,514,T
MEG_3072|Drugs|Fusidic_acid|Fusidic_acid_esterases|FUSF,A,594,T
MEG_3072|Drugs|Fusidic_acid|Fusidic_acid_esterases|FUSF,G,625,C
MEG_3073|Drugs|Fusidic_acid|Fusidic_acid_esterases|FUSF,C,87,T
MEG_3073|Drugs|Fusidic_acid|Fusidic_acid_esterases|FUSF,C,119,G
MEG_3073|Drugs|Fusidic_acid|Fusidic_acid_esterases|FUSF,A,122,C
MEG_3073|Drugs|Fusidic_acid|Fusidic_acid_esterases|FUSF,C,161,T
MEG_3073|Drugs|Fusidic_acid|Fusidic_acid_esterases|FUSF,A,314,C
MEG_3073|Drugs|Fusidic_acid|Fusidic_acid_esterases|FUSF,G,409,A
MEG_3073|Drugs|Fusidic_acid|Fusidic_acid_esterases|FUSF,T,430,A
MEG_3074|Drugs|Fusidic_acid|Fusidic_acid_esterases|FUSH,A,176,C
MEG_3074|Drugs|Fusidic_acid|Fusidic_acid_esterases|FUSH,G,727,T
MEG_3074|Drugs|Fusidic_acid|Fusidic_acid_esterases|FUSH,G,1015,C
MEG_3074|Drugs|Fusidic_acid|Fusidic_acid_esterases|FUSH,G,1327,C
MEG_3167|Metals|Gold_resistance|Gold_resistance_regulator|GOLS,T,51,G
MEG_3167|Metals|Gold_resistance|Gold_resistance_regulator|GOLS,A,76,T
MEG_3167|Metals|Gold_resistance|Gold_resistance_regulator|GOLS,G,93,C
MEG_3167|Metals|Gold_resistance|Gold_resistance_regulator|GOLS,G,104,A
MEG_3167|Metals|Gold_resistance|Gold_resistance_regulator|GOLS,T,172,C
MEG_3167|Metals|Gold_resistance|Gold_resistance_regulator|GOLS,A,260,T
MEG_3167|Metals|Gold_resistance|Gold_resistance_regulator|GOLS,A,296,G
MEG_3167|Metals|Gold_resistance|Gold_resistance_regulator|GOLS,C,298,T
MEG_3167|Metals|Gold_resistance|Gold_resistance_regulator|GOLS,T,372,A
MEG_3272|Metals|Nickel_resistance|Nickel_resistance_protein|HOXN,C,45,T
MEG_3272|Metals|Nickel_resistance|Nickel_resistance_protein|HOXN,T,146,A
MEG_3272|Metals|Nickel_resistance|Nickel_resistance_protein|HOXN,T,260,C
MEG_3272|Metals|Nickel_resistance|Nickel_resistance_protein|HOXN,C,311,G
MEG_3272|Metals|Nickel_resistance|Nickel_resistance_protein|HOXN,G,316,A
MEG_3272|Metals|Nickel_resistance|Nickel_resistance_protein|HOXN,C,390,T
MEG_3272|Metals|Nickel_resistance|Nickel_resistance_protein|HOXN,T,516,G
MEG_3272|Metals|Nickel_resistance|Nickel_resistance_protein|HOXN,T,954,C
MEG_3283|Metals|Nickel_resistance|Nickel_resistance_protein|HUPE,A,4,C
MEG_3283|Metals|Nickel_resistance|Nickel_resistance_protein|HUPE,C,167,T
MEG_3283|Metals|Nickel_resistance|Nickel_resistance_protein|HUPE,C,234,T
MEG_3283|Metals|Nickel_resistance|Nickel_resistance_protein|HUPE,T,470,G
MEG_3283|Metals|Nickel_resistance|Nickel_resistance_protein|HUPE,T,566,G
MEG_3284|Metals|Nickel_resistance|Nickel_resistance_protein|HUPE,T,64,A
MEG_3284|Metals|Nickel_resistance|Nickel_resistance_protein|HUPE,G,82,T
MEG_3284|Metals|Nickel_resistance|Nickel_resistance_protein|HUPE,C,93,T
MEG_3284|Metals|Nickel_resistance|Nickel_resistance_protein|HUPE,C,141,G
MEG_3284|Metals|Nickel_resistance|Nickel_resistance_protein|HUPE,A,286,C
MEG_3284|Metals|Nickel_resistance|Nickel_resistance_protein|HUPE,T,382,C
MEG_3284|Metals|Nickel_resistance|Nickel_resistance_protein|HUPE,T,393,C
MEG_3284|Metals|Nickel_resistance|Nickel_resistance_protein|HUPE,A,518,T
MEG_3285|Metals|Nickel_resistance|Nickel_resistance_protein|HUPN,G,47,C
MEG_3285|Metals|Nickel_resistance|Nickel_resistance_protein|HUPN,A,82,C
MEG_3285|Metals|Nickel_resistance|Nickel_resistance_protein|HUPN,T,83,C
MEG_3285|Metals|Nickel_resistance|Nickel_resistance_protein|HUPN,A,101,G
MEG_3285|Metals|Nickel_resistance|Nickel_resistance_protein|HUPN,G,163,A
MEG_3285|Metals|Nickel_resistance|Nickel_resistance_protein|HUPN,C,230,T
MEG_3285|Metals|Nickel_resistance|Nickel_resistance_protein|HUPN,C,255,T
MEG_3285|Metals|Nickel_resistance|Nickel_resistance_protein|HUPN,C,301,G
MEG_3285|Metals|Nickel_resistance|Nickel_resistance_protein|HUPN,C,306,A
MEG_4120|Metals|Nickel_resistance|Nickel_MFS_efflux_pumps|NCRAN,C,61,T
MEG_4120|Metals|Nickel_resistance|Nickel_MFS_efflux_pumps|NCRAN,T,137,C
MEG_4120|Metals|Nickel_resistance|Nickel_MFS_efflux_pumps|NCRAN,T,343,G
MEG_4120|Metals|Nickel_resistance|Nickel_MFS_efflux_pumps|NCRAN,G,443,T
MEG_4120|Metals|Nickel_resistance|Nickel_MFS_efflux_pumps|NCRAN,G,452,T
MEG_4120|Metals|Nickel_resistance|Nickel_MFS_efflux_pumps|NCRAN,C,515,G
MEG_4120|Metals|Nickel_resistance|Nickel_MFS_efflux_pumps|NCRAN,G,561,T
MEG_4120|Metals|Nickel_resistance|Nickel_MFS_efflux_pumps|NCRAN,T,899,A
MEG_4120|Metals|Nickel_resistance|Nickel_MFS_efflux_pumps|NCRAN,T,1033,G
MEG_4123|Metals|Nickel_resistance|Nickel_MFS_efflux_regulator|NCRBN,A,4,G
MEG_4123|Metals|Nickel_resistance|Nickel_MFS_efflux_regulator|NCRBN,A,18,G
MEG_4123|Metals|Nickel_resistance|Nickel_MFS_efflux_regulator|NCRBN,C,22,T
MEG_4123|Metals|Nickel_resistance|Nickel_MFS_efflux_regulator|NCRBN,T,33,C
MEG_4123|Metals|Nickel_resistance|Nickel_MFS_efflux_regulator|NCRBN,C,146,A
MEG_4123|Metals|Nickel_resistance|Nickel_MFS_efflux_regulator|NCRBN,A,160,G
MEG_4123|Metals|Nickel_resistance|Nickel_MFS_efflux_regulator|NCRBN,T,223,A
MEG_4126|Metals|Nickel_resistance|Nickel_MFS_efflux_pumps|NCRCN,A,139,G
MEG_4126|Metals|Nickel_resistance|Nickel_MFS_efflux_pumps|NCRCN,A,750,C
MEG_4128|Metals|Nickel_resistance|Nickel_MFS_efflux_regulator|NCRYN,A,43,T
MEG_4128|Metals|Nickel_resistance|Nickel_MFS_efflux_regulator|NCRYN,T,125,G
MEG_4128|Metals|Nickel_resistance|Nickel_MFS_efflux_regulator|NCRYN,C,219,A
MEG_4128|Metals|Nickel_resistance|Nickel_MFS_efflux_regulator|NCRYN,C,298,A
MEG_4167|Metals|Nickel_resistance|Nickel_ABC_efflux_pumps|NIKA,G,102,A
MEG_4167|Metals|Nickel_resistance|Nickel_ABC_efflux_pumps|NIKA,A,532,C
MEG_4167|Metals|Nickel_resistance|Nickel_ABC_efflux_pumps|NIKA,G,703,T
MEG_4167|Metals|Nickel_resistance|Nickel_ABC_efflux_pumps|NIKA,C,753,G
MEG_4167|Metals|Nickel_resistance|Nickel_ABC_efflux_pumps|NIKA,C,1021,A
MEG_4167|Metals|Nickel_resistance|Nickel_ABC_efflux_pumps|NIKA,G,1034,C
MEG_4167|Metals|Nickel_resistance|Nickel_ABC_efflux_pumps|NIKA,C,1045,T
MEG_4167|Metals|Nickel_resistance|Nickel_ABC_efflux_pumps|NIKA,A,1418,T
MEG_4167|Metals|Nickel_resistance|Nickel_ABC_efflux_pumps|NIKA,A,1520,C
MEG_4168|Metals|Nickel_resistance|Nickel_ABC_efflux_pumps|NIKB,G,8,A
MEG_4168|Metals|Nickel_resistance|Nickel_ABC_efflux_pumps|NIKB,G,322,A
MEG_4168|Metals|Nickel_resistance|Nickel_ABC_efflux_pumps|NIKB,C,496,T
MEG_4168|Metals|Nickel_resistance|Nickel_ABC_efflux_pumps|NIKB,C,678,A
MEG_4168|Metals|Nickel_resistance|Nickel_ABC_efflux_pumps|NIKB,T,723,G
MEG_4168|Metals|Nickel_resistance|Nickel_ABC_efflux_pumps|NIKB,G,735,A
MEG_4168|Metals|Nickel_resistance|Nickel_ABC_efflux_pumps|NIKB,C,741,A
MEG_4168|Metals|Nickel_resistance|Nickel_ABC_efflux_pumps|NIKB,C,832,A
MEG_4168|Metals|Nickel_resistance|Nickel_ABC_efflux_pumps|NIKB,G,843,A
MEG_4168|Metals|Nickel_resistance|Nickel_ABC_efflux_pumps|NIKB,G,856,T
MEG_4169|Metals|Nickel_resistance|Nickel_ABC_efflux_pumps|NIKB,G,75,T
MEG_4169|Metals|Nickel_resistance|Nickel_ABC_efflux_pumps|NIKB,C,99,A
MEG_4170|Metals|Nickel_resistance|Nickel_ABC_efflux_pumps|NIKC,C,174,G
MEG_4170|Metals|Nickel_resistance|Nickel_ABC_efflux_pumps|NIKC,A,261,C
MEG_4171|Metals|Nickel_resistance|Nickel_ABC_efflux_pumps|NIKD,A,13,G
MEG_4171|Metals|Nickel_resistance|Nickel_ABC_efflux_pumps|NIKD,G,62,C
MEG_4171|Metals|Nickel_resistance|Nickel_ABC_efflux_pumps|NIKD,G,321,T
MEG_4171|Metals|Nickel_resistance|Nickel_ABC_efflux_pumps|NIKD,G,395,A
MEG_4171|Metals|Nickel_resistance|Nickel_ABC_efflux_pumps|NIKD,G,399,T
MEG_4171|Metals|Nickel_resistance|Nickel_ABC_efflux_pumps|NIKD,G,554,C
MEG_4171|Metals|Nickel_resistance|Nickel_ABC_efflux_pumps|NIKD,C,562,G
MEG_4171|Metals|Nickel_resistance|Nickel_ABC_efflux_pumps|NIKD,T,611,A
MEG_4171|Metals|Nickel_resistance|Nickel_ABC_efflux_pumps|NIKD,A,678,C
MEG_4172|Metals|Nickel_resistance|Nickel_ABC_efflux_pumps|NIKD,C,30,G
MEG_4172|Metals|Nickel_resistance|Nickel_ABC_efflux_pumps|NIKD,A,81,G
MEG_4172|Metals|Nickel_resistance|Nickel_ABC_efflux_pumps|NIKD,A,311,C
MEG_4172|Metals|Nickel_resistance|Nickel_ABC_efflux_pumps|NIKD,G,388,C
MEG_4172|Metals|Nickel_resistance|Nickel_ABC_efflux_pumps|NIKD,C,417,A
MEG_4172|Metals|Nickel_resistance|Nickel_ABC_efflux_pumps|NIKD,G,490,A
MEG_4172|Metals|Nickel_resistance|Nickel_ABC_efflux_pumps|NIKD,C,506,A
MEG_4172|Metals|Nickel_resistance|Nickel_ABC_efflux_pumps|NIKD,A,554,G
MEG_4172|Metals|Nickel_resistance|Nickel_ABC_efflux_pumps|NIKD,A,569,T
MEG_4172|Metals|Nickel_resistance|Nickel_ABC_efflux_pumps|NIKD,A,686,T
MEG_4173|Metals|Nickel_resistance|Nickel_ABC_efflux_pumps|NIKE,A,68,T
MEG_4173|Metals|Nickel_resistance|Nickel_ABC_efflux_pumps|NIKE,A,203,C
MEG_4173|Metals|Nickel_resistance|Nickel_ABC_efflux_pumps|NIKE,T,204,C
MEG_4173|Metals|Nickel_resistance|Nickel_ABC_efflux_pumps|NIKE,G,395,A
MEG_4173|Metals|Nickel_resistance|Nickel_ABC_efflux_pumps|NIKE,T,455,A
MEG_4173|Metals|Nickel_resistance|Nickel_ABC_efflux_pumps|NIKE,C,477,G
MEG_4173|Metals|Nickel_resistance|Nickel_ABC_efflux_pumps|NIKE,A,677,T
MEG_4173|Metals|Nickel_resistance|Nickel_ABC_efflux_pumps|NIKE,T,744,C
MEG_4174|Metals|Nickel_resistance|Nickel_ABC_efflux_pumps|NIKE,T,39,A
MEG_4174|Metals|Nickel_resistance|Nickel_ABC_efflux_pumps|NIKE,C,123,G
MEG_4174|Metals|Nickel_resistance|Nickel_ABC_efflux_pumps|NIKE,G,209,C
MEG_4174|Metals|Nickel_resistance|Nickel_ABC_efflux_pumps|NIKE,G,228,C
MEG_4174|Metals|Nickel_resistance|Nickel_ABC_efflux_pumps|NIKE,A,298,G
MEG_4174|Metals|Nickel_resistance|Nickel_ABC_efflux_pumps|NIKE,G,424,C
MEG_4174|Metals|Nickel_resistance|Nickel_ABC_efflux_pumps|NIKE,C,609,G
MEG_4174|Metals|Nickel_resistance|Nickel_ABC_efflux_pumps|NIKE,G,650,A
MEG_4175|Metals|Nickel_resistance|Nickel_ABC_efflux_regulator|NIKR,A,8,G
MEG_4175|Metals|Nickel_resistance|Nickel_ABC_efflux_regulator|NIKR,C,48,G
MEG_4175|Metals|Nickel_resistance|Nickel_ABC_efflux_regulator|NIKR,T,63,A
MEG_4175|Metals|Nickel_resistance|Nickel_ABC_efflux_regulator|NIKR,G,69,C
MEG_4175|Metals|Nickel_resistance|Nickel_ABC_efflux_regulator|NIKR,T,70,A
MEG_4175|Metals|Nickel_resistance|Nickel_ABC_efflux_regulator|NIKR,T,108,A
MEG_4175|Metals|Nickel_resistance|Nickel_ABC_efflux_regulator|NIKR,T,110,G
MEG_4175|Metals|Nickel_resistance|Nickel_ABC_efflux_regulator|NIKR,G,114,C
MEG_4175|Metals|Nickel_resistance|Nickel_ABC_efflux_regulator|NIKR,A,116,G
MEG_4177|Metals|Nickel_resistance|Nickel_ABC_efflux_regulator|NIKR,G,59,T
MEG_4177|Metals|Nickel_resistance|Nickel_ABC_efflux_regulator|NIKR,C,64,T
MEG_4177|Metals|Nickel_resistance|Nickel_ABC_efflux_regulator|NIKR,T,174,G
MEG_4177|Metals|Nickel_resistance|Nickel_ABC_efflux_regulator|NIKR,T,213,G
MEG_4177|Metals|Nickel_resistance|Nickel_ABC_efflux_regulator|NIKR,C,232,G
MEG_4177|Metals|Nickel_resistance|Nickel_ABC_efflux_regulator|NIKR,C,251,G
MEG_4195|Metals|Nickel_resistance|Nickel_resistance_protein|NIRA,G,292,A
MEG_4195|Metals|Nickel_resistance|Nickel_resistance_protein|NIRA,C,302,A
MEG_4195|Metals|Nickel_resistance|Nickel_resistance_protein|NIRA,C,305,G
MEG_4195|Metals|Nickel_resistance|Nickel_resistance_protein|NIRA,A,417,C
MEG_4195|Metals|Nickel_resistance|Nickel_resistance_protein|NIRA,G,486,A
MEG_4195|Metals|Nickel_resistance|Nickel_resistance_protein|NIRA,G,499,C
MEG_4195|Metals|Nickel_resistance|Nickel_resistance_protein|NIRA,T,534,A
MEG_4195|Metals|Nickel_resistance|Nickel_resistance_protein|NIRA,C,639,T
MEG_4195|Metals|Nickel_resistance|Nickel_resistance_protein|NIRA,G,906,C
MEG_4196|Metals|Nickel_resistance|Nickel_resistance_protein|NIRB,T,48,G
MEG_4196|Metals|Nickel_resistance|Nickel_resistance_protein|NIRB,G,141,A
MEG_4196|Metals|Nickel_resistance|Nickel_resistance_protein|NIRB,G,180,C
MEG_4196|Metals|Nickel_resistance|Nickel_resistance_protein|NIRB,G,192,T
MEG_4196|Metals|Nickel_resistance|Nickel_resistance_protein|NIRB,A,249,T
MEG_4196|Metals|Nickel_resistance|Nickel_resistance_protein|NIRB,G,250,T
MEG_4196|Metals|Nickel_resistance|Nickel_resistance_protein|NIRB,C,265,T
MEG_4197|Metals|Nickel_resistance|Nickel_resistance_protein|NIRC,A,373,T
MEG_4197|Metals|Nickel_resistance|Nickel_resistance_protein|NIRC,T,432,G
MEG_4197|Metals|Nickel_resistance|Nickel_resistance_protein|NIRC,G,723,T
MEG_4197|Metals|Nickel_resistance|Nickel_resistance_protein|NIRC,C,898,G
MEG_4197|Metals|Nickel_resistance|Nickel_resistance_protein|NIRC,T,908,A
MEG_4198|Metals|Nickel_resistance|Nickel_resistance_protein|NIRD,A,1,G
MEG_4198|Metals|Nickel_resistance|Nickel_resistance_protein|NIRD,C,22,A
MEG_4198|Metals|Nickel_resistance|Nickel_resistance_protein|NIRD,G,44,T
MEG_4198|Metals|Nickel_resistance|Nickel_resistance_protein|NIRD,C,166,G
MEG_4198|Metals|Nickel_resistance|Nickel_resistance_protein|NIRD,A,312,T
MEG_4198|Metals|Nickel_resistance|Nickel_resistance_protein|NIRD,A,397,C
MEG_4198|Metals|Nickel_resistance|Nickel_resistance_protein|NIRD,T,492,A
MEG_4199|Metals|Nickel_resistance|Nickel_resistance_protein|NIXA,A,70,T
MEG_4199|Metals|Nickel_resistance|Nickel_resistance_protein|NIXA,A,79,T
MEG_4199|Metals|Nickel_resistance|Nickel_resistance_protein|NIXA,A,131,T
MEG_4200|Metals|Nickel_resistance|Nickel_resistance_protein|NIXA,A,95,T
MEG_4200|Metals|Nickel_resistance|Nickel_resistance_protein|NIXA,A,187,G
MEG_4200|Metals|Nickel_resistance|Nickel_resistance_protein|NIXA,A,249,T
MEG_4200|Metals|Nickel_resistance|Nickel_resistance_protein|NIXA,C,420,T
MEG_4200|Metals|Nickel_resistance|Nickel_resistance_protein|NIXA,T,522,G
MEG_4200|Metals|Nickel_resistance|Nickel_resistance_protein|NIXA,G,612,C
MEG_4200|Metals|Nickel_resistance|Nickel_resistance_protein|NIXA,C,626,A
MEG_4200|Metals|Nickel_resistance|Nickel_resistance_protein|NIXA,C,720,G
MEG_4200|Metals|Nickel_resistance|Nickel_resistance_protein|NIXA,A,807,C
MEG_4200|Metals|Nickel_resistance|Nickel_resistance_protein|NIXA,G,881,A
MEG_4218|Metals|Nickel_resistance|Nickel_RND_efflux_pumps|NRSA,C,1531,G
MEG_4218|Metals|Nickel_resistance|Nickel_RND_efflux_pumps|NRSA,T,2274,A
MEG_4218|Metals|Nickel_resistance|Nickel_RND_efflux_pumps|NRSA,A,2806,C
MEG_4220|Metals|Nickel_resistance|Nickel_resistance_regulator|NRSR,C,457,T
MEG_4221|Metals|Nickel_resistance|Nickel_resistance_regulator|NRSS,G,125,C
MEG_4221|Metals|Nickel_resistance|Nickel_resistance_regulator|NRSS,C,294,G
MEG_4221|Metals|Nickel_resistance|Nickel_resistance_regulator|NRSS,C,528,A
MEG_4221|Metals|Nickel_resistance|Nickel_resistance_regulator|NRSS,A,758,G
MEG_3287|Biocides|Peroxide_resistance|Peroxide_resistance_stress_protein|IBPA,T,2,G
MEG_3287|Biocides|Peroxide_resistance|Peroxide_resistance_stress_protein|IBPA,T,54,G
MEG_3287|Biocides|Peroxide_resistance|Peroxide_resistance_stress_protein|IBPA,A,187,C
MEG_3287|Biocides|Peroxide_resistance|Peroxide_resistance_stress_protein|IBPA,C,192,G
MEG_3287|Biocides|Peroxide_resistance|Peroxide_resistance_stress_protein|IBPA,G,235,C
MEG_3287|Biocides|Peroxide_resistance|Peroxide_resistance_stress_protein|IBPA,C,256,T
MEG_3287|Biocides|Peroxide_resistance|Peroxide_resistance_stress_protein|IBPA,T,324,G
MEG_3287|Biocides|Peroxide_resistance|Peroxide_resistance_stress_protein|IBPA,A,389,G
MEG_3288|Biocides|Peroxide_resistance|Peroxide_resistance_stress_protein|IBPB,G,38,A
MEG_3288|Biocides|Peroxide_resistance|Peroxide_resistance_stress_protein|IBPB,C,378,T
MEG_3288|Biocides|Peroxide_resistance|Peroxide_resistance_stress_protein|IBPB,T,399,A
MEG_3288|Biocides|Peroxide_resistance|Peroxide_resistance_stress_protein|IBPB,C,412,A
MEG_3289|Biocides|Peroxide_resistance|Peroxide_resistance_stress_protein|IBPB,G,45,A
MEG_3289|Biocides|Peroxide_resistance|Peroxide_resistance_stress_protein|IBPB,A,46,G
MEG_3289|Biocides|Peroxide_resistance|Peroxide_resistance_stress_protein|IBPB,T,52,G
MEG_3289|Biocides|Peroxide_resistance|Peroxide_resistance_stress_protein|IBPB,A,115,G
MEG_3289|Biocides|Peroxide_resistance|Peroxide_resistance_stress_protein|IBPB,A,128,G
MEG_3289|Biocides|Peroxide_resistance|Peroxide_resistance_stress_protein|IBPB,C,169,G
MEG_3289|Biocides|Peroxide_resistance|Peroxide_resistance_stress_protein|IBPB,A,211,T
MEG_3289|Biocides|Peroxide_resistance|Peroxide_resistance_stress_protein|IBPB,C,301,T
MEG_3289|Biocides|Peroxide_resistance|Peroxide_resistance_stress_protein|IBPB,T,366,A
MEG_3289|Biocides|Peroxide_resistance|Peroxide_resistance_stress_protein|IBPB,C,384,T
MEG_5772|Biocides|Peroxide_resistance|peroxide_resistance_regulator|PERR,C,28,G
MEG_5772|Biocides|Peroxide_resistance|peroxide_resistance_regulator|PERR,A,32,T
MEG_5772|Biocides|Peroxide_resistance|peroxide_resistance_regulator|PERR,T,43,G
MEG_5772|Biocides|Peroxide_resistance|peroxide_resistance_regulator|PERR,T,186,A
MEG_5772|Biocides|Peroxide_resistance|peroxide_resistance_regulator|PERR,T,323,C
MEG_5772|Biocides|Peroxide_resistance|peroxide_resistance_regulator|PERR,A,355,C
MEG_5772|Biocides|Peroxide_resistance|peroxide_resistance_regulator|PERR,T,415,A
MEG_5772|Biocides|Peroxide_resistance|peroxide_resistance_regulator|PERR,A,440,C
MEG_6540|Biocides|Peroxide_resistance|peroxide_resistance_protein|SODA,T,33,C
MEG_6540|Biocides|Peroxide_resistance|peroxide_resistance_protein|SODA,A,90,T
MEG_6540|Biocides|Peroxide_resistance|peroxide_resistance_protein|SODA,C,117,A
MEG_6540|Biocides|Peroxide_resistance|peroxide_resistance_protein|SODA,T,170,A
MEG_6540|Biocides|Peroxide_resistance|peroxide_resistance_protein|SODA,A,206,T
MEG_6540|Biocides|Peroxide_resistance|peroxide_resistance_protein|SODA,A,348,G
MEG_6540|Biocides|Peroxide_resistance|peroxide_resistance_protein|SODA,A,404,C
MEG_6540|Biocides|Peroxide_resistance|peroxide_resistance_protein|SODA,G,501,A
MEG_6540|Biocides|Peroxide_resistance|peroxide_resistance_protein|SODA,A,590,T
MEG_6540|Biocides|Peroxide_resistance|peroxide_resistance_protein|SODA,G,598,C
MEG_6541|Biocides|Peroxide_resistance|peroxide_resistance_protein|SODA,G,18,T
MEG_6541|Biocides|Peroxide_resistance|peroxide_resistance_protein|SODA,A,503,T
MEG_6541|Biocides|Peroxide_resistance|peroxide_resistance_protein|SODA,C,551,A
MEG_6541|Biocides|Peroxide_resistance|peroxide_resistance_protein|SODA,C,582,G
MEG_6541|Biocides|Peroxide_resistance|peroxide_resistance_protein|SODA,T,610,G
MEG_6542|Biocides|Peroxide_resistance|peroxide_resistance_protein|SODA,A,405,C
MEG_6543|Biocides|Peroxide_resistance|peroxide_resistance_protein|SODA,C,11,G
MEG_6543|Biocides|Peroxide_resistance|peroxide_resistance_protein|SODA,A,67,C
MEG_6543|Biocides|Peroxide_resistance|peroxide_resistance_protein|SODA,T,146,G
MEG_6543|Biocides|Peroxide_resistance|peroxide_resistance_protein|SODA,C,158,T
MEG_6543|Biocides|Peroxide_resistance|peroxide_resistance_protein|SODA,C,176,G
MEG_6544|Biocides|Peroxide_resistance|peroxide_resistance_protein|SODB,G,305,C
MEG_6545|Biocides|Peroxide_resistance|peroxide_resistance_protein|SODB,T,7,A
MEG_6545|Biocides|Peroxide_resistance|peroxide_resistance_protein|SODB,C,93,T
MEG_6545|Biocides|Peroxide_resistance|peroxide_resistance_protein|SODB,C,195,A
MEG_6545|Biocides|Peroxide_resistance|peroxide_resistance_protein|SODB,T,232,A
MEG_6545|Biocides|Peroxide_resistance|peroxide_resistance_protein|SODB,C,390,T
MEG_6545|Biocides|Peroxide_resistance|peroxide_resistance_protein|SODB,A,414,G
MEG_6545|Biocides|Peroxide_resistance|peroxide_resistance_protein|SODB,T,490,G
MEG_6546|Biocides|Peroxide_resistance|peroxide_resistance_protein|SODB,T,14,C
MEG_6546|Biocides|Peroxide_resistance|peroxide_resistance_protein|SODB,A,47,C
MEG_6546|Biocides|Peroxide_resistance|peroxide_resistance_protein|SODB,C,52,A
MEG_6546|Biocides|Peroxide_resistance|peroxide_resistance_protein|SODB,A,196,G
MEG_6546|Biocides|Peroxide_resistance|peroxide_resistance_protein|SODB,C,228,T
MEG_6546|Biocides|Peroxide_resistance|peroxide_resistance_protein|SODB,C,315,A
MEG_6546|Biocides|Peroxide_resistance|peroxide_resistance_protein|SODB,G,472,T
MEG_6546|Biocides|Peroxide_resistance|peroxide_resistance_protein|SODB,G,544,A
MEG_6546|Biocides|Peroxide_resistance|peroxide_resistance_protein|SODB,T,545,G
MEG_7818|Biocides|Peroxide_resistance|peroxide_resistance_protein|YDEI,G,51,A
MEG_7818|Biocides|Peroxide_resistance|peroxide_resistance_protein|YDEI,C,56,T
MEG_7818|Biocides|Peroxide_resistance|peroxide_resistance_protein|YDEI,T,234,G
MEG_7818|Biocides|Peroxide_resistance|peroxide_resistance_protein|YDEI,G,268,C
MEG_7818|Biocides|Peroxide_resistance|peroxide_resistance_protein|YDEI,A,302,G
MEG_7818|Biocides|Peroxide_resistance|peroxide_resistance_protein|YDEI,T,330,G
MEG_11436|Biocides|Peroxide_resistance|Peroxide_resistance_stress_protein|KATP,G,27,C
MEG_11436|Biocides|Peroxide_resistance|Peroxide_resistance_stress_protein|KATP,A,146,C
MEG_11436|Biocides|Peroxide_resistance|Peroxide_resistance_stress_protein|KATP,A,952,T
MEG_11436|Biocides|Peroxide_resistance|Peroxide_resistance_stress_protein|KATP,T,1262,A
MEG_11436|Biocides|Peroxide_resistance|Peroxide_resistance_stress_protein|KATP,G,1273,A
MEG_11436|Biocides|Peroxide_resistance|Peroxide_resistance_stress_protein|KATP,T,1702,C
MEG_11436|Biocides|Peroxide_resistance|Peroxide_resistance_stress_protein|KATP,G,1735,A
MEG_11436|Biocides|Peroxide_resistance|Peroxide_resistance_stress_protein|KATP,T,1836,G
MEG_11436|Biocides|Peroxide_resistance|Peroxide_resistance_stress_protein|KATP,C,2202,A
MEG_11438|Biocides|Peroxide_resistance|Peroxide_resistance_stress_protein|SODC,A,13,T
MEG_11438|Biocides|Peroxide_resistance|Peroxide_resistance_stress_protein|SODC,T,207,A
MEG_11438|Biocides|Peroxide_resistance|Peroxide_resistance_stress_protein|SODC,T,446,A
MEG_11438|Biocides|Peroxide_resistance|Peroxide_resistance_stress_protein|SODC,A,533,T
MEG_3290|Biocides|Acetate_resistance|Acetate_resistance_protein|ICLR,A,36,G
MEG_3290|Biocides|Acetate_resistance|Acetate_resistance_protein|ICLR,A,400,G
MEG_3290|Biocides|Acetate_resistance|Acetate_resistance_protein|ICLR,G,434,C
MEG_3290|Biocides|Acetate_resistance|Acetate_resistance_protein|ICLR,C,564,A
MEG_3290|Biocides|Acetate_resistance|Acetate_resistance_protein|ICLR,A,641,G
MEG_3290|Biocides|Acetate_resistance|Acetate_resistance_protein|ICLR,G,798,T
MEG_3290|Biocides|Acetate_resistance|Acetate_resistance_protein|ICLR,G,812,T
MEG_3291|Biocides|Acetate_resistance|Acetate_resistance_protein|ICLR,C,80,T
MEG_3291|Biocides|Acetate_resistance|Acetate_resistance_protein|ICLR,G,561,T
MEG_3622|Biocides|Acetate_resistance|Acetate_resistance_protein|LPDT,T,35,C
MEG_3622|Biocides|Acetate_resistance|Acetate_resistance_protein|LPDT,C,488,G
MEG_3622|Biocides|Acetate_resistance|Acetate_resistance_protein|LPDT,C,536,T
MEG_3622|Biocides|Acetate_resistance|Acetate_resistance_protein|LPDT,A,578,C
MEG_3622|Biocides|Acetate_resistance|Acetate_resistance_protein|LPDT,A,694,T
MEG_3622|Biocides|Acetate_resistance|Acetate_resistance_protein|LPDT,A,1577,G
MEG_3622|Biocides|Acetate_resistance|Acetate_resistance_protein|LPDT,G,1648,C
MEG_3622|Biocides|Acetate_resistance|Acetate_resistance_protein|LPDT,C,1826,A
MEG_3622|Biocides|Acetate_resistance|Acetate_resistance_protein|LPDT,A,1943,G
MEG_3622|Biocides|Acetate_resistance|Acetate_resistance_protein|LPDT,G,2283,A
MEG_3714|Drugs|Lipopeptides|Colistin_phosphoethanolamine_transferase|MCR,A,113,G
MEG_3714|Drugs|Lipopeptides|Colistin_phosphoethanolamine_transferase|MCR,G,139,T
MEG_3714|Drugs|Lipopeptides|Colistin_phosphoethanolamine_transferase|MCR,T,283,A
MEG_3714|Drugs|Lipopeptides|Colistin_phosphoethanolamine_transferase|MCR,T,459,G
MEG_3714|Drugs|Lipopeptides|Colistin_phosphoethanolamine_transferase|MCR,G,614,A
MEG_3714|Drugs|Lipopeptides|Colistin_phosphoethanolamine_transferase|MCR,C,889,A
MEG_3714|Drugs|Lipopeptides|Colistin_phosphoethanolamine_transferase|MCR,T,913,C
MEG_3714|Drugs|Lipopeptides|Colistin_phosphoethanolamine_transferase|MCR,A,1619,T
MEG_3717|Drugs|Lipopeptides|Colistin_phosphoethanolamine_transferase|MCR,C,773,T
MEG_3717|Drugs|Lipopeptides|Colistin_phosphoethanolamine_transferase|MCR,C,831,G
MEG_3717|Drugs|Lipopeptides|Colistin_phosphoethanolamine_transferase|MCR,G,880,C
MEG_3717|Drugs|Lipopeptides|Colistin_phosphoethanolamine_transferase|MCR,T,1565,G
MEG_3691|Drugs|Lipopeptides|Colistin_phosphoethanolamine_transferase|MCR,G,78,A
MEG_3691|Drugs|Lipopeptides|Colistin_phosphoethanolamine_transferase|MCR,A,480,T
MEG_3691|Drugs|Lipopeptides|Colistin_phosphoethanolamine_transferase|MCR,T,711,A
MEG_3691|Drugs|Lipopeptides|Colistin_phosphoethanolamine_transferase|MCR,T,1150,G
MEG_3691|Drugs|Lipopeptides|Colistin_phosphoethanolamine_transferase|MCR,C,1155,A
MEG_8779|Drugs|Lipopeptides|Colistin_phosphoethanolamine_transferase|MCR,T,72,A
MEG_8779|Drugs|Lipopeptides|Colistin_phosphoethanolamine_transferase|MCR,T,661,A
MEG_8779|Drugs|Lipopeptides|Colistin_phosphoethanolamine_transferase|MCR,T,1038,A
MEG_8779|Drugs|Lipopeptides|Colistin_phosphoethanolamine_transferase|MCR,T,1066,A
MEG_8779|Drugs|Lipopeptides|Colistin_phosphoethanolamine_transferase|MCR,T,1240,C
MEG_8779|Drugs|Lipopeptides|Colistin_phosphoethanolamine_transferase|MCR,C,1425,A
MEG_8779|Drugs|Lipopeptides|Colistin_phosphoethanolamine_transferase|MCR,T,1568,G
MEG_8237|Drugs|Lipopeptides|Colistin_phosphoethanolamine_transferase|MCR,A,388,C
MEG_8237|Drugs|Lipopeptides|Colistin_phosphoethanolamine_transferase|MCR,T,1317,A
MEG_3712|Drugs|Lipopeptides|Colistin_phosphoethanolamine_transferase|MCR,T,568,C
MEG_3712|Drugs|Lipopeptides|Colistin_phosphoethanolamine_transferase|MCR,A,652,T
MEG_3712|Drugs|Lipopeptides|Colistin_phosphoethanolamine_transferase|MCR,T,729,G
MEG_3712|Drugs|Lipopeptides|Colistin_phosphoethanolamine_transferase|MCR,T,932,C
MEG_3712|Drugs|Lipopeptides|Colistin_phosphoethanolamine_transferase|MCR,A,1576,T
MEG_3709|Drugs|Lipopeptides|Colistin_phosphoethanolamine_transferase|MCR,T,283,A
MEG_3709|Drugs|Lipopeptides|Colistin_phosphoethanolamine_transferase|MCR,T,311,A
MEG_3709|Drugs|Lipopeptides|Colistin_phosphoethanolamine_transferase|MCR,T,362,G
MEG_3709|Drugs|Lipopeptides|Colistin_phosphoethanolamine_transferase|MCR,A,469,C
MEG_3709|Drugs|Lipopeptides|Colistin_phosphoethanolamine_transferase|MCR,T,725,C
MEG_3709|Drugs|Lipopeptides|Colistin_phosphoethanolamine_transferase|MCR,G,1085,T
MEG_3709|Drugs|Lipopeptides|Colistin_phosphoethanolamine_transferase|MCR,C,1111,T
MEG_3709|Drugs|Lipopeptides|Colistin_phosphoethanolamine_transferase|MCR,A,1167,T
MEG_10098|Drugs|Lipopeptides|Colistin-resistant_mutant|LPXD,T,466,C
MEG_10098|Drugs|Lipopeptides|Colistin-resistant_mutant|LPXD,T,583,C
MEG_10098|Drugs|Lipopeptides|Colistin-resistant_mutant|LPXD,A,974,G
MEG_3722|Drugs|Lipopeptides|Colistin_phosphoethanolamine_transferase|MCR,T,1393,C
MEG_11459|Drugs|Lipopeptides|Colistin_phosphoethanolamine_transferase|MCR,A,349,T
MEG_11459|Drugs|Lipopeptides|Colistin_phosphoethanolamine_transferase|MCR,A,361,T
MEG_11459|Drugs|Lipopeptides|Colistin_phosphoethanolamine_transferase|MCR,A,682,T
MEG_11459|Drugs|Lipopeptides|Colistin_phosphoethanolamine_transferase|MCR,G,1032,A
MEG_11459|Drugs|Lipopeptides|Colistin_phosphoethanolamine_transferase|MCR,T,1547,C
MEG_3726|Drugs|Lipopeptides|Colistin_phosphoethanolamine_transferase|MCR,T,208,A
MEG_3726|Drugs|Lipopeptides|Colistin_phosphoethanolamine_transferase|MCR,A,249,T
MEG_3726|Drugs|Lipopeptides|Colistin_phosphoethanolamine_transferase|MCR,A,294,G
MEG_3726|Drugs|Lipopeptides|Colistin_phosphoethanolamine_transferase|MCR,T,309,G
MEG_3726|Drugs|Lipopeptides|Colistin_phosphoethanolamine_transferase|MCR,G,370,T
MEG_3726|Drugs|Lipopeptides|Colistin_phosphoethanolamine_transferase|MCR,T,405,A
MEG_3726|Drugs|Lipopeptides|Colistin_phosphoethanolamine_transferase|MCR,C,508,T
MEG_3726|Drugs|Lipopeptides|Colistin_phosphoethanolamine_transferase|MCR,A,589,G
MEG_3726|Drugs|Lipopeptides|Colistin_phosphoethanolamine_transferase|MCR,T,814,G
MEG_3726|Drugs|Lipopeptides|Colistin_phosphoethanolamine_transferase|MCR,T,1195,G
MEG_3667|Drugs|Lipopeptides|Colistin_phosphoethanolamine_transferase|MCR,T,152,A
MEG_3667|Drugs|Lipopeptides|Colistin_phosphoethanolamine_transferase|MCR,G,163,C
MEG_3667|Drugs|Lipopeptides|Colistin_phosphoethanolamine_transferase|MCR,T,401,G
MEG_3667|Drugs|Lipopeptides|Colistin_phosphoethanolamine_transferase|MCR,T,756,C
MEG_3667|Drugs|Lipopeptides|Colistin_phosphoethanolamine_transferase|MCR,T,1506,C
MEG_3729|Drugs|Lipopeptides|Colistin_phosphoethanolamine_transferase|MCR,G,1386,A
MEG_8808|Drugs|Lipopeptides|Colistin_phosphoethanolamine_transferase|MCR,C,65,A
MEG_8808|Drugs|Lipopeptides|Colistin_phosphoethanolamine_transferase|MCR,G,162,C
MEG_8808|Drugs|Lipopeptides|Colistin_phosphoethanolamine_transferase|MCR,T,311,C
MEG_8808|Drugs|Lipopeptides|Colistin_phosphoethanolamine_transferase|MCR,T,590,G
MEG_8808|Drugs|Lipopeptides|Colistin_phosphoethanolamine_transferase|MCR,A,761,C
MEG_8808|Drugs|Lipopeptides|Colistin_phosphoethanolamine_transferase|MCR,A,1070,C
MEG_8808|Drugs|Lipopeptides|Colistin_phosphoethanolamine_transferase|MCR,C,1355,G
MEG_8808|Drugs|Lipopeptides|Colistin_phosphoethanolamine_transferase|MCR,C,1436,T
MEG_8808|Drugs|Lipopeptides|Colistin_phosphoethanolamine_transferase|MCR,A,1498,T
MEG_8808|Drugs|Lipopeptides|Colistin_phosphoethanolamine_transferase|MCR,C,1511,T
MEG_8796|Drugs|Lipopeptides|Colistin_phosphoethanolamine_transferase|MCR,T,500,G
MEG_8796|Drugs|Lipopeptides|Colistin_phosphoethanolamine_transferase|MCR,A,598,G
MEG_8796|Drugs|Lipopeptides|Colistin_phosphoethanolamine_transferase|MCR,A,610,C
MEG_8796|Drugs|Lipopeptides|Colistin_phosphoethanolamine_transferase|MCR,A,627,C
MEG_8796|Drugs|Lipopeptides|Colistin_phosphoethanolamine_transferase|MCR,A,1000,T
MEG_8796|Drugs|Lipopeptides|Colistin_phosphoethanolamine_transferase|MCR,A,1022,T
MEG_8796|Drugs|Lipopeptides|Colistin_phosphoethanolamine_transferase|MCR,C,1574,G
MEG_10077|Drugs|Lipopeptides|Daptomycin-resistant_mutant|DRMA,T,21,A
MEG_10077|Drugs|Lipopeptides|Daptomycin-resistant_mutant|DRMA,T,38,C
MEG_10077|Drugs|Lipopeptides|Daptomycin-resistant_mutant|DRMA,T,306,A
MEG_10077|Drugs|Lipopeptides|Daptomycin-resistant_mutant|DRMA,T,439,A
MEG_10077|Drugs|Lipopeptides|Daptomycin-resistant_mutant|DRMA,A,641,T
MEG_11458|Drugs|Lipopeptides|Colistin_phosphoethanolamine_transferase|MCR,A,4,T
MEG_11458|Drugs|Lipopeptides|Colistin_phosphoethanolamine_transferase|MCR,T,37,G
MEG_11458|Drugs|Lipopeptides|Colistin_phosphoethanolamine_transferase|MCR,G,303,C
MEG_11458|Drugs|Lipopeptides|Colistin_phosphoethanolamine_transferase|MCR,G,550,T
MEG_11458|Drugs|Lipopeptides|Colistin_phosphoethanolamine_transferase|MCR,C,833,T
MEG_11458|Drugs|Lipopeptides|Colistin_phosphoethanolamine_transferase|MCR,A,920,G
MEG_11458|Drugs|Lipopeptides|Colistin_phosphoethanolamine_transferase|MCR,A,1065,T
MEG_11458|Drugs|Lipopeptides|Colistin_phosphoethanolamine_transferase|MCR,A,1075,C
MEG_11458|Drugs|Lipopeptides|Colistin_phosphoethanolamine_transferase|MCR,T,1395,C
MEG_11458|Drugs|Lipopeptides|Colistin_phosphoethanolamine_transferase|MCR,T,1412,G
MEG_3675|Drugs|Lipopeptides|Colistin_phosphoethanolamine_transferase|MCR,T,156,G
MEG_3675|Drugs|Lipopeptides|Colistin_phosphoethanolamine_transferase|MCR,G,174,C
MEG_3675|Drugs|Lipopeptides|Colistin_phosphoethanolamine_transferase|MCR,T,819,A
MEG_3675|Drugs|Lipopeptides|Colistin_phosphoethanolamine_transferase|MCR,C,1077,G
MEG_3675|Drugs|Lipopeptides|Colistin_phosphoethanolamine_transferase|MCR,T,1577,C
MEG_8238|Drugs|Lipopeptides|Colistin_phosphoethanolamine_transferase|MCR,T,408,A
MEG_8238|Drugs|Lipopeptides|Colistin_phosphoethanolamine_transferase|MCR,G,642,T
MEG_8238|Drugs|Lipopeptides|Colistin_phosphoethanolamine_transferase|MCR,G,945,A
MEG_8238|Drugs|Lipopeptides|Colistin_phosphoethanolamine_transferase|MCR,A,962,G
MEG_8238|Drugs|Lipopeptides|Colistin_phosphoethanolamine_transferase|MCR,C,993,T
MEG_8238|Drugs|Lipopeptides|Colistin_phosphoethanolamine_transferase|MCR,T,1061,G
MEG_8238|Drugs|Lipopeptides|Colistin_phosphoethanolamine_transferase|MCR,G,1207,A
MEG_8238|Drugs|Lipopeptides|Colistin_phosphoethanolamine_transferase|MCR,C,1264,G
MEG_8238|Drugs|Lipopeptides|Colistin_phosphoethanolamine_transferase|MCR,G,1497,A
MEG_3673|Drugs|Lipopeptides|Colistin_phosphoethanolamine_transferase|MCR,T,257,G
MEG_3673|Drugs|Lipopeptides|Colistin_phosphoethanolamine_transferase|MCR,G,476,A
MEG_3673|Drugs|Lipopeptides|Colistin_phosphoethanolamine_transferase|MCR,A,633,G
MEG_3673|Drugs|Lipopeptides|Colistin_phosphoethanolamine_transferase|MCR,G,641,T
MEG_3673|Drugs|Lipopeptides|Colistin_phosphoethanolamine_transferase|MCR,C,857,A
MEG_3673|Drugs|Lipopeptides|Colistin_phosphoethanolamine_transferase|MCR,G,1469,T
MEG_3673|Drugs|Lipopeptides|Colistin_phosphoethanolamine_transferase|MCR,T,1483,C
MEG_3693|Drugs|Lipopeptides|Colistin_phosphoethanolamine_transferase|MCR,T,64,A
MEG_3693|Drugs|Lipopeptides|Colistin_phosphoethanolamine_transferase|MCR,A,90,G
MEG_3693|Drugs|Lipopeptides|Colistin_phosphoethanolamine_transferase|MCR,C,573,A
MEG_3693|Drugs|Lipopeptides|Colistin_phosphoethanolamine_transferase|MCR,A,620,C
MEG_3693|Drugs|Lipopeptides|Colistin_phosphoethanolamine_transferase|MCR,A,699,G
MEG_3693|Drugs|Lipopeptides|Colistin_phosphoethanolamine_transferase|MCR,A,876,G
MEG_3693|Drugs|Lipopeptides|Colistin_phosphoethanolamine_transferase|MCR,G,949,A
MEG_3693|Drugs|Lipopeptides|Colistin_phosphoethanolamine_transferase|MCR,T,1575,A
MEG_3731|Drugs|Lipopeptides|Colistin_phosphoethanolamine_transferase|MCR,T,262,A
MEG_3731|Drugs|Lipopeptides|Colistin_phosphoethanolamine_transferase|MCR,A,317,T
MEG_3731|Drugs|Lipopeptides|Colistin_phosphoethanolamine_transferase|MCR,C,410,T
MEG_3731|Drugs|Lipopeptides|Colistin_phosphoethanolamine_transferase|MCR,A,592,C
MEG_3731|Drugs|Lipopeptides|Colistin_phosphoethanolamine_transferase|MCR,C,816,T
MEG_3731|Drugs|Lipopeptides|Colistin_phosphoethanolamine_transferase|MCR,T,838,G
MEG_3731|Drugs|Lipopeptides|Colistin_phosphoethanolamine_transferase|MCR,C,1025,T
MEG_3731|Drugs|Lipopeptides|Colistin_phosphoethanolamine_transferase|MCR,G,1470,A
MEG_3731|Drugs|Lipopeptides|Colistin_phosphoethanolamine_transferase|MCR,A,1512,G
MEG_3731|Drugs|Lipopeptides|Colistin_phosphoethanolamine_transferase|MCR,A,1531,C
MEG_10048|Drugs|Lipopeptides|Polymyxin_resistant_aminoacyl_carrier_protein|ALMF,T,21,G
MEG_10048|Drugs|Lipopeptides|Polymyxin_resistant_aminoacyl_carrier_protein|ALMF,A,41,G
MEG_10048|Drugs|Lipopeptides|Polymyxin_resistant_aminoacyl_carrier_protein|ALMF,T,99,A
MEG_10048|Drugs|Lipopeptides|Polymyxin_resistant_aminoacyl_carrier_protein|ALMF,C,138,G
MEG_3724|Drugs|Lipopeptides|Colistin_phosphoethanolamine_transferase|MCR,C,43,A
MEG_3724|Drugs|Lipopeptides|Colistin_phosphoethanolamine_transferase|MCR,G,46,T
MEG_3724|Drugs|Lipopeptides|Colistin_phosphoethanolamine_transferase|MCR,G,273,C
MEG_3724|Drugs|Lipopeptides|Colistin_phosphoethanolamine_transferase|MCR,C,416,G
MEG_3724|Drugs|Lipopeptides|Colistin_phosphoethanolamine_transferase|MCR,C,463,G
MEG_3724|Drugs|Lipopeptides|Colistin_phosphoethanolamine_transferase|MCR,T,862,C
MEG_3724|Drugs|Lipopeptides|Colistin_phosphoethanolamine_transferase|MCR,G,1273,A
MEG_3724|Drugs|Lipopeptides|Colistin_phosphoethanolamine_transferase|MCR,G,1458,C
MEG_8780|Drugs|Lipopeptides|Colistin_phosphoethanolamine_transferase|MCR,G,186,C
MEG_8780|Drugs|Lipopeptides|Colistin_phosphoethanolamine_transferase|MCR,G,1233,T
MEG_8780|Drugs|Lipopeptides|Colistin_phosphoethanolamine_transferase|MCR,C,1259,A
MEG_8780|Drugs|Lipopeptides|Colistin_phosphoethanolamine_transferase|MCR,C,1301,T
MEG_8780|Drugs|Lipopeptides|Colistin_phosphoethanolamine_transferase|MCR,A,1499,G
MEG_11454|Drugs|Lipopeptides|Colistin_phosphoethanolamine_transferase|MCR,C,350,G
MEG_11384|Drugs|Lipopeptides|Daptomycin_ABC_efflux_transporter_protein|DRCA,G,565,A
MEG_3730|Drugs|Lipopeptides|Colistin_phosphoethanolamine_transferase|MCR,T,224,G
MEG_3730|Drugs|Lipopeptides|Colistin_phosphoethanolamine_transferase|MCR,C,909,T
MEG_3730|Drugs|Lipopeptides|Colistin_phosphoethanolamine_transferase|MCR,T,1016,G
MEG_3730|Drugs|Lipopeptides|Colistin_phosphoethanolamine_transferase|MCR,A,1062,G
MEG_3730|Drugs|Lipopeptides|Colistin_phosphoethanolamine_transferase|MCR,G,1360,C
MEG_3730|Drugs|Lipopeptides|Colistin_phosphoethanolamine_transferase|MCR,A,1547,C
MEG_3719|Drugs|Lipopeptides|Colistin_phosphoethanolamine_transferase|MCR,T,222,A
MEG_3719|Drugs|Lipopeptides|Colistin_phosphoethanolamine_transferase|MCR,T,711,G
MEG_3719|Drugs|Lipopeptides|Colistin_phosphoethanolamine_transferase|MCR,G,832,A
MEG_3719|Drugs|Lipopeptides|Colistin_phosphoethanolamine_transferase|MCR,T,1116,G
MEG_3719|Drugs|Lipopeptides|Colistin_phosphoethanolamine_transferase|MCR,C,1498,A
MEG_11457|Drugs|Lipopeptides|Colistin_phosphoethanolamine_transferase|MCR,G,712,A
MEG_10047|Drugs|Lipopeptides|Polymyxin_resistant_glycyltransferase|ALME,C,400,A
MEG_10047|Drugs|Lipopeptides|Polymyxin_resistant_glycyltransferase|ALME,T,461,G
MEG_10047|Drugs|Lipopeptides|Polymyxin_resistant_glycyltransferase|ALME,A,574,T
MEG_10047|Drugs|Lipopeptides|Polymyxin_resistant_glycyltransferase|ALME,G,754,T
MEG_10047|Drugs|Lipopeptides|Polymyxin_resistant_glycyltransferase|ALME,T,1010,G
MEG_10047|Drugs|Lipopeptides|Polymyxin_resistant_glycyltransferase|ALME,A,1167,T
MEG_10047|Drugs|Lipopeptides|Polymyxin_resistant_glycyltransferase|ALME,T,1298,G
MEG_10047|Drugs|Lipopeptides|Polymyxin_resistant_glycyltransferase|ALME,A,1468,G
MEG_8240|Drugs|Lipopeptides|Colistin_phosphoethanolamine_transferase|MCR,C,75,T
MEG_8240|Drugs|Lipopeptides|Colistin_phosphoethanolamine_transferase|MCR,T,140,G
MEG_8240|Drugs|Lipopeptides|Colistin_phosphoethanolamine_transferase|MCR,T,295,G
MEG_8240|Drugs|Lipopeptides|Colistin_phosphoethanolamine_transferase|MCR,A,905,G
MEG_8240|Drugs|Lipopeptides|Colistin_phosphoethanolamine_transferase|MCR,T,1275,A
MEG_3687|Drugs|Lipopeptides|Colistin_phosphoethanolamine_transferase|MCR,A,490,C
MEG_3687|Drugs|Lipopeptides|Colistin_phosphoethanolamine_transferase|MCR,A,802,G
MEG_3687|Drugs|Lipopeptides|Colistin_phosphoethanolamine_transferase|MCR,T,1033,C
MEG_3687|Drugs|Lipopeptides|Colistin_phosphoethanolamine_transferase|MCR,T,1482,C
MEG_3720|Drugs|Lipopeptides|Colistin_phosphoethanolamine_transferase|MCR,T,71,A
MEG_3720|Drugs|Lipopeptides|Colistin_phosphoethanolamine_transferase|MCR,G,872,A
MEG_3720|Drugs|Lipopeptides|Colistin_phosphoethanolamine_transferase|MCR,T,880,C
MEG_3720|Drugs|Lipopeptides|Colistin_phosphoethanolamine_transferase|MCR,T,885,C
MEG_3720|Drugs|Lipopeptides|Colistin_phosphoethanolamine_transferase|MCR,A,912,G
MEG_3720|Drugs|Lipopeptides|Colistin_phosphoethanolamine_transferase|MCR,T,1133,A
MEG_3720|Drugs|Lipopeptides|Colistin_phosphoethanolamine_transferase|MCR,A,1406,T
MEG_3720|Drugs|Lipopeptides|Colistin_phosphoethanolamine_transferase|MCR,T,1556,G
MEG_3720|Drugs|Lipopeptides|Colistin_phosphoethanolamine_transferase|MCR,C,1599,G
MEG_3678|Drugs|Lipopeptides|Colistin_phosphoethanolamine_transferase|MCR,A,240,G
MEG_3678|Drugs|Lipopeptides|Colistin_phosphoethanolamine_transferase|MCR,C,252,A
MEG_3678|Drugs|Lipopeptides|Colistin_phosphoethanolamine_transferase|MCR,T,492,G
MEG_3678|Drugs|Lipopeptides|Colistin_phosphoethanolamine_transferase|MCR,T,726,A
MEG_3678|Drugs|Lipopeptides|Colistin_phosphoethanolamine_transferase|MCR,A,768,T
MEG_3678|Drugs|Lipopeptides|Colistin_phosphoethanolamine_transferase|MCR,G,1003,A
MEG_8801|Drugs|Lipopeptides|Colistin_phosphoethanolamine_transferase|MCR,T,107,A
MEG_8801|Drugs|Lipopeptides|Colistin_phosphoethanolamine_transferase|MCR,C,229,A
MEG_8801|Drugs|Lipopeptides|Colistin_phosphoethanolamine_transferase|MCR,A,273,C
MEG_8801|Drugs|Lipopeptides|Colistin_phosphoethanolamine_transferase|MCR,A,344,C
MEG_8801|Drugs|Lipopeptides|Colistin_phosphoethanolamine_transferase|MCR,A,587,T
MEG_8801|Drugs|Lipopeptides|Colistin_phosphoethanolamine_transferase|MCR,C,716,A
MEG_8801|Drugs|Lipopeptides|Colistin_phosphoethanolamine_transferase|MCR,C,1248,T
MEG_8801|Drugs|Lipopeptides|Colistin_phosphoethanolamine_transferase|MCR,T,1383,C
MEG_8801|Drugs|Lipopeptides|Colistin_phosphoethanolamine_transferase|MCR,G,1437,A
MEG_8801|Drugs|Lipopeptides|Colistin_phosphoethanolamine_transferase|MCR,G,1554,A
MEG_8782|Drugs|Lipopeptides|Colistin_phosphoethanolamine_transferase|MCR,A,107,T
MEG_8782|Drugs|Lipopeptides|Colistin_phosphoethanolamine_transferase|MCR,G,272,A
MEG_8782|Drugs|Lipopeptides|Colistin_phosphoethanolamine_transferase|MCR,G,343,A
MEG_8782|Drugs|Lipopeptides|Colistin_phosphoethanolamine_transferase|MCR,C,422,T
MEG_8782|Drugs|Lipopeptides|Colistin_phosphoethanolamine_transferase|MCR,G,881,C
MEG_8782|Drugs|Lipopeptides|Colistin_phosphoethanolamine_transferase|MCR,C,1108,T
MEG_8782|Drugs|Lipopeptides|Colistin_phosphoethanolamine_transferase|MCR,A,1563,C
MEG_8802|Drugs|Lipopeptides|Colistin_phosphoethanolamine_transferase|MCR,G,128,A
MEG_8802|Drugs|Lipopeptides|Colistin_phosphoethanolamine_transferase|MCR,G,250,T
MEG_8802|Drugs|Lipopeptides|Colistin_phosphoethanolamine_transferase|MCR,G,430,A
MEG_8802|Drugs|Lipopeptides|Colistin_phosphoethanolamine_transferase|MCR,T,580,G
MEG_8802|Drugs|Lipopeptides|Colistin_phosphoethanolamine_transferase|MCR,G,609,C
MEG_8802|Drugs|Lipopeptides|Colistin_phosphoethanolamine_transferase|MCR,C,774,G
MEG_8802|Drugs|Lipopeptides|Colistin_phosphoethanolamine_transferase|MCR,C,1189,G
MEG_8802|Drugs|Lipopeptides|Colistin_phosphoethanolamine_transferase|MCR,G,1287,T
MEG_8802|Drugs|Lipopeptides|Colistin_phosphoethanolamine_transferase|MCR,C,1397,T
MEG_8806|Drugs|Lipopeptides|Colistin_phosphoethanolamine_transferase|MCR,C,275,A
MEG_8806|Drugs|Lipopeptides|Colistin_phosphoethanolamine_transferase|MCR,G,534,A
MEG_8806|Drugs|Lipopeptides|Colistin_phosphoethanolamine_transferase|MCR,T,567,G
MEG_8806|Drugs|Lipopeptides|Colistin_phosphoethanolamine_transferase|MCR,T,801,A
MEG_8806|Drugs|Lipopeptides|Colistin_phosphoethanolamine_transferase|MCR,A,1135,T
MEG_8806|Drugs|Lipopeptides|Colistin_phosphoethanolamine_transferase|MCR,A,1286,G
MEG_8806|Drugs|Lipopeptides|Colistin_phosphoethanolamine_transferase|MCR,C,1348,A
MEG_8806|Drugs|Lipopeptides|Colistin_phosphoethanolamine_transferase|MCR,G,1497,T
MEG_5776|Drugs|Lipopeptides|Lipid_A_phosphatase|PGBB,A,17,G
MEG_5776|Drugs|Lipopeptides|Lipid_A_phosphatase|PGBB,T,32,C
MEG_5776|Drugs|Lipopeptides|Lipid_A_phosphatase|PGBB,T,38,G
MEG_5776|Drugs|Lipopeptides|Lipid_A_phosphatase|PGBB,C,324,A
MEG_5776|Drugs|Lipopeptides|Lipid_A_phosphatase|PGBB,C,596,A
MEG_5776|Drugs|Lipopeptides|Lipid_A_phosphatase|PGBB,G,601,C
MEG_3295|Drugs|Mupirocin|Mupirocin-resistant_isoleucyl-tRNA_synthetase|ILES,C,1179,A
MEG_3295|Drugs|Mupirocin|Mupirocin-resistant_isoleucyl-tRNA_synthetase|ILES,C,1185,G
MEG_3295|Drugs|Mupirocin|Mupirocin-resistant_isoleucyl-tRNA_synthetase|ILES,T,1361,A
MEG_3295|Drugs|Mupirocin|Mupirocin-resistant_isoleucyl-tRNA_synthetase|ILES,C,1725,G
MEG_3295|Drugs|Mupirocin|Mupirocin-resistant_isoleucyl-tRNA_synthetase|ILES,C,1927,A
MEG_3295|Drugs|Mupirocin|Mupirocin-resistant_isoleucyl-tRNA_synthetase|ILES,C,2175,A
MEG_3295|Drugs|Mupirocin|Mupirocin-resistant_isoleucyl-tRNA_synthetase|ILES,G,2545,A
MEG_3295|Drugs|Mupirocin|Mupirocin-resistant_isoleucyl-tRNA_synthetase|ILES,G,2659,A
MEG_4089|Drugs|Mupirocin|Mupirocin-resistant_isoleucyl-tRNA_synthetase|MUPA,T,147,G
MEG_4089|Drugs|Mupirocin|Mupirocin-resistant_isoleucyl-tRNA_synthetase|MUPA,T,483,G
MEG_4089|Drugs|Mupirocin|Mupirocin-resistant_isoleucyl-tRNA_synthetase|MUPA,A,857,G
MEG_4089|Drugs|Mupirocin|Mupirocin-resistant_isoleucyl-tRNA_synthetase|MUPA,A,1067,T
MEG_4089|Drugs|Mupirocin|Mupirocin-resistant_isoleucyl-tRNA_synthetase|MUPA,G,1281,T
MEG_4089|Drugs|Mupirocin|Mupirocin-resistant_isoleucyl-tRNA_synthetase|MUPA,A,1300,C
MEG_4089|Drugs|Mupirocin|Mupirocin-resistant_isoleucyl-tRNA_synthetase|MUPA,A,1706,C
MEG_4089|Drugs|Mupirocin|Mupirocin-resistant_isoleucyl-tRNA_synthetase|MUPA,T,1919,C
MEG_4089|Drugs|Mupirocin|Mupirocin-resistant_isoleucyl-tRNA_synthetase|MUPA,A,2169,C
MEG_4089|Drugs|Mupirocin|Mupirocin-resistant_isoleucyl-tRNA_synthetase|MUPA,T,2557,G
MEG_4090|Drugs|Mupirocin|Mupirocin-resistant_isoleucyl-tRNA_synthetase|MUPA,C,244,G
MEG_4090|Drugs|Mupirocin|Mupirocin-resistant_isoleucyl-tRNA_synthetase|MUPA,G,559,A
MEG_4090|Drugs|Mupirocin|Mupirocin-resistant_isoleucyl-tRNA_synthetase|MUPA,A,701,G
MEG_4090|Drugs|Mupirocin|Mupirocin-resistant_isoleucyl-tRNA_synthetase|MUPA,T,1147,G
MEG_4090|Drugs|Mupirocin|Mupirocin-resistant_isoleucyl-tRNA_synthetase|MUPA,T,1308,C
MEG_4090|Drugs|Mupirocin|Mupirocin-resistant_isoleucyl-tRNA_synthetase|MUPA,A,1607,T
MEG_4090|Drugs|Mupirocin|Mupirocin-resistant_isoleucyl-tRNA_synthetase|MUPA,A,2289,C
MEG_4090|Drugs|Mupirocin|Mupirocin-resistant_isoleucyl-tRNA_synthetase|MUPA,A,2835,T
MEG_4091|Drugs|Mupirocin|Mupirocin-resistant_isoleucyl-tRNA_synthetase|MUPB,T,938,C
MEG_3887|Metals|Mercury_resistance|Mercury_resistance_regulator|MERR2,G,53,T
MEG_3887|Metals|Mercury_resistance|Mercury_resistance_regulator|MERR2,G,96,C
MEG_3887|Metals|Mercury_resistance|Mercury_resistance_regulator|MERR2,A,434,T
MEG_3894|Metals|Mercury_resistance|Mercury_resistance_protein|MERT,C,75,T
MEG_3894|Metals|Mercury_resistance|Mercury_resistance_protein|MERT,G,103,A
MEG_3894|Metals|Mercury_resistance|Mercury_resistance_protein|MERT,T,175,G
MEG_3894|Metals|Mercury_resistance|Mercury_resistance_protein|MERT,C,215,G
MEG_3894|Metals|Mercury_resistance|Mercury_resistance_protein|MERT,T,278,G
MEG_3894|Metals|Mercury_resistance|Mercury_resistance_protein|MERT,C,291,A
MEG_3894|Metals|Mercury_resistance|Mercury_resistance_protein|MERT,T,305,C
MEG_3894|Metals|Mercury_resistance|Mercury_resistance_protein|MERT,C,316,G
MEG_3894|Metals|Mercury_resistance|Mercury_resistance_protein|MERT,G,331,C
MEG_3894|Metals|Mercury_resistance|Mercury_resistance_protein|MERT,T,341,G
MEG_3837|Metals|Mercury_resistance|Mercury_resistance_protein|MERA,C,222,G
MEG_3837|Metals|Mercury_resistance|Mercury_resistance_protein|MERA,A,505,G
MEG_3837|Metals|Mercury_resistance|Mercury_resistance_protein|MERA,C,788,T
MEG_3837|Metals|Mercury_resistance|Mercury_resistance_protein|MERA,G,815,C
MEG_3837|Metals|Mercury_resistance|Mercury_resistance_protein|MERA,T,914,G
MEG_3837|Metals|Mercury_resistance|Mercury_resistance_protein|MERA,G,1185,C
MEG_3837|Metals|Mercury_resistance|Mercury_resistance_protein|MERA,C,1186,T
MEG_3837|Metals|Mercury_resistance|Mercury_resistance_protein|MERA,T,1210,G
MEG_3837|Metals|Mercury_resistance|Mercury_resistance_protein|MERA,G,1243,T
MEG_3837|Metals|Mercury_resistance|Mercury_resistance_protein|MERA,G,1414,A
MEG_3898|Metals|Mercury_resistance|Mercury_resistance_protein|MERT,C,10,T
MEG_3898|Metals|Mercury_resistance|Mercury_resistance_protein|MERT,C,22,G
MEG_3898|Metals|Mercury_resistance|Mercury_resistance_protein|MERT,G,197,C
MEG_3898|Metals|Mercury_resistance|Mercury_resistance_protein|MERT,C,253,A
MEG_3847|Metals|Mercury_resistance|Mercury_resistance_protein|MERB,G,6,A
MEG_3847|Metals|Mercury_resistance|Mercury_resistance_protein|MERB,G,86,C
MEG_3847|Metals|Mercury_resistance|Mercury_resistance_protein|MERB,G,157,T
MEG_3847|Metals|Mercury_resistance|Mercury_resistance_protein|MERB,G,269,A
MEG_3847|Metals|Mercury_resistance|Mercury_resistance_protein|MERB,C,380,A
MEG_3847|Metals|Mercury_resistance|Mercury_resistance_protein|MERB,A,395,G
MEG_3847|Metals|Mercury_resistance|Mercury_resistance_protein|MERB,C,416,G
MEG_3847|Metals|Mercury_resistance|Mercury_resistance_protein|MERB,G,548,T
MEG_3847|Metals|Mercury_resistance|Mercury_resistance_protein|MERB,C,604,T
MEG_3847|Metals|Mercury_resistance|Mercury_resistance_protein|MERB,G,615,T
MEG_3866|Metals|Mercury_resistance|Mercury_resistance_protein|MERE,T,2,C
MEG_3866|Metals|Mercury_resistance|Mercury_resistance_protein|MERE,C,78,A
MEG_3866|Metals|Mercury_resistance|Mercury_resistance_protein|MERE,T,110,A
MEG_3866|Metals|Mercury_resistance|Mercury_resistance_protein|MERE,C,193,A
MEG_3866|Metals|Mercury_resistance|Mercury_resistance_protein|MERE,C,222,T
MEG_3866|Metals|Mercury_resistance|Mercury_resistance_protein|MERE,C,233,G
MEG_3885|Metals|Mercury_resistance|Mercury_resistance_regulator|MERR1,A,68,G
MEG_3885|Metals|Mercury_resistance|Mercury_resistance_regulator|MERR1,G,98,C
MEG_3885|Metals|Mercury_resistance|Mercury_resistance_regulator|MERR1,T,121,G
MEG_3885|Metals|Mercury_resistance|Mercury_resistance_regulator|MERR1,C,125,A
MEG_3885|Metals|Mercury_resistance|Mercury_resistance_regulator|MERR1,T,194,C
MEG_3885|Metals|Mercury_resistance|Mercury_resistance_regulator|MERR1,A,312,C
MEG_3885|Metals|Mercury_resistance|Mercury_resistance_regulator|MERR1,G,364,C
MEG_3885|Metals|Mercury_resistance|Mercury_resistance_regulator|MERR1,T,367,A
MEG_3885|Metals|Mercury_resistance|Mercury_resistance_regulator|MERR1,G,368,T
MEG_3885|Metals|Mercury_resistance|Mercury_resistance_regulator|MERR1,G,393,A
MEG_3880|Metals|Mercury_resistance|Mercury_resistance_regulator|MERR,G,16,A
MEG_3880|Metals|Mercury_resistance|Mercury_resistance_regulator|MERR,T,150,G
MEG_3880|Metals|Mercury_resistance|Mercury_resistance_regulator|MERR,G,357,T
MEG_3864|Metals|Mercury_resistance|Mercury_resistance_regulator|MERD,A,65,G
MEG_3864|Metals|Mercury_resistance|Mercury_resistance_regulator|MERD,A,93,T
MEG_3864|Metals|Mercury_resistance|Mercury_resistance_regulator|MERD,A,344,C
MEG_3840|Metals|Mercury_resistance|Mercury_resistance_protein|MERA,C,480,G
MEG_3840|Metals|Mercury_resistance|Mercury_resistance_protein|MERA,A,907,C
MEG_3865|Metals|Mercury_resistance|Mercury_resistance_regulator|MERD,C,13,G
MEG_3865|Metals|Mercury_resistance|Mercury_resistance_regulator|MERD,T,50,G
MEG_3865|Metals|Mercury_resistance|Mercury_resistance_regulator|MERD,C,176,G
MEG_3865|Metals|Mercury_resistance|Mercury_resistance_regulator|MERD,G,294,A
MEG_11228|Metals|Mercury_resistance|Mercury_resistance_protein|MERB,G,93,C
MEG_11228|Metals|Mercury_resistance|Mercury_resistance_protein|MERB,A,650,T
MEG_3872|Metals|Mercury_resistance|Mercury_resistance_protein|MERH,C,177,G
MEG_3872|Metals|Mercury_resistance|Mercury_resistance_protein|MERH,T,284,C
MEG_3872|Metals|Mercury_resistance|Mercury_resistance_protein|MERH,G,434,T
MEG_3859|Metals|Mercury_resistance|Mercury_resistance_protein|MERC,A,39,C
MEG_3859|Metals|Mercury_resistance|Mercury_resistance_protein|MERC,G,77,A
MEG_3859|Metals|Mercury_resistance|Mercury_resistance_protein|MERC,G,118,C
MEG_3859|Metals|Mercury_resistance|Mercury_resistance_protein|MERC,C,177,T
MEG_3859|Metals|Mercury_resistance|Mercury_resistance_protein|MERC,G,181,C
MEG_3859|Metals|Mercury_resistance|Mercury_resistance_protein|MERC,A,227,G
MEG_3859|Metals|Mercury_resistance|Mercury_resistance_protein|MERC,G,240,A
MEG_3859|Metals|Mercury_resistance|Mercury_resistance_protein|MERC,T,295,G
MEG_3859|Metals|Mercury_resistance|Mercury_resistance_protein|MERC,C,303,G
MEG_3859|Metals|Mercury_resistance|Mercury_resistance_protein|MERC,T,350,C
MEG_3877|Metals|Mercury_resistance|Mercury_resistance_protein|MERP,C,21,G
MEG_3877|Metals|Mercury_resistance|Mercury_resistance_protein|MERP,C,30,G
MEG_3877|Metals|Mercury_resistance|Mercury_resistance_protein|MERP,A,124,C
MEG_3877|Metals|Mercury_resistance|Mercury_resistance_protein|MERP,G,202,A
MEG_3843|Metals|Mercury_resistance|Mercury_resistance_protein|MERA,T,72,A
MEG_3843|Metals|Mercury_resistance|Mercury_resistance_protein|MERA,G,82,A
MEG_3843|Metals|Mercury_resistance|Mercury_resistance_protein|MERA,C,143,G
MEG_3843|Metals|Mercury_resistance|Mercury_resistance_protein|MERA,T,386,A
MEG_3843|Metals|Mercury_resistance|Mercury_resistance_protein|MERA,A,556,G
MEG_3843|Metals|Mercury_resistance|Mercury_resistance_protein|MERA,A,968,G
MEG_3843|Metals|Mercury_resistance|Mercury_resistance_protein|MERA,C,1036,T
MEG_3843|Metals|Mercury_resistance|Mercury_resistance_protein|MERA,A,1352,G
MEG_3871|Metals|Mercury_resistance|Mercury_resistance_protein|MERG,G,109,T
MEG_3871|Metals|Mercury_resistance|Mercury_resistance_protein|MERG,G,167,C
MEG_3871|Metals|Mercury_resistance|Mercury_resistance_protein|MERG,C,647,A
MEG_3853|Metals|Mercury_resistance|Mercury_resistance_protein|MERB,G,45,A
MEG_3853|Metals|Mercury_resistance|Mercury_resistance_protein|MERB,G,120,A
MEG_3853|Metals|Mercury_resistance|Mercury_resistance_protein|MERB,C,126,G
MEG_3853|Metals|Mercury_resistance|Mercury_resistance_protein|MERB,C,129,A
MEG_3853|Metals|Mercury_resistance|Mercury_resistance_protein|MERB,G,133,A
MEG_3853|Metals|Mercury_resistance|Mercury_resistance_protein|MERB,G,300,T
MEG_3853|Metals|Mercury_resistance|Mercury_resistance_protein|MERB,C,348,G
MEG_3853|Metals|Mercury_resistance|Mercury_resistance_protein|MERB,T,364,C
MEG_3853|Metals|Mercury_resistance|Mercury_resistance_protein|MERB,T,391,G
MEG_3853|Metals|Mercury_resistance|Mercury_resistance_protein|MERB,G,393,C
MEG_3892|Metals|Mercury_resistance|Mercury_resistance_protein|MERT,G,60,A
MEG_3892|Metals|Mercury_resistance|Mercury_resistance_protein|MERT,G,205,C
MEG_3892|Metals|Mercury_resistance|Mercury_resistance_protein|MERT,G,221,C
MEG_3892|Metals|Mercury_resistance|Mercury_resistance_protein|MERT,T,233,C
MEG_3892|Metals|Mercury_resistance|Mercury_resistance_protein|MERT,A,274,C
MEG_3892|Metals|Mercury_resistance|Mercury_resistance_protein|MERT,A,277,G
MEG_3892|Metals|Mercury_resistance|Mercury_resistance_protein|MERT,C,291,G
MEG_3892|Metals|Mercury_resistance|Mercury_resistance_protein|MERT,G,363,C
MEG_3892|Metals|Mercury_resistance|Mercury_resistance_protein|MERT,C,367,G
MEG_3892|Metals|Mercury_resistance|Mercury_resistance_protein|MERT,C,380,T
MEG_3893|Metals|Mercury_resistance|Mercury_resistance_protein|MERT,G,45,T
MEG_3893|Metals|Mercury_resistance|Mercury_resistance_protein|MERT,C,173,T
MEG_3893|Metals|Mercury_resistance|Mercury_resistance_protein|MERT,T,328,G
MEG_3897|Metals|Mercury_resistance|Mercury_resistance_protein|MERT,T,57,C
MEG_3897|Metals|Mercury_resistance|Mercury_resistance_protein|MERT,T,73,A
MEG_3897|Metals|Mercury_resistance|Mercury_resistance_protein|MERT,G,240,C
MEG_3886|Metals|Mercury_resistance|Mercury_resistance_regulator|MERR1,G,114,T
MEG_3886|Metals|Mercury_resistance|Mercury_resistance_regulator|MERR1,G,202,C
MEG_3867|Metals|Mercury_resistance|Mercury_resistance_protein|MERE,A,43,C
MEG_3867|Metals|Mercury_resistance|Mercury_resistance_protein|MERE,C,91,G
MEG_3867|Metals|Mercury_resistance|Mercury_resistance_protein|MERE,A,126,G
MEG_3857|Metals|Mercury_resistance|Mercury_resistance_protein|MERC,A,28,T
MEG_3857|Metals|Mercury_resistance|Mercury_resistance_protein|MERC,C,102,A
MEG_3857|Metals|Mercury_resistance|Mercury_resistance_protein|MERC,C,104,A
MEG_3857|Metals|Mercury_resistance|Mercury_resistance_protein|MERC,T,124,G
MEG_3857|Metals|Mercury_resistance|Mercury_resistance_protein|MERC,C,197,G
MEG_3857|Metals|Mercury_resistance|Mercury_resistance_protein|MERC,C,217,T
MEG_3857|Metals|Mercury_resistance|Mercury_resistance_protein|MERC,T,266,C
MEG_3857|Metals|Mercury_resistance|Mercury_resistance_protein|MERC,T,344,C
MEG_3857|Metals|Mercury_resistance|Mercury_resistance_protein|MERC,C,357,T
MEG_3857|Metals|Mercury_resistance|Mercury_resistance_protein|MERC,A,374,C
MEG_3854|Metals|Mercury_resistance|Mercury_resistance_protein|MERB,T,117,A
MEG_3854|Metals|Mercury_resistance|Mercury_resistance_protein|MERB,G,322,C
MEG_3854|Metals|Mercury_resistance|Mercury_resistance_protein|MERB,T,373,A
MEG_3854|Metals|Mercury_resistance|Mercury_resistance_protein|MERB,T,598,G
MEG_3854|Metals|Mercury_resistance|Mercury_resistance_protein|MERB,T,621,G
MEG_3862|Metals|Mercury_resistance|Mercury_resistance_regulator|MERD,G,249,C
MEG_3862|Metals|Mercury_resistance|Mercury_resistance_regulator|MERD,C,358,A
MEG_3861|Metals|Mercury_resistance|Mercury_resistance_regulator|MERD,G,204,T
MEG_3861|Metals|Mercury_resistance|Mercury_resistance_regulator|MERD,A,269,T
MEG_3861|Metals|Mercury_resistance|Mercury_resistance_regulator|MERD,T,282,A
MEG_3845|Metals|Mercury_resistance|Mercury_resistance_protein|MERA,C,506,T
MEG_3845|Metals|Mercury_resistance|Mercury_resistance_protein|MERA,G,513,C
MEG_3845|Metals|Mercury_resistance|Mercury_resistance_protein|MERA,A,748,T
MEG_3845|Metals|Mercury_resistance|Mercury_resistance_protein|MERA,T,1133,C
MEG_3876|Metals|Mercury_resistance|Mercury_resistance_protein|MERP,T,2,G
MEG_3876|Metals|Mercury_resistance|Mercury_resistance_protein|MERP,A,16,C
MEG_3876|Metals|Mercury_resistance|Mercury_resistance_protein|MERP,C,23,T
MEG_3876|Metals|Mercury_resistance|Mercury_resistance_protein|MERP,T,117,A
MEG_3876|Metals|Mercury_resistance|Mercury_resistance_protein|MERP,C,119,A
MEG_3876|Metals|Mercury_resistance|Mercury_resistance_protein|MERP,G,157,C
MEG_3876|Metals|Mercury_resistance|Mercury_resistance_protein|MERP,A,257,C
MEG_3876|Metals|Mercury_resistance|Mercury_resistance_protein|MERP,A,267,G
MEG_3876|Metals|Mercury_resistance|Mercury_resistance_protein|MERP,A,285,C
MEG_3882|Metals|Mercury_resistance|Mercury_resistance_regulator|MERR,G,236,A
MEG_3882|Metals|Mercury_resistance|Mercury_resistance_regulator|MERR,T,341,C
MEG_3869|Metals|Mercury_resistance|Mercury_resistance_protein|MERF,G,223,A
MEG_3896|Metals|Mercury_resistance|Mercury_resistance_protein|MERT,G,20,T
MEG_3896|Metals|Mercury_resistance|Mercury_resistance_protein|MERT,T,117,A
MEG_3896|Metals|Mercury_resistance|Mercury_resistance_protein|MERT,T,244,C
MEG_3896|Metals|Mercury_resistance|Mercury_resistance_protein|MERT,G,276,A
MEG_3896|Metals|Mercury_resistance|Mercury_resistance_protein|MERT,T,341,C
MEG_3874|Metals|Mercury_resistance|Mercury_resistance_protein|MERP,C,96,G
MEG_3874|Metals|Mercury_resistance|Mercury_resistance_protein|MERP,G,265,C
MEG_3868|Metals|Mercury_resistance|Mercury_resistance_protein|MERE,A,14,T
MEG_3868|Metals|Mercury_resistance|Mercury_resistance_protein|MERE,G,28,A
MEG_3868|Metals|Mercury_resistance|Mercury_resistance_protein|MERE,C,107,T
MEG_3868|Metals|Mercury_resistance|Mercury_resistance_protein|MERE,C,169,T
MEG_3868|Metals|Mercury_resistance|Mercury_resistance_protein|MERE,G,182,T
MEG_3839|Metals|Mercury_resistance|Mercury_resistance_protein|MERA,C,20,G
MEG_3839|Metals|Mercury_resistance|Mercury_resistance_protein|MERA,G,93,T
MEG_3839|Metals|Mercury_resistance|Mercury_resistance_protein|MERA,T,94,G
MEG_3839|Metals|Mercury_resistance|Mercury_resistance_protein|MERA,G,95,C
MEG_3839|Metals|Mercury_resistance|Mercury_resistance_protein|MERA,G,171,C
MEG_3839|Metals|Mercury_resistance|Mercury_resistance_protein|MERA,C,214,A
MEG_3839|Metals|Mercury_resistance|Mercury_resistance_protein|MERA,G,216,C
MEG_3870|Metals|Mercury_resistance|Mercury_resistance_protein|MERF,G,52,T
MEG_3870|Metals|Mercury_resistance|Mercury_resistance_protein|MERF,T,68,G
MEG_3870|Metals|Mercury_resistance|Mercury_resistance_protein|MERF,T,88,C
MEG_3870|Metals|Mercury_resistance|Mercury_resistance_protein|MERF,G,99,T
MEG_3870|Metals|Mercury_resistance|Mercury_resistance_protein|MERF,T,107,A
MEG_3870|Metals|Mercury_resistance|Mercury_resistance_protein|MERF,T,140,C
MEG_3870|Metals|Mercury_resistance|Mercury_resistance_protein|MERF,A,192,C
MEG_3870|Metals|Mercury_resistance|Mercury_resistance_protein|MERF,C,196,G
MEG_3841|Metals|Mercury_resistance|Mercury_resistance_protein|MERA,C,68,A
MEG_3841|Metals|Mercury_resistance|Mercury_resistance_protein|MERA,T,123,C
MEG_3841|Metals|Mercury_resistance|Mercury_resistance_protein|MERA,G,145,C
MEG_3841|Metals|Mercury_resistance|Mercury_resistance_protein|MERA,A,271,C
MEG_3841|Metals|Mercury_resistance|Mercury_resistance_protein|MERA,T,381,C
MEG_3841|Metals|Mercury_resistance|Mercury_resistance_protein|MERA,A,448,T
MEG_3841|Metals|Mercury_resistance|Mercury_resistance_protein|MERA,C,730,G
MEG_3841|Metals|Mercury_resistance|Mercury_resistance_protein|MERA,T,977,C
MEG_3841|Metals|Mercury_resistance|Mercury_resistance_protein|MERA,A,1243,T
MEG_3841|Metals|Mercury_resistance|Mercury_resistance_protein|MERA,A,1353,T
MEG_3881|Metals|Mercury_resistance|Mercury_resistance_regulator|MERR,C,26,T
MEG_3881|Metals|Mercury_resistance|Mercury_resistance_regulator|MERR,C,54,A
MEG_3881|Metals|Mercury_resistance|Mercury_resistance_regulator|MERR,A,68,C
MEG_3881|Metals|Mercury_resistance|Mercury_resistance_regulator|MERR,A,239,T
MEG_3881|Metals|Mercury_resistance|Mercury_resistance_regulator|MERR,C,258,A
MEG_3881|Metals|Mercury_resistance|Mercury_resistance_regulator|MERR,C,279,T
MEG_3881|Metals|Mercury_resistance|Mercury_resistance_regulator|MERR,G,282,A
MEG_3881|Metals|Mercury_resistance|Mercury_resistance_regulator|MERR,G,357,A
MEG_3849|Metals|Mercury_resistance|Mercury_resistance_protein|MERB,T,2,G
MEG_3849|Metals|Mercury_resistance|Mercury_resistance_protein|MERB,G,23,C
MEG_3849|Metals|Mercury_resistance|Mercury_resistance_protein|MERB,T,44,C
MEG_3849|Metals|Mercury_resistance|Mercury_resistance_protein|MERB,T,152,C
MEG_3849|Metals|Mercury_resistance|Mercury_resistance_protein|MERB,C,169,G
MEG_3849|Metals|Mercury_resistance|Mercury_resistance_protein|MERB,T,200,A
MEG_3849|Metals|Mercury_resistance|Mercury_resistance_protein|MERB,A,283,T
MEG_3849|Metals|Mercury_resistance|Mercury_resistance_protein|MERB,G,436,T
MEG_3849|Metals|Mercury_resistance|Mercury_resistance_protein|MERB,A,556,T
MEG_3873|Metals|Mercury_resistance|Mercury_resistance_protein|MERP,G,51,C
MEG_3873|Metals|Mercury_resistance|Mercury_resistance_protein|MERP,C,72,T
MEG_3873|Metals|Mercury_resistance|Mercury_resistance_protein|MERP,G,87,C
MEG_3873|Metals|Mercury_resistance|Mercury_resistance_protein|MERP,G,88,T
MEG_3873|Metals|Mercury_resistance|Mercury_resistance_protein|MERP,C,96,A
MEG_3873|Metals|Mercury_resistance|Mercury_resistance_protein|MERP,G,107,C
MEG_3873|Metals|Mercury_resistance|Mercury_resistance_protein|MERP,G,217,C
MEG_3873|Metals|Mercury_resistance|Mercury_resistance_protein|MERP,A,229,G
MEG_3873|Metals|Mercury_resistance|Mercury_resistance_protein|MERP,C,267,A
MEG_4178|Drugs|Metronidazole|nim_nitroimidazole_reductase|NIMA,A,54,G
MEG_4178|Drugs|Metronidazole|nim_nitroimidazole_reductase|NIMA,A,66,T
MEG_4178|Drugs|Metronidazole|nim_nitroimidazole_reductase|NIMA,C,92,T
MEG_4178|Drugs|Metronidazole|nim_nitroimidazole_reductase|NIMA,A,204,G
MEG_4178|Drugs|Metronidazole|nim_nitroimidazole_reductase|NIMA,A,268,G
MEG_4178|Drugs|Metronidazole|nim_nitroimidazole_reductase|NIMA,T,287,A
MEG_4178|Drugs|Metronidazole|nim_nitroimidazole_reductase|NIMA,G,297,T
MEG_4178|Drugs|Metronidazole|nim_nitroimidazole_reductase|NIMA,A,364,G
MEG_4179|Drugs|Metronidazole|nim_nitroimidazole_reductase|NIMA,C,69,G
MEG_4179|Drugs|Metronidazole|nim_nitroimidazole_reductase|NIMA,T,86,A
MEG_4179|Drugs|Metronidazole|nim_nitroimidazole_reductase|NIMA,C,126,A
MEG_4179|Drugs|Metronidazole|nim_nitroimidazole_reductase|NIMA,A,158,C
MEG_4179|Drugs|Metronidazole|nim_nitroimidazole_reductase|NIMA,G,190,A
MEG_4179|Drugs|Metronidazole|nim_nitroimidazole_reductase|NIMA,G,406,A
MEG_4179|Drugs|Metronidazole|nim_nitroimidazole_reductase|NIMA,T,501,C
MEG_4180|Drugs|Metronidazole|nim_nitroimidazole_reductase|NIMB,T,157,C
MEG_4180|Drugs|Metronidazole|nim_nitroimidazole_reductase|NIMB,A,455,T
MEG_4180|Drugs|Metronidazole|nim_nitroimidazole_reductase|NIMB,T,493,C
MEG_4181|Drugs|Metronidazole|nim_nitroimidazole_reductase|NIMC,A,23,G
MEG_4181|Drugs|Metronidazole|nim_nitroimidazole_reductase|NIMC,C,113,T
MEG_4181|Drugs|Metronidazole|nim_nitroimidazole_reductase|NIMC,A,140,C
MEG_4181|Drugs|Metronidazole|nim_nitroimidazole_reductase|NIMC,C,222,T
MEG_4181|Drugs|Metronidazole|nim_nitroimidazole_reductase|NIMC,G,275,A
MEG_4181|Drugs|Metronidazole|nim_nitroimidazole_reductase|NIMC,G,288,A
MEG_4181|Drugs|Metronidazole|nim_nitroimidazole_reductase|NIMC,T,378,A
MEG_4181|Drugs|Metronidazole|nim_nitroimidazole_reductase|NIMC,T,419,C
MEG_4182|Drugs|Metronidazole|nim_nitroimidazole_reductase|NIMD,A,66,G
MEG_4182|Drugs|Metronidazole|nim_nitroimidazole_reductase|NIMD,G,282,T
MEG_4182|Drugs|Metronidazole|nim_nitroimidazole_reductase|NIMD,T,360,G
MEG_4182|Drugs|Metronidazole|nim_nitroimidazole_reductase|NIMD,G,377,T
MEG_4182|Drugs|Metronidazole|nim_nitroimidazole_reductase|NIMD,T,392,G
MEG_4182|Drugs|Metronidazole|nim_nitroimidazole_reductase|NIMD,C,409,T
MEG_4182|Drugs|Metronidazole|nim_nitroimidazole_reductase|NIMD,G,414,C
MEG_4182|Drugs|Metronidazole|nim_nitroimidazole_reductase|NIMD,A,451,T
MEG_4182|Drugs|Metronidazole|nim_nitroimidazole_reductase|NIMD,C,466,T
MEG_4182|Drugs|Metronidazole|nim_nitroimidazole_reductase|NIMD,T,492,A
MEG_4183|Drugs|Metronidazole|nim_nitroimidazole_reductase|NIME,A,69,C
MEG_4183|Drugs|Metronidazole|nim_nitroimidazole_reductase|NIME,T,92,A
MEG_4183|Drugs|Metronidazole|nim_nitroimidazole_reductase|NIME,C,96,G
MEG_4183|Drugs|Metronidazole|nim_nitroimidazole_reductase|NIME,A,130,C
MEG_4183|Drugs|Metronidazole|nim_nitroimidazole_reductase|NIME,A,172,T
MEG_4183|Drugs|Metronidazole|nim_nitroimidazole_reductase|NIME,A,371,C
MEG_4183|Drugs|Metronidazole|nim_nitroimidazole_reductase|NIME,G,444,A
MEG_4183|Drugs|Metronidazole|nim_nitroimidazole_reductase|NIME,C,450,A
MEG_4183|Drugs|Metronidazole|nim_nitroimidazole_reductase|NIME,G,486,T
MEG_4183|Drugs|Metronidazole|nim_nitroimidazole_reductase|NIME,T,496,C
MEG_4184|Drugs|Metronidazole|nim_nitroimidazole_reductase|NIME,G,64,A
MEG_4184|Drugs|Metronidazole|nim_nitroimidazole_reductase|NIME,G,81,A
MEG_4184|Drugs|Metronidazole|nim_nitroimidazole_reductase|NIME,A,294,C
MEG_4184|Drugs|Metronidazole|nim_nitroimidazole_reductase|NIME,T,364,A
MEG_4185|Drugs|Metronidazole|nim_nitroimidazole_reductase|NIME,T,105,A
MEG_4185|Drugs|Metronidazole|nim_nitroimidazole_reductase|NIME,T,162,A
MEG_4185|Drugs|Metronidazole|nim_nitroimidazole_reductase|NIME,G,231,A
MEG_4185|Drugs|Metronidazole|nim_nitroimidazole_reductase|NIME,A,257,T
MEG_4185|Drugs|Metronidazole|nim_nitroimidazole_reductase|NIME,A,359,T
MEG_4185|Drugs|Metronidazole|nim_nitroimidazole_reductase|NIME,C,383,G
MEG_4185|Drugs|Metronidazole|nim_nitroimidazole_reductase|NIME,G,388,A
MEG_4185|Drugs|Metronidazole|nim_nitroimidazole_reductase|NIME,A,431,T
MEG_4185|Drugs|Metronidazole|nim_nitroimidazole_reductase|NIME,A,452,T
MEG_4186|Drugs|Metronidazole|nim_nitroimidazole_reductase|NIMF,A,7,C
MEG_4186|Drugs|Metronidazole|nim_nitroimidazole_reductase|NIMF,C,124,A
MEG_4186|Drugs|Metronidazole|nim_nitroimidazole_reductase|NIMF,G,208,C
MEG_4186|Drugs|Metronidazole|nim_nitroimidazole_reductase|NIMF,T,249,A
MEG_4186|Drugs|Metronidazole|nim_nitroimidazole_reductase|NIMF,A,295,G
MEG_4186|Drugs|Metronidazole|nim_nitroimidazole_reductase|NIMF,A,423,T
MEG_4186|Drugs|Metronidazole|nim_nitroimidazole_reductase|NIMF,T,426,G
MEG_4187|Drugs|Metronidazole|nim_nitroimidazole_reductase|NIMH,T,32,C
MEG_4187|Drugs|Metronidazole|nim_nitroimidazole_reductase|NIMH,C,198,G
MEG_4187|Drugs|Metronidazole|nim_nitroimidazole_reductase|NIMH,T,308,C
MEG_4187|Drugs|Metronidazole|nim_nitroimidazole_reductase|NIMH,A,399,G
MEG_4188|Drugs|Metronidazole|nim_nitroimidazole_reductase|NIMI,C,168,A
MEG_4188|Drugs|Metronidazole|nim_nitroimidazole_reductase|NIMI,G,170,A
MEG_4188|Drugs|Metronidazole|nim_nitroimidazole_reductase|NIMI,T,393,C
MEG_4188|Drugs|Metronidazole|nim_nitroimidazole_reductase|NIMI,C,482,T
MEG_4189|Drugs|Metronidazole|nim_nitroimidazole_reductase|NIMI,C,69,T
MEG_4189|Drugs|Metronidazole|nim_nitroimidazole_reductase|NIMI,T,137,G
MEG_4189|Drugs|Metronidazole|nim_nitroimidazole_reductase|NIMI,G,148,A
MEG_4189|Drugs|Metronidazole|nim_nitroimidazole_reductase|NIMI,C,338,T
MEG_4189|Drugs|Metronidazole|nim_nitroimidazole_reductase|NIMI,G,404,A
MEG_4190|Drugs|Metronidazole|nim_nitroimidazole_reductase|NIMI,G,99,C
MEG_4190|Drugs|Metronidazole|nim_nitroimidazole_reductase|NIMI,T,135,A
MEG_4190|Drugs|Metronidazole|nim_nitroimidazole_reductase|NIMI,C,194,A
MEG_4190|Drugs|Metronidazole|nim_nitroimidazole_reductase|NIMI,A,211,G
MEG_4190|Drugs|Metronidazole|nim_nitroimidazole_reductase|NIMI,T,289,G
MEG_4190|Drugs|Metronidazole|nim_nitroimidazole_reductase|NIMI,C,300,T
MEG_4190|Drugs|Metronidazole|nim_nitroimidazole_reductase|NIMI,G,330,T
MEG_4190|Drugs|Metronidazole|nim_nitroimidazole_reductase|NIMI,G,376,A
MEG_4190|Drugs|Metronidazole|nim_nitroimidazole_reductase|NIMI,A,403,T
MEG_4191|Drugs|Metronidazole|nim_nitroimidazole_reductase|NIMI,C,6,A
MEG_4191|Drugs|Metronidazole|nim_nitroimidazole_reductase|NIMI,G,75,T
MEG_4191|Drugs|Metronidazole|nim_nitroimidazole_reductase|NIMI,T,87,G
MEG_4191|Drugs|Metronidazole|nim_nitroimidazole_reductase|NIMI,C,108,A
MEG_4191|Drugs|Metronidazole|nim_nitroimidazole_reductase|NIMI,C,117,A
MEG_4191|Drugs|Metronidazole|nim_nitroimidazole_reductase|NIMI,A,146,C
MEG_4191|Drugs|Metronidazole|nim_nitroimidazole_reductase|NIMI,A,304,C
MEG_4191|Drugs|Metronidazole|nim_nitroimidazole_reductase|NIMI,A,312,G
MEG_4191|Drugs|Metronidazole|nim_nitroimidazole_reductase|NIMI,T,429,C
MEG_4192|Drugs|Metronidazole|nim_nitroimidazole_reductase|NIMI,C,85,G
MEG_4192|Drugs|Metronidazole|nim_nitroimidazole_reductase|NIMI,C,274,G
MEG_4192|Drugs|Metronidazole|nim_nitroimidazole_reductase|NIMI,A,392,T
MEG_4192|Drugs|Metronidazole|nim_nitroimidazole_reductase|NIMI,T,427,C
MEG_4193|Drugs|Metronidazole|nim_nitroimidazole_reductase|NIMI,T,188,A
MEG_4193|Drugs|Metronidazole|nim_nitroimidazole_reductase|NIMI,A,237,T
MEG_4193|Drugs|Metronidazole|nim_nitroimidazole_reductase|NIMI,G,350,T
MEG_4193|Drugs|Metronidazole|nim_nitroimidazole_reductase|NIMI,A,368,G
MEG_4193|Drugs|Metronidazole|nim_nitroimidazole_reductase|NIMI,C,412,A
MEG_4193|Drugs|Metronidazole|nim_nitroimidazole_reductase|NIMI,G,420,T
MEG_4194|Drugs|Metronidazole|nim_nitroimidazole_reductase|NIMJ,T,92,G
MEG_4194|Drugs|Metronidazole|nim_nitroimidazole_reductase|NIMJ,A,110,G
MEG_4194|Drugs|Metronidazole|nim_nitroimidazole_reductase|NIMJ,T,431,C
MEG_4194|Drugs|Metronidazole|nim_nitroimidazole_reductase|NIMJ,A,440,T
MEG_8662|Drugs|Metronidazole|rdxA_nitroimidazole_reductase|RDXA,T,38,C
MEG_8662|Drugs|Metronidazole|rdxA_nitroimidazole_reductase|RDXA,A,113,G
MEG_8662|Drugs|Metronidazole|rdxA_nitroimidazole_reductase|RDXA,A,143,T
MEG_8662|Drugs|Metronidazole|rdxA_nitroimidazole_reductase|RDXA,A,519,G
MEG_8271|Drugs|Metronidazole|nim_nitroimidazole_reductase|NIMG,G,99,C
MEG_8271|Drugs|Metronidazole|nim_nitroimidazole_reductase|NIMG,A,196,T
MEG_8271|Drugs|Metronidazole|nim_nitroimidazole_reductase|NIMG,G,203,C
MEG_8271|Drugs|Metronidazole|nim_nitroimidazole_reductase|NIMG,C,225,G
MEG_8271|Drugs|Metronidazole|nim_nitroimidazole_reductase|NIMG,A,345,C
MEG_8271|Drugs|Metronidazole|nim_nitroimidazole_reductase|NIMG,G,400,A
MEG_8271|Drugs|Metronidazole|nim_nitroimidazole_reductase|NIMG,T,487,C
MEG_8271|Drugs|Metronidazole|nim_nitroimidazole_reductase|NIMG,G,488,T
MEG_8272|Drugs|Metronidazole|nim_nitroimidazole_reductase|NIMK,A,209,C
MEG_8272|Drugs|Metronidazole|nim_nitroimidazole_reductase|NIMK,T,360,A
MEG_8272|Drugs|Metronidazole|nim_nitroimidazole_reductase|NIMK,A,504,C
MEG_9965|Drugs|Metronidazole|nim_nitroimidazole_reductase|NIMH,T,29,G
MEG_9965|Drugs|Metronidazole|nim_nitroimidazole_reductase|NIMH,A,245,C
MEG_9965|Drugs|Metronidazole|nim_nitroimidazole_reductase|NIMH,G,315,C
MEG_9965|Drugs|Metronidazole|nim_nitroimidazole_reductase|NIMH,T,330,G
MEG_9982|Drugs|Metronidazole|nim_nitroimidazole_reductase|NIMB,G,29,T
MEG_9982|Drugs|Metronidazole|nim_nitroimidazole_reductase|NIMB,A,241,T
MEG_9982|Drugs|Metronidazole|nim_nitroimidazole_reductase|NIMB,G,253,A
MEG_11494|Drugs|Metronidazole|nim_nitroimidazole_reductase|NIMI,T,2,G
MEG_11494|Drugs|Metronidazole|nim_nitroimidazole_reductase|NIMI,C,307,A
MEG_11495|Drugs|Metronidazole|nim_nitroimidazole_reductase|NIMI,C,28,G
MEG_11496|Drugs|Metronidazole|nim_nitroimidazole_reductase|NIMI,A,1,C
MEG_11496|Drugs|Metronidazole|nim_nitroimidazole_reductase|NIMI,G,80,C
MEG_11496|Drugs|Metronidazole|nim_nitroimidazole_reductase|NIMI,A,176,C
MEG_11496|Drugs|Metronidazole|nim_nitroimidazole_reductase|NIMI,G,178,A
MEG_11496|Drugs|Metronidazole|nim_nitroimidazole_reductase|NIMI,T,290,C
MEG_11496|Drugs|Metronidazole|nim_nitroimidazole_reductase|NIMI,A,298,C
MEG_11496|Drugs|Metronidazole|nim_nitroimidazole_reductase|NIMI,C,300,A
MEG_11496|Drugs|Metronidazole|nim_nitroimidazole_reductase|NIMI,G,345,C
MEG_11496|Drugs|Metronidazole|nim_nitroimidazole_reductase|NIMI,T,429,C
MEG_11497|Drugs|Metronidazole|nim_nitroimidazole_reductase|NIMI,T,14,A
MEG_11497|Drugs|Metronidazole|nim_nitroimidazole_reductase|NIMI,C,74,G
MEG_11497|Drugs|Metronidazole|nim_nitroimidazole_reductase|NIMI,C,273,T
MEG_11497|Drugs|Metronidazole|nim_nitroimidazole_reductase|NIMI,G,321,T
MEG_11497|Drugs|Metronidazole|nim_nitroimidazole_reductase|NIMI,G,391,C
MEG_11497|Drugs|Metronidazole|nim_nitroimidazole_reductase|NIMI,G,447,A
MEG_11497|Drugs|Metronidazole|nim_nitroimidazole_reductase|NIMI,G,477,T
MEG_11498|Drugs|Metronidazole|nim_nitroimidazole_reductase|NIMI,A,32,G
MEG_11498|Drugs|Metronidazole|nim_nitroimidazole_reductase|NIMI,C,51,G
MEG_11498|Drugs|Metronidazole|nim_nitroimidazole_reductase|NIMI,T,135,A
MEG_11498|Drugs|Metronidazole|nim_nitroimidazole_reductase|NIMI,C,162,G
MEG_11498|Drugs|Metronidazole|nim_nitroimidazole_reductase|NIMI,A,265,C
MEG_11498|Drugs|Metronidazole|nim_nitroimidazole_reductase|NIMI,G,333,A
MEG_11498|Drugs|Metronidazole|nim_nitroimidazole_reductase|NIMI,A,392,T
MEG_11498|Drugs|Metronidazole|nim_nitroimidazole_reductase|NIMI,A,393,G
MEG_11498|Drugs|Metronidazole|nim_nitroimidazole_reductase|NIMI,A,436,T
MEG_11498|Drugs|Metronidazole|nim_nitroimidazole_reductase|NIMI,C,453,A
MEG_11499|Drugs|Metronidazole|nim_nitroimidazole_reductase|NIME,G,18,C
MEG_11499|Drugs|Metronidazole|nim_nitroimidazole_reductase|NIME,C,240,G
MEG_11499|Drugs|Metronidazole|nim_nitroimidazole_reductase|NIME,G,280,C
MEG_11499|Drugs|Metronidazole|nim_nitroimidazole_reductase|NIME,T,287,G
MEG_11499|Drugs|Metronidazole|nim_nitroimidazole_reductase|NIME,A,331,T
MEG_11500|Drugs|Metronidazole|nim_nitroimidazole_reductase|NIMH,A,12,T
MEG_11500|Drugs|Metronidazole|nim_nitroimidazole_reductase|NIMH,G,17,C
MEG_11500|Drugs|Metronidazole|nim_nitroimidazole_reductase|NIMH,G,69,A
MEG_11500|Drugs|Metronidazole|nim_nitroimidazole_reductase|NIMH,C,102,A
MEG_11500|Drugs|Metronidazole|nim_nitroimidazole_reductase|NIMH,T,243,A
MEG_11500|Drugs|Metronidazole|nim_nitroimidazole_reductase|NIMH,T,392,G
MEG_11500|Drugs|Metronidazole|nim_nitroimidazole_reductase|NIMH,T,411,A
MEG_11500|Drugs|Metronidazole|nim_nitroimidazole_reductase|NIMH,G,485,A
MEG_11500|Drugs|Metronidazole|nim_nitroimidazole_reductase|NIMH,T,489,A
MEG_11505|Drugs|Metronidazole|nim_nitroimidazole_reductase|NIMF,C,202,G
MEG_4203|Biocides|Paraquat_resistance|Paraquat_resistance_protein|NMPC,A,72,T
MEG_4203|Biocides|Paraquat_resistance|Paraquat_resistance_protein|NMPC,T,95,C
MEG_4203|Biocides|Paraquat_resistance|Paraquat_resistance_protein|NMPC,A,197,G
MEG_4203|Biocides|Paraquat_resistance|Paraquat_resistance_protein|NMPC,T,258,A
MEG_4203|Biocides|Paraquat_resistance|Paraquat_resistance_protein|NMPC,A,278,T
MEG_4203|Biocides|Paraquat_resistance|Paraquat_resistance_protein|NMPC,C,329,G
MEG_4204|Biocides|Paraquat_resistance|Paraquat_resistance_protein|NMPC,A,648,G
MEG_7817|Biocides|Paraquat_resistance|Paraquat_efflux_pump|YDDG,A,227,C
MEG_7817|Biocides|Paraquat_resistance|Paraquat_efflux_pump|YDDG,G,397,C
MEG_7817|Biocides|Paraquat_resistance|Paraquat_efflux_pump|YDDG,A,526,C
MEG_7817|Biocides|Paraquat_resistance|Paraquat_efflux_pump|YDDG,C,582,A
MEG_7817|Biocides|Paraquat_resistance|Paraquat_efflux_pump|YDDG,T,745,A
MEG_4214|Drugs|Aminocoumarins|Aminocoumarin_efflux_pump|NOVA,A,26,G
MEG_4214|Drugs|Aminocoumarins|Aminocoumarin_efflux_pump|NOVA,G,112,C
MEG_4214|Drugs|Aminocoumarins|Aminocoumarin_efflux_pump|NOVA,G,645,C
MEG_4214|Drugs|Aminocoumarins|Aminocoumarin_efflux_pump|NOVA,C,899,A
MEG_5396|Drugs|Aminocoumarins|Aminocoumarin-resistant_DNA_topoisomerases|PARY,A,223,C
MEG_5396|Drugs|Aminocoumarins|Aminocoumarin-resistant_DNA_topoisomerases|PARY,T,428,G
MEG_5396|Drugs|Aminocoumarins|Aminocoumarin-resistant_DNA_topoisomerases|PARY,T,719,A
MEG_5396|Drugs|Aminocoumarins|Aminocoumarin-resistant_DNA_topoisomerases|PARY,G,1071,A
MEG_5396|Drugs|Aminocoumarins|Aminocoumarin-resistant_DNA_topoisomerases|PARY,C,1212,A
MEG_5396|Drugs|Aminocoumarins|Aminocoumarin-resistant_DNA_topoisomerases|PARY,C,2069,A
MEG_4222|Drugs|Thiopeptides|Thiostrepton_23S_rRNA_methyltransferases|NSHR,G,105,A
MEG_4222|Drugs|Thiopeptides|Thiostrepton_23S_rRNA_methyltransferases|NSHR,G,142,T
MEG_4222|Drugs|Thiopeptides|Thiostrepton_23S_rRNA_methyltransferases|NSHR,G,199,C
MEG_4222|Drugs|Thiopeptides|Thiostrepton_23S_rRNA_methyltransferases|NSHR,C,294,T
MEG_4222|Drugs|Thiopeptides|Thiostrepton_23S_rRNA_methyltransferases|NSHR,C,308,A
MEG_4222|Drugs|Thiopeptides|Thiostrepton_23S_rRNA_methyltransferases|NSHR,A,331,T
MEG_4222|Drugs|Thiopeptides|Thiostrepton_23S_rRNA_methyltransferases|NSHR,T,419,G
MEG_4222|Drugs|Thiopeptides|Thiostrepton_23S_rRNA_methyltransferases|NSHR,C,459,A
MEG_4222|Drugs|Thiopeptides|Thiostrepton_23S_rRNA_methyltransferases|NSHR,T,524,C
MEG_4222|Drugs|Thiopeptides|Thiostrepton_23S_rRNA_methyltransferases|NSHR,C,798,G
MEG_7285|Drugs|Thiopeptides|Thiostrepton_23S_rRNA_methyltransferases|TSNR,C,33,T
MEG_7285|Drugs|Thiopeptides|Thiostrepton_23S_rRNA_methyltransferases|TSNR,G,646,C
MEG_7008|Drugs|Tetracyclines|Tetracycline_resistance_MFS_efflux_pumps|TET55,A,135,G
MEG_7008|Drugs|Tetracyclines|Tetracycline_resistance_MFS_efflux_pumps|TET55,A,300,T
MEG_7008|Drugs|Tetracyclines|Tetracycline_resistance_MFS_efflux_pumps|TET55,C,350,A
MEG_7008|Drugs|Tetracyclines|Tetracycline_resistance_MFS_efflux_pumps|TET55,C,377,A
MEG_7008|Drugs|Tetracyclines|Tetracycline_resistance_MFS_efflux_pumps|TET55,T,617,C
MEG_7008|Drugs|Tetracyclines|Tetracycline_resistance_MFS_efflux_pumps|TET55,T,645,A
MEG_7008|Drugs|Tetracyclines|Tetracycline_resistance_MFS_efflux_pumps|TET55,A,727,T
MEG_7008|Drugs|Tetracyclines|Tetracycline_resistance_MFS_efflux_pumps|TET55,A,824,G
MEG_7151|Drugs|Tetracyclines|Tetracycline_resistance_ribosomal_protection_proteins|TETO,G,318,C
MEG_7228|Drugs|Tetracyclines|Tetracycline_resistance_ribosomal_protection_proteins|TETW,T,17,A
MEG_7228|Drugs|Tetracyclines|Tetracycline_resistance_ribosomal_protection_proteins|TETW,C,740,A
MEG_7228|Drugs|Tetracyclines|Tetracycline_resistance_ribosomal_protection_proteins|TETW,G,864,A
MEG_7228|Drugs|Tetracyclines|Tetracycline_resistance_ribosomal_protection_proteins|TETW,A,978,C
MEG_7228|Drugs|Tetracyclines|Tetracycline_resistance_ribosomal_protection_proteins|TETW,A,996,G
MEG_7228|Drugs|Tetracyclines|Tetracycline_resistance_ribosomal_protection_proteins|TETW,T,1170,G
MEG_7228|Drugs|Tetracyclines|Tetracycline_resistance_ribosomal_protection_proteins|TETW,A,1851,C
MEG_7228|Drugs|Tetracyclines|Tetracycline_resistance_ribosomal_protection_proteins|TETW,G,1865,T
MEG_6975|Drugs|Tetracyclines|Tetracycline_resistance_MFS_efflux_pumps|TET33,T,128,C
MEG_6975|Drugs|Tetracyclines|Tetracycline_resistance_MFS_efflux_pumps|TET33,C,223,A
MEG_6975|Drugs|Tetracyclines|Tetracycline_resistance_MFS_efflux_pumps|TET33,A,243,G
MEG_6975|Drugs|Tetracyclines|Tetracycline_resistance_MFS_efflux_pumps|TET33,T,324,C
MEG_6975|Drugs|Tetracyclines|Tetracycline_resistance_MFS_efflux_pumps|TET33,C,477,G
MEG_6975|Drugs|Tetracyclines|Tetracycline_resistance_MFS_efflux_pumps|TET33,A,702,C
MEG_6975|Drugs|Tetracyclines|Tetracycline_resistance_MFS_efflux_pumps|TET33,G,767,T
MEG_6975|Drugs|Tetracyclines|Tetracycline_resistance_MFS_efflux_pumps|TET33,G,837,T
MEG_6975|Drugs|Tetracyclines|Tetracycline_resistance_MFS_efflux_pumps|TET33,C,963,A
MEG_6975|Drugs|Tetracyclines|Tetracycline_resistance_MFS_efflux_pumps|TET33,G,1234,C
MEG_7103|Drugs|Tetracyclines|Tetracycline_resistance_ribosomal_protection_proteins|TETM,A,103,G
MEG_7103|Drugs|Tetracyclines|Tetracycline_resistance_ribosomal_protection_proteins|TETM,T,327,C
MEG_7103|Drugs|Tetracyclines|Tetracycline_resistance_ribosomal_protection_proteins|TETM,G,610,A
MEG_7103|Drugs|Tetracyclines|Tetracycline_resistance_ribosomal_protection_proteins|TETM,A,1038,G
MEG_7103|Drugs|Tetracyclines|Tetracycline_resistance_ribosomal_protection_proteins|TETM,T,1709,C
MEG_7103|Drugs|Tetracyclines|Tetracycline_resistance_ribosomal_protection_proteins|TETM,A,1732,G
MEG_7103|Drugs|Tetracyclines|Tetracycline_resistance_ribosomal_protection_proteins|TETM,G,1843,A
MEG_7050|Drugs|Tetracyclines|Tetracycline_resistance_MFS_efflux_pumps|TETB,G,1096,T
MEG_7180|Drugs|Tetracyclines|Tetracycline_resistance_ribosomal_protection_proteins|TETQ,A,58,G
MEG_7180|Drugs|Tetracyclines|Tetracycline_resistance_ribosomal_protection_proteins|TETQ,T,537,C
MEG_7180|Drugs|Tetracyclines|Tetracycline_resistance_ribosomal_protection_proteins|TETQ,A,773,G
MEG_7180|Drugs|Tetracyclines|Tetracycline_resistance_ribosomal_protection_proteins|TETQ,G,991,C
MEG_7180|Drugs|Tetracyclines|Tetracycline_resistance_ribosomal_protection_proteins|TETQ,A,1013,C
MEG_7180|Drugs|Tetracyclines|Tetracycline_resistance_ribosomal_protection_proteins|TETQ,G,1191,C
MEG_7180|Drugs|Tetracyclines|Tetracycline_resistance_ribosomal_protection_proteins|TETQ,A,1537,C
MEG_7180|Drugs|Tetracyclines|Tetracycline_resistance_ribosomal_protection_proteins|TETQ,A,1681,T
MEG_7180|Drugs|Tetracyclines|Tetracycline_resistance_ribosomal_protection_proteins|TETQ,T,1789,A
MEG_7095|Drugs|Tetracyclines|Tetracycline_resistance_MFS_efflux_pumps|TETL,T,495,G
MEG_7095|Drugs|Tetracyclines|Tetracycline_resistance_MFS_efflux_pumps|TETL,C,553,A
MEG_7095|Drugs|Tetracyclines|Tetracycline_resistance_MFS_efflux_pumps|TETL,T,617,G
MEG_7095|Drugs|Tetracyclines|Tetracycline_resistance_MFS_efflux_pumps|TETL,A,799,G
MEG_7095|Drugs|Tetracyclines|Tetracycline_resistance_MFS_efflux_pumps|TETL,T,899,C
MEG_7095|Drugs|Tetracyclines|Tetracycline_resistance_MFS_efflux_pumps|TETL,G,1153,C
MEG_7095|Drugs|Tetracyclines|Tetracycline_resistance_MFS_efflux_pumps|TETL,A,1350,T
MEG_7143|Drugs|Tetracyclines|Tetracycline_resistance_ribosomal_protection_proteins|TETM,A,165,T
MEG_7143|Drugs|Tetracyclines|Tetracycline_resistance_ribosomal_protection_proteins|TETM,T,296,C
MEG_7143|Drugs|Tetracyclines|Tetracycline_resistance_ribosomal_protection_proteins|TETM,A,395,C
MEG_7143|Drugs|Tetracyclines|Tetracycline_resistance_ribosomal_protection_proteins|TETM,A,1277,T
MEG_7143|Drugs|Tetracyclines|Tetracycline_resistance_ribosomal_protection_proteins|TETM,A,1601,C
MEG_7143|Drugs|Tetracyclines|Tetracycline_resistance_ribosomal_protection_proteins|TETM,T,1765,C
MEG_7143|Drugs|Tetracyclines|Tetracycline_resistance_ribosomal_protection_proteins|TETM,C,1798,T
MEG_7143|Drugs|Tetracyclines|Tetracycline_resistance_ribosomal_protection_proteins|TETM,T,1828,A
MEG_7123|Drugs|Tetracyclines|Tetracycline_resistance_ribosomal_protection_proteins|TETM,T,279,C
MEG_7123|Drugs|Tetracyclines|Tetracycline_resistance_ribosomal_protection_proteins|TETM,C,740,T
MEG_7123|Drugs|Tetracyclines|Tetracycline_resistance_ribosomal_protection_proteins|TETM,T,1335,G
MEG_7123|Drugs|Tetracyclines|Tetracycline_resistance_ribosomal_protection_proteins|TETM,T,1787,A
MEG_7073|Drugs|Tetracyclines|Tetracycline_resistance_MFS_efflux_pumps|TETE,A,386,T
MEG_11510|Drugs|Tetracyclines|Tetracycline_resistance_ribosomal_protection_proteins|TETO,A,276,T
MEG_11510|Drugs|Tetracyclines|Tetracycline_resistance_ribosomal_protection_proteins|TETO,G,577,T
MEG_11510|Drugs|Tetracyclines|Tetracycline_resistance_ribosomal_protection_proteins|TETO,T,1323,G
MEG_11510|Drugs|Tetracyclines|Tetracycline_resistance_ribosomal_protection_proteins|TETO,G,1796,A
MEG_7101|Drugs|Tetracyclines|Tetracycline_resistance_MFS_efflux_pumps|TETL,A,416,G
MEG_7101|Drugs|Tetracyclines|Tetracycline_resistance_MFS_efflux_pumps|TETL,A,439,T
MEG_7115|Drugs|Tetracyclines|Tetracycline_resistance_ribosomal_protection_proteins|TETM,A,84,C
MEG_7115|Drugs|Tetracyclines|Tetracycline_resistance_ribosomal_protection_proteins|TETM,A,470,G
MEG_7115|Drugs|Tetracyclines|Tetracycline_resistance_ribosomal_protection_proteins|TETM,A,1432,G
MEG_7115|Drugs|Tetracyclines|Tetracycline_resistance_ribosomal_protection_proteins|TETM,G,1486,C
MEG_7115|Drugs|Tetracyclines|Tetracycline_resistance_ribosomal_protection_proteins|TETM,G,1852,T
MEG_7115|Drugs|Tetracyclines|Tetracycline_resistance_ribosomal_protection_proteins|TETM,C,1905,A
MEG_7174|Drugs|Tetracyclines|Tetracycline_resistance_ribosomal_protection_proteins|TETO,C,59,G
MEG_7174|Drugs|Tetracyclines|Tetracycline_resistance_ribosomal_protection_proteins|TETO,C,258,G
MEG_7174|Drugs|Tetracyclines|Tetracycline_resistance_ribosomal_protection_proteins|TETO,C,1273,A
MEG_6998|Drugs|Tetracyclines|Tetracycline_resistance_ribosomal_protection_proteins|TET44,G,224,A
MEG_6998|Drugs|Tetracyclines|Tetracycline_resistance_ribosomal_protection_proteins|TET44,T,247,G
MEG_6998|Drugs|Tetracyclines|Tetracycline_resistance_ribosomal_protection_proteins|TET44,G,896,T
MEG_6998|Drugs|Tetracyclines|Tetracycline_resistance_ribosomal_protection_proteins|TET44,C,1120,A
MEG_6998|Drugs|Tetracyclines|Tetracycline_resistance_ribosomal_protection_proteins|TET44,T,1177,A
MEG_6998|Drugs|Tetracyclines|Tetracycline_resistance_ribosomal_protection_proteins|TET44,G,1244,C
MEG_6998|Drugs|Tetracyclines|Tetracycline_resistance_ribosomal_protection_proteins|TET44,C,1302,T
MEG_6998|Drugs|Tetracyclines|Tetracycline_resistance_ribosomal_protection_proteins|TET44,G,1482,C
MEG_6998|Drugs|Tetracyclines|Tetracycline_resistance_ribosomal_protection_proteins|TET44,T,1502,A
MEG_4381|Drugs|Tetracyclines|Tetracycline_resistance_MFS_efflux_pumps|OTRB,C,32,A
MEG_7002|Drugs|Tetracyclines|Tetracycline_resistance_MFS_efflux_pumps|TET49,A,190,C
MEG_7002|Drugs|Tetracyclines|Tetracycline_resistance_MFS_efflux_pumps|TET49,C,239,A
MEG_7002|Drugs|Tetracyclines|Tetracycline_resistance_MFS_efflux_pumps|TET49,G,412,C
MEG_7002|Drugs|Tetracyclines|Tetracycline_resistance_MFS_efflux_pumps|TET49,T,550,C
MEG_7002|Drugs|Tetracyclines|Tetracycline_resistance_MFS_efflux_pumps|TET49,G,665,C
MEG_7002|Drugs|Tetracyclines|Tetracycline_resistance_MFS_efflux_pumps|TET49,T,669,G
MEG_7002|Drugs|Tetracyclines|Tetracycline_resistance_MFS_efflux_pumps|TET49,T,737,G
MEG_7002|Drugs|Tetracyclines|Tetracycline_resistance_MFS_efflux_pumps|TET49,G,940,C
MEG_7002|Drugs|Tetracyclines|Tetracycline_resistance_MFS_efflux_pumps|TET49,A,1054,T
MEG_7105|Drugs|Tetracyclines|Tetracycline_resistance_ribosomal_protection_proteins|TETM,T,739,A
MEG_7105|Drugs|Tetracyclines|Tetracycline_resistance_ribosomal_protection_proteins|TETM,G,757,C
MEG_7105|Drugs|Tetracyclines|Tetracycline_resistance_ribosomal_protection_proteins|TETM,A,1125,G
MEG_7105|Drugs|Tetracyclines|Tetracycline_resistance_ribosomal_protection_proteins|TETM,T,1913,C
MEG_7022|Drugs|Tetracyclines|Tetracycline_resistance_MFS_efflux_pumps|TETA,G,181,A
MEG_7022|Drugs|Tetracyclines|Tetracycline_resistance_MFS_efflux_pumps|TETA,G,363,C
MEG_7022|Drugs|Tetracyclines|Tetracycline_resistance_MFS_efflux_pumps|TETA,C,411,G
MEG_7022|Drugs|Tetracyclines|Tetracycline_resistance_MFS_efflux_pumps|TETA,C,534,A
MEG_7022|Drugs|Tetracyclines|Tetracycline_resistance_MFS_efflux_pumps|TETA,G,592,T
MEG_7022|Drugs|Tetracyclines|Tetracycline_resistance_MFS_efflux_pumps|TETA,C,644,T
MEG_7022|Drugs|Tetracyclines|Tetracycline_resistance_MFS_efflux_pumps|TETA,G,888,A
MEG_7022|Drugs|Tetracyclines|Tetracycline_resistance_MFS_efflux_pumps|TETA,C,1061,A
MEG_7022|Drugs|Tetracyclines|Tetracycline_resistance_MFS_efflux_pumps|TETA,T,1228,C
MEG_7022|Drugs|Tetracyclines|Tetracycline_resistance_MFS_efflux_pumps|TETA,A,1586,C
MEG_7227|Drugs|Tetracyclines|Tetracycline_resistance_ribosomal_protection_proteins|TETW,G,157,C
MEG_7227|Drugs|Tetracyclines|Tetracycline_resistance_ribosomal_protection_proteins|TETW,G,659,C
MEG_7227|Drugs|Tetracyclines|Tetracycline_resistance_ribosomal_protection_proteins|TETW,T,760,A
MEG_7227|Drugs|Tetracyclines|Tetracycline_resistance_ribosomal_protection_proteins|TETW,A,878,C
MEG_7227|Drugs|Tetracyclines|Tetracycline_resistance_ribosomal_protection_proteins|TETW,A,1766,G
MEG_7157|Drugs|Tetracyclines|Tetracycline_resistance_ribosomal_protection_proteins|TETO,C,704,T
MEG_7157|Drugs|Tetracyclines|Tetracycline_resistance_ribosomal_protection_proteins|TETO,T,1262,G
MEG_7129|Drugs|Tetracyclines|Tetracycline_resistance_ribosomal_protection_proteins|TETM,A,305,C
MEG_7129|Drugs|Tetracyclines|Tetracycline_resistance_ribosomal_protection_proteins|TETM,G,785,C
MEG_6987|Drugs|Tetracyclines|Tetracycline_resistance_MFS_efflux_pumps|TET39,G,104,C
MEG_6987|Drugs|Tetracyclines|Tetracycline_resistance_MFS_efflux_pumps|TET39,C,431,G
MEG_6987|Drugs|Tetracyclines|Tetracycline_resistance_MFS_efflux_pumps|TET39,T,447,G
MEG_6987|Drugs|Tetracyclines|Tetracycline_resistance_MFS_efflux_pumps|TET39,T,610,G
MEG_6987|Drugs|Tetracyclines|Tetracycline_resistance_MFS_efflux_pumps|TET39,C,779,T
MEG_6987|Drugs|Tetracyclines|Tetracycline_resistance_MFS_efflux_pumps|TET39,A,809,C
MEG_6987|Drugs|Tetracyclines|Tetracycline_resistance_MFS_efflux_pumps|TET39,T,864,G
MEG_6987|Drugs|Tetracyclines|Tetracycline_resistance_MFS_efflux_pumps|TET39,A,956,C
MEG_6987|Drugs|Tetracyclines|Tetracycline_resistance_MFS_efflux_pumps|TET39,A,1157,C
MEG_7144|Drugs|Tetracyclines|Tetracycline_resistance_ribosomal_protection_proteins|TETM,A,223,G
MEG_7144|Drugs|Tetracyclines|Tetracycline_resistance_ribosomal_protection_proteins|TETM,G,609,C
MEG_7144|Drugs|Tetracyclines|Tetracycline_resistance_ribosomal_protection_proteins|TETM,T,792,C
MEG_7144|Drugs|Tetracyclines|Tetracycline_resistance_ribosomal_protection_proteins|TETM,T,1169,C
MEG_7144|Drugs|Tetracyclines|Tetracycline_resistance_ribosomal_protection_proteins|TETM,G,1326,C
MEG_7144|Drugs|Tetracyclines|Tetracycline_resistance_ribosomal_protection_proteins|TETM,C,1748,G
MEG_7093|Drugs|Tetracyclines|Tetracycline_resistance_MFS_efflux_pumps|TETL,A,61,G
MEG_7093|Drugs|Tetracyclines|Tetracycline_resistance_MFS_efflux_pumps|TETL,A,486,T
MEG_7093|Drugs|Tetracyclines|Tetracycline_resistance_MFS_efflux_pumps|TETL,T,800,A
MEG_7093|Drugs|Tetracyclines|Tetracycline_resistance_MFS_efflux_pumps|TETL,A,1039,C
MEG_7093|Drugs|Tetracyclines|Tetracycline_resistance_MFS_efflux_pumps|TETL,C,1231,A
MEG_7093|Drugs|Tetracyclines|Tetracycline_resistance_MFS_efflux_pumps|TETL,A,1246,C
MEG_7093|Drugs|Tetracyclines|Tetracycline_resistance_MFS_efflux_pumps|TETL,G,1312,A
MEG_7093|Drugs|Tetracyclines|Tetracycline_resistance_MFS_efflux_pumps|TETL,A,1365,C
MEG_7030|Drugs|Tetracyclines|Tetracycline_resistance_MFS_efflux_pumps|TETA,A,20,G
MEG_7030|Drugs|Tetracyclines|Tetracycline_resistance_MFS_efflux_pumps|TETA,T,118,C
MEG_7030|Drugs|Tetracyclines|Tetracycline_resistance_MFS_efflux_pumps|TETA,A,138,T
MEG_7030|Drugs|Tetracyclines|Tetracycline_resistance_MFS_efflux_pumps|TETA,T,158,G
MEG_7030|Drugs|Tetracyclines|Tetracycline_resistance_MFS_efflux_pumps|TETA,T,202,C
MEG_7030|Drugs|Tetracyclines|Tetracycline_resistance_MFS_efflux_pumps|TETA,T,314,C
MEG_7030|Drugs|Tetracyclines|Tetracycline_resistance_MFS_efflux_pumps|TETA,G,510,C
MEG_7030|Drugs|Tetracyclines|Tetracycline_resistance_MFS_efflux_pumps|TETA,T,547,C
MEG_7030|Drugs|Tetracyclines|Tetracycline_resistance_MFS_efflux_pumps|TETA,T,626,G
MEG_7030|Drugs|Tetracyclines|Tetracycline_resistance_MFS_efflux_pumps|TETA,G,668,A
MEG_7213|Drugs|Tetracyclines|Tetracycline_resistance_ribosomal_protection_proteins|TETW,A,407,C
MEG_7213|Drugs|Tetracyclines|Tetracycline_resistance_ribosomal_protection_proteins|TETW,G,677,C
MEG_7213|Drugs|Tetracyclines|Tetracycline_resistance_ribosomal_protection_proteins|TETW,C,718,A
MEG_7213|Drugs|Tetracyclines|Tetracycline_resistance_ribosomal_protection_proteins|TETW,G,737,C
MEG_7213|Drugs|Tetracyclines|Tetracycline_resistance_ribosomal_protection_proteins|TETW,G,742,A
MEG_7213|Drugs|Tetracyclines|Tetracycline_resistance_ribosomal_protection_proteins|TETW,C,954,A
MEG_7213|Drugs|Tetracyclines|Tetracycline_resistance_ribosomal_protection_proteins|TETW,T,967,A
MEG_7213|Drugs|Tetracyclines|Tetracycline_resistance_ribosomal_protection_proteins|TETW,A,1432,T
MEG_6985|Drugs|Tetracyclines|Tetracycline_resistance_MFS_efflux_pumps|TET38,G,115,C
MEG_6985|Drugs|Tetracyclines|Tetracycline_resistance_MFS_efflux_pumps|TET38,A,239,G
MEG_6985|Drugs|Tetracyclines|Tetracycline_resistance_MFS_efflux_pumps|TET38,G,687,C
MEG_6985|Drugs|Tetracyclines|Tetracycline_resistance_MFS_efflux_pumps|TET38,C,693,T
MEG_6985|Drugs|Tetracyclines|Tetracycline_resistance_MFS_efflux_pumps|TET38,G,790,A
MEG_6985|Drugs|Tetracyclines|Tetracycline_resistance_MFS_efflux_pumps|TET38,G,865,C
MEG_6985|Drugs|Tetracyclines|Tetracycline_resistance_MFS_efflux_pumps|TET38,G,1173,A
MEG_6985|Drugs|Tetracyclines|Tetracycline_resistance_MFS_efflux_pumps|TET38,T,1215,C
MEG_7220|Drugs|Tetracyclines|Tetracycline_resistance_ribosomal_protection_proteins|TETW,G,60,A
MEG_7220|Drugs|Tetracyclines|Tetracycline_resistance_ribosomal_protection_proteins|TETW,T,410,G
MEG_7220|Drugs|Tetracyclines|Tetracycline_resistance_ribosomal_protection_proteins|TETW,G,587,A
MEG_7220|Drugs|Tetracyclines|Tetracycline_resistance_ribosomal_protection_proteins|TETW,G,898,T
MEG_7220|Drugs|Tetracyclines|Tetracycline_resistance_ribosomal_protection_proteins|TETW,C,1310,A
MEG_7220|Drugs|Tetracyclines|Tetracycline_resistance_ribosomal_protection_proteins|TETW,A,1586,G
MEG_7220|Drugs|Tetracyclines|Tetracycline_resistance_ribosomal_protection_proteins|TETW,C,1629,G
MEG_7220|Drugs|Tetracyclines|Tetracycline_resistance_ribosomal_protection_proteins|TETW,T,1812,C
MEG_7007|Drugs|Tetracyclines|Tetracycline_resistance_MFS_efflux_pumps|TET54,A,1002,T
MEG_7045|Drugs|Tetracyclines|Tetracycline_resistance_MFS_efflux_pumps|TETB,A,286,T
MEG_7045|Drugs|Tetracyclines|Tetracycline_resistance_MFS_efflux_pumps|TETB,T,292,A
MEG_7045|Drugs|Tetracyclines|Tetracycline_resistance_MFS_efflux_pumps|TETB,C,320,G
MEG_7045|Drugs|Tetracyclines|Tetracycline_resistance_MFS_efflux_pumps|TETB,G,583,C
MEG_7045|Drugs|Tetracyclines|Tetracycline_resistance_MFS_efflux_pumps|TETB,C,686,G
MEG_7045|Drugs|Tetracyclines|Tetracycline_resistance_MFS_efflux_pumps|TETB,A,854,G
MEG_7045|Drugs|Tetracyclines|Tetracycline_resistance_MFS_efflux_pumps|TETB,T,933,G
MEG_6979|Drugs|Tetracyclines|Tetracycline_resistance_ribosomal_protection_proteins|TET36,C,232,G
MEG_6979|Drugs|Tetracyclines|Tetracycline_resistance_ribosomal_protection_proteins|TET36,A,773,G
MEG_6979|Drugs|Tetracyclines|Tetracycline_resistance_ribosomal_protection_proteins|TET36,T,1285,A
MEG_6979|Drugs|Tetracyclines|Tetracycline_resistance_ribosomal_protection_proteins|TET36,A,1352,G
MEG_10190|Drugs|Tetracyclines|Tetracycline_resistance_ABC_efflux_pumps|TETB60,T,53,A
MEG_10190|Drugs|Tetracyclines|Tetracycline_resistance_ABC_efflux_pumps|TETB60,T,255,A
MEG_10190|Drugs|Tetracyclines|Tetracycline_resistance_ABC_efflux_pumps|TETB60,T,336,C
MEG_10190|Drugs|Tetracyclines|Tetracycline_resistance_ABC_efflux_pumps|TETB60,C,898,T
MEG_10190|Drugs|Tetracyclines|Tetracycline_resistance_ABC_efflux_pumps|TETB60,C,1334,T
MEG_10190|Drugs|Tetracyclines|Tetracycline_resistance_ABC_efflux_pumps|TETB60,T,1551,A
MEG_7027|Drugs|Tetracyclines|Tetracycline_resistance_MFS_efflux_pumps|TETA,A,460,T
MEG_7027|Drugs|Tetracyclines|Tetracycline_resistance_MFS_efflux_pumps|TETA,C,971,T
MEG_7168|Drugs|Tetracyclines|Tetracycline_resistance_ribosomal_protection_proteins|TETO,A,204,C
MEG_7168|Drugs|Tetracyclines|Tetracycline_resistance_ribosomal_protection_proteins|TETO,C,750,A
MEG_7168|Drugs|Tetracyclines|Tetracycline_resistance_ribosomal_protection_proteins|TETO,C,786,G
MEG_7168|Drugs|Tetracyclines|Tetracycline_resistance_ribosomal_protection_proteins|TETO,C,813,A
MEG_7168|Drugs|Tetracyclines|Tetracycline_resistance_ribosomal_protection_proteins|TETO,T,1226,C
MEG_7168|Drugs|Tetracyclines|Tetracycline_resistance_ribosomal_protection_proteins|TETO,G,1796,A
MEG_7154|Drugs|Tetracyclines|Tetracycline_resistance_ribosomal_protection_proteins|TETO,A,315,T
MEG_7154|Drugs|Tetracyclines|Tetracycline_resistance_ribosomal_protection_proteins|TETO,G,817,C
MEG_7154|Drugs|Tetracyclines|Tetracycline_resistance_ribosomal_protection_proteins|TETO,T,968,G
MEG_7154|Drugs|Tetracyclines|Tetracycline_resistance_ribosomal_protection_proteins|TETO,A,1316,G
MEG_7154|Drugs|Tetracyclines|Tetracycline_resistance_ribosomal_protection_proteins|TETO,C,1375,T
MEG_7154|Drugs|Tetracyclines|Tetracycline_resistance_ribosomal_protection_proteins|TETO,A,1734,C
MEG_4383|Drugs|Tetracyclines|Tetracycline_resistance_ABC_efflux_pumps|OTRC,G,199,C
MEG_4383|Drugs|Tetracyclines|Tetracycline_resistance_ABC_efflux_pumps|OTRC,C,214,G
MEG_4383|Drugs|Tetracyclines|Tetracycline_resistance_ABC_efflux_pumps|OTRC,C,282,A
MEG_4383|Drugs|Tetracyclines|Tetracycline_resistance_ABC_efflux_pumps|OTRC,G,728,A
MEG_4383|Drugs|Tetracyclines|Tetracycline_resistance_ABC_efflux_pumps|OTRC,C,905,G
MEG_7075|Drugs|Tetracyclines|Tetracycline_resistance_MFS_efflux_pumps|TETE,T,64,A
MEG_7075|Drugs|Tetracyclines|Tetracycline_resistance_MFS_efflux_pumps|TETE,C,150,A
MEG_7075|Drugs|Tetracyclines|Tetracycline_resistance_MFS_efflux_pumps|TETE,C,239,T
MEG_7075|Drugs|Tetracyclines|Tetracycline_resistance_MFS_efflux_pumps|TETE,T,250,C
MEG_7075|Drugs|Tetracyclines|Tetracycline_resistance_MFS_efflux_pumps|TETE,T,519,C
MEG_7075|Drugs|Tetracyclines|Tetracycline_resistance_MFS_efflux_pumps|TETE,A,600,T
MEG_7075|Drugs|Tetracyclines|Tetracycline_resistance_MFS_efflux_pumps|TETE,A,680,T
MEG_7075|Drugs|Tetracyclines|Tetracycline_resistance_MFS_efflux_pumps|TETE,A,891,T
MEG_7075|Drugs|Tetracyclines|Tetracycline_resistance_MFS_efflux_pumps|TETE,A,1072,C
MEG_7075|Drugs|Tetracyclines|Tetracycline_resistance_MFS_efflux_pumps|TETE,C,1155,A
MEG_7011|Drugs|Tetracyclines|Tetracycline_resistance_MFS_efflux_pumps|TET58,T,261,G
MEG_7011|Drugs|Tetracyclines|Tetracycline_resistance_MFS_efflux_pumps|TET58,T,271,A
MEG_7011|Drugs|Tetracyclines|Tetracycline_resistance_MFS_efflux_pumps|TET58,G,912,T
MEG_7011|Drugs|Tetracyclines|Tetracycline_resistance_MFS_efflux_pumps|TET58,G,919,A
MEG_7011|Drugs|Tetracyclines|Tetracycline_resistance_MFS_efflux_pumps|TET58,G,985,C
MEG_7011|Drugs|Tetracyclines|Tetracycline_resistance_MFS_efflux_pumps|TET58,A,1001,T
MEG_5410|Metals|Lead_resistance|Lead_P-type_ATPase_transporter|PBRA,T,372,C
MEG_5410|Metals|Lead_resistance|Lead_P-type_ATPase_transporter|PBRA,G,1522,A
MEG_5410|Metals|Lead_resistance|Lead_P-type_ATPase_transporter|PBRA,A,1784,G
MEG_5410|Metals|Lead_resistance|Lead_P-type_ATPase_transporter|PBRA,A,2046,G
MEG_5410|Metals|Lead_resistance|Lead_P-type_ATPase_transporter|PBRA,C,2209,G
MEG_5411|Metals|Lead_resistance|Lead_P-type_ATPase_transporter|PBRB,C,220,T
MEG_5411|Metals|Lead_resistance|Lead_P-type_ATPase_transporter|PBRB,C,223,G
MEG_5411|Metals|Lead_resistance|Lead_P-type_ATPase_transporter|PBRB,G,331,C
MEG_5411|Metals|Lead_resistance|Lead_P-type_ATPase_transporter|PBRB,G,425,C
MEG_5411|Metals|Lead_resistance|Lead_P-type_ATPase_transporter|PBRB,T,443,A
MEG_5411|Metals|Lead_resistance|Lead_P-type_ATPase_transporter|PBRB,T,474,G
MEG_5411|Metals|Lead_resistance|Lead_P-type_ATPase_transporter|PBRB,G,540,A
MEG_5411|Metals|Lead_resistance|Lead_P-type_ATPase_transporter|PBRB,T,728,A
MEG_5412|Metals|Lead_resistance|Lead_P-type_ATPase_transporter|PBRD,A,18,T
MEG_5412|Metals|Lead_resistance|Lead_P-type_ATPase_transporter|PBRD,G,265,C
MEG_5412|Metals|Lead_resistance|Lead_P-type_ATPase_transporter|PBRD,G,362,C
MEG_5412|Metals|Lead_resistance|Lead_P-type_ATPase_transporter|PBRD,C,820,A
MEG_5413|Metals|Lead_resistance|Lead_P-type_ATPase_regulator|PBRR,T,2,A
MEG_5413|Metals|Lead_resistance|Lead_P-type_ATPase_regulator|PBRR,G,37,T
MEG_5413|Metals|Lead_resistance|Lead_P-type_ATPase_regulator|PBRR,A,113,C
MEG_5413|Metals|Lead_resistance|Lead_P-type_ATPase_regulator|PBRR,C,147,A
MEG_5413|Metals|Lead_resistance|Lead_P-type_ATPase_regulator|PBRR,C,208,G
MEG_5413|Metals|Lead_resistance|Lead_P-type_ATPase_regulator|PBRR,C,226,T
MEG_5413|Metals|Lead_resistance|Lead_P-type_ATPase_regulator|PBRR,G,262,T
MEG_5413|Metals|Lead_resistance|Lead_P-type_ATPase_regulator|PBRR,T,322,C
MEG_5413|Metals|Lead_resistance|Lead_P-type_ATPase_regulator|PBRR,A,329,T
MEG_5413|Metals|Lead_resistance|Lead_P-type_ATPase_regulator|PBRR,G,363,T
MEG_5414|Metals|Lead_resistance|Lead_P-type_ATPase_transporter|PBRT,C,230,T
MEG_5414|Metals|Lead_resistance|Lead_P-type_ATPase_transporter|PBRT,G,364,A
MEG_5414|Metals|Lead_resistance|Lead_P-type_ATPase_transporter|PBRT,T,717,C
MEG_5414|Metals|Lead_resistance|Lead_P-type_ATPase_transporter|PBRT,G,1284,T
MEG_5414|Metals|Lead_resistance|Lead_P-type_ATPase_transporter|PBRT,G,1477,C
MEG_5414|Metals|Lead_resistance|Lead_P-type_ATPase_transporter|PBRT,G,1846,T
MEG_5798|Multi-compound|Drug_and_metal_resistance|Drug_and_metal_MFS_efflux_pumps|PMRAM,G,44,A
MEG_5798|Multi-compound|Drug_and_metal_resistance|Drug_and_metal_MFS_efflux_pumps|PMRAM,G,121,A
MEG_5798|Multi-compound|Drug_and_metal_resistance|Drug_and_metal_MFS_efflux_pumps|PMRAM,G,225,A
MEG_5798|Multi-compound|Drug_and_metal_resistance|Drug_and_metal_MFS_efflux_pumps|PMRAM,C,351,A
MEG_5798|Multi-compound|Drug_and_metal_resistance|Drug_and_metal_MFS_efflux_pumps|PMRAM,A,373,C
MEG_5798|Multi-compound|Drug_and_metal_resistance|Drug_and_metal_MFS_efflux_pumps|PMRAM,C,481,G
MEG_5798|Multi-compound|Drug_and_metal_resistance|Drug_and_metal_MFS_efflux_pumps|PMRAM,C,495,G
MEG_5798|Multi-compound|Drug_and_metal_resistance|Drug_and_metal_MFS_efflux_pumps|PMRAM,A,532,C
MEG_5798|Multi-compound|Drug_and_metal_resistance|Drug_and_metal_MFS_efflux_pumps|PMRAM,G,637,T
MEG_5798|Multi-compound|Drug_and_metal_resistance|Drug_and_metal_MFS_efflux_pumps|PMRAM,A,653,C
MEG_5799|Multi-compound|Drug_and_metal_resistance|Drug_and_metal_MFS_efflux_pumps|PMRBM,C,338,A
MEG_5799|Multi-compound|Drug_and_metal_resistance|Drug_and_metal_MFS_efflux_pumps|PMRBM,A,345,T
MEG_5799|Multi-compound|Drug_and_metal_resistance|Drug_and_metal_MFS_efflux_pumps|PMRBM,G,530,T
MEG_5799|Multi-compound|Drug_and_metal_resistance|Drug_and_metal_MFS_efflux_pumps|PMRBM,T,681,A
MEG_5799|Multi-compound|Drug_and_metal_resistance|Drug_and_metal_MFS_efflux_pumps|PMRBM,T,775,C
MEG_5799|Multi-compound|Drug_and_metal_resistance|Drug_and_metal_MFS_efflux_pumps|PMRBM,C,870,G
MEG_5799|Multi-compound|Drug_and_metal_resistance|Drug_and_metal_MFS_efflux_pumps|PMRBM,A,889,T
MEG_5799|Multi-compound|Drug_and_metal_resistance|Drug_and_metal_MFS_efflux_pumps|PMRBM,G,928,C
MEG_5799|Multi-compound|Drug_and_metal_resistance|Drug_and_metal_MFS_efflux_pumps|PMRBM,C,1088,A
MEG_5800|Multi-compound|Drug_and_metal_resistance|Drug_and_metal_MFS_efflux_pumps|PMRCM,G,986,A
MEG_5802|Multi-compound|Drug_and_metal_resistance|Drug_and_metal_MFS_efflux_pumps|PMRG,G,20,C
MEG_5802|Multi-compound|Drug_and_metal_resistance|Drug_and_metal_MFS_efflux_pumps|PMRG,T,27,A
MEG_5802|Multi-compound|Drug_and_metal_resistance|Drug_and_metal_MFS_efflux_pumps|PMRG,C,111,G
MEG_5802|Multi-compound|Drug_and_metal_resistance|Drug_and_metal_MFS_efflux_pumps|PMRG,C,180,G
MEG_5802|Multi-compound|Drug_and_metal_resistance|Drug_and_metal_MFS_efflux_pumps|PMRG,T,593,G
MEG_6157|Drugs|Nucleosides|Streptothricin_acetyltransferase|SAT,A,53,C
MEG_6157|Drugs|Nucleosides|Streptothricin_acetyltransferase|SAT,A,121,C
MEG_6157|Drugs|Nucleosides|Streptothricin_acetyltransferase|SAT,A,230,G
MEG_6157|Drugs|Nucleosides|Streptothricin_acetyltransferase|SAT,T,253,A
MEG_6157|Drugs|Nucleosides|Streptothricin_acetyltransferase|SAT,A,260,C
MEG_6157|Drugs|Nucleosides|Streptothricin_acetyltransferase|SAT,C,264,A
MEG_6157|Drugs|Nucleosides|Streptothricin_acetyltransferase|SAT,T,467,A
MEG_6158|Drugs|Nucleosides|Streptothricin_acetyltransferase|SAT,T,33,C
MEG_6158|Drugs|Nucleosides|Streptothricin_acetyltransferase|SAT,G,51,C
MEG_6158|Drugs|Nucleosides|Streptothricin_acetyltransferase|SAT,A,250,T
MEG_6158|Drugs|Nucleosides|Streptothricin_acetyltransferase|SAT,G,282,A
MEG_6158|Drugs|Nucleosides|Streptothricin_acetyltransferase|SAT,A,303,C
MEG_6158|Drugs|Nucleosides|Streptothricin_acetyltransferase|SAT,G,315,T
MEG_6158|Drugs|Nucleosides|Streptothricin_acetyltransferase|SAT,A,347,G
MEG_6158|Drugs|Nucleosides|Streptothricin_acetyltransferase|SAT,G,409,C
MEG_6158|Drugs|Nucleosides|Streptothricin_acetyltransferase|SAT,T,527,C
MEG_6158|Drugs|Nucleosides|Streptothricin_acetyltransferase|SAT,T,537,C
MEG_6159|Drugs|Nucleosides|Streptothricin_acetyltransferase|SAT,A,89,T
MEG_6159|Drugs|Nucleosides|Streptothricin_acetyltransferase|SAT,G,821,T
MEG_6159|Drugs|Nucleosides|Streptothricin_acetyltransferase|SAT,A,903,T
MEG_6159|Drugs|Nucleosides|Streptothricin_acetyltransferase|SAT,G,1103,C
MEG_6159|Drugs|Nucleosides|Streptothricin_acetyltransferase|SAT,C,1217,T
MEG_6159|Drugs|Nucleosides|Streptothricin_acetyltransferase|SAT,T,1295,A
MEG_6160|Drugs|Nucleosides|Streptothricin_acetyltransferase|SAT,T,338,G
MEG_6160|Drugs|Nucleosides|Streptothricin_acetyltransferase|SAT,A,363,C
MEG_6160|Drugs|Nucleosides|Streptothricin_acetyltransferase|SAT,A,380,T
MEG_6160|Drugs|Nucleosides|Streptothricin_acetyltransferase|SAT,C,474,G
MEG_6161|Drugs|Nucleosides|Streptothricin_acetyltransferase|SAT,C,131,G
MEG_6161|Drugs|Nucleosides|Streptothricin_acetyltransferase|SAT,A,325,C
MEG_6161|Drugs|Nucleosides|Streptothricin_acetyltransferase|SAT,C,470,A
MEG_6162|Drugs|Nucleosides|Streptothricin_acetyltransferase|SAT,A,365,T
MEG_6162|Drugs|Nucleosides|Streptothricin_acetyltransferase|SAT,T,487,A
MEG_6163|Drugs|Nucleosides|Streptothricin_acetyltransferase|SAT,A,111,G
MEG_6163|Drugs|Nucleosides|Streptothricin_acetyltransferase|SAT,T,246,A
MEG_6163|Drugs|Nucleosides|Streptothricin_acetyltransferase|SAT,G,259,C
MEG_6164|Drugs|Nucleosides|Streptothricin_acetyltransferase|SAT,C,107,T
MEG_6164|Drugs|Nucleosides|Streptothricin_acetyltransferase|SAT,G,165,T
MEG_6164|Drugs|Nucleosides|Streptothricin_acetyltransferase|SAT,G,184,A
MEG_6164|Drugs|Nucleosides|Streptothricin_acetyltransferase|SAT,G,199,T
MEG_6164|Drugs|Nucleosides|Streptothricin_acetyltransferase|SAT,G,262,A
MEG_6164|Drugs|Nucleosides|Streptothricin_acetyltransferase|SAT,G,264,T
MEG_6164|Drugs|Nucleosides|Streptothricin_acetyltransferase|SAT,A,270,G
MEG_6164|Drugs|Nucleosides|Streptothricin_acetyltransferase|SAT,A,408,C
MEG_6164|Drugs|Nucleosides|Streptothricin_acetyltransferase|SAT,A,491,G
MEG_6165|Drugs|Nucleosides|Streptothricin_acetyltransferase|SAT,A,11,C
MEG_6165|Drugs|Nucleosides|Streptothricin_acetyltransferase|SAT,G,24,A
MEG_6165|Drugs|Nucleosides|Streptothricin_acetyltransferase|SAT,A,45,T
MEG_6165|Drugs|Nucleosides|Streptothricin_acetyltransferase|SAT,T,109,A
MEG_6165|Drugs|Nucleosides|Streptothricin_acetyltransferase|SAT,G,132,T
MEG_6165|Drugs|Nucleosides|Streptothricin_acetyltransferase|SAT,T,196,G
MEG_6165|Drugs|Nucleosides|Streptothricin_acetyltransferase|SAT,A,201,T
MEG_6165|Drugs|Nucleosides|Streptothricin_acetyltransferase|SAT,T,487,A
MEG_6166|Drugs|Nucleosides|Streptothricin_acetyltransferase|SAT,G,23,A
MEG_6166|Drugs|Nucleosides|Streptothricin_acetyltransferase|SAT,T,42,G
MEG_6166|Drugs|Nucleosides|Streptothricin_acetyltransferase|SAT,T,111,G
MEG_6166|Drugs|Nucleosides|Streptothricin_acetyltransferase|SAT,G,115,T
MEG_6166|Drugs|Nucleosides|Streptothricin_acetyltransferase|SAT,A,380,G
MEG_6166|Drugs|Nucleosides|Streptothricin_acetyltransferase|SAT,G,434,C
MEG_6166|Drugs|Nucleosides|Streptothricin_acetyltransferase|SAT,A,512,G
MEG_6167|Drugs|Nucleosides|Streptothricin_acetyltransferase|SAT,C,213,A
MEG_6167|Drugs|Nucleosides|Streptothricin_acetyltransferase|SAT,A,235,G
MEG_6167|Drugs|Nucleosides|Streptothricin_acetyltransferase|SAT,A,245,C
MEG_6167|Drugs|Nucleosides|Streptothricin_acetyltransferase|SAT,T,246,A
MEG_6167|Drugs|Nucleosides|Streptothricin_acetyltransferase|SAT,A,327,T
MEG_6167|Drugs|Nucleosides|Streptothricin_acetyltransferase|SAT,C,346,G
MEG_6167|Drugs|Nucleosides|Streptothricin_acetyltransferase|SAT,C,371,G
MEG_6167|Drugs|Nucleosides|Streptothricin_acetyltransferase|SAT,G,415,T
MEG_6167|Drugs|Nucleosides|Streptothricin_acetyltransferase|SAT,G,505,T
MEG_6167|Drugs|Nucleosides|Streptothricin_acetyltransferase|SAT,C,509,G
MEG_6168|Drugs|Nucleosides|Streptothricin_acetyltransferase|SAT,G,111,C
MEG_6168|Drugs|Nucleosides|Streptothricin_acetyltransferase|SAT,T,237,G
MEG_6168|Drugs|Nucleosides|Streptothricin_acetyltransferase|SAT,G,364,A
MEG_6168|Drugs|Nucleosides|Streptothricin_acetyltransferase|SAT,G,473,A
MEG_6168|Drugs|Nucleosides|Streptothricin_acetyltransferase|SAT,T,511,G
MEG_6168|Drugs|Nucleosides|Streptothricin_acetyltransferase|SAT,C,540,G
MEG_6169|Drugs|Nucleosides|Streptothricin_acetyltransferase|SAT,T,381,A
MEG_6169|Drugs|Nucleosides|Streptothricin_acetyltransferase|SAT,G,517,A
MEG_6170|Drugs|Nucleosides|Streptothricin_acetyltransferase|SAT,G,69,A
MEG_6170|Drugs|Nucleosides|Streptothricin_acetyltransferase|SAT,C,338,A
MEG_6170|Drugs|Nucleosides|Streptothricin_acetyltransferase|SAT,A,372,G
MEG_6170|Drugs|Nucleosides|Streptothricin_acetyltransferase|SAT,T,465,A
MEG_6170|Drugs|Nucleosides|Streptothricin_acetyltransferase|SAT,C,475,A
MEG_7262|Drugs|Nucleosides|Tunicamycin_resistance_protein|TMRB,A,62,G
MEG_7262|Drugs|Nucleosides|Tunicamycin_resistance_protein|TMRB,C,162,G
MEG_7262|Drugs|Nucleosides|Tunicamycin_resistance_protein|TMRB,A,456,G
MEG_7262|Drugs|Nucleosides|Tunicamycin_resistance_protein|TMRB,A,513,C
MEG_6580|Drugs|Sulfonamides|Sulfonamide-resistant_dihydropteroate_synthases|SULI,G,93,C
MEG_6580|Drugs|Sulfonamides|Sulfonamide-resistant_dihydropteroate_synthases|SULI,C,173,T
MEG_6580|Drugs|Sulfonamides|Sulfonamide-resistant_dihydropteroate_synthases|SULI,C,560,A
MEG_6580|Drugs|Sulfonamides|Sulfonamide-resistant_dihydropteroate_synthases|SULI,C,695,T
MEG_6580|Drugs|Sulfonamides|Sulfonamide-resistant_dihydropteroate_synthases|SULI,A,795,T
MEG_6591|Drugs|Sulfonamides|Sulfonamide-resistant_dihydropteroate_synthases|SULI,G,580,T
MEG_6581|Drugs|Sulfonamides|Sulfonamide-resistant_dihydropteroate_synthases|SULI,C,163,T
MEG_6581|Drugs|Sulfonamides|Sulfonamide-resistant_dihydropteroate_synthases|SULI,G,183,C
MEG_6581|Drugs|Sulfonamides|Sulfonamide-resistant_dihydropteroate_synthases|SULI,G,220,T
MEG_6581|Drugs|Sulfonamides|Sulfonamide-resistant_dihydropteroate_synthases|SULI,G,300,T
MEG_6581|Drugs|Sulfonamides|Sulfonamide-resistant_dihydropteroate_synthases|SULI,C,441,A
MEG_6581|Drugs|Sulfonamides|Sulfonamide-resistant_dihydropteroate_synthases|SULI,C,481,G
MEG_6581|Drugs|Sulfonamides|Sulfonamide-resistant_dihydropteroate_synthases|SULI,G,502,T
MEG_6581|Drugs|Sulfonamides|Sulfonamide-resistant_dihydropteroate_synthases|SULI,G,619,C
MEG_6581|Drugs|Sulfonamides|Sulfonamide-resistant_dihydropteroate_synthases|SULI,C,777,T
MEG_6585|Drugs|Sulfonamides|Sulfonamide-resistant_dihydropteroate_synthases|SULI,C,258,G
MEG_6585|Drugs|Sulfonamides|Sulfonamide-resistant_dihydropteroate_synthases|SULI,C,339,G
MEG_6585|Drugs|Sulfonamides|Sulfonamide-resistant_dihydropteroate_synthases|SULI,G,544,T
MEG_6585|Drugs|Sulfonamides|Sulfonamide-resistant_dihydropteroate_synthases|SULI,C,762,A
MEG_6602|Drugs|Sulfonamides|Sulfonamide-resistant_dihydropteroate_synthases|SULI,T,158,C
MEG_6602|Drugs|Sulfonamides|Sulfonamide-resistant_dihydropteroate_synthases|SULI,A,246,C
MEG_6602|Drugs|Sulfonamides|Sulfonamide-resistant_dihydropteroate_synthases|SULI,T,313,A
MEG_6602|Drugs|Sulfonamides|Sulfonamide-resistant_dihydropteroate_synthases|SULI,T,537,G
MEG_6602|Drugs|Sulfonamides|Sulfonamide-resistant_dihydropteroate_synthases|SULI,G,580,T
MEG_6602|Drugs|Sulfonamides|Sulfonamide-resistant_dihydropteroate_synthases|SULI,G,594,C
MEG_6583|Drugs|Sulfonamides|Sulfonamide-resistant_dihydropteroate_synthases|SULI,T,251,C
MEG_6583|Drugs|Sulfonamides|Sulfonamide-resistant_dihydropteroate_synthases|SULI,T,273,C
MEG_6583|Drugs|Sulfonamides|Sulfonamide-resistant_dihydropteroate_synthases|SULI,T,295,C
MEG_6583|Drugs|Sulfonamides|Sulfonamide-resistant_dihydropteroate_synthases|SULI,G,530,A
MEG_6583|Drugs|Sulfonamides|Sulfonamide-resistant_dihydropteroate_synthases|SULI,A,554,C
MEG_6583|Drugs|Sulfonamides|Sulfonamide-resistant_dihydropteroate_synthases|SULI,C,599,G
MEG_6583|Drugs|Sulfonamides|Sulfonamide-resistant_dihydropteroate_synthases|SULI,G,624,T
MEG_6588|Drugs|Sulfonamides|Sulfonamide-resistant_dihydropteroate_synthases|SULI,C,116,G
MEG_6588|Drugs|Sulfonamides|Sulfonamide-resistant_dihydropteroate_synthases|SULI,G,235,C
MEG_6588|Drugs|Sulfonamides|Sulfonamide-resistant_dihydropteroate_synthases|SULI,A,260,G
MEG_6588|Drugs|Sulfonamides|Sulfonamide-resistant_dihydropteroate_synthases|SULI,C,434,G
MEG_6588|Drugs|Sulfonamides|Sulfonamide-resistant_dihydropteroate_synthases|SULI,T,458,G
MEG_6588|Drugs|Sulfonamides|Sulfonamide-resistant_dihydropteroate_synthases|SULI,G,524,A
MEG_6588|Drugs|Sulfonamides|Sulfonamide-resistant_dihydropteroate_synthases|SULI,A,586,T
MEG_6588|Drugs|Sulfonamides|Sulfonamide-resistant_dihydropteroate_synthases|SULI,G,694,A
MEG_6618|Drugs|Sulfonamides|Sulfonamide-resistant_dihydropteroate_synthases|SULII,C,242,G
MEG_6618|Drugs|Sulfonamides|Sulfonamide-resistant_dihydropteroate_synthases|SULII,T,353,A
MEG_6618|Drugs|Sulfonamides|Sulfonamide-resistant_dihydropteroate_synthases|SULII,C,447,G
MEG_6618|Drugs|Sulfonamides|Sulfonamide-resistant_dihydropteroate_synthases|SULII,G,503,T
MEG_6618|Drugs|Sulfonamides|Sulfonamide-resistant_dihydropteroate_synthases|SULII,C,560,A
MEG_6618|Drugs|Sulfonamides|Sulfonamide-resistant_dihydropteroate_synthases|SULII,T,695,A
MEG_6618|Drugs|Sulfonamides|Sulfonamide-resistant_dihydropteroate_synthases|SULII,T,760,A
MEG_6618|Drugs|Sulfonamides|Sulfonamide-resistant_dihydropteroate_synthases|SULII,A,780,T
MEG_6642|Drugs|Sulfonamides|Sulfonamide_monooxygenase|SULX,T,41,G
MEG_6642|Drugs|Sulfonamides|Sulfonamide_monooxygenase|SULX,T,113,A
MEG_6642|Drugs|Sulfonamides|Sulfonamide_monooxygenase|SULX,C,957,G
MEG_6642|Drugs|Sulfonamides|Sulfonamide_monooxygenase|SULX,G,1252,A
MEG_6592|Drugs|Sulfonamides|Sulfonamide-resistant_dihydropteroate_synthases|SULI,T,110,C
MEG_6592|Drugs|Sulfonamides|Sulfonamide-resistant_dihydropteroate_synthases|SULI,G,228,T
MEG_6592|Drugs|Sulfonamides|Sulfonamide-resistant_dihydropteroate_synthases|SULI,C,252,G
MEG_6592|Drugs|Sulfonamides|Sulfonamide-resistant_dihydropteroate_synthases|SULI,C,285,T
MEG_6592|Drugs|Sulfonamides|Sulfonamide-resistant_dihydropteroate_synthases|SULI,G,394,C
MEG_6592|Drugs|Sulfonamides|Sulfonamide-resistant_dihydropteroate_synthases|SULI,T,534,A
MEG_6592|Drugs|Sulfonamides|Sulfonamide-resistant_dihydropteroate_synthases|SULI,G,673,T
MEG_6592|Drugs|Sulfonamides|Sulfonamide-resistant_dihydropteroate_synthases|SULI,T,675,G
MEG_6619|Drugs|Sulfonamides|Sulfonamide-resistant_dihydropteroate_synthases|SULII,G,94,A
MEG_6619|Drugs|Sulfonamides|Sulfonamide-resistant_dihydropteroate_synthases|SULII,C,465,T
MEG_6619|Drugs|Sulfonamides|Sulfonamide-resistant_dihydropteroate_synthases|SULII,T,566,G
MEG_6619|Drugs|Sulfonamides|Sulfonamide-resistant_dihydropteroate_synthases|SULII,G,748,A
MEG_6619|Drugs|Sulfonamides|Sulfonamide-resistant_dihydropteroate_synthases|SULII,G,769,A
MEG_6610|Drugs|Sulfonamides|Sulfonamide-resistant_dihydropteroate_synthases|SULI,T,20,C
MEG_6610|Drugs|Sulfonamides|Sulfonamide-resistant_dihydropteroate_synthases|SULI,A,296,C
MEG_6610|Drugs|Sulfonamides|Sulfonamide-resistant_dihydropteroate_synthases|SULI,G,485,T
MEG_6610|Drugs|Sulfonamides|Sulfonamide-resistant_dihydropteroate_synthases|SULI,A,487,C
MEG_6610|Drugs|Sulfonamides|Sulfonamide-resistant_dihydropteroate_synthases|SULI,T,494,C
MEG_6610|Drugs|Sulfonamides|Sulfonamide-resistant_dihydropteroate_synthases|SULI,A,526,T
MEG_6610|Drugs|Sulfonamides|Sulfonamide-resistant_dihydropteroate_synthases|SULI,G,689,T
MEG_6610|Drugs|Sulfonamides|Sulfonamide-resistant_dihydropteroate_synthases|SULI,C,786,G
MEG_6610|Drugs|Sulfonamides|Sulfonamide-resistant_dihydropteroate_synthases|SULI,A,809,T
MEG_10141|Drugs|Sulfonamides|Sulfonamide_resistant_ECF_transporter_comonent|THFT,A,333,T
MEG_10141|Drugs|Sulfonamides|Sulfonamide_resistant_ECF_transporter_comonent|THFT,T,500,A
MEG_6601|Drugs|Sulfonamides|Sulfonamide-resistant_dihydropteroate_synthases|SULI,A,50,T
MEG_6601|Drugs|Sulfonamides|Sulfonamide-resistant_dihydropteroate_synthases|SULI,T,83,C
MEG_6601|Drugs|Sulfonamides|Sulfonamide-resistant_dihydropteroate_synthases|SULI,C,309,G
MEG_6601|Drugs|Sulfonamides|Sulfonamide-resistant_dihydropteroate_synthases|SULI,G,407,A
MEG_6601|Drugs|Sulfonamides|Sulfonamide-resistant_dihydropteroate_synthases|SULI,G,597,C
MEG_6601|Drugs|Sulfonamides|Sulfonamide-resistant_dihydropteroate_synthases|SULI,G,672,C
MEG_6601|Drugs|Sulfonamides|Sulfonamide-resistant_dihydropteroate_synthases|SULI,A,674,T
MEG_6601|Drugs|Sulfonamides|Sulfonamide-resistant_dihydropteroate_synthases|SULI,A,701,C
MEG_6614|Drugs|Sulfonamides|Sulfonamide-resistant_dihydropteroate_synthases|SULI,T,189,G
MEG_6614|Drugs|Sulfonamides|Sulfonamide-resistant_dihydropteroate_synthases|SULI,C,265,T
MEG_6614|Drugs|Sulfonamides|Sulfonamide-resistant_dihydropteroate_synthases|SULI,C,478,A
MEG_6614|Drugs|Sulfonamides|Sulfonamide-resistant_dihydropteroate_synthases|SULI,C,554,T
MEG_6614|Drugs|Sulfonamides|Sulfonamide-resistant_dihydropteroate_synthases|SULI,T,617,G
MEG_6594|Drugs|Sulfonamides|Sulfonamide-resistant_dihydropteroate_synthases|SULI,G,93,C
MEG_6594|Drugs|Sulfonamides|Sulfonamide-resistant_dihydropteroate_synthases|SULI,C,214,T
MEG_6594|Drugs|Sulfonamides|Sulfonamide-resistant_dihydropteroate_synthases|SULI,C,812,A
MEG_6598|Drugs|Sulfonamides|Sulfonamide-resistant_dihydropteroate_synthases|SULI,C,172,A
MEG_6598|Drugs|Sulfonamides|Sulfonamide-resistant_dihydropteroate_synthases|SULI,C,265,T
MEG_6598|Drugs|Sulfonamides|Sulfonamide-resistant_dihydropteroate_synthases|SULI,C,404,T
MEG_6598|Drugs|Sulfonamides|Sulfonamide-resistant_dihydropteroate_synthases|SULI,G,433,C
MEG_6598|Drugs|Sulfonamides|Sulfonamide-resistant_dihydropteroate_synthases|SULI,A,586,G
MEG_6598|Drugs|Sulfonamides|Sulfonamide-resistant_dihydropteroate_synthases|SULI,A,795,C
MEG_6641|Drugs|Sulfonamides|Flavin_reductase|SULR,A,11,C
MEG_6641|Drugs|Sulfonamides|Flavin_reductase|SULR,G,99,C
MEG_6641|Drugs|Sulfonamides|Flavin_reductase|SULR,C,157,G
MEG_6641|Drugs|Sulfonamides|Flavin_reductase|SULR,C,465,T
MEG_6621|Drugs|Sulfonamides|Sulfonamide-resistant_dihydropteroate_synthases|SULII,C,485,G
MEG_6621|Drugs|Sulfonamides|Sulfonamide-resistant_dihydropteroate_synthases|SULII,C,555,A
MEG_6596|Drugs|Sulfonamides|Sulfonamide-resistant_dihydropteroate_synthases|SULI,C,80,T
MEG_6596|Drugs|Sulfonamides|Sulfonamide-resistant_dihydropteroate_synthases|SULI,G,91,C
MEG_6596|Drugs|Sulfonamides|Sulfonamide-resistant_dihydropteroate_synthases|SULI,A,179,T
MEG_6596|Drugs|Sulfonamides|Sulfonamide-resistant_dihydropteroate_synthases|SULI,T,194,G
MEG_6596|Drugs|Sulfonamides|Sulfonamide-resistant_dihydropteroate_synthases|SULI,C,212,A
MEG_6596|Drugs|Sulfonamides|Sulfonamide-resistant_dihydropteroate_synthases|SULI,C,320,A
MEG_6596|Drugs|Sulfonamides|Sulfonamide-resistant_dihydropteroate_synthases|SULI,A,341,C
MEG_6596|Drugs|Sulfonamides|Sulfonamide-resistant_dihydropteroate_synthases|SULI,C,642,T
MEG_6596|Drugs|Sulfonamides|Sulfonamide-resistant_dihydropteroate_synthases|SULI,G,745,C
MEG_6595|Drugs|Sulfonamides|Sulfonamide-resistant_dihydropteroate_synthases|SULI,G,62,A
MEG_6595|Drugs|Sulfonamides|Sulfonamide-resistant_dihydropteroate_synthases|SULI,T,65,G
MEG_6595|Drugs|Sulfonamides|Sulfonamide-resistant_dihydropteroate_synthases|SULI,T,358,G
MEG_6595|Drugs|Sulfonamides|Sulfonamide-resistant_dihydropteroate_synthases|SULI,A,503,G
MEG_6595|Drugs|Sulfonamides|Sulfonamide-resistant_dihydropteroate_synthases|SULI,A,763,T
MEG_6587|Drugs|Sulfonamides|Sulfonamide-resistant_dihydropteroate_synthases|SULI,G,105,C
MEG_6587|Drugs|Sulfonamides|Sulfonamide-resistant_dihydropteroate_synthases|SULI,A,145,C
MEG_6587|Drugs|Sulfonamides|Sulfonamide-resistant_dihydropteroate_synthases|SULI,T,527,C
MEG_6587|Drugs|Sulfonamides|Sulfonamide-resistant_dihydropteroate_synthases|SULI,C,560,G
MEG_6587|Drugs|Sulfonamides|Sulfonamide-resistant_dihydropteroate_synthases|SULI,G,619,T
MEG_6587|Drugs|Sulfonamides|Sulfonamide-resistant_dihydropteroate_synthases|SULI,A,701,C
MEG_6589|Drugs|Sulfonamides|Sulfonamide-resistant_dihydropteroate_synthases|SULI,C,33,G
MEG_6589|Drugs|Sulfonamides|Sulfonamide-resistant_dihydropteroate_synthases|SULI,G,124,C
MEG_6589|Drugs|Sulfonamides|Sulfonamide-resistant_dihydropteroate_synthases|SULI,G,208,T
MEG_6589|Drugs|Sulfonamides|Sulfonamide-resistant_dihydropteroate_synthases|SULI,A,440,G
MEG_6589|Drugs|Sulfonamides|Sulfonamide-resistant_dihydropteroate_synthases|SULI,G,496,A
MEG_6589|Drugs|Sulfonamides|Sulfonamide-resistant_dihydropteroate_synthases|SULI,G,727,A
MEG_6589|Drugs|Sulfonamides|Sulfonamide-resistant_dihydropteroate_synthases|SULI,A,728,G
MEG_6589|Drugs|Sulfonamides|Sulfonamide-resistant_dihydropteroate_synthases|SULI,G,747,T
MEG_6637|Drugs|Sulfonamides|Sulfonamide-resistant_dihydropteroate_synthases|SULII,G,228,C
MEG_6637|Drugs|Sulfonamides|Sulfonamide-resistant_dihydropteroate_synthases|SULII,G,235,A
MEG_6637|Drugs|Sulfonamides|Sulfonamide-resistant_dihydropteroate_synthases|SULII,T,247,A
MEG_6637|Drugs|Sulfonamides|Sulfonamide-resistant_dihydropteroate_synthases|SULII,A,254,C
MEG_6637|Drugs|Sulfonamides|Sulfonamide-resistant_dihydropteroate_synthases|SULII,T,286,G
MEG_6637|Drugs|Sulfonamides|Sulfonamide-resistant_dihydropteroate_synthases|SULII,T,304,C
MEG_6637|Drugs|Sulfonamides|Sulfonamide-resistant_dihydropteroate_synthases|SULII,G,323,A
MEG_6637|Drugs|Sulfonamides|Sulfonamide-resistant_dihydropteroate_synthases|SULII,C,424,G
MEG_6637|Drugs|Sulfonamides|Sulfonamide-resistant_dihydropteroate_synthases|SULII,G,579,A
MEG_6637|Drugs|Sulfonamides|Sulfonamide-resistant_dihydropteroate_synthases|SULII,G,668,T
MEG_6605|Drugs|Sulfonamides|Sulfonamide-resistant_dihydropteroate_synthases|SULI,G,67,C
MEG_6605|Drugs|Sulfonamides|Sulfonamide-resistant_dihydropteroate_synthases|SULI,T,203,C
MEG_6605|Drugs|Sulfonamides|Sulfonamide-resistant_dihydropteroate_synthases|SULI,T,321,C
MEG_6605|Drugs|Sulfonamides|Sulfonamide-resistant_dihydropteroate_synthases|SULI,T,342,C
MEG_6605|Drugs|Sulfonamides|Sulfonamide-resistant_dihydropteroate_synthases|SULI,A,409,T
MEG_6605|Drugs|Sulfonamides|Sulfonamide-resistant_dihydropteroate_synthases|SULI,C,661,A
MEG_6605|Drugs|Sulfonamides|Sulfonamide-resistant_dihydropteroate_synthases|SULI,T,758,C
MEG_6605|Drugs|Sulfonamides|Sulfonamide-resistant_dihydropteroate_synthases|SULI,A,814,T
MEG_6605|Drugs|Sulfonamides|Sulfonamide-resistant_dihydropteroate_synthases|SULI,A,828,C
MEG_6640|Drugs|Sulfonamides|Sulfonamide-resistant_dihydropteroate_synthases|SULIV,C,171,T
MEG_6640|Drugs|Sulfonamides|Sulfonamide-resistant_dihydropteroate_synthases|SULIV,C,201,G
MEG_6640|Drugs|Sulfonamides|Sulfonamide-resistant_dihydropteroate_synthases|SULIV,C,354,A
MEG_6640|Drugs|Sulfonamides|Sulfonamide-resistant_dihydropteroate_synthases|SULIV,A,440,C
MEG_6640|Drugs|Sulfonamides|Sulfonamide-resistant_dihydropteroate_synthases|SULIV,T,530,G
MEG_6640|Drugs|Sulfonamides|Sulfonamide-resistant_dihydropteroate_synthases|SULIV,G,571,C
MEG_6640|Drugs|Sulfonamides|Sulfonamide-resistant_dihydropteroate_synthases|SULIV,T,609,C
MEG_6640|Drugs|Sulfonamides|Sulfonamide-resistant_dihydropteroate_synthases|SULIV,A,661,G
MEG_6624|Drugs|Sulfonamides|Sulfonamide-resistant_dihydropteroate_synthases|SULII,G,143,C
MEG_6624|Drugs|Sulfonamides|Sulfonamide-resistant_dihydropteroate_synthases|SULII,G,662,T
MEG_6609|Drugs|Sulfonamides|Sulfonamide-resistant_dihydropteroate_synthases|SULI,T,131,A
MEG_6609|Drugs|Sulfonamides|Sulfonamide-resistant_dihydropteroate_synthases|SULI,A,280,G
MEG_6609|Drugs|Sulfonamides|Sulfonamide-resistant_dihydropteroate_synthases|SULI,G,352,C
MEG_6609|Drugs|Sulfonamides|Sulfonamide-resistant_dihydropteroate_synthases|SULI,A,684,C
MEG_6609|Drugs|Sulfonamides|Sulfonamide-resistant_dihydropteroate_synthases|SULI,T,713,G
MEG_6639|Drugs|Sulfonamides|Sulfonamide-resistant_dihydropteroate_synthases|SULIII,G,16,T
MEG_6639|Drugs|Sulfonamides|Sulfonamide-resistant_dihydropteroate_synthases|SULIII,A,459,T
MEG_6639|Drugs|Sulfonamides|Sulfonamide-resistant_dihydropteroate_synthases|SULIII,T,541,A
MEG_6639|Drugs|Sulfonamides|Sulfonamide-resistant_dihydropteroate_synthases|SULIII,A,658,C
MEG_6639|Drugs|Sulfonamides|Sulfonamide-resistant_dihydropteroate_synthases|SULIII,C,683,A
MEG_6639|Drugs|Sulfonamides|Sulfonamide-resistant_dihydropteroate_synthases|SULIII,C,733,G
MEG_6639|Drugs|Sulfonamides|Sulfonamide-resistant_dihydropteroate_synthases|SULIII,G,788,T
MEG_6611|Drugs|Sulfonamides|Sulfonamide-resistant_dihydropteroate_synthases|SULI,C,151,T
MEG_6597|Drugs|Sulfonamides|Sulfonamide-resistant_dihydropteroate_synthases|SULI,T,13,C
MEG_6597|Drugs|Sulfonamides|Sulfonamide-resistant_dihydropteroate_synthases|SULI,A,312,G
MEG_6597|Drugs|Sulfonamides|Sulfonamide-resistant_dihydropteroate_synthases|SULI,A,670,T
MEG_6597|Drugs|Sulfonamides|Sulfonamide-resistant_dihydropteroate_synthases|SULI,G,699,C
MEG_6597|Drugs|Sulfonamides|Sulfonamide-resistant_dihydropteroate_synthases|SULI,C,732,T
MEG_6579|Drugs|Sulfonamides|Sulfonamide-resistant_dihydropteroate_synthases|SULI,C,106,G
MEG_6579|Drugs|Sulfonamides|Sulfonamide-resistant_dihydropteroate_synthases|SULI,C,257,A
MEG_6579|Drugs|Sulfonamides|Sulfonamide-resistant_dihydropteroate_synthases|SULI,T,348,G
MEG_6579|Drugs|Sulfonamides|Sulfonamide-resistant_dihydropteroate_synthases|SULI,C,514,T
MEG_6579|Drugs|Sulfonamides|Sulfonamide-resistant_dihydropteroate_synthases|SULI,G,696,A
MEG_6579|Drugs|Sulfonamides|Sulfonamide-resistant_dihydropteroate_synthases|SULI,C,774,A
MEG_6625|Drugs|Sulfonamides|Sulfonamide-resistant_dihydropteroate_synthases|SULII,T,20,A
MEG_6625|Drugs|Sulfonamides|Sulfonamide-resistant_dihydropteroate_synthases|SULII,G,78,C
MEG_6625|Drugs|Sulfonamides|Sulfonamide-resistant_dihydropteroate_synthases|SULII,G,147,A
MEG_6625|Drugs|Sulfonamides|Sulfonamide-resistant_dihydropteroate_synthases|SULII,C,309,A
MEG_6625|Drugs|Sulfonamides|Sulfonamide-resistant_dihydropteroate_synthases|SULII,G,405,T
MEG_6625|Drugs|Sulfonamides|Sulfonamide-resistant_dihydropteroate_synthases|SULII,G,493,C
MEG_6625|Drugs|Sulfonamides|Sulfonamide-resistant_dihydropteroate_synthases|SULII,G,546,A
MEG_6625|Drugs|Sulfonamides|Sulfonamide-resistant_dihydropteroate_synthases|SULII,T,699,G
MEG_6606|Drugs|Sulfonamides|Sulfonamide-resistant_dihydropteroate_synthases|SULI,C,21,G
MEG_6606|Drugs|Sulfonamides|Sulfonamide-resistant_dihydropteroate_synthases|SULI,G,235,C
MEG_6607|Drugs|Sulfonamides|Sulfonamide-resistant_dihydropteroate_synthases|SULI,T,563,C
MEG_6607|Drugs|Sulfonamides|Sulfonamide-resistant_dihydropteroate_synthases|SULI,A,636,C
MEG_6607|Drugs|Sulfonamides|Sulfonamide-resistant_dihydropteroate_synthases|SULI,C,744,A
MEG_6607|Drugs|Sulfonamides|Sulfonamide-resistant_dihydropteroate_synthases|SULI,A,762,G
MEG_6629|Drugs|Sulfonamides|Sulfonamide-resistant_dihydropteroate_synthases|SULII,T,43,G
MEG_6629|Drugs|Sulfonamides|Sulfonamide-resistant_dihydropteroate_synthases|SULII,G,82,T
MEG_6629|Drugs|Sulfonamides|Sulfonamide-resistant_dihydropteroate_synthases|SULII,G,96,C
MEG_6629|Drugs|Sulfonamides|Sulfonamide-resistant_dihydropteroate_synthases|SULII,A,256,T
MEG_6629|Drugs|Sulfonamides|Sulfonamide-resistant_dihydropteroate_synthases|SULII,A,305,C
MEG_6629|Drugs|Sulfonamides|Sulfonamide-resistant_dihydropteroate_synthases|SULII,T,324,C
MEG_6629|Drugs|Sulfonamides|Sulfonamide-resistant_dihydropteroate_synthases|SULII,T,387,G
MEG_6629|Drugs|Sulfonamides|Sulfonamide-resistant_dihydropteroate_synthases|SULII,T,450,A
MEG_6629|Drugs|Sulfonamides|Sulfonamide-resistant_dihydropteroate_synthases|SULII,A,736,G
MEG_6622|Drugs|Sulfonamides|Sulfonamide-resistant_dihydropteroate_synthases|SULII,T,261,C
MEG_6622|Drugs|Sulfonamides|Sulfonamide-resistant_dihydropteroate_synthases|SULII,T,325,C
MEG_6622|Drugs|Sulfonamides|Sulfonamide-resistant_dihydropteroate_synthases|SULII,G,418,A
MEG_6622|Drugs|Sulfonamides|Sulfonamide-resistant_dihydropteroate_synthases|SULII,C,445,A
MEG_6622|Drugs|Sulfonamides|Sulfonamide-resistant_dihydropteroate_synthases|SULII,A,472,T
MEG_6622|Drugs|Sulfonamides|Sulfonamide-resistant_dihydropteroate_synthases|SULII,C,555,G
MEG_6622|Drugs|Sulfonamides|Sulfonamide-resistant_dihydropteroate_synthases|SULII,C,657,A
MEG_6633|Drugs|Sulfonamides|Sulfonamide-resistant_dihydropteroate_synthases|SULII,A,150,C
MEG_6633|Drugs|Sulfonamides|Sulfonamide-resistant_dihydropteroate_synthases|SULII,C,412,A
MEG_6633|Drugs|Sulfonamides|Sulfonamide-resistant_dihydropteroate_synthases|SULII,C,524,A
MEG_6633|Drugs|Sulfonamides|Sulfonamide-resistant_dihydropteroate_synthases|SULII,G,579,A
MEG_6633|Drugs|Sulfonamides|Sulfonamide-resistant_dihydropteroate_synthases|SULII,G,635,A
MEG_6633|Drugs|Sulfonamides|Sulfonamide-resistant_dihydropteroate_synthases|SULII,T,695,C
MEG_6603|Drugs|Sulfonamides|Sulfonamide-resistant_dihydropteroate_synthases|SULI,G,63,A
MEG_6603|Drugs|Sulfonamides|Sulfonamide-resistant_dihydropteroate_synthases|SULI,C,385,A
MEG_6603|Drugs|Sulfonamides|Sulfonamide-resistant_dihydropteroate_synthases|SULI,G,552,A
MEG_6584|Drugs|Sulfonamides|Sulfonamide-resistant_dihydropteroate_synthases|SULI,G,17,A
MEG_6584|Drugs|Sulfonamides|Sulfonamide-resistant_dihydropteroate_synthases|SULI,C,735,T
MEG_6584|Drugs|Sulfonamides|Sulfonamide-resistant_dihydropteroate_synthases|SULI,C,837,T
MEG_6649|Drugs|Tetracenomycin|Tetracenomycin_MFS_efflux_pump|TCMA,T,1055,G
MEG_7323|Metals|Tungsten_Resistance|Tungsten_ABC_efflux_pumps|TUPA,A,18,G
MEG_7323|Metals|Tungsten_Resistance|Tungsten_ABC_efflux_pumps|TUPA,G,48,C
MEG_7323|Metals|Tungsten_Resistance|Tungsten_ABC_efflux_pumps|TUPA,A,343,G
MEG_7323|Metals|Tungsten_Resistance|Tungsten_ABC_efflux_pumps|TUPA,G,364,C
MEG_7323|Metals|Tungsten_Resistance|Tungsten_ABC_efflux_pumps|TUPA,G,470,T
MEG_7323|Metals|Tungsten_Resistance|Tungsten_ABC_efflux_pumps|TUPA,C,618,T
MEG_7323|Metals|Tungsten_Resistance|Tungsten_ABC_efflux_pumps|TUPA,T,628,A
MEG_7323|Metals|Tungsten_Resistance|Tungsten_ABC_efflux_pumps|TUPA,C,854,T
MEG_7324|Metals|Tungsten_Resistance|Tungsten_ABC_efflux_pumps|TUPB,C,152,T
MEG_7324|Metals|Tungsten_Resistance|Tungsten_ABC_efflux_pumps|TUPB,A,553,C
MEG_7325|Metals|Tungsten_Resistance|Tungsten_ABC_efflux_pumps|TUPC,C,200,T
MEG_7325|Metals|Tungsten_Resistance|Tungsten_ABC_efflux_pumps|TUPC,G,226,C
MEG_7325|Metals|Tungsten_Resistance|Tungsten_ABC_efflux_pumps|TUPC,A,292,T
MEG_7325|Metals|Tungsten_Resistance|Tungsten_ABC_efflux_pumps|TUPC,A,556,C
MEG_7325|Metals|Tungsten_Resistance|Tungsten_ABC_efflux_pumps|TUPC,G,609,T
MEG_7804|Drugs|Mycobacterium_tuberculosis-specific_Drug|Viomycin_phosphotransferases|VPH,C,162,A
MEG_7804|Drugs|Mycobacterium_tuberculosis-specific_Drug|Viomycin_phosphotransferases|VPH,G,232,T
MEG_7804|Drugs|Mycobacterium_tuberculosis-specific_Drug|Viomycin_phosphotransferases|VPH,C,293,A
MEG_7804|Drugs|Mycobacterium_tuberculosis-specific_Drug|Viomycin_phosphotransferases|VPH,A,389,G
MEG_7804|Drugs|Mycobacterium_tuberculosis-specific_Drug|Viomycin_phosphotransferases|VPH,C,422,T
MEG_7804|Drugs|Mycobacterium_tuberculosis-specific_Drug|Viomycin_phosphotransferases|VPH,C,424,A
MEG_7804|Drugs|Mycobacterium_tuberculosis-specific_Drug|Viomycin_phosphotransferases|VPH,C,562,G
MEG_7804|Drugs|Mycobacterium_tuberculosis-specific_Drug|Viomycin_phosphotransferases|VPH,A,682,C
MEG_7804|Drugs|Mycobacterium_tuberculosis-specific_Drug|Viomycin_phosphotransferases|VPH,C,843,G
MEG_7845|Metals|Zinc_resistance|Zinc_resistance_protein|ZEVA,T,28,C
MEG_7845|Metals|Zinc_resistance|Zinc_resistance_protein|ZEVA,T,57,C
MEG_7845|Metals|Zinc_resistance|Zinc_resistance_protein|ZEVA,A,100,G
MEG_7845|Metals|Zinc_resistance|Zinc_resistance_protein|ZEVA,C,325,G
MEG_7845|Metals|Zinc_resistance|Zinc_resistance_protein|ZEVA,G,328,T
MEG_7845|Metals|Zinc_resistance|Zinc_resistance_protein|ZEVA,G,429,A
MEG_7845|Metals|Zinc_resistance|Zinc_resistance_protein|ZEVA,G,456,T
MEG_7845|Metals|Zinc_resistance|Zinc_resistance_protein|ZEVA,G,457,A
MEG_7845|Metals|Zinc_resistance|Zinc_resistance_protein|ZEVA,T,474,C
MEG_7845|Metals|Zinc_resistance|Zinc_resistance_protein|ZEVA,G,568,A
MEG_7846|Metals|Zinc_resistance|Zinc_resistance_protein|ZEVB,A,816,T
MEG_7847|Metals|Zinc_resistance|Zinc_resistance_protein|ZIAA,T,315,A
MEG_7847|Metals|Zinc_resistance|Zinc_resistance_protein|ZIAA,G,604,A
MEG_7847|Metals|Zinc_resistance|Zinc_resistance_protein|ZIAA,G,616,A
MEG_7847|Metals|Zinc_resistance|Zinc_resistance_protein|ZIAA,G,1680,A
MEG_7847|Metals|Zinc_resistance|Zinc_resistance_protein|ZIAA,G,2134,C
MEG_7848|Metals|Zinc_resistance|Zinc_resistance_regulator|ZIAR,C,64,T
MEG_7848|Metals|Zinc_resistance|Zinc_resistance_regulator|ZIAR,T,153,C
MEG_7848|Metals|Zinc_resistance|Zinc_resistance_regulator|ZIAR,G,168,A
MEG_7848|Metals|Zinc_resistance|Zinc_resistance_regulator|ZIAR,G,174,A
MEG_7848|Metals|Zinc_resistance|Zinc_resistance_regulator|ZIAR,G,195,A
MEG_7848|Metals|Zinc_resistance|Zinc_resistance_regulator|ZIAR,T,209,C
MEG_7848|Metals|Zinc_resistance|Zinc_resistance_regulator|ZIAR,C,251,T
MEG_7848|Metals|Zinc_resistance|Zinc_resistance_regulator|ZIAR,T,293,C
MEG_7851|Metals|Zinc_resistance|Zinc_resistance_protein|ZITB,T,111,C
MEG_7851|Metals|Zinc_resistance|Zinc_resistance_protein|ZITB,C,344,G
MEG_7851|Metals|Zinc_resistance|Zinc_resistance_protein|ZITB,A,628,C
MEG_7851|Metals|Zinc_resistance|Zinc_resistance_protein|ZITB,T,686,G
MEG_7851|Metals|Zinc_resistance|Zinc_resistance_protein|ZITB,A,697,G
MEG_7851|Metals|Zinc_resistance|Zinc_resistance_protein|ZITB,A,748,G
MEG_7851|Metals|Zinc_resistance|Zinc_resistance_protein|ZITB,T,779,G
MEG_7851|Metals|Zinc_resistance|Zinc_resistance_protein|ZITB,A,905,T
MEG_7852|Metals|Zinc_resistance|Zinc_resistance_protein|ZNEB,G,73,A
MEG_7852|Metals|Zinc_resistance|Zinc_resistance_protein|ZNEB,G,340,T
MEG_7852|Metals|Zinc_resistance|Zinc_resistance_protein|ZNEB,G,432,T
MEG_7852|Metals|Zinc_resistance|Zinc_resistance_protein|ZNEB,G,557,C
MEG_7852|Metals|Zinc_resistance|Zinc_resistance_protein|ZNEB,C,590,T
MEG_7852|Metals|Zinc_resistance|Zinc_resistance_protein|ZNEB,A,898,G
MEG_7852|Metals|Zinc_resistance|Zinc_resistance_protein|ZNEB,A,1026,G
MEG_7852|Metals|Zinc_resistance|Zinc_resistance_protein|ZNEB,T,1086,A
MEG_7854|Metals|Zinc_resistance|Zinc_resistance_regulator|ZNTR,A,36,T
MEG_7854|Metals|Zinc_resistance|Zinc_resistance_regulator|ZNTR,A,62,G
MEG_7854|Metals|Zinc_resistance|Zinc_resistance_regulator|ZNTR,A,248,C
MEG_7854|Metals|Zinc_resistance|Zinc_resistance_regulator|ZNTR,G,266,T
MEG_7854|Metals|Zinc_resistance|Zinc_resistance_regulator|ZNTR,G,398,A
MEG_7855|Metals|Zinc_resistance|Zinc_resistance_protein|ZNUA,T,164,A
MEG_7855|Metals|Zinc_resistance|Zinc_resistance_protein|ZNUA,C,528,T
MEG_7855|Metals|Zinc_resistance|Zinc_resistance_protein|ZNUA,T,690,C
MEG_7855|Metals|Zinc_resistance|Zinc_resistance_protein|ZNUA,C,836,A
MEG_7855|Metals|Zinc_resistance|Zinc_resistance_protein|ZNUA,C,902,T
MEG_7856|Metals|Zinc_resistance|Zinc_resistance_protein|ZNUA,T,236,G
MEG_7856|Metals|Zinc_resistance|Zinc_resistance_protein|ZNUA,G,582,A
MEG_7856|Metals|Zinc_resistance|Zinc_resistance_protein|ZNUA,C,646,T
MEG_7856|Metals|Zinc_resistance|Zinc_resistance_protein|ZNUA,C,764,A
MEG_7857|Metals|Zinc_resistance|Zinc_resistance_protein|ZNUB,T,11,A
MEG_7857|Metals|Zinc_resistance|Zinc_resistance_protein|ZNUB,G,115,C
MEG_7857|Metals|Zinc_resistance|Zinc_resistance_protein|ZNUB,C,118,T
MEG_7858|Metals|Zinc_resistance|Zinc_resistance_protein|ZNUB,T,143,A
MEG_7858|Metals|Zinc_resistance|Zinc_resistance_protein|ZNUB,G,333,T
MEG_7858|Metals|Zinc_resistance|Zinc_resistance_protein|ZNUB,T,387,G
MEG_7858|Metals|Zinc_resistance|Zinc_resistance_protein|ZNUB,C,536,G
MEG_7858|Metals|Zinc_resistance|Zinc_resistance_protein|ZNUB,G,611,A
MEG_7858|Metals|Zinc_resistance|Zinc_resistance_protein|ZNUB,G,737,A
MEG_7859|Metals|Zinc_resistance|Zinc_resistance_protein|ZNUC,A,196,C
MEG_7859|Metals|Zinc_resistance|Zinc_resistance_protein|ZNUC,G,398,C
MEG_7859|Metals|Zinc_resistance|Zinc_resistance_protein|ZNUC,G,515,T
MEG_7859|Metals|Zinc_resistance|Zinc_resistance_protein|ZNUC,A,587,G
MEG_7861|Metals|Zinc_resistance|Zinc_resistance_regulator|ZRAR,T,155,G
MEG_7861|Metals|Zinc_resistance|Zinc_resistance_regulator|ZRAR,A,376,G
MEG_7861|Metals|Zinc_resistance|Zinc_resistance_regulator|ZRAR,C,423,T
MEG_7861|Metals|Zinc_resistance|Zinc_resistance_regulator|ZRAR,G,520,C
MEG_7861|Metals|Zinc_resistance|Zinc_resistance_regulator|ZRAR,T,1012,C
MEG_7861|Metals|Zinc_resistance|Zinc_resistance_regulator|ZRAR,G,1197,C
MEG_7862|Metals|Zinc_resistance|Zinc_resistance_regulator|ZRAR,A,175,T
MEG_7862|Metals|Zinc_resistance|Zinc_resistance_regulator|ZRAR,G,196,C
MEG_7862|Metals|Zinc_resistance|Zinc_resistance_regulator|ZRAR,G,372,A
MEG_7862|Metals|Zinc_resistance|Zinc_resistance_regulator|ZRAR,C,904,A
MEG_7862|Metals|Zinc_resistance|Zinc_resistance_regulator|ZRAR,A,1249,T
MEG_7867|Metals|Zinc_resistance|Zinc_resistance_regulator|ZUR,G,54,C
MEG_7867|Metals|Zinc_resistance|Zinc_resistance_regulator|ZUR,A,102,G
MEG_7867|Metals|Zinc_resistance|Zinc_resistance_regulator|ZUR,C,172,T
MEG_7867|Metals|Zinc_resistance|Zinc_resistance_regulator|ZUR,T,551,G
MEG_7868|Metals|Zinc_resistance|Zinc_resistance_regulator|ZUR,G,3,C
MEG_7868|Metals|Zinc_resistance|Zinc_resistance_regulator|ZUR,G,9,T
MEG_7868|Metals|Zinc_resistance|Zinc_resistance_regulator|ZUR,A,44,C
MEG_7868|Metals|Zinc_resistance|Zinc_resistance_regulator|ZUR,A,248,T
MEG_7868|Metals|Zinc_resistance|Zinc_resistance_regulator|ZUR,C,265,G
MEG_7868|Metals|Zinc_resistance|Zinc_resistance_regulator|ZUR,T,362,G
MEG_7868|Metals|Zinc_resistance|Zinc_resistance_regulator|ZUR,G,412,C
MEG_8087|Biocides|Aldehyde_resistance|Aldehyde_degradation|FORMA,T,89,A
MEG_8087|Biocides|Aldehyde_resistance|Aldehyde_degradation|FORMA,A,263,G
MEG_8087|Biocides|Aldehyde_resistance|Aldehyde_degradation|FORMA,A,424,T
MEG_8087|Biocides|Aldehyde_resistance|Aldehyde_degradation|FORMA,G,439,T
MEG_8087|Biocides|Aldehyde_resistance|Aldehyde_degradation|FORMA,G,450,C
MEG_8087|Biocides|Aldehyde_resistance|Aldehyde_degradation|FORMA,T,591,A
MEG_8087|Biocides|Aldehyde_resistance|Aldehyde_degradation|FORMA,A,658,T
MEG_8087|Biocides|Aldehyde_resistance|Aldehyde_degradation|FORMA,G,836,C
MEG_8087|Biocides|Aldehyde_resistance|Aldehyde_degradation|FORMA,G,862,C
MEG_11357|Drugs|Organoarsenicals|Arsinothricin_resistance_N-acetyltransferases|ARSN1,C,176,A
MEG_11357|Drugs|Organoarsenicals|Arsinothricin_resistance_N-acetyltransferases|ARSN1,T,273,G
MEG_11357|Drugs|Organoarsenicals|Arsinothricin_resistance_N-acetyltransferases|ARSN1,T,374,G
MEG_11358|Drugs|Organoarsenicals|Arsinothricin_resistance_N-acetyltransferases|ARSN1,T,69,A
MEG_11358|Drugs|Organoarsenicals|Arsinothricin_resistance_N-acetyltransferases|ARSN1,G,91,T
MEG_11358|Drugs|Organoarsenicals|Arsinothricin_resistance_N-acetyltransferases|ARSN1,T,110,C
MEG_11358|Drugs|Organoarsenicals|Arsinothricin_resistance_N-acetyltransferases|ARSN1,C,187,T
MEG_11358|Drugs|Organoarsenicals|Arsinothricin_resistance_N-acetyltransferases|ARSN1,G,200,T
MEG_11358|Drugs|Organoarsenicals|Arsinothricin_resistance_N-acetyltransferases|ARSN1,C,225,G
MEG_11358|Drugs|Organoarsenicals|Arsinothricin_resistance_N-acetyltransferases|ARSN1,T,300,C
MEG_11358|Drugs|Organoarsenicals|Arsinothricin_resistance_N-acetyltransferases|ARSN1,G,455,T
MEG_11359|Drugs|Organoarsenicals|Arsinothricin_resistance_N-acetyltransferases|ARSN1,T,60,G
MEG_11359|Drugs|Organoarsenicals|Arsinothricin_resistance_N-acetyltransferases|ARSN1,T,141,G
MEG_11359|Drugs|Organoarsenicals|Arsinothricin_resistance_N-acetyltransferases|ARSN1,T,164,C
MEG_11359|Drugs|Organoarsenicals|Arsinothricin_resistance_N-acetyltransferases|ARSN1,C,388,T
MEG_11359|Drugs|Organoarsenicals|Arsinothricin_resistance_N-acetyltransferases|ARSN1,T,446,C
MEG_11359|Drugs|Organoarsenicals|Arsinothricin_resistance_N-acetyltransferases|ARSN1,G,455,T
MEG_11515|Drugs|Ionophores|Ionophore_ABC_efflux_pump|NARA,T,228,G
MEG_11515|Drugs|Ionophores|Ionophore_ABC_efflux_pump|NARA,T,297,G
MEG_11515|Drugs|Ionophores|Ionophore_ABC_efflux_pump|NARA,A,352,G
MEG_11515|Drugs|Ionophores|Ionophore_ABC_efflux_pump|NARA,A,432,T
MEG_11515|Drugs|Ionophores|Ionophore_ABC_efflux_pump|NARA,C,562,G
MEG_11515|Drugs|Ionophores|Ionophore_ABC_efflux_pump|NARA,A,581,G
MEG_11515|Drugs|Ionophores|Ionophore_ABC_efflux_pump|NARA,C,693,T
MEG_11515|Drugs|Ionophores|Ionophore_ABC_efflux_pump|NARA,G,846,A
MEG_11516|Drugs|Ionophores|Ionophore_ABC_efflux_pump|NARB,T,58,G
MEG_11516|Drugs|Ionophores|Ionophore_ABC_efflux_pump|NARB,G,238,T
MEG_11516|Drugs|Ionophores|Ionophore_ABC_efflux_pump|NARB,A,285,T
MEG_11516|Drugs|Ionophores|Ionophore_ABC_efflux_pump|NARB,T,338,C
MEG_11516|Drugs|Ionophores|Ionophore_ABC_efflux_pump|NARB,G,846,C
MEG_11516|Drugs|Ionophores|Ionophore_ABC_efflux_pump|NARB,C,1007,A
