header,type,class,mechanism,group,snp
MEG_787|Drugs|Aminoglycosides|Aminoglycoside_O-nucleotidyltransferases|ANT3-DPRIME,Drugs,Aminoglycosides,Aminoglycoside O-nucleotidyltransferases,ANT3-DPRIME,
MEG_1020|Drugs|Aminoglycosides|Aminoglycoside_O-phosphotransferases|APH3-DPRIME,Drugs,Aminoglycosides,Aminoglycoside O-phosphotransferases,APH3-DPRIME,
MEG_11281|Drugs|Aminoglycosides|Aminoglycoside_N-acetyltransferases|AAC6-PRIME,Drugs,Aminoglycosides,Aminoglycoside N-acetyltransferases,AAC6-PRIME,
MEG_884|Drugs|Aminoglycosides|Aminoglycoside_O-nucleotidyltransferases|ANT3-DPRIME,Drugs,Aminoglycosides,Aminoglycoside O-nucleotidyltransferases,ANT3-DPRIME,
MEG_933|Drugs|Aminoglycosides|Aminoglycoside_O-nucleotidyltransferases|ANT3-DPRIME,Drugs,Aminoglycosides,Aminoglycoside O-nucleotidyltransferases,ANT3-DPRIME,
MEG_849|Drugs|Aminoglycosides|Aminoglycoside_O-nucleotidyltransferases|ANT3-DPRIME,Drugs,Aminoglycosides,Aminoglycoside O-nucleotidyltransferases,ANT3-DPRIME,
MEG_1046|Drugs|Aminoglycosides|Aminoglycoside_O-phosphotransferases|APH3-DPRIME,Drugs,Aminoglycosides,Aminoglycoside O-phosphotransferases,APH3-DPRIME,
MEG_254|Drugs|Aminoglycosides|Aminoglycoside_N-acetyltransferases|AAC6-PRIME,Drugs,Aminoglycosides,Aminoglycoside N-acetyltransferases,AAC6-PRIME,
MEG_1063|Drugs|Aminoglycosides|Aminoglycoside_O-phosphotransferases|APH3-PRIME,Drugs,Aminoglycosides,Aminoglycoside O-phosphotransferases,APH3-PRIME,
MEG_1015|Drugs|Aminoglycosides|Aminoglycoside_O-phosphotransferases|APH2-DPRIME,Drugs,Aminoglycosides,Aminoglycoside O-phosphotransferases,APH2-DPRIME,
MEG_273|Drugs|Aminoglycosides|Aminoglycoside_N-acetyltransferases|AAC6-PRIME,Drugs,Aminoglycosides,Aminoglycoside N-acetyltransferases,AAC6-PRIME,
MEG_134|Drugs|Aminoglycosides|Aminoglycoside_N-acetyltransferases|AAC6-PRIME,Drugs,Aminoglycosides,Aminoglycoside N-acetyltransferases,AAC6-PRIME,
MEG_262|Drugs|Aminoglycosides|Aminoglycoside_N-acetyltransferases|AAC6-PRIME,Drugs,Aminoglycosides,Aminoglycoside N-acetyltransferases,AAC6-PRIME,
MEG_912|Drugs|Aminoglycosides|Aminoglycoside_O-nucleotidyltransferases|ANT3-DPRIME,Drugs,Aminoglycosides,Aminoglycoside O-nucleotidyltransferases,ANT3-DPRIME,
MEG_147|Drugs|Aminoglycosides|Aminoglycoside_N-acetyltransferases|AAC6-PRIME,Drugs,Aminoglycosides,Aminoglycoside N-acetyltransferases,AAC6-PRIME,
MEG_110|Drugs|Aminoglycosides|Aminoglycoside_N-acetyltransferases|AAC6-PRIME,Drugs,Aminoglycosides,Aminoglycoside N-acetyltransferases,AAC6-PRIME,
MEG_11296|Drugs|Aminoglycosides|Aminoglycoside_O-phosphotransferases|APH3-PRIME,Drugs,Aminoglycosides,Aminoglycoside O-phosphotransferases,APH3-PRIME,
MEG_835|Drugs|Aminoglycosides|Aminoglycoside_O-nucleotidyltransferases|ANT3-DPRIME,Drugs,Aminoglycosides,Aminoglycoside O-nucleotidyltransferases,ANT3-DPRIME,
MEG_945|Drugs|Aminoglycosides|Aminoglycoside_O-nucleotidyltransferases|ANT3-DPRIME,Drugs,Aminoglycosides,Aminoglycoside O-nucleotidyltransferases,ANT3-DPRIME,
MEG_2932|Drugs|Aminoglycosides|16S_rRNA_methyltransferases|FMRO,Drugs,Aminoglycosides,16S rRNA methyltransferases,FMRO,
MEG_1026|Drugs|Aminoglycosides|Aminoglycoside_O-phosphotransferases|APH3-DPRIME,Drugs,Aminoglycosides,Aminoglycoside O-phosphotransferases,APH3-DPRIME,
MEG_11506|Drugs|Aminoglycosides|Aminoglycoside_O-nucleotidyltransferases|ANT6,Drugs,Aminoglycosides,Aminoglycoside O-nucleotidyltransferases,ANT6,
MEG_330|Drugs|Aminoglycosides|Aminoglycoside_N-acetyltransferases|AAC6-PRIME,Drugs,Aminoglycosides,Aminoglycoside N-acetyltransferases,AAC6-PRIME,
MEG_48|Drugs|Aminoglycosides|Aminoglycoside_N-acetyltransferases|AAC3,Drugs,Aminoglycosides,Aminoglycoside N-acetyltransferases,AAC3,
MEG_1027|Drugs|Aminoglycosides|Aminoglycoside_O-phosphotransferases|APH3-DPRIME,Drugs,Aminoglycosides,Aminoglycoside O-phosphotransferases,APH3-DPRIME,
MEG_1060|Drugs|Aminoglycosides|Aminoglycoside_O-phosphotransferases|APH3-PRIME,Drugs,Aminoglycosides,Aminoglycoside O-phosphotransferases,APH3-PRIME,
MEG_7872|Drugs|Aminoglycosides|Aminoglycoside_N-acetyltransferases|AAC6-PRIME,Drugs,Aminoglycosides,Aminoglycoside N-acetyltransferases,AAC6-PRIME,
MEG_192|Drugs|Aminoglycosides|Aminoglycoside_N-acetyltransferases|AAC6-PRIME,Drugs,Aminoglycosides,Aminoglycoside N-acetyltransferases,AAC6-PRIME,
MEG_308|Drugs|Aminoglycosides|Aminoglycoside_N-acetyltransferases|AAC6-PRIME,Drugs,Aminoglycosides,Aminoglycoside N-acetyltransferases,AAC6-PRIME,
MEG_11397|Drugs|Aminoglycosides|16S_rRNA_methyltransferases|KAMC,Drugs,Aminoglycosides,16S rRNA methyltransferases,KAMC,
MEG_948|Drugs|Aminoglycosides|Aminoglycoside_O-nucleotidyltransferases|ANT3-DPRIME,Drugs,Aminoglycosides,Aminoglycoside O-nucleotidyltransferases,ANT3-DPRIME,
MEG_11295|Drugs|Aminoglycosides|Aminoglycoside_O-phosphotransferases|APH3-PRIME,Drugs,Aminoglycosides,Aminoglycoside O-phosphotransferases,APH3-PRIME,
MEG_340|Drugs|Aminoglycosides|Aminoglycoside_N-acetyltransferases|AAC6-PRIME,Drugs,Aminoglycosides,Aminoglycoside N-acetyltransferases,AAC6-PRIME,
MEG_861|Drugs|Aminoglycosides|Aminoglycoside_O-nucleotidyltransferases|ANT3-DPRIME,Drugs,Aminoglycosides,Aminoglycoside O-nucleotidyltransferases,ANT3-DPRIME,
MEG_237|Drugs|Aminoglycosides|Aminoglycoside_N-acetyltransferases|AAC6-PRIME,Drugs,Aminoglycosides,Aminoglycoside N-acetyltransferases,AAC6-PRIME,
MEG_1012|Drugs|Aminoglycosides|Aminoglycoside_O-phosphotransferases|APH2-DPRIME,Drugs,Aminoglycosides,Aminoglycoside O-phosphotransferases,APH2-DPRIME,
MEG_8037|Drugs|Aminoglycosides|Aminoglycoside_efflux_pumps|CRCB,Drugs,Aminoglycosides,Aminoglycoside efflux pumps,CRCB,
MEG_10160|Drugs|Aminoglycosides|Aminoglycoside_N-acetyltransferases|AAC6-PRIME,Drugs,Aminoglycosides,Aminoglycoside N-acetyltransferases,AAC6-PRIME,
MEG_847|Drugs|Aminoglycosides|Aminoglycoside_O-nucleotidyltransferases|ANT3-DPRIME,Drugs,Aminoglycosides,Aminoglycoside O-nucleotidyltransferases,ANT3-DPRIME,
MEG_29|Drugs|Aminoglycosides|Aminoglycoside_N-acetyltransferases|AAC3,Drugs,Aminoglycosides,Aminoglycoside N-acetyltransferases,AAC3,
MEG_2973|Drugs|Fosfomycin|Fosfomycin_phosphorylation|FOMA,Drugs,Fosfomycin,Fosfomycin phosphorylation,FOMA,
MEG_2986|Drugs|Fosfomycin|Fosfomycin_thiol_transferases|FOSA,Drugs,Fosfomycin,Fosfomycin thiol transferases,FOSA,
MEG_8093|Drugs|Fosfomycin|Fosfomycin_thiol_transferases|FOSM,Drugs,Fosfomycin,Fosfomycin thiol transferases,FOSM,
MEG_3013|Drugs|Fosfomycin|Fosfomycin_thiol_transferases|FOSB,Drugs,Fosfomycin,Fosfomycin thiol transferases,FOSB,
MEG_3001|Drugs|Fosfomycin|Fosfomycin_thiol_transferases|FOSA,Drugs,Fosfomycin,Fosfomycin thiol transferases,FOSA,
MEG_3020|Drugs|Fosfomycin|Fosfomycin_thiol_transferases|FOSE,Drugs,Fosfomycin,Fosfomycin thiol transferases,FOSE,
MEG_2997|Drugs|Fosfomycin|Fosfomycin_thiol_transferases|FOSA,Drugs,Fosfomycin,Fosfomycin thiol transferases,FOSA,
MEG_2974|Drugs|Fosfomycin|Fosfomycin_phosphorylation|FOMB,Drugs,Fosfomycin,Fosfomycin phosphorylation,FOMB,
MEG_3017|Drugs|Fosfomycin|Fosfomycin_thiol_transferases|FOSC,Drugs,Fosfomycin,Fosfomycin thiol transferases,FOSC,
MEG_2975|Drugs|Fosfomycin|Fosfomycin_phosphorylation|FOMB,Drugs,Fosfomycin,Fosfomycin phosphorylation,FOMB,
MEG_11313|Drugs|Fosfomycin|Fosfomycin_thiol_transferases|FOSX,Drugs,Fosfomycin,Fosfomycin thiol transferases,FOSX,
MEG_3021|Drugs|Fosfomycin|Fosfomycin_thiol_transferases|FOSF,Drugs,Fosfomycin,Fosfomycin thiol transferases,FOSF,
MEG_2998|Drugs|Fosfomycin|Fosfomycin_thiol_transferases|FOSA,Drugs,Fosfomycin,Fosfomycin thiol transferases,FOSA,
MEG_11310|Drugs|Fosfomycin|Fosfomycin_thiol_transferases|FOSA,Drugs,Fosfomycin,Fosfomycin thiol transferases,FOSA,
MEG_2982|Drugs|Fosfomycin|Fosfomycin_thiol_transferases|FOSA,Drugs,Fosfomycin,Fosfomycin thiol transferases,FOSA,
MEG_11395|Drugs|Fosfomycin|Fosfomycin_thiol_transferases|FOSS,Drugs,Fosfomycin,Fosfomycin thiol transferases,FOSS,
MEG_3005|Drugs|Fosfomycin|Fosfomycin_thiol_transferases|FOSB,Drugs,Fosfomycin,Fosfomycin thiol transferases,FOSB,
MEG_3023|Drugs|Fosfomycin|Fosfomycin_thiol_transferases|FOSK,Drugs,Fosfomycin,Fosfomycin thiol transferases,FOSK,
MEG_2995|Drugs|Fosfomycin|Fosfomycin_thiol_transferases|FOSA,Drugs,Fosfomycin,Fosfomycin thiol transferases,FOSA,
MEG_3025|Drugs|Fosfomycin|Fosfomycin_thiol_transferases|FOSX,Drugs,Fosfomycin,Fosfomycin thiol transferases,FOSX,
MEG_11242|Drugs|Fosfomycin|Fosfomycin_thiol_transferases|FOSA,Drugs,Fosfomycin,Fosfomycin thiol transferases,FOSA,
MEG_3026|Drugs|Fosfomycin|Fosfomycin_thiol_transferases|FOSX,Drugs,Fosfomycin,Fosfomycin thiol transferases,FOSX,
MEG_2983|Drugs|Fosfomycin|Fosfomycin_thiol_transferases|FOSA,Drugs,Fosfomycin,Fosfomycin thiol transferases,FOSA,
MEG_11250|Drugs|Fosfomycin|Fosfomycin_thiol_transferases|FOSL,Drugs,Fosfomycin,Fosfomycin thiol transferases,FOSL,
MEG_369|Drugs|Fosfomycin|Fosfomycin_MFS_efflux_pump|ABAF,Drugs,Fosfomycin,Fosfomycin MFS efflux pump,ABAF,
MEG_3022|Drugs|Fosfomycin|Fosfomycin_thiol_transferases|FOSG,Drugs,Fosfomycin,Fosfomycin thiol transferases,FOSG,
MEG_8088|Drugs|Fosfomycin|Fosfomycin_thiol_transferases|FOSA,Drugs,Fosfomycin,Fosfomycin thiol transferases,FOSA,
MEG_11312|Drugs|Fosfomycin|Fosfomycin_thiol_transferases|FOSA,Drugs,Fosfomycin,Fosfomycin thiol transferases,FOSA,
MEG_3004|Drugs|Fosfomycin|Fosfomycin_thiol_transferases|FOSB,Drugs,Fosfomycin,Fosfomycin thiol transferases,FOSB,
MEG_11241|Drugs|Fosfomycin|Fosfomycin_thiol_transferases|FOSA,Drugs,Fosfomycin,Fosfomycin thiol transferases,FOSA,
MEG_11311|Drugs|Fosfomycin|Fosfomycin_thiol_transferases|FOSA,Drugs,Fosfomycin,Fosfomycin thiol transferases,FOSA,
MEG_2996|Drugs|Fosfomycin|Fosfomycin_thiol_transferases|FOSA,Drugs,Fosfomycin,Fosfomycin thiol transferases,FOSA,
MEG_3027|Drugs|Fosfomycin|Fosfomycin_thiol_transferases|FOSX,Drugs,Fosfomycin,Fosfomycin thiol transferases,FOSX,
MEG_2990|Drugs|Fosfomycin|Fosfomycin_thiol_transferases|FOSA,Drugs,Fosfomycin,Fosfomycin thiol transferases,FOSA,
MEG_2994|Drugs|Fosfomycin|Fosfomycin_thiol_transferases|FOSA,Drugs,Fosfomycin,Fosfomycin thiol transferases,FOSA,
MEG_3010|Drugs|Fosfomycin|Fosfomycin_thiol_transferases|FOSB,Drugs,Fosfomycin,Fosfomycin thiol transferases,FOSB,
MEG_3003|Drugs|Fosfomycin|Fosfomycin_thiol_transferases|FOSA,Drugs,Fosfomycin,Fosfomycin thiol transferases,FOSA,
MEG_11244|Drugs|Fosfomycin|Fosfomycin_thiol_transferases|FOSA,Drugs,Fosfomycin,Fosfomycin thiol transferases,FOSA,
MEG_11245|Drugs|Fosfomycin|Fosfomycin_thiol_transferases|FOSA,Drugs,Fosfomycin,Fosfomycin thiol transferases,FOSA,
MEG_3014|Drugs|Fosfomycin|Fosfomycin_thiol_transferases|FOSB,Drugs,Fosfomycin,Fosfomycin thiol transferases,FOSB,
MEG_8452|Drugs|Multi-drug_resistance|MDR_regulator|PARS,Drugs,Multi-drug resistance,MDR regulator,PARS,
MEG_7689|Drugs|Multi-drug_resistance|Multi-drug_ABC_efflux_pumps|VGAD,Drugs,Multi-drug resistance,Multi-drug ABC efflux pumps,VGAD,
MEG_4312|Drugs|Multi-drug_resistance|Multi-drug_ABC_efflux_pumps|OPTRA,Drugs,Multi-drug resistance,Multi-drug ABC efflux pumps,OPTRA,
MEG_1727|Drugs|Multi-drug_resistance|MDR_23S_ribosomal_RNA_methyltransferase|CLBB,Drugs,Multi-drug resistance,MDR 23S ribosomal RNA methyltransferase,CLBB,
MEG_4310|Drugs|Multi-drug_resistance|Multi-drug_ABC_efflux_pumps|OPTRA,Drugs,Multi-drug resistance,Multi-drug ABC efflux pumps,OPTRA,
MEG_7802|Drugs|Multi-drug_resistance|Multi-drug_ABC_efflux_pumps|VMLR,Drugs,Multi-drug resistance,Multi-drug ABC efflux pumps,VMLR,
MEG_1684|Drugs|Multi-drug_resistance|MDR_23S_ribosomal_RNA_methyltransferase|CFRB,Drugs,Multi-drug resistance,MDR 23S ribosomal RNA methyltransferase,CFRB,
MEG_1685|Drugs|Multi-drug_resistance|MDR_23S_ribosomal_RNA_methyltransferase|CFRC,Drugs,Multi-drug resistance,MDR 23S ribosomal RNA methyltransferase,CFRC,
MEG_6084|Drugs|Multi-drug_resistance|Multi-drug_MFS_efflux_pumps|ROSB,Drugs,Multi-drug resistance,Multi-drug MFS efflux pumps,ROSB,
MEG_7684|Drugs|Multi-drug_resistance|Multi-drug_ABC_efflux_pumps|VGA,Drugs,Multi-drug resistance,Multi-drug ABC efflux pumps,VGA,
MEG_3595|Drugs|Multi-drug_resistance|Multi-drug_ABC_efflux_pumps|LMRB,Drugs,Multi-drug resistance,Multi-drug ABC efflux pumps,LMRB,
MEG_1118|Drugs|Multi-drug_resistance|MDR_regulator|ARLS,Drugs,Multi-drug resistance,MDR regulator,ARLS,
MEG_3658|Drugs|Multi-drug_resistance|Multi-drug_ABC_efflux_pumps|MACB,Drugs,Multi-drug resistance,Multi-drug ABC efflux pumps,MACB,
MEG_3648|Drugs|Multi-drug_resistance|Multi-drug_ABC_efflux_pumps|LSAE,Drugs,Multi-drug resistance,Multi-drug ABC efflux pumps,LSAE,
MEG_8232|Drugs|Multi-drug_resistance|Multi-drug_ABC_efflux_pumps|LPTD,Drugs,Multi-drug resistance,Multi-drug ABC efflux pumps,LPTD,
MEG_3625|Drugs|Multi-drug_resistance|Multi-drug_RND_efflux_pumps|LPEB,Drugs,Multi-drug resistance,Multi-drug RND efflux pumps,LPEB,
MEG_7683|Drugs|Multi-drug_resistance|Multi-drug_ABC_efflux_pumps|VGA,Drugs,Multi-drug resistance,Multi-drug ABC efflux pumps,VGA,
MEG_6558|Drugs|Multi-drug_resistance|Multi-drug_ABC_efflux_pumps|SRMB,Drugs,Multi-drug resistance,Multi-drug ABC efflux pumps,SRMB,
MEG_7681|Drugs|Multi-drug_resistance|Multi-drug_ABC_efflux_pumps|VGA,Drugs,Multi-drug resistance,Multi-drug ABC efflux pumps,VGA,
MEG_10192|Drugs|Multi-drug_resistance|Multi-drug_ABC_efflux_pumps|SALE,Drugs,Multi-drug resistance,Multi-drug ABC efflux pumps,SALE,
MEG_1116|Drugs|Multi-drug_resistance|MDR_regulator|ARLR,Drugs,Multi-drug resistance,MDR regulator,ARLR,
MEG_8451|Drugs|Multi-drug_resistance|MDR_regulator|PARR,Drugs,Multi-drug resistance,MDR regulator,PARR,
MEG_11432|Drugs|Multi-drug_resistance|ABC-F_ribosomal_protection_protein|VGAF,Drugs,Multi-drug resistance,ABC-F ribosomal protection protein,VGAF,
MEG_4295|Drugs|Multi-drug_resistance|Multi-drug_RND_efflux_pumps|OPRA,Drugs,Multi-drug resistance,Multi-drug RND efflux pumps,OPRA,
MEG_4321|Drugs|Multi-drug_resistance|Multi-drug_ABC_efflux_pumps|OPTRA,Drugs,Multi-drug resistance,Multi-drug ABC efflux pumps,OPTRA,
MEG_4078|Drugs|Multi-drug_resistance|Multi-drug_RND_efflux_regulator|MTRAD,Drugs,Multi-drug resistance,Multi-drug RND efflux regulator,MTRAD,
MEG_4294|Drugs|Multi-drug_resistance|Multi-drug_RND_efflux_pumps|OPMH,Drugs,Multi-drug resistance,Multi-drug RND efflux pumps,OPMH,
MEG_7682|Drugs|Multi-drug_resistance|Multi-drug_ABC_efflux_pumps|VGA,Drugs,Multi-drug resistance,Multi-drug ABC efflux pumps,VGA,
MEG_1728|Drugs|Multi-drug_resistance|MDR_23S_ribosomal_RNA_methyltransferase|CLBC,Drugs,Multi-drug resistance,MDR 23S ribosomal RNA methyltransferase,CLBC,
MEG_4061|Drugs|Multi-drug_resistance|Multi-drug_ABC_efflux_pumps|MSBA,Drugs,Multi-drug resistance,Multi-drug ABC efflux pumps,MSBA,
MEG_3657|Drugs|Multi-drug_resistance|Multi-drug_ABC_efflux_pumps|MACA,Drugs,Multi-drug resistance,Multi-drug ABC efflux pumps,MACA,
MEG_1779|Drugs|Multi-drug_resistance|Multi-drug_MFS_efflux_pumps|CMR,Drugs,Multi-drug resistance,Multi-drug MFS efflux pumps,CMR,
MEG_8690|Drugs|Multi-drug_resistance|Multi-drug_ABC_efflux_pumps|SALD,Drugs,Multi-drug resistance,Multi-drug ABC efflux pumps,SALD,
MEG_4102|Drugs|Multi-drug_resistance|Multi-drug_RND_efflux_pumps|MUXC,Drugs,Multi-drug resistance,Multi-drug RND efflux pumps,MUXC,
MEG_2670|Drugs|Multi-drug_resistance|Multi-drug_ABC_efflux_pumps|DRRA,Drugs,Multi-drug resistance,Multi-drug ABC efflux pumps,DRRA,
MEG_3943|Drugs|Multi-drug_resistance|MDR_regulator|MGRA,Drugs,Multi-drug resistance,MDR regulator,MGRA,
MEG_4311|Drugs|Multi-drug_resistance|Multi-drug_ABC_efflux_pumps|OPTRA,Drugs,Multi-drug resistance,Multi-drug ABC efflux pumps,OPTRA,
MEG_7688|Drugs|Multi-drug_resistance|Multi-drug_ABC_efflux_pumps|VGAB,Drugs,Multi-drug resistance,Multi-drug ABC efflux pumps,VGAB,
MEG_4307|Drugs|Multi-drug_resistance|Multi-drug_ABC_efflux_pumps|OPTRA,Drugs,Multi-drug resistance,Multi-drug ABC efflux pumps,OPTRA,
MEG_1726|Drugs|Multi-drug_resistance|MDR_23S_ribosomal_RNA_methyltransferase|CLBA,Drugs,Multi-drug resistance,MDR 23S ribosomal RNA methyltransferase,CLBA,
MEG_7287|Multi-compound|Drug_and_biocide_resistance|Drug_and_biocide_RND_efflux_pumps|TTGA,Multi-compound,Drug and biocide resistance,Drug and biocide RND efflux pumps,TTGA,
MEG_8649|Multi-compound|Drug_and_biocide_resistance|Drug_and_biocide_SMR_efflux_pumps|QACH,Multi-compound,Drug and biocide resistance,Drug and biocide SMR efflux pumps,QACH,
MEG_3268|Multi-compound|Drug_and_biocide_resistance|Drug_and_biocide_MATE_efflux_pumps|HMRM,Multi-compound,Drug and biocide resistance,Drug and biocide MATE efflux pumps,HMRM,
MEG_3996|Multi-compound|Drug_and_biocide_resistance|Drug_and_biocide_SMR_efflux_pumps|MMR,Multi-compound,Drug and biocide resistance,Drug and biocide SMR efflux pumps,MMR,
MEG_7637|Multi-compound|Drug_and_biocide_resistance|Drug_and_biocide_RND_efflux_pumps|VCEA,Multi-compound,Drug and biocide resistance,Drug and biocide RND efflux pumps,VCEA,
MEG_5823|Multi-compound|Drug_and_biocide_resistance|Drug_and_biocide_MFS_efflux_pumps|QACAB,Multi-compound,Drug and biocide resistance,Drug and biocide MFS efflux pumps,QACAB,
MEG_1186|Multi-compound|Drug_and_biocide_resistance|Drug_and_biocide_RND_efflux_pumps|AXY,Multi-compound,Drug and biocide resistance,Drug and biocide RND efflux pumps,AXY,
MEG_7671|Multi-compound|Drug_and_biocide_resistance|Drug_and_biocide_RND_efflux_pumps|VEXD,Multi-compound,Drug and biocide resistance,Drug and biocide RND efflux pumps,VEXD,
MEG_6179|Multi-compound|Drug_and_biocide_resistance|Drug_and_biocide_RND_efflux_pumps|SEPA,Multi-compound,Drug and biocide resistance,Drug and biocide RND efflux pumps,SEPA,
MEG_689|Multi-compound|Drug_and_biocide_resistance|Drug_and_biocide_RND_efflux_pumps|ADEI,Multi-compound,Drug and biocide resistance,Drug and biocide RND efflux pumps,ADEI,
MEG_1464|Multi-compound|Drug_and_biocide_resistance|Drug_and_biocide_MFS_efflux_pumps|BLT,Multi-compound,Drug and biocide resistance,Drug and biocide MFS efflux pumps,BLT,
MEG_408|Multi-compound|Drug_and_biocide_resistance|Drug_and_biocide_RND_efflux_pumps|ACRE,Multi-compound,Drug and biocide resistance,Drug and biocide RND efflux pumps,ACRE,
MEG_5841|Multi-compound|Drug_and_biocide_resistance|Drug_and_biocide_SMR_efflux_pumps|QACG,Multi-compound,Drug and biocide resistance,Drug and biocide SMR efflux pumps,QACG,
MEG_4212|Multi-compound|Drug_and_biocide_resistance|Drug_and_biocide_MATE_efflux_pumps|NORM,Multi-compound,Drug and biocide resistance,Drug and biocide MATE efflux pumps,NORM,
MEG_5827|Multi-compound|Drug_and_biocide_resistance|Drug_and_biocide_SMR_efflux_pumps|QACE,Multi-compound,Drug and biocide resistance,Drug and biocide SMR efflux pumps,QACE,
MEG_5834|Multi-compound|Drug_and_biocide_resistance|Drug_and_biocide_SMR_efflux_pumps|QACF,Multi-compound,Drug and biocide resistance,Drug and biocide SMR efflux pumps,QACF,
MEG_3754|Multi-compound|Drug_and_biocide_resistance|Drug_and_biocide_MFS_efflux_pumps|MDTG,Multi-compound,Drug and biocide resistance,Drug and biocide MFS efflux pumps,MDTG,
MEG_4329|Multi-compound|Drug_and_biocide_resistance|Drug_and_biocide_RND_efflux_pumps|OQXA,Multi-compound,Drug and biocide resistance,Drug and biocide RND efflux pumps,OQXA,
MEG_4369|Multi-compound|Drug_and_biocide_resistance|Drug_and_biocide_RND_efflux_pumps|OQXB,Multi-compound,Drug and biocide resistance,Drug and biocide RND efflux pumps,OQXB,
MEG_3924|Multi-compound|Drug_and_biocide_resistance|Drug_and_biocide_RND_efflux_regulator|MEXR,Multi-compound,Drug and biocide resistance,Drug and biocide RND efflux regulator,MEXR,
MEG_4084|Multi-compound|Drug_and_biocide_resistance|Drug_and_biocide_RND_efflux_pumps|MTRE,Multi-compound,Drug and biocide resistance,Drug and biocide RND efflux pumps,MTRE,
MEG_2886|Multi-compound|Drug_and_biocide_resistance|Drug_and_biocide_MFS_efflux_pumps|FARB,Multi-compound,Drug and biocide resistance,Drug and biocide MFS efflux pumps,FARB,
MEG_3914|Multi-compound|Drug_and_biocide_resistance|Drug_and_biocide_RND_efflux_pumps|MEXH,Multi-compound,Drug and biocide resistance,Drug and biocide RND efflux pumps,MEXH,
MEG_5822|Multi-compound|Drug_and_biocide_resistance|Drug_and_biocide_MFS_efflux_pumps|QACAB,Multi-compound,Drug and biocide resistance,Drug and biocide MFS efflux pumps,QACAB,
MEG_1641|Multi-compound|Drug_and_biocide_resistance|Drug_and_biocide_MATE_efflux_pumps|CDEA,Multi-compound,Drug and biocide resistance,Drug and biocide MATE efflux pumps,CDEA,
MEG_4353|Multi-compound|Drug_and_biocide_resistance|Drug_and_biocide_RND_efflux_pumps|OQXB,Multi-compound,Drug and biocide resistance,Drug and biocide RND efflux pumps,OQXB,
MEG_3920|Multi-compound|Drug_and_biocide_resistance|Drug_and_biocide_RND_efflux_pumps|MEXN,Multi-compound,Drug and biocide resistance,Drug and biocide RND efflux pumps,MEXN,
MEG_4365|Multi-compound|Drug_and_biocide_resistance|Drug_and_biocide_RND_efflux_pumps|OQXB,Multi-compound,Drug and biocide resistance,Drug and biocide RND efflux pumps,OQXB,
MEG_4081|Multi-compound|Drug_and_biocide_resistance|Drug_and_biocide_RND_efflux_pumps|MTRD,Multi-compound,Drug and biocide resistance,Drug and biocide RND efflux pumps,MTRD,
MEG_731|Multi-compound|Drug_and_biocide_resistance|Drug_and_biocide_RND_efflux_pumps|AMRA,Multi-compound,Drug and biocide resistance,Drug and biocide RND efflux pumps,AMRA,
MEG_5794|Multi-compound|Drug_and_biocide_resistance|Drug_and_biocide_MATE_efflux_pumps|PMPM,Multi-compound,Drug and biocide resistance,Drug and biocide MATE efflux pumps,PMPM,
MEG_4344|Multi-compound|Drug_and_biocide_resistance|Drug_and_biocide_RND_efflux_pumps|OQXB,Multi-compound,Drug and biocide resistance,Drug and biocide RND efflux pumps,OQXB,
MEG_4210|Multi-compound|Drug_and_biocide_resistance|Drug_and_biocide_MFS_efflux_pumps|NORB,Multi-compound,Drug and biocide resistance,Drug and biocide MFS efflux pumps,NORB,
MEG_685|Multi-compound|Drug_and_biocide_resistance|Drug_and_biocide_RND_efflux_pumps|ADEH,Multi-compound,Drug and biocide resistance,Drug and biocide RND efflux pumps,ADEH,
MEG_706|Multi-compound|Drug_and_biocide_resistance|Drug_and_biocide_RND_efflux_pumps|ADET2,Multi-compound,Drug and biocide resistance,Drug and biocide RND efflux pumps,ADET2,
MEG_5826|Multi-compound|Drug_and_biocide_resistance|Drug_and_biocide_SMR_efflux_pumps|QACC,Multi-compound,Drug and biocide resistance,Drug and biocide SMR efflux pumps,QACC,
MEG_4077|Multi-compound|Drug_and_biocide_resistance|Drug_and_biocide_RND_efflux_regulator|MTRA,Multi-compound,Drug and biocide resistance,Drug and biocide RND efflux regulator,MTRA,
MEG_3753|Multi-compound|Drug_and_biocide_resistance|Drug_and_biocide_MFS_efflux_pumps|MDTG,Multi-compound,Drug and biocide resistance,Drug and biocide MFS efflux pumps,MDTG,
MEG_6522|Multi-compound|Drug_and_biocide_resistance|Drug_and_biocide_RND_efflux_pumps|SME,Multi-compound,Drug and biocide resistance,Drug and biocide RND efflux pumps,SME,
MEG_1209|Multi-compound|Drug_and_biocide_resistance|Drug_and_biocide_MFS_efflux_pumps|BCR,Multi-compound,Drug and biocide resistance,Drug and biocide MFS efflux pumps,BCR,
MEG_7772|Biocides|Multi-biocide_resistance|Multi-biocide_RND_efflux_pump|VMEA,Biocides,Multi-biocide resistance,Multi-biocide RND efflux pump,VMEA,
MEG_7783|Biocides|Multi-biocide_resistance|Multi-biocide_RND_efflux_pump|VMEA,Biocides,Multi-biocide resistance,Multi-biocide RND efflux pump,VMEA,
MEG_2697|Biocides|Multi-biocide_resistance|Multi-biocide_SMR_efflux_pump|EBRA,Biocides,Multi-biocide resistance,Multi-biocide SMR efflux pump,EBRA,
MEG_6535|Biocides|Multi-biocide_resistance|Multi-biocide_ABC_efflux_pump|SMRA,Biocides,Multi-biocide resistance,Multi-biocide ABC efflux pump,SMRA,
MEG_6564|Biocides|Multi-biocide_resistance|Multi-biocide_RND_efflux_regulator|SRPS,Biocides,Multi-biocide resistance,Multi-biocide RND efflux regulator,SRPS,
MEG_3936|Biocides|Multi-biocide_resistance|Multi-biocide_RND_efflux_pump|MEXW,Biocides,Multi-biocide resistance,Multi-biocide RND efflux pump,MEXW,
MEG_7786|Biocides|Multi-biocide_resistance|Multi-biocide_RND_efflux_pump|VMEC,Biocides,Multi-biocide resistance,Multi-biocide RND efflux pump,VMEC,
MEG_7298|Biocides|Multi-biocide_resistance|Multi-biocide_RND_efflux_regulator|TTGV,Biocides,Multi-biocide resistance,Multi-biocide RND efflux regulator,TTGV,
MEG_7268|Biocides|Multi-biocide_resistance|Multi-biocide_RND_efflux_pump|TOLCSM,Biocides,Multi-biocide resistance,Multi-biocide RND efflux pump,TOLCSM,
MEG_7266|Biocides|Multi-biocide_resistance|Multi-biocide_RND_efflux_pump|TOLC,Biocides,Multi-biocide resistance,Multi-biocide RND efflux pump,TOLC,
MEG_6578|Biocides|Multi-biocide_resistance|Multi-biocide_SMR_efflux_pump|SUGE,Biocides,Multi-biocide resistance,Multi-biocide SMR efflux pump,SUGE,
MEG_7794|Biocides|Multi-biocide_resistance|Multi-biocide_RND_efflux_pump|VMEK,Biocides,Multi-biocide resistance,Multi-biocide RND efflux pump,VMEK,
MEG_1468|Biocides|Multi-biocide_resistance|Multi-biocide_resistance_regulator|BLTR,Biocides,Multi-biocide resistance,Multi-biocide resistance regulator,BLTR,
MEG_6646|Biocides|Multi-biocide_resistance|Multi-biocide_RND_efflux_pump|TBTB,Biocides,Multi-biocide resistance,Multi-biocide RND efflux pump,TBTB,
MEG_3735|Biocides|Multi-biocide_resistance|Multi-biocide_resistance_protein|MDEA,Biocides,Multi-biocide resistance,Multi-biocide resistance protein,MDEA,
MEG_6140|Biocides|Multi-biocide_resistance|Multi-biocide_resistance_regulator|RPOS,Biocides,Multi-biocide resistance,Multi-biocide resistance regulator,RPOS,
MEG_6519|Biocides|Multi-biocide_resistance|Multi-biocide_ABC_efflux_pump|SMDA,Biocides,Multi-biocide resistance,Multi-biocide ABC efflux pump,SMDA,
MEG_6575|Biocides|Multi-biocide_resistance|Multi-biocide_SMR_efflux_pump|SUGE,Biocides,Multi-biocide resistance,Multi-biocide SMR efflux pump,SUGE,
MEG_4297|Biocides|Multi-biocide_resistance|Multi-biocide_RND_efflux_pump|OPRJ,Biocides,Multi-biocide resistance,Multi-biocide RND efflux pump,OPRJ,
MEG_6577|Biocides|Multi-biocide_resistance|Multi-biocide_SMR_efflux_pump|SUGE,Biocides,Multi-biocide resistance,Multi-biocide SMR efflux pump,SUGE,
MEG_7781|Biocides|Multi-biocide_resistance|Multi-biocide_RND_efflux_pump|VMEA,Biocides,Multi-biocide resistance,Multi-biocide RND efflux pump,VMEA,
MEG_7787|Biocides|Multi-biocide_resistance|Multi-biocide_RND_efflux_pump|VMED,Biocides,Multi-biocide resistance,Multi-biocide RND efflux pump,VMED,
MEG_2698|Biocides|Multi-biocide_resistance|Multi-biocide_SMR_efflux_pump|EBRB,Biocides,Multi-biocide resistance,Multi-biocide SMR efflux pump,EBRB,
MEG_6573|Biocides|Multi-biocide_resistance|Multi-biocide_SMR_efflux_pump|SSME,Biocides,Multi-biocide resistance,Multi-biocide SMR efflux pump,SSME,
MEG_7793|Biocides|Multi-biocide_resistance|Multi-biocide_RND_efflux_pump|VMEJ,Biocides,Multi-biocide resistance,Multi-biocide RND efflux pump,VMEJ,
MEG_6550|Biocides|Multi-biocide_resistance|Multi-biocide_resistance_regulator|SOXRB,Biocides,Multi-biocide resistance,Multi-biocide resistance regulator,SOXRB,
MEG_7803|Biocides|Multi-biocide_resistance|Multi-biocide_MATE_efflux_pump|VMRA,Biocides,Multi-biocide resistance,Multi-biocide MATE efflux pump,VMRA,
MEG_7788|Biocides|Multi-biocide_resistance|Multi-biocide_RND_efflux_pump|VMEE,Biocides,Multi-biocide resistance,Multi-biocide RND efflux pump,VMEE,
MEG_6560|Biocides|Multi-biocide_resistance|Multi-biocide_RND_efflux_pump|SRPB,Biocides,Multi-biocide resistance,Multi-biocide RND efflux pump,SRPB,
MEG_5415|Biocides|Multi-biocide_resistance|Multi-biocide_resistance_regulator|PCM,Biocides,Multi-biocide resistance,Multi-biocide resistance regulator,PCM,
MEG_2716|Biocides|Multi-biocide_resistance|Multi-biocide_RND_efflux_pump|EMHB,Biocides,Multi-biocide resistance,Multi-biocide RND efflux pump,EMHB,
MEG_6520|Biocides|Multi-biocide_resistance|Multi-biocide_ABC_efflux_pump|SMDB,Biocides,Multi-biocide resistance,Multi-biocide ABC efflux pump,SMDB,
MEG_7643|Biocides|Multi-biocide_resistance|Multi-biocide_MATE_efflux_pump|VCRM,Biocides,Multi-biocide resistance,Multi-biocide MATE efflux pump,VCRM,
MEG_3539|Biocides|Multi-biocide_resistance|Multi-biocide_MFS_efflux_pump|LDE,Biocides,Multi-biocide resistance,Multi-biocide MFS efflux pump,LDE,
MEG_7773|Biocides|Multi-biocide_resistance|Multi-biocide_RND_efflux_pump|VMEA,Biocides,Multi-biocide resistance,Multi-biocide RND efflux pump,VMEA,
MEG_7785|Biocides|Multi-biocide_resistance|Multi-biocide_RND_efflux_pump|VMEB,Biocides,Multi-biocide resistance,Multi-biocide RND efflux pump,VMEB,
MEG_7780|Biocides|Multi-biocide_resistance|Multi-biocide_RND_efflux_pump|VMEA,Biocides,Multi-biocide resistance,Multi-biocide RND efflux pump,VMEA,
MEG_6531|Biocides|Multi-biocide_resistance|Multi-biocide_MFS_efflux_pump|SMFY,Biocides,Multi-biocide resistance,Multi-biocide MFS efflux pump,SMFY,
MEG_7294|Biocides|Multi-biocide_resistance|Multi-biocide_RND_efflux_pump|TTGF,Biocides,Multi-biocide resistance,Multi-biocide RND efflux pump,TTGF,
MEG_7771|Biocides|Multi-biocide_resistance|Multi-biocide_RND_efflux_pump|VMEA,Biocides,Multi-biocide resistance,Multi-biocide RND efflux pump,VMEA,
MEG_3153|Drugs|betalactams|Class_B_betalactamases|GOB,Drugs,betalactams,Class B betalactamases,GOB,
MEG_5074|Drugs|betalactams|Class_D_betalactamases|OXA,Drugs,betalactams,Class D betalactamases,OXA,
MEG_8216|Drugs|betalactams|Class_A_betalactamases|LEN,Drugs,betalactams,Class A betalactamases,LEN,
MEG_3660|Drugs|betalactams|Class_A_betalactamases|MAL,Drugs,betalactams,Class A betalactamases,MAL,
MEG_3494|Drugs|betalactams|Class_A_betalactamases|KPC,Drugs,betalactams,Class A betalactamases,KPC,
MEG_1886|Drugs|betalactams|Class_C_betalactamases|CMY,Drugs,betalactams,Class C betalactamases,CMY,
MEG_9947|Drugs|betalactams|Class_D_betalactamases|OXA,Drugs,betalactams,Class D betalactamases,OXA,
MEG_8940|Drugs|betalactams|Class_C_betalactamases|CMH,Drugs,betalactams,Class C betalactamases,CMH,
MEG_4402|Drugs|betalactams|Class_D_betalactamases|OXA,Drugs,betalactams,Class D betalactamases,OXA,
MEG_4912|Drugs|betalactams|Class_D_betalactamases|OXA,Drugs,betalactams,Class D betalactamases,OXA,
MEG_9274|Drugs|betalactams|Class_C_betalactamases|ADC,Drugs,betalactams,Class C betalactamases,ADC,
MEG_8857|Drugs|betalactams|Class_A_betalactamases|CTX,Drugs,betalactams,Class A betalactamases,CTX,
MEG_4273|Drugs|betalactams|Class_A_betalactamases|OKP,Drugs,betalactams,Class A betalactamases,OKP,
MEG_6299|Drugs|betalactams|Class_A_betalactamases|SHV,Drugs,betalactams,Class A betalactamases,SHV,
MEG_9591|Drugs|betalactams|Class_D_betalactamases|OXA,Drugs,betalactams,Class D betalactamases,OXA,
MEG_551|Drugs|betalactams|Class_C_betalactamases|ADC,Drugs,betalactams,Class C betalactamases,ADC,
MEG_5705|Drugs|betalactams|Class_C_betalactamases|PDC,Drugs,betalactams,Class C betalactamases,PDC,
MEG_10935|Drugs|betalactams|Class_A_betalactamases|KPC,Drugs,betalactams,Class A betalactamases,KPC,
MEG_9723|Drugs|betalactams|Class_D_betalactamases|OXA,Drugs,betalactams,Class D betalactamases,OXA,
MEG_11119|Drugs|betalactams|Class_D_betalactamases|OXA,Drugs,betalactams,Class D betalactamases,OXA,
MEG_8552|Drugs|betalactams|Class_C_betalactamases|PDC,Drugs,betalactams,Class C betalactamases,PDC,
MEG_9571|Drugs|betalactams|Class_D_betalactamases|OXA,Drugs,betalactams,Class D betalactamases,OXA,
MEG_9153|Drugs|betalactams|Class_C_betalactamases|PDC,Drugs,betalactams,Class C betalactamases,PDC,
MEG_8048|Drugs|betalactams|Class_A_betalactamases|CTX,Drugs,betalactams,Class A betalactamases,CTX,
MEG_2423|Drugs|betalactams|Class_A_betalactamases|CTX,Drugs,betalactams,Class A betalactamases,CTX,
MEG_626|Drugs|betalactams|Class_C_betalactamases|ADC,Drugs,betalactams,Class C betalactamases,ADC,
MEG_2148|Drugs|betalactams|Class_A_betalactamases|CTX,Drugs,betalactams,Class A betalactamases,CTX,
MEG_8375|Drugs|betalactams|Class_D_betalactamases|OXA,Drugs,betalactams,Class D betalactamases,OXA,
MEG_8576|Drugs|betalactams|Class_C_betalactamases|PDC,Drugs,betalactams,Class C betalactamases,PDC,
MEG_9229|Drugs|betalactams|Class_C_betalactamases|ADC,Drugs,betalactams,Class C betalactamases,ADC,
MEG_9960|Drugs|betalactams|Class_B_betalactamases|KHM,Drugs,betalactams,Class B betalactamases,KHM,
MEG_4927|Drugs|betalactams|Class_D_betalactamases|OXA,Drugs,betalactams,Class D betalactamases,OXA,
MEG_609|Drugs|betalactams|Class_C_betalactamases|ADC,Drugs,betalactams,Class C betalactamases,ADC,
MEG_5067|Drugs|betalactams|Class_D_betalactamases|OXA,Drugs,betalactams,Class D betalactamases,OXA,
MEG_10802|Drugs|betalactams|Class_A_betalactamases|LEN,Drugs,betalactams,Class A betalactamases,LEN,
MEG_7952|Drugs|betalactams|Class_C_betalactamases|ADC,Drugs,betalactams,Class C betalactamases,ADC,
MEG_5043|Drugs|betalactams|Class_D_betalactamases|OXA,Drugs,betalactams,Class D betalactamases,OXA,
MEG_8884|Drugs|betalactams|Class_A_betalactamases|TEM,Drugs,betalactams,Class A betalactamases,TEM,
MEG_5224|Drugs|betalactams|Class_D_betalactamases|OXA,Drugs,betalactams,Class D betalactamases,OXA,
MEG_4670|Drugs|betalactams|Class_D_betalactamases|OXA,Drugs,betalactams,Class D betalactamases,OXA,
MEG_396|Metals|Iron_resistance|Iron_resistance_protein|ACN,Metals,Iron resistance,Iron resistance protein,ACN,
MEG_1230|Metals|Iron_resistance|Iron_resistance_protein|BFRA,Metals,Iron resistance,Iron resistance protein,BFRA,
MEG_3063|Metals|Iron_resistance|Iron_resistance_regulator|FURA,Metals,Iron resistance,Iron resistance regulator,FURA,
MEG_3064|Metals|Iron_resistance|Iron_resistance_regulator|FURA,Metals,Iron resistance,Iron resistance regulator,FURA,
MEG_7811|Metals|Iron_resistance|Iron_resistance_protein|YBTP,Metals,Iron resistance,Iron resistance protein,YBTP,
MEG_7812|Metals|Iron_resistance|Iron_resistance_protein|YBTQ,Metals,Iron resistance,Iron resistance protein,YBTQ,
MEG_11324|Metals|Arsenic_resistance|Arsenic_resistance_protein|ARSB,Metals,Arsenic resistance,Arsenic resistance protein,ARSB,
MEG_715|Metals|Arsenic_resistance|Arsenite_oxidase_regulator|AIOR,Metals,Arsenic resistance,Arsenite oxidase regulator,AIOR,
MEG_11326|Metals|Arsenic_resistance|Arsenic_resistance_protein|ARSB,Metals,Arsenic resistance,Arsenic resistance protein,ARSB,
MEG_1145|Metals|Arsenic_resistance|Arsenic_resistance_protein|ARSB,Metals,Arsenic resistance,Arsenic resistance protein,ARSB,
MEG_11329|Metals|Arsenic_resistance|Arsenic_resistance_protein|ARSD,Metals,Arsenic resistance,Arsenic resistance protein,ARSD,
MEG_11362|Metals|Arsenic_resistance|Arsenic_resistance_N-acetyltransferases|ARSN2,Metals,Arsenic resistance,Arsenic resistance N-acetyltransferases,ARSN2,
MEG_1160|Metals|Arsenic_resistance|Arsenic_resistance_protein|ARSC,Metals,Arsenic resistance,Arsenic resistance protein,ARSC,
MEG_11332|Metals|Arsenic_resistance|Arsenic_resistance_regulator|ARSR,Metals,Arsenic resistance,Arsenic resistance regulator,ARSR,
MEG_1173|Metals|Arsenic_resistance|Arsenic_resistance_regulator|ARSR,Metals,Arsenic resistance,Arsenic resistance regulator,ARSR,
MEG_11331|Metals|Arsenic_resistance|Arsenic_resistance_regulator|ARSR,Metals,Arsenic resistance,Arsenic resistance regulator,ARSR,
MEG_11323|Metals|Arsenic_resistance|Arsenic_resistance_protein|ARSB,Metals,Arsenic resistance,Arsenic resistance protein,ARSB,
MEG_11325|Metals|Arsenic_resistance|Arsenic_resistance_protein|ARSB,Metals,Arsenic resistance,Arsenic resistance protein,ARSB,
MEG_5815|Metals|Arsenic_resistance|Arsenic_resistance_protein|PSTC,Metals,Arsenic resistance,Arsenic resistance protein,PSTC,
MEG_398|Metals|Arsenic_resistance|Arsenic_resistance_membrane_transporter|ACR3,Metals,Arsenic resistance,Arsenic resistance membrane transporter,ACR3,
MEG_11363|Metals|Arsenic_resistance|Arsenic_resistance_N-acetyltransferases|ARSN2,Metals,Arsenic resistance,Arsenic resistance N-acetyltransferases,ARSN2,
MEG_713|Metals|Arsenic_resistance|Arsenite_oxidase|AIOB,Metals,Arsenic resistance,Arsenite oxidase,AIOB,
MEG_11328|Metals|Arsenic_resistance|Arsenic_resistance_protein|ARSD,Metals,Arsenic resistance,Arsenic resistance protein,ARSD,
MEG_11360|Metals|Arsenic_resistance|Arsenic_resistance_N-acetyltransferases|ARSN2,Metals,Arsenic resistance,Arsenic resistance N-acetyltransferases,ARSN2,
MEG_11330|Metals|Arsenic_resistance|Arsenic_resistance_protein|ARSD,Metals,Arsenic resistance,Arsenic resistance protein,ARSD,
MEG_11365|Metals|Arsenic_resistance|Arsenic_resistance_N-acetyltransferases|ARSN2,Metals,Arsenic resistance,Arsenic resistance N-acetyltransferases,ARSN2,
MEG_11364|Metals|Arsenic_resistance|Arsenic_resistance_N-acetyltransferases|ARSN2,Metals,Arsenic resistance,Arsenic resistance N-acetyltransferases,ARSN2,
MEG_716|Metals|Arsenic_resistance|Arsenite_oxidase_regulator|AIOS,Metals,Arsenic resistance,Arsenite oxidase regulator,AIOS,
MEG_5813|Metals|Arsenic_resistance|Arsenic_resistance_protein|PSTA,Metals,Arsenic resistance,Arsenic resistance protein,PSTA,
MEG_1159|Metals|Arsenic_resistance|Arsenic_resistance_protein|ARSC,Metals,Arsenic resistance,Arsenic resistance protein,ARSC,
MEG_1172|Metals|Arsenic_resistance|Arsenic_resistance_regulator|ARSR,Metals,Arsenic resistance,Arsenic resistance regulator,ARSR,
MEG_5817|Metals|Arsenic_resistance|Arsenic_resistance_protein|PSTS,Metals,Arsenic resistance,Arsenic resistance protein,PSTS,
MEG_1157|Metals|Arsenic_resistance|Arsenic_resistance_protein|ARSC,Metals,Arsenic resistance,Arsenic resistance protein,ARSC,
MEG_1170|Metals|Arsenic_resistance|Arsenic_resistance_protein|ARSP,Metals,Arsenic resistance,Arsenic resistance protein,ARSP,
MEG_1156|Metals|Arsenic_resistance|Arsenic_resistance_protein|ARSC,Metals,Arsenic resistance,Arsenic resistance protein,ARSC,
MEG_1165|Metals|Arsenic_resistance|Arsenic_resistance_protein|ARSD,Metals,Arsenic resistance,Arsenic resistance protein,ARSD,
MEG_5814|Metals|Arsenic_resistance|Arsenic_resistance_protein|PSTB,Metals,Arsenic resistance,Arsenic resistance protein,PSTB,
MEG_11252|Metals|Arsenic_resistance|Arsenic_resistance_regulator|ARSR,Metals,Arsenic resistance,Arsenic resistance regulator,ARSR,
MEG_5816|Metals|Arsenic_resistance|Arsenic_resistance_protein|PSTS,Metals,Arsenic resistance,Arsenic resistance protein,PSTS,
MEG_1146|Metals|Arsenic_resistance|Arsenic_resistance_protein|ARSB,Metals,Arsenic resistance,Arsenic resistance protein,ARSB,
MEG_1154|Metals|Arsenic_resistance|Arsenic_resistance_protein|ARSC,Metals,Arsenic resistance,Arsenic resistance protein,ARSC,
MEG_1141|Metals|Arsenic_resistance|Arsenic_resistance_protein|ARRB,Metals,Arsenic resistance,Arsenic resistance protein,ARRB,
MEG_712|Metals|Arsenic_resistance|Arsenite_oxidase|AIOA,Metals,Arsenic resistance,Arsenite oxidase,AIOA,
MEG_714|Metals|Arsenic_resistance|Arsenite_oxidase|AIOE,Metals,Arsenic resistance,Arsenite oxidase,AIOE,
MEG_711|Metals|Arsenic_resistance|Arsenite_oxidase|AIOA,Metals,Arsenic resistance,Arsenite oxidase,AIOA,
MEG_11361|Metals|Arsenic_resistance|Arsenic_resistance_N-acetyltransferases|ARSN2,Metals,Arsenic resistance,Arsenic resistance N-acetyltransferases,ARSN2,
MEG_3750|Multi-compound|Drug_and_biocide_and_metal_resistance|Drug_and_biocide_and_metal_RND_efflux_pumps|MDTC,Multi-compound,Drug and biocide and metal resistance,Drug and biocide and metal RND efflux pumps,MDTC,
MEG_3741|Multi-compound|Drug_and_biocide_and_metal_resistance|Drug_and_biocide_and_metal_MFS_efflux_pumps|MDRL,Multi-compound,Drug and biocide and metal resistance,Drug and biocide and metal MFS efflux pumps,MDRL,
MEG_3132|Multi-compound|Drug_and_biocide_and_metal_resistance|Drug_and_biocide_and_metal_RND_efflux_pumps|GESA,Multi-compound,Drug and biocide and metal resistance,Drug and biocide and metal RND efflux pumps,GESA,
MEG_1740|Multi-compound|Drug_and_biocide_and_metal_resistance|Drug_and_biocide_and_metal_RND_efflux_pumps|CMEB,Multi-compound,Drug and biocide and metal resistance,Drug and biocide and metal RND efflux pumps,CMEB,
MEG_3134|Multi-compound|Drug_and_biocide_and_metal_resistance|Drug_and_biocide_and_metal_RND_efflux_pumps|GESC,Multi-compound,Drug and biocide and metal resistance,Drug and biocide and metal RND efflux pumps,GESC,
MEG_1747|Multi-compound|Drug_and_biocide_and_metal_resistance|Drug_and_biocide_and_metal_RND_efflux_regulator|CMER,Multi-compound,Drug and biocide and metal resistance,Drug and biocide and metal RND efflux regulator,CMER,
MEG_1191|Multi-compound|Drug_and_biocide_and_metal_resistance|Drug_and_biocide_and_metal_RND_efflux_regulator|BAER,Multi-compound,Drug and biocide and metal resistance,Drug and biocide and metal RND efflux regulator,BAER,
MEG_1745|Multi-compound|Drug_and_biocide_and_metal_resistance|Drug_and_biocide_and_metal_RND_efflux_pumps|CMEF,Multi-compound,Drug and biocide and metal resistance,Drug and biocide and metal RND efflux pumps,CMEF,
MEG_1738|Multi-compound|Drug_and_biocide_and_metal_resistance|Drug_and_biocide_and_metal_RND_efflux_pumps|CMEA,Multi-compound,Drug and biocide and metal resistance,Drug and biocide and metal RND efflux pumps,CMEA,
MEG_406|Multi-compound|Drug_and_biocide_and_metal_resistance|Drug_and_biocide_and_metal_RND_efflux_pumps|ACRD,Multi-compound,Drug and biocide and metal resistance,Drug and biocide and metal RND efflux pumps,ACRD,
MEG_3749|Multi-compound|Drug_and_biocide_and_metal_resistance|Drug_and_biocide_and_metal_RND_efflux_pumps|MDTC,Multi-compound,Drug and biocide and metal resistance,Drug and biocide and metal RND efflux pumps,MDTC,
MEG_1737|Multi-compound|Drug_and_biocide_and_metal_resistance|Drug_and_biocide_and_metal_RND_efflux_pumps|CMEA,Multi-compound,Drug and biocide and metal resistance,Drug and biocide and metal RND efflux pumps,CMEA,
MEG_3747|Multi-compound|Drug_and_biocide_and_metal_resistance|Drug_and_biocide_and_metal_RND_efflux_pumps|MDTB,Multi-compound,Drug and biocide and metal resistance,Drug and biocide and metal RND efflux pumps,MDTB,
MEG_1195|Multi-compound|Drug_and_biocide_and_metal_resistance|Drug_and_biocide_and_metal_RND_efflux_regulator|BAES,Multi-compound,Drug and biocide and metal resistance,Drug and biocide and metal RND efflux regulator,BAES,
MEG_1193|Multi-compound|Drug_and_biocide_and_metal_resistance|Drug_and_biocide_and_metal_RND_efflux_regulator|BAES,Multi-compound,Drug and biocide and metal resistance,Drug and biocide and metal RND efflux regulator,BAES,
MEG_3133|Multi-compound|Drug_and_biocide_and_metal_resistance|Drug_and_biocide_and_metal_RND_efflux_pumps|GESB,Multi-compound,Drug and biocide and metal resistance,Drug and biocide and metal RND efflux pumps,GESB,
MEG_10013|Multi-compound|Drug_and_biocide_and_metal_resistance|Drug_and_biocide_and_metal_RND_efflux_regulator|BAES,Multi-compound,Drug and biocide and metal resistance,Drug and biocide and metal RND efflux regulator,BAES,
MEG_1742|Multi-compound|Drug_and_biocide_and_metal_resistance|Drug_and_biocide_and_metal_RND_efflux_pumps|CMEC,Multi-compound,Drug and biocide and metal resistance,Drug and biocide and metal RND efflux pumps,CMEC,
MEG_405|Multi-compound|Drug_and_biocide_and_metal_resistance|Drug_and_biocide_and_metal_RND_efflux_pumps|ACRD,Multi-compound,Drug and biocide and metal resistance,Drug and biocide and metal RND efflux pumps,ACRD,
MEG_7838|Multi-compound|Drug_and_biocide_and_metal_resistance|Drug_and_biocide_and_metal_SMR_efflux_pump|YKKC,Multi-compound,Drug and biocide and metal resistance,Drug and biocide and metal SMR efflux pump,YKKC,
MEG_407|Multi-compound|Drug_and_biocide_and_metal_resistance|Drug_and_biocide_and_metal_RND_efflux_pumps|ACRD,Multi-compound,Drug and biocide and metal resistance,Drug and biocide and metal RND efflux pumps,ACRD,
MEG_3743|Multi-compound|Drug_and_biocide_and_metal_resistance|Drug_and_biocide_and_metal_MFS_efflux_pumps|MDRL,Multi-compound,Drug and biocide and metal resistance,Drug and biocide and metal MFS efflux pumps,MDRL,
MEG_6082|Multi-compound|Drug_and_biocide_and_metal_resistance|Drug_and_biocide_and_metal_RND_efflux_pumps|ROBA,Multi-compound,Drug and biocide and metal resistance,Drug and biocide and metal RND efflux pumps,ROBA,
MEG_11338|Multi-compound|Drug_and_biocide_and_metal_resistance|Drug_and_biocide_and_metal_RND_efflux_pumps|CMEB,Multi-compound,Drug and biocide and metal resistance,Drug and biocide and metal RND efflux pumps,CMEB,
MEG_3748|Multi-compound|Drug_and_biocide_and_metal_resistance|Drug_and_biocide_and_metal_RND_efflux_pumps|MDTB,Multi-compound,Drug and biocide and metal resistance,Drug and biocide and metal RND efflux pumps,MDTB,
MEG_1192|Multi-compound|Drug_and_biocide_and_metal_resistance|Drug_and_biocide_and_metal_RND_efflux_regulator|BAER,Multi-compound,Drug and biocide and metal resistance,Drug and biocide and metal RND efflux regulator,BAER,
MEG_11439|Multi-compound|Drug_and_biocide_and_metal_resistance|Drug_and_biocide_and_metal_RND_efflux_pumps|CMEB,Multi-compound,Drug and biocide and metal resistance,Drug and biocide and metal RND efflux pumps,CMEB,
MEG_1739|Multi-compound|Drug_and_biocide_and_metal_resistance|Drug_and_biocide_and_metal_RND_efflux_pumps|CMEB,Multi-compound,Drug and biocide and metal resistance,Drug and biocide and metal RND efflux pumps,CMEB,
MEG_404|Multi-compound|Drug_and_biocide_and_metal_resistance|Drug_and_biocide_and_metal_RND_efflux_pumps|ACRD,Multi-compound,Drug and biocide and metal resistance,Drug and biocide and metal RND efflux pumps,ACRD,
MEG_11442|Multi-compound|Drug_and_biocide_and_metal_resistance|Drug_and_biocide_and_metal_RND_efflux_pumps|CMEA,Multi-compound,Drug and biocide and metal resistance,Drug and biocide and metal RND efflux pumps,CMEA,
MEG_3746|Multi-compound|Drug_and_biocide_and_metal_resistance|Drug_and_biocide_and_metal_RND_efflux_pumps|MDTA,Multi-compound,Drug and biocide and metal resistance,Drug and biocide and metal RND efflux pumps,MDTA,
MEG_3742|Multi-compound|Drug_and_biocide_and_metal_resistance|Drug_and_biocide_and_metal_MFS_efflux_pumps|MDRL,Multi-compound,Drug and biocide and metal resistance,Drug and biocide and metal MFS efflux pumps,MDRL,
MEG_1741|Multi-compound|Drug_and_biocide_and_metal_resistance|Drug_and_biocide_and_metal_RND_efflux_pumps|CMEC,Multi-compound,Drug and biocide and metal resistance,Drug and biocide and metal RND efflux pumps,CMEC,
MEG_9961|Multi-compound|Drug_and_biocide_and_metal_resistance|Drug_and_biocide_and_metal_RND_efflux_regulator|BAER,Multi-compound,Drug and biocide and metal resistance,Drug and biocide and metal RND efflux regulator,BAER,
MEG_7839|Multi-compound|Drug_and_biocide_and_metal_resistance|Drug_and_biocide_and_metal_SMR_efflux_pump|YKKC,Multi-compound,Drug and biocide and metal resistance,Drug and biocide and metal SMR efflux pump,YKKC,
MEG_3745|Multi-compound|Drug_and_biocide_and_metal_resistance|Drug_and_biocide_and_metal_RND_efflux_pumps|MDTA,Multi-compound,Drug and biocide and metal resistance,Drug and biocide and metal RND efflux pumps,MDTA,
MEG_1743|Multi-compound|Drug_and_biocide_and_metal_resistance|Drug_and_biocide_and_metal_RND_efflux_pumps|CMED,Multi-compound,Drug and biocide and metal resistance,Drug and biocide and metal RND efflux pumps,CMED,
MEG_1744|Multi-compound|Drug_and_biocide_and_metal_resistance|Drug_and_biocide_and_metal_RND_efflux_pumps|CMEE,Multi-compound,Drug and biocide and metal resistance,Drug and biocide and metal RND efflux pumps,CMEE,
MEG_3744|Multi-compound|Drug_and_biocide_and_metal_resistance|Drug_and_biocide_and_metal_RND_efflux_pumps|MDTA,Multi-compound,Drug and biocide and metal resistance,Drug and biocide and metal RND efflux pumps,MDTA,
MEG_1748|Multi-compound|Drug_and_biocide_and_metal_resistance|Drug_and_biocide_and_metal_RND_efflux_regulator|CMER,Multi-compound,Drug and biocide and metal resistance,Drug and biocide and metal RND efflux regulator,CMER,
MEG_6513|Multi-compound|Biocide_and_metal_resistance|Biocide_and_metal_ABC_efflux_pumps|SITA,Multi-compound,Biocide and metal resistance,Biocide and metal ABC efflux pumps,SITA,
MEG_7830|Multi-compound|Biocide_and_metal_resistance|Biocide_and_metal_resistance_protein|YGIW,Multi-compound,Biocide and metal resistance,Biocide and metal resistance protein,YGIW,
MEG_3141|Multi-compound|Biocide_and_metal_resistance|Biocide_and_metal_resistance_protein|GLPF,Multi-compound,Biocide and metal resistance,Biocide and metal resistance protein,GLPF,
MEG_7835|Multi-compound|Biocide_and_metal_resistance|Biocide_and_metal_resistance_protein|YIEF,Multi-compound,Biocide and metal resistance,Biocide and metal resistance protein,YIEF,
MEG_2656|Multi-compound|Biocide_and_metal_resistance|Biocide_and_metal_resistance_protein|DPR,Multi-compound,Biocide and metal resistance,Biocide and metal resistance protein,DPR,
MEG_3142|Multi-compound|Biocide_and_metal_resistance|Biocide_and_metal_resistance_protein|GLPF,Multi-compound,Biocide and metal resistance,Biocide and metal resistance protein,GLPF,
MEG_2658|Multi-compound|Biocide_and_metal_resistance|Biocide_and_metal_resistance_protein|DPR,Multi-compound,Biocide and metal resistance,Biocide and metal resistance protein,DPR,
MEG_3061|Multi-compound|Biocide_and_metal_resistance|Biocide_and_metal_resistance_protein|FRNE,Multi-compound,Biocide and metal resistance,Biocide and metal resistance protein,FRNE,
MEG_2657|Multi-compound|Biocide_and_metal_resistance|Biocide_and_metal_resistance_protein|DPR,Multi-compound,Biocide and metal resistance,Biocide and metal resistance protein,DPR,
MEG_2900|Multi-compound|Biocide_and_metal_resistance|Biocide_and_metal_ABC_efflux_pumps|FETB,Multi-compound,Biocide and metal resistance,Biocide and metal ABC efflux pumps,FETB,
MEG_2662|Multi-compound|Biocide_and_metal_resistance|Biocide_and_metal_resistance_protein|DPR,Multi-compound,Biocide and metal resistance,Biocide and metal resistance protein,DPR,
MEG_2665|Multi-compound|Biocide_and_metal_resistance|Biocide_and_metal_resistance_protein|DPSA,Multi-compound,Biocide and metal resistance,Biocide and metal resistance protein,DPSA,
MEG_3140|Multi-compound|Biocide_and_metal_resistance|Biocide_and_metal_resistance_protein|GLPF,Multi-compound,Biocide and metal resistance,Biocide and metal resistance protein,GLPF,
MEG_8700|Multi-compound|Biocide_and_metal_resistance|Biocide_and_metal_ABC_efflux_pumps|SITABCD,Multi-compound,Biocide and metal resistance,Biocide and metal ABC efflux pumps,SITABCD,
MEG_6153|Multi-compound|Biocide_and_metal_resistance|Biocide_and_metal_resistance_protein|RUVB,Multi-compound,Biocide and metal resistance,Biocide and metal resistance protein,RUVB,
MEG_504|Multi-compound|Biocide_and_metal_resistance|Biocide_and_metal_resistance_regulator|ACTR,Multi-compound,Biocide and metal resistance,Biocide and metal resistance regulator,ACTR,
MEG_1709|Multi-compound|Biocide_and_metal_resistance|Biocide_and_metal_resistance_regulator|CHRB,Multi-compound,Biocide and metal resistance,Biocide and metal resistance regulator,CHRB,
MEG_2661|Multi-compound|Biocide_and_metal_resistance|Biocide_and_metal_resistance_protein|DPR,Multi-compound,Biocide and metal resistance,Biocide and metal resistance protein,DPR,
MEG_2659|Multi-compound|Biocide_and_metal_resistance|Biocide_and_metal_resistance_protein|DPR,Multi-compound,Biocide and metal resistance,Biocide and metal resistance protein,DPR,
MEG_498|Multi-compound|Biocide_and_metal_resistance|Biocide_and_metal_resistance_protein|ACTA,Multi-compound,Biocide and metal resistance,Biocide and metal resistance protein,ACTA,
MEG_4377|Multi-compound|Biocide_and_metal_resistance|Biocide_and_metal_resistance_protein|OSCA,Multi-compound,Biocide and metal resistance,Biocide and metal resistance protein,OSCA,
MEG_505|Multi-compound|Biocide_and_metal_resistance|Biocide_and_metal_resistance_regulator|ACTS,Multi-compound,Biocide and metal resistance,Biocide and metal resistance regulator,ACTS,
MEG_2899|Multi-compound|Biocide_and_metal_resistance|Biocide_and_metal_ABC_efflux_pumps|FETB,Multi-compound,Biocide and metal resistance,Biocide and metal ABC efflux pumps,FETB,
MEG_7836|Multi-compound|Biocide_and_metal_resistance|Biocide_and_metal_resistance_protein|YJAA,Multi-compound,Biocide and metal resistance,Biocide and metal resistance protein,YJAA,
MEG_6516|Multi-compound|Biocide_and_metal_resistance|Biocide_and_metal_ABC_efflux_pumps|SITD,Multi-compound,Biocide and metal resistance,Biocide and metal ABC efflux pumps,SITD,
MEG_6656|Multi-compound|Biocide_and_metal_resistance|Biocide_and_metal_resistance_protein|TEHB,Multi-compound,Biocide and metal resistance,Biocide and metal resistance protein,TEHB,
MEG_6515|Multi-compound|Biocide_and_metal_resistance|Biocide_and_metal_ABC_efflux_pumps|SITC,Multi-compound,Biocide and metal resistance,Biocide and metal ABC efflux pumps,SITC,
MEG_7865|Multi-compound|Biocide_and_metal_resistance|Biocide_and_metal_resistance_protein|ZUPT,Multi-compound,Biocide and metal resistance,Biocide and metal resistance protein,ZUPT,
MEG_2669|Multi-compound|Biocide_and_metal_resistance|Biocide_and_metal_resistance_protein|DPSA,Multi-compound,Biocide and metal resistance,Biocide and metal resistance protein,DPSA,
MEG_2444|Multi-compound|Biocide_and_metal_resistance|Biocide_and_metal_resistance_protein|CUID,Multi-compound,Biocide and metal resistance,Biocide and metal resistance protein,CUID,
MEG_3294|Multi-compound|Biocide_and_metal_resistance|Biocide_and_metal_resistance_protein|IDER,Multi-compound,Biocide and metal resistance,Biocide and metal resistance protein,IDER,
MEG_1702|Multi-compound|Biocide_and_metal_resistance|Biocide_and_metal_resistance_protein|CHR,Multi-compound,Biocide and metal resistance,Biocide and metal resistance protein,CHR,
MEG_6655|Multi-compound|Biocide_and_metal_resistance|Biocide_and_metal_resistance_protein|TEHA,Multi-compound,Biocide and metal resistance,Biocide and metal resistance protein,TEHA,
MEG_499|Multi-compound|Biocide_and_metal_resistance|Biocide_and_metal_resistance_protein|ACTA,Multi-compound,Biocide and metal resistance,Biocide and metal resistance protein,ACTA,
MEG_2663|Multi-compound|Biocide_and_metal_resistance|Biocide_and_metal_resistance_protein|DPSA,Multi-compound,Biocide and metal resistance,Biocide and metal resistance protein,DPSA,
MEG_1704|Multi-compound|Biocide_and_metal_resistance|Biocide_and_metal_resistance_protein|CHR,Multi-compound,Biocide and metal resistance,Biocide and metal resistance protein,CHR,
MEG_2898|Multi-compound|Biocide_and_metal_resistance|Biocide_and_metal_ABC_efflux_pumps|FETA,Multi-compound,Biocide and metal resistance,Biocide and metal ABC efflux pumps,FETA,
MEG_7866|Multi-compound|Biocide_and_metal_resistance|Biocide_and_metal_resistance_protein|ZUPT,Multi-compound,Biocide and metal resistance,Biocide and metal resistance protein,ZUPT,
MEG_7833|Multi-compound|Biocide_and_metal_resistance|Biocide_and_metal_resistance_protein|YHCN,Multi-compound,Biocide and metal resistance,Biocide and metal resistance protein,YHCN,
MEG_500|Multi-compound|Biocide_and_metal_resistance|Biocide_and_metal_resistance_protein|ACTP,Multi-compound,Biocide and metal resistance,Biocide and metal resistance protein,ACTP,
MEG_502|Metals|Tellurium_resistance|Tellurium_resistance_protein|ACTP1,Metals,Tellurium resistance,Tellurium resistance protein,ACTP1,
MEG_3452|Metals|Tellurium_resistance|Tellurium_resistance_protein|KLAB,Metals,Tellurium resistance,Tellurium resistance protein,KLAB,
MEG_3453|Metals|Tellurium_resistance|Tellurium_resistance_protein|KLAC,Metals,Tellurium resistance,Tellurium resistance protein,KLAC,
MEG_6955|Metals|Tellurium_resistance|Tellurium_resistance_protein|TERB,Metals,Tellurium resistance,Tellurium resistance protein,TERB,
MEG_6956|Metals|Tellurium_resistance|Tellurium_resistance_protein|TERB,Metals,Tellurium resistance,Tellurium resistance protein,TERB,
MEG_6957|Metals|Tellurium_resistance|Tellurium_resistance_protein|TERC,Metals,Tellurium resistance,Tellurium resistance protein,TERC,
MEG_6958|Metals|Tellurium_resistance|Tellurium_resistance_protein|TERD,Metals,Tellurium resistance,Tellurium resistance protein,TERD,
MEG_6959|Metals|Tellurium_resistance|Tellurium_resistance_protein|TERE,Metals,Tellurium resistance,Tellurium resistance protein,TERE,
MEG_6960|Metals|Tellurium_resistance|Tellurium_resistance_protein|TERW,Metals,Tellurium resistance,Tellurium resistance protein,TERW,
MEG_6961|Metals|Tellurium_resistance|Tellurium_resistance_protein|TERZ,Metals,Tellurium resistance,Tellurium resistance protein,TERZ,
MEG_6962|Metals|Tellurium_resistance|Tellurium_resistance_protein|TERZ,Metals,Tellurium resistance,Tellurium resistance protein,TERZ,
MEG_7269|Metals|Tellurium_resistance|Tellurium_resistance_protein|TRGA,Metals,Tellurium resistance,Tellurium resistance protein,TRGA,
MEG_11429|Metals|Tellurium_resistance|Tellurium_resistance_protein|TERA,Metals,Tellurium resistance,Tellurium resistance protein,TERA,
MEG_2654|Metals|Copper_resistance|Copper_resistance_protein|DNAK,Metals,Copper resistance,Copper resistance protein,DNAK,
MEG_2017|Metals|Copper_resistance|Copper_resistance_regulator|COMR,Metals,Copper resistance,Copper resistance regulator,COMR,
MEG_2049|Metals|Copper_resistance|Copper_resistance_protein|COPC,Metals,Copper resistance,Copper resistance protein,COPC,
MEG_2067|Metals|Copper_resistance|Copper_resistance_protein|COPP,Metals,Copper resistance,Copper resistance protein,COPP,
MEG_2024|Metals|Copper_resistance|Copper_resistance_protein|COPA,Metals,Copper resistance,Copper resistance protein,COPA,
MEG_2443|Metals|Copper_resistance|Copper_resistance_regulator|CUER,Metals,Copper resistance,Copper resistance regulator,CUER,
MEG_2053|Metals|Copper_resistance|Copper_resistance_protein|COPD,Metals,Copper resistance,Copper resistance protein,COPD,
MEG_2456|Metals|Copper_resistance|Copper_resistance_protein|CUTC,Metals,Copper resistance,Copper resistance protein,CUTC,
MEG_2440|Metals|Copper_resistance|Copper_resistance_protein|CUEO,Metals,Copper resistance,Copper resistance protein,CUEO,
MEG_2036|Metals|Copper_resistance|Copper_resistance_protein|COPB,Metals,Copper resistance,Copper resistance protein,COPB,
MEG_3277|Metals|Copper_resistance|Copper_resistance_protein|HPCOPP,Metals,Copper resistance,Copper resistance protein,HPCOPP,
MEG_2037|Metals|Copper_resistance|Copper_resistance_protein|COPB,Metals,Copper resistance,Copper resistance protein,COPB,
MEG_5420|Metals|Copper_resistance|Copper_resistance_protein|PCOC,Metals,Copper resistance,Copper resistance protein,PCOC,
MEG_1231|Metals|Copper_resistance|Copper_resistance_regulator|BHSA,Metals,Copper resistance,Copper resistance regulator,BHSA,
MEG_2136|Metals|Copper_resistance|Copper_resistance_regulator|CSOR,Metals,Copper resistance,Copper resistance regulator,CSOR,
MEG_2143|Metals|Copper_resistance|Copper_resistance_protein|CTPV,Metals,Copper resistance,Copper resistance protein,CTPV,
MEG_2079|Metals|Copper_resistance|Copper_resistance_protein|COPV,Metals,Copper resistance,Copper resistance protein,COPV,
MEG_2455|Metals|Copper_resistance|Copper_resistance_protein|CUTC,Metals,Copper resistance,Copper resistance protein,CUTC,
MEG_2032|Metals|Copper_resistance|Copper_resistance_protein|COPA,Metals,Copper resistance,Copper resistance protein,COPA,
MEG_2070|Metals|Copper_resistance|Copper_resistance_regulator|COPR,Metals,Copper resistance,Copper resistance regulator,COPR,
MEG_2051|Metals|Copper_resistance|Copper_resistance_protein|COPD,Metals,Copper resistance,Copper resistance protein,COPD,
MEG_2038|Metals|Copper_resistance|Copper_resistance_protein|COPB,Metals,Copper resistance,Copper resistance protein,COPB,
MEG_7828|Metals|Copper_resistance|Copper_resistance_protein|YFMO,Metals,Copper resistance,Copper resistance protein,YFMO,
MEG_5417|Metals|Copper_resistance|Copper_resistance_protein|PCOB,Metals,Copper resistance,Copper resistance protein,PCOB,
MEG_2069|Metals|Copper_resistance|Copper_resistance_regulator|COPR,Metals,Copper resistance,Copper resistance regulator,COPR,
MEG_5424|Metals|Copper_resistance|Copper_resistance_regulator|PCOR,Metals,Copper resistance,Copper resistance regulator,PCOR,
MEG_2047|Metals|Copper_resistance|Copper_resistance_protein|COPC,Metals,Copper resistance,Copper resistance protein,COPC,
MEG_2045|Metals|Copper_resistance|Copper_resistance_protein|COPC,Metals,Copper resistance,Copper resistance protein,COPC,
MEG_3278|Metals|Copper_resistance|Copper_resistance_protein|HPCOPP,Metals,Copper resistance,Copper resistance protein,HPCOPP,
MEG_2080|Metals|Copper_resistance|Copper_resistance_regulator|COPY,Metals,Copper resistance,Copper resistance regulator,COPY,
MEG_2653|Metals|Copper_resistance|Copper_resistance_protein|DNAK,Metals,Copper resistance,Copper resistance protein,DNAK,
MEG_5421|Metals|Copper_resistance|Copper_resistance_protein|PCOD,Metals,Copper resistance,Copper resistance protein,PCOD,
MEG_3276|Metals|Copper_resistance|Copper_resistance_protein|HPCOPP,Metals,Copper resistance,Copper resistance protein,HPCOPP,
MEG_3733|Metals|Copper_resistance|Copper_resistance_protein|MCTB,Metals,Copper resistance,Copper resistance protein,MCTB,
MEG_2458|Metals|Copper_resistance|Copper_resistance_protein|CUTF,Metals,Copper resistance,Copper resistance protein,CUTF,
MEG_2046|Metals|Copper_resistance|Copper_resistance_protein|COPC,Metals,Copper resistance,Copper resistance protein,COPC,
MEG_2083|Metals|Copper_resistance|Copper_resistance_regulator|COPZ,Metals,Copper resistance,Copper resistance regulator,COPZ,
MEG_2030|Metals|Copper_resistance|Copper_resistance_protein|COPA,Metals,Copper resistance,Copper resistance protein,COPA,
MEG_2021|Metals|Copper_resistance|Copper_resistance_protein|COPA,Metals,Copper resistance,Copper resistance protein,COPA,
MEG_2025|Metals|Copper_resistance|Copper_resistance_protein|COPA,Metals,Copper resistance,Copper resistance protein,COPA,
MEG_722|Drugs|Cationic_antimicrobial_peptides|Lipid_A_modification|ALMG,Drugs,Cationic antimicrobial peptides,Lipid A modification,ALMG,
MEG_1122|Drugs|Cationic_antimicrobial_peptides|Polymyxin_B_resistance_regulator|ARNA,Drugs,Cationic antimicrobial peptides,Polymyxin B resistance regulator,ARNA,
MEG_1198|Drugs|Cationic_antimicrobial_peptides|Polymyxin_B_resistance_regulator|BASRS,Drugs,Cationic antimicrobial peptides,Polymyxin B resistance regulator,BASRS,
MEG_2700|Drugs|Cationic_antimicrobial_peptides|Edeine_acetyltransferase|EDEQ,Drugs,Cationic antimicrobial peptides,Edeine acetyltransferase,EDEQ,
MEG_2739|Drugs|Cationic_antimicrobial_peptides|Lipid_A_modification|EPTA,Drugs,Cationic antimicrobial peptides,Lipid A modification,EPTA,
MEG_4053|Drugs|Cationic_antimicrobial_peptides|Defensin-resistant_mprF|MPRF,Drugs,Cationic antimicrobial peptides,Defensin-resistant mprF,MPRF,
MEG_4054|Drugs|Cationic_antimicrobial_peptides|Defensin-resistant_mprF|MPRF,Drugs,Cationic antimicrobial peptides,Defensin-resistant mprF,MPRF,
MEG_4055|Drugs|Cationic_antimicrobial_peptides|Defensin-resistant_mprF|MPRF,Drugs,Cationic antimicrobial peptides,Defensin-resistant mprF,MPRF,
MEG_4056|Drugs|Cationic_antimicrobial_peptides|Defensin-resistant_mprF|MPRF,Drugs,Cationic antimicrobial peptides,Defensin-resistant mprF,MPRF,
MEG_5801|Drugs|Cationic_antimicrobial_peptides|Lipid_A_modification|PMRF,Drugs,Cationic antimicrobial peptides,Lipid A modification,PMRF,
MEG_7328|Drugs|Cationic_antimicrobial_peptides|Lipid_A_modification|UGD,Drugs,Cationic antimicrobial peptides,Lipid A modification,UGD,
MEG_723|Metals|Aluminum_resistance|Aluminum_resistance_protein|ALU1P,Metals,Aluminum resistance,Aluminum resistance protein,ALU1P,
MEG_3075|Metals|Aluminum_resistance|Aluminum_ATPase_|G2ALT,Metals,Aluminum resistance,Aluminum ATPase,G2ALT,
MEG_1123|Drugs|Rifampin|Rifampin_ADP-ribosyltransferase_Arr|ARR,Drugs,Rifampin,Rifampin ADP-ribosyltransferase Arr,ARR,
MEG_1124|Drugs|Rifampin|Rifampin_ADP-ribosyltransferase_Arr|ARR,Drugs,Rifampin,Rifampin ADP-ribosyltransferase Arr,ARR,
MEG_1125|Drugs|Rifampin|Rifampin_ADP-ribosyltransferase_Arr|ARR,Drugs,Rifampin,Rifampin ADP-ribosyltransferase Arr,ARR,
MEG_1126|Drugs|Rifampin|Rifampin_ADP-ribosyltransferase_Arr|ARR,Drugs,Rifampin,Rifampin ADP-ribosyltransferase Arr,ARR,
MEG_1127|Drugs|Rifampin|Rifampin_ADP-ribosyltransferase_Arr|ARR,Drugs,Rifampin,Rifampin ADP-ribosyltransferase Arr,ARR,
MEG_1128|Drugs|Rifampin|Rifampin_ADP-ribosyltransferase_Arr|ARR,Drugs,Rifampin,Rifampin ADP-ribosyltransferase Arr,ARR,
MEG_1129|Drugs|Rifampin|Rifampin_ADP-ribosyltransferase_Arr|ARR,Drugs,Rifampin,Rifampin ADP-ribosyltransferase Arr,ARR,
MEG_1130|Drugs|Rifampin|Rifampin_ADP-ribosyltransferase_Arr|ARR,Drugs,Rifampin,Rifampin ADP-ribosyltransferase Arr,ARR,
MEG_1131|Drugs|Rifampin|Rifampin_ADP-ribosyltransferase_Arr|ARR,Drugs,Rifampin,Rifampin ADP-ribosyltransferase Arr,ARR,
MEG_1132|Drugs|Rifampin|Rifampin_ADP-ribosyltransferase_Arr|ARR,Drugs,Rifampin,Rifampin ADP-ribosyltransferase Arr,ARR,
MEG_1133|Drugs|Rifampin|Rifampin_ADP-ribosyltransferase_Arr|ARR,Drugs,Rifampin,Rifampin ADP-ribosyltransferase Arr,ARR,
MEG_1134|Drugs|Rifampin|Rifampin_ADP-ribosyltransferase_Arr|ARR,Drugs,Rifampin,Rifampin ADP-ribosyltransferase Arr,ARR,
MEG_1135|Drugs|Rifampin|Rifampin_ADP-ribosyltransferase_Arr|ARR,Drugs,Rifampin,Rifampin ADP-ribosyltransferase Arr,ARR,
MEG_1136|Drugs|Rifampin|Rifampin_ADP-ribosyltransferase_Arr|ARR,Drugs,Rifampin,Rifampin ADP-ribosyltransferase Arr,ARR,
MEG_1137|Drugs|Rifampin|Rifampin_ADP-ribosyltransferase_Arr|ARR,Drugs,Rifampin,Rifampin ADP-ribosyltransferase Arr,ARR,
MEG_1138|Drugs|Rifampin|Rifampin_ADP-ribosyltransferase_Arr|ARR,Drugs,Rifampin,Rifampin ADP-ribosyltransferase Arr,ARR,
MEG_3434|Drugs|Rifampin|Monooxygenase|IRI,Drugs,Rifampin,Monooxygenase,IRI,
MEG_6047|Drugs|Rifampin|RNA-polymerase_binding_protein|RBPA,Drugs,Rifampin,RNA-polymerase binding protein,RBPA,
MEG_6054|Drugs|Rifampin|Rifampin_glycosyltransferase|RGT,Drugs,Rifampin,Rifampin glycosyltransferase,RGT,
MEG_6085|Drugs|Rifampin|Monooxygenase|ROX,Drugs,Rifampin,Monooxygenase,ROX,
MEG_6086|Drugs|Rifampin|Rifampin_phosphotransferase|RPH,Drugs,Rifampin,Rifampin phosphotransferase,RPH,
MEG_6087|Drugs|Rifampin|Rifampin_phosphotransferase|RPH,Drugs,Rifampin,Rifampin phosphotransferase,RPH,
MEG_6088|Drugs|Rifampin|Rifampin_phosphotransferase|RPH,Drugs,Rifampin,Rifampin phosphotransferase,RPH,
MEG_6089|Drugs|Rifampin|Rifampin_phosphotransferase|RPH,Drugs,Rifampin,Rifampin phosphotransferase,RPH,
MEG_8674|Drugs|Rifampin|Rifampin-resistant_beta-subunit_of_RNA_polymerase_RpoB|RPOB,Drugs,Rifampin,Rifampin-resistant beta-subunit of RNA polymerase RpoB,RPOB,
MEG_10008|Drugs|Rifampin|Rifampin-resistant_beta-subunit_of_RNA_polymerase_RpoB|RPOB,Drugs,Rifampin,Rifampin-resistant beta-subunit of RNA polymerase RpoB,RPOB,
MEG_10088|Drugs|Rifampin|RNA_polymerase_protection_protein|HELR,Drugs,Rifampin,RNA polymerase protection protein,HELR,
MEG_10128|Drugs|Rifampin|Rifampin_monooyxgenase|ROX,Drugs,Rifampin,Rifampin monooyxgenase,ROX,
MEG_11322|Metals|Multi-metal_resistance|Multi-metal_resistance_protein|ARSA,Metals,Multi-metal resistance,Multi-metal resistance protein,ARSA,
MEG_2091|Metals|Multi-metal_resistance|Multi-metal_resistance_protein|CORC,Metals,Multi-metal resistance,Multi-metal resistance protein,CORC,
MEG_4122|Metals|Multi-metal_resistance|Multi-metal_MFS_efflux_regulator|NCRB,Metals,Multi-metal resistance,Multi-metal MFS efflux regulator,NCRB,
MEG_4129|Metals|Multi-metal_resistance|Multi-metal_resistance_protein|NCZA,Metals,Multi-metal resistance,Multi-metal resistance protein,NCZA,
MEG_4115|Metals|Multi-metal_resistance|Multi-metal_resistance_protein|NCCN,Metals,Multi-metal resistance,Multi-metal resistance protein,NCCN,
MEG_2690|Metals|Multi-metal_resistance|Multi-metal_resistance_protein|DSBB,Metals,Multi-metal resistance,Multi-metal resistance protein,DSBB,
MEG_5777|Metals|Multi-metal_resistance|Multi-metal_resistance_protein|PGPA,Metals,Multi-metal resistance,Multi-metal resistance protein,PGPA,
MEG_4217|Metals|Multi-metal_resistance|Multi-metal_resistance_protein|NREB,Metals,Multi-metal resistance,Multi-metal resistance protein,NREB,
MEG_11336|Metals|Multi-metal_resistance|Multi-metal_resistance_regulator|CADC,Metals,Multi-metal resistance,Multi-metal resistance regulator,CADC,
MEG_6504|Metals|Multi-metal_resistance|Multi-metal_RND_efflux_pumps|SILF,Metals,Multi-metal resistance,Multi-metal RND efflux pumps,SILF,
MEG_7270|Metals|Multi-metal_resistance|Multi-metal_resistance_regulator|TRGB,Metals,Multi-metal resistance,Multi-metal resistance regulator,TRGB,
MEG_5423|Metals|Multi-metal_resistance|Multi-metal_resistance_regulator|PCOE,Metals,Multi-metal resistance,Multi-metal resistance regulator,PCOE,
MEG_2473|Metals|Multi-metal_resistance|Multi-metal_RND_efflux_regulator|CZCR,Metals,Multi-metal resistance,Multi-metal RND efflux regulator,CZCR,
MEG_6507|Metals|Multi-metal_resistance|Multi-metal_RND_efflux_pumps|SILP,Metals,Multi-metal resistance,Multi-metal RND efflux pumps,SILP,
MEG_2678|Metals|Multi-metal_resistance|Multi-metal_resistance_protein|DSBA,Metals,Multi-metal resistance,Multi-metal resistance protein,DSBA,
MEG_1483|Metals|Multi-metal_resistance|Multi-metal_resistance_protein|CADA,Metals,Multi-metal resistance,Multi-metal resistance protein,CADA,
MEG_2087|Metals|Multi-metal_resistance|Multi-metal_resistance_protein|CORA,Metals,Multi-metal resistance,Multi-metal resistance protein,CORA,
MEG_2084|Metals|Multi-metal_resistance|Multi-metal_resistance_protein|CORA,Metals,Multi-metal resistance,Multi-metal resistance protein,CORA,
MEG_4010|Metals|Multi-metal_resistance|Multi-metal_ABC_efflux_pumps|MODC,Metals,Multi-metal resistance,Multi-metal ABC efflux pumps,MODC,
MEG_2085|Metals|Multi-metal_resistance|Multi-metal_resistance_protein|CORA,Metals,Multi-metal resistance,Multi-metal resistance protein,CORA,
MEG_3439|Metals|Multi-metal_resistance|Multi-metal_resistance_regulator|IRLS,Metals,Multi-metal resistance,Multi-metal resistance regulator,IRLS,
MEG_7821|Metals|Multi-metal_resistance|Multi-metal_resistance_protein|YFEA,Metals,Multi-metal resistance,Multi-metal resistance protein,YFEA,
MEG_2471|Metals|Multi-metal_resistance|Multi-metal_RND_efflux_pumps|CZCP,Metals,Multi-metal resistance,Multi-metal RND efflux pumps,CZCP,
MEG_11337|Metals|Multi-metal_resistance|Multi-metal_resistance_regulator|CADC,Metals,Multi-metal resistance,Multi-metal resistance regulator,CADC,
MEG_7822|Metals|Multi-metal_resistance|Multi-metal_resistance_protein|YFEA,Metals,Multi-metal resistance,Multi-metal resistance protein,YFEA,
MEG_11333|Metals|Multi-metal_resistance|Multi-metal_resistance_protein|CADA,Metals,Multi-metal resistance,Multi-metal resistance protein,CADA,
MEG_2139|Metals|Multi-metal_resistance|Multi-metal_resistance_protein|CTPC,Metals,Multi-metal resistance,Multi-metal resistance protein,CTPC,
MEG_4004|Metals|Multi-metal_resistance|Multi-metal_ABC_efflux_pumps|MODB,Metals,Multi-metal resistance,Multi-metal ABC efflux pumps,MODB,
MEG_11335|Metals|Multi-metal_resistance|Multi-metal_resistance_regulator|CADC,Metals,Multi-metal resistance,Multi-metal resistance regulator,CADC,
MEG_2013|Metals|Multi-metal_resistance|Multi-metal_resistance_regulator|CNRR,Metals,Multi-metal resistance,Multi-metal resistance regulator,CNRR,
MEG_2016|Metals|Multi-metal_resistance|Multi-metal_resistance_regulator|COAR,Metals,Multi-metal resistance,Multi-metal resistance regulator,COAR,
MEG_3461|Metals|Multi-metal_resistance|Multi-metal_resistance_regulator|KMTR,Metals,Multi-metal resistance,Multi-metal resistance regulator,KMTR,
MEG_1484|Metals|Multi-metal_resistance|Multi-metal_resistance_protein|CADA,Metals,Multi-metal resistance,Multi-metal resistance protein,CADA,
MEG_1153|Metals|Multi-metal_resistance|Multi-metal_resistance_protein|ARSBM,Metals,Multi-metal resistance,Multi-metal resistance protein,ARSBM,
MEG_2448|Metals|Multi-metal_resistance|Multi-metal_RND_efflux_pumps|CUSC,Metals,Multi-metal resistance,Multi-metal RND efflux pumps,CUSC,
MEG_11320|Metals|Multi-metal_resistance|Multi-metal_resistance_protein|ARSA,Metals,Multi-metal resistance,Multi-metal resistance protein,ARSA,
MEG_4166|Metals|Multi-metal_resistance|Multi-metal_resistance_protein|NIA,Metals,Multi-metal resistance,Multi-metal resistance protein,NIA,
MEG_3168|Metals|Multi-metal_resistance|Multi-metal_resistance_protein|GOLT,Metals,Multi-metal resistance,Multi-metal resistance protein,GOLT,
MEG_2015|Metals|Multi-metal_resistance|Multi-metal_resistance_protein|CNRY,Metals,Multi-metal resistance,Multi-metal resistance protein,CNRY,
MEG_2465|Metals|Multi-metal_resistance|Multi-metal_RND_efflux_regulator|CZCC,Metals,Multi-metal resistance,Multi-metal RND efflux regulator,CZCC,
MEG_1168|Biocides|Naphthoquinone|Naphthoquinone_resistance_protein|ARSHN,Biocides,Naphthoquinone,Naphthoquinone resistance protein,ARSHN,
MEG_1181|Biocides|Acid_resistance|Acid_resistance_protein|ASR,Biocides,Acid resistance,Acid resistance protein,ASR,
MEG_1182|Biocides|Acid_resistance|Acid_resistance_protein|ASR,Biocides,Acid resistance,Acid resistance protein,ASR,
MEG_2701|Biocides|Acid_resistance|Acid_resistance_protein|EEFA,Biocides,Acid resistance,Acid resistance protein,EEFA,
MEG_2702|Biocides|Acid_resistance|Acid_resistance_protein|EEFX,Biocides,Acid resistance,Acid resistance protein,EEFX,
MEG_2867|Biocides|Acid_resistance|Acid_resistance_regulator|EVGA,Biocides,Acid resistance,Acid resistance regulator,EVGA,
MEG_3076|Biocides|Acid_resistance|Acid_resistance_protein|GADA,Biocides,Acid resistance,Acid resistance protein,GADA,
MEG_3077|Biocides|Acid_resistance|Acid_resistance_protein|GADA,Biocides,Acid resistance,Acid resistance protein,GADA,
MEG_3078|Biocides|Acid_resistance|Acid_resistance_protein|GADB,Biocides,Acid resistance,Acid resistance protein,GADB,
MEG_3079|Biocides|Acid_resistance|Acid_resistance_protein|GADC,Biocides,Acid resistance,Acid resistance protein,GADC,
MEG_3080|Biocides|Acid_resistance|Acid_resistance_regulator|GADE,Biocides,Acid resistance,Acid resistance regulator,GADE,
MEG_3253|Biocides|Acid_resistance|Acid_resistance_protein|HDEA,Biocides,Acid resistance,Acid resistance protein,HDEA,
MEG_3254|Biocides|Acid_resistance|Acid_resistance_protein|HDEB,Biocides,Acid resistance,Acid resistance protein,HDEB,
MEG_3255|Biocides|Acid_resistance|Acid_resistance_protein|HDEB,Biocides,Acid resistance,Acid resistance protein,HDEB,
MEG_3256|Biocides|Acid_resistance|Acid_resistance_protein|HEFA,Biocides,Acid resistance,Acid resistance protein,HEFA,
MEG_3257|Biocides|Acid_resistance|Acid_resistance_protein|HEFC,Biocides,Acid resistance,Acid resistance protein,HEFC,
MEG_7820|Biocides|Acid_resistance|Acid_resistance_protein|YDEP,Biocides,Acid resistance,Acid resistance protein,YDEP,
MEG_1189|Drugs|Bacitracin|Undecaprenyl_pyrophosphate_phosphatase|BACA,Drugs,Bacitracin,Undecaprenyl pyrophosphate phosphatase,BACA,
MEG_1190|Drugs|Bacitracin|Undecaprenyl_pyrophosphate_phosphatase|BACA,Drugs,Bacitracin,Undecaprenyl pyrophosphate phosphatase,BACA,
MEG_1196|Drugs|Bacitracin|Undecaprenyl_pyrophosphate_phosphatase|BAHA,Drugs,Bacitracin,Undecaprenyl pyrophosphate phosphatase,BAHA,
MEG_1213|Drugs|Bacitracin|Bacitracin_ABC_transporter|BCRA,Drugs,Bacitracin,Bacitracin ABC transporter,BCRA,
MEG_1214|Drugs|Bacitracin|Bacitracin_ABC_transporter|BCRB,Drugs,Bacitracin,Bacitracin ABC transporter,BCRB,
MEG_1215|Drugs|Bacitracin|Bacitracin_ABC_transporter|BCRC,Drugs,Bacitracin,Bacitracin ABC transporter,BCRC,
MEG_11299|Drugs|Bacitracin|Bacitracin_ABC_transporter|BCRA,Drugs,Bacitracin,Bacitracin ABC transporter,BCRA,
MEG_10150|Drugs|Glycopeptides|Vancomycin-resistant_mutation|VRAF,Drugs,Glycopeptides,Vancomycin-resistant mutation,VRAF,
MEG_7608|Drugs|Glycopeptides|VanF-type_accessory_protein|VANYF,Drugs,Glycopeptides,VanF-type accessory protein,VANYF,
MEG_7335|Drugs|Glycopeptides|VanA-type_resistance_protein|VAN,Drugs,Glycopeptides,VanA-type resistance protein,VAN,
MEG_7482|Drugs|Glycopeptides|VanL-type_regulator|VANRI,Drugs,Glycopeptides,VanL-type regulator,VANRI,
MEG_7344|Drugs|Glycopeptides|VanA-type_resistance_protein|VANA,Drugs,Glycopeptides,VanA-type resistance protein,VANA,
MEG_7446|Drugs|Glycopeptides|VanN-type_resistance_protein|VANN,Drugs,Glycopeptides,VanN-type resistance protein,VANN,
MEG_7503|Drugs|Glycopeptides|VanC-type_regulator|VANSC,Drugs,Glycopeptides,VanC-type regulator,VANSC,
MEG_7345|Drugs|Glycopeptides|VanB-type_resistance_protein|VANB,Drugs,Glycopeptides,VanB-type resistance protein,VANB,
MEG_7592|Drugs|Glycopeptides|VanA-type_accessory_protein|VANYA,Drugs,Glycopeptides,VanA-type accessory protein,VANYA,
MEG_7545|Drugs|Glycopeptides|VanI-type_accessory_protein|VANWI,Drugs,Glycopeptides,VanI-type accessory protein,VANWI,
MEG_7483|Drugs|Glycopeptides|VanL-type_regulator|VANRL,Drugs,Glycopeptides,VanL-type regulator,VANRL,
MEG_7400|Drugs|Glycopeptides|VanA-type_resistance_protein|VANHA,Drugs,Glycopeptides,VanA-type resistance protein,VANHA,
MEG_7611|Drugs|Glycopeptides|VanF-type_accessory_protein|VANYF,Drugs,Glycopeptides,VanF-type accessory protein,VANYF,
MEG_7593|Drugs|Glycopeptides|VanA-type_accessory_protein|VANYA,Drugs,Glycopeptides,VanA-type accessory protein,VANYA,
MEG_7507|Drugs|Glycopeptides|VanD-type_regulator|VANSD,Drugs,Glycopeptides,VanD-type regulator,VANSD,
MEG_7459|Drugs|Glycopeptides|VanA-type_regulator|VANRA,Drugs,Glycopeptides,VanA-type regulator,VANRA,
MEG_7475|Drugs|Glycopeptides|VanD-type_regulator|VANRD,Drugs,Glycopeptides,VanD-type regulator,VANRD,
MEG_7579|Drugs|Glycopeptides|VanC-type_resistance_protein|VANXYC,Drugs,Glycopeptides,VanC-type resistance protein,VANXYC,
MEG_7537|Drugs|Glycopeptides|VanA-type_accessory_protein|VANWA,Drugs,Glycopeptides,VanA-type accessory protein,VANWA,
MEG_7469|Drugs|Glycopeptides|VanB-type_regulator|VANRB,Drugs,Glycopeptides,VanB-type regulator,VANRB,
MEG_7343|Drugs|Glycopeptides|VanA-type_resistance_protein|VANA,Drugs,Glycopeptides,VanA-type resistance protein,VANA,
MEG_7539|Drugs|Glycopeptides|VanB-type_accessory_protein|VANWB,Drugs,Glycopeptides,VanB-type accessory protein,VANWB,
MEG_7559|Drugs|Glycopeptides|VanB-type_resistance_protein|VANXB,Drugs,Glycopeptides,VanB-type resistance protein,VANXB,
MEG_7533|Drugs|Glycopeptides|VanL-type_resistance_protein|VANTML,Drugs,Glycopeptides,VanL-type resistance protein,VANTML,
MEG_7555|Drugs|Glycopeptides|VanA-type_resistance_protein|VANXA,Drugs,Glycopeptides,VanA-type resistance protein,VANXA,
MEG_7440|Drugs|Glycopeptides|VanI-type_resistance_protein|VANI,Drugs,Glycopeptides,VanI-type resistance protein,VANI,
MEG_7550|Drugs|Glycopeptides|VanA-type_resistance_protein|VANXA,Drugs,Glycopeptides,VanA-type resistance protein,VANXA,
MEG_7412|Drugs|Glycopeptides|VanA-type_resistance_protein|VANHA,Drugs,Glycopeptides,VanA-type resistance protein,VANHA,
MEG_7547|Drugs|Glycopeptides|VanA-type_resistance_protein|VANXA,Drugs,Glycopeptides,VanA-type resistance protein,VANXA,
MEG_7560|Drugs|Glycopeptides|VanB-type_resistance_protein|VANXB,Drugs,Glycopeptides,VanB-type resistance protein,VANXB,
MEG_7498|Drugs|Glycopeptides|VanC-type_regulator|VANSC,Drugs,Glycopeptides,VanC-type regulator,VANSC,
MEG_7494|Drugs|Glycopeptides|VanB-type_regulator|VANSB,Drugs,Glycopeptides,VanB-type regulator,VANSB,
MEG_7590|Drugs|Glycopeptides|VanL-type_resistance_protein|VANXYL,Drugs,Glycopeptides,VanL-type resistance protein,VANXYL,
MEG_7370|Drugs|Glycopeptides|VanC-type_resistance_protein|VANC,Drugs,Glycopeptides,VanC-type resistance protein,VANC,
MEG_7604|Drugs|Glycopeptides|VanD-type_accessory_protein|VANYD,Drugs,Glycopeptides,VanD-type accessory protein,VANYD,
MEG_7578|Drugs|Glycopeptides|VanC-type_resistance_protein|VANXYC,Drugs,Glycopeptides,VanC-type resistance protein,VANXYC,
MEG_7434|Drugs|Glycopeptides|VanD-type_resistance_protein|VANHD,Drugs,Glycopeptides,VanD-type resistance protein,VANHD,
MEG_7423|Drugs|Glycopeptides|VanD-type_resistance_protein|VANHD,Drugs,Glycopeptides,VanD-type resistance protein,VANHD,
MEG_7531|Drugs|Glycopeptides|VanG-type_resistance_protein|VANTG,Drugs,Glycopeptides,VanG-type resistance protein,VANTG,
MEG_7617|Drugs|Glycopeptides|VanA-type_accessory_protein|VANZA,Drugs,Glycopeptides,VanA-type accessory protein,VANZA,
MEG_1465|Biocides|Polyamine_resistance|Spermine/spermidine_acetyltransferase|BLTD,Biocides,Polyamine resistance,Spermine/spermidine acetyltransferase,BLTD,
MEG_1466|Biocides|Polyamine_resistance|Spermine/spermidine_acetyltransferase|BLTD,Biocides,Polyamine resistance,Spermine/spermidine acetyltransferase,BLTD,
MEG_1487|Metals|Cadmium_resistance|Cadmium_resistance_regulator|CADR,Metals,Cadmium resistance,Cadmium resistance regulator,CADR,
MEG_11396|Metals|Cadmium_resistance|Cadmium_resistance_chaperone|HSCC,Metals,Cadmium resistance,Cadmium resistance chaperone,HSCC,
MEG_1764|Drugs|Phenicol|Phenicol_resistance_MFS_efflux_pumps|CMLA,Drugs,Phenicol,Phenicol resistance MFS efflux pumps,CMLA,
MEG_1582|Drugs|Phenicol|Chloramphenicol_acetyltransferases|CATA,Drugs,Phenicol,Chloramphenicol acetyltransferases,CATA,
MEG_1761|Drugs|Phenicol|Phenicol_resistance_MFS_efflux_pumps|CMLA,Drugs,Phenicol,Phenicol resistance MFS efflux pumps,CMLA,
MEG_1568|Drugs|Phenicol|Chloramphenicol_acetyltransferases|CATA,Drugs,Phenicol,Chloramphenicol acetyltransferases,CATA,
MEG_2906|Drugs|Phenicol|Phenicol_resistance_MFS_efflux_pumps|FEXB,Drugs,Phenicol,Phenicol resistance MFS efflux pumps,FEXB,
MEG_1771|Drugs|Phenicol|Phenicol_resistance_MFS_efflux_pumps|CMLA,Drugs,Phenicol,Phenicol resistance MFS efflux pumps,CMLA,
MEG_1773|Drugs|Phenicol|Phenicol_resistance_MFS_efflux_pumps|CMLA,Drugs,Phenicol,Phenicol resistance MFS efflux pumps,CMLA,
MEG_1571|Drugs|Phenicol|Chloramphenicol_acetyltransferases|CATA,Drugs,Phenicol,Chloramphenicol acetyltransferases,CATA,
MEG_1556|Drugs|Phenicol|Chloramphenicol_acetyltransferases|CAT,Drugs,Phenicol,Chloramphenicol acetyltransferases,CAT,
MEG_2914|Drugs|Phenicol|Phenicol_resistance_MFS_efflux_pumps|FLOR,Drugs,Phenicol,Phenicol resistance MFS efflux pumps,FLOR,
MEG_1548|Drugs|Phenicol|Chloramphenicol_acetyltransferases|CAT,Drugs,Phenicol,Chloramphenicol acetyltransferases,CAT,
MEG_1583|Drugs|Phenicol|Chloramphenicol_acetyltransferases|CATA,Drugs,Phenicol,Chloramphenicol acetyltransferases,CATA,
MEG_1561|Drugs|Phenicol|Chloramphenicol_acetyltransferases|CATA,Drugs,Phenicol,Chloramphenicol acetyltransferases,CATA,
MEG_1555|Drugs|Phenicol|Chloramphenicol_acetyltransferases|CAT,Drugs,Phenicol,Chloramphenicol acetyltransferases,CAT,
MEG_1581|Drugs|Phenicol|Chloramphenicol_acetyltransferases|CATA,Drugs,Phenicol,Chloramphenicol acetyltransferases,CATA,
MEG_8021|Drugs|Phenicol|Phenicol_resistance_MFS_efflux_pumps|CML,Drugs,Phenicol,Phenicol resistance MFS efflux pumps,CML,
MEG_1575|Drugs|Phenicol|Chloramphenicol_acetyltransferases|CATA,Drugs,Phenicol,Chloramphenicol acetyltransferases,CATA,
MEG_1775|Drugs|Phenicol|Phenicol_resistance_MFS_efflux_pumps|CMLB,Drugs,Phenicol,Phenicol resistance MFS efflux pumps,CMLB,
MEG_1783|Drugs|Phenicol|Phenicol_resistance_MFS_efflux_pumps|CMX,Drugs,Phenicol,Phenicol resistance MFS efflux pumps,CMX,
MEG_2921|Drugs|Phenicol|Phenicol_resistance_MFS_efflux_pumps|FLOR,Drugs,Phenicol,Phenicol resistance MFS efflux pumps,FLOR,
MEG_1586|Drugs|Phenicol|Chloramphenicol_acetyltransferases|CATA,Drugs,Phenicol,Chloramphenicol acetyltransferases,CATA,
MEG_2614|Drugs|Phenicol|Phenicol_resistance_MFS_efflux_pumps|DHAP,Drugs,Phenicol,Phenicol resistance MFS efflux pumps,DHAP,
MEG_2114|Drugs|Phenicol|Chloramphenicol_phosphotransferase|CPT,Drugs,Phenicol,Chloramphenicol phosphotransferase,CPT,
MEG_1559|Drugs|Phenicol|Chloramphenicol_acetyltransferases|CAT,Drugs,Phenicol,Chloramphenicol acetyltransferases,CAT,
MEG_1576|Drugs|Phenicol|Chloramphenicol_acetyltransferases|CATA,Drugs,Phenicol,Chloramphenicol acetyltransferases,CATA,
MEG_2927|Drugs|Phenicol|Phenicol_resistance_MFS_efflux_pumps|FLOR,Drugs,Phenicol,Phenicol resistance MFS efflux pumps,FLOR,
MEG_2931|Drugs|Phenicol|Phenicol_resistance_MFS_efflux_pumps|FLOR,Drugs,Phenicol,Phenicol resistance MFS efflux pumps,FLOR,
MEG_8014|Drugs|Phenicol|Chloramphenicol_acetyltransferases|CATT,Drugs,Phenicol,Chloramphenicol acetyltransferases,CATT,
MEG_2918|Drugs|Phenicol|Phenicol_resistance_MFS_efflux_pumps|FLOR,Drugs,Phenicol,Phenicol resistance MFS efflux pumps,FLOR,
MEG_1759|Drugs|Phenicol|Phenicol_resistance_MFS_efflux_pumps|CMLA,Drugs,Phenicol,Phenicol resistance MFS efflux pumps,CMLA,
MEG_1777|Drugs|Phenicol|Chloramphenicol_phosphotransferase|CMLV,Drugs,Phenicol,Chloramphenicol phosphotransferase,CMLV,
MEG_1776|Drugs|Phenicol|Phenicol_resistance_MFS_efflux_pumps|CMLR,Drugs,Phenicol,Phenicol resistance MFS efflux pumps,CMLR,
MEG_1765|Drugs|Phenicol|Phenicol_resistance_MFS_efflux_pumps|CMLA,Drugs,Phenicol,Phenicol resistance MFS efflux pumps,CMLA,
MEG_1579|Drugs|Phenicol|Chloramphenicol_acetyltransferases|CATA,Drugs,Phenicol,Chloramphenicol acetyltransferases,CATA,
MEG_1763|Drugs|Phenicol|Phenicol_resistance_MFS_efflux_pumps|CMLA,Drugs,Phenicol,Phenicol resistance MFS efflux pumps,CMLA,
MEG_1589|Drugs|Phenicol|Chloramphenicol_acetyltransferases|CATA,Drugs,Phenicol,Chloramphenicol acetyltransferases,CATA,
MEG_1578|Drugs|Phenicol|Chloramphenicol_acetyltransferases|CATA,Drugs,Phenicol,Chloramphenicol acetyltransferases,CATA,
MEG_2916|Drugs|Phenicol|Phenicol_resistance_MFS_efflux_pumps|FLOR,Drugs,Phenicol,Phenicol resistance MFS efflux pumps,FLOR,
MEG_1588|Drugs|Phenicol|Chloramphenicol_acetyltransferases|CATA,Drugs,Phenicol,Chloramphenicol acetyltransferases,CATA,
MEG_1633|Drugs|Phenicol|Chloramphenicol_acetyltransferases|CATS,Drugs,Phenicol,Chloramphenicol acetyltransferases,CATS,
MEG_1652|Biocides|Biguanide_resistance|Biguanide_cation_efflux|CEPAB,Biocides,Biguanide resistance,Biguanide cation efflux,CEPAB,
MEG_1655|Metals|Chromium_resistance|Chromate_ABC_efflux_pump|CEUE,Metals,Chromium resistance,Chromate ABC efflux pump,CEUE,
MEG_1705|Metals|Chromium_resistance|Chromium_resistance_protein|CHRA,Metals,Chromium resistance,Chromium resistance protein,CHRA,
MEG_1706|Metals|Chromium_resistance|Chromium_resistance_protein|CHRA,Metals,Chromium resistance,Chromium resistance protein,CHRA,
MEG_1707|Metals|Chromium_resistance|Chromium_resistance_protein|CHRA,Metals,Chromium resistance,Chromium resistance protein,CHRA,
MEG_1708|Metals|Chromium_resistance|Chromium_resistance_protein|CHRA,Metals,Chromium resistance,Chromium resistance protein,CHRA,
MEG_1710|Metals|Chromium_resistance|Chromium_resistance_protein|CHRB1,Metals,Chromium resistance,Chromium resistance protein,CHRB1,
MEG_1711|Metals|Chromium_resistance|Chromium_resistance_protein|CHRB1,Metals,Chromium resistance,Chromium resistance protein,CHRB1,
MEG_1713|Metals|Chromium_resistance|Chromium_resistance_protein|CHRC,Metals,Chromium resistance,Chromium resistance protein,CHRC,
MEG_1714|Metals|Chromium_resistance|Chromium_resistance_protein|CHRE,Metals,Chromium resistance,Chromium resistance protein,CHRE,
MEG_1715|Metals|Chromium_resistance|Chromium_resistance_regulator|CHRF,Metals,Chromium resistance,Chromium resistance regulator,CHRF,
MEG_1716|Metals|Chromium_resistance|Chromium_resistance_regulator|CHRI,Metals,Chromium resistance,Chromium resistance regulator,CHRI,
MEG_1717|Metals|Chromium_resistance|Chromium_resistance_protein|CHRR,Metals,Chromium resistance,Chromium resistance protein,CHRR,
MEG_4160|Metals|Chromium_resistance|Chromium_resistance_protein|NFSA,Metals,Chromium resistance,Chromium resistance protein,NFSA,
MEG_6052|Metals|Chromium_resistance|Chromium_resistance_protein|RECG,Metals,Chromium resistance,Chromium resistance protein,RECG,
MEG_6562|Metals|Chromium_resistance|Chromium_resistance_protein|SRPCC,Metals,Chromium resistance,Chromium resistance protein,SRPCC,
MEG_4051|Drugs|MLS|Macrolide_phosphotransferases|MPHN,Drugs,MLS,Macrolide phosphotransferases,MPHN,
MEG_11371|Drugs|MLS|Macrolide_esterases|BRB,Drugs,MLS,Macrolide esterases,BRB,
MEG_10070|Drugs|MLS|ABC-F_ATPase_ribosomal_protection_protein|CPLR,Drugs,MLS,ABC-F ATPase ribosomal protection protein,CPLR,
MEG_2744|Drugs|MLS|Macrolide_esterases|EREA,Drugs,MLS,Macrolide esterases,EREA,
MEG_2828|Drugs|MLS|23S_rRNA_methyltransferases|ERMF,Drugs,MLS,23S rRNA methyltransferases,ERMF,
MEG_2838|Drugs|MLS|23S_rRNA_methyltransferases|ERMN,Drugs,MLS,23S rRNA methyltransferases,ERMN,
MEG_4071|Drugs|MLS|MLS_resistance_ABC_efflux_pumps|MSRC,Drugs,MLS,MLS resistance ABC efflux pumps,MSRC,
MEG_3827|Drugs|MLS|MLS_resistance_MFS_efflux_pumps|MEFB,Drugs,MLS,MLS resistance MFS efflux pumps,MEFB,
MEG_3945|Drugs|MLS|Macrolide_glycosyltransferases|MGT,Drugs,MLS,Macrolide glycosyltransferases,MGT,
MEG_3600|Drugs|MLS|Lincosamide_nucleotidyltransferases|LNUA,Drugs,MLS,Lincosamide nucleotidyltransferases,LNUA,
MEG_2839|Drugs|MLS|23S_rRNA_methyltransferases|ERMO,Drugs,MLS,23S rRNA methyltransferases,ERMO,
MEG_2802|Drugs|MLS|23S_rRNA_methyltransferases|ERMB,Drugs,MLS,23S rRNA methyltransferases,ERMB,
MEG_2740|Drugs|MLS|Macrolide_esterases|EREA,Drugs,MLS,Macrolide esterases,EREA,
MEG_2810|Drugs|MLS|23S_rRNA_methyltransferases|ERMC,Drugs,MLS,23S rRNA methyltransferases,ERMC,
MEG_7621|Drugs|MLS|Streptogramin_A_O-acetyltransferase|VATA,Drugs,MLS,Streptogramin A O-acetyltransferase,VATA,
MEG_6058|Drugs|MLS|23S_rRNA_methyltransferases|RLMH,Drugs,MLS,23S rRNA methyltransferases,RLMH,
MEG_7633|Drugs|MLS|Streptogramin_A_O-acetyltransferase|VATF,Drugs,MLS,Streptogramin A O-acetyltransferase,VATF,
MEG_4275|Drugs|MLS|MLS_resistance_ABC_efflux_pumps|OLEB,Drugs,MLS,MLS resistance ABC efflux pumps,OLEB,
MEG_2859|Drugs|MLS|23S_rRNA_methyltransferases|ERMX,Drugs,MLS,23S rRNA methyltransferases,ERMX,
MEG_7622|Drugs|MLS|Streptogramin_A_O-acetyltransferase|VATB,Drugs,MLS,Streptogramin A O-acetyltransferase,VATB,
MEG_2803|Drugs|MLS|23S_rRNA_methyltransferases|ERMB,Drugs,MLS,23S rRNA methyltransferases,ERMB,
MEG_2846|Drugs|MLS|23S_rRNA_methyltransferases|ERMT,Drugs,MLS,23S rRNA methyltransferases,ERMT,
MEG_3815|Drugs|MLS|MLS_resistance_MFS_efflux_pumps|MEFA,Drugs,MLS,MLS resistance MFS efflux pumps,MEFA,
MEG_7632|Drugs|MLS|Streptogramin_A_O-acetyltransferase|VATE,Drugs,MLS,Streptogramin A O-acetyltransferase,VATE,
MEG_2842|Drugs|MLS|23S_rRNA_methyltransferases|ERMQ,Drugs,MLS,23S rRNA methyltransferases,ERMQ,
MEG_2781|Drugs|MLS|23S_rRNA_methyltransferases|ERM42,Drugs,MLS,23S rRNA methyltransferases,ERM42,
MEG_2816|Drugs|MLS|23S_rRNA_methyltransferases|ERMC,Drugs,MLS,23S rRNA methyltransferases,ERMC,
MEG_4027|Drugs|MLS|Macrolide_phosphotransferases|MPH,Drugs,MLS,Macrolide phosphotransferases,MPH,
MEG_2766|Drugs|MLS|23S_rRNA_methyltransferases|ERM,Drugs,MLS,23S rRNA methyltransferases,ERM,
MEG_4276|Drugs|MLS|MLS_resistance_ABC_efflux_pumps|OLEC,Drugs,MLS,MLS resistance ABC efflux pumps,OLEC,
MEG_8081|Drugs|MLS|23S_rRNA_methyltransferases|ERM50,Drugs,MLS,23S rRNA methyltransferases,ERM50,
MEG_2794|Drugs|MLS|23S_rRNA_methyltransferases|ERMB,Drugs,MLS,23S rRNA methyltransferases,ERMB,
MEG_2751|Drugs|MLS|Macrolide_esterases|EREA,Drugs,MLS,Macrolide esterases,EREA,
MEG_2817|Drugs|MLS|23S_rRNA_methyltransferases|ERMC,Drugs,MLS,23S rRNA methyltransferases,ERMC,
MEG_7628|Drugs|MLS|Streptogramin_A_O-acetyltransferase|VATE,Drugs,MLS,Streptogramin A O-acetyltransferase,VATE,
MEG_2807|Drugs|MLS|23S_rRNA_methyltransferases|ERMB,Drugs,MLS,23S rRNA methyltransferases,ERMB,
MEG_2776|Drugs|MLS|23S_rRNA_methyltransferases|ERM32,Drugs,MLS,23S rRNA methyltransferases,ERM32,
MEG_7692|Drugs|MLS|Streptogramin_B_ester_bond_cleavage|VGBA,Drugs,MLS,Streptogramin B ester bond cleavage,VGBA,
MEG_8245|Drugs|MLS|MLS_resistance_MFS_efflux_pumps|MEFF,Drugs,MLS,MLS resistance MFS efflux pumps,MEFF,
MEG_2771|Drugs|MLS|23S_rRNA_methyltransferases|ERM,Drugs,MLS,23S rRNA methyltransferases,ERM,
MEG_1701|Metals|Sodium_resistance|Sodium_resistance_protein|CHAA,Metals,Sodium resistance,Sodium resistance protein,CHAA,
MEG_4162|Metals|Sodium_resistance|Sodium_resistance_protein|NHAA,Metals,Sodium resistance,Sodium resistance protein,NHAA,
MEG_4163|Metals|Sodium_resistance|Sodium_resistance_protein|NHAB,Metals,Sodium resistance,Sodium resistance protein,NHAB,
MEG_4164|Metals|Sodium_resistance|Sodium_resistance_protein|NHAB,Metals,Sodium resistance,Sodium resistance protein,NHAB,
MEG_2096|Metals|Cobalt_resistance|Cobalt_transporting_ATPase|CORT,Metals,Cobalt resistance,Cobalt transporting ATPase,CORT,
MEG_4165|Metals|Cobalt_resistance|Cobalt_transporting_ATPase|NHLF,Metals,Cobalt resistance,Cobalt transporting ATPase,NHLF,
MEG_6010|Drugs|Fluoroquinolones|Quinolone_resistance_protein_Qnr|QNRC,Drugs,Fluoroquinolones,Quinolone resistance protein Qnr,QNRC,
MEG_5937|Drugs|Fluoroquinolones|Quinolone_resistance_protein_Qnr|QNRB,Drugs,Fluoroquinolones,Quinolone resistance protein Qnr,QNRB,
MEG_5910|Drugs|Fluoroquinolones|Quinolone_resistance_protein_Qnr|QNRB,Drugs,Fluoroquinolones,Quinolone resistance protein Qnr,QNRB,
MEG_5962|Drugs|Fluoroquinolones|Quinolone_resistance_protein_Qnr|QNRB,Drugs,Fluoroquinolones,Quinolone resistance protein Qnr,QNRB,
MEG_5930|Drugs|Fluoroquinolones|Quinolone_resistance_protein_Qnr|QNRB,Drugs,Fluoroquinolones,Quinolone resistance protein Qnr,QNRB,
MEG_5899|Drugs|Fluoroquinolones|Quinolone_resistance_protein_Qnr|QNRB,Drugs,Fluoroquinolones,Quinolone resistance protein Qnr,QNRB,
MEG_6007|Drugs|Fluoroquinolones|Quinolone_resistance_protein_Qnr|QNRB,Drugs,Fluoroquinolones,Quinolone resistance protein Qnr,QNRB,
MEG_6009|Drugs|Fluoroquinolones|Quinolone_resistance_protein_Qnr|QNRB,Drugs,Fluoroquinolones,Quinolone resistance protein Qnr,QNRB,
MEG_6021|Drugs|Fluoroquinolones|Quinolone_resistance_protein_Qnr|QNRS,Drugs,Fluoroquinolones,Quinolone resistance protein Qnr,QNRS,
MEG_5894|Drugs|Fluoroquinolones|Quinolone_resistance_protein_Qnr|QNRB,Drugs,Fluoroquinolones,Quinolone resistance protein Qnr,QNRB,
MEG_5966|Drugs|Fluoroquinolones|Quinolone_resistance_protein_Qnr|QNRB,Drugs,Fluoroquinolones,Quinolone resistance protein Qnr,QNRB,
MEG_3942|Drugs|Fluoroquinolones|Quinolone_resistance_protein_Qnr|MFPA,Drugs,Fluoroquinolones,Quinolone resistance protein Qnr,MFPA,
MEG_6011|Drugs|Fluoroquinolones|Quinolone_resistance_protein_Qnr|QNRC,Drugs,Fluoroquinolones,Quinolone resistance protein Qnr,QNRC,
MEG_6013|Drugs|Fluoroquinolones|Quinolone_resistance_protein_Qnr|QNRD,Drugs,Fluoroquinolones,Quinolone resistance protein Qnr,QNRD,
MEG_5863|Drugs|Fluoroquinolones|Quinolone_active_efflux|QEPA,Drugs,Fluoroquinolones,Quinolone active efflux,QEPA,
MEG_5961|Drugs|Fluoroquinolones|Quinolone_resistance_protein_Qnr|QNRB,Drugs,Fluoroquinolones,Quinolone resistance protein Qnr,QNRB,
MEG_5908|Drugs|Fluoroquinolones|Quinolone_resistance_protein_Qnr|QNRB,Drugs,Fluoroquinolones,Quinolone resistance protein Qnr,QNRB,
MEG_6019|Drugs|Fluoroquinolones|Quinolone_resistance_protein_Qnr|QNRS,Drugs,Fluoroquinolones,Quinolone resistance protein Qnr,QNRS,
MEG_6014|Drugs|Fluoroquinolones|Quinolone_resistance_protein_Qnr|QNRD,Drugs,Fluoroquinolones,Quinolone resistance protein Qnr,QNRD,
MEG_5989|Drugs|Fluoroquinolones|Quinolone_resistance_protein_Qnr|QNRB,Drugs,Fluoroquinolones,Quinolone resistance protein Qnr,QNRB,
MEG_5917|Drugs|Fluoroquinolones|Quinolone_resistance_protein_Qnr|QNRB,Drugs,Fluoroquinolones,Quinolone resistance protein Qnr,QNRB,
MEG_5949|Drugs|Fluoroquinolones|Quinolone_resistance_protein_Qnr|QNRB,Drugs,Fluoroquinolones,Quinolone resistance protein Qnr,QNRB,
MEG_8656|Drugs|Fluoroquinolones|Quinolone_resistance_protein_Qnr|QNRB,Drugs,Fluoroquinolones,Quinolone resistance protein Qnr,QNRB,
MEG_5979|Drugs|Fluoroquinolones|Quinolone_resistance_protein_Qnr|QNRB,Drugs,Fluoroquinolones,Quinolone resistance protein Qnr,QNRB,
MEG_6017|Drugs|Fluoroquinolones|Quinolone_resistance_protein_Qnr|QNRS,Drugs,Fluoroquinolones,Quinolone resistance protein Qnr,QNRS,
MEG_11226|Drugs|Fluoroquinolones|Quinolone_resistance_protein_Qnr|QNRB,Drugs,Fluoroquinolones,Quinolone resistance protein Qnr,QNRB,
MEG_5957|Drugs|Fluoroquinolones|Quinolone_resistance_protein_Qnr|QNRB,Drugs,Fluoroquinolones,Quinolone resistance protein Qnr,QNRB,
MEG_6018|Drugs|Fluoroquinolones|Quinolone_resistance_protein_Qnr|QNRS,Drugs,Fluoroquinolones,Quinolone resistance protein Qnr,QNRS,
MEG_5880|Drugs|Fluoroquinolones|Quinolone_resistance_protein_Qnr|QNRB,Drugs,Fluoroquinolones,Quinolone resistance protein Qnr,QNRB,
MEG_11224|Drugs|Fluoroquinolones|Quinolone_resistance_protein_Qnr|QNRB,Drugs,Fluoroquinolones,Quinolone resistance protein Qnr,QNRB,
MEG_5862|Drugs|Fluoroquinolones|Quinolone_active_efflux|QEPA,Drugs,Fluoroquinolones,Quinolone active efflux,QEPA,
MEG_11236|Drugs|Fluoroquinolones|Quinolone_resistance_protein_Qnr|QNRE,Drugs,Fluoroquinolones,Quinolone resistance protein Qnr,QNRE,
MEG_5879|Drugs|Fluoroquinolones|Quinolone_resistance_protein_Qnr|QNRB,Drugs,Fluoroquinolones,Quinolone resistance protein Qnr,QNRB,
MEG_5903|Drugs|Fluoroquinolones|Quinolone_resistance_protein_Qnr|QNRB,Drugs,Fluoroquinolones,Quinolone resistance protein Qnr,QNRB,
MEG_8658|Drugs|Fluoroquinolones|Quinolone_resistance_protein_Qnr|QNRVC,Drugs,Fluoroquinolones,Quinolone resistance protein Qnr,QNRVC,
MEG_5891|Drugs|Fluoroquinolones|Quinolone_resistance_protein_Qnr|QNRB,Drugs,Fluoroquinolones,Quinolone resistance protein Qnr,QNRB,
MEG_5954|Drugs|Fluoroquinolones|Quinolone_resistance_protein_Qnr|QNRB,Drugs,Fluoroquinolones,Quinolone resistance protein Qnr,QNRB,
MEG_5913|Drugs|Fluoroquinolones|Quinolone_resistance_protein_Qnr|QNRB,Drugs,Fluoroquinolones,Quinolone resistance protein Qnr,QNRB,
MEG_5990|Drugs|Fluoroquinolones|Quinolone_resistance_protein_Qnr|QNRB,Drugs,Fluoroquinolones,Quinolone resistance protein Qnr,QNRB,
MEG_5912|Drugs|Fluoroquinolones|Quinolone_resistance_protein_Qnr|QNRB,Drugs,Fluoroquinolones,Quinolone resistance protein Qnr,QNRB,
MEG_2482|Drugs|Trimethoprim|Dihydrofolate_reductase|DFRA,Drugs,Trimethoprim,Dihydrofolate reductase,DFRA,
MEG_2512|Drugs|Trimethoprim|Dihydrofolate_reductase|DFRA,Drugs,Trimethoprim,Dihydrofolate reductase,DFRA,
MEG_2574|Drugs|Trimethoprim|Dihydrofolate_reductase|DFRD,Drugs,Trimethoprim,Dihydrofolate reductase,DFRD,
MEG_8071|Drugs|Trimethoprim|Dihydrofolate_reductase|DFRE,Drugs,Trimethoprim,Dihydrofolate reductase,DFRE,
MEG_2563|Drugs|Trimethoprim|Dihydrofolate_reductase|DFRB,Drugs,Trimethoprim,Dihydrofolate reductase,DFRB,
MEG_11305|Drugs|Trimethoprim|Dihydrofolate_reductase|DFRA,Drugs,Trimethoprim,Dihydrofolate reductase,DFRA,
MEG_11304|Drugs|Trimethoprim|Dihydrofolate_reductase|DFRA,Drugs,Trimethoprim,Dihydrofolate reductase,DFRA,
MEG_2561|Drugs|Trimethoprim|Dihydrofolate_reductase|DFRB,Drugs,Trimethoprim,Dihydrofolate reductase,DFRB,
MEG_2498|Drugs|Trimethoprim|Dihydrofolate_reductase|DFRA,Drugs,Trimethoprim,Dihydrofolate reductase,DFRA,
MEG_2536|Drugs|Trimethoprim|Dihydrofolate_reductase|DFRA,Drugs,Trimethoprim,Dihydrofolate reductase,DFRA,
MEG_2520|Drugs|Trimethoprim|Dihydrofolate_reductase|DFRA,Drugs,Trimethoprim,Dihydrofolate reductase,DFRA,
MEG_8063|Drugs|Trimethoprim|Dihydrofolate_reductase|DFRA,Drugs,Trimethoprim,Dihydrofolate reductase,DFRA,
MEG_2544|Drugs|Trimethoprim|Dihydrofolate_reductase|DFRA,Drugs,Trimethoprim,Dihydrofolate reductase,DFRA,
MEG_2565|Drugs|Trimethoprim|Dihydrofolate_reductase|DFRB,Drugs,Trimethoprim,Dihydrofolate reductase,DFRB,
MEG_8066|Drugs|Trimethoprim|Dihydrofolate_reductase|DFRA,Drugs,Trimethoprim,Dihydrofolate reductase,DFRA,
MEG_2493|Drugs|Trimethoprim|Dihydrofolate_reductase|DFRA,Drugs,Trimethoprim,Dihydrofolate reductase,DFRA,
MEG_2507|Drugs|Trimethoprim|Dihydrofolate_reductase|DFRA,Drugs,Trimethoprim,Dihydrofolate reductase,DFRA,
MEG_2558|Drugs|Trimethoprim|Dihydrofolate_reductase|DFRB,Drugs,Trimethoprim,Dihydrofolate reductase,DFRB,
MEG_2550|Drugs|Trimethoprim|Dihydrofolate_reductase|DFRA,Drugs,Trimethoprim,Dihydrofolate reductase,DFRA,
MEG_2525|Drugs|Trimethoprim|Dihydrofolate_reductase|DFRA,Drugs,Trimethoprim,Dihydrofolate reductase,DFRA,
MEG_2569|Drugs|Trimethoprim|Dihydrofolate_reductase|DFRB,Drugs,Trimethoprim,Dihydrofolate reductase,DFRB,
MEG_2486|Drugs|Trimethoprim|Dihydrofolate_reductase|DFRA,Drugs,Trimethoprim,Dihydrofolate reductase,DFRA,
MEG_8062|Drugs|Trimethoprim|Dihydrofolate_reductase|DFRA,Drugs,Trimethoprim,Dihydrofolate reductase,DFRA,
MEG_2488|Drugs|Trimethoprim|Dihydrofolate_reductase|DFRA,Drugs,Trimethoprim,Dihydrofolate reductase,DFRA,
MEG_2562|Drugs|Trimethoprim|Dihydrofolate_reductase|DFRB,Drugs,Trimethoprim,Dihydrofolate reductase,DFRB,
MEG_2540|Drugs|Trimethoprim|Dihydrofolate_reductase|DFRA,Drugs,Trimethoprim,Dihydrofolate reductase,DFRA,
MEG_11307|Drugs|Trimethoprim|Dihydrofolate_reductase|DFRB,Drugs,Trimethoprim,Dihydrofolate reductase,DFRB,
MEG_2492|Drugs|Trimethoprim|Dihydrofolate_reductase|DFRA,Drugs,Trimethoprim,Dihydrofolate reductase,DFRA,
MEG_2513|Drugs|Trimethoprim|Dihydrofolate_reductase|DFRA,Drugs,Trimethoprim,Dihydrofolate reductase,DFRA,
MEG_11302|Drugs|Trimethoprim|Dihydrofolate_reductase|DFRA,Drugs,Trimethoprim,Dihydrofolate reductase,DFRA,
MEG_2578|Drugs|Trimethoprim|Dihydrofolate_reductase|DFRF,Drugs,Trimethoprim,Dihydrofolate reductase,DFRF,
MEG_2483|Drugs|Trimethoprim|Dihydrofolate_reductase|DFRA,Drugs,Trimethoprim,Dihydrofolate reductase,DFRA,
MEG_2556|Drugs|Trimethoprim|Dihydrofolate_reductase|DFRA,Drugs,Trimethoprim,Dihydrofolate reductase,DFRA,
MEG_8065|Drugs|Trimethoprim|Dihydrofolate_reductase|DFRA,Drugs,Trimethoprim,Dihydrofolate reductase,DFRA,
MEG_2515|Drugs|Trimethoprim|Dihydrofolate_reductase|DFRA,Drugs,Trimethoprim,Dihydrofolate reductase,DFRA,
MEG_11303|Drugs|Trimethoprim|Dihydrofolate_reductase|DFRA,Drugs,Trimethoprim,Dihydrofolate reductase,DFRA,
MEG_8061|Drugs|Trimethoprim|Dihydrofolate_reductase|DFRA,Drugs,Trimethoprim,Dihydrofolate reductase,DFRA,
MEG_2537|Drugs|Trimethoprim|Dihydrofolate_reductase|DFRA,Drugs,Trimethoprim,Dihydrofolate reductase,DFRA,
MEG_2559|Drugs|Trimethoprim|Dihydrofolate_reductase|DFRB,Drugs,Trimethoprim,Dihydrofolate reductase,DFRB,
MEG_2560|Drugs|Trimethoprim|Dihydrofolate_reductase|DFRB,Drugs,Trimethoprim,Dihydrofolate reductase,DFRB,
MEG_2714|Biocides|Quaternary_Ammonium_Compounds_(QACs)_resistance|QAC_efflux_pump|EMEA,Biocides,Quaternary Ammonium Compounds (QACs) resistance,QAC efflux pump,EMEA,
MEG_3084|Biocides|Quaternary_Ammonium_Compounds_(QACs)_resistance|QAC-resistant_protein_UDP_glucose_4_epimerase|GALE,Biocides,Quaternary Ammonium Compounds (QACs) resistance,QAC-resistant protein UDP glucose 4 epimerase,GALE,
MEG_2874|Biocides|Phenolic_compound_resistance|Phenolic_resistance_protein|FABI,Biocides,Phenolic compound resistance,Phenolic resistance protein,FABI,
MEG_2875|Biocides|Phenolic_compound_resistance|Phenolic_resistance_protein|FABI,Biocides,Phenolic compound resistance,Phenolic resistance protein,FABI,
MEG_2876|Biocides|Phenolic_compound_resistance|Phenolic_resistance_protein|FABK,Biocides,Phenolic compound resistance,Phenolic resistance protein,FABK,
MEG_2877|Biocides|Phenolic_compound_resistance|Phenolic_resistance_protein|FABL,Biocides,Phenolic compound resistance,Phenolic resistance protein,FABL,
MEG_2878|Biocides|Phenolic_compound_resistance|Phenolic_resistance_protein|FABV,Biocides,Phenolic compound resistance,Phenolic resistance protein,FABV,
MEG_2879|Biocides|Phenolic_compound_resistance|Phenolic_resistance_protein|FABV,Biocides,Phenolic compound resistance,Phenolic resistance protein,FABV,
MEG_7271|Biocides|Phenolic_compound_resistance|Phenolic_RND_efflux_pump|TRIA,Biocides,Phenolic compound resistance,Phenolic RND efflux pump,TRIA,
MEG_7272|Biocides|Phenolic_compound_resistance|Phenolic_RND_efflux_pump|TRIAP,Biocides,Phenolic compound resistance,Phenolic RND efflux pump,TRIAP,
MEG_7273|Biocides|Phenolic_compound_resistance|Phenolic_RND_efflux_pump|TRIB,Biocides,Phenolic compound resistance,Phenolic RND efflux pump,TRIB,
MEG_7274|Biocides|Phenolic_compound_resistance|Phenolic_RND_efflux_pump|TRIBP,Biocides,Phenolic compound resistance,Phenolic RND efflux pump,TRIBP,
MEG_7275|Biocides|Phenolic_compound_resistance|Phenolic_RND_efflux_pump|TRIC,Biocides,Phenolic compound resistance,Phenolic RND efflux pump,TRIC,
MEG_7276|Biocides|Phenolic_compound_resistance|Phenolic_RND_efflux_pump|TRICP,Biocides,Phenolic compound resistance,Phenolic RND efflux pump,TRICP,
MEG_9974|Biocides|Phenolic_compound_resistance|Triclosan-resistant_mutation|FABG,Biocides,Phenolic compound resistance,Triclosan-resistant mutation,FABG,
MEG_11443|Biocides|Phenolic_compound_resistance|Triclosan-resistant_mutation|FABG,Biocides,Phenolic compound resistance,Triclosan-resistant mutation,FABG,
MEG_2880|Drugs|Elfamycins|Elfamycin_efflux_pumps|FACT,Drugs,Elfamycins,Elfamycin efflux pumps,FACT,
MEG_3066|Drugs|Fusidic_acid|Ribosomal_zinc-binding_protein|FUSB,Drugs,Fusidic acid,Ribosomal zinc-binding protein,FUSB,
MEG_3067|Drugs|Fusidic_acid|Ribosomal_zinc-binding_protein|FUSB,Drugs,Fusidic acid,Ribosomal zinc-binding protein,FUSB,
MEG_3068|Drugs|Fusidic_acid|Ribosomal_zinc-binding_protein|FUSC,Drugs,Fusidic acid,Ribosomal zinc-binding protein,FUSC,
MEG_3069|Drugs|Fusidic_acid|Ribosomal_zinc-binding_protein|FUSD,Drugs,Fusidic acid,Ribosomal zinc-binding protein,FUSD,
MEG_3070|Drugs|Fusidic_acid|Ribosomal_zinc-binding_protein|FUSD,Drugs,Fusidic acid,Ribosomal zinc-binding protein,FUSD,
MEG_3072|Drugs|Fusidic_acid|Fusidic_acid_esterases|FUSF,Drugs,Fusidic acid,Fusidic acid esterases,FUSF,
MEG_3073|Drugs|Fusidic_acid|Fusidic_acid_esterases|FUSF,Drugs,Fusidic acid,Fusidic acid esterases,FUSF,
MEG_3074|Drugs|Fusidic_acid|Fusidic_acid_esterases|FUSH,Drugs,Fusidic acid,Fusidic acid esterases,FUSH,
MEG_3167|Metals|Gold_resistance|Gold_resistance_regulator|GOLS,Metals,Gold resistance,Gold resistance regulator,GOLS,
MEG_3272|Metals|Nickel_resistance|Nickel_resistance_protein|HOXN,Metals,Nickel resistance,Nickel resistance protein,HOXN,
MEG_3283|Metals|Nickel_resistance|Nickel_resistance_protein|HUPE,Metals,Nickel resistance,Nickel resistance protein,HUPE,
MEG_3284|Metals|Nickel_resistance|Nickel_resistance_protein|HUPE,Metals,Nickel resistance,Nickel resistance protein,HUPE,
MEG_3285|Metals|Nickel_resistance|Nickel_resistance_protein|HUPN,Metals,Nickel resistance,Nickel resistance protein,HUPN,
MEG_4120|Metals|Nickel_resistance|Nickel_MFS_efflux_pumps|NCRAN,Metals,Nickel resistance,Nickel MFS efflux pumps,NCRAN,
MEG_4123|Metals|Nickel_resistance|Nickel_MFS_efflux_regulator|NCRBN,Metals,Nickel resistance,Nickel MFS efflux regulator,NCRBN,
MEG_4126|Metals|Nickel_resistance|Nickel_MFS_efflux_pumps|NCRCN,Metals,Nickel resistance,Nickel MFS efflux pumps,NCRCN,
MEG_4128|Metals|Nickel_resistance|Nickel_MFS_efflux_regulator|NCRYN,Metals,Nickel resistance,Nickel MFS efflux regulator,NCRYN,
MEG_4167|Metals|Nickel_resistance|Nickel_ABC_efflux_pumps|NIKA,Metals,Nickel resistance,Nickel ABC efflux pumps,NIKA,
MEG_4168|Metals|Nickel_resistance|Nickel_ABC_efflux_pumps|NIKB,Metals,Nickel resistance,Nickel ABC efflux pumps,NIKB,
MEG_4169|Metals|Nickel_resistance|Nickel_ABC_efflux_pumps|NIKB,Metals,Nickel resistance,Nickel ABC efflux pumps,NIKB,
MEG_4170|Metals|Nickel_resistance|Nickel_ABC_efflux_pumps|NIKC,Metals,Nickel resistance,Nickel ABC efflux pumps,NIKC,
MEG_4171|Metals|Nickel_resistance|Nickel_ABC_efflux_pumps|NIKD,Metals,Nickel resistance,Nickel ABC efflux pumps,NIKD,
MEG_4172|Metals|Nickel_resistance|Nickel_ABC_efflux_pumps|NIKD,Metals,Nickel resistance,Nickel ABC efflux pumps,NIKD,
MEG_4173|Metals|Nickel_resistance|Nickel_ABC_efflux_pumps|NIKE,Metals,Nickel resistance,Nickel ABC efflux pumps,NIKE,
MEG_4174|Metals|Nickel_resistance|Nickel_ABC_efflux_pumps|NIKE,Metals,Nickel resistance,Nickel ABC efflux pumps,NIKE,
MEG_4175|Metals|Nickel_resistance|Nickel_ABC_efflux_regulator|NIKR,Metals,Nickel resistance,Nickel ABC efflux regulator,NIKR,
MEG_4177|Metals|Nickel_resistance|Nickel_ABC_efflux_regulator|NIKR,Metals,Nickel resistance,Nickel ABC efflux regulator,NIKR,
MEG_4195|Metals|Nickel_resistance|Nickel_resistance_protein|NIRA,Metals,Nickel resistance,Nickel resistance protein,NIRA,
MEG_4196|Metals|Nickel_resistance|Nickel_resistance_protein|NIRB,Metals,Nickel resistance,Nickel resistance protein,NIRB,
MEG_4197|Metals|Nickel_resistance|Nickel_resistance_protein|NIRC,Metals,Nickel resistance,Nickel resistance protein,NIRC,
MEG_4198|Metals|Nickel_resistance|Nickel_resistance_protein|NIRD,Metals,Nickel resistance,Nickel resistance protein,NIRD,
MEG_4199|Metals|Nickel_resistance|Nickel_resistance_protein|NIXA,Metals,Nickel resistance,Nickel resistance protein,NIXA,
MEG_4200|Metals|Nickel_resistance|Nickel_resistance_protein|NIXA,Metals,Nickel resistance,Nickel resistance protein,NIXA,
MEG_4218|Metals|Nickel_resistance|Nickel_RND_efflux_pumps|NRSA,Metals,Nickel resistance,Nickel RND efflux pumps,NRSA,
MEG_4220|Metals|Nickel_resistance|Nickel_resistance_regulator|NRSR,Metals,Nickel resistance,Nickel resistance regulator,NRSR,
MEG_4221|Metals|Nickel_resistance|Nickel_resistance_regulator|NRSS,Metals,Nickel resistance,Nickel resistance regulator,NRSS,
MEG_3287|Biocides|Peroxide_resistance|Peroxide_resistance_stress_protein|IBPA,Biocides,Peroxide resistance,Peroxide resistance stress protein,IBPA,
MEG_3288|Biocides|Peroxide_resistance|Peroxide_resistance_stress_protein|IBPB,Biocides,Peroxide resistance,Peroxide resistance stress protein,IBPB,
MEG_3289|Biocides|Peroxide_resistance|Peroxide_resistance_stress_protein|IBPB,Biocides,Peroxide resistance,Peroxide resistance stress protein,IBPB,
MEG_5772|Biocides|Peroxide_resistance|peroxide_resistance_regulator|PERR,Biocides,Peroxide resistance,peroxide resistance regulator,PERR,
MEG_6540|Biocides|Peroxide_resistance|peroxide_resistance_protein|SODA,Biocides,Peroxide resistance,peroxide resistance protein,SODA,
MEG_6541|Biocides|Peroxide_resistance|peroxide_resistance_protein|SODA,Biocides,Peroxide resistance,peroxide resistance protein,SODA,
MEG_6542|Biocides|Peroxide_resistance|peroxide_resistance_protein|SODA,Biocides,Peroxide resistance,peroxide resistance protein,SODA,
MEG_6543|Biocides|Peroxide_resistance|peroxide_resistance_protein|SODA,Biocides,Peroxide resistance,peroxide resistance protein,SODA,
MEG_6544|Biocides|Peroxide_resistance|peroxide_resistance_protein|SODB,Biocides,Peroxide resistance,peroxide resistance protein,SODB,
MEG_6545|Biocides|Peroxide_resistance|peroxide_resistance_protein|SODB,Biocides,Peroxide resistance,peroxide resistance protein,SODB,
MEG_6546|Biocides|Peroxide_resistance|peroxide_resistance_protein|SODB,Biocides,Peroxide resistance,peroxide resistance protein,SODB,
MEG_7818|Biocides|Peroxide_resistance|peroxide_resistance_protein|YDEI,Biocides,Peroxide resistance,peroxide resistance protein,YDEI,
MEG_11436|Biocides|Peroxide_resistance|Peroxide_resistance_stress_protein|KATP,Biocides,Peroxide resistance,Peroxide resistance stress protein,KATP,
MEG_11438|Biocides|Peroxide_resistance|Peroxide_resistance_stress_protein|SODC,Biocides,Peroxide resistance,Peroxide resistance stress protein,SODC,
MEG_3290|Biocides|Acetate_resistance|Acetate_resistance_protein|ICLR,Biocides,Acetate resistance,Acetate resistance protein,ICLR,
MEG_3291|Biocides|Acetate_resistance|Acetate_resistance_protein|ICLR,Biocides,Acetate resistance,Acetate resistance protein,ICLR,
MEG_3622|Biocides|Acetate_resistance|Acetate_resistance_protein|LPDT,Biocides,Acetate resistance,Acetate resistance protein,LPDT,
MEG_3714|Drugs|Lipopeptides|Colistin_phosphoethanolamine_transferase|MCR,Drugs,Lipopeptides,Colistin phosphoethanolamine transferase,MCR,
MEG_3717|Drugs|Lipopeptides|Colistin_phosphoethanolamine_transferase|MCR,Drugs,Lipopeptides,Colistin phosphoethanolamine transferase,MCR,
MEG_3691|Drugs|Lipopeptides|Colistin_phosphoethanolamine_transferase|MCR,Drugs,Lipopeptides,Colistin phosphoethanolamine transferase,MCR,
MEG_8779|Drugs|Lipopeptides|Colistin_phosphoethanolamine_transferase|MCR,Drugs,Lipopeptides,Colistin phosphoethanolamine transferase,MCR,
MEG_8237|Drugs|Lipopeptides|Colistin_phosphoethanolamine_transferase|MCR,Drugs,Lipopeptides,Colistin phosphoethanolamine transferase,MCR,
MEG_3712|Drugs|Lipopeptides|Colistin_phosphoethanolamine_transferase|MCR,Drugs,Lipopeptides,Colistin phosphoethanolamine transferase,MCR,
MEG_3709|Drugs|Lipopeptides|Colistin_phosphoethanolamine_transferase|MCR,Drugs,Lipopeptides,Colistin phosphoethanolamine transferase,MCR,
MEG_10098|Drugs|Lipopeptides|Colistin-resistant_mutant|LPXD,Drugs,Lipopeptides,Colistin-resistant mutant,LPXD,
MEG_3722|Drugs|Lipopeptides|Colistin_phosphoethanolamine_transferase|MCR,Drugs,Lipopeptides,Colistin phosphoethanolamine transferase,MCR,
MEG_11459|Drugs|Lipopeptides|Colistin_phosphoethanolamine_transferase|MCR,Drugs,Lipopeptides,Colistin phosphoethanolamine transferase,MCR,
MEG_3726|Drugs|Lipopeptides|Colistin_phosphoethanolamine_transferase|MCR,Drugs,Lipopeptides,Colistin phosphoethanolamine transferase,MCR,
MEG_3667|Drugs|Lipopeptides|Colistin_phosphoethanolamine_transferase|MCR,Drugs,Lipopeptides,Colistin phosphoethanolamine transferase,MCR,
MEG_3729|Drugs|Lipopeptides|Colistin_phosphoethanolamine_transferase|MCR,Drugs,Lipopeptides,Colistin phosphoethanolamine transferase,MCR,
MEG_8808|Drugs|Lipopeptides|Colistin_phosphoethanolamine_transferase|MCR,Drugs,Lipopeptides,Colistin phosphoethanolamine transferase,MCR,
MEG_8796|Drugs|Lipopeptides|Colistin_phosphoethanolamine_transferase|MCR,Drugs,Lipopeptides,Colistin phosphoethanolamine transferase,MCR,
MEG_10077|Drugs|Lipopeptides|Daptomycin-resistant_mutant|DRMA,Drugs,Lipopeptides,Daptomycin-resistant mutant,DRMA,
MEG_11458|Drugs|Lipopeptides|Colistin_phosphoethanolamine_transferase|MCR,Drugs,Lipopeptides,Colistin phosphoethanolamine transferase,MCR,
MEG_3675|Drugs|Lipopeptides|Colistin_phosphoethanolamine_transferase|MCR,Drugs,Lipopeptides,Colistin phosphoethanolamine transferase,MCR,
MEG_8238|Drugs|Lipopeptides|Colistin_phosphoethanolamine_transferase|MCR,Drugs,Lipopeptides,Colistin phosphoethanolamine transferase,MCR,
MEG_3673|Drugs|Lipopeptides|Colistin_phosphoethanolamine_transferase|MCR,Drugs,Lipopeptides,Colistin phosphoethanolamine transferase,MCR,
MEG_3693|Drugs|Lipopeptides|Colistin_phosphoethanolamine_transferase|MCR,Drugs,Lipopeptides,Colistin phosphoethanolamine transferase,MCR,
MEG_3731|Drugs|Lipopeptides|Colistin_phosphoethanolamine_transferase|MCR,Drugs,Lipopeptides,Colistin phosphoethanolamine transferase,MCR,
MEG_10048|Drugs|Lipopeptides|Polymyxin_resistant_aminoacyl_carrier_protein|ALMF,Drugs,Lipopeptides,Polymyxin resistant aminoacyl carrier protein,ALMF,
MEG_3724|Drugs|Lipopeptides|Colistin_phosphoethanolamine_transferase|MCR,Drugs,Lipopeptides,Colistin phosphoethanolamine transferase,MCR,
MEG_8780|Drugs|Lipopeptides|Colistin_phosphoethanolamine_transferase|MCR,Drugs,Lipopeptides,Colistin phosphoethanolamine transferase,MCR,
MEG_11454|Drugs|Lipopeptides|Colistin_phosphoethanolamine_transferase|MCR,Drugs,Lipopeptides,Colistin phosphoethanolamine transferase,MCR,
MEG_11384|Drugs|Lipopeptides|Daptomycin_ABC_efflux_transporter_protein|DRCA,Drugs,Lipopeptides,Daptomycin ABC efflux transporter protein,DRCA,
MEG_3730|Drugs|Lipopeptides|Colistin_phosphoethanolamine_transferase|MCR,Drugs,Lipopeptides,Colistin phosphoethanolamine transferase,MCR,
MEG_3719|Drugs|Lipopeptides|Colistin_phosphoethanolamine_transferase|MCR,Drugs,Lipopeptides,Colistin phosphoethanolamine transferase,MCR,
MEG_11457|Drugs|Lipopeptides|Colistin_phosphoethanolamine_transferase|MCR,Drugs,Lipopeptides,Colistin phosphoethanolamine transferase,MCR,
MEG_10047|Drugs|Lipopeptides|Polymyxin_resistant_glycyltransferase|ALME,Drugs,Lipopeptides,Polymyxin resistant glycyltransferase,ALME,
MEG_8240|Drugs|Lipopeptides|Colistin_phosphoethanolamine_transferase|MCR,Drugs,Lipopeptides,Colistin phosphoethanolamine transferase,MCR,
MEG_3687|Drugs|Lipopeptides|Colistin_phosphoethanolamine_transferase|MCR,Drugs,Lipopeptides,Colistin phosphoethanolamine transferase,MCR,
MEG_3720|Drugs|Lipopeptides|Colistin_phosphoethanolamine_transferase|MCR,Drugs,Lipopeptides,Colistin phosphoethanolamine transferase,MCR,
MEG_3678|Drugs|Lipopeptides|Colistin_phosphoethanolamine_transferase|MCR,Drugs,Lipopeptides,Colistin phosphoethanolamine transferase,MCR,
MEG_8801|Drugs|Lipopeptides|Colistin_phosphoethanolamine_transferase|MCR,Drugs,Lipopeptides,Colistin phosphoethanolamine transferase,MCR,
MEG_8782|Drugs|Lipopeptides|Colistin_phosphoethanolamine_transferase|MCR,Drugs,Lipopeptides,Colistin phosphoethanolamine transferase,MCR,
MEG_8802|Drugs|Lipopeptides|Colistin_phosphoethanolamine_transferase|MCR,Drugs,Lipopeptides,Colistin phosphoethanolamine transferase,MCR,
MEG_8806|Drugs|Lipopeptides|Colistin_phosphoethanolamine_transferase|MCR,Drugs,Lipopeptides,Colistin phosphoethanolamine transferase,MCR,
MEG_5776|Drugs|Lipopeptides|Lipid_A_phosphatase|PGBB,Drugs,Lipopeptides,Lipid A phosphatase,PGBB,
MEG_3295|Drugs|Mupirocin|Mupirocin-resistant_isoleucyl-tRNA_synthetase|ILES,Drugs,Mupirocin,Mupirocin-resistant isoleucyl-tRNA synthetase,ILES,
MEG_4089|Drugs|Mupirocin|Mupirocin-resistant_isoleucyl-tRNA_synthetase|MUPA,Drugs,Mupirocin,Mupirocin-resistant isoleucyl-tRNA synthetase,MUPA,
MEG_4090|Drugs|Mupirocin|Mupirocin-resistant_isoleucyl-tRNA_synthetase|MUPA,Drugs,Mupirocin,Mupirocin-resistant isoleucyl-tRNA synthetase,MUPA,
MEG_4091|Drugs|Mupirocin|Mupirocin-resistant_isoleucyl-tRNA_synthetase|MUPB,Drugs,Mupirocin,Mupirocin-resistant isoleucyl-tRNA synthetase,MUPB,
MEG_3887|Metals|Mercury_resistance|Mercury_resistance_regulator|MERR2,Metals,Mercury resistance,Mercury resistance regulator,MERR2,
MEG_3894|Metals|Mercury_resistance|Mercury_resistance_protein|MERT,Metals,Mercury resistance,Mercury resistance protein,MERT,
MEG_3837|Metals|Mercury_resistance|Mercury_resistance_protein|MERA,Metals,Mercury resistance,Mercury resistance protein,MERA,
MEG_3898|Metals|Mercury_resistance|Mercury_resistance_protein|MERT,Metals,Mercury resistance,Mercury resistance protein,MERT,
MEG_3847|Metals|Mercury_resistance|Mercury_resistance_protein|MERB,Metals,Mercury resistance,Mercury resistance protein,MERB,
MEG_3866|Metals|Mercury_resistance|Mercury_resistance_protein|MERE,Metals,Mercury resistance,Mercury resistance protein,MERE,
MEG_3885|Metals|Mercury_resistance|Mercury_resistance_regulator|MERR1,Metals,Mercury resistance,Mercury resistance regulator,MERR1,
MEG_3880|Metals|Mercury_resistance|Mercury_resistance_regulator|MERR,Metals,Mercury resistance,Mercury resistance regulator,MERR,
MEG_3864|Metals|Mercury_resistance|Mercury_resistance_regulator|MERD,Metals,Mercury resistance,Mercury resistance regulator,MERD,
MEG_3840|Metals|Mercury_resistance|Mercury_resistance_protein|MERA,Metals,Mercury resistance,Mercury resistance protein,MERA,
MEG_3865|Metals|Mercury_resistance|Mercury_resistance_regulator|MERD,Metals,Mercury resistance,Mercury resistance regulator,MERD,
MEG_11228|Metals|Mercury_resistance|Mercury_resistance_protein|MERB,Metals,Mercury resistance,Mercury resistance protein,MERB,
MEG_3872|Metals|Mercury_resistance|Mercury_resistance_protein|MERH,Metals,Mercury resistance,Mercury resistance protein,MERH,
MEG_3859|Metals|Mercury_resistance|Mercury_resistance_protein|MERC,Metals,Mercury resistance,Mercury resistance protein,MERC,
MEG_3877|Metals|Mercury_resistance|Mercury_resistance_protein|MERP,Metals,Mercury resistance,Mercury resistance protein,MERP,
MEG_3843|Metals|Mercury_resistance|Mercury_resistance_protein|MERA,Metals,Mercury resistance,Mercury resistance protein,MERA,
MEG_3871|Metals|Mercury_resistance|Mercury_resistance_protein|MERG,Metals,Mercury resistance,Mercury resistance protein,MERG,
MEG_3853|Metals|Mercury_resistance|Mercury_resistance_protein|MERB,Metals,Mercury resistance,Mercury resistance protein,MERB,
MEG_3892|Metals|Mercury_resistance|Mercury_resistance_protein|MERT,Metals,Mercury resistance,Mercury resistance protein,MERT,
MEG_3893|Metals|Mercury_resistance|Mercury_resistance_protein|MERT,Metals,Mercury resistance,Mercury resistance protein,MERT,
MEG_3897|Metals|Mercury_resistance|Mercury_resistance_protein|MERT,Metals,Mercury resistance,Mercury resistance protein,MERT,
MEG_3886|Metals|Mercury_resistance|Mercury_resistance_regulator|MERR1,Metals,Mercury resistance,Mercury resistance regulator,MERR1,
MEG_3867|Metals|Mercury_resistance|Mercury_resistance_protein|MERE,Metals,Mercury resistance,Mercury resistance protein,MERE,
MEG_3857|Metals|Mercury_resistance|Mercury_resistance_protein|MERC,Metals,Mercury resistance,Mercury resistance protein,MERC,
MEG_3854|Metals|Mercury_resistance|Mercury_resistance_protein|MERB,Metals,Mercury resistance,Mercury resistance protein,MERB,
MEG_3862|Metals|Mercury_resistance|Mercury_resistance_regulator|MERD,Metals,Mercury resistance,Mercury resistance regulator,MERD,
MEG_3861|Metals|Mercury_resistance|Mercury_resistance_regulator|MERD,Metals,Mercury resistance,Mercury resistance regulator,MERD,
MEG_3845|Metals|Mercury_resistance|Mercury_resistance_protein|MERA,Metals,Mercury resistance,Mercury resistance protein,MERA,
MEG_3876|Metals|Mercury_resistance|Mercury_resistance_protein|MERP,Metals,Mercury resistance,Mercury resistance protein,MERP,
MEG_3882|Metals|Mercury_resistance|Mercury_resistance_regulator|MERR,Metals,Mercury resistance,Mercury resistance regulator,MERR,
MEG_3869|Metals|Mercury_resistance|Mercury_resistance_protein|MERF,Metals,Mercury resistance,Mercury resistance protein,MERF,
MEG_3896|Metals|Mercury_resistance|Mercury_resistance_protein|MERT,Metals,Mercury resistance,Mercury resistance protein,MERT,
MEG_3874|Metals|Mercury_resistance|Mercury_resistance_protein|MERP,Metals,Mercury resistance,Mercury resistance protein,MERP,
MEG_3868|Metals|Mercury_resistance|Mercury_resistance_protein|MERE,Metals,Mercury resistance,Mercury resistance protein,MERE,
MEG_3839|Metals|Mercury_resistance|Mercury_resistance_protein|MERA,Metals,Mercury resistance,Mercury resistance protein,MERA,
MEG_3870|Metals|Mercury_resistance|Mercury_resistance_protein|MERF,Metals,Mercury resistance,Mercury resistance protein,MERF,
MEG_3841|Metals|Mercury_resistance|Mercury_resistance_protein|MERA,Metals,Mercury resistance,Mercury resistance protein,MERA,
MEG_3881|Metals|Mercury_resistance|Mercury_resistance_regulator|MERR,Metals,Mercury resistance,Mercury resistance regulator,MERR,
MEG_3849|Metals|Mercury_resistance|Mercury_resistance_protein|MERB,Metals,Mercury resistance,Mercury resistance protein,MERB,
MEG_3873|Metals|Mercury_resistance|Mercury_resistance_protein|MERP,Metals,Mercury resistance,Mercury resistance protein,MERP,
MEG_4178|Drugs|Metronidazole|nim_nitroimidazole_reductase|NIMA,Drugs,Metronidazole,nim nitroimidazole reductase,NIMA,
MEG_4179|Drugs|Metronidazole|nim_nitroimidazole_reductase|NIMA,Drugs,Metronidazole,nim nitroimidazole reductase,NIMA,
MEG_4180|Drugs|Metronidazole|nim_nitroimidazole_reductase|NIMB,Drugs,Metronidazole,nim nitroimidazole reductase,NIMB,
MEG_4181|Drugs|Metronidazole|nim_nitroimidazole_reductase|NIMC,Drugs,Metronidazole,nim nitroimidazole reductase,NIMC,
MEG_4182|Drugs|Metronidazole|nim_nitroimidazole_reductase|NIMD,Drugs,Metronidazole,nim nitroimidazole reductase,NIMD,
MEG_4183|Drugs|Metronidazole|nim_nitroimidazole_reductase|NIME,Drugs,Metronidazole,nim nitroimidazole reductase,NIME,
MEG_4184|Drugs|Metronidazole|nim_nitroimidazole_reductase|NIME,Drugs,Metronidazole,nim nitroimidazole reductase,NIME,
MEG_4185|Drugs|Metronidazole|nim_nitroimidazole_reductase|NIME,Drugs,Metronidazole,nim nitroimidazole reductase,NIME,
MEG_4186|Drugs|Metronidazole|nim_nitroimidazole_reductase|NIMF,Drugs,Metronidazole,nim nitroimidazole reductase,NIMF,
MEG_4187|Drugs|Metronidazole|nim_nitroimidazole_reductase|NIMH,Drugs,Metronidazole,nim nitroimidazole reductase,NIMH,
MEG_4188|Drugs|Metronidazole|nim_nitroimidazole_reductase|NIMI,Drugs,Metronidazole,nim nitroimidazole reductase,NIMI,
MEG_4189|Drugs|Metronidazole|nim_nitroimidazole_reductase|NIMI,Drugs,Metronidazole,nim nitroimidazole reductase,NIMI,
MEG_4190|Drugs|Metronidazole|nim_nitroimidazole_reductase|NIMI,Drugs,Metronidazole,nim nitroimidazole reductase,NIMI,
MEG_4191|Drugs|Metronidazole|nim_nitroimidazole_reductase|NIMI,Drugs,Metronidazole,nim nitroimidazole reductase,NIMI,
MEG_4192|Drugs|Metronidazole|nim_nitroimidazole_reductase|NIMI,Drugs,Metronidazole,nim nitroimidazole reductase,NIMI,
MEG_4193|Drugs|Metronidazole|nim_nitroimidazole_reductase|NIMI,Drugs,Metronidazole,nim nitroimidazole reductase,NIMI,
MEG_4194|Drugs|Metronidazole|nim_nitroimidazole_reductase|NIMJ,Drugs,Metronidazole,nim nitroimidazole reductase,NIMJ,
MEG_8662|Drugs|Metronidazole|rdxA_nitroimidazole_reductase|RDXA,Drugs,Metronidazole,rdxA nitroimidazole reductase,RDXA,
MEG_8271|Drugs|Metronidazole|nim_nitroimidazole_reductase|NIMG,Drugs,Metronidazole,nim nitroimidazole reductase,NIMG,
MEG_8272|Drugs|Metronidazole|nim_nitroimidazole_reductase|NIMK,Drugs,Metronidazole,nim nitroimidazole reductase,NIMK,
MEG_9965|Drugs|Metronidazole|nim_nitroimidazole_reductase|NIMH,Drugs,Metronidazole,nim nitroimidazole reductase,NIMH,
MEG_9982|Drugs|Metronidazole|nim_nitroimidazole_reductase|NIMB,Drugs,Metronidazole,nim nitroimidazole reductase,NIMB,
MEG_11494|Drugs|Metronidazole|nim_nitroimidazole_reductase|NIMI,Drugs,Metronidazole,nim nitroimidazole reductase,NIMI,
MEG_11495|Drugs|Metronidazole|nim_nitroimidazole_reductase|NIMI,Drugs,Metronidazole,nim nitroimidazole reductase,NIMI,
MEG_11496|Drugs|Metronidazole|nim_nitroimidazole_reductase|NIMI,Drugs,Metronidazole,nim nitroimidazole reductase,NIMI,
MEG_11497|Drugs|Metronidazole|nim_nitroimidazole_reductase|NIMI,Drugs,Metronidazole,nim nitroimidazole reductase,NIMI,
MEG_11498|Drugs|Metronidazole|nim_nitroimidazole_reductase|NIMI,Drugs,Metronidazole,nim nitroimidazole reductase,NIMI,
MEG_11499|Drugs|Metronidazole|nim_nitroimidazole_reductase|NIME,Drugs,Metronidazole,nim nitroimidazole reductase,NIME,
MEG_11500|Drugs|Metronidazole|nim_nitroimidazole_reductase|NIMH,Drugs,Metronidazole,nim nitroimidazole reductase,NIMH,
MEG_11505|Drugs|Metronidazole|nim_nitroimidazole_reductase|NIMF,Drugs,Metronidazole,nim nitroimidazole reductase,NIMF,
MEG_4203|Biocides|Paraquat_resistance|Paraquat_resistance_protein|NMPC,Biocides,Paraquat resistance,Paraquat resistance protein,NMPC,
MEG_4204|Biocides|Paraquat_resistance|Paraquat_resistance_protein|NMPC,Biocides,Paraquat resistance,Paraquat resistance protein,NMPC,
MEG_7817|Biocides|Paraquat_resistance|Paraquat_efflux_pump|YDDG,Biocides,Paraquat resistance,Paraquat efflux pump,YDDG,
MEG_4214|Drugs|Aminocoumarins|Aminocoumarin_efflux_pump|NOVA,Drugs,Aminocoumarins,Aminocoumarin efflux pump,NOVA,
MEG_5396|Drugs|Aminocoumarins|Aminocoumarin-resistant_DNA_topoisomerases|PARY,Drugs,Aminocoumarins,Aminocoumarin-resistant DNA topoisomerases,PARY,
MEG_4222|Drugs|Thiopeptides|Thiostrepton_23S_rRNA_methyltransferases|NSHR,Drugs,Thiopeptides,Thiostrepton 23S rRNA methyltransferases,NSHR,
MEG_7285|Drugs|Thiopeptides|Thiostrepton_23S_rRNA_methyltransferases|TSNR,Drugs,Thiopeptides,Thiostrepton 23S rRNA methyltransferases,TSNR,
MEG_7008|Drugs|Tetracyclines|Tetracycline_resistance_MFS_efflux_pumps|TET55,Drugs,Tetracyclines,Tetracycline resistance MFS efflux pumps,TET55,
MEG_7151|Drugs|Tetracyclines|Tetracycline_resistance_ribosomal_protection_proteins|TETO,Drugs,Tetracyclines,Tetracycline resistance ribosomal protection proteins,TETO,
MEG_7228|Drugs|Tetracyclines|Tetracycline_resistance_ribosomal_protection_proteins|TETW,Drugs,Tetracyclines,Tetracycline resistance ribosomal protection proteins,TETW,
MEG_6975|Drugs|Tetracyclines|Tetracycline_resistance_MFS_efflux_pumps|TET33,Drugs,Tetracyclines,Tetracycline resistance MFS efflux pumps,TET33,
MEG_7103|Drugs|Tetracyclines|Tetracycline_resistance_ribosomal_protection_proteins|TETM,Drugs,Tetracyclines,Tetracycline resistance ribosomal protection proteins,TETM,
MEG_7050|Drugs|Tetracyclines|Tetracycline_resistance_MFS_efflux_pumps|TETB,Drugs,Tetracyclines,Tetracycline resistance MFS efflux pumps,TETB,
MEG_7180|Drugs|Tetracyclines|Tetracycline_resistance_ribosomal_protection_proteins|TETQ,Drugs,Tetracyclines,Tetracycline resistance ribosomal protection proteins,TETQ,
MEG_7095|Drugs|Tetracyclines|Tetracycline_resistance_MFS_efflux_pumps|TETL,Drugs,Tetracyclines,Tetracycline resistance MFS efflux pumps,TETL,
MEG_7143|Drugs|Tetracyclines|Tetracycline_resistance_ribosomal_protection_proteins|TETM,Drugs,Tetracyclines,Tetracycline resistance ribosomal protection proteins,TETM,
MEG_7123|Drugs|Tetracyclines|Tetracycline_resistance_ribosomal_protection_proteins|TETM,Drugs,Tetracyclines,Tetracycline resistance ribosomal protection proteins,TETM,
MEG_7073|Drugs|Tetracyclines|Tetracycline_resistance_MFS_efflux_pumps|TETE,Drugs,Tetracyclines,Tetracycline resistance MFS efflux pumps,TETE,
MEG_11510|Drugs|Tetracyclines|Tetracycline_resistance_ribosomal_protection_proteins|TETO,Drugs,Tetracyclines,Tetracycline resistance ribosomal protection proteins,TETO,
MEG_7101|Drugs|Tetracyclines|Tetracycline_resistance_MFS_efflux_pumps|TETL,Drugs,Tetracyclines,Tetracycline resistance MFS efflux pumps,TETL,
MEG_7115|Drugs|Tetracyclines|Tetracycline_resistance_ribosomal_protection_proteins|TETM,Drugs,Tetracyclines,Tetracycline resistance ribosomal protection proteins,TETM,
MEG_7174|Drugs|Tetracyclines|Tetracycline_resistance_ribosomal_protection_proteins|TETO,Drugs,Tetracyclines,Tetracycline resistance ribosomal protection proteins,TETO,
MEG_6998|Drugs|Tetracyclines|Tetracycline_resistance_ribosomal_protection_proteins|TET44,Drugs,Tetracyclines,Tetracycline resistance ribosomal protection proteins,TET44,
MEG_4381|Drugs|Tetracyclines|Tetracycline_resistance_MFS_efflux_pumps|OTRB,Drugs,Tetracyclines,Tetracycline resistance MFS efflux pumps,OTRB,
MEG_7002|Drugs|Tetracyclines|Tetracycline_resistance_MFS_efflux_pumps|TET49,Drugs,Tetracyclines,Tetracycline resistance MFS efflux pumps,TET49,
MEG_7105|Drugs|Tetracyclines|Tetracycline_resistance_ribosomal_protection_proteins|TETM,Drugs,Tetracyclines,Tetracycline resistance ribosomal protection proteins,TETM,
MEG_7022|Drugs|Tetracyclines|Tetracycline_resistance_MFS_efflux_pumps|TETA,Drugs,Tetracyclines,Tetracycline resistance MFS efflux pumps,TETA,
MEG_7227|Drugs|Tetracyclines|Tetracycline_resistance_ribosomal_protection_proteins|TETW,Drugs,Tetracyclines,Tetracycline resistance ribosomal protection proteins,TETW,
MEG_7157|Drugs|Tetracyclines|Tetracycline_resistance_ribosomal_protection_proteins|TETO,Drugs,Tetracyclines,Tetracycline resistance ribosomal protection proteins,TETO,
MEG_7129|Drugs|Tetracyclines|Tetracycline_resistance_ribosomal_protection_proteins|TETM,Drugs,Tetracyclines,Tetracycline resistance ribosomal protection proteins,TETM,
MEG_6987|Drugs|Tetracyclines|Tetracycline_resistance_MFS_efflux_pumps|TET39,Drugs,Tetracyclines,Tetracycline resistance MFS efflux pumps,TET39,
MEG_7144|Drugs|Tetracyclines|Tetracycline_resistance_ribosomal_protection_proteins|TETM,Drugs,Tetracyclines,Tetracycline resistance ribosomal protection proteins,TETM,
MEG_7093|Drugs|Tetracyclines|Tetracycline_resistance_MFS_efflux_pumps|TETL,Drugs,Tetracyclines,Tetracycline resistance MFS efflux pumps,TETL,
MEG_7030|Drugs|Tetracyclines|Tetracycline_resistance_MFS_efflux_pumps|TETA,Drugs,Tetracyclines,Tetracycline resistance MFS efflux pumps,TETA,
MEG_7213|Drugs|Tetracyclines|Tetracycline_resistance_ribosomal_protection_proteins|TETW,Drugs,Tetracyclines,Tetracycline resistance ribosomal protection proteins,TETW,
MEG_6985|Drugs|Tetracyclines|Tetracycline_resistance_MFS_efflux_pumps|TET38,Drugs,Tetracyclines,Tetracycline resistance MFS efflux pumps,TET38,
MEG_7220|Drugs|Tetracyclines|Tetracycline_resistance_ribosomal_protection_proteins|TETW,Drugs,Tetracyclines,Tetracycline resistance ribosomal protection proteins,TETW,
MEG_7007|Drugs|Tetracyclines|Tetracycline_resistance_MFS_efflux_pumps|TET54,Drugs,Tetracyclines,Tetracycline resistance MFS efflux pumps,TET54,
MEG_7045|Drugs|Tetracyclines|Tetracycline_resistance_MFS_efflux_pumps|TETB,Drugs,Tetracyclines,Tetracycline resistance MFS efflux pumps,TETB,
MEG_6979|Drugs|Tetracyclines|Tetracycline_resistance_ribosomal_protection_proteins|TET36,Drugs,Tetracyclines,Tetracycline resistance ribosomal protection proteins,TET36,
MEG_10190|Drugs|Tetracyclines|Tetracycline_resistance_ABC_efflux_pumps|TETB60,Drugs,Tetracyclines,Tetracycline resistance ABC efflux pumps,TETB60,
MEG_7027|Drugs|Tetracyclines|Tetracycline_resistance_MFS_efflux_pumps|TETA,Drugs,Tetracyclines,Tetracycline resistance MFS efflux pumps,TETA,
MEG_7168|Drugs|Tetracyclines|Tetracycline_resistance_ribosomal_protection_proteins|TETO,Drugs,Tetracyclines,Tetracycline resistance ribosomal protection proteins,TETO,
MEG_7154|Drugs|Tetracyclines|Tetracycline_resistance_ribosomal_protection_proteins|TETO,Drugs,Tetracyclines,Tetracycline resistance ribosomal protection proteins,TETO,
MEG_4383|Drugs|Tetracyclines|Tetracycline_resistance_ABC_efflux_pumps|OTRC,Drugs,Tetracyclines,Tetracycline resistance ABC efflux pumps,OTRC,
MEG_7075|Drugs|Tetracyclines|Tetracycline_resistance_MFS_efflux_pumps|TETE,Drugs,Tetracyclines,Tetracycline resistance MFS efflux pumps,TETE,
MEG_7011|Drugs|Tetracyclines|Tetracycline_resistance_MFS_efflux_pumps|TET58,Drugs,Tetracyclines,Tetracycline resistance MFS efflux pumps,TET58,
MEG_5410|Metals|Lead_resistance|Lead_P-type_ATPase_transporter|PBRA,Metals,Lead resistance,Lead P-type ATPase transporter,PBRA,
MEG_5411|Metals|Lead_resistance|Lead_P-type_ATPase_transporter|PBRB,Metals,Lead resistance,Lead P-type ATPase transporter,PBRB,
MEG_5412|Metals|Lead_resistance|Lead_P-type_ATPase_transporter|PBRD,Metals,Lead resistance,Lead P-type ATPase transporter,PBRD,
MEG_5413|Metals|Lead_resistance|Lead_P-type_ATPase_regulator|PBRR,Metals,Lead resistance,Lead P-type ATPase regulator,PBRR,
MEG_5414|Metals|Lead_resistance|Lead_P-type_ATPase_transporter|PBRT,Metals,Lead resistance,Lead P-type ATPase transporter,PBRT,
MEG_5798|Multi-compound|Drug_and_metal_resistance|Drug_and_metal_MFS_efflux_pumps|PMRAM,Multi-compound,Drug and metal resistance,Drug and metal MFS efflux pumps,PMRAM,
MEG_5799|Multi-compound|Drug_and_metal_resistance|Drug_and_metal_MFS_efflux_pumps|PMRBM,Multi-compound,Drug and metal resistance,Drug and metal MFS efflux pumps,PMRBM,
MEG_5800|Multi-compound|Drug_and_metal_resistance|Drug_and_metal_MFS_efflux_pumps|PMRCM,Multi-compound,Drug and metal resistance,Drug and metal MFS efflux pumps,PMRCM,
MEG_5802|Multi-compound|Drug_and_metal_resistance|Drug_and_metal_MFS_efflux_pumps|PMRG,Multi-compound,Drug and metal resistance,Drug and metal MFS efflux pumps,PMRG,
MEG_6157|Drugs|Nucleosides|Streptothricin_acetyltransferase|SAT,Drugs,Nucleosides,Streptothricin acetyltransferase,SAT,
MEG_6158|Drugs|Nucleosides|Streptothricin_acetyltransferase|SAT,Drugs,Nucleosides,Streptothricin acetyltransferase,SAT,
MEG_6159|Drugs|Nucleosides|Streptothricin_acetyltransferase|SAT,Drugs,Nucleosides,Streptothricin acetyltransferase,SAT,
MEG_6160|Drugs|Nucleosides|Streptothricin_acetyltransferase|SAT,Drugs,Nucleosides,Streptothricin acetyltransferase,SAT,
MEG_6161|Drugs|Nucleosides|Streptothricin_acetyltransferase|SAT,Drugs,Nucleosides,Streptothricin acetyltransferase,SAT,
MEG_6162|Drugs|Nucleosides|Streptothricin_acetyltransferase|SAT,Drugs,Nucleosides,Streptothricin acetyltransferase,SAT,
MEG_6163|Drugs|Nucleosides|Streptothricin_acetyltransferase|SAT,Drugs,Nucleosides,Streptothricin acetyltransferase,SAT,
MEG_6164|Drugs|Nucleosides|Streptothricin_acetyltransferase|SAT,Drugs,Nucleosides,Streptothricin acetyltransferase,SAT,
MEG_6165|Drugs|Nucleosides|Streptothricin_acetyltransferase|SAT,Drugs,Nucleosides,Streptothricin acetyltransferase,SAT,
MEG_6166|Drugs|Nucleosides|Streptothricin_acetyltransferase|SAT,Drugs,Nucleosides,Streptothricin acetyltransferase,SAT,
MEG_6167|Drugs|Nucleosides|Streptothricin_acetyltransferase|SAT,Drugs,Nucleosides,Streptothricin acetyltransferase,SAT,
MEG_6168|Drugs|Nucleosides|Streptothricin_acetyltransferase|SAT,Drugs,Nucleosides,Streptothricin acetyltransferase,SAT,
MEG_6169|Drugs|Nucleosides|Streptothricin_acetyltransferase|SAT,Drugs,Nucleosides,Streptothricin acetyltransferase,SAT,
MEG_6170|Drugs|Nucleosides|Streptothricin_acetyltransferase|SAT,Drugs,Nucleosides,Streptothricin acetyltransferase,SAT,
MEG_7262|Drugs|Nucleosides|Tunicamycin_resistance_protein|TMRB,Drugs,Nucleosides,Tunicamycin resistance protein,TMRB,
MEG_6580|Drugs|Sulfonamides|Sulfonamide-resistant_dihydropteroate_synthases|SULI,Drugs,Sulfonamides,Sulfonamide-resistant dihydropteroate synthases,SULI,
MEG_6591|Drugs|Sulfonamides|Sulfonamide-resistant_dihydropteroate_synthases|SULI,Drugs,Sulfonamides,Sulfonamide-resistant dihydropteroate synthases,SULI,
MEG_6581|Drugs|Sulfonamides|Sulfonamide-resistant_dihydropteroate_synthases|SULI,Drugs,Sulfonamides,Sulfonamide-resistant dihydropteroate synthases,SULI,
MEG_6585|Drugs|Sulfonamides|Sulfonamide-resistant_dihydropteroate_synthases|SULI,Drugs,Sulfonamides,Sulfonamide-resistant dihydropteroate synthases,SULI,
MEG_6602|Drugs|Sulfonamides|Sulfonamide-resistant_dihydropteroate_synthases|SULI,Drugs,Sulfonamides,Sulfonamide-resistant dihydropteroate synthases,SULI,
MEG_6583|Drugs|Sulfonamides|Sulfonamide-resistant_dihydropteroate_synthases|SULI,Drugs,Sulfonamides,Sulfonamide-resistant dihydropteroate synthases,SULI,
MEG_6588|Drugs|Sulfonamides|Sulfonamide-resistant_dihydropteroate_synthases|SULI,Drugs,Sulfonamides,Sulfonamide-resistant dihydropteroate synthases,SULI,
MEG_6618|Drugs|Sulfonamides|Sulfonamide-resistant_dihydropteroate_synthases|SULII,Drugs,Sulfonamides,Sulfonamide-resistant dihydropteroate synthases,SULII,
MEG_6642|Drugs|Sulfonamides|Sulfonamide_monooxygenase|SULX,Drugs,Sulfonamides,Sulfonamide monooxygenase,SULX,
MEG_6592|Drugs|Sulfonamides|Sulfonamide-resistant_dihydropteroate_synthases|SULI,Drugs,Sulfonamides,Sulfonamide-resistant dihydropteroate synthases,SULI,
MEG_6619|Drugs|Sulfonamides|Sulfonamide-resistant_dihydropteroate_synthases|SULII,Drugs,Sulfonamides,Sulfonamide-resistant dihydropteroate synthases,SULII,
MEG_6610|Drugs|Sulfonamides|Sulfonamide-resistant_dihydropteroate_synthases|SULI,Drugs,Sulfonamides,Sulfonamide-resistant dihydropteroate synthases,SULI,
MEG_10141|Drugs|Sulfonamides|Sulfonamide_resistant_ECF_transporter_comonent|THFT,Drugs,Sulfonamides,Sulfonamide resistant ECF transporter comonent,THFT,
MEG_6601|Drugs|Sulfonamides|Sulfonamide-resistant_dihydropteroate_synthases|SULI,Drugs,Sulfonamides,Sulfonamide-resistant dihydropteroate synthases,SULI,
MEG_6614|Drugs|Sulfonamides|Sulfonamide-resistant_dihydropteroate_synthases|SULI,Drugs,Sulfonamides,Sulfonamide-resistant dihydropteroate synthases,SULI,
MEG_6594|Drugs|Sulfonamides|Sulfonamide-resistant_dihydropteroate_synthases|SULI,Drugs,Sulfonamides,Sulfonamide-resistant dihydropteroate synthases,SULI,
MEG_6598|Drugs|Sulfonamides|Sulfonamide-resistant_dihydropteroate_synthases|SULI,Drugs,Sulfonamides,Sulfonamide-resistant dihydropteroate synthases,SULI,
MEG_6641|Drugs|Sulfonamides|Flavin_reductase|SULR,Drugs,Sulfonamides,Flavin reductase,SULR,
MEG_6621|Drugs|Sulfonamides|Sulfonamide-resistant_dihydropteroate_synthases|SULII,Drugs,Sulfonamides,Sulfonamide-resistant dihydropteroate synthases,SULII,
MEG_6596|Drugs|Sulfonamides|Sulfonamide-resistant_dihydropteroate_synthases|SULI,Drugs,Sulfonamides,Sulfonamide-resistant dihydropteroate synthases,SULI,
MEG_6595|Drugs|Sulfonamides|Sulfonamide-resistant_dihydropteroate_synthases|SULI,Drugs,Sulfonamides,Sulfonamide-resistant dihydropteroate synthases,SULI,
MEG_6587|Drugs|Sulfonamides|Sulfonamide-resistant_dihydropteroate_synthases|SULI,Drugs,Sulfonamides,Sulfonamide-resistant dihydropteroate synthases,SULI,
MEG_6589|Drugs|Sulfonamides|Sulfonamide-resistant_dihydropteroate_synthases|SULI,Drugs,Sulfonamides,Sulfonamide-resistant dihydropteroate synthases,SULI,
MEG_6637|Drugs|Sulfonamides|Sulfonamide-resistant_dihydropteroate_synthases|SULII,Drugs,Sulfonamides,Sulfonamide-resistant dihydropteroate synthases,SULII,
MEG_6605|Drugs|Sulfonamides|Sulfonamide-resistant_dihydropteroate_synthases|SULI,Drugs,Sulfonamides,Sulfonamide-resistant dihydropteroate synthases,SULI,
MEG_6640|Drugs|Sulfonamides|Sulfonamide-resistant_dihydropteroate_synthases|SULIV,Drugs,Sulfonamides,Sulfonamide-resistant dihydropteroate synthases,SULIV,
MEG_6624|Drugs|Sulfonamides|Sulfonamide-resistant_dihydropteroate_synthases|SULII,Drugs,Sulfonamides,Sulfonamide-resistant dihydropteroate synthases,SULII,
MEG_6609|Drugs|Sulfonamides|Sulfonamide-resistant_dihydropteroate_synthases|SULI,Drugs,Sulfonamides,Sulfonamide-resistant dihydropteroate synthases,SULI,
MEG_6639|Drugs|Sulfonamides|Sulfonamide-resistant_dihydropteroate_synthases|SULIII,Drugs,Sulfonamides,Sulfonamide-resistant dihydropteroate synthases,SULIII,
MEG_6611|Drugs|Sulfonamides|Sulfonamide-resistant_dihydropteroate_synthases|SULI,Drugs,Sulfonamides,Sulfonamide-resistant dihydropteroate synthases,SULI,
MEG_6597|Drugs|Sulfonamides|Sulfonamide-resistant_dihydropteroate_synthases|SULI,Drugs,Sulfonamides,Sulfonamide-resistant dihydropteroate synthases,SULI,
MEG_6579|Drugs|Sulfonamides|Sulfonamide-resistant_dihydropteroate_synthases|SULI,Drugs,Sulfonamides,Sulfonamide-resistant dihydropteroate synthases,SULI,
MEG_6625|Drugs|Sulfonamides|Sulfonamide-resistant_dihydropteroate_synthases|SULII,Drugs,Sulfonamides,Sulfonamide-resistant dihydropteroate synthases,SULII,
MEG_6606|Drugs|Sulfonamides|Sulfonamide-resistant_dihydropteroate_synthases|SULI,Drugs,Sulfonamides,Sulfonamide-resistant dihydropteroate synthases,SULI,
MEG_6607|Drugs|Sulfonamides|Sulfonamide-resistant_dihydropteroate_synthases|SULI,Drugs,Sulfonamides,Sulfonamide-resistant dihydropteroate synthases,SULI,
MEG_6629|Drugs|Sulfonamides|Sulfonamide-resistant_dihydropteroate_synthases|SULII,Drugs,Sulfonamides,Sulfonamide-resistant dihydropteroate synthases,SULII,
MEG_6622|Drugs|Sulfonamides|Sulfonamide-resistant_dihydropteroate_synthases|SULII,Drugs,Sulfonamides,Sulfonamide-resistant dihydropteroate synthases,SULII,
MEG_6633|Drugs|Sulfonamides|Sulfonamide-resistant_dihydropteroate_synthases|SULII,Drugs,Sulfonamides,Sulfonamide-resistant dihydropteroate synthases,SULII,
MEG_6603|Drugs|Sulfonamides|Sulfonamide-resistant_dihydropteroate_synthases|SULI,Drugs,Sulfonamides,Sulfonamide-resistant dihydropteroate synthases,SULI,
MEG_6584|Drugs|Sulfonamides|Sulfonamide-resistant_dihydropteroate_synthases|SULI,Drugs,Sulfonamides,Sulfonamide-resistant dihydropteroate synthases,SULI,
MEG_6649|Drugs|Tetracenomycin|Tetracenomycin_MFS_efflux_pump|TCMA,Drugs,Tetracenomycin,Tetracenomycin MFS efflux pump,TCMA,
MEG_7323|Metals|Tungsten_Resistance|Tungsten_ABC_efflux_pumps|TUPA,Metals,Tungsten Resistance,Tungsten ABC efflux pumps,TUPA,
MEG_7324|Metals|Tungsten_Resistance|Tungsten_ABC_efflux_pumps|TUPB,Metals,Tungsten Resistance,Tungsten ABC efflux pumps,TUPB,
MEG_7325|Metals|Tungsten_Resistance|Tungsten_ABC_efflux_pumps|TUPC,Metals,Tungsten Resistance,Tungsten ABC efflux pumps,TUPC,
MEG_7804|Drugs|Mycobacterium_tuberculosis-specific_Drug|Viomycin_phosphotransferases|VPH,Drugs,Mycobacterium tuberculosis-specific Drug,Viomycin phosphotransferases,VPH,
MEG_7845|Metals|Zinc_resistance|Zinc_resistance_protein|ZEVA,Metals,Zinc resistance,Zinc resistance protein,ZEVA,
MEG_7846|Metals|Zinc_resistance|Zinc_resistance_protein|ZEVB,Metals,Zinc resistance,Zinc resistance protein,ZEVB,
MEG_7847|Metals|Zinc_resistance|Zinc_resistance_protein|ZIAA,Metals,Zinc resistance,Zinc resistance protein,ZIAA,
MEG_7848|Metals|Zinc_resistance|Zinc_resistance_regulator|ZIAR,Metals,Zinc resistance,Zinc resistance regulator,ZIAR,
MEG_7851|Metals|Zinc_resistance|Zinc_resistance_protein|ZITB,Metals,Zinc resistance,Zinc resistance protein,ZITB,
MEG_7852|Metals|Zinc_resistance|Zinc_resistance_protein|ZNEB,Metals,Zinc resistance,Zinc resistance protein,ZNEB,
MEG_7854|Metals|Zinc_resistance|Zinc_resistance_regulator|ZNTR,Metals,Zinc resistance,Zinc resistance regulator,ZNTR,
MEG_7855|Metals|Zinc_resistance|Zinc_resistance_protein|ZNUA,Metals,Zinc resistance,Zinc resistance protein,ZNUA,
MEG_7856|Metals|Zinc_resistance|Zinc_resistance_protein|ZNUA,Metals,Zinc resistance,Zinc resistance protein,ZNUA,
MEG_7857|Metals|Zinc_resistance|Zinc_resistance_protein|ZNUB,Metals,Zinc resistance,Zinc resistance protein,ZNUB,
MEG_7858|Metals|Zinc_resistance|Zinc_resistance_protein|ZNUB,Metals,Zinc resistance,Zinc resistance protein,ZNUB,
MEG_7859|Metals|Zinc_resistance|Zinc_resistance_protein|ZNUC,Metals,Zinc resistance,Zinc resistance protein,ZNUC,
MEG_7861|Metals|Zinc_resistance|Zinc_resistance_regulator|ZRAR,Metals,Zinc resistance,Zinc resistance regulator,ZRAR,
MEG_7862|Metals|Zinc_resistance|Zinc_resistance_regulator|ZRAR,Metals,Zinc resistance,Zinc resistance regulator,ZRAR,
MEG_7867|Metals|Zinc_resistance|Zinc_resistance_regulator|ZUR,Metals,Zinc resistance,Zinc resistance regulator,ZUR,
MEG_7868|Metals|Zinc_resistance|Zinc_resistance_regulator|ZUR,Metals,Zinc resistance,Zinc resistance regulator,ZUR,
MEG_8087|Biocides|Aldehyde_resistance|Aldehyde_degradation|FORMA,Biocides,Aldehyde resistance,Aldehyde degradation,FORMA,
MEG_11357|Drugs|Organoarsenicals|Arsinothricin_resistance_N-acetyltransferases|ARSN1,Drugs,Organoarsenicals,Arsinothricin resistance N-acetyltransferases,ARSN1,
MEG_11358|Drugs|Organoarsenicals|Arsinothricin_resistance_N-acetyltransferases|ARSN1,Drugs,Organoarsenicals,Arsinothricin resistance N-acetyltransferases,ARSN1,
MEG_11359|Drugs|Organoarsenicals|Arsinothricin_resistance_N-acetyltransferases|ARSN1,Drugs,Organoarsenicals,Arsinothricin resistance N-acetyltransferases,ARSN1,
MEG_11515|Drugs|Ionophores|Ionophore_ABC_efflux_pump|NARA,Drugs,Ionophores,Ionophore ABC efflux pump,NARA,
MEG_11516|Drugs|Ionophores|Ionophore_ABC_efflux_pump|NARB,Drugs,Ionophores,Ionophore ABC efflux pump,NARB,
