SNP_accession,S001_rd010m_R01_75bp_97ani_V4Full,S002_rd010m_R02_75bp_97ani_V4Full,S003_rd010m_R03_75bp_97ani_V4Full,S004_rd010m_R04_75bp_97ani_V4Full,S005_rd010m_R05_75bp_97ani_V4Full,S006_rd010m_R06_75bp_97ani_V4Full,S007_rd010m_R07_75bp_97ani_V4Full,S008_rd010m_R08_75bp_97ani_V4Full,S009_rd010m_R09_75bp_97ani_V4Full,S010_rd010m_R10_75bp_97ani_V4Full
MEG_2|Drugs|Aminoglycosides|Aminoglycoside-resistant_16S_ribosomal_subunit_protein|A16S|MEG_2|A16S-2_T_184_G,3,2,1,1,0,0,0,3,1,0
MEG_2|Drugs|Aminoglycosides|Aminoglycoside-resistant_16S_ribosomal_subunit_protein|A16S|MEG_2|A16S-2_G_204_A,3,2,1,1,0,0,0,3,1,0
MEG_2|Drugs|Aminoglycosides|Aminoglycoside-resistant_16S_ribosomal_subunit_protein|A16S|MEG_2|A16S-2_T_327_C,0,0,1,6,0,3,3,1,0,0
MEG_2|Drugs|Aminoglycosides|Aminoglycoside-resistant_16S_ribosomal_subunit_protein|A16S|MEG_2|A16S-2_A_508_G,1,0,0,2,1,0,1,1,0,1
MEG_2|Drugs|Aminoglycosides|Aminoglycoside-resistant_16S_ribosomal_subunit_protein|A16S|MEG_2|A16S-2_A_525_G,26,7,11,6,54,7,14,15,17,2
MEG_2|Drugs|Aminoglycosides|Aminoglycoside-resistant_16S_ribosomal_subunit_protein|A16S|MEG_2|A16S-2_A_560_T,0,0,0,1,0,0,0,3,0,0
MEG_2|Drugs|Aminoglycosides|Aminoglycoside-resistant_16S_ribosomal_subunit_protein|A16S|MEG_2|A16S-2_A_581_T,0,0,0,1,0,0,0,3,0,0
MEG_2|Drugs|Aminoglycosides|Aminoglycoside-resistant_16S_ribosomal_subunit_protein|A16S|MEG_2|A16S-2_A_662_G,1,0,0,0,0,1,1,1,1,0
MEG_2|Drugs|Aminoglycosides|Aminoglycoside-resistant_16S_ribosomal_subunit_protein|A16S|MEG_2|A16S-2_T_670_G,1,1,1,2,1,3,7,1,0,2
MEG_2|Drugs|Aminoglycosides|Aminoglycoside-resistant_16S_ribosomal_subunit_protein|A16S|MEG_2|A16S-2_A_722_C,2,0,0,1,1,1,8,1,0,0
MEG_2|Drugs|Aminoglycosides|Aminoglycoside-resistant_16S_ribosomal_subunit_protein|A16S|MEG_2|A16S-2_A_748_G,1,0,0,1,1,0,1,1,0,0
MEG_2|Drugs|Aminoglycosides|Aminoglycoside-resistant_16S_ribosomal_subunit_protein|A16S|MEG_2|A16S-2_T_801_C,3,0,3,0,1,1,4,3,0,0
MEG_2|Drugs|Aminoglycosides|Aminoglycoside-resistant_16S_ribosomal_subunit_protein|A16S|MEG_2|A16S-2_A_874_C,6,0,3,0,14,0,3,3,1,3
MEG_2|Drugs|Aminoglycosides|Aminoglycoside-resistant_16S_ribosomal_subunit_protein|A16S|MEG_2|A16S-2_C_1102_T,3,2,1,3,5,0,2,1,3,0
MEG_2|Drugs|Aminoglycosides|Aminoglycoside-resistant_16S_ribosomal_subunit_protein|A16S|MEG_2|A16S-2_T_1288_C,7,0,8,5,3,9,25,13,3,7
MEG_2|Drugs|Aminoglycosides|Aminoglycoside-resistant_16S_ribosomal_subunit_protein|A16S|MEG_2|A16S-2_T_1320_C,4,0,7,2,3,3,15,5,0,4
MEG_2|Drugs|Aminoglycosides|Aminoglycoside-resistant_16S_ribosomal_subunit_protein|A16S|MEG_2|A16S-2_A_1338_G,2,0,0,1,0,1,1,1,0,0
MEG_2|Drugs|Aminoglycosides|Aminoglycoside-resistant_16S_ribosomal_subunit_protein|A16S|MEG_2|A16S-2_G_1363_A,2,0,0,0,0,0,2,1,0,0
MEG_2|Drugs|Aminoglycosides|Aminoglycoside-resistant_16S_ribosomal_subunit_protein|A16S|MEG_2|A16S-2_C_1379_T,1,1,0,0,1,1,4,0,1,1
MEG_2|Drugs|Aminoglycosides|Aminoglycoside-resistant_16S_ribosomal_subunit_protein|A16S|MEG_2|A16S-2_T_1415_C,3,0,2,0,1,1,2,0,0,0
MEG_2|Drugs|Aminoglycosides|Aminoglycoside-resistant_16S_ribosomal_subunit_protein|A16S|MEG_2|A16S-2_G_1453_A,17,11,21,4,45,4,20,15,19,5
MEG_2|Drugs|Aminoglycosides|Aminoglycoside-resistant_16S_ribosomal_subunit_protein|A16S|MEG_2|A16S-2_C_1470_T,3,4,7,2,0,0,11,1,2,1
MEG_3|Drugs|Aminoglycosides|Aminoglycoside-resistant_16S_ribosomal_subunit_protein|A16S|MEG_3|A16S-3_G_406_C,2,0,0,1,2,1,0,1,6,2
MEG_3|Drugs|Aminoglycosides|Aminoglycoside-resistant_16S_ribosomal_subunit_protein|A16S|MEG_3|A16S-3_A_736_C,0,0,0,0,1,1,0,0,7,1
MEG_3|Drugs|Aminoglycosides|Aminoglycoside-resistant_16S_ribosomal_subunit_protein|A16S|MEG_3|A16S-3_A_739_C,0,0,0,0,1,1,0,0,7,1
MEG_3|Drugs|Aminoglycosides|Aminoglycoside-resistant_16S_ribosomal_subunit_protein|A16S|MEG_3|A16S-3_G_910_A,2,1,0,0,5,4,3,0,7,3
MEG_3|Drugs|Aminoglycosides|Aminoglycoside-resistant_16S_ribosomal_subunit_protein|A16S|MEG_3|A16S-3_T_945_C,2,1,0,0,5,4,3,0,8,4
MEG_3|Drugs|Aminoglycosides|Aminoglycoside-resistant_16S_ribosomal_subunit_protein|A16S|MEG_3|A16S-3_T_983_C,2,1,0,0,4,2,0,0,5,2
MEG_3|Drugs|Aminoglycosides|Aminoglycoside-resistant_16S_ribosomal_subunit_protein|A16S|MEG_3|A16S-3_C_1050_T,0,4,0,2,0,1,3,0,0,1
MEG_4|Drugs|Aminoglycosides|Aminoglycoside-resistant_16S_ribosomal_subunit_protein|A16S|MEG_4|A16S-4_C_1066_T,0,1,0,1,0,0,2,2,0,0
MEG_4|Drugs|Aminoglycosides|Aminoglycoside-resistant_16S_ribosomal_subunit_protein|A16S|MEG_4|A16S-4_T_1394_C,0,2,1,1,0,4,3,1,5,4
MEG_5|Drugs|Aminoglycosides|Aminoglycoside-resistant_16S_ribosomal_subunit_protein|A16S|MEG_5|A16S-5_T_289_C,1,0,0,0,2,1,0,0,2,1
MEG_5|Drugs|Aminoglycosides|Aminoglycoside-resistant_16S_ribosomal_subunit_protein|A16S|MEG_5|A16S-5_C_301_T,1,0,0,0,2,1,0,0,3,3
MEG_5|Drugs|Aminoglycosides|Aminoglycoside-resistant_16S_ribosomal_subunit_protein|A16S|MEG_5|A16S-5_A_392_C,1,0,0,1,1,4,0,0,5,4
MEG_5|Drugs|Aminoglycosides|Aminoglycoside-resistant_16S_ribosomal_subunit_protein|A16S|MEG_5|A16S-5_C_1024_T,0,2,0,0,0,0,0,3,0,2
MEG_7|Drugs|Aminoglycosides|Aminoglycoside-resistant_16S_ribosomal_subunit_protein|A16S|MEG_7|A16S-7_C_1060_T,0,1,0,0,0,0,1,1,0,1
MEG_7|Drugs|Aminoglycosides|Aminoglycoside-resistant_16S_ribosomal_subunit_protein|A16S|MEG_7|A16S-7_A_1121_T,0,6,0,0,0,0,1,0,0,1
MEG_7|Drugs|Aminoglycosides|Aminoglycoside-resistant_16S_ribosomal_subunit_protein|A16S|MEG_7|A16S-7_C_1137_A,0,5,0,0,0,0,1,0,0,1
MEG_7|Drugs|Aminoglycosides|Aminoglycoside-resistant_16S_ribosomal_subunit_protein|A16S|MEG_7|A16S-7_T_1388_C,0,1,1,2,0,2,5,1,2,2
MEG_9|Drugs|Aminoglycosides|Aminoglycoside-resistant_16S_ribosomal_subunit_protein|A16S|MEG_9|A16S-9_T_304_C,0,2,1,1,1,1,1,0,8,5
MEG_9|Drugs|Aminoglycosides|Aminoglycoside-resistant_16S_ribosomal_subunit_protein|A16S|MEG_9|A16S-9_C_316_T,0,2,1,1,3,2,1,0,11,5
MEG_9|Drugs|Aminoglycosides|Aminoglycoside-resistant_16S_ribosomal_subunit_protein|A16S|MEG_9|A16S-9_A_407_C,0,0,0,1,2,2,0,1,8,2
MEG_9|Drugs|Aminoglycosides|Aminoglycoside-resistant_16S_ribosomal_subunit_protein|A16S|MEG_9|A16S-9_A_725_C,0,0,0,1,1,1,0,1,2,1
MEG_9|Drugs|Aminoglycosides|Aminoglycoside-resistant_16S_ribosomal_subunit_protein|A16S|MEG_9|A16S-9_A_728_C,0,0,0,2,1,1,0,1,2,2
MEG_9|Drugs|Aminoglycosides|Aminoglycoside-resistant_16S_ribosomal_subunit_protein|A16S|MEG_9|A16S-9_G_899_A,1,0,2,2,3,4,1,0,6,7
MEG_9|Drugs|Aminoglycosides|Aminoglycoside-resistant_16S_ribosomal_subunit_protein|A16S|MEG_9|A16S-9_T_934_C,1,0,2,2,4,4,1,0,6,7
MEG_9|Drugs|Aminoglycosides|Aminoglycoside-resistant_16S_ribosomal_subunit_protein|A16S|MEG_9|A16S-9_T_972_C,1,0,1,2,1,1,1,0,1,3
MEG_9|Drugs|Aminoglycosides|Aminoglycoside-resistant_16S_ribosomal_subunit_protein|A16S|MEG_9|A16S-9_C_1039_T,0,4,0,1,0,0,1,0,2,2
MEG_11|Drugs|Aminoglycosides|Aminoglycoside-resistant_16S_ribosomal_subunit_protein|A16S|MEG_11|A16S-11_T_269_C,0,0,0,0,2,2,0,0,2,0
MEG_11|Drugs|Aminoglycosides|Aminoglycoside-resistant_16S_ribosomal_subunit_protein|A16S|MEG_11|A16S-11_C_281_T,0,0,0,0,2,2,0,0,4,0
MEG_11|Drugs|Aminoglycosides|Aminoglycoside-resistant_16S_ribosomal_subunit_protein|A16S|MEG_11|A16S-11_A_372_C,0,0,0,1,1,3,0,0,11,2
MEG_11|Drugs|Aminoglycosides|Aminoglycoside-resistant_16S_ribosomal_subunit_protein|A16S|MEG_11|A16S-11_T_899_C,0,1,0,0,1,1,0,0,1,0
MEG_12|Drugs|Aminoglycosides|Aminoglycoside-resistant_16S_ribosomal_subunit_protein|A16S|MEG_12|A16S-12_C_998_T,1,3,0,0,0,1,2,0,1,0
MEG_14|Drugs|Aminoglycosides|Aminoglycoside_N-acetyltransferases|AAC2-PRIME|MEG_14|AAC2-PRIME-14_G_282_T,0,1,0,6,0,0,0,0,0,0
MEG_14|Drugs|Aminoglycosides|Aminoglycoside_N-acetyltransferases|AAC2-PRIME|MEG_14|AAC2-PRIME-14_C_521_G,2,0,1,3,0,0,0,0,0,0
MEG_32|Drugs|Aminoglycosides|Aminoglycoside_N-acetyltransferases|AAC3|MEG_32|AAC3-32_a_123_T,6,0,1,0,0,0,0,0,0,0
MEG_32|Drugs|Aminoglycosides|Aminoglycoside_N-acetyltransferases|AAC3|MEG_32|AAC3-32_c_185_T,4,0,0,0,0,0,0,0,0,0
MEG_32|Drugs|Aminoglycosides|Aminoglycoside_N-acetyltransferases|AAC3|MEG_32|AAC3-32_c_261_G,3,1,0,0,0,0,0,0,0,0
MEG_32|Drugs|Aminoglycosides|Aminoglycoside_N-acetyltransferases|AAC3|MEG_32|AAC3-32_c_684_A,3,1,0,0,0,0,0,0,0,0
MEG_32|Drugs|Aminoglycosides|Aminoglycoside_N-acetyltransferases|AAC3|MEG_32|AAC3-32_g_726_C,5,1,0,0,0,0,0,0,0,0
MEG_48|Drugs|Aminoglycosides|Aminoglycoside_N-acetyltransferases|AAC3|MEG_48|AAC3-48_G_94_A,0,0,0,0,0,1,3,2,1,0
MEG_48|Drugs|Aminoglycosides|Aminoglycoside_N-acetyltransferases|AAC3|MEG_48|AAC3-48_C_195_A,0,0,0,0,0,3,8,6,0,0
MEG_48|Drugs|Aminoglycosides|Aminoglycoside_N-acetyltransferases|AAC3|MEG_48|AAC3-48_C_483_T,0,0,0,0,0,4,2,1,1,0
MEG_48|Drugs|Aminoglycosides|Aminoglycoside_N-acetyltransferases|AAC3|MEG_48|AAC3-48_G_540_T,0,0,0,0,0,5,3,2,1,0
MEG_48|Drugs|Aminoglycosides|Aminoglycoside_N-acetyltransferases|AAC3|MEG_48|AAC3-48_C_751_G,0,0,0,0,0,3,6,4,1,0
MEG_48|Drugs|Aminoglycosides|Aminoglycoside_N-acetyltransferases|AAC3|MEG_48|AAC3-48_G_829_A,0,0,0,0,0,4,2,1,1,0
MEG_51|Drugs|Aminoglycosides|Aminoglycoside_N-acetyltransferases|AAC3|MEG_51|AAC3-51_C_684_A,3,0,1,0,0,0,0,0,0,0
MEG_137|Drugs|Aminoglycosides|Aminoglycoside_N-acetyltransferases|AAC6-PRIME|MEG_137|AAC6-PRIME-137_a_503_G,0,0,4,0,0,0,0,0,0,0
MEG_147|Drugs|Aminoglycosides|Aminoglycoside_N-acetyltransferases|AAC6-PRIME|MEG_147|AAC6-PRIME-147_c_64_A,0,0,0,0,0,0,0,2,2,0
MEG_147|Drugs|Aminoglycosides|Aminoglycoside_N-acetyltransferases|AAC6-PRIME|MEG_147|AAC6-PRIME-147_c_68_G,0,0,0,0,0,0,0,2,2,0
MEG_147|Drugs|Aminoglycosides|Aminoglycoside_N-acetyltransferases|AAC6-PRIME|MEG_147|AAC6-PRIME-147_g_111_T,0,0,0,0,0,0,0,3,2,0
MEG_262|Drugs|Aminoglycosides|Aminoglycoside_N-acetyltransferases|AAC6-PRIME|MEG_262|AAC6-PRIME-262_t_146_C,0,0,0,0,0,2,2,0,0,0
MEG_310|Drugs|Aminoglycosides|Aminoglycoside_N-acetyltransferases|AAC6-PRIME|MEG_310|AAC6-PRIME-310_G_372_C,2,0,2,0,0,0,0,0,0,0
MEG_310|Drugs|Aminoglycosides|Aminoglycoside_N-acetyltransferases|AAC6-PRIME|MEG_310|AAC6-PRIME-310_A_486_T,2,0,2,0,0,0,0,0,0,0
MEG_339|Drugs|Aminoglycosides|Aminoglycoside_N-acetyltransferases|AAC6-PRIME|MEG_339|AAC6-PRIME-339_A_92_T,0,0,0,0,0,1,1,2,0,0
MEG_352|Drugs|Aminoglycosides|Aminoglycoside_N-acetyltransferases|AAC6-PRIME|MEG_352|AAC6-PRIME-352_T_675_C,3,0,1,2,0,0,0,0,0,0
MEG_352|Drugs|Aminoglycosides|Aminoglycoside_N-acetyltransferases|AAC6-PRIME|MEG_352|AAC6-PRIME-352_T_939_A,2,0,0,3,0,0,0,0,0,0
MEG_364|Drugs|Aminoglycosides|Aminoglycoside_N-acetyltransferases|AAC6-PRIME|MEG_364|AAC6-PRIME-364_T_677_C,3,0,0,1,0,0,0,0,0,0
MEG_369|Drugs|Fosfomycin|Fosfomycin_MFS_efflux_pump|ABAF|MEG_369|ABAF-369_T_26_C,0,0,0,0,0,3,0,1,2,0
MEG_369|Drugs|Fosfomycin|Fosfomycin_MFS_efflux_pump|ABAF|MEG_369|ABAF-369_C_32_A,0,0,0,0,0,3,0,1,2,0
MEG_369|Drugs|Fosfomycin|Fosfomycin_MFS_efflux_pump|ABAF|MEG_369|ABAF-369_T_287_G,0,0,0,0,0,5,0,2,1,4
MEG_369|Drugs|Fosfomycin|Fosfomycin_MFS_efflux_pump|ABAF|MEG_369|ABAF-369_A_342_T,0,0,0,0,0,6,0,3,1,5
MEG_369|Drugs|Fosfomycin|Fosfomycin_MFS_efflux_pump|ABAF|MEG_369|ABAF-369_T_1235_G,0,0,0,0,0,1,0,2,2,1
MEG_370|Drugs|Fosfomycin|Fosfomycin_MFS_efflux_pump|ABAQ|MEG_370|ABAQ-370_T_200_G,0,0,3,1,1,0,0,0,0,0
MEG_370|Drugs|Fosfomycin|Fosfomycin_MFS_efflux_pump|ABAQ|MEG_370|ABAQ-370_C_248_T,0,0,3,1,1,0,0,0,0,0
MEG_371|Drugs|Multi-drug_resistance|Multi-drug_ABC_efflux_pumps|ABCA|MEG_371|ABCA-371_C_866_A,11,3,3,4,3,0,0,0,0,0
MEG_371|Drugs|Multi-drug_resistance|Multi-drug_ABC_efflux_pumps|ABCA|MEG_371|ABCA-371_T_1086_C,7,2,6,6,1,0,0,0,0,0
MEG_371|Drugs|Multi-drug_resistance|Multi-drug_ABC_efflux_pumps|ABCA|MEG_371|ABCA-371_T_2370_A,7,2,3,2,1,0,0,0,0,0
MEG_371|Drugs|Multi-drug_resistance|Multi-drug_ABC_efflux_pumps|ABCA|MEG_371|ABCA-371_C_2786_T,5,0,0,5,3,0,0,0,0,0
MEG_371|Drugs|Multi-drug_resistance|Multi-drug_ABC_efflux_pumps|ABCA|MEG_371|ABCA-371_C_3501_A,6,1,4,5,1,0,0,0,0,0
MEG_396|Metals|Iron_resistance|Iron_resistance_protein|ACN|MEG_396|ACN-396_G_255_A,0,0,0,0,0,5,6,2,0,2
MEG_396|Metals|Iron_resistance|Iron_resistance_protein|ACN|MEG_396|ACN-396_T_431_G,0,0,0,0,0,12,13,2,0,3
MEG_396|Metals|Iron_resistance|Iron_resistance_protein|ACN|MEG_396|ACN-396_C_721_T,11,6,8,1,2,0,0,0,0,0
MEG_396|Metals|Iron_resistance|Iron_resistance_protein|ACN|MEG_396|ACN-396_C_761_G,0,0,0,0,0,19,11,3,1,2
MEG_396|Metals|Iron_resistance|Iron_resistance_protein|ACN|MEG_396|ACN-396_C_1396_A,0,0,0,0,0,17,18,2,0,5
MEG_396|Metals|Iron_resistance|Iron_resistance_protein|ACN|MEG_396|ACN-396_C_1446_A,0,0,0,0,0,19,18,3,0,3
MEG_396|Metals|Iron_resistance|Iron_resistance_protein|ACN|MEG_396|ACN-396_C_1514_G,0,0,0,0,0,13,18,1,0,0
MEG_396|Metals|Iron_resistance|Iron_resistance_protein|ACN|MEG_396|ACN-396_G_1589_C,0,0,0,0,0,14,20,2,0,0
MEG_396|Metals|Iron_resistance|Iron_resistance_protein|ACN|MEG_396|ACN-396_C_1747_G,0,0,0,0,0,23,30,5,0,2
MEG_396|Metals|Iron_resistance|Iron_resistance_protein|ACN|MEG_396|ACN-396_T_1823_G,0,0,0,0,0,17,20,7,0,4
MEG_396|Metals|Iron_resistance|Iron_resistance_protein|ACN|MEG_396|ACN-396_A_2220_T,0,0,0,0,0,12,18,3,2,2
MEG_396|Metals|Iron_resistance|Iron_resistance_protein|ACN|MEG_396|ACN-396_C_2809_T,3,1,0,0,0,0,0,0,0,0
MEG_398|Metals|Arsenic_resistance|Arsenic_resistance_membrane_transporter|ACR3|MEG_398|ACR3-398_T_48_G,5,0,1,0,2,0,0,0,0,0
MEG_398|Metals|Arsenic_resistance|Arsenic_resistance_membrane_transporter|ACR3|MEG_398|ACR3-398_T_125_A,3,0,0,0,1,0,0,0,0,0
MEG_398|Metals|Arsenic_resistance|Arsenic_resistance_membrane_transporter|ACR3|MEG_398|ACR3-398_T_158_G,4,0,2,0,1,0,0,0,0,0
MEG_398|Metals|Arsenic_resistance|Arsenic_resistance_membrane_transporter|ACR3|MEG_398|ACR3-398_T_209_A,4,0,2,0,0,0,0,0,0,0
MEG_398|Metals|Arsenic_resistance|Arsenic_resistance_membrane_transporter|ACR3|MEG_398|ACR3-398_A_321_G,4,0,2,0,2,0,0,0,0,0
MEG_398|Metals|Arsenic_resistance|Arsenic_resistance_membrane_transporter|ACR3|MEG_398|ACR3-398_T_479_C,0,0,0,0,0,4,6,1,1,1
MEG_398|Metals|Arsenic_resistance|Arsenic_resistance_membrane_transporter|ACR3|MEG_398|ACR3-398_T_732_A,0,0,0,0,0,3,9,4,0,0
MEG_398|Metals|Arsenic_resistance|Arsenic_resistance_membrane_transporter|ACR3|MEG_398|ACR3-398_T_764_C,1,0,2,0,2,0,0,0,0,0
MEG_398|Metals|Arsenic_resistance|Arsenic_resistance_membrane_transporter|ACR3|MEG_398|ACR3-398_C_773_T,1,0,2,0,2,0,0,0,0,0
MEG_398|Metals|Arsenic_resistance|Arsenic_resistance_membrane_transporter|ACR3|MEG_398|ACR3-398_A_933_T,2,0,1,0,1,0,0,0,0,0
MEG_398|Metals|Arsenic_resistance|Arsenic_resistance_membrane_transporter|ACR3|MEG_398|ACR3-398_T_969_C,0,0,0,0,0,3,7,3,0,3
MEG_404|Multi-compound|Drug_and_biocide_and_metal_resistance|Drug_and_biocide_and_metal_RND_efflux_pumps|ACRD|MEG_404|ACRD-404_C_138_G,0,0,0,0,0,4,4,2,0,1
MEG_404|Multi-compound|Drug_and_biocide_and_metal_resistance|Drug_and_biocide_and_metal_RND_efflux_pumps|ACRD|MEG_404|ACRD-404_G_248_A,0,0,0,0,0,3,3,2,0,1
MEG_404|Multi-compound|Drug_and_biocide_and_metal_resistance|Drug_and_biocide_and_metal_RND_efflux_pumps|ACRD|MEG_404|ACRD-404_T_332_G,2,0,0,3,0,0,0,0,0,0
MEG_404|Multi-compound|Drug_and_biocide_and_metal_resistance|Drug_and_biocide_and_metal_RND_efflux_pumps|ACRD|MEG_404|ACRD-404_G_529_C,0,0,0,0,0,6,4,4,0,2
MEG_404|Multi-compound|Drug_and_biocide_and_metal_resistance|Drug_and_biocide_and_metal_RND_efflux_pumps|ACRD|MEG_404|ACRD-404_C_751_A,0,0,0,0,0,3,2,2,0,3
MEG_404|Multi-compound|Drug_and_biocide_and_metal_resistance|Drug_and_biocide_and_metal_RND_efflux_pumps|ACRD|MEG_404|ACRD-404_C_1087_G,3,1,0,6,0,0,0,0,0,0
MEG_404|Multi-compound|Drug_and_biocide_and_metal_resistance|Drug_and_biocide_and_metal_RND_efflux_pumps|ACRD|MEG_404|ACRD-404_C_1221_T,0,0,0,0,0,6,5,3,0,3
MEG_404|Multi-compound|Drug_and_biocide_and_metal_resistance|Drug_and_biocide_and_metal_RND_efflux_pumps|ACRD|MEG_404|ACRD-404_C_1309_T,0,0,0,0,0,3,2,6,0,3
MEG_404|Multi-compound|Drug_and_biocide_and_metal_resistance|Drug_and_biocide_and_metal_RND_efflux_pumps|ACRD|MEG_404|ACRD-404_A_1316_G,6,0,0,5,0,0,0,0,0,0
MEG_404|Multi-compound|Drug_and_biocide_and_metal_resistance|Drug_and_biocide_and_metal_RND_efflux_pumps|ACRD|MEG_404|ACRD-404_G_1379_A,4,0,0,8,0,0,0,0,0,0
MEG_404|Multi-compound|Drug_and_biocide_and_metal_resistance|Drug_and_biocide_and_metal_RND_efflux_pumps|ACRD|MEG_404|ACRD-404_C_1447_T,0,0,0,0,0,2,0,2,0,3
MEG_404|Multi-compound|Drug_and_biocide_and_metal_resistance|Drug_and_biocide_and_metal_RND_efflux_pumps|ACRD|MEG_404|ACRD-404_T_1499_C,0,0,0,0,0,1,1,3,0,4
MEG_404|Multi-compound|Drug_and_biocide_and_metal_resistance|Drug_and_biocide_and_metal_RND_efflux_pumps|ACRD|MEG_404|ACRD-404_A_1512_T,0,0,0,0,0,1,3,1,0,2
MEG_404|Multi-compound|Drug_and_biocide_and_metal_resistance|Drug_and_biocide_and_metal_RND_efflux_pumps|ACRD|MEG_404|ACRD-404_A_1974_T,6,2,0,7,0,0,0,0,0,0
MEG_404|Multi-compound|Drug_and_biocide_and_metal_resistance|Drug_and_biocide_and_metal_RND_efflux_pumps|ACRD|MEG_404|ACRD-404_T_2308_C,7,0,0,8,0,0,0,0,0,0
MEG_404|Multi-compound|Drug_and_biocide_and_metal_resistance|Drug_and_biocide_and_metal_RND_efflux_pumps|ACRD|MEG_404|ACRD-404_G_2833_C,5,0,0,4,0,0,0,0,0,0
MEG_404|Multi-compound|Drug_and_biocide_and_metal_resistance|Drug_and_biocide_and_metal_RND_efflux_pumps|ACRD|MEG_404|ACRD-404_C_3044_A,3,0,0,4,0,0,0,0,0,0
MEG_405|Multi-compound|Drug_and_biocide_and_metal_resistance|Drug_and_biocide_and_metal_RND_efflux_pumps|ACRD|MEG_405|ACRD-405_C_36_A,0,0,0,0,0,1,1,13,0,0
MEG_405|Multi-compound|Drug_and_biocide_and_metal_resistance|Drug_and_biocide_and_metal_RND_efflux_pumps|ACRD|MEG_405|ACRD-405_A_260_C,0,0,0,0,0,1,1,2,0,1
MEG_405|Multi-compound|Drug_and_biocide_and_metal_resistance|Drug_and_biocide_and_metal_RND_efflux_pumps|ACRD|MEG_405|ACRD-405_A_271_G,0,0,0,4,1,0,0,0,0,0
MEG_405|Multi-compound|Drug_and_biocide_and_metal_resistance|Drug_and_biocide_and_metal_RND_efflux_pumps|ACRD|MEG_405|ACRD-405_A_276_C,0,0,0,0,0,1,2,1,0,1
MEG_405|Multi-compound|Drug_and_biocide_and_metal_resistance|Drug_and_biocide_and_metal_RND_efflux_pumps|ACRD|MEG_405|ACRD-405_G_360_C,0,0,0,0,0,0,3,30,0,1
MEG_405|Multi-compound|Drug_and_biocide_and_metal_resistance|Drug_and_biocide_and_metal_RND_efflux_pumps|ACRD|MEG_405|ACRD-405_C_501_T,0,0,0,0,0,0,7,5,0,1
MEG_405|Multi-compound|Drug_and_biocide_and_metal_resistance|Drug_and_biocide_and_metal_RND_efflux_pumps|ACRD|MEG_405|ACRD-405_A_543_G,1,1,0,6,1,0,0,0,0,0
MEG_405|Multi-compound|Drug_and_biocide_and_metal_resistance|Drug_and_biocide_and_metal_RND_efflux_pumps|ACRD|MEG_405|ACRD-405_C_626_A,0,0,0,0,0,1,1,2,0,1
MEG_405|Multi-compound|Drug_and_biocide_and_metal_resistance|Drug_and_biocide_and_metal_RND_efflux_pumps|ACRD|MEG_405|ACRD-405_A_692_T,1,1,0,6,0,0,0,0,0,0
MEG_405|Multi-compound|Drug_and_biocide_and_metal_resistance|Drug_and_biocide_and_metal_RND_efflux_pumps|ACRD|MEG_405|ACRD-405_C_721_T,0,0,0,0,0,0,2,2,0,2
MEG_405|Multi-compound|Drug_and_biocide_and_metal_resistance|Drug_and_biocide_and_metal_RND_efflux_pumps|ACRD|MEG_405|ACRD-405_A_827_C,0,0,0,0,0,0,3,2,0,0
MEG_405|Multi-compound|Drug_and_biocide_and_metal_resistance|Drug_and_biocide_and_metal_RND_efflux_pumps|ACRD|MEG_405|ACRD-405_T_962_G,2,0,5,2,4,0,0,0,0,0
MEG_405|Multi-compound|Drug_and_biocide_and_metal_resistance|Drug_and_biocide_and_metal_RND_efflux_pumps|ACRD|MEG_405|ACRD-405_G_1032_A,0,0,0,0,0,0,2,1,0,1
MEG_405|Multi-compound|Drug_and_biocide_and_metal_resistance|Drug_and_biocide_and_metal_RND_efflux_pumps|ACRD|MEG_405|ACRD-405_G_1077_T,0,0,0,0,0,2,0,4,1,1
MEG_405|Multi-compound|Drug_and_biocide_and_metal_resistance|Drug_and_biocide_and_metal_RND_efflux_pumps|ACRD|MEG_405|ACRD-405_G_1160_C,0,4,12,1,2,0,0,0,0,0
MEG_405|Multi-compound|Drug_and_biocide_and_metal_resistance|Drug_and_biocide_and_metal_RND_efflux_pumps|ACRD|MEG_405|ACRD-405_G_1246_C,0,2,3,1,0,0,0,0,0,0
MEG_405|Multi-compound|Drug_and_biocide_and_metal_resistance|Drug_and_biocide_and_metal_RND_efflux_pumps|ACRD|MEG_405|ACRD-405_T_1359_C,0,0,0,0,0,0,3,7,0,2
MEG_405|Multi-compound|Drug_and_biocide_and_metal_resistance|Drug_and_biocide_and_metal_RND_efflux_pumps|ACRD|MEG_405|ACRD-405_C_1388_A,0,0,0,0,0,0,3,8,0,3
MEG_405|Multi-compound|Drug_and_biocide_and_metal_resistance|Drug_and_biocide_and_metal_RND_efflux_pumps|ACRD|MEG_405|ACRD-405_A_1678_C,0,0,0,0,0,0,2,7,1,2
MEG_405|Multi-compound|Drug_and_biocide_and_metal_resistance|Drug_and_biocide_and_metal_RND_efflux_pumps|ACRD|MEG_405|ACRD-405_T_1688_C,0,2,6,0,2,0,0,0,0,0
MEG_405|Multi-compound|Drug_and_biocide_and_metal_resistance|Drug_and_biocide_and_metal_RND_efflux_pumps|ACRD|MEG_405|ACRD-405_G_1944_C,0,0,0,0,0,0,3,2,0,3
MEG_405|Multi-compound|Drug_and_biocide_and_metal_resistance|Drug_and_biocide_and_metal_RND_efflux_pumps|ACRD|MEG_405|ACRD-405_C_2160_G,0,0,5,1,0,0,0,0,0,0
MEG_405|Multi-compound|Drug_and_biocide_and_metal_resistance|Drug_and_biocide_and_metal_RND_efflux_pumps|ACRD|MEG_405|ACRD-405_C_2171_A,0,0,0,0,0,0,3,4,0,0
MEG_405|Multi-compound|Drug_and_biocide_and_metal_resistance|Drug_and_biocide_and_metal_RND_efflux_pumps|ACRD|MEG_405|ACRD-405_G_2208_C,0,1,4,0,1,0,0,0,0,0
MEG_405|Multi-compound|Drug_and_biocide_and_metal_resistance|Drug_and_biocide_and_metal_RND_efflux_pumps|ACRD|MEG_405|ACRD-405_A_2288_C,0,0,0,0,0,0,6,2,2,2
MEG_405|Multi-compound|Drug_and_biocide_and_metal_resistance|Drug_and_biocide_and_metal_RND_efflux_pumps|ACRD|MEG_405|ACRD-405_T_2332_A,0,0,0,0,0,0,5,1,2,4
MEG_405|Multi-compound|Drug_and_biocide_and_metal_resistance|Drug_and_biocide_and_metal_RND_efflux_pumps|ACRD|MEG_405|ACRD-405_T_2376_G,1,1,8,0,3,0,0,0,0,0
MEG_405|Multi-compound|Drug_and_biocide_and_metal_resistance|Drug_and_biocide_and_metal_RND_efflux_pumps|ACRD|MEG_405|ACRD-405_C_2457_T,0,0,0,0,0,1,4,34,0,1
MEG_405|Multi-compound|Drug_and_biocide_and_metal_resistance|Drug_and_biocide_and_metal_RND_efflux_pumps|ACRD|MEG_405|ACRD-405_G_2521_A,0,0,0,7,0,0,0,0,0,0
MEG_405|Multi-compound|Drug_and_biocide_and_metal_resistance|Drug_and_biocide_and_metal_RND_efflux_pumps|ACRD|MEG_405|ACRD-405_G_2710_C,0,0,0,0,0,1,2,23,0,1
MEG_405|Multi-compound|Drug_and_biocide_and_metal_resistance|Drug_and_biocide_and_metal_RND_efflux_pumps|ACRD|MEG_405|ACRD-405_C_2758_G,0,2,0,1,1,0,0,0,0,0
MEG_405|Multi-compound|Drug_and_biocide_and_metal_resistance|Drug_and_biocide_and_metal_RND_efflux_pumps|ACRD|MEG_405|ACRD-405_G_2785_A,0,2,0,3,0,0,0,0,0,0
MEG_405|Multi-compound|Drug_and_biocide_and_metal_resistance|Drug_and_biocide_and_metal_RND_efflux_pumps|ACRD|MEG_405|ACRD-405_G_2848_T,0,1,4,0,0,0,0,0,0,0
MEG_406|Multi-compound|Drug_and_biocide_and_metal_resistance|Drug_and_biocide_and_metal_RND_efflux_pumps|ACRD|MEG_406|ACRD-406_C_36_A,0,0,0,0,0,1,5,16,0,0
MEG_406|Multi-compound|Drug_and_biocide_and_metal_resistance|Drug_and_biocide_and_metal_RND_efflux_pumps|ACRD|MEG_406|ACRD-406_A_260_C,0,0,0,0,0,2,1,5,0,0
MEG_406|Multi-compound|Drug_and_biocide_and_metal_resistance|Drug_and_biocide_and_metal_RND_efflux_pumps|ACRD|MEG_406|ACRD-406_A_271_G,0,2,0,6,0,0,0,0,0,0
MEG_406|Multi-compound|Drug_and_biocide_and_metal_resistance|Drug_and_biocide_and_metal_RND_efflux_pumps|ACRD|MEG_406|ACRD-406_A_276_C,0,0,0,0,0,1,1,4,0,0
MEG_406|Multi-compound|Drug_and_biocide_and_metal_resistance|Drug_and_biocide_and_metal_RND_efflux_pumps|ACRD|MEG_406|ACRD-406_G_360_C,0,0,0,0,0,2,7,30,0,0
MEG_406|Multi-compound|Drug_and_biocide_and_metal_resistance|Drug_and_biocide_and_metal_RND_efflux_pumps|ACRD|MEG_406|ACRD-406_C_501_T,0,0,0,0,0,2,5,3,0,1
MEG_406|Multi-compound|Drug_and_biocide_and_metal_resistance|Drug_and_biocide_and_metal_RND_efflux_pumps|ACRD|MEG_406|ACRD-406_A_543_G,0,0,0,13,0,0,0,0,0,0
MEG_406|Multi-compound|Drug_and_biocide_and_metal_resistance|Drug_and_biocide_and_metal_RND_efflux_pumps|ACRD|MEG_406|ACRD-406_C_626_A,0,0,0,0,0,1,5,7,0,1
MEG_406|Multi-compound|Drug_and_biocide_and_metal_resistance|Drug_and_biocide_and_metal_RND_efflux_pumps|ACRD|MEG_406|ACRD-406_A_692_T,0,1,0,10,1,0,0,0,0,0
MEG_406|Multi-compound|Drug_and_biocide_and_metal_resistance|Drug_and_biocide_and_metal_RND_efflux_pumps|ACRD|MEG_406|ACRD-406_C_721_T,0,0,0,0,0,0,3,1,0,0
MEG_406|Multi-compound|Drug_and_biocide_and_metal_resistance|Drug_and_biocide_and_metal_RND_efflux_pumps|ACRD|MEG_406|ACRD-406_A_827_C,0,0,0,0,0,1,0,4,0,2
MEG_406|Multi-compound|Drug_and_biocide_and_metal_resistance|Drug_and_biocide_and_metal_RND_efflux_pumps|ACRD|MEG_406|ACRD-406_T_962_G,0,0,3,1,0,0,0,0,0,0
MEG_406|Multi-compound|Drug_and_biocide_and_metal_resistance|Drug_and_biocide_and_metal_RND_efflux_pumps|ACRD|MEG_406|ACRD-406_G_1246_C,0,1,4,0,1,0,0,0,0,0
MEG_406|Multi-compound|Drug_and_biocide_and_metal_resistance|Drug_and_biocide_and_metal_RND_efflux_pumps|ACRD|MEG_406|ACRD-406_T_1441_A,0,0,0,0,0,1,9,3,0,2
MEG_406|Multi-compound|Drug_and_biocide_and_metal_resistance|Drug_and_biocide_and_metal_RND_efflux_pumps|ACRD|MEG_406|ACRD-406_T_1543_G,0,0,0,0,0,0,2,1,0,1
MEG_406|Multi-compound|Drug_and_biocide_and_metal_resistance|Drug_and_biocide_and_metal_RND_efflux_pumps|ACRD|MEG_406|ACRD-406_T_1688_C,0,0,3,1,2,0,0,0,0,0
MEG_406|Multi-compound|Drug_and_biocide_and_metal_resistance|Drug_and_biocide_and_metal_RND_efflux_pumps|ACRD|MEG_406|ACRD-406_C_2168_A,0,0,0,0,0,1,7,5,0,2
MEG_406|Multi-compound|Drug_and_biocide_and_metal_resistance|Drug_and_biocide_and_metal_RND_efflux_pumps|ACRD|MEG_406|ACRD-406_T_2186_C,3,0,3,0,0,0,0,0,0,0
MEG_406|Multi-compound|Drug_and_biocide_and_metal_resistance|Drug_and_biocide_and_metal_RND_efflux_pumps|ACRD|MEG_406|ACRD-406_G_2269_T,0,0,0,0,0,2,2,6,0,1
MEG_406|Multi-compound|Drug_and_biocide_and_metal_resistance|Drug_and_biocide_and_metal_RND_efflux_pumps|ACRD|MEG_406|ACRD-406_C_2454_T,0,0,0,0,0,1,6,38,0,0
MEG_406|Multi-compound|Drug_and_biocide_and_metal_resistance|Drug_and_biocide_and_metal_RND_efflux_pumps|ACRD|MEG_406|ACRD-406_T_2474_C,3,0,1,0,0,0,0,0,0,0
MEG_406|Multi-compound|Drug_and_biocide_and_metal_resistance|Drug_and_biocide_and_metal_RND_efflux_pumps|ACRD|MEG_406|ACRD-406_G_2518_A,1,1,0,9,1,0,0,0,0,0
MEG_406|Multi-compound|Drug_and_biocide_and_metal_resistance|Drug_and_biocide_and_metal_RND_efflux_pumps|ACRD|MEG_406|ACRD-406_T_2621_G,3,1,0,0,0,0,0,0,0,0
MEG_406|Multi-compound|Drug_and_biocide_and_metal_resistance|Drug_and_biocide_and_metal_RND_efflux_pumps|ACRD|MEG_406|ACRD-406_G_2707_C,0,0,0,0,0,1,4,34,0,1
MEG_406|Multi-compound|Drug_and_biocide_and_metal_resistance|Drug_and_biocide_and_metal_RND_efflux_pumps|ACRD|MEG_406|ACRD-406_C_2755_G,1,1,0,8,0,0,0,0,0,0
MEG_406|Multi-compound|Drug_and_biocide_and_metal_resistance|Drug_and_biocide_and_metal_RND_efflux_pumps|ACRD|MEG_406|ACRD-406_G_2782_A,1,2,0,10,0,0,0,0,0,0
MEG_407|Multi-compound|Drug_and_biocide_and_metal_resistance|Drug_and_biocide_and_metal_RND_efflux_pumps|ACRD|MEG_407|ACRD-407_C_36_A,0,0,0,0,0,1,4,17,0,0
MEG_407|Multi-compound|Drug_and_biocide_and_metal_resistance|Drug_and_biocide_and_metal_RND_efflux_pumps|ACRD|MEG_407|ACRD-407_A_260_C,0,0,0,0,0,2,2,2,0,0
MEG_407|Multi-compound|Drug_and_biocide_and_metal_resistance|Drug_and_biocide_and_metal_RND_efflux_pumps|ACRD|MEG_407|ACRD-407_A_271_G,1,0,0,3,0,0,0,0,0,0
MEG_407|Multi-compound|Drug_and_biocide_and_metal_resistance|Drug_and_biocide_and_metal_RND_efflux_pumps|ACRD|MEG_407|ACRD-407_A_276_C,0,0,0,0,0,2,3,2,0,0
MEG_407|Multi-compound|Drug_and_biocide_and_metal_resistance|Drug_and_biocide_and_metal_RND_efflux_pumps|ACRD|MEG_407|ACRD-407_G_360_C,0,0,0,0,0,2,2,36,0,0
MEG_407|Multi-compound|Drug_and_biocide_and_metal_resistance|Drug_and_biocide_and_metal_RND_efflux_pumps|ACRD|MEG_407|ACRD-407_C_501_T,0,0,0,0,0,0,4,0,0,2
MEG_407|Multi-compound|Drug_and_biocide_and_metal_resistance|Drug_and_biocide_and_metal_RND_efflux_pumps|ACRD|MEG_407|ACRD-407_A_543_G,0,0,0,6,0,0,0,0,0,0
MEG_407|Multi-compound|Drug_and_biocide_and_metal_resistance|Drug_and_biocide_and_metal_RND_efflux_pumps|ACRD|MEG_407|ACRD-407_C_626_A,0,0,0,0,0,2,2,4,0,1
MEG_407|Multi-compound|Drug_and_biocide_and_metal_resistance|Drug_and_biocide_and_metal_RND_efflux_pumps|ACRD|MEG_407|ACRD-407_A_692_T,1,2,0,4,0,0,0,0,0,0
MEG_407|Multi-compound|Drug_and_biocide_and_metal_resistance|Drug_and_biocide_and_metal_RND_efflux_pumps|ACRD|MEG_407|ACRD-407_A_827_C,0,0,0,0,0,2,7,8,0,1
MEG_407|Multi-compound|Drug_and_biocide_and_metal_resistance|Drug_and_biocide_and_metal_RND_efflux_pumps|ACRD|MEG_407|ACRD-407_T_962_G,0,1,4,0,0,0,0,0,0,0
MEG_407|Multi-compound|Drug_and_biocide_and_metal_resistance|Drug_and_biocide_and_metal_RND_efflux_pumps|ACRD|MEG_407|ACRD-407_T_1064_G,3,0,1,0,1,0,0,0,0,0
MEG_407|Multi-compound|Drug_and_biocide_and_metal_resistance|Drug_and_biocide_and_metal_RND_efflux_pumps|ACRD|MEG_407|ACRD-407_G_1160_C,0,0,4,1,0,0,0,0,0,0
MEG_407|Multi-compound|Drug_and_biocide_and_metal_resistance|Drug_and_biocide_and_metal_RND_efflux_pumps|ACRD|MEG_407|ACRD-407_T_1441_A,0,0,0,0,0,3,9,5,0,3
MEG_407|Multi-compound|Drug_and_biocide_and_metal_resistance|Drug_and_biocide_and_metal_RND_efflux_pumps|ACRD|MEG_407|ACRD-407_T_1543_G,0,0,0,0,0,0,1,1,0,2
MEG_407|Multi-compound|Drug_and_biocide_and_metal_resistance|Drug_and_biocide_and_metal_RND_efflux_pumps|ACRD|MEG_407|ACRD-407_T_1688_C,0,0,2,1,1,0,0,0,0,0
MEG_407|Multi-compound|Drug_and_biocide_and_metal_resistance|Drug_and_biocide_and_metal_RND_efflux_pumps|ACRD|MEG_407|ACRD-407_C_2168_A,0,0,0,0,0,1,1,1,0,3
MEG_407|Multi-compound|Drug_and_biocide_and_metal_resistance|Drug_and_biocide_and_metal_RND_efflux_pumps|ACRD|MEG_407|ACRD-407_T_2186_C,1,0,0,2,1,0,0,0,0,0
MEG_407|Multi-compound|Drug_and_biocide_and_metal_resistance|Drug_and_biocide_and_metal_RND_efflux_pumps|ACRD|MEG_407|ACRD-407_G_2269_A,2,1,0,1,1,0,0,0,0,0
MEG_407|Multi-compound|Drug_and_biocide_and_metal_resistance|Drug_and_biocide_and_metal_RND_efflux_pumps|ACRD|MEG_407|ACRD-407_C_2454_T,0,0,0,0,0,0,2,33,0,3
MEG_407|Multi-compound|Drug_and_biocide_and_metal_resistance|Drug_and_biocide_and_metal_RND_efflux_pumps|ACRD|MEG_407|ACRD-407_G_2518_A,1,0,0,3,0,0,0,0,0,0
MEG_407|Multi-compound|Drug_and_biocide_and_metal_resistance|Drug_and_biocide_and_metal_RND_efflux_pumps|ACRD|MEG_407|ACRD-407_G_2707_C,0,0,0,0,0,0,8,27,0,0
MEG_407|Multi-compound|Drug_and_biocide_and_metal_resistance|Drug_and_biocide_and_metal_RND_efflux_pumps|ACRD|MEG_407|ACRD-407_C_2755_G,0,0,0,4,2,0,0,0,0,0
MEG_407|Multi-compound|Drug_and_biocide_and_metal_resistance|Drug_and_biocide_and_metal_RND_efflux_pumps|ACRD|MEG_407|ACRD-407_G_2782_A,0,1,0,4,1,0,0,0,0,0
MEG_408|Multi-compound|Drug_and_biocide_resistance|Drug_and_biocide_RND_efflux_pumps|ACRE|MEG_408|ACRE-408_A_322_T,0,0,0,0,0,0,9,0,0,2
MEG_408|Multi-compound|Drug_and_biocide_resistance|Drug_and_biocide_RND_efflux_pumps|ACRE|MEG_408|ACRE-408_T_424_G,0,0,0,0,0,1,9,0,1,1
MEG_408|Multi-compound|Drug_and_biocide_resistance|Drug_and_biocide_RND_efflux_pumps|ACRE|MEG_408|ACRE-408_A_478_G,0,0,0,0,0,0,7,0,1,2
MEG_408|Multi-compound|Drug_and_biocide_resistance|Drug_and_biocide_RND_efflux_pumps|ACRE|MEG_408|ACRE-408_C_552_T,0,0,0,0,0,1,10,0,3,1
MEG_408|Multi-compound|Drug_and_biocide_resistance|Drug_and_biocide_RND_efflux_pumps|ACRE|MEG_408|ACRE-408_A_594_T,0,0,0,0,0,1,9,0,4,0
MEG_408|Multi-compound|Drug_and_biocide_resistance|Drug_and_biocide_RND_efflux_pumps|ACRE|MEG_408|ACRE-408_C_925_G,0,0,0,0,0,3,6,0,0,2
MEG_408|Multi-compound|Drug_and_biocide_resistance|Drug_and_biocide_RND_efflux_pumps|ACRE|MEG_408|ACRE-408_T_965_A,0,0,0,0,0,1,8,0,0,2
MEG_408|Multi-compound|Drug_and_biocide_resistance|Drug_and_biocide_RND_efflux_pumps|ACRE|MEG_408|ACRE-408_T_974_C,0,0,0,0,0,1,8,0,0,1
MEG_411|Multi-compound|Drug_and_biocide_resistance|Drug_and_biocide_RND_efflux_regulator|ACRR|MEG_411|ACRR-411_A_272_T,2,2,2,4,0,0,2,0,2,1
MEG_411|Multi-compound|Drug_and_biocide_resistance|Drug_and_biocide_RND_efflux_regulator|ACRR|MEG_411|ACRR-411_G_315_A,1,0,2,0,1,0,3,0,0,1
MEG_411|Multi-compound|Drug_and_biocide_resistance|Drug_and_biocide_RND_efflux_regulator|ACRR|MEG_411|ACRR-411_C_452_T,0,4,3,1,1,0,1,1,1,0
MEG_411|Multi-compound|Drug_and_biocide_resistance|Drug_and_biocide_RND_efflux_regulator|ACRR|MEG_411|ACRR-411_G_480_A,0,1,3,1,1,0,3,1,1,0
MEG_411|Multi-compound|Drug_and_biocide_resistance|Drug_and_biocide_RND_efflux_regulator|ACRR|MEG_411|ACRR-411_C_486_G,0,0,2,0,3,2,5,0,1,0
MEG_411|Multi-compound|Drug_and_biocide_resistance|Drug_and_biocide_RND_efflux_regulator|ACRR|MEG_411|ACRR-411_T_585_C,1,0,2,0,4,4,5,0,0,1
MEG_498|Multi-compound|Biocide_and_metal_resistance|Biocide_and_metal_resistance_protein|ACTA|MEG_498|ACTA-498_C_10_T,1,0,2,1,1,0,0,0,0,0
MEG_498|Multi-compound|Biocide_and_metal_resistance|Biocide_and_metal_resistance_protein|ACTA|MEG_498|ACTA-498_A_55_C,0,0,0,0,0,0,0,2,1,1
MEG_498|Multi-compound|Biocide_and_metal_resistance|Biocide_and_metal_resistance_protein|ACTA|MEG_498|ACTA-498_T_156_C,0,0,0,0,0,2,0,3,0,0
MEG_498|Multi-compound|Biocide_and_metal_resistance|Biocide_and_metal_resistance_protein|ACTA|MEG_498|ACTA-498_G_283_A,1,0,1,4,2,0,0,0,0,0
MEG_498|Multi-compound|Biocide_and_metal_resistance|Biocide_and_metal_resistance_protein|ACTA|MEG_498|ACTA-498_A_320_C,0,0,0,0,0,4,0,5,0,0
MEG_498|Multi-compound|Biocide_and_metal_resistance|Biocide_and_metal_resistance_protein|ACTA|MEG_498|ACTA-498_G_381_A,0,0,0,0,0,5,0,3,0,0
MEG_498|Multi-compound|Biocide_and_metal_resistance|Biocide_and_metal_resistance_protein|ACTA|MEG_498|ACTA-498_C_439_T,0,0,5,6,3,0,0,0,0,0
MEG_498|Multi-compound|Biocide_and_metal_resistance|Biocide_and_metal_resistance_protein|ACTA|MEG_498|ACTA-498_C_518_G,0,0,0,0,0,3,0,1,1,1
MEG_498|Multi-compound|Biocide_and_metal_resistance|Biocide_and_metal_resistance_protein|ACTA|MEG_498|ACTA-498_T_665_C,0,0,1,2,1,0,0,0,0,0
MEG_498|Multi-compound|Biocide_and_metal_resistance|Biocide_and_metal_resistance_protein|ACTA|MEG_498|ACTA-498_C_666_G,0,0,1,3,1,0,0,0,0,0
MEG_498|Multi-compound|Biocide_and_metal_resistance|Biocide_and_metal_resistance_protein|ACTA|MEG_498|ACTA-498_G_816_A,0,0,0,0,0,3,0,0,0,1
MEG_498|Multi-compound|Biocide_and_metal_resistance|Biocide_and_metal_resistance_protein|ACTA|MEG_498|ACTA-498_A_1191_C,2,0,0,5,0,0,0,0,0,0
MEG_498|Multi-compound|Biocide_and_metal_resistance|Biocide_and_metal_resistance_protein|ACTA|MEG_498|ACTA-498_T_1206_C,0,0,4,4,1,0,0,0,0,0
MEG_499|Multi-compound|Biocide_and_metal_resistance|Biocide_and_metal_resistance_protein|ACTA|MEG_499|ACTA-499_A_55_C,0,0,0,0,0,2,0,0,0,2
MEG_499|Multi-compound|Biocide_and_metal_resistance|Biocide_and_metal_resistance_protein|ACTA|MEG_499|ACTA-499_T_77_C,0,0,0,0,0,2,0,2,0,1
MEG_499|Multi-compound|Biocide_and_metal_resistance|Biocide_and_metal_resistance_protein|ACTA|MEG_499|ACTA-499_T_156_C,0,0,0,0,0,1,0,2,0,1
MEG_499|Multi-compound|Biocide_and_metal_resistance|Biocide_and_metal_resistance_protein|ACTA|MEG_499|ACTA-499_G_283_A,0,0,3,6,2,0,0,0,0,0
MEG_499|Multi-compound|Biocide_and_metal_resistance|Biocide_and_metal_resistance_protein|ACTA|MEG_499|ACTA-499_A_320_C,0,0,0,0,0,2,0,2,0,1
MEG_499|Multi-compound|Biocide_and_metal_resistance|Biocide_and_metal_resistance_protein|ACTA|MEG_499|ACTA-499_G_381_A,0,0,0,0,0,1,0,1,0,2
MEG_499|Multi-compound|Biocide_and_metal_resistance|Biocide_and_metal_resistance_protein|ACTA|MEG_499|ACTA-499_C_439_T,0,0,1,4,0,0,0,0,0,0
MEG_499|Multi-compound|Biocide_and_metal_resistance|Biocide_and_metal_resistance_protein|ACTA|MEG_499|ACTA-499_C_518_G,0,0,0,0,0,2,0,5,0,2
MEG_499|Multi-compound|Biocide_and_metal_resistance|Biocide_and_metal_resistance_protein|ACTA|MEG_499|ACTA-499_T_665_C,1,0,2,6,1,0,0,0,0,0
MEG_499|Multi-compound|Biocide_and_metal_resistance|Biocide_and_metal_resistance_protein|ACTA|MEG_499|ACTA-499_C_666_G,1,0,2,6,1,0,0,0,0,0
MEG_499|Multi-compound|Biocide_and_metal_resistance|Biocide_and_metal_resistance_protein|ACTA|MEG_499|ACTA-499_G_816_A,0,0,0,0,0,2,0,0,1,2
MEG_499|Multi-compound|Biocide_and_metal_resistance|Biocide_and_metal_resistance_protein|ACTA|MEG_499|ACTA-499_A_1191_C,0,0,0,5,0,0,0,0,0,0
MEG_499|Multi-compound|Biocide_and_metal_resistance|Biocide_and_metal_resistance_protein|ACTA|MEG_499|ACTA-499_T_1206_C,0,0,1,2,1,0,0,0,0,0
MEG_499|Multi-compound|Biocide_and_metal_resistance|Biocide_and_metal_resistance_protein|ACTA|MEG_499|ACTA-499_T_1389_C,0,0,0,0,0,1,0,2,0,3
MEG_500|Multi-compound|Biocide_and_metal_resistance|Biocide_and_metal_resistance_protein|ACTP|MEG_500|ACTP-500_C_544_T,0,0,0,0,0,0,1,3,0,2
MEG_500|Multi-compound|Biocide_and_metal_resistance|Biocide_and_metal_resistance_protein|ACTP|MEG_500|ACTP-500_C_1286_T,0,0,0,0,0,1,2,6,0,1
MEG_500|Multi-compound|Biocide_and_metal_resistance|Biocide_and_metal_resistance_protein|ACTP|MEG_500|ACTP-500_G_1375_A,0,0,0,0,0,0,4,6,0,0
MEG_500|Multi-compound|Biocide_and_metal_resistance|Biocide_and_metal_resistance_protein|ACTP|MEG_500|ACTP-500_A_2038_C,0,0,0,0,0,0,3,1,0,0
MEG_500|Multi-compound|Biocide_and_metal_resistance|Biocide_and_metal_resistance_protein|ACTP|MEG_500|ACTP-500_G_2045_A,0,0,0,0,0,0,3,1,0,0
MEG_500|Multi-compound|Biocide_and_metal_resistance|Biocide_and_metal_resistance_protein|ACTP|MEG_500|ACTP-500_C_2061_T,0,0,0,0,0,0,3,1,0,0
MEG_501|Multi-compound|Biocide_and_metal_resistance|Biocide_and_metal_resistance_protein|ACTP|MEG_501|ACTP-501_C_544_T,0,0,0,0,0,0,2,6,0,1
MEG_501|Multi-compound|Biocide_and_metal_resistance|Biocide_and_metal_resistance_protein|ACTP|MEG_501|ACTP-501_G_1375_A,0,0,0,0,0,0,0,5,0,1
MEG_501|Multi-compound|Biocide_and_metal_resistance|Biocide_and_metal_resistance_protein|ACTP|MEG_501|ACTP-501_G_1528_A,4,0,5,0,0,0,0,0,0,0
MEG_501|Multi-compound|Biocide_and_metal_resistance|Biocide_and_metal_resistance_protein|ACTP|MEG_501|ACTP-501_A_2038_C,0,0,0,0,0,0,1,2,0,2
MEG_501|Multi-compound|Biocide_and_metal_resistance|Biocide_and_metal_resistance_protein|ACTP|MEG_501|ACTP-501_G_2045_A,0,0,0,0,0,0,1,1,0,3
MEG_501|Multi-compound|Biocide_and_metal_resistance|Biocide_and_metal_resistance_protein|ACTP|MEG_501|ACTP-501_C_2061_T,0,0,0,0,0,0,1,2,0,2
MEG_502|Metals|Tellurium_resistance|Tellurium_resistance_protein|ACTP1|MEG_502|ACTP1-502_G_136_T,4,0,2,0,1,0,0,0,0,0
MEG_502|Metals|Tellurium_resistance|Tellurium_resistance_protein|ACTP1|MEG_502|ACTP1-502_C_333_G,0,0,0,0,0,18,1,1,0,2
MEG_502|Metals|Tellurium_resistance|Tellurium_resistance_protein|ACTP1|MEG_502|ACTP1-502_C_338_G,0,0,0,0,0,18,1,2,0,2
MEG_502|Metals|Tellurium_resistance|Tellurium_resistance_protein|ACTP1|MEG_502|ACTP1-502_A_432_G,11,0,0,0,0,0,0,0,0,0
MEG_502|Metals|Tellurium_resistance|Tellurium_resistance_protein|ACTP1|MEG_502|ACTP1-502_C_483_T,0,0,0,0,0,18,3,1,0,3
MEG_502|Metals|Tellurium_resistance|Tellurium_resistance_protein|ACTP1|MEG_502|ACTP1-502_C_723_T,6,0,0,0,1,0,0,0,0,0
MEG_502|Metals|Tellurium_resistance|Tellurium_resistance_protein|ACTP1|MEG_502|ACTP1-502_G_1029_T,5,0,1,0,0,0,0,0,0,0
MEG_502|Metals|Tellurium_resistance|Tellurium_resistance_protein|ACTP1|MEG_502|ACTP1-502_C_1193_T,0,0,0,0,0,15,3,0,0,2
MEG_502|Metals|Tellurium_resistance|Tellurium_resistance_protein|ACTP1|MEG_502|ACTP1-502_C_1220_T,4,0,1,0,0,0,0,0,0,0
MEG_502|Metals|Tellurium_resistance|Tellurium_resistance_protein|ACTP1|MEG_502|ACTP1-502_C_1550_T,0,0,0,0,0,19,0,2,0,2
MEG_503|Metals|Copper_resistance|Copper_resistance_protein|ACTPC|MEG_503|ACTPC-503_G_1696_C,10,1,0,1,2,0,0,0,0,0
MEG_504|Multi-compound|Biocide_and_metal_resistance|Biocide_and_metal_resistance_regulator|ACTR|MEG_504|ACTR-504_T_56_G,0,0,0,0,0,4,0,0,1,1
MEG_504|Multi-compound|Biocide_and_metal_resistance|Biocide_and_metal_resistance_regulator|ACTR|MEG_504|ACTR-504_C_103_G,0,0,0,0,0,3,0,0,1,0
MEG_504|Multi-compound|Biocide_and_metal_resistance|Biocide_and_metal_resistance_regulator|ACTR|MEG_504|ACTR-504_G_235_A,0,0,0,0,0,4,0,0,0,0
MEG_504|Multi-compound|Biocide_and_metal_resistance|Biocide_and_metal_resistance_regulator|ACTR|MEG_504|ACTR-504_C_302_A,0,0,0,0,0,4,0,0,0,0
MEG_505|Multi-compound|Biocide_and_metal_resistance|Biocide_and_metal_resistance_regulator|ACTS|MEG_505|ACTS-505_T_39_C,0,0,0,0,0,0,8,3,0,0
MEG_505|Multi-compound|Biocide_and_metal_resistance|Biocide_and_metal_resistance_regulator|ACTS|MEG_505|ACTS-505_G_522_C,0,0,0,0,0,0,9,6,2,0
MEG_505|Multi-compound|Biocide_and_metal_resistance|Biocide_and_metal_resistance_regulator|ACTS|MEG_505|ACTS-505_A_627_C,0,0,0,0,0,0,12,3,1,0
MEG_505|Multi-compound|Biocide_and_metal_resistance|Biocide_and_metal_resistance_regulator|ACTS|MEG_505|ACTS-505_T_810_C,0,0,0,0,0,0,7,5,4,0
MEG_505|Multi-compound|Biocide_and_metal_resistance|Biocide_and_metal_resistance_regulator|ACTS|MEG_505|ACTS-505_G_994_T,0,0,0,0,0,0,4,6,0,0
MEG_505|Multi-compound|Biocide_and_metal_resistance|Biocide_and_metal_resistance_regulator|ACTS|MEG_505|ACTS-505_C_1051_G,0,0,0,0,0,0,7,4,1,0
MEG_505|Multi-compound|Biocide_and_metal_resistance|Biocide_and_metal_resistance_regulator|ACTS|MEG_505|ACTS-505_C_1268_A,0,0,0,0,0,0,11,3,0,0
MEG_514|Drugs|betalactams|Class_C_betalactamases|ADC|MEG_514|ADC-514_g_485_A,1,1,1,2,0,0,0,0,0,0
MEG_538|Drugs|betalactams|Class_C_betalactamases|ADC|MEG_538|ADC-538_t_187_C,1,0,2,3,0,0,0,0,0,0
MEG_538|Drugs|betalactams|Class_C_betalactamases|ADC|MEG_538|ADC-538_g_485_A,1,0,0,6,0,0,0,0,0,0
MEG_538|Drugs|betalactams|Class_C_betalactamases|ADC|MEG_538|ADC-538_t_555_A,1,0,2,7,0,0,0,0,0,0
MEG_538|Drugs|betalactams|Class_C_betalactamases|ADC|MEG_538|ADC-538_t_998_A,1,0,2,2,1,0,0,0,0,0
MEG_626|Drugs|betalactams|Class_C_betalactamases|ADC|MEG_626|ADC-626_a_568_T,0,0,0,0,0,2,2,3,1,3
MEG_626|Drugs|betalactams|Class_C_betalactamases|ADC|MEG_626|ADC-626_g_789_A,0,0,0,0,0,1,1,2,0,6
MEG_626|Drugs|betalactams|Class_C_betalactamases|ADC|MEG_626|ADC-626_g_964_C,0,0,0,0,0,4,1,1,1,3
MEG_685|Multi-compound|Drug_and_biocide_resistance|Drug_and_biocide_RND_efflux_pumps|ADEH|MEG_685|ADEH-685_T_127_G,0,0,0,0,0,3,0,2,2,3
MEG_685|Multi-compound|Drug_and_biocide_resistance|Drug_and_biocide_RND_efflux_pumps|ADEH|MEG_685|ADEH-685_A_360_T,0,0,0,0,0,4,0,3,0,4
MEG_685|Multi-compound|Drug_and_biocide_resistance|Drug_and_biocide_RND_efflux_pumps|ADEH|MEG_685|ADEH-685_G_574_T,0,0,0,0,0,2,0,1,1,3
MEG_685|Multi-compound|Drug_and_biocide_resistance|Drug_and_biocide_RND_efflux_pumps|ADEH|MEG_685|ADEH-685_T_600_G,0,0,0,0,0,3,0,2,1,5
MEG_685|Multi-compound|Drug_and_biocide_resistance|Drug_and_biocide_RND_efflux_pumps|ADEH|MEG_685|ADEH-685_C_822_A,0,0,0,0,0,4,0,1,3,4
MEG_685|Multi-compound|Drug_and_biocide_resistance|Drug_and_biocide_RND_efflux_pumps|ADEH|MEG_685|ADEH-685_T_871_G,0,0,0,0,0,2,0,1,2,4
MEG_685|Multi-compound|Drug_and_biocide_resistance|Drug_and_biocide_RND_efflux_pumps|ADEH|MEG_685|ADEH-685_G_873_T,0,0,0,0,0,2,0,1,2,3
MEG_685|Multi-compound|Drug_and_biocide_resistance|Drug_and_biocide_RND_efflux_pumps|ADEH|MEG_685|ADEH-685_A_1020_G,0,0,0,0,0,5,0,3,0,1
MEG_685|Multi-compound|Drug_and_biocide_resistance|Drug_and_biocide_RND_efflux_pumps|ADEH|MEG_685|ADEH-685_A_1166_C,0,0,0,0,0,2,0,2,4,0
MEG_685|Multi-compound|Drug_and_biocide_resistance|Drug_and_biocide_RND_efflux_pumps|ADEH|MEG_685|ADEH-685_T_1373_C,0,0,0,0,0,4,0,1,2,2
MEG_706|Multi-compound|Drug_and_biocide_resistance|Drug_and_biocide_RND_efflux_pumps|ADET2|MEG_706|ADET2-706_C_443_T,0,0,0,0,0,1,2,1,0,0
MEG_706|Multi-compound|Drug_and_biocide_resistance|Drug_and_biocide_RND_efflux_pumps|ADET2|MEG_706|ADET2-706_C_588_T,0,0,0,0,0,1,3,1,1,0
MEG_711|Metals|Arsenic_resistance|Arsenite_oxidase|AIOA|MEG_711|AIOA-711_G_457_A,0,0,0,0,0,5,0,2,0,2
MEG_711|Metals|Arsenic_resistance|Arsenite_oxidase|AIOA|MEG_711|AIOA-711_C_558_A,2,11,3,3,0,0,0,0,0,0
MEG_711|Metals|Arsenic_resistance|Arsenite_oxidase|AIOA|MEG_711|AIOA-711_C_819_A,0,15,1,0,0,0,0,0,0,0
MEG_711|Metals|Arsenic_resistance|Arsenite_oxidase|AIOA|MEG_711|AIOA-711_G_1282_T,0,0,0,0,0,1,0,2,1,1
MEG_711|Metals|Arsenic_resistance|Arsenite_oxidase|AIOA|MEG_711|AIOA-711_A_1621_G,0,0,0,5,3,0,0,0,0,0
MEG_711|Metals|Arsenic_resistance|Arsenite_oxidase|AIOA|MEG_711|AIOA-711_G_1726_A,1,0,0,5,1,0,0,0,0,0
MEG_711|Metals|Arsenic_resistance|Arsenite_oxidase|AIOA|MEG_711|AIOA-711_T_1815_C,1,0,0,5,0,0,0,0,0,0
MEG_711|Metals|Arsenic_resistance|Arsenite_oxidase|AIOA|MEG_711|AIOA-711_C_1836_A,0,0,0,0,0,7,0,0,0,1
MEG_711|Metals|Arsenic_resistance|Arsenite_oxidase|AIOA|MEG_711|AIOA-711_T_1851_G,0,0,0,0,0,4,0,0,0,2
MEG_711|Metals|Arsenic_resistance|Arsenite_oxidase|AIOA|MEG_711|AIOA-711_G_2419_A,0,0,0,0,0,3,0,1,0,0
MEG_712|Metals|Arsenic_resistance|Arsenite_oxidase|AIOA|MEG_712|AIOA-712_C_558_A,0,18,6,3,0,0,0,0,0,0
MEG_712|Metals|Arsenic_resistance|Arsenite_oxidase|AIOA|MEG_712|AIOA-712_C_819_A,0,18,1,1,0,0,0,0,0,0
MEG_712|Metals|Arsenic_resistance|Arsenite_oxidase|AIOA|MEG_712|AIOA-712_G_1265_T,1,0,0,6,0,0,0,0,0,0
MEG_712|Metals|Arsenic_resistance|Arsenite_oxidase|AIOA|MEG_712|AIOA-712_A_1621_G,1,0,0,5,0,0,0,0,0,0
MEG_712|Metals|Arsenic_resistance|Arsenite_oxidase|AIOA|MEG_712|AIOA-712_C_1642_A,0,0,0,0,0,1,0,1,4,0
MEG_712|Metals|Arsenic_resistance|Arsenite_oxidase|AIOA|MEG_712|AIOA-712_G_1726_A,1,0,0,4,0,0,0,0,0,0
MEG_712|Metals|Arsenic_resistance|Arsenite_oxidase|AIOA|MEG_712|AIOA-712_T_1815_C,0,0,0,4,1,0,0,0,0,0
MEG_712|Metals|Arsenic_resistance|Arsenite_oxidase|AIOA|MEG_712|AIOA-712_C_1836_A,0,0,0,0,0,4,0,1,0,1
MEG_712|Metals|Arsenic_resistance|Arsenite_oxidase|AIOA|MEG_712|AIOA-712_T_1851_G,0,0,0,0,0,4,0,1,0,1
MEG_712|Metals|Arsenic_resistance|Arsenite_oxidase|AIOA|MEG_712|AIOA-712_T_2128_C,0,0,0,0,0,2,0,4,0,1
MEG_713|Metals|Arsenic_resistance|Arsenite_oxidase|AIOB|MEG_713|AIOB-713_C_344_T,0,2,0,0,2,0,0,0,0,0
MEG_713|Metals|Arsenic_resistance|Arsenite_oxidase|AIOB|MEG_713|AIOB-713_A_386_C,0,0,0,0,0,0,2,1,1,0
MEG_713|Metals|Arsenic_resistance|Arsenite_oxidase|AIOB|MEG_713|AIOB-713_C_490_G,0,0,0,0,0,3,0,0,2,0
MEG_714|Metals|Arsenic_resistance|Arsenite_oxidase|AIOE|MEG_714|AIOE-714_C_189_G,0,0,0,0,0,3,7,0,1,1
MEG_714|Metals|Arsenic_resistance|Arsenite_oxidase|AIOE|MEG_714|AIOE-714_G_390_T,0,0,0,0,0,4,10,0,2,2
MEG_714|Metals|Arsenic_resistance|Arsenite_oxidase|AIOE|MEG_714|AIOE-714_A_396_C,0,0,0,0,0,4,7,0,2,2
MEG_714|Metals|Arsenic_resistance|Arsenite_oxidase|AIOE|MEG_714|AIOE-714_C_504_T,0,0,0,0,0,3,12,0,0,1
MEG_714|Metals|Arsenic_resistance|Arsenite_oxidase|AIOE|MEG_714|AIOE-714_C_557_T,0,0,0,0,0,2,7,0,0,0
MEG_714|Metals|Arsenic_resistance|Arsenite_oxidase|AIOE|MEG_714|AIOE-714_A_902_C,0,0,0,0,0,2,3,0,0,1
MEG_714|Metals|Arsenic_resistance|Arsenite_oxidase|AIOE|MEG_714|AIOE-714_G_910_C,0,0,0,0,0,2,3,0,0,1
MEG_714|Metals|Arsenic_resistance|Arsenite_oxidase|AIOE|MEG_714|AIOE-714_A_929_G,0,0,0,0,0,0,7,0,1,1
MEG_714|Metals|Arsenic_resistance|Arsenite_oxidase|AIOE|MEG_714|AIOE-714_A_930_C,0,0,0,0,0,0,7,0,1,1
MEG_715|Metals|Arsenic_resistance|Arsenite_oxidase_regulator|AIOR|MEG_715|AIOR-715_G_55_A,0,0,0,0,0,1,4,1,0,0
MEG_715|Metals|Arsenic_resistance|Arsenite_oxidase_regulator|AIOR|MEG_715|AIOR-715_G_157_T,0,0,0,0,0,1,4,9,0,2
MEG_715|Metals|Arsenic_resistance|Arsenite_oxidase_regulator|AIOR|MEG_715|AIOR-715_T_259_G,0,0,0,0,0,2,0,7,0,0
MEG_715|Metals|Arsenic_resistance|Arsenite_oxidase_regulator|AIOR|MEG_715|AIOR-715_A_536_C,7,1,0,1,2,0,0,0,0,0
MEG_715|Metals|Arsenic_resistance|Arsenite_oxidase_regulator|AIOR|MEG_715|AIOR-715_G_825_C,0,0,0,0,0,3,3,6,0,2
MEG_715|Metals|Arsenic_resistance|Arsenite_oxidase_regulator|AIOR|MEG_715|AIOR-715_T_873_C,0,0,0,0,0,2,1,7,0,2
MEG_715|Metals|Arsenic_resistance|Arsenite_oxidase_regulator|AIOR|MEG_715|AIOR-715_G_1042_T,0,0,0,0,0,0,1,7,0,3
MEG_715|Metals|Arsenic_resistance|Arsenite_oxidase_regulator|AIOR|MEG_715|AIOR-715_C_1120_A,0,0,0,0,0,3,1,9,0,2
MEG_715|Metals|Arsenic_resistance|Arsenite_oxidase_regulator|AIOR|MEG_715|AIOR-715_A_1178_T,4,1,0,2,0,0,0,0,0,0
MEG_715|Metals|Arsenic_resistance|Arsenite_oxidase_regulator|AIOR|MEG_715|AIOR-715_C_1252_G,3,1,0,1,0,0,0,0,0,0
MEG_716|Metals|Arsenic_resistance|Arsenite_oxidase_regulator|AIOS|MEG_716|AIOS-716_C_314_T,0,0,0,0,0,6,9,4,0,3
MEG_716|Metals|Arsenic_resistance|Arsenite_oxidase_regulator|AIOS|MEG_716|AIOS-716_T_384_A,0,0,0,0,0,10,11,1,0,3
MEG_716|Metals|Arsenic_resistance|Arsenite_oxidase_regulator|AIOS|MEG_716|AIOS-716_T_551_C,0,0,0,7,0,0,0,0,0,0
MEG_716|Metals|Arsenic_resistance|Arsenite_oxidase_regulator|AIOS|MEG_716|AIOS-716_G_694_T,0,0,0,0,0,11,14,5,0,2
MEG_716|Metals|Arsenic_resistance|Arsenite_oxidase_regulator|AIOS|MEG_716|AIOS-716_G_1036_A,0,0,0,0,0,8,9,4,0,4
MEG_716|Metals|Arsenic_resistance|Arsenite_oxidase_regulator|AIOS|MEG_716|AIOS-716_C_1095_G,0,0,0,0,0,6,6,4,0,5
MEG_716|Metals|Arsenic_resistance|Arsenite_oxidase_regulator|AIOS|MEG_716|AIOS-716_T_1433_A,0,0,0,0,0,4,2,0,0,0
MEG_716|Metals|Arsenic_resistance|Arsenite_oxidase_regulator|AIOS|MEG_716|AIOS-716_G_1444_C,0,0,0,0,0,3,2,0,0,0
MEG_717|Metals|Arsenic_resistance|Arsenite_oxidase_regulator|AIOX|MEG_717|AIOX-717_A_422_G,1,1,0,0,5,0,0,0,0,0
MEG_717|Metals|Arsenic_resistance|Arsenite_oxidase_regulator|AIOX|MEG_717|AIOX-717_G_718_C,0,3,0,0,8,0,0,0,0,0
MEG_722|Drugs|Cationic_antimicrobial_peptides|Lipid_A_modification|ALMG|MEG_722|ALMG-722_A_7_T,0,0,0,0,0,0,1,0,0,3
MEG_722|Drugs|Cationic_antimicrobial_peptides|Lipid_A_modification|ALMG|MEG_722|ALMG-722_T_212_G,0,0,0,0,0,2,1,1,1,1
MEG_722|Drugs|Cationic_antimicrobial_peptides|Lipid_A_modification|ALMG|MEG_722|ALMG-722_T_278_G,0,0,0,0,0,1,1,0,2,0
MEG_722|Drugs|Cationic_antimicrobial_peptides|Lipid_A_modification|ALMG|MEG_722|ALMG-722_A_508_C,0,0,0,0,0,4,0,0,0,2
MEG_722|Drugs|Cationic_antimicrobial_peptides|Lipid_A_modification|ALMG|MEG_722|ALMG-722_A_552_G,0,0,0,0,0,3,1,1,0,1
MEG_723|Metals|Aluminum_resistance|Aluminum_resistance_protein|ALU1P|MEG_723|ALU1P-723_T_494_G,0,0,0,0,0,1,0,2,2,0
MEG_731|Multi-compound|Drug_and_biocide_resistance|Drug_and_biocide_RND_efflux_pumps|AMRA|MEG_731|AMRA-731_G_219_T,0,0,0,0,0,1,1,0,1,1
MEG_731|Multi-compound|Drug_and_biocide_resistance|Drug_and_biocide_RND_efflux_pumps|AMRA|MEG_731|AMRA-731_C_367_G,0,0,0,0,0,0,1,0,0,3
MEG_835|Drugs|Aminoglycosides|Aminoglycoside_O-nucleotidyltransferases|ANT3-DPRIME|MEG_835|ANT3-DPRIME-835_a_145_G,0,0,0,0,0,0,0,2,2,0
MEG_835|Drugs|Aminoglycosides|Aminoglycoside_O-nucleotidyltransferases|ANT3-DPRIME|MEG_835|ANT3-DPRIME-835_t_516_G,0,0,0,0,0,0,0,1,3,0
MEG_835|Drugs|Aminoglycosides|Aminoglycoside_O-nucleotidyltransferases|ANT3-DPRIME|MEG_835|ANT3-DPRIME-835_a_605_T,0,0,0,0,0,1,0,1,4,0
MEG_843|Drugs|Aminoglycosides|Aminoglycoside_O-nucleotidyltransferases|ANT3-DPRIME|MEG_843|ANT3-DPRIME-843_t_149_A,0,1,0,2,1,0,0,0,0,0
MEG_847|Drugs|Aminoglycosides|Aminoglycoside_O-nucleotidyltransferases|ANT3-DPRIME|MEG_847|ANT3-DPRIME-847_t_177_C,0,0,0,0,0,0,0,3,1,1
MEG_847|Drugs|Aminoglycosides|Aminoglycoside_O-nucleotidyltransferases|ANT3-DPRIME|MEG_847|ANT3-DPRIME-847_a_215_C,0,0,0,0,0,0,0,4,2,1
MEG_847|Drugs|Aminoglycosides|Aminoglycoside_O-nucleotidyltransferases|ANT3-DPRIME|MEG_847|ANT3-DPRIME-847_t_671_G,0,0,0,0,0,0,0,2,1,2
MEG_849|Drugs|Aminoglycosides|Aminoglycoside_O-nucleotidyltransferases|ANT3-DPRIME|MEG_849|ANT3-DPRIME-849_t_17_G,0,0,0,0,0,0,2,0,0,2
MEG_849|Drugs|Aminoglycosides|Aminoglycoside_O-nucleotidyltransferases|ANT3-DPRIME|MEG_849|ANT3-DPRIME-849_g_115_A,0,0,0,0,0,0,4,0,0,1
MEG_849|Drugs|Aminoglycosides|Aminoglycoside_O-nucleotidyltransferases|ANT3-DPRIME|MEG_849|ANT3-DPRIME-849_a_206_T,0,0,0,0,0,0,5,0,0,0
MEG_861|Drugs|Aminoglycosides|Aminoglycoside_O-nucleotidyltransferases|ANT3-DPRIME|MEG_861|ANT3-DPRIME-861_c_228_A,0,0,0,0,0,1,2,1,0,1
MEG_861|Drugs|Aminoglycosides|Aminoglycoside_O-nucleotidyltransferases|ANT3-DPRIME|MEG_861|ANT3-DPRIME-861_c_291_G,0,0,0,0,0,2,3,1,0,0
MEG_861|Drugs|Aminoglycosides|Aminoglycoside_O-nucleotidyltransferases|ANT3-DPRIME|MEG_861|ANT3-DPRIME-861_a_317_C,0,0,0,0,0,1,3,0,0,0
MEG_861|Drugs|Aminoglycosides|Aminoglycoside_O-nucleotidyltransferases|ANT3-DPRIME|MEG_861|ANT3-DPRIME-861_a_642_G,0,0,0,0,0,2,1,0,0,1
MEG_861|Drugs|Aminoglycosides|Aminoglycoside_O-nucleotidyltransferases|ANT3-DPRIME|MEG_861|ANT3-DPRIME-861_t_749_G,0,0,0,0,0,2,2,1,0,2
MEG_881|Drugs|Aminoglycosides|Aminoglycoside_O-nucleotidyltransferases|ANT3-DPRIME|MEG_881|ANT3-DPRIME-881_a_68_C,0,1,2,7,0,0,0,0,0,0
MEG_884|Drugs|Aminoglycosides|Aminoglycoside_O-nucleotidyltransferases|ANT3-DPRIME|MEG_884|ANT3-DPRIME-884_a_31_C,0,0,0,0,0,2,0,2,0,0
MEG_899|Drugs|Aminoglycosides|Aminoglycoside_O-nucleotidyltransferases|ANT3-DPRIME|MEG_899|ANT3-DPRIME-899_c_148_A,0,0,3,1,4,0,0,0,0,0
MEG_899|Drugs|Aminoglycosides|Aminoglycoside_O-nucleotidyltransferases|ANT3-DPRIME|MEG_899|ANT3-DPRIME-899_c_629_A,0,0,1,0,4,0,0,0,0,0
MEG_900|Drugs|Aminoglycosides|Aminoglycoside_O-nucleotidyltransferases|ANT3-DPRIME|MEG_900|ANT3-DPRIME-900_g_145_A,2,0,0,2,0,0,0,0,0,0
MEG_906|Drugs|Aminoglycosides|Aminoglycoside_O-nucleotidyltransferases|ANT3-DPRIME|MEG_906|ANT3-DPRIME-906_t_263_C,2,2,1,0,0,0,0,0,0,0
MEG_912|Drugs|Aminoglycosides|Aminoglycoside_O-nucleotidyltransferases|ANT3-DPRIME|MEG_912|ANT3-DPRIME-912_c_325_T,0,0,0,0,0,4,3,2,1,0
MEG_912|Drugs|Aminoglycosides|Aminoglycoside_O-nucleotidyltransferases|ANT3-DPRIME|MEG_912|ANT3-DPRIME-912_a_328_G,0,0,0,0,0,4,3,2,1,0
MEG_912|Drugs|Aminoglycosides|Aminoglycoside_O-nucleotidyltransferases|ANT3-DPRIME|MEG_912|ANT3-DPRIME-912_t_396_G,0,0,0,0,0,5,3,1,1,0
MEG_912|Drugs|Aminoglycosides|Aminoglycoside_O-nucleotidyltransferases|ANT3-DPRIME|MEG_912|ANT3-DPRIME-912_t_412_C,0,0,0,0,0,4,3,1,1,0
MEG_912|Drugs|Aminoglycosides|Aminoglycoside_O-nucleotidyltransferases|ANT3-DPRIME|MEG_912|ANT3-DPRIME-912_t_585_C,0,0,0,0,0,4,12,2,1,0
MEG_912|Drugs|Aminoglycosides|Aminoglycoside_O-nucleotidyltransferases|ANT3-DPRIME|MEG_912|ANT3-DPRIME-912_t_656_G,0,0,0,0,0,6,6,2,0,0
MEG_912|Drugs|Aminoglycosides|Aminoglycoside_O-nucleotidyltransferases|ANT3-DPRIME|MEG_912|ANT3-DPRIME-912_a_670_T,0,0,0,0,0,6,7,2,0,0
MEG_920|Drugs|Aminoglycosides|Aminoglycoside_O-nucleotidyltransferases|ANT3-DPRIME|MEG_920|ANT3-DPRIME-920_G_145_A,2,1,0,1,0,0,0,0,0,0
MEG_920|Drugs|Aminoglycosides|Aminoglycoside_O-nucleotidyltransferases|ANT3-DPRIME|MEG_920|ANT3-DPRIME-920_T_287_G,3,0,0,1,0,0,0,0,0,0
MEG_948|Drugs|Aminoglycosides|Aminoglycoside_O-nucleotidyltransferases|ANT3-DPRIME|MEG_948|ANT3-DPRIME-948_T_125_C,0,0,0,0,0,0,0,5,0,0
MEG_948|Drugs|Aminoglycosides|Aminoglycoside_O-nucleotidyltransferases|ANT3-DPRIME|MEG_948|ANT3-DPRIME-948_G_181_C,0,0,0,0,0,0,0,3,1,0
MEG_948|Drugs|Aminoglycosides|Aminoglycoside_O-nucleotidyltransferases|ANT3-DPRIME|MEG_948|ANT3-DPRIME-948_T_410_G,0,0,0,0,0,0,0,6,0,0
MEG_948|Drugs|Aminoglycosides|Aminoglycoside_O-nucleotidyltransferases|ANT3-DPRIME|MEG_948|ANT3-DPRIME-948_T_461_G,0,0,0,0,0,0,0,5,1,0
MEG_991|Drugs|Aminoglycosides|Aminoglycoside_O-nucleotidyltransferases|ANT6|MEG_991|ANT6-991_t_503_C,0,2,0,0,3,0,0,0,0,0
MEG_991|Drugs|Aminoglycosides|Aminoglycoside_O-nucleotidyltransferases|ANT6|MEG_991|ANT6-991_t_542_G,0,2,0,1,2,0,0,0,0,0
MEG_991|Drugs|Aminoglycosides|Aminoglycoside_O-nucleotidyltransferases|ANT6|MEG_991|ANT6-991_a_586_C,0,2,0,2,1,0,0,0,0,0
MEG_991|Drugs|Aminoglycosides|Aminoglycoside_O-nucleotidyltransferases|ANT6|MEG_991|ANT6-991_g_594_T,0,2,0,2,1,0,0,0,0,0
MEG_999|Drugs|Aminoglycosides|Aminoglycoside_O-nucleotidyltransferases|ANT6|MEG_999|ANT6-999_T_113_A,0,0,0,0,0,2,2,0,0,0
MEG_999|Drugs|Aminoglycosides|Aminoglycoside_O-nucleotidyltransferases|ANT6|MEG_999|ANT6-999_A_360_T,0,0,0,0,0,0,4,0,0,0
MEG_999|Drugs|Aminoglycosides|Aminoglycoside_O-nucleotidyltransferases|ANT6|MEG_999|ANT6-999_C_366_T,0,0,0,0,0,0,4,0,0,0
MEG_999|Drugs|Aminoglycosides|Aminoglycoside_O-nucleotidyltransferases|ANT6|MEG_999|ANT6-999_T_415_C,0,0,0,0,0,1,5,0,0,0
MEG_999|Drugs|Aminoglycosides|Aminoglycoside_O-nucleotidyltransferases|ANT6|MEG_999|ANT6-999_T_485_G,0,0,0,0,0,1,2,1,0,0
MEG_999|Drugs|Aminoglycosides|Aminoglycoside_O-nucleotidyltransferases|ANT6|MEG_999|ANT6-999_T_498_C,0,0,0,0,0,1,2,1,0,0
MEG_1012|Drugs|Aminoglycosides|Aminoglycoside_O-phosphotransferases|APH2-DPRIME|MEG_1012|APH2-DPRIME-1012_A_149_C,0,0,0,0,0,0,2,5,2,3
MEG_1012|Drugs|Aminoglycosides|Aminoglycoside_O-phosphotransferases|APH2-DPRIME|MEG_1012|APH2-DPRIME-1012_C_254_A,0,0,0,0,0,0,2,4,3,0
MEG_1012|Drugs|Aminoglycosides|Aminoglycoside_O-phosphotransferases|APH2-DPRIME|MEG_1012|APH2-DPRIME-1012_A_474_G,0,0,0,0,0,0,0,4,3,2
MEG_1012|Drugs|Aminoglycosides|Aminoglycoside_O-phosphotransferases|APH2-DPRIME|MEG_1012|APH2-DPRIME-1012_A_624_G,0,0,0,0,0,0,2,2,3,0
MEG_1015|Drugs|Aminoglycosides|Aminoglycoside_O-phosphotransferases|APH2-DPRIME|MEG_1015|APH2-DPRIME-1015_G_55_C,0,0,0,0,0,0,6,2,1,0
MEG_1015|Drugs|Aminoglycosides|Aminoglycoside_O-phosphotransferases|APH2-DPRIME|MEG_1015|APH2-DPRIME-1015_A_219_T,0,0,0,0,0,0,5,1,1,0
MEG_1015|Drugs|Aminoglycosides|Aminoglycoside_O-phosphotransferases|APH2-DPRIME|MEG_1015|APH2-DPRIME-1015_C_331_T,0,0,0,0,0,1,4,0,0,0
MEG_1015|Drugs|Aminoglycosides|Aminoglycoside_O-phosphotransferases|APH2-DPRIME|MEG_1015|APH2-DPRIME-1015_G_477_T,0,0,0,0,0,2,6,1,1,0
MEG_1015|Drugs|Aminoglycosides|Aminoglycoside_O-phosphotransferases|APH2-DPRIME|MEG_1015|APH2-DPRIME-1015_A_496_G,0,0,0,0,0,3,4,1,1,0
MEG_1015|Drugs|Aminoglycosides|Aminoglycoside_O-phosphotransferases|APH2-DPRIME|MEG_1015|APH2-DPRIME-1015_T_554_A,0,0,0,0,0,2,4,1,0,0
MEG_1015|Drugs|Aminoglycosides|Aminoglycoside_O-phosphotransferases|APH2-DPRIME|MEG_1015|APH2-DPRIME-1015_G_601_T,0,0,0,0,0,0,5,2,1,0
MEG_1020|Drugs|Aminoglycosides|Aminoglycoside_O-phosphotransferases|APH3-DPRIME|MEG_1020|APH3-DPRIME-1020_a_351_G,0,0,0,0,0,0,2,3,2,0
MEG_1020|Drugs|Aminoglycosides|Aminoglycoside_O-phosphotransferases|APH3-DPRIME|MEG_1020|APH3-DPRIME-1020_g_475_C,0,0,0,0,0,0,0,1,2,2
MEG_1020|Drugs|Aminoglycosides|Aminoglycoside_O-phosphotransferases|APH3-DPRIME|MEG_1020|APH3-DPRIME-1020_t_537_C,0,0,0,0,0,0,3,3,1,1
MEG_1020|Drugs|Aminoglycosides|Aminoglycoside_O-phosphotransferases|APH3-DPRIME|MEG_1020|APH3-DPRIME-1020_c_562_G,0,0,0,0,0,0,3,3,0,1
MEG_1020|Drugs|Aminoglycosides|Aminoglycoside_O-phosphotransferases|APH3-DPRIME|MEG_1020|APH3-DPRIME-1020_a_601_T,0,0,0,0,0,0,1,3,1,0
MEG_1020|Drugs|Aminoglycosides|Aminoglycoside_O-phosphotransferases|APH3-DPRIME|MEG_1020|APH3-DPRIME-1020_c_645_A,0,0,0,0,0,0,1,2,2,1
MEG_1020|Drugs|Aminoglycosides|Aminoglycoside_O-phosphotransferases|APH3-DPRIME|MEG_1020|APH3-DPRIME-1020_g_677_A,0,0,0,0,0,0,1,3,1,1
MEG_1020|Drugs|Aminoglycosides|Aminoglycoside_O-phosphotransferases|APH3-DPRIME|MEG_1020|APH3-DPRIME-1020_a_713_C,0,0,0,0,0,0,1,4,1,1
MEG_1026|Drugs|Aminoglycosides|Aminoglycoside_O-phosphotransferases|APH3-DPRIME|MEG_1026|APH3-DPRIME-1026_t_48_A,0,0,0,0,0,1,0,3,0,0
MEG_1027|Drugs|Aminoglycosides|Aminoglycoside_O-phosphotransferases|APH3-DPRIME|MEG_1027|APH3-DPRIME-1027_a_191_G,0,0,0,0,0,0,3,2,0,0
MEG_1060|Drugs|Aminoglycosides|Aminoglycoside_O-phosphotransferases|APH3-PRIME|MEG_1060|APH3-PRIME-1060_A_98_T,0,0,0,0,0,6,1,2,0,1
MEG_1063|Drugs|Aminoglycosides|Aminoglycoside_O-phosphotransferases|APH3-PRIME|MEG_1063|APH3-PRIME-1063_A_336_T,0,0,0,0,0,0,0,1,0,3
MEG_1063|Drugs|Aminoglycosides|Aminoglycoside_O-phosphotransferases|APH3-PRIME|MEG_1063|APH3-PRIME-1063_A_431_G,0,0,0,0,0,0,1,3,0,0
MEG_1063|Drugs|Aminoglycosides|Aminoglycoside_O-phosphotransferases|APH3-PRIME|MEG_1063|APH3-PRIME-1063_T_472_G,0,0,0,0,0,0,1,3,0,0
MEG_1063|Drugs|Aminoglycosides|Aminoglycoside_O-phosphotransferases|APH3-PRIME|MEG_1063|APH3-PRIME-1063_A_703_T,0,0,0,0,0,0,1,3,0,0
MEG_1079|Drugs|Aminoglycosides|Aminoglycoside_O-phosphotransferases|APH3-PRIME|MEG_1079|APH3-PRIME-1079_G_24_A,0,0,0,3,1,0,0,0,0,0
MEG_1085|Drugs|Aminoglycosides|Aminoglycoside_O-phosphotransferases|APH6|MEG_1085|APH6-1085_a_737_G,0,0,3,1,0,0,0,0,0,0
MEG_1115|Drugs|Multi-drug_resistance|MDR_regulator|ARLR|MEG_1115|ARLR-1115_G_44_T,3,0,0,2,0,0,0,0,0,0
MEG_1115|Drugs|Multi-drug_resistance|MDR_regulator|ARLR|MEG_1115|ARLR-1115_A_520_C,3,0,1,0,0,0,0,0,0,0
MEG_1116|Drugs|Multi-drug_resistance|MDR_regulator|ARLR|MEG_1116|ARLR-1116_A_92_C,0,0,0,0,0,0,3,0,2,0
MEG_1116|Drugs|Multi-drug_resistance|MDR_regulator|ARLR|MEG_1116|ARLR-1116_G_340_C,0,0,3,3,1,0,0,0,0,0
MEG_1116|Drugs|Multi-drug_resistance|MDR_regulator|ARLR|MEG_1116|ARLR-1116_A_370_T,0,0,0,0,0,0,2,1,1,0
MEG_1116|Drugs|Multi-drug_resistance|MDR_regulator|ARLR|MEG_1116|ARLR-1116_A_414_G,0,0,3,4,1,0,0,0,0,0
MEG_1116|Drugs|Multi-drug_resistance|MDR_regulator|ARLR|MEG_1116|ARLR-1116_T_459_A,0,0,4,4,0,0,4,1,3,0
MEG_1116|Drugs|Multi-drug_resistance|MDR_regulator|ARLR|MEG_1116|ARLR-1116_A_504_G,0,1,3,0,0,0,0,0,0,0
MEG_1116|Drugs|Multi-drug_resistance|MDR_regulator|ARLR|MEG_1116|ARLR-1116_T_558_G,0,0,0,0,0,0,1,1,3,0
MEG_1118|Drugs|Multi-drug_resistance|MDR_regulator|ARLS|MEG_1118|ARLS-1118_T_70_C,0,0,0,0,0,0,0,5,0,1
MEG_1118|Drugs|Multi-drug_resistance|MDR_regulator|ARLS|MEG_1118|ARLS-1118_A_219_G,0,0,0,0,0,2,0,1,1,1
MEG_1118|Drugs|Multi-drug_resistance|MDR_regulator|ARLS|MEG_1118|ARLS-1118_C_253_A,0,0,0,0,0,1,0,2,2,1
MEG_1118|Drugs|Multi-drug_resistance|MDR_regulator|ARLS|MEG_1118|ARLS-1118_T_261_C,0,0,0,0,0,2,0,3,2,1
MEG_1118|Drugs|Multi-drug_resistance|MDR_regulator|ARLS|MEG_1118|ARLS-1118_C_1232_A,0,0,0,0,0,2,0,2,1,1
MEG_1119|Drugs|Multi-drug_resistance|MDR_regulator|ARLS|MEG_1119|ARLS-1119_A_219_G,0,0,0,0,0,0,2,2,0,0
MEG_1119|Drugs|Multi-drug_resistance|MDR_regulator|ARLS|MEG_1119|ARLS-1119_C_253_A,0,0,0,0,0,2,2,3,0,0
MEG_1119|Drugs|Multi-drug_resistance|MDR_regulator|ARLS|MEG_1119|ARLS-1119_T_261_C,0,0,0,0,0,2,2,3,0,1
MEG_1122|Drugs|Cationic_antimicrobial_peptides|Polymyxin_B_resistance_regulator|ARNA|MEG_1122|ARNA-1122_C_474_G,1,0,2,1,0,0,0,0,0,0
MEG_1122|Drugs|Cationic_antimicrobial_peptides|Polymyxin_B_resistance_regulator|ARNA|MEG_1122|ARNA-1122_C_835_G,0,0,1,3,0,0,0,0,0,0
MEG_1122|Drugs|Cationic_antimicrobial_peptides|Polymyxin_B_resistance_regulator|ARNA|MEG_1122|ARNA-1122_T_983_G,0,0,0,0,0,0,2,1,0,5
MEG_1122|Drugs|Cationic_antimicrobial_peptides|Polymyxin_B_resistance_regulator|ARNA|MEG_1122|ARNA-1122_C_1095_T,1,1,2,0,0,0,0,0,0,0
MEG_1122|Drugs|Cationic_antimicrobial_peptides|Polymyxin_B_resistance_regulator|ARNA|MEG_1122|ARNA-1122_C_1141_G,0,0,6,0,0,0,0,0,0,0
MEG_1122|Drugs|Cationic_antimicrobial_peptides|Polymyxin_B_resistance_regulator|ARNA|MEG_1122|ARNA-1122_G_1290_T,0,0,0,0,0,0,3,1,2,1
MEG_1122|Drugs|Cationic_antimicrobial_peptides|Polymyxin_B_resistance_regulator|ARNA|MEG_1122|ARNA-1122_A_1418_T,1,0,3,1,0,0,0,0,0,0
MEG_1122|Drugs|Cationic_antimicrobial_peptides|Polymyxin_B_resistance_regulator|ARNA|MEG_1122|ARNA-1122_A_1478_C,0,0,0,0,0,0,2,4,1,0
MEG_1122|Drugs|Cationic_antimicrobial_peptides|Polymyxin_B_resistance_regulator|ARNA|MEG_1122|ARNA-1122_C_1796_A,0,0,0,0,0,0,2,3,0,3
MEG_1122|Drugs|Cationic_antimicrobial_peptides|Polymyxin_B_resistance_regulator|ARNA|MEG_1122|ARNA-1122_G_1884_C,1,1,2,2,0,0,0,0,0,0
MEG_1122|Drugs|Cationic_antimicrobial_peptides|Polymyxin_B_resistance_regulator|ARNA|MEG_1122|ARNA-1122_G_1890_C,0,0,0,0,0,0,3,0,1,2
MEG_1126|Drugs|Rifampin|Rifampin_ADP-ribosyltransferase_Arr|ARR|MEG_1126|ARR-1126_g_375_T,0,0,0,0,0,2,2,0,0,0
MEG_1130|Drugs|Rifampin|Rifampin_ADP-ribosyltransferase_Arr|ARR|MEG_1130|ARR-1130_C_136_T,0,0,0,0,0,3,0,1,0,0
MEG_1130|Drugs|Rifampin|Rifampin_ADP-ribosyltransferase_Arr|ARR|MEG_1130|ARR-1130_G_403_A,0,0,0,0,0,0,0,3,0,1
MEG_1131|Drugs|Rifampin|Rifampin_ADP-ribosyltransferase_Arr|ARR|MEG_1131|ARR-1131_A_22_C,1,1,1,0,1,0,0,0,0,0
MEG_1131|Drugs|Rifampin|Rifampin_ADP-ribosyltransferase_Arr|ARR|MEG_1131|ARR-1131_C_96_A,0,1,2,0,1,0,0,0,0,0
MEG_1131|Drugs|Rifampin|Rifampin_ADP-ribosyltransferase_Arr|ARR|MEG_1131|ARR-1131_C_322_G,0,0,0,0,0,0,1,2,1,0
MEG_1131|Drugs|Rifampin|Rifampin_ADP-ribosyltransferase_Arr|ARR|MEG_1131|ARR-1131_G_365_T,0,0,0,0,0,0,1,2,1,0
MEG_1135|Drugs|Rifampin|Rifampin_ADP-ribosyltransferase_Arr|ARR|MEG_1135|ARR-1135_A_160_T,0,0,0,0,0,3,0,0,1,0
MEG_1139|Metals|Arsenic_resistance|Arsenic_resistance_protein|ARRA|MEG_1139|ARRA-1139_C_418_A,0,0,3,5,0,0,0,0,0,0
MEG_1139|Metals|Arsenic_resistance|Arsenic_resistance_protein|ARRA|MEG_1139|ARRA-1139_T_798_A,0,0,6,7,0,0,0,0,0,0
MEG_1139|Metals|Arsenic_resistance|Arsenic_resistance_protein|ARRA|MEG_1139|ARRA-1139_G_949_A,0,0,4,7,0,0,0,0,0,0
MEG_1139|Metals|Arsenic_resistance|Arsenic_resistance_protein|ARRA|MEG_1139|ARRA-1139_G_1795_A,0,0,4,3,0,0,0,0,0,0
MEG_1139|Metals|Arsenic_resistance|Arsenic_resistance_protein|ARRA|MEG_1139|ARRA-1139_A_2007_G,0,1,3,3,0,0,0,0,0,0
MEG_1139|Metals|Arsenic_resistance|Arsenic_resistance_protein|ARRA|MEG_1139|ARRA-1139_C_2436_A,0,0,1,4,0,0,0,0,0,0
MEG_1140|Metals|Arsenic_resistance|Arsenic_resistance_protein|ARRA|MEG_1140|ARRA-1140_C_418_A,0,0,4,6,0,0,0,0,0,0
MEG_1140|Metals|Arsenic_resistance|Arsenic_resistance_protein|ARRA|MEG_1140|ARRA-1140_T_798_A,0,0,3,8,0,0,0,0,0,0
MEG_1140|Metals|Arsenic_resistance|Arsenic_resistance_protein|ARRA|MEG_1140|ARRA-1140_G_949_A,0,0,2,9,0,0,0,0,0,0
MEG_1140|Metals|Arsenic_resistance|Arsenic_resistance_protein|ARRA|MEG_1140|ARRA-1140_G_1795_A,0,1,4,10,0,0,0,0,0,0
MEG_1140|Metals|Arsenic_resistance|Arsenic_resistance_protein|ARRA|MEG_1140|ARRA-1140_G_1903_T,0,0,0,4,0,0,0,0,0,0
MEG_1140|Metals|Arsenic_resistance|Arsenic_resistance_protein|ARRA|MEG_1140|ARRA-1140_A_2007_G,0,0,6,3,0,0,0,0,0,0
MEG_1140|Metals|Arsenic_resistance|Arsenic_resistance_protein|ARRA|MEG_1140|ARRA-1140_T_2368_C,0,0,2,4,0,0,0,0,0,0
MEG_1140|Metals|Arsenic_resistance|Arsenic_resistance_protein|ARRA|MEG_1140|ARRA-1140_C_2436_A,0,0,2,2,0,0,0,0,0,0
MEG_1141|Metals|Arsenic_resistance|Arsenic_resistance_protein|ARRB|MEG_1141|ARRB-1141_G_50_A,0,0,0,0,0,0,0,2,3,0
MEG_1141|Metals|Arsenic_resistance|Arsenic_resistance_protein|ARRB|MEG_1141|ARRB-1141_T_221_A,0,0,1,0,4,0,0,0,0,0
MEG_1141|Metals|Arsenic_resistance|Arsenic_resistance_protein|ARRB|MEG_1141|ARRB-1141_A_233_C,0,0,1,0,4,0,0,0,0,0
MEG_1141|Metals|Arsenic_resistance|Arsenic_resistance_protein|ARRB|MEG_1141|ARRB-1141_C_457_A,0,0,2,0,2,0,0,0,0,0
MEG_1141|Metals|Arsenic_resistance|Arsenic_resistance_protein|ARRB|MEG_1141|ARRB-1141_G_556_A,0,0,4,0,1,0,0,0,0,0
MEG_1141|Metals|Arsenic_resistance|Arsenic_resistance_protein|ARRB|MEG_1141|ARRB-1141_A_584_C,0,0,4,0,0,0,0,0,0,0
MEG_1145|Metals|Arsenic_resistance|Arsenic_resistance_protein|ARSB|MEG_1145|ARSB-1145_G_25_A,5,0,2,2,5,0,0,0,0,0
MEG_1145|Metals|Arsenic_resistance|Arsenic_resistance_protein|ARSB|MEG_1145|ARSB-1145_T_120_G,4,0,2,3,7,0,0,0,0,0
MEG_1145|Metals|Arsenic_resistance|Arsenic_resistance_protein|ARSB|MEG_1145|ARSB-1145_C_173_G,0,0,0,0,0,5,7,2,0,1
MEG_1145|Metals|Arsenic_resistance|Arsenic_resistance_protein|ARSB|MEG_1145|ARSB-1145_G_305_A,4,0,4,4,8,0,0,0,0,0
MEG_1145|Metals|Arsenic_resistance|Arsenic_resistance_protein|ARSB|MEG_1145|ARSB-1145_C_357_G,3,0,4,4,11,0,0,0,0,0
MEG_1145|Metals|Arsenic_resistance|Arsenic_resistance_protein|ARSB|MEG_1145|ARSB-1145_C_360_T,0,0,0,0,0,1,5,3,1,2
MEG_1145|Metals|Arsenic_resistance|Arsenic_resistance_protein|ARSB|MEG_1145|ARSB-1145_A_443_G,1,0,4,3,9,0,0,0,0,0
MEG_1145|Metals|Arsenic_resistance|Arsenic_resistance_protein|ARSB|MEG_1145|ARSB-1145_G_702_A,7,0,6,3,9,0,0,0,0,0
MEG_1145|Metals|Arsenic_resistance|Arsenic_resistance_protein|ARSB|MEG_1145|ARSB-1145_G_797_C,0,0,0,0,0,7,9,2,1,2
MEG_1145|Metals|Arsenic_resistance|Arsenic_resistance_protein|ARSB|MEG_1145|ARSB-1145_C_833_G,0,0,0,0,0,7,8,1,1,0
MEG_1145|Metals|Arsenic_resistance|Arsenic_resistance_protein|ARSB|MEG_1145|ARSB-1145_G_873_C,6,0,5,6,8,0,0,0,0,0
MEG_1145|Metals|Arsenic_resistance|Arsenic_resistance_protein|ARSB|MEG_1145|ARSB-1145_T_875_A,6,0,5,5,8,0,0,0,0,0
MEG_1145|Metals|Arsenic_resistance|Arsenic_resistance_protein|ARSB|MEG_1145|ARSB-1145_A_1121_G,7,0,3,2,11,0,0,0,0,0
MEG_1145|Metals|Arsenic_resistance|Arsenic_resistance_protein|ARSB|MEG_1145|ARSB-1145_G_1161_A,5,0,3,5,9,0,0,0,0,0
MEG_1146|Metals|Arsenic_resistance|Arsenic_resistance_protein|ARSB|MEG_1146|ARSB-1146_T_96_A,0,0,0,0,0,0,1,5,1,0
MEG_1146|Metals|Arsenic_resistance|Arsenic_resistance_protein|ARSB|MEG_1146|ARSB-1146_C_139_T,0,0,0,0,0,1,0,4,1,0
MEG_1146|Metals|Arsenic_resistance|Arsenic_resistance_protein|ARSB|MEG_1146|ARSB-1146_A_184_T,3,1,0,0,0,0,0,0,0,0
MEG_1146|Metals|Arsenic_resistance|Arsenic_resistance_protein|ARSB|MEG_1146|ARSB-1146_C_274_A,0,0,0,0,0,1,0,3,0,0
MEG_1146|Metals|Arsenic_resistance|Arsenic_resistance_protein|ARSB|MEG_1146|ARSB-1146_G_316_T,0,0,0,1,3,0,0,0,0,0
MEG_1146|Metals|Arsenic_resistance|Arsenic_resistance_protein|ARSB|MEG_1146|ARSB-1146_G_339_T,0,0,0,0,0,1,0,3,0,0
MEG_1146|Metals|Arsenic_resistance|Arsenic_resistance_protein|ARSB|MEG_1146|ARSB-1146_A_626_C,4,0,0,0,0,0,0,0,0,0
MEG_1146|Metals|Arsenic_resistance|Arsenic_resistance_protein|ARSB|MEG_1146|ARSB-1146_A_878_G,5,0,0,0,0,0,0,0,0,0
MEG_1147|Metals|Arsenic_resistance|Arsenic_resistance_protein|ARSB|MEG_1147|ARSB-1147_A_184_T,5,0,1,0,0,0,0,0,0,0
MEG_1147|Metals|Arsenic_resistance|Arsenic_resistance_protein|ARSB|MEG_1147|ARSB-1147_T_239_G,5,0,0,0,0,0,0,0,0,0
MEG_1147|Metals|Arsenic_resistance|Arsenic_resistance_protein|ARSB|MEG_1147|ARSB-1147_G_382_C,5,3,1,0,0,0,0,0,0,0
MEG_1147|Metals|Arsenic_resistance|Arsenic_resistance_protein|ARSB|MEG_1147|ARSB-1147_T_399_A,5,3,1,0,0,0,0,0,0,0
MEG_1147|Metals|Arsenic_resistance|Arsenic_resistance_protein|ARSB|MEG_1147|ARSB-1147_T_427_C,8,2,1,0,0,0,0,0,0,0
MEG_1147|Metals|Arsenic_resistance|Arsenic_resistance_protein|ARSB|MEG_1147|ARSB-1147_A_614_T,0,0,0,0,0,0,0,4,0,0
MEG_1147|Metals|Arsenic_resistance|Arsenic_resistance_protein|ARSB|MEG_1147|ARSB-1147_A_626_C,4,1,2,0,0,0,0,0,0,0
MEG_1147|Metals|Arsenic_resistance|Arsenic_resistance_protein|ARSB|MEG_1147|ARSB-1147_T_794_A,6,0,2,0,0,0,0,0,0,0
MEG_1147|Metals|Arsenic_resistance|Arsenic_resistance_protein|ARSB|MEG_1147|ARSB-1147_A_878_G,5,1,3,0,0,0,0,0,0,0
MEG_1150|Metals|Multi-metal_resistance|Multi-metal_resistance_protein|ARSBM|MEG_1150|ARSBM-1150_T_329_C,0,1,4,0,0,0,0,0,0,0
MEG_1153|Metals|Multi-metal_resistance|Multi-metal_resistance_protein|ARSBM|MEG_1153|ARSBM-1153_T_192_G,0,0,0,0,0,12,1,1,0,4
MEG_1153|Metals|Multi-metal_resistance|Multi-metal_resistance_protein|ARSBM|MEG_1153|ARSBM-1153_C_366_T,3,0,0,1,1,0,0,0,0,0
MEG_1153|Metals|Multi-metal_resistance|Multi-metal_resistance_protein|ARSBM|MEG_1153|ARSBM-1153_A_613_C,4,0,0,0,0,0,0,0,0,0
MEG_1153|Metals|Multi-metal_resistance|Multi-metal_resistance_protein|ARSBM|MEG_1153|ARSBM-1153_A_817_T,0,0,0,0,0,9,1,1,1,2
MEG_1153|Metals|Multi-metal_resistance|Multi-metal_resistance_protein|ARSBM|MEG_1153|ARSBM-1153_C_975_G,0,0,0,0,0,8,3,2,0,1
MEG_1153|Metals|Multi-metal_resistance|Multi-metal_resistance_protein|ARSBM|MEG_1153|ARSBM-1153_C_1148_A,0,0,0,0,0,9,1,2,0,1
MEG_1159|Metals|Arsenic_resistance|Arsenic_resistance_protein|ARSC|MEG_1159|ARSC-1159_C_275_G,2,0,2,0,0,0,0,0,0,0
MEG_1165|Metals|Arsenic_resistance|Arsenic_resistance_protein|ARSD|MEG_1165|ARSD-1165_T_201_A,0,0,1,0,0,0,0,0,1,2
MEG_1167|Metals|Arsenic_resistance|Arsenic_resistance_protein|ARSH|MEG_1167|ARSH-1167_C_18_A,0,2,3,0,0,0,0,0,0,0
MEG_1167|Metals|Arsenic_resistance|Arsenic_resistance_protein|ARSH|MEG_1167|ARSH-1167_G_156_C,0,2,4,0,0,0,0,0,0,0
MEG_1167|Metals|Arsenic_resistance|Arsenic_resistance_protein|ARSH|MEG_1167|ARSH-1167_A_357_G,0,2,3,0,0,0,0,0,0,0
MEG_1168|Biocides|Naphthoquinone|Naphthoquinone_resistance_protein|ARSHN|MEG_1168|ARSHN-1168_C_23_A,1,0,2,0,1,0,0,0,0,0
MEG_1168|Biocides|Naphthoquinone|Naphthoquinone_resistance_protein|ARSHN|MEG_1168|ARSHN-1168_T_127_G,0,0,0,0,0,0,9,0,0,1
MEG_1168|Biocides|Naphthoquinone|Naphthoquinone_resistance_protein|ARSHN|MEG_1168|ARSHN-1168_A_204_T,0,0,0,0,0,1,4,0,0,0
MEG_1168|Biocides|Naphthoquinone|Naphthoquinone_resistance_protein|ARSHN|MEG_1168|ARSHN-1168_C_381_A,0,0,0,0,0,0,5,0,1,0
MEG_1168|Biocides|Naphthoquinone|Naphthoquinone_resistance_protein|ARSHN|MEG_1168|ARSHN-1168_A_549_G,0,1,2,1,0,0,0,0,0,0
MEG_1168|Biocides|Naphthoquinone|Naphthoquinone_resistance_protein|ARSHN|MEG_1168|ARSHN-1168_A_584_T,0,1,2,1,0,0,0,0,0,0
MEG_1169|Metals|Arsenic_resistance|Arsenic_resistance_protein|ARSM|MEG_1169|ARSM-1169_G_228_C,4,1,0,2,3,0,0,0,0,0
MEG_1169|Metals|Arsenic_resistance|Arsenic_resistance_protein|ARSM|MEG_1169|ARSM-1169_C_267_G,3,1,2,1,3,0,0,0,0,0
MEG_1169|Metals|Arsenic_resistance|Arsenic_resistance_protein|ARSM|MEG_1169|ARSM-1169_G_589_C,3,1,0,0,0,0,0,0,0,0
MEG_1169|Metals|Arsenic_resistance|Arsenic_resistance_protein|ARSM|MEG_1169|ARSM-1169_G_637_C,2,1,1,0,0,0,0,0,0,0
MEG_1170|Metals|Arsenic_resistance|Arsenic_resistance_protein|ARSP|MEG_1170|ARSP-1170_A_183_G,0,0,0,0,0,2,8,0,0,0
MEG_1170|Metals|Arsenic_resistance|Arsenic_resistance_protein|ARSP|MEG_1170|ARSP-1170_T_277_C,3,1,0,0,3,0,0,0,0,0
MEG_1170|Metals|Arsenic_resistance|Arsenic_resistance_protein|ARSP|MEG_1170|ARSP-1170_T_294_G,0,0,0,0,0,0,10,2,0,1
MEG_1170|Metals|Arsenic_resistance|Arsenic_resistance_protein|ARSP|MEG_1170|ARSP-1170_A_427_G,4,0,1,0,2,0,0,0,0,0
MEG_1170|Metals|Arsenic_resistance|Arsenic_resistance_protein|ARSP|MEG_1170|ARSP-1170_C_459_T,0,0,0,0,0,2,11,1,1,0
MEG_1170|Metals|Arsenic_resistance|Arsenic_resistance_protein|ARSP|MEG_1170|ARSP-1170_C_460_T,3,0,0,0,2,0,0,0,0,0
MEG_1170|Metals|Arsenic_resistance|Arsenic_resistance_protein|ARSP|MEG_1170|ARSP-1170_C_475_G,2,0,0,0,2,0,0,0,0,0
MEG_1170|Metals|Arsenic_resistance|Arsenic_resistance_protein|ARSP|MEG_1170|ARSP-1170_A_500_T,0,0,0,0,0,1,5,1,1,0
MEG_1170|Metals|Arsenic_resistance|Arsenic_resistance_protein|ARSP|MEG_1170|ARSP-1170_A_522_T,0,0,0,0,0,2,7,1,1,0
MEG_1170|Metals|Arsenic_resistance|Arsenic_resistance_protein|ARSP|MEG_1170|ARSP-1170_T_848_G,0,0,0,0,0,6,8,2,0,1
MEG_1170|Metals|Arsenic_resistance|Arsenic_resistance_protein|ARSP|MEG_1170|ARSP-1170_A_870_G,0,0,0,0,0,5,10,1,0,1
MEG_1170|Metals|Arsenic_resistance|Arsenic_resistance_protein|ARSP|MEG_1170|ARSP-1170_A_937_T,0,0,0,0,0,1,5,0,0,1
MEG_1179|Drugs|Multi-drug_resistance|Multi-drug_RND_efflux_regulator|ASMA|MEG_1179|ASMA-1179_C_771_G,7,2,2,10,1,0,0,0,0,0
MEG_1179|Drugs|Multi-drug_resistance|Multi-drug_RND_efflux_regulator|ASMA|MEG_1179|ASMA-1179_T_810_A,5,2,1,9,1,0,0,0,0,0
MEG_1179|Drugs|Multi-drug_resistance|Multi-drug_RND_efflux_regulator|ASMA|MEG_1179|ASMA-1179_A_1063_C,7,2,2,9,2,0,0,0,0,0
MEG_1179|Drugs|Multi-drug_resistance|Multi-drug_RND_efflux_regulator|ASMA|MEG_1179|ASMA-1179_A_1229_G,5,2,2,9,3,0,0,0,0,0
MEG_1179|Drugs|Multi-drug_resistance|Multi-drug_RND_efflux_regulator|ASMA|MEG_1179|ASMA-1179_C_1285_G,6,2,3,4,3,0,0,0,0,0
MEG_1179|Drugs|Multi-drug_resistance|Multi-drug_RND_efflux_regulator|ASMA|MEG_1179|ASMA-1179_C_1293_G,6,2,3,4,3,0,0,0,0,0
MEG_1179|Drugs|Multi-drug_resistance|Multi-drug_RND_efflux_regulator|ASMA|MEG_1179|ASMA-1179_C_1707_A,6,2,0,7,1,0,0,0,0,0
MEG_1186|Multi-compound|Drug_and_biocide_resistance|Drug_and_biocide_RND_efflux_pumps|AXY|MEG_1186|AXY-1186_A_108_C,0,0,0,0,0,0,2,4,3,0
MEG_1186|Multi-compound|Drug_and_biocide_resistance|Drug_and_biocide_RND_efflux_pumps|AXY|MEG_1186|AXY-1186_A_419_C,0,0,0,0,0,0,1,6,4,0
MEG_1186|Multi-compound|Drug_and_biocide_resistance|Drug_and_biocide_RND_efflux_pumps|AXY|MEG_1186|AXY-1186_G_706_T,0,0,0,0,0,0,1,2,2,0
MEG_1186|Multi-compound|Drug_and_biocide_resistance|Drug_and_biocide_RND_efflux_pumps|AXY|MEG_1186|AXY-1186_G_952_T,0,0,0,0,0,0,1,1,2,0
MEG_1186|Multi-compound|Drug_and_biocide_resistance|Drug_and_biocide_RND_efflux_pumps|AXY|MEG_1186|AXY-1186_A_1028_G,0,0,0,0,0,0,1,4,2,0
MEG_1189|Drugs|Bacitracin|Undecaprenyl_pyrophosphate_phosphatase|BACA|MEG_1189|BACA-1189_G_293_T,0,0,0,0,0,2,0,1,1,1
MEG_1189|Drugs|Bacitracin|Undecaprenyl_pyrophosphate_phosphatase|BACA|MEG_1189|BACA-1189_C_524_G,0,0,0,0,0,1,1,0,2,0
MEG_1189|Drugs|Bacitracin|Undecaprenyl_pyrophosphate_phosphatase|BACA|MEG_1189|BACA-1189_G_598_C,0,0,0,0,0,0,1,0,2,1
MEG_1189|Drugs|Bacitracin|Undecaprenyl_pyrophosphate_phosphatase|BACA|MEG_1189|BACA-1189_G_708_T,0,0,0,0,0,1,0,0,4,0
MEG_1189|Drugs|Bacitracin|Undecaprenyl_pyrophosphate_phosphatase|BACA|MEG_1189|BACA-1189_T_710_G,0,0,0,0,0,1,0,0,4,0
MEG_1189|Drugs|Bacitracin|Undecaprenyl_pyrophosphate_phosphatase|BACA|MEG_1189|BACA-1189_C_794_G,0,0,0,0,0,0,0,1,2,1
MEG_1190|Drugs|Bacitracin|Undecaprenyl_pyrophosphate_phosphatase|BACA|MEG_1190|BACA-1190_T_110_C,0,0,0,0,0,0,2,3,1,0
MEG_1190|Drugs|Bacitracin|Undecaprenyl_pyrophosphate_phosphatase|BACA|MEG_1190|BACA-1190_T_113_G,0,0,0,5,1,0,0,0,0,0
MEG_1190|Drugs|Bacitracin|Undecaprenyl_pyrophosphate_phosphatase|BACA|MEG_1190|BACA-1190_T_226_G,0,0,0,0,0,0,0,2,4,1
MEG_1190|Drugs|Bacitracin|Undecaprenyl_pyrophosphate_phosphatase|BACA|MEG_1190|BACA-1190_T_284_A,0,0,0,13,0,0,0,0,0,0
MEG_1190|Drugs|Bacitracin|Undecaprenyl_pyrophosphate_phosphatase|BACA|MEG_1190|BACA-1190_T_398_A,1,1,0,5,1,0,0,0,0,0
MEG_1190|Drugs|Bacitracin|Undecaprenyl_pyrophosphate_phosphatase|BACA|MEG_1190|BACA-1190_C_405_G,1,1,0,4,1,0,0,0,0,0
MEG_1190|Drugs|Bacitracin|Undecaprenyl_pyrophosphate_phosphatase|BACA|MEG_1190|BACA-1190_C_502_A,0,0,0,0,0,0,5,3,1,0
MEG_1190|Drugs|Bacitracin|Undecaprenyl_pyrophosphate_phosphatase|BACA|MEG_1190|BACA-1190_A_622_T,0,0,0,4,1,0,0,0,0,0
MEG_1190|Drugs|Bacitracin|Undecaprenyl_pyrophosphate_phosphatase|BACA|MEG_1190|BACA-1190_T_734_C,0,0,0,0,0,0,5,1,1,1
MEG_1190|Drugs|Bacitracin|Undecaprenyl_pyrophosphate_phosphatase|BACA|MEG_1190|BACA-1190_G_768_C,0,0,1,8,0,0,0,0,0,0
MEG_1191|Multi-compound|Drug_and_biocide_and_metal_resistance|Drug_and_biocide_and_metal_RND_efflux_regulator|BAER|MEG_1191|BAER-1191_C_220_G,0,0,3,1,0,0,0,0,0,0
MEG_1191|Multi-compound|Drug_and_biocide_and_metal_resistance|Drug_and_biocide_and_metal_RND_efflux_regulator|BAER|MEG_1191|BAER-1191_G_277_T,0,0,0,0,0,10,2,3,0,0
MEG_1191|Multi-compound|Drug_and_biocide_and_metal_resistance|Drug_and_biocide_and_metal_RND_efflux_regulator|BAER|MEG_1191|BAER-1191_A_280_G,0,0,4,0,0,0,0,0,0,0
MEG_1191|Multi-compound|Drug_and_biocide_and_metal_resistance|Drug_and_biocide_and_metal_RND_efflux_regulator|BAER|MEG_1191|BAER-1191_C_282_T,0,0,4,0,0,0,0,0,0,0
MEG_1191|Multi-compound|Drug_and_biocide_and_metal_resistance|Drug_and_biocide_and_metal_RND_efflux_regulator|BAER|MEG_1191|BAER-1191_T_321_G,0,0,5,0,0,0,0,0,0,0
MEG_1191|Multi-compound|Drug_and_biocide_and_metal_resistance|Drug_and_biocide_and_metal_RND_efflux_regulator|BAER|MEG_1191|BAER-1191_G_466_C,0,0,2,2,0,0,0,0,0,0
MEG_1191|Multi-compound|Drug_and_biocide_and_metal_resistance|Drug_and_biocide_and_metal_RND_efflux_regulator|BAER|MEG_1191|BAER-1191_C_513_A,0,0,0,0,0,3,0,2,0,0
MEG_1191|Multi-compound|Drug_and_biocide_and_metal_resistance|Drug_and_biocide_and_metal_RND_efflux_regulator|BAER|MEG_1191|BAER-1191_A_533_T,0,0,2,2,0,0,0,0,0,0
MEG_1191|Multi-compound|Drug_and_biocide_and_metal_resistance|Drug_and_biocide_and_metal_RND_efflux_regulator|BAER|MEG_1191|BAER-1191_T_536_G,0,0,2,2,0,0,0,0,0,0
MEG_1191|Multi-compound|Drug_and_biocide_and_metal_resistance|Drug_and_biocide_and_metal_RND_efflux_regulator|BAER|MEG_1191|BAER-1191_A_569_C,0,0,0,0,0,3,0,1,0,0
MEG_1191|Multi-compound|Drug_and_biocide_and_metal_resistance|Drug_and_biocide_and_metal_RND_efflux_regulator|BAER|MEG_1191|BAER-1191_A_633_T,0,0,0,0,0,6,0,5,0,0
MEG_1192|Multi-compound|Drug_and_biocide_and_metal_resistance|Drug_and_biocide_and_metal_RND_efflux_regulator|BAER|MEG_1192|BAER-1192_T_137_G,3,0,0,3,5,0,0,0,0,0
MEG_1192|Multi-compound|Drug_and_biocide_and_metal_resistance|Drug_and_biocide_and_metal_RND_efflux_regulator|BAER|MEG_1192|BAER-1192_C_143_G,2,0,0,3,5,0,0,0,0,0
MEG_1192|Multi-compound|Drug_and_biocide_and_metal_resistance|Drug_and_biocide_and_metal_RND_efflux_regulator|BAER|MEG_1192|BAER-1192_C_154_G,2,0,0,2,5,0,0,0,0,0
MEG_1192|Multi-compound|Drug_and_biocide_and_metal_resistance|Drug_and_biocide_and_metal_RND_efflux_regulator|BAER|MEG_1192|BAER-1192_C_201_A,1,0,0,2,1,0,0,0,0,0
MEG_1192|Multi-compound|Drug_and_biocide_and_metal_resistance|Drug_and_biocide_and_metal_RND_efflux_regulator|BAER|MEG_1192|BAER-1192_A_304_C,3,0,0,3,1,0,0,0,0,0
MEG_1192|Multi-compound|Drug_and_biocide_and_metal_resistance|Drug_and_biocide_and_metal_RND_efflux_regulator|BAER|MEG_1192|BAER-1192_G_443_A,3,0,0,3,3,0,0,0,0,0
MEG_1192|Multi-compound|Drug_and_biocide_and_metal_resistance|Drug_and_biocide_and_metal_RND_efflux_regulator|BAER|MEG_1192|BAER-1192_T_644_A,5,0,0,4,4,0,0,0,0,0
MEG_1193|Multi-compound|Drug_and_biocide_and_metal_resistance|Drug_and_biocide_and_metal_RND_efflux_regulator|BAES|MEG_1193|BAES-1193_C_157_G,0,0,0,0,0,0,0,4,1,0
MEG_1194|Multi-compound|Drug_and_biocide_and_metal_resistance|Drug_and_biocide_and_metal_RND_efflux_regulator|BAES|MEG_1194|BAES-1194_A_31_T,0,0,3,3,3,0,0,0,0,0
MEG_1194|Multi-compound|Drug_and_biocide_and_metal_resistance|Drug_and_biocide_and_metal_RND_efflux_regulator|BAES|MEG_1194|BAES-1194_G_91_T,1,0,5,6,3,0,0,0,0,0
MEG_1194|Multi-compound|Drug_and_biocide_and_metal_resistance|Drug_and_biocide_and_metal_RND_efflux_regulator|BAES|MEG_1194|BAES-1194_A_279_C,2,2,3,7,6,0,0,0,0,0
MEG_1194|Multi-compound|Drug_and_biocide_and_metal_resistance|Drug_and_biocide_and_metal_RND_efflux_regulator|BAES|MEG_1194|BAES-1194_A_430_T,7,0,7,8,5,0,0,0,0,0
MEG_1194|Multi-compound|Drug_and_biocide_and_metal_resistance|Drug_and_biocide_and_metal_RND_efflux_regulator|BAES|MEG_1194|BAES-1194_A_656_C,3,0,6,3,5,0,0,0,0,0
MEG_1194|Multi-compound|Drug_and_biocide_and_metal_resistance|Drug_and_biocide_and_metal_RND_efflux_regulator|BAES|MEG_1194|BAES-1194_A_707_G,3,1,4,2,5,0,0,0,0,0
MEG_1194|Multi-compound|Drug_and_biocide_and_metal_resistance|Drug_and_biocide_and_metal_RND_efflux_regulator|BAES|MEG_1194|BAES-1194_G_727_T,3,1,4,3,5,0,0,0,0,0
MEG_1194|Multi-compound|Drug_and_biocide_and_metal_resistance|Drug_and_biocide_and_metal_RND_efflux_regulator|BAES|MEG_1194|BAES-1194_T_966_C,1,2,7,1,2,0,0,0,0,0
MEG_1194|Multi-compound|Drug_and_biocide_and_metal_resistance|Drug_and_biocide_and_metal_RND_efflux_regulator|BAES|MEG_1194|BAES-1194_A_1013_C,1,1,5,3,7,0,0,0,0,0
MEG_1194|Multi-compound|Drug_and_biocide_and_metal_resistance|Drug_and_biocide_and_metal_RND_efflux_regulator|BAES|MEG_1194|BAES-1194_G_1031_T,2,1,3,5,5,0,0,0,0,0
MEG_1195|Multi-compound|Drug_and_biocide_and_metal_resistance|Drug_and_biocide_and_metal_RND_efflux_regulator|BAES|MEG_1195|BAES-1195_C_157_G,0,0,0,0,0,1,0,4,1,0
MEG_1195|Multi-compound|Drug_and_biocide_and_metal_resistance|Drug_and_biocide_and_metal_RND_efflux_regulator|BAES|MEG_1195|BAES-1195_C_484_A,0,0,0,0,0,0,1,2,1,0
MEG_1196|Drugs|Bacitracin|Undecaprenyl_pyrophosphate_phosphatase|BAHA|MEG_1196|BAHA-1196_C_623_A,0,2,1,0,1,0,0,0,0,0
MEG_1196|Drugs|Bacitracin|Undecaprenyl_pyrophosphate_phosphatase|BAHA|MEG_1196|BAHA-1196_T_863_A,0,2,2,0,4,0,0,0,0,0
MEG_1196|Drugs|Bacitracin|Undecaprenyl_pyrophosphate_phosphatase|BAHA|MEG_1196|BAHA-1196_T_1197_G,0,0,0,0,0,7,1,0,1,0
MEG_1196|Drugs|Bacitracin|Undecaprenyl_pyrophosphate_phosphatase|BAHA|MEG_1196|BAHA-1196_G_1671_T,0,3,3,0,2,0,0,0,0,0
MEG_1196|Drugs|Bacitracin|Undecaprenyl_pyrophosphate_phosphatase|BAHA|MEG_1196|BAHA-1196_C_1724_T,0,2,3,0,1,0,0,0,0,0
MEG_1196|Drugs|Bacitracin|Undecaprenyl_pyrophosphate_phosphatase|BAHA|MEG_1196|BAHA-1196_C_2024_T,0,2,3,0,2,0,0,0,0,0
MEG_1198|Drugs|Cationic_antimicrobial_peptides|Polymyxin_B_resistance_regulator|BASRS|MEG_1198|BASRS-1198_C_341_A,0,0,0,0,0,5,13,0,0,1
MEG_1198|Drugs|Cationic_antimicrobial_peptides|Polymyxin_B_resistance_regulator|BASRS|MEG_1198|BASRS-1198_G_522_T,0,0,0,0,0,2,10,0,0,2
MEG_1198|Drugs|Cationic_antimicrobial_peptides|Polymyxin_B_resistance_regulator|BASRS|MEG_1198|BASRS-1198_T_527_C,0,0,8,0,0,0,0,0,0,0
MEG_1198|Drugs|Cationic_antimicrobial_peptides|Polymyxin_B_resistance_regulator|BASRS|MEG_1198|BASRS-1198_T_1140_G,0,0,1,1,2,0,0,0,0,0
MEG_1198|Drugs|Cationic_antimicrobial_peptides|Polymyxin_B_resistance_regulator|BASRS|MEG_1198|BASRS-1198_C_1330_T,0,0,0,0,0,2,4,0,0,2
MEG_1210|Multi-compound|Drug_and_biocide_resistance|Drug_and_biocide_MFS_efflux_pumps|BCR|MEG_1210|BCR-1210_A_838_G,0,0,0,0,0,0,1,0,1,2
MEG_1213|Drugs|Bacitracin|Bacitracin_ABC_transporter|BCRA|MEG_1213|BCRA-1213_G_58_C,0,0,0,0,0,0,5,2,0,0
MEG_1213|Drugs|Bacitracin|Bacitracin_ABC_transporter|BCRA|MEG_1213|BCRA-1213_A_164_C,0,0,8,0,3,0,0,0,0,0
MEG_1213|Drugs|Bacitracin|Bacitracin_ABC_transporter|BCRA|MEG_1213|BCRA-1213_A_183_C,0,0,0,0,0,0,7,2,0,0
MEG_1213|Drugs|Bacitracin|Bacitracin_ABC_transporter|BCRA|MEG_1213|BCRA-1213_T_206_G,0,0,0,0,0,0,6,2,0,0
MEG_1213|Drugs|Bacitracin|Bacitracin_ABC_transporter|BCRA|MEG_1213|BCRA-1213_A_446_G,0,0,3,1,5,0,0,0,0,0
MEG_1213|Drugs|Bacitracin|Bacitracin_ABC_transporter|BCRA|MEG_1213|BCRA-1213_T_497_G,0,0,0,0,0,0,12,0,1,0
MEG_1213|Drugs|Bacitracin|Bacitracin_ABC_transporter|BCRA|MEG_1213|BCRA-1213_A_564_G,0,0,0,0,0,0,10,0,2,0
MEG_1213|Drugs|Bacitracin|Bacitracin_ABC_transporter|BCRA|MEG_1213|BCRA-1213_T_618_A,0,0,0,0,0,0,12,2,1,0
MEG_1213|Drugs|Bacitracin|Bacitracin_ABC_transporter|BCRA|MEG_1213|BCRA-1213_G_836_C,0,0,0,0,0,0,9,1,1,0
MEG_1213|Drugs|Bacitracin|Bacitracin_ABC_transporter|BCRA|MEG_1213|BCRA-1213_C_874_A,0,0,8,1,4,0,0,0,0,0
MEG_1214|Drugs|Bacitracin|Bacitracin_ABC_transporter|BCRB|MEG_1214|BCRB-1214_C_42_T,1,0,0,2,1,0,0,0,0,0
MEG_1214|Drugs|Bacitracin|Bacitracin_ABC_transporter|BCRB|MEG_1214|BCRB-1214_T_365_G,1,0,0,2,1,0,0,0,0,0
MEG_1214|Drugs|Bacitracin|Bacitracin_ABC_transporter|BCRB|MEG_1214|BCRB-1214_T_417_A,1,0,0,4,2,0,0,0,0,0
MEG_1214|Drugs|Bacitracin|Bacitracin_ABC_transporter|BCRB|MEG_1214|BCRB-1214_T_428_G,2,0,0,4,1,0,0,0,0,0
MEG_1214|Drugs|Bacitracin|Bacitracin_ABC_transporter|BCRB|MEG_1214|BCRB-1214_T_550_C,2,0,0,2,2,0,0,0,0,0
MEG_1214|Drugs|Bacitracin|Bacitracin_ABC_transporter|BCRB|MEG_1214|BCRB-1214_G_589_C,0,0,0,0,0,0,4,0,0,0
MEG_1215|Drugs|Bacitracin|Bacitracin_ABC_transporter|BCRC|MEG_1215|BCRC-1215_T_100_A,0,0,0,0,0,0,2,2,0,0
MEG_1215|Drugs|Bacitracin|Bacitracin_ABC_transporter|BCRC|MEG_1215|BCRC-1215_C_273_A,0,0,0,8,0,0,0,0,0,0
MEG_1215|Drugs|Bacitracin|Bacitracin_ABC_transporter|BCRC|MEG_1215|BCRC-1215_C_364_A,0,0,0,0,0,0,2,2,0,0
MEG_1215|Drugs|Bacitracin|Bacitracin_ABC_transporter|BCRC|MEG_1215|BCRC-1215_T_385_A,0,0,0,0,0,0,2,2,0,0
MEG_1215|Drugs|Bacitracin|Bacitracin_ABC_transporter|BCRC|MEG_1215|BCRC-1215_C_469_T,0,0,0,0,0,0,3,1,0,0
MEG_1224|Multi-compound|Drug_and_biocide_resistance|Drug_and_biocide_RND_efflux_pumps|BEPD|MEG_1224|BEPD-1224_G_417_C,4,0,0,8,2,0,0,0,0,0
MEG_1224|Multi-compound|Drug_and_biocide_resistance|Drug_and_biocide_RND_efflux_pumps|BEPD|MEG_1224|BEPD-1224_G_541_T,1,0,2,7,3,0,0,0,0,0
MEG_1224|Multi-compound|Drug_and_biocide_resistance|Drug_and_biocide_RND_efflux_pumps|BEPD|MEG_1224|BEPD-1224_G_843_C,5,0,0,11,6,0,0,0,0,0
MEG_1224|Multi-compound|Drug_and_biocide_resistance|Drug_and_biocide_RND_efflux_pumps|BEPD|MEG_1224|BEPD-1224_A_1147_C,2,0,1,3,4,0,0,0,0,0
MEG_1230|Metals|Iron_resistance|Iron_resistance_protein|BFRA|MEG_1230|BFRA-1230_A_68_C,0,0,0,0,0,6,1,0,0,0
MEG_1230|Metals|Iron_resistance|Iron_resistance_protein|BFRA|MEG_1230|BFRA-1230_T_155_G,0,0,0,0,0,3,5,0,0,0
MEG_1230|Metals|Iron_resistance|Iron_resistance_protein|BFRA|MEG_1230|BFRA-1230_T_248_C,2,0,1,0,1,0,0,0,0,0
MEG_1230|Metals|Iron_resistance|Iron_resistance_protein|BFRA|MEG_1230|BFRA-1230_T_260_C,0,0,0,0,0,2,5,0,0,0
MEG_1461|Drugs|Glycopeptides|Bleomycin_resistance_protein|BLM|MEG_1461|BLM-1461_t_284_G,5,0,1,0,1,0,0,0,0,0
MEG_1461|Drugs|Glycopeptides|Bleomycin_resistance_protein|BLM|MEG_1461|BLM-1461_t_440_G,3,3,0,0,2,0,0,0,0,0
MEG_1461|Drugs|Glycopeptides|Bleomycin_resistance_protein|BLM|MEG_1461|BLM-1461_c_460_G,2,3,0,0,1,0,0,0,0,0
MEG_1461|Drugs|Glycopeptides|Bleomycin_resistance_protein|BLM|MEG_1461|BLM-1461_g_763_C,5,0,0,0,1,0,0,0,0,0
MEG_1461|Drugs|Glycopeptides|Bleomycin_resistance_protein|BLM|MEG_1461|BLM-1461_g_867_A,3,0,0,0,1,0,0,0,0,0
MEG_1462|Drugs|Glycopeptides|Bleomycin_resistance_protein|BLM|MEG_1462|BLM-1462_a_56_G,2,1,2,0,0,0,0,0,0,0
MEG_1462|Drugs|Glycopeptides|Bleomycin_resistance_protein|BLM|MEG_1462|BLM-1462_c_60_A,2,1,2,0,0,0,0,0,0,0
MEG_1463|Multi-compound|Drug_and_biocide_resistance|Drug_and_biocide_MFS_efflux_pumps|BLT|MEG_1463|BLT-1463_A_250_G,0,0,0,0,0,0,2,5,0,0
MEG_1463|Multi-compound|Drug_and_biocide_resistance|Drug_and_biocide_MFS_efflux_pumps|BLT|MEG_1463|BLT-1463_G_332_T,0,0,0,0,0,0,1,5,0,0
MEG_1464|Multi-compound|Drug_and_biocide_resistance|Drug_and_biocide_MFS_efflux_pumps|BLT|MEG_1464|BLT-1464_T_102_C,0,0,0,0,0,0,2,7,0,0
MEG_1464|Multi-compound|Drug_and_biocide_resistance|Drug_and_biocide_MFS_efflux_pumps|BLT|MEG_1464|BLT-1464_C_104_G,0,0,0,0,0,0,2,7,0,0
MEG_1464|Multi-compound|Drug_and_biocide_resistance|Drug_and_biocide_MFS_efflux_pumps|BLT|MEG_1464|BLT-1464_A_356_G,0,0,0,0,0,0,1,5,0,0
MEG_1464|Multi-compound|Drug_and_biocide_resistance|Drug_and_biocide_MFS_efflux_pumps|BLT|MEG_1464|BLT-1464_G_438_T,0,0,0,0,0,0,1,4,0,0
MEG_1464|Multi-compound|Drug_and_biocide_resistance|Drug_and_biocide_MFS_efflux_pumps|BLT|MEG_1464|BLT-1464_T_589_G,0,0,0,0,0,0,1,4,0,0
MEG_1464|Multi-compound|Drug_and_biocide_resistance|Drug_and_biocide_MFS_efflux_pumps|BLT|MEG_1464|BLT-1464_A_629_G,0,0,0,0,0,0,2,3,0,0
MEG_1464|Multi-compound|Drug_and_biocide_resistance|Drug_and_biocide_MFS_efflux_pumps|BLT|MEG_1464|BLT-1464_C_1077_T,0,0,0,0,0,0,1,4,0,0
MEG_1464|Multi-compound|Drug_and_biocide_resistance|Drug_and_biocide_MFS_efflux_pumps|BLT|MEG_1464|BLT-1464_C_1217_A,0,0,0,0,0,0,0,4,0,0
MEG_1464|Multi-compound|Drug_and_biocide_resistance|Drug_and_biocide_MFS_efflux_pumps|BLT|MEG_1464|BLT-1464_C_1222_T,0,0,0,0,0,0,0,4,0,0
MEG_1465|Biocides|Polyamine_resistance|Spermine/spermidine_acetyltransferase|BLTD|MEG_1465|BLTD-1465_A_371_C,0,0,0,0,0,0,5,1,0,0
MEG_1467|Biocides|Multi-biocide_resistance|Multi-biocide_resistance_regulator|BLTR|MEG_1467|BLTR-1467_G_256_T,3,1,0,0,1,0,0,0,0,0
MEG_1467|Biocides|Multi-biocide_resistance|Multi-biocide_resistance_regulator|BLTR|MEG_1467|BLTR-1467_G_586_C,1,1,0,0,2,0,0,0,0,0
MEG_1468|Biocides|Multi-biocide_resistance|Multi-biocide_resistance_regulator|BLTR|MEG_1468|BLTR-1468_G_129_T,2,3,0,0,1,0,0,0,0,0
MEG_1468|Biocides|Multi-biocide_resistance|Multi-biocide_resistance_regulator|BLTR|MEG_1468|BLTR-1468_T_138_A,2,3,0,0,1,0,0,0,0,0
MEG_1469|Multi-compound|Drug_and_biocide_resistance|Drug_and_biocide_MFS_efflux_regulator|BMR|MEG_1469|BMR-1469_C_439_T,2,0,0,3,1,0,0,0,0,0
MEG_1471|Multi-compound|Drug_and_biocide_resistance|Drug_and_biocide_MFS_efflux_regulator|BMR|MEG_1471|BMR-1471_C_297_A,4,0,0,1,1,0,0,0,0,0
MEG_1471|Multi-compound|Drug_and_biocide_resistance|Drug_and_biocide_MFS_efflux_regulator|BMR|MEG_1471|BMR-1471_C_300_A,3,0,0,1,1,0,0,0,0,0
MEG_1471|Multi-compound|Drug_and_biocide_resistance|Drug_and_biocide_MFS_efflux_regulator|BMR|MEG_1471|BMR-1471_C_439_T,1,1,0,1,2,0,0,0,0,0
MEG_1471|Multi-compound|Drug_and_biocide_resistance|Drug_and_biocide_MFS_efflux_regulator|BMR|MEG_1471|BMR-1471_T_1078_A,3,0,0,0,3,0,0,0,0,0
MEG_1471|Multi-compound|Drug_and_biocide_resistance|Drug_and_biocide_MFS_efflux_regulator|BMR|MEG_1471|BMR-1471_T_1124_G,4,0,0,1,3,0,0,0,0,0
MEG_1483|Metals|Multi-metal_resistance|Multi-metal_resistance_protein|CADA|MEG_1483|CADA-1483_A_509_G,0,0,0,0,0,0,2,9,0,1
MEG_1483|Metals|Multi-metal_resistance|Multi-metal_resistance_protein|CADA|MEG_1483|CADA-1483_C_603_A,2,1,3,0,0,0,0,0,0,0
MEG_1483|Metals|Multi-metal_resistance|Multi-metal_resistance_protein|CADA|MEG_1483|CADA-1483_T_684_C,0,0,0,0,0,0,3,11,3,3
MEG_1483|Metals|Multi-metal_resistance|Multi-metal_resistance_protein|CADA|MEG_1483|CADA-1483_A_685_T,0,0,0,0,0,0,3,11,3,3
MEG_1483|Metals|Multi-metal_resistance|Multi-metal_resistance_protein|CADA|MEG_1483|CADA-1483_G_1435_C,0,0,0,0,0,0,2,14,0,1
MEG_1483|Metals|Multi-metal_resistance|Multi-metal_resistance_protein|CADA|MEG_1483|CADA-1483_A_1487_C,0,0,0,0,0,0,2,8,0,0
MEG_1483|Metals|Multi-metal_resistance|Multi-metal_resistance_protein|CADA|MEG_1483|CADA-1483_A_1540_C,5,0,2,0,0,0,0,0,0,0
MEG_1483|Metals|Multi-metal_resistance|Multi-metal_resistance_protein|CADA|MEG_1483|CADA-1483_A_1658_T,0,0,0,0,0,0,2,8,0,3
MEG_1483|Metals|Multi-metal_resistance|Multi-metal_resistance_protein|CADA|MEG_1483|CADA-1483_A_1682_T,0,0,0,0,0,0,1,8,0,3
MEG_1484|Metals|Multi-metal_resistance|Multi-metal_resistance_protein|CADA|MEG_1484|CADA-1484_G_177_A,0,0,0,0,0,0,5,0,0,3
MEG_1484|Metals|Multi-metal_resistance|Multi-metal_resistance_protein|CADA|MEG_1484|CADA-1484_G_185_T,0,0,0,0,0,0,5,0,0,2
MEG_1484|Metals|Multi-metal_resistance|Multi-metal_resistance_protein|CADA|MEG_1484|CADA-1484_A_430_T,0,0,0,0,0,0,7,0,1,2
MEG_1484|Metals|Multi-metal_resistance|Multi-metal_resistance_protein|CADA|MEG_1484|CADA-1484_G_663_C,0,0,0,0,0,0,4,0,1,1
MEG_1484|Metals|Multi-metal_resistance|Multi-metal_resistance_protein|CADA|MEG_1484|CADA-1484_A_820_C,0,0,0,0,0,1,1,0,1,3
MEG_1484|Metals|Multi-metal_resistance|Multi-metal_resistance_protein|CADA|MEG_1484|CADA-1484_G_1240_T,0,0,0,0,0,0,2,0,1,4
MEG_1484|Metals|Multi-metal_resistance|Multi-metal_resistance_protein|CADA|MEG_1484|CADA-1484_C_2027_G,0,0,0,0,0,2,0,0,0,3
MEG_1487|Metals|Cadmium_resistance|Cadmium_resistance_regulator|CADR|MEG_1487|CADR-1487_C_99_G,1,1,0,1,1,0,0,0,0,0
MEG_1487|Metals|Cadmium_resistance|Cadmium_resistance_regulator|CADR|MEG_1487|CADR-1487_C_117_G,1,1,0,1,1,0,0,0,0,0
MEG_1487|Metals|Cadmium_resistance|Cadmium_resistance_regulator|CADR|MEG_1487|CADR-1487_C_218_A,0,0,0,0,0,0,2,2,1,0
MEG_1487|Metals|Cadmium_resistance|Cadmium_resistance_regulator|CADR|MEG_1487|CADR-1487_T_364_C,0,0,0,0,0,0,7,0,0,2
MEG_1490|Drugs|Cationic_antimicrobial_peptides|Cationic_peptide-resistant_16S_ribosomal_subunit_protein|CAP16S|MEG_1490|CAP16S-1490_G_76_A,0,1,2,1,0,3,2,4,2,0
MEG_1490|Drugs|Cationic_antimicrobial_peptides|Cationic_peptide-resistant_16S_ribosomal_subunit_protein|CAP16S|MEG_1490|CAP16S-1490_A_80_C,1,1,3,3,0,5,5,4,2,0
MEG_1490|Drugs|Cationic_antimicrobial_peptides|Cationic_peptide-resistant_16S_ribosomal_subunit_protein|CAP16S|MEG_1490|CAP16S-1490_T_89_G,2,2,2,3,2,4,7,3,2,0
MEG_1490|Drugs|Cationic_antimicrobial_peptides|Cationic_peptide-resistant_16S_ribosomal_subunit_protein|CAP16S|MEG_1490|CAP16S-1490_C_183_T,1,0,0,3,0,2,3,4,2,1
MEG_1490|Drugs|Cationic_antimicrobial_peptides|Cationic_peptide-resistant_16S_ribosomal_subunit_protein|CAP16S|MEG_1490|CAP16S-1490_G_198_A,4,0,2,0,1,4,2,1,0,1
MEG_1490|Drugs|Cationic_antimicrobial_peptides|Cationic_peptide-resistant_16S_ribosomal_subunit_protein|CAP16S|MEG_1490|CAP16S-1490_A_205_G,1,0,0,1,1,0,1,1,0,0
MEG_1490|Drugs|Cationic_antimicrobial_peptides|Cationic_peptide-resistant_16S_ribosomal_subunit_protein|CAP16S|MEG_1490|CAP16S-1490_C_206_A,1,0,0,1,1,0,1,1,0,0
MEG_1490|Drugs|Cationic_antimicrobial_peptides|Cationic_peptide-resistant_16S_ribosomal_subunit_protein|CAP16S|MEG_1490|CAP16S-1490_T_208_C,1,2,1,1,1,0,3,2,2,2
MEG_1490|Drugs|Cationic_antimicrobial_peptides|Cationic_peptide-resistant_16S_ribosomal_subunit_protein|CAP16S|MEG_1490|CAP16S-1490_A_250_T,4,1,4,2,2,6,16,10,2,4
MEG_1490|Drugs|Cationic_antimicrobial_peptides|Cationic_peptide-resistant_16S_ribosomal_subunit_protein|CAP16S|MEG_1490|CAP16S-1490_A_253_T,3,3,5,4,2,6,15,7,2,4
MEG_1490|Drugs|Cationic_antimicrobial_peptides|Cationic_peptide-resistant_16S_ribosomal_subunit_protein|CAP16S|MEG_1490|CAP16S-1490_T_273_A,4,4,7,5,2,5,13,4,1,6
MEG_1490|Drugs|Cationic_antimicrobial_peptides|Cationic_peptide-resistant_16S_ribosomal_subunit_protein|CAP16S|MEG_1490|CAP16S-1490_G_474_A,1,0,3,0,1,0,2,1,1,1
MEG_1490|Drugs|Cationic_antimicrobial_peptides|Cationic_peptide-resistant_16S_ribosomal_subunit_protein|CAP16S|MEG_1490|CAP16S-1490_G_615_A,0,0,0,0,1,1,0,1,0,1
MEG_1490|Drugs|Cationic_antimicrobial_peptides|Cationic_peptide-resistant_16S_ribosomal_subunit_protein|CAP16S|MEG_1490|CAP16S-1490_C_624_A,2,1,5,1,3,4,10,2,1,1
MEG_1490|Drugs|Cationic_antimicrobial_peptides|Cationic_peptide-resistant_16S_ribosomal_subunit_protein|CAP16S|MEG_1490|CAP16S-1490_T_625_C,3,1,5,3,3,12,9,6,1,2
MEG_1490|Drugs|Cationic_antimicrobial_peptides|Cationic_peptide-resistant_16S_ribosomal_subunit_protein|CAP16S|MEG_1490|CAP16S-1490_A_681_G,3,2,0,2,1,2,6,5,1,2
MEG_1490|Drugs|Cationic_antimicrobial_peptides|Cationic_peptide-resistant_16S_ribosomal_subunit_protein|CAP16S|MEG_1490|CAP16S-1490_G_682_T,1,1,0,2,2,2,4,4,0,2
MEG_1490|Drugs|Cationic_antimicrobial_peptides|Cationic_peptide-resistant_16S_ribosomal_subunit_protein|CAP16S|MEG_1490|CAP16S-1490_T_740_C,0,0,0,2,0,1,1,0,0,0
MEG_1490|Drugs|Cationic_antimicrobial_peptides|Cationic_peptide-resistant_16S_ribosomal_subunit_protein|CAP16S|MEG_1490|CAP16S-1490_C_797_A,3,0,0,0,0,1,10,3,4,1
MEG_1490|Drugs|Cationic_antimicrobial_peptides|Cationic_peptide-resistant_16S_ribosomal_subunit_protein|CAP16S|MEG_1490|CAP16S-1490_T_798_C,7,1,1,2,2,2,12,8,3,3
MEG_1490|Drugs|Cationic_antimicrobial_peptides|Cationic_peptide-resistant_16S_ribosomal_subunit_protein|CAP16S|MEG_1490|CAP16S-1490_G_799_C,0,0,0,0,0,0,4,9,2,1
MEG_1490|Drugs|Cationic_antimicrobial_peptides|Cationic_peptide-resistant_16S_ribosomal_subunit_protein|CAP16S|MEG_1490|CAP16S-1490_T_884_C,6,0,0,15,1,11,5,3,1,2
MEG_1490|Drugs|Cationic_antimicrobial_peptides|Cationic_peptide-resistant_16S_ribosomal_subunit_protein|CAP16S|MEG_1490|CAP16S-1490_G_885_C,6,2,0,0,2,3,14,8,8,1
MEG_1490|Drugs|Cationic_antimicrobial_peptides|Cationic_peptide-resistant_16S_ribosomal_subunit_protein|CAP16S|MEG_1490|CAP16S-1490_G_929_C,0,0,0,1,0,1,8,3,0,1
MEG_1490|Drugs|Cationic_antimicrobial_peptides|Cationic_peptide-resistant_16S_ribosomal_subunit_protein|CAP16S|MEG_1490|CAP16S-1490_T_986_C,0,1,1,0,0,2,8,6,2,0
MEG_1490|Drugs|Cationic_antimicrobial_peptides|Cationic_peptide-resistant_16S_ribosomal_subunit_protein|CAP16S|MEG_1490|CAP16S-1490_C_1038_T,0,0,1,0,0,1,5,1,0,1
MEG_1490|Drugs|Cationic_antimicrobial_peptides|Cationic_peptide-resistant_16S_ribosomal_subunit_protein|CAP16S|MEG_1490|CAP16S-1490_A_1219_G,6,0,3,4,0,8,4,8,0,3
MEG_1490|Drugs|Cationic_antimicrobial_peptides|Cationic_peptide-resistant_16S_ribosomal_subunit_protein|CAP16S|MEG_1490|CAP16S-1490_C_1342_T,1,1,0,1,1,0,0,2,0,1
MEG_1490|Drugs|Cationic_antimicrobial_peptides|Cationic_peptide-resistant_16S_ribosomal_subunit_protein|CAP16S|MEG_1490|CAP16S-1490_A_1362_C,1,1,0,1,1,0,0,2,0,1
MEG_1548|Drugs|Phenicol|Chloramphenicol_acetyltransferases|CAT|MEG_1548|CAT-1548_G_239_T,0,0,0,0,0,0,1,3,0,0
MEG_1548|Drugs|Phenicol|Chloramphenicol_acetyltransferases|CAT|MEG_1548|CAT-1548_A_255_G,0,0,0,0,0,0,1,3,0,0
MEG_1548|Drugs|Phenicol|Chloramphenicol_acetyltransferases|CAT|MEG_1548|CAT-1548_T_522_A,0,0,0,0,0,0,1,3,0,0
MEG_1548|Drugs|Phenicol|Chloramphenicol_acetyltransferases|CAT|MEG_1548|CAT-1548_A_525_G,0,0,0,0,0,0,1,3,1,0
MEG_1548|Drugs|Phenicol|Chloramphenicol_acetyltransferases|CAT|MEG_1548|CAT-1548_C_545_A,0,0,0,0,0,0,0,3,1,0
MEG_1552|Drugs|Phenicol|Chloramphenicol_acetyltransferases|CAT|MEG_1552|CAT-1552_A_29_C,2,2,0,1,0,0,0,0,0,0
MEG_1552|Drugs|Phenicol|Chloramphenicol_acetyltransferases|CAT|MEG_1552|CAT-1552_A_53_C,2,2,0,2,0,0,0,0,0,0
MEG_1552|Drugs|Phenicol|Chloramphenicol_acetyltransferases|CAT|MEG_1552|CAT-1552_T_313_A,1,2,0,1,0,0,0,0,0,0
MEG_1552|Drugs|Phenicol|Chloramphenicol_acetyltransferases|CAT|MEG_1552|CAT-1552_A_379_C,3,1,0,1,0,0,0,0,0,0
MEG_1554|Drugs|Phenicol|Chloramphenicol_acetyltransferases|CAT|MEG_1554|CAT-1554_A_344_T,1,0,1,1,2,0,0,0,0,0
MEG_1554|Drugs|Phenicol|Chloramphenicol_acetyltransferases|CAT|MEG_1554|CAT-1554_A_415_T,1,0,0,1,3,0,0,0,0,0
MEG_1554|Drugs|Phenicol|Chloramphenicol_acetyltransferases|CAT|MEG_1554|CAT-1554_T_457_C,0,1,0,0,5,0,0,0,0,0
MEG_1554|Drugs|Phenicol|Chloramphenicol_acetyltransferases|CAT|MEG_1554|CAT-1554_C_495_G,0,1,0,0,3,0,0,0,0,0
MEG_1554|Drugs|Phenicol|Chloramphenicol_acetyltransferases|CAT|MEG_1554|CAT-1554_G_511_T,0,1,0,0,3,0,0,0,0,0
MEG_1555|Drugs|Phenicol|Chloramphenicol_acetyltransferases|CAT|MEG_1555|CAT-1555_C_22_T,1,0,1,2,1,0,0,0,0,0
MEG_1555|Drugs|Phenicol|Chloramphenicol_acetyltransferases|CAT|MEG_1555|CAT-1555_C_33_T,0,0,0,0,0,8,1,0,0,0
MEG_1555|Drugs|Phenicol|Chloramphenicol_acetyltransferases|CAT|MEG_1555|CAT-1555_C_61_T,1,0,2,2,1,0,0,0,0,0
MEG_1555|Drugs|Phenicol|Chloramphenicol_acetyltransferases|CAT|MEG_1555|CAT-1555_C_249_T,0,0,3,1,0,0,0,0,0,0
MEG_1555|Drugs|Phenicol|Chloramphenicol_acetyltransferases|CAT|MEG_1555|CAT-1555_G_251_A,0,0,3,1,0,0,0,0,0,0
MEG_1555|Drugs|Phenicol|Chloramphenicol_acetyltransferases|CAT|MEG_1555|CAT-1555_T_263_C,0,0,0,0,0,5,1,0,1,0
MEG_1555|Drugs|Phenicol|Chloramphenicol_acetyltransferases|CAT|MEG_1555|CAT-1555_A_395_G,0,0,4,0,0,0,0,0,0,0
MEG_1555|Drugs|Phenicol|Chloramphenicol_acetyltransferases|CAT|MEG_1555|CAT-1555_G_417_A,0,0,3,1,0,0,0,0,0,0
MEG_1555|Drugs|Phenicol|Chloramphenicol_acetyltransferases|CAT|MEG_1555|CAT-1555_G_420_C,0,0,0,0,0,5,1,0,0,1
MEG_1555|Drugs|Phenicol|Chloramphenicol_acetyltransferases|CAT|MEG_1555|CAT-1555_A_565_T,0,0,0,0,0,2,5,1,0,1
MEG_1555|Drugs|Phenicol|Chloramphenicol_acetyltransferases|CAT|MEG_1555|CAT-1555_A_580_C,0,0,4,0,0,0,0,0,0,0
MEG_1556|Drugs|Phenicol|Chloramphenicol_acetyltransferases|CAT|MEG_1556|CAT-1556_G_35_A,0,0,0,0,0,2,2,1,0,1
MEG_1556|Drugs|Phenicol|Chloramphenicol_acetyltransferases|CAT|MEG_1556|CAT-1556_T_111_C,0,0,0,0,0,3,1,1,0,1
MEG_1556|Drugs|Phenicol|Chloramphenicol_acetyltransferases|CAT|MEG_1556|CAT-1556_A_234_G,0,0,0,0,0,2,0,1,1,0
MEG_1556|Drugs|Phenicol|Chloramphenicol_acetyltransferases|CAT|MEG_1556|CAT-1556_G_482_A,0,0,0,0,0,2,0,0,1,1
MEG_1561|Drugs|Phenicol|Chloramphenicol_acetyltransferases|CATA|MEG_1561|CATA-1561_a_29_C,0,0,0,0,0,5,0,1,1,1
MEG_1561|Drugs|Phenicol|Chloramphenicol_acetyltransferases|CATA|MEG_1561|CATA-1561_a_112_C,0,0,0,0,0,3,0,1,1,1
MEG_1561|Drugs|Phenicol|Chloramphenicol_acetyltransferases|CATA|MEG_1561|CATA-1561_a_234_G,0,0,0,0,0,4,0,1,1,1
MEG_1561|Drugs|Phenicol|Chloramphenicol_acetyltransferases|CATA|MEG_1561|CATA-1561_a_648_G,0,0,0,0,0,4,0,0,0,0
MEG_1566|Drugs|Phenicol|Chloramphenicol_acetyltransferases|CATA|MEG_1566|CATA-1566_a_475_T,1,1,0,0,2,0,0,0,0,0
MEG_1568|Drugs|Phenicol|Chloramphenicol_acetyltransferases|CATA|MEG_1568|CATA-1568_c_174_A,0,0,0,0,0,0,3,1,0,2
MEG_1568|Drugs|Phenicol|Chloramphenicol_acetyltransferases|CATA|MEG_1568|CATA-1568_g_308_C,0,0,0,0,0,2,3,0,0,0
MEG_1570|Drugs|Phenicol|Chloramphenicol_acetyltransferases|CATA|MEG_1570|CATA-1570_a_363_G,5,1,0,0,0,0,0,0,0,0
MEG_1570|Drugs|Phenicol|Chloramphenicol_acetyltransferases|CATA|MEG_1570|CATA-1570_t_441_G,8,0,1,0,0,0,0,0,0,0
MEG_1571|Drugs|Phenicol|Chloramphenicol_acetyltransferases|CATA|MEG_1571|CATA-1571_t_441_G,4,0,0,0,0,0,0,0,0,0
MEG_1575|Drugs|Phenicol|Chloramphenicol_acetyltransferases|CATA|MEG_1575|CATA-1575_a_42_G,0,0,0,0,0,0,4,1,0,0
MEG_1575|Drugs|Phenicol|Chloramphenicol_acetyltransferases|CATA|MEG_1575|CATA-1575_t_359_C,2,0,1,0,5,0,0,0,0,0
MEG_1575|Drugs|Phenicol|Chloramphenicol_acetyltransferases|CATA|MEG_1575|CATA-1575_c_419_G,2,0,1,0,5,0,0,0,0,0
MEG_1575|Drugs|Phenicol|Chloramphenicol_acetyltransferases|CATA|MEG_1575|CATA-1575_g_547_C,0,0,0,0,0,0,0,3,1,0
MEG_1575|Drugs|Phenicol|Chloramphenicol_acetyltransferases|CATA|MEG_1575|CATA-1575_a_609_C,0,0,0,0,0,0,1,3,0,0
MEG_1576|Drugs|Phenicol|Chloramphenicol_acetyltransferases|CATA|MEG_1576|CATA-1576_a_26_C,0,0,0,0,0,0,3,1,0,1
MEG_1576|Drugs|Phenicol|Chloramphenicol_acetyltransferases|CATA|MEG_1576|CATA-1576_t_579_G,0,0,0,0,0,0,3,1,1,0
MEG_1579|Drugs|Phenicol|Chloramphenicol_acetyltransferases|CATA|MEG_1579|CATA-1579_T_18_A,1,0,0,0,4,0,0,0,0,0
MEG_1579|Drugs|Phenicol|Chloramphenicol_acetyltransferases|CATA|MEG_1579|CATA-1579_T_268_G,1,0,1,0,6,0,0,0,0,0
MEG_1579|Drugs|Phenicol|Chloramphenicol_acetyltransferases|CATA|MEG_1579|CATA-1579_T_359_C,1,0,0,0,3,0,0,0,0,0
MEG_1579|Drugs|Phenicol|Chloramphenicol_acetyltransferases|CATA|MEG_1579|CATA-1579_C_419_G,1,0,0,0,5,0,0,0,0,0
MEG_1581|Drugs|Phenicol|Chloramphenicol_acetyltransferases|CATA|MEG_1581|CATA-1581_G_94_C,0,0,0,0,0,1,4,1,0,1
MEG_1581|Drugs|Phenicol|Chloramphenicol_acetyltransferases|CATA|MEG_1581|CATA-1581_T_104_G,0,0,0,0,0,1,4,1,0,1
MEG_1581|Drugs|Phenicol|Chloramphenicol_acetyltransferases|CATA|MEG_1581|CATA-1581_G_302_A,0,0,0,0,0,0,4,0,1,0
MEG_1581|Drugs|Phenicol|Chloramphenicol_acetyltransferases|CATA|MEG_1581|CATA-1581_T_528_A,0,0,0,0,0,0,3,0,1,1
MEG_1581|Drugs|Phenicol|Chloramphenicol_acetyltransferases|CATA|MEG_1581|CATA-1581_T_541_A,0,0,0,0,0,0,3,1,1,1
MEG_1582|Drugs|Phenicol|Chloramphenicol_acetyltransferases|CATA|MEG_1582|CATA-1582_A_149_G,0,0,0,0,0,2,3,1,0,0
MEG_1582|Drugs|Phenicol|Chloramphenicol_acetyltransferases|CATA|MEG_1582|CATA-1582_A_236_G,0,0,0,0,0,2,3,1,0,1
MEG_1582|Drugs|Phenicol|Chloramphenicol_acetyltransferases|CATA|MEG_1582|CATA-1582_G_341_T,0,0,0,0,0,2,1,1,0,0
MEG_1582|Drugs|Phenicol|Chloramphenicol_acetyltransferases|CATA|MEG_1582|CATA-1582_G_363_C,0,0,0,0,0,3,1,1,0,0
MEG_1582|Drugs|Phenicol|Chloramphenicol_acetyltransferases|CATA|MEG_1582|CATA-1582_A_398_C,0,0,0,0,0,2,4,0,0,0
MEG_1582|Drugs|Phenicol|Chloramphenicol_acetyltransferases|CATA|MEG_1582|CATA-1582_C_445_G,0,2,5,0,0,0,0,0,0,0
MEG_1582|Drugs|Phenicol|Chloramphenicol_acetyltransferases|CATA|MEG_1582|CATA-1582_T_584_C,0,0,0,0,0,1,2,1,0,0
MEG_1583|Drugs|Phenicol|Chloramphenicol_acetyltransferases|CATA|MEG_1583|CATA-1583_C_104_A,0,0,0,0,0,0,0,2,1,1
MEG_1583|Drugs|Phenicol|Chloramphenicol_acetyltransferases|CATA|MEG_1583|CATA-1583_A_107_G,0,0,0,0,0,0,0,2,1,1
MEG_1586|Drugs|Phenicol|Chloramphenicol_acetyltransferases|CATA|MEG_1586|CATA-1586_A_363_G,17,0,1,0,0,0,0,0,0,0
MEG_1586|Drugs|Phenicol|Chloramphenicol_acetyltransferases|CATA|MEG_1586|CATA-1586_T_441_G,19,0,2,0,0,0,0,0,0,0
MEG_1587|Drugs|Phenicol|Chloramphenicol_acetyltransferases|CATA|MEG_1587|CATA-1587_C_597_A,2,0,0,1,3,0,0,0,0,0
MEG_1589|Drugs|Phenicol|Chloramphenicol_acetyltransferases|CATA|MEG_1589|CATA-1589_A_191_T,0,0,0,0,0,1,5,1,0,0
MEG_1589|Drugs|Phenicol|Chloramphenicol_acetyltransferases|CATA|MEG_1589|CATA-1589_T_247_A,0,0,0,0,0,1,4,1,0,0
MEG_1589|Drugs|Phenicol|Chloramphenicol_acetyltransferases|CATA|MEG_1589|CATA-1589_T_539_C,0,0,0,0,0,1,3,0,0,0
MEG_1593|Drugs|Phenicol|Chloramphenicol_acetyltransferases|CATA|MEG_1593|CATA-1593_A_366_G,1,0,1,2,0,0,0,0,0,0
MEG_1640|Multi-compound|Drug_and_biocide_resistance|Drug_and_biocide_MATE_efflux_pumps|CDEA|MEG_1640|CDEA-1640_T_877_A,0,0,0,0,0,0,0,2,0,3
MEG_1641|Multi-compound|Drug_and_biocide_resistance|Drug_and_biocide_MATE_efflux_pumps|CDEA|MEG_1641|CDEA-1641_A_148_T,0,0,0,0,0,0,4,1,0,1
MEG_1641|Multi-compound|Drug_and_biocide_resistance|Drug_and_biocide_MATE_efflux_pumps|CDEA|MEG_1641|CDEA-1641_G_256_C,0,0,0,0,0,0,3,4,1,3
MEG_1641|Multi-compound|Drug_and_biocide_resistance|Drug_and_biocide_MATE_efflux_pumps|CDEA|MEG_1641|CDEA-1641_T_765_A,0,0,0,0,0,0,1,2,0,5
MEG_1641|Multi-compound|Drug_and_biocide_resistance|Drug_and_biocide_MATE_efflux_pumps|CDEA|MEG_1641|CDEA-1641_T_877_A,0,0,0,0,0,0,0,2,0,2
MEG_1652|Biocides|Biguanide_resistance|Biguanide_cation_efflux|CEPAB|MEG_1652|CEPAB-1652_T_13_C,0,0,0,0,0,1,4,1,0,1
MEG_1652|Biocides|Biguanide_resistance|Biguanide_cation_efflux|CEPAB|MEG_1652|CEPAB-1652_T_73_C,0,0,0,0,0,2,8,3,1,2
MEG_1652|Biocides|Biguanide_resistance|Biguanide_cation_efflux|CEPAB|MEG_1652|CEPAB-1652_C_125_A,0,0,0,0,0,0,6,2,1,1
MEG_1652|Biocides|Biguanide_resistance|Biguanide_cation_efflux|CEPAB|MEG_1652|CEPAB-1652_T_136_C,0,0,0,0,0,0,6,3,2,1
MEG_1652|Biocides|Biguanide_resistance|Biguanide_cation_efflux|CEPAB|MEG_1652|CEPAB-1652_C_519_T,2,1,4,0,2,0,0,0,0,0
MEG_1652|Biocides|Biguanide_resistance|Biguanide_cation_efflux|CEPAB|MEG_1652|CEPAB-1652_G_578_T,0,0,0,0,0,1,10,3,1,0
MEG_1652|Biocides|Biguanide_resistance|Biguanide_cation_efflux|CEPAB|MEG_1652|CEPAB-1652_G_623_A,4,1,1,1,2,0,0,0,0,0
MEG_1652|Biocides|Biguanide_resistance|Biguanide_cation_efflux|CEPAB|MEG_1652|CEPAB-1652_C_677_G,2,0,1,0,3,0,0,0,0,0
MEG_1652|Biocides|Biguanide_resistance|Biguanide_cation_efflux|CEPAB|MEG_1652|CEPAB-1652_G_723_T,0,0,0,0,0,2,8,0,2,2
MEG_1652|Biocides|Biguanide_resistance|Biguanide_cation_efflux|CEPAB|MEG_1652|CEPAB-1652_C_858_T,4,0,1,0,1,0,0,0,0,0
MEG_1655|Metals|Chromium_resistance|Chromate_ABC_efflux_pump|CEUE|MEG_1655|CEUE-1655_T_163_A,0,0,0,0,0,10,5,6,0,1
MEG_1655|Metals|Chromium_resistance|Chromate_ABC_efflux_pump|CEUE|MEG_1655|CEUE-1655_T_208_C,0,0,0,0,0,9,5,4,0,0
MEG_1655|Metals|Chromium_resistance|Chromate_ABC_efflux_pump|CEUE|MEG_1655|CEUE-1655_C_214_T,0,0,0,0,0,7,5,4,0,0
MEG_1655|Metals|Chromium_resistance|Chromate_ABC_efflux_pump|CEUE|MEG_1655|CEUE-1655_A_236_T,3,0,0,2,0,0,0,0,0,0
MEG_1655|Metals|Chromium_resistance|Chromate_ABC_efflux_pump|CEUE|MEG_1655|CEUE-1655_C_487_A,3,1,0,1,0,0,0,0,0,0
MEG_1655|Metals|Chromium_resistance|Chromate_ABC_efflux_pump|CEUE|MEG_1655|CEUE-1655_G_572_T,0,0,0,0,0,8,4,2,0,0
MEG_1655|Metals|Chromium_resistance|Chromate_ABC_efflux_pump|CEUE|MEG_1655|CEUE-1655_A_644_G,5,3,0,1,0,0,0,0,0,0
MEG_1655|Metals|Chromium_resistance|Chromate_ABC_efflux_pump|CEUE|MEG_1655|CEUE-1655_T_699_G,0,0,0,0,0,6,7,3,0,1
MEG_1655|Metals|Chromium_resistance|Chromate_ABC_efflux_pump|CEUE|MEG_1655|CEUE-1655_T_812_G,0,0,0,0,0,9,5,2,0,0
MEG_1679|Drugs|MLS|23S_rRNA_methyltransferases|CFR|MEG_1679|CFR-1679_a_376_T,1,1,2,0,0,0,0,0,0,0
MEG_1682|Drugs|Multi-drug_resistance|MDR_23S_ribosomal_RNA_methyltransferase|CFRA|MEG_1682|CFRA-1682_T_99_A,3,0,0,0,2,0,0,0,0,0
MEG_1682|Drugs|Multi-drug_resistance|MDR_23S_ribosomal_RNA_methyltransferase|CFRA|MEG_1682|CFRA-1682_T_101_G,3,0,0,0,2,0,0,0,0,0
MEG_1682|Drugs|Multi-drug_resistance|MDR_23S_ribosomal_RNA_methyltransferase|CFRA|MEG_1682|CFRA-1682_A_494_C,3,0,0,1,4,0,0,0,0,0
MEG_1683|Drugs|Multi-drug_resistance|MDR_23S_ribosomal_RNA_methyltransferase|CFRB|MEG_1683|CFRB-1683_a_47_T,1,1,1,1,0,0,0,0,0,0
MEG_1683|Drugs|Multi-drug_resistance|MDR_23S_ribosomal_RNA_methyltransferase|CFRB|MEG_1683|CFRB-1683_a_188_G,0,0,0,0,0,2,2,2,0,0
MEG_1683|Drugs|Multi-drug_resistance|MDR_23S_ribosomal_RNA_methyltransferase|CFRB|MEG_1683|CFRB-1683_a_416_C,0,0,0,0,0,1,2,0,1,0
MEG_1683|Drugs|Multi-drug_resistance|MDR_23S_ribosomal_RNA_methyltransferase|CFRB|MEG_1683|CFRB-1683_t_424_G,1,1,2,1,1,0,0,0,0,0
MEG_1683|Drugs|Multi-drug_resistance|MDR_23S_ribosomal_RNA_methyltransferase|CFRB|MEG_1683|CFRB-1683_a_463_C,1,0,2,2,1,0,0,0,0,0
MEG_1683|Drugs|Multi-drug_resistance|MDR_23S_ribosomal_RNA_methyltransferase|CFRB|MEG_1683|CFRB-1683_a_482_C,0,0,1,2,1,0,0,0,0,0
MEG_1683|Drugs|Multi-drug_resistance|MDR_23S_ribosomal_RNA_methyltransferase|CFRB|MEG_1683|CFRB-1683_g_612_A,0,0,0,0,0,1,1,1,1,0
MEG_1683|Drugs|Multi-drug_resistance|MDR_23S_ribosomal_RNA_methyltransferase|CFRB|MEG_1683|CFRB-1683_t_750_G,0,0,0,0,0,0,3,2,1,1
MEG_1683|Drugs|Multi-drug_resistance|MDR_23S_ribosomal_RNA_methyltransferase|CFRB|MEG_1683|CFRB-1683_t_844_C,0,0,0,0,0,0,2,4,1,0
MEG_1684|Drugs|Multi-drug_resistance|MDR_23S_ribosomal_RNA_methyltransferase|CFRB|MEG_1684|CFRB-1684_A_62_G,0,0,0,0,0,1,2,2,1,0
MEG_1684|Drugs|Multi-drug_resistance|MDR_23S_ribosomal_RNA_methyltransferase|CFRB|MEG_1684|CFRB-1684_A_188_G,0,0,0,0,0,0,2,1,1,0
MEG_1684|Drugs|Multi-drug_resistance|MDR_23S_ribosomal_RNA_methyltransferase|CFRB|MEG_1684|CFRB-1684_A_416_C,0,0,0,0,0,0,1,1,1,1
MEG_1684|Drugs|Multi-drug_resistance|MDR_23S_ribosomal_RNA_methyltransferase|CFRB|MEG_1684|CFRB-1684_T_424_G,1,1,0,1,1,0,0,0,0,0
MEG_1684|Drugs|Multi-drug_resistance|MDR_23S_ribosomal_RNA_methyltransferase|CFRB|MEG_1684|CFRB-1684_A_463_C,1,1,1,0,1,0,0,0,0,0
MEG_1684|Drugs|Multi-drug_resistance|MDR_23S_ribosomal_RNA_methyltransferase|CFRB|MEG_1684|CFRB-1684_A_482_C,1,1,4,1,0,0,0,0,0,0
MEG_1684|Drugs|Multi-drug_resistance|MDR_23S_ribosomal_RNA_methyltransferase|CFRB|MEG_1684|CFRB-1684_T_540_A,2,1,6,2,1,0,0,0,0,0
MEG_1684|Drugs|Multi-drug_resistance|MDR_23S_ribosomal_RNA_methyltransferase|CFRB|MEG_1684|CFRB-1684_G_612_A,0,0,0,0,0,1,5,0,0,0
MEG_1684|Drugs|Multi-drug_resistance|MDR_23S_ribosomal_RNA_methyltransferase|CFRB|MEG_1684|CFRB-1684_T_750_G,0,0,0,0,0,0,2,0,2,0
MEG_1685|Drugs|Multi-drug_resistance|MDR_23S_ribosomal_RNA_methyltransferase|CFRC|MEG_1685|CFRC-1685_T_160_C,0,0,0,0,0,7,0,6,0,1
MEG_1685|Drugs|Multi-drug_resistance|MDR_23S_ribosomal_RNA_methyltransferase|CFRC|MEG_1685|CFRC-1685_G_355_T,0,0,0,0,0,4,2,8,0,0
MEG_1685|Drugs|Multi-drug_resistance|MDR_23S_ribosomal_RNA_methyltransferase|CFRC|MEG_1685|CFRC-1685_G_474_C,0,0,0,0,0,2,4,7,0,1
MEG_1685|Drugs|Multi-drug_resistance|MDR_23S_ribosomal_RNA_methyltransferase|CFRC|MEG_1685|CFRC-1685_T_576_C,0,0,0,0,0,2,3,5,0,1
MEG_1685|Drugs|Multi-drug_resistance|MDR_23S_ribosomal_RNA_methyltransferase|CFRC|MEG_1685|CFRC-1685_A_669_C,0,0,0,0,0,3,2,3,0,1
MEG_1685|Drugs|Multi-drug_resistance|MDR_23S_ribosomal_RNA_methyltransferase|CFRC|MEG_1685|CFRC-1685_T_728_C,0,0,0,0,0,4,2,1,0,3
MEG_1685|Drugs|Multi-drug_resistance|MDR_23S_ribosomal_RNA_methyltransferase|CFRC|MEG_1685|CFRC-1685_A_794_G,0,0,0,0,0,1,1,2,0,1
MEG_1701|Metals|Sodium_resistance|Sodium_resistance_protein|CHAA|MEG_1701|CHAA-1701_A_14_C,0,0,3,0,2,0,0,0,0,0
MEG_1701|Metals|Sodium_resistance|Sodium_resistance_protein|CHAA|MEG_1701|CHAA-1701_G_205_C,2,0,5,0,3,0,0,0,0,0
MEG_1701|Metals|Sodium_resistance|Sodium_resistance_protein|CHAA|MEG_1701|CHAA-1701_C_577_T,0,0,7,0,2,0,0,0,0,0
MEG_1701|Metals|Sodium_resistance|Sodium_resistance_protein|CHAA|MEG_1701|CHAA-1701_C_763_A,0,0,0,0,0,3,0,5,0,0
MEG_1701|Metals|Sodium_resistance|Sodium_resistance_protein|CHAA|MEG_1701|CHAA-1701_C_881_T,0,0,0,0,0,3,0,6,1,0
MEG_1701|Metals|Sodium_resistance|Sodium_resistance_protein|CHAA|MEG_1701|CHAA-1701_T_917_G,0,0,0,0,0,3,0,6,0,0
MEG_1701|Metals|Sodium_resistance|Sodium_resistance_protein|CHAA|MEG_1701|CHAA-1701_C_971_T,0,0,5,0,3,0,0,0,0,0
MEG_1701|Metals|Sodium_resistance|Sodium_resistance_protein|CHAA|MEG_1701|CHAA-1701_C_1025_G,0,0,0,0,0,2,0,6,0,0
MEG_1702|Multi-compound|Biocide_and_metal_resistance|Biocide_and_metal_resistance_protein|CHR|MEG_1702|CHR-1702_C_90_T,0,0,0,4,1,0,0,0,0,0
MEG_1702|Multi-compound|Biocide_and_metal_resistance|Biocide_and_metal_resistance_protein|CHR|MEG_1702|CHR-1702_T_221_A,0,0,0,2,2,0,0,0,0,0
MEG_1702|Multi-compound|Biocide_and_metal_resistance|Biocide_and_metal_resistance_protein|CHR|MEG_1702|CHR-1702_G_342_T,0,0,0,3,1,0,0,0,0,0
MEG_1704|Multi-compound|Biocide_and_metal_resistance|Biocide_and_metal_resistance_protein|CHR|MEG_1704|CHR-1704_C_430_T,4,0,0,1,0,0,0,0,0,0
MEG_1705|Metals|Chromium_resistance|Chromium_resistance_protein|CHRA|MEG_1705|CHRA-1705_T_92_A,0,0,0,0,0,0,2,4,2,1
MEG_1705|Metals|Chromium_resistance|Chromium_resistance_protein|CHRA|MEG_1705|CHRA-1705_A_380_G,5,0,0,0,0,0,0,0,0,0
MEG_1705|Metals|Chromium_resistance|Chromium_resistance_protein|CHRA|MEG_1705|CHRA-1705_C_682_G,0,0,0,0,0,0,3,3,2,2
MEG_1705|Metals|Chromium_resistance|Chromium_resistance_protein|CHRA|MEG_1705|CHRA-1705_C_974_A,0,0,0,0,0,0,4,6,3,3
MEG_1705|Metals|Chromium_resistance|Chromium_resistance_protein|CHRA|MEG_1705|CHRA-1705_T_1067_G,5,0,0,0,0,0,0,0,0,0
MEG_1706|Metals|Chromium_resistance|Chromium_resistance_protein|CHRA|MEG_1706|CHRA-1706_C_35_A,5,1,0,1,0,0,0,0,0,0
MEG_1706|Metals|Chromium_resistance|Chromium_resistance_protein|CHRA|MEG_1706|CHRA-1706_A_105_G,5,1,0,1,0,0,0,0,0,0
MEG_1706|Metals|Chromium_resistance|Chromium_resistance_protein|CHRA|MEG_1706|CHRA-1706_C_174_G,6,0,0,0,0,0,0,0,0,0
MEG_1706|Metals|Chromium_resistance|Chromium_resistance_protein|CHRA|MEG_1706|CHRA-1706_T_212_A,0,0,0,0,0,8,0,2,3,0
MEG_1706|Metals|Chromium_resistance|Chromium_resistance_protein|CHRA|MEG_1706|CHRA-1706_T_329_G,6,3,0,6,4,0,0,0,0,0
MEG_1706|Metals|Chromium_resistance|Chromium_resistance_protein|CHRA|MEG_1706|CHRA-1706_T_524_G,3,2,0,3,1,0,0,0,0,0
MEG_1706|Metals|Chromium_resistance|Chromium_resistance_protein|CHRA|MEG_1706|CHRA-1706_C_590_T,0,2,0,3,1,0,0,0,0,0
MEG_1706|Metals|Chromium_resistance|Chromium_resistance_protein|CHRA|MEG_1706|CHRA-1706_G_698_A,6,1,0,3,3,0,0,0,0,0
MEG_1706|Metals|Chromium_resistance|Chromium_resistance_protein|CHRA|MEG_1706|CHRA-1706_T_746_A,3,2,0,0,2,0,0,0,0,0
MEG_1706|Metals|Chromium_resistance|Chromium_resistance_protein|CHRA|MEG_1706|CHRA-1706_C_763_G,3,1,0,0,1,0,0,0,0,0
MEG_1706|Metals|Chromium_resistance|Chromium_resistance_protein|CHRA|MEG_1706|CHRA-1706_A_852_T,0,0,0,0,0,9,0,3,0,0
MEG_1706|Metals|Chromium_resistance|Chromium_resistance_protein|CHRA|MEG_1706|CHRA-1706_G_909_A,0,0,0,0,0,7,0,3,0,0
MEG_1706|Metals|Chromium_resistance|Chromium_resistance_protein|CHRA|MEG_1706|CHRA-1706_G_1080_A,0,0,0,0,0,15,0,1,0,0
MEG_1706|Metals|Chromium_resistance|Chromium_resistance_protein|CHRA|MEG_1706|CHRA-1706_T_1143_A,4,2,0,0,0,0,0,0,0,0
MEG_1706|Metals|Chromium_resistance|Chromium_resistance_protein|CHRA|MEG_1706|CHRA-1706_C_1345_G,0,0,0,0,0,9,0,2,0,0
MEG_1707|Metals|Chromium_resistance|Chromium_resistance_protein|CHRA|MEG_1707|CHRA-1707_C_19_A,0,0,0,0,0,0,4,1,0,0
MEG_1707|Metals|Chromium_resistance|Chromium_resistance_protein|CHRA|MEG_1707|CHRA-1707_A_28_T,0,0,0,0,0,0,4,1,0,0
MEG_1707|Metals|Chromium_resistance|Chromium_resistance_protein|CHRA|MEG_1707|CHRA-1707_G_199_T,0,0,0,0,0,0,6,2,0,0
MEG_1707|Metals|Chromium_resistance|Chromium_resistance_protein|CHRA|MEG_1707|CHRA-1707_C_213_G,3,1,0,3,0,0,0,0,0,0
MEG_1707|Metals|Chromium_resistance|Chromium_resistance_protein|CHRA|MEG_1707|CHRA-1707_T_218_A,0,0,0,0,0,0,5,2,0,0
MEG_1707|Metals|Chromium_resistance|Chromium_resistance_protein|CHRA|MEG_1707|CHRA-1707_C_306_T,3,1,0,2,0,0,0,0,0,0
MEG_1707|Metals|Chromium_resistance|Chromium_resistance_protein|CHRA|MEG_1707|CHRA-1707_C_327_A,2,1,0,2,0,0,0,0,0,0
MEG_1707|Metals|Chromium_resistance|Chromium_resistance_protein|CHRA|MEG_1707|CHRA-1707_G_357_T,0,0,0,0,0,0,4,0,0,0
MEG_1707|Metals|Chromium_resistance|Chromium_resistance_protein|CHRA|MEG_1707|CHRA-1707_G_381_C,0,0,0,0,0,0,4,0,0,0
MEG_1707|Metals|Chromium_resistance|Chromium_resistance_protein|CHRA|MEG_1707|CHRA-1707_T_416_C,3,1,0,5,0,0,0,0,0,0
MEG_1707|Metals|Chromium_resistance|Chromium_resistance_protein|CHRA|MEG_1707|CHRA-1707_C_441_G,0,0,0,0,0,0,4,0,0,1
MEG_1707|Metals|Chromium_resistance|Chromium_resistance_protein|CHRA|MEG_1707|CHRA-1707_C_512_G,0,0,0,0,0,0,6,0,0,1
MEG_1707|Metals|Chromium_resistance|Chromium_resistance_protein|CHRA|MEG_1707|CHRA-1707_G_528_A,0,0,0,0,0,0,5,0,0,1
MEG_1707|Metals|Chromium_resistance|Chromium_resistance_protein|CHRA|MEG_1707|CHRA-1707_T_542_C,2,0,0,6,0,0,0,0,0,0
MEG_1707|Metals|Chromium_resistance|Chromium_resistance_protein|CHRA|MEG_1707|CHRA-1707_C_621_A,0,0,0,0,0,0,2,2,2,2
MEG_1707|Metals|Chromium_resistance|Chromium_resistance_protein|CHRA|MEG_1707|CHRA-1707_G_642_T,0,0,0,0,0,1,4,0,1,0
MEG_1707|Metals|Chromium_resistance|Chromium_resistance_protein|CHRA|MEG_1707|CHRA-1707_T_700_C,0,0,0,0,0,1,2,1,0,0
MEG_1707|Metals|Chromium_resistance|Chromium_resistance_protein|CHRA|MEG_1707|CHRA-1707_T_803_C,0,1,0,3,0,0,0,0,0,0
MEG_1707|Metals|Chromium_resistance|Chromium_resistance_protein|CHRA|MEG_1707|CHRA-1707_C_822_G,2,2,0,4,0,0,0,0,0,0
MEG_1707|Metals|Chromium_resistance|Chromium_resistance_protein|CHRA|MEG_1707|CHRA-1707_G_839_C,0,0,0,0,0,0,4,0,0,0
MEG_1707|Metals|Chromium_resistance|Chromium_resistance_protein|CHRA|MEG_1707|CHRA-1707_A_865_G,4,3,0,4,0,0,0,0,0,0
MEG_1707|Metals|Chromium_resistance|Chromium_resistance_protein|CHRA|MEG_1707|CHRA-1707_G_880_A,3,3,0,5,0,0,0,0,0,0
MEG_1707|Metals|Chromium_resistance|Chromium_resistance_protein|CHRA|MEG_1707|CHRA-1707_A_967_C,0,0,0,0,0,0,3,1,0,2
MEG_1707|Metals|Chromium_resistance|Chromium_resistance_protein|CHRA|MEG_1707|CHRA-1707_C_1022_A,0,0,0,0,0,0,4,3,0,1
MEG_1708|Metals|Chromium_resistance|Chromium_resistance_protein|CHRA|MEG_1708|CHRA-1708_G_118_T,0,0,0,0,0,0,3,3,0,0
MEG_1708|Metals|Chromium_resistance|Chromium_resistance_protein|CHRA|MEG_1708|CHRA-1708_C_132_G,2,0,1,2,0,0,0,0,0,0
MEG_1708|Metals|Chromium_resistance|Chromium_resistance_protein|CHRA|MEG_1708|CHRA-1708_T_137_A,0,0,0,0,0,0,4,2,0,0
MEG_1708|Metals|Chromium_resistance|Chromium_resistance_protein|CHRA|MEG_1708|CHRA-1708_G_276_T,0,0,0,0,0,0,2,0,1,2
MEG_1708|Metals|Chromium_resistance|Chromium_resistance_protein|CHRA|MEG_1708|CHRA-1708_G_300_C,0,0,0,0,0,0,1,0,2,2
MEG_1708|Metals|Chromium_resistance|Chromium_resistance_protein|CHRA|MEG_1708|CHRA-1708_T_335_C,4,0,0,1,0,0,0,0,0,0
MEG_1708|Metals|Chromium_resistance|Chromium_resistance_protein|CHRA|MEG_1708|CHRA-1708_C_360_G,0,0,0,0,0,0,4,0,1,0
MEG_1708|Metals|Chromium_resistance|Chromium_resistance_protein|CHRA|MEG_1708|CHRA-1708_C_431_G,0,0,0,0,0,0,5,1,0,0
MEG_1708|Metals|Chromium_resistance|Chromium_resistance_protein|CHRA|MEG_1708|CHRA-1708_G_447_A,0,0,0,0,0,0,6,0,1,0
MEG_1708|Metals|Chromium_resistance|Chromium_resistance_protein|CHRA|MEG_1708|CHRA-1708_T_461_C,1,1,1,0,1,0,0,0,0,0
MEG_1708|Metals|Chromium_resistance|Chromium_resistance_protein|CHRA|MEG_1708|CHRA-1708_C_540_A,0,0,0,0,0,0,7,2,0,0
MEG_1708|Metals|Chromium_resistance|Chromium_resistance_protein|CHRA|MEG_1708|CHRA-1708_G_561_T,0,0,0,0,0,2,2,0,1,0
MEG_1708|Metals|Chromium_resistance|Chromium_resistance_protein|CHRA|MEG_1708|CHRA-1708_G_758_C,0,0,0,0,0,0,2,2,0,2
MEG_1708|Metals|Chromium_resistance|Chromium_resistance_protein|CHRA|MEG_1708|CHRA-1708_A_784_G,3,1,0,0,0,0,0,0,0,0
MEG_1708|Metals|Chromium_resistance|Chromium_resistance_protein|CHRA|MEG_1708|CHRA-1708_G_799_A,3,1,0,0,1,0,0,0,0,0
MEG_1708|Metals|Chromium_resistance|Chromium_resistance_protein|CHRA|MEG_1708|CHRA-1708_A_886_C,0,0,0,0,0,0,1,2,1,0
MEG_1708|Metals|Chromium_resistance|Chromium_resistance_protein|CHRA|MEG_1708|CHRA-1708_C_941_A,0,0,0,0,0,0,3,2,1,0
MEG_1708|Metals|Chromium_resistance|Chromium_resistance_protein|CHRA|MEG_1708|CHRA-1708_T_1067_A,0,0,0,0,0,0,2,1,1,0
MEG_1708|Metals|Chromium_resistance|Chromium_resistance_protein|CHRA|MEG_1708|CHRA-1708_G_1083_A,0,0,0,0,0,1,3,1,0,0
MEG_1709|Multi-compound|Biocide_and_metal_resistance|Biocide_and_metal_resistance_regulator|CHRB|MEG_1709|CHRB-1709_T_188_A,2,2,1,0,0,0,0,0,0,0
MEG_1709|Multi-compound|Biocide_and_metal_resistance|Biocide_and_metal_resistance_regulator|CHRB|MEG_1709|CHRB-1709_T_229_C,0,0,0,0,0,1,5,2,0,0
MEG_1709|Multi-compound|Biocide_and_metal_resistance|Biocide_and_metal_resistance_regulator|CHRB|MEG_1709|CHRB-1709_A_254_T,0,0,0,0,0,1,4,0,0,0
MEG_1709|Multi-compound|Biocide_and_metal_resistance|Biocide_and_metal_resistance_regulator|CHRB|MEG_1709|CHRB-1709_C_282_G,0,0,0,0,0,1,2,0,0,2
MEG_1709|Multi-compound|Biocide_and_metal_resistance|Biocide_and_metal_resistance_regulator|CHRB|MEG_1709|CHRB-1709_A_435_G,3,2,0,0,0,0,0,0,0,0
MEG_1709|Multi-compound|Biocide_and_metal_resistance|Biocide_and_metal_resistance_regulator|CHRB|MEG_1709|CHRB-1709_C_470_T,0,0,0,0,0,1,6,2,1,2
MEG_1709|Multi-compound|Biocide_and_metal_resistance|Biocide_and_metal_resistance_regulator|CHRB|MEG_1709|CHRB-1709_G_561_C,0,0,0,0,0,0,4,5,0,1
MEG_1709|Multi-compound|Biocide_and_metal_resistance|Biocide_and_metal_resistance_regulator|CHRB|MEG_1709|CHRB-1709_A_647_G,1,3,1,0,0,0,0,0,0,0
MEG_1709|Multi-compound|Biocide_and_metal_resistance|Biocide_and_metal_resistance_regulator|CHRB|MEG_1709|CHRB-1709_C_663_G,0,0,0,0,0,2,4,2,0,0
MEG_1709|Multi-compound|Biocide_and_metal_resistance|Biocide_and_metal_resistance_regulator|CHRB|MEG_1709|CHRB-1709_C_719_G,0,0,0,0,0,1,8,1,0,1
MEG_1709|Multi-compound|Biocide_and_metal_resistance|Biocide_and_metal_resistance_regulator|CHRB|MEG_1709|CHRB-1709_C_750_G,0,0,0,0,0,0,6,2,0,1
MEG_1710|Metals|Chromium_resistance|Chromium_resistance_protein|CHRB1|MEG_1710|CHRB1-1710_G_113_T,2,0,2,0,1,0,0,0,0,0
MEG_1710|Metals|Chromium_resistance|Chromium_resistance_protein|CHRB1|MEG_1710|CHRB1-1710_G_156_A,0,0,0,0,0,2,1,2,1,0
MEG_1710|Metals|Chromium_resistance|Chromium_resistance_protein|CHRB1|MEG_1710|CHRB1-1710_C_158_A,0,0,0,0,0,2,1,2,1,0
MEG_1710|Metals|Chromium_resistance|Chromium_resistance_protein|CHRB1|MEG_1710|CHRB1-1710_A_190_G,0,0,0,0,0,1,2,2,1,0
MEG_1710|Metals|Chromium_resistance|Chromium_resistance_protein|CHRB1|MEG_1710|CHRB1-1710_C_454_T,0,0,0,0,0,0,3,2,0,0
MEG_1710|Metals|Chromium_resistance|Chromium_resistance_protein|CHRB1|MEG_1710|CHRB1-1710_G_685_T,0,0,0,0,0,0,6,1,1,0
MEG_1710|Metals|Chromium_resistance|Chromium_resistance_protein|CHRB1|MEG_1710|CHRB1-1710_C_780_G,1,0,3,0,0,0,0,0,0,0
MEG_1710|Metals|Chromium_resistance|Chromium_resistance_protein|CHRB1|MEG_1710|CHRB1-1710_C_931_T,0,0,0,0,0,0,5,2,0,0
MEG_1710|Metals|Chromium_resistance|Chromium_resistance_protein|CHRB1|MEG_1710|CHRB1-1710_C_947_A,0,0,0,0,0,0,3,1,0,0
MEG_1711|Metals|Chromium_resistance|Chromium_resistance_protein|CHRB1|MEG_1711|CHRB1-1711_G_75_A,0,0,0,0,0,0,2,1,0,1
MEG_1711|Metals|Chromium_resistance|Chromium_resistance_protein|CHRB1|MEG_1711|CHRB1-1711_C_77_A,0,0,0,0,0,0,2,1,0,1
MEG_1711|Metals|Chromium_resistance|Chromium_resistance_protein|CHRB1|MEG_1711|CHRB1-1711_A_233_G,0,0,0,0,0,1,5,0,2,1
MEG_1711|Metals|Chromium_resistance|Chromium_resistance_protein|CHRB1|MEG_1711|CHRB1-1711_C_373_T,0,0,0,0,0,1,3,1,2,1
MEG_1711|Metals|Chromium_resistance|Chromium_resistance_protein|CHRB1|MEG_1711|CHRB1-1711_C_710_G,0,0,0,0,0,1,2,1,0,0
MEG_1711|Metals|Chromium_resistance|Chromium_resistance_protein|CHRB1|MEG_1711|CHRB1-1711_C_850_T,0,0,0,0,0,0,2,1,0,1
MEG_1713|Metals|Chromium_resistance|Chromium_resistance_protein|CHRC|MEG_1713|CHRC-1713_C_243_T,0,0,0,0,0,0,2,2,1,0
MEG_1713|Metals|Chromium_resistance|Chromium_resistance_protein|CHRC|MEG_1713|CHRC-1713_T_263_C,0,0,0,0,4,0,0,0,0,0
MEG_1713|Metals|Chromium_resistance|Chromium_resistance_protein|CHRC|MEG_1713|CHRC-1713_G_418_T,0,0,0,0,0,0,4,1,1,0
MEG_1713|Metals|Chromium_resistance|Chromium_resistance_protein|CHRC|MEG_1713|CHRC-1713_G_517_C,0,0,0,0,0,0,0,1,3,0
MEG_1714|Metals|Chromium_resistance|Chromium_resistance_protein|CHRE|MEG_1714|CHRE-1714_G_47_A,3,0,0,0,2,0,0,0,0,0
MEG_1714|Metals|Chromium_resistance|Chromium_resistance_protein|CHRE|MEG_1714|CHRE-1714_C_72_T,3,0,0,0,2,0,0,0,0,0
MEG_1715|Metals|Chromium_resistance|Chromium_resistance_regulator|CHRF|MEG_1715|CHRF-1715_T_339_G,0,0,0,0,0,0,0,3,0,1
MEG_1717|Metals|Chromium_resistance|Chromium_resistance_protein|CHRR|MEG_1717|CHRR-1717_G_226_A,0,0,0,0,0,0,1,4,2,0
MEG_1717|Metals|Chromium_resistance|Chromium_resistance_protein|CHRR|MEG_1717|CHRR-1717_C_253_A,0,0,0,0,0,0,0,3,2,0
MEG_1717|Metals|Chromium_resistance|Chromium_resistance_protein|CHRR|MEG_1717|CHRR-1717_A_305_G,0,0,0,0,0,0,1,4,2,1
MEG_1717|Metals|Chromium_resistance|Chromium_resistance_protein|CHRR|MEG_1717|CHRR-1717_T_338_G,0,0,0,0,0,0,1,5,0,2
MEG_1717|Metals|Chromium_resistance|Chromium_resistance_protein|CHRR|MEG_1717|CHRR-1717_G_597_C,0,0,0,0,0,0,1,2,3,0
MEG_1717|Metals|Chromium_resistance|Chromium_resistance_protein|CHRR|MEG_1717|CHRR-1717_T_704_A,0,0,0,0,0,0,0,3,2,0
MEG_1723|Drugs|Multi-drug_resistance|MDR_23S_ribosomal_RNA_methyltransferase|CIPA|MEG_1723|CIPA-1723_A_28_G,1,2,0,1,1,0,0,0,0,0
MEG_1723|Drugs|Multi-drug_resistance|MDR_23S_ribosomal_RNA_methyltransferase|CIPA|MEG_1723|CIPA-1723_T_115_A,1,5,0,1,2,0,0,0,0,0
MEG_1723|Drugs|Multi-drug_resistance|MDR_23S_ribosomal_RNA_methyltransferase|CIPA|MEG_1723|CIPA-1723_T_138_G,1,6,0,0,3,0,0,0,0,0
MEG_1723|Drugs|Multi-drug_resistance|MDR_23S_ribosomal_RNA_methyltransferase|CIPA|MEG_1723|CIPA-1723_T_487_C,0,3,0,0,1,0,0,0,0,0
MEG_1723|Drugs|Multi-drug_resistance|MDR_23S_ribosomal_RNA_methyltransferase|CIPA|MEG_1723|CIPA-1723_T_645_G,0,6,0,1,2,0,0,0,0,0
MEG_1723|Drugs|Multi-drug_resistance|MDR_23S_ribosomal_RNA_methyltransferase|CIPA|MEG_1723|CIPA-1723_C_788_A,2,2,0,4,7,0,0,0,0,0
MEG_1723|Drugs|Multi-drug_resistance|MDR_23S_ribosomal_RNA_methyltransferase|CIPA|MEG_1723|CIPA-1723_C_933_T,2,1,0,2,5,0,0,0,0,0
MEG_1726|Drugs|Multi-drug_resistance|MDR_23S_ribosomal_RNA_methyltransferase|CLBA|MEG_1726|CLBA-1726_C_39_G,0,0,0,0,0,0,2,2,1,0
MEG_1726|Drugs|Multi-drug_resistance|MDR_23S_ribosomal_RNA_methyltransferase|CLBA|MEG_1726|CLBA-1726_T_51_G,0,0,0,0,0,0,2,3,2,0
MEG_1726|Drugs|Multi-drug_resistance|MDR_23S_ribosomal_RNA_methyltransferase|CLBA|MEG_1726|CLBA-1726_C_197_A,0,0,0,0,0,2,1,3,2,0
MEG_1726|Drugs|Multi-drug_resistance|MDR_23S_ribosomal_RNA_methyltransferase|CLBA|MEG_1726|CLBA-1726_A_396_C,0,0,0,0,0,5,0,1,1,1
MEG_1726|Drugs|Multi-drug_resistance|MDR_23S_ribosomal_RNA_methyltransferase|CLBA|MEG_1726|CLBA-1726_T_643_C,0,0,0,0,0,1,0,2,0,1
MEG_1726|Drugs|Multi-drug_resistance|MDR_23S_ribosomal_RNA_methyltransferase|CLBA|MEG_1726|CLBA-1726_A_658_T,0,0,0,0,0,1,0,2,0,1
MEG_1726|Drugs|Multi-drug_resistance|MDR_23S_ribosomal_RNA_methyltransferase|CLBA|MEG_1726|CLBA-1726_T_723_A,0,0,0,0,0,1,1,4,1,1
MEG_1727|Drugs|Multi-drug_resistance|MDR_23S_ribosomal_RNA_methyltransferase|CLBB|MEG_1727|CLBB-1727_C_39_T,1,0,0,4,1,0,0,0,0,0
MEG_1727|Drugs|Multi-drug_resistance|MDR_23S_ribosomal_RNA_methyltransferase|CLBB|MEG_1727|CLBB-1727_G_656_A,2,0,1,9,3,0,0,0,0,0
MEG_1727|Drugs|Multi-drug_resistance|MDR_23S_ribosomal_RNA_methyltransferase|CLBB|MEG_1727|CLBB-1727_C_660_A,0,0,0,0,0,3,5,3,0,2
MEG_1727|Drugs|Multi-drug_resistance|MDR_23S_ribosomal_RNA_methyltransferase|CLBB|MEG_1727|CLBB-1727_A_782_T,3,0,1,2,1,0,0,0,0,0
MEG_1728|Drugs|Multi-drug_resistance|MDR_23S_ribosomal_RNA_methyltransferase|CLBC|MEG_1728|CLBC-1728_A_74_G,0,0,0,0,0,4,0,0,0,1
MEG_1728|Drugs|Multi-drug_resistance|MDR_23S_ribosomal_RNA_methyltransferase|CLBC|MEG_1728|CLBC-1728_C_423_G,0,0,0,0,0,2,0,0,0,5
MEG_1728|Drugs|Multi-drug_resistance|MDR_23S_ribosomal_RNA_methyltransferase|CLBC|MEG_1728|CLBC-1728_C_605_T,0,0,0,0,0,3,0,0,0,2
MEG_1728|Drugs|Multi-drug_resistance|MDR_23S_ribosomal_RNA_methyltransferase|CLBC|MEG_1728|CLBC-1728_G_663_A,0,0,0,0,0,4,0,0,0,2
MEG_1728|Drugs|Multi-drug_resistance|MDR_23S_ribosomal_RNA_methyltransferase|CLBC|MEG_1728|CLBC-1728_A_803_C,0,0,0,0,0,1,0,0,0,3
MEG_1729|Drugs|Multi-drug_resistance|MDR_23S_ribosomal_RNA_methyltransferase|CLBD|MEG_1729|CLBD-1729_A_10_C,1,0,2,3,0,0,0,0,0,0
MEG_1729|Drugs|Multi-drug_resistance|MDR_23S_ribosomal_RNA_methyltransferase|CLBD|MEG_1729|CLBD-1729_A_47_T,2,0,2,5,0,0,0,0,0,0
MEG_1729|Drugs|Multi-drug_resistance|MDR_23S_ribosomal_RNA_methyltransferase|CLBD|MEG_1729|CLBD-1729_A_188_G,0,0,0,0,0,0,3,1,0,0
MEG_1729|Drugs|Multi-drug_resistance|MDR_23S_ribosomal_RNA_methyltransferase|CLBD|MEG_1729|CLBD-1729_A_416_C,0,0,0,0,0,1,5,0,0,0
MEG_1729|Drugs|Multi-drug_resistance|MDR_23S_ribosomal_RNA_methyltransferase|CLBD|MEG_1729|CLBD-1729_T_424_G,2,0,1,2,1,0,0,0,0,0
MEG_1729|Drugs|Multi-drug_resistance|MDR_23S_ribosomal_RNA_methyltransferase|CLBD|MEG_1729|CLBD-1729_A_463_C,1,0,1,1,2,0,0,0,0,0
MEG_1729|Drugs|Multi-drug_resistance|MDR_23S_ribosomal_RNA_methyltransferase|CLBD|MEG_1729|CLBD-1729_A_482_C,2,1,0,2,3,0,0,0,0,0
MEG_1729|Drugs|Multi-drug_resistance|MDR_23S_ribosomal_RNA_methyltransferase|CLBD|MEG_1729|CLBD-1729_T_540_A,4,1,2,1,5,0,0,0,0,0
MEG_1729|Drugs|Multi-drug_resistance|MDR_23S_ribosomal_RNA_methyltransferase|CLBD|MEG_1729|CLBD-1729_G_612_A,0,0,0,0,0,0,1,1,1,1
MEG_1729|Drugs|Multi-drug_resistance|MDR_23S_ribosomal_RNA_methyltransferase|CLBD|MEG_1729|CLBD-1729_T_886_C,3,2,2,4,4,0,0,0,0,0
MEG_1731|Drugs|Lipopeptides|Daptomycin-resistant_mutant|CLS|MEG_1731|CLS-1731_C_12_T,0,0,2,4,3,0,0,5,0,3
MEG_1731|Drugs|Lipopeptides|Daptomycin-resistant_mutant|CLS|MEG_1731|CLS-1731_T_159_G,0,2,0,14,2,4,1,6,1,4
MEG_1731|Drugs|Lipopeptides|Daptomycin-resistant_mutant|CLS|MEG_1731|CLS-1731_T_396_C,2,0,1,13,2,0,0,7,1,8
MEG_1731|Drugs|Lipopeptides|Daptomycin-resistant_mutant|CLS|MEG_1731|CLS-1731_T_459_C,2,1,2,21,1,1,3,5,1,5
MEG_1731|Drugs|Lipopeptides|Daptomycin-resistant_mutant|CLS|MEG_1731|CLS-1731_T_582_C,2,1,1,15,3,0,3,6,0,5
MEG_1731|Drugs|Lipopeptides|Daptomycin-resistant_mutant|CLS|MEG_1731|CLS-1731_G_597_A,1,1,0,12,2,0,3,5,0,4
MEG_1731|Drugs|Lipopeptides|Daptomycin-resistant_mutant|CLS|MEG_1731|CLS-1731_A_756_G,2,0,3,12,3,0,1,6,2,7
MEG_1731|Drugs|Lipopeptides|Daptomycin-resistant_mutant|CLS|MEG_1731|CLS-1731_A_781_G,2,0,2,11,2,0,1,6,3,8
MEG_1731|Drugs|Lipopeptides|Daptomycin-resistant_mutant|CLS|MEG_1731|CLS-1731_T_1383_C,1,0,2,7,2,0,1,3,2,5
MEG_1738|Multi-compound|Drug_and_biocide_and_metal_resistance|Drug_and_biocide_and_metal_RND_efflux_pumps|CMEA|MEG_1738|CMEA-1738_T_46_G,6,2,0,0,0,0,0,0,0,0
MEG_1738|Multi-compound|Drug_and_biocide_and_metal_resistance|Drug_and_biocide_and_metal_RND_efflux_pumps|CMEA|MEG_1738|CMEA-1738_T_167_G,0,0,0,0,0,11,0,2,0,1
MEG_1738|Multi-compound|Drug_and_biocide_and_metal_resistance|Drug_and_biocide_and_metal_RND_efflux_pumps|CMEA|MEG_1738|CMEA-1738_C_578_G,4,0,0,0,0,0,0,0,0,0
MEG_1738|Multi-compound|Drug_and_biocide_and_metal_resistance|Drug_and_biocide_and_metal_RND_efflux_pumps|CMEA|MEG_1738|CMEA-1738_A_889_C,2,1,0,0,1,0,0,0,0,0
MEG_1738|Multi-compound|Drug_and_biocide_and_metal_resistance|Drug_and_biocide_and_metal_RND_efflux_pumps|CMEA|MEG_1738|CMEA-1738_A_922_C,0,0,0,0,0,9,0,0,0,1
MEG_1739|Multi-compound|Drug_and_biocide_and_metal_resistance|Drug_and_biocide_and_metal_RND_efflux_pumps|CMEB|MEG_1739|CMEB-1739_A_51_G,2,0,4,0,1,0,0,0,0,0
MEG_1739|Multi-compound|Drug_and_biocide_and_metal_resistance|Drug_and_biocide_and_metal_RND_efflux_pumps|CMEB|MEG_1739|CMEB-1739_C_733_A,6,0,0,1,2,0,0,0,0,0
MEG_1739|Multi-compound|Drug_and_biocide_and_metal_resistance|Drug_and_biocide_and_metal_RND_efflux_pumps|CMEB|MEG_1739|CMEB-1739_T_1081_C,7,0,1,0,2,0,0,0,0,0
MEG_1739|Multi-compound|Drug_and_biocide_and_metal_resistance|Drug_and_biocide_and_metal_RND_efflux_pumps|CMEB|MEG_1739|CMEB-1739_T_1091_A,0,0,1,0,4,0,0,0,0,0
MEG_1739|Multi-compound|Drug_and_biocide_and_metal_resistance|Drug_and_biocide_and_metal_RND_efflux_pumps|CMEB|MEG_1739|CMEB-1739_G_1096_A,7,0,1,0,2,0,0,0,0,0
MEG_1739|Multi-compound|Drug_and_biocide_and_metal_resistance|Drug_and_biocide_and_metal_RND_efflux_pumps|CMEB|MEG_1739|CMEB-1739_T_1670_G,7,0,1,4,2,0,0,0,0,0
MEG_1739|Multi-compound|Drug_and_biocide_and_metal_resistance|Drug_and_biocide_and_metal_RND_efflux_pumps|CMEB|MEG_1739|CMEB-1739_G_2062_A,9,0,4,1,1,0,0,0,0,0
MEG_1739|Multi-compound|Drug_and_biocide_and_metal_resistance|Drug_and_biocide_and_metal_RND_efflux_pumps|CMEB|MEG_1739|CMEB-1739_A_2118_G,6,0,2,0,3,0,0,0,0,0
MEG_1739|Multi-compound|Drug_and_biocide_and_metal_resistance|Drug_and_biocide_and_metal_RND_efflux_pumps|CMEB|MEG_1739|CMEB-1739_T_2202_A,0,0,0,0,0,2,1,1,3,3
MEG_1739|Multi-compound|Drug_and_biocide_and_metal_resistance|Drug_and_biocide_and_metal_RND_efflux_pumps|CMEB|MEG_1739|CMEB-1739_G_2731_C,2,0,2,1,1,0,0,0,0,0
MEG_1739|Multi-compound|Drug_and_biocide_and_metal_resistance|Drug_and_biocide_and_metal_RND_efflux_pumps|CMEB|MEG_1739|CMEB-1739_A_2772_G,3,0,2,0,1,0,0,0,0,0
MEG_1739|Multi-compound|Drug_and_biocide_and_metal_resistance|Drug_and_biocide_and_metal_RND_efflux_pumps|CMEB|MEG_1739|CMEB-1739_A_2886_G,3,0,0,1,4,0,0,0,0,0
MEG_1740|Multi-compound|Drug_and_biocide_and_metal_resistance|Drug_and_biocide_and_metal_RND_efflux_pumps|CMEB|MEG_1740|CMEB-1740_A_261_G,0,1,7,2,0,0,0,0,0,0
MEG_1740|Multi-compound|Drug_and_biocide_and_metal_resistance|Drug_and_biocide_and_metal_RND_efflux_pumps|CMEB|MEG_1740|CMEB-1740_A_352_C,0,0,9,3,0,0,0,0,0,0
MEG_1740|Multi-compound|Drug_and_biocide_and_metal_resistance|Drug_and_biocide_and_metal_RND_efflux_pumps|CMEB|MEG_1740|CMEB-1740_T_368_C,0,0,8,3,0,0,0,0,0,0
MEG_1740|Multi-compound|Drug_and_biocide_and_metal_resistance|Drug_and_biocide_and_metal_RND_efflux_pumps|CMEB|MEG_1740|CMEB-1740_A_595_C,1,1,12,4,1,0,0,0,0,0
MEG_1740|Multi-compound|Drug_and_biocide_and_metal_resistance|Drug_and_biocide_and_metal_RND_efflux_pumps|CMEB|MEG_1740|CMEB-1740_A_891_T,0,0,8,2,1,0,0,0,0,0
MEG_1740|Multi-compound|Drug_and_biocide_and_metal_resistance|Drug_and_biocide_and_metal_RND_efflux_pumps|CMEB|MEG_1740|CMEB-1740_C_919_G,0,0,8,2,1,0,0,0,0,0
MEG_1740|Multi-compound|Drug_and_biocide_and_metal_resistance|Drug_and_biocide_and_metal_RND_efflux_pumps|CMEB|MEG_1740|CMEB-1740_T_1398_G,4,1,3,3,0,0,0,0,0,0
MEG_1740|Multi-compound|Drug_and_biocide_and_metal_resistance|Drug_and_biocide_and_metal_RND_efflux_pumps|CMEB|MEG_1740|CMEB-1740_A_1476_C,1,1,8,4,0,0,0,0,0,0
MEG_1740|Multi-compound|Drug_and_biocide_and_metal_resistance|Drug_and_biocide_and_metal_RND_efflux_pumps|CMEB|MEG_1740|CMEB-1740_T_1484_A,0,0,0,0,0,0,3,10,0,3
MEG_1740|Multi-compound|Drug_and_biocide_and_metal_resistance|Drug_and_biocide_and_metal_RND_efflux_pumps|CMEB|MEG_1740|CMEB-1740_G_1696_T,0,0,0,0,0,0,6,6,1,3
MEG_1740|Multi-compound|Drug_and_biocide_and_metal_resistance|Drug_and_biocide_and_metal_RND_efflux_pumps|CMEB|MEG_1740|CMEB-1740_T_1937_G,1,0,9,1,0,0,0,0,0,0
MEG_1740|Multi-compound|Drug_and_biocide_and_metal_resistance|Drug_and_biocide_and_metal_RND_efflux_pumps|CMEB|MEG_1740|CMEB-1740_C_2226_T,0,0,0,0,0,0,4,7,1,7
MEG_1740|Multi-compound|Drug_and_biocide_and_metal_resistance|Drug_and_biocide_and_metal_RND_efflux_pumps|CMEB|MEG_1740|CMEB-1740_T_2504_A,0,0,0,0,0,1,4,5,0,1
MEG_1740|Multi-compound|Drug_and_biocide_and_metal_resistance|Drug_and_biocide_and_metal_RND_efflux_pumps|CMEB|MEG_1740|CMEB-1740_T_2585_G,0,0,0,0,0,0,2,3,0,3
MEG_1740|Multi-compound|Drug_and_biocide_and_metal_resistance|Drug_and_biocide_and_metal_RND_efflux_pumps|CMEB|MEG_1740|CMEB-1740_A_2676_T,0,0,0,0,0,0,1,7,0,5
MEG_1740|Multi-compound|Drug_and_biocide_and_metal_resistance|Drug_and_biocide_and_metal_RND_efflux_pumps|CMEB|MEG_1740|CMEB-1740_C_2771_T,0,0,0,0,0,0,3,8,0,2
MEG_1740|Multi-compound|Drug_and_biocide_and_metal_resistance|Drug_and_biocide_and_metal_RND_efflux_pumps|CMEB|MEG_1740|CMEB-1740_T_3047_G,0,0,2,1,1,0,0,0,0,0
MEG_1741|Multi-compound|Drug_and_biocide_and_metal_resistance|Drug_and_biocide_and_metal_RND_efflux_pumps|CMEC|MEG_1741|CMEC-1741_A_49_C,0,0,0,0,0,0,9,0,1,2
MEG_1741|Multi-compound|Drug_and_biocide_and_metal_resistance|Drug_and_biocide_and_metal_RND_efflux_pumps|CMEC|MEG_1741|CMEC-1741_A_197_G,5,3,2,3,2,0,0,0,0,0
MEG_1741|Multi-compound|Drug_and_biocide_and_metal_resistance|Drug_and_biocide_and_metal_RND_efflux_pumps|CMEC|MEG_1741|CMEC-1741_G_424_T,0,0,0,0,0,0,6,0,5,2
MEG_1741|Multi-compound|Drug_and_biocide_and_metal_resistance|Drug_and_biocide_and_metal_RND_efflux_pumps|CMEC|MEG_1741|CMEC-1741_T_457_A,3,1,4,9,0,0,0,0,0,0
MEG_1741|Multi-compound|Drug_and_biocide_and_metal_resistance|Drug_and_biocide_and_metal_RND_efflux_pumps|CMEC|MEG_1741|CMEC-1741_G_461_T,3,1,5,9,0,0,0,0,0,0
MEG_1741|Multi-compound|Drug_and_biocide_and_metal_resistance|Drug_and_biocide_and_metal_RND_efflux_pumps|CMEC|MEG_1741|CMEC-1741_T_644_G,5,2,10,3,3,0,0,0,0,0
MEG_1741|Multi-compound|Drug_and_biocide_and_metal_resistance|Drug_and_biocide_and_metal_RND_efflux_pumps|CMEC|MEG_1741|CMEC-1741_G_1023_C,0,0,0,0,0,1,6,0,0,4
MEG_1741|Multi-compound|Drug_and_biocide_and_metal_resistance|Drug_and_biocide_and_metal_RND_efflux_pumps|CMEC|MEG_1741|CMEC-1741_T_1034_C,0,0,0,0,0,0,7,0,0,4
MEG_1741|Multi-compound|Drug_and_biocide_and_metal_resistance|Drug_and_biocide_and_metal_RND_efflux_pumps|CMEC|MEG_1741|CMEC-1741_G_1039_A,0,0,0,0,0,0,5,0,0,4
MEG_1741|Multi-compound|Drug_and_biocide_and_metal_resistance|Drug_and_biocide_and_metal_RND_efflux_pumps|CMEC|MEG_1741|CMEC-1741_G_1096_T,0,0,0,0,0,0,6,0,0,3
MEG_1741|Multi-compound|Drug_and_biocide_and_metal_resistance|Drug_and_biocide_and_metal_RND_efflux_pumps|CMEC|MEG_1741|CMEC-1741_G_1284_T,5,2,3,3,0,0,0,0,0,0
MEG_1741|Multi-compound|Drug_and_biocide_and_metal_resistance|Drug_and_biocide_and_metal_RND_efflux_pumps|CMEC|MEG_1741|CMEC-1741_G_1399_A,2,1,1,7,0,0,0,0,0,0
MEG_1741|Multi-compound|Drug_and_biocide_and_metal_resistance|Drug_and_biocide_and_metal_RND_efflux_pumps|CMEC|MEG_1741|CMEC-1741_A_1437_C,0,0,0,0,0,0,5,0,0,0
MEG_1742|Multi-compound|Drug_and_biocide_and_metal_resistance|Drug_and_biocide_and_metal_RND_efflux_pumps|CMEC|MEG_1742|CMEC-1742_A_189_C,3,0,3,0,4,0,0,0,0,0
MEG_1742|Multi-compound|Drug_and_biocide_and_metal_resistance|Drug_and_biocide_and_metal_RND_efflux_pumps|CMEC|MEG_1742|CMEC-1742_A_454_C,3,0,5,2,3,0,0,0,0,0
MEG_1742|Multi-compound|Drug_and_biocide_and_metal_resistance|Drug_and_biocide_and_metal_RND_efflux_pumps|CMEC|MEG_1742|CMEC-1742_A_716_C,5,0,9,3,5,0,0,0,0,0
MEG_1742|Multi-compound|Drug_and_biocide_and_metal_resistance|Drug_and_biocide_and_metal_RND_efflux_pumps|CMEC|MEG_1742|CMEC-1742_G_925_A,8,0,6,1,1,0,0,0,0,0
MEG_1742|Multi-compound|Drug_and_biocide_and_metal_resistance|Drug_and_biocide_and_metal_RND_efflux_pumps|CMEC|MEG_1742|CMEC-1742_A_952_T,6,0,5,0,2,0,0,0,0,0
MEG_1743|Multi-compound|Drug_and_biocide_and_metal_resistance|Drug_and_biocide_and_metal_RND_efflux_pumps|CMED|MEG_1743|CMED-1743_T_102_A,7,1,0,6,0,0,0,0,0,0
MEG_1743|Multi-compound|Drug_and_biocide_and_metal_resistance|Drug_and_biocide_and_metal_RND_efflux_pumps|CMED|MEG_1743|CMED-1743_G_148_A,7,1,0,4,0,0,0,0,0,0
MEG_1743|Multi-compound|Drug_and_biocide_and_metal_resistance|Drug_and_biocide_and_metal_RND_efflux_pumps|CMED|MEG_1743|CMED-1743_C_157_G,0,0,0,0,0,8,3,0,3,1
MEG_1743|Multi-compound|Drug_and_biocide_and_metal_resistance|Drug_and_biocide_and_metal_RND_efflux_pumps|CMED|MEG_1743|CMED-1743_T_189_G,0,0,0,0,0,5,6,2,0,1
MEG_1743|Multi-compound|Drug_and_biocide_and_metal_resistance|Drug_and_biocide_and_metal_RND_efflux_pumps|CMED|MEG_1743|CMED-1743_T_196_A,0,0,0,0,0,5,5,2,0,1
MEG_1743|Multi-compound|Drug_and_biocide_and_metal_resistance|Drug_and_biocide_and_metal_RND_efflux_pumps|CMED|MEG_1743|CMED-1743_T_231_A,4,0,0,2,0,0,0,0,0,0
MEG_1743|Multi-compound|Drug_and_biocide_and_metal_resistance|Drug_and_biocide_and_metal_RND_efflux_pumps|CMED|MEG_1743|CMED-1743_T_265_G,4,1,0,3,0,0,0,0,0,0
MEG_1743|Multi-compound|Drug_and_biocide_and_metal_resistance|Drug_and_biocide_and_metal_RND_efflux_pumps|CMED|MEG_1743|CMED-1743_T_270_G,4,1,0,3,0,0,0,0,0,0
MEG_1743|Multi-compound|Drug_and_biocide_and_metal_resistance|Drug_and_biocide_and_metal_RND_efflux_pumps|CMED|MEG_1743|CMED-1743_G_499_C,0,0,0,0,0,5,13,3,3,1
MEG_1743|Multi-compound|Drug_and_biocide_and_metal_resistance|Drug_and_biocide_and_metal_RND_efflux_pumps|CMED|MEG_1743|CMED-1743_A_513_C,0,0,0,0,0,5,14,3,2,1
MEG_1743|Multi-compound|Drug_and_biocide_and_metal_resistance|Drug_and_biocide_and_metal_RND_efflux_pumps|CMED|MEG_1743|CMED-1743_T_537_A,6,0,0,6,0,0,0,0,0,0
MEG_1743|Multi-compound|Drug_and_biocide_and_metal_resistance|Drug_and_biocide_and_metal_RND_efflux_pumps|CMED|MEG_1743|CMED-1743_A_765_C,0,0,0,0,0,11,9,4,4,0
MEG_1743|Multi-compound|Drug_and_biocide_and_metal_resistance|Drug_and_biocide_and_metal_RND_efflux_pumps|CMED|MEG_1743|CMED-1743_T_769_A,0,0,0,0,0,11,9,4,4,0
MEG_1743|Multi-compound|Drug_and_biocide_and_metal_resistance|Drug_and_biocide_and_metal_RND_efflux_pumps|CMED|MEG_1743|CMED-1743_A_861_C,4,0,0,3,0,0,0,0,0,0
MEG_1743|Multi-compound|Drug_and_biocide_and_metal_resistance|Drug_and_biocide_and_metal_RND_efflux_pumps|CMED|MEG_1743|CMED-1743_A_1098_T,0,0,0,0,0,5,7,0,4,0
MEG_1743|Multi-compound|Drug_and_biocide_and_metal_resistance|Drug_and_biocide_and_metal_RND_efflux_pumps|CMED|MEG_1743|CMED-1743_T_1132_G,0,0,0,0,0,4,6,0,4,0
MEG_1743|Multi-compound|Drug_and_biocide_and_metal_resistance|Drug_and_biocide_and_metal_RND_efflux_pumps|CMED|MEG_1743|CMED-1743_T_1230_A,3,0,0,4,0,0,0,0,0,0
MEG_1744|Multi-compound|Drug_and_biocide_and_metal_resistance|Drug_and_biocide_and_metal_RND_efflux_pumps|CMEE|MEG_1744|CMEE-1744_A_81_T,1,1,3,5,0,0,0,0,0,0
MEG_1744|Multi-compound|Drug_and_biocide_and_metal_resistance|Drug_and_biocide_and_metal_RND_efflux_pumps|CMEE|MEG_1744|CMEE-1744_C_103_T,0,0,0,0,0,0,1,4,1,1
MEG_1744|Multi-compound|Drug_and_biocide_and_metal_resistance|Drug_and_biocide_and_metal_RND_efflux_pumps|CMEE|MEG_1744|CMEE-1744_T_351_G,0,0,0,0,0,0,3,1,1,2
MEG_1744|Multi-compound|Drug_and_biocide_and_metal_resistance|Drug_and_biocide_and_metal_RND_efflux_pumps|CMEE|MEG_1744|CMEE-1744_A_444_G,2,0,2,1,0,0,0,0,0,0
MEG_1744|Multi-compound|Drug_and_biocide_and_metal_resistance|Drug_and_biocide_and_metal_RND_efflux_pumps|CMEE|MEG_1744|CMEE-1744_G_464_A,0,0,0,0,0,0,1,1,4,0
MEG_1745|Multi-compound|Drug_and_biocide_and_metal_resistance|Drug_and_biocide_and_metal_RND_efflux_pumps|CMEF|MEG_1745|CMEF-1745_A_358_C,0,0,0,0,0,5,15,2,1,0
MEG_1745|Multi-compound|Drug_and_biocide_and_metal_resistance|Drug_and_biocide_and_metal_RND_efflux_pumps|CMEF|MEG_1745|CMEF-1745_A_468_T,0,0,0,0,0,3,14,3,2,0
MEG_1745|Multi-compound|Drug_and_biocide_and_metal_resistance|Drug_and_biocide_and_metal_RND_efflux_pumps|CMEF|MEG_1745|CMEF-1745_G_481_T,0,0,0,0,0,3,14,3,1,0
MEG_1745|Multi-compound|Drug_and_biocide_and_metal_resistance|Drug_and_biocide_and_metal_RND_efflux_pumps|CMEF|MEG_1745|CMEF-1745_T_698_G,0,0,0,0,0,5,8,4,1,0
MEG_1745|Multi-compound|Drug_and_biocide_and_metal_resistance|Drug_and_biocide_and_metal_RND_efflux_pumps|CMEF|MEG_1745|CMEF-1745_A_1414_G,0,0,0,0,0,6,16,4,0,0
MEG_1745|Multi-compound|Drug_and_biocide_and_metal_resistance|Drug_and_biocide_and_metal_RND_efflux_pumps|CMEF|MEG_1745|CMEF-1745_A_1822_G,0,0,0,0,0,5,9,2,1,0
MEG_1745|Multi-compound|Drug_and_biocide_and_metal_resistance|Drug_and_biocide_and_metal_RND_efflux_pumps|CMEF|MEG_1745|CMEF-1745_T_1952_C,0,0,0,0,0,5,16,1,0,0
MEG_1745|Multi-compound|Drug_and_biocide_and_metal_resistance|Drug_and_biocide_and_metal_RND_efflux_pumps|CMEF|MEG_1745|CMEF-1745_A_2254_G,0,0,0,0,0,6,18,4,1,0
MEG_1745|Multi-compound|Drug_and_biocide_and_metal_resistance|Drug_and_biocide_and_metal_RND_efflux_pumps|CMEF|MEG_1745|CMEF-1745_T_2532_C,0,0,0,0,0,5,10,3,1,0
MEG_1745|Multi-compound|Drug_and_biocide_and_metal_resistance|Drug_and_biocide_and_metal_RND_efflux_pumps|CMEF|MEG_1745|CMEF-1745_T_2648_G,0,0,0,0,0,4,11,2,1,0
MEG_1745|Multi-compound|Drug_and_biocide_and_metal_resistance|Drug_and_biocide_and_metal_RND_efflux_pumps|CMEF|MEG_1745|CMEF-1745_T_2768_A,1,2,0,3,0,0,0,0,0,0
MEG_1747|Multi-compound|Drug_and_biocide_and_metal_resistance|Drug_and_biocide_and_metal_RND_efflux_regulator|CMER|MEG_1747|CMER-1747_A_388_C,0,0,0,0,0,1,1,2,0,1
MEG_1747|Multi-compound|Drug_and_biocide_and_metal_resistance|Drug_and_biocide_and_metal_RND_efflux_regulator|CMER|MEG_1747|CMER-1747_A_554_T,3,1,0,0,0,0,0,0,0,0
MEG_1748|Multi-compound|Drug_and_biocide_and_metal_resistance|Drug_and_biocide_and_metal_RND_efflux_regulator|CMER|MEG_1748|CMER-1748_A_27_G,0,0,0,0,0,3,0,1,0,1
MEG_1748|Multi-compound|Drug_and_biocide_and_metal_resistance|Drug_and_biocide_and_metal_RND_efflux_regulator|CMER|MEG_1748|CMER-1748_A_298_T,0,0,0,0,0,2,0,0,0,2
MEG_1748|Multi-compound|Drug_and_biocide_and_metal_resistance|Drug_and_biocide_and_metal_RND_efflux_regulator|CMER|MEG_1748|CMER-1748_T_488_C,0,0,0,0,0,2,0,0,1,1
MEG_1755|Drugs|Phenicol|Phenicol_resistance_MFS_efflux_pumps|CMLA|MEG_1755|CMLA-1755_g_597_A,1,0,2,0,2,0,0,0,0,0
MEG_1757|Drugs|Phenicol|Phenicol_resistance_MFS_efflux_pumps|CMLA|MEG_1757|CMLA-1757_t_521_G,0,0,0,0,0,2,1,2,0,0
MEG_1757|Drugs|Phenicol|Phenicol_resistance_MFS_efflux_pumps|CMLA|MEG_1757|CMLA-1757_t_643_A,0,0,1,3,2,0,0,0,0,0
MEG_1757|Drugs|Phenicol|Phenicol_resistance_MFS_efflux_pumps|CMLA|MEG_1757|CMLA-1757_t_658_C,0,0,1,3,1,0,0,0,0,0
MEG_1758|Drugs|Phenicol|Phenicol_resistance_MFS_efflux_pumps|CMLA|MEG_1758|CMLA-1758_c_140_T,0,0,0,0,0,0,4,0,0,0
MEG_1758|Drugs|Phenicol|Phenicol_resistance_MFS_efflux_pumps|CMLA|MEG_1758|CMLA-1758_c_596_G,0,0,0,0,0,2,1,2,0,0
MEG_1758|Drugs|Phenicol|Phenicol_resistance_MFS_efflux_pumps|CMLA|MEG_1758|CMLA-1758_a_606_G,1,0,0,5,2,0,0,0,0,0
MEG_1758|Drugs|Phenicol|Phenicol_resistance_MFS_efflux_pumps|CMLA|MEG_1758|CMLA-1758_t_643_A,0,0,1,3,1,0,0,0,0,0
MEG_1758|Drugs|Phenicol|Phenicol_resistance_MFS_efflux_pumps|CMLA|MEG_1758|CMLA-1758_c_656_A,0,0,0,0,0,2,2,5,0,0
MEG_1758|Drugs|Phenicol|Phenicol_resistance_MFS_efflux_pumps|CMLA|MEG_1758|CMLA-1758_t_658_C,0,0,0,3,1,0,0,0,0,0
MEG_1758|Drugs|Phenicol|Phenicol_resistance_MFS_efflux_pumps|CMLA|MEG_1758|CMLA-1758_g_1198_T,0,0,0,0,0,2,1,1,0,0
MEG_1759|Drugs|Phenicol|Phenicol_resistance_MFS_efflux_pumps|CMLA|MEG_1759|CMLA-1759_c_140_T,0,0,0,0,0,0,5,0,0,0
MEG_1759|Drugs|Phenicol|Phenicol_resistance_MFS_efflux_pumps|CMLA|MEG_1759|CMLA-1759_t_521_G,0,0,0,0,0,4,0,0,1,0
MEG_1759|Drugs|Phenicol|Phenicol_resistance_MFS_efflux_pumps|CMLA|MEG_1759|CMLA-1759_c_596_G,0,0,0,0,0,2,0,0,2,0
MEG_1759|Drugs|Phenicol|Phenicol_resistance_MFS_efflux_pumps|CMLA|MEG_1759|CMLA-1759_c_656_A,0,0,0,0,0,4,2,1,2,0
MEG_1759|Drugs|Phenicol|Phenicol_resistance_MFS_efflux_pumps|CMLA|MEG_1759|CMLA-1759_t_1142_A,0,0,4,0,0,0,0,0,0,0
MEG_1759|Drugs|Phenicol|Phenicol_resistance_MFS_efflux_pumps|CMLA|MEG_1759|CMLA-1759_g_1201_T,0,0,0,0,0,3,0,1,1,0
MEG_1760|Drugs|Phenicol|Phenicol_resistance_MFS_efflux_pumps|CMLA|MEG_1760|CMLA-1760_t_677_G,0,0,0,0,0,1,4,0,0,0
MEG_1761|Drugs|Phenicol|Phenicol_resistance_MFS_efflux_pumps|CMLA|MEG_1761|CMLA-1761_g_86_C,0,0,0,0,0,2,1,0,1,0
MEG_1761|Drugs|Phenicol|Phenicol_resistance_MFS_efflux_pumps|CMLA|MEG_1761|CMLA-1761_c_103_A,0,0,0,0,0,2,1,0,1,0
MEG_1761|Drugs|Phenicol|Phenicol_resistance_MFS_efflux_pumps|CMLA|MEG_1761|CMLA-1761_c_776_G,0,0,0,0,0,1,3,0,0,0
MEG_1762|Drugs|Phenicol|Phenicol_resistance_MFS_efflux_pumps|CMLA|MEG_1762|CMLA-1762_G_961_C,0,0,0,0,0,1,3,0,0,1
MEG_1763|Drugs|Phenicol|Phenicol_resistance_MFS_efflux_pumps|CMLA|MEG_1763|CMLA-1763_C_140_T,0,0,0,0,0,1,2,0,2,0
MEG_1763|Drugs|Phenicol|Phenicol_resistance_MFS_efflux_pumps|CMLA|MEG_1763|CMLA-1763_T_200_C,0,0,3,0,1,0,0,0,0,0
MEG_1763|Drugs|Phenicol|Phenicol_resistance_MFS_efflux_pumps|CMLA|MEG_1763|CMLA-1763_C_596_G,0,0,0,0,0,2,0,2,0,0
MEG_1763|Drugs|Phenicol|Phenicol_resistance_MFS_efflux_pumps|CMLA|MEG_1763|CMLA-1763_A_606_G,1,0,0,3,0,0,0,0,0,0
MEG_1763|Drugs|Phenicol|Phenicol_resistance_MFS_efflux_pumps|CMLA|MEG_1763|CMLA-1763_T_976_C,0,0,2,0,2,0,0,0,0,0
MEG_1764|Drugs|Phenicol|Phenicol_resistance_MFS_efflux_pumps|CMLA|MEG_1764|CMLA-1764_A_823_T,0,0,0,0,0,3,1,0,0,0
MEG_1767|Drugs|Phenicol|Phenicol_resistance_MFS_efflux_pumps|CMLA|MEG_1767|CMLA-1767_A_98_C,0,0,0,7,7,0,0,0,0,0
MEG_1767|Drugs|Phenicol|Phenicol_resistance_MFS_efflux_pumps|CMLA|MEG_1767|CMLA-1767_G_478_T,0,0,3,8,4,0,0,0,0,0
MEG_1767|Drugs|Phenicol|Phenicol_resistance_MFS_efflux_pumps|CMLA|MEG_1767|CMLA-1767_C_567_G,0,0,2,7,4,0,0,0,0,0
MEG_1767|Drugs|Phenicol|Phenicol_resistance_MFS_efflux_pumps|CMLA|MEG_1767|CMLA-1767_T_601_G,0,0,0,6,9,0,0,0,0,0
MEG_1767|Drugs|Phenicol|Phenicol_resistance_MFS_efflux_pumps|CMLA|MEG_1767|CMLA-1767_G_867_T,2,0,4,5,2,0,0,0,0,0
MEG_1767|Drugs|Phenicol|Phenicol_resistance_MFS_efflux_pumps|CMLA|MEG_1767|CMLA-1767_G_1110_T,1,0,2,9,4,0,0,0,0,0
MEG_1767|Drugs|Phenicol|Phenicol_resistance_MFS_efflux_pumps|CMLA|MEG_1767|CMLA-1767_C_1152_G,0,0,2,10,4,0,0,0,0,0
MEG_1767|Drugs|Phenicol|Phenicol_resistance_MFS_efflux_pumps|CMLA|MEG_1767|CMLA-1767_C_1181_G,0,0,4,7,5,0,0,0,0,0
MEG_1769|Drugs|Phenicol|Phenicol_resistance_MFS_efflux_pumps|CMLA|MEG_1769|CMLA-1769_G_99_C,0,0,0,0,0,0,4,0,0,0
MEG_1769|Drugs|Phenicol|Phenicol_resistance_MFS_efflux_pumps|CMLA|MEG_1769|CMLA-1769_C_116_A,0,0,0,0,0,0,4,0,0,0
MEG_1771|Drugs|Phenicol|Phenicol_resistance_MFS_efflux_pumps|CMLA|MEG_1771|CMLA-1771_C_801_T,0,1,2,3,0,0,0,0,0,0
MEG_1771|Drugs|Phenicol|Phenicol_resistance_MFS_efflux_pumps|CMLA|MEG_1771|CMLA-1771_C_854_A,0,0,0,0,0,2,0,0,1,1
MEG_1773|Drugs|Phenicol|Phenicol_resistance_MFS_efflux_pumps|CMLA|MEG_1773|CMLA-1773_G_233_A,0,0,0,0,0,0,4,0,0,1
MEG_1773|Drugs|Phenicol|Phenicol_resistance_MFS_efflux_pumps|CMLA|MEG_1773|CMLA-1773_G_562_T,0,0,0,0,0,1,6,4,0,0
MEG_1773|Drugs|Phenicol|Phenicol_resistance_MFS_efflux_pumps|CMLA|MEG_1773|CMLA-1773_T_789_G,0,0,0,0,0,0,4,1,0,1
MEG_1775|Drugs|Phenicol|Phenicol_resistance_MFS_efflux_pumps|CMLB|MEG_1775|CMLB-1775_C_104_A,4,0,9,1,5,0,0,0,0,0
MEG_1775|Drugs|Phenicol|Phenicol_resistance_MFS_efflux_pumps|CMLB|MEG_1775|CMLB-1775_A_400_G,4,0,7,2,3,0,0,0,0,0
MEG_1775|Drugs|Phenicol|Phenicol_resistance_MFS_efflux_pumps|CMLB|MEG_1775|CMLB-1775_C_455_G,0,0,0,0,0,4,0,2,2,0
MEG_1775|Drugs|Phenicol|Phenicol_resistance_MFS_efflux_pumps|CMLB|MEG_1775|CMLB-1775_C_657_A,0,0,0,0,0,8,0,2,0,0
MEG_1775|Drugs|Phenicol|Phenicol_resistance_MFS_efflux_pumps|CMLB|MEG_1775|CMLB-1775_G_768_C,5,0,3,1,3,0,0,0,0,0
MEG_1775|Drugs|Phenicol|Phenicol_resistance_MFS_efflux_pumps|CMLB|MEG_1775|CMLB-1775_G_783_A,4,0,3,1,2,0,0,0,0,0
MEG_1775|Drugs|Phenicol|Phenicol_resistance_MFS_efflux_pumps|CMLB|MEG_1775|CMLB-1775_C_1000_G,5,0,5,0,4,0,0,0,0,0
MEG_1775|Drugs|Phenicol|Phenicol_resistance_MFS_efflux_pumps|CMLB|MEG_1775|CMLB-1775_G_1066_T,0,0,0,0,0,4,0,1,0,0
MEG_1775|Drugs|Phenicol|Phenicol_resistance_MFS_efflux_pumps|CMLB|MEG_1775|CMLB-1775_A_1102_T,0,0,0,0,0,5,0,1,1,0
MEG_1776|Drugs|Phenicol|Phenicol_resistance_MFS_efflux_pumps|CMLR|MEG_1776|CMLR-1776_T_204_C,4,1,0,0,0,0,0,0,0,0
MEG_1776|Drugs|Phenicol|Phenicol_resistance_MFS_efflux_pumps|CMLR|MEG_1776|CMLR-1776_C_280_T,0,0,0,0,0,10,2,3,0,1
MEG_1776|Drugs|Phenicol|Phenicol_resistance_MFS_efflux_pumps|CMLR|MEG_1776|CMLR-1776_T_289_G,0,0,0,0,0,10,2,3,0,1
MEG_1776|Drugs|Phenicol|Phenicol_resistance_MFS_efflux_pumps|CMLR|MEG_1776|CMLR-1776_C_302_A,0,0,0,0,0,12,1,2,0,1
MEG_1776|Drugs|Phenicol|Phenicol_resistance_MFS_efflux_pumps|CMLR|MEG_1776|CMLR-1776_G_652_T,2,1,0,2,1,0,0,0,0,0
MEG_1776|Drugs|Phenicol|Phenicol_resistance_MFS_efflux_pumps|CMLR|MEG_1776|CMLR-1776_T_673_A,0,0,0,0,0,9,0,5,0,3
MEG_1776|Drugs|Phenicol|Phenicol_resistance_MFS_efflux_pumps|CMLR|MEG_1776|CMLR-1776_C_762_G,0,0,0,0,0,10,0,1,0,1
MEG_1776|Drugs|Phenicol|Phenicol_resistance_MFS_efflux_pumps|CMLR|MEG_1776|CMLR-1776_C_776_G,0,1,0,0,3,0,0,0,0,0
MEG_1776|Drugs|Phenicol|Phenicol_resistance_MFS_efflux_pumps|CMLR|MEG_1776|CMLR-1776_T_787_G,0,1,0,0,4,0,0,0,0,0
MEG_1776|Drugs|Phenicol|Phenicol_resistance_MFS_efflux_pumps|CMLR|MEG_1776|CMLR-1776_A_905_T,0,0,0,0,0,6,1,3,0,3
MEG_1776|Drugs|Phenicol|Phenicol_resistance_MFS_efflux_pumps|CMLR|MEG_1776|CMLR-1776_T_988_C,4,1,0,0,1,0,0,0,0,0
MEG_1777|Drugs|Phenicol|Chloramphenicol_phosphotransferase|CMLV|MEG_1777|CMLV-1777_t_37_G,0,0,0,0,0,0,3,1,0,0
MEG_1777|Drugs|Phenicol|Chloramphenicol_phosphotransferase|CMLV|MEG_1777|CMLV-1777_t_370_A,0,0,0,0,0,0,5,2,0,0
MEG_1777|Drugs|Phenicol|Chloramphenicol_phosphotransferase|CMLV|MEG_1777|CMLV-1777_c_493_A,0,0,0,0,0,0,9,1,0,0
MEG_1777|Drugs|Phenicol|Chloramphenicol_phosphotransferase|CMLV|MEG_1777|CMLV-1777_c_571_A,0,0,0,0,0,0,6,1,0,1
MEG_1777|Drugs|Phenicol|Chloramphenicol_phosphotransferase|CMLV|MEG_1777|CMLV-1777_c_573_G,0,0,0,0,0,0,6,1,0,1
MEG_1777|Drugs|Phenicol|Chloramphenicol_phosphotransferase|CMLV|MEG_1777|CMLV-1777_c_929_T,0,0,0,0,0,0,5,2,0,2
MEG_1777|Drugs|Phenicol|Chloramphenicol_phosphotransferase|CMLV|MEG_1777|CMLV-1777_c_938_A,0,0,0,0,0,0,5,2,0,2
MEG_1778|Drugs|Phenicol|Chloramphenicol_phosphotransferase|CMLV|MEG_1778|CMLV-1778_T_442_A,0,0,0,0,0,0,6,2,0,2
MEG_1778|Drugs|Phenicol|Chloramphenicol_phosphotransferase|CMLV|MEG_1778|CMLV-1778_C_565_A,0,0,0,0,0,0,5,1,0,0
MEG_1778|Drugs|Phenicol|Chloramphenicol_phosphotransferase|CMLV|MEG_1778|CMLV-1778_C_643_A,0,0,0,0,0,0,5,1,0,0
MEG_1778|Drugs|Phenicol|Chloramphenicol_phosphotransferase|CMLV|MEG_1778|CMLV-1778_C_645_G,0,0,0,0,0,0,6,1,0,0
MEG_1778|Drugs|Phenicol|Chloramphenicol_phosphotransferase|CMLV|MEG_1778|CMLV-1778_C_1001_T,0,0,0,0,0,0,3,1,0,1
MEG_1778|Drugs|Phenicol|Chloramphenicol_phosphotransferase|CMLV|MEG_1778|CMLV-1778_C_1010_A,0,0,0,0,0,0,2,1,0,1
MEG_1778|Drugs|Phenicol|Chloramphenicol_phosphotransferase|CMLV|MEG_1778|CMLV-1778_C_1199_G,0,0,0,0,0,0,9,1,0,1
MEG_1779|Drugs|Multi-drug_resistance|Multi-drug_MFS_efflux_pumps|CMR|MEG_1779|CMR-1779_T_394_C,0,0,0,0,0,12,2,2,3,3
MEG_1779|Drugs|Multi-drug_resistance|Multi-drug_MFS_efflux_pumps|CMR|MEG_1779|CMR-1779_A_410_T,0,0,0,0,0,11,2,4,3,2
MEG_1779|Drugs|Multi-drug_resistance|Multi-drug_MFS_efflux_pumps|CMR|MEG_1779|CMR-1779_G_604_A,0,0,0,0,0,9,5,2,3,4
MEG_1779|Drugs|Multi-drug_resistance|Multi-drug_MFS_efflux_pumps|CMR|MEG_1779|CMR-1779_C_753_A,0,0,0,0,0,11,2,3,1,5
MEG_1779|Drugs|Multi-drug_resistance|Multi-drug_MFS_efflux_pumps|CMR|MEG_1779|CMR-1779_A_831_C,0,0,0,0,0,14,3,1,1,3
MEG_1785|Drugs|Phenicol|Phenicol_resistance_MFS_efflux_pumps|CMX|MEG_1785|CMX-1785_C_1134_T,0,0,0,0,0,1,2,2,0,0
MEG_1886|Drugs|betalactams|Class_C_betalactamases|CMY|MEG_1886|CMY-1886_C_42_G,0,0,0,0,0,2,1,1,0,0
MEG_1956|Drugs|betalactams|Class_C_betalactamases|CMY|MEG_1956|CMY-1956_C_42_G,0,0,0,0,0,0,3,1,0,0
MEG_1977|Drugs|betalactams|Class_C_betalactamases|CMY|MEG_1977|CMY-1977_C_183_G,1,0,0,3,0,0,0,0,0,0
MEG_1977|Drugs|betalactams|Class_C_betalactamases|CMY|MEG_1977|CMY-1977_C_376_G,2,0,0,3,0,0,0,0,0,0
MEG_1977|Drugs|betalactams|Class_C_betalactamases|CMY|MEG_1977|CMY-1977_T_396_C,2,0,0,3,0,0,0,0,0,0
MEG_1977|Drugs|betalactams|Class_C_betalactamases|CMY|MEG_1977|CMY-1977_A_469_T,3,0,0,3,0,0,0,0,0,0
MEG_1977|Drugs|betalactams|Class_C_betalactamases|CMY|MEG_1977|CMY-1977_G_587_A,2,0,2,4,0,0,0,0,0,0
MEG_1978|Drugs|betalactams|Class_C_betalactamases|CMY|MEG_1978|CMY-1978_T_37_C,3,1,1,4,0,0,0,0,0,0
MEG_1978|Drugs|betalactams|Class_C_betalactamases|CMY|MEG_1978|CMY-1978_C_146_A,2,0,0,4,0,0,0,0,0,0
MEG_1978|Drugs|betalactams|Class_C_betalactamases|CMY|MEG_1978|CMY-1978_C_267_G,1,1,1,4,0,0,0,0,0,0
MEG_1978|Drugs|betalactams|Class_C_betalactamases|CMY|MEG_1978|CMY-1978_C_460_G,4,1,2,3,0,0,0,0,0,0
MEG_1978|Drugs|betalactams|Class_C_betalactamases|CMY|MEG_1978|CMY-1978_T_480_C,4,1,1,5,0,0,0,0,0,0
MEG_1978|Drugs|betalactams|Class_C_betalactamases|CMY|MEG_1978|CMY-1978_A_553_T,0,0,1,6,0,0,0,0,0,0
MEG_2009|Metals|Multi-metal_resistance|Multi-metal_resistance_protein|CNRB|MEG_2009|CNRB-2009_C_320_G,6,1,4,8,0,0,0,0,0,0
MEG_2009|Metals|Multi-metal_resistance|Multi-metal_resistance_protein|CNRB|MEG_2009|CNRB-2009_C_493_T,2,0,3,6,0,0,0,0,0,0
MEG_2009|Metals|Multi-metal_resistance|Multi-metal_resistance_protein|CNRB|MEG_2009|CNRB-2009_A_738_T,7,1,4,10,0,0,0,0,0,0
MEG_2010|Metals|Multi-metal_resistance|Multi-metal_resistance_protein|CNRC|MEG_2010|CNRC-2010_G_196_C,1,2,4,1,1,0,0,0,0,0
MEG_2010|Metals|Multi-metal_resistance|Multi-metal_resistance_protein|CNRC|MEG_2010|CNRC-2010_C_575_A,1,0,6,1,0,0,0,0,0,0
MEG_2010|Metals|Multi-metal_resistance|Multi-metal_resistance_protein|CNRC|MEG_2010|CNRC-2010_C_635_T,0,0,3,1,2,0,0,0,0,0
MEG_2010|Metals|Multi-metal_resistance|Multi-metal_resistance_protein|CNRC|MEG_2010|CNRC-2010_T_679_A,0,0,4,2,2,0,0,0,0,0
MEG_2010|Metals|Multi-metal_resistance|Multi-metal_resistance_protein|CNRC|MEG_2010|CNRC-2010_T_708_A,1,0,3,2,0,0,0,0,0,0
MEG_2010|Metals|Multi-metal_resistance|Multi-metal_resistance_protein|CNRC|MEG_2010|CNRC-2010_G_792_T,1,0,4,2,1,0,0,0,0,0
MEG_2010|Metals|Multi-metal_resistance|Multi-metal_resistance_protein|CNRC|MEG_2010|CNRC-2010_G_1069_C,1,0,2,2,1,0,0,0,0,0
MEG_2010|Metals|Multi-metal_resistance|Multi-metal_resistance_protein|CNRC|MEG_2010|CNRC-2010_T_1133_A,0,0,3,1,1,0,0,0,0,0
MEG_2010|Metals|Multi-metal_resistance|Multi-metal_resistance_protein|CNRC|MEG_2010|CNRC-2010_G_1143_T,0,0,4,2,1,0,0,0,0,0
MEG_2010|Metals|Multi-metal_resistance|Multi-metal_resistance_protein|CNRC|MEG_2010|CNRC-2010_C_1185_T,0,0,5,3,1,0,0,0,0,0
MEG_2011|Metals|Multi-metal_resistance|Multi-metal_resistance_regulator|CNRH|MEG_2011|CNRH-2011_C_469_A,0,1,0,0,4,0,0,0,0,0
MEG_2011|Metals|Multi-metal_resistance|Multi-metal_resistance_regulator|CNRH|MEG_2011|CNRH-2011_A_539_G,1,0,0,0,3,0,0,0,0,0
MEG_2016|Metals|Multi-metal_resistance|Multi-metal_resistance_regulator|COAR|MEG_2016|COAR-2016_A_521_T,0,0,0,0,0,3,9,0,0,3
MEG_2016|Metals|Multi-metal_resistance|Multi-metal_resistance_regulator|COAR|MEG_2016|COAR-2016_C_942_A,0,0,0,0,0,2,2,0,0,3
MEG_2016|Metals|Multi-metal_resistance|Multi-metal_resistance_regulator|COAR|MEG_2016|COAR-2016_A_972_C,0,0,0,0,0,3,4,0,0,4
MEG_2016|Metals|Multi-metal_resistance|Multi-metal_resistance_regulator|COAR|MEG_2016|COAR-2016_C_995_G,0,0,0,0,0,5,5,0,0,4
MEG_2017|Metals|Copper_resistance|Copper_resistance_regulator|COMR|MEG_2017|COMR-2017_C_138_G,0,0,0,0,0,2,6,1,0,0
MEG_2017|Metals|Copper_resistance|Copper_resistance_regulator|COMR|MEG_2017|COMR-2017_C_309_G,0,3,0,1,1,0,0,0,0,0
MEG_2017|Metals|Copper_resistance|Copper_resistance_regulator|COMR|MEG_2017|COMR-2017_A_325_C,0,0,0,0,0,1,2,1,0,2
MEG_2017|Metals|Copper_resistance|Copper_resistance_regulator|COMR|MEG_2017|COMR-2017_A_422_T,0,2,1,1,0,0,0,0,0,0
MEG_2017|Metals|Copper_resistance|Copper_resistance_regulator|COMR|MEG_2017|COMR-2017_A_547_G,0,2,1,3,1,0,0,0,0,0
MEG_2017|Metals|Copper_resistance|Copper_resistance_regulator|COMR|MEG_2017|COMR-2017_C_552_T,0,2,0,3,1,0,0,0,0,0
MEG_2019|Metals|Copper_resistance|Copper_resistance_protein|COPA|MEG_2019|COPA-2019_T_194_C,2,0,0,4,1,0,0,0,0,0
MEG_2019|Metals|Copper_resistance|Copper_resistance_protein|COPA|MEG_2019|COPA-2019_A_489_T,7,2,7,6,2,0,0,0,0,0
MEG_2019|Metals|Copper_resistance|Copper_resistance_protein|COPA|MEG_2019|COPA-2019_C_898_T,5,0,5,8,1,0,0,0,0,0
MEG_2019|Metals|Copper_resistance|Copper_resistance_protein|COPA|MEG_2019|COPA-2019_G_1137_A,1,2,0,2,0,0,4,1,0,0
MEG_2019|Metals|Copper_resistance|Copper_resistance_protein|COPA|MEG_2019|COPA-2019_T_1158_A,1,2,0,2,0,0,4,1,0,0
MEG_2019|Metals|Copper_resistance|Copper_resistance_protein|COPA|MEG_2019|COPA-2019_C_1169_G,4,1,9,11,1,0,0,0,0,0
MEG_2019|Metals|Copper_resistance|Copper_resistance_protein|COPA|MEG_2019|COPA-2019_T_1230_C,0,2,0,0,1,1,6,3,0,0
MEG_2019|Metals|Copper_resistance|Copper_resistance_protein|COPA|MEG_2019|COPA-2019_T_1235_C,7,1,9,11,2,0,0,0,0,0
MEG_2019|Metals|Copper_resistance|Copper_resistance_protein|COPA|MEG_2019|COPA-2019_A_1242_G,0,2,0,0,1,1,6,2,1,1
MEG_2019|Metals|Copper_resistance|Copper_resistance_protein|COPA|MEG_2019|COPA-2019_C_1280_T,7,1,9,5,1,0,0,0,0,0
MEG_2019|Metals|Copper_resistance|Copper_resistance_protein|COPA|MEG_2019|COPA-2019_T_1431_C,0,0,2,0,1,0,2,1,0,0
MEG_2019|Metals|Copper_resistance|Copper_resistance_protein|COPA|MEG_2019|COPA-2019_T_1587_C,1,0,0,1,0,0,1,0,1,1
MEG_2019|Metals|Copper_resistance|Copper_resistance_protein|COPA|MEG_2019|COPA-2019_G_1596_T,2,0,5,10,3,0,0,0,0,0
MEG_2019|Metals|Copper_resistance|Copper_resistance_protein|COPA|MEG_2019|COPA-2019_G_1671_A,0,1,1,0,0,0,4,0,0,0
MEG_2019|Metals|Copper_resistance|Copper_resistance_protein|COPA|MEG_2019|COPA-2019_A_1810_C,4,0,5,9,4,0,0,0,0,0
MEG_2019|Metals|Copper_resistance|Copper_resistance_protein|COPA|MEG_2019|COPA-2019_C_1819_T,1,0,0,0,0,0,3,0,0,0
MEG_2019|Metals|Copper_resistance|Copper_resistance_protein|COPA|MEG_2019|COPA-2019_G_1950_A,0,0,0,0,1,0,3,1,0,1
MEG_2019|Metals|Copper_resistance|Copper_resistance_protein|COPA|MEG_2019|COPA-2019_C_2369_G,1,0,1,4,2,0,0,0,0,0
MEG_2020|Metals|Copper_resistance|Copper_resistance_protein|COPA|MEG_2020|COPA-2020_T_194_C,2,0,1,3,1,0,0,0,0,0
MEG_2020|Metals|Copper_resistance|Copper_resistance_protein|COPA|MEG_2020|COPA-2020_C_480_T,0,3,2,1,3,0,7,5,2,0
MEG_2020|Metals|Copper_resistance|Copper_resistance_protein|COPA|MEG_2020|COPA-2020_C_537_A,0,1,1,1,1,0,5,3,1,0
MEG_2020|Metals|Copper_resistance|Copper_resistance_protein|COPA|MEG_2020|COPA-2020_C_573_T,0,0,0,0,1,0,1,2,0,0
MEG_2020|Metals|Copper_resistance|Copper_resistance_protein|COPA|MEG_2020|COPA-2020_C_652_T,2,1,0,2,0,0,3,0,1,0
MEG_2020|Metals|Copper_resistance|Copper_resistance_protein|COPA|MEG_2020|COPA-2020_G_660_A,2,1,0,2,0,0,3,0,1,0
MEG_2020|Metals|Copper_resistance|Copper_resistance_protein|COPA|MEG_2020|COPA-2020_G_747_A,0,0,1,1,1,0,2,1,1,0
MEG_2020|Metals|Copper_resistance|Copper_resistance_protein|COPA|MEG_2020|COPA-2020_C_898_T,0,0,2,5,1,0,0,0,0,0
MEG_2020|Metals|Copper_resistance|Copper_resistance_protein|COPA|MEG_2020|COPA-2020_G_1137_A,0,2,1,2,3,0,5,2,0,0
MEG_2020|Metals|Copper_resistance|Copper_resistance_protein|COPA|MEG_2020|COPA-2020_T_1158_A,0,2,1,1,2,0,4,1,1,0
MEG_2020|Metals|Copper_resistance|Copper_resistance_protein|COPA|MEG_2020|COPA-2020_C_1169_G,4,0,2,5,0,0,0,0,0,0
MEG_2020|Metals|Copper_resistance|Copper_resistance_protein|COPA|MEG_2020|COPA-2020_T_1230_C,2,2,3,2,3,0,9,1,0,1
MEG_2020|Metals|Copper_resistance|Copper_resistance_protein|COPA|MEG_2020|COPA-2020_T_1235_C,3,0,5,2,2,0,0,0,0,0
MEG_2020|Metals|Copper_resistance|Copper_resistance_protein|COPA|MEG_2020|COPA-2020_A_1242_G,2,2,4,2,3,0,9,1,0,2
MEG_2020|Metals|Copper_resistance|Copper_resistance_protein|COPA|MEG_2020|COPA-2020_C_1280_T,2,0,4,2,3,0,0,0,0,0
MEG_2020|Metals|Copper_resistance|Copper_resistance_protein|COPA|MEG_2020|COPA-2020_T_1431_C,0,0,3,1,0,0,4,1,1,1
MEG_2020|Metals|Copper_resistance|Copper_resistance_protein|COPA|MEG_2020|COPA-2020_T_1524_C,0,2,2,1,0,0,5,2,2,1
MEG_2020|Metals|Copper_resistance|Copper_resistance_protein|COPA|MEG_2020|COPA-2020_T_1587_C,1,0,1,0,1,0,4,2,1,0
MEG_2020|Metals|Copper_resistance|Copper_resistance_protein|COPA|MEG_2020|COPA-2020_G_1596_T,3,0,2,0,1,0,0,0,0,0
MEG_2020|Metals|Copper_resistance|Copper_resistance_protein|COPA|MEG_2020|COPA-2020_G_1671_A,1,3,5,1,0,0,8,3,2,0
MEG_2020|Metals|Copper_resistance|Copper_resistance_protein|COPA|MEG_2020|COPA-2020_T_1719_C,1,3,10,3,3,0,9,3,2,0
MEG_2020|Metals|Copper_resistance|Copper_resistance_protein|COPA|MEG_2020|COPA-2020_A_1810_C,2,0,2,3,0,0,0,0,0,0
MEG_2020|Metals|Copper_resistance|Copper_resistance_protein|COPA|MEG_2020|COPA-2020_C_1819_T,0,1,2,0,1,0,4,2,0,0
MEG_2020|Metals|Copper_resistance|Copper_resistance_protein|COPA|MEG_2020|COPA-2020_A_1938_T,0,1,4,1,0,0,2,0,1,0
MEG_2020|Metals|Copper_resistance|Copper_resistance_protein|COPA|MEG_2020|COPA-2020_G_1950_A,0,2,4,1,0,0,3,1,1,0
MEG_2020|Metals|Copper_resistance|Copper_resistance_protein|COPA|MEG_2020|COPA-2020_C_2369_G,1,0,1,3,0,0,0,0,0,0
MEG_2021|Metals|Copper_resistance|Copper_resistance_protein|COPA|MEG_2021|COPA-2021_A_548_C,0,0,0,0,0,11,11,1,1,0
MEG_2021|Metals|Copper_resistance|Copper_resistance_protein|COPA|MEG_2021|COPA-2021_T_720_G,0,0,0,0,0,21,8,2,0,0
MEG_2021|Metals|Copper_resistance|Copper_resistance_protein|COPA|MEG_2021|COPA-2021_G_999_A,0,0,0,0,0,7,12,5,2,0
MEG_2021|Metals|Copper_resistance|Copper_resistance_protein|COPA|MEG_2021|COPA-2021_A_1717_T,0,0,0,0,0,3,5,2,0,0
MEG_2021|Metals|Copper_resistance|Copper_resistance_protein|COPA|MEG_2021|COPA-2021_G_1753_T,0,0,0,0,0,5,7,0,0,0
MEG_2022|Metals|Copper_resistance|Copper_resistance_protein|COPA|MEG_2022|COPA-2022_C_193_T,0,0,6,1,7,0,0,0,0,0
MEG_2022|Metals|Copper_resistance|Copper_resistance_protein|COPA|MEG_2022|COPA-2022_A_571_T,0,3,7,0,8,0,0,0,0,0
MEG_2022|Metals|Copper_resistance|Copper_resistance_protein|COPA|MEG_2022|COPA-2022_T_1190_C,2,1,3,1,5,0,0,0,0,0
MEG_2023|Metals|Copper_resistance|Copper_resistance_protein|COPA|MEG_2023|COPA-2023_T_577_A,1,5,8,0,5,0,0,0,0,0
MEG_2023|Metals|Copper_resistance|Copper_resistance_protein|COPA|MEG_2023|COPA-2023_A_812_C,3,1,5,0,4,0,0,0,0,0
MEG_2023|Metals|Copper_resistance|Copper_resistance_protein|COPA|MEG_2023|COPA-2023_T_1001_G,1,1,9,0,2,0,0,0,0,0
MEG_2023|Metals|Copper_resistance|Copper_resistance_protein|COPA|MEG_2023|COPA-2023_A_1323_T,1,2,1,0,2,0,0,0,0,0
MEG_2023|Metals|Copper_resistance|Copper_resistance_protein|COPA|MEG_2023|COPA-2023_C_1355_G,0,1,3,0,2,0,0,0,0,0
MEG_2023|Metals|Copper_resistance|Copper_resistance_protein|COPA|MEG_2023|COPA-2023_A_1496_G,1,1,9,0,1,0,0,0,0,0
MEG_2023|Metals|Copper_resistance|Copper_resistance_protein|COPA|MEG_2023|COPA-2023_G_1615_T,0,1,3,0,5,0,0,0,0,0
MEG_2025|Metals|Copper_resistance|Copper_resistance_protein|COPA|MEG_2025|COPA-2025_C_952_T,0,0,0,0,0,1,1,2,3,1
MEG_2025|Metals|Copper_resistance|Copper_resistance_protein|COPA|MEG_2025|COPA-2025_T_1348_C,0,0,0,0,0,0,3,0,1,0
MEG_2025|Metals|Copper_resistance|Copper_resistance_protein|COPA|MEG_2025|COPA-2025_G_1372_A,0,0,0,0,0,1,2,2,0,1
MEG_2025|Metals|Copper_resistance|Copper_resistance_protein|COPA|MEG_2025|COPA-2025_A_1373_T,0,0,0,0,0,0,4,0,1,0
MEG_2025|Metals|Copper_resistance|Copper_resistance_protein|COPA|MEG_2025|COPA-2025_A_1607_G,0,0,0,0,0,0,4,0,1,0
MEG_2030|Metals|Copper_resistance|Copper_resistance_protein|COPA|MEG_2030|COPA-2030_G_73_T,0,0,0,0,0,3,2,1,0,0
MEG_2030|Metals|Copper_resistance|Copper_resistance_protein|COPA|MEG_2030|COPA-2030_C_952_T,0,0,0,0,0,2,1,1,3,0
MEG_2030|Metals|Copper_resistance|Copper_resistance_protein|COPA|MEG_2030|COPA-2030_C_1143_G,0,0,0,0,0,0,4,0,0,1
MEG_2030|Metals|Copper_resistance|Copper_resistance_protein|COPA|MEG_2030|COPA-2030_G_1372_A,0,0,0,0,0,4,2,3,3,2
MEG_2032|Metals|Copper_resistance|Copper_resistance_protein|COPA|MEG_2032|COPA-2032_T_236_G,0,0,0,0,0,6,6,12,4,0
MEG_2032|Metals|Copper_resistance|Copper_resistance_protein|COPA|MEG_2032|COPA-2032_C_280_T,0,0,0,0,0,6,9,11,4,0
MEG_2032|Metals|Copper_resistance|Copper_resistance_protein|COPA|MEG_2032|COPA-2032_C_1089_T,0,0,0,0,0,11,13,6,4,0
MEG_2032|Metals|Copper_resistance|Copper_resistance_protein|COPA|MEG_2032|COPA-2032_G_1759_C,0,0,0,0,0,9,9,9,3,0
MEG_2032|Metals|Copper_resistance|Copper_resistance_protein|COPA|MEG_2032|COPA-2032_G_1873_A,0,0,0,0,0,9,13,10,0,0
MEG_2036|Metals|Copper_resistance|Copper_resistance_protein|COPB|MEG_2036|COPB-2036_A_89_G,0,0,0,0,0,1,2,5,1,0
MEG_2036|Metals|Copper_resistance|Copper_resistance_protein|COPB|MEG_2036|COPB-2036_A_390_T,0,0,0,0,0,1,2,4,1,0
MEG_2036|Metals|Copper_resistance|Copper_resistance_protein|COPB|MEG_2036|COPB-2036_G_430_C,0,0,0,0,0,1,3,6,3,0
MEG_2036|Metals|Copper_resistance|Copper_resistance_protein|COPB|MEG_2036|COPB-2036_T_535_C,0,0,0,0,0,0,2,5,1,0
MEG_2036|Metals|Copper_resistance|Copper_resistance_protein|COPB|MEG_2036|COPB-2036_G_564_A,0,0,0,0,0,0,3,8,2,0
MEG_2036|Metals|Copper_resistance|Copper_resistance_protein|COPB|MEG_2036|COPB-2036_G_583_T,0,0,0,0,0,0,2,7,2,0
MEG_2036|Metals|Copper_resistance|Copper_resistance_protein|COPB|MEG_2036|COPB-2036_A_653_T,0,0,0,0,0,2,0,4,0,0
MEG_2036|Metals|Copper_resistance|Copper_resistance_protein|COPB|MEG_2036|COPB-2036_G_713_A,0,0,0,0,0,1,0,6,2,0
MEG_2036|Metals|Copper_resistance|Copper_resistance_protein|COPB|MEG_2036|COPB-2036_A_804_C,0,0,0,0,0,0,3,7,4,0
MEG_2037|Metals|Copper_resistance|Copper_resistance_protein|COPB|MEG_2037|COPB-2037_C_710_A,0,0,0,0,0,0,2,8,3,1
MEG_2038|Metals|Copper_resistance|Copper_resistance_protein|COPB|MEG_2038|COPB-2038_C_43_G,0,0,0,0,0,0,8,0,0,0
MEG_2038|Metals|Copper_resistance|Copper_resistance_protein|COPB|MEG_2038|COPB-2038_C_123_A,0,0,0,0,0,1,5,0,0,1
MEG_2038|Metals|Copper_resistance|Copper_resistance_protein|COPB|MEG_2038|COPB-2038_C_262_A,0,2,4,5,2,0,0,0,0,0
MEG_2038|Metals|Copper_resistance|Copper_resistance_protein|COPB|MEG_2038|COPB-2038_C_268_A,0,0,0,0,0,2,10,2,0,4
MEG_2038|Metals|Copper_resistance|Copper_resistance_protein|COPB|MEG_2038|COPB-2038_C_344_A,0,0,1,4,3,0,0,0,0,0
MEG_2038|Metals|Copper_resistance|Copper_resistance_protein|COPB|MEG_2038|COPB-2038_G_356_A,0,0,0,0,0,1,6,3,1,2
MEG_2038|Metals|Copper_resistance|Copper_resistance_protein|COPB|MEG_2038|COPB-2038_C_381_T,0,0,3,6,3,0,0,0,0,0
MEG_2038|Metals|Copper_resistance|Copper_resistance_protein|COPB|MEG_2038|COPB-2038_C_756_G,0,0,0,0,0,1,5,0,0,0
MEG_2038|Metals|Copper_resistance|Copper_resistance_protein|COPB|MEG_2038|COPB-2038_T_767_C,0,0,2,3,1,0,0,0,0,0
MEG_2038|Metals|Copper_resistance|Copper_resistance_protein|COPB|MEG_2038|COPB-2038_C_818_A,0,0,1,3,0,0,0,0,0,0
MEG_2038|Metals|Copper_resistance|Copper_resistance_protein|COPB|MEG_2038|COPB-2038_T_822_A,0,0,0,0,0,0,8,0,0,0
MEG_2038|Metals|Copper_resistance|Copper_resistance_protein|COPB|MEG_2038|COPB-2038_C_905_T,0,0,0,0,0,0,11,2,0,0
MEG_2039|Metals|Copper_resistance|Copper_resistance_protein|COPB|MEG_2039|COPB-2039_A_390_T,2,1,2,2,0,0,0,0,0,0
MEG_2045|Metals|Copper_resistance|Copper_resistance_protein|COPC|MEG_2045|COPC-2045_C_189_A,0,0,0,0,0,4,0,0,0,0
MEG_2047|Metals|Copper_resistance|Copper_resistance_protein|COPC|MEG_2047|COPC-2047_C_74_G,0,0,0,0,0,1,2,1,0,0
MEG_2051|Metals|Copper_resistance|Copper_resistance_protein|COPD|MEG_2051|COPD-2051_G_455_A,0,0,0,0,0,3,1,4,0,0
MEG_2051|Metals|Copper_resistance|Copper_resistance_protein|COPD|MEG_2051|COPD-2051_A_474_T,2,0,6,0,1,0,0,0,0,0
MEG_2051|Metals|Copper_resistance|Copper_resistance_protein|COPD|MEG_2051|COPD-2051_G_496_A,2,0,5,0,0,0,0,0,0,0
MEG_2051|Metals|Copper_resistance|Copper_resistance_protein|COPD|MEG_2051|COPD-2051_G_578_C,2,1,4,0,1,0,0,0,0,0
MEG_2051|Metals|Copper_resistance|Copper_resistance_protein|COPD|MEG_2051|COPD-2051_T_593_C,0,0,0,0,0,3,1,0,1,0
MEG_2051|Metals|Copper_resistance|Copper_resistance_protein|COPD|MEG_2051|COPD-2051_T_625_G,0,0,0,0,0,3,0,2,1,0
MEG_2051|Metals|Copper_resistance|Copper_resistance_protein|COPD|MEG_2051|COPD-2051_A_732_G,0,0,0,0,0,0,2,4,1,0
MEG_2051|Metals|Copper_resistance|Copper_resistance_protein|COPD|MEG_2051|COPD-2051_A_800_T,0,0,0,0,0,2,2,1,0,1
MEG_2052|Metals|Copper_resistance|Copper_resistance_protein|COPD|MEG_2052|COPD-2052_G_97_T,0,0,0,2,3,0,0,0,0,0
MEG_2052|Metals|Copper_resistance|Copper_resistance_protein|COPD|MEG_2052|COPD-2052_A_138_T,0,0,0,5,3,0,0,0,0,0
MEG_2052|Metals|Copper_resistance|Copper_resistance_protein|COPD|MEG_2052|COPD-2052_C_200_G,0,0,0,4,1,0,0,0,0,0
MEG_2052|Metals|Copper_resistance|Copper_resistance_protein|COPD|MEG_2052|COPD-2052_G_383_C,0,0,0,5,0,0,0,0,0,0
MEG_2053|Metals|Copper_resistance|Copper_resistance_protein|COPD|MEG_2053|COPD-2053_T_157_A,0,0,0,0,0,2,2,0,0,2
MEG_2053|Metals|Copper_resistance|Copper_resistance_protein|COPD|MEG_2053|COPD-2053_A_467_G,0,0,0,0,0,2,1,3,0,2
MEG_2053|Metals|Copper_resistance|Copper_resistance_protein|COPD|MEG_2053|COPD-2053_A_522_G,0,0,0,0,0,2,1,3,0,2
MEG_2053|Metals|Copper_resistance|Copper_resistance_protein|COPD|MEG_2053|COPD-2053_G_582_C,0,0,0,0,0,2,3,3,1,0
MEG_2053|Metals|Copper_resistance|Copper_resistance_protein|COPD|MEG_2053|COPD-2053_G_618_T,0,0,0,0,0,2,3,3,1,0
MEG_2059|Metals|Copper_resistance|Copper_resistance_protein|COPG|MEG_2059|COPG-2059_A_94_G,0,0,0,0,4,0,0,0,0,0
MEG_2069|Metals|Copper_resistance|Copper_resistance_regulator|COPR|MEG_2069|COPR-2069_A_20_C,0,0,0,0,0,0,5,0,0,0
MEG_2069|Metals|Copper_resistance|Copper_resistance_regulator|COPR|MEG_2069|COPR-2069_G_42_C,0,0,0,0,0,0,8,0,0,0
MEG_2069|Metals|Copper_resistance|Copper_resistance_regulator|COPR|MEG_2069|COPR-2069_A_320_C,0,0,0,0,0,0,4,0,0,1
MEG_2069|Metals|Copper_resistance|Copper_resistance_regulator|COPR|MEG_2069|COPR-2069_G_480_A,0,0,0,0,0,0,5,1,1,0
MEG_2069|Metals|Copper_resistance|Copper_resistance_regulator|COPR|MEG_2069|COPR-2069_C_628_A,0,0,0,0,0,0,6,0,2,0
MEG_2071|Metals|Copper_resistance|Copper_resistance_regulator|COPR|MEG_2071|COPR-2071_G_238_A,0,0,2,2,0,0,0,0,0,0
MEG_2073|Metals|Copper_resistance|Copper_resistance_regulator|COPR|MEG_2073|COPR-2073_G_38_C,2,1,0,0,2,0,0,0,0,0
MEG_2073|Metals|Copper_resistance|Copper_resistance_regulator|COPR|MEG_2073|COPR-2073_C_232_T,1,2,0,0,4,0,0,0,0,0
MEG_2073|Metals|Copper_resistance|Copper_resistance_regulator|COPR|MEG_2073|COPR-2073_C_277_G,2,2,0,0,3,0,0,0,0,0
MEG_2073|Metals|Copper_resistance|Copper_resistance_regulator|COPR|MEG_2073|COPR-2073_C_313_A,1,2,0,0,1,0,0,0,0,0
MEG_2073|Metals|Copper_resistance|Copper_resistance_regulator|COPR|MEG_2073|COPR-2073_A_461_C,3,0,0,1,5,0,0,0,0,0
MEG_2073|Metals|Copper_resistance|Copper_resistance_regulator|COPR|MEG_2073|COPR-2073_A_503_C,2,0,0,0,6,0,0,0,0,0
MEG_2073|Metals|Copper_resistance|Copper_resistance_regulator|COPR|MEG_2073|COPR-2073_T_616_G,3,1,0,0,4,0,0,0,0,0
MEG_2077|Metals|Copper_resistance|Copper_resistance_regulator|COPS|MEG_2077|COPS-2077_C_158_A,0,2,0,11,0,0,0,0,0,0
MEG_2077|Metals|Copper_resistance|Copper_resistance_regulator|COPS|MEG_2077|COPS-2077_C_376_T,1,3,0,9,1,0,0,0,0,0
MEG_2077|Metals|Copper_resistance|Copper_resistance_regulator|COPS|MEG_2077|COPS-2077_C_1000_T,0,7,2,11,0,0,0,0,0,0
MEG_2077|Metals|Copper_resistance|Copper_resistance_regulator|COPS|MEG_2077|COPS-2077_G_1057_T,0,4,3,6,0,0,0,0,0,0
MEG_2077|Metals|Copper_resistance|Copper_resistance_regulator|COPS|MEG_2077|COPS-2077_C_1131_T,0,5,1,6,0,0,0,0,0,0
MEG_2077|Metals|Copper_resistance|Copper_resistance_regulator|COPS|MEG_2077|COPS-2077_G_1196_A,1,5,0,7,0,0,0,0,0,0
MEG_2077|Metals|Copper_resistance|Copper_resistance_regulator|COPS|MEG_2077|COPS-2077_A_1413_C,1,2,0,8,0,0,0,0,0,0
MEG_2084|Metals|Multi-metal_resistance|Multi-metal_resistance_protein|CORA|MEG_2084|CORA-2084_C_101_T,0,0,0,0,0,7,1,0,0,0
MEG_2084|Metals|Multi-metal_resistance|Multi-metal_resistance_protein|CORA|MEG_2084|CORA-2084_G_853_A,0,0,0,0,0,8,0,0,0,0
MEG_2085|Metals|Multi-metal_resistance|Multi-metal_resistance_protein|CORA|MEG_2085|CORA-2085_G_537_A,0,0,0,0,0,0,1,3,0,0
MEG_2085|Metals|Multi-metal_resistance|Multi-metal_resistance_protein|CORA|MEG_2085|CORA-2085_G_711_C,0,0,0,0,0,0,0,4,0,0
MEG_2087|Metals|Multi-metal_resistance|Multi-metal_resistance_protein|CORA|MEG_2087|CORA-2087_C_496_G,0,0,0,0,0,1,2,1,0,0
MEG_2087|Metals|Multi-metal_resistance|Multi-metal_resistance_protein|CORA|MEG_2087|CORA-2087_G_519_T,0,0,0,0,0,2,2,1,0,0
MEG_2087|Metals|Multi-metal_resistance|Multi-metal_resistance_protein|CORA|MEG_2087|CORA-2087_C_685_T,0,0,0,0,0,1,2,2,0,0
MEG_2087|Metals|Multi-metal_resistance|Multi-metal_resistance_protein|CORA|MEG_2087|CORA-2087_G_807_T,0,0,0,0,0,0,0,4,0,0
MEG_2088|Metals|Multi-metal_resistance|Multi-metal_resistance_protein|CORB|MEG_2088|CORB-2088_C_522_A,2,1,0,1,0,0,0,0,0,0
MEG_2089|Metals|Multi-metal_resistance|Multi-metal_resistance_protein|CORC|MEG_2089|CORC-2089_T_65_G,0,0,0,0,0,4,1,2,0,0
MEG_2089|Metals|Multi-metal_resistance|Multi-metal_resistance_protein|CORC|MEG_2089|CORC-2089_T_415_A,0,0,0,0,0,2,0,2,0,0
MEG_2089|Metals|Multi-metal_resistance|Multi-metal_resistance_protein|CORC|MEG_2089|CORC-2089_T_416_C,0,0,0,0,0,2,0,2,0,0
MEG_2090|Metals|Multi-metal_resistance|Multi-metal_resistance_protein|CORC|MEG_2090|CORC-2090_A_128_T,0,0,0,0,0,3,2,1,0,1
MEG_2090|Metals|Multi-metal_resistance|Multi-metal_resistance_protein|CORC|MEG_2090|CORC-2090_C_136_G,0,0,0,0,0,3,2,2,0,1
MEG_2090|Metals|Multi-metal_resistance|Multi-metal_resistance_protein|CORC|MEG_2090|CORC-2090_T_360_C,0,0,0,0,0,1,2,0,0,1
MEG_2091|Metals|Multi-metal_resistance|Multi-metal_resistance_protein|CORC|MEG_2091|CORC-2091_T_65_G,0,0,0,0,0,4,1,1,0,1
MEG_2091|Metals|Multi-metal_resistance|Multi-metal_resistance_protein|CORC|MEG_2091|CORC-2091_T_314_A,0,0,0,0,0,6,0,1,0,1
MEG_2091|Metals|Multi-metal_resistance|Multi-metal_resistance_protein|CORC|MEG_2091|CORC-2091_T_373_A,0,0,0,0,0,4,1,1,0,0
MEG_2091|Metals|Multi-metal_resistance|Multi-metal_resistance_protein|CORC|MEG_2091|CORC-2091_T_415_A,0,0,0,0,0,3,1,1,0,0
MEG_2091|Metals|Multi-metal_resistance|Multi-metal_resistance_protein|CORC|MEG_2091|CORC-2091_T_416_C,0,0,0,0,0,3,1,1,0,0
MEG_2091|Metals|Multi-metal_resistance|Multi-metal_resistance_protein|CORC|MEG_2091|CORC-2091_C_616_G,0,0,0,0,0,2,1,1,0,0
MEG_2091|Metals|Multi-metal_resistance|Multi-metal_resistance_protein|CORC|MEG_2091|CORC-2091_T_668_C,0,0,0,0,0,2,0,1,0,1
MEG_2096|Metals|Cobalt_resistance|Cobalt_transporting_ATPase|CORT|MEG_2096|CORT-2096_C_971_A,0,1,0,1,4,0,0,0,0,0
MEG_2096|Metals|Cobalt_resistance|Cobalt_transporting_ATPase|CORT|MEG_2096|CORT-2096_C_1093_T,0,0,0,0,0,15,15,1,2,3
MEG_2096|Metals|Cobalt_resistance|Cobalt_transporting_ATPase|CORT|MEG_2096|CORT-2096_T_1503_C,0,1,2,0,1,0,0,0,0,0
MEG_2113|Drugs|Phenicol|Chloramphenicol_phosphotransferase|CPT|MEG_2113|CPT-2113_a_83_G,0,0,1,3,0,0,0,0,0,0
MEG_2114|Drugs|Phenicol|Chloramphenicol_phosphotransferase|CPT|MEG_2114|CPT-2114_g_450_C,0,0,0,0,0,0,2,1,0,1
MEG_2118|Multi-compound|Drug_and_biocide_resistance|Drug_and_biocide_RND_efflux_regulator|CPXAR|MEG_2118|CPXAR-2118_G_73_C,3,0,0,1,0,0,0,0,0,0
MEG_2118|Multi-compound|Drug_and_biocide_resistance|Drug_and_biocide_RND_efflux_regulator|CPXAR|MEG_2118|CPXAR-2118_T_122_G,5,0,0,1,0,0,0,0,0,0
MEG_2118|Multi-compound|Drug_and_biocide_resistance|Drug_and_biocide_RND_efflux_regulator|CPXAR|MEG_2118|CPXAR-2118_C_334_A,1,0,2,1,0,0,0,0,0,0
MEG_2127|Metals|Copper_resistance|Copper_resistance_regulator|CRDR|MEG_2127|CRDR-2127_T_280_G,2,0,2,0,0,0,0,0,0,0
MEG_2139|Metals|Multi-metal_resistance|Multi-metal_resistance_protein|CTPC|MEG_2139|CTPC-2139_C_1073_T,0,0,0,0,0,21,0,4,2,4
MEG_2139|Metals|Multi-metal_resistance|Multi-metal_resistance_protein|CTPC|MEG_2139|CTPC-2139_G_1245_T,0,0,0,0,0,19,0,3,1,1
MEG_2139|Metals|Multi-metal_resistance|Multi-metal_resistance_protein|CTPC|MEG_2139|CTPC-2139_C_1442_A,0,0,0,0,0,14,0,0,4,1
MEG_2142|Metals|Copper_resistance|Copper_resistance_protein|CTPV|MEG_2142|CTPV-2142_C_1144_A,0,0,0,0,0,0,0,1,0,3
MEG_2142|Metals|Copper_resistance|Copper_resistance_protein|CTPV|MEG_2142|CTPV-2142_G_1701_T,0,0,0,0,0,0,0,1,0,3
MEG_2143|Metals|Copper_resistance|Copper_resistance_protein|CTPV|MEG_2143|CTPV-2143_C_1078_A,0,0,0,0,0,0,0,2,1,1
MEG_2351|Drugs|betalactams|Class_A_betalactamases|CTX|MEG_2351|CTX-2351_C_103_G,1,0,3,7,2,0,0,0,0,0
MEG_2393|Drugs|betalactams|Class_A_betalactamases|CTX|MEG_2393|CTX-2393_G_279_A,0,0,0,0,0,1,3,0,0,0
MEG_2393|Drugs|betalactams|Class_A_betalactamases|CTX|MEG_2393|CTX-2393_A_1124_G,0,0,0,0,0,1,5,0,0,0
MEG_2421|Drugs|betalactams|Class_A_betalactamases|CTX|MEG_2421|CTX-2421_C_525_G,0,0,0,0,0,1,2,0,0,1
MEG_2421|Drugs|betalactams|Class_A_betalactamases|CTX|MEG_2421|CTX-2421_A_1114_G,0,0,0,0,0,1,2,0,0,2
MEG_2423|Drugs|betalactams|Class_A_betalactamases|CTX|MEG_2423|CTX-2423_C_24_G,0,0,0,0,0,0,4,0,0,2
MEG_2423|Drugs|betalactams|Class_A_betalactamases|CTX|MEG_2423|CTX-2423_T_58_A,0,0,0,0,0,1,4,0,0,2
MEG_2423|Drugs|betalactams|Class_A_betalactamases|CTX|MEG_2423|CTX-2423_G_225_A,0,0,0,0,0,2,1,0,0,1
MEG_2423|Drugs|betalactams|Class_A_betalactamases|CTX|MEG_2423|CTX-2423_C_481_G,0,0,0,0,0,0,4,0,0,0
MEG_2423|Drugs|betalactams|Class_A_betalactamases|CTX|MEG_2423|CTX-2423_T_656_G,0,0,0,0,0,0,5,0,0,0
MEG_2423|Drugs|betalactams|Class_A_betalactamases|CTX|MEG_2423|CTX-2423_G_883_C,0,0,0,0,0,1,4,0,0,1
MEG_2432|Drugs|betalactams|Class_A_betalactamases|CTX|MEG_2432|CTX-2432_C_619_A,1,0,2,1,4,0,0,0,0,0
MEG_2432|Drugs|betalactams|Class_A_betalactamases|CTX|MEG_2432|CTX-2432_C_874_T,1,0,1,0,2,0,0,0,0,0
MEG_2432|Drugs|betalactams|Class_A_betalactamases|CTX|MEG_2432|CTX-2432_C_887_A,1,0,1,0,2,0,0,0,0,0
MEG_2440|Metals|Copper_resistance|Copper_resistance_protein|CUEO|MEG_2440|CUEO-2440_G_623_C,0,0,0,0,0,0,4,0,4,0
MEG_2440|Metals|Copper_resistance|Copper_resistance_protein|CUEO|MEG_2440|CUEO-2440_G_804_C,0,0,0,0,0,0,2,0,5,0
MEG_2440|Metals|Copper_resistance|Copper_resistance_protein|CUEO|MEG_2440|CUEO-2440_C_991_G,0,0,0,0,0,0,9,0,1,0
MEG_2440|Metals|Copper_resistance|Copper_resistance_protein|CUEO|MEG_2440|CUEO-2440_T_1265_C,0,0,0,0,0,0,3,0,2,0
MEG_2444|Multi-compound|Biocide_and_metal_resistance|Biocide_and_metal_resistance_protein|CUID|MEG_2444|CUID-2444_C_235_G,0,0,0,0,0,3,8,1,0,2
MEG_2444|Multi-compound|Biocide_and_metal_resistance|Biocide_and_metal_resistance_protein|CUID|MEG_2444|CUID-2444_G_294_C,0,10,1,1,1,0,0,0,0,0
MEG_2444|Multi-compound|Biocide_and_metal_resistance|Biocide_and_metal_resistance_protein|CUID|MEG_2444|CUID-2444_G_478_C,0,0,0,0,0,5,5,0,0,2
MEG_2444|Multi-compound|Biocide_and_metal_resistance|Biocide_and_metal_resistance_protein|CUID|MEG_2444|CUID-2444_G_852_T,0,14,4,1,0,0,0,0,0,0
MEG_2444|Multi-compound|Biocide_and_metal_resistance|Biocide_and_metal_resistance_protein|CUID|MEG_2444|CUID-2444_G_856_A,0,14,4,1,0,0,0,0,0,0
MEG_2444|Multi-compound|Biocide_and_metal_resistance|Biocide_and_metal_resistance_protein|CUID|MEG_2444|CUID-2444_C_952_A,1,16,11,4,0,0,0,0,0,0
MEG_2444|Multi-compound|Biocide_and_metal_resistance|Biocide_and_metal_resistance_protein|CUID|MEG_2444|CUID-2444_C_977_T,1,22,10,3,0,0,0,0,0,0
MEG_2444|Multi-compound|Biocide_and_metal_resistance|Biocide_and_metal_resistance_protein|CUID|MEG_2444|CUID-2444_A_1105_G,0,0,0,0,0,7,9,0,1,0
MEG_2444|Multi-compound|Biocide_and_metal_resistance|Biocide_and_metal_resistance_protein|CUID|MEG_2444|CUID-2444_C_1157_A,0,14,2,3,0,0,0,0,0,0
MEG_2445|Multi-compound|Biocide_and_metal_resistance|Biocide_and_metal_resistance_protein|CUID|MEG_2445|CUID-2445_C_235_G,0,0,0,0,0,3,2,1,0,0
MEG_2445|Multi-compound|Biocide_and_metal_resistance|Biocide_and_metal_resistance_protein|CUID|MEG_2445|CUID-2445_G_294_C,0,6,5,0,1,0,0,0,0,0
MEG_2445|Multi-compound|Biocide_and_metal_resistance|Biocide_and_metal_resistance_protein|CUID|MEG_2445|CUID-2445_G_478_C,0,0,0,0,0,3,6,1,1,0
MEG_2445|Multi-compound|Biocide_and_metal_resistance|Biocide_and_metal_resistance_protein|CUID|MEG_2445|CUID-2445_G_852_T,0,10,5,1,2,0,0,0,0,0
MEG_2445|Multi-compound|Biocide_and_metal_resistance|Biocide_and_metal_resistance_protein|CUID|MEG_2445|CUID-2445_G_856_A,0,9,5,1,2,0,0,0,0,0
MEG_2445|Multi-compound|Biocide_and_metal_resistance|Biocide_and_metal_resistance_protein|CUID|MEG_2445|CUID-2445_A_1105_G,0,0,0,0,0,2,2,1,2,0
MEG_2445|Multi-compound|Biocide_and_metal_resistance|Biocide_and_metal_resistance_protein|CUID|MEG_2445|CUID-2445_C_1157_A,0,13,2,0,1,0,0,0,0,0
MEG_2448|Metals|Multi-metal_resistance|Multi-metal_RND_efflux_pumps|CUSC|MEG_2448|CUSC-2448_A_191_C,0,0,0,0,0,9,8,2,0,4
MEG_2448|Metals|Multi-metal_resistance|Multi-metal_RND_efflux_pumps|CUSC|MEG_2448|CUSC-2448_G_264_T,0,0,0,0,0,6,4,1,0,3
MEG_2448|Metals|Multi-metal_resistance|Multi-metal_RND_efflux_pumps|CUSC|MEG_2448|CUSC-2448_G_279_A,0,0,0,0,0,5,5,1,0,3
MEG_2448|Metals|Multi-metal_resistance|Multi-metal_RND_efflux_pumps|CUSC|MEG_2448|CUSC-2448_A_546_T,0,0,0,0,0,8,6,1,0,6
MEG_2448|Metals|Multi-metal_resistance|Multi-metal_RND_efflux_pumps|CUSC|MEG_2448|CUSC-2448_T_632_A,0,0,0,0,0,9,7,3,0,7
MEG_2448|Metals|Multi-metal_resistance|Multi-metal_RND_efflux_pumps|CUSC|MEG_2448|CUSC-2448_T_720_C,0,0,0,0,0,10,8,2,0,5
MEG_2448|Metals|Multi-metal_resistance|Multi-metal_RND_efflux_pumps|CUSC|MEG_2448|CUSC-2448_C_965_T,0,0,0,0,0,6,8,1,0,1
MEG_2448|Metals|Multi-metal_resistance|Multi-metal_RND_efflux_pumps|CUSC|MEG_2448|CUSC-2448_T_970_A,0,0,0,0,0,6,8,1,0,2
MEG_2448|Metals|Multi-metal_resistance|Multi-metal_RND_efflux_pumps|CUSC|MEG_2448|CUSC-2448_G_1017_C,0,0,0,0,0,9,8,0,0,3
MEG_2448|Metals|Multi-metal_resistance|Multi-metal_RND_efflux_pumps|CUSC|MEG_2448|CUSC-2448_T_1236_A,0,0,0,0,0,7,6,1,0,6
MEG_2450|Metals|Multi-metal_resistance|Multi-metal_RND_efflux_pumps|CUSC|MEG_2450|CUSC-2450_A_191_C,0,0,0,0,0,3,5,0,0,4
MEG_2450|Metals|Multi-metal_resistance|Multi-metal_RND_efflux_pumps|CUSC|MEG_2450|CUSC-2450_G_264_T,0,0,0,0,0,1,4,0,0,4
MEG_2450|Metals|Multi-metal_resistance|Multi-metal_RND_efflux_pumps|CUSC|MEG_2450|CUSC-2450_G_279_A,0,0,0,0,0,1,2,0,0,2
MEG_2450|Metals|Multi-metal_resistance|Multi-metal_RND_efflux_pumps|CUSC|MEG_2450|CUSC-2450_A_546_T,0,0,0,0,0,1,2,0,0,1
MEG_2450|Metals|Multi-metal_resistance|Multi-metal_RND_efflux_pumps|CUSC|MEG_2450|CUSC-2450_T_632_A,0,0,0,0,0,1,2,0,0,4
MEG_2450|Metals|Multi-metal_resistance|Multi-metal_RND_efflux_pumps|CUSC|MEG_2450|CUSC-2450_T_720_C,0,0,0,0,0,2,2,1,0,1
MEG_2450|Metals|Multi-metal_resistance|Multi-metal_RND_efflux_pumps|CUSC|MEG_2450|CUSC-2450_C_965_T,0,0,0,0,0,1,2,0,0,1
MEG_2450|Metals|Multi-metal_resistance|Multi-metal_RND_efflux_pumps|CUSC|MEG_2450|CUSC-2450_T_970_A,0,0,0,0,0,1,2,0,0,1
MEG_2455|Metals|Copper_resistance|Copper_resistance_protein|CUTC|MEG_2455|CUTC-2455_A_16_T,2,0,2,1,1,0,0,0,0,0
MEG_2455|Metals|Copper_resistance|Copper_resistance_protein|CUTC|MEG_2455|CUTC-2455_G_23_A,2,0,2,1,1,0,0,0,0,0
MEG_2455|Metals|Copper_resistance|Copper_resistance_protein|CUTC|MEG_2455|CUTC-2455_T_119_G,0,0,0,0,0,0,3,0,1,0
MEG_2455|Metals|Copper_resistance|Copper_resistance_protein|CUTC|MEG_2455|CUTC-2455_G_184_C,0,0,1,3,1,0,0,0,0,0
MEG_2455|Metals|Copper_resistance|Copper_resistance_protein|CUTC|MEG_2455|CUTC-2455_G_544_T,1,0,1,1,1,0,0,0,0,0
MEG_2455|Metals|Copper_resistance|Copper_resistance_protein|CUTC|MEG_2455|CUTC-2455_T_625_C,0,0,0,0,0,0,6,0,0,0
MEG_2455|Metals|Copper_resistance|Copper_resistance_protein|CUTC|MEG_2455|CUTC-2455_C_634_A,1,0,2,1,0,0,0,0,0,0
MEG_2456|Metals|Copper_resistance|Copper_resistance_protein|CUTC|MEG_2456|CUTC-2456_G_270_C,0,0,2,2,1,0,0,0,0,0
MEG_2456|Metals|Copper_resistance|Copper_resistance_protein|CUTC|MEG_2456|CUTC-2456_C_423_A,1,0,1,2,0,0,0,0,0,0
MEG_2458|Metals|Copper_resistance|Copper_resistance_protein|CUTF|MEG_2458|CUTF-2458_T_642_A,0,0,0,0,0,0,6,2,1,0
MEG_2463|Metals|Multi-metal_resistance|Multi-metal_RND_efflux_pumps|CZCB|MEG_2463|CZCB-2463_C_390_G,0,3,0,4,0,0,0,0,0,0
MEG_2463|Metals|Multi-metal_resistance|Multi-metal_RND_efflux_pumps|CZCB|MEG_2463|CZCB-2463_C_503_A,2,1,0,3,2,0,0,0,0,0
MEG_2463|Metals|Multi-metal_resistance|Multi-metal_RND_efflux_pumps|CZCB|MEG_2463|CZCB-2463_G_923_T,5,2,0,4,0,0,0,0,0,0
MEG_2463|Metals|Multi-metal_resistance|Multi-metal_RND_efflux_pumps|CZCB|MEG_2463|CZCB-2463_G_1008_A,6,2,0,7,4,0,0,0,0,0
MEG_2463|Metals|Multi-metal_resistance|Multi-metal_RND_efflux_pumps|CZCB|MEG_2463|CZCB-2463_C_1276_G,2,2,0,2,3,0,0,0,0,0
MEG_2463|Metals|Multi-metal_resistance|Multi-metal_RND_efflux_pumps|CZCB|MEG_2463|CZCB-2463_G_1322_A,2,1,0,0,4,0,0,0,0,0
MEG_2463|Metals|Multi-metal_resistance|Multi-metal_RND_efflux_pumps|CZCB|MEG_2463|CZCB-2463_G_1378_T,1,0,0,1,2,0,0,0,0,0
MEG_2463|Metals|Multi-metal_resistance|Multi-metal_RND_efflux_pumps|CZCB|MEG_2463|CZCB-2463_C_1380_G,1,0,0,1,2,0,0,0,0,0
MEG_2463|Metals|Multi-metal_resistance|Multi-metal_RND_efflux_pumps|CZCB|MEG_2463|CZCB-2463_G_1399_T,1,0,0,3,1,0,0,0,0,0
MEG_2464|Metals|Multi-metal_resistance|Multi-metal_RND_efflux_pumps|CZCB|MEG_2464|CZCB-2464_C_390_G,0,1,0,4,1,0,0,0,0,0
MEG_2464|Metals|Multi-metal_resistance|Multi-metal_RND_efflux_pumps|CZCB|MEG_2464|CZCB-2464_C_503_A,1,1,0,2,1,0,0,0,0,0
MEG_2464|Metals|Multi-metal_resistance|Multi-metal_RND_efflux_pumps|CZCB|MEG_2464|CZCB-2464_G_923_T,1,0,0,3,1,0,0,0,0,0
MEG_2464|Metals|Multi-metal_resistance|Multi-metal_RND_efflux_pumps|CZCB|MEG_2464|CZCB-2464_C_1276_G,4,2,0,4,1,0,0,0,0,0
MEG_2464|Metals|Multi-metal_resistance|Multi-metal_RND_efflux_pumps|CZCB|MEG_2464|CZCB-2464_G_1322_A,2,0,0,3,0,0,0,0,0,0
MEG_2465|Metals|Multi-metal_resistance|Multi-metal_RND_efflux_regulator|CZCC|MEG_2465|CZCC-2465_A_95_T,0,0,0,0,0,2,0,7,0,0
MEG_2465|Metals|Multi-metal_resistance|Multi-metal_RND_efflux_regulator|CZCC|MEG_2465|CZCC-2465_C_787_T,0,0,0,0,0,4,1,4,1,1
MEG_2465|Metals|Multi-metal_resistance|Multi-metal_RND_efflux_regulator|CZCC|MEG_2465|CZCC-2465_C_1278_T,0,0,0,0,0,2,2,9,1,1
MEG_2471|Metals|Multi-metal_resistance|Multi-metal_RND_efflux_pumps|CZCP|MEG_2471|CZCP-2471_C_19_T,0,0,0,0,0,1,2,0,2,0
MEG_2471|Metals|Multi-metal_resistance|Multi-metal_RND_efflux_pumps|CZCP|MEG_2471|CZCP-2471_T_30_C,0,0,0,0,0,1,2,1,2,0
MEG_2471|Metals|Multi-metal_resistance|Multi-metal_RND_efflux_pumps|CZCP|MEG_2471|CZCP-2471_C_45_T,0,0,0,0,0,2,4,1,3,0
MEG_2471|Metals|Multi-metal_resistance|Multi-metal_RND_efflux_pumps|CZCP|MEG_2471|CZCP-2471_C_1256_G,0,0,0,0,0,3,21,8,1,3
MEG_2471|Metals|Multi-metal_resistance|Multi-metal_RND_efflux_pumps|CZCP|MEG_2471|CZCP-2471_C_1702_G,0,0,0,0,0,3,12,5,2,6
MEG_2471|Metals|Multi-metal_resistance|Multi-metal_RND_efflux_pumps|CZCP|MEG_2471|CZCP-2471_T_2240_G,0,0,0,0,0,1,8,7,1,2
MEG_2471|Metals|Multi-metal_resistance|Multi-metal_RND_efflux_pumps|CZCP|MEG_2471|CZCP-2471_C_2485_A,0,0,0,0,0,1,2,1,1,1
MEG_2478|Metals|Multi-metal_resistance|Multi-metal_RND_efflux_pumps|CZNC|MEG_2478|CZNC-2478_A_340_C,3,0,1,1,3,0,0,0,0,0
MEG_2478|Metals|Multi-metal_resistance|Multi-metal_RND_efflux_pumps|CZNC|MEG_2478|CZNC-2478_T_411_C,4,0,0,0,5,0,0,0,0,0
MEG_2478|Metals|Multi-metal_resistance|Multi-metal_RND_efflux_pumps|CZNC|MEG_2478|CZNC-2478_G_432_T,4,0,0,0,5,0,0,0,0,0
MEG_2478|Metals|Multi-metal_resistance|Multi-metal_RND_efflux_pumps|CZNC|MEG_2478|CZNC-2478_A_467_C,3,0,0,1,3,0,0,0,0,0
MEG_2483|Drugs|Trimethoprim|Dihydrofolate_reductase|DFRA|MEG_2483|DFRA-2483_c_155_G,0,0,0,0,0,1,2,0,1,0
MEG_2485|Drugs|Trimethoprim|Dihydrofolate_reductase|DFRA|MEG_2485|DFRA-2485_g_61_C,1,0,2,1,0,0,0,0,0,0
MEG_2486|Drugs|Trimethoprim|Dihydrofolate_reductase|DFRA|MEG_2486|DFRA-2486_t_59_C,0,0,0,0,0,1,6,4,0,0
MEG_2486|Drugs|Trimethoprim|Dihydrofolate_reductase|DFRA|MEG_2486|DFRA-2486_t_66_A,0,0,0,0,0,1,6,4,0,0
MEG_2486|Drugs|Trimethoprim|Dihydrofolate_reductase|DFRA|MEG_2486|DFRA-2486_t_109_A,0,0,0,0,0,0,2,2,0,0
MEG_2486|Drugs|Trimethoprim|Dihydrofolate_reductase|DFRA|MEG_2486|DFRA-2486_t_216_G,0,0,0,0,0,0,2,1,0,1
MEG_2486|Drugs|Trimethoprim|Dihydrofolate_reductase|DFRA|MEG_2486|DFRA-2486_t_480_A,0,0,0,0,0,0,2,1,0,1
MEG_2493|Drugs|Trimethoprim|Dihydrofolate_reductase|DFRA|MEG_2493|DFRA-2493_c_91_A,0,0,0,0,0,1,2,1,0,0
MEG_2493|Drugs|Trimethoprim|Dihydrofolate_reductase|DFRA|MEG_2493|DFRA-2493_t_109_C,0,0,0,0,0,1,2,1,0,0
MEG_2531|Drugs|Trimethoprim|Dihydrofolate_reductase|DFRA|MEG_2531|DFRA-2531_t_321_A,0,0,1,3,0,0,0,0,0,0
MEG_2541|Drugs|Trimethoprim|Dihydrofolate_reductase|DFRA|MEG_2541|DFRA-2541_T_95_C,0,0,0,0,0,1,0,0,0,7
MEG_2541|Drugs|Trimethoprim|Dihydrofolate_reductase|DFRA|MEG_2541|DFRA-2541_A_183_C,0,0,0,0,0,0,0,0,0,9
MEG_2541|Drugs|Trimethoprim|Dihydrofolate_reductase|DFRA|MEG_2541|DFRA-2541_T_474_G,0,0,0,0,0,0,0,0,0,6
MEG_2541|Drugs|Trimethoprim|Dihydrofolate_reductase|DFRA|MEG_2541|DFRA-2541_G_517_T,0,0,0,0,0,0,0,0,0,6
MEG_2541|Drugs|Trimethoprim|Dihydrofolate_reductase|DFRA|MEG_2541|DFRA-2541_G_531_C,0,0,0,0,0,0,0,0,0,4
MEG_2544|Drugs|Trimethoprim|Dihydrofolate_reductase|DFRA|MEG_2544|DFRA-2544_C_96_T,0,0,0,0,0,0,5,1,0,1
MEG_2544|Drugs|Trimethoprim|Dihydrofolate_reductase|DFRA|MEG_2544|DFRA-2544_G_355_C,0,0,0,0,0,2,3,0,0,1
MEG_2544|Drugs|Trimethoprim|Dihydrofolate_reductase|DFRA|MEG_2544|DFRA-2544_T_543_G,0,0,0,0,0,1,1,1,0,1
MEG_2550|Drugs|Trimethoprim|Dihydrofolate_reductase|DFRA|MEG_2550|DFRA-2550_T_89_G,0,0,0,0,0,0,5,0,0,0
MEG_2556|Drugs|Trimethoprim|Dihydrofolate_reductase|DFRA|MEG_2556|DFRA-2556_T_122_G,0,0,0,0,0,0,0,0,0,6
MEG_2556|Drugs|Trimethoprim|Dihydrofolate_reductase|DFRA|MEG_2556|DFRA-2556_T_345_A,0,0,0,0,0,0,3,0,0,4
MEG_2556|Drugs|Trimethoprim|Dihydrofolate_reductase|DFRA|MEG_2556|DFRA-2556_T_413_A,0,0,0,0,0,0,3,1,0,3
MEG_2574|Drugs|Trimethoprim|Dihydrofolate_reductase|DFRD|MEG_2574|DFRD-2574_T_338_G,0,0,0,0,0,2,1,1,0,0
MEG_2578|Drugs|Trimethoprim|Dihydrofolate_reductase|DFRF|MEG_2578|DFRF-2578_A_112_C,0,0,0,0,0,1,3,0,0,1
MEG_2614|Drugs|Phenicol|Phenicol_resistance_MFS_efflux_pumps|DHAP|MEG_2614|DHAP-2614_C_474_T,0,2,4,0,0,0,0,0,0,0
MEG_2614|Drugs|Phenicol|Phenicol_resistance_MFS_efflux_pumps|DHAP|MEG_2614|DHAP-2614_A_523_T,0,0,0,0,0,1,9,1,1,0
MEG_2614|Drugs|Phenicol|Phenicol_resistance_MFS_efflux_pumps|DHAP|MEG_2614|DHAP-2614_T_573_C,1,1,3,0,0,0,0,0,0,0
MEG_2614|Drugs|Phenicol|Phenicol_resistance_MFS_efflux_pumps|DHAP|MEG_2614|DHAP-2614_T_710_C,0,0,0,0,0,0,12,3,1,0
MEG_2614|Drugs|Phenicol|Phenicol_resistance_MFS_efflux_pumps|DHAP|MEG_2614|DHAP-2614_A_732_G,0,0,0,0,0,0,13,1,2,0
MEG_2653|Metals|Copper_resistance|Copper_resistance_protein|DNAK|MEG_2653|DNAK-2653_C_109_G,0,0,0,0,0,0,0,1,1,3
MEG_2653|Metals|Copper_resistance|Copper_resistance_protein|DNAK|MEG_2653|DNAK-2653_C_153_G,0,0,0,0,0,0,0,0,1,5
MEG_2653|Metals|Copper_resistance|Copper_resistance_protein|DNAK|MEG_2653|DNAK-2653_G_328_A,0,0,0,0,0,0,4,2,0,0
MEG_2653|Metals|Copper_resistance|Copper_resistance_protein|DNAK|MEG_2653|DNAK-2653_G_559_A,1,1,0,1,1,0,0,0,0,0
MEG_2653|Metals|Copper_resistance|Copper_resistance_protein|DNAK|MEG_2653|DNAK-2653_C_606_A,0,0,0,0,0,0,5,1,0,2
MEG_2653|Metals|Copper_resistance|Copper_resistance_protein|DNAK|MEG_2653|DNAK-2653_C_663_T,0,0,0,0,0,0,5,2,0,2
MEG_2653|Metals|Copper_resistance|Copper_resistance_protein|DNAK|MEG_2653|DNAK-2653_G_778_A,0,0,0,0,0,0,5,1,1,0
MEG_2653|Metals|Copper_resistance|Copper_resistance_protein|DNAK|MEG_2653|DNAK-2653_T_802_C,0,0,0,0,0,0,2,0,1,2
MEG_2653|Metals|Copper_resistance|Copper_resistance_protein|DNAK|MEG_2653|DNAK-2653_C_1308_T,0,0,0,0,0,0,4,0,0,0
MEG_2653|Metals|Copper_resistance|Copper_resistance_protein|DNAK|MEG_2653|DNAK-2653_A_1414_C,0,0,0,0,0,1,8,0,0,0
MEG_2654|Metals|Copper_resistance|Copper_resistance_protein|DNAK|MEG_2654|DNAK-2654_G_328_A,0,0,0,0,0,0,5,1,1,1
MEG_2654|Metals|Copper_resistance|Copper_resistance_protein|DNAK|MEG_2654|DNAK-2654_G_559_A,7,0,0,11,0,0,0,0,0,0
MEG_2654|Metals|Copper_resistance|Copper_resistance_protein|DNAK|MEG_2654|DNAK-2654_C_606_A,0,0,0,0,0,0,7,1,1,0
MEG_2654|Metals|Copper_resistance|Copper_resistance_protein|DNAK|MEG_2654|DNAK-2654_C_648_G,0,0,0,0,0,0,1,1,2,3
MEG_2654|Metals|Copper_resistance|Copper_resistance_protein|DNAK|MEG_2654|DNAK-2654_C_663_T,0,0,0,0,0,0,11,4,0,0
MEG_2654|Metals|Copper_resistance|Copper_resistance_protein|DNAK|MEG_2654|DNAK-2654_G_778_A,0,0,0,0,0,0,8,1,0,1
MEG_2654|Metals|Copper_resistance|Copper_resistance_protein|DNAK|MEG_2654|DNAK-2654_T_802_C,0,0,0,0,0,0,3,1,1,2
MEG_2654|Metals|Copper_resistance|Copper_resistance_protein|DNAK|MEG_2654|DNAK-2654_G_910_C,1,1,0,7,0,0,0,0,0,0
MEG_2654|Metals|Copper_resistance|Copper_resistance_protein|DNAK|MEG_2654|DNAK-2654_C_1308_T,0,0,0,0,0,1,5,2,0,1
MEG_2654|Metals|Copper_resistance|Copper_resistance_protein|DNAK|MEG_2654|DNAK-2654_A_1414_C,0,0,0,0,0,0,8,0,0,0
MEG_2654|Metals|Copper_resistance|Copper_resistance_protein|DNAK|MEG_2654|DNAK-2654_C_1815_G,0,0,0,0,0,0,3,2,0,0
MEG_2656|Multi-compound|Biocide_and_metal_resistance|Biocide_and_metal_resistance_protein|DPR|MEG_2656|DPR-2656_T_319_G,3,0,0,0,2,0,0,0,0,0
MEG_2660|Multi-compound|Biocide_and_metal_resistance|Biocide_and_metal_resistance_protein|DPR|MEG_2660|DPR-2660_G_96_T,2,1,0,1,0,0,0,0,0,0
MEG_2660|Multi-compound|Biocide_and_metal_resistance|Biocide_and_metal_resistance_protein|DPR|MEG_2660|DPR-2660_C_102_A,2,1,0,1,0,0,0,0,0,0
MEG_2662|Multi-compound|Biocide_and_metal_resistance|Biocide_and_metal_resistance_protein|DPR|MEG_2662|DPR-2662_A_104_C,0,0,0,0,0,0,4,0,0,0
MEG_2698|Biocides|Multi-biocide_resistance|Multi-biocide_SMR_efflux_pump|EBRB|MEG_2698|EBRB-2698_T_84_A,0,0,0,0,0,3,1,0,0,1
MEG_2698|Biocides|Multi-biocide_resistance|Multi-biocide_SMR_efflux_pump|EBRB|MEG_2698|EBRB-2698_T_232_G,0,0,0,0,0,2,1,0,1,0
MEG_2700|Drugs|Cationic_antimicrobial_peptides|Edeine_acetyltransferase|EDEQ|MEG_2700|EDEQ-2700_G_85_A,0,0,4,2,0,0,0,0,0,0
MEG_2700|Drugs|Cationic_antimicrobial_peptides|Edeine_acetyltransferase|EDEQ|MEG_2700|EDEQ-2700_C_153_G,0,0,2,1,1,0,0,0,0,0
MEG_2700|Drugs|Cationic_antimicrobial_peptides|Edeine_acetyltransferase|EDEQ|MEG_2700|EDEQ-2700_G_169_T,0,0,2,1,1,0,0,0,0,0
MEG_2700|Drugs|Cationic_antimicrobial_peptides|Edeine_acetyltransferase|EDEQ|MEG_2700|EDEQ-2700_A_225_C,0,0,0,0,0,0,0,3,0,1
MEG_2700|Drugs|Cationic_antimicrobial_peptides|Edeine_acetyltransferase|EDEQ|MEG_2700|EDEQ-2700_A_248_C,1,0,2,0,1,0,0,0,0,0
MEG_2700|Drugs|Cationic_antimicrobial_peptides|Edeine_acetyltransferase|EDEQ|MEG_2700|EDEQ-2700_T_372_G,1,1,1,1,2,0,0,0,0,0
MEG_2700|Drugs|Cationic_antimicrobial_peptides|Edeine_acetyltransferase|EDEQ|MEG_2700|EDEQ-2700_C_416_T,1,1,0,1,2,0,0,0,0,0
MEG_2701|Biocides|Acid_resistance|Acid_resistance_protein|EEFA|MEG_2701|EEFA-2701_A_143_G,0,0,0,0,0,0,0,5,2,0
MEG_2701|Biocides|Acid_resistance|Acid_resistance_protein|EEFA|MEG_2701|EEFA-2701_G_552_T,2,3,7,0,0,0,0,0,0,0
MEG_2701|Biocides|Acid_resistance|Acid_resistance_protein|EEFA|MEG_2701|EEFA-2701_A_575_C,0,0,0,0,0,0,0,4,0,0
MEG_2701|Biocides|Acid_resistance|Acid_resistance_protein|EEFA|MEG_2701|EEFA-2701_G_577_C,0,0,0,0,0,0,0,4,0,1
MEG_2701|Biocides|Acid_resistance|Acid_resistance_protein|EEFA|MEG_2701|EEFA-2701_T_656_C,0,0,0,0,0,1,0,4,0,2
MEG_2701|Biocides|Acid_resistance|Acid_resistance_protein|EEFA|MEG_2701|EEFA-2701_C_681_T,2,0,3,0,0,0,0,0,0,0
MEG_2701|Biocides|Acid_resistance|Acid_resistance_protein|EEFA|MEG_2701|EEFA-2701_C_762_G,3,0,4,0,0,0,0,0,0,0
MEG_2714|Biocides|Quaternary_Ammonium_Compounds_(QACs)_resistance|QAC_efflux_pump|EMEA|MEG_2714|EMEA-2714_T_18_A,0,0,0,0,0,0,3,4,2,4
MEG_2714|Biocides|Quaternary_Ammonium_Compounds_(QACs)_resistance|QAC_efflux_pump|EMEA|MEG_2714|EMEA-2714_T_117_A,0,0,0,0,0,0,1,7,3,5
MEG_2714|Biocides|Quaternary_Ammonium_Compounds_(QACs)_resistance|QAC_efflux_pump|EMEA|MEG_2714|EMEA-2714_G_449_A,0,0,0,0,0,0,3,5,1,5
MEG_2714|Biocides|Quaternary_Ammonium_Compounds_(QACs)_resistance|QAC_efflux_pump|EMEA|MEG_2714|EMEA-2714_A_491_C,0,0,0,0,0,0,1,3,0,4
MEG_2714|Biocides|Quaternary_Ammonium_Compounds_(QACs)_resistance|QAC_efflux_pump|EMEA|MEG_2714|EMEA-2714_G_625_C,0,0,0,0,0,0,4,6,0,1
MEG_2714|Biocides|Quaternary_Ammonium_Compounds_(QACs)_resistance|QAC_efflux_pump|EMEA|MEG_2714|EMEA-2714_G_721_C,0,0,3,5,1,0,0,0,0,0
MEG_2714|Biocides|Quaternary_Ammonium_Compounds_(QACs)_resistance|QAC_efflux_pump|EMEA|MEG_2714|EMEA-2714_A_827_G,0,0,0,0,0,0,3,3,1,1
MEG_2714|Biocides|Quaternary_Ammonium_Compounds_(QACs)_resistance|QAC_efflux_pump|EMEA|MEG_2714|EMEA-2714_T_846_G,0,0,0,0,0,0,5,4,1,1
MEG_2714|Biocides|Quaternary_Ammonium_Compounds_(QACs)_resistance|QAC_efflux_pump|EMEA|MEG_2714|EMEA-2714_T_1104_G,0,0,0,0,0,0,2,4,2,0
MEG_2715|Biocides|Multi-biocide_resistance|Multi-biocide_RND_efflux_pump|EMHA|MEG_2715|EMHA-2715_A_236_G,1,1,0,2,0,0,0,0,0,0
MEG_2715|Biocides|Multi-biocide_resistance|Multi-biocide_RND_efflux_pump|EMHA|MEG_2715|EMHA-2715_C_519_A,2,2,0,1,0,0,0,0,0,0
MEG_2715|Biocides|Multi-biocide_resistance|Multi-biocide_RND_efflux_pump|EMHA|MEG_2715|EMHA-2715_G_1084_C,0,1,0,5,0,0,0,0,0,0
MEG_2716|Biocides|Multi-biocide_resistance|Multi-biocide_RND_efflux_pump|EMHB|MEG_2716|EMHB-2716_G_1190_C,0,0,0,0,0,8,3,5,1,0
MEG_2716|Biocides|Multi-biocide_resistance|Multi-biocide_RND_efflux_pump|EMHB|MEG_2716|EMHB-2716_G_1582_T,0,0,0,0,0,4,6,2,1,0
MEG_2716|Biocides|Multi-biocide_resistance|Multi-biocide_RND_efflux_pump|EMHB|MEG_2716|EMHB-2716_G_2617_C,0,0,0,0,0,3,2,0,2,0
MEG_2716|Biocides|Multi-biocide_resistance|Multi-biocide_RND_efflux_pump|EMHB|MEG_2716|EMHB-2716_G_2970_C,0,0,0,0,0,1,2,0,1,0
MEG_2716|Biocides|Multi-biocide_resistance|Multi-biocide_RND_efflux_pump|EMHB|MEG_2716|EMHB-2716_T_2972_C,0,0,0,0,0,1,2,0,1,0
MEG_2716|Biocides|Multi-biocide_resistance|Multi-biocide_RND_efflux_pump|EMHB|MEG_2716|EMHB-2716_A_3075_C,0,0,0,0,0,4,0,1,2,0
MEG_2722|Multi-compound|Drug_and_biocide_resistance|Drug_and_biocide_MFS_efflux_pumps|EMRA|MEG_2722|EMRA-2722_C_697_T,0,1,3,0,2,0,0,0,0,0
MEG_2722|Multi-compound|Drug_and_biocide_resistance|Drug_and_biocide_MFS_efflux_pumps|EMRA|MEG_2722|EMRA-2722_G_726_A,0,2,3,0,3,0,0,0,0,0
MEG_2722|Multi-compound|Drug_and_biocide_resistance|Drug_and_biocide_MFS_efflux_pumps|EMRA|MEG_2722|EMRA-2722_C_738_T,0,3,2,0,3,0,0,0,0,0
MEG_2726|Multi-compound|Drug_and_biocide_resistance|Drug_and_biocide_MFS_efflux_pumps|EMRBSM|MEG_2726|EMRBSM-2726_G_606_C,2,1,0,4,0,0,0,0,0,0
MEG_2726|Multi-compound|Drug_and_biocide_resistance|Drug_and_biocide_MFS_efflux_pumps|EMRBSM|MEG_2726|EMRBSM-2726_G_626_T,1,2,0,4,0,0,0,0,0,0
MEG_2726|Multi-compound|Drug_and_biocide_resistance|Drug_and_biocide_MFS_efflux_pumps|EMRBSM|MEG_2726|EMRBSM-2726_G_798_C,0,5,0,1,0,0,0,0,0,0
MEG_2726|Multi-compound|Drug_and_biocide_resistance|Drug_and_biocide_MFS_efflux_pumps|EMRBSM|MEG_2726|EMRBSM-2726_A_1027_G,1,4,0,1,0,0,0,0,0,0
MEG_2736|Multi-compound|Drug_and_biocide_resistance|Drug_and_biocide_MFS_efflux_pumps|EMRY|MEG_2736|EMRY-2736_C_177_A,2,1,2,2,0,0,0,0,0,0
MEG_2736|Multi-compound|Drug_and_biocide_resistance|Drug_and_biocide_MFS_efflux_pumps|EMRY|MEG_2736|EMRY-2736_T_181_A,2,1,2,2,0,0,0,0,0,0
MEG_2736|Multi-compound|Drug_and_biocide_resistance|Drug_and_biocide_MFS_efflux_pumps|EMRY|MEG_2736|EMRY-2736_T_260_C,0,0,0,5,0,0,0,0,0,0
MEG_2736|Multi-compound|Drug_and_biocide_resistance|Drug_and_biocide_MFS_efflux_pumps|EMRY|MEG_2736|EMRY-2736_T_329_G,0,0,2,4,1,0,0,0,0,0
MEG_2736|Multi-compound|Drug_and_biocide_resistance|Drug_and_biocide_MFS_efflux_pumps|EMRY|MEG_2736|EMRY-2736_T_458_A,0,3,3,8,3,0,0,0,0,0
MEG_2736|Multi-compound|Drug_and_biocide_resistance|Drug_and_biocide_MFS_efflux_pumps|EMRY|MEG_2736|EMRY-2736_G_848_A,0,2,2,3,1,0,0,0,0,0
MEG_2736|Multi-compound|Drug_and_biocide_resistance|Drug_and_biocide_MFS_efflux_pumps|EMRY|MEG_2736|EMRY-2736_G_1047_C,0,1,1,2,4,0,0,0,0,0
MEG_2736|Multi-compound|Drug_and_biocide_resistance|Drug_and_biocide_MFS_efflux_pumps|EMRY|MEG_2736|EMRY-2736_T_1377_C,0,0,0,3,2,0,0,0,0,0
MEG_2737|Multi-compound|Drug_and_biocide_resistance|Drug_and_biocide_MFS_efflux_pumps|EMRY|MEG_2737|EMRY-2737_C_177_A,0,0,1,4,5,0,0,0,0,0
MEG_2737|Multi-compound|Drug_and_biocide_resistance|Drug_and_biocide_MFS_efflux_pumps|EMRY|MEG_2737|EMRY-2737_T_181_A,0,0,1,4,5,0,0,0,0,0
MEG_2737|Multi-compound|Drug_and_biocide_resistance|Drug_and_biocide_MFS_efflux_pumps|EMRY|MEG_2737|EMRY-2737_T_329_G,0,1,1,1,1,0,0,0,0,0
MEG_2737|Multi-compound|Drug_and_biocide_resistance|Drug_and_biocide_MFS_efflux_pumps|EMRY|MEG_2737|EMRY-2737_G_1047_C,0,0,1,8,3,0,0,0,0,0
MEG_2737|Multi-compound|Drug_and_biocide_resistance|Drug_and_biocide_MFS_efflux_pumps|EMRY|MEG_2737|EMRY-2737_T_1377_C,0,0,0,2,2,0,0,0,0,0
MEG_2737|Multi-compound|Drug_and_biocide_resistance|Drug_and_biocide_MFS_efflux_pumps|EMRY|MEG_2737|EMRY-2737_T_1432_C,0,0,1,4,0,0,0,0,0,0
MEG_2737|Multi-compound|Drug_and_biocide_resistance|Drug_and_biocide_MFS_efflux_pumps|EMRY|MEG_2737|EMRY-2737_G_1441_T,0,1,1,4,1,0,0,0,0,0
MEG_2739|Drugs|Cationic_antimicrobial_peptides|Lipid_A_modification|EPTA|MEG_2739|EPTA-2739_A_205_T,1,0,1,1,3,0,0,0,0,0
MEG_2739|Drugs|Cationic_antimicrobial_peptides|Lipid_A_modification|EPTA|MEG_2739|EPTA-2739_G_406_C,3,2,1,2,4,0,0,0,0,0
MEG_2739|Drugs|Cationic_antimicrobial_peptides|Lipid_A_modification|EPTA|MEG_2739|EPTA-2739_G_415_C,3,1,1,2,4,0,0,0,0,0
MEG_2739|Drugs|Cationic_antimicrobial_peptides|Lipid_A_modification|EPTA|MEG_2739|EPTA-2739_C_713_T,0,0,0,0,0,3,5,0,1,0
MEG_2739|Drugs|Cationic_antimicrobial_peptides|Lipid_A_modification|EPTA|MEG_2739|EPTA-2739_T_1127_A,4,2,0,3,6,0,0,0,0,0
MEG_2739|Drugs|Cationic_antimicrobial_peptides|Lipid_A_modification|EPTA|MEG_2739|EPTA-2739_T_1189_G,0,0,0,0,0,3,0,0,2,0
MEG_2739|Drugs|Cationic_antimicrobial_peptides|Lipid_A_modification|EPTA|MEG_2739|EPTA-2739_G_1471_T,5,2,1,0,1,0,0,0,0,0
MEG_2739|Drugs|Cationic_antimicrobial_peptides|Lipid_A_modification|EPTA|MEG_2739|EPTA-2739_C_1507_G,3,2,0,0,1,0,0,0,0,0
MEG_2739|Drugs|Cationic_antimicrobial_peptides|Lipid_A_modification|EPTA|MEG_2739|EPTA-2739_G_1582_A,3,2,0,1,2,0,0,0,0,0
MEG_2740|Drugs|MLS|Macrolide_esterases|EREA|MEG_2740|EREA-2740_t_151_C,0,0,0,0,0,1,0,0,1,3
MEG_2740|Drugs|MLS|Macrolide_esterases|EREA|MEG_2740|EREA-2740_a_234_T,0,0,0,0,0,3,0,0,1,1
MEG_2740|Drugs|MLS|Macrolide_esterases|EREA|MEG_2740|EREA-2740_a_425_T,0,0,0,0,0,3,0,0,0,1
MEG_2740|Drugs|MLS|Macrolide_esterases|EREA|MEG_2740|EREA-2740_t_903_G,0,0,0,0,0,3,0,0,2,1
MEG_2740|Drugs|MLS|Macrolide_esterases|EREA|MEG_2740|EREA-2740_c_1230_A,0,0,0,0,0,3,0,0,1,1
MEG_2741|Drugs|MLS|Macrolide_esterases|EREA|MEG_2741|EREA-2741_t_264_G,0,0,0,0,0,0,5,1,0,0
MEG_2741|Drugs|MLS|Macrolide_esterases|EREA|MEG_2741|EREA-2741_a_803_C,0,0,1,2,2,0,0,0,0,0
MEG_2741|Drugs|MLS|Macrolide_esterases|EREA|MEG_2741|EREA-2741_a_1069_T,0,0,3,1,0,0,0,0,0,0
MEG_2741|Drugs|MLS|Macrolide_esterases|EREA|MEG_2741|EREA-2741_c_1094_A,0,0,3,1,0,0,0,0,0,0
MEG_2742|Drugs|MLS|Macrolide_esterases|EREA|MEG_2742|EREA-2742_g_97_T,1,0,2,1,1,0,0,0,0,0
MEG_2742|Drugs|MLS|Macrolide_esterases|EREA|MEG_2742|EREA-2742_g_435_T,0,0,0,0,0,3,0,0,0,1
MEG_2742|Drugs|MLS|Macrolide_esterases|EREA|MEG_2742|EREA-2742_t_437_G,0,1,1,3,4,0,0,0,0,0
MEG_2742|Drugs|MLS|Macrolide_esterases|EREA|MEG_2742|EREA-2742_g_499_T,0,0,3,3,1,0,0,0,0,0
MEG_2742|Drugs|MLS|Macrolide_esterases|EREA|MEG_2742|EREA-2742_a_803_C,0,1,1,1,3,0,0,0,0,0
MEG_2742|Drugs|MLS|Macrolide_esterases|EREA|MEG_2742|EREA-2742_g_891_C,0,2,1,0,1,0,0,0,0,0
MEG_2742|Drugs|MLS|Macrolide_esterases|EREA|MEG_2742|EREA-2742_g_928_T,0,0,0,0,0,2,1,0,0,1
MEG_2742|Drugs|MLS|Macrolide_esterases|EREA|MEG_2742|EREA-2742_c_950_G,0,2,2,0,1,0,0,0,0,0
MEG_2743|Drugs|MLS|Macrolide_esterases|EREA|MEG_2743|EREA-2743_t_317_G,0,1,5,0,1,0,0,0,0,0
MEG_2743|Drugs|MLS|Macrolide_esterases|EREA|MEG_2743|EREA-2743_t_564_G,0,0,1,2,1,0,0,0,0,0
MEG_2744|Drugs|MLS|Macrolide_esterases|EREA|MEG_2744|EREA-2744_g_97_T,2,3,1,1,3,0,0,0,0,0
MEG_2744|Drugs|MLS|Macrolide_esterases|EREA|MEG_2744|EREA-2744_t_264_G,0,0,0,0,0,0,3,1,0,1
MEG_2744|Drugs|MLS|Macrolide_esterases|EREA|MEG_2744|EREA-2744_t_437_G,2,1,2,2,2,0,0,0,0,0
MEG_2744|Drugs|MLS|Macrolide_esterases|EREA|MEG_2744|EREA-2744_g_499_T,0,0,0,3,2,0,0,0,0,0
MEG_2744|Drugs|MLS|Macrolide_esterases|EREA|MEG_2744|EREA-2744_c_518_A,0,0,0,0,0,0,4,1,0,0
MEG_2744|Drugs|MLS|Macrolide_esterases|EREA|MEG_2744|EREA-2744_c_594_T,0,0,0,0,0,0,4,1,0,1
MEG_2744|Drugs|MLS|Macrolide_esterases|EREA|MEG_2744|EREA-2744_a_803_C,0,0,1,2,1,0,0,0,0,0
MEG_2744|Drugs|MLS|Macrolide_esterases|EREA|MEG_2744|EREA-2744_g_891_C,1,0,3,3,2,0,0,0,0,0
MEG_2744|Drugs|MLS|Macrolide_esterases|EREA|MEG_2744|EREA-2744_c_950_G,1,1,3,3,4,0,0,0,0,0
MEG_2744|Drugs|MLS|Macrolide_esterases|EREA|MEG_2744|EREA-2744_g_975_C,1,1,3,1,4,0,0,0,0,0
MEG_2744|Drugs|MLS|Macrolide_esterases|EREA|MEG_2744|EREA-2744_a_1069_T,0,0,1,2,1,0,0,0,0,0
MEG_2744|Drugs|MLS|Macrolide_esterases|EREA|MEG_2744|EREA-2744_c_1094_A,1,1,0,1,4,0,0,0,0,0
MEG_2745|Drugs|MLS|Macrolide_esterases|EREA|MEG_2745|EREA-2745_g_97_T,0,1,0,2,3,0,0,0,0,0
MEG_2745|Drugs|MLS|Macrolide_esterases|EREA|MEG_2745|EREA-2745_t_437_G,0,0,0,3,4,0,0,0,0,0
MEG_2745|Drugs|MLS|Macrolide_esterases|EREA|MEG_2745|EREA-2745_g_499_T,0,0,0,3,4,0,0,0,0,0
MEG_2745|Drugs|MLS|Macrolide_esterases|EREA|MEG_2745|EREA-2745_a_803_C,0,1,1,1,2,0,0,0,0,0
MEG_2745|Drugs|MLS|Macrolide_esterases|EREA|MEG_2745|EREA-2745_g_891_C,1,0,0,1,2,0,0,0,0,0
MEG_2745|Drugs|MLS|Macrolide_esterases|EREA|MEG_2745|EREA-2745_g_928_T,0,0,0,0,0,0,4,0,0,0
MEG_2745|Drugs|MLS|Macrolide_esterases|EREA|MEG_2745|EREA-2745_c_950_G,2,0,0,3,5,0,0,0,0,0
MEG_2745|Drugs|MLS|Macrolide_esterases|EREA|MEG_2745|EREA-2745_g_975_C,2,0,0,3,5,0,0,0,0,0
MEG_2747|Drugs|MLS|Macrolide_esterases|EREA|MEG_2747|EREA-2747_G_256_A,2,0,3,0,0,0,0,0,0,0
MEG_2747|Drugs|MLS|Macrolide_esterases|EREA|MEG_2747|EREA-2747_A_425_T,2,1,2,0,1,0,0,0,0,0
MEG_2747|Drugs|MLS|Macrolide_esterases|EREA|MEG_2747|EREA-2747_A_659_T,0,0,0,0,0,3,2,0,0,0
MEG_2747|Drugs|MLS|Macrolide_esterases|EREA|MEG_2747|EREA-2747_G_737_C,1,2,3,0,1,0,0,0,0,0
MEG_2747|Drugs|MLS|Macrolide_esterases|EREA|MEG_2747|EREA-2747_A_999_T,0,0,0,0,0,2,2,0,0,0
MEG_2747|Drugs|MLS|Macrolide_esterases|EREA|MEG_2747|EREA-2747_T_1160_G,2,0,1,0,1,0,0,0,0,0
MEG_2749|Drugs|MLS|Macrolide_esterases|EREA|MEG_2749|EREA-2749_G_421_C,0,0,0,0,0,0,6,0,0,0
MEG_2749|Drugs|MLS|Macrolide_esterases|EREA|MEG_2749|EREA-2749_G_737_C,1,0,2,0,1,0,0,0,0,0
MEG_2750|Drugs|MLS|Macrolide_esterases|EREA|MEG_2750|EREA-2750_C_488_T,0,0,0,0,0,0,3,0,2,0
MEG_2750|Drugs|MLS|Macrolide_esterases|EREA|MEG_2750|EREA-2750_G_737_C,1,1,2,0,1,0,0,0,0,0
MEG_2751|Drugs|MLS|Macrolide_esterases|EREA|MEG_2751|EREA-2751_A_121_C,1,2,1,0,0,0,0,0,0,0
MEG_2751|Drugs|MLS|Macrolide_esterases|EREA|MEG_2751|EREA-2751_T_178_A,2,2,1,0,1,0,0,0,0,0
MEG_2751|Drugs|MLS|Macrolide_esterases|EREA|MEG_2751|EREA-2751_G_267_A,2,1,1,0,1,0,0,0,0,0
MEG_2751|Drugs|MLS|Macrolide_esterases|EREA|MEG_2751|EREA-2751_G_432_C,0,0,0,0,0,1,3,0,1,0
MEG_2751|Drugs|MLS|Macrolide_esterases|EREA|MEG_2751|EREA-2751_C_499_T,0,0,0,0,0,2,2,0,1,0
MEG_2751|Drugs|MLS|Macrolide_esterases|EREA|MEG_2751|EREA-2751_A_670_T,0,0,0,0,0,2,3,0,0,0
MEG_2755|Drugs|MLS|23S_rRNA_methyltransferases|ERM|MEG_2755|ERM-2755_G_542_C,0,0,0,7,0,0,0,0,0,0
MEG_2755|Drugs|MLS|23S_rRNA_methyltransferases|ERM|MEG_2755|ERM-2755_A_774_C,0,0,0,6,2,0,0,0,0,0
MEG_2755|Drugs|MLS|23S_rRNA_methyltransferases|ERM|MEG_2755|ERM-2755_G_896_A,2,0,1,9,1,0,0,0,0,0
MEG_2756|Drugs|MLS|23S_rRNA_methyltransferases|ERM|MEG_2756|ERM-2756_A_175_C,0,0,0,0,7,0,0,0,0,0
MEG_2756|Drugs|MLS|23S_rRNA_methyltransferases|ERM|MEG_2756|ERM-2756_T_381_G,1,1,5,1,8,0,0,0,0,0
MEG_2756|Drugs|MLS|23S_rRNA_methyltransferases|ERM|MEG_2756|ERM-2756_T_599_C,1,2,1,0,7,0,0,0,0,0
MEG_2765|Drugs|MLS|23S_rRNA_methyltransferases|ERM|MEG_2765|ERM-2765_A_66_C,6,1,2,4,0,0,0,0,0,0
MEG_2765|Drugs|MLS|23S_rRNA_methyltransferases|ERM|MEG_2765|ERM-2765_A_314_C,2,3,1,1,0,0,0,0,0,0
MEG_2765|Drugs|MLS|23S_rRNA_methyltransferases|ERM|MEG_2765|ERM-2765_A_627_G,4,1,3,5,0,0,0,0,0,0
MEG_2765|Drugs|MLS|23S_rRNA_methyltransferases|ERM|MEG_2765|ERM-2765_T_725_C,2,0,1,5,0,0,0,0,0,0
MEG_2766|Drugs|MLS|23S_rRNA_methyltransferases|ERM|MEG_2766|ERM-2766_T_96_A,0,0,0,0,0,1,7,1,0,0
MEG_2766|Drugs|MLS|23S_rRNA_methyltransferases|ERM|MEG_2766|ERM-2766_A_135_G,0,0,0,0,0,1,7,3,0,0
MEG_2766|Drugs|MLS|23S_rRNA_methyltransferases|ERM|MEG_2766|ERM-2766_C_188_A,0,0,0,0,0,1,8,2,0,0
MEG_2766|Drugs|MLS|23S_rRNA_methyltransferases|ERM|MEG_2766|ERM-2766_T_374_C,0,0,0,0,0,0,4,1,0,0
MEG_2766|Drugs|MLS|23S_rRNA_methyltransferases|ERM|MEG_2766|ERM-2766_A_628_T,0,0,0,0,0,1,3,0,0,0
MEG_2766|Drugs|MLS|23S_rRNA_methyltransferases|ERM|MEG_2766|ERM-2766_T_646_C,0,0,0,0,0,1,3,0,0,0
MEG_2766|Drugs|MLS|23S_rRNA_methyltransferases|ERM|MEG_2766|ERM-2766_G_655_C,0,0,0,0,0,1,3,0,0,0
MEG_2771|Drugs|MLS|23S_rRNA_methyltransferases|ERM|MEG_2771|ERM-2771_A_39_C,0,0,0,0,0,0,5,1,0,0
MEG_2771|Drugs|MLS|23S_rRNA_methyltransferases|ERM|MEG_2771|ERM-2771_A_58_G,0,0,0,0,0,0,6,1,1,0
MEG_2771|Drugs|MLS|23S_rRNA_methyltransferases|ERM|MEG_2771|ERM-2771_A_174_T,0,0,0,0,0,0,5,4,1,0
MEG_2771|Drugs|MLS|23S_rRNA_methyltransferases|ERM|MEG_2771|ERM-2771_A_351_C,0,0,0,0,0,0,5,4,0,2
MEG_2779|Drugs|MLS|23S_rRNA_methyltransferases|ERM42|MEG_2779|ERM42-2779_a_301_G,0,0,0,0,0,0,4,0,0,0
MEG_2781|Drugs|MLS|23S_rRNA_methyltransferases|ERM42|MEG_2781|ERM42-2781_A_307_G,0,0,0,0,0,0,5,0,0,0
MEG_2781|Drugs|MLS|23S_rRNA_methyltransferases|ERM42|MEG_2781|ERM42-2781_A_464_C,0,0,0,0,0,0,6,0,0,0
MEG_2781|Drugs|MLS|23S_rRNA_methyltransferases|ERM42|MEG_2781|ERM42-2781_A_529_T,0,0,0,0,0,0,4,0,0,0
MEG_2781|Drugs|MLS|23S_rRNA_methyltransferases|ERM42|MEG_2781|ERM42-2781_A_547_C,0,0,0,0,0,0,4,0,0,0
MEG_2792|Drugs|MLS|23S_rRNA_methyltransferases|ERMB|MEG_2792|ERMB-2792_t_285_C,0,0,1,3,0,0,0,0,0,0
MEG_2800|Drugs|MLS|23S_rRNA_methyltransferases|ERMB|MEG_2800|ERMB-2800_A_92_C,0,4,0,0,0,0,0,0,0,0
MEG_2800|Drugs|MLS|23S_rRNA_methyltransferases|ERMB|MEG_2800|ERMB-2800_T_109_A,0,7,0,0,0,0,0,0,0,0
MEG_2800|Drugs|MLS|23S_rRNA_methyltransferases|ERMB|MEG_2800|ERMB-2800_G_175_C,0,6,0,0,0,0,0,0,0,0
MEG_2800|Drugs|MLS|23S_rRNA_methyltransferases|ERMB|MEG_2800|ERMB-2800_A_272_T,0,4,0,0,0,0,0,0,0,0
MEG_2800|Drugs|MLS|23S_rRNA_methyltransferases|ERMB|MEG_2800|ERMB-2800_A_308_T,0,4,0,0,0,0,0,0,0,0
MEG_2800|Drugs|MLS|23S_rRNA_methyltransferases|ERMB|MEG_2800|ERMB-2800_G_316_C,0,5,0,0,0,0,0,0,0,0
MEG_2802|Drugs|MLS|23S_rRNA_methyltransferases|ERMB|MEG_2802|ERMB-2802_T_582_G,0,0,0,0,0,2,2,1,0,0
MEG_2805|Drugs|MLS|23S_rRNA_methyltransferases|ERMB|MEG_2805|ERMB-2805_A_29_G,0,0,0,4,0,0,0,0,0,0
MEG_2807|Drugs|MLS|23S_rRNA_methyltransferases|ERMB|MEG_2807|ERMB-2807_A_94_T,0,0,0,0,0,0,1,3,0,0
MEG_2810|Drugs|MLS|23S_rRNA_methyltransferases|ERMC|MEG_2810|ERMC-2810_c_203_G,0,0,0,0,0,3,0,5,2,1
MEG_2810|Drugs|MLS|23S_rRNA_methyltransferases|ERMC|MEG_2810|ERMC-2810_a_682_T,0,0,0,0,0,2,0,3,0,0
MEG_2817|Drugs|MLS|23S_rRNA_methyltransferases|ERMC|MEG_2817|ERMC-2817_c_134_G,0,0,0,0,0,0,3,2,0,0
MEG_2828|Drugs|MLS|23S_rRNA_methyltransferases|ERMF|MEG_2828|ERMF-2828_g_729_T,0,0,0,0,0,0,0,2,1,1
MEG_2832|Drugs|MLS|23S_rRNA_methyltransferases|ERMF|MEG_2832|ERMF-2832_A_126_C,0,0,0,0,0,0,1,2,1,1
MEG_2834|Drugs|MLS|23S_rRNA_methyltransferases|ERMG|MEG_2834|ERMG-2834_g_155_C,4,1,0,0,2,0,0,0,0,0
MEG_2834|Drugs|MLS|23S_rRNA_methyltransferases|ERMG|MEG_2834|ERMG-2834_t_617_A,2,1,0,0,2,0,0,0,0,0
MEG_2835|Drugs|MLS|23S_rRNA_methyltransferases|ERMG|MEG_2835|ERMG-2835_t_130_A,0,0,4,3,0,0,0,0,0,0
MEG_2835|Drugs|MLS|23S_rRNA_methyltransferases|ERMG|MEG_2835|ERMG-2835_a_158_G,0,0,3,2,0,0,0,0,0,0
MEG_2835|Drugs|MLS|23S_rRNA_methyltransferases|ERMG|MEG_2835|ERMG-2835_a_311_C,0,0,3,4,0,0,0,0,0,0
MEG_2835|Drugs|MLS|23S_rRNA_methyltransferases|ERMG|MEG_2835|ERMG-2835_t_440_C,0,0,4,0,0,0,0,0,0,0
MEG_2838|Drugs|MLS|23S_rRNA_methyltransferases|ERMN|MEG_2838|ERMN-2838_G_27_T,0,0,0,0,0,52,7,0,0,1
MEG_2838|Drugs|MLS|23S_rRNA_methyltransferases|ERMN|MEG_2838|ERMN-2838_C_372_G,0,0,0,0,0,89,7,3,0,2
MEG_2838|Drugs|MLS|23S_rRNA_methyltransferases|ERMN|MEG_2838|ERMN-2838_G_446_A,0,0,0,0,0,87,8,1,1,2
MEG_2838|Drugs|MLS|23S_rRNA_methyltransferases|ERMN|MEG_2838|ERMN-2838_A_674_G,0,0,0,0,0,76,7,0,1,3
MEG_2839|Drugs|MLS|23S_rRNA_methyltransferases|ERMO|MEG_2839|ERMO-2839_C_149_G,0,0,0,0,0,0,5,0,1,0
MEG_2839|Drugs|MLS|23S_rRNA_methyltransferases|ERMO|MEG_2839|ERMO-2839_C_183_A,0,0,0,0,0,0,4,1,1,0
MEG_2839|Drugs|MLS|23S_rRNA_methyltransferases|ERMO|MEG_2839|ERMO-2839_C_224_A,0,0,4,2,0,0,0,0,0,0
MEG_2839|Drugs|MLS|23S_rRNA_methyltransferases|ERMO|MEG_2839|ERMO-2839_T_257_A,0,0,0,0,0,1,3,3,1,0
MEG_2839|Drugs|MLS|23S_rRNA_methyltransferases|ERMO|MEG_2839|ERMO-2839_G_281_T,0,0,4,2,0,0,0,0,0,0
MEG_2839|Drugs|MLS|23S_rRNA_methyltransferases|ERMO|MEG_2839|ERMO-2839_C_397_A,0,0,1,5,0,0,0,0,0,0
MEG_2839|Drugs|MLS|23S_rRNA_methyltransferases|ERMO|MEG_2839|ERMO-2839_T_475_A,0,0,0,0,0,3,1,0,3,0
MEG_2839|Drugs|MLS|23S_rRNA_methyltransferases|ERMO|MEG_2839|ERMO-2839_G_517_A,0,0,0,0,0,4,3,0,3,0
MEG_2839|Drugs|MLS|23S_rRNA_methyltransferases|ERMO|MEG_2839|ERMO-2839_C_518_T,0,0,0,0,0,4,3,0,3,0
MEG_2839|Drugs|MLS|23S_rRNA_methyltransferases|ERMO|MEG_2839|ERMO-2839_C_684_G,0,0,0,0,0,2,4,3,0,0
MEG_2839|Drugs|MLS|23S_rRNA_methyltransferases|ERMO|MEG_2839|ERMO-2839_G_741_A,0,0,3,1,0,0,0,0,0,0
MEG_2841|Drugs|MLS|23S_rRNA_methyltransferases|ERMQ|MEG_2841|ERMQ-2841_A_178_G,0,0,0,0,0,0,0,3,0,1
MEG_2841|Drugs|MLS|23S_rRNA_methyltransferases|ERMQ|MEG_2841|ERMQ-2841_G_245_C,0,0,0,0,0,2,0,2,0,0
MEG_2842|Drugs|MLS|23S_rRNA_methyltransferases|ERMQ|MEG_2842|ERMQ-2842_T_510_G,0,0,0,0,0,1,0,7,0,0
MEG_2842|Drugs|MLS|23S_rRNA_methyltransferases|ERMQ|MEG_2842|ERMQ-2842_A_534_T,0,0,0,0,0,1,0,7,0,0
MEG_2845|Drugs|MLS|23S_rRNA_methyltransferases|ERMS|MEG_2845|ERMS-2845_C_178_G,2,17,0,0,0,0,0,0,0,0
MEG_2859|Drugs|MLS|23S_rRNA_methyltransferases|ERMX|MEG_2859|ERMX-2859_T_471_A,0,0,0,0,0,2,6,3,0,0
MEG_2864|Drugs|Phenicol|Chloramphenicol_hydrolase|ESTD|MEG_2864|ESTD-2864_c_53_G,5,0,0,6,0,0,0,0,0,0
MEG_2867|Biocides|Acid_resistance|Acid_resistance_regulator|EVGA|MEG_2867|EVGA-2867_C_95_A,1,0,1,0,3,0,0,0,0,0
MEG_2867|Biocides|Acid_resistance|Acid_resistance_regulator|EVGA|MEG_2867|EVGA-2867_G_107_T,0,0,2,0,3,0,0,0,0,0
MEG_2867|Biocides|Acid_resistance|Acid_resistance_regulator|EVGA|MEG_2867|EVGA-2867_T_149_C,0,0,0,0,0,1,1,1,2,0
MEG_2867|Biocides|Acid_resistance|Acid_resistance_regulator|EVGA|MEG_2867|EVGA-2867_T_271_G,1,2,0,0,3,0,0,0,0,0
MEG_2867|Biocides|Acid_resistance|Acid_resistance_regulator|EVGA|MEG_2867|EVGA-2867_C_344_G,1,1,1,0,2,0,0,0,0,0
MEG_2867|Biocides|Acid_resistance|Acid_resistance_regulator|EVGA|MEG_2867|EVGA-2867_T_464_G,1,1,2,0,0,0,0,0,0,0
MEG_2867|Biocides|Acid_resistance|Acid_resistance_regulator|EVGA|MEG_2867|EVGA-2867_T_524_C,0,0,2,0,2,0,0,0,0,0
MEG_2867|Biocides|Acid_resistance|Acid_resistance_regulator|EVGA|MEG_2867|EVGA-2867_T_557_G,0,0,2,0,2,0,0,0,0,0
MEG_2873|Biocides|Phenolic_compound_resistance|Triclosan-resistant_mutation|FABG|MEG_2873|FABG-2873_C_153_T,1,3,3,1,3,0,10,1,1,0
MEG_2873|Biocides|Phenolic_compound_resistance|Triclosan-resistant_mutation|FABG|MEG_2873|FABG-2873_A_225_G,1,3,1,2,0,0,5,1,0,0
MEG_2874|Biocides|Phenolic_compound_resistance|Phenolic_resistance_protein|FABI|MEG_2874|FABI-2874_A_46_G,0,0,0,0,0,5,5,1,1,1
MEG_2874|Biocides|Phenolic_compound_resistance|Phenolic_resistance_protein|FABI|MEG_2874|FABI-2874_G_131_A,0,0,0,0,0,4,6,1,0,1
MEG_2874|Biocides|Phenolic_compound_resistance|Phenolic_resistance_protein|FABI|MEG_2874|FABI-2874_A_173_G,0,0,0,0,0,4,6,0,1,0
MEG_2874|Biocides|Phenolic_compound_resistance|Phenolic_resistance_protein|FABI|MEG_2874|FABI-2874_A_174_T,3,0,0,1,0,0,0,0,0,0
MEG_2874|Biocides|Phenolic_compound_resistance|Phenolic_resistance_protein|FABI|MEG_2874|FABI-2874_A_205_G,0,0,0,0,0,7,5,0,1,0
MEG_2874|Biocides|Phenolic_compound_resistance|Phenolic_resistance_protein|FABI|MEG_2874|FABI-2874_T_240_A,0,0,0,0,0,6,4,0,0,0
MEG_2874|Biocides|Phenolic_compound_resistance|Phenolic_resistance_protein|FABI|MEG_2874|FABI-2874_A_272_T,3,0,0,1,1,0,0,0,0,0
MEG_2874|Biocides|Phenolic_compound_resistance|Phenolic_resistance_protein|FABI|MEG_2874|FABI-2874_A_302_G,5,1,0,1,1,0,0,0,0,0
MEG_2874|Biocides|Phenolic_compound_resistance|Phenolic_resistance_protein|FABI|MEG_2874|FABI-2874_A_503_G,0,0,0,0,0,6,3,1,0,0
MEG_2874|Biocides|Phenolic_compound_resistance|Phenolic_resistance_protein|FABI|MEG_2874|FABI-2874_C_538_G,2,0,0,2,0,0,0,0,0,0
MEG_2874|Biocides|Phenolic_compound_resistance|Phenolic_resistance_protein|FABI|MEG_2874|FABI-2874_A_638_G,0,0,0,0,0,4,3,0,1,3
MEG_2874|Biocides|Phenolic_compound_resistance|Phenolic_resistance_protein|FABI|MEG_2874|FABI-2874_T_743_A,0,0,0,0,0,3,1,1,1,3
MEG_2875|Biocides|Phenolic_compound_resistance|Phenolic_resistance_protein|FABI|MEG_2875|FABI-2875_T_69_A,0,0,0,0,0,0,10,1,1,2
MEG_2875|Biocides|Phenolic_compound_resistance|Phenolic_resistance_protein|FABI|MEG_2875|FABI-2875_C_126_T,2,0,0,2,1,0,0,0,0,0
MEG_2875|Biocides|Phenolic_compound_resistance|Phenolic_resistance_protein|FABI|MEG_2875|FABI-2875_C_326_G,3,0,0,2,1,0,0,0,0,0
MEG_2875|Biocides|Phenolic_compound_resistance|Phenolic_resistance_protein|FABI|MEG_2875|FABI-2875_C_360_A,0,0,0,0,0,0,6,1,0,3
MEG_2875|Biocides|Phenolic_compound_resistance|Phenolic_resistance_protein|FABI|MEG_2875|FABI-2875_T_473_A,1,0,0,3,0,0,0,0,0,0
MEG_2875|Biocides|Phenolic_compound_resistance|Phenolic_resistance_protein|FABI|MEG_2875|FABI-2875_A_646_T,3,0,0,2,1,0,0,0,0,0
MEG_2875|Biocides|Phenolic_compound_resistance|Phenolic_resistance_protein|FABI|MEG_2875|FABI-2875_G_685_T,2,1,0,2,0,0,0,0,0,0
MEG_2875|Biocides|Phenolic_compound_resistance|Phenolic_resistance_protein|FABI|MEG_2875|FABI-2875_C_701_A,2,1,0,2,0,0,0,0,0,0
MEG_2876|Biocides|Phenolic_compound_resistance|Phenolic_resistance_protein|FABK|MEG_2876|FABK-2876_G_30_T,1,1,0,2,0,0,0,0,0,0
MEG_2876|Biocides|Phenolic_compound_resistance|Phenolic_resistance_protein|FABK|MEG_2876|FABK-2876_T_82_C,0,0,0,0,0,0,1,8,0,1
MEG_2876|Biocides|Phenolic_compound_resistance|Phenolic_resistance_protein|FABK|MEG_2876|FABK-2876_T_162_A,1,3,2,5,0,0,0,0,0,0
MEG_2876|Biocides|Phenolic_compound_resistance|Phenolic_resistance_protein|FABK|MEG_2876|FABK-2876_C_326_T,3,1,1,7,0,0,0,0,0,0
MEG_2876|Biocides|Phenolic_compound_resistance|Phenolic_resistance_protein|FABK|MEG_2876|FABK-2876_A_403_C,2,0,2,7,0,0,0,0,0,0
MEG_2876|Biocides|Phenolic_compound_resistance|Phenolic_resistance_protein|FABK|MEG_2876|FABK-2876_T_492_G,2,0,7,3,0,0,0,0,0,0
MEG_2876|Biocides|Phenolic_compound_resistance|Phenolic_resistance_protein|FABK|MEG_2876|FABK-2876_C_565_G,1,2,3,6,0,0,0,0,0,0
MEG_2876|Biocides|Phenolic_compound_resistance|Phenolic_resistance_protein|FABK|MEG_2876|FABK-2876_A_663_T,0,1,1,6,0,0,0,0,0,0
MEG_2876|Biocides|Phenolic_compound_resistance|Phenolic_resistance_protein|FABK|MEG_2876|FABK-2876_T_905_A,3,0,4,5,0,0,0,0,0,0
MEG_2876|Biocides|Phenolic_compound_resistance|Phenolic_resistance_protein|FABK|MEG_2876|FABK-2876_T_907_G,0,0,0,0,0,0,1,3,1,1
MEG_2877|Biocides|Phenolic_compound_resistance|Phenolic_resistance_protein|FABL|MEG_2877|FABL-2877_T_85_A,0,0,0,0,0,6,7,1,0,0
MEG_2877|Biocides|Phenolic_compound_resistance|Phenolic_resistance_protein|FABL|MEG_2877|FABL-2877_C_159_A,0,0,0,0,0,6,8,0,0,0
MEG_2877|Biocides|Phenolic_compound_resistance|Phenolic_resistance_protein|FABL|MEG_2877|FABL-2877_A_555_G,4,0,0,0,0,0,0,0,0,0
MEG_2877|Biocides|Phenolic_compound_resistance|Phenolic_resistance_protein|FABL|MEG_2877|FABL-2877_G_627_C,0,0,0,0,0,5,7,0,0,0
MEG_2877|Biocides|Phenolic_compound_resistance|Phenolic_resistance_protein|FABL|MEG_2877|FABL-2877_A_653_T,0,0,0,0,0,5,9,0,0,0
MEG_2878|Biocides|Phenolic_compound_resistance|Phenolic_resistance_protein|FABV|MEG_2878|FABV-2878_C_194_A,7,0,0,0,0,0,0,0,0,0
MEG_2878|Biocides|Phenolic_compound_resistance|Phenolic_resistance_protein|FABV|MEG_2878|FABV-2878_G_246_T,6,1,0,0,1,0,0,0,0,0
MEG_2878|Biocides|Phenolic_compound_resistance|Phenolic_resistance_protein|FABV|MEG_2878|FABV-2878_T_308_G,0,0,0,0,0,1,5,4,3,2
MEG_2878|Biocides|Phenolic_compound_resistance|Phenolic_resistance_protein|FABV|MEG_2878|FABV-2878_C_309_T,3,1,0,0,1,0,0,0,0,0
MEG_2878|Biocides|Phenolic_compound_resistance|Phenolic_resistance_protein|FABV|MEG_2878|FABV-2878_G_426_A,0,0,0,0,0,3,7,2,7,5
MEG_2878|Biocides|Phenolic_compound_resistance|Phenolic_resistance_protein|FABV|MEG_2878|FABV-2878_C_732_G,0,0,0,0,0,1,7,4,4,3
MEG_2880|Drugs|Elfamycins|Elfamycin_efflux_pumps|FACT|MEG_2880|FACT-2880_C_280_A,1,0,7,11,0,0,0,0,0,0
MEG_2880|Drugs|Elfamycins|Elfamycin_efflux_pumps|FACT|MEG_2880|FACT-2880_C_545_G,2,1,5,8,0,0,0,0,0,0
MEG_2880|Drugs|Elfamycins|Elfamycin_efflux_pumps|FACT|MEG_2880|FACT-2880_G_579_C,0,0,0,0,0,0,10,2,2,0
MEG_2880|Drugs|Elfamycins|Elfamycin_efflux_pumps|FACT|MEG_2880|FACT-2880_C_990_A,0,0,0,0,0,1,11,6,3,1
MEG_2880|Drugs|Elfamycins|Elfamycin_efflux_pumps|FACT|MEG_2880|FACT-2880_C_1283_T,0,0,0,0,0,0,7,3,1,0
MEG_2880|Drugs|Elfamycins|Elfamycin_efflux_pumps|FACT|MEG_2880|FACT-2880_G_1661_C,0,0,2,3,0,0,0,0,0,0
MEG_2884|Multi-compound|Drug_and_biocide_resistance|Drug_and_biocide_MFS_efflux_pumps|FARA|MEG_2884|FARA-2884_A_99_T,1,1,5,3,0,0,0,0,0,0
MEG_2884|Multi-compound|Drug_and_biocide_resistance|Drug_and_biocide_MFS_efflux_pumps|FARA|MEG_2884|FARA-2884_A_362_C,2,2,4,2,0,0,0,0,0,0
MEG_2884|Multi-compound|Drug_and_biocide_resistance|Drug_and_biocide_MFS_efflux_pumps|FARA|MEG_2884|FARA-2884_G_678_C,2,2,5,1,0,0,0,0,0,0
MEG_2884|Multi-compound|Drug_and_biocide_resistance|Drug_and_biocide_MFS_efflux_pumps|FARA|MEG_2884|FARA-2884_C_784_G,0,0,4,1,1,0,0,0,0,0
MEG_2884|Multi-compound|Drug_and_biocide_resistance|Drug_and_biocide_MFS_efflux_pumps|FARA|MEG_2884|FARA-2884_T_827_G,1,0,3,1,0,0,0,0,0,0
MEG_2884|Multi-compound|Drug_and_biocide_resistance|Drug_and_biocide_MFS_efflux_pumps|FARA|MEG_2884|FARA-2884_G_1069_C,1,1,2,0,0,0,0,0,0,0
MEG_2886|Multi-compound|Drug_and_biocide_resistance|Drug_and_biocide_MFS_efflux_pumps|FARB|MEG_2886|FARB-2886_A_115_T,0,0,0,0,0,0,0,3,4,0
MEG_2886|Multi-compound|Drug_and_biocide_resistance|Drug_and_biocide_MFS_efflux_pumps|FARB|MEG_2886|FARB-2886_A_325_G,0,0,0,0,0,0,1,1,3,0
MEG_2886|Multi-compound|Drug_and_biocide_resistance|Drug_and_biocide_MFS_efflux_pumps|FARB|MEG_2886|FARB-2886_G_425_C,0,0,0,0,0,0,4,3,4,1
MEG_2886|Multi-compound|Drug_and_biocide_resistance|Drug_and_biocide_MFS_efflux_pumps|FARB|MEG_2886|FARB-2886_A_677_C,0,0,0,0,0,0,1,2,0,1
MEG_2886|Multi-compound|Drug_and_biocide_resistance|Drug_and_biocide_MFS_efflux_pumps|FARB|MEG_2886|FARB-2886_A_841_G,0,0,0,0,0,0,0,2,4,0
MEG_2886|Multi-compound|Drug_and_biocide_resistance|Drug_and_biocide_MFS_efflux_pumps|FARB|MEG_2886|FARB-2886_T_951_A,0,0,0,0,0,0,4,2,4,1
MEG_2886|Multi-compound|Drug_and_biocide_resistance|Drug_and_biocide_MFS_efflux_pumps|FARB|MEG_2886|FARB-2886_C_1014_A,0,0,0,0,0,0,2,3,1,0
MEG_2886|Multi-compound|Drug_and_biocide_resistance|Drug_and_biocide_MFS_efflux_pumps|FARB|MEG_2886|FARB-2886_T_1040_G,0,0,0,0,0,0,0,4,1,0
MEG_2886|Multi-compound|Drug_and_biocide_resistance|Drug_and_biocide_MFS_efflux_pumps|FARB|MEG_2886|FARB-2886_T_1059_A,0,0,0,0,0,0,3,5,1,0
MEG_2886|Multi-compound|Drug_and_biocide_resistance|Drug_and_biocide_MFS_efflux_pumps|FARB|MEG_2886|FARB-2886_C_1224_T,0,0,0,0,0,0,1,3,3,1
MEG_2888|Metals|Multi-metal_resistance|Multi-metal_ABC_efflux_pumps|FBPA|MEG_2888|FBPA-2888_C_190_T,1,0,0,0,99,0,0,0,0,0
MEG_2888|Metals|Multi-metal_resistance|Multi-metal_ABC_efflux_pumps|FBPA|MEG_2888|FBPA-2888_A_322_C,1,0,0,1,103,0,0,0,0,0
MEG_2888|Metals|Multi-metal_resistance|Multi-metal_ABC_efflux_pumps|FBPA|MEG_2888|FBPA-2888_A_753_C,0,0,0,0,104,0,0,0,0,0
MEG_2888|Metals|Multi-metal_resistance|Multi-metal_ABC_efflux_pumps|FBPA|MEG_2888|FBPA-2888_G_922_C,0,0,0,2,96,0,0,0,0,0
MEG_2891|Metals|Multi-metal_resistance|Multi-metal_ABC_efflux_pumps|FBPC|MEG_2891|FBPC-2891_C_299_G,3,1,3,1,0,0,0,0,0,0
MEG_2891|Metals|Multi-metal_resistance|Multi-metal_ABC_efflux_pumps|FBPC|MEG_2891|FBPC-2891_C_900_A,2,1,1,0,1,0,0,0,0,0
MEG_2891|Metals|Multi-metal_resistance|Multi-metal_ABC_efflux_pumps|FBPC|MEG_2891|FBPC-2891_A_942_T,2,3,2,1,0,0,0,0,0,0
MEG_2896|Metals|Multi-metal_resistance|Multi-metal_ABC_efflux_pumps|FECE|MEG_2896|FECE-2896_C_391_T,1,1,0,2,0,0,0,0,0,0
MEG_2896|Metals|Multi-metal_resistance|Multi-metal_ABC_efflux_pumps|FECE|MEG_2896|FECE-2896_A_514_T,1,0,3,0,0,0,0,0,0,0
MEG_2897|Metals|Multi-metal_resistance|Multi-metal_ABC_efflux_pumps|FECE|MEG_2897|FECE-2897_T_98_C,2,1,1,2,0,0,0,0,0,0
MEG_2897|Metals|Multi-metal_resistance|Multi-metal_ABC_efflux_pumps|FECE|MEG_2897|FECE-2897_C_391_T,1,1,3,1,0,0,0,0,0,0
MEG_2897|Metals|Multi-metal_resistance|Multi-metal_ABC_efflux_pumps|FECE|MEG_2897|FECE-2897_A_514_T,1,0,2,2,0,0,0,0,0,0
MEG_2897|Metals|Multi-metal_resistance|Multi-metal_ABC_efflux_pumps|FECE|MEG_2897|FECE-2897_A_668_T,1,0,3,0,0,0,0,0,0,0
MEG_2898|Multi-compound|Biocide_and_metal_resistance|Biocide_and_metal_ABC_efflux_pumps|FETA|MEG_2898|FETA-2898_T_159_C,3,0,2,0,0,0,0,0,0,0
MEG_2898|Multi-compound|Biocide_and_metal_resistance|Biocide_and_metal_ABC_efflux_pumps|FETA|MEG_2898|FETA-2898_G_472_C,0,0,0,0,0,0,3,0,1,2
MEG_2898|Multi-compound|Biocide_and_metal_resistance|Biocide_and_metal_ABC_efflux_pumps|FETA|MEG_2898|FETA-2898_T_474_C,0,0,0,0,0,0,3,0,1,2
MEG_2899|Multi-compound|Biocide_and_metal_resistance|Biocide_and_metal_ABC_efflux_pumps|FETB|MEG_2899|FETB-2899_G_87_C,0,0,0,0,0,0,0,2,2,1
MEG_2899|Multi-compound|Biocide_and_metal_resistance|Biocide_and_metal_ABC_efflux_pumps|FETB|MEG_2899|FETB-2899_T_135_C,0,0,0,0,0,1,2,1,1,0
MEG_2899|Multi-compound|Biocide_and_metal_resistance|Biocide_and_metal_ABC_efflux_pumps|FETB|MEG_2899|FETB-2899_G_165_T,0,0,0,0,0,1,1,1,1,0
MEG_2899|Multi-compound|Biocide_and_metal_resistance|Biocide_and_metal_ABC_efflux_pumps|FETB|MEG_2899|FETB-2899_T_236_G,0,0,0,0,0,0,1,0,2,1
MEG_2899|Multi-compound|Biocide_and_metal_resistance|Biocide_and_metal_ABC_efflux_pumps|FETB|MEG_2899|FETB-2899_G_258_T,3,0,0,1,0,0,0,0,0,0
MEG_2899|Multi-compound|Biocide_and_metal_resistance|Biocide_and_metal_ABC_efflux_pumps|FETB|MEG_2899|FETB-2899_C_668_A,1,1,0,2,0,0,0,0,0,0
MEG_2899|Multi-compound|Biocide_and_metal_resistance|Biocide_and_metal_ABC_efflux_pumps|FETB|MEG_2899|FETB-2899_A_673_T,0,0,0,0,0,0,1,4,2,0
MEG_2900|Multi-compound|Biocide_and_metal_resistance|Biocide_and_metal_ABC_efflux_pumps|FETB|MEG_2900|FETB-2900_G_138_T,0,0,0,0,0,1,2,2,0,0
MEG_2900|Multi-compound|Biocide_and_metal_resistance|Biocide_and_metal_ABC_efflux_pumps|FETB|MEG_2900|FETB-2900_C_641_A,1,2,0,4,0,0,0,0,0,0
MEG_2900|Multi-compound|Biocide_and_metal_resistance|Biocide_and_metal_ABC_efflux_pumps|FETB|MEG_2900|FETB-2900_G_661_C,1,2,0,3,0,0,0,0,0,0
MEG_2906|Drugs|Phenicol|Phenicol_resistance_MFS_efflux_pumps|FEXB|MEG_2906|FEXB-2906_G_73_T,0,0,0,0,0,4,3,3,3,0
MEG_2906|Drugs|Phenicol|Phenicol_resistance_MFS_efflux_pumps|FEXB|MEG_2906|FEXB-2906_C_111_T,0,0,0,0,0,4,2,2,2,1
MEG_2906|Drugs|Phenicol|Phenicol_resistance_MFS_efflux_pumps|FEXB|MEG_2906|FEXB-2906_T_157_A,0,0,0,0,0,1,1,2,0,1
MEG_2906|Drugs|Phenicol|Phenicol_resistance_MFS_efflux_pumps|FEXB|MEG_2906|FEXB-2906_T_314_C,4,0,0,1,4,0,0,0,0,0
MEG_2906|Drugs|Phenicol|Phenicol_resistance_MFS_efflux_pumps|FEXB|MEG_2906|FEXB-2906_C_583_T,3,2,0,1,10,0,0,0,0,0
MEG_2906|Drugs|Phenicol|Phenicol_resistance_MFS_efflux_pumps|FEXB|MEG_2906|FEXB-2906_T_597_A,4,3,0,1,10,0,0,0,0,0
MEG_2906|Drugs|Phenicol|Phenicol_resistance_MFS_efflux_pumps|FEXB|MEG_2906|FEXB-2906_A_657_G,3,3,0,1,6,0,0,0,0,0
MEG_2906|Drugs|Phenicol|Phenicol_resistance_MFS_efflux_pumps|FEXB|MEG_2906|FEXB-2906_T_782_C,0,0,0,0,0,3,1,2,1,0
MEG_2906|Drugs|Phenicol|Phenicol_resistance_MFS_efflux_pumps|FEXB|MEG_2906|FEXB-2906_T_853_G,3,0,0,4,10,0,0,0,0,0
MEG_2906|Drugs|Phenicol|Phenicol_resistance_MFS_efflux_pumps|FEXB|MEG_2906|FEXB-2906_G_1141_T,0,0,0,0,0,1,2,0,0,2
MEG_2913|Drugs|Phenicol|Phenicol_resistance_MFS_efflux_pumps|FLOR|MEG_2913|FLOR-2913_g_91_A,0,0,0,0,0,3,3,1,0,2
MEG_2914|Drugs|Phenicol|Phenicol_resistance_MFS_efflux_pumps|FLOR|MEG_2914|FLOR-2914_t_79_G,1,6,2,1,0,0,0,0,0,0
MEG_2914|Drugs|Phenicol|Phenicol_resistance_MFS_efflux_pumps|FLOR|MEG_2914|FLOR-2914_c_260_T,0,0,0,0,0,0,0,0,1,3
MEG_2914|Drugs|Phenicol|Phenicol_resistance_MFS_efflux_pumps|FLOR|MEG_2914|FLOR-2914_t_314_G,1,2,3,1,0,0,0,0,0,0
MEG_2914|Drugs|Phenicol|Phenicol_resistance_MFS_efflux_pumps|FLOR|MEG_2914|FLOR-2914_c_318_T,0,0,0,0,0,0,2,0,1,1
MEG_2914|Drugs|Phenicol|Phenicol_resistance_MFS_efflux_pumps|FLOR|MEG_2914|FLOR-2914_a_506_G,0,0,0,0,0,0,1,0,2,4
MEG_2914|Drugs|Phenicol|Phenicol_resistance_MFS_efflux_pumps|FLOR|MEG_2914|FLOR-2914_a_732_G,0,4,3,0,0,0,0,0,0,0
MEG_2916|Drugs|Phenicol|Phenicol_resistance_MFS_efflux_pumps|FLOR|MEG_2916|FLOR-2916_t_654_A,0,0,0,0,0,1,2,0,1,0
MEG_2917|Drugs|Phenicol|Phenicol_resistance_MFS_efflux_pumps|FLOR|MEG_2917|FLOR-2917_c_318_T,0,0,0,0,0,0,0,0,1,3
MEG_2917|Drugs|Phenicol|Phenicol_resistance_MFS_efflux_pumps|FLOR|MEG_2917|FLOR-2917_t_429_G,0,0,0,0,0,0,0,3,0,1
MEG_2917|Drugs|Phenicol|Phenicol_resistance_MFS_efflux_pumps|FLOR|MEG_2917|FLOR-2917_t_435_C,0,0,0,0,0,0,0,3,0,1
MEG_2917|Drugs|Phenicol|Phenicol_resistance_MFS_efflux_pumps|FLOR|MEG_2917|FLOR-2917_g_595_T,0,0,0,0,0,0,2,1,0,1
MEG_2918|Drugs|Phenicol|Phenicol_resistance_MFS_efflux_pumps|FLOR|MEG_2918|FLOR-2918_t_429_G,0,0,0,0,0,2,0,2,2,0
MEG_2918|Drugs|Phenicol|Phenicol_resistance_MFS_efflux_pumps|FLOR|MEG_2918|FLOR-2918_t_435_C,0,0,0,0,0,2,0,2,2,0
MEG_2919|Drugs|Phenicol|Phenicol_resistance_MFS_efflux_pumps|FLOR|MEG_2919|FLOR-2919_c_153_A,0,1,1,2,0,0,0,0,0,0
MEG_2919|Drugs|Phenicol|Phenicol_resistance_MFS_efflux_pumps|FLOR|MEG_2919|FLOR-2919_c_543_G,0,3,3,9,1,0,0,0,0,0
MEG_2919|Drugs|Phenicol|Phenicol_resistance_MFS_efflux_pumps|FLOR|MEG_2919|FLOR-2919_g_558_A,0,1,3,12,0,0,0,0,0,0
MEG_2919|Drugs|Phenicol|Phenicol_resistance_MFS_efflux_pumps|FLOR|MEG_2919|FLOR-2919_g_1164_C,0,0,2,3,0,0,0,0,0,0
MEG_2920|Drugs|Phenicol|Phenicol_resistance_MFS_efflux_pumps|FLOR|MEG_2920|FLOR-2920_c_1090_A,1,1,0,2,0,0,0,0,0,0
MEG_2921|Drugs|Phenicol|Phenicol_resistance_MFS_efflux_pumps|FLOR|MEG_2921|FLOR-2921_a_223_G,0,0,0,0,0,0,3,1,0,0
MEG_2921|Drugs|Phenicol|Phenicol_resistance_MFS_efflux_pumps|FLOR|MEG_2921|FLOR-2921_g_503_T,0,0,0,0,0,0,2,2,0,0
MEG_2921|Drugs|Phenicol|Phenicol_resistance_MFS_efflux_pumps|FLOR|MEG_2921|FLOR-2921_g_595_T,0,0,0,0,0,0,5,1,0,0
MEG_2921|Drugs|Phenicol|Phenicol_resistance_MFS_efflux_pumps|FLOR|MEG_2921|FLOR-2921_a_679_T,0,0,0,0,0,1,13,5,0,1
MEG_2921|Drugs|Phenicol|Phenicol_resistance_MFS_efflux_pumps|FLOR|MEG_2921|FLOR-2921_c_750_A,1,1,1,0,2,0,0,0,0,0
MEG_2921|Drugs|Phenicol|Phenicol_resistance_MFS_efflux_pumps|FLOR|MEG_2921|FLOR-2921_t_798_G,0,0,0,0,0,0,3,3,0,0
MEG_2924|Drugs|Phenicol|Phenicol_resistance_MFS_efflux_pumps|FLOR|MEG_2924|FLOR-2924_a_1023_G,0,0,0,0,0,0,3,1,0,1
MEG_2925|Drugs|Phenicol|Phenicol_resistance_MFS_efflux_pumps|FLOR|MEG_2925|FLOR-2925_t_733_C,2,0,0,2,0,0,0,0,0,0
MEG_2926|Drugs|Phenicol|Phenicol_resistance_MFS_efflux_pumps|FLOR|MEG_2926|FLOR-2926_g_76_T,0,0,1,3,0,0,0,0,0,0
MEG_2926|Drugs|Phenicol|Phenicol_resistance_MFS_efflux_pumps|FLOR|MEG_2926|FLOR-2926_g_85_T,0,0,1,4,0,0,0,0,0,0
MEG_2926|Drugs|Phenicol|Phenicol_resistance_MFS_efflux_pumps|FLOR|MEG_2926|FLOR-2926_t_612_G,1,0,2,11,0,0,0,0,0,0
MEG_2926|Drugs|Phenicol|Phenicol_resistance_MFS_efflux_pumps|FLOR|MEG_2926|FLOR-2926_g_667_C,0,0,1,4,0,0,0,0,0,0
MEG_2926|Drugs|Phenicol|Phenicol_resistance_MFS_efflux_pumps|FLOR|MEG_2926|FLOR-2926_t_830_G,1,0,1,5,0,0,0,0,0,0
MEG_2928|Drugs|Phenicol|Phenicol_resistance_MFS_efflux_pumps|FLOR|MEG_2928|FLOR-2928_T_798_G,0,0,0,0,0,0,3,0,0,1
MEG_2930|Drugs|Phenicol|Phenicol_resistance_MFS_efflux_pumps|FLOR|MEG_2930|FLOR-2930_C_162_A,0,1,1,2,0,0,0,0,0,0
MEG_2930|Drugs|Phenicol|Phenicol_resistance_MFS_efflux_pumps|FLOR|MEG_2930|FLOR-2930_G_417_T,1,1,1,0,1,0,0,0,0,0
MEG_2930|Drugs|Phenicol|Phenicol_resistance_MFS_efflux_pumps|FLOR|MEG_2930|FLOR-2930_T_742_C,0,0,2,2,0,0,0,0,0,0
MEG_2931|Drugs|Phenicol|Phenicol_resistance_MFS_efflux_pumps|FLOR|MEG_2931|FLOR-2931_C_255_G,0,0,0,0,0,1,1,1,1,0
MEG_2931|Drugs|Phenicol|Phenicol_resistance_MFS_efflux_pumps|FLOR|MEG_2931|FLOR-2931_A_336_T,0,0,0,0,0,2,3,1,1,0
MEG_2931|Drugs|Phenicol|Phenicol_resistance_MFS_efflux_pumps|FLOR|MEG_2931|FLOR-2931_A_806_T,0,0,0,0,0,2,3,1,2,0
MEG_2932|Drugs|Aminoglycosides|16S_rRNA_methyltransferases|FMRO|MEG_2932|FMRO-2932_A_138_T,0,0,0,0,0,6,1,0,0,0
MEG_2932|Drugs|Aminoglycosides|16S_rRNA_methyltransferases|FMRO|MEG_2932|FMRO-2932_G_159_T,0,0,0,0,0,6,1,0,0,0
MEG_2932|Drugs|Aminoglycosides|16S_rRNA_methyltransferases|FMRO|MEG_2932|FMRO-2932_C_164_G,0,0,0,0,0,6,1,0,0,0
MEG_2932|Drugs|Aminoglycosides|16S_rRNA_methyltransferases|FMRO|MEG_2932|FMRO-2932_G_489_C,0,0,0,0,0,2,1,1,0,0
MEG_2932|Drugs|Aminoglycosides|16S_rRNA_methyltransferases|FMRO|MEG_2932|FMRO-2932_C_745_A,0,0,0,0,0,4,1,0,1,0
MEG_2932|Drugs|Aminoglycosides|16S_rRNA_methyltransferases|FMRO|MEG_2932|FMRO-2932_C_788_G,0,0,0,0,0,3,1,0,0,0
MEG_2932|Drugs|Aminoglycosides|16S_rRNA_methyltransferases|FMRO|MEG_2932|FMRO-2932_G_789_C,0,0,0,0,0,3,1,0,0,0
MEG_2942|Drugs|Sulfonamides|Sulfonamide-resistant_dihydropteroate_synthases|FOLP|MEG_2942|FOLP-2942_A_219_G,1,0,1,5,0,0,0,3,0,0
MEG_2942|Drugs|Sulfonamides|Sulfonamide-resistant_dihydropteroate_synthases|FOLP|MEG_2942|FOLP-2942_A_225_T,0,0,1,4,0,0,0,4,0,0
MEG_2942|Drugs|Sulfonamides|Sulfonamide-resistant_dihydropteroate_synthases|FOLP|MEG_2942|FOLP-2942_C_267_T,0,0,0,4,0,0,0,3,0,1
MEG_2942|Drugs|Sulfonamides|Sulfonamide-resistant_dihydropteroate_synthases|FOLP|MEG_2942|FOLP-2942_G_288_A,0,0,0,3,0,0,0,4,0,1
MEG_2942|Drugs|Sulfonamides|Sulfonamide-resistant_dihydropteroate_synthases|FOLP|MEG_2942|FOLP-2942_C_300_T,0,0,0,4,1,0,0,4,0,1
MEG_2942|Drugs|Sulfonamides|Sulfonamide-resistant_dihydropteroate_synthases|FOLP|MEG_2942|FOLP-2942_A_603_G,0,0,1,4,0,1,1,5,3,3
MEG_2942|Drugs|Sulfonamides|Sulfonamide-resistant_dihydropteroate_synthases|FOLP|MEG_2942|FOLP-2942_C_627_T,0,0,1,5,0,2,2,3,3,1
MEG_2948|Drugs|Sulfonamides|Sulfonamide-resistant_dihydropteroate_synthases|FOLP|MEG_2948|FOLP-2948_G_81_T,1,1,1,1,2,0,0,0,0,0
MEG_2948|Drugs|Sulfonamides|Sulfonamide-resistant_dihydropteroate_synthases|FOLP|MEG_2948|FOLP-2948_G_120_A,1,1,1,0,5,0,0,0,0,0
MEG_2955|Drugs|Sulfonamides|Sulfonamide-resistant_dihydropteroate_synthases|FOLP|MEG_2955|FOLP-2955_C_192_T,0,0,1,1,0,1,2,0,0,0
MEG_2955|Drugs|Sulfonamides|Sulfonamide-resistant_dihydropteroate_synthases|FOLP|MEG_2955|FOLP-2955_G_234_C,0,0,1,2,0,1,3,1,0,0
MEG_2955|Drugs|Sulfonamides|Sulfonamide-resistant_dihydropteroate_synthases|FOLP|MEG_2955|FOLP-2955_G_327_A,2,2,0,0,0,4,3,2,1,1
MEG_2955|Drugs|Sulfonamides|Sulfonamide-resistant_dihydropteroate_synthases|FOLP|MEG_2955|FOLP-2955_C_330_A,0,1,1,0,0,0,2,0,0,0
MEG_2955|Drugs|Sulfonamides|Sulfonamide-resistant_dihydropteroate_synthases|FOLP|MEG_2955|FOLP-2955_C_390_T,2,3,0,0,1,4,3,2,3,1
MEG_2955|Drugs|Sulfonamides|Sulfonamide-resistant_dihydropteroate_synthases|FOLP|MEG_2955|FOLP-2955_C_498_T,2,0,1,0,1,1,2,1,0,1
MEG_2955|Drugs|Sulfonamides|Sulfonamide-resistant_dihydropteroate_synthases|FOLP|MEG_2955|FOLP-2955_T_679_C,0,0,0,1,1,4,2,0,1,1
MEG_2955|Drugs|Sulfonamides|Sulfonamide-resistant_dihydropteroate_synthases|FOLP|MEG_2955|FOLP-2955_A_720_G,0,0,0,0,1,2,0,0,0,1
MEG_2955|Drugs|Sulfonamides|Sulfonamide-resistant_dihydropteroate_synthases|FOLP|MEG_2955|FOLP-2955_G_808_C,0,0,0,1,0,1,3,0,0,0
MEG_2959|Drugs|Sulfonamides|Sulfonamide-resistant_dihydropteroate_synthases|FOLP|MEG_2959|FOLP-2959_C_345_T,0,0,2,0,0,1,0,1,0,0
MEG_2959|Drugs|Sulfonamides|Sulfonamide-resistant_dihydropteroate_synthases|FOLP|MEG_2959|FOLP-2959_G_648_A,0,2,0,0,0,0,3,0,0,0
MEG_2963|Drugs|Sulfonamides|Sulfonamide-resistant_dihydropteroate_synthases|FOLP|MEG_2963|FOLP-2963_C_160_T,1,15,1,5,0,2,2,2,0,6
MEG_2963|Drugs|Sulfonamides|Sulfonamide-resistant_dihydropteroate_synthases|FOLP|MEG_2963|FOLP-2963_T_261_G,2,14,0,1,2,1,1,1,1,2
MEG_2963|Drugs|Sulfonamides|Sulfonamide-resistant_dihydropteroate_synthases|FOLP|MEG_2963|FOLP-2963_T_537_C,0,13,1,1,1,1,2,1,0,3
MEG_2966|Drugs|Sulfonamides|Sulfonamide-resistant_dihydropteroate_synthases|FOLP|MEG_2966|FOLP-2966_G_81_T,0,0,1,0,3,0,0,0,0,0
MEG_2966|Drugs|Sulfonamides|Sulfonamide-resistant_dihydropteroate_synthases|FOLP|MEG_2966|FOLP-2966_G_120_A,0,0,2,0,2,0,0,0,1,0
MEG_2972|Drugs|Sulfonamides|Sulfonamide-resistant_dihydropteroate_synthases|FOLP|MEG_2972|FOLP-2972_C_147_T,0,0,0,0,1,4,5,1,0,1
MEG_2972|Drugs|Sulfonamides|Sulfonamide-resistant_dihydropteroate_synthases|FOLP|MEG_2972|FOLP-2972_A_282_G,2,1,2,1,0,0,3,2,1,2
MEG_2972|Drugs|Sulfonamides|Sulfonamide-resistant_dihydropteroate_synthases|FOLP|MEG_2972|FOLP-2972_C_285_A,1,1,1,1,0,0,2,0,1,0
MEG_2972|Drugs|Sulfonamides|Sulfonamide-resistant_dihydropteroate_synthases|FOLP|MEG_2972|FOLP-2972_G_648_A,2,0,1,0,0,0,1,1,0,0
MEG_2972|Drugs|Sulfonamides|Sulfonamide-resistant_dihydropteroate_synthases|FOLP|MEG_2972|FOLP-2972_C_759_T,1,1,0,0,0,0,2,0,1,0
MEG_2974|Drugs|Fosfomycin|Fosfomycin_phosphorylation|FOMB|MEG_2974|FOMB-2974_C_39_T,0,0,0,0,5,0,0,0,0,0
MEG_2974|Drugs|Fosfomycin|Fosfomycin_phosphorylation|FOMB|MEG_2974|FOMB-2974_C_168_A,0,0,0,0,0,0,4,0,0,6
MEG_2974|Drugs|Fosfomycin|Fosfomycin_phosphorylation|FOMB|MEG_2974|FOMB-2974_A_236_G,0,0,0,0,0,0,3,1,0,0
MEG_2974|Drugs|Fosfomycin|Fosfomycin_phosphorylation|FOMB|MEG_2974|FOMB-2974_C_276_A,0,0,0,0,0,0,2,0,0,7
MEG_2974|Drugs|Fosfomycin|Fosfomycin_phosphorylation|FOMB|MEG_2974|FOMB-2974_T_343_G,0,0,0,0,0,0,1,0,1,3
MEG_2974|Drugs|Fosfomycin|Fosfomycin_phosphorylation|FOMB|MEG_2974|FOMB-2974_A_353_T,0,0,0,0,0,0,1,0,1,3
MEG_2974|Drugs|Fosfomycin|Fosfomycin_phosphorylation|FOMB|MEG_2974|FOMB-2974_G_402_T,1,0,0,0,4,0,0,0,0,0
MEG_2974|Drugs|Fosfomycin|Fosfomycin_phosphorylation|FOMB|MEG_2974|FOMB-2974_G_403_A,2,0,0,0,1,0,1,0,1,2
MEG_2974|Drugs|Fosfomycin|Fosfomycin_phosphorylation|FOMB|MEG_2974|FOMB-2974_A_417_T,0,0,0,0,0,2,1,1,0,0
MEG_2974|Drugs|Fosfomycin|Fosfomycin_phosphorylation|FOMB|MEG_2974|FOMB-2974_C_555_T,1,1,0,0,3,0,0,0,0,0
MEG_2974|Drugs|Fosfomycin|Fosfomycin_phosphorylation|FOMB|MEG_2974|FOMB-2974_C_561_G,0,0,0,0,0,2,1,2,0,0
MEG_2974|Drugs|Fosfomycin|Fosfomycin_phosphorylation|FOMB|MEG_2974|FOMB-2974_G_581_A,0,0,0,0,0,2,0,2,0,0
MEG_2974|Drugs|Fosfomycin|Fosfomycin_phosphorylation|FOMB|MEG_2974|FOMB-2974_A_647_G,0,0,0,0,0,0,0,0,1,3
MEG_2974|Drugs|Fosfomycin|Fosfomycin_phosphorylation|FOMB|MEG_2974|FOMB-2974_G_655_T,3,0,0,1,7,0,0,0,0,0
MEG_2974|Drugs|Fosfomycin|Fosfomycin_phosphorylation|FOMB|MEG_2974|FOMB-2974_C_813_A,9,0,0,0,0,0,0,0,0,0
MEG_2974|Drugs|Fosfomycin|Fosfomycin_phosphorylation|FOMB|MEG_2974|FOMB-2974_C_892_G,0,0,0,0,0,0,0,0,0,4
MEG_2975|Drugs|Fosfomycin|Fosfomycin_phosphorylation|FOMB|MEG_2975|FOMB-2975_T_14_C,0,0,0,0,0,0,1,0,0,3
MEG_2975|Drugs|Fosfomycin|Fosfomycin_phosphorylation|FOMB|MEG_2975|FOMB-2975_C_39_T,0,1,0,0,4,0,0,0,0,0
MEG_2975|Drugs|Fosfomycin|Fosfomycin_phosphorylation|FOMB|MEG_2975|FOMB-2975_G_402_T,3,0,0,0,4,0,0,0,0,0
MEG_2975|Drugs|Fosfomycin|Fosfomycin_phosphorylation|FOMB|MEG_2975|FOMB-2975_G_403_A,3,0,0,2,0,0,0,0,1,4
MEG_2975|Drugs|Fosfomycin|Fosfomycin_phosphorylation|FOMB|MEG_2975|FOMB-2975_G_499_C,2,0,0,0,5,0,0,0,0,0
MEG_2975|Drugs|Fosfomycin|Fosfomycin_phosphorylation|FOMB|MEG_2975|FOMB-2975_A_647_G,0,0,0,0,0,0,0,0,0,7
MEG_2975|Drugs|Fosfomycin|Fosfomycin_phosphorylation|FOMB|MEG_2975|FOMB-2975_G_655_T,3,0,0,0,1,0,0,0,0,0
MEG_2975|Drugs|Fosfomycin|Fosfomycin_phosphorylation|FOMB|MEG_2975|FOMB-2975_G_745_A,3,0,0,0,2,0,0,0,0,0
MEG_2975|Drugs|Fosfomycin|Fosfomycin_phosphorylation|FOMB|MEG_2975|FOMB-2975_C_813_A,4,0,0,0,4,0,0,0,0,0
MEG_2975|Drugs|Fosfomycin|Fosfomycin_phosphorylation|FOMB|MEG_2975|FOMB-2975_C_892_G,0,0,0,0,0,0,1,0,2,4
MEG_2982|Drugs|Fosfomycin|Fosfomycin_thiol_transferases|FOSA|MEG_2982|FOSA-2982_t_336_A,0,0,2,1,1,0,0,0,0,0
MEG_2982|Drugs|Fosfomycin|Fosfomycin_thiol_transferases|FOSA|MEG_2982|FOSA-2982_c_346_A,0,0,2,1,1,0,0,0,0,0
MEG_2983|Drugs|Fosfomycin|Fosfomycin_thiol_transferases|FOSA|MEG_2983|FOSA-2983_T_66_G,0,0,0,0,0,0,4,0,0,1
MEG_2995|Drugs|Fosfomycin|Fosfomycin_thiol_transferases|FOSA|MEG_2995|FOSA-2995_C_139_G,0,0,0,0,0,0,5,0,0,0
MEG_2995|Drugs|Fosfomycin|Fosfomycin_thiol_transferases|FOSA|MEG_2995|FOSA-2995_C_250_G,0,0,0,0,0,0,10,1,0,1
MEG_2995|Drugs|Fosfomycin|Fosfomycin_thiol_transferases|FOSA|MEG_2995|FOSA-2995_T_401_G,0,0,0,0,0,1,7,0,0,0
MEG_2997|Drugs|Fosfomycin|Fosfomycin_thiol_transferases|FOSA|MEG_2997|FOSA-2997_A_88_C,0,0,0,5,1,0,0,0,0,0
MEG_2997|Drugs|Fosfomycin|Fosfomycin_thiol_transferases|FOSA|MEG_2997|FOSA-2997_A_156_T,0,0,0,5,1,0,0,0,0,0
MEG_2997|Drugs|Fosfomycin|Fosfomycin_thiol_transferases|FOSA|MEG_2997|FOSA-2997_T_202_C,0,0,0,0,0,0,4,0,0,0
MEG_2998|Drugs|Fosfomycin|Fosfomycin_thiol_transferases|FOSA|MEG_2998|FOSA-2998_T_121_G,0,0,0,0,0,1,2,0,1,0
MEG_2999|Drugs|Fosfomycin|Fosfomycin_thiol_transferases|FOSA|MEG_2999|FOSA-2999_T_115_G,0,0,1,0,3,0,0,0,0,0
MEG_2999|Drugs|Fosfomycin|Fosfomycin_thiol_transferases|FOSA|MEG_2999|FOSA-2999_C_379_A,2,0,1,0,1,0,0,0,0,0
MEG_3001|Drugs|Fosfomycin|Fosfomycin_thiol_transferases|FOSA|MEG_3001|FOSA-3001_T_63_A,0,0,0,0,0,1,1,0,2,0
MEG_3001|Drugs|Fosfomycin|Fosfomycin_thiol_transferases|FOSA|MEG_3001|FOSA-3001_G_322_T,0,0,0,0,0,4,0,0,1,0
MEG_3018|Drugs|Fosfomycin|Fosfomycin_thiol_transferases|FOSD|MEG_3018|FOSD-3018_A_46_T,4,0,0,3,0,0,0,0,0,0
MEG_3027|Drugs|Fosfomycin|Fosfomycin_thiol_transferases|FOSX|MEG_3027|FOSX-3027_t_346_G,0,1,0,2,1,0,0,0,0,0
MEG_3061|Multi-compound|Biocide_and_metal_resistance|Biocide_and_metal_resistance_protein|FRNE|MEG_3061|FRNE-3061_G_54_A,1,0,0,4,0,0,0,0,0,0
MEG_3061|Multi-compound|Biocide_and_metal_resistance|Biocide_and_metal_resistance_protein|FRNE|MEG_3061|FRNE-3061_T_154_G,0,0,0,0,0,0,2,0,4,0
MEG_3061|Multi-compound|Biocide_and_metal_resistance|Biocide_and_metal_resistance_protein|FRNE|MEG_3061|FRNE-3061_C_253_T,1,0,0,3,0,0,0,0,0,0
MEG_3061|Multi-compound|Biocide_and_metal_resistance|Biocide_and_metal_resistance_protein|FRNE|MEG_3061|FRNE-3061_A_389_G,0,0,0,0,0,3,0,0,2,0
MEG_3061|Multi-compound|Biocide_and_metal_resistance|Biocide_and_metal_resistance_protein|FRNE|MEG_3061|FRNE-3061_C_630_G,2,0,0,4,0,0,0,0,0,0
MEG_3061|Multi-compound|Biocide_and_metal_resistance|Biocide_and_metal_resistance_protein|FRNE|MEG_3061|FRNE-3061_C_672_T,3,0,0,4,0,0,0,0,0,0
MEG_3061|Multi-compound|Biocide_and_metal_resistance|Biocide_and_metal_resistance_protein|FRNE|MEG_3061|FRNE-3061_A_710_G,3,0,0,3,0,0,0,0,0,0
MEG_3066|Drugs|Fusidic_acid|Ribosomal_zinc-binding_protein|FUSB|MEG_3066|FUSB-3066_t_132_C,1,0,1,2,0,0,0,0,0,0
MEG_3066|Drugs|Fusidic_acid|Ribosomal_zinc-binding_protein|FUSB|MEG_3066|FUSB-3066_t_596_C,0,0,0,0,0,1,1,2,0,0
MEG_3068|Drugs|Fusidic_acid|Ribosomal_zinc-binding_protein|FUSC|MEG_3068|FUSC-3068_T_112_G,0,0,0,0,0,0,1,1,0,2
MEG_3068|Drugs|Fusidic_acid|Ribosomal_zinc-binding_protein|FUSC|MEG_3068|FUSC-3068_A_368_C,3,0,1,0,5,0,0,0,0,0
MEG_3068|Drugs|Fusidic_acid|Ribosomal_zinc-binding_protein|FUSC|MEG_3068|FUSC-3068_T_387_A,3,0,1,0,6,0,0,0,0,0
MEG_3069|Drugs|Fusidic_acid|Ribosomal_zinc-binding_protein|FUSD|MEG_3069|FUSD-3069_c_170_A,0,1,1,1,4,0,0,0,0,0
MEG_3069|Drugs|Fusidic_acid|Ribosomal_zinc-binding_protein|FUSD|MEG_3069|FUSD-3069_a_209_G,0,0,0,0,0,5,0,0,0,0
MEG_3069|Drugs|Fusidic_acid|Ribosomal_zinc-binding_protein|FUSD|MEG_3069|FUSD-3069_c_277_G,0,0,0,0,0,6,0,0,0,0
MEG_3070|Drugs|Fusidic_acid|Ribosomal_zinc-binding_protein|FUSD|MEG_3070|FUSD-3070_A_110_C,3,0,1,4,0,0,0,0,0,0
MEG_3070|Drugs|Fusidic_acid|Ribosomal_zinc-binding_protein|FUSD|MEG_3070|FUSD-3070_A_190_C,1,1,1,5,0,0,0,0,0,0
MEG_3070|Drugs|Fusidic_acid|Ribosomal_zinc-binding_protein|FUSD|MEG_3070|FUSD-3070_G_479_A,3,0,1,1,0,0,0,0,0,0
MEG_3072|Drugs|Fusidic_acid|Fusidic_acid_esterases|FUSF|MEG_3072|FUSF-3072_a_220_T,0,0,0,0,0,0,7,0,0,4
MEG_3072|Drugs|Fusidic_acid|Fusidic_acid_esterases|FUSF|MEG_3072|FUSF-3072_a_301_G,0,0,0,0,0,1,1,1,0,5
MEG_3072|Drugs|Fusidic_acid|Fusidic_acid_esterases|FUSF|MEG_3072|FUSF-3072_a_417_T,2,0,0,4,4,0,0,0,0,0
MEG_3072|Drugs|Fusidic_acid|Fusidic_acid_esterases|FUSF|MEG_3072|FUSF-3072_t_501_C,3,0,0,4,4,0,0,0,0,0
MEG_3072|Drugs|Fusidic_acid|Fusidic_acid_esterases|FUSF|MEG_3072|FUSF-3072_a_514_T,0,0,0,0,0,1,5,1,0,2
MEG_3072|Drugs|Fusidic_acid|Fusidic_acid_esterases|FUSF|MEG_3072|FUSF-3072_a_550_C,2,0,0,2,4,0,0,0,0,0
MEG_3072|Drugs|Fusidic_acid|Fusidic_acid_esterases|FUSF|MEG_3072|FUSF-3072_a_594_T,0,0,0,0,0,3,3,0,1,3
MEG_3072|Drugs|Fusidic_acid|Fusidic_acid_esterases|FUSF|MEG_3072|FUSF-3072_g_625_C,0,0,0,0,0,2,2,0,1,3
MEG_3073|Drugs|Fusidic_acid|Fusidic_acid_esterases|FUSF|MEG_3073|FUSF-3073_C_87_T,0,0,0,0,0,2,3,1,0,0
MEG_3073|Drugs|Fusidic_acid|Fusidic_acid_esterases|FUSF|MEG_3073|FUSF-3073_A_314_C,0,0,0,0,0,0,5,1,1,0
MEG_3073|Drugs|Fusidic_acid|Fusidic_acid_esterases|FUSF|MEG_3073|FUSF-3073_G_409_A,0,0,0,0,0,0,7,2,0,0
MEG_3073|Drugs|Fusidic_acid|Fusidic_acid_esterases|FUSF|MEG_3073|FUSF-3073_T_430_A,0,0,0,0,0,0,6,2,0,0
MEG_3073|Drugs|Fusidic_acid|Fusidic_acid_esterases|FUSF|MEG_3073|FUSF-3073_A_634_G,1,1,0,3,1,0,0,0,0,0
MEG_3074|Drugs|Fusidic_acid|Fusidic_acid_esterases|FUSH|MEG_3074|FUSH-3074_A_176_C,0,0,0,0,0,2,12,2,2,0
MEG_3074|Drugs|Fusidic_acid|Fusidic_acid_esterases|FUSH|MEG_3074|FUSH-3074_G_727_T,0,0,0,0,0,4,8,1,3,2
MEG_3074|Drugs|Fusidic_acid|Fusidic_acid_esterases|FUSH|MEG_3074|FUSH-3074_T_794_A,0,1,0,2,2,0,0,0,0,0
MEG_3074|Drugs|Fusidic_acid|Fusidic_acid_esterases|FUSH|MEG_3074|FUSH-3074_G_1015_C,0,0,0,0,0,2,17,2,2,0
MEG_3074|Drugs|Fusidic_acid|Fusidic_acid_esterases|FUSH|MEG_3074|FUSH-3074_G_1208_C,0,1,0,2,5,0,0,0,0,0
MEG_3074|Drugs|Fusidic_acid|Fusidic_acid_esterases|FUSH|MEG_3074|FUSH-3074_G_1327_C,0,0,0,0,0,6,13,2,1,0
MEG_3075|Metals|Aluminum_resistance|Aluminum_ATPase_|G2ALT|MEG_3075|G2ALT-3075_A_126_G,0,0,0,0,0,2,1,1,0,0
MEG_3075|Metals|Aluminum_resistance|Aluminum_ATPase_|G2ALT|MEG_3075|G2ALT-3075_A_226_G,0,0,0,0,0,1,2,0,3,2
MEG_3075|Metals|Aluminum_resistance|Aluminum_ATPase_|G2ALT|MEG_3075|G2ALT-3075_A_238_C,0,0,0,0,0,1,3,0,3,2
MEG_3075|Metals|Aluminum_resistance|Aluminum_ATPase_|G2ALT|MEG_3075|G2ALT-3075_A_328_C,0,0,0,0,0,0,3,0,3,0
MEG_3075|Metals|Aluminum_resistance|Aluminum_ATPase_|G2ALT|MEG_3075|G2ALT-3075_A_386_C,0,5,1,0,1,0,0,0,0,0
MEG_3075|Metals|Aluminum_resistance|Aluminum_ATPase_|G2ALT|MEG_3075|G2ALT-3075_G_429_A,0,0,0,0,0,2,3,1,2,0
MEG_3075|Metals|Aluminum_resistance|Aluminum_ATPase_|G2ALT|MEG_3075|G2ALT-3075_C_567_G,0,2,3,0,1,0,0,0,0,0
MEG_3075|Metals|Aluminum_resistance|Aluminum_ATPase_|G2ALT|MEG_3075|G2ALT-3075_T_623_A,0,0,0,0,0,0,4,1,0,0
MEG_3075|Metals|Aluminum_resistance|Aluminum_ATPase_|G2ALT|MEG_3075|G2ALT-3075_A_643_G,0,0,0,0,0,0,4,1,0,0
MEG_3076|Biocides|Acid_resistance|Acid_resistance_protein|GADA|MEG_3076|GADA-3076_C_98_G,0,0,0,0,0,0,0,6,0,2
MEG_3076|Biocides|Acid_resistance|Acid_resistance_protein|GADA|MEG_3076|GADA-3076_G_526_C,0,2,0,0,3,0,0,0,0,0
MEG_3076|Biocides|Acid_resistance|Acid_resistance_protein|GADA|MEG_3076|GADA-3076_G_760_C,0,4,0,0,0,0,0,0,0,0
MEG_3076|Biocides|Acid_resistance|Acid_resistance_protein|GADA|MEG_3076|GADA-3076_C_842_A,0,0,0,1,3,0,0,0,0,0
MEG_3076|Biocides|Acid_resistance|Acid_resistance_protein|GADA|MEG_3076|GADA-3076_T_909_A,0,1,1,1,3,0,0,0,0,0
MEG_3076|Biocides|Acid_resistance|Acid_resistance_protein|GADA|MEG_3076|GADA-3076_C_951_T,1,0,1,0,4,0,0,0,0,0
MEG_3076|Biocides|Acid_resistance|Acid_resistance_protein|GADA|MEG_3076|GADA-3076_G_1082_T,0,0,0,0,0,0,6,0,0,0
MEG_3076|Biocides|Acid_resistance|Acid_resistance_protein|GADA|MEG_3076|GADA-3076_A_1123_C,0,0,0,0,0,0,4,0,0,0
MEG_3076|Biocides|Acid_resistance|Acid_resistance_protein|GADA|MEG_3076|GADA-3076_A_1142_T,0,0,0,0,0,0,0,2,3,0
MEG_3076|Biocides|Acid_resistance|Acid_resistance_protein|GADA|MEG_3076|GADA-3076_A_1171_G,0,4,0,0,2,0,0,0,0,0
MEG_3076|Biocides|Acid_resistance|Acid_resistance_protein|GADA|MEG_3076|GADA-3076_G_1203_A,0,0,0,0,0,0,0,4,2,2
MEG_3077|Biocides|Acid_resistance|Acid_resistance_protein|GADA|MEG_3077|GADA-3077_C_23_G,1,0,2,0,2,0,0,0,0,0
MEG_3077|Biocides|Acid_resistance|Acid_resistance_protein|GADA|MEG_3077|GADA-3077_G_38_C,2,0,2,0,2,0,0,0,0,0
MEG_3077|Biocides|Acid_resistance|Acid_resistance_protein|GADA|MEG_3077|GADA-3077_T_300_C,0,0,0,0,0,3,5,1,1,0
MEG_3077|Biocides|Acid_resistance|Acid_resistance_protein|GADA|MEG_3077|GADA-3077_C_471_T,0,0,1,1,3,0,0,0,0,0
MEG_3077|Biocides|Acid_resistance|Acid_resistance_protein|GADA|MEG_3077|GADA-3077_G_691_T,0,0,5,0,1,0,0,0,0,0
MEG_3077|Biocides|Acid_resistance|Acid_resistance_protein|GADA|MEG_3077|GADA-3077_T_714_G,1,0,7,0,3,0,0,0,0,0
MEG_3078|Biocides|Acid_resistance|Acid_resistance_protein|GADB|MEG_3078|GADB-3078_C_65_T,0,0,0,0,0,0,14,0,0,1
MEG_3078|Biocides|Acid_resistance|Acid_resistance_protein|GADB|MEG_3078|GADB-3078_T_120_G,0,0,0,0,0,0,14,0,0,0
MEG_3078|Biocides|Acid_resistance|Acid_resistance_protein|GADB|MEG_3078|GADB-3078_T_141_G,6,3,2,3,4,0,0,0,0,0
MEG_3078|Biocides|Acid_resistance|Acid_resistance_protein|GADB|MEG_3078|GADB-3078_G_191_C,4,3,5,3,3,0,0,0,0,0
MEG_3078|Biocides|Acid_resistance|Acid_resistance_protein|GADB|MEG_3078|GADB-3078_G_611_C,5,6,1,2,4,0,0,0,0,0
MEG_3078|Biocides|Acid_resistance|Acid_resistance_protein|GADB|MEG_3078|GADB-3078_T_689_C,0,0,0,0,0,0,13,0,0,1
MEG_3078|Biocides|Acid_resistance|Acid_resistance_protein|GADB|MEG_3078|GADB-3078_C_842_A,4,0,5,4,3,0,0,0,0,0
MEG_3078|Biocides|Acid_resistance|Acid_resistance_protein|GADB|MEG_3078|GADB-3078_T_909_A,3,0,5,2,6,0,0,0,0,0
MEG_3078|Biocides|Acid_resistance|Acid_resistance_protein|GADB|MEG_3078|GADB-3078_C_951_T,2,3,6,2,4,0,0,0,0,0
MEG_3078|Biocides|Acid_resistance|Acid_resistance_protein|GADB|MEG_3078|GADB-3078_G_1082_T,0,0,0,0,0,1,6,0,0,3
MEG_3078|Biocides|Acid_resistance|Acid_resistance_protein|GADB|MEG_3078|GADB-3078_A_1123_C,0,0,0,0,0,2,5,0,0,2
MEG_3078|Biocides|Acid_resistance|Acid_resistance_protein|GADB|MEG_3078|GADB-3078_C_1140_G,3,3,5,2,3,0,0,0,0,0
MEG_3079|Biocides|Acid_resistance|Acid_resistance_protein|GADC|MEG_3079|GADC-3079_C_548_G,7,0,1,0,0,0,0,0,0,0
MEG_3079|Biocides|Acid_resistance|Acid_resistance_protein|GADC|MEG_3079|GADC-3079_A_598_T,0,0,0,0,0,1,4,0,2,2
MEG_3079|Biocides|Acid_resistance|Acid_resistance_protein|GADC|MEG_3079|GADC-3079_C_610_A,7,0,3,0,0,0,0,0,0,0
MEG_3079|Biocides|Acid_resistance|Acid_resistance_protein|GADC|MEG_3079|GADC-3079_C_667_T,3,0,3,0,0,0,0,0,0,0
MEG_3080|Biocides|Acid_resistance|Acid_resistance_regulator|GADE|MEG_3080|GADE-3080_C_226_T,0,0,0,0,0,4,0,0,0,0
MEG_3080|Biocides|Acid_resistance|Acid_resistance_regulator|GADE|MEG_3080|GADE-3080_A_404_T,0,0,0,0,0,2,1,1,1,0
MEG_3084|Biocides|Quaternary_Ammonium_Compounds_(QACs)_resistance|QAC-resistant_protein_UDP_glucose_4_epimerase|GALE|MEG_3084|GALE-3084_T_134_G,0,0,2,0,3,0,0,0,0,0
MEG_3084|Biocides|Quaternary_Ammonium_Compounds_(QACs)_resistance|QAC-resistant_protein_UDP_glucose_4_epimerase|GALE|MEG_3084|GALE-3084_A_249_G,0,0,5,2,1,0,0,0,0,0
MEG_3084|Biocides|Quaternary_Ammonium_Compounds_(QACs)_resistance|QAC-resistant_protein_UDP_glucose_4_epimerase|GALE|MEG_3084|GALE-3084_G_361_T,0,0,10,3,3,0,0,0,0,0
MEG_3084|Biocides|Quaternary_Ammonium_Compounds_(QACs)_resistance|QAC-resistant_protein_UDP_glucose_4_epimerase|GALE|MEG_3084|GALE-3084_C_582_T,0,0,0,0,0,0,3,2,0,3
MEG_3084|Biocides|Quaternary_Ammonium_Compounds_(QACs)_resistance|QAC-resistant_protein_UDP_glucose_4_epimerase|GALE|MEG_3084|GALE-3084_A_759_C,0,0,2,0,2,0,0,0,0,0
MEG_3084|Biocides|Quaternary_Ammonium_Compounds_(QACs)_resistance|QAC-resistant_protein_UDP_glucose_4_epimerase|GALE|MEG_3084|GALE-3084_G_850_T,0,0,3,2,4,0,0,0,0,0
MEG_3084|Biocides|Quaternary_Ammonium_Compounds_(QACs)_resistance|QAC-resistant_protein_UDP_glucose_4_epimerase|GALE|MEG_3084|GALE-3084_T_976_A,0,0,4,1,1,0,0,0,0,0
MEG_3084|Biocides|Quaternary_Ammonium_Compounds_(QACs)_resistance|QAC-resistant_protein_UDP_glucose_4_epimerase|GALE|MEG_3084|GALE-3084_A_980_T,0,0,3,1,0,0,0,0,0,0
MEG_3132|Multi-compound|Drug_and_biocide_and_metal_resistance|Drug_and_biocide_and_metal_RND_efflux_pumps|GESA|MEG_3132|GESA-3132_C_350_T,0,0,4,2,0,0,0,0,0,0
MEG_3132|Multi-compound|Drug_and_biocide_and_metal_resistance|Drug_and_biocide_and_metal_RND_efflux_pumps|GESA|MEG_3132|GESA-3132_G_427_A,0,0,0,0,0,7,2,0,2,2
MEG_3132|Multi-compound|Drug_and_biocide_and_metal_resistance|Drug_and_biocide_and_metal_RND_efflux_pumps|GESA|MEG_3132|GESA-3132_C_1132_A,0,0,0,0,0,7,0,0,0,0
MEG_3133|Multi-compound|Drug_and_biocide_and_metal_resistance|Drug_and_biocide_and_metal_RND_efflux_pumps|GESB|MEG_3133|GESB-3133_C_13_T,1,0,0,1,6,0,0,0,0,0
MEG_3133|Multi-compound|Drug_and_biocide_and_metal_resistance|Drug_and_biocide_and_metal_RND_efflux_pumps|GESB|MEG_3133|GESB-3133_C_322_A,0,0,0,0,0,3,0,11,3,2
MEG_3133|Multi-compound|Drug_and_biocide_and_metal_resistance|Drug_and_biocide_and_metal_RND_efflux_pumps|GESB|MEG_3133|GESB-3133_G_505_A,5,0,2,8,3,0,0,0,0,0
MEG_3133|Multi-compound|Drug_and_biocide_and_metal_resistance|Drug_and_biocide_and_metal_RND_efflux_pumps|GESB|MEG_3133|GESB-3133_A_850_G,0,0,0,0,0,4,0,7,5,4
MEG_3133|Multi-compound|Drug_and_biocide_and_metal_resistance|Drug_and_biocide_and_metal_RND_efflux_pumps|GESB|MEG_3133|GESB-3133_T_906_A,0,0,0,0,0,1,0,6,3,4
MEG_3133|Multi-compound|Drug_and_biocide_and_metal_resistance|Drug_and_biocide_and_metal_RND_efflux_pumps|GESB|MEG_3133|GESB-3133_C_1124_T,6,1,2,12,17,0,0,0,0,0
MEG_3133|Multi-compound|Drug_and_biocide_and_metal_resistance|Drug_and_biocide_and_metal_RND_efflux_pumps|GESB|MEG_3133|GESB-3133_T_1241_G,0,0,0,0,0,3,0,17,4,3
MEG_3133|Multi-compound|Drug_and_biocide_and_metal_resistance|Drug_and_biocide_and_metal_RND_efflux_pumps|GESB|MEG_3133|GESB-3133_G_1543_C,0,0,0,0,0,5,0,17,6,4
MEG_3133|Multi-compound|Drug_and_biocide_and_metal_resistance|Drug_and_biocide_and_metal_RND_efflux_pumps|GESB|MEG_3133|GESB-3133_G_2028_A,0,0,0,0,0,5,0,9,4,1
MEG_3133|Multi-compound|Drug_and_biocide_and_metal_resistance|Drug_and_biocide_and_metal_RND_efflux_pumps|GESB|MEG_3133|GESB-3133_C_2251_A,9,2,6,13,14,0,0,0,0,0
MEG_3133|Multi-compound|Drug_and_biocide_and_metal_resistance|Drug_and_biocide_and_metal_RND_efflux_pumps|GESB|MEG_3133|GESB-3133_C_2516_A,0,0,0,0,0,1,0,8,3,3
MEG_3133|Multi-compound|Drug_and_biocide_and_metal_resistance|Drug_and_biocide_and_metal_RND_efflux_pumps|GESB|MEG_3133|GESB-3133_G_2847_C,8,0,1,4,14,0,0,0,0,0
MEG_3133|Multi-compound|Drug_and_biocide_and_metal_resistance|Drug_and_biocide_and_metal_RND_efflux_pumps|GESB|MEG_3133|GESB-3133_C_2989_A,0,0,0,0,0,1,0,5,2,1
MEG_3133|Multi-compound|Drug_and_biocide_and_metal_resistance|Drug_and_biocide_and_metal_RND_efflux_pumps|GESB|MEG_3133|GESB-3133_A_3001_T,0,0,0,0,0,1,0,5,3,1
MEG_3134|Multi-compound|Drug_and_biocide_and_metal_resistance|Drug_and_biocide_and_metal_RND_efflux_pumps|GESC|MEG_3134|GESC-3134_C_470_A,6,0,0,0,0,0,0,0,0,0
MEG_3134|Multi-compound|Drug_and_biocide_and_metal_resistance|Drug_and_biocide_and_metal_RND_efflux_pumps|GESC|MEG_3134|GESC-3134_A_1092_C,0,0,0,0,0,1,6,0,0,0
MEG_3134|Multi-compound|Drug_and_biocide_and_metal_resistance|Drug_and_biocide_and_metal_RND_efflux_pumps|GESC|MEG_3134|GESC-3134_T_1217_C,0,0,0,0,0,1,8,0,2,0
MEG_3134|Multi-compound|Drug_and_biocide_and_metal_resistance|Drug_and_biocide_and_metal_RND_efflux_pumps|GESC|MEG_3134|GESC-3134_G_1295_C,0,0,0,0,0,0,6,0,3,0
MEG_3139|Drugs|MLS|Macrolide_glycosyltransferases|GIMA|MEG_3139|GIMA-3139_A_70_C,2,2,0,0,7,0,0,0,0,0
MEG_3139|Drugs|MLS|Macrolide_glycosyltransferases|GIMA|MEG_3139|GIMA-3139_C_89_G,2,3,0,0,5,0,0,0,0,0
MEG_3139|Drugs|MLS|Macrolide_glycosyltransferases|GIMA|MEG_3139|GIMA-3139_G_123_C,4,2,1,0,6,0,0,0,0,0
MEG_3139|Drugs|MLS|Macrolide_glycosyltransferases|GIMA|MEG_3139|GIMA-3139_C_212_A,4,2,0,1,3,0,0,0,0,0
MEG_3139|Drugs|MLS|Macrolide_glycosyltransferases|GIMA|MEG_3139|GIMA-3139_G_354_C,4,3,3,0,4,0,0,0,0,0
MEG_3139|Drugs|MLS|Macrolide_glycosyltransferases|GIMA|MEG_3139|GIMA-3139_T_758_A,6,4,0,1,6,0,0,0,0,0
MEG_3139|Drugs|MLS|Macrolide_glycosyltransferases|GIMA|MEG_3139|GIMA-3139_C_852_T,2,1,1,3,5,0,0,0,0,0
MEG_3139|Drugs|MLS|Macrolide_glycosyltransferases|GIMA|MEG_3139|GIMA-3139_C_1121_T,1,2,1,1,2,0,0,0,0,0
MEG_3140|Multi-compound|Biocide_and_metal_resistance|Biocide_and_metal_resistance_protein|GLPF|MEG_3140|GLPF-3140_G_40_A,0,0,0,0,0,3,0,4,0,1
MEG_3140|Multi-compound|Biocide_and_metal_resistance|Biocide_and_metal_resistance_protein|GLPF|MEG_3140|GLPF-3140_C_229_G,0,0,0,0,0,2,0,4,0,1
MEG_3140|Multi-compound|Biocide_and_metal_resistance|Biocide_and_metal_resistance_protein|GLPF|MEG_3140|GLPF-3140_T_599_C,0,1,2,0,1,0,0,0,0,0
MEG_3140|Multi-compound|Biocide_and_metal_resistance|Biocide_and_metal_resistance_protein|GLPF|MEG_3140|GLPF-3140_T_797_C,0,0,2,0,2,0,0,0,0,0
MEG_3141|Multi-compound|Biocide_and_metal_resistance|Biocide_and_metal_resistance_protein|GLPF|MEG_3141|GLPF-3141_G_63_A,0,0,0,0,0,0,3,0,1,0
MEG_3141|Multi-compound|Biocide_and_metal_resistance|Biocide_and_metal_resistance_protein|GLPF|MEG_3141|GLPF-3141_T_671_G,0,0,0,0,0,1,2,1,1,0
MEG_3141|Multi-compound|Biocide_and_metal_resistance|Biocide_and_metal_resistance_protein|GLPF|MEG_3141|GLPF-3141_G_676_A,0,0,0,0,0,1,2,1,1,0
MEG_3141|Multi-compound|Biocide_and_metal_resistance|Biocide_and_metal_resistance_protein|GLPF|MEG_3141|GLPF-3141_C_756_A,0,0,0,0,0,0,4,2,0,0
MEG_3142|Multi-compound|Biocide_and_metal_resistance|Biocide_and_metal_resistance_protein|GLPF|MEG_3142|GLPF-3142_G_211_C,0,0,0,0,0,1,2,0,2,0
MEG_3142|Multi-compound|Biocide_and_metal_resistance|Biocide_and_metal_resistance_protein|GLPF|MEG_3142|GLPF-3142_G_283_T,0,0,0,0,0,0,3,1,0,1
MEG_3142|Multi-compound|Biocide_and_metal_resistance|Biocide_and_metal_resistance_protein|GLPF|MEG_3142|GLPF-3142_T_365_G,0,0,0,0,0,0,4,1,0,1
MEG_3142|Multi-compound|Biocide_and_metal_resistance|Biocide_and_metal_resistance_protein|GLPF|MEG_3142|GLPF-3142_A_381_T,0,0,0,0,0,0,3,0,0,1
MEG_3142|Multi-compound|Biocide_and_metal_resistance|Biocide_and_metal_resistance_protein|GLPF|MEG_3142|GLPF-3142_T_518_A,2,0,0,2,3,0,0,0,0,0
MEG_3142|Multi-compound|Biocide_and_metal_resistance|Biocide_and_metal_resistance_protein|GLPF|MEG_3142|GLPF-3142_T_533_A,2,0,0,2,2,0,0,0,0,0
MEG_3142|Multi-compound|Biocide_and_metal_resistance|Biocide_and_metal_resistance_protein|GLPF|MEG_3142|GLPF-3142_T_671_G,0,0,0,0,0,1,2,0,1,0
MEG_3142|Multi-compound|Biocide_and_metal_resistance|Biocide_and_metal_resistance_protein|GLPF|MEG_3142|GLPF-3142_G_676_A,0,0,0,0,0,1,2,0,1,0
MEG_3142|Multi-compound|Biocide_and_metal_resistance|Biocide_and_metal_resistance_protein|GLPF|MEG_3142|GLPF-3142_G_739_T,0,0,0,0,6,0,0,0,0,0
MEG_3142|Multi-compound|Biocide_and_metal_resistance|Biocide_and_metal_resistance_protein|GLPF|MEG_3142|GLPF-3142_C_771_G,0,0,0,0,4,0,0,0,0,0
MEG_3142|Multi-compound|Biocide_and_metal_resistance|Biocide_and_metal_resistance_protein|GLPF|MEG_3142|GLPF-3142_A_800_C,0,0,0,0,0,1,3,0,2,0
MEG_3142|Multi-compound|Biocide_and_metal_resistance|Biocide_and_metal_resistance_protein|GLPF|MEG_3142|GLPF-3142_A_809_T,0,0,0,0,0,1,2,0,2,0
MEG_3144|Drugs|Fosfomycin|Fosfomycin_target_mutation|GLPT|MEG_3144|GLPT-3144_T_579_C,0,1,6,0,0,6,13,2,0,3
MEG_3144|Drugs|Fosfomycin|Fosfomycin_target_mutation|GLPT|MEG_3144|GLPT-3144_C_642_T,0,0,4,0,1,2,5,0,0,0
MEG_3144|Drugs|Fosfomycin|Fosfomycin_target_mutation|GLPT|MEG_3144|GLPT-3144_C_648_T,0,0,4,0,1,1,5,0,0,0
MEG_3144|Drugs|Fosfomycin|Fosfomycin_target_mutation|GLPT|MEG_3144|GLPT-3144_T_918_C,1,0,0,0,0,0,3,0,0,0
MEG_3144|Drugs|Fosfomycin|Fosfomycin_target_mutation|GLPT|MEG_3144|GLPT-3144_G_1342_A,0,1,1,0,0,1,11,2,0,1
MEG_3167|Metals|Gold_resistance|Gold_resistance_regulator|GOLS|MEG_3167|GOLS-3167_T_172_C,0,0,0,0,0,5,0,3,0,0
MEG_3167|Metals|Gold_resistance|Gold_resistance_regulator|GOLS|MEG_3167|GOLS-3167_T_372_A,0,0,0,0,0,1,4,1,0,0
MEG_3168|Metals|Multi-metal_resistance|Multi-metal_resistance_protein|GOLT|MEG_3168|GOLT-3168_C_76_A,4,1,3,0,1,0,0,0,0,0
MEG_3168|Metals|Multi-metal_resistance|Multi-metal_resistance_protein|GOLT|MEG_3168|GOLT-3168_A_226_T,0,0,0,0,0,0,1,4,2,1
MEG_3168|Metals|Multi-metal_resistance|Multi-metal_resistance_protein|GOLT|MEG_3168|GOLT-3168_C_405_A,4,7,4,2,8,0,0,0,0,0
MEG_3168|Metals|Multi-metal_resistance|Multi-metal_resistance_protein|GOLT|MEG_3168|GOLT-3168_C_482_A,0,0,0,0,0,0,1,5,8,4
MEG_3168|Metals|Multi-metal_resistance|Multi-metal_resistance_protein|GOLT|MEG_3168|GOLT-3168_G_853_A,0,0,0,0,0,0,3,10,0,0
MEG_3168|Metals|Multi-metal_resistance|Multi-metal_resistance_protein|GOLT|MEG_3168|GOLT-3168_T_898_G,0,0,0,0,0,0,3,11,1,3
MEG_3168|Metals|Multi-metal_resistance|Multi-metal_resistance_protein|GOLT|MEG_3168|GOLT-3168_T_917_C,4,2,6,1,8,0,0,0,0,0
MEG_3168|Metals|Multi-metal_resistance|Multi-metal_resistance_protein|GOLT|MEG_3168|GOLT-3168_G_1195_A,0,0,0,0,0,0,4,3,5,5
MEG_3168|Metals|Multi-metal_resistance|Multi-metal_resistance_protein|GOLT|MEG_3168|GOLT-3168_T_1572_C,0,0,0,0,0,0,2,4,3,1
MEG_3168|Metals|Multi-metal_resistance|Multi-metal_resistance_protein|GOLT|MEG_3168|GOLT-3168_G_1663_C,2,4,7,1,6,0,0,0,0,0
MEG_3168|Metals|Multi-metal_resistance|Multi-metal_resistance_protein|GOLT|MEG_3168|GOLT-3168_G_1669_T,0,0,0,0,0,0,1,1,3,3
MEG_3168|Metals|Multi-metal_resistance|Multi-metal_resistance_protein|GOLT|MEG_3168|GOLT-3168_C_1705_T,2,3,9,0,6,0,0,0,0,0
MEG_3168|Metals|Multi-metal_resistance|Multi-metal_resistance_protein|GOLT|MEG_3168|GOLT-3168_T_1740_G,0,0,0,0,0,1,1,1,2,6
MEG_3168|Metals|Multi-metal_resistance|Multi-metal_resistance_protein|GOLT|MEG_3168|GOLT-3168_T_1805_A,4,4,11,0,4,0,0,0,0,0
MEG_3168|Metals|Multi-metal_resistance|Multi-metal_resistance_protein|GOLT|MEG_3168|GOLT-3168_G_1819_C,4,4,8,1,3,0,0,0,0,0
MEG_3168|Metals|Multi-metal_resistance|Multi-metal_resistance_protein|GOLT|MEG_3168|GOLT-3168_G_2005_C,3,3,5,0,5,0,0,0,0,0
MEG_3168|Metals|Multi-metal_resistance|Multi-metal_resistance_protein|GOLT|MEG_3168|GOLT-3168_C_2125_G,2,1,4,1,1,0,0,0,0,0
MEG_3168|Metals|Multi-metal_resistance|Multi-metal_resistance_protein|GOLT|MEG_3168|GOLT-3168_G_2190_A,0,0,0,0,0,0,0,4,1,1
MEG_3168|Metals|Multi-metal_resistance|Multi-metal_resistance_protein|GOLT|MEG_3168|GOLT-3168_C_2267_G,0,0,0,0,0,0,0,3,0,1
MEG_3175|Drugs|Lipopeptides|Daptomycin-resistant_mutant|GSHF|MEG_3175|GSHF-3175_T_345_C,1,0,3,11,2,2,5,7,5,6
MEG_3175|Drugs|Lipopeptides|Daptomycin-resistant_mutant|GSHF|MEG_3175|GSHF-3175_A_369_G,1,1,2,10,1,2,5,6,5,6
MEG_3175|Drugs|Lipopeptides|Daptomycin-resistant_mutant|GSHF|MEG_3175|GSHF-3175_A_618_G,1,1,0,25,3,0,5,10,4,6
MEG_3175|Drugs|Lipopeptides|Daptomycin-resistant_mutant|GSHF|MEG_3175|GSHF-3175_T_807_C,3,2,1,25,4,0,2,14,4,3
MEG_3175|Drugs|Lipopeptides|Daptomycin-resistant_mutant|GSHF|MEG_3175|GSHF-3175_A_867_G,2,0,2,29,1,0,2,11,4,8
MEG_3175|Drugs|Lipopeptides|Daptomycin-resistant_mutant|GSHF|MEG_3175|GSHF-3175_T_909_C,2,1,1,27,1,0,7,10,2,6
MEG_3175|Drugs|Lipopeptides|Daptomycin-resistant_mutant|GSHF|MEG_3175|GSHF-3175_A_999_T,0,3,2,22,2,0,5,10,0,11
MEG_3175|Drugs|Lipopeptides|Daptomycin-resistant_mutant|GSHF|MEG_3175|GSHF-3175_T_1107_C,2,4,2,26,2,1,2,11,3,6
MEG_3175|Drugs|Lipopeptides|Daptomycin-resistant_mutant|GSHF|MEG_3175|GSHF-3175_G_1314_A,3,3,1,19,3,2,4,10,1,9
MEG_3175|Drugs|Lipopeptides|Daptomycin-resistant_mutant|GSHF|MEG_3175|GSHF-3175_C_1566_T,0,1,1,21,1,0,3,12,1,6
MEG_3175|Drugs|Lipopeptides|Daptomycin-resistant_mutant|GSHF|MEG_3175|GSHF-3175_C_1623_G,1,2,2,16,2,0,2,15,1,1
MEG_3175|Drugs|Lipopeptides|Daptomycin-resistant_mutant|GSHF|MEG_3175|GSHF-3175_C_1638_A,1,1,1,16,2,0,3,14,1,2
MEG_3175|Drugs|Lipopeptides|Daptomycin-resistant_mutant|GSHF|MEG_3175|GSHF-3175_C_2022_T,1,1,0,14,0,2,4,4,1,6
MEG_3175|Drugs|Lipopeptides|Daptomycin-resistant_mutant|GSHF|MEG_3175|GSHF-3175_T_2091_C,0,1,2,7,0,1,3,4,2,2
MEG_3175|Drugs|Lipopeptides|Daptomycin-resistant_mutant|GSHF|MEG_3175|GSHF-3175_C_2094_T,0,1,2,6,0,1,3,5,2,2
MEG_3175|Drugs|Lipopeptides|Daptomycin-resistant_mutant|GSHF|MEG_3175|GSHF-3175_A_2166_G,1,1,1,6,1,0,3,5,0,3
MEG_3178|Drugs|Fluoroquinolones|Fluoroquinolone-resistant_DNA_topoisomerases|GYRA|MEG_3178|GYRA-3178_C_1492_T,0,0,1,1,0,0,1,2,0,0
MEG_3187|Drugs|Fluoroquinolones|Fluoroquinolone-resistant_DNA_topoisomerases|GYRA|MEG_3187|GYRA-3187_C_255_T,0,1,1,0,1,0,4,0,0,0
MEG_3187|Drugs|Fluoroquinolones|Fluoroquinolone-resistant_DNA_topoisomerases|GYRA|MEG_3187|GYRA-3187_G_259_A,4,0,0,1,0,1,14,6,1,0
MEG_3187|Drugs|Fluoroquinolones|Fluoroquinolone-resistant_DNA_topoisomerases|GYRA|MEG_3187|GYRA-3187_C_273_T,0,1,1,0,1,0,3,0,0,0
MEG_3187|Drugs|Fluoroquinolones|Fluoroquinolone-resistant_DNA_topoisomerases|GYRA|MEG_3187|GYRA-3187_T_300_C,0,1,1,0,0,1,3,0,0,0
MEG_3187|Drugs|Fluoroquinolones|Fluoroquinolone-resistant_DNA_topoisomerases|GYRA|MEG_3187|GYRA-3187_T_333_C,0,0,2,0,0,2,4,0,0,0
MEG_3187|Drugs|Fluoroquinolones|Fluoroquinolone-resistant_DNA_topoisomerases|GYRA|MEG_3187|GYRA-3187_G_468_C,1,0,0,0,0,1,2,0,0,0
MEG_3187|Drugs|Fluoroquinolones|Fluoroquinolone-resistant_DNA_topoisomerases|GYRA|MEG_3187|GYRA-3187_T_594_C,0,0,1,0,0,1,3,0,0,1
MEG_3187|Drugs|Fluoroquinolones|Fluoroquinolone-resistant_DNA_topoisomerases|GYRA|MEG_3187|GYRA-3187_T_1404_C,0,2,3,1,6,2,12,3,3,1
MEG_3187|Drugs|Fluoroquinolones|Fluoroquinolone-resistant_DNA_topoisomerases|GYRA|MEG_3187|GYRA-3187_C_1492_T,2,1,9,5,2,0,18,2,1,0
MEG_3187|Drugs|Fluoroquinolones|Fluoroquinolone-resistant_DNA_topoisomerases|GYRA|MEG_3187|GYRA-3187_C_1605_T,4,7,11,3,9,2,22,9,3,4
MEG_3187|Drugs|Fluoroquinolones|Fluoroquinolone-resistant_DNA_topoisomerases|GYRA|MEG_3187|GYRA-3187_C_1620_A,1,8,10,3,10,2,24,10,4,3
MEG_3187|Drugs|Fluoroquinolones|Fluoroquinolone-resistant_DNA_topoisomerases|GYRA|MEG_3187|GYRA-3187_C_2322_T,0,0,0,1,0,1,1,2,0,1
MEG_3187|Drugs|Fluoroquinolones|Fluoroquinolone-resistant_DNA_topoisomerases|GYRA|MEG_3187|GYRA-3187_C_2331_T,0,0,0,0,0,1,1,2,0,1
MEG_3187|Drugs|Fluoroquinolones|Fluoroquinolone-resistant_DNA_topoisomerases|GYRA|MEG_3187|GYRA-3187_C_2340_T,0,1,0,0,1,0,2,1,0,1
MEG_3187|Drugs|Fluoroquinolones|Fluoroquinolone-resistant_DNA_topoisomerases|GYRA|MEG_3187|GYRA-3187_T_2349_G,0,1,0,0,1,0,3,0,0,1
MEG_3187|Drugs|Fluoroquinolones|Fluoroquinolone-resistant_DNA_topoisomerases|GYRA|MEG_3187|GYRA-3187_G_2445_A,0,0,1,0,3,1,8,0,0,2
MEG_3187|Drugs|Fluoroquinolones|Fluoroquinolone-resistant_DNA_topoisomerases|GYRA|MEG_3187|GYRA-3187_C_2556_T,1,0,2,1,0,2,9,2,0,0
MEG_3200|Drugs|Fluoroquinolones|Fluoroquinolone-resistant_DNA_topoisomerases|GYRA|MEG_3200|GYRA-3200_G_300_A,2,1,1,13,4,1,3,15,2,0
MEG_3200|Drugs|Fluoroquinolones|Fluoroquinolone-resistant_DNA_topoisomerases|GYRA|MEG_3200|GYRA-3200_C_336_T,3,3,1,15,2,1,2,10,2,0
MEG_3200|Drugs|Fluoroquinolones|Fluoroquinolone-resistant_DNA_topoisomerases|GYRA|MEG_3200|GYRA-3200_T_909_C,1,2,1,11,1,2,2,12,2,7
MEG_3200|Drugs|Fluoroquinolones|Fluoroquinolone-resistant_DNA_topoisomerases|GYRA|MEG_3200|GYRA-3200_C_1059_T,2,0,1,28,2,0,4,12,2,8
MEG_3200|Drugs|Fluoroquinolones|Fluoroquinolone-resistant_DNA_topoisomerases|GYRA|MEG_3200|GYRA-3200_C_1477_T,2,4,3,22,1,1,6,12,2,6
MEG_3200|Drugs|Fluoroquinolones|Fluoroquinolone-resistant_DNA_topoisomerases|GYRA|MEG_3200|GYRA-3200_A_1959_G,1,2,3,20,3,1,1,18,0,4
MEG_3200|Drugs|Fluoroquinolones|Fluoroquinolone-resistant_DNA_topoisomerases|GYRA|MEG_3200|GYRA-3200_C_2178_T,2,1,2,17,1,1,2,2,0,2
MEG_3212|Drugs|Fluoroquinolones|Fluoroquinolone-resistant_DNA_topoisomerases|GYRA|MEG_3212|GYRA-3212_C_1492_T,1,1,6,0,2,0,7,1,1,0
MEG_3212|Drugs|Fluoroquinolones|Fluoroquinolone-resistant_DNA_topoisomerases|GYRA|MEG_3212|GYRA-3212_C_1605_T,0,0,3,1,1,1,2,0,0,0
MEG_3212|Drugs|Fluoroquinolones|Fluoroquinolone-resistant_DNA_topoisomerases|GYRA|MEG_3212|GYRA-3212_C_1620_A,0,0,3,1,0,0,2,0,0,0
MEG_3219|Drugs|Fluoroquinolones|Fluoroquinolone-resistant_DNA_topoisomerases|GYRA|MEG_3219|GYRA-3219_C_213_G,0,16,2,3,1,0,3,1,1,6
MEG_3219|Drugs|Fluoroquinolones|Fluoroquinolone-resistant_DNA_topoisomerases|GYRA|MEG_3219|GYRA-3219_C_245_T,0,18,1,5,2,1,4,3,2,9
MEG_3219|Drugs|Fluoroquinolones|Fluoroquinolone-resistant_DNA_topoisomerases|GYRA|MEG_3219|GYRA-3219_G_747_A,1,32,3,5,0,1,5,4,1,7
MEG_3219|Drugs|Fluoroquinolones|Fluoroquinolone-resistant_DNA_topoisomerases|GYRA|MEG_3219|GYRA-3219_C_1216_A,0,30,2,2,0,1,3,7,2,12
MEG_3219|Drugs|Fluoroquinolones|Fluoroquinolone-resistant_DNA_topoisomerases|GYRA|MEG_3219|GYRA-3219_G_1362_A,1,37,3,6,2,1,7,7,3,9
MEG_3219|Drugs|Fluoroquinolones|Fluoroquinolone-resistant_DNA_topoisomerases|GYRA|MEG_3219|GYRA-3219_G_1402_A,0,35,3,3,3,2,5,4,2,8
MEG_3219|Drugs|Fluoroquinolones|Fluoroquinolone-resistant_DNA_topoisomerases|GYRA|MEG_3219|GYRA-3219_A_1911_T,0,27,1,2,0,2,2,4,1,6
MEG_3219|Drugs|Fluoroquinolones|Fluoroquinolone-resistant_DNA_topoisomerases|GYRA|MEG_3219|GYRA-3219_T_2106_C,1,27,1,4,1,0,1,7,1,3
MEG_3220|Drugs|Fluoroquinolones|Fluoroquinolone-resistant_DNA_topoisomerases|GYRA|MEG_3220|GYRA-3220_A_693_G,0,1,0,1,1,0,0,1,1,0
MEG_3220|Drugs|Fluoroquinolones|Fluoroquinolone-resistant_DNA_topoisomerases|GYRA|MEG_3220|GYRA-3220_C_891_T,2,0,0,0,2,0,0,0,1,1
MEG_3220|Drugs|Fluoroquinolones|Fluoroquinolone-resistant_DNA_topoisomerases|GYRA|MEG_3220|GYRA-3220_C_939_T,0,0,0,0,2,0,1,1,0,0
MEG_3220|Drugs|Fluoroquinolones|Fluoroquinolone-resistant_DNA_topoisomerases|GYRA|MEG_3220|GYRA-3220_C_1017_T,1,2,0,3,9,0,3,1,1,1
MEG_3220|Drugs|Fluoroquinolones|Fluoroquinolone-resistant_DNA_topoisomerases|GYRA|MEG_3220|GYRA-3220_C_1050_T,1,2,0,3,11,0,4,2,2,1
MEG_3220|Drugs|Fluoroquinolones|Fluoroquinolone-resistant_DNA_topoisomerases|GYRA|MEG_3220|GYRA-3220_C_1173_T,2,2,0,0,3,1,1,4,3,0
MEG_3220|Drugs|Fluoroquinolones|Fluoroquinolone-resistant_DNA_topoisomerases|GYRA|MEG_3220|GYRA-3220_C_1197_T,2,0,0,0,1,1,1,2,1,0
MEG_3220|Drugs|Fluoroquinolones|Fluoroquinolone-resistant_DNA_topoisomerases|GYRA|MEG_3220|GYRA-3220_A_1212_G,1,0,0,0,1,0,0,1,1,1
MEG_3220|Drugs|Fluoroquinolones|Fluoroquinolone-resistant_DNA_topoisomerases|GYRA|MEG_3220|GYRA-3220_A_1218_G,1,0,0,0,1,0,0,1,0,1
MEG_3220|Drugs|Fluoroquinolones|Fluoroquinolone-resistant_DNA_topoisomerases|GYRA|MEG_3220|GYRA-3220_T_1287_C,4,0,0,0,4,0,0,0,0,0
MEG_3220|Drugs|Fluoroquinolones|Fluoroquinolone-resistant_DNA_topoisomerases|GYRA|MEG_3220|GYRA-3220_C_1299_T,4,0,0,0,4,0,0,0,0,0
MEG_3220|Drugs|Fluoroquinolones|Fluoroquinolone-resistant_DNA_topoisomerases|GYRA|MEG_3220|GYRA-3220_G_1356_A,1,1,1,0,2,0,1,0,2,0
MEG_3220|Drugs|Fluoroquinolones|Fluoroquinolone-resistant_DNA_topoisomerases|GYRA|MEG_3220|GYRA-3220_C_2196_A,0,0,1,0,3,0,0,0,0,0
MEG_3220|Drugs|Fluoroquinolones|Fluoroquinolone-resistant_DNA_topoisomerases|GYRA|MEG_3220|GYRA-3220_C_2199_T,0,0,1,0,3,0,0,0,0,0
MEG_3227|Drugs|Fluoroquinolones|Fluoroquinolone-resistant_DNA_topoisomerases|GYRA|MEG_3227|GYRA-3227_C_1492_T,0,0,1,0,0,0,2,0,0,1
MEG_3227|Drugs|Fluoroquinolones|Fluoroquinolone-resistant_DNA_topoisomerases|GYRA|MEG_3227|GYRA-3227_C_1605_T,0,1,0,0,0,0,2,1,0,1
MEG_3227|Drugs|Fluoroquinolones|Fluoroquinolone-resistant_DNA_topoisomerases|GYRA|MEG_3227|GYRA-3227_C_1620_A,0,1,1,0,0,0,1,1,0,0
MEG_3234|Drugs|Fluoroquinolones|Fluoroquinolone-resistant_DNA_topoisomerases|GYRA|MEG_3234|GYRA-3234_C_891_T,1,0,0,0,2,1,2,0,0,1
MEG_3234|Drugs|Fluoroquinolones|Fluoroquinolone-resistant_DNA_topoisomerases|GYRA|MEG_3234|GYRA-3234_C_939_T,1,0,2,0,2,1,6,0,0,0
MEG_3234|Drugs|Fluoroquinolones|Fluoroquinolone-resistant_DNA_topoisomerases|GYRA|MEG_3234|GYRA-3234_C_1017_T,0,3,2,0,9,0,4,1,2,0
MEG_3234|Drugs|Fluoroquinolones|Fluoroquinolone-resistant_DNA_topoisomerases|GYRA|MEG_3234|GYRA-3234_C_1050_T,0,3,1,0,10,0,3,1,2,0
MEG_3234|Drugs|Fluoroquinolones|Fluoroquinolone-resistant_DNA_topoisomerases|GYRA|MEG_3234|GYRA-3234_T_1128_C,0,0,2,0,4,0,2,1,1,0
MEG_3234|Drugs|Fluoroquinolones|Fluoroquinolone-resistant_DNA_topoisomerases|GYRA|MEG_3234|GYRA-3234_C_1173_T,0,0,2,1,3,0,2,3,1,0
MEG_3234|Drugs|Fluoroquinolones|Fluoroquinolone-resistant_DNA_topoisomerases|GYRA|MEG_3234|GYRA-3234_C_1197_T,2,0,3,1,3,0,2,3,1,0
MEG_3234|Drugs|Fluoroquinolones|Fluoroquinolone-resistant_DNA_topoisomerases|GYRA|MEG_3234|GYRA-3234_A_1218_G,2,0,2,1,3,0,2,3,1,0
MEG_3234|Drugs|Fluoroquinolones|Fluoroquinolone-resistant_DNA_topoisomerases|GYRA|MEG_3234|GYRA-3234_T_1281_C,3,0,1,0,3,0,2,3,2,0
MEG_3234|Drugs|Fluoroquinolones|Fluoroquinolone-resistant_DNA_topoisomerases|GYRA|MEG_3234|GYRA-3234_T_1287_C,3,0,1,0,3,1,2,3,2,0
MEG_3234|Drugs|Fluoroquinolones|Fluoroquinolone-resistant_DNA_topoisomerases|GYRA|MEG_3234|GYRA-3234_C_1506_T,1,0,2,0,2,0,0,0,1,0
MEG_3234|Drugs|Fluoroquinolones|Fluoroquinolone-resistant_DNA_topoisomerases|GYRA|MEG_3234|GYRA-3234_C_1740_T,0,1,0,0,2,0,2,0,2,0
MEG_3234|Drugs|Fluoroquinolones|Fluoroquinolone-resistant_DNA_topoisomerases|GYRA|MEG_3234|GYRA-3234_T_1752_C,0,1,0,0,1,0,1,0,2,0
MEG_3234|Drugs|Fluoroquinolones|Fluoroquinolone-resistant_DNA_topoisomerases|GYRA|MEG_3234|GYRA-3234_C_2115_T,4,1,2,1,4,1,1,0,4,0
MEG_3234|Drugs|Fluoroquinolones|Fluoroquinolone-resistant_DNA_topoisomerases|GYRA|MEG_3234|GYRA-3234_C_2196_A,2,0,1,0,1,1,1,1,1,0
MEG_3234|Drugs|Fluoroquinolones|Fluoroquinolone-resistant_DNA_topoisomerases|GYRA|MEG_3234|GYRA-3234_C_2199_T,2,0,1,0,1,1,1,1,1,0
MEG_3244|Drugs|Aminocoumarins|Aminocoumarin-resistant_DNA_topoisomerases|GYRBA|MEG_3244|GYRBA-3244_C_192_T,1,1,1,1,1,0,4,0,2,0
MEG_3244|Drugs|Aminocoumarins|Aminocoumarin-resistant_DNA_topoisomerases|GYRBA|MEG_3244|GYRBA-3244_T_198_C,2,1,4,2,2,4,12,2,2,0
MEG_3244|Drugs|Aminocoumarins|Aminocoumarin-resistant_DNA_topoisomerases|GYRBA|MEG_3244|GYRBA-3244_T_219_C,2,0,2,1,1,0,5,1,2,0
MEG_3244|Drugs|Aminocoumarins|Aminocoumarin-resistant_DNA_topoisomerases|GYRBA|MEG_3244|GYRBA-3244_C_513_T,1,0,3,1,1,1,15,2,0,2
MEG_3244|Drugs|Aminocoumarins|Aminocoumarin-resistant_DNA_topoisomerases|GYRBA|MEG_3244|GYRBA-3244_C_627_T,0,4,5,0,3,1,13,4,2,6
MEG_3244|Drugs|Aminocoumarins|Aminocoumarin-resistant_DNA_topoisomerases|GYRBA|MEG_3244|GYRBA-3244_T_735_C,1,1,3,0,3,6,11,1,1,2
MEG_3244|Drugs|Aminocoumarins|Aminocoumarin-resistant_DNA_topoisomerases|GYRBA|MEG_3244|GYRBA-3244_C_834_T,0,1,5,0,6,5,12,1,2,4
MEG_3244|Drugs|Aminocoumarins|Aminocoumarin-resistant_DNA_topoisomerases|GYRBA|MEG_3244|GYRBA-3244_G_864_A,1,1,5,1,6,5,15,2,2,3
MEG_3244|Drugs|Aminocoumarins|Aminocoumarin-resistant_DNA_topoisomerases|GYRBA|MEG_3244|GYRBA-3244_C_924_T,2,0,7,3,4,2,14,4,0,2
MEG_3244|Drugs|Aminocoumarins|Aminocoumarin-resistant_DNA_topoisomerases|GYRBA|MEG_3244|GYRBA-3244_C_1425_T,1,2,7,5,2,3,20,1,1,2
MEG_3244|Drugs|Aminocoumarins|Aminocoumarin-resistant_DNA_topoisomerases|GYRBA|MEG_3244|GYRBA-3244_G_1836_A,1,0,9,3,0,4,9,3,0,2
MEG_3244|Drugs|Aminocoumarins|Aminocoumarin-resistant_DNA_topoisomerases|GYRBA|MEG_3244|GYRBA-3244_T_1860_C,1,0,10,2,1,4,12,1,0,2
MEG_3244|Drugs|Aminocoumarins|Aminocoumarin-resistant_DNA_topoisomerases|GYRBA|MEG_3244|GYRBA-3244_C_1932_T,0,0,5,1,3,4,9,0,1,1
MEG_3244|Drugs|Aminocoumarins|Aminocoumarin-resistant_DNA_topoisomerases|GYRBA|MEG_3244|GYRBA-3244_T_1953_C,0,2,6,1,7,2,17,3,1,0
MEG_3244|Drugs|Aminocoumarins|Aminocoumarin-resistant_DNA_topoisomerases|GYRBA|MEG_3244|GYRBA-3244_T_1965_C,0,2,6,0,7,1,13,3,2,0
MEG_3244|Drugs|Aminocoumarins|Aminocoumarin-resistant_DNA_topoisomerases|GYRBA|MEG_3244|GYRBA-3244_G_1968_A,0,2,2,0,3,0,4,3,1,0
MEG_3244|Drugs|Aminocoumarins|Aminocoumarin-resistant_DNA_topoisomerases|GYRBA|MEG_3244|GYRBA-3244_T_2262_C,1,0,4,2,2,2,8,1,0,1
MEG_3244|Drugs|Aminocoumarins|Aminocoumarin-resistant_DNA_topoisomerases|GYRBA|MEG_3244|GYRBA-3244_T_2277_C,0,0,3,1,1,0,4,0,0,0
MEG_3244|Drugs|Aminocoumarins|Aminocoumarin-resistant_DNA_topoisomerases|GYRBA|MEG_3244|GYRBA-3244_A_2304_G,1,0,2,1,0,1,6,1,0,0
MEG_3244|Drugs|Aminocoumarins|Aminocoumarin-resistant_DNA_topoisomerases|GYRBA|MEG_3244|GYRBA-3244_T_2316_C,0,0,1,0,1,0,3,2,0,0
MEG_3244|Drugs|Aminocoumarins|Aminocoumarin-resistant_DNA_topoisomerases|GYRBA|MEG_3244|GYRBA-3244_C_2319_T,1,0,2,0,1,0,6,2,0,0
MEG_3244|Drugs|Aminocoumarins|Aminocoumarin-resistant_DNA_topoisomerases|GYRBA|MEG_3244|GYRBA-3244_T_2326_C,1,0,1,1,0,0,3,0,0,0
MEG_3253|Biocides|Acid_resistance|Acid_resistance_protein|HDEA|MEG_3253|HDEA-3253_G_85_C,0,0,0,0,0,0,1,2,0,2
MEG_3256|Biocides|Acid_resistance|Acid_resistance_protein|HEFA|MEG_3256|HEFA-3256_A_63_T,0,0,0,0,0,1,3,3,0,2
MEG_3256|Biocides|Acid_resistance|Acid_resistance_protein|HEFA|MEG_3256|HEFA-3256_A_147_C,8,0,5,6,1,0,0,0,0,0
MEG_3256|Biocides|Acid_resistance|Acid_resistance_protein|HEFA|MEG_3256|HEFA-3256_T_269_C,5,0,3,10,4,0,0,0,0,0
MEG_3256|Biocides|Acid_resistance|Acid_resistance_protein|HEFA|MEG_3256|HEFA-3256_A_336_C,4,0,6,11,1,0,0,0,0,0
MEG_3256|Biocides|Acid_resistance|Acid_resistance_protein|HEFA|MEG_3256|HEFA-3256_A_558_T,0,0,0,0,0,1,2,4,0,2
MEG_3256|Biocides|Acid_resistance|Acid_resistance_protein|HEFA|MEG_3256|HEFA-3256_A_619_T,0,0,0,0,0,1,1,9,0,5
MEG_3256|Biocides|Acid_resistance|Acid_resistance_protein|HEFA|MEG_3256|HEFA-3256_A_629_C,0,0,0,0,0,1,1,10,1,6
MEG_3256|Biocides|Acid_resistance|Acid_resistance_protein|HEFA|MEG_3256|HEFA-3256_G_732_C,8,0,6,3,4,0,0,0,0,0
MEG_3256|Biocides|Acid_resistance|Acid_resistance_protein|HEFA|MEG_3256|HEFA-3256_T_890_A,7,0,6,7,2,0,0,0,0,0
MEG_3256|Biocides|Acid_resistance|Acid_resistance_protein|HEFA|MEG_3256|HEFA-3256_A_923_T,6,0,4,7,2,0,0,0,0,0
MEG_3256|Biocides|Acid_resistance|Acid_resistance_protein|HEFA|MEG_3256|HEFA-3256_T_954_C,7,0,3,8,2,0,0,0,0,0
MEG_3256|Biocides|Acid_resistance|Acid_resistance_protein|HEFA|MEG_3256|HEFA-3256_T_1059_C,0,0,0,0,0,5,2,10,0,1
MEG_3256|Biocides|Acid_resistance|Acid_resistance_protein|HEFA|MEG_3256|HEFA-3256_G_1258_A,0,0,0,0,0,3,0,6,1,0
MEG_3256|Biocides|Acid_resistance|Acid_resistance_protein|HEFA|MEG_3256|HEFA-3256_T_1365_A,3,0,0,5,0,0,0,0,0,0
MEG_3256|Biocides|Acid_resistance|Acid_resistance_protein|HEFA|MEG_3256|HEFA-3256_A_1370_C,0,0,0,0,0,1,0,4,0,3
MEG_3256|Biocides|Acid_resistance|Acid_resistance_protein|HEFA|MEG_3256|HEFA-3256_T_1397_A,1,0,0,4,0,0,0,0,0,0
MEG_3257|Biocides|Acid_resistance|Acid_resistance_protein|HEFC|MEG_3257|HEFC-3257_C_148_G,4,1,0,10,0,0,0,0,0,0
MEG_3257|Biocides|Acid_resistance|Acid_resistance_protein|HEFC|MEG_3257|HEFC-3257_T_272_A,8,1,0,11,0,0,0,0,0,0
MEG_3257|Biocides|Acid_resistance|Acid_resistance_protein|HEFC|MEG_3257|HEFC-3257_T_315_A,0,0,0,0,0,9,9,3,0,1
MEG_3257|Biocides|Acid_resistance|Acid_resistance_protein|HEFC|MEG_3257|HEFC-3257_G_705_T,8,1,0,16,0,0,0,0,0,0
MEG_3257|Biocides|Acid_resistance|Acid_resistance_protein|HEFC|MEG_3257|HEFC-3257_G_717_C,0,0,0,0,0,12,17,3,0,4
MEG_3257|Biocides|Acid_resistance|Acid_resistance_protein|HEFC|MEG_3257|HEFC-3257_A_904_G,0,0,0,0,0,15,12,3,0,1
MEG_3257|Biocides|Acid_resistance|Acid_resistance_protein|HEFC|MEG_3257|HEFC-3257_G_1186_A,0,0,0,0,0,19,12,1,0,5
MEG_3257|Biocides|Acid_resistance|Acid_resistance_protein|HEFC|MEG_3257|HEFC-3257_G_1291_A,6,0,0,11,0,0,0,0,0,0
MEG_3257|Biocides|Acid_resistance|Acid_resistance_protein|HEFC|MEG_3257|HEFC-3257_A_1757_C,5,1,0,11,0,0,0,0,0,0
MEG_3257|Biocides|Acid_resistance|Acid_resistance_protein|HEFC|MEG_3257|HEFC-3257_A_2035_G,0,0,0,0,0,13,17,5,0,4
MEG_3257|Biocides|Acid_resistance|Acid_resistance_protein|HEFC|MEG_3257|HEFC-3257_A_2476_G,4,1,0,8,0,0,0,0,0,0
MEG_3257|Biocides|Acid_resistance|Acid_resistance_protein|HEFC|MEG_3257|HEFC-3257_T_2576_G,6,0,0,9,0,0,0,0,0,0
MEG_3257|Biocides|Acid_resistance|Acid_resistance_protein|HEFC|MEG_3257|HEFC-3257_G_2935_C,3,0,0,5,0,0,0,0,0,0
MEG_3257|Biocides|Acid_resistance|Acid_resistance_protein|HEFC|MEG_3257|HEFC-3257_A_2994_T,0,0,0,0,0,7,8,5,0,0
MEG_3257|Biocides|Acid_resistance|Acid_resistance_protein|HEFC|MEG_3257|HEFC-3257_T_3059_G,1,0,0,4,0,0,0,0,0,0
MEG_3265|Drugs|Multi-drug_resistance|Multi-drug_RND_efflux_pumps|HLYD|MEG_3265|HLYD-3265_G_217_A,2,3,0,1,0,0,0,0,0,0
MEG_3265|Drugs|Multi-drug_resistance|Multi-drug_RND_efflux_pumps|HLYD|MEG_3265|HLYD-3265_G_626_A,4,3,0,0,0,0,0,0,0,0
MEG_3265|Drugs|Multi-drug_resistance|Multi-drug_RND_efflux_pumps|HLYD|MEG_3265|HLYD-3265_A_692_G,5,3,0,0,0,0,0,0,0,0
MEG_3265|Drugs|Multi-drug_resistance|Multi-drug_RND_efflux_pumps|HLYD|MEG_3265|HLYD-3265_C_1113_T,1,2,0,1,0,0,0,0,0,0
MEG_3265|Drugs|Multi-drug_resistance|Multi-drug_RND_efflux_pumps|HLYD|MEG_3265|HLYD-3265_G_1114_C,1,2,0,1,0,0,0,0,0,0
MEG_3267|Multi-compound|Drug_and_biocide_resistance|Drug_and_biocide_MATE_efflux_pumps|HMRM|MEG_3267|HMRM-3267_G_300_A,0,0,0,0,0,0,0,3,0,1
MEG_3267|Multi-compound|Drug_and_biocide_resistance|Drug_and_biocide_MATE_efflux_pumps|HMRM|MEG_3267|HMRM-3267_G_833_T,0,0,0,0,0,0,0,2,2,0
MEG_3267|Multi-compound|Drug_and_biocide_resistance|Drug_and_biocide_MATE_efflux_pumps|HMRM|MEG_3267|HMRM-3267_T_923_G,0,0,0,0,0,1,0,3,1,0
MEG_3268|Multi-compound|Drug_and_biocide_resistance|Drug_and_biocide_MATE_efflux_pumps|HMRM|MEG_3268|HMRM-3268_G_300_A,0,0,0,0,0,1,0,4,0,0
MEG_3268|Multi-compound|Drug_and_biocide_resistance|Drug_and_biocide_MATE_efflux_pumps|HMRM|MEG_3268|HMRM-3268_G_833_T,0,0,0,0,0,1,0,3,0,1
MEG_3268|Multi-compound|Drug_and_biocide_resistance|Drug_and_biocide_MATE_efflux_pumps|HMRM|MEG_3268|HMRM-3268_T_923_G,0,0,0,0,0,1,0,2,1,0
MEG_3272|Metals|Nickel_resistance|Nickel_resistance_protein|HOXN|MEG_3272|HOXN-3272_T_77_C,0,2,0,4,0,0,0,0,0,0
MEG_3272|Metals|Nickel_resistance|Nickel_resistance_protein|HOXN|MEG_3272|HOXN-3272_T_146_A,0,0,0,0,0,0,2,1,2,0
MEG_3272|Metals|Nickel_resistance|Nickel_resistance_protein|HOXN|MEG_3272|HOXN-3272_T_260_C,0,0,0,0,0,1,2,4,1,3
MEG_3272|Metals|Nickel_resistance|Nickel_resistance_protein|HOXN|MEG_3272|HOXN-3272_C_311_G,0,0,0,0,0,1,2,2,2,3
MEG_3272|Metals|Nickel_resistance|Nickel_resistance_protein|HOXN|MEG_3272|HOXN-3272_G_316_A,0,0,0,0,0,1,2,2,2,3
MEG_3272|Metals|Nickel_resistance|Nickel_resistance_protein|HOXN|MEG_3272|HOXN-3272_C_390_T,0,0,0,0,0,0,4,0,3,2
MEG_3272|Metals|Nickel_resistance|Nickel_resistance_protein|HOXN|MEG_3272|HOXN-3272_T_516_G,0,0,0,0,0,1,0,2,3,0
MEG_3272|Metals|Nickel_resistance|Nickel_resistance_protein|HOXN|MEG_3272|HOXN-3272_T_954_C,0,0,0,0,0,1,1,0,2,1
MEG_3283|Metals|Nickel_resistance|Nickel_resistance_protein|HUPE|MEG_3283|HUPE-3283_C_234_T,0,0,0,0,0,0,3,1,0,0
MEG_3283|Metals|Nickel_resistance|Nickel_resistance_protein|HUPE|MEG_3283|HUPE-3283_C_419_T,0,2,1,0,1,0,0,0,0,0
MEG_3284|Metals|Nickel_resistance|Nickel_resistance_protein|HUPE|MEG_3284|HUPE-3284_T_64_A,0,0,0,0,0,2,1,1,1,1
MEG_3284|Metals|Nickel_resistance|Nickel_resistance_protein|HUPE|MEG_3284|HUPE-3284_G_82_T,0,0,0,0,0,1,0,1,1,1
MEG_3284|Metals|Nickel_resistance|Nickel_resistance_protein|HUPE|MEG_3284|HUPE-3284_C_141_G,0,0,0,0,0,1,1,2,0,0
MEG_3284|Metals|Nickel_resistance|Nickel_resistance_protein|HUPE|MEG_3284|HUPE-3284_A_286_C,0,0,0,0,0,4,0,1,0,0
MEG_3284|Metals|Nickel_resistance|Nickel_resistance_protein|HUPE|MEG_3284|HUPE-3284_T_382_C,0,0,0,0,0,2,0,1,1,0
MEG_3284|Metals|Nickel_resistance|Nickel_resistance_protein|HUPE|MEG_3284|HUPE-3284_T_393_C,0,0,0,0,0,2,0,2,1,0
MEG_3284|Metals|Nickel_resistance|Nickel_resistance_protein|HUPE|MEG_3284|HUPE-3284_A_518_T,0,0,0,0,0,3,0,2,1,1
MEG_3285|Metals|Nickel_resistance|Nickel_resistance_protein|HUPN|MEG_3285|HUPN-3285_C_60_T,0,0,0,4,0,0,0,0,0,0
MEG_3289|Biocides|Peroxide_resistance|Peroxide_resistance_stress_protein|IBPB|MEG_3289|IBPB-3289_C_301_T,0,0,0,0,0,1,1,3,0,0
MEG_3289|Biocides|Peroxide_resistance|Peroxide_resistance_stress_protein|IBPB|MEG_3289|IBPB-3289_T_366_A,0,0,0,0,0,1,2,2,0,0
MEG_3289|Biocides|Peroxide_resistance|Peroxide_resistance_stress_protein|IBPB|MEG_3289|IBPB-3289_C_384_T,0,0,0,0,0,1,2,1,0,1
MEG_3290|Biocides|Acetate_resistance|Acetate_resistance_protein|ICLR|MEG_3290|ICLR-3290_A_36_G,0,0,0,0,0,4,2,0,0,0
MEG_3290|Biocides|Acetate_resistance|Acetate_resistance_protein|ICLR|MEG_3290|ICLR-3290_A_400_G,0,0,0,0,0,2,3,1,0,0
MEG_3290|Biocides|Acetate_resistance|Acetate_resistance_protein|ICLR|MEG_3290|ICLR-3290_G_434_C,0,0,0,0,0,2,5,2,0,0
MEG_3290|Biocides|Acetate_resistance|Acetate_resistance_protein|ICLR|MEG_3290|ICLR-3290_G_522_T,0,0,0,0,0,0,1,5,0,0
MEG_3290|Biocides|Acetate_resistance|Acetate_resistance_protein|ICLR|MEG_3290|ICLR-3290_C_564_A,0,0,0,0,0,7,2,2,0,0
MEG_3290|Biocides|Acetate_resistance|Acetate_resistance_protein|ICLR|MEG_3290|ICLR-3290_A_641_G,0,0,0,0,0,3,1,2,1,0
MEG_3290|Biocides|Acetate_resistance|Acetate_resistance_protein|ICLR|MEG_3290|ICLR-3290_G_798_T,0,0,0,0,0,2,0,2,0,0
MEG_3291|Biocides|Acetate_resistance|Acetate_resistance_protein|ICLR|MEG_3291|ICLR-3291_A_75_G,0,0,0,0,0,4,2,1,1,0
MEG_3291|Biocides|Acetate_resistance|Acetate_resistance_protein|ICLR|MEG_3291|ICLR-3291_A_272_C,0,0,2,2,0,0,0,0,0,0
MEG_3291|Biocides|Acetate_resistance|Acetate_resistance_protein|ICLR|MEG_3291|ICLR-3291_G_330_T,0,1,2,1,0,0,0,0,0,0
MEG_3291|Biocides|Acetate_resistance|Acetate_resistance_protein|ICLR|MEG_3291|ICLR-3291_C_363_T,0,1,2,1,0,0,0,0,0,0
MEG_3291|Biocides|Acetate_resistance|Acetate_resistance_protein|ICLR|MEG_3291|ICLR-3291_A_439_G,0,0,0,0,0,2,7,0,0,0
MEG_3291|Biocides|Acetate_resistance|Acetate_resistance_protein|ICLR|MEG_3291|ICLR-3291_G_473_C,0,0,0,0,0,2,10,1,0,0
MEG_3291|Biocides|Acetate_resistance|Acetate_resistance_protein|ICLR|MEG_3291|ICLR-3291_C_512_T,1,0,0,5,0,0,0,0,0,0
MEG_3291|Biocides|Acetate_resistance|Acetate_resistance_protein|ICLR|MEG_3291|ICLR-3291_T_514_C,0,0,0,3,1,0,0,0,0,0
MEG_3291|Biocides|Acetate_resistance|Acetate_resistance_protein|ICLR|MEG_3291|ICLR-3291_C_603_A,0,0,0,0,0,2,0,2,1,0
MEG_3294|Multi-compound|Biocide_and_metal_resistance|Biocide_and_metal_resistance_protein|IDER|MEG_3294|IDER-3294_G_13_C,0,0,0,0,0,2,3,0,0,0
MEG_3294|Multi-compound|Biocide_and_metal_resistance|Biocide_and_metal_resistance_protein|IDER|MEG_3294|IDER-3294_C_216_A,0,0,0,0,0,1,2,1,0,2
MEG_3294|Multi-compound|Biocide_and_metal_resistance|Biocide_and_metal_resistance_protein|IDER|MEG_3294|IDER-3294_T_264_G,0,0,0,0,0,1,3,0,0,0
MEG_3294|Multi-compound|Biocide_and_metal_resistance|Biocide_and_metal_resistance_protein|IDER|MEG_3294|IDER-3294_T_347_G,0,0,0,0,0,4,5,0,0,0
MEG_3294|Multi-compound|Biocide_and_metal_resistance|Biocide_and_metal_resistance_protein|IDER|MEG_3294|IDER-3294_A_448_T,0,0,0,0,0,8,4,0,0,0
MEG_3294|Multi-compound|Biocide_and_metal_resistance|Biocide_and_metal_resistance_protein|IDER|MEG_3294|IDER-3294_A_557_G,0,0,0,0,0,5,3,0,0,0
MEG_3294|Multi-compound|Biocide_and_metal_resistance|Biocide_and_metal_resistance_protein|IDER|MEG_3294|IDER-3294_G_563_A,0,0,0,0,0,5,4,0,0,0
MEG_3294|Multi-compound|Biocide_and_metal_resistance|Biocide_and_metal_resistance_protein|IDER|MEG_3294|IDER-3294_G_608_A,0,0,0,0,0,5,8,0,0,0
MEG_3294|Multi-compound|Biocide_and_metal_resistance|Biocide_and_metal_resistance_protein|IDER|MEG_3294|IDER-3294_C_657_T,0,0,0,0,0,3,5,0,0,0
MEG_3295|Drugs|Mupirocin|Mupirocin-resistant_isoleucyl-tRNA_synthetase|ILES|MEG_3295|ILES-3295_C_834_A,0,3,1,0,0,0,0,0,0,0
MEG_3295|Drugs|Mupirocin|Mupirocin-resistant_isoleucyl-tRNA_synthetase|ILES|MEG_3295|ILES-3295_C_1044_G,0,2,1,0,1,0,0,0,0,0
MEG_3295|Drugs|Mupirocin|Mupirocin-resistant_isoleucyl-tRNA_synthetase|ILES|MEG_3295|ILES-3295_C_1179_A,0,0,0,0,0,2,13,2,0,2
MEG_3295|Drugs|Mupirocin|Mupirocin-resistant_isoleucyl-tRNA_synthetase|ILES|MEG_3295|ILES-3295_C_1185_G,0,0,0,0,0,3,14,2,0,2
MEG_3295|Drugs|Mupirocin|Mupirocin-resistant_isoleucyl-tRNA_synthetase|ILES|MEG_3295|ILES-3295_T_1361_A,0,0,0,0,0,2,16,6,0,1
MEG_3295|Drugs|Mupirocin|Mupirocin-resistant_isoleucyl-tRNA_synthetase|ILES|MEG_3295|ILES-3295_C_1725_G,0,0,0,0,0,6,18,2,0,1
MEG_3295|Drugs|Mupirocin|Mupirocin-resistant_isoleucyl-tRNA_synthetase|ILES|MEG_3295|ILES-3295_A_1790_T,0,4,1,1,0,0,0,0,0,0
MEG_3295|Drugs|Mupirocin|Mupirocin-resistant_isoleucyl-tRNA_synthetase|ILES|MEG_3295|ILES-3295_G_1795_C,0,4,1,1,0,0,0,0,0,0
MEG_3295|Drugs|Mupirocin|Mupirocin-resistant_isoleucyl-tRNA_synthetase|ILES|MEG_3295|ILES-3295_C_1927_A,0,0,0,0,0,3,13,4,3,4
MEG_3295|Drugs|Mupirocin|Mupirocin-resistant_isoleucyl-tRNA_synthetase|ILES|MEG_3295|ILES-3295_T_2042_A,0,5,2,3,2,0,0,0,0,0
MEG_3295|Drugs|Mupirocin|Mupirocin-resistant_isoleucyl-tRNA_synthetase|ILES|MEG_3295|ILES-3295_C_2123_T,0,3,1,2,1,0,0,0,0,0
MEG_3295|Drugs|Mupirocin|Mupirocin-resistant_isoleucyl-tRNA_synthetase|ILES|MEG_3295|ILES-3295_C_2175_A,0,0,0,0,0,7,26,0,1,3
MEG_3295|Drugs|Mupirocin|Mupirocin-resistant_isoleucyl-tRNA_synthetase|ILES|MEG_3295|ILES-3295_T_2249_A,0,2,3,4,0,0,0,0,0,0
MEG_3295|Drugs|Mupirocin|Mupirocin-resistant_isoleucyl-tRNA_synthetase|ILES|MEG_3295|ILES-3295_G_2545_A,0,0,0,0,0,3,12,2,1,6
MEG_3295|Drugs|Mupirocin|Mupirocin-resistant_isoleucyl-tRNA_synthetase|ILES|MEG_3295|ILES-3295_G_2659_A,0,0,0,0,0,4,11,1,0,2
MEG_3295|Drugs|Mupirocin|Mupirocin-resistant_isoleucyl-tRNA_synthetase|ILES|MEG_3295|ILES-3295_C_2671_G,0,3,1,1,1,0,0,0,0,0
MEG_3295|Drugs|Mupirocin|Mupirocin-resistant_isoleucyl-tRNA_synthetase|ILES|MEG_3295|ILES-3295_G_3204_C,0,2,1,1,3,0,0,0,0,0
MEG_3395|Drugs|betalactams|Class_B_betalactamases|IMP|MEG_3395|IMP-3395_T_794_G,0,0,4,0,1,0,0,0,0,0
MEG_3434|Drugs|Rifampin|Monooxygenase|IRI|MEG_3434|IRI-3434_A_95_G,0,0,0,0,0,4,4,1,1,0
MEG_3434|Drugs|Rifampin|Monooxygenase|IRI|MEG_3434|IRI-3434_C_478_G,4,0,0,0,0,0,0,0,0,0
MEG_3434|Drugs|Rifampin|Monooxygenase|IRI|MEG_3434|IRI-3434_C_581_T,6,0,0,1,0,0,0,0,0,0
MEG_3434|Drugs|Rifampin|Monooxygenase|IRI|MEG_3434|IRI-3434_C_615_T,0,0,0,0,0,4,3,6,2,0
MEG_3434|Drugs|Rifampin|Monooxygenase|IRI|MEG_3434|IRI-3434_T_820_C,0,0,0,0,0,1,4,5,0,0
MEG_3434|Drugs|Rifampin|Monooxygenase|IRI|MEG_3434|IRI-3434_C_831_A,0,0,0,0,0,2,4,4,2,0
MEG_3434|Drugs|Rifampin|Monooxygenase|IRI|MEG_3434|IRI-3434_A_890_C,0,0,0,0,0,6,2,1,4,0
MEG_3434|Drugs|Rifampin|Monooxygenase|IRI|MEG_3434|IRI-3434_C_893_A,0,0,0,0,0,6,2,1,4,0
MEG_3434|Drugs|Rifampin|Monooxygenase|IRI|MEG_3434|IRI-3434_C_1002_A,0,0,0,0,0,1,3,6,3,0
MEG_3434|Drugs|Rifampin|Monooxygenase|IRI|MEG_3434|IRI-3434_A_1142_C,5,0,0,0,0,0,0,0,0,0
MEG_3434|Drugs|Rifampin|Monooxygenase|IRI|MEG_3434|IRI-3434_G_1179_A,4,0,0,0,0,0,0,0,0,0
MEG_3435|Metals|Multi-metal_resistance|Multi-metal_resistance_regulator|IRLR|MEG_3435|IRLR-3435_T_211_G,0,2,0,0,2,0,0,0,0,0
MEG_3438|Metals|Multi-metal_resistance|Multi-metal_resistance_regulator|IRLS|MEG_3438|IRLS-3438_C_426_T,0,0,0,0,0,3,0,2,0,0
MEG_3438|Metals|Multi-metal_resistance|Multi-metal_resistance_regulator|IRLS|MEG_3438|IRLS-3438_C_752_G,0,0,0,1,3,0,0,0,0,0
MEG_3438|Metals|Multi-metal_resistance|Multi-metal_resistance_regulator|IRLS|MEG_3438|IRLS-3438_G_771_T,0,0,0,0,0,2,0,3,0,0
MEG_3438|Metals|Multi-metal_resistance|Multi-metal_resistance_regulator|IRLS|MEG_3438|IRLS-3438_A_811_G,0,0,0,2,2,0,0,0,0,0
MEG_3438|Metals|Multi-metal_resistance|Multi-metal_resistance_regulator|IRLS|MEG_3438|IRLS-3438_C_925_T,0,0,0,0,0,3,0,2,0,0
MEG_3438|Metals|Multi-metal_resistance|Multi-metal_resistance_regulator|IRLS|MEG_3438|IRLS-3438_C_1269_T,0,0,0,3,1,0,0,0,0,0
MEG_3439|Metals|Multi-metal_resistance|Multi-metal_resistance_regulator|IRLS|MEG_3439|IRLS-3439_T_255_A,0,0,0,0,0,0,1,3,0,0
MEG_3439|Metals|Multi-metal_resistance|Multi-metal_resistance_regulator|IRLS|MEG_3439|IRLS-3439_C_426_T,0,0,0,0,0,2,0,2,0,2
MEG_3439|Metals|Multi-metal_resistance|Multi-metal_resistance_regulator|IRLS|MEG_3439|IRLS-3439_G_753_T,0,0,0,0,0,3,2,3,0,2
MEG_3439|Metals|Multi-metal_resistance|Multi-metal_resistance_regulator|IRLS|MEG_3439|IRLS-3439_G_771_T,0,0,0,0,0,3,2,2,0,1
MEG_3439|Metals|Multi-metal_resistance|Multi-metal_resistance_regulator|IRLS|MEG_3439|IRLS-3439_C_925_T,0,0,0,0,0,2,0,2,0,2
MEG_3439|Metals|Multi-metal_resistance|Multi-metal_resistance_regulator|IRLS|MEG_3439|IRLS-3439_G_999_T,0,0,0,0,0,1,1,0,0,3
MEG_3439|Metals|Multi-metal_resistance|Multi-metal_resistance_regulator|IRLS|MEG_3439|IRLS-3439_C_1152_G,0,0,0,0,0,1,1,3,0,0
MEG_3440|Metals|Multi-metal_resistance|Multi-metal_resistance_regulator|IRLS|MEG_3440|IRLS-3440_G_153_T,0,0,0,4,1,0,0,0,0,0
MEG_3440|Metals|Multi-metal_resistance|Multi-metal_resistance_regulator|IRLS|MEG_3440|IRLS-3440_T_249_G,0,0,0,4,0,0,0,0,0,0
MEG_3440|Metals|Multi-metal_resistance|Multi-metal_resistance_regulator|IRLS|MEG_3440|IRLS-3440_T_742_G,1,1,0,2,2,0,0,0,0,0
MEG_3440|Metals|Multi-metal_resistance|Multi-metal_resistance_regulator|IRLS|MEG_3440|IRLS-3440_C_752_G,1,1,0,2,2,0,0,0,0,0
MEG_3440|Metals|Multi-metal_resistance|Multi-metal_resistance_regulator|IRLS|MEG_3440|IRLS-3440_C_945_A,0,0,0,6,2,0,0,0,0,0
MEG_3440|Metals|Multi-metal_resistance|Multi-metal_resistance_regulator|IRLS|MEG_3440|IRLS-3440_C_1072_T,0,0,0,4,3,0,0,0,0,0
MEG_3440|Metals|Multi-metal_resistance|Multi-metal_resistance_regulator|IRLS|MEG_3440|IRLS-3440_C_1269_T,0,0,0,2,2,0,0,0,0,0
MEG_3452|Metals|Tellurium_resistance|Tellurium_resistance_protein|KLAB|MEG_3452|KLAB-3452_C_60_G,0,0,0,0,0,1,10,4,0,2
MEG_3452|Metals|Tellurium_resistance|Tellurium_resistance_protein|KLAB|MEG_3452|KLAB-3452_C_338_T,0,0,0,0,0,1,12,4,0,0
MEG_3452|Metals|Tellurium_resistance|Tellurium_resistance_protein|KLAB|MEG_3452|KLAB-3452_A_404_T,0,0,0,0,0,2,14,3,0,1
MEG_3452|Metals|Tellurium_resistance|Tellurium_resistance_protein|KLAB|MEG_3452|KLAB-3452_T_539_A,0,0,0,0,0,3,19,6,1,3
MEG_3452|Metals|Tellurium_resistance|Tellurium_resistance_protein|KLAB|MEG_3452|KLAB-3452_G_791_A,0,0,0,0,0,2,26,2,1,2
MEG_3452|Metals|Tellurium_resistance|Tellurium_resistance_protein|KLAB|MEG_3452|KLAB-3452_A_795_T,1,0,0,0,3,0,0,0,0,0
MEG_3453|Metals|Tellurium_resistance|Tellurium_resistance_protein|KLAC|MEG_3453|KLAC-3453_C_73_A,0,0,0,0,0,1,1,1,1,0
MEG_3453|Metals|Tellurium_resistance|Tellurium_resistance_protein|KLAC|MEG_3453|KLAC-3453_C_360_T,0,0,0,0,0,2,1,0,0,2
MEG_3453|Metals|Tellurium_resistance|Tellurium_resistance_protein|KLAC|MEG_3453|KLAC-3453_T_371_C,0,0,0,0,0,2,1,0,0,2
MEG_3453|Metals|Tellurium_resistance|Tellurium_resistance_protein|KLAC|MEG_3453|KLAC-3453_T_401_A,6,0,0,0,0,0,0,0,0,0
MEG_3453|Metals|Tellurium_resistance|Tellurium_resistance_protein|KLAC|MEG_3453|KLAC-3453_G_537_A,0,0,0,0,0,0,6,3,2,2
MEG_3453|Metals|Tellurium_resistance|Tellurium_resistance_protein|KLAC|MEG_3453|KLAC-3453_A_599_G,3,2,1,0,0,0,0,0,0,0
MEG_3453|Metals|Tellurium_resistance|Tellurium_resistance_protein|KLAC|MEG_3453|KLAC-3453_T_787_G,7,1,0,0,0,0,0,0,0,0
MEG_3453|Metals|Tellurium_resistance|Tellurium_resistance_protein|KLAC|MEG_3453|KLAC-3453_C_922_T,0,0,0,0,0,0,3,1,0,0
MEG_3537|Drugs|betalactams|Class_C_betalactamases|LAT|MEG_3537|LAT-3537_C_183_G,1,1,0,3,0,0,0,0,0,0
MEG_3537|Drugs|betalactams|Class_C_betalactamases|LAT|MEG_3537|LAT-3537_C_376_G,1,0,0,3,0,0,0,0,0,0
MEG_3537|Drugs|betalactams|Class_C_betalactamases|LAT|MEG_3537|LAT-3537_G_587_A,2,1,0,2,0,0,0,0,0,0
MEG_3539|Biocides|Multi-biocide_resistance|Multi-biocide_MFS_efflux_pump|LDE|MEG_3539|LDE-3539_G_36_A,0,0,1,5,0,0,0,0,0,0
MEG_3539|Biocides|Multi-biocide_resistance|Multi-biocide_MFS_efflux_pump|LDE|MEG_3539|LDE-3539_A_52_T,1,0,1,8,0,0,0,0,0,0
MEG_3539|Biocides|Multi-biocide_resistance|Multi-biocide_MFS_efflux_pump|LDE|MEG_3539|LDE-3539_G_61_C,0,0,0,0,0,0,8,3,2,1
MEG_3539|Biocides|Multi-biocide_resistance|Multi-biocide_MFS_efflux_pump|LDE|MEG_3539|LDE-3539_T_120_C,1,0,3,12,0,0,0,0,0,0
MEG_3539|Biocides|Multi-biocide_resistance|Multi-biocide_MFS_efflux_pump|LDE|MEG_3539|LDE-3539_C_509_A,0,0,0,0,0,0,12,1,3,2
MEG_3539|Biocides|Multi-biocide_resistance|Multi-biocide_MFS_efflux_pump|LDE|MEG_3539|LDE-3539_C_592_T,0,0,0,0,0,0,14,2,2,3
MEG_3539|Biocides|Multi-biocide_resistance|Multi-biocide_MFS_efflux_pump|LDE|MEG_3539|LDE-3539_A_602_T,1,0,3,7,0,0,0,0,0,0
MEG_3539|Biocides|Multi-biocide_resistance|Multi-biocide_MFS_efflux_pump|LDE|MEG_3539|LDE-3539_G_723_T,2,0,4,2,0,0,0,0,0,0
MEG_3539|Biocides|Multi-biocide_resistance|Multi-biocide_MFS_efflux_pump|LDE|MEG_3539|LDE-3539_T_847_A,0,0,0,0,0,0,4,5,1,4
MEG_3539|Biocides|Multi-biocide_resistance|Multi-biocide_MFS_efflux_pump|LDE|MEG_3539|LDE-3539_A_1031_T,0,0,0,0,0,0,11,1,0,1
MEG_3539|Biocides|Multi-biocide_resistance|Multi-biocide_MFS_efflux_pump|LDE|MEG_3539|LDE-3539_T_1178_C,0,0,2,3,0,0,0,0,0,0
MEG_3586|Drugs|Lipopeptides|Daptomycin-resistant_mutant|LIAFSR|MEG_3586|LIAFSR-3586_C_105_T,1,2,1,6,0,0,3,2,3,3
MEG_3586|Drugs|Lipopeptides|Daptomycin-resistant_mutant|LIAFSR|MEG_3586|LIAFSR-3586_G_312_A,0,0,1,6,1,0,2,2,0,0
MEG_3586|Drugs|Lipopeptides|Daptomycin-resistant_mutant|LIAFSR|MEG_3586|LIAFSR-3586_G_390_A,0,0,0,6,0,0,0,2,1,3
MEG_3588|Drugs|Lipopeptides|Daptomycin-resistant_mutant|LIAFSR|MEG_3588|LIAFSR-3588_T_210_C,0,0,0,7,1,0,0,3,1,2
MEG_3588|Drugs|Lipopeptides|Daptomycin-resistant_mutant|LIAFSR|MEG_3588|LIAFSR-3588_G_369_A,0,0,0,9,0,0,0,2,1,3
MEG_3588|Drugs|Lipopeptides|Daptomycin-resistant_mutant|LIAFSR|MEG_3588|LIAFSR-3588_C_481_T,1,0,1,8,1,0,1,6,1,0
MEG_3595|Drugs|Multi-drug_resistance|Multi-drug_ABC_efflux_pumps|LMRB|MEG_3595|LMRB-3595_G_70_C,0,0,0,0,0,7,3,3,0,0
MEG_3595|Drugs|Multi-drug_resistance|Multi-drug_ABC_efflux_pumps|LMRB|MEG_3595|LMRB-3595_A_213_C,0,0,0,0,0,4,0,2,0,0
MEG_3595|Drugs|Multi-drug_resistance|Multi-drug_ABC_efflux_pumps|LMRB|MEG_3595|LMRB-3595_A_601_T,0,0,0,0,0,9,2,4,0,0
MEG_3595|Drugs|Multi-drug_resistance|Multi-drug_ABC_efflux_pumps|LMRB|MEG_3595|LMRB-3595_A_628_G,0,0,0,0,0,10,2,2,0,0
MEG_3595|Drugs|Multi-drug_resistance|Multi-drug_ABC_efflux_pumps|LMRB|MEG_3595|LMRB-3595_G_876_C,0,0,0,0,0,16,2,1,0,0
MEG_3595|Drugs|Multi-drug_resistance|Multi-drug_ABC_efflux_pumps|LMRB|MEG_3595|LMRB-3595_A_953_C,0,0,0,0,0,12,3,0,0,0
MEG_3595|Drugs|Multi-drug_resistance|Multi-drug_ABC_efflux_pumps|LMRB|MEG_3595|LMRB-3595_T_971_A,0,0,0,0,0,11,4,0,0,0
MEG_3595|Drugs|Multi-drug_resistance|Multi-drug_ABC_efflux_pumps|LMRB|MEG_3595|LMRB-3595_G_1012_A,0,0,0,0,0,9,3,3,0,0
MEG_3595|Drugs|Multi-drug_resistance|Multi-drug_ABC_efflux_pumps|LMRB|MEG_3595|LMRB-3595_C_1353_G,0,0,0,0,0,5,1,2,0,1
MEG_3597|Drugs|Multi-drug_resistance|Multi-drug_ABC_efflux_pumps|LMRD|MEG_3597|LMRD-3597_A_27_T,0,0,1,1,3,0,0,0,0,0
MEG_3597|Drugs|Multi-drug_resistance|Multi-drug_ABC_efflux_pumps|LMRD|MEG_3597|LMRD-3597_A_244_G,1,0,1,1,5,0,0,0,0,0
MEG_3597|Drugs|Multi-drug_resistance|Multi-drug_ABC_efflux_pumps|LMRD|MEG_3597|LMRD-3597_C_637_G,1,0,2,3,10,0,0,0,0,0
MEG_3597|Drugs|Multi-drug_resistance|Multi-drug_ABC_efflux_pumps|LMRD|MEG_3597|LMRD-3597_T_995_A,3,0,1,3,11,0,0,0,0,0
MEG_3597|Drugs|Multi-drug_resistance|Multi-drug_ABC_efflux_pumps|LMRD|MEG_3597|LMRD-3597_G_1809_T,0,0,1,2,7,0,0,0,0,0
MEG_3597|Drugs|Multi-drug_resistance|Multi-drug_ABC_efflux_pumps|LMRD|MEG_3597|LMRD-3597_A_1814_T,0,0,1,2,7,0,0,0,0,0
MEG_3597|Drugs|Multi-drug_resistance|Multi-drug_ABC_efflux_pumps|LMRD|MEG_3597|LMRD-3597_G_1922_T,1,1,1,1,7,0,0,0,0,0
MEG_3609|Drugs|MLS|Lincosamide_nucleotidyltransferases|LNUB|MEG_3609|LNUB-3609_G_16_T,0,0,0,0,0,0,3,0,0,1
MEG_3609|Drugs|MLS|Lincosamide_nucleotidyltransferases|LNUB|MEG_3609|LNUB-3609_G_48_C,0,0,0,0,0,0,3,0,0,1
MEG_3609|Drugs|MLS|Lincosamide_nucleotidyltransferases|LNUB|MEG_3609|LNUB-3609_A_215_G,0,0,0,0,0,0,4,0,0,0
MEG_3609|Drugs|MLS|Lincosamide_nucleotidyltransferases|LNUB|MEG_3609|LNUB-3609_T_302_A,0,0,0,0,0,0,4,2,0,0
MEG_3609|Drugs|MLS|Lincosamide_nucleotidyltransferases|LNUB|MEG_3609|LNUB-3609_G_322_A,0,0,0,0,0,0,5,2,0,0
MEG_3609|Drugs|MLS|Lincosamide_nucleotidyltransferases|LNUB|MEG_3609|LNUB-3609_T_345_C,0,0,0,0,0,0,4,3,0,0
MEG_3609|Drugs|MLS|Lincosamide_nucleotidyltransferases|LNUB|MEG_3609|LNUB-3609_A_726_G,0,0,0,0,0,0,7,1,0,1
MEG_3611|Drugs|MLS|Lincosamide_nucleotidyltransferases|LNUC|MEG_3611|LNUC-3611_C_116_A,0,1,0,1,2,0,0,0,0,0
MEG_3611|Drugs|MLS|Lincosamide_nucleotidyltransferases|LNUC|MEG_3611|LNUC-3611_A_119_G,0,1,0,1,2,0,0,0,0,0
MEG_3611|Drugs|MLS|Lincosamide_nucleotidyltransferases|LNUC|MEG_3611|LNUC-3611_T_339_C,0,1,0,2,1,0,0,0,0,0
MEG_3611|Drugs|MLS|Lincosamide_nucleotidyltransferases|LNUC|MEG_3611|LNUC-3611_G_347_C,0,1,0,2,1,0,0,0,0,0
MEG_3615|Drugs|MLS|Lincosamide_nucleotidyltransferases|LNUF|MEG_3615|LNUF-3615_c_293_G,2,1,1,1,0,0,0,0,0,0
MEG_3616|Drugs|MLS|Lincosamide_nucleotidyltransferases|LNUF|MEG_3616|LNUF-3616_c_468_T,1,1,0,2,0,0,0,0,0,0
MEG_3616|Drugs|MLS|Lincosamide_nucleotidyltransferases|LNUF|MEG_3616|LNUF-3616_g_506_C,2,0,0,2,0,0,0,0,0,0
MEG_3622|Biocides|Acetate_resistance|Acetate_resistance_protein|LPDT|MEG_3622|LPDT-3622_A_164_C,6,0,0,6,2,0,0,0,0,0
MEG_3622|Biocides|Acetate_resistance|Acetate_resistance_protein|LPDT|MEG_3622|LPDT-3622_C_382_T,3,1,0,7,0,0,0,0,0,0
MEG_3622|Biocides|Acetate_resistance|Acetate_resistance_protein|LPDT|MEG_3622|LPDT-3622_C_488_G,0,0,0,0,0,2,0,7,0,0
MEG_3622|Biocides|Acetate_resistance|Acetate_resistance_protein|LPDT|MEG_3622|LPDT-3622_C_536_T,0,0,0,0,0,2,0,5,0,0
MEG_3622|Biocides|Acetate_resistance|Acetate_resistance_protein|LPDT|MEG_3622|LPDT-3622_T_567_G,5,1,0,9,0,0,0,0,0,0
MEG_3622|Biocides|Acetate_resistance|Acetate_resistance_protein|LPDT|MEG_3622|LPDT-3622_A_578_C,0,0,0,0,0,3,0,2,0,0
MEG_3622|Biocides|Acetate_resistance|Acetate_resistance_protein|LPDT|MEG_3622|LPDT-3622_C_1009_T,9,1,0,6,1,0,0,0,0,0
MEG_3622|Biocides|Acetate_resistance|Acetate_resistance_protein|LPDT|MEG_3622|LPDT-3622_C_1169_G,7,3,0,10,1,0,0,0,0,0
MEG_3622|Biocides|Acetate_resistance|Acetate_resistance_protein|LPDT|MEG_3622|LPDT-3622_A_1256_C,5,6,0,7,1,0,0,0,0,0
MEG_3622|Biocides|Acetate_resistance|Acetate_resistance_protein|LPDT|MEG_3622|LPDT-3622_A_1577_G,0,0,0,0,0,1,0,3,0,0
MEG_3622|Biocides|Acetate_resistance|Acetate_resistance_protein|LPDT|MEG_3622|LPDT-3622_C_1826_A,0,0,0,0,0,0,0,5,0,0
MEG_3622|Biocides|Acetate_resistance|Acetate_resistance_protein|LPDT|MEG_3622|LPDT-3622_G_1852_A,9,1,0,7,2,0,0,0,0,0
MEG_3622|Biocides|Acetate_resistance|Acetate_resistance_protein|LPDT|MEG_3622|LPDT-3622_C_1919_T,10,2,0,4,1,0,0,0,0,0
MEG_3625|Drugs|Multi-drug_resistance|Multi-drug_RND_efflux_pumps|LPEB|MEG_3625|LPEB-3625_C_112_T,0,0,0,0,0,0,9,4,0,0
MEG_3625|Drugs|Multi-drug_resistance|Multi-drug_RND_efflux_pumps|LPEB|MEG_3625|LPEB-3625_T_580_G,0,0,0,0,0,0,18,5,1,3
MEG_3625|Drugs|Multi-drug_resistance|Multi-drug_RND_efflux_pumps|LPEB|MEG_3625|LPEB-3625_A_906_T,0,0,0,0,0,0,13,6,3,4
MEG_3625|Drugs|Multi-drug_resistance|Multi-drug_RND_efflux_pumps|LPEB|MEG_3625|LPEB-3625_T_1635_C,0,0,0,0,0,0,16,6,0,2
MEG_3625|Drugs|Multi-drug_resistance|Multi-drug_RND_efflux_pumps|LPEB|MEG_3625|LPEB-3625_T_1772_C,0,0,0,0,0,0,16,4,0,1
MEG_3625|Drugs|Multi-drug_resistance|Multi-drug_RND_efflux_pumps|LPEB|MEG_3625|LPEB-3625_T_1775_G,0,0,0,0,0,0,16,4,0,1
MEG_3625|Drugs|Multi-drug_resistance|Multi-drug_RND_efflux_pumps|LPEB|MEG_3625|LPEB-3625_T_2727_C,0,0,0,0,0,0,10,1,0,1
MEG_3633|Drugs|betalactams|Class_B_betalactamases|LRA|MEG_3633|LRA-3633_T_432_C,3,3,1,0,3,0,0,0,0,0
MEG_3648|Drugs|Multi-drug_resistance|Multi-drug_ABC_efflux_pumps|LSAE|MEG_3648|LSAE-3648_G_16_T,0,0,0,0,0,0,2,1,0,2
MEG_3648|Drugs|Multi-drug_resistance|Multi-drug_ABC_efflux_pumps|LSAE|MEG_3648|LSAE-3648_G_48_C,0,0,0,0,0,0,4,3,0,2
MEG_3648|Drugs|Multi-drug_resistance|Multi-drug_ABC_efflux_pumps|LSAE|MEG_3648|LSAE-3648_T_132_C,0,0,0,0,0,0,5,2,0,1
MEG_3648|Drugs|Multi-drug_resistance|Multi-drug_ABC_efflux_pumps|LSAE|MEG_3648|LSAE-3648_T_302_A,0,0,0,0,0,0,2,0,0,3
MEG_3648|Drugs|Multi-drug_resistance|Multi-drug_ABC_efflux_pumps|LSAE|MEG_3648|LSAE-3648_G_322_A,0,0,0,0,0,0,3,0,0,3
MEG_3648|Drugs|Multi-drug_resistance|Multi-drug_ABC_efflux_pumps|LSAE|MEG_3648|LSAE-3648_T_345_C,0,0,0,0,0,0,4,0,0,3
MEG_3648|Drugs|Multi-drug_resistance|Multi-drug_ABC_efflux_pumps|LSAE|MEG_3648|LSAE-3648_A_584_C,0,0,0,0,0,0,6,1,0,2
MEG_3657|Drugs|Multi-drug_resistance|Multi-drug_ABC_efflux_pumps|MACA|MEG_3657|MACA-3657_T_29_G,0,0,0,0,0,2,7,2,0,0
MEG_3657|Drugs|Multi-drug_resistance|Multi-drug_ABC_efflux_pumps|MACA|MEG_3657|MACA-3657_A_461_T,0,0,0,0,0,1,14,3,1,0
MEG_3657|Drugs|Multi-drug_resistance|Multi-drug_ABC_efflux_pumps|MACA|MEG_3657|MACA-3657_T_471_C,0,0,0,0,0,1,13,3,1,0
MEG_3657|Drugs|Multi-drug_resistance|Multi-drug_ABC_efflux_pumps|MACA|MEG_3657|MACA-3657_T_677_G,0,0,0,0,0,3,12,8,0,0
MEG_3657|Drugs|Multi-drug_resistance|Multi-drug_ABC_efflux_pumps|MACA|MEG_3657|MACA-3657_G_708_C,0,0,0,0,0,0,12,6,0,0
MEG_3657|Drugs|Multi-drug_resistance|Multi-drug_ABC_efflux_pumps|MACA|MEG_3657|MACA-3657_G_735_C,7,0,3,6,4,0,0,0,0,0
MEG_3657|Drugs|Multi-drug_resistance|Multi-drug_ABC_efflux_pumps|MACA|MEG_3657|MACA-3657_A_827_T,0,0,0,0,0,2,7,6,0,0
MEG_3657|Drugs|Multi-drug_resistance|Multi-drug_ABC_efflux_pumps|MACA|MEG_3657|MACA-3657_A_881_C,0,0,0,0,0,4,8,5,0,0
MEG_3657|Drugs|Multi-drug_resistance|Multi-drug_ABC_efflux_pumps|MACA|MEG_3657|MACA-3657_G_909_T,0,0,0,0,0,4,11,4,0,0
MEG_3657|Drugs|Multi-drug_resistance|Multi-drug_ABC_efflux_pumps|MACA|MEG_3657|MACA-3657_T_1103_A,0,0,0,0,0,2,11,9,0,0
MEG_3657|Drugs|Multi-drug_resistance|Multi-drug_ABC_efflux_pumps|MACA|MEG_3657|MACA-3657_C_1154_G,0,0,0,0,0,1,5,5,0,0
MEG_3658|Drugs|Multi-drug_resistance|Multi-drug_ABC_efflux_pumps|MACB|MEG_3658|MACB-3658_C_285_T,0,0,0,0,0,0,0,0,5,2
MEG_3658|Drugs|Multi-drug_resistance|Multi-drug_ABC_efflux_pumps|MACB|MEG_3658|MACB-3658_T_582_C,0,0,0,0,0,0,3,1,1,1
MEG_3658|Drugs|Multi-drug_resistance|Multi-drug_ABC_efflux_pumps|MACB|MEG_3658|MACB-3658_A_881_C,0,0,0,0,0,0,2,2,4,2
MEG_3658|Drugs|Multi-drug_resistance|Multi-drug_ABC_efflux_pumps|MACB|MEG_3658|MACB-3658_C_943_T,0,0,0,0,0,0,2,3,3,0
MEG_3658|Drugs|Multi-drug_resistance|Multi-drug_ABC_efflux_pumps|MACB|MEG_3658|MACB-3658_C_1276_A,0,0,0,0,0,1,0,4,2,1
MEG_3658|Drugs|Multi-drug_resistance|Multi-drug_ABC_efflux_pumps|MACB|MEG_3658|MACB-3658_A_1305_C,0,0,0,0,0,1,0,3,1,1
MEG_3658|Drugs|Multi-drug_resistance|Multi-drug_ABC_efflux_pumps|MACB|MEG_3658|MACB-3658_G_1521_C,0,0,0,0,0,0,3,3,2,1
MEG_3659|Drugs|betalactams|Class_A_betalactamases|MAL|MEG_3659|MAL-3659_C_127_A,0,0,0,0,0,5,0,0,0,1
MEG_3659|Drugs|betalactams|Class_A_betalactamases|MAL|MEG_3659|MAL-3659_A_175_G,0,0,0,0,0,3,1,0,0,0
MEG_3659|Drugs|betalactams|Class_A_betalactamases|MAL|MEG_3659|MAL-3659_G_215_T,0,0,0,0,0,3,1,0,0,0
MEG_3659|Drugs|betalactams|Class_A_betalactamases|MAL|MEG_3659|MAL-3659_A_238_C,0,0,0,0,0,2,2,0,0,0
MEG_3659|Drugs|betalactams|Class_A_betalactamases|MAL|MEG_3659|MAL-3659_T_573_G,0,0,0,0,0,2,3,0,2,0
MEG_3660|Drugs|betalactams|Class_A_betalactamases|MAL|MEG_3660|MAL-3660_C_127_A,0,0,0,0,0,5,4,0,1,2
MEG_3660|Drugs|betalactams|Class_A_betalactamases|MAL|MEG_3660|MAL-3660_A_238_C,0,0,0,0,0,2,2,0,0,0
MEG_3660|Drugs|betalactams|Class_A_betalactamases|MAL|MEG_3660|MAL-3660_T_573_G,0,0,0,0,0,1,5,0,2,1
MEG_3666|Drugs|Lipopeptides|Colistin_phosphoethanolamine_transferase|MCR|MEG_3666|MCR-3666_t_72_G,9,13,1,4,1,0,0,0,0,0
MEG_3666|Drugs|Lipopeptides|Colistin_phosphoethanolamine_transferase|MCR|MEG_3666|MCR-3666_c_155_A,3,17,5,5,1,0,0,0,0,0
MEG_3666|Drugs|Lipopeptides|Colistin_phosphoethanolamine_transferase|MCR|MEG_3666|MCR-3666_t_383_G,8,20,1,6,0,0,0,0,0,0
MEG_3666|Drugs|Lipopeptides|Colistin_phosphoethanolamine_transferase|MCR|MEG_3666|MCR-3666_g_430_C,8,24,3,6,2,0,0,0,0,0
MEG_3666|Drugs|Lipopeptides|Colistin_phosphoethanolamine_transferase|MCR|MEG_3666|MCR-3666_c_437_A,6,23,3,6,2,0,0,0,0,0
MEG_3666|Drugs|Lipopeptides|Colistin_phosphoethanolamine_transferase|MCR|MEG_3666|MCR-3666_c_1043_G,6,29,3,8,2,0,0,0,0,0
MEG_3666|Drugs|Lipopeptides|Colistin_phosphoethanolamine_transferase|MCR|MEG_3666|MCR-3666_t_1270_G,12,28,0,12,3,0,0,0,0,0
MEG_3666|Drugs|Lipopeptides|Colistin_phosphoethanolamine_transferase|MCR|MEG_3666|MCR-3666_a_1349_C,7,20,0,5,3,0,0,0,0,0
MEG_3667|Drugs|Lipopeptides|Colistin_phosphoethanolamine_transferase|MCR|MEG_3667|MCR-3667_t_661_A,0,0,0,0,0,1,2,0,0,1
MEG_3667|Drugs|Lipopeptides|Colistin_phosphoethanolamine_transferase|MCR|MEG_3667|MCR-3667_c_914_T,0,0,2,0,2,0,0,0,0,0
MEG_3667|Drugs|Lipopeptides|Colistin_phosphoethanolamine_transferase|MCR|MEG_3667|MCR-3667_c_1108_T,0,0,0,0,0,1,3,0,0,0
MEG_3668|Drugs|Lipopeptides|Colistin_phosphoethanolamine_transferase|MCR|MEG_3668|MCR-3668_c_164_G,0,0,4,0,1,0,0,0,0,0
MEG_3668|Drugs|Lipopeptides|Colistin_phosphoethanolamine_transferase|MCR|MEG_3668|MCR-3668_g_181_T,0,0,3,0,1,0,0,0,0,0
MEG_3668|Drugs|Lipopeptides|Colistin_phosphoethanolamine_transferase|MCR|MEG_3668|MCR-3668_c_914_T,0,0,4,0,0,0,0,0,0,0
MEG_3668|Drugs|Lipopeptides|Colistin_phosphoethanolamine_transferase|MCR|MEG_3668|MCR-3668_a_997_G,0,0,4,0,0,0,0,0,0,0
MEG_3669|Drugs|Lipopeptides|Colistin_phosphoethanolamine_transferase|MCR|MEG_3669|MCR-3669_c_164_G,0,0,4,0,0,0,0,0,0,0
MEG_3669|Drugs|Lipopeptides|Colistin_phosphoethanolamine_transferase|MCR|MEG_3669|MCR-3669_g_181_T,0,0,4,0,0,0,0,0,0,0
MEG_3669|Drugs|Lipopeptides|Colistin_phosphoethanolamine_transferase|MCR|MEG_3669|MCR-3669_t_205_G,0,0,4,0,0,0,0,0,0,0
MEG_3669|Drugs|Lipopeptides|Colistin_phosphoethanolamine_transferase|MCR|MEG_3669|MCR-3669_t_439_C,0,0,5,0,0,0,0,0,0,0
MEG_3669|Drugs|Lipopeptides|Colistin_phosphoethanolamine_transferase|MCR|MEG_3669|MCR-3669_g_496_A,0,4,0,0,0,0,0,0,0,0
MEG_3670|Drugs|Lipopeptides|Colistin_phosphoethanolamine_transferase|MCR|MEG_3670|MCR-3670_g_293_A,0,0,6,0,0,0,0,0,0,0
MEG_3670|Drugs|Lipopeptides|Colistin_phosphoethanolamine_transferase|MCR|MEG_3670|MCR-3670_a_305_G,0,0,6,0,0,0,0,0,0,0
MEG_3670|Drugs|Lipopeptides|Colistin_phosphoethanolamine_transferase|MCR|MEG_3670|MCR-3670_g_496_A,2,3,0,0,0,0,0,0,0,0
MEG_3670|Drugs|Lipopeptides|Colistin_phosphoethanolamine_transferase|MCR|MEG_3670|MCR-3670_c_914_T,0,0,4,0,0,0,0,0,0,0
MEG_3670|Drugs|Lipopeptides|Colistin_phosphoethanolamine_transferase|MCR|MEG_3670|MCR-3670_a_997_G,0,0,4,0,2,0,0,0,0,0
MEG_3670|Drugs|Lipopeptides|Colistin_phosphoethanolamine_transferase|MCR|MEG_3670|MCR-3670_a_1162_T,0,0,4,0,0,0,0,0,0,0
MEG_3671|Drugs|Lipopeptides|Colistin_phosphoethanolamine_transferase|MCR|MEG_3671|MCR-3671_t_439_C,0,0,5,0,0,0,0,0,0,0
MEG_3672|Drugs|Lipopeptides|Colistin_phosphoethanolamine_transferase|MCR|MEG_3672|MCR-3672_a_997_G,0,0,4,0,0,0,0,0,0,0
MEG_3673|Drugs|Lipopeptides|Colistin_phosphoethanolamine_transferase|MCR|MEG_3673|MCR-3673_a_633_G,0,0,0,0,0,0,2,0,2,2
MEG_3673|Drugs|Lipopeptides|Colistin_phosphoethanolamine_transferase|MCR|MEG_3673|MCR-3673_g_641_T,0,0,0,0,0,0,2,0,2,2
MEG_3674|Drugs|Lipopeptides|Colistin_phosphoethanolamine_transferase|MCR|MEG_3674|MCR-3674_t_436_C,0,0,4,0,0,0,0,0,0,0
MEG_3674|Drugs|Lipopeptides|Colistin_phosphoethanolamine_transferase|MCR|MEG_3674|MCR-3674_g_839_A,8,0,5,0,12,0,0,0,0,0
MEG_3674|Drugs|Lipopeptides|Colistin_phosphoethanolamine_transferase|MCR|MEG_3674|MCR-3674_a_1159_T,0,0,6,0,0,0,0,0,0,0
MEG_3675|Drugs|Lipopeptides|Colistin_phosphoethanolamine_transferase|MCR|MEG_3675|MCR-3675_t_156_G,0,0,0,0,0,9,6,2,2,1
MEG_3675|Drugs|Lipopeptides|Colistin_phosphoethanolamine_transferase|MCR|MEG_3675|MCR-3675_g_174_C,0,0,0,0,0,8,7,3,1,2
MEG_3675|Drugs|Lipopeptides|Colistin_phosphoethanolamine_transferase|MCR|MEG_3675|MCR-3675_t_819_A,0,0,0,0,0,9,16,7,0,0
MEG_3675|Drugs|Lipopeptides|Colistin_phosphoethanolamine_transferase|MCR|MEG_3675|MCR-3675_c_1077_G,0,0,0,0,0,7,6,9,1,4
MEG_3675|Drugs|Lipopeptides|Colistin_phosphoethanolamine_transferase|MCR|MEG_3675|MCR-3675_t_1577_C,0,0,0,0,0,10,7,3,0,1
MEG_3676|Drugs|Lipopeptides|Colistin_phosphoethanolamine_transferase|MCR|MEG_3676|MCR-3676_g_78_C,2,1,0,2,0,0,0,0,0,0
MEG_3677|Drugs|Lipopeptides|Colistin_phosphoethanolamine_transferase|MCR|MEG_3677|MCR-3677_g_78_C,3,0,1,4,0,0,0,0,0,0
MEG_3678|Drugs|Lipopeptides|Colistin_phosphoethanolamine_transferase|MCR|MEG_3678|MCR-3678_a_240_G,0,0,0,0,0,1,0,2,2,1
MEG_3678|Drugs|Lipopeptides|Colistin_phosphoethanolamine_transferase|MCR|MEG_3678|MCR-3678_c_252_A,0,0,0,0,0,1,0,1,2,0
MEG_3678|Drugs|Lipopeptides|Colistin_phosphoethanolamine_transferase|MCR|MEG_3678|MCR-3678_a_428_G,2,0,3,0,7,0,0,0,0,0
MEG_3678|Drugs|Lipopeptides|Colistin_phosphoethanolamine_transferase|MCR|MEG_3678|MCR-3678_t_711_G,0,0,0,0,0,6,1,1,0,0
MEG_3678|Drugs|Lipopeptides|Colistin_phosphoethanolamine_transferase|MCR|MEG_3678|MCR-3678_t_726_A,0,0,0,0,0,0,0,3,1,1
MEG_3678|Drugs|Lipopeptides|Colistin_phosphoethanolamine_transferase|MCR|MEG_3678|MCR-3678_a_768_T,0,0,0,0,0,1,0,1,1,1
MEG_3678|Drugs|Lipopeptides|Colistin_phosphoethanolamine_transferase|MCR|MEG_3678|MCR-3678_t_801_A,0,0,2,0,6,0,0,0,0,0
MEG_3678|Drugs|Lipopeptides|Colistin_phosphoethanolamine_transferase|MCR|MEG_3678|MCR-3678_g_832_A,0,0,0,0,0,9,0,2,0,2
MEG_3678|Drugs|Lipopeptides|Colistin_phosphoethanolamine_transferase|MCR|MEG_3678|MCR-3678_t_1116_G,0,0,0,0,0,4,0,1,0,0
MEG_3678|Drugs|Lipopeptides|Colistin_phosphoethanolamine_transferase|MCR|MEG_3678|MCR-3678_c_1188_G,0,0,3,0,1,0,0,0,0,0
MEG_3680|Drugs|Lipopeptides|Colistin_phosphoethanolamine_transferase|MCR|MEG_3680|MCR-3680_t_1150_G,0,0,0,0,0,0,2,3,0,0
MEG_3680|Drugs|Lipopeptides|Colistin_phosphoethanolamine_transferase|MCR|MEG_3680|MCR-3680_c_1155_A,0,0,0,0,0,0,2,3,0,0
MEG_3685|Drugs|Lipopeptides|Colistin_phosphoethanolamine_transferase|MCR|MEG_3685|MCR-3685_g_965_A,3,2,0,0,0,0,0,0,0,0
MEG_3687|Drugs|Lipopeptides|Colistin_phosphoethanolamine_transferase|MCR|MEG_3687|MCR-3687_a_480_T,0,0,0,0,0,0,4,0,0,0
MEG_3688|Drugs|Lipopeptides|Colistin_phosphoethanolamine_transferase|MCR|MEG_3688|MCR-3688_a_802_G,0,0,0,0,0,0,1,2,0,1
MEG_3691|Drugs|Lipopeptides|Colistin_phosphoethanolamine_transferase|MCR|MEG_3691|MCR-3691_g_78_A,0,0,0,0,0,0,5,5,1,0
MEG_3691|Drugs|Lipopeptides|Colistin_phosphoethanolamine_transferase|MCR|MEG_3691|MCR-3691_a_480_T,0,0,0,0,0,0,4,1,0,0
MEG_3691|Drugs|Lipopeptides|Colistin_phosphoethanolamine_transferase|MCR|MEG_3691|MCR-3691_t_711_A,0,0,0,0,0,1,3,1,0,0
MEG_3691|Drugs|Lipopeptides|Colistin_phosphoethanolamine_transferase|MCR|MEG_3691|MCR-3691_g_776_T,3,0,1,0,2,0,0,0,0,0
MEG_3691|Drugs|Lipopeptides|Colistin_phosphoethanolamine_transferase|MCR|MEG_3691|MCR-3691_t_1150_G,0,0,0,0,0,0,2,4,0,0
MEG_3691|Drugs|Lipopeptides|Colistin_phosphoethanolamine_transferase|MCR|MEG_3691|MCR-3691_c_1155_A,0,0,0,0,0,0,2,3,0,0
MEG_3691|Drugs|Lipopeptides|Colistin_phosphoethanolamine_transferase|MCR|MEG_3691|MCR-3691_a_1156_G,2,0,0,0,2,0,0,0,0,0
MEG_3691|Drugs|Lipopeptides|Colistin_phosphoethanolamine_transferase|MCR|MEG_3691|MCR-3691_a_1298_G,2,0,2,0,0,0,0,0,0,0
MEG_3691|Drugs|Lipopeptides|Colistin_phosphoethanolamine_transferase|MCR|MEG_3691|MCR-3691_a_1359_T,2,0,5,0,0,0,0,0,0,0
MEG_3692|Drugs|Lipopeptides|Colistin_phosphoethanolamine_transferase|MCR|MEG_3692|MCR-3692_c_730_G,4,1,1,3,0,0,0,0,0,0
MEG_3693|Drugs|Lipopeptides|Colistin_phosphoethanolamine_transferase|MCR|MEG_3693|MCR-3693_g_423_A,1,1,4,0,0,0,0,0,0,0
MEG_3693|Drugs|Lipopeptides|Colistin_phosphoethanolamine_transferase|MCR|MEG_3693|MCR-3693_t_523_A,5,2,2,0,1,0,0,0,0,0
MEG_3693|Drugs|Lipopeptides|Colistin_phosphoethanolamine_transferase|MCR|MEG_3693|MCR-3693_c_573_A,0,0,0,0,0,5,3,7,0,0
MEG_3693|Drugs|Lipopeptides|Colistin_phosphoethanolamine_transferase|MCR|MEG_3693|MCR-3693_t_594_A,6,4,4,0,2,0,0,0,0,0
MEG_3693|Drugs|Lipopeptides|Colistin_phosphoethanolamine_transferase|MCR|MEG_3693|MCR-3693_a_620_C,0,0,0,0,0,7,1,3,0,0
MEG_3693|Drugs|Lipopeptides|Colistin_phosphoethanolamine_transferase|MCR|MEG_3693|MCR-3693_a_621_C,8,4,4,1,2,0,0,0,0,0
MEG_3693|Drugs|Lipopeptides|Colistin_phosphoethanolamine_transferase|MCR|MEG_3693|MCR-3693_a_699_G,0,0,0,0,0,1,1,4,0,0
MEG_3693|Drugs|Lipopeptides|Colistin_phosphoethanolamine_transferase|MCR|MEG_3693|MCR-3693_c_720_A,2,0,3,3,0,0,0,0,0,0
MEG_3693|Drugs|Lipopeptides|Colistin_phosphoethanolamine_transferase|MCR|MEG_3693|MCR-3693_g_833_C,5,0,4,0,0,0,0,0,0,0
MEG_3693|Drugs|Lipopeptides|Colistin_phosphoethanolamine_transferase|MCR|MEG_3693|MCR-3693_a_876_G,0,0,0,0,0,0,2,4,1,0
MEG_3693|Drugs|Lipopeptides|Colistin_phosphoethanolamine_transferase|MCR|MEG_3693|MCR-3693_t_938_C,0,0,1,4,0,0,0,0,0,0
MEG_3693|Drugs|Lipopeptides|Colistin_phosphoethanolamine_transferase|MCR|MEG_3693|MCR-3693_g_949_A,0,0,0,0,0,1,2,6,1,0
MEG_3693|Drugs|Lipopeptides|Colistin_phosphoethanolamine_transferase|MCR|MEG_3693|MCR-3693_c_1183_T,1,0,2,2,0,0,0,0,0,0
MEG_3693|Drugs|Lipopeptides|Colistin_phosphoethanolamine_transferase|MCR|MEG_3693|MCR-3693_c_1189_A,1,0,2,2,0,0,0,0,0,0
MEG_3693|Drugs|Lipopeptides|Colistin_phosphoethanolamine_transferase|MCR|MEG_3693|MCR-3693_g_1222_C,0,0,2,1,1,0,0,0,0,0
MEG_3693|Drugs|Lipopeptides|Colistin_phosphoethanolamine_transferase|MCR|MEG_3693|MCR-3693_t_1232_A,2,0,3,1,1,0,0,0,0,0
MEG_3693|Drugs|Lipopeptides|Colistin_phosphoethanolamine_transferase|MCR|MEG_3693|MCR-3693_t_1343_A,4,1,1,0,0,0,0,0,0,0
MEG_3693|Drugs|Lipopeptides|Colistin_phosphoethanolamine_transferase|MCR|MEG_3693|MCR-3693_t_1356_A,4,1,1,0,0,0,0,0,0,0
MEG_3693|Drugs|Lipopeptides|Colistin_phosphoethanolamine_transferase|MCR|MEG_3693|MCR-3693_t_1428_C,4,1,6,0,0,0,0,0,0,0
MEG_3693|Drugs|Lipopeptides|Colistin_phosphoethanolamine_transferase|MCR|MEG_3693|MCR-3693_t_1575_A,0,0,0,0,0,2,0,4,0,0
MEG_3694|Drugs|Lipopeptides|Colistin_phosphoethanolamine_transferase|MCR|MEG_3694|MCR-3694_c_833_T,0,0,0,0,0,0,8,0,1,0
MEG_3694|Drugs|Lipopeptides|Colistin_phosphoethanolamine_transferase|MCR|MEG_3694|MCR-3694_t_1133_A,0,0,0,0,0,0,3,0,0,1
MEG_3696|Drugs|Lipopeptides|Colistin_phosphoethanolamine_transferase|MCR|MEG_3696|MCR-3696_C_914_T,0,0,6,0,1,0,0,0,0,0
MEG_3696|Drugs|Lipopeptides|Colistin_phosphoethanolamine_transferase|MCR|MEG_3696|MCR-3696_A_997_G,0,0,4,0,0,0,0,0,0,0
MEG_3696|Drugs|Lipopeptides|Colistin_phosphoethanolamine_transferase|MCR|MEG_3696|MCR-3696_A_1162_T,0,0,4,0,0,0,0,0,0,0
MEG_3697|Drugs|Lipopeptides|Colistin_phosphoethanolamine_transferase|MCR|MEG_3697|MCR-3697_T_439_C,0,0,5,0,0,0,0,0,0,0
MEG_3697|Drugs|Lipopeptides|Colistin_phosphoethanolamine_transferase|MCR|MEG_3697|MCR-3697_C_914_T,0,0,4,0,0,0,0,0,0,0
MEG_3697|Drugs|Lipopeptides|Colistin_phosphoethanolamine_transferase|MCR|MEG_3697|MCR-3697_A_1162_T,0,0,6,0,0,0,0,0,0,0
MEG_3698|Drugs|Lipopeptides|Colistin_phosphoethanolamine_transferase|MCR|MEG_3698|MCR-3698_T_439_C,0,0,4,0,0,0,0,0,0,0
MEG_3698|Drugs|Lipopeptides|Colistin_phosphoethanolamine_transferase|MCR|MEG_3698|MCR-3698_C_914_T,0,0,4,0,0,0,0,0,0,0
MEG_3698|Drugs|Lipopeptides|Colistin_phosphoethanolamine_transferase|MCR|MEG_3698|MCR-3698_A_997_G,0,0,5,0,0,0,0,0,0,0
MEG_3698|Drugs|Lipopeptides|Colistin_phosphoethanolamine_transferase|MCR|MEG_3698|MCR-3698_A_1162_T,0,0,4,0,0,0,0,0,0,0
MEG_3699|Drugs|Lipopeptides|Colistin_phosphoethanolamine_transferase|MCR|MEG_3699|MCR-3699_C_540_G,1,0,0,1,2,0,0,0,0,0
MEG_3699|Drugs|Lipopeptides|Colistin_phosphoethanolamine_transferase|MCR|MEG_3699|MCR-3699_A_997_G,0,0,4,0,0,0,0,0,0,0
MEG_3700|Drugs|Lipopeptides|Colistin_phosphoethanolamine_transferase|MCR|MEG_3700|MCR-3700_C_914_T,0,0,4,0,0,0,0,0,0,0
MEG_3701|Drugs|Lipopeptides|Colistin_phosphoethanolamine_transferase|MCR|MEG_3701|MCR-3701_C_270_G,0,0,4,0,0,0,0,0,0,0
MEG_3701|Drugs|Lipopeptides|Colistin_phosphoethanolamine_transferase|MCR|MEG_3701|MCR-3701_T_439_C,0,0,5,0,0,0,0,0,0,0
MEG_3701|Drugs|Lipopeptides|Colistin_phosphoethanolamine_transferase|MCR|MEG_3701|MCR-3701_A_997_G,0,0,4,0,0,0,0,0,0,0
MEG_3702|Drugs|Lipopeptides|Colistin_phosphoethanolamine_transferase|MCR|MEG_3702|MCR-3702_T_439_C,0,0,6,0,0,0,0,0,0,0
MEG_3703|Drugs|Lipopeptides|Colistin_phosphoethanolamine_transferase|MCR|MEG_3703|MCR-3703_A_91_C,2,0,0,1,1,0,0,0,0,0
MEG_3703|Drugs|Lipopeptides|Colistin_phosphoethanolamine_transferase|MCR|MEG_3703|MCR-3703_T_439_C,0,0,6,0,0,0,0,0,0,0
MEG_3703|Drugs|Lipopeptides|Colistin_phosphoethanolamine_transferase|MCR|MEG_3703|MCR-3703_A_997_G,0,0,4,0,0,0,0,0,0,0
MEG_3703|Drugs|Lipopeptides|Colistin_phosphoethanolamine_transferase|MCR|MEG_3703|MCR-3703_A_1162_T,0,0,5,0,0,0,0,0,0,0
MEG_3705|Drugs|Lipopeptides|Colistin_phosphoethanolamine_transferase|MCR|MEG_3705|MCR-3705_C_463_G,0,0,0,0,0,0,4,0,0,0
MEG_3705|Drugs|Lipopeptides|Colistin_phosphoethanolamine_transferase|MCR|MEG_3705|MCR-3705_C_730_G,4,0,2,0,3,0,0,0,0,0
MEG_3705|Drugs|Lipopeptides|Colistin_phosphoethanolamine_transferase|MCR|MEG_3705|MCR-3705_T_865_C,0,0,0,0,0,0,5,0,0,0
MEG_3705|Drugs|Lipopeptides|Colistin_phosphoethanolamine_transferase|MCR|MEG_3705|MCR-3705_G_1461_C,0,0,0,0,0,0,4,0,0,0
MEG_3706|Drugs|Lipopeptides|Colistin_phosphoethanolamine_transferase|MCR|MEG_3706|MCR-3706_T_442_C,0,0,8,0,1,0,0,0,0,0
MEG_3706|Drugs|Lipopeptides|Colistin_phosphoethanolamine_transferase|MCR|MEG_3706|MCR-3706_C_917_T,0,0,5,0,0,0,0,0,0,0
MEG_3706|Drugs|Lipopeptides|Colistin_phosphoethanolamine_transferase|MCR|MEG_3706|MCR-3706_A_1165_T,0,0,4,0,0,0,0,0,0,0
MEG_3708|Drugs|Lipopeptides|Colistin_phosphoethanolamine_transferase|MCR|MEG_3708|MCR-3708_G_881_C,0,0,0,0,0,0,1,3,0,0
MEG_3709|Drugs|Lipopeptides|Colistin_phosphoethanolamine_transferase|MCR|MEG_3709|MCR-3709_C_41_A,0,0,1,3,0,0,0,0,0,0
MEG_3709|Drugs|Lipopeptides|Colistin_phosphoethanolamine_transferase|MCR|MEG_3709|MCR-3709_T_249_G,1,0,2,1,2,0,0,0,0,0
MEG_3709|Drugs|Lipopeptides|Colistin_phosphoethanolamine_transferase|MCR|MEG_3709|MCR-3709_C_275_A,0,0,0,0,0,0,3,0,1,0
MEG_3709|Drugs|Lipopeptides|Colistin_phosphoethanolamine_transferase|MCR|MEG_3709|MCR-3709_T_283_A,0,0,0,0,0,2,2,0,0,0
MEG_3709|Drugs|Lipopeptides|Colistin_phosphoethanolamine_transferase|MCR|MEG_3709|MCR-3709_A_469_C,0,0,0,0,0,2,2,0,2,1
MEG_3709|Drugs|Lipopeptides|Colistin_phosphoethanolamine_transferase|MCR|MEG_3709|MCR-3709_G_534_A,0,0,0,0,0,1,4,0,1,0
MEG_3709|Drugs|Lipopeptides|Colistin_phosphoethanolamine_transferase|MCR|MEG_3709|MCR-3709_T_567_G,0,0,0,0,0,1,5,1,1,0
MEG_3709|Drugs|Lipopeptides|Colistin_phosphoethanolamine_transferase|MCR|MEG_3709|MCR-3709_T_725_C,0,0,0,0,0,2,2,0,2,0
MEG_3709|Drugs|Lipopeptides|Colistin_phosphoethanolamine_transferase|MCR|MEG_3709|MCR-3709_T_801_A,0,0,0,0,0,0,6,1,1,0
MEG_3709|Drugs|Lipopeptides|Colistin_phosphoethanolamine_transferase|MCR|MEG_3709|MCR-3709_G_1085_T,0,0,0,0,0,4,0,0,1,0
MEG_3709|Drugs|Lipopeptides|Colistin_phosphoethanolamine_transferase|MCR|MEG_3709|MCR-3709_C_1111_T,0,0,0,0,0,5,1,0,2,0
MEG_3709|Drugs|Lipopeptides|Colistin_phosphoethanolamine_transferase|MCR|MEG_3709|MCR-3709_A_1167_T,0,0,0,0,0,2,2,0,2,0
MEG_3709|Drugs|Lipopeptides|Colistin_phosphoethanolamine_transferase|MCR|MEG_3709|MCR-3709_A_1286_G,0,0,0,0,0,1,6,0,0,0
MEG_3709|Drugs|Lipopeptides|Colistin_phosphoethanolamine_transferase|MCR|MEG_3709|MCR-3709_C_1462_T,1,0,1,1,1,0,0,0,0,0
MEG_3709|Drugs|Lipopeptides|Colistin_phosphoethanolamine_transferase|MCR|MEG_3709|MCR-3709_G_1497_T,0,0,0,0,0,1,3,1,0,0
MEG_3712|Drugs|Lipopeptides|Colistin_phosphoethanolamine_transferase|MCR|MEG_3712|MCR-3712_T_568_C,0,0,0,0,0,1,3,0,1,0
MEG_3712|Drugs|Lipopeptides|Colistin_phosphoethanolamine_transferase|MCR|MEG_3712|MCR-3712_A_652_T,0,0,0,0,0,0,1,0,3,1
MEG_3712|Drugs|Lipopeptides|Colistin_phosphoethanolamine_transferase|MCR|MEG_3712|MCR-3712_T_729_G,0,0,0,0,0,0,3,0,2,0
MEG_3712|Drugs|Lipopeptides|Colistin_phosphoethanolamine_transferase|MCR|MEG_3712|MCR-3712_T_932_C,0,0,0,0,0,1,4,0,2,1
MEG_3712|Drugs|Lipopeptides|Colistin_phosphoethanolamine_transferase|MCR|MEG_3712|MCR-3712_A_1576_T,0,0,0,0,0,0,3,0,0,1
MEG_3717|Drugs|Lipopeptides|Colistin_phosphoethanolamine_transferase|MCR|MEG_3717|MCR-3717_C_508_T,0,0,0,0,0,4,0,1,0,2
MEG_3717|Drugs|Lipopeptides|Colistin_phosphoethanolamine_transferase|MCR|MEG_3717|MCR-3717_A_589_G,0,0,0,0,0,3,1,2,0,0
MEG_3717|Drugs|Lipopeptides|Colistin_phosphoethanolamine_transferase|MCR|MEG_3717|MCR-3717_C_773_T,0,0,0,0,0,0,9,7,1,1
MEG_3717|Drugs|Lipopeptides|Colistin_phosphoethanolamine_transferase|MCR|MEG_3717|MCR-3717_C_831_G,0,0,0,0,0,0,11,4,0,1
MEG_3717|Drugs|Lipopeptides|Colistin_phosphoethanolamine_transferase|MCR|MEG_3717|MCR-3717_G_880_C,0,0,0,0,0,0,11,4,0,2
MEG_3717|Drugs|Lipopeptides|Colistin_phosphoethanolamine_transferase|MCR|MEG_3717|MCR-3717_T_1565_G,0,0,0,0,0,0,2,1,1,1
MEG_3718|Drugs|Lipopeptides|Colistin_phosphoethanolamine_transferase|MCR|MEG_3718|MCR-3718_C_467_A,0,0,1,0,3,0,0,0,0,0
MEG_3718|Drugs|Lipopeptides|Colistin_phosphoethanolamine_transferase|MCR|MEG_3718|MCR-3718_T_996_C,0,0,1,0,4,0,0,0,0,0
MEG_3718|Drugs|Lipopeptides|Colistin_phosphoethanolamine_transferase|MCR|MEG_3718|MCR-3718_C_1111_G,0,0,1,0,5,0,0,0,0,0
MEG_3719|Drugs|Lipopeptides|Colistin_phosphoethanolamine_transferase|MCR|MEG_3719|MCR-3719_T_222_A,0,0,0,0,0,6,0,2,0,0
MEG_3719|Drugs|Lipopeptides|Colistin_phosphoethanolamine_transferase|MCR|MEG_3719|MCR-3719_A_428_G,3,0,5,0,5,0,0,0,0,0
MEG_3719|Drugs|Lipopeptides|Colistin_phosphoethanolamine_transferase|MCR|MEG_3719|MCR-3719_T_711_G,0,0,0,0,0,4,0,4,0,0
MEG_3719|Drugs|Lipopeptides|Colistin_phosphoethanolamine_transferase|MCR|MEG_3719|MCR-3719_T_801_A,7,0,3,2,3,0,0,0,0,0
MEG_3719|Drugs|Lipopeptides|Colistin_phosphoethanolamine_transferase|MCR|MEG_3719|MCR-3719_G_832_A,0,0,0,0,0,7,0,4,0,2
MEG_3719|Drugs|Lipopeptides|Colistin_phosphoethanolamine_transferase|MCR|MEG_3719|MCR-3719_T_1116_G,0,0,0,0,0,4,1,1,0,1
MEG_3719|Drugs|Lipopeptides|Colistin_phosphoethanolamine_transferase|MCR|MEG_3719|MCR-3719_C_1188_G,3,0,0,2,2,0,0,0,0,0
MEG_3719|Drugs|Lipopeptides|Colistin_phosphoethanolamine_transferase|MCR|MEG_3719|MCR-3719_A_1472_G,3,0,3,0,4,0,0,0,0,0
MEG_3719|Drugs|Lipopeptides|Colistin_phosphoethanolamine_transferase|MCR|MEG_3719|MCR-3719_C_1498_A,0,0,0,0,0,3,0,0,0,1
MEG_3720|Drugs|Lipopeptides|Colistin_phosphoethanolamine_transferase|MCR|MEG_3720|MCR-3720_A_688_T,1,1,3,0,1,0,0,0,0,0
MEG_3720|Drugs|Lipopeptides|Colistin_phosphoethanolamine_transferase|MCR|MEG_3720|MCR-3720_C_812_T,0,1,5,0,0,0,0,0,0,0
MEG_3720|Drugs|Lipopeptides|Colistin_phosphoethanolamine_transferase|MCR|MEG_3720|MCR-3720_A_912_G,0,0,0,0,0,0,3,0,1,1
MEG_3720|Drugs|Lipopeptides|Colistin_phosphoethanolamine_transferase|MCR|MEG_3720|MCR-3720_A_1065_T,0,0,0,0,0,0,3,0,1,0
MEG_3720|Drugs|Lipopeptides|Colistin_phosphoethanolamine_transferase|MCR|MEG_3720|MCR-3720_A_1075_C,0,0,0,0,0,0,3,0,1,0
MEG_3720|Drugs|Lipopeptides|Colistin_phosphoethanolamine_transferase|MCR|MEG_3720|MCR-3720_T_1133_A,0,0,0,0,0,0,4,2,0,0
MEG_3720|Drugs|Lipopeptides|Colistin_phosphoethanolamine_transferase|MCR|MEG_3720|MCR-3720_A_1406_T,0,0,0,0,0,0,2,1,1,0
MEG_3720|Drugs|Lipopeptides|Colistin_phosphoethanolamine_transferase|MCR|MEG_3720|MCR-3720_T_1556_G,0,0,0,0,0,0,2,2,0,0
MEG_3724|Drugs|Lipopeptides|Colistin_phosphoethanolamine_transferase|MCR|MEG_3724|MCR-3724_G_273_C,0,0,0,0,0,0,4,0,0,0
MEG_3724|Drugs|Lipopeptides|Colistin_phosphoethanolamine_transferase|MCR|MEG_3724|MCR-3724_C_463_G,0,0,0,0,0,0,4,0,0,1
MEG_3724|Drugs|Lipopeptides|Colistin_phosphoethanolamine_transferase|MCR|MEG_3724|MCR-3724_T_862_C,0,0,0,0,0,0,2,0,0,2
MEG_3724|Drugs|Lipopeptides|Colistin_phosphoethanolamine_transferase|MCR|MEG_3724|MCR-3724_G_1273_A,0,0,0,0,0,0,5,0,0,0
MEG_3726|Drugs|Lipopeptides|Colistin_phosphoethanolamine_transferase|MCR|MEG_3726|MCR-3726_T_208_A,0,0,0,0,0,5,1,0,0,4
MEG_3726|Drugs|Lipopeptides|Colistin_phosphoethanolamine_transferase|MCR|MEG_3726|MCR-3726_A_249_T,0,0,0,0,0,4,1,0,0,4
MEG_3726|Drugs|Lipopeptides|Colistin_phosphoethanolamine_transferase|MCR|MEG_3726|MCR-3726_A_294_G,0,0,0,0,0,4,0,0,0,3
MEG_3726|Drugs|Lipopeptides|Colistin_phosphoethanolamine_transferase|MCR|MEG_3726|MCR-3726_T_309_G,0,0,0,0,0,5,1,0,1,2
MEG_3726|Drugs|Lipopeptides|Colistin_phosphoethanolamine_transferase|MCR|MEG_3726|MCR-3726_G_370_T,0,0,0,0,0,7,1,0,1,3
MEG_3726|Drugs|Lipopeptides|Colistin_phosphoethanolamine_transferase|MCR|MEG_3726|MCR-3726_T_405_A,0,0,0,0,0,8,1,0,0,3
MEG_3726|Drugs|Lipopeptides|Colistin_phosphoethanolamine_transferase|MCR|MEG_3726|MCR-3726_C_508_T,0,0,0,0,0,4,1,1,0,0
MEG_3726|Drugs|Lipopeptides|Colistin_phosphoethanolamine_transferase|MCR|MEG_3726|MCR-3726_A_589_G,0,0,0,0,0,6,0,1,0,3
MEG_3726|Drugs|Lipopeptides|Colistin_phosphoethanolamine_transferase|MCR|MEG_3726|MCR-3726_T_814_G,0,0,0,0,0,12,5,0,1,5
MEG_3726|Drugs|Lipopeptides|Colistin_phosphoethanolamine_transferase|MCR|MEG_3726|MCR-3726_T_1195_G,0,0,0,0,0,11,5,3,0,0
MEG_3727|Drugs|Lipopeptides|Colistin_phosphoethanolamine_transferase|MCR|MEG_3727|MCR-3727_T_262_G,0,1,1,2,0,0,0,0,0,0
MEG_3727|Drugs|Lipopeptides|Colistin_phosphoethanolamine_transferase|MCR|MEG_3727|MCR-3727_T_1053_G,0,0,2,2,0,0,0,0,0,0
MEG_3727|Drugs|Lipopeptides|Colistin_phosphoethanolamine_transferase|MCR|MEG_3727|MCR-3727_A_1115_T,1,0,1,2,0,0,0,0,0,0
MEG_3727|Drugs|Lipopeptides|Colistin_phosphoethanolamine_transferase|MCR|MEG_3727|MCR-3727_T_1232_A,2,1,0,0,1,0,0,0,0,0
MEG_3729|Drugs|Lipopeptides|Colistin_phosphoethanolamine_transferase|MCR|MEG_3729|MCR-3729_T_841_C,1,0,3,0,0,0,0,0,0,0
MEG_3729|Drugs|Lipopeptides|Colistin_phosphoethanolamine_transferase|MCR|MEG_3729|MCR-3729_T_1395_C,0,0,0,0,0,0,3,1,0,0
MEG_3729|Drugs|Lipopeptides|Colistin_phosphoethanolamine_transferase|MCR|MEG_3729|MCR-3729_T_1412_G,0,0,0,0,0,0,4,1,0,0
MEG_3730|Drugs|Lipopeptides|Colistin_phosphoethanolamine_transferase|MCR|MEG_3730|MCR-3730_T_224_G,0,0,0,0,0,0,3,4,0,0
MEG_3730|Drugs|Lipopeptides|Colistin_phosphoethanolamine_transferase|MCR|MEG_3730|MCR-3730_C_909_T,0,0,0,0,0,0,3,0,1,0
MEG_3730|Drugs|Lipopeptides|Colistin_phosphoethanolamine_transferase|MCR|MEG_3730|MCR-3730_T_1016_G,0,0,0,0,0,0,6,0,1,0
MEG_3730|Drugs|Lipopeptides|Colistin_phosphoethanolamine_transferase|MCR|MEG_3730|MCR-3730_A_1062_G,0,0,0,0,0,0,5,0,0,0
MEG_3730|Drugs|Lipopeptides|Colistin_phosphoethanolamine_transferase|MCR|MEG_3730|MCR-3730_G_1360_C,0,0,0,0,0,0,5,0,0,0
MEG_3731|Drugs|Lipopeptides|Colistin_phosphoethanolamine_transferase|MCR|MEG_3731|MCR-3731_C_410_T,0,0,0,0,0,0,8,0,0,1
MEG_3731|Drugs|Lipopeptides|Colistin_phosphoethanolamine_transferase|MCR|MEG_3731|MCR-3731_A_592_C,0,0,0,0,0,0,3,1,0,1
MEG_3731|Drugs|Lipopeptides|Colistin_phosphoethanolamine_transferase|MCR|MEG_3731|MCR-3731_C_816_T,0,0,0,0,0,0,3,5,2,0
MEG_3731|Drugs|Lipopeptides|Colistin_phosphoethanolamine_transferase|MCR|MEG_3731|MCR-3731_T_838_G,0,0,0,0,0,0,6,3,1,0
MEG_3731|Drugs|Lipopeptides|Colistin_phosphoethanolamine_transferase|MCR|MEG_3731|MCR-3731_G_1470_A,0,0,0,0,0,0,3,1,0,2
MEG_3731|Drugs|Lipopeptides|Colistin_phosphoethanolamine_transferase|MCR|MEG_3731|MCR-3731_A_1512_G,0,0,0,0,0,0,2,0,0,2
MEG_3733|Metals|Copper_resistance|Copper_resistance_protein|MCTB|MEG_3733|MCTB-3733_A_305_T,0,0,0,0,0,1,3,0,0,0
MEG_3733|Metals|Copper_resistance|Copper_resistance_protein|MCTB|MEG_3733|MCTB-3733_C_510_G,0,0,0,0,0,0,7,0,1,0
MEG_3733|Metals|Copper_resistance|Copper_resistance_protein|MCTB|MEG_3733|MCTB-3733_C_602_T,0,0,0,0,0,2,4,0,0,0
MEG_3734|Metals|Copper_resistance|Copper_resistance_protein|MCTB|MEG_3734|MCTB-3734_C_587_T,0,0,0,0,0,2,3,0,1,0
MEG_3735|Biocides|Multi-biocide_resistance|Multi-biocide_resistance_protein|MDEA|MEG_3735|MDEA-3735_T_145_G,0,0,0,0,0,0,1,3,1,0
MEG_3735|Biocides|Multi-biocide_resistance|Multi-biocide_resistance_protein|MDEA|MEG_3735|MDEA-3735_T_185_A,0,0,0,0,0,0,0,3,2,0
MEG_3735|Biocides|Multi-biocide_resistance|Multi-biocide_resistance_protein|MDEA|MEG_3735|MDEA-3735_G_641_C,0,0,0,0,0,0,0,3,0,2
MEG_3735|Biocides|Multi-biocide_resistance|Multi-biocide_resistance_protein|MDEA|MEG_3735|MDEA-3735_T_890_C,0,0,0,0,0,0,3,2,0,0
MEG_3741|Multi-compound|Drug_and_biocide_and_metal_resistance|Drug_and_biocide_and_metal_MFS_efflux_pumps|MDRL|MEG_3741|MDRL-3741_C_366_G,0,0,3,4,0,0,0,0,0,0
MEG_3741|Multi-compound|Drug_and_biocide_and_metal_resistance|Drug_and_biocide_and_metal_MFS_efflux_pumps|MDRL|MEG_3741|MDRL-3741_T_732_A,0,0,4,1,0,0,0,0,0,0
MEG_3742|Multi-compound|Drug_and_biocide_and_metal_resistance|Drug_and_biocide_and_metal_MFS_efflux_pumps|MDRL|MEG_3742|MDRL-3742_T_55_G,0,0,0,0,0,0,2,4,0,2
MEG_3742|Multi-compound|Drug_and_biocide_and_metal_resistance|Drug_and_biocide_and_metal_MFS_efflux_pumps|MDRL|MEG_3742|MDRL-3742_T_105_A,1,1,0,0,2,0,0,0,0,0
MEG_3742|Multi-compound|Drug_and_biocide_and_metal_resistance|Drug_and_biocide_and_metal_MFS_efflux_pumps|MDRL|MEG_3742|MDRL-3742_T_156_G,1,1,0,0,2,0,0,0,0,0
MEG_3742|Multi-compound|Drug_and_biocide_and_metal_resistance|Drug_and_biocide_and_metal_MFS_efflux_pumps|MDRL|MEG_3742|MDRL-3742_C_366_G,0,0,0,4,0,0,0,0,0,0
MEG_3742|Multi-compound|Drug_and_biocide_and_metal_resistance|Drug_and_biocide_and_metal_MFS_efflux_pumps|MDRL|MEG_3742|MDRL-3742_G_499_A,0,0,2,8,0,0,0,0,0,0
MEG_3742|Multi-compound|Drug_and_biocide_and_metal_resistance|Drug_and_biocide_and_metal_MFS_efflux_pumps|MDRL|MEG_3742|MDRL-3742_T_646_C,0,0,1,3,0,0,0,0,0,0
MEG_3742|Multi-compound|Drug_and_biocide_and_metal_resistance|Drug_and_biocide_and_metal_MFS_efflux_pumps|MDRL|MEG_3742|MDRL-3742_T_732_A,1,0,2,0,1,0,0,0,0,0
MEG_3743|Multi-compound|Drug_and_biocide_and_metal_resistance|Drug_and_biocide_and_metal_MFS_efflux_pumps|MDRL|MEG_3743|MDRL-3743_C_125_G,4,0,3,0,0,0,0,0,0,0
MEG_3743|Multi-compound|Drug_and_biocide_and_metal_resistance|Drug_and_biocide_and_metal_MFS_efflux_pumps|MDRL|MEG_3743|MDRL-3743_C_152_T,5,0,3,0,0,0,0,0,0,0
MEG_3743|Multi-compound|Drug_and_biocide_and_metal_resistance|Drug_and_biocide_and_metal_MFS_efflux_pumps|MDRL|MEG_3743|MDRL-3743_C_287_T,2,0,1,1,0,0,0,0,0,0
MEG_3743|Multi-compound|Drug_and_biocide_and_metal_resistance|Drug_and_biocide_and_metal_MFS_efflux_pumps|MDRL|MEG_3743|MDRL-3743_C_609_G,2,0,1,0,1,0,0,0,0,0
MEG_3743|Multi-compound|Drug_and_biocide_and_metal_resistance|Drug_and_biocide_and_metal_MFS_efflux_pumps|MDRL|MEG_3743|MDRL-3743_G_652_C,1,0,2,1,0,0,0,0,0,0
MEG_3743|Multi-compound|Drug_and_biocide_and_metal_resistance|Drug_and_biocide_and_metal_MFS_efflux_pumps|MDRL|MEG_3743|MDRL-3743_T_732_A,1,0,2,1,0,0,0,0,0,0
MEG_3743|Multi-compound|Drug_and_biocide_and_metal_resistance|Drug_and_biocide_and_metal_MFS_efflux_pumps|MDRL|MEG_3743|MDRL-3743_T_1013_A,1,1,4,0,0,0,0,0,0,0
MEG_3743|Multi-compound|Drug_and_biocide_and_metal_resistance|Drug_and_biocide_and_metal_MFS_efflux_pumps|MDRL|MEG_3743|MDRL-3743_A_1056_C,2,1,4,0,0,0,0,0,0,0
MEG_3744|Multi-compound|Drug_and_biocide_and_metal_resistance|Drug_and_biocide_and_metal_RND_efflux_pumps|MDTA|MEG_3744|MDTA-3744_G_8_C,0,0,1,4,5,0,0,0,0,0
MEG_3744|Multi-compound|Drug_and_biocide_and_metal_resistance|Drug_and_biocide_and_metal_RND_efflux_pumps|MDTA|MEG_3744|MDTA-3744_T_222_C,0,2,5,1,12,0,0,0,0,0
MEG_3744|Multi-compound|Drug_and_biocide_and_metal_resistance|Drug_and_biocide_and_metal_RND_efflux_pumps|MDTA|MEG_3744|MDTA-3744_G_314_A,0,1,3,5,11,0,0,0,0,0
MEG_3744|Multi-compound|Drug_and_biocide_and_metal_resistance|Drug_and_biocide_and_metal_RND_efflux_pumps|MDTA|MEG_3744|MDTA-3744_G_676_T,0,1,3,6,4,0,0,0,0,0
MEG_3745|Multi-compound|Drug_and_biocide_and_metal_resistance|Drug_and_biocide_and_metal_RND_efflux_pumps|MDTA|MEG_3745|MDTA-3745_T_257_C,0,0,0,0,0,5,11,5,0,1
MEG_3745|Multi-compound|Drug_and_biocide_and_metal_resistance|Drug_and_biocide_and_metal_RND_efflux_pumps|MDTA|MEG_3745|MDTA-3745_C_355_T,0,0,0,0,0,3,13,1,0,1
MEG_3745|Multi-compound|Drug_and_biocide_and_metal_resistance|Drug_and_biocide_and_metal_RND_efflux_pumps|MDTA|MEG_3745|MDTA-3745_A_408_C,0,0,1,3,3,0,0,0,0,0
MEG_3745|Multi-compound|Drug_and_biocide_and_metal_resistance|Drug_and_biocide_and_metal_RND_efflux_pumps|MDTA|MEG_3745|MDTA-3745_T_723_G,0,0,0,0,0,2,7,1,0,0
MEG_3745|Multi-compound|Drug_and_biocide_and_metal_resistance|Drug_and_biocide_and_metal_RND_efflux_pumps|MDTA|MEG_3745|MDTA-3745_T_727_A,0,0,0,0,0,1,7,1,0,0
MEG_3745|Multi-compound|Drug_and_biocide_and_metal_resistance|Drug_and_biocide_and_metal_RND_efflux_pumps|MDTA|MEG_3745|MDTA-3745_A_847_T,0,0,0,0,0,2,14,1,0,1
MEG_3745|Multi-compound|Drug_and_biocide_and_metal_resistance|Drug_and_biocide_and_metal_RND_efflux_pumps|MDTA|MEG_3745|MDTA-3745_C_1228_T,0,0,0,0,0,2,6,1,0,0
MEG_3746|Multi-compound|Drug_and_biocide_and_metal_resistance|Drug_and_biocide_and_metal_RND_efflux_pumps|MDTA|MEG_3746|MDTA-3746_G_86_A,0,0,0,0,0,0,10,5,1,2
MEG_3746|Multi-compound|Drug_and_biocide_and_metal_resistance|Drug_and_biocide_and_metal_RND_efflux_pumps|MDTA|MEG_3746|MDTA-3746_G_804_C,0,0,0,0,0,0,7,6,1,2
MEG_3747|Multi-compound|Drug_and_biocide_and_metal_resistance|Drug_and_biocide_and_metal_RND_efflux_pumps|MDTB|MEG_3747|MDTB-3747_C_43_T,0,0,0,0,0,0,4,0,0,2
MEG_3747|Multi-compound|Drug_and_biocide_and_metal_resistance|Drug_and_biocide_and_metal_RND_efflux_pumps|MDTB|MEG_3747|MDTB-3747_C_618_G,0,0,0,0,0,0,14,2,1,6
MEG_3747|Multi-compound|Drug_and_biocide_and_metal_resistance|Drug_and_biocide_and_metal_RND_efflux_pumps|MDTB|MEG_3747|MDTB-3747_G_898_C,0,0,0,0,0,0,18,1,0,1
MEG_3747|Multi-compound|Drug_and_biocide_and_metal_resistance|Drug_and_biocide_and_metal_RND_efflux_pumps|MDTB|MEG_3747|MDTB-3747_T_988_G,0,0,0,0,0,0,20,1,3,2
MEG_3747|Multi-compound|Drug_and_biocide_and_metal_resistance|Drug_and_biocide_and_metal_RND_efflux_pumps|MDTB|MEG_3747|MDTB-3747_A_1304_G,0,0,0,0,0,0,16,1,1,5
MEG_3747|Multi-compound|Drug_and_biocide_and_metal_resistance|Drug_and_biocide_and_metal_RND_efflux_pumps|MDTB|MEG_3747|MDTB-3747_G_1783_C,0,0,0,0,0,0,15,2,0,5
MEG_3747|Multi-compound|Drug_and_biocide_and_metal_resistance|Drug_and_biocide_and_metal_RND_efflux_pumps|MDTB|MEG_3747|MDTB-3747_A_2088_T,0,0,0,0,0,0,9,4,2,2
MEG_3747|Multi-compound|Drug_and_biocide_and_metal_resistance|Drug_and_biocide_and_metal_RND_efflux_pumps|MDTB|MEG_3747|MDTB-3747_G_2707_C,0,0,0,0,0,0,7,2,2,1
MEG_3747|Multi-compound|Drug_and_biocide_and_metal_resistance|Drug_and_biocide_and_metal_RND_efflux_pumps|MDTB|MEG_3747|MDTB-3747_C_2784_T,0,0,0,0,0,0,8,1,2,0
MEG_3747|Multi-compound|Drug_and_biocide_and_metal_resistance|Drug_and_biocide_and_metal_RND_efflux_pumps|MDTB|MEG_3747|MDTB-3747_C_2917_G,0,0,0,0,0,0,7,1,1,2
MEG_3748|Multi-compound|Drug_and_biocide_and_metal_resistance|Drug_and_biocide_and_metal_RND_efflux_pumps|MDTB|MEG_3748|MDTB-3748_G_211_T,0,0,0,0,0,0,3,4,2,0
MEG_3748|Multi-compound|Drug_and_biocide_and_metal_resistance|Drug_and_biocide_and_metal_RND_efflux_pumps|MDTB|MEG_3748|MDTB-3748_C_313_A,0,0,0,0,0,0,4,5,1,0
MEG_3748|Multi-compound|Drug_and_biocide_and_metal_resistance|Drug_and_biocide_and_metal_RND_efflux_pumps|MDTB|MEG_3748|MDTB-3748_G_391_C,0,0,0,0,0,0,4,6,1,0
MEG_3748|Multi-compound|Drug_and_biocide_and_metal_resistance|Drug_and_biocide_and_metal_RND_efflux_pumps|MDTB|MEG_3748|MDTB-3748_G_646_T,0,0,0,0,0,0,2,12,2,0
MEG_3748|Multi-compound|Drug_and_biocide_and_metal_resistance|Drug_and_biocide_and_metal_RND_efflux_pumps|MDTB|MEG_3748|MDTB-3748_A_667_C,0,2,1,0,10,0,0,0,0,0
MEG_3748|Multi-compound|Drug_and_biocide_and_metal_resistance|Drug_and_biocide_and_metal_RND_efflux_pumps|MDTB|MEG_3748|MDTB-3748_C_1127_T,0,0,0,0,0,0,2,9,1,0
MEG_3748|Multi-compound|Drug_and_biocide_and_metal_resistance|Drug_and_biocide_and_metal_RND_efflux_pumps|MDTB|MEG_3748|MDTB-3748_T_1585_A,0,0,0,0,0,0,4,8,1,0
MEG_3748|Multi-compound|Drug_and_biocide_and_metal_resistance|Drug_and_biocide_and_metal_RND_efflux_pumps|MDTB|MEG_3748|MDTB-3748_C_2014_G,0,2,5,2,13,0,0,0,0,0
MEG_3748|Multi-compound|Drug_and_biocide_and_metal_resistance|Drug_and_biocide_and_metal_RND_efflux_pumps|MDTB|MEG_3748|MDTB-3748_C_2549_A,0,0,0,0,0,0,1,8,1,0
MEG_3748|Multi-compound|Drug_and_biocide_and_metal_resistance|Drug_and_biocide_and_metal_RND_efflux_pumps|MDTB|MEG_3748|MDTB-3748_A_2629_G,0,3,2,1,10,0,0,0,0,0
MEG_3748|Multi-compound|Drug_and_biocide_and_metal_resistance|Drug_and_biocide_and_metal_RND_efflux_pumps|MDTB|MEG_3748|MDTB-3748_G_2645_C,0,3,1,1,13,0,0,0,0,0
MEG_3748|Multi-compound|Drug_and_biocide_and_metal_resistance|Drug_and_biocide_and_metal_RND_efflux_pumps|MDTB|MEG_3748|MDTB-3748_T_2686_C,0,0,0,0,0,0,3,8,2,0
MEG_3748|Multi-compound|Drug_and_biocide_and_metal_resistance|Drug_and_biocide_and_metal_RND_efflux_pumps|MDTB|MEG_3748|MDTB-3748_T_3033_C,0,3,1,0,8,0,0,0,0,0
MEG_3748|Multi-compound|Drug_and_biocide_and_metal_resistance|Drug_and_biocide_and_metal_RND_efflux_pumps|MDTB|MEG_3748|MDTB-3748_T_3066_C,0,0,0,0,0,0,0,6,1,0
MEG_3749|Multi-compound|Drug_and_biocide_and_metal_resistance|Drug_and_biocide_and_metal_RND_efflux_pumps|MDTC|MEG_3749|MDTC-3749_A_645_T,0,0,0,0,0,1,15,5,5,6
MEG_3750|Multi-compound|Drug_and_biocide_and_metal_resistance|Drug_and_biocide_and_metal_RND_efflux_pumps|MDTC|MEG_3750|MDTC-3750_C_359_G,5,1,0,9,1,0,0,0,0,0
MEG_3750|Multi-compound|Drug_and_biocide_and_metal_resistance|Drug_and_biocide_and_metal_RND_efflux_pumps|MDTC|MEG_3750|MDTC-3750_G_923_A,0,0,0,0,0,2,0,5,0,3
MEG_3750|Multi-compound|Drug_and_biocide_and_metal_resistance|Drug_and_biocide_and_metal_RND_efflux_pumps|MDTC|MEG_3750|MDTC-3750_T_1043_G,8,0,0,11,2,0,0,0,0,0
MEG_3750|Multi-compound|Drug_and_biocide_and_metal_resistance|Drug_and_biocide_and_metal_RND_efflux_pumps|MDTC|MEG_3750|MDTC-3750_T_1138_G,4,0,0,14,2,0,0,0,0,0
MEG_3750|Multi-compound|Drug_and_biocide_and_metal_resistance|Drug_and_biocide_and_metal_RND_efflux_pumps|MDTC|MEG_3750|MDTC-3750_G_1459_A,0,0,0,0,0,7,0,12,0,1
MEG_3750|Multi-compound|Drug_and_biocide_and_metal_resistance|Drug_and_biocide_and_metal_RND_efflux_pumps|MDTC|MEG_3750|MDTC-3750_T_1644_A,6,0,0,9,1,0,0,0,0,0
MEG_3750|Multi-compound|Drug_and_biocide_and_metal_resistance|Drug_and_biocide_and_metal_RND_efflux_pumps|MDTC|MEG_3750|MDTC-3750_A_1694_G,0,0,0,0,0,5,0,2,0,0
MEG_3750|Multi-compound|Drug_and_biocide_and_metal_resistance|Drug_and_biocide_and_metal_RND_efflux_pumps|MDTC|MEG_3750|MDTC-3750_A_1905_G,0,0,0,0,0,5,0,1,0,6
MEG_3750|Multi-compound|Drug_and_biocide_and_metal_resistance|Drug_and_biocide_and_metal_RND_efflux_pumps|MDTC|MEG_3750|MDTC-3750_A_1985_C,0,0,0,0,0,7,0,5,0,3
MEG_3750|Multi-compound|Drug_and_biocide_and_metal_resistance|Drug_and_biocide_and_metal_RND_efflux_pumps|MDTC|MEG_3750|MDTC-3750_C_2580_G,0,0,0,0,0,3,0,3,0,1
MEG_3750|Multi-compound|Drug_and_biocide_and_metal_resistance|Drug_and_biocide_and_metal_RND_efflux_pumps|MDTC|MEG_3750|MDTC-3750_T_2624_G,0,0,0,0,0,3,0,4,0,1
MEG_3750|Multi-compound|Drug_and_biocide_and_metal_resistance|Drug_and_biocide_and_metal_RND_efflux_pumps|MDTC|MEG_3750|MDTC-3750_T_2747_C,2,1,0,2,0,0,0,0,0,0
MEG_3753|Multi-compound|Drug_and_biocide_resistance|Drug_and_biocide_MFS_efflux_pumps|MDTG|MEG_3753|MDTG-3753_G_618_C,0,0,0,0,0,4,1,3,0,1
MEG_3753|Multi-compound|Drug_and_biocide_resistance|Drug_and_biocide_MFS_efflux_pumps|MDTG|MEG_3753|MDTG-3753_C_638_T,0,0,0,0,0,4,1,3,1,1
MEG_3753|Multi-compound|Drug_and_biocide_resistance|Drug_and_biocide_MFS_efflux_pumps|MDTG|MEG_3753|MDTG-3753_C_855_T,0,0,0,0,0,0,1,1,1,1
MEG_3754|Multi-compound|Drug_and_biocide_resistance|Drug_and_biocide_MFS_efflux_pumps|MDTG|MEG_3754|MDTG-3754_C_274_A,0,0,0,0,0,1,8,1,1,1
MEG_3754|Multi-compound|Drug_and_biocide_resistance|Drug_and_biocide_MFS_efflux_pumps|MDTG|MEG_3754|MDTG-3754_G_618_C,0,0,0,0,0,3,3,3,2,0
MEG_3754|Multi-compound|Drug_and_biocide_resistance|Drug_and_biocide_MFS_efflux_pumps|MDTG|MEG_3754|MDTG-3754_C_638_T,0,0,0,0,0,1,5,3,2,0
MEG_3754|Multi-compound|Drug_and_biocide_resistance|Drug_and_biocide_MFS_efflux_pumps|MDTG|MEG_3754|MDTG-3754_C_855_T,0,0,0,0,0,3,10,1,1,0
MEG_3760|Multi-compound|Drug_and_biocide_resistance|Drug_and_biocide_MATE_efflux_pumps|MDTK|MEG_3760|MDTK-3760_T_161_A,5,0,4,16,1,0,0,0,0,0
MEG_3760|Multi-compound|Drug_and_biocide_resistance|Drug_and_biocide_MATE_efflux_pumps|MDTK|MEG_3760|MDTK-3760_T_240_G,9,0,4,8,0,0,0,0,0,0
MEG_3760|Multi-compound|Drug_and_biocide_resistance|Drug_and_biocide_MATE_efflux_pumps|MDTK|MEG_3760|MDTK-3760_A_528_T,8,1,5,12,0,0,0,0,0,0
MEG_3760|Multi-compound|Drug_and_biocide_resistance|Drug_and_biocide_MATE_efflux_pumps|MDTK|MEG_3760|MDTK-3760_A_541_C,9,1,5,13,0,0,0,0,0,0
MEG_3760|Multi-compound|Drug_and_biocide_resistance|Drug_and_biocide_MATE_efflux_pumps|MDTK|MEG_3760|MDTK-3760_G_767_T,5,1,2,21,0,0,0,0,0,0
MEG_3760|Multi-compound|Drug_and_biocide_resistance|Drug_and_biocide_MATE_efflux_pumps|MDTK|MEG_3760|MDTK-3760_C_803_G,7,2,2,18,0,0,0,0,0,0
MEG_3760|Multi-compound|Drug_and_biocide_resistance|Drug_and_biocide_MATE_efflux_pumps|MDTK|MEG_3760|MDTK-3760_G_806_A,7,1,2,18,0,0,0,0,0,0
MEG_3760|Multi-compound|Drug_and_biocide_resistance|Drug_and_biocide_MATE_efflux_pumps|MDTK|MEG_3760|MDTK-3760_A_1023_T,5,1,3,15,0,0,0,0,0,0
MEG_3760|Multi-compound|Drug_and_biocide_resistance|Drug_and_biocide_MATE_efflux_pumps|MDTK|MEG_3760|MDTK-3760_G_1350_C,7,1,0,10,0,0,0,0,0,0
MEG_3760|Multi-compound|Drug_and_biocide_resistance|Drug_and_biocide_MATE_efflux_pumps|MDTK|MEG_3760|MDTK-3760_G_1409_A,2,1,0,8,0,0,0,0,0,0
MEG_3768|Drugs|betalactams|Penicillin_binding_protein|MECA|MEG_3768|MECA-3768_t_182_C,1,1,1,3,0,0,0,0,0,0
MEG_3768|Drugs|betalactams|Penicillin_binding_protein|MECA|MEG_3768|MECA-3768_a_403_T,1,1,5,2,0,0,0,0,0,0
MEG_3768|Drugs|betalactams|Penicillin_binding_protein|MECA|MEG_3768|MECA-3768_t_636_A,0,0,3,6,0,0,0,0,0,0
MEG_3768|Drugs|betalactams|Penicillin_binding_protein|MECA|MEG_3768|MECA-3768_t_931_C,3,2,4,4,0,0,0,0,0,0
MEG_3768|Drugs|betalactams|Penicillin_binding_protein|MECA|MEG_3768|MECA-3768_a_976_G,2,2,6,3,0,0,0,0,0,0
MEG_3768|Drugs|betalactams|Penicillin_binding_protein|MECA|MEG_3768|MECA-3768_a_1501_G,0,1,6,0,0,0,0,0,0,0
MEG_3806|Drugs|MLS|MLS_resistance_MFS_efflux_pumps|MEFA|MEG_3806|MEFA-3806_t_357_C,3,0,1,0,0,0,0,0,0,0
MEG_3810|Drugs|MLS|MLS_resistance_MFS_efflux_pumps|MEFA|MEG_3810|MEFA-3810_c_434_A,0,1,1,1,1,0,0,0,0,0
MEG_3810|Drugs|MLS|MLS_resistance_MFS_efflux_pumps|MEFA|MEG_3810|MEFA-3810_g_472_C,0,1,1,2,1,0,0,0,0,0
MEG_3810|Drugs|MLS|MLS_resistance_MFS_efflux_pumps|MEFA|MEG_3810|MEFA-3810_c_998_A,0,1,2,1,1,0,0,0,0,0
MEG_3813|Drugs|MLS|MLS_resistance_MFS_efflux_pumps|MEFA|MEG_3813|MEFA-3813_a_645_G,0,0,0,0,0,0,5,0,0,0
MEG_3813|Drugs|MLS|MLS_resistance_MFS_efflux_pumps|MEFA|MEG_3813|MEFA-3813_c_1141_G,0,0,0,0,0,0,5,0,0,0
MEG_3813|Drugs|MLS|MLS_resistance_MFS_efflux_pumps|MEFA|MEG_3813|MEFA-3813_a_1188_T,0,0,0,0,0,0,4,0,0,0
MEG_3814|Drugs|MLS|MLS_resistance_MFS_efflux_pumps|MEFA|MEG_3814|MEFA-3814_g_256_T,0,0,0,0,0,0,3,0,1,0
MEG_3814|Drugs|MLS|MLS_resistance_MFS_efflux_pumps|MEFA|MEG_3814|MEFA-3814_c_439_G,3,0,2,0,1,0,0,0,0,0
MEG_3814|Drugs|MLS|MLS_resistance_MFS_efflux_pumps|MEFA|MEG_3814|MEFA-3814_c_991_T,0,0,0,0,0,0,4,0,0,0
MEG_3815|Drugs|MLS|MLS_resistance_MFS_efflux_pumps|MEFA|MEG_3815|MEFA-3815_g_256_T,0,0,0,0,0,0,15,0,0,0
MEG_3815|Drugs|MLS|MLS_resistance_MFS_efflux_pumps|MEFA|MEG_3815|MEFA-3815_g_591_C,0,0,0,0,0,0,4,0,0,0
MEG_3815|Drugs|MLS|MLS_resistance_MFS_efflux_pumps|MEFA|MEG_3815|MEFA-3815_a_645_G,0,0,0,0,0,0,6,0,0,0
MEG_3815|Drugs|MLS|MLS_resistance_MFS_efflux_pumps|MEFA|MEG_3815|MEFA-3815_a_906_C,0,0,0,0,0,0,3,0,1,0
MEG_3815|Drugs|MLS|MLS_resistance_MFS_efflux_pumps|MEFA|MEG_3815|MEFA-3815_c_991_T,0,0,0,0,0,0,6,0,0,0
MEG_3819|Drugs|MLS|MLS_resistance_MFS_efflux_pumps|MEFA|MEG_3819|MEFA-3819_t_230_G,0,0,0,2,6,0,0,0,0,0
MEG_3819|Drugs|MLS|MLS_resistance_MFS_efflux_pumps|MEFA|MEG_3819|MEFA-3819_a_620_T,0,0,1,1,7,0,0,0,0,0
MEG_3819|Drugs|MLS|MLS_resistance_MFS_efflux_pumps|MEFA|MEG_3819|MEFA-3819_c_728_A,0,0,2,3,4,0,0,0,0,0
MEG_3819|Drugs|MLS|MLS_resistance_MFS_efflux_pumps|MEFA|MEG_3819|MEFA-3819_a_1018_G,0,1,0,1,10,0,0,0,0,0
MEG_3819|Drugs|MLS|MLS_resistance_MFS_efflux_pumps|MEFA|MEG_3819|MEFA-3819_a_1212_G,0,0,1,0,3,0,0,0,0,0
MEG_3825|Drugs|MLS|MLS_resistance_MFS_efflux_pumps|MEFA|MEG_3825|MEFA-3825_T_357_C,4,0,1,0,4,0,0,0,0,0
MEG_3825|Drugs|MLS|MLS_resistance_MFS_efflux_pumps|MEFA|MEG_3825|MEFA-3825_G_364_A,4,0,1,0,4,0,0,0,0,0
MEG_3827|Drugs|MLS|MLS_resistance_MFS_efflux_pumps|MEFB|MEG_3827|MEFB-3827_A_118_T,0,0,0,0,0,0,6,0,1,0
MEG_3827|Drugs|MLS|MLS_resistance_MFS_efflux_pumps|MEFB|MEG_3827|MEFB-3827_C_472_T,0,0,0,0,0,2,10,1,2,0
MEG_3827|Drugs|MLS|MLS_resistance_MFS_efflux_pumps|MEFB|MEG_3827|MEFB-3827_G_489_T,0,0,0,0,0,1,10,1,3,0
MEG_3827|Drugs|MLS|MLS_resistance_MFS_efflux_pumps|MEFB|MEG_3827|MEFB-3827_C_675_G,0,0,0,0,0,2,12,2,1,0
MEG_3827|Drugs|MLS|MLS_resistance_MFS_efflux_pumps|MEFB|MEG_3827|MEFB-3827_G_1015_C,0,0,0,0,0,1,11,1,1,0
MEG_3827|Drugs|MLS|MLS_resistance_MFS_efflux_pumps|MEFB|MEG_3827|MEFB-3827_G_1053_A,0,0,0,0,0,2,9,2,1,0
MEG_3837|Metals|Mercury_resistance|Mercury_resistance_protein|MERA|MEG_3837|MERA-3837_c_222_G,0,0,0,0,0,3,7,2,0,1
MEG_3837|Metals|Mercury_resistance|Mercury_resistance_protein|MERA|MEG_3837|MERA-3837_a_505_G,0,0,0,0,0,3,18,2,3,0
MEG_3837|Metals|Mercury_resistance|Mercury_resistance_protein|MERA|MEG_3837|MERA-3837_c_788_T,0,0,0,0,0,3,13,5,0,2
MEG_3837|Metals|Mercury_resistance|Mercury_resistance_protein|MERA|MEG_3837|MERA-3837_g_815_C,0,0,0,0,0,4,15,4,1,2
MEG_3837|Metals|Mercury_resistance|Mercury_resistance_protein|MERA|MEG_3837|MERA-3837_t_914_G,0,0,0,0,0,6,11,0,2,2
MEG_3837|Metals|Mercury_resistance|Mercury_resistance_protein|MERA|MEG_3837|MERA-3837_g_1185_C,0,0,0,0,0,1,5,1,0,2
MEG_3837|Metals|Mercury_resistance|Mercury_resistance_protein|MERA|MEG_3837|MERA-3837_c_1186_T,0,0,0,0,0,1,5,1,0,2
MEG_3837|Metals|Mercury_resistance|Mercury_resistance_protein|MERA|MEG_3837|MERA-3837_t_1210_G,0,0,0,0,0,1,4,1,1,1
MEG_3837|Metals|Mercury_resistance|Mercury_resistance_protein|MERA|MEG_3837|MERA-3837_g_1243_T,0,0,0,0,0,0,5,1,1,1
MEG_3837|Metals|Mercury_resistance|Mercury_resistance_protein|MERA|MEG_3837|MERA-3837_g_1414_A,0,0,0,0,0,3,6,0,2,1
MEG_3840|Metals|Mercury_resistance|Mercury_resistance_protein|MERA|MEG_3840|MERA-3840_C_480_G,0,0,0,0,0,1,2,6,4,0
MEG_3840|Metals|Mercury_resistance|Mercury_resistance_protein|MERA|MEG_3840|MERA-3840_A_907_C,0,0,0,0,0,3,3,1,4,0
MEG_3841|Metals|Mercury_resistance|Mercury_resistance_protein|MERA|MEG_3841|MERA-3841_C_68_A,0,0,0,0,0,3,1,1,0,7
MEG_3841|Metals|Mercury_resistance|Mercury_resistance_protein|MERA|MEG_3841|MERA-3841_T_123_C,0,0,0,0,0,4,4,1,0,2
MEG_3841|Metals|Mercury_resistance|Mercury_resistance_protein|MERA|MEG_3841|MERA-3841_G_145_C,0,0,0,0,0,3,4,1,0,2
MEG_3841|Metals|Mercury_resistance|Mercury_resistance_protein|MERA|MEG_3841|MERA-3841_A_271_C,0,0,0,0,0,4,4,1,0,13
MEG_3841|Metals|Mercury_resistance|Mercury_resistance_protein|MERA|MEG_3841|MERA-3841_T_381_C,0,0,0,0,0,6,1,3,0,16
MEG_3841|Metals|Mercury_resistance|Mercury_resistance_protein|MERA|MEG_3841|MERA-3841_C_433_T,7,0,0,6,2,0,0,0,0,0
MEG_3841|Metals|Mercury_resistance|Mercury_resistance_protein|MERA|MEG_3841|MERA-3841_A_448_T,0,0,0,0,0,5,2,4,0,14
MEG_3841|Metals|Mercury_resistance|Mercury_resistance_protein|MERA|MEG_3841|MERA-3841_C_730_G,0,0,0,0,0,4,2,1,0,15
MEG_3841|Metals|Mercury_resistance|Mercury_resistance_protein|MERA|MEG_3841|MERA-3841_C_749_A,10,1,1,10,1,0,0,0,0,0
MEG_3841|Metals|Mercury_resistance|Mercury_resistance_protein|MERA|MEG_3841|MERA-3841_A_841_T,14,3,2,14,4,0,0,0,0,0
MEG_3841|Metals|Mercury_resistance|Mercury_resistance_protein|MERA|MEG_3841|MERA-3841_G_962_A,11,3,2,6,1,0,0,0,0,0
MEG_3841|Metals|Mercury_resistance|Mercury_resistance_protein|MERA|MEG_3841|MERA-3841_T_977_C,0,0,0,0,0,3,4,4,0,13
MEG_3841|Metals|Mercury_resistance|Mercury_resistance_protein|MERA|MEG_3841|MERA-3841_A_1243_T,0,0,0,0,0,5,4,0,0,14
MEG_3841|Metals|Mercury_resistance|Mercury_resistance_protein|MERA|MEG_3841|MERA-3841_A_1353_T,0,0,0,0,0,4,3,1,0,11
MEG_3841|Metals|Mercury_resistance|Mercury_resistance_protein|MERA|MEG_3841|MERA-3841_T_1417_A,5,2,0,8,4,0,0,0,0,0
MEG_3841|Metals|Mercury_resistance|Mercury_resistance_protein|MERA|MEG_3841|MERA-3841_A_1504_C,3,1,0,6,2,0,0,0,0,0
MEG_3843|Metals|Mercury_resistance|Mercury_resistance_protein|MERA|MEG_3843|MERA-3843_T_72_A,0,0,0,0,0,3,7,0,1,0
MEG_3843|Metals|Mercury_resistance|Mercury_resistance_protein|MERA|MEG_3843|MERA-3843_G_82_A,0,0,0,0,0,3,7,0,1,0
MEG_3843|Metals|Mercury_resistance|Mercury_resistance_protein|MERA|MEG_3843|MERA-3843_C_143_G,0,0,0,0,0,0,9,0,2,2
MEG_3843|Metals|Mercury_resistance|Mercury_resistance_protein|MERA|MEG_3843|MERA-3843_G_197_T,3,0,1,0,1,0,0,0,0,0
MEG_3843|Metals|Mercury_resistance|Mercury_resistance_protein|MERA|MEG_3843|MERA-3843_T_386_A,0,0,0,0,0,2,7,0,1,0
MEG_3843|Metals|Mercury_resistance|Mercury_resistance_protein|MERA|MEG_3843|MERA-3843_T_408_C,3,1,3,0,7,0,0,0,0,0
MEG_3843|Metals|Mercury_resistance|Mercury_resistance_protein|MERA|MEG_3843|MERA-3843_C_450_A,2,1,3,0,6,0,0,0,0,0
MEG_3843|Metals|Mercury_resistance|Mercury_resistance_protein|MERA|MEG_3843|MERA-3843_A_549_T,3,3,6,0,6,0,0,0,0,0
MEG_3843|Metals|Mercury_resistance|Mercury_resistance_protein|MERA|MEG_3843|MERA-3843_A_556_G,0,0,0,0,0,3,7,0,0,1
MEG_3843|Metals|Mercury_resistance|Mercury_resistance_protein|MERA|MEG_3843|MERA-3843_T_862_G,4,5,2,0,3,0,0,0,0,0
MEG_3843|Metals|Mercury_resistance|Mercury_resistance_protein|MERA|MEG_3843|MERA-3843_A_968_G,0,0,0,0,0,3,15,0,2,1
MEG_3843|Metals|Mercury_resistance|Mercury_resistance_protein|MERA|MEG_3843|MERA-3843_T_1006_G,5,1,1,0,5,0,0,0,0,0
MEG_3843|Metals|Mercury_resistance|Mercury_resistance_protein|MERA|MEG_3843|MERA-3843_C_1036_T,0,0,0,0,0,3,14,0,2,1
MEG_3843|Metals|Mercury_resistance|Mercury_resistance_protein|MERA|MEG_3843|MERA-3843_G_1075_T,1,2,0,0,5,0,0,0,0,0
MEG_3843|Metals|Mercury_resistance|Mercury_resistance_protein|MERA|MEG_3843|MERA-3843_G_1137_C,2,4,0,0,5,0,0,0,0,0
MEG_3843|Metals|Mercury_resistance|Mercury_resistance_protein|MERA|MEG_3843|MERA-3843_T_1172_A,3,4,0,0,5,0,0,0,0,0
MEG_3843|Metals|Mercury_resistance|Mercury_resistance_protein|MERA|MEG_3843|MERA-3843_A_1352_G,0,0,0,0,0,3,11,0,3,1
MEG_3845|Metals|Mercury_resistance|Mercury_resistance_protein|MERA|MEG_3845|MERA-3845_T_1133_C,0,0,0,0,0,4,2,0,0,0
MEG_3846|Metals|Mercury_resistance|Mercury_resistance_protein|MERB|MEG_3846|MERB-3846_a_17_C,0,0,0,1,4,0,0,0,0,0
MEG_3846|Metals|Mercury_resistance|Mercury_resistance_protein|MERB|MEG_3846|MERB-3846_t_57_G,1,0,1,1,5,0,0,0,0,0
MEG_3846|Metals|Mercury_resistance|Mercury_resistance_protein|MERB|MEG_3846|MERB-3846_c_81_A,1,0,1,1,4,0,0,0,0,0
MEG_3846|Metals|Mercury_resistance|Mercury_resistance_protein|MERB|MEG_3846|MERB-3846_c_246_G,0,0,2,4,1,0,0,0,0,0
MEG_3846|Metals|Mercury_resistance|Mercury_resistance_protein|MERB|MEG_3846|MERB-3846_a_313_G,0,1,2,3,5,0,0,0,0,0
MEG_3846|Metals|Mercury_resistance|Mercury_resistance_protein|MERB|MEG_3846|MERB-3846_a_328_C,0,1,2,2,4,0,0,0,0,0
MEG_3846|Metals|Mercury_resistance|Mercury_resistance_protein|MERB|MEG_3846|MERB-3846_t_437_C,1,0,2,1,1,0,0,0,0,0
MEG_3846|Metals|Mercury_resistance|Mercury_resistance_protein|MERB|MEG_3846|MERB-3846_a_552_C,2,1,1,1,1,0,0,0,0,0
MEG_3846|Metals|Mercury_resistance|Mercury_resistance_protein|MERB|MEG_3846|MERB-3846_a_617_C,1,1,0,1,1,0,0,0,0,0
MEG_3847|Metals|Mercury_resistance|Mercury_resistance_protein|MERB|MEG_3847|MERB-3847_G_548_T,0,0,0,0,0,0,2,2,0,0
MEG_3847|Metals|Mercury_resistance|Mercury_resistance_protein|MERB|MEG_3847|MERB-3847_C_604_T,0,0,0,0,0,0,2,2,0,0
MEG_3847|Metals|Mercury_resistance|Mercury_resistance_protein|MERB|MEG_3847|MERB-3847_G_615_T,0,0,0,0,0,0,2,2,0,0
MEG_3849|Metals|Mercury_resistance|Mercury_resistance_protein|MERB|MEG_3849|MERB-3849_T_44_C,0,0,0,0,0,1,1,1,0,1
MEG_3849|Metals|Mercury_resistance|Mercury_resistance_protein|MERB|MEG_3849|MERB-3849_G_63_C,2,1,0,0,1,0,0,0,0,0
MEG_3849|Metals|Mercury_resistance|Mercury_resistance_protein|MERB|MEG_3849|MERB-3849_G_84_T,3,1,0,0,1,0,0,0,0,0
MEG_3849|Metals|Mercury_resistance|Mercury_resistance_protein|MERB|MEG_3849|MERB-3849_T_152_C,0,0,0,0,0,0,5,1,0,1
MEG_3849|Metals|Mercury_resistance|Mercury_resistance_protein|MERB|MEG_3849|MERB-3849_C_169_G,0,0,0,0,0,0,5,0,0,1
MEG_3849|Metals|Mercury_resistance|Mercury_resistance_protein|MERB|MEG_3849|MERB-3849_T_230_C,3,1,1,0,1,0,0,0,0,0
MEG_3849|Metals|Mercury_resistance|Mercury_resistance_protein|MERB|MEG_3849|MERB-3849_C_358_G,2,1,1,0,1,0,0,0,0,0
MEG_3849|Metals|Mercury_resistance|Mercury_resistance_protein|MERB|MEG_3849|MERB-3849_G_436_T,0,0,0,0,0,0,3,2,1,0
MEG_3849|Metals|Mercury_resistance|Mercury_resistance_protein|MERB|MEG_3849|MERB-3849_A_556_T,0,0,0,0,0,2,3,0,1,0
MEG_3849|Metals|Mercury_resistance|Mercury_resistance_protein|MERB|MEG_3849|MERB-3849_A_567_G,2,2,0,0,0,0,0,0,0,0
MEG_3851|Metals|Mercury_resistance|Mercury_resistance_protein|MERB|MEG_3851|MERB-3851_G_133_C,2,0,0,4,1,0,0,0,0,0
MEG_3851|Metals|Mercury_resistance|Mercury_resistance_protein|MERB|MEG_3851|MERB-3851_A_530_T,0,0,0,3,1,0,0,0,0,0
MEG_3852|Metals|Mercury_resistance|Mercury_resistance_protein|MERB|MEG_3852|MERB-3852_A_548_G,2,0,0,0,2,0,0,0,0,0
MEG_3853|Metals|Mercury_resistance|Mercury_resistance_protein|MERB|MEG_3853|MERB-3853_A_530_T,0,0,1,3,0,0,0,0,0,0
MEG_3854|Metals|Mercury_resistance|Mercury_resistance_protein|MERB|MEG_3854|MERB-3854_T_117_A,0,0,0,0,0,4,5,1,0,0
MEG_3854|Metals|Mercury_resistance|Mercury_resistance_protein|MERB|MEG_3854|MERB-3854_G_322_C,0,0,0,0,0,0,3,1,0,0
MEG_3854|Metals|Mercury_resistance|Mercury_resistance_protein|MERB|MEG_3854|MERB-3854_T_373_A,0,0,0,0,0,2,2,2,2,0
MEG_3854|Metals|Mercury_resistance|Mercury_resistance_protein|MERB|MEG_3854|MERB-3854_T_598_G,0,0,0,0,0,4,2,1,1,0
MEG_3854|Metals|Mercury_resistance|Mercury_resistance_protein|MERB|MEG_3854|MERB-3854_T_621_G,0,0,0,0,0,2,2,1,1,0
MEG_3855|Metals|Mercury_resistance|Mercury_resistance_protein|MERB|MEG_3855|MERB-3855_G_208_C,4,0,0,0,1,0,0,0,0,0
MEG_3855|Metals|Mercury_resistance|Mercury_resistance_protein|MERB|MEG_3855|MERB-3855_A_291_G,2,0,0,0,2,0,0,0,0,0
MEG_3859|Metals|Mercury_resistance|Mercury_resistance_protein|MERC|MEG_3859|MERC-3859_T_350_C,0,0,0,0,0,1,0,1,1,2
MEG_3871|Metals|Mercury_resistance|Mercury_resistance_protein|MERG|MEG_3871|MERG-3871_G_109_T,0,0,0,0,0,3,5,2,1,2
MEG_3871|Metals|Mercury_resistance|Mercury_resistance_protein|MERG|MEG_3871|MERG-3871_G_167_C,0,0,0,0,0,1,5,1,2,2
MEG_3871|Metals|Mercury_resistance|Mercury_resistance_protein|MERG|MEG_3871|MERG-3871_C_647_A,0,0,0,0,0,0,1,1,1,1
MEG_3872|Metals|Mercury_resistance|Mercury_resistance_protein|MERH|MEG_3872|MERH-3872_G_434_T,0,0,0,0,0,4,0,0,0,0
MEG_3880|Metals|Mercury_resistance|Mercury_resistance_regulator|MERR|MEG_3880|MERR-3880_C_379_G,0,0,4,0,0,0,0,0,0,0
MEG_3881|Metals|Mercury_resistance|Mercury_resistance_regulator|MERR|MEG_3881|MERR-3881_A_68_C,0,0,0,0,0,0,2,2,0,0
MEG_3883|Metals|Mercury_resistance|Mercury_resistance_regulator|MERR|MEG_3883|MERR-3883_C_285_A,0,1,2,0,1,0,0,0,0,0
MEG_3883|Metals|Mercury_resistance|Mercury_resistance_regulator|MERR|MEG_3883|MERR-3883_C_347_G,1,0,3,0,2,0,0,0,0,0
MEG_3883|Metals|Mercury_resistance|Mercury_resistance_regulator|MERR|MEG_3883|MERR-3883_C_348_G,1,0,3,0,2,0,0,0,0,0
MEG_3887|Metals|Mercury_resistance|Mercury_resistance_regulator|MERR2|MEG_3887|MERR2-3887_A_274_C,3,0,0,0,1,0,0,0,0,0
MEG_3887|Metals|Mercury_resistance|Mercury_resistance_regulator|MERR2|MEG_3887|MERR2-3887_G_342_A,5,0,0,0,1,0,0,0,0,0
MEG_3890|Metals|Mercury_resistance|Mercury_resistance_protein|MERT|MEG_3890|MERT-3890_A_195_T,0,0,0,6,0,0,0,0,0,0
MEG_3890|Metals|Mercury_resistance|Mercury_resistance_protein|MERT|MEG_3890|MERT-3890_A_207_C,0,0,0,4,0,0,0,0,0,0
MEG_3896|Metals|Mercury_resistance|Mercury_resistance_protein|MERT|MEG_3896|MERT-3896_G_276_A,0,0,0,0,0,1,3,0,0,0
MEG_3908|Multi-compound|Drug_and_biocide_resistance|Drug_and_biocide_RND_efflux_pumps|MEXE|MEG_3908|MEXE-3908_C_25_A,3,0,1,0,1,0,0,0,0,0
MEG_3908|Multi-compound|Drug_and_biocide_resistance|Drug_and_biocide_RND_efflux_pumps|MEXE|MEG_3908|MEXE-3908_G_68_C,5,0,5,0,3,0,0,0,0,0
MEG_3908|Multi-compound|Drug_and_biocide_resistance|Drug_and_biocide_RND_efflux_pumps|MEXE|MEG_3908|MEXE-3908_A_145_G,2,1,8,0,2,0,0,0,0,0
MEG_3908|Multi-compound|Drug_and_biocide_resistance|Drug_and_biocide_RND_efflux_pumps|MEXE|MEG_3908|MEXE-3908_C_381_G,7,0,8,0,0,0,0,0,0,0
MEG_3908|Multi-compound|Drug_and_biocide_resistance|Drug_and_biocide_RND_efflux_pumps|MEXE|MEG_3908|MEXE-3908_T_387_A,7,0,8,0,0,0,0,0,0,0
MEG_3908|Multi-compound|Drug_and_biocide_resistance|Drug_and_biocide_RND_efflux_pumps|MEXE|MEG_3908|MEXE-3908_C_443_T,8,0,4,0,3,0,0,0,0,0
MEG_3908|Multi-compound|Drug_and_biocide_resistance|Drug_and_biocide_RND_efflux_pumps|MEXE|MEG_3908|MEXE-3908_G_863_T,3,0,5,0,1,0,0,0,0,0
MEG_3908|Multi-compound|Drug_and_biocide_resistance|Drug_and_biocide_RND_efflux_pumps|MEXE|MEG_3908|MEXE-3908_A_880_G,2,0,5,0,0,0,0,0,0,0
MEG_3908|Multi-compound|Drug_and_biocide_resistance|Drug_and_biocide_RND_efflux_pumps|MEXE|MEG_3908|MEXE-3908_G_927_C,2,1,4,0,4,0,0,0,0,0
MEG_3908|Multi-compound|Drug_and_biocide_resistance|Drug_and_biocide_RND_efflux_pumps|MEXE|MEG_3908|MEXE-3908_G_1116_C,2,1,5,0,4,0,0,0,0,0
MEG_3912|Multi-compound|Drug_and_biocide_resistance|Drug_and_biocide_RND_efflux_pumps|MEXF|MEG_3912|MEXF-3912_C_1911_A,0,1,3,1,0,0,0,0,0,0
MEG_3913|Multi-compound|Drug_and_biocide_resistance|Drug_and_biocide_RND_efflux_pumps|MEXG|MEG_3913|MEXG-3913_G_89_A,0,0,1,1,2,0,0,0,0,0
MEG_3913|Multi-compound|Drug_and_biocide_resistance|Drug_and_biocide_RND_efflux_pumps|MEXG|MEG_3913|MEXG-3913_G_102_C,0,0,1,1,2,0,0,0,0,0
MEG_3913|Multi-compound|Drug_and_biocide_resistance|Drug_and_biocide_RND_efflux_pumps|MEXG|MEG_3913|MEXG-3913_G_267_C,0,0,1,1,3,0,0,0,0,0
MEG_3913|Multi-compound|Drug_and_biocide_resistance|Drug_and_biocide_RND_efflux_pumps|MEXG|MEG_3913|MEXG-3913_A_344_T,0,0,3,1,1,0,0,0,0,0
MEG_3914|Multi-compound|Drug_and_biocide_resistance|Drug_and_biocide_RND_efflux_pumps|MEXH|MEG_3914|MEXH-3914_G_182_C,1,0,2,1,2,0,0,0,0,0
MEG_3914|Multi-compound|Drug_and_biocide_resistance|Drug_and_biocide_RND_efflux_pumps|MEXH|MEG_3914|MEXH-3914_G_242_A,0,0,0,0,0,1,1,0,0,2
MEG_3914|Multi-compound|Drug_and_biocide_resistance|Drug_and_biocide_RND_efflux_pumps|MEXH|MEG_3914|MEXH-3914_A_805_G,0,0,3,0,1,0,0,0,0,0
MEG_3914|Multi-compound|Drug_and_biocide_resistance|Drug_and_biocide_RND_efflux_pumps|MEXH|MEG_3914|MEXH-3914_T_1094_A,0,3,1,0,1,0,0,0,0,0
MEG_3916|Multi-compound|Drug_and_biocide_resistance|Drug_and_biocide_RND_efflux_pumps|MEXJ|MEG_3916|MEXJ-3916_C_321_T,1,1,3,2,0,0,0,0,0,0
MEG_3916|Multi-compound|Drug_and_biocide_resistance|Drug_and_biocide_RND_efflux_pumps|MEXJ|MEG_3916|MEXJ-3916_G_832_T,5,0,5,1,2,0,0,0,0,0
MEG_3920|Multi-compound|Drug_and_biocide_resistance|Drug_and_biocide_RND_efflux_pumps|MEXN|MEG_3920|MEXN-3920_C_28_G,0,0,0,0,0,0,0,2,1,1
MEG_3920|Multi-compound|Drug_and_biocide_resistance|Drug_and_biocide_RND_efflux_pumps|MEXN|MEG_3920|MEXN-3920_C_165_G,0,0,0,0,0,0,1,3,1,2
MEG_3920|Multi-compound|Drug_and_biocide_resistance|Drug_and_biocide_RND_efflux_pumps|MEXN|MEG_3920|MEXN-3920_A_352_G,0,0,0,0,0,0,0,3,1,3
MEG_3920|Multi-compound|Drug_and_biocide_resistance|Drug_and_biocide_RND_efflux_pumps|MEXN|MEG_3920|MEXN-3920_T_509_A,0,0,0,0,0,0,0,1,2,2
MEG_3920|Multi-compound|Drug_and_biocide_resistance|Drug_and_biocide_RND_efflux_pumps|MEXN|MEG_3920|MEXN-3920_G_792_A,0,0,0,0,0,0,1,1,1,3
MEG_3920|Multi-compound|Drug_and_biocide_resistance|Drug_and_biocide_RND_efflux_pumps|MEXN|MEG_3920|MEXN-3920_C_1047_A,0,0,0,0,0,0,2,3,2,4
MEG_3920|Multi-compound|Drug_and_biocide_resistance|Drug_and_biocide_RND_efflux_pumps|MEXN|MEG_3920|MEXN-3920_G_1125_C,0,0,0,0,0,0,1,1,2,3
MEG_3935|Biocides|Multi-biocide_resistance|Multi-biocide_RND_efflux_pump|MEXV|MEG_3935|MEXV-3935_C_342_A,6,1,6,0,0,0,0,0,0,0
MEG_3936|Biocides|Multi-biocide_resistance|Multi-biocide_RND_efflux_pump|MEXW|MEG_3936|MEXW-3936_G_922_A,0,0,0,0,0,0,0,6,0,2
MEG_3936|Biocides|Multi-biocide_resistance|Multi-biocide_RND_efflux_pump|MEXW|MEG_3936|MEXW-3936_C_2043_A,0,0,0,0,0,1,0,8,1,1
MEG_3936|Biocides|Multi-biocide_resistance|Multi-biocide_RND_efflux_pump|MEXW|MEG_3936|MEXW-3936_G_2625_C,0,0,0,0,0,0,0,3,0,3
MEG_3936|Biocides|Multi-biocide_resistance|Multi-biocide_RND_efflux_pump|MEXW|MEG_3936|MEXW-3936_G_2658_A,0,0,0,0,0,0,0,5,0,0
MEG_3936|Biocides|Multi-biocide_resistance|Multi-biocide_RND_efflux_pump|MEXW|MEG_3936|MEXW-3936_A_2783_G,0,0,0,0,0,0,0,4,1,2
MEG_3936|Biocides|Multi-biocide_resistance|Multi-biocide_RND_efflux_pump|MEXW|MEG_3936|MEXW-3936_G_2824_T,0,0,0,0,0,0,0,3,1,2
MEG_3936|Biocides|Multi-biocide_resistance|Multi-biocide_RND_efflux_pump|MEXW|MEG_3936|MEXW-3936_T_2920_A,0,0,0,0,0,0,0,2,0,3
MEG_3942|Drugs|Fluoroquinolones|Quinolone_resistance_protein_Qnr|MFPA|MEG_3942|MFPA-3942_T_364_A,0,0,0,0,0,0,1,2,1,0
MEG_3943|Drugs|Multi-drug_resistance|MDR_regulator|MGRA|MEG_3943|MGRA-3943_T_414_C,0,0,0,0,0,0,4,0,0,0
MEG_3975|Drugs|MLS|Macrolide-resistant_23S_rRNA_mutation|MLS23S|MEG_3975|MLS23S-3975_T_2687_A,0,0,0,0,1,1,0,1,8,1
MEG_3975|Drugs|MLS|Macrolide-resistant_23S_rRNA_mutation|MLS23S|MEG_3975|MLS23S-3975_C_2689_T,0,0,0,0,1,1,0,1,8,1
MEG_3975|Drugs|MLS|Macrolide-resistant_23S_rRNA_mutation|MLS23S|MEG_3975|MLS23S-3975_G_2773_C,1,0,0,0,0,3,0,0,7,1
MEG_3975|Drugs|MLS|Macrolide-resistant_23S_rRNA_mutation|MLS23S|MEG_3975|MLS23S-3975_C_2785_G,1,0,0,0,0,3,0,0,6,1
MEG_3975|Drugs|MLS|Macrolide-resistant_23S_rRNA_mutation|MLS23S|MEG_3975|MLS23S-3975_T_2811_C,0,0,0,0,0,1,0,0,6,1
MEG_3977|Drugs|MLS|Macrolide-resistant_23S_rRNA_mutation|MLS23S|MEG_3977|MLS23S-3977_A_56_G,2,0,1,3,11,2,2,4,1,1
MEG_3977|Drugs|MLS|Macrolide-resistant_23S_rRNA_mutation|MLS23S|MEG_3977|MLS23S-3977_T_78_C,2,0,1,3,19,2,3,4,3,2
MEG_3977|Drugs|MLS|Macrolide-resistant_23S_rRNA_mutation|MLS23S|MEG_3977|MLS23S-3977_T_137_A,2,3,17,3,15,2,30,4,9,8
MEG_3977|Drugs|MLS|Macrolide-resistant_23S_rRNA_mutation|MLS23S|MEG_3977|MLS23S-3977_T_138_C,0,1,0,0,1,0,2,1,1,0
MEG_3977|Drugs|MLS|Macrolide-resistant_23S_rRNA_mutation|MLS23S|MEG_3977|MLS23S-3977_A_142_T,3,4,18,4,16,2,30,3,10,7
MEG_3977|Drugs|MLS|Macrolide-resistant_23S_rRNA_mutation|MLS23S|MEG_3977|MLS23S-3977_G_264_C,0,0,0,0,0,1,2,1,0,0
MEG_3977|Drugs|MLS|Macrolide-resistant_23S_rRNA_mutation|MLS23S|MEG_3977|MLS23S-3977_T_284_C,9,2,4,3,30,2,8,9,9,3
MEG_3977|Drugs|MLS|Macrolide-resistant_23S_rRNA_mutation|MLS23S|MEG_3977|MLS23S-3977_G_285_A,9,2,4,3,30,3,8,10,9,3
MEG_3977|Drugs|MLS|Macrolide-resistant_23S_rRNA_mutation|MLS23S|MEG_3977|MLS23S-3977_C_316_T,1,0,1,0,0,0,0,2,0,1
MEG_3977|Drugs|MLS|Macrolide-resistant_23S_rRNA_mutation|MLS23S|MEG_3977|MLS23S-3977_A_348_G,1,0,0,0,3,0,0,0,1,1
MEG_3977|Drugs|MLS|Macrolide-resistant_23S_rRNA_mutation|MLS23S|MEG_3977|MLS23S-3977_T_349_A,0,0,2,1,0,0,3,1,0,0
MEG_3977|Drugs|MLS|Macrolide-resistant_23S_rRNA_mutation|MLS23S|MEG_3977|MLS23S-3977_G_350_A,0,0,2,2,0,3,4,2,0,1
MEG_3977|Drugs|MLS|Macrolide-resistant_23S_rRNA_mutation|MLS23S|MEG_3977|MLS23S-3977_C_353_T,1,0,0,0,3,0,0,0,1,1
MEG_3977|Drugs|MLS|Macrolide-resistant_23S_rRNA_mutation|MLS23S|MEG_3977|MLS23S-3977_A_354_G,1,0,0,0,3,0,0,0,1,1
MEG_3977|Drugs|MLS|Macrolide-resistant_23S_rRNA_mutation|MLS23S|MEG_3977|MLS23S-3977_G_356_A,2,1,12,2,8,4,24,10,4,1
MEG_3977|Drugs|MLS|Macrolide-resistant_23S_rRNA_mutation|MLS23S|MEG_3977|MLS23S-3977_C_357_T,2,1,7,1,5,1,14,10,2,1
MEG_3977|Drugs|MLS|Macrolide-resistant_23S_rRNA_mutation|MLS23S|MEG_3977|MLS23S-3977_G_367_A,1,2,4,0,2,0,11,4,2,0
MEG_3977|Drugs|MLS|Macrolide-resistant_23S_rRNA_mutation|MLS23S|MEG_3977|MLS23S-3977_T_542_C,2,0,0,1,1,3,4,0,0,0
MEG_3977|Drugs|MLS|Macrolide-resistant_23S_rRNA_mutation|MLS23S|MEG_3977|MLS23S-3977_A_613_T,8,5,5,4,22,1,4,6,2,3
MEG_3977|Drugs|MLS|Macrolide-resistant_23S_rRNA_mutation|MLS23S|MEG_3977|MLS23S-3977_A_616_G,1,0,0,2,2,8,1,4,2,1
MEG_3977|Drugs|MLS|Macrolide-resistant_23S_rRNA_mutation|MLS23S|MEG_3977|MLS23S-3977_A_626_T,10,7,10,5,32,2,6,10,6,3
MEG_3977|Drugs|MLS|Macrolide-resistant_23S_rRNA_mutation|MLS23S|MEG_3977|MLS23S-3977_T_646_C,11,6,11,5,31,1,5,12,10,5
MEG_3977|Drugs|MLS|Macrolide-resistant_23S_rRNA_mutation|MLS23S|MEG_3977|MLS23S-3977_G_664_A,1,2,0,0,0,0,8,4,1,0
MEG_3977|Drugs|MLS|Macrolide-resistant_23S_rRNA_mutation|MLS23S|MEG_3977|MLS23S-3977_C_687_T,9,2,18,17,4,34,30,13,5,8
MEG_3977|Drugs|MLS|Macrolide-resistant_23S_rRNA_mutation|MLS23S|MEG_3977|MLS23S-3977_T_688_C,9,2,18,17,4,33,30,14,4,8
MEG_3977|Drugs|MLS|Macrolide-resistant_23S_rRNA_mutation|MLS23S|MEG_3977|MLS23S-3977_T_766_C,19,4,8,6,27,4,9,8,9,3
MEG_3977|Drugs|MLS|Macrolide-resistant_23S_rRNA_mutation|MLS23S|MEG_3977|MLS23S-3977_G_774_A,0,0,0,1,0,2,1,2,0,0
MEG_3977|Drugs|MLS|Macrolide-resistant_23S_rRNA_mutation|MLS23S|MEG_3977|MLS23S-3977_C_846_T,2,2,7,3,7,1,6,6,1,0
MEG_3977|Drugs|MLS|Macrolide-resistant_23S_rRNA_mutation|MLS23S|MEG_3977|MLS23S-3977_A_877_T,1,1,5,0,6,0,2,1,4,1
MEG_3977|Drugs|MLS|Macrolide-resistant_23S_rRNA_mutation|MLS23S|MEG_3977|MLS23S-3977_T_884_C,2,1,7,0,9,1,2,1,5,2
MEG_3977|Drugs|MLS|Macrolide-resistant_23S_rRNA_mutation|MLS23S|MEG_3977|MLS23S-3977_A_892_G,4,1,10,1,12,1,3,3,7,2
MEG_3977|Drugs|MLS|Macrolide-resistant_23S_rRNA_mutation|MLS23S|MEG_3977|MLS23S-3977_C_965_T,2,1,4,1,11,0,3,3,2,3
MEG_3977|Drugs|MLS|Macrolide-resistant_23S_rRNA_mutation|MLS23S|MEG_3977|MLS23S-3977_N_970_T,89,34,66,75,69,72,153,88,31,29
MEG_3977|Drugs|MLS|Macrolide-resistant_23S_rRNA_mutation|MLS23S|MEG_3977|MLS23S-3977_A_1054_G,16,3,4,16,3,40,30,19,7,9
MEG_3977|Drugs|MLS|Macrolide-resistant_23S_rRNA_mutation|MLS23S|MEG_3977|MLS23S-3977_G_1171_A,3,5,10,3,3,5,13,6,1,2
MEG_3977|Drugs|MLS|Macrolide-resistant_23S_rRNA_mutation|MLS23S|MEG_3977|MLS23S-3977_T_1174_G,28,8,10,28,32,24,26,23,11,12
MEG_3977|Drugs|MLS|Macrolide-resistant_23S_rRNA_mutation|MLS23S|MEG_3977|MLS23S-3977_C_1178_T,2,4,8,3,4,6,13,6,1,2
MEG_3977|Drugs|MLS|Macrolide-resistant_23S_rRNA_mutation|MLS23S|MEG_3977|MLS23S-3977_T_1211_C,0,1,0,0,0,0,3,1,0,1
MEG_3977|Drugs|MLS|Macrolide-resistant_23S_rRNA_mutation|MLS23S|MEG_3977|MLS23S-3977_T_1219_G,7,2,1,1,7,2,5,2,1,3
MEG_3977|Drugs|MLS|Macrolide-resistant_23S_rRNA_mutation|MLS23S|MEG_3977|MLS23S-3977_A_1220_C,7,2,2,1,8,2,5,2,1,2
MEG_3977|Drugs|MLS|Macrolide-resistant_23S_rRNA_mutation|MLS23S|MEG_3977|MLS23S-3977_T_1229_C,1,1,0,0,0,2,6,2,0,0
MEG_3977|Drugs|MLS|Macrolide-resistant_23S_rRNA_mutation|MLS23S|MEG_3977|MLS23S-3977_A_1230_T,6,2,3,1,9,1,4,2,0,2
MEG_3977|Drugs|MLS|Macrolide-resistant_23S_rRNA_mutation|MLS23S|MEG_3977|MLS23S-3977_C_1357_T,1,1,0,3,0,12,2,6,2,2
MEG_3977|Drugs|MLS|Macrolide-resistant_23S_rRNA_mutation|MLS23S|MEG_3977|MLS23S-3977_A_1387_G,15,8,14,3,31,3,19,11,18,6
MEG_3977|Drugs|MLS|Macrolide-resistant_23S_rRNA_mutation|MLS23S|MEG_3977|MLS23S-3977_T_1400_C,15,7,12,3,27,3,19,10,17,7
MEG_3977|Drugs|MLS|Macrolide-resistant_23S_rRNA_mutation|MLS23S|MEG_3977|MLS23S-3977_T_1402_C,0,2,0,0,4,2,0,2,0,0
MEG_3977|Drugs|MLS|Macrolide-resistant_23S_rRNA_mutation|MLS23S|MEG_3977|MLS23S-3977_G_1445_A,0,0,6,2,0,0,6,1,0,0
MEG_3977|Drugs|MLS|Macrolide-resistant_23S_rRNA_mutation|MLS23S|MEG_3977|MLS23S-3977_T_1474_C,1,0,0,0,4,0,0,0,1,2
MEG_3977|Drugs|MLS|Macrolide-resistant_23S_rRNA_mutation|MLS23S|MEG_3977|MLS23S-3977_A_1490_G,10,0,5,18,3,33,10,13,3,1
MEG_3977|Drugs|MLS|Macrolide-resistant_23S_rRNA_mutation|MLS23S|MEG_3977|MLS23S-3977_G_1491_T,5,0,4,15,2,19,5,3,2,0
MEG_3977|Drugs|MLS|Macrolide-resistant_23S_rRNA_mutation|MLS23S|MEG_3977|MLS23S-3977_T_1506_C,0,0,6,0,0,1,6,0,0,0
MEG_3977|Drugs|MLS|Macrolide-resistant_23S_rRNA_mutation|MLS23S|MEG_3977|MLS23S-3977_C_1507_T,0,0,6,0,0,1,6,0,0,0
MEG_3977|Drugs|MLS|Macrolide-resistant_23S_rRNA_mutation|MLS23S|MEG_3977|MLS23S-3977_A_1566_G,7,2,5,12,0,29,16,7,2,1
MEG_3977|Drugs|MLS|Macrolide-resistant_23S_rRNA_mutation|MLS23S|MEG_3977|MLS23S-3977_G_1567_T,5,2,4,6,1,19,15,5,1,1
MEG_3977|Drugs|MLS|Macrolide-resistant_23S_rRNA_mutation|MLS23S|MEG_3977|MLS23S-3977_G_1568_T,1,0,0,3,0,2,0,1,0,1
MEG_3977|Drugs|MLS|Macrolide-resistant_23S_rRNA_mutation|MLS23S|MEG_3977|MLS23S-3977_A_1569_G,1,0,0,3,1,3,4,2,0,1
MEG_3977|Drugs|MLS|Macrolide-resistant_23S_rRNA_mutation|MLS23S|MEG_3977|MLS23S-3977_C_1574_T,11,1,7,0,10,3,4,5,8,5
MEG_3977|Drugs|MLS|Macrolide-resistant_23S_rRNA_mutation|MLS23S|MEG_3977|MLS23S-3977_T_1712_C,11,1,2,0,17,1,6,3,2,3
MEG_3977|Drugs|MLS|Macrolide-resistant_23S_rRNA_mutation|MLS23S|MEG_3977|MLS23S-3977_T_1714_C,11,1,2,0,15,1,6,3,2,3
MEG_3977|Drugs|MLS|Macrolide-resistant_23S_rRNA_mutation|MLS23S|MEG_3977|MLS23S-3977_C_1725_T,3,0,4,1,3,1,2,4,1,2
MEG_3977|Drugs|MLS|Macrolide-resistant_23S_rRNA_mutation|MLS23S|MEG_3977|MLS23S-3977_A_1746_G,3,0,1,1,3,0,2,1,2,1
MEG_3977|Drugs|MLS|Macrolide-resistant_23S_rRNA_mutation|MLS23S|MEG_3977|MLS23S-3977_T_1865_C,85,22,53,85,86,64,93,62,24,26
MEG_3977|Drugs|MLS|Macrolide-resistant_23S_rRNA_mutation|MLS23S|MEG_3977|MLS23S-3977_C_1870_A,0,0,5,0,1,0,3,1,1,0
MEG_3977|Drugs|MLS|Macrolide-resistant_23S_rRNA_mutation|MLS23S|MEG_3977|MLS23S-3977_A_1872_C,0,0,5,1,1,0,3,3,1,0
MEG_3977|Drugs|MLS|Macrolide-resistant_23S_rRNA_mutation|MLS23S|MEG_3977|MLS23S-3977_T_1882_C,29,4,14,3,48,7,19,18,11,8
MEG_3977|Drugs|MLS|Macrolide-resistant_23S_rRNA_mutation|MLS23S|MEG_3977|MLS23S-3977_G_1906_T,0,0,0,0,0,1,8,1,0,1
MEG_3977|Drugs|MLS|Macrolide-resistant_23S_rRNA_mutation|MLS23S|MEG_3977|MLS23S-3977_G_1907_A,0,0,0,0,0,1,8,1,0,1
MEG_3977|Drugs|MLS|Macrolide-resistant_23S_rRNA_mutation|MLS23S|MEG_3977|MLS23S-3977_C_1974_T,0,0,1,3,2,3,1,0,1,0
MEG_3977|Drugs|MLS|Macrolide-resistant_23S_rRNA_mutation|MLS23S|MEG_3977|MLS23S-3977_C_1986_A,0,1,3,1,2,2,2,1,0,1
MEG_3977|Drugs|MLS|Macrolide-resistant_23S_rRNA_mutation|MLS23S|MEG_3977|MLS23S-3977_A_1987_G,13,5,8,19,4,37,29,16,5,8
MEG_3977|Drugs|MLS|Macrolide-resistant_23S_rRNA_mutation|MLS23S|MEG_3977|MLS23S-3977_G_1988_A,0,2,2,1,2,2,1,1,0,1
MEG_3977|Drugs|MLS|Macrolide-resistant_23S_rRNA_mutation|MLS23S|MEG_3977|MLS23S-3977_C_2104_T,3,1,0,5,0,2,1,2,0,0
MEG_3977|Drugs|MLS|Macrolide-resistant_23S_rRNA_mutation|MLS23S|MEG_3977|MLS23S-3977_T_2132_A,4,0,0,0,0,2,5,6,1,2
MEG_3977|Drugs|MLS|Macrolide-resistant_23S_rRNA_mutation|MLS23S|MEG_3977|MLS23S-3977_T_2137_C,20,1,5,2,29,2,10,14,15,4
MEG_3977|Drugs|MLS|Macrolide-resistant_23S_rRNA_mutation|MLS23S|MEG_3977|MLS23S-3977_A_2163_G,21,4,18,6,26,16,29,13,13,4
MEG_3977|Drugs|MLS|Macrolide-resistant_23S_rRNA_mutation|MLS23S|MEG_3977|MLS23S-3977_T_2203_G,16,4,11,3,20,5,9,17,11,1
MEG_3977|Drugs|MLS|Macrolide-resistant_23S_rRNA_mutation|MLS23S|MEG_3977|MLS23S-3977_G_2209_C,0,2,4,1,0,0,10,2,1,1
MEG_3977|Drugs|MLS|Macrolide-resistant_23S_rRNA_mutation|MLS23S|MEG_3977|MLS23S-3977_A_2211_G,14,5,19,4,30,13,31,19,11,5
MEG_3977|Drugs|MLS|Macrolide-resistant_23S_rRNA_mutation|MLS23S|MEG_3977|MLS23S-3977_C_2215_G,0,2,3,1,0,0,11,1,1,1
MEG_3977|Drugs|MLS|Macrolide-resistant_23S_rRNA_mutation|MLS23S|MEG_3977|MLS23S-3977_C_2248_T,1,3,2,2,4,0,8,4,2,0
MEG_3977|Drugs|MLS|Macrolide-resistant_23S_rRNA_mutation|MLS23S|MEG_3977|MLS23S-3977_G_2251_A,1,0,0,0,0,3,7,4,3,1
MEG_3977|Drugs|MLS|Macrolide-resistant_23S_rRNA_mutation|MLS23S|MEG_3977|MLS23S-3977_T_2302_C,2,2,0,4,4,12,8,12,2,5
MEG_3977|Drugs|MLS|Macrolide-resistant_23S_rRNA_mutation|MLS23S|MEG_3977|MLS23S-3977_G_2523_C,1,2,0,0,0,3,8,5,0,1
MEG_3977|Drugs|MLS|Macrolide-resistant_23S_rRNA_mutation|MLS23S|MEG_3977|MLS23S-3977_G_2525_A,3,0,1,0,0,0,8,1,1,1
MEG_3977|Drugs|MLS|Macrolide-resistant_23S_rRNA_mutation|MLS23S|MEG_3977|MLS23S-3977_G_2543_A,3,1,1,0,1,0,7,2,1,1
MEG_3977|Drugs|MLS|Macrolide-resistant_23S_rRNA_mutation|MLS23S|MEG_3977|MLS23S-3977_C_2636_T,0,0,2,0,1,2,3,0,1,1
MEG_3977|Drugs|MLS|Macrolide-resistant_23S_rRNA_mutation|MLS23S|MEG_3977|MLS23S-3977_G_2644_T,0,1,3,1,0,1,1,4,0,0
MEG_3977|Drugs|MLS|Macrolide-resistant_23S_rRNA_mutation|MLS23S|MEG_3977|MLS23S-3977_G_2648_C,0,1,3,1,0,1,1,4,0,0
MEG_3977|Drugs|MLS|Macrolide-resistant_23S_rRNA_mutation|MLS23S|MEG_3977|MLS23S-3977_G_2802_A,40,19,45,32,16,51,130,59,32,27
MEG_3978|Drugs|MLS|Macrolide-resistant_23S_rRNA_mutation|MLS23S|MEG_3978|MLS23S-3978_T_986_C,0,1,0,1,0,2,1,1,1,0
MEG_3978|Drugs|MLS|Macrolide-resistant_23S_rRNA_mutation|MLS23S|MEG_3978|MLS23S-3978_T_989_C,0,1,0,0,2,0,1,0,0,0
MEG_3980|Drugs|MLS|Macrolide-resistant_23S_rRNA_mutation|MLS23S|MEG_3980|MLS23S-3980_T_2675_A,1,0,0,1,0,1,0,1,3,3
MEG_3980|Drugs|MLS|Macrolide-resistant_23S_rRNA_mutation|MLS23S|MEG_3980|MLS23S-3980_C_2677_T,1,0,0,1,0,1,0,1,3,3
MEG_3980|Drugs|MLS|Macrolide-resistant_23S_rRNA_mutation|MLS23S|MEG_3980|MLS23S-3980_G_2761_C,1,1,1,0,1,1,0,0,5,2
MEG_3980|Drugs|MLS|Macrolide-resistant_23S_rRNA_mutation|MLS23S|MEG_3980|MLS23S-3980_C_2773_G,1,1,1,0,1,0,0,0,4,2
MEG_3980|Drugs|MLS|Macrolide-resistant_23S_rRNA_mutation|MLS23S|MEG_3980|MLS23S-3980_T_2799_C,1,1,0,0,1,1,0,0,2,3
MEG_3982|Drugs|MLS|Macrolide-resistant_23S_rRNA_mutation|MLS23S|MEG_3982|MLS23S-3982_T_2674_A,1,0,1,1,0,2,0,0,6,2
MEG_3982|Drugs|MLS|Macrolide-resistant_23S_rRNA_mutation|MLS23S|MEG_3982|MLS23S-3982_C_2676_T,1,0,1,1,0,2,0,0,6,2
MEG_3982|Drugs|MLS|Macrolide-resistant_23S_rRNA_mutation|MLS23S|MEG_3982|MLS23S-3982_G_2760_C,2,0,0,1,0,1,0,0,5,0
MEG_3982|Drugs|MLS|Macrolide-resistant_23S_rRNA_mutation|MLS23S|MEG_3982|MLS23S-3982_C_2772_G,2,0,0,1,0,1,0,0,4,0
MEG_3984|Drugs|MLS|Macrolide-resistant_23S_rRNA_mutation|MLS23S|MEG_3984|MLS23S-3984_A_2117_G,1,0,0,0,0,0,2,0,1,0
MEG_3984|Drugs|MLS|Macrolide-resistant_23S_rRNA_mutation|MLS23S|MEG_3984|MLS23S-3984_A_2209_C,1,0,0,0,1,4,1,1,1,3
MEG_3984|Drugs|MLS|Macrolide-resistant_23S_rRNA_mutation|MLS23S|MEG_3984|MLS23S-3984_T_2682_A,1,0,1,0,3,4,0,1,8,4
MEG_3984|Drugs|MLS|Macrolide-resistant_23S_rRNA_mutation|MLS23S|MEG_3984|MLS23S-3984_C_2684_T,1,0,1,0,3,4,0,1,8,4
MEG_3984|Drugs|MLS|Macrolide-resistant_23S_rRNA_mutation|MLS23S|MEG_3984|MLS23S-3984_G_2768_C,1,0,0,1,1,0,0,1,3,0
MEG_3984|Drugs|MLS|Macrolide-resistant_23S_rRNA_mutation|MLS23S|MEG_3984|MLS23S-3984_C_2780_G,1,0,0,1,0,0,0,1,3,0
MEG_3985|Drugs|MLS|Macrolide-resistant_23S_rRNA_mutation|MLS23S|MEG_3985|MLS23S-3985_A_2196_C,0,0,0,0,2,2,2,0,4,1
MEG_3985|Drugs|MLS|Macrolide-resistant_23S_rRNA_mutation|MLS23S|MEG_3985|MLS23S-3985_A_2205_G,0,0,0,0,1,1,1,0,1,0
MEG_3985|Drugs|MLS|Macrolide-resistant_23S_rRNA_mutation|MLS23S|MEG_3985|MLS23S-3985_T_2669_A,1,1,0,1,4,5,3,0,5,1
MEG_3985|Drugs|MLS|Macrolide-resistant_23S_rRNA_mutation|MLS23S|MEG_3985|MLS23S-3985_C_2671_T,1,1,0,1,4,5,3,0,5,2
MEG_3985|Drugs|MLS|Macrolide-resistant_23S_rRNA_mutation|MLS23S|MEG_3985|MLS23S-3985_G_2755_C,1,0,0,1,1,2,0,0,3,1
MEG_3985|Drugs|MLS|Macrolide-resistant_23S_rRNA_mutation|MLS23S|MEG_3985|MLS23S-3985_C_2767_G,1,0,0,1,1,1,0,0,2,1
MEG_3988|Drugs|MLS|Macrolide-resistant_23S_rRNA_mutation|MLS23S|MEG_3988|MLS23S-3988_C_26_T,1,28,2,1,3,1,3,1,1,6
MEG_3988|Drugs|MLS|Macrolide-resistant_23S_rRNA_mutation|MLS23S|MEG_3988|MLS23S-3988_C_238_T,1,15,0,2,0,0,1,2,0,5
MEG_3988|Drugs|MLS|Macrolide-resistant_23S_rRNA_mutation|MLS23S|MEG_3988|MLS23S-3988_A_301_C,3,61,12,5,0,3,6,5,2,13
MEG_3988|Drugs|MLS|Macrolide-resistant_23S_rRNA_mutation|MLS23S|MEG_3988|MLS23S-3988_C_309_T,0,5,1,0,0,0,0,0,0,0
MEG_3988|Drugs|MLS|Macrolide-resistant_23S_rRNA_mutation|MLS23S|MEG_3988|MLS23S-3988_G_399_A,0,27,4,1,1,0,2,3,0,7
MEG_3988|Drugs|MLS|Macrolide-resistant_23S_rRNA_mutation|MLS23S|MEG_3988|MLS23S-3988_C_700_T,0,36,3,0,3,1,6,3,1,10
MEG_3988|Drugs|MLS|Macrolide-resistant_23S_rRNA_mutation|MLS23S|MEG_3988|MLS23S-3988_G_1034_A,1,26,2,1,0,2,4,2,0,6
MEG_3988|Drugs|MLS|Macrolide-resistant_23S_rRNA_mutation|MLS23S|MEG_3988|MLS23S-3988_G_1313_A,0,47,3,7,0,1,5,6,0,1
MEG_3988|Drugs|MLS|Macrolide-resistant_23S_rRNA_mutation|MLS23S|MEG_3988|MLS23S-3988_G_1376_A,0,40,6,9,3,1,9,4,0,2
MEG_3988|Drugs|MLS|Macrolide-resistant_23S_rRNA_mutation|MLS23S|MEG_3988|MLS23S-3988_A_1401_G,0,24,2,0,0,1,7,2,0,5
MEG_3988|Drugs|MLS|Macrolide-resistant_23S_rRNA_mutation|MLS23S|MEG_3988|MLS23S-3988_G_1444_A,0,37,4,4,0,4,5,2,2,8
MEG_3988|Drugs|MLS|Macrolide-resistant_23S_rRNA_mutation|MLS23S|MEG_3988|MLS23S-3988_A_1454_T,0,34,7,4,4,3,6,4,1,10
MEG_3988|Drugs|MLS|Macrolide-resistant_23S_rRNA_mutation|MLS23S|MEG_3988|MLS23S-3988_A_1516_G,1,41,2,4,1,2,5,5,2,10
MEG_3988|Drugs|MLS|Macrolide-resistant_23S_rRNA_mutation|MLS23S|MEG_3988|MLS23S-3988_C_1528_T,0,35,4,4,3,2,3,2,1,8
MEG_3988|Drugs|MLS|Macrolide-resistant_23S_rRNA_mutation|MLS23S|MEG_3988|MLS23S-3988_G_1546_A,0,40,4,4,2,1,8,5,1,6
MEG_3988|Drugs|MLS|Macrolide-resistant_23S_rRNA_mutation|MLS23S|MEG_3988|MLS23S-3988_T_1575_C,1,17,1,3,0,0,2,4,1,9
MEG_3988|Drugs|MLS|Macrolide-resistant_23S_rRNA_mutation|MLS23S|MEG_3988|MLS23S-3988_G_1604_A,1,43,1,1,1,2,4,6,2,7
MEG_3988|Drugs|MLS|Macrolide-resistant_23S_rRNA_mutation|MLS23S|MEG_3988|MLS23S-3988_T_1765_A,1,29,5,4,1,1,3,3,0,12
MEG_3988|Drugs|MLS|Macrolide-resistant_23S_rRNA_mutation|MLS23S|MEG_3988|MLS23S-3988_A_1766_G,1,29,5,3,1,1,3,2,0,12
MEG_3988|Drugs|MLS|Macrolide-resistant_23S_rRNA_mutation|MLS23S|MEG_3988|MLS23S-3988_A_1825_G,1,41,6,5,1,0,3,3,0,9
MEG_3988|Drugs|MLS|Macrolide-resistant_23S_rRNA_mutation|MLS23S|MEG_3988|MLS23S-3988_C_1874_T,2,32,4,5,1,0,5,3,1,8
MEG_3988|Drugs|MLS|Macrolide-resistant_23S_rRNA_mutation|MLS23S|MEG_3988|MLS23S-3988_G_1952_A,1,0,1,2,1,4,1,11,1,1
MEG_3988|Drugs|MLS|Macrolide-resistant_23S_rRNA_mutation|MLS23S|MEG_3988|MLS23S-3988_C_1962_T,0,0,0,2,0,4,1,10,1,1
MEG_3988|Drugs|MLS|Macrolide-resistant_23S_rRNA_mutation|MLS23S|MEG_3988|MLS23S-3988_C_1978_T,0,0,0,2,1,4,2,2,3,8
MEG_3988|Drugs|MLS|Macrolide-resistant_23S_rRNA_mutation|MLS23S|MEG_3988|MLS23S-3988_C_1983_T,0,0,2,1,4,1,0,0,1,0
MEG_3988|Drugs|MLS|Macrolide-resistant_23S_rRNA_mutation|MLS23S|MEG_3988|MLS23S-3988_T_1986_C,0,0,0,1,1,3,2,1,2,6
MEG_3988|Drugs|MLS|Macrolide-resistant_23S_rRNA_mutation|MLS23S|MEG_3988|MLS23S-3988_T_1987_C,0,0,11,1,3,0,0,1,1,0
MEG_3988|Drugs|MLS|Macrolide-resistant_23S_rRNA_mutation|MLS23S|MEG_3988|MLS23S-3988_G_1990_A,0,0,2,1,4,1,0,0,1,0
MEG_3988|Drugs|MLS|Macrolide-resistant_23S_rRNA_mutation|MLS23S|MEG_3988|MLS23S-3988_C_2077_T,0,35,4,3,3,0,1,1,1,4
MEG_3988|Drugs|MLS|Macrolide-resistant_23S_rRNA_mutation|MLS23S|MEG_3988|MLS23S-3988_C_2101_T,0,63,16,7,3,1,5,11,1,22
MEG_3988|Drugs|MLS|Macrolide-resistant_23S_rRNA_mutation|MLS23S|MEG_3988|MLS23S-3988_T_2241_C,1,77,14,15,7,3,11,7,1,12
MEG_3988|Drugs|MLS|Macrolide-resistant_23S_rRNA_mutation|MLS23S|MEG_3988|MLS23S-3988_C_2253_T,0,31,7,4,0,0,4,3,0,5
MEG_3988|Drugs|MLS|Macrolide-resistant_23S_rRNA_mutation|MLS23S|MEG_3988|MLS23S-3988_G_2342_A,0,38,2,0,1,2,4,2,2,8
MEG_3988|Drugs|MLS|Macrolide-resistant_23S_rRNA_mutation|MLS23S|MEG_3988|MLS23S-3988_G_2412_A,0,0,8,0,2,0,0,1,0,0
MEG_3988|Drugs|MLS|Macrolide-resistant_23S_rRNA_mutation|MLS23S|MEG_3988|MLS23S-3988_C_2442_T,5,1,0,1,0,3,1,0,0,0
MEG_3988|Drugs|MLS|Macrolide-resistant_23S_rRNA_mutation|MLS23S|MEG_3988|MLS23S-3988_T_2463_G,5,1,0,1,0,4,1,2,0,0
MEG_3988|Drugs|MLS|Macrolide-resistant_23S_rRNA_mutation|MLS23S|MEG_3988|MLS23S-3988_C_2472_A,0,2,0,1,0,0,2,0,0,1
MEG_3988|Drugs|MLS|Macrolide-resistant_23S_rRNA_mutation|MLS23S|MEG_3988|MLS23S-3988_A_2521_G,0,0,5,1,0,1,2,4,2,0
MEG_3988|Drugs|MLS|Macrolide-resistant_23S_rRNA_mutation|MLS23S|MEG_3988|MLS23S-3988_T_2535_A,0,0,0,0,1,3,1,0,2,0
MEG_3988|Drugs|MLS|Macrolide-resistant_23S_rRNA_mutation|MLS23S|MEG_3988|MLS23S-3988_A_2539_C,0,0,3,0,0,0,1,1,1,0
MEG_3988|Drugs|MLS|Macrolide-resistant_23S_rRNA_mutation|MLS23S|MEG_3988|MLS23S-3988_T_2573_C,0,2,3,0,2,1,1,2,1,2
MEG_3988|Drugs|MLS|Macrolide-resistant_23S_rRNA_mutation|MLS23S|MEG_3988|MLS23S-3988_G_2626_A,1,19,0,1,1,0,1,2,0,4
MEG_3988|Drugs|MLS|Macrolide-resistant_23S_rRNA_mutation|MLS23S|MEG_3988|MLS23S-3988_A_2628_G,0,0,2,0,0,0,2,1,2,1
MEG_3988|Drugs|MLS|Macrolide-resistant_23S_rRNA_mutation|MLS23S|MEG_3988|MLS23S-3988_A_2647_G,0,0,2,0,0,0,2,1,2,1
MEG_3988|Drugs|MLS|Macrolide-resistant_23S_rRNA_mutation|MLS23S|MEG_3988|MLS23S-3988_C_2704_T,5,102,13,7,3,3,11,9,4,14
MEG_3988|Drugs|MLS|Macrolide-resistant_23S_rRNA_mutation|MLS23S|MEG_3988|MLS23S-3988_C_2811_T,1,32,2,2,0,3,6,4,1,9
MEG_3988|Drugs|MLS|Macrolide-resistant_23S_rRNA_mutation|MLS23S|MEG_3988|MLS23S-3988_C_2855_T,0,9,3,1,1,0,1,3,1,5
MEG_3990|Drugs|MLS|Macrolide-resistant_23S_rRNA_mutation|MLS23S|MEG_3990|MLS23S-3990_T_2231_C,2,0,0,0,1,4,0,1,5,3
MEG_3990|Drugs|MLS|Macrolide-resistant_23S_rRNA_mutation|MLS23S|MEG_3990|MLS23S-3990_G_2233_C,2,0,0,0,1,4,0,1,4,3
MEG_3990|Drugs|MLS|Macrolide-resistant_23S_rRNA_mutation|MLS23S|MEG_3990|MLS23S-3990_T_2706_A,1,0,0,0,0,2,0,0,4,2
MEG_3990|Drugs|MLS|Macrolide-resistant_23S_rRNA_mutation|MLS23S|MEG_3990|MLS23S-3990_C_2708_T,1,0,0,0,0,2,0,0,4,2
MEG_3991|Drugs|MLS|Macrolide-resistant_23S_rRNA_mutation|MLS23S|MEG_3991|MLS23S-3991_G_917_A,1,1,0,2,2,4,2,0,1,4
MEG_3991|Drugs|MLS|Macrolide-resistant_23S_rRNA_mutation|MLS23S|MEG_3991|MLS23S-3991_C_978_T,2,9,0,3,4,6,3,2,2,4
MEG_3991|Drugs|MLS|Macrolide-resistant_23S_rRNA_mutation|MLS23S|MEG_3991|MLS23S-3991_T_997_C,0,7,0,0,1,0,0,2,0,0
MEG_3991|Drugs|MLS|Macrolide-resistant_23S_rRNA_mutation|MLS23S|MEG_3991|MLS23S-3991_T_1000_C,2,1,0,2,2,1,1,0,1,2
MEG_3992|Drugs|MLS|Macrolide-resistant_23S_rRNA_mutation|MLS23S|MEG_3992|MLS23S-3992_C_488_G,0,0,2,5,0,4,3,5,3,0
MEG_3992|Drugs|MLS|Macrolide-resistant_23S_rRNA_mutation|MLS23S|MEG_3992|MLS23S-3992_C_515_A,0,0,2,5,0,4,3,5,3,0
MEG_3992|Drugs|MLS|Macrolide-resistant_23S_rRNA_mutation|MLS23S|MEG_3992|MLS23S-3992_G_523_A,0,3,0,14,1,1,2,5,4,3
MEG_3992|Drugs|MLS|Macrolide-resistant_23S_rRNA_mutation|MLS23S|MEG_3992|MLS23S-3992_A_539_T,0,1,15,1,2,0,0,3,2,1
MEG_3992|Drugs|MLS|Macrolide-resistant_23S_rRNA_mutation|MLS23S|MEG_3992|MLS23S-3992_A_540_T,0,4,15,13,3,1,2,7,5,4
MEG_3992|Drugs|MLS|Macrolide-resistant_23S_rRNA_mutation|MLS23S|MEG_3992|MLS23S-3992_G_550_A,0,1,6,1,1,0,0,2,1,1
MEG_3992|Drugs|MLS|Macrolide-resistant_23S_rRNA_mutation|MLS23S|MEG_3992|MLS23S-3992_T_799_G,0,0,0,2,0,0,0,0,0,2
MEG_3992|Drugs|MLS|Macrolide-resistant_23S_rRNA_mutation|MLS23S|MEG_3992|MLS23S-3992_C_991_A,1,1,0,2,0,0,0,3,1,1
MEG_3992|Drugs|MLS|Macrolide-resistant_23S_rRNA_mutation|MLS23S|MEG_3992|MLS23S-3992_A_1048_T,1,1,0,4,1,1,1,4,1,3
MEG_3992|Drugs|MLS|Macrolide-resistant_23S_rRNA_mutation|MLS23S|MEG_3992|MLS23S-3992_T_1049_A,1,1,0,4,1,1,1,4,1,3
MEG_3992|Drugs|MLS|Macrolide-resistant_23S_rRNA_mutation|MLS23S|MEG_3992|MLS23S-3992_A_1096_G,0,0,0,0,0,1,1,2,0,0
MEG_3992|Drugs|MLS|Macrolide-resistant_23S_rRNA_mutation|MLS23S|MEG_3992|MLS23S-3992_A_1330_T,0,1,0,6,0,0,1,2,0,4
MEG_3992|Drugs|MLS|Macrolide-resistant_23S_rRNA_mutation|MLS23S|MEG_3992|MLS23S-3992_A_1344_T,0,1,0,6,0,0,1,2,0,4
MEG_3992|Drugs|MLS|Macrolide-resistant_23S_rRNA_mutation|MLS23S|MEG_3992|MLS23S-3992_T_1364_A,0,1,0,3,0,0,0,1,0,3
MEG_3992|Drugs|MLS|Macrolide-resistant_23S_rRNA_mutation|MLS23S|MEG_3992|MLS23S-3992_A_1747_C,0,0,0,5,0,0,1,2,0,0
MEG_3992|Drugs|MLS|Macrolide-resistant_23S_rRNA_mutation|MLS23S|MEG_3992|MLS23S-3992_A_1884_C,0,2,0,0,0,1,1,2,1,0
MEG_3992|Drugs|MLS|Macrolide-resistant_23S_rRNA_mutation|MLS23S|MEG_3992|MLS23S-3992_G_1891_T,0,1,0,2,7,1,0,0,0,1
MEG_3992|Drugs|MLS|Macrolide-resistant_23S_rRNA_mutation|MLS23S|MEG_3992|MLS23S-3992_A_1899_G,0,2,0,0,0,1,0,0,0,2
MEG_3992|Drugs|MLS|Macrolide-resistant_23S_rRNA_mutation|MLS23S|MEG_3992|MLS23S-3992_A_1902_G,0,3,2,0,0,2,0,3,1,0
MEG_3992|Drugs|MLS|Macrolide-resistant_23S_rRNA_mutation|MLS23S|MEG_3992|MLS23S-3992_G_1951_A,0,1,1,0,1,0,0,1,0,0
MEG_3992|Drugs|MLS|Macrolide-resistant_23S_rRNA_mutation|MLS23S|MEG_3992|MLS23S-3992_C_1966_T,0,2,1,0,0,3,1,1,1,1
MEG_3992|Drugs|MLS|Macrolide-resistant_23S_rRNA_mutation|MLS23S|MEG_3992|MLS23S-3992_C_1977_T,0,1,0,0,1,0,0,1,3,2
MEG_3992|Drugs|MLS|Macrolide-resistant_23S_rRNA_mutation|MLS23S|MEG_3992|MLS23S-3992_T_1982_C,8,11,73,57,10,4,20,38,22,25
MEG_3992|Drugs|MLS|Macrolide-resistant_23S_rRNA_mutation|MLS23S|MEG_3992|MLS23S-3992_T_1986_C,3,5,60,4,4,1,14,9,13,7
MEG_3992|Drugs|MLS|Macrolide-resistant_23S_rRNA_mutation|MLS23S|MEG_3992|MLS23S-3992_G_1989_A,0,1,0,2,15,0,1,1,2,2
MEG_3992|Drugs|MLS|Macrolide-resistant_23S_rRNA_mutation|MLS23S|MEG_3992|MLS23S-3992_C_2084_T,4,2,4,30,9,3,6,23,14,10
MEG_3992|Drugs|MLS|Macrolide-resistant_23S_rRNA_mutation|MLS23S|MEG_3992|MLS23S-3992_C_2102_T,4,2,3,21,8,3,4,17,9,4
MEG_3992|Drugs|MLS|Macrolide-resistant_23S_rRNA_mutation|MLS23S|MEG_3992|MLS23S-3992_T_2236_A,0,1,0,14,2,0,1,5,1,2
MEG_3992|Drugs|MLS|Macrolide-resistant_23S_rRNA_mutation|MLS23S|MEG_3992|MLS23S-3992_C_2239_T,0,1,0,14,2,0,2,5,1,2
MEG_3992|Drugs|MLS|Macrolide-resistant_23S_rRNA_mutation|MLS23S|MEG_3992|MLS23S-3992_T_2268_C,1,1,12,0,2,0,2,0,1,2
MEG_3992|Drugs|MLS|Macrolide-resistant_23S_rRNA_mutation|MLS23S|MEG_3992|MLS23S-3992_C_2297_G,1,1,12,0,2,0,2,0,1,2
MEG_3992|Drugs|MLS|Macrolide-resistant_23S_rRNA_mutation|MLS23S|MEG_3992|MLS23S-3992_C_2322_A,0,0,1,4,0,0,1,2,0,1
MEG_3992|Drugs|MLS|Macrolide-resistant_23S_rRNA_mutation|MLS23S|MEG_3992|MLS23S-3992_G_2358_C,0,1,1,7,2,1,1,1,0,1
MEG_3992|Drugs|MLS|Macrolide-resistant_23S_rRNA_mutation|MLS23S|MEG_3992|MLS23S-3992_C_2365_G,0,2,5,10,2,1,2,5,3,3
MEG_3992|Drugs|MLS|Macrolide-resistant_23S_rRNA_mutation|MLS23S|MEG_3992|MLS23S-3992_T_2409_C,5,9,127,32,18,9,26,23,26,29
MEG_3992|Drugs|MLS|Macrolide-resistant_23S_rRNA_mutation|MLS23S|MEG_3992|MLS23S-3992_T_2477_C,4,7,127,39,17,8,27,32,26,25
MEG_3992|Drugs|MLS|Macrolide-resistant_23S_rRNA_mutation|MLS23S|MEG_3992|MLS23S-3992_G_2516_A,4,1,77,1,6,4,12,12,14,10
MEG_3992|Drugs|MLS|Macrolide-resistant_23S_rRNA_mutation|MLS23S|MEG_3992|MLS23S-3992_T_2533_A,4,3,5,8,0,17,6,14,7,3
MEG_3992|Drugs|MLS|Macrolide-resistant_23S_rRNA_mutation|MLS23S|MEG_3992|MLS23S-3992_C_2537_A,4,3,6,8,1,17,6,16,7,3
MEG_3992|Drugs|MLS|Macrolide-resistant_23S_rRNA_mutation|MLS23S|MEG_3992|MLS23S-3992_C_2571_T,1,1,0,1,2,0,1,0,0,1
MEG_3992|Drugs|MLS|Macrolide-resistant_23S_rRNA_mutation|MLS23S|MEG_3992|MLS23S-3992_C_2574_T,6,1,57,3,4,1,13,6,13,5
MEG_3992|Drugs|MLS|Macrolide-resistant_23S_rRNA_mutation|MLS23S|MEG_3992|MLS23S-3992_C_2614_T,1,1,0,1,2,0,1,0,0,1
MEG_3992|Drugs|MLS|Macrolide-resistant_23S_rRNA_mutation|MLS23S|MEG_3992|MLS23S-3992_A_2632_T,2,2,1,11,1,0,2,5,1,0
MEG_3992|Drugs|MLS|Macrolide-resistant_23S_rRNA_mutation|MLS23S|MEG_3992|MLS23S-3992_T_2648_C,0,0,4,0,1,0,0,0,0,1
MEG_3992|Drugs|MLS|Macrolide-resistant_23S_rRNA_mutation|MLS23S|MEG_3992|MLS23S-3992_A_2769_G,1,0,0,1,0,0,0,1,1,0
MEG_3993|Drugs|MLS|Macrolide-resistant_23S_rRNA_mutation|MLS23S|MEG_3993|MLS23S-3993_A_2103_G,1,0,0,0,0,0,0,0,1,2
MEG_3993|Drugs|MLS|Macrolide-resistant_23S_rRNA_mutation|MLS23S|MEG_3993|MLS23S-3993_T_2669_A,3,0,0,1,3,1,2,1,6,5
MEG_3993|Drugs|MLS|Macrolide-resistant_23S_rRNA_mutation|MLS23S|MEG_3993|MLS23S-3993_C_2671_T,3,0,0,1,3,1,2,1,7,5
MEG_3993|Drugs|MLS|Macrolide-resistant_23S_rRNA_mutation|MLS23S|MEG_3993|MLS23S-3993_G_2755_C,0,1,0,0,0,0,1,0,1,1
MEG_3993|Drugs|MLS|Macrolide-resistant_23S_rRNA_mutation|MLS23S|MEG_3993|MLS23S-3993_C_2767_G,0,1,0,0,0,0,1,0,1,1
MEG_4000|Metals|Multi-metal_resistance|Multi-metal_resistance_protein|MNTR|MEG_4000|MNTR-4000_C_169_A,1,0,0,5,2,0,0,0,0,0
MEG_4000|Metals|Multi-metal_resistance|Multi-metal_resistance_protein|MNTR|MEG_4000|MNTR-4000_G_391_A,0,0,0,5,0,0,0,0,0,0
MEG_4000|Metals|Multi-metal_resistance|Multi-metal_resistance_protein|MNTR|MEG_4000|MNTR-4000_A_421_T,0,0,0,5,0,0,0,0,0,0
MEG_4003|Metals|Multi-metal_resistance|Multi-metal_ABC_efflux_pumps|MODA|MEG_4003|MODA-4003_A_209_T,1,0,0,0,3,0,0,0,0,0
MEG_4003|Metals|Multi-metal_resistance|Multi-metal_ABC_efflux_pumps|MODA|MEG_4003|MODA-4003_C_242_G,1,0,0,0,3,0,0,0,0,0
MEG_4003|Metals|Multi-metal_resistance|Multi-metal_ABC_efflux_pumps|MODA|MEG_4003|MODA-4003_A_307_T,1,0,0,0,4,0,0,0,0,0
MEG_4003|Metals|Multi-metal_resistance|Multi-metal_ABC_efflux_pumps|MODA|MEG_4003|MODA-4003_A_313_G,1,0,0,0,3,0,0,0,0,0
MEG_4004|Metals|Multi-metal_resistance|Multi-metal_ABC_efflux_pumps|MODB|MEG_4004|MODB-4004_C_128_A,0,0,0,0,0,1,2,1,0,0
MEG_4004|Metals|Multi-metal_resistance|Multi-metal_ABC_efflux_pumps|MODB|MEG_4004|MODB-4004_G_190_A,0,0,0,0,0,1,1,1,0,1
MEG_4004|Metals|Multi-metal_resistance|Multi-metal_ABC_efflux_pumps|MODB|MEG_4004|MODB-4004_T_532_A,0,0,0,0,0,0,2,1,0,1
MEG_4005|Metals|Multi-metal_resistance|Multi-metal_ABC_efflux_pumps|MODB|MEG_4005|MODB-4005_C_42_T,1,0,0,2,1,0,0,0,0,0
MEG_4005|Metals|Multi-metal_resistance|Multi-metal_ABC_efflux_pumps|MODB|MEG_4005|MODB-4005_C_134_T,0,0,0,0,0,1,1,2,0,1
MEG_4005|Metals|Multi-metal_resistance|Multi-metal_ABC_efflux_pumps|MODB|MEG_4005|MODB-4005_C_214_A,0,0,0,0,0,1,0,2,0,1
MEG_4005|Metals|Multi-metal_resistance|Multi-metal_ABC_efflux_pumps|MODB|MEG_4005|MODB-4005_G_301_T,0,0,0,0,0,1,0,3,0,1
MEG_4006|Metals|Multi-metal_resistance|Multi-metal_ABC_efflux_pumps|MODB|MEG_4006|MODB-4006_C_481_A,0,0,0,1,3,0,0,0,0,0
MEG_4006|Metals|Multi-metal_resistance|Multi-metal_ABC_efflux_pumps|MODB|MEG_4006|MODB-4006_T_482_C,0,0,0,1,3,0,0,0,0,0
MEG_4008|Metals|Multi-metal_resistance|Multi-metal_ABC_efflux_pumps|MODC|MEG_4008|MODC-4008_C_104_A,0,0,0,0,0,0,2,2,0,0
MEG_4009|Metals|Multi-metal_resistance|Multi-metal_ABC_efflux_pumps|MODC|MEG_4009|MODC-4009_G_801_C,0,0,0,0,0,3,1,0,0,0
MEG_4010|Metals|Multi-metal_resistance|Multi-metal_ABC_efflux_pumps|MODC|MEG_4010|MODC-4010_C_104_A,0,0,0,0,0,4,0,0,0,0
MEG_4010|Metals|Multi-metal_resistance|Multi-metal_ABC_efflux_pumps|MODC|MEG_4010|MODC-4010_T_262_A,0,0,0,0,0,3,0,1,0,0
MEG_4010|Metals|Multi-metal_resistance|Multi-metal_ABC_efflux_pumps|MODC|MEG_4010|MODC-4010_A_276_C,0,0,0,0,0,2,0,1,1,0
MEG_4010|Metals|Multi-metal_resistance|Multi-metal_ABC_efflux_pumps|MODC|MEG_4010|MODC-4010_T_701_A,0,0,0,0,0,2,1,2,0,0
MEG_4027|Drugs|MLS|Macrolide_phosphotransferases|MPH|MEG_4027|MPH-4027_T_92_G,0,0,0,0,0,1,0,0,2,1
MEG_4027|Drugs|MLS|Macrolide_phosphotransferases|MPH|MEG_4027|MPH-4027_T_170_A,0,0,0,0,0,0,1,0,2,3
MEG_4027|Drugs|MLS|Macrolide_phosphotransferases|MPH|MEG_4027|MPH-4027_T_243_A,0,0,0,0,0,2,2,1,4,1
MEG_4027|Drugs|MLS|Macrolide_phosphotransferases|MPH|MEG_4027|MPH-4027_A_414_C,0,0,0,0,0,0,1,0,2,2
MEG_4027|Drugs|MLS|Macrolide_phosphotransferases|MPH|MEG_4027|MPH-4027_A_459_G,0,0,0,0,0,0,1,0,1,2
MEG_4027|Drugs|MLS|Macrolide_phosphotransferases|MPH|MEG_4027|MPH-4027_A_490_C,0,0,0,0,0,1,0,0,1,2
MEG_4027|Drugs|MLS|Macrolide_phosphotransferases|MPH|MEG_4027|MPH-4027_A_655_C,0,0,0,0,0,1,0,2,1,0
MEG_4045|Drugs|MLS|Macrolide_phosphotransferases|MPHG|MEG_4045|MPHG-4045_G_55_T,0,0,3,0,7,0,0,0,0,0
MEG_4045|Drugs|MLS|Macrolide_phosphotransferases|MPHG|MEG_4045|MPHG-4045_T_72_G,0,0,3,0,8,0,0,0,0,0
MEG_4045|Drugs|MLS|Macrolide_phosphotransferases|MPHG|MEG_4045|MPHG-4045_C_394_G,0,0,4,0,7,0,0,0,0,0
MEG_4045|Drugs|MLS|Macrolide_phosphotransferases|MPHG|MEG_4045|MPHG-4045_A_424_T,0,0,6,0,4,0,0,0,0,0
MEG_4045|Drugs|MLS|Macrolide_phosphotransferases|MPHG|MEG_4045|MPHG-4045_T_462_C,0,0,6,0,4,0,0,0,0,0
MEG_4045|Drugs|MLS|Macrolide_phosphotransferases|MPHG|MEG_4045|MPHG-4045_G_518_C,0,0,5,1,3,0,0,0,0,0
MEG_4045|Drugs|MLS|Macrolide_phosphotransferases|MPHG|MEG_4045|MPHG-4045_T_623_G,0,0,4,0,6,0,0,0,0,0
MEG_4045|Drugs|MLS|Macrolide_phosphotransferases|MPHG|MEG_4045|MPHG-4045_C_735_G,0,0,2,1,9,0,0,0,0,0
MEG_4045|Drugs|MLS|Macrolide_phosphotransferases|MPHG|MEG_4045|MPHG-4045_A_774_G,0,0,1,1,7,0,0,0,0,0
MEG_4045|Drugs|MLS|Macrolide_phosphotransferases|MPHG|MEG_4045|MPHG-4045_T_845_G,0,0,0,1,5,0,0,0,0,0
MEG_4051|Drugs|MLS|Macrolide_phosphotransferases|MPHN|MEG_4051|MPHN-4051_C_49_T,0,0,0,0,0,1,5,0,0,0
MEG_4051|Drugs|MLS|Macrolide_phosphotransferases|MPHN|MEG_4051|MPHN-4051_A_102_T,0,0,0,0,0,2,10,0,0,0
MEG_4051|Drugs|MLS|Macrolide_phosphotransferases|MPHN|MEG_4051|MPHN-4051_T_376_C,0,0,0,0,0,2,8,2,0,0
MEG_4051|Drugs|MLS|Macrolide_phosphotransferases|MPHN|MEG_4051|MPHN-4051_G_522_T,0,0,0,0,0,2,7,0,0,1
MEG_4051|Drugs|MLS|Macrolide_phosphotransferases|MPHN|MEG_4051|MPHN-4051_A_682_G,0,0,0,0,0,0,7,1,0,0
MEG_4051|Drugs|MLS|Macrolide_phosphotransferases|MPHN|MEG_4051|MPHN-4051_G_741_T,0,0,0,0,0,1,6,1,0,0
MEG_4051|Drugs|MLS|Macrolide_phosphotransferases|MPHN|MEG_4051|MPHN-4051_A_866_T,0,0,0,0,0,0,3,1,0,0
MEG_4053|Drugs|Cationic_antimicrobial_peptides|Defensin-resistant_mprF|MPRF|MEG_4053|MPRF-4053_G_1144_C,0,0,0,0,0,4,11,3,1,1
MEG_4053|Drugs|Cationic_antimicrobial_peptides|Defensin-resistant_mprF|MPRF|MEG_4053|MPRF-4053_A_1168_T,0,0,0,0,0,2,12,3,1,1
MEG_4053|Drugs|Cationic_antimicrobial_peptides|Defensin-resistant_mprF|MPRF|MEG_4053|MPRF-4053_T_1218_C,0,0,0,0,0,0,14,4,2,2
MEG_4053|Drugs|Cationic_antimicrobial_peptides|Defensin-resistant_mprF|MPRF|MEG_4053|MPRF-4053_A_1420_T,0,0,0,0,0,4,18,5,5,5
MEG_4053|Drugs|Cationic_antimicrobial_peptides|Defensin-resistant_mprF|MPRF|MEG_4053|MPRF-4053_C_1698_T,0,0,0,0,0,4,15,2,1,0
MEG_4053|Drugs|Cationic_antimicrobial_peptides|Defensin-resistant_mprF|MPRF|MEG_4053|MPRF-4053_T_1808_A,1,7,0,2,1,0,0,0,0,0
MEG_4053|Drugs|Cationic_antimicrobial_peptides|Defensin-resistant_mprF|MPRF|MEG_4053|MPRF-4053_T_2148_C,0,0,0,0,0,2,12,2,2,0
MEG_4053|Drugs|Cationic_antimicrobial_peptides|Defensin-resistant_mprF|MPRF|MEG_4053|MPRF-4053_T_2486_A,0,0,0,0,0,3,7,3,1,0
MEG_4054|Drugs|Cationic_antimicrobial_peptides|Defensin-resistant_mprF|MPRF|MEG_4054|MPRF-4054_A_120_T,1,1,3,1,0,0,0,0,0,0
MEG_4054|Drugs|Cationic_antimicrobial_peptides|Defensin-resistant_mprF|MPRF|MEG_4054|MPRF-4054_T_260_A,1,1,3,3,1,0,0,0,0,0
MEG_4054|Drugs|Cationic_antimicrobial_peptides|Defensin-resistant_mprF|MPRF|MEG_4054|MPRF-4054_C_1657_A,2,4,2,6,2,0,0,0,0,0
MEG_4054|Drugs|Cationic_antimicrobial_peptides|Defensin-resistant_mprF|MPRF|MEG_4054|MPRF-4054_T_1979_C,1,2,3,0,1,0,0,0,0,0
MEG_4054|Drugs|Cationic_antimicrobial_peptides|Defensin-resistant_mprF|MPRF|MEG_4054|MPRF-4054_C_2262_A,1,2,2,1,1,0,0,0,0,0
MEG_4054|Drugs|Cationic_antimicrobial_peptides|Defensin-resistant_mprF|MPRF|MEG_4054|MPRF-4054_T_2354_G,1,1,1,2,1,0,0,0,0,0
MEG_4055|Drugs|Cationic_antimicrobial_peptides|Defensin-resistant_mprF|MPRF|MEG_4055|MPRF-4055_A_163_C,1,0,2,1,0,0,0,0,0,0
MEG_4055|Drugs|Cationic_antimicrobial_peptides|Defensin-resistant_mprF|MPRF|MEG_4055|MPRF-4055_A_549_G,0,0,0,0,0,0,5,6,2,0
MEG_4055|Drugs|Cationic_antimicrobial_peptides|Defensin-resistant_mprF|MPRF|MEG_4055|MPRF-4055_T_1000_G,1,0,2,2,0,0,0,0,0,0
MEG_4055|Drugs|Cationic_antimicrobial_peptides|Defensin-resistant_mprF|MPRF|MEG_4055|MPRF-4055_T_1244_G,0,0,0,0,0,0,2,13,3,0
MEG_4055|Drugs|Cationic_antimicrobial_peptides|Defensin-resistant_mprF|MPRF|MEG_4055|MPRF-4055_T_1361_G,0,0,0,0,0,0,5,15,3,2
MEG_4055|Drugs|Cationic_antimicrobial_peptides|Defensin-resistant_mprF|MPRF|MEG_4055|MPRF-4055_A_1864_T,0,0,0,0,0,0,6,8,1,0
MEG_4055|Drugs|Cationic_antimicrobial_peptides|Defensin-resistant_mprF|MPRF|MEG_4055|MPRF-4055_T_2154_A,3,0,1,1,0,0,0,0,0,0
MEG_4056|Drugs|Cationic_antimicrobial_peptides|Defensin-resistant_mprF|MPRF|MEG_4056|MPRF-4056_A_22_T,2,1,0,2,0,0,0,0,0,0
MEG_4056|Drugs|Cationic_antimicrobial_peptides|Defensin-resistant_mprF|MPRF|MEG_4056|MPRF-4056_A_463_C,0,0,0,0,0,1,3,6,0,0
MEG_4056|Drugs|Cationic_antimicrobial_peptides|Defensin-resistant_mprF|MPRF|MEG_4056|MPRF-4056_A_544_G,8,0,7,10,2,0,0,0,0,0
MEG_4056|Drugs|Cationic_antimicrobial_peptides|Defensin-resistant_mprF|MPRF|MEG_4056|MPRF-4056_A_552_T,0,0,0,0,0,0,1,5,0,0
MEG_4056|Drugs|Cationic_antimicrobial_peptides|Defensin-resistant_mprF|MPRF|MEG_4056|MPRF-4056_G_605_C,4,3,9,11,4,0,0,0,0,0
MEG_4056|Drugs|Cationic_antimicrobial_peptides|Defensin-resistant_mprF|MPRF|MEG_4056|MPRF-4056_C_776_T,8,1,11,6,3,0,0,0,0,0
MEG_4056|Drugs|Cationic_antimicrobial_peptides|Defensin-resistant_mprF|MPRF|MEG_4056|MPRF-4056_A_864_G,12,0,3,12,1,0,0,0,0,0
MEG_4056|Drugs|Cationic_antimicrobial_peptides|Defensin-resistant_mprF|MPRF|MEG_4056|MPRF-4056_A_926_G,14,0,3,14,1,0,0,0,0,0
MEG_4056|Drugs|Cationic_antimicrobial_peptides|Defensin-resistant_mprF|MPRF|MEG_4056|MPRF-4056_C_1392_T,5,1,4,11,0,0,0,0,0,0
MEG_4056|Drugs|Cationic_antimicrobial_peptides|Defensin-resistant_mprF|MPRF|MEG_4056|MPRF-4056_T_1536_G,5,1,5,4,3,0,0,0,0,0
MEG_4056|Drugs|Cationic_antimicrobial_peptides|Defensin-resistant_mprF|MPRF|MEG_4056|MPRF-4056_T_1626_C,3,1,2,9,1,0,0,0,0,0
MEG_4061|Drugs|Multi-drug_resistance|Multi-drug_ABC_efflux_pumps|MSBA|MEG_4061|MSBA-4061_C_43_A,0,0,0,0,0,1,0,2,0,2
MEG_4061|Drugs|Multi-drug_resistance|Multi-drug_ABC_efflux_pumps|MSBA|MEG_4061|MSBA-4061_T_86_A,0,0,0,0,0,1,0,5,0,2
MEG_4061|Drugs|Multi-drug_resistance|Multi-drug_ABC_efflux_pumps|MSBA|MEG_4061|MSBA-4061_T_1476_A,0,0,0,0,0,4,0,5,0,1
MEG_4071|Drugs|MLS|MLS_resistance_ABC_efflux_pumps|MSRC|MEG_4071|MSRC-4071_c_301_T,0,0,0,0,0,2,9,9,0,0
MEG_4071|Drugs|MLS|MLS_resistance_ABC_efflux_pumps|MSRC|MEG_4071|MSRC-4071_t_350_A,0,0,0,0,0,1,15,8,1,1
MEG_4071|Drugs|MLS|MLS_resistance_ABC_efflux_pumps|MSRC|MEG_4071|MSRC-4071_c_418_G,0,0,0,0,0,0,15,8,1,0
MEG_4071|Drugs|MLS|MLS_resistance_ABC_efflux_pumps|MSRC|MEG_4071|MSRC-4071_g_604_A,0,0,0,0,0,1,13,9,1,0
MEG_4071|Drugs|MLS|MLS_resistance_ABC_efflux_pumps|MSRC|MEG_4071|MSRC-4071_a_639_T,0,0,0,0,0,1,11,11,0,0
MEG_4071|Drugs|MLS|MLS_resistance_ABC_efflux_pumps|MSRC|MEG_4071|MSRC-4071_t_1192_G,0,0,0,0,0,0,8,8,0,0
MEG_4071|Drugs|MLS|MLS_resistance_ABC_efflux_pumps|MSRC|MEG_4071|MSRC-4071_g_1227_T,0,0,0,0,0,0,8,7,0,0
MEG_4071|Drugs|MLS|MLS_resistance_ABC_efflux_pumps|MSRC|MEG_4071|MSRC-4071_a_1318_C,0,0,0,0,0,0,7,3,0,0
MEG_4071|Drugs|MLS|MLS_resistance_ABC_efflux_pumps|MSRC|MEG_4071|MSRC-4071_a_1458_G,0,0,0,0,0,0,4,7,0,1
MEG_4072|Drugs|MLS|MLS_resistance_ABC_efflux_pumps|MSRC|MEG_4072|MSRC-4072_A_116_G,6,0,4,2,0,0,0,0,0,0
MEG_4072|Drugs|MLS|MLS_resistance_ABC_efflux_pumps|MSRC|MEG_4072|MSRC-4072_T_983_A,8,0,0,6,0,0,0,0,0,0
MEG_4072|Drugs|MLS|MLS_resistance_ABC_efflux_pumps|MSRC|MEG_4072|MSRC-4072_C_1075_A,9,0,0,9,0,0,0,0,0,0
MEG_4072|Drugs|MLS|MLS_resistance_ABC_efflux_pumps|MSRC|MEG_4072|MSRC-4072_G_1189_T,7,0,1,11,0,0,0,0,0,0
MEG_4072|Drugs|MLS|MLS_resistance_ABC_efflux_pumps|MSRC|MEG_4072|MSRC-4072_T_1228_A,6,0,1,12,0,0,0,0,0,0
MEG_4072|Drugs|MLS|MLS_resistance_ABC_efflux_pumps|MSRC|MEG_4072|MSRC-4072_C_1306_A,6,0,0,5,0,0,0,0,0,0
MEG_4072|Drugs|MLS|MLS_resistance_ABC_efflux_pumps|MSRC|MEG_4072|MSRC-4072_G_1370_T,5,0,0,6,0,0,0,0,0,0
MEG_4078|Drugs|Multi-drug_resistance|Multi-drug_RND_efflux_regulator|MTRAD|MEG_4078|MTRAD-4078_A_110_T,0,0,0,0,0,0,8,1,0,1
MEG_4078|Drugs|Multi-drug_resistance|Multi-drug_RND_efflux_regulator|MTRAD|MEG_4078|MTRAD-4078_T_158_G,0,0,0,0,0,0,8,0,0,0
MEG_4078|Drugs|Multi-drug_resistance|Multi-drug_RND_efflux_regulator|MTRAD|MEG_4078|MTRAD-4078_C_258_G,0,0,0,0,0,0,4,0,0,2
MEG_4078|Drugs|Multi-drug_resistance|Multi-drug_RND_efflux_regulator|MTRAD|MEG_4078|MTRAD-4078_A_512_G,0,0,0,0,0,0,8,0,0,0
MEG_4078|Drugs|Multi-drug_resistance|Multi-drug_RND_efflux_regulator|MTRAD|MEG_4078|MTRAD-4078_C_521_G,0,0,0,0,0,0,7,0,0,0
MEG_4081|Multi-compound|Drug_and_biocide_resistance|Drug_and_biocide_RND_efflux_pumps|MTRD|MEG_4081|MTRD-4081_T_629_A,0,0,0,0,0,12,10,0,6,0
MEG_4081|Multi-compound|Drug_and_biocide_resistance|Drug_and_biocide_RND_efflux_pumps|MTRD|MEG_4081|MTRD-4081_G_643_C,0,0,0,0,0,13,8,0,5,0
MEG_4081|Multi-compound|Drug_and_biocide_resistance|Drug_and_biocide_RND_efflux_pumps|MTRD|MEG_4081|MTRD-4081_C_1455_G,0,0,0,0,0,13,15,0,5,0
MEG_4081|Multi-compound|Drug_and_biocide_resistance|Drug_and_biocide_RND_efflux_pumps|MTRD|MEG_4081|MTRD-4081_T_1469_G,0,0,0,0,0,17,17,0,6,1
MEG_4081|Multi-compound|Drug_and_biocide_resistance|Drug_and_biocide_RND_efflux_pumps|MTRD|MEG_4081|MTRD-4081_G_2179_T,0,0,0,0,0,13,15,0,7,1
MEG_4081|Multi-compound|Drug_and_biocide_resistance|Drug_and_biocide_RND_efflux_pumps|MTRD|MEG_4081|MTRD-4081_C_2319_G,0,0,0,0,0,10,17,0,3,0
MEG_4081|Multi-compound|Drug_and_biocide_resistance|Drug_and_biocide_RND_efflux_pumps|MTRD|MEG_4081|MTRD-4081_G_2830_A,0,0,0,0,0,13,10,0,4,0
MEG_4083|Multi-compound|Drug_and_biocide_resistance|Drug_and_biocide_RND_efflux_pumps|MTRD|MEG_4083|MTRD-4083_A_9_G,0,0,1,4,0,0,0,0,0,0
MEG_4083|Multi-compound|Drug_and_biocide_resistance|Drug_and_biocide_RND_efflux_pumps|MTRD|MEG_4083|MTRD-4083_A_941_G,6,2,8,13,1,0,0,0,0,0
MEG_4083|Multi-compound|Drug_and_biocide_resistance|Drug_and_biocide_RND_efflux_pumps|MTRD|MEG_4083|MTRD-4083_C_1428_T,4,1,5,7,1,0,0,0,0,0
MEG_4083|Multi-compound|Drug_and_biocide_resistance|Drug_and_biocide_RND_efflux_pumps|MTRD|MEG_4083|MTRD-4083_T_1755_A,11,0,8,13,0,0,0,0,0,0
MEG_4083|Multi-compound|Drug_and_biocide_resistance|Drug_and_biocide_RND_efflux_pumps|MTRD|MEG_4083|MTRD-4083_A_1813_G,7,0,11,8,0,0,0,0,0,0
MEG_4083|Multi-compound|Drug_and_biocide_resistance|Drug_and_biocide_RND_efflux_pumps|MTRD|MEG_4083|MTRD-4083_T_1974_G,8,0,6,14,2,0,0,0,0,0
MEG_4083|Multi-compound|Drug_and_biocide_resistance|Drug_and_biocide_RND_efflux_pumps|MTRD|MEG_4083|MTRD-4083_C_2243_T,9,0,7,9,1,0,0,0,0,0
MEG_4083|Multi-compound|Drug_and_biocide_resistance|Drug_and_biocide_RND_efflux_pumps|MTRD|MEG_4083|MTRD-4083_A_2345_C,6,0,5,7,3,0,0,0,0,0
MEG_4083|Multi-compound|Drug_and_biocide_resistance|Drug_and_biocide_RND_efflux_pumps|MTRD|MEG_4083|MTRD-4083_A_2435_T,2,0,7,7,2,0,0,0,0,0
MEG_4083|Multi-compound|Drug_and_biocide_resistance|Drug_and_biocide_RND_efflux_pumps|MTRD|MEG_4083|MTRD-4083_C_3074_A,5,0,3,10,0,0,0,0,0,0
MEG_4084|Multi-compound|Drug_and_biocide_resistance|Drug_and_biocide_RND_efflux_pumps|MTRE|MEG_4084|MTRE-4084_C_144_A,0,0,0,0,0,8,6,1,1,0
MEG_4084|Multi-compound|Drug_and_biocide_resistance|Drug_and_biocide_RND_efflux_pumps|MTRE|MEG_4084|MTRE-4084_C_187_G,0,0,0,0,0,7,7,2,1,1
MEG_4084|Multi-compound|Drug_and_biocide_resistance|Drug_and_biocide_RND_efflux_pumps|MTRE|MEG_4084|MTRE-4084_A_729_T,0,0,0,0,0,9,7,9,2,1
MEG_4084|Multi-compound|Drug_and_biocide_resistance|Drug_and_biocide_RND_efflux_pumps|MTRE|MEG_4084|MTRE-4084_C_765_G,0,0,0,0,0,9,8,12,4,1
MEG_4084|Multi-compound|Drug_and_biocide_resistance|Drug_and_biocide_RND_efflux_pumps|MTRE|MEG_4084|MTRE-4084_G_1286_T,0,0,0,0,0,1,2,7,1,0
MEG_4085|Multi-compound|Drug_and_biocide_resistance|Drug_and_biocide_RND_efflux_pumps|MTRE|MEG_4085|MTRE-4085_G_1286_T,0,0,0,0,0,2,1,6,0,0
MEG_4089|Drugs|Mupirocin|Mupirocin-resistant_isoleucyl-tRNA_synthetase|MUPA|MEG_4089|MUPA-4089_t_147_G,0,0,0,0,0,2,4,1,0,0
MEG_4089|Drugs|Mupirocin|Mupirocin-resistant_isoleucyl-tRNA_synthetase|MUPA|MEG_4089|MUPA-4089_c_244_G,0,0,0,0,0,4,0,1,0,0
MEG_4089|Drugs|Mupirocin|Mupirocin-resistant_isoleucyl-tRNA_synthetase|MUPA|MEG_4089|MUPA-4089_a_401_T,0,1,3,0,0,0,0,0,0,0
MEG_4089|Drugs|Mupirocin|Mupirocin-resistant_isoleucyl-tRNA_synthetase|MUPA|MEG_4089|MUPA-4089_t_483_G,0,0,0,0,0,2,5,1,4,0
MEG_4089|Drugs|Mupirocin|Mupirocin-resistant_isoleucyl-tRNA_synthetase|MUPA|MEG_4089|MUPA-4089_g_559_A,0,0,0,0,0,2,0,2,1,0
MEG_4089|Drugs|Mupirocin|Mupirocin-resistant_isoleucyl-tRNA_synthetase|MUPA|MEG_4089|MUPA-4089_a_594_C,0,1,2,0,1,0,0,0,0,0
MEG_4089|Drugs|Mupirocin|Mupirocin-resistant_isoleucyl-tRNA_synthetase|MUPA|MEG_4089|MUPA-4089_a_857_G,0,0,0,0,0,3,8,3,1,0
MEG_4089|Drugs|Mupirocin|Mupirocin-resistant_isoleucyl-tRNA_synthetase|MUPA|MEG_4089|MUPA-4089_a_1067_T,0,0,0,0,0,3,9,1,3,0
MEG_4089|Drugs|Mupirocin|Mupirocin-resistant_isoleucyl-tRNA_synthetase|MUPA|MEG_4089|MUPA-4089_g_1281_T,0,0,0,0,0,2,7,3,2,0
MEG_4089|Drugs|Mupirocin|Mupirocin-resistant_isoleucyl-tRNA_synthetase|MUPA|MEG_4089|MUPA-4089_a_1300_C,0,0,0,0,0,1,7,2,2,0
MEG_4089|Drugs|Mupirocin|Mupirocin-resistant_isoleucyl-tRNA_synthetase|MUPA|MEG_4089|MUPA-4089_t_1308_C,0,0,0,0,0,2,0,1,1,0
MEG_4089|Drugs|Mupirocin|Mupirocin-resistant_isoleucyl-tRNA_synthetase|MUPA|MEG_4089|MUPA-4089_c_1314_G,0,2,1,0,1,0,0,0,0,0
MEG_4089|Drugs|Mupirocin|Mupirocin-resistant_isoleucyl-tRNA_synthetase|MUPA|MEG_4089|MUPA-4089_a_1380_G,1,2,1,0,3,0,0,0,0,0
MEG_4089|Drugs|Mupirocin|Mupirocin-resistant_isoleucyl-tRNA_synthetase|MUPA|MEG_4089|MUPA-4089_t_1442_G,0,0,1,0,3,0,0,0,0,0
MEG_4089|Drugs|Mupirocin|Mupirocin-resistant_isoleucyl-tRNA_synthetase|MUPA|MEG_4089|MUPA-4089_a_1706_C,0,0,0,0,0,0,5,2,2,0
MEG_4089|Drugs|Mupirocin|Mupirocin-resistant_isoleucyl-tRNA_synthetase|MUPA|MEG_4089|MUPA-4089_t_1919_C,0,0,0,0,0,3,6,2,1,0
MEG_4089|Drugs|Mupirocin|Mupirocin-resistant_isoleucyl-tRNA_synthetase|MUPA|MEG_4089|MUPA-4089_a_2169_C,0,0,0,0,0,2,15,4,4,0
MEG_4089|Drugs|Mupirocin|Mupirocin-resistant_isoleucyl-tRNA_synthetase|MUPA|MEG_4089|MUPA-4089_t_2557_G,0,0,0,0,0,1,9,1,2,0
MEG_4089|Drugs|Mupirocin|Mupirocin-resistant_isoleucyl-tRNA_synthetase|MUPA|MEG_4089|MUPA-4089_a_2835_T,0,0,0,0,0,1,0,3,0,0
MEG_4090|Drugs|Mupirocin|Mupirocin-resistant_isoleucyl-tRNA_synthetase|MUPA|MEG_4090|MUPA-4090_T_147_G,0,0,0,0,0,1,2,2,1,0
MEG_4090|Drugs|Mupirocin|Mupirocin-resistant_isoleucyl-tRNA_synthetase|MUPA|MEG_4090|MUPA-4090_T_483_G,0,0,0,0,0,1,8,1,1,0
MEG_4090|Drugs|Mupirocin|Mupirocin-resistant_isoleucyl-tRNA_synthetase|MUPA|MEG_4090|MUPA-4090_G_559_A,0,0,0,0,0,1,0,3,0,0
MEG_4090|Drugs|Mupirocin|Mupirocin-resistant_isoleucyl-tRNA_synthetase|MUPA|MEG_4090|MUPA-4090_A_594_C,0,3,0,0,1,0,0,0,0,0
MEG_4090|Drugs|Mupirocin|Mupirocin-resistant_isoleucyl-tRNA_synthetase|MUPA|MEG_4090|MUPA-4090_A_857_G,0,0,0,0,0,5,6,4,1,0
MEG_4090|Drugs|Mupirocin|Mupirocin-resistant_isoleucyl-tRNA_synthetase|MUPA|MEG_4090|MUPA-4090_C_1055_A,0,2,0,0,2,0,0,0,0,0
MEG_4090|Drugs|Mupirocin|Mupirocin-resistant_isoleucyl-tRNA_synthetase|MUPA|MEG_4090|MUPA-4090_A_1067_T,0,0,0,0,0,2,7,3,0,0
MEG_4090|Drugs|Mupirocin|Mupirocin-resistant_isoleucyl-tRNA_synthetase|MUPA|MEG_4090|MUPA-4090_A_1150_T,0,2,0,0,3,0,0,0,0,0
MEG_4090|Drugs|Mupirocin|Mupirocin-resistant_isoleucyl-tRNA_synthetase|MUPA|MEG_4090|MUPA-4090_G_1281_T,0,0,0,0,0,2,6,2,2,0
MEG_4090|Drugs|Mupirocin|Mupirocin-resistant_isoleucyl-tRNA_synthetase|MUPA|MEG_4090|MUPA-4090_A_1300_C,0,0,0,0,0,1,6,2,1,0
MEG_4090|Drugs|Mupirocin|Mupirocin-resistant_isoleucyl-tRNA_synthetase|MUPA|MEG_4090|MUPA-4090_C_1314_G,0,3,0,0,3,0,0,0,0,0
MEG_4090|Drugs|Mupirocin|Mupirocin-resistant_isoleucyl-tRNA_synthetase|MUPA|MEG_4090|MUPA-4090_T_1442_G,0,3,1,0,1,0,0,0,0,0
MEG_4090|Drugs|Mupirocin|Mupirocin-resistant_isoleucyl-tRNA_synthetase|MUPA|MEG_4090|MUPA-4090_A_1706_C,0,0,0,0,0,2,6,3,4,0
MEG_4090|Drugs|Mupirocin|Mupirocin-resistant_isoleucyl-tRNA_synthetase|MUPA|MEG_4090|MUPA-4090_T_1919_C,0,0,0,0,0,5,7,1,2,0
MEG_4090|Drugs|Mupirocin|Mupirocin-resistant_isoleucyl-tRNA_synthetase|MUPA|MEG_4090|MUPA-4090_T_2557_G,0,0,0,0,0,2,3,2,1,0
MEG_4091|Drugs|Mupirocin|Mupirocin-resistant_isoleucyl-tRNA_synthetase|MUPB|MEG_4091|MUPB-4091_T_823_G,3,2,0,0,1,0,0,0,0,0
MEG_4091|Drugs|Mupirocin|Mupirocin-resistant_isoleucyl-tRNA_synthetase|MUPB|MEG_4091|MUPB-4091_A_839_G,3,2,0,0,2,0,0,0,0,0
MEG_4091|Drugs|Mupirocin|Mupirocin-resistant_isoleucyl-tRNA_synthetase|MUPB|MEG_4091|MUPB-4091_T_938_C,0,0,0,0,0,2,16,0,1,2
MEG_4091|Drugs|Mupirocin|Mupirocin-resistant_isoleucyl-tRNA_synthetase|MUPB|MEG_4091|MUPB-4091_T_1221_C,2,1,2,0,2,0,0,0,0,0
MEG_4091|Drugs|Mupirocin|Mupirocin-resistant_isoleucyl-tRNA_synthetase|MUPB|MEG_4091|MUPB-4091_T_1308_A,2,3,5,0,0,0,0,0,0,0
MEG_4091|Drugs|Mupirocin|Mupirocin-resistant_isoleucyl-tRNA_synthetase|MUPB|MEG_4091|MUPB-4091_A_1674_T,3,2,5,0,2,0,0,0,0,0
MEG_4091|Drugs|Mupirocin|Mupirocin-resistant_isoleucyl-tRNA_synthetase|MUPB|MEG_4091|MUPB-4091_A_2661_T,0,1,4,0,2,0,0,0,0,0
MEG_4091|Drugs|Mupirocin|Mupirocin-resistant_isoleucyl-tRNA_synthetase|MUPB|MEG_4091|MUPB-4091_A_2991_C,1,0,2,0,1,0,0,0,0,0
MEG_4095|Drugs|Fosfomycin|Fosfomycin_target_mutation|MURA|MEG_4095|MURA-4095_A_96_T,0,2,6,4,2,1,17,2,1,1
MEG_4095|Drugs|Fosfomycin|Fosfomycin_target_mutation|MURA|MEG_4095|MURA-4095_G_135_A,0,1,6,1,3,2,3,0,0,0
MEG_4095|Drugs|Fosfomycin|Fosfomycin_target_mutation|MURA|MEG_4095|MURA-4095_A_141_G,8,7,11,16,6,14,27,16,4,5
MEG_4095|Drugs|Fosfomycin|Fosfomycin_target_mutation|MURA|MEG_4095|MURA-4095_T_183_G,1,1,3,1,5,2,5,2,1,1
MEG_4095|Drugs|Fosfomycin|Fosfomycin_target_mutation|MURA|MEG_4095|MURA-4095_G_288_A,6,8,11,8,12,4,10,3,2,7
MEG_4095|Drugs|Fosfomycin|Fosfomycin_target_mutation|MURA|MEG_4095|MURA-4095_G_333_A,2,3,8,6,2,5,11,13,2,3
MEG_4095|Drugs|Fosfomycin|Fosfomycin_target_mutation|MURA|MEG_4095|MURA-4095_C_354_T,8,5,12,10,12,9,19,18,2,6
MEG_4095|Drugs|Fosfomycin|Fosfomycin_target_mutation|MURA|MEG_4095|MURA-4095_A_357_G,9,5,13,10,12,8,20,17,3,6
MEG_4095|Drugs|Fosfomycin|Fosfomycin_target_mutation|MURA|MEG_4095|MURA-4095_T_451_C,8,6,18,8,7,5,23,4,3,4
MEG_4095|Drugs|Fosfomycin|Fosfomycin_target_mutation|MURA|MEG_4095|MURA-4095_C_459_T,8,0,1,5,1,13,13,13,2,5
MEG_4095|Drugs|Fosfomycin|Fosfomycin_target_mutation|MURA|MEG_4095|MURA-4095_T_525_G,11,5,21,21,11,15,37,17,7,8
MEG_4095|Drugs|Fosfomycin|Fosfomycin_target_mutation|MURA|MEG_4095|MURA-4095_C_534_T,8,2,9,14,7,4,11,3,1,4
MEG_4095|Drugs|Fosfomycin|Fosfomycin_target_mutation|MURA|MEG_4095|MURA-4095_G_684_T,9,2,1,6,1,18,14,20,0,2
MEG_4095|Drugs|Fosfomycin|Fosfomycin_target_mutation|MURA|MEG_4095|MURA-4095_G_687_A,2,0,6,1,3,3,2,4,3,3
MEG_4095|Drugs|Fosfomycin|Fosfomycin_target_mutation|MURA|MEG_4095|MURA-4095_T_711_A,10,6,5,6,8,4,8,1,2,1
MEG_4095|Drugs|Fosfomycin|Fosfomycin_target_mutation|MURA|MEG_4095|MURA-4095_C_732_T,16,6,15,9,11,20,25,23,6,7
MEG_4095|Drugs|Fosfomycin|Fosfomycin_target_mutation|MURA|MEG_4095|MURA-4095_G_777_C,15,6,19,13,9,18,29,20,4,8
MEG_4095|Drugs|Fosfomycin|Fosfomycin_target_mutation|MURA|MEG_4095|MURA-4095_G_831_A,12,5,20,10,10,21,30,24,4,5
MEG_4095|Drugs|Fosfomycin|Fosfomycin_target_mutation|MURA|MEG_4095|MURA-4095_T_909_G,17,7,10,10,12,20,27,14,3,5
MEG_4095|Drugs|Fosfomycin|Fosfomycin_target_mutation|MURA|MEG_4095|MURA-4095_C_960_T,5,8,9,9,7,2,10,3,0,1
MEG_4095|Drugs|Fosfomycin|Fosfomycin_target_mutation|MURA|MEG_4095|MURA-4095_A_963_G,10,1,1,4,0,14,11,9,5,3
MEG_4095|Drugs|Fosfomycin|Fosfomycin_target_mutation|MURA|MEG_4095|MURA-4095_C_966_T,10,1,1,4,0,14,10,9,4,3
MEG_4095|Drugs|Fosfomycin|Fosfomycin_target_mutation|MURA|MEG_4095|MURA-4095_A_1008_G,2,0,2,0,1,0,5,0,0,1
MEG_4095|Drugs|Fosfomycin|Fosfomycin_target_mutation|MURA|MEG_4095|MURA-4095_G_1014_T,1,0,2,0,1,0,5,0,0,1
MEG_4095|Drugs|Fosfomycin|Fosfomycin_target_mutation|MURA|MEG_4095|MURA-4095_C_1032_T,0,0,1,0,0,1,2,0,0,1
MEG_4095|Drugs|Fosfomycin|Fosfomycin_target_mutation|MURA|MEG_4095|MURA-4095_A_1218_G,12,4,11,6,5,14,18,9,1,6
MEG_4102|Drugs|Multi-drug_resistance|Multi-drug_RND_efflux_pumps|MUXC|MEG_4102|MUXC-4102_C_90_A,7,0,1,6,2,0,0,0,0,0
MEG_4102|Drugs|Multi-drug_resistance|Multi-drug_RND_efflux_pumps|MUXC|MEG_4102|MUXC-4102_C_254_G,0,0,0,0,0,1,0,3,0,0
MEG_4102|Drugs|Multi-drug_resistance|Multi-drug_RND_efflux_pumps|MUXC|MEG_4102|MUXC-4102_C_476_A,8,0,2,7,2,0,0,0,0,0
MEG_4102|Drugs|Multi-drug_resistance|Multi-drug_RND_efflux_pumps|MUXC|MEG_4102|MUXC-4102_C_480_A,7,0,2,6,1,0,0,0,0,0
MEG_4102|Drugs|Multi-drug_resistance|Multi-drug_RND_efflux_pumps|MUXC|MEG_4102|MUXC-4102_A_569_T,0,0,0,0,0,0,1,2,0,7
MEG_4102|Drugs|Multi-drug_resistance|Multi-drug_RND_efflux_pumps|MUXC|MEG_4102|MUXC-4102_C_878_A,10,0,2,11,6,0,0,0,0,0
MEG_4102|Drugs|Multi-drug_resistance|Multi-drug_RND_efflux_pumps|MUXC|MEG_4102|MUXC-4102_C_1075_T,0,0,0,0,0,1,1,4,0,6
MEG_4102|Drugs|Multi-drug_resistance|Multi-drug_RND_efflux_pumps|MUXC|MEG_4102|MUXC-4102_G_1905_C,0,0,0,0,0,0,7,1,5,2
MEG_4102|Drugs|Multi-drug_resistance|Multi-drug_RND_efflux_pumps|MUXC|MEG_4102|MUXC-4102_G_1926_A,11,0,3,10,2,0,0,0,0,0
MEG_4102|Drugs|Multi-drug_resistance|Multi-drug_RND_efflux_pumps|MUXC|MEG_4102|MUXC-4102_G_2310_A,8,0,3,6,5,0,0,0,0,0
MEG_4102|Drugs|Multi-drug_resistance|Multi-drug_RND_efflux_pumps|MUXC|MEG_4102|MUXC-4102_G_2405_T,0,0,0,0,0,0,2,2,4,2
MEG_4102|Drugs|Multi-drug_resistance|Multi-drug_RND_efflux_pumps|MUXC|MEG_4102|MUXC-4102_C_2689_G,8,0,4,4,2,0,0,0,0,0
MEG_4102|Drugs|Multi-drug_resistance|Multi-drug_RND_efflux_pumps|MUXC|MEG_4102|MUXC-4102_G_2802_C,5,0,1,4,1,0,0,0,0,0
MEG_4115|Metals|Multi-metal_resistance|Multi-metal_resistance_protein|NCCN|MEG_4115|NCCN-4115_A_37_G,0,0,0,0,0,0,1,2,2,1
MEG_4115|Metals|Multi-metal_resistance|Multi-metal_resistance_protein|NCCN|MEG_4115|NCCN-4115_T_107_G,0,0,0,0,0,2,2,2,3,0
MEG_4115|Metals|Multi-metal_resistance|Multi-metal_resistance_protein|NCCN|MEG_4115|NCCN-4115_T_225_A,0,0,0,0,0,1,2,0,1,0
MEG_4115|Metals|Multi-metal_resistance|Multi-metal_resistance_protein|NCCN|MEG_4115|NCCN-4115_A_249_T,0,0,0,0,0,1,3,1,0,0
MEG_4115|Metals|Multi-metal_resistance|Multi-metal_resistance_protein|NCCN|MEG_4115|NCCN-4115_T_590_A,0,0,0,0,0,1,0,1,4,0
MEG_4120|Metals|Nickel_resistance|Nickel_MFS_efflux_pumps|NCRAN|MEG_4120|NCRAN-4120_C_61_T,0,0,0,0,0,6,0,1,2,1
MEG_4120|Metals|Nickel_resistance|Nickel_MFS_efflux_pumps|NCRAN|MEG_4120|NCRAN-4120_C_84_A,3,1,0,1,0,0,0,0,0,0
MEG_4120|Metals|Nickel_resistance|Nickel_MFS_efflux_pumps|NCRAN|MEG_4120|NCRAN-4120_T_137_C,0,0,0,0,0,4,0,4,1,2
MEG_4120|Metals|Nickel_resistance|Nickel_MFS_efflux_pumps|NCRAN|MEG_4120|NCRAN-4120_T_343_G,0,0,0,0,0,4,0,0,2,3
MEG_4120|Metals|Nickel_resistance|Nickel_MFS_efflux_pumps|NCRAN|MEG_4120|NCRAN-4120_G_443_T,0,0,0,0,0,2,0,2,1,4
MEG_4120|Metals|Nickel_resistance|Nickel_MFS_efflux_pumps|NCRAN|MEG_4120|NCRAN-4120_G_452_T,0,0,0,0,0,2,0,2,1,4
MEG_4120|Metals|Nickel_resistance|Nickel_MFS_efflux_pumps|NCRAN|MEG_4120|NCRAN-4120_C_515_G,0,0,0,0,0,5,0,3,0,2
MEG_4120|Metals|Nickel_resistance|Nickel_MFS_efflux_pumps|NCRAN|MEG_4120|NCRAN-4120_G_561_T,0,0,0,0,0,5,0,4,0,1
MEG_4120|Metals|Nickel_resistance|Nickel_MFS_efflux_pumps|NCRAN|MEG_4120|NCRAN-4120_T_794_C,1,1,0,4,0,0,0,0,0,0
MEG_4120|Metals|Nickel_resistance|Nickel_MFS_efflux_pumps|NCRAN|MEG_4120|NCRAN-4120_T_899_A,0,0,0,0,0,3,0,1,1,2
MEG_4120|Metals|Nickel_resistance|Nickel_MFS_efflux_pumps|NCRAN|MEG_4120|NCRAN-4120_T_928_G,4,0,0,0,0,0,0,0,0,0
MEG_4120|Metals|Nickel_resistance|Nickel_MFS_efflux_pumps|NCRAN|MEG_4120|NCRAN-4120_T_1033_G,0,0,0,0,0,1,0,1,1,2
MEG_4125|Metals|Multi-metal_resistance|Multi-metal_MFS_efflux_pumps|NCRC|MEG_4125|NCRC-4125_C_105_T,4,0,0,1,1,0,0,0,0,0
MEG_4125|Metals|Multi-metal_resistance|Multi-metal_MFS_efflux_pumps|NCRC|MEG_4125|NCRC-4125_G_476_C,1,1,3,1,3,0,0,0,0,0
MEG_4125|Metals|Multi-metal_resistance|Multi-metal_MFS_efflux_pumps|NCRC|MEG_4125|NCRC-4125_A_581_C,4,1,2,0,2,0,0,0,0,0
MEG_4125|Metals|Multi-metal_resistance|Multi-metal_MFS_efflux_pumps|NCRC|MEG_4125|NCRC-4125_T_640_G,5,1,2,0,1,0,0,0,0,0
MEG_4125|Metals|Multi-metal_resistance|Multi-metal_MFS_efflux_pumps|NCRC|MEG_4125|NCRC-4125_C_661_T,5,1,1,0,1,0,0,0,0,0
MEG_4126|Metals|Nickel_resistance|Nickel_MFS_efflux_pumps|NCRCN|MEG_4126|NCRCN-4126_A_139_G,0,0,0,0,0,9,1,2,1,11
MEG_4126|Metals|Nickel_resistance|Nickel_MFS_efflux_pumps|NCRCN|MEG_4126|NCRCN-4126_C_474_G,8,0,5,1,4,0,0,0,0,0
MEG_4126|Metals|Nickel_resistance|Nickel_MFS_efflux_pumps|NCRCN|MEG_4126|NCRCN-4126_A_750_C,0,0,0,0,0,11,2,3,0,5
MEG_4126|Metals|Nickel_resistance|Nickel_MFS_efflux_pumps|NCRCN|MEG_4126|NCRCN-4126_A_755_T,4,0,3,0,2,0,0,0,0,0
MEG_4129|Metals|Multi-metal_resistance|Multi-metal_resistance_protein|NCZA|MEG_4129|NCZA-4129_C_507_A,0,0,0,0,0,0,10,5,3,0
MEG_4129|Metals|Multi-metal_resistance|Multi-metal_resistance_protein|NCZA|MEG_4129|NCZA-4129_G_2021_A,0,0,0,0,0,0,13,5,1,0
MEG_4129|Metals|Multi-metal_resistance|Multi-metal_resistance_protein|NCZA|MEG_4129|NCZA-4129_G_2156_C,0,0,0,0,0,0,14,3,0,0
MEG_4129|Metals|Multi-metal_resistance|Multi-metal_resistance_protein|NCZA|MEG_4129|NCZA-4129_C_2257_A,0,0,0,0,0,0,13,5,1,0
MEG_4129|Metals|Multi-metal_resistance|Multi-metal_resistance_protein|NCZA|MEG_4129|NCZA-4129_C_2643_A,0,0,0,0,0,0,12,4,1,0
MEG_4129|Metals|Multi-metal_resistance|Multi-metal_resistance_protein|NCZA|MEG_4129|NCZA-4129_G_2862_A,0,0,0,0,0,1,13,1,1,0
MEG_4144|Drugs|betalactams|Class_B_betalactamases|NDM|MEG_4144|NDM-4144_G_427_T,1,0,2,2,0,0,0,0,0,0
MEG_4160|Metals|Chromium_resistance|Chromium_resistance_protein|NFSA|MEG_4160|NFSA-4160_T_236_A,0,1,1,0,2,0,0,0,0,0
MEG_4160|Metals|Chromium_resistance|Chromium_resistance_protein|NFSA|MEG_4160|NFSA-4160_G_671_A,0,0,1,0,3,0,0,0,0,0
MEG_4162|Metals|Sodium_resistance|Sodium_resistance_protein|NHAA|MEG_4162|NHAA-4162_C_65_G,0,0,0,0,0,0,8,0,2,0
MEG_4162|Metals|Sodium_resistance|Sodium_resistance_protein|NHAA|MEG_4162|NHAA-4162_A_173_C,0,1,5,0,0,0,0,0,0,0
MEG_4162|Metals|Sodium_resistance|Sodium_resistance_protein|NHAA|MEG_4162|NHAA-4162_T_286_A,0,0,0,0,0,0,7,2,10,4
MEG_4162|Metals|Sodium_resistance|Sodium_resistance_protein|NHAA|MEG_4162|NHAA-4162_T_329_G,1,0,8,0,0,0,0,0,0,0
MEG_4162|Metals|Sodium_resistance|Sodium_resistance_protein|NHAA|MEG_4162|NHAA-4162_A_892_T,0,0,0,0,0,0,13,3,8,2
MEG_4162|Metals|Sodium_resistance|Sodium_resistance_protein|NHAA|MEG_4162|NHAA-4162_T_1062_G,0,0,0,0,0,0,8,2,5,1
MEG_4163|Metals|Sodium_resistance|Sodium_resistance_protein|NHAB|MEG_4163|NHAB-4163_G_473_A,1,0,4,0,1,0,0,0,0,0
MEG_4163|Metals|Sodium_resistance|Sodium_resistance_protein|NHAB|MEG_4163|NHAB-4163_C_701_G,4,0,7,2,3,0,0,0,0,0
MEG_4163|Metals|Sodium_resistance|Sodium_resistance_protein|NHAB|MEG_4163|NHAB-4163_C_1318_T,0,0,0,0,0,0,5,0,0,1
MEG_4163|Metals|Sodium_resistance|Sodium_resistance_protein|NHAB|MEG_4163|NHAB-4163_T_1381_C,0,1,1,2,0,0,0,0,0,0
MEG_4163|Metals|Sodium_resistance|Sodium_resistance_protein|NHAB|MEG_4163|NHAB-4163_T_1427_C,0,0,0,0,0,0,5,1,0,0
MEG_4164|Metals|Sodium_resistance|Sodium_resistance_protein|NHAB|MEG_4164|NHAB-4164_G_60_T,4,0,0,1,1,0,0,0,0,0
MEG_4164|Metals|Sodium_resistance|Sodium_resistance_protein|NHAB|MEG_4164|NHAB-4164_G_500_A,5,0,3,1,4,0,0,0,0,0
MEG_4164|Metals|Sodium_resistance|Sodium_resistance_protein|NHAB|MEG_4164|NHAB-4164_C_728_G,3,0,4,2,1,0,0,0,0,0
MEG_4164|Metals|Sodium_resistance|Sodium_resistance_protein|NHAB|MEG_4164|NHAB-4164_T_1408_C,3,2,1,1,0,0,0,0,0,0
MEG_4164|Metals|Sodium_resistance|Sodium_resistance_protein|NHAB|MEG_4164|NHAB-4164_T_1430_A,0,0,5,0,1,0,0,0,0,0
MEG_4164|Metals|Sodium_resistance|Sodium_resistance_protein|NHAB|MEG_4164|NHAB-4164_T_1469_A,0,0,5,0,0,0,0,0,0,0
MEG_4165|Metals|Cobalt_resistance|Cobalt_transporting_ATPase|NHLF|MEG_4165|NHLF-4165_C_134_T,0,0,0,0,0,2,0,7,3,2
MEG_4165|Metals|Cobalt_resistance|Cobalt_transporting_ATPase|NHLF|MEG_4165|NHLF-4165_C_359_A,0,0,0,0,0,2,0,5,0,4
MEG_4165|Metals|Cobalt_resistance|Cobalt_transporting_ATPase|NHLF|MEG_4165|NHLF-4165_G_640_T,5,2,0,0,0,0,0,0,0,0
MEG_4165|Metals|Cobalt_resistance|Cobalt_transporting_ATPase|NHLF|MEG_4165|NHLF-4165_G_711_A,0,0,0,0,0,1,2,3,3,5
MEG_4165|Metals|Cobalt_resistance|Cobalt_transporting_ATPase|NHLF|MEG_4165|NHLF-4165_G_816_T,3,0,1,0,0,0,0,0,0,0
MEG_4165|Metals|Cobalt_resistance|Cobalt_transporting_ATPase|NHLF|MEG_4165|NHLF-4165_G_886_C,0,0,0,0,0,2,4,5,4,2
MEG_4165|Metals|Cobalt_resistance|Cobalt_transporting_ATPase|NHLF|MEG_4165|NHLF-4165_G_1018_A,2,1,0,0,1,0,0,0,0,0
MEG_4166|Metals|Multi-metal_resistance|Multi-metal_resistance_protein|NIA|MEG_4166|NIA-4166_C_761_T,0,0,0,0,0,1,17,5,3,0
MEG_4166|Metals|Multi-metal_resistance|Multi-metal_resistance_protein|NIA|MEG_4166|NIA-4166_G_985_A,0,0,0,0,0,0,15,4,2,0
MEG_4166|Metals|Multi-metal_resistance|Multi-metal_resistance_protein|NIA|MEG_4166|NIA-4166_G_1462_C,0,0,0,0,0,1,13,4,2,1
MEG_4167|Metals|Nickel_resistance|Nickel_ABC_efflux_pumps|NIKA|MEG_4167|NIKA-4167_C_73_A,0,0,1,12,0,0,0,0,0,0
MEG_4167|Metals|Nickel_resistance|Nickel_ABC_efflux_pumps|NIKA|MEG_4167|NIKA-4167_G_102_A,0,0,0,0,0,4,7,8,2,0
MEG_4167|Metals|Nickel_resistance|Nickel_ABC_efflux_pumps|NIKA|MEG_4167|NIKA-4167_T_107_C,0,0,1,11,0,0,0,0,0,0
MEG_4167|Metals|Nickel_resistance|Nickel_ABC_efflux_pumps|NIKA|MEG_4167|NIKA-4167_C_474_T,0,0,4,6,1,0,0,0,0,0
MEG_4167|Metals|Nickel_resistance|Nickel_ABC_efflux_pumps|NIKA|MEG_4167|NIKA-4167_A_519_G,0,0,4,13,0,0,0,0,0,0
MEG_4167|Metals|Nickel_resistance|Nickel_ABC_efflux_pumps|NIKA|MEG_4167|NIKA-4167_A_532_C,0,0,0,0,0,5,9,11,2,1
MEG_4167|Metals|Nickel_resistance|Nickel_ABC_efflux_pumps|NIKA|MEG_4167|NIKA-4167_G_567_T,0,0,2,20,0,0,0,0,0,0
MEG_4167|Metals|Nickel_resistance|Nickel_ABC_efflux_pumps|NIKA|MEG_4167|NIKA-4167_G_703_T,0,0,0,0,0,1,16,13,5,0
MEG_4167|Metals|Nickel_resistance|Nickel_ABC_efflux_pumps|NIKA|MEG_4167|NIKA-4167_C_753_G,0,0,0,0,0,1,17,15,3,0
MEG_4167|Metals|Nickel_resistance|Nickel_ABC_efflux_pumps|NIKA|MEG_4167|NIKA-4167_C_857_A,0,0,5,15,1,0,0,0,0,0
MEG_4167|Metals|Nickel_resistance|Nickel_ABC_efflux_pumps|NIKA|MEG_4167|NIKA-4167_C_1021_A,0,0,0,0,0,1,12,5,3,1
MEG_4167|Metals|Nickel_resistance|Nickel_ABC_efflux_pumps|NIKA|MEG_4167|NIKA-4167_C_1031_T,0,0,3,12,1,0,0,0,0,0
MEG_4167|Metals|Nickel_resistance|Nickel_ABC_efflux_pumps|NIKA|MEG_4167|NIKA-4167_C_1032_T,0,0,3,12,1,0,0,0,0,0
MEG_4167|Metals|Nickel_resistance|Nickel_ABC_efflux_pumps|NIKA|MEG_4167|NIKA-4167_G_1034_C,0,0,0,0,0,2,11,5,4,1
MEG_4167|Metals|Nickel_resistance|Nickel_ABC_efflux_pumps|NIKA|MEG_4167|NIKA-4167_C_1045_T,0,0,0,0,0,2,8,4,5,1
MEG_4167|Metals|Nickel_resistance|Nickel_ABC_efflux_pumps|NIKA|MEG_4167|NIKA-4167_C_1113_G,0,0,3,13,1,0,0,0,0,0
MEG_4167|Metals|Nickel_resistance|Nickel_ABC_efflux_pumps|NIKA|MEG_4167|NIKA-4167_A_1127_T,0,0,2,14,1,0,0,0,0,0
MEG_4167|Metals|Nickel_resistance|Nickel_ABC_efflux_pumps|NIKA|MEG_4167|NIKA-4167_A_1418_T,0,0,0,0,0,3,7,4,0,1
MEG_4167|Metals|Nickel_resistance|Nickel_ABC_efflux_pumps|NIKA|MEG_4167|NIKA-4167_A_1520_C,0,0,0,0,0,3,9,5,0,0
MEG_4168|Metals|Nickel_resistance|Nickel_ABC_efflux_pumps|NIKB|MEG_4168|NIKB-4168_G_8_A,0,0,0,0,0,0,5,0,0,0
MEG_4168|Metals|Nickel_resistance|Nickel_ABC_efflux_pumps|NIKB|MEG_4168|NIKB-4168_C_187_G,2,0,0,1,1,0,0,0,0,0
MEG_4168|Metals|Nickel_resistance|Nickel_ABC_efflux_pumps|NIKB|MEG_4168|NIKB-4168_G_322_A,0,0,0,0,0,0,4,0,1,0
MEG_4168|Metals|Nickel_resistance|Nickel_ABC_efflux_pumps|NIKB|MEG_4168|NIKB-4168_C_496_T,0,0,0,0,0,0,5,0,0,1
MEG_4168|Metals|Nickel_resistance|Nickel_ABC_efflux_pumps|NIKB|MEG_4168|NIKB-4168_C_678_A,0,0,0,0,0,1,5,0,0,1
MEG_4168|Metals|Nickel_resistance|Nickel_ABC_efflux_pumps|NIKB|MEG_4168|NIKB-4168_C_832_A,0,0,0,0,0,0,4,0,0,0
MEG_4168|Metals|Nickel_resistance|Nickel_ABC_efflux_pumps|NIKB|MEG_4168|NIKB-4168_G_843_A,0,0,0,0,0,0,5,0,0,0
MEG_4168|Metals|Nickel_resistance|Nickel_ABC_efflux_pumps|NIKB|MEG_4168|NIKB-4168_G_856_T,0,0,0,0,0,0,5,0,0,0
MEG_4169|Metals|Nickel_resistance|Nickel_ABC_efflux_pumps|NIKB|MEG_4169|NIKB-4169_G_75_T,0,0,0,0,0,3,1,2,1,1
MEG_4169|Metals|Nickel_resistance|Nickel_ABC_efflux_pumps|NIKB|MEG_4169|NIKB-4169_C_99_A,0,0,0,0,0,1,1,2,1,1
MEG_4169|Metals|Nickel_resistance|Nickel_ABC_efflux_pumps|NIKB|MEG_4169|NIKB-4169_G_322_A,0,0,0,0,0,0,5,0,0,0
MEG_4169|Metals|Nickel_resistance|Nickel_ABC_efflux_pumps|NIKB|MEG_4169|NIKB-4169_C_496_T,0,0,0,0,0,0,2,0,1,1
MEG_4169|Metals|Nickel_resistance|Nickel_ABC_efflux_pumps|NIKB|MEG_4169|NIKB-4169_T_605_G,1,0,2,0,5,0,0,0,0,0
MEG_4170|Metals|Nickel_resistance|Nickel_ABC_efflux_pumps|NIKC|MEG_4170|NIKC-4170_C_174_G,0,0,0,0,0,0,3,0,1,0
MEG_4170|Metals|Nickel_resistance|Nickel_ABC_efflux_pumps|NIKC|MEG_4170|NIKC-4170_A_261_C,0,0,0,0,0,0,3,2,0,0
MEG_4170|Metals|Nickel_resistance|Nickel_ABC_efflux_pumps|NIKC|MEG_4170|NIKC-4170_C_453_T,1,0,4,0,0,0,0,0,0,0
MEG_4171|Metals|Nickel_resistance|Nickel_ABC_efflux_pumps|NIKD|MEG_4171|NIKD-4171_G_62_C,0,0,0,0,0,3,0,0,1,0
MEG_4171|Metals|Nickel_resistance|Nickel_ABC_efflux_pumps|NIKD|MEG_4171|NIKD-4171_C_98_A,0,3,1,2,0,0,0,0,0,0
MEG_4171|Metals|Nickel_resistance|Nickel_ABC_efflux_pumps|NIKD|MEG_4171|NIKD-4171_G_169_C,0,2,0,2,0,0,0,0,0,0
MEG_4171|Metals|Nickel_resistance|Nickel_ABC_efflux_pumps|NIKD|MEG_4171|NIKD-4171_T_220_G,0,0,0,4,0,0,0,0,0,0
MEG_4171|Metals|Nickel_resistance|Nickel_ABC_efflux_pumps|NIKD|MEG_4171|NIKD-4171_G_395_A,0,0,0,0,0,3,0,2,0,0
MEG_4171|Metals|Nickel_resistance|Nickel_ABC_efflux_pumps|NIKD|MEG_4171|NIKD-4171_G_399_T,0,0,0,0,0,3,0,2,0,0
MEG_4171|Metals|Nickel_resistance|Nickel_ABC_efflux_pumps|NIKD|MEG_4171|NIKD-4171_C_489_G,2,0,0,2,0,0,0,0,0,0
MEG_4171|Metals|Nickel_resistance|Nickel_ABC_efflux_pumps|NIKD|MEG_4171|NIKD-4171_C_516_G,1,0,0,3,0,0,0,0,0,0
MEG_4171|Metals|Nickel_resistance|Nickel_ABC_efflux_pumps|NIKD|MEG_4171|NIKD-4171_G_666_A,2,0,1,5,0,0,0,0,0,0
MEG_4171|Metals|Nickel_resistance|Nickel_ABC_efflux_pumps|NIKD|MEG_4171|NIKD-4171_C_730_G,1,2,1,3,0,0,0,0,0,0
MEG_4172|Metals|Nickel_resistance|Nickel_ABC_efflux_pumps|NIKD|MEG_4172|NIKD-4172_A_81_G,0,0,0,0,0,0,1,2,0,4
MEG_4172|Metals|Nickel_resistance|Nickel_ABC_efflux_pumps|NIKD|MEG_4172|NIKD-4172_G_490_A,0,0,0,0,0,0,1,2,0,1
MEG_4172|Metals|Nickel_resistance|Nickel_ABC_efflux_pumps|NIKD|MEG_4172|NIKD-4172_A_554_G,0,0,0,0,0,0,1,2,0,1
MEG_4172|Metals|Nickel_resistance|Nickel_ABC_efflux_pumps|NIKD|MEG_4172|NIKD-4172_A_569_T,0,0,0,0,0,0,1,2,0,1
MEG_4172|Metals|Nickel_resistance|Nickel_ABC_efflux_pumps|NIKD|MEG_4172|NIKD-4172_T_638_G,1,1,5,0,0,0,0,0,0,0
MEG_4173|Metals|Nickel_resistance|Nickel_ABC_efflux_pumps|NIKE|MEG_4173|NIKE-4173_G_50_C,0,0,1,2,2,0,0,0,0,0
MEG_4173|Metals|Nickel_resistance|Nickel_ABC_efflux_pumps|NIKE|MEG_4173|NIKE-4173_A_60_G,1,0,1,3,2,0,0,0,0,0
MEG_4173|Metals|Nickel_resistance|Nickel_ABC_efflux_pumps|NIKE|MEG_4173|NIKE-4173_A_68_T,0,0,0,0,0,0,4,1,0,0
MEG_4173|Metals|Nickel_resistance|Nickel_ABC_efflux_pumps|NIKE|MEG_4173|NIKE-4173_G_112_T,4,0,1,4,2,0,0,0,0,0
MEG_4173|Metals|Nickel_resistance|Nickel_ABC_efflux_pumps|NIKE|MEG_4173|NIKE-4173_G_195_A,0,0,0,5,0,0,0,0,0,0
MEG_4173|Metals|Nickel_resistance|Nickel_ABC_efflux_pumps|NIKE|MEG_4173|NIKE-4173_G_201_C,0,0,0,5,0,0,0,0,0,0
MEG_4173|Metals|Nickel_resistance|Nickel_ABC_efflux_pumps|NIKE|MEG_4173|NIKE-4173_A_203_C,0,0,0,0,0,0,5,4,2,0
MEG_4173|Metals|Nickel_resistance|Nickel_ABC_efflux_pumps|NIKE|MEG_4173|NIKE-4173_T_204_C,0,0,0,0,0,0,5,4,2,0
MEG_4173|Metals|Nickel_resistance|Nickel_ABC_efflux_pumps|NIKE|MEG_4173|NIKE-4173_C_364_G,3,0,3,4,0,0,0,0,0,0
MEG_4173|Metals|Nickel_resistance|Nickel_ABC_efflux_pumps|NIKE|MEG_4173|NIKE-4173_G_395_A,0,0,0,0,0,0,5,2,0,0
MEG_4173|Metals|Nickel_resistance|Nickel_ABC_efflux_pumps|NIKE|MEG_4173|NIKE-4173_C_410_T,4,0,1,5,0,0,0,0,0,0
MEG_4173|Metals|Nickel_resistance|Nickel_ABC_efflux_pumps|NIKE|MEG_4173|NIKE-4173_T_455_A,0,0,0,0,0,0,3,1,1,0
MEG_4173|Metals|Nickel_resistance|Nickel_ABC_efflux_pumps|NIKE|MEG_4173|NIKE-4173_C_477_G,0,0,0,0,0,0,2,1,1,0
MEG_4173|Metals|Nickel_resistance|Nickel_ABC_efflux_pumps|NIKE|MEG_4173|NIKE-4173_C_508_A,4,0,1,1,0,0,0,0,0,0
MEG_4173|Metals|Nickel_resistance|Nickel_ABC_efflux_pumps|NIKE|MEG_4173|NIKE-4173_A_677_T,0,0,0,0,0,0,6,3,0,0
MEG_4173|Metals|Nickel_resistance|Nickel_ABC_efflux_pumps|NIKE|MEG_4173|NIKE-4173_A_688_T,3,0,2,2,2,0,0,0,0,0
MEG_4173|Metals|Nickel_resistance|Nickel_ABC_efflux_pumps|NIKE|MEG_4173|NIKE-4173_T_744_C,0,0,0,0,0,0,6,4,0,0
MEG_4174|Metals|Nickel_resistance|Nickel_ABC_efflux_pumps|NIKE|MEG_4174|NIKE-4174_T_39_A,0,0,0,0,0,2,5,0,0,0
MEG_4174|Metals|Nickel_resistance|Nickel_ABC_efflux_pumps|NIKE|MEG_4174|NIKE-4174_C_123_G,0,0,0,0,0,7,8,1,0,0
MEG_4174|Metals|Nickel_resistance|Nickel_ABC_efflux_pumps|NIKE|MEG_4174|NIKE-4174_G_209_C,0,0,0,0,0,5,13,0,1,2
MEG_4174|Metals|Nickel_resistance|Nickel_ABC_efflux_pumps|NIKE|MEG_4174|NIKE-4174_G_228_C,0,0,0,0,0,6,13,0,1,2
MEG_4174|Metals|Nickel_resistance|Nickel_ABC_efflux_pumps|NIKE|MEG_4174|NIKE-4174_A_298_G,0,0,0,0,0,5,8,1,1,1
MEG_4174|Metals|Nickel_resistance|Nickel_ABC_efflux_pumps|NIKE|MEG_4174|NIKE-4174_G_424_C,0,0,0,0,0,3,1,3,0,0
MEG_4174|Metals|Nickel_resistance|Nickel_ABC_efflux_pumps|NIKE|MEG_4174|NIKE-4174_C_609_G,0,0,0,0,0,6,5,0,0,1
MEG_4174|Metals|Nickel_resistance|Nickel_ABC_efflux_pumps|NIKE|MEG_4174|NIKE-4174_G_650_A,0,0,0,0,0,4,3,0,0,0
MEG_4179|Drugs|Metronidazole|nim_nitroimidazole_reductase|NIMA|MEG_4179|NIMA-4179_C_69_G,0,0,0,0,0,2,1,3,1,0
MEG_4179|Drugs|Metronidazole|nim_nitroimidazole_reductase|NIMA|MEG_4179|NIMA-4179_T_86_A,0,0,0,0,0,2,1,2,0,0
MEG_4179|Drugs|Metronidazole|nim_nitroimidazole_reductase|NIMA|MEG_4179|NIMA-4179_A_158_C,0,0,0,0,0,0,3,2,0,0
MEG_4179|Drugs|Metronidazole|nim_nitroimidazole_reductase|NIMA|MEG_4179|NIMA-4179_G_190_A,0,0,0,0,0,0,3,2,0,0
MEG_4179|Drugs|Metronidazole|nim_nitroimidazole_reductase|NIMA|MEG_4179|NIMA-4179_G_406_A,0,0,0,0,0,4,3,2,0,0
MEG_4179|Drugs|Metronidazole|nim_nitroimidazole_reductase|NIMA|MEG_4179|NIMA-4179_T_501_C,0,0,0,0,0,1,1,3,0,0
MEG_4181|Drugs|Metronidazole|nim_nitroimidazole_reductase|NIMC|MEG_4181|NIMC-4181_a_23_G,0,0,0,0,0,0,4,0,2,0
MEG_4181|Drugs|Metronidazole|nim_nitroimidazole_reductase|NIMC|MEG_4181|NIMC-4181_c_113_T,0,0,0,0,0,0,6,2,1,0
MEG_4181|Drugs|Metronidazole|nim_nitroimidazole_reductase|NIMC|MEG_4181|NIMC-4181_a_140_C,0,0,0,0,0,1,2,2,1,0
MEG_4181|Drugs|Metronidazole|nim_nitroimidazole_reductase|NIMC|MEG_4181|NIMC-4181_c_222_T,0,0,0,0,0,1,1,1,1,1
MEG_4181|Drugs|Metronidazole|nim_nitroimidazole_reductase|NIMC|MEG_4181|NIMC-4181_g_275_A,0,0,0,0,0,2,1,0,1,1
MEG_4181|Drugs|Metronidazole|nim_nitroimidazole_reductase|NIMC|MEG_4181|NIMC-4181_g_288_A,0,0,0,0,0,2,1,0,0,1
MEG_4181|Drugs|Metronidazole|nim_nitroimidazole_reductase|NIMC|MEG_4181|NIMC-4181_t_378_A,0,0,0,0,0,0,3,2,0,0
MEG_4181|Drugs|Metronidazole|nim_nitroimidazole_reductase|NIMC|MEG_4181|NIMC-4181_t_419_C,0,0,0,0,0,0,3,2,0,0
MEG_4183|Drugs|Metronidazole|nim_nitroimidazole_reductase|NIME|MEG_4183|NIME-4183_g_64_A,0,0,0,0,0,2,2,0,0,0
MEG_4183|Drugs|Metronidazole|nim_nitroimidazole_reductase|NIME|MEG_4183|NIME-4183_g_81_A,0,0,0,0,0,2,2,0,0,0
MEG_4183|Drugs|Metronidazole|nim_nitroimidazole_reductase|NIME|MEG_4183|NIME-4183_a_294_C,0,0,0,0,0,3,1,0,0,0
MEG_4183|Drugs|Metronidazole|nim_nitroimidazole_reductase|NIME|MEG_4183|NIME-4183_t_364_A,0,0,0,0,0,3,2,0,0,0
MEG_4184|Drugs|Metronidazole|nim_nitroimidazole_reductase|NIME|MEG_4184|NIME-4184_G_64_A,0,0,0,0,0,1,2,1,0,0
MEG_4184|Drugs|Metronidazole|nim_nitroimidazole_reductase|NIME|MEG_4184|NIME-4184_G_81_A,0,0,0,0,0,1,2,1,0,0
MEG_4185|Drugs|Metronidazole|nim_nitroimidazole_reductase|NIME|MEG_4185|NIME-4185_C_74_A,1,0,3,0,0,0,0,0,0,0
MEG_4188|Drugs|Metronidazole|nim_nitroimidazole_reductase|NIMI|MEG_4188|NIMI-4188_c_168_A,0,0,0,0,0,0,4,1,0,0
MEG_4188|Drugs|Metronidazole|nim_nitroimidazole_reductase|NIMI|MEG_4188|NIMI-4188_g_170_A,0,0,0,0,0,0,4,1,0,0
MEG_4188|Drugs|Metronidazole|nim_nitroimidazole_reductase|NIMI|MEG_4188|NIMI-4188_t_393_C,0,0,0,0,0,0,4,1,0,0
MEG_4194|Drugs|Metronidazole|nim_nitroimidazole_reductase|NIMJ|MEG_4194|NIMJ-4194_t_92_G,0,0,0,0,0,1,0,3,0,0
MEG_4194|Drugs|Metronidazole|nim_nitroimidazole_reductase|NIMJ|MEG_4194|NIMJ-4194_a_110_G,0,0,0,0,0,1,0,3,0,0
MEG_4194|Drugs|Metronidazole|nim_nitroimidazole_reductase|NIMJ|MEG_4194|NIMJ-4194_t_431_C,0,0,0,0,0,1,0,2,1,0
MEG_4194|Drugs|Metronidazole|nim_nitroimidazole_reductase|NIMJ|MEG_4194|NIMJ-4194_a_440_T,0,0,0,0,0,1,0,2,1,0
MEG_4195|Metals|Nickel_resistance|Nickel_resistance_protein|NIRA|MEG_4195|NIRA-4195_G_292_A,0,0,0,0,0,2,0,2,2,1
MEG_4195|Metals|Nickel_resistance|Nickel_resistance_protein|NIRA|MEG_4195|NIRA-4195_C_302_A,0,0,0,0,0,2,0,2,2,1
MEG_4195|Metals|Nickel_resistance|Nickel_resistance_protein|NIRA|MEG_4195|NIRA-4195_C_305_G,0,0,0,0,0,2,0,1,2,1
MEG_4195|Metals|Nickel_resistance|Nickel_resistance_protein|NIRA|MEG_4195|NIRA-4195_G_486_A,0,0,0,0,0,0,0,3,2,0
MEG_4195|Metals|Nickel_resistance|Nickel_resistance_protein|NIRA|MEG_4195|NIRA-4195_G_499_C,0,0,0,0,0,0,0,3,2,0
MEG_4195|Metals|Nickel_resistance|Nickel_resistance_protein|NIRA|MEG_4195|NIRA-4195_C_530_G,0,1,3,0,0,0,0,0,0,0
MEG_4195|Metals|Nickel_resistance|Nickel_resistance_protein|NIRA|MEG_4195|NIRA-4195_T_534_A,0,0,0,0,0,1,0,5,2,1
MEG_4195|Metals|Nickel_resistance|Nickel_resistance_protein|NIRA|MEG_4195|NIRA-4195_C_639_T,0,0,0,0,0,1,0,4,4,2
MEG_4197|Metals|Nickel_resistance|Nickel_resistance_protein|NIRC|MEG_4197|NIRC-4197_A_373_T,0,0,0,0,0,0,8,3,1,0
MEG_4197|Metals|Nickel_resistance|Nickel_resistance_protein|NIRC|MEG_4197|NIRC-4197_T_432_G,0,0,0,0,0,0,9,2,1,0
MEG_4197|Metals|Nickel_resistance|Nickel_resistance_protein|NIRC|MEG_4197|NIRC-4197_G_723_T,0,0,0,0,0,0,4,3,1,0
MEG_4197|Metals|Nickel_resistance|Nickel_resistance_protein|NIRC|MEG_4197|NIRC-4197_A_810_G,0,0,3,2,0,0,0,0,0,0
MEG_4197|Metals|Nickel_resistance|Nickel_resistance_protein|NIRC|MEG_4197|NIRC-4197_C_898_G,0,0,0,0,0,0,4,0,0,0
MEG_4198|Metals|Nickel_resistance|Nickel_resistance_protein|NIRD|MEG_4198|NIRD-4198_C_104_G,2,0,1,2,0,0,0,0,0,0
MEG_4198|Metals|Nickel_resistance|Nickel_resistance_protein|NIRD|MEG_4198|NIRD-4198_C_258_T,3,0,2,3,0,0,0,0,0,0
MEG_4198|Metals|Nickel_resistance|Nickel_resistance_protein|NIRD|MEG_4198|NIRD-4198_A_397_C,0,0,0,0,0,3,0,0,0,1
MEG_4199|Metals|Nickel_resistance|Nickel_resistance_protein|NIXA|MEG_4199|NIXA-4199_A_70_T,0,0,0,0,0,0,0,4,2,1
MEG_4199|Metals|Nickel_resistance|Nickel_resistance_protein|NIXA|MEG_4199|NIXA-4199_A_79_T,0,0,0,0,0,0,0,4,2,1
MEG_4199|Metals|Nickel_resistance|Nickel_resistance_protein|NIXA|MEG_4199|NIXA-4199_G_122_A,2,0,0,1,1,0,0,0,0,0
MEG_4199|Metals|Nickel_resistance|Nickel_resistance_protein|NIXA|MEG_4199|NIXA-4199_A_131_T,0,0,0,0,0,0,0,6,2,1
MEG_4200|Metals|Nickel_resistance|Nickel_resistance_protein|NIXA|MEG_4200|NIXA-4200_A_95_T,0,0,0,0,0,0,2,2,0,0
MEG_4200|Metals|Nickel_resistance|Nickel_resistance_protein|NIXA|MEG_4200|NIXA-4200_A_187_G,0,0,0,0,0,0,3,2,1,0
MEG_4200|Metals|Nickel_resistance|Nickel_resistance_protein|NIXA|MEG_4200|NIXA-4200_A_249_T,0,0,0,0,0,0,2,2,0,0
MEG_4200|Metals|Nickel_resistance|Nickel_resistance_protein|NIXA|MEG_4200|NIXA-4200_A_295_C,2,2,5,6,0,0,0,0,0,0
MEG_4200|Metals|Nickel_resistance|Nickel_resistance_protein|NIXA|MEG_4200|NIXA-4200_A_300_T,2,2,4,5,0,0,0,0,0,0
MEG_4200|Metals|Nickel_resistance|Nickel_resistance_protein|NIXA|MEG_4200|NIXA-4200_C_420_T,0,0,0,0,0,0,8,3,0,0
MEG_4200|Metals|Nickel_resistance|Nickel_resistance_protein|NIXA|MEG_4200|NIXA-4200_T_522_G,0,0,0,0,0,0,9,1,0,0
MEG_4200|Metals|Nickel_resistance|Nickel_resistance_protein|NIXA|MEG_4200|NIXA-4200_G_612_C,0,0,0,0,0,0,7,5,0,0
MEG_4200|Metals|Nickel_resistance|Nickel_resistance_protein|NIXA|MEG_4200|NIXA-4200_C_626_A,0,0,0,0,0,0,6,4,0,0
MEG_4200|Metals|Nickel_resistance|Nickel_resistance_protein|NIXA|MEG_4200|NIXA-4200_C_720_G,0,0,0,0,0,0,10,4,0,0
MEG_4200|Metals|Nickel_resistance|Nickel_resistance_protein|NIXA|MEG_4200|NIXA-4200_A_788_T,0,0,5,5,0,0,0,0,0,0
MEG_4200|Metals|Nickel_resistance|Nickel_resistance_protein|NIXA|MEG_4200|NIXA-4200_A_807_C,0,0,0,0,0,0,4,5,2,0
MEG_4200|Metals|Nickel_resistance|Nickel_resistance_protein|NIXA|MEG_4200|NIXA-4200_G_881_A,0,0,0,0,0,0,7,3,0,0
MEG_4200|Metals|Nickel_resistance|Nickel_resistance_protein|NIXA|MEG_4200|NIXA-4200_A_899_C,1,1,3,2,0,0,0,0,0,0
MEG_4203|Biocides|Paraquat_resistance|Paraquat_resistance_protein|NMPC|MEG_4203|NMPC-4203_A_72_T,0,0,0,0,0,3,0,1,3,3
MEG_4203|Biocides|Paraquat_resistance|Paraquat_resistance_protein|NMPC|MEG_4203|NMPC-4203_T_95_C,0,0,0,0,0,3,0,1,2,3
MEG_4203|Biocides|Paraquat_resistance|Paraquat_resistance_protein|NMPC|MEG_4203|NMPC-4203_A_197_G,0,0,0,0,0,2,0,1,1,2
MEG_4203|Biocides|Paraquat_resistance|Paraquat_resistance_protein|NMPC|MEG_4203|NMPC-4203_T_258_A,0,0,0,0,0,1,0,1,2,1
MEG_4203|Biocides|Paraquat_resistance|Paraquat_resistance_protein|NMPC|MEG_4203|NMPC-4203_A_275_C,1,0,1,1,3,0,0,0,0,0
MEG_4203|Biocides|Paraquat_resistance|Paraquat_resistance_protein|NMPC|MEG_4203|NMPC-4203_A_278_T,0,0,0,0,0,0,0,2,3,1
MEG_4203|Biocides|Paraquat_resistance|Paraquat_resistance_protein|NMPC|MEG_4203|NMPC-4203_C_329_G,0,0,0,0,0,0,0,2,3,1
MEG_4203|Biocides|Paraquat_resistance|Paraquat_resistance_protein|NMPC|MEG_4203|NMPC-4203_T_455_C,2,0,2,2,1,0,0,0,0,0
MEG_4203|Biocides|Paraquat_resistance|Paraquat_resistance_protein|NMPC|MEG_4203|NMPC-4203_A_472_C,2,0,2,2,1,0,0,0,0,0
MEG_4203|Biocides|Paraquat_resistance|Paraquat_resistance_protein|NMPC|MEG_4203|NMPC-4203_A_620_G,0,0,1,0,5,0,0,0,0,0
MEG_4203|Biocides|Paraquat_resistance|Paraquat_resistance_protein|NMPC|MEG_4203|NMPC-4203_G_866_C,1,1,0,1,1,0,0,0,0,0
MEG_4204|Biocides|Paraquat_resistance|Paraquat_resistance_protein|NMPC|MEG_4204|NMPC-4204_C_144_T,1,1,1,7,0,0,0,0,0,0
MEG_4204|Biocides|Paraquat_resistance|Paraquat_resistance_protein|NMPC|MEG_4204|NMPC-4204_G_361_A,2,0,0,2,0,0,0,0,0,0
MEG_4204|Biocides|Paraquat_resistance|Paraquat_resistance_protein|NMPC|MEG_4204|NMPC-4204_C_377_A,2,0,0,3,0,0,0,0,0,0
MEG_4204|Biocides|Paraquat_resistance|Paraquat_resistance_protein|NMPC|MEG_4204|NMPC-4204_C_459_G,0,1,0,3,0,0,0,0,0,0
MEG_4204|Biocides|Paraquat_resistance|Paraquat_resistance_protein|NMPC|MEG_4204|NMPC-4204_C_521_A,1,1,1,3,0,0,0,0,0,0
MEG_4204|Biocides|Paraquat_resistance|Paraquat_resistance_protein|NMPC|MEG_4204|NMPC-4204_A_549_T,2,1,1,2,0,0,0,0,0,0
MEG_4204|Biocides|Paraquat_resistance|Paraquat_resistance_protein|NMPC|MEG_4204|NMPC-4204_A_648_G,0,0,0,0,0,0,4,1,0,0
MEG_4206|Multi-compound|Drug_and_biocide_resistance|Drug_and_biocide_MFS_efflux_pumps|NORA|MEG_4206|NORA-4206_C_139_A,1,0,0,5,0,0,0,0,0,0
MEG_4206|Multi-compound|Drug_and_biocide_resistance|Drug_and_biocide_MFS_efflux_pumps|NORA|MEG_4206|NORA-4206_C_388_T,1,0,0,5,0,0,0,0,0,0
MEG_4206|Multi-compound|Drug_and_biocide_resistance|Drug_and_biocide_MFS_efflux_pumps|NORA|MEG_4206|NORA-4206_T_424_C,1,0,0,4,1,0,0,0,0,0
MEG_4210|Multi-compound|Drug_and_biocide_resistance|Drug_and_biocide_MFS_efflux_pumps|NORB|MEG_4210|NORB-4210_A_319_G,0,0,0,0,0,5,11,2,0,0
MEG_4210|Multi-compound|Drug_and_biocide_resistance|Drug_and_biocide_MFS_efflux_pumps|NORB|MEG_4210|NORB-4210_C_374_T,0,0,0,0,0,4,14,2,2,0
MEG_4210|Multi-compound|Drug_and_biocide_resistance|Drug_and_biocide_MFS_efflux_pumps|NORB|MEG_4210|NORB-4210_T_499_A,0,0,0,0,0,2,15,1,1,0
MEG_4210|Multi-compound|Drug_and_biocide_resistance|Drug_and_biocide_MFS_efflux_pumps|NORB|MEG_4210|NORB-4210_T_520_A,0,0,0,0,0,2,11,0,1,0
MEG_4211|Drugs|Multi-drug_resistance|Multi-drug_MFS_efflux_pumps|NORBD|MEG_4211|NORBD-4211_T_263_C,3,2,2,6,0,0,0,0,0,0
MEG_4211|Drugs|Multi-drug_resistance|Multi-drug_MFS_efflux_pumps|NORBD|MEG_4211|NORBD-4211_T_382_A,3,0,2,7,0,0,0,0,0,0
MEG_4211|Drugs|Multi-drug_resistance|Multi-drug_MFS_efflux_pumps|NORBD|MEG_4211|NORBD-4211_T_654_G,4,0,4,11,0,0,0,0,0,0
MEG_4211|Drugs|Multi-drug_resistance|Multi-drug_MFS_efflux_pumps|NORBD|MEG_4211|NORBD-4211_T_720_C,3,0,11,15,0,0,0,0,0,0
MEG_4211|Drugs|Multi-drug_resistance|Multi-drug_MFS_efflux_pumps|NORBD|MEG_4211|NORBD-4211_C_863_A,2,0,4,12,0,0,0,0,0,0
MEG_4211|Drugs|Multi-drug_resistance|Multi-drug_MFS_efflux_pumps|NORBD|MEG_4211|NORBD-4211_A_1197_T,2,1,3,5,0,0,0,0,0,0
MEG_4212|Multi-compound|Drug_and_biocide_resistance|Drug_and_biocide_MATE_efflux_pumps|NORM|MEG_4212|NORM-4212_C_173_A,0,0,0,0,0,9,6,6,1,0
MEG_4212|Multi-compound|Drug_and_biocide_resistance|Drug_and_biocide_MATE_efflux_pumps|NORM|MEG_4212|NORM-4212_A_211_G,0,0,0,0,0,4,5,4,1,0
MEG_4212|Multi-compound|Drug_and_biocide_resistance|Drug_and_biocide_MATE_efflux_pumps|NORM|MEG_4212|NORM-4212_G_343_C,0,0,0,0,0,7,14,2,0,0
MEG_4212|Multi-compound|Drug_and_biocide_resistance|Drug_and_biocide_MATE_efflux_pumps|NORM|MEG_4212|NORM-4212_T_467_A,0,0,0,0,0,8,8,4,0,0
MEG_4212|Multi-compound|Drug_and_biocide_resistance|Drug_and_biocide_MATE_efflux_pumps|NORM|MEG_4212|NORM-4212_C_517_G,0,0,0,0,0,11,8,3,0,1
MEG_4212|Multi-compound|Drug_and_biocide_resistance|Drug_and_biocide_MATE_efflux_pumps|NORM|MEG_4212|NORM-4212_G_616_C,0,0,0,0,0,10,12,4,2,0
MEG_4212|Multi-compound|Drug_and_biocide_resistance|Drug_and_biocide_MATE_efflux_pumps|NORM|MEG_4212|NORM-4212_C_803_A,0,0,0,0,0,12,11,4,1,0
MEG_4212|Multi-compound|Drug_and_biocide_resistance|Drug_and_biocide_MATE_efflux_pumps|NORM|MEG_4212|NORM-4212_G_1189_A,0,0,0,0,0,7,5,6,0,0
MEG_4212|Multi-compound|Drug_and_biocide_resistance|Drug_and_biocide_MATE_efflux_pumps|NORM|MEG_4212|NORM-4212_C_1281_T,0,0,0,0,0,7,12,0,0,0
MEG_4212|Multi-compound|Drug_and_biocide_resistance|Drug_and_biocide_MATE_efflux_pumps|NORM|MEG_4212|NORM-4212_T_1304_A,0,0,0,0,0,5,11,0,0,0
MEG_4214|Drugs|Aminocoumarins|Aminocoumarin_efflux_pump|NOVA|MEG_4214|NOVA-4214_A_26_G,0,0,0,0,0,0,6,1,1,2
MEG_4214|Drugs|Aminocoumarins|Aminocoumarin_efflux_pump|NOVA|MEG_4214|NOVA-4214_G_112_C,0,0,0,0,0,3,10,2,0,3
MEG_4214|Drugs|Aminocoumarins|Aminocoumarin_efflux_pump|NOVA|MEG_4214|NOVA-4214_A_115_C,3,0,0,1,4,0,0,0,0,0
MEG_4214|Drugs|Aminocoumarins|Aminocoumarin_efflux_pump|NOVA|MEG_4214|NOVA-4214_A_624_T,7,1,0,5,11,0,0,0,0,0
MEG_4214|Drugs|Aminocoumarins|Aminocoumarin_efflux_pump|NOVA|MEG_4214|NOVA-4214_G_645_C,0,0,0,0,0,3,12,3,2,5
MEG_4214|Drugs|Aminocoumarins|Aminocoumarin_efflux_pump|NOVA|MEG_4214|NOVA-4214_C_899_A,0,0,0,0,0,5,13,5,0,6
MEG_4214|Drugs|Aminocoumarins|Aminocoumarin_efflux_pump|NOVA|MEG_4214|NOVA-4214_T_1562_A,3,1,0,2,4,0,0,0,0,0
MEG_4214|Drugs|Aminocoumarins|Aminocoumarin_efflux_pump|NOVA|MEG_4214|NOVA-4214_A_1742_T,3,3,0,2,4,0,0,0,0,0
MEG_4217|Metals|Multi-metal_resistance|Multi-metal_resistance_protein|NREB|MEG_4217|NREB-4217_A_99_C,0,0,0,0,0,5,3,3,1,0
MEG_4217|Metals|Multi-metal_resistance|Multi-metal_resistance_protein|NREB|MEG_4217|NREB-4217_C_129_T,4,1,2,8,0,0,0,0,0,0
MEG_4217|Metals|Multi-metal_resistance|Multi-metal_resistance_protein|NREB|MEG_4217|NREB-4217_T_252_G,0,0,0,0,0,3,0,3,4,0
MEG_4217|Metals|Multi-metal_resistance|Multi-metal_resistance_protein|NREB|MEG_4217|NREB-4217_G_285_T,6,0,1,11,2,0,0,0,0,0
MEG_4217|Metals|Multi-metal_resistance|Multi-metal_resistance_protein|NREB|MEG_4217|NREB-4217_C_304_T,8,0,3,10,2,0,0,0,0,0
MEG_4217|Metals|Multi-metal_resistance|Multi-metal_resistance_protein|NREB|MEG_4217|NREB-4217_C_496_A,0,0,0,0,0,4,5,4,1,0
MEG_4217|Metals|Multi-metal_resistance|Multi-metal_resistance_protein|NREB|MEG_4217|NREB-4217_G_556_C,0,0,0,0,0,2,5,3,3,0
MEG_4217|Metals|Multi-metal_resistance|Multi-metal_resistance_protein|NREB|MEG_4217|NREB-4217_A_617_G,3,1,1,9,2,0,0,0,0,0
MEG_4217|Metals|Multi-metal_resistance|Multi-metal_resistance_protein|NREB|MEG_4217|NREB-4217_C_850_T,3,1,3,4,3,0,0,0,0,0
MEG_4217|Metals|Multi-metal_resistance|Multi-metal_resistance_protein|NREB|MEG_4217|NREB-4217_A_866_G,0,0,0,0,0,2,2,2,1,1
MEG_4217|Metals|Multi-metal_resistance|Multi-metal_resistance_protein|NREB|MEG_4217|NREB-4217_C_917_A,0,0,0,0,0,4,4,2,0,0
MEG_4217|Metals|Multi-metal_resistance|Multi-metal_resistance_protein|NREB|MEG_4217|NREB-4217_A_1138_C,0,0,0,0,0,5,2,3,4,1
MEG_4218|Metals|Nickel_resistance|Nickel_RND_efflux_pumps|NRSA|MEG_4218|NRSA-4218_G_818_A,8,1,0,1,0,0,0,0,0,0
MEG_4218|Metals|Nickel_resistance|Nickel_RND_efflux_pumps|NRSA|MEG_4218|NRSA-4218_C_1531_G,0,0,0,0,0,10,0,9,2,0
MEG_4218|Metals|Nickel_resistance|Nickel_RND_efflux_pumps|NRSA|MEG_4218|NRSA-4218_A_2163_T,6,6,1,1,1,0,0,0,0,0
MEG_4218|Metals|Nickel_resistance|Nickel_RND_efflux_pumps|NRSA|MEG_4218|NRSA-4218_T_2172_C,6,6,1,1,0,0,0,0,0,0
MEG_4218|Metals|Nickel_resistance|Nickel_RND_efflux_pumps|NRSA|MEG_4218|NRSA-4218_G_2263_C,8,5,0,0,0,0,0,0,0,0
MEG_4218|Metals|Nickel_resistance|Nickel_RND_efflux_pumps|NRSA|MEG_4218|NRSA-4218_T_2274_A,0,0,0,0,0,7,0,5,4,0
MEG_4218|Metals|Nickel_resistance|Nickel_RND_efflux_pumps|NRSA|MEG_4218|NRSA-4218_G_2295_A,9,3,0,1,1,0,0,0,0,0
MEG_4218|Metals|Nickel_resistance|Nickel_RND_efflux_pumps|NRSA|MEG_4218|NRSA-4218_A_2806_C,0,0,0,0,0,3,0,3,2,0
MEG_4218|Metals|Nickel_resistance|Nickel_RND_efflux_pumps|NRSA|MEG_4218|NRSA-4218_A_2911_T,5,0,0,1,1,0,0,0,0,0
MEG_4218|Metals|Nickel_resistance|Nickel_RND_efflux_pumps|NRSA|MEG_4218|NRSA-4218_G_2955_A,5,0,0,0,0,0,0,0,0,0
MEG_4220|Metals|Nickel_resistance|Nickel_resistance_regulator|NRSR|MEG_4220|NRSR-4220_T_63_G,0,16,0,0,0,0,0,0,0,0
MEG_4220|Metals|Nickel_resistance|Nickel_resistance_regulator|NRSR|MEG_4220|NRSR-4220_T_80_C,0,16,0,0,0,0,0,0,0,0
MEG_4220|Metals|Nickel_resistance|Nickel_resistance_regulator|NRSR|MEG_4220|NRSR-4220_T_139_A,0,14,0,2,0,0,0,0,0,0
MEG_4220|Metals|Nickel_resistance|Nickel_resistance_regulator|NRSR|MEG_4220|NRSR-4220_G_259_T,0,9,0,0,0,0,0,0,0,0
MEG_4220|Metals|Nickel_resistance|Nickel_resistance_regulator|NRSR|MEG_4220|NRSR-4220_G_271_C,0,11,0,1,0,0,0,0,0,0
MEG_4220|Metals|Nickel_resistance|Nickel_resistance_regulator|NRSR|MEG_4220|NRSR-4220_A_374_T,0,15,0,0,0,0,0,0,0,0
MEG_4220|Metals|Nickel_resistance|Nickel_resistance_regulator|NRSR|MEG_4220|NRSR-4220_C_414_G,0,15,0,1,0,0,0,0,0,0
MEG_4220|Metals|Nickel_resistance|Nickel_resistance_regulator|NRSR|MEG_4220|NRSR-4220_T_485_G,0,15,0,1,0,0,0,0,0,0
MEG_4220|Metals|Nickel_resistance|Nickel_resistance_regulator|NRSR|MEG_4220|NRSR-4220_C_539_A,0,18,0,1,0,0,0,0,0,0
MEG_4221|Metals|Nickel_resistance|Nickel_resistance_regulator|NRSS|MEG_4221|NRSS-4221_G_125_C,0,0,0,0,0,0,0,6,1,2
MEG_4221|Metals|Nickel_resistance|Nickel_resistance_regulator|NRSS|MEG_4221|NRSS-4221_C_294_G,0,0,0,0,0,1,4,10,0,1
MEG_4221|Metals|Nickel_resistance|Nickel_resistance_regulator|NRSS|MEG_4221|NRSS-4221_C_528_A,0,0,0,0,0,1,0,12,0,0
MEG_4221|Metals|Nickel_resistance|Nickel_resistance_regulator|NRSS|MEG_4221|NRSS-4221_G_541_C,5,3,7,1,7,0,0,0,0,0
MEG_4221|Metals|Nickel_resistance|Nickel_resistance_regulator|NRSS|MEG_4221|NRSS-4221_G_735_T,6,3,3,0,1,0,0,0,0,0
MEG_4221|Metals|Nickel_resistance|Nickel_resistance_regulator|NRSS|MEG_4221|NRSS-4221_A_758_G,0,0,0,0,0,0,1,8,0,3
MEG_4221|Metals|Nickel_resistance|Nickel_resistance_regulator|NRSS|MEG_4221|NRSS-4221_C_798_T,9,4,5,1,6,0,0,0,0,0
MEG_4221|Metals|Nickel_resistance|Nickel_resistance_regulator|NRSS|MEG_4221|NRSS-4221_A_1010_T,4,1,3,0,2,0,0,0,0,0
MEG_4221|Metals|Nickel_resistance|Nickel_resistance_regulator|NRSS|MEG_4221|NRSS-4221_A_1311_G,4,1,1,0,2,0,0,0,0,0
MEG_4222|Drugs|Thiopeptides|Thiostrepton_23S_rRNA_methyltransferases|NSHR|MEG_4222|NSHR-4222_t_233_A,0,1,0,2,2,0,0,0,0,0
MEG_4222|Drugs|Thiopeptides|Thiostrepton_23S_rRNA_methyltransferases|NSHR|MEG_4222|NSHR-4222_c_453_G,0,1,1,0,4,0,0,0,0,0
MEG_4222|Drugs|Thiopeptides|Thiostrepton_23S_rRNA_methyltransferases|NSHR|MEG_4222|NSHR-4222_g_760_A,0,0,0,3,3,0,0,0,0,0
MEG_4223|Drugs|Oxazolidinone|Oxazolidinone-resistant_23S_rRNA_mutation|O23S|MEG_4223|O23S-4223_C_214_T,3,1,0,6,0,2,1,3,1,2
MEG_4223|Drugs|Oxazolidinone|Oxazolidinone-resistant_23S_rRNA_mutation|O23S|MEG_4223|O23S-4223_G_216_C,3,1,0,7,0,2,2,4,1,2
MEG_4223|Drugs|Oxazolidinone|Oxazolidinone-resistant_23S_rRNA_mutation|O23S|MEG_4223|O23S-4223_T_244_G,4,2,0,15,1,2,4,10,4,4
MEG_4223|Drugs|Oxazolidinone|Oxazolidinone-resistant_23S_rRNA_mutation|O23S|MEG_4223|O23S-4223_T_483_C,1,0,2,5,1,1,2,5,3,3
MEG_4223|Drugs|Oxazolidinone|Oxazolidinone-resistant_23S_rRNA_mutation|O23S|MEG_4223|O23S-4223_A_537_G,0,0,2,0,0,1,1,0,1,0
MEG_4223|Drugs|Oxazolidinone|Oxazolidinone-resistant_23S_rRNA_mutation|O23S|MEG_4223|O23S-4223_A_554_T,2,1,0,4,1,0,1,6,1,4
MEG_4223|Drugs|Oxazolidinone|Oxazolidinone-resistant_23S_rRNA_mutation|O23S|MEG_4223|O23S-4223_T_570_C,2,1,0,2,0,0,1,4,0,2
MEG_4223|Drugs|Oxazolidinone|Oxazolidinone-resistant_23S_rRNA_mutation|O23S|MEG_4223|O23S-4223_C_1083_G,2,2,0,17,2,0,1,10,4,5
MEG_4223|Drugs|Oxazolidinone|Oxazolidinone-resistant_23S_rRNA_mutation|O23S|MEG_4223|O23S-4223_C_1089_A,2,2,0,17,2,0,2,11,4,8
MEG_4223|Drugs|Oxazolidinone|Oxazolidinone-resistant_23S_rRNA_mutation|O23S|MEG_4223|O23S-4223_T_1123_C,6,6,2,29,4,1,8,22,5,10
MEG_4223|Drugs|Oxazolidinone|Oxazolidinone-resistant_23S_rRNA_mutation|O23S|MEG_4223|O23S-4223_A_1162_C,8,6,3,25,4,2,7,20,4,8
MEG_4223|Drugs|Oxazolidinone|Oxazolidinone-resistant_23S_rRNA_mutation|O23S|MEG_4223|O23S-4223_T_1682_C,1,1,31,1,3,1,4,1,4,1
MEG_4223|Drugs|Oxazolidinone|Oxazolidinone-resistant_23S_rRNA_mutation|O23S|MEG_4223|O23S-4223_C_1697_T,1,1,31,1,3,1,4,1,4,1
MEG_4223|Drugs|Oxazolidinone|Oxazolidinone-resistant_23S_rRNA_mutation|O23S|MEG_4223|O23S-4223_C_1915_T,0,0,9,4,2,1,1,1,1,0
MEG_4223|Drugs|Oxazolidinone|Oxazolidinone-resistant_23S_rRNA_mutation|O23S|MEG_4223|O23S-4223_A_1927_G,0,2,1,1,0,0,1,1,0,0
MEG_4223|Drugs|Oxazolidinone|Oxazolidinone-resistant_23S_rRNA_mutation|O23S|MEG_4223|O23S-4223_G_1976_A,0,2,1,1,0,0,1,1,0,0
MEG_4223|Drugs|Oxazolidinone|Oxazolidinone-resistant_23S_rRNA_mutation|O23S|MEG_4223|O23S-4223_C_2002_T,0,1,0,0,0,2,1,0,1,0
MEG_4223|Drugs|Oxazolidinone|Oxazolidinone-resistant_23S_rRNA_mutation|O23S|MEG_4223|O23S-4223_C_2007_T,0,0,3,0,5,3,2,1,1,2
MEG_4223|Drugs|Oxazolidinone|Oxazolidinone-resistant_23S_rRNA_mutation|O23S|MEG_4223|O23S-4223_T_2011_C,1,4,97,6,10,5,27,15,31,14
MEG_4223|Drugs|Oxazolidinone|Oxazolidinone-resistant_23S_rRNA_mutation|O23S|MEG_4223|O23S-4223_G_2014_A,0,0,3,0,4,1,2,1,0,2
MEG_4223|Drugs|Oxazolidinone|Oxazolidinone-resistant_23S_rRNA_mutation|O23S|MEG_4223|O23S-4223_C_2045_T,3,1,3,12,1,0,2,4,3,3
MEG_4223|Drugs|Oxazolidinone|Oxazolidinone-resistant_23S_rRNA_mutation|O23S|MEG_4223|O23S-4223_A_2046_T,3,1,0,12,1,0,2,4,3,2
MEG_4223|Drugs|Oxazolidinone|Oxazolidinone-resistant_23S_rRNA_mutation|O23S|MEG_4223|O23S-4223_A_2412_G,0,1,4,1,1,1,0,0,0,0
MEG_4223|Drugs|Oxazolidinone|Oxazolidinone-resistant_23S_rRNA_mutation|O23S|MEG_4223|O23S-4223_C_2471_T,0,2,62,7,6,0,9,8,10,5
MEG_4223|Drugs|Oxazolidinone|Oxazolidinone-resistant_23S_rRNA_mutation|O23S|MEG_4223|O23S-4223_T_2502_C,4,2,112,13,13,1,12,15,19,11
MEG_4223|Drugs|Oxazolidinone|Oxazolidinone-resistant_23S_rRNA_mutation|O23S|MEG_4223|O23S-4223_G_2514_A,0,0,0,0,4,1,0,0,0,0
MEG_4223|Drugs|Oxazolidinone|Oxazolidinone-resistant_23S_rRNA_mutation|O23S|MEG_4223|O23S-4223_A_2516_T,0,0,0,0,4,1,0,0,0,0
MEG_4223|Drugs|Oxazolidinone|Oxazolidinone-resistant_23S_rRNA_mutation|O23S|MEG_4223|O23S-4223_A_2541_G,0,0,0,6,0,1,0,5,0,2
MEG_4223|Drugs|Oxazolidinone|Oxazolidinone-resistant_23S_rRNA_mutation|O23S|MEG_4223|O23S-4223_T_2558_A,0,1,1,0,0,0,1,1,0,1
MEG_4223|Drugs|Oxazolidinone|Oxazolidinone-resistant_23S_rRNA_mutation|O23S|MEG_4223|O23S-4223_G_2560_T,8,5,1,1,2,4,0,2,2,1
MEG_4223|Drugs|Oxazolidinone|Oxazolidinone-resistant_23S_rRNA_mutation|O23S|MEG_4223|O23S-4223_T_2561_C,0,1,2,0,12,1,2,2,3,1
MEG_4223|Drugs|Oxazolidinone|Oxazolidinone-resistant_23S_rRNA_mutation|O23S|MEG_4223|O23S-4223_C_2562_A,0,2,4,0,12,1,3,3,3,2
MEG_4223|Drugs|Oxazolidinone|Oxazolidinone-resistant_23S_rRNA_mutation|O23S|MEG_4223|O23S-4223_G_2576_T,7,5,0,1,2,4,0,3,2,1
MEG_4223|Drugs|Oxazolidinone|Oxazolidinone-resistant_23S_rRNA_mutation|O23S|MEG_4223|O23S-4223_C_2588_A,7,4,0,0,2,4,0,3,2,1
MEG_4223|Drugs|Oxazolidinone|Oxazolidinone-resistant_23S_rRNA_mutation|O23S|MEG_4223|O23S-4223_T_2599_C,1,2,5,16,1,12,8,6,2,8
MEG_4223|Drugs|Oxazolidinone|Oxazolidinone-resistant_23S_rRNA_mutation|O23S|MEG_4223|O23S-4223_C_2603_T,1,1,0,1,1,2,0,0,0,0
MEG_4223|Drugs|Oxazolidinone|Oxazolidinone-resistant_23S_rRNA_mutation|O23S|MEG_4223|O23S-4223_T_2647_G,0,0,0,0,2,0,1,0,1,0
MEG_4223|Drugs|Oxazolidinone|Oxazolidinone-resistant_23S_rRNA_mutation|O23S|MEG_4223|O23S-4223_T_2650_C,3,12,132,26,17,25,34,29,33,35
MEG_4223|Drugs|Oxazolidinone|Oxazolidinone-resistant_23S_rRNA_mutation|O23S|MEG_4223|O23S-4223_A_2657_T,0,4,0,11,0,2,2,3,1,1
MEG_4223|Drugs|Oxazolidinone|Oxazolidinone-resistant_23S_rRNA_mutation|O23S|MEG_4223|O23S-4223_G_2673_C,1,5,91,2,11,3,23,15,25,19
MEG_4223|Drugs|Oxazolidinone|Oxazolidinone-resistant_23S_rRNA_mutation|O23S|MEG_4223|O23S-4223_A_2705_T,1,0,3,8,0,5,2,4,3,3
MEG_4223|Drugs|Oxazolidinone|Oxazolidinone-resistant_23S_rRNA_mutation|O23S|MEG_4223|O23S-4223_T_2706_G,1,0,3,7,0,5,2,4,3,3
MEG_4223|Drugs|Oxazolidinone|Oxazolidinone-resistant_23S_rRNA_mutation|O23S|MEG_4223|O23S-4223_T_2710_G,1,3,38,1,5,1,10,6,11,11
MEG_4273|Drugs|betalactams|Class_A_betalactamases|OKP|MEG_4273|OKP-4273_T_143_A,0,0,0,0,0,0,4,3,0,2
MEG_4273|Drugs|betalactams|Class_A_betalactamases|OKP|MEG_4273|OKP-4273_G_543_T,0,0,0,0,0,0,3,0,1,1
MEG_4275|Drugs|MLS|MLS_resistance_ABC_efflux_pumps|OLEB|MEG_4275|OLEB-4275_G_670_T,0,0,0,0,0,4,0,1,0,3
MEG_4275|Drugs|MLS|MLS_resistance_ABC_efflux_pumps|OLEB|MEG_4275|OLEB-4275_T_680_A,0,0,0,0,0,3,0,2,0,3
MEG_4275|Drugs|MLS|MLS_resistance_ABC_efflux_pumps|OLEB|MEG_4275|OLEB-4275_T_890_A,0,0,0,0,0,2,0,3,2,1
MEG_4275|Drugs|MLS|MLS_resistance_ABC_efflux_pumps|OLEB|MEG_4275|OLEB-4275_G_1208_A,0,0,0,0,0,2,0,4,2,1
MEG_4275|Drugs|MLS|MLS_resistance_ABC_efflux_pumps|OLEB|MEG_4275|OLEB-4275_G_1453_T,0,0,0,0,0,2,0,2,1,2
MEG_4276|Drugs|MLS|MLS_resistance_ABC_efflux_pumps|OLEC|MEG_4276|OLEC-4276_T_128_C,0,0,0,0,0,1,0,1,2,2
MEG_4276|Drugs|MLS|MLS_resistance_ABC_efflux_pumps|OLEC|MEG_4276|OLEC-4276_G_367_A,0,0,0,0,0,0,0,1,2,2
MEG_4276|Drugs|MLS|MLS_resistance_ABC_efflux_pumps|OLEC|MEG_4276|OLEC-4276_C_679_A,0,0,0,0,0,0,0,6,1,1
MEG_4288|Drugs|Multi-drug_resistance|MDR_mutant_porin_proteins|OMPF|MEG_4288|OMPF-4288_T_153_C,2,1,0,0,7,1,1,0,1,1
MEG_4288|Drugs|Multi-drug_resistance|MDR_mutant_porin_proteins|OMPF|MEG_4288|OMPF-4288_T_303_C,3,1,1,0,6,1,3,0,1,2
MEG_4288|Drugs|Multi-drug_resistance|MDR_mutant_porin_proteins|OMPF|MEG_4288|OMPF-4288_T_369_C,2,0,0,2,6,1,1,1,3,4
MEG_4288|Drugs|Multi-drug_resistance|MDR_mutant_porin_proteins|OMPF|MEG_4288|OMPF-4288_G_920_A,4,0,0,0,8,0,0,1,1,1
MEG_4289|Drugs|betalactams|Mutant_porin_proteins|OMPFB|MEG_4289|OMPFB-4289_T_120_C,3,0,5,5,3,0,2,1,1,0
MEG_4289|Drugs|betalactams|Mutant_porin_proteins|OMPFB|MEG_4289|OMPFB-4289_T_213_A,4,2,3,5,2,0,6,2,0,2
MEG_4289|Drugs|betalactams|Mutant_porin_proteins|OMPFB|MEG_4289|OMPFB-4289_G_343_A,10,1,6,8,5,2,10,2,2,0
MEG_4289|Drugs|betalactams|Mutant_porin_proteins|OMPFB|MEG_4289|OMPFB-4289_A_416_G,1,0,0,5,1,6,1,1,2,0
MEG_4289|Drugs|betalactams|Mutant_porin_proteins|OMPFB|MEG_4289|OMPFB-4289_T_570_C,6,2,5,14,3,4,12,7,2,2
MEG_4289|Drugs|betalactams|Mutant_porin_proteins|OMPFB|MEG_4289|OMPFB-4289_G_920_A,11,1,0,8,1,4,4,1,1,2
MEG_4291|Drugs|Multi-drug_resistance|Multi-drug_RND_efflux_pumps|OPCM|MEG_4291|OPCM-4291_C_176_A,2,4,1,0,3,0,0,0,0,0
MEG_4291|Drugs|Multi-drug_resistance|Multi-drug_RND_efflux_pumps|OPCM|MEG_4291|OPCM-4291_G_209_C,2,2,1,1,6,0,0,0,0,0
MEG_4291|Drugs|Multi-drug_resistance|Multi-drug_RND_efflux_pumps|OPCM|MEG_4291|OPCM-4291_T_238_A,2,0,2,1,6,0,0,0,0,0
MEG_4291|Drugs|Multi-drug_resistance|Multi-drug_RND_efflux_pumps|OPCM|MEG_4291|OPCM-4291_G_582_T,7,4,4,1,8,0,0,0,0,0
MEG_4291|Drugs|Multi-drug_resistance|Multi-drug_RND_efflux_pumps|OPCM|MEG_4291|OPCM-4291_G_926_T,6,2,1,0,6,0,0,0,0,0
MEG_4291|Drugs|Multi-drug_resistance|Multi-drug_RND_efflux_pumps|OPCM|MEG_4291|OPCM-4291_G_1029_T,5,3,2,0,6,0,0,0,0,0
MEG_4294|Drugs|Multi-drug_resistance|Multi-drug_RND_efflux_pumps|OPMH|MEG_4294|OPMH-4294_A_281_G,0,0,0,0,0,0,2,5,0,2
MEG_4294|Drugs|Multi-drug_resistance|Multi-drug_RND_efflux_pumps|OPMH|MEG_4294|OPMH-4294_A_360_C,0,0,0,0,0,0,2,1,0,1
MEG_4294|Drugs|Multi-drug_resistance|Multi-drug_RND_efflux_pumps|OPMH|MEG_4294|OPMH-4294_A_551_T,0,0,0,0,0,0,2,1,1,4
MEG_4294|Drugs|Multi-drug_resistance|Multi-drug_RND_efflux_pumps|OPMH|MEG_4294|OPMH-4294_A_578_C,2,1,1,0,0,0,0,0,0,0
MEG_4294|Drugs|Multi-drug_resistance|Multi-drug_RND_efflux_pumps|OPMH|MEG_4294|OPMH-4294_C_627_A,0,0,0,0,0,0,3,2,0,3
MEG_4294|Drugs|Multi-drug_resistance|Multi-drug_RND_efflux_pumps|OPMH|MEG_4294|OPMH-4294_C_631_A,0,0,0,0,0,0,3,2,0,3
MEG_4294|Drugs|Multi-drug_resistance|Multi-drug_RND_efflux_pumps|OPMH|MEG_4294|OPMH-4294_C_735_T,0,0,0,0,0,0,1,1,0,6
MEG_4294|Drugs|Multi-drug_resistance|Multi-drug_RND_efflux_pumps|OPMH|MEG_4294|OPMH-4294_C_780_T,0,0,0,0,0,0,1,0,0,4
MEG_4295|Drugs|Multi-drug_resistance|Multi-drug_RND_efflux_pumps|OPRA|MEG_4295|OPRA-4295_C_196_T,0,0,0,0,0,1,2,0,3,0
MEG_4295|Drugs|Multi-drug_resistance|Multi-drug_RND_efflux_pumps|OPRA|MEG_4295|OPRA-4295_C_426_G,0,0,0,0,0,1,11,0,0,0
MEG_4297|Biocides|Multi-biocide_resistance|Multi-biocide_RND_efflux_pump|OPRJ|MEG_4297|OPRJ-4297_A_440_C,0,1,0,2,1,0,0,0,0,0
MEG_4297|Biocides|Multi-biocide_resistance|Multi-biocide_RND_efflux_pump|OPRJ|MEG_4297|OPRJ-4297_T_608_G,0,0,0,0,0,1,0,4,0,1
MEG_4297|Biocides|Multi-biocide_resistance|Multi-biocide_RND_efflux_pump|OPRJ|MEG_4297|OPRJ-4297_G_757_C,0,0,0,0,0,1,1,1,1,3
MEG_4297|Biocides|Multi-biocide_resistance|Multi-biocide_RND_efflux_pump|OPRJ|MEG_4297|OPRJ-4297_G_1099_T,0,0,0,0,0,1,1,1,1,1
MEG_4298|Biocides|Multi-biocide_resistance|Multi-biocide_RND_efflux_pump|OPRJ|MEG_4298|OPRJ-4298_A_189_C,0,0,0,4,0,0,0,0,0,0
MEG_4298|Biocides|Multi-biocide_resistance|Multi-biocide_RND_efflux_pump|OPRJ|MEG_4298|OPRJ-4298_C_331_A,0,0,0,3,3,0,0,0,0,0
MEG_4298|Biocides|Multi-biocide_resistance|Multi-biocide_RND_efflux_pump|OPRJ|MEG_4298|OPRJ-4298_A_440_C,0,0,1,6,0,0,0,0,0,0
MEG_4298|Biocides|Multi-biocide_resistance|Multi-biocide_RND_efflux_pump|OPRJ|MEG_4298|OPRJ-4298_T_608_G,0,0,0,0,0,0,0,4,1,0
MEG_4299|Biocides|Multi-biocide_resistance|Multi-biocide_RND_efflux_pump|OPRM|MEG_4299|OPRM-4299_G_733_A,0,3,2,0,0,0,0,0,0,0
MEG_4299|Biocides|Multi-biocide_resistance|Multi-biocide_RND_efflux_pump|OPRM|MEG_4299|OPRM-4299_C_787_A,0,3,1,0,0,0,0,0,0,0
MEG_4299|Biocides|Multi-biocide_resistance|Multi-biocide_RND_efflux_pump|OPRM|MEG_4299|OPRM-4299_G_802_T,0,3,1,0,1,0,0,0,0,0
MEG_4304|Drugs|Multi-drug_resistance|Multi-drug_ABC_efflux_pumps|OPTRA|MEG_4304|OPTRA-4304_T_1610_G,0,2,0,0,2,0,0,0,0,0
MEG_4305|Drugs|Multi-drug_resistance|Multi-drug_ABC_efflux_pumps|OPTRA|MEG_4305|OPTRA-4305_G_186_T,2,0,1,0,1,0,0,0,0,0
MEG_4306|Drugs|Multi-drug_resistance|Multi-drug_ABC_efflux_pumps|OPTRA|MEG_4306|OPTRA-4306_T_1440_C,0,0,0,0,0,0,3,1,0,0
MEG_4307|Drugs|Multi-drug_resistance|Multi-drug_ABC_efflux_pumps|OPTRA|MEG_4307|OPTRA-4307_C_366_A,0,0,0,0,0,5,4,2,0,2
MEG_4307|Drugs|Multi-drug_resistance|Multi-drug_ABC_efflux_pumps|OPTRA|MEG_4307|OPTRA-4307_A_382_C,0,8,0,0,1,0,0,0,0,0
MEG_4307|Drugs|Multi-drug_resistance|Multi-drug_ABC_efflux_pumps|OPTRA|MEG_4307|OPTRA-4307_C_708_T,0,0,0,0,0,1,4,1,0,1
MEG_4307|Drugs|Multi-drug_resistance|Multi-drug_ABC_efflux_pumps|OPTRA|MEG_4307|OPTRA-4307_T_1610_G,0,4,0,0,0,0,0,0,0,0
MEG_4307|Drugs|Multi-drug_resistance|Multi-drug_ABC_efflux_pumps|OPTRA|MEG_4307|OPTRA-4307_G_1867_T,0,6,0,0,0,0,0,0,0,0
MEG_4308|Drugs|Multi-drug_resistance|Multi-drug_ABC_efflux_pumps|OPTRA|MEG_4308|OPTRA-4308_C_366_A,0,0,0,0,0,2,1,2,0,0
MEG_4308|Drugs|Multi-drug_resistance|Multi-drug_ABC_efflux_pumps|OPTRA|MEG_4308|OPTRA-4308_A_382_C,0,5,0,0,0,0,0,0,0,0
MEG_4308|Drugs|Multi-drug_resistance|Multi-drug_ABC_efflux_pumps|OPTRA|MEG_4308|OPTRA-4308_C_708_T,0,0,0,0,0,0,1,3,0,0
MEG_4310|Drugs|Multi-drug_resistance|Multi-drug_ABC_efflux_pumps|OPTRA|MEG_4310|OPTRA-4310_A_382_C,0,4,0,0,0,0,0,0,0,0
MEG_4310|Drugs|Multi-drug_resistance|Multi-drug_ABC_efflux_pumps|OPTRA|MEG_4310|OPTRA-4310_A_519_G,3,0,0,1,0,0,0,0,0,0
MEG_4310|Drugs|Multi-drug_resistance|Multi-drug_ABC_efflux_pumps|OPTRA|MEG_4310|OPTRA-4310_C_536_G,4,0,1,1,0,0,0,0,0,0
MEG_4310|Drugs|Multi-drug_resistance|Multi-drug_ABC_efflux_pumps|OPTRA|MEG_4310|OPTRA-4310_A_679_T,1,0,4,1,0,0,0,0,0,0
MEG_4310|Drugs|Multi-drug_resistance|Multi-drug_ABC_efflux_pumps|OPTRA|MEG_4310|OPTRA-4310_G_1480_C,0,0,0,0,0,0,1,3,0,0
MEG_4311|Drugs|Multi-drug_resistance|Multi-drug_ABC_efflux_pumps|OPTRA|MEG_4311|OPTRA-4311_T_918_A,0,0,0,0,0,0,3,1,0,0
MEG_4311|Drugs|Multi-drug_resistance|Multi-drug_ABC_efflux_pumps|OPTRA|MEG_4311|OPTRA-4311_C_1375_T,0,0,0,0,0,0,2,1,0,1
MEG_4312|Drugs|Multi-drug_resistance|Multi-drug_ABC_efflux_pumps|OPTRA|MEG_4312|OPTRA-4312_T_171_A,2,0,1,1,0,0,0,0,0,0
MEG_4312|Drugs|Multi-drug_resistance|Multi-drug_ABC_efflux_pumps|OPTRA|MEG_4312|OPTRA-4312_T_918_A,0,0,0,0,0,0,2,2,0,2
MEG_4313|Drugs|Multi-drug_resistance|Multi-drug_ABC_efflux_pumps|OPTRA|MEG_4313|OPTRA-4313_A_679_T,0,0,2,2,0,0,0,0,0,0
MEG_4313|Drugs|Multi-drug_resistance|Multi-drug_ABC_efflux_pumps|OPTRA|MEG_4313|OPTRA-4313_A_871_T,0,2,2,0,0,0,0,0,0,0
MEG_4313|Drugs|Multi-drug_resistance|Multi-drug_ABC_efflux_pumps|OPTRA|MEG_4313|OPTRA-4313_T_918_A,0,0,0,0,0,0,1,3,0,0
MEG_4314|Drugs|Multi-drug_resistance|Multi-drug_ABC_efflux_pumps|OPTRA|MEG_4314|OPTRA-4314_A_478_C,0,0,0,1,3,0,0,0,0,0
MEG_4314|Drugs|Multi-drug_resistance|Multi-drug_ABC_efflux_pumps|OPTRA|MEG_4314|OPTRA-4314_C_1319_G,0,3,0,0,1,0,0,0,0,0
MEG_4315|Drugs|Multi-drug_resistance|Multi-drug_ABC_efflux_pumps|OPTRA|MEG_4315|OPTRA-4315_A_1301_T,0,0,0,0,0,0,3,1,0,1
MEG_4316|Drugs|Multi-drug_resistance|Multi-drug_ABC_efflux_pumps|OPTRA|MEG_4316|OPTRA-4316_C_474_A,2,0,2,0,1,0,0,0,0,0
MEG_4316|Drugs|Multi-drug_resistance|Multi-drug_ABC_efflux_pumps|OPTRA|MEG_4316|OPTRA-4316_A_519_G,2,0,3,0,1,0,0,0,0,0
MEG_4319|Drugs|Multi-drug_resistance|Multi-drug_ABC_efflux_pumps|OPTRA|MEG_4319|OPTRA-4319_A_679_T,2,0,0,2,0,0,0,0,0,0
MEG_4319|Drugs|Multi-drug_resistance|Multi-drug_ABC_efflux_pumps|OPTRA|MEG_4319|OPTRA-4319_T_918_A,0,0,0,0,0,0,2,0,0,2
MEG_4320|Drugs|Multi-drug_resistance|Multi-drug_ABC_efflux_pumps|OPTRA|MEG_4320|OPTRA-4320_A_519_G,1,0,2,0,1,0,0,0,0,0
MEG_4321|Drugs|Multi-drug_resistance|Multi-drug_ABC_efflux_pumps|OPTRA|MEG_4321|OPTRA-4321_C_1319_G,0,3,0,0,1,0,0,0,0,0
MEG_4321|Drugs|Multi-drug_resistance|Multi-drug_ABC_efflux_pumps|OPTRA|MEG_4321|OPTRA-4321_G_1867_T,0,3,0,1,1,0,0,0,0,0
MEG_4322|Drugs|Multi-drug_resistance|Multi-drug_ABC_efflux_pumps|OPTRA|MEG_4322|OPTRA-4322_T_147_A,0,0,2,3,0,0,0,0,0,0
MEG_4322|Drugs|Multi-drug_resistance|Multi-drug_ABC_efflux_pumps|OPTRA|MEG_4322|OPTRA-4322_T_1689_A,0,0,4,4,3,0,0,0,0,0
MEG_4337|Multi-compound|Drug_and_biocide_resistance|Drug_and_biocide_RND_efflux_pumps|OQXB|MEG_4337|OQXB-4337_g_454_T,3,1,0,2,0,0,0,0,0,0
MEG_4337|Multi-compound|Drug_and_biocide_resistance|Drug_and_biocide_RND_efflux_pumps|OQXB|MEG_4337|OQXB-4337_g_1515_A,1,0,1,2,0,0,0,0,0,0
MEG_4337|Multi-compound|Drug_and_biocide_resistance|Drug_and_biocide_RND_efflux_pumps|OQXB|MEG_4337|OQXB-4337_g_1731_T,0,0,0,0,0,2,1,0,0,1
MEG_4337|Multi-compound|Drug_and_biocide_resistance|Drug_and_biocide_RND_efflux_pumps|OQXB|MEG_4337|OQXB-4337_g_2044_T,1,2,1,4,0,0,0,0,0,0
MEG_4337|Multi-compound|Drug_and_biocide_resistance|Drug_and_biocide_RND_efflux_pumps|OQXB|MEG_4337|OQXB-4337_g_2070_C,1,3,0,3,0,0,0,0,0,0
MEG_4338|Multi-compound|Drug_and_biocide_resistance|Drug_and_biocide_RND_efflux_pumps|OQXB|MEG_4338|OQXB-4338_g_454_T,0,0,0,3,1,0,0,0,0,0
MEG_4338|Multi-compound|Drug_and_biocide_resistance|Drug_and_biocide_RND_efflux_pumps|OQXB|MEG_4338|OQXB-4338_c_626_A,1,2,0,3,0,0,0,0,0,0
MEG_4338|Multi-compound|Drug_and_biocide_resistance|Drug_and_biocide_RND_efflux_pumps|OQXB|MEG_4338|OQXB-4338_g_630_A,1,2,0,3,0,0,0,0,0,0
MEG_4338|Multi-compound|Drug_and_biocide_resistance|Drug_and_biocide_RND_efflux_pumps|OQXB|MEG_4338|OQXB-4338_g_1515_A,0,2,1,1,0,0,0,0,0,0
MEG_4338|Multi-compound|Drug_and_biocide_resistance|Drug_and_biocide_RND_efflux_pumps|OQXB|MEG_4338|OQXB-4338_g_2044_T,3,0,3,2,1,0,0,0,0,0
MEG_4338|Multi-compound|Drug_and_biocide_resistance|Drug_and_biocide_RND_efflux_pumps|OQXB|MEG_4338|OQXB-4338_g_2070_C,2,1,3,1,1,0,0,0,0,0
MEG_4341|Multi-compound|Drug_and_biocide_resistance|Drug_and_biocide_RND_efflux_pumps|OQXB|MEG_4341|OQXB-4341_a_2696_G,0,0,0,0,0,1,3,0,0,0
MEG_4342|Multi-compound|Drug_and_biocide_resistance|Drug_and_biocide_RND_efflux_pumps|OQXB|MEG_4342|OQXB-4342_c_789_G,1,0,0,3,0,0,0,0,0,0
MEG_4342|Multi-compound|Drug_and_biocide_resistance|Drug_and_biocide_RND_efflux_pumps|OQXB|MEG_4342|OQXB-4342_c_882_A,2,0,0,3,0,0,0,0,0,0
MEG_4342|Multi-compound|Drug_and_biocide_resistance|Drug_and_biocide_RND_efflux_pumps|OQXB|MEG_4342|OQXB-4342_t_1356_A,1,0,0,4,0,0,0,0,0,0
MEG_4342|Multi-compound|Drug_and_biocide_resistance|Drug_and_biocide_RND_efflux_pumps|OQXB|MEG_4342|OQXB-4342_g_1388_T,1,0,0,4,0,0,0,0,0,0
MEG_4343|Multi-compound|Drug_and_biocide_resistance|Drug_and_biocide_RND_efflux_pumps|OQXB|MEG_4343|OQXB-4343_g_1258_T,0,0,0,0,0,3,4,0,0,0
MEG_4344|Multi-compound|Drug_and_biocide_resistance|Drug_and_biocide_RND_efflux_pumps|OQXB|MEG_4344|OQXB-4344_t_101_C,0,0,0,0,0,4,3,1,1,1
MEG_4344|Multi-compound|Drug_and_biocide_resistance|Drug_and_biocide_RND_efflux_pumps|OQXB|MEG_4344|OQXB-4344_c_314_A,0,0,0,0,0,3,0,1,0,1
MEG_4344|Multi-compound|Drug_and_biocide_resistance|Drug_and_biocide_RND_efflux_pumps|OQXB|MEG_4344|OQXB-4344_g_849_T,0,0,0,0,0,5,2,1,0,1
MEG_4344|Multi-compound|Drug_and_biocide_resistance|Drug_and_biocide_RND_efflux_pumps|OQXB|MEG_4344|OQXB-4344_c_1175_A,0,0,0,0,0,1,2,3,0,0
MEG_4344|Multi-compound|Drug_and_biocide_resistance|Drug_and_biocide_RND_efflux_pumps|OQXB|MEG_4344|OQXB-4344_g_1209_A,2,0,0,0,2,0,0,0,0,0
MEG_4344|Multi-compound|Drug_and_biocide_resistance|Drug_and_biocide_RND_efflux_pumps|OQXB|MEG_4344|OQXB-4344_g_2193_A,4,0,3,1,6,0,0,0,0,0
MEG_4344|Multi-compound|Drug_and_biocide_resistance|Drug_and_biocide_RND_efflux_pumps|OQXB|MEG_4344|OQXB-4344_a_2461_C,0,0,0,0,0,11,2,0,0,2
MEG_4344|Multi-compound|Drug_and_biocide_resistance|Drug_and_biocide_RND_efflux_pumps|OQXB|MEG_4344|OQXB-4344_g_2820_A,0,0,0,0,0,6,0,0,0,2
MEG_4349|Multi-compound|Drug_and_biocide_resistance|Drug_and_biocide_RND_efflux_pumps|OQXB|MEG_4349|OQXB-4349_g_454_T,2,1,2,3,1,0,0,0,0,0
MEG_4349|Multi-compound|Drug_and_biocide_resistance|Drug_and_biocide_RND_efflux_pumps|OQXB|MEG_4349|OQXB-4349_g_1515_A,3,1,0,2,0,0,0,0,0,0
MEG_4349|Multi-compound|Drug_and_biocide_resistance|Drug_and_biocide_RND_efflux_pumps|OQXB|MEG_4349|OQXB-4349_g_2044_T,1,2,0,5,2,0,0,0,0,0
MEG_4349|Multi-compound|Drug_and_biocide_resistance|Drug_and_biocide_RND_efflux_pumps|OQXB|MEG_4349|OQXB-4349_g_2070_C,1,2,0,3,2,0,0,0,0,0
MEG_4351|Multi-compound|Drug_and_biocide_resistance|Drug_and_biocide_RND_efflux_pumps|OQXB|MEG_4351|OQXB-4351_g_1731_T,0,0,0,0,0,1,2,0,1,0
MEG_4354|Multi-compound|Drug_and_biocide_resistance|Drug_and_biocide_RND_efflux_pumps|OQXB|MEG_4354|OQXB-4354_c_882_A,1,0,0,3,0,0,0,0,0,0
MEG_4359|Multi-compound|Drug_and_biocide_resistance|Drug_and_biocide_RND_efflux_pumps|OQXB|MEG_4359|OQXB-4359_g_802_C,6,1,0,0,3,0,0,0,0,0
MEG_4359|Multi-compound|Drug_and_biocide_resistance|Drug_and_biocide_RND_efflux_pumps|OQXB|MEG_4359|OQXB-4359_c_1042_G,5,3,0,1,6,0,0,0,0,0
MEG_4359|Multi-compound|Drug_and_biocide_resistance|Drug_and_biocide_RND_efflux_pumps|OQXB|MEG_4359|OQXB-4359_g_1270_C,7,0,0,0,8,0,0,0,0,0
MEG_4359|Multi-compound|Drug_and_biocide_resistance|Drug_and_biocide_RND_efflux_pumps|OQXB|MEG_4359|OQXB-4359_a_1574_G,3,3,0,1,7,0,0,0,0,0
MEG_4359|Multi-compound|Drug_and_biocide_resistance|Drug_and_biocide_RND_efflux_pumps|OQXB|MEG_4359|OQXB-4359_g_2357_A,3,3,0,0,6,0,0,0,0,0
MEG_4359|Multi-compound|Drug_and_biocide_resistance|Drug_and_biocide_RND_efflux_pumps|OQXB|MEG_4359|OQXB-4359_g_2362_A,3,3,0,0,7,0,0,0,0,0
MEG_4359|Multi-compound|Drug_and_biocide_resistance|Drug_and_biocide_RND_efflux_pumps|OQXB|MEG_4359|OQXB-4359_a_2878_C,2,0,0,0,4,0,0,0,0,0
MEG_4362|Multi-compound|Drug_and_biocide_resistance|Drug_and_biocide_RND_efflux_pumps|OQXB|MEG_4362|OQXB-4362_a_863_C,0,0,0,0,0,6,0,0,0,0
MEG_4362|Multi-compound|Drug_and_biocide_resistance|Drug_and_biocide_RND_efflux_pumps|OQXB|MEG_4362|OQXB-4362_t_2288_G,0,0,0,0,0,1,2,0,0,1
MEG_4363|Multi-compound|Drug_and_biocide_resistance|Drug_and_biocide_RND_efflux_pumps|OQXB|MEG_4363|OQXB-4363_a_863_C,0,0,0,0,0,1,4,0,0,0
MEG_4363|Multi-compound|Drug_and_biocide_resistance|Drug_and_biocide_RND_efflux_pumps|OQXB|MEG_4363|OQXB-4363_t_2288_G,0,0,0,0,0,1,2,0,0,1
MEG_4365|Multi-compound|Drug_and_biocide_resistance|Drug_and_biocide_RND_efflux_pumps|OQXB|MEG_4365|OQXB-4365_c_142_A,0,0,0,0,0,2,3,0,0,0
MEG_4365|Multi-compound|Drug_and_biocide_resistance|Drug_and_biocide_RND_efflux_pumps|OQXB|MEG_4365|OQXB-4365_a_323_C,0,0,0,0,0,9,7,0,0,0
MEG_4365|Multi-compound|Drug_and_biocide_resistance|Drug_and_biocide_RND_efflux_pumps|OQXB|MEG_4365|OQXB-4365_a_863_C,0,0,0,0,0,4,2,0,0,0
MEG_4365|Multi-compound|Drug_and_biocide_resistance|Drug_and_biocide_RND_efflux_pumps|OQXB|MEG_4365|OQXB-4365_g_1054_T,0,0,0,0,0,6,3,0,1,1
MEG_4365|Multi-compound|Drug_and_biocide_resistance|Drug_and_biocide_RND_efflux_pumps|OQXB|MEG_4365|OQXB-4365_g_1072_A,0,0,0,0,0,6,3,0,1,1
MEG_4365|Multi-compound|Drug_and_biocide_resistance|Drug_and_biocide_RND_efflux_pumps|OQXB|MEG_4365|OQXB-4365_g_1258_T,0,0,0,0,0,2,4,0,0,2
MEG_4365|Multi-compound|Drug_and_biocide_resistance|Drug_and_biocide_RND_efflux_pumps|OQXB|MEG_4365|OQXB-4365_a_1432_T,0,1,1,1,1,0,0,0,0,0
MEG_4365|Multi-compound|Drug_and_biocide_resistance|Drug_and_biocide_RND_efflux_pumps|OQXB|MEG_4365|OQXB-4365_t_2288_G,0,0,0,0,0,3,7,0,1,3
MEG_4365|Multi-compound|Drug_and_biocide_resistance|Drug_and_biocide_RND_efflux_pumps|OQXB|MEG_4365|OQXB-4365_a_2356_T,1,0,0,0,3,0,0,0,0,0
MEG_4365|Multi-compound|Drug_and_biocide_resistance|Drug_and_biocide_RND_efflux_pumps|OQXB|MEG_4365|OQXB-4365_a_2696_G,0,0,0,0,0,6,4,0,0,0
MEG_4367|Multi-compound|Drug_and_biocide_resistance|Drug_and_biocide_RND_efflux_pumps|OQXB|MEG_4367|OQXB-4367_C_789_G,1,0,0,3,0,0,0,0,0,0
MEG_4368|Multi-compound|Drug_and_biocide_resistance|Drug_and_biocide_RND_efflux_pumps|OQXB|MEG_4368|OQXB-4368_T_2288_G,0,0,0,0,0,1,3,0,0,0
MEG_4369|Multi-compound|Drug_and_biocide_resistance|Drug_and_biocide_RND_efflux_pumps|OQXB|MEG_4369|OQXB-4369_T_2288_G,0,0,0,0,0,3,2,0,0,0
MEG_4380|Drugs|Tetracyclines|Tetracycline_resistance_MFS_efflux_pumps|OTRB|MEG_4380|OTRB-4380_C_32_A,0,0,0,0,0,0,6,2,0,0
MEG_4380|Drugs|Tetracyclines|Tetracycline_resistance_MFS_efflux_pumps|OTRB|MEG_4380|OTRB-4380_B_83_T,0,0,0,0,0,0,8,3,0,0
MEG_4381|Drugs|Tetracyclines|Tetracycline_resistance_MFS_efflux_pumps|OTRB|MEG_4381|OTRB-4381_C_32_A,0,0,0,0,0,0,2,3,0,0
MEG_4383|Drugs|Tetracyclines|Tetracycline_resistance_ABC_efflux_pumps|OTRC|MEG_4383|OTRC-4383_A_16_T,0,0,0,4,0,0,0,0,0,0
MEG_4383|Drugs|Tetracyclines|Tetracycline_resistance_ABC_efflux_pumps|OTRC|MEG_4383|OTRC-4383_C_100_A,1,0,0,5,0,0,0,0,0,0
MEG_4383|Drugs|Tetracyclines|Tetracycline_resistance_ABC_efflux_pumps|OTRC|MEG_4383|OTRC-4383_G_553_C,0,0,1,6,0,0,0,0,0,0
MEG_4383|Drugs|Tetracyclines|Tetracycline_resistance_ABC_efflux_pumps|OTRC|MEG_4383|OTRC-4383_G_728_A,0,0,0,0,0,2,9,5,0,2
MEG_4383|Drugs|Tetracyclines|Tetracycline_resistance_ABC_efflux_pumps|OTRC|MEG_4383|OTRC-4383_C_905_G,0,0,0,0,0,0,13,6,0,1
MEG_4527|Drugs|betalactams|Class_D_betalactamases|OXA|MEG_4527|OXA-4527_t_206_A,2,0,0,0,2,0,0,0,0,0
MEG_4527|Drugs|betalactams|Class_D_betalactamases|OXA|MEG_4527|OXA-4527_t_736_G,2,0,1,0,1,0,0,0,0,0
MEG_4927|Drugs|betalactams|Class_D_betalactamases|OXA|MEG_4927|OXA-4927_A_625_G,0,0,0,0,0,1,2,2,0,2
MEG_5241|Drugs|betalactams|Class_D_betalactamases|OXA|MEG_5241|OXA-5241_A_768_T,0,0,0,0,0,0,5,0,0,1
MEG_5276|Drugs|betalactams|Class_D_betalactamases|OXA|MEG_5276|OXA-5276_T_486_G,0,0,1,3,1,0,0,0,0,0
MEG_5276|Drugs|betalactams|Class_D_betalactamases|OXA|MEG_5276|OXA-5276_A_557_T,0,1,2,4,1,0,0,0,0,0
MEG_5276|Drugs|betalactams|Class_D_betalactamases|OXA|MEG_5276|OXA-5276_C_696_G,0,1,0,4,1,0,0,0,0,0
MEG_5276|Drugs|betalactams|Class_D_betalactamases|OXA|MEG_5276|OXA-5276_T_769_C,1,1,0,5,2,0,0,0,0,0
MEG_5321|Biocides|Multi-biocide_resistance|Multi-biocide_resistance_regulator|OXYRKP|MEG_5321|OXYRKP-5321_C_274_G,1,0,1,2,7,0,0,0,0,0
MEG_5321|Biocides|Multi-biocide_resistance|Multi-biocide_resistance_regulator|OXYRKP|MEG_5321|OXYRKP-5321_T_557_G,0,0,3,2,8,0,0,0,0,0
MEG_5321|Biocides|Multi-biocide_resistance|Multi-biocide_resistance_regulator|OXYRKP|MEG_5321|OXYRKP-5321_G_604_A,1,0,3,2,6,0,0,0,0,0
MEG_5321|Biocides|Multi-biocide_resistance|Multi-biocide_resistance_regulator|OXYRKP|MEG_5321|OXYRKP-5321_T_648_G,1,0,4,1,5,0,0,0,0,0
MEG_5321|Biocides|Multi-biocide_resistance|Multi-biocide_resistance_regulator|OXYRKP|MEG_5321|OXYRKP-5321_C_868_G,0,0,1,1,4,0,0,0,0,0
MEG_5321|Biocides|Multi-biocide_resistance|Multi-biocide_resistance_regulator|OXYRKP|MEG_5321|OXYRKP-5321_T_882_A,0,0,1,0,4,0,0,0,0,0
MEG_5332|Drugs|Fluoroquinolones|Fluoroquinolone-resistant_DNA_topoisomerases|PARC|MEG_5332|PARC-5332_A_471_G,0,1,3,0,1,1,5,0,0,1
MEG_5332|Drugs|Fluoroquinolones|Fluoroquinolone-resistant_DNA_topoisomerases|PARC|MEG_5332|PARC-5332_G_1317_A,0,0,1,0,0,1,2,0,0,0
MEG_5332|Drugs|Fluoroquinolones|Fluoroquinolone-resistant_DNA_topoisomerases|PARC|MEG_5332|PARC-5332_C_1470_T,0,0,0,1,0,1,1,1,0,0
MEG_5332|Drugs|Fluoroquinolones|Fluoroquinolone-resistant_DNA_topoisomerases|PARC|MEG_5332|PARC-5332_T_1617_C,0,0,2,0,0,0,2,0,0,1
MEG_5333|Drugs|Fluoroquinolones|Fluoroquinolone-resistant_DNA_topoisomerases|PARC|MEG_5333|PARC-5333_A_471_G,0,0,5,0,2,3,1,0,0,3
MEG_5333|Drugs|Fluoroquinolones|Fluoroquinolone-resistant_DNA_topoisomerases|PARC|MEG_5333|PARC-5333_C_1062_T,0,0,1,0,1,0,2,0,0,0
MEG_5333|Drugs|Fluoroquinolones|Fluoroquinolone-resistant_DNA_topoisomerases|PARC|MEG_5333|PARC-5333_C_1470_T,2,0,0,1,0,3,2,3,0,1
MEG_5333|Drugs|Fluoroquinolones|Fluoroquinolone-resistant_DNA_topoisomerases|PARC|MEG_5333|PARC-5333_T_1665_C,0,0,1,0,0,0,2,0,0,1
MEG_5333|Drugs|Fluoroquinolones|Fluoroquinolone-resistant_DNA_topoisomerases|PARC|MEG_5333|PARC-5333_G_1704_A,0,0,0,0,0,1,3,0,0,0
MEG_5333|Drugs|Fluoroquinolones|Fluoroquinolone-resistant_DNA_topoisomerases|PARC|MEG_5333|PARC-5333_G_1707_A,0,0,0,0,0,1,3,0,0,0
MEG_5341|Drugs|Fluoroquinolones|Fluoroquinolone-resistant_DNA_topoisomerases|PARC|MEG_5341|PARC-5341_C_246_T,0,0,3,11,0,1,0,7,2,0
MEG_5341|Drugs|Fluoroquinolones|Fluoroquinolone-resistant_DNA_topoisomerases|PARC|MEG_5341|PARC-5341_G_267_C,0,1,3,9,0,0,1,6,2,1
MEG_5341|Drugs|Fluoroquinolones|Fluoroquinolone-resistant_DNA_topoisomerases|PARC|MEG_5341|PARC-5341_A_345_G,0,1,2,16,1,0,6,6,1,3
MEG_5341|Drugs|Fluoroquinolones|Fluoroquinolone-resistant_DNA_topoisomerases|PARC|MEG_5341|PARC-5341_C_504_T,1,0,2,6,0,0,3,5,0,2
MEG_5341|Drugs|Fluoroquinolones|Fluoroquinolone-resistant_DNA_topoisomerases|PARC|MEG_5341|PARC-5341_C_528_T,0,0,2,4,0,0,3,4,0,2
MEG_5341|Drugs|Fluoroquinolones|Fluoroquinolone-resistant_DNA_topoisomerases|PARC|MEG_5341|PARC-5341_G_549_A,0,0,1,1,0,0,1,1,0,0
MEG_5341|Drugs|Fluoroquinolones|Fluoroquinolone-resistant_DNA_topoisomerases|PARC|MEG_5341|PARC-5341_C_567_T,0,0,1,1,0,0,0,2,0,1
MEG_5341|Drugs|Fluoroquinolones|Fluoroquinolone-resistant_DNA_topoisomerases|PARC|MEG_5341|PARC-5341_A_576_G,0,0,0,1,0,0,0,2,0,1
MEG_5341|Drugs|Fluoroquinolones|Fluoroquinolone-resistant_DNA_topoisomerases|PARC|MEG_5341|PARC-5341_T_579_C,0,1,0,2,0,0,0,2,0,1
MEG_5341|Drugs|Fluoroquinolones|Fluoroquinolone-resistant_DNA_topoisomerases|PARC|MEG_5341|PARC-5341_T_663_C,1,2,1,13,2,1,3,4,3,5
MEG_5341|Drugs|Fluoroquinolones|Fluoroquinolone-resistant_DNA_topoisomerases|PARC|MEG_5341|PARC-5341_T_747_C,2,1,1,9,1,3,5,4,2,4
MEG_5341|Drugs|Fluoroquinolones|Fluoroquinolone-resistant_DNA_topoisomerases|PARC|MEG_5341|PARC-5341_T_1065_C,0,2,2,15,2,1,5,13,3,5
MEG_5341|Drugs|Fluoroquinolones|Fluoroquinolone-resistant_DNA_topoisomerases|PARC|MEG_5341|PARC-5341_C_1185_T,2,2,1,14,5,2,3,12,3,8
MEG_5341|Drugs|Fluoroquinolones|Fluoroquinolone-resistant_DNA_topoisomerases|PARC|MEG_5341|PARC-5341_C_1293_T,0,1,2,26,1,1,5,11,4,10
MEG_5341|Drugs|Fluoroquinolones|Fluoroquinolone-resistant_DNA_topoisomerases|PARC|MEG_5341|PARC-5341_G_1299_A,0,1,2,25,1,1,4,10,4,7
MEG_5341|Drugs|Fluoroquinolones|Fluoroquinolone-resistant_DNA_topoisomerases|PARC|MEG_5341|PARC-5341_T_1618_C,6,2,0,18,3,0,2,10,2,7
MEG_5341|Drugs|Fluoroquinolones|Fluoroquinolone-resistant_DNA_topoisomerases|PARC|MEG_5341|PARC-5341_T_1995_G,2,0,0,7,2,0,4,5,0,5
MEG_5341|Drugs|Fluoroquinolones|Fluoroquinolone-resistant_DNA_topoisomerases|PARC|MEG_5341|PARC-5341_T_2019_C,3,0,0,6,2,0,4,7,1,5
MEG_5341|Drugs|Fluoroquinolones|Fluoroquinolone-resistant_DNA_topoisomerases|PARC|MEG_5341|PARC-5341_A_2040_T,2,0,1,9,3,0,0,6,2,3
MEG_5341|Drugs|Fluoroquinolones|Fluoroquinolone-resistant_DNA_topoisomerases|PARC|MEG_5341|PARC-5341_C_2043_T,2,0,1,10,3,0,0,6,2,2
MEG_5341|Drugs|Fluoroquinolones|Fluoroquinolone-resistant_DNA_topoisomerases|PARC|MEG_5341|PARC-5341_C_2221_T,1,1,2,9,0,1,0,7,2,6
MEG_5341|Drugs|Fluoroquinolones|Fluoroquinolone-resistant_DNA_topoisomerases|PARC|MEG_5341|PARC-5341_G_2232_A,1,1,2,9,0,1,2,7,3,4
MEG_5341|Drugs|Fluoroquinolones|Fluoroquinolone-resistant_DNA_topoisomerases|PARC|MEG_5341|PARC-5341_G_2313_A,1,0,1,10,2,4,4,5,4,3
MEG_5348|Drugs|Fluoroquinolones|Fluoroquinolone-resistant_DNA_topoisomerases|PARC|MEG_5348|PARC-5348_G_594_A,0,1,1,1,0,0,1,1,2,0
MEG_5353|Drugs|Fluoroquinolones|Fluoroquinolone-resistant_DNA_topoisomerases|PARC|MEG_5353|PARC-5353_C_411_T,6,0,1,0,5,1,2,2,1,1
MEG_5353|Drugs|Fluoroquinolones|Fluoroquinolone-resistant_DNA_topoisomerases|PARC|MEG_5353|PARC-5353_C_501_T,4,1,0,0,4,0,1,1,0,0
MEG_5353|Drugs|Fluoroquinolones|Fluoroquinolone-resistant_DNA_topoisomerases|PARC|MEG_5353|PARC-5353_T_516_A,3,1,0,0,3,0,1,1,0,0
MEG_5353|Drugs|Fluoroquinolones|Fluoroquinolone-resistant_DNA_topoisomerases|PARC|MEG_5353|PARC-5353_G_525_C,3,1,0,0,5,0,0,1,0,0
MEG_5353|Drugs|Fluoroquinolones|Fluoroquinolone-resistant_DNA_topoisomerases|PARC|MEG_5353|PARC-5353_C_630_T,3,0,0,1,4,0,1,2,2,0
MEG_5353|Drugs|Fluoroquinolones|Fluoroquinolone-resistant_DNA_topoisomerases|PARC|MEG_5353|PARC-5353_C_753_T,4,0,2,2,4,0,0,0,3,1
MEG_5353|Drugs|Fluoroquinolones|Fluoroquinolone-resistant_DNA_topoisomerases|PARC|MEG_5353|PARC-5353_A_867_G,0,0,0,0,3,0,0,2,0,0
MEG_5353|Drugs|Fluoroquinolones|Fluoroquinolone-resistant_DNA_topoisomerases|PARC|MEG_5353|PARC-5353_G_927_A,2,0,0,1,2,0,0,0,0,0
MEG_5353|Drugs|Fluoroquinolones|Fluoroquinolone-resistant_DNA_topoisomerases|PARC|MEG_5353|PARC-5353_T_1125_C,5,1,0,3,9,0,2,2,1,0
MEG_5353|Drugs|Fluoroquinolones|Fluoroquinolone-resistant_DNA_topoisomerases|PARC|MEG_5353|PARC-5353_G_1140_A,4,1,2,3,8,0,1,1,2,0
MEG_5353|Drugs|Fluoroquinolones|Fluoroquinolone-resistant_DNA_topoisomerases|PARC|MEG_5353|PARC-5353_A_1197_G,4,2,3,2,10,1,0,0,2,0
MEG_5353|Drugs|Fluoroquinolones|Fluoroquinolone-resistant_DNA_topoisomerases|PARC|MEG_5353|PARC-5353_T_1332_G,5,2,5,2,4,1,1,2,0,0
MEG_5353|Drugs|Fluoroquinolones|Fluoroquinolone-resistant_DNA_topoisomerases|PARC|MEG_5353|PARC-5353_C_1483_T,1,4,2,3,6,0,2,2,1,0
MEG_5353|Drugs|Fluoroquinolones|Fluoroquinolone-resistant_DNA_topoisomerases|PARC|MEG_5353|PARC-5353_C_1491_T,0,4,2,3,5,0,2,2,1,0
MEG_5353|Drugs|Fluoroquinolones|Fluoroquinolone-resistant_DNA_topoisomerases|PARC|MEG_5353|PARC-5353_C_1539_T,2,0,4,1,10,0,2,1,2,0
MEG_5353|Drugs|Fluoroquinolones|Fluoroquinolone-resistant_DNA_topoisomerases|PARC|MEG_5353|PARC-5353_G_1746_A,1,0,0,0,1,0,0,3,0,0
MEG_5353|Drugs|Fluoroquinolones|Fluoroquinolone-resistant_DNA_topoisomerases|PARC|MEG_5353|PARC-5353_C_2013_T,2,1,1,1,7,0,2,1,2,0
MEG_5353|Drugs|Fluoroquinolones|Fluoroquinolone-resistant_DNA_topoisomerases|PARC|MEG_5353|PARC-5353_G_2145_A,0,1,0,4,3,0,1,1,0,1
MEG_5353|Drugs|Fluoroquinolones|Fluoroquinolone-resistant_DNA_topoisomerases|PARC|MEG_5353|PARC-5353_A_2223_G,0,0,0,1,1,0,0,1,1,0
MEG_5361|Drugs|Fluoroquinolones|Fluoroquinolone-resistant_DNA_topoisomerases|PARC|MEG_5361|PARC-5361_C_450_G,1,0,0,1,2,0,0,0,1,1
MEG_5361|Drugs|Fluoroquinolones|Fluoroquinolone-resistant_DNA_topoisomerases|PARC|MEG_5361|PARC-5361_C_501_T,4,2,1,1,3,0,0,1,0,0
MEG_5361|Drugs|Fluoroquinolones|Fluoroquinolone-resistant_DNA_topoisomerases|PARC|MEG_5361|PARC-5361_T_516_A,6,3,2,3,5,0,0,1,0,0
MEG_5361|Drugs|Fluoroquinolones|Fluoroquinolone-resistant_DNA_topoisomerases|PARC|MEG_5361|PARC-5361_G_804_A,1,2,0,1,6,0,1,1,0,1
MEG_5361|Drugs|Fluoroquinolones|Fluoroquinolone-resistant_DNA_topoisomerases|PARC|MEG_5361|PARC-5361_G_1074_A,2,1,0,0,1,0,0,0,0,0
MEG_5361|Drugs|Fluoroquinolones|Fluoroquinolone-resistant_DNA_topoisomerases|PARC|MEG_5361|PARC-5361_G_1140_A,2,1,0,0,2,1,0,0,0,0
MEG_5361|Drugs|Fluoroquinolones|Fluoroquinolone-resistant_DNA_topoisomerases|PARC|MEG_5361|PARC-5361_A_1330_C,5,0,1,0,12,1,0,1,3,2
MEG_5361|Drugs|Fluoroquinolones|Fluoroquinolone-resistant_DNA_topoisomerases|PARC|MEG_5361|PARC-5361_T_1479_C,0,0,0,0,3,1,0,0,0,0
MEG_5361|Drugs|Fluoroquinolones|Fluoroquinolone-resistant_DNA_topoisomerases|PARC|MEG_5361|PARC-5361_C_1483_T,0,0,0,0,3,1,0,0,0,0
MEG_5361|Drugs|Fluoroquinolones|Fluoroquinolone-resistant_DNA_topoisomerases|PARC|MEG_5361|PARC-5361_C_1491_T,0,0,0,0,3,1,1,0,0,1
MEG_5361|Drugs|Fluoroquinolones|Fluoroquinolone-resistant_DNA_topoisomerases|PARC|MEG_5361|PARC-5361_C_1539_T,1,0,1,1,1,0,2,2,2,1
MEG_5361|Drugs|Fluoroquinolones|Fluoroquinolone-resistant_DNA_topoisomerases|PARC|MEG_5361|PARC-5361_T_2157_C,0,0,1,0,5,1,3,2,3,0
MEG_5363|Drugs|Fluoroquinolones|Fluoroquinolone-resistant_DNA_topoisomerases|PARC|MEG_5363|PARC-5363_A_405_G,1,0,0,0,0,1,3,0,0,0
MEG_5363|Drugs|Fluoroquinolones|Fluoroquinolone-resistant_DNA_topoisomerases|PARC|MEG_5363|PARC-5363_C_1404_T,1,0,0,4,0,5,1,2,0,2
MEG_5373|Drugs|Aminocoumarins|Aminocoumarin-resistant_DNA_topoisomerases|PARE|MEG_5373|PARE-5373_A_285_T,1,0,0,11,2,1,4,6,1,3
MEG_5373|Drugs|Aminocoumarins|Aminocoumarin-resistant_DNA_topoisomerases|PARE|MEG_5373|PARE-5373_A_360_G,2,0,1,15,2,0,2,9,0,2
MEG_5373|Drugs|Aminocoumarins|Aminocoumarin-resistant_DNA_topoisomerases|PARE|MEG_5373|PARE-5373_T_678_C,0,1,2,20,2,0,2,8,4,6
MEG_5373|Drugs|Aminocoumarins|Aminocoumarin-resistant_DNA_topoisomerases|PARE|MEG_5373|PARE-5373_C_729_T,0,4,2,22,2,0,2,12,3,7
MEG_5373|Drugs|Aminocoumarins|Aminocoumarin-resistant_DNA_topoisomerases|PARE|MEG_5373|PARE-5373_G_882_A,3,1,2,22,4,0,4,11,1,5
MEG_5373|Drugs|Aminocoumarins|Aminocoumarin-resistant_DNA_topoisomerases|PARE|MEG_5373|PARE-5373_C_975_T,1,0,0,12,1,0,0,7,1,3
MEG_5373|Drugs|Aminocoumarins|Aminocoumarin-resistant_DNA_topoisomerases|PARE|MEG_5373|PARE-5373_T_1014_C,0,0,0,5,1,0,0,4,0,3
MEG_5373|Drugs|Aminocoumarins|Aminocoumarin-resistant_DNA_topoisomerases|PARE|MEG_5373|PARE-5373_C_1020_T,0,0,1,6,1,0,0,4,0,1
MEG_5373|Drugs|Aminocoumarins|Aminocoumarin-resistant_DNA_topoisomerases|PARE|MEG_5373|PARE-5373_A_1032_G,0,0,2,3,1,0,1,4,1,1
MEG_5373|Drugs|Aminocoumarins|Aminocoumarin-resistant_DNA_topoisomerases|PARE|MEG_5373|PARE-5373_T_1041_C,1,0,2,5,1,0,3,4,1,1
MEG_5373|Drugs|Aminocoumarins|Aminocoumarin-resistant_DNA_topoisomerases|PARE|MEG_5373|PARE-5373_T_1176_C,0,0,1,17,2,2,3,7,1,6
MEG_5373|Drugs|Aminocoumarins|Aminocoumarin-resistant_DNA_topoisomerases|PARE|MEG_5373|PARE-5373_C_1182_T,0,1,1,16,2,2,3,7,1,7
MEG_5373|Drugs|Aminocoumarins|Aminocoumarin-resistant_DNA_topoisomerases|PARE|MEG_5373|PARE-5373_A_1248_C,1,1,1,10,0,0,3,4,1,4
MEG_5373|Drugs|Aminocoumarins|Aminocoumarin-resistant_DNA_topoisomerases|PARE|MEG_5373|PARE-5373_C_1282_T,1,1,1,8,0,0,0,2,1,2
MEG_5373|Drugs|Aminocoumarins|Aminocoumarin-resistant_DNA_topoisomerases|PARE|MEG_5373|PARE-5373_C_1314_T,0,0,0,2,0,0,0,0,1,1
MEG_5373|Drugs|Aminocoumarins|Aminocoumarin-resistant_DNA_topoisomerases|PARE|MEG_5373|PARE-5373_G_1443_A,2,2,1,15,2,0,3,11,5,6
MEG_5373|Drugs|Aminocoumarins|Aminocoumarin-resistant_DNA_topoisomerases|PARE|MEG_5373|PARE-5373_A_1620_T,3,2,1,6,3,0,3,8,0,2
MEG_5373|Drugs|Aminocoumarins|Aminocoumarin-resistant_DNA_topoisomerases|PARE|MEG_5373|PARE-5373_C_1744_T,2,2,1,12,2,3,0,4,0,5
MEG_5381|Drugs|Aminocoumarins|Aminocoumarin-resistant_DNA_topoisomerases|PARE|MEG_5381|PARE-5381_G_495_C,2,0,1,0,1,0,2,0,0,1
MEG_5381|Drugs|Aminocoumarins|Aminocoumarin-resistant_DNA_topoisomerases|PARE|MEG_5381|PARE-5381_T_654_C,1,0,0,0,2,0,1,2,0,1
MEG_5381|Drugs|Aminocoumarins|Aminocoumarin-resistant_DNA_topoisomerases|PARE|MEG_5381|PARE-5381_C_684_T,1,0,0,0,4,0,2,1,0,3
MEG_5381|Drugs|Aminocoumarins|Aminocoumarin-resistant_DNA_topoisomerases|PARE|MEG_5381|PARE-5381_A_1266_G,0,0,0,0,1,0,1,1,0,1
MEG_5381|Drugs|Aminocoumarins|Aminocoumarin-resistant_DNA_topoisomerases|PARE|MEG_5381|PARE-5381_T_1368_G,3,0,0,0,4,0,1,0,2,1
MEG_5382|Drugs|Aminocoumarins|Aminocoumarin-resistant_DNA_topoisomerases|PARE|MEG_5382|PARE-5382_T_117_C,0,0,2,0,0,0,0,0,2,0
MEG_5382|Drugs|Aminocoumarins|Aminocoumarin-resistant_DNA_topoisomerases|PARE|MEG_5382|PARE-5382_A_406_G,0,0,0,0,0,0,4,0,1,0
MEG_5382|Drugs|Aminocoumarins|Aminocoumarin-resistant_DNA_topoisomerases|PARE|MEG_5382|PARE-5382_C_408_T,0,0,0,0,0,0,4,0,1,0
MEG_5382|Drugs|Aminocoumarins|Aminocoumarin-resistant_DNA_topoisomerases|PARE|MEG_5382|PARE-5382_A_567_G,1,0,2,0,0,3,8,1,1,0
MEG_5382|Drugs|Aminocoumarins|Aminocoumarin-resistant_DNA_topoisomerases|PARE|MEG_5382|PARE-5382_A_576_G,0,0,2,0,1,0,2,2,1,0
MEG_5382|Drugs|Aminocoumarins|Aminocoumarin-resistant_DNA_topoisomerases|PARE|MEG_5382|PARE-5382_T_732_C,0,2,14,0,1,4,22,4,0,1
MEG_5382|Drugs|Aminocoumarins|Aminocoumarin-resistant_DNA_topoisomerases|PARE|MEG_5382|PARE-5382_T_867_C,0,1,1,0,1,1,4,0,1,1
MEG_5382|Drugs|Aminocoumarins|Aminocoumarin-resistant_DNA_topoisomerases|PARE|MEG_5382|PARE-5382_T_912_C,0,0,1,0,0,2,3,0,0,0
MEG_5382|Drugs|Aminocoumarins|Aminocoumarin-resistant_DNA_topoisomerases|PARE|MEG_5382|PARE-5382_A_915_G,0,0,1,0,0,2,3,0,0,0
MEG_5382|Drugs|Aminocoumarins|Aminocoumarin-resistant_DNA_topoisomerases|PARE|MEG_5382|PARE-5382_T_919_C,1,0,2,0,1,2,3,0,0,0
MEG_5382|Drugs|Aminocoumarins|Aminocoumarin-resistant_DNA_topoisomerases|PARE|MEG_5382|PARE-5382_T_957_G,0,2,1,0,1,0,2,0,1,0
MEG_5382|Drugs|Aminocoumarins|Aminocoumarin-resistant_DNA_topoisomerases|PARE|MEG_5382|PARE-5382_G_963_A,0,0,1,0,1,0,4,0,1,0
MEG_5382|Drugs|Aminocoumarins|Aminocoumarin-resistant_DNA_topoisomerases|PARE|MEG_5382|PARE-5382_G_966_A,0,0,1,0,0,0,4,1,1,0
MEG_5382|Drugs|Aminocoumarins|Aminocoumarin-resistant_DNA_topoisomerases|PARE|MEG_5382|PARE-5382_G_1023_A,1,0,2,1,2,1,7,1,1,2
MEG_5382|Drugs|Aminocoumarins|Aminocoumarin-resistant_DNA_topoisomerases|PARE|MEG_5382|PARE-5382_T_1041_A,1,0,1,1,2,1,5,1,0,1
MEG_5382|Drugs|Aminocoumarins|Aminocoumarin-resistant_DNA_topoisomerases|PARE|MEG_5382|PARE-5382_T_1099_C,2,0,0,0,1,1,2,0,0,0
MEG_5382|Drugs|Aminocoumarins|Aminocoumarin-resistant_DNA_topoisomerases|PARE|MEG_5382|PARE-5382_A_1107_G,1,0,0,0,1,1,2,0,0,0
MEG_5382|Drugs|Aminocoumarins|Aminocoumarin-resistant_DNA_topoisomerases|PARE|MEG_5382|PARE-5382_T_1182_C,0,0,2,1,0,0,7,0,1,0
MEG_5382|Drugs|Aminocoumarins|Aminocoumarin-resistant_DNA_topoisomerases|PARE|MEG_5382|PARE-5382_C_1224_T,0,0,1,1,0,0,3,0,1,0
MEG_5382|Drugs|Aminocoumarins|Aminocoumarin-resistant_DNA_topoisomerases|PARE|MEG_5382|PARE-5382_C_1233_T,0,0,1,1,0,0,2,0,0,0
MEG_5382|Drugs|Aminocoumarins|Aminocoumarin-resistant_DNA_topoisomerases|PARE|MEG_5382|PARE-5382_G_1317_A,0,0,0,1,1,1,4,0,0,0
MEG_5382|Drugs|Aminocoumarins|Aminocoumarin-resistant_DNA_topoisomerases|PARE|MEG_5382|PARE-5382_T_1429_C,0,0,0,0,1,0,2,0,1,0
MEG_5382|Drugs|Aminocoumarins|Aminocoumarin-resistant_DNA_topoisomerases|PARE|MEG_5382|PARE-5382_T_1518_C,0,0,0,1,0,0,4,0,0,0
MEG_5382|Drugs|Aminocoumarins|Aminocoumarin-resistant_DNA_topoisomerases|PARE|MEG_5382|PARE-5382_C_1527_T,0,0,0,1,0,0,3,0,0,0
MEG_5382|Drugs|Aminocoumarins|Aminocoumarin-resistant_DNA_topoisomerases|PARE|MEG_5382|PARE-5382_C_1765_T,1,0,2,1,0,0,5,1,1,0
MEG_5393|Drugs|Aminocoumarins|Aminocoumarin-resistant_DNA_topoisomerases|PARE|MEG_5393|PARE-5393_A_486_C,0,1,0,0,3,0,0,0,0,0
MEG_5393|Drugs|Aminocoumarins|Aminocoumarin-resistant_DNA_topoisomerases|PARE|MEG_5393|PARE-5393_T_654_C,0,0,0,2,6,0,2,2,1,0
MEG_5393|Drugs|Aminocoumarins|Aminocoumarin-resistant_DNA_topoisomerases|PARE|MEG_5393|PARE-5393_C_684_T,1,0,0,3,2,0,1,3,2,0
MEG_5393|Drugs|Aminocoumarins|Aminocoumarin-resistant_DNA_topoisomerases|PARE|MEG_5393|PARE-5393_C_1182_T,4,2,0,1,5,0,1,1,1,0
MEG_5393|Drugs|Aminocoumarins|Aminocoumarin-resistant_DNA_topoisomerases|PARE|MEG_5393|PARE-5393_G_1347_A,2,0,1,0,2,0,2,1,1,0
MEG_5393|Drugs|Aminocoumarins|Aminocoumarin-resistant_DNA_topoisomerases|PARE|MEG_5393|PARE-5393_A_1380_G,4,1,1,0,2,0,1,0,0,0
MEG_5394|Drugs|Fluoroquinolones|Fluoroquinolone-resistant_DNA_topoisomerases|PAREF|MEG_5394|PAREF-5394_C_117_T,0,0,1,0,0,1,2,0,0,0
MEG_5394|Drugs|Fluoroquinolones|Fluoroquinolone-resistant_DNA_topoisomerases|PAREF|MEG_5394|PAREF-5394_T_483_C,1,0,1,1,0,3,6,1,0,2
MEG_5394|Drugs|Fluoroquinolones|Fluoroquinolone-resistant_DNA_topoisomerases|PAREF|MEG_5394|PAREF-5394_T_492_C,2,1,7,2,2,4,19,3,3,2
MEG_5394|Drugs|Fluoroquinolones|Fluoroquinolone-resistant_DNA_topoisomerases|PAREF|MEG_5394|PAREF-5394_T_580_C,1,0,2,0,0,0,6,0,0,0
MEG_5394|Drugs|Fluoroquinolones|Fluoroquinolone-resistant_DNA_topoisomerases|PAREF|MEG_5394|PAREF-5394_T_588_C,1,0,1,0,0,0,5,0,0,0
MEG_5394|Drugs|Fluoroquinolones|Fluoroquinolone-resistant_DNA_topoisomerases|PAREF|MEG_5394|PAREF-5394_T_732_C,0,1,1,0,1,1,2,3,1,0
MEG_5394|Drugs|Fluoroquinolones|Fluoroquinolone-resistant_DNA_topoisomerases|PAREF|MEG_5394|PAREF-5394_G_838_A,6,0,0,13,0,11,3,4,2,0
MEG_5394|Drugs|Fluoroquinolones|Fluoroquinolone-resistant_DNA_topoisomerases|PAREF|MEG_5394|PAREF-5394_T_843_C,1,4,4,2,4,0,13,3,4,0
MEG_5394|Drugs|Fluoroquinolones|Fluoroquinolone-resistant_DNA_topoisomerases|PAREF|MEG_5394|PAREF-5394_T_897_C,1,3,5,4,3,2,13,5,4,1
MEG_5394|Drugs|Fluoroquinolones|Fluoroquinolone-resistant_DNA_topoisomerases|PAREF|MEG_5394|PAREF-5394_T_912_C,1,0,0,2,0,1,5,0,0,1
MEG_5394|Drugs|Fluoroquinolones|Fluoroquinolone-resistant_DNA_topoisomerases|PAREF|MEG_5394|PAREF-5394_A_915_G,1,0,0,1,0,0,5,0,0,1
MEG_5394|Drugs|Fluoroquinolones|Fluoroquinolone-resistant_DNA_topoisomerases|PAREF|MEG_5394|PAREF-5394_C_919_T,0,1,2,4,1,0,4,2,4,0
MEG_5394|Drugs|Fluoroquinolones|Fluoroquinolone-resistant_DNA_topoisomerases|PAREF|MEG_5394|PAREF-5394_G_999_C,3,0,4,4,5,0,10,3,4,1
MEG_5394|Drugs|Fluoroquinolones|Fluoroquinolone-resistant_DNA_topoisomerases|PAREF|MEG_5394|PAREF-5394_A_1023_G,2,0,2,3,3,1,6,1,1,1
MEG_5394|Drugs|Fluoroquinolones|Fluoroquinolone-resistant_DNA_topoisomerases|PAREF|MEG_5394|PAREF-5394_T_1041_A,2,0,2,0,2,0,4,3,3,1
MEG_5394|Drugs|Fluoroquinolones|Fluoroquinolone-resistant_DNA_topoisomerases|PAREF|MEG_5394|PAREF-5394_T_1095_G,0,0,1,0,1,1,2,2,0,0
MEG_5394|Drugs|Fluoroquinolones|Fluoroquinolone-resistant_DNA_topoisomerases|PAREF|MEG_5394|PAREF-5394_A_1098_G,0,0,1,0,1,0,2,1,0,0
MEG_5394|Drugs|Fluoroquinolones|Fluoroquinolone-resistant_DNA_topoisomerases|PAREF|MEG_5394|PAREF-5394_C_1224_T,0,0,2,0,0,1,4,1,0,0
MEG_5394|Drugs|Fluoroquinolones|Fluoroquinolone-resistant_DNA_topoisomerases|PAREF|MEG_5394|PAREF-5394_G_1239_A,0,0,3,1,0,1,7,1,1,0
MEG_5394|Drugs|Fluoroquinolones|Fluoroquinolone-resistant_DNA_topoisomerases|PAREF|MEG_5394|PAREF-5394_C_1263_T,0,0,2,1,0,1,5,1,1,0
MEG_5394|Drugs|Fluoroquinolones|Fluoroquinolone-resistant_DNA_topoisomerases|PAREF|MEG_5394|PAREF-5394_C_1350_T,1,0,5,2,2,0,6,0,2,1
MEG_5394|Drugs|Fluoroquinolones|Fluoroquinolone-resistant_DNA_topoisomerases|PAREF|MEG_5394|PAREF-5394_T_1371_C,1,0,6,1,2,2,6,0,1,2
MEG_5394|Drugs|Fluoroquinolones|Fluoroquinolone-resistant_DNA_topoisomerases|PAREF|MEG_5394|PAREF-5394_C_1386_T,1,0,4,1,2,2,6,0,1,5
MEG_5394|Drugs|Fluoroquinolones|Fluoroquinolone-resistant_DNA_topoisomerases|PAREF|MEG_5394|PAREF-5394_T_1446_C,1,0,3,2,3,1,8,7,1,0
MEG_5394|Drugs|Fluoroquinolones|Fluoroquinolone-resistant_DNA_topoisomerases|PAREF|MEG_5394|PAREF-5394_T_1527_C,0,0,2,4,3,1,6,2,1,0
MEG_5394|Drugs|Fluoroquinolones|Fluoroquinolone-resistant_DNA_topoisomerases|PAREF|MEG_5394|PAREF-5394_C_1725_T,0,0,1,0,1,1,6,1,0,0
MEG_5396|Drugs|Aminocoumarins|Aminocoumarin-resistant_DNA_topoisomerases|PARY|MEG_5396|PARY-5396_A_223_C,0,0,0,0,0,1,11,3,0,0
MEG_5396|Drugs|Aminocoumarins|Aminocoumarin-resistant_DNA_topoisomerases|PARY|MEG_5396|PARY-5396_T_428_G,0,0,0,0,0,1,15,1,0,0
MEG_5396|Drugs|Aminocoumarins|Aminocoumarin-resistant_DNA_topoisomerases|PARY|MEG_5396|PARY-5396_T_719_A,0,0,0,0,0,1,13,5,0,1
MEG_5396|Drugs|Aminocoumarins|Aminocoumarin-resistant_DNA_topoisomerases|PARY|MEG_5396|PARY-5396_G_916_T,3,1,2,5,0,0,0,0,0,0
MEG_5396|Drugs|Aminocoumarins|Aminocoumarin-resistant_DNA_topoisomerases|PARY|MEG_5396|PARY-5396_G_954_T,3,1,1,6,0,0,0,0,0,0
MEG_5396|Drugs|Aminocoumarins|Aminocoumarin-resistant_DNA_topoisomerases|PARY|MEG_5396|PARY-5396_G_1071_A,0,0,0,0,0,1,21,2,0,2
MEG_5396|Drugs|Aminocoumarins|Aminocoumarin-resistant_DNA_topoisomerases|PARY|MEG_5396|PARY-5396_A_1088_T,0,1,3,2,0,0,0,0,0,0
MEG_5396|Drugs|Aminocoumarins|Aminocoumarin-resistant_DNA_topoisomerases|PARY|MEG_5396|PARY-5396_C_1212_A,0,0,0,0,0,0,12,7,0,2
MEG_5396|Drugs|Aminocoumarins|Aminocoumarin-resistant_DNA_topoisomerases|PARY|MEG_5396|PARY-5396_G_1467_A,1,0,3,2,0,0,0,0,0,0
MEG_5396|Drugs|Aminocoumarins|Aminocoumarin-resistant_DNA_topoisomerases|PARY|MEG_5396|PARY-5396_C_1779_A,0,0,2,2,0,0,0,0,0,0
MEG_5396|Drugs|Aminocoumarins|Aminocoumarin-resistant_DNA_topoisomerases|PARY|MEG_5396|PARY-5396_C_2069_A,0,0,0,0,0,0,4,1,0,0
MEG_5402|Drugs|betalactams|Penicillin_binding_protein|PBP2|MEG_5402|PBP2-5402_T_1525_C,0,0,0,0,5,0,0,0,0,0
MEG_5402|Drugs|betalactams|Penicillin_binding_protein|PBP2|MEG_5402|PBP2-5402_T_1681_G,1,0,0,0,3,0,0,0,0,0
MEG_5404|Drugs|betalactams|Penicillin_binding_protein|PBP2|MEG_5404|PBP2-5404_A_318_C,1,0,1,0,7,0,0,0,0,0
MEG_5404|Drugs|betalactams|Penicillin_binding_protein|PBP2|MEG_5404|PBP2-5404_A_474_G,0,0,2,0,2,0,0,0,0,0
MEG_5404|Drugs|betalactams|Penicillin_binding_protein|PBP2|MEG_5404|PBP2-5404_A_1891_G,0,0,0,0,7,0,0,0,0,0
MEG_5410|Metals|Lead_resistance|Lead_P-type_ATPase_transporter|PBRA|MEG_5410|PBRA-5410_T_372_C,0,0,0,0,0,0,12,1,0,0
MEG_5410|Metals|Lead_resistance|Lead_P-type_ATPase_transporter|PBRA|MEG_5410|PBRA-5410_C_427_G,11,3,5,10,2,0,0,0,0,0
MEG_5410|Metals|Lead_resistance|Lead_P-type_ATPase_transporter|PBRA|MEG_5410|PBRA-5410_G_442_T,10,3,5,12,2,0,0,0,0,0
MEG_5410|Metals|Lead_resistance|Lead_P-type_ATPase_transporter|PBRA|MEG_5410|PBRA-5410_G_537_C,8,2,7,9,2,0,0,0,0,0
MEG_5410|Metals|Lead_resistance|Lead_P-type_ATPase_transporter|PBRA|MEG_5410|PBRA-5410_G_1344_T,7,3,7,17,2,0,0,0,0,0
MEG_5410|Metals|Lead_resistance|Lead_P-type_ATPase_transporter|PBRA|MEG_5410|PBRA-5410_G_1522_A,0,0,0,0,0,0,20,1,0,0
MEG_5410|Metals|Lead_resistance|Lead_P-type_ATPase_transporter|PBRA|MEG_5410|PBRA-5410_A_1758_T,7,6,6,12,3,0,0,0,0,0
MEG_5410|Metals|Lead_resistance|Lead_P-type_ATPase_transporter|PBRA|MEG_5410|PBRA-5410_A_1784_G,0,0,0,0,0,0,10,1,0,0
MEG_5410|Metals|Lead_resistance|Lead_P-type_ATPase_transporter|PBRA|MEG_5410|PBRA-5410_G_1837_T,3,6,9,12,4,0,0,0,0,0
MEG_5410|Metals|Lead_resistance|Lead_P-type_ATPase_transporter|PBRA|MEG_5410|PBRA-5410_A_2046_G,0,0,0,0,0,0,12,4,0,0
MEG_5410|Metals|Lead_resistance|Lead_P-type_ATPase_transporter|PBRA|MEG_5410|PBRA-5410_G_2170_A,7,1,2,1,0,0,0,0,0,0
MEG_5410|Metals|Lead_resistance|Lead_P-type_ATPase_transporter|PBRA|MEG_5410|PBRA-5410_C_2209_G,0,0,0,0,0,0,10,0,0,0
MEG_5410|Metals|Lead_resistance|Lead_P-type_ATPase_transporter|PBRA|MEG_5410|PBRA-5410_T_2261_C,1,0,7,6,2,0,0,0,0,0
MEG_5411|Metals|Lead_resistance|Lead_P-type_ATPase_transporter|PBRB|MEG_5411|PBRB-5411_G_90_C,1,0,5,7,0,0,0,0,0,0
MEG_5411|Metals|Lead_resistance|Lead_P-type_ATPase_transporter|PBRB|MEG_5411|PBRB-5411_C_220_T,0,0,0,0,0,2,2,7,0,1
MEG_5411|Metals|Lead_resistance|Lead_P-type_ATPase_transporter|PBRB|MEG_5411|PBRB-5411_C_223_G,0,0,0,0,0,2,1,7,0,2
MEG_5411|Metals|Lead_resistance|Lead_P-type_ATPase_transporter|PBRB|MEG_5411|PBRB-5411_T_287_C,2,0,7,11,0,0,0,0,0,0
MEG_5411|Metals|Lead_resistance|Lead_P-type_ATPase_transporter|PBRB|MEG_5411|PBRB-5411_G_331_C,0,0,0,0,0,1,2,4,0,2
MEG_5411|Metals|Lead_resistance|Lead_P-type_ATPase_transporter|PBRB|MEG_5411|PBRB-5411_G_425_C,0,0,0,0,0,3,1,4,0,2
MEG_5411|Metals|Lead_resistance|Lead_P-type_ATPase_transporter|PBRB|MEG_5411|PBRB-5411_T_443_A,0,0,0,0,0,1,1,5,0,2
MEG_5411|Metals|Lead_resistance|Lead_P-type_ATPase_transporter|PBRB|MEG_5411|PBRB-5411_T_474_G,0,0,0,0,0,0,0,5,0,3
MEG_5411|Metals|Lead_resistance|Lead_P-type_ATPase_transporter|PBRB|MEG_5411|PBRB-5411_G_540_A,0,0,0,0,0,0,0,6,0,3
MEG_5411|Metals|Lead_resistance|Lead_P-type_ATPase_transporter|PBRB|MEG_5411|PBRB-5411_T_728_A,0,0,0,0,0,3,0,4,0,0
MEG_5411|Metals|Lead_resistance|Lead_P-type_ATPase_transporter|PBRB|MEG_5411|PBRB-5411_T_801_G,3,1,4,9,0,0,0,0,0,0
MEG_5412|Metals|Lead_resistance|Lead_P-type_ATPase_transporter|PBRD|MEG_5412|PBRD-5412_A_18_T,0,0,0,0,0,1,4,0,0,2
MEG_5412|Metals|Lead_resistance|Lead_P-type_ATPase_transporter|PBRD|MEG_5412|PBRD-5412_A_245_C,0,2,4,0,2,0,0,0,0,0
MEG_5412|Metals|Lead_resistance|Lead_P-type_ATPase_transporter|PBRD|MEG_5412|PBRD-5412_G_265_C,0,0,0,0,0,1,7,0,1,0
MEG_5412|Metals|Lead_resistance|Lead_P-type_ATPase_transporter|PBRD|MEG_5412|PBRD-5412_C_307_T,2,0,3,0,2,0,0,0,0,0
MEG_5412|Metals|Lead_resistance|Lead_P-type_ATPase_transporter|PBRD|MEG_5412|PBRD-5412_G_362_C,0,0,0,0,0,2,5,2,0,0
MEG_5412|Metals|Lead_resistance|Lead_P-type_ATPase_transporter|PBRD|MEG_5412|PBRD-5412_C_450_G,2,1,4,1,1,0,0,0,0,0
MEG_5412|Metals|Lead_resistance|Lead_P-type_ATPase_transporter|PBRD|MEG_5412|PBRD-5412_T_508_C,1,1,3,0,0,0,0,0,0,0
MEG_5412|Metals|Lead_resistance|Lead_P-type_ATPase_transporter|PBRD|MEG_5412|PBRD-5412_G_672_A,0,1,0,1,2,0,0,0,0,0
MEG_5412|Metals|Lead_resistance|Lead_P-type_ATPase_transporter|PBRD|MEG_5412|PBRD-5412_A_674_C,0,1,0,1,2,0,0,0,0,0
MEG_5413|Metals|Lead_resistance|Lead_P-type_ATPase_regulator|PBRR|MEG_5413|PBRR-5413_G_37_T,0,0,0,0,0,0,4,0,0,0
MEG_5414|Metals|Lead_resistance|Lead_P-type_ATPase_transporter|PBRT|MEG_5414|PBRT-5414_C_200_A,0,3,0,2,2,0,0,0,0,0
MEG_5414|Metals|Lead_resistance|Lead_P-type_ATPase_transporter|PBRT|MEG_5414|PBRT-5414_C_230_T,0,0,0,0,0,0,13,0,2,2
MEG_5414|Metals|Lead_resistance|Lead_P-type_ATPase_transporter|PBRT|MEG_5414|PBRT-5414_G_364_A,0,0,0,0,0,0,4,0,2,1
MEG_5414|Metals|Lead_resistance|Lead_P-type_ATPase_transporter|PBRT|MEG_5414|PBRT-5414_C_379_A,0,0,2,2,1,0,0,0,0,0
MEG_5414|Metals|Lead_resistance|Lead_P-type_ATPase_transporter|PBRT|MEG_5414|PBRT-5414_T_717_C,0,0,0,0,0,0,12,0,4,3
MEG_5414|Metals|Lead_resistance|Lead_P-type_ATPase_transporter|PBRT|MEG_5414|PBRT-5414_G_803_A,0,0,0,5,2,0,0,0,0,0
MEG_5414|Metals|Lead_resistance|Lead_P-type_ATPase_transporter|PBRT|MEG_5414|PBRT-5414_A_866_C,0,0,0,8,1,0,0,0,0,0
MEG_5414|Metals|Lead_resistance|Lead_P-type_ATPase_transporter|PBRT|MEG_5414|PBRT-5414_A_1057_C,0,1,5,7,1,0,0,0,0,0
MEG_5414|Metals|Lead_resistance|Lead_P-type_ATPase_transporter|PBRT|MEG_5414|PBRT-5414_G_1284_T,0,0,0,0,0,0,11,0,3,3
MEG_5414|Metals|Lead_resistance|Lead_P-type_ATPase_transporter|PBRT|MEG_5414|PBRT-5414_G_1477_C,0,0,0,0,0,0,6,0,5,1
MEG_5414|Metals|Lead_resistance|Lead_P-type_ATPase_transporter|PBRT|MEG_5414|PBRT-5414_G_1846_T,0,0,0,0,0,0,5,0,1,1
MEG_5415|Biocides|Multi-biocide_resistance|Multi-biocide_resistance_regulator|PCM|MEG_5415|PCM-5415_T_224_A,0,0,0,0,0,0,6,4,2,0
MEG_5415|Biocides|Multi-biocide_resistance|Multi-biocide_resistance_regulator|PCM|MEG_5415|PCM-5415_G_247_A,0,0,0,0,0,0,5,3,1,0
MEG_5415|Biocides|Multi-biocide_resistance|Multi-biocide_resistance_regulator|PCM|MEG_5415|PCM-5415_T_338_C,0,0,0,0,0,0,4,3,0,0
MEG_5415|Biocides|Multi-biocide_resistance|Multi-biocide_resistance_regulator|PCM|MEG_5415|PCM-5415_T_607_G,0,0,0,0,0,0,6,6,4,2
MEG_5415|Biocides|Multi-biocide_resistance|Multi-biocide_resistance_regulator|PCM|MEG_5415|PCM-5415_C_626_G,0,0,0,0,0,0,3,5,4,2
MEG_5416|Metals|Copper_resistance|Copper_resistance_protein|PCOA|MEG_5416|PCOA-5416_T_1599_C,1,0,2,5,0,0,0,0,0,0
MEG_5417|Metals|Copper_resistance|Copper_resistance_protein|PCOB|MEG_5417|PCOB-5417_T_6_C,0,0,0,0,0,0,4,0,0,0
MEG_5417|Metals|Copper_resistance|Copper_resistance_protein|PCOB|MEG_5417|PCOB-5417_T_149_G,0,0,0,0,0,0,11,1,2,0
MEG_5417|Metals|Copper_resistance|Copper_resistance_protein|PCOB|MEG_5417|PCOB-5417_C_196_T,4,0,2,1,1,0,0,0,0,0
MEG_5417|Metals|Copper_resistance|Copper_resistance_protein|PCOB|MEG_5417|PCOB-5417_C_356_G,0,0,0,0,0,0,6,3,1,1
MEG_5417|Metals|Copper_resistance|Copper_resistance_protein|PCOB|MEG_5417|PCOB-5417_G_820_T,0,0,0,0,0,0,4,0,0,1
MEG_5421|Metals|Copper_resistance|Copper_resistance_protein|PCOD|MEG_5421|PCOD-5421_C_85_A,0,0,0,0,0,3,9,0,1,0
MEG_5421|Metals|Copper_resistance|Copper_resistance_protein|PCOD|MEG_5421|PCOD-5421_A_97_C,0,0,0,0,0,4,8,0,1,1
MEG_5421|Metals|Copper_resistance|Copper_resistance_protein|PCOD|MEG_5421|PCOD-5421_C_201_G,0,0,0,0,0,1,11,0,0,0
MEG_5421|Metals|Copper_resistance|Copper_resistance_protein|PCOD|MEG_5421|PCOD-5421_T_377_A,0,0,0,0,0,0,9,0,1,1
MEG_5421|Metals|Copper_resistance|Copper_resistance_protein|PCOD|MEG_5421|PCOD-5421_C_443_A,0,0,0,0,0,0,5,0,1,1
MEG_5421|Metals|Copper_resistance|Copper_resistance_protein|PCOD|MEG_5421|PCOD-5421_T_570_G,0,0,0,0,0,2,12,0,1,0
MEG_5421|Metals|Copper_resistance|Copper_resistance_protein|PCOD|MEG_5421|PCOD-5421_T_827_A,0,0,0,0,0,0,4,0,1,1
MEG_5421|Metals|Copper_resistance|Copper_resistance_protein|PCOD|MEG_5421|PCOD-5421_C_843_A,0,0,0,0,0,0,2,0,1,1
MEG_5422|Metals|Copper_resistance|Copper_resistance_protein|PCOD|MEG_5422|PCOD-5422_T_246_G,4,1,1,0,5,0,0,0,0,0
MEG_5424|Metals|Copper_resistance|Copper_resistance_regulator|PCOR|MEG_5424|PCOR-5424_A_544_C,0,0,0,0,0,5,0,0,0,1
MEG_5655|Drugs|betalactams|Class_C_betalactamases|PDC|MEG_5655|PDC-5655_g_984_C,1,1,0,2,0,0,0,0,0,0
MEG_5772|Biocides|Peroxide_resistance|peroxide_resistance_regulator|PERR|MEG_5772|PERR-5772_G_166_A,2,0,1,1,0,0,0,0,0,0
MEG_5772|Biocides|Peroxide_resistance|peroxide_resistance_regulator|PERR|MEG_5772|PERR-5772_T_168_G,2,0,1,1,0,0,0,0,0,0
MEG_5772|Biocides|Peroxide_resistance|peroxide_resistance_regulator|PERR|MEG_5772|PERR-5772_C_289_G,1,0,0,3,0,0,0,0,0,0
MEG_5772|Biocides|Peroxide_resistance|peroxide_resistance_regulator|PERR|MEG_5772|PERR-5772_A_405_T,2,0,1,2,0,0,0,0,0,0
MEG_5772|Biocides|Peroxide_resistance|peroxide_resistance_regulator|PERR|MEG_5772|PERR-5772_T_417_A,2,0,1,2,0,0,0,0,0,0
MEG_5774|Metals|Multi-metal_resistance|Multi-metal_resistance_protein|PFR|MEG_5774|PFR-5774_T_469_C,1,1,0,0,2,0,0,0,0,0
MEG_5776|Drugs|Lipopeptides|Lipid_A_phosphatase|PGBB|MEG_5776|PGBB-5776_G_124_A,3,0,1,6,8,0,0,0,0,0
MEG_5776|Drugs|Lipopeptides|Lipid_A_phosphatase|PGBB|MEG_5776|PGBB-5776_C_135_A,2,0,0,6,8,0,0,0,0,0
MEG_5776|Drugs|Lipopeptides|Lipid_A_phosphatase|PGBB|MEG_5776|PGBB-5776_C_214_T,1,0,2,5,0,0,0,0,0,0
MEG_5776|Drugs|Lipopeptides|Lipid_A_phosphatase|PGBB|MEG_5776|PGBB-5776_G_247_A,1,0,2,4,0,0,0,0,0,0
MEG_5776|Drugs|Lipopeptides|Lipid_A_phosphatase|PGBB|MEG_5776|PGBB-5776_T_553_A,1,0,3,2,5,0,0,0,0,0
MEG_5776|Drugs|Lipopeptides|Lipid_A_phosphatase|PGBB|MEG_5776|PGBB-5776_C_596_A,0,0,0,0,0,3,0,3,0,2
MEG_5776|Drugs|Lipopeptides|Lipid_A_phosphatase|PGBB|MEG_5776|PGBB-5776_G_601_C,0,0,0,0,0,3,0,3,0,2
MEG_5777|Metals|Multi-metal_resistance|Multi-metal_resistance_protein|PGPA|MEG_5777|PGPA-5777_G_724_A,0,0,0,0,0,13,13,2,0,1
MEG_5777|Metals|Multi-metal_resistance|Multi-metal_resistance_protein|PGPA|MEG_5777|PGPA-5777_G_1401_A,0,0,0,0,0,9,19,2,2,1
MEG_5777|Metals|Multi-metal_resistance|Multi-metal_resistance_protein|PGPA|MEG_5777|PGPA-5777_A_3288_T,0,0,0,0,0,16,16,5,2,0
MEG_5777|Metals|Multi-metal_resistance|Multi-metal_resistance_protein|PGPA|MEG_5777|PGPA-5777_A_3756_G,0,0,0,0,0,10,17,5,3,3
MEG_5786|Multi-compound|Drug_and_biocide_resistance|Drug_and_biocide_SMR_efflux_regulator|PHOR|MEG_5786|PHOR-5786_A_407_T,0,1,0,12,1,0,0,0,0,0
MEG_5787|Metals|Multi-metal_resistance|Multi-metal_resistance_protein|PITA|MEG_5787|PITA-5787_A_700_C,2,0,3,0,2,0,0,0,0,0
MEG_5787|Metals|Multi-metal_resistance|Multi-metal_resistance_protein|PITA|MEG_5787|PITA-5787_A_761_C,1,0,4,0,4,0,0,0,0,0
MEG_5787|Metals|Multi-metal_resistance|Multi-metal_resistance_protein|PITA|MEG_5787|PITA-5787_A_981_T,2,0,5,0,0,0,0,0,0,0
MEG_5787|Metals|Multi-metal_resistance|Multi-metal_resistance_protein|PITA|MEG_5787|PITA-5787_G_1183_A,0,0,8,1,6,0,0,0,0,0
MEG_5794|Multi-compound|Drug_and_biocide_resistance|Drug_and_biocide_MATE_efflux_pumps|PMPM|MEG_5794|PMPM-5794_G_127_T,0,0,0,0,0,10,7,3,2,2
MEG_5794|Multi-compound|Drug_and_biocide_resistance|Drug_and_biocide_MATE_efflux_pumps|PMPM|MEG_5794|PMPM-5794_G_265_A,0,0,0,0,0,13,8,1,4,1
MEG_5794|Multi-compound|Drug_and_biocide_resistance|Drug_and_biocide_MATE_efflux_pumps|PMPM|MEG_5794|PMPM-5794_C_402_T,0,0,0,0,0,9,10,4,3,1
MEG_5794|Multi-compound|Drug_and_biocide_resistance|Drug_and_biocide_MATE_efflux_pumps|PMPM|MEG_5794|PMPM-5794_G_487_A,0,0,0,0,0,11,14,3,2,3
MEG_5794|Multi-compound|Drug_and_biocide_resistance|Drug_and_biocide_MATE_efflux_pumps|PMPM|MEG_5794|PMPM-5794_C_570_T,0,0,0,0,0,12,17,5,2,2
MEG_5794|Multi-compound|Drug_and_biocide_resistance|Drug_and_biocide_MATE_efflux_pumps|PMPM|MEG_5794|PMPM-5794_G_604_A,0,0,0,0,0,10,19,5,2,2
MEG_5794|Multi-compound|Drug_and_biocide_resistance|Drug_and_biocide_MATE_efflux_pumps|PMPM|MEG_5794|PMPM-5794_C_911_T,0,0,0,0,0,10,12,3,3,1
MEG_5794|Multi-compound|Drug_and_biocide_resistance|Drug_and_biocide_MATE_efflux_pumps|PMPM|MEG_5794|PMPM-5794_G_1166_C,0,0,0,0,0,11,11,2,1,3
MEG_5794|Multi-compound|Drug_and_biocide_resistance|Drug_and_biocide_MATE_efflux_pumps|PMPM|MEG_5794|PMPM-5794_A_1189_G,0,0,0,0,0,8,13,2,1,3
MEG_5794|Multi-compound|Drug_and_biocide_resistance|Drug_and_biocide_MATE_efflux_pumps|PMPM|MEG_5794|PMPM-5794_G_1399_T,0,0,0,0,0,5,4,1,2,0
MEG_5796|Multi-compound|Drug_and_biocide_resistance|Drug_and_biocide_MFS_efflux_pumps|PMRA|MEG_5796|PMRA-5796_A_124_G,4,0,0,0,1,0,0,0,0,0
MEG_5797|Multi-compound|Drug_and_biocide_resistance|Drug_and_biocide_MFS_efflux_pumps|PMRA|MEG_5797|PMRA-5797_A_124_G,3,1,0,0,2,0,0,0,0,0
MEG_5797|Multi-compound|Drug_and_biocide_resistance|Drug_and_biocide_MFS_efflux_pumps|PMRA|MEG_5797|PMRA-5797_A_328_C,3,0,1,0,3,0,0,0,0,0
MEG_5797|Multi-compound|Drug_and_biocide_resistance|Drug_and_biocide_MFS_efflux_pumps|PMRA|MEG_5797|PMRA-5797_T_465_C,6,0,0,0,6,0,0,0,0,0
MEG_5797|Multi-compound|Drug_and_biocide_resistance|Drug_and_biocide_MFS_efflux_pumps|PMRA|MEG_5797|PMRA-5797_T_503_C,4,0,0,0,4,0,0,0,0,0
MEG_5797|Multi-compound|Drug_and_biocide_resistance|Drug_and_biocide_MFS_efflux_pumps|PMRA|MEG_5797|PMRA-5797_A_507_T,4,0,0,0,3,0,0,0,0,0
MEG_5797|Multi-compound|Drug_and_biocide_resistance|Drug_and_biocide_MFS_efflux_pumps|PMRA|MEG_5797|PMRA-5797_C_683_T,10,1,0,0,7,0,0,0,0,0
MEG_5797|Multi-compound|Drug_and_biocide_resistance|Drug_and_biocide_MFS_efflux_pumps|PMRA|MEG_5797|PMRA-5797_T_704_C,9,1,0,0,6,0,0,0,0,0
MEG_5797|Multi-compound|Drug_and_biocide_resistance|Drug_and_biocide_MFS_efflux_pumps|PMRA|MEG_5797|PMRA-5797_T_930_A,5,1,2,0,3,0,0,0,0,0
MEG_5797|Multi-compound|Drug_and_biocide_resistance|Drug_and_biocide_MFS_efflux_pumps|PMRA|MEG_5797|PMRA-5797_G_1003_T,6,1,1,0,3,0,0,0,0,0
MEG_5798|Multi-compound|Drug_and_metal_resistance|Drug_and_metal_MFS_efflux_pumps|PMRAM|MEG_5798|PMRAM-5798_G_44_A,0,0,0,0,0,0,5,3,0,1
MEG_5798|Multi-compound|Drug_and_metal_resistance|Drug_and_metal_MFS_efflux_pumps|PMRAM|MEG_5798|PMRAM-5798_G_121_A,0,0,0,0,0,0,7,7,0,0
MEG_5798|Multi-compound|Drug_and_metal_resistance|Drug_and_metal_MFS_efflux_pumps|PMRAM|MEG_5798|PMRAM-5798_G_225_A,0,0,0,0,0,0,2,2,0,0
MEG_5798|Multi-compound|Drug_and_metal_resistance|Drug_and_metal_MFS_efflux_pumps|PMRAM|MEG_5798|PMRAM-5798_C_351_A,0,0,0,0,0,1,5,4,0,0
MEG_5798|Multi-compound|Drug_and_metal_resistance|Drug_and_metal_MFS_efflux_pumps|PMRAM|MEG_5798|PMRAM-5798_A_373_C,0,0,0,0,0,1,5,5,0,0
MEG_5798|Multi-compound|Drug_and_metal_resistance|Drug_and_metal_MFS_efflux_pumps|PMRAM|MEG_5798|PMRAM-5798_C_481_G,0,0,0,0,0,0,3,2,0,1
MEG_5798|Multi-compound|Drug_and_metal_resistance|Drug_and_metal_MFS_efflux_pumps|PMRAM|MEG_5798|PMRAM-5798_C_495_G,0,0,0,0,0,0,4,2,0,1
MEG_5798|Multi-compound|Drug_and_metal_resistance|Drug_and_metal_MFS_efflux_pumps|PMRAM|MEG_5798|PMRAM-5798_A_532_C,0,0,0,0,0,0,5,2,0,2
MEG_5798|Multi-compound|Drug_and_metal_resistance|Drug_and_metal_MFS_efflux_pumps|PMRAM|MEG_5798|PMRAM-5798_G_637_T,0,0,0,0,0,0,3,1,0,0
MEG_5799|Multi-compound|Drug_and_metal_resistance|Drug_and_metal_MFS_efflux_pumps|PMRBM|MEG_5799|PMRBM-5799_A_122_G,8,0,0,0,2,0,0,0,0,0
MEG_5799|Multi-compound|Drug_and_metal_resistance|Drug_and_metal_MFS_efflux_pumps|PMRBM|MEG_5799|PMRBM-5799_C_295_G,5,1,0,1,3,0,0,0,0,0
MEG_5799|Multi-compound|Drug_and_metal_resistance|Drug_and_metal_MFS_efflux_pumps|PMRBM|MEG_5799|PMRBM-5799_C_338_A,0,0,0,0,0,4,1,6,2,3
MEG_5799|Multi-compound|Drug_and_metal_resistance|Drug_and_metal_MFS_efflux_pumps|PMRBM|MEG_5799|PMRBM-5799_A_345_T,0,0,0,0,0,5,1,7,2,4
MEG_5799|Multi-compound|Drug_and_metal_resistance|Drug_and_metal_MFS_efflux_pumps|PMRBM|MEG_5799|PMRBM-5799_G_530_T,0,0,0,0,0,1,1,9,0,1
MEG_5799|Multi-compound|Drug_and_metal_resistance|Drug_and_metal_MFS_efflux_pumps|PMRBM|MEG_5799|PMRBM-5799_A_532_T,9,0,0,0,0,0,0,0,0,0
MEG_5799|Multi-compound|Drug_and_metal_resistance|Drug_and_metal_MFS_efflux_pumps|PMRBM|MEG_5799|PMRBM-5799_T_681_A,0,0,0,0,0,1,0,2,2,2
MEG_5799|Multi-compound|Drug_and_metal_resistance|Drug_and_metal_MFS_efflux_pumps|PMRBM|MEG_5799|PMRBM-5799_T_764_G,6,1,0,2,1,0,0,0,0,0
MEG_5799|Multi-compound|Drug_and_metal_resistance|Drug_and_metal_MFS_efflux_pumps|PMRBM|MEG_5799|PMRBM-5799_T_775_C,0,0,0,0,0,0,0,11,3,1
MEG_5799|Multi-compound|Drug_and_metal_resistance|Drug_and_metal_MFS_efflux_pumps|PMRBM|MEG_5799|PMRBM-5799_C_870_G,0,0,0,0,0,1,0,9,0,0
MEG_5799|Multi-compound|Drug_and_metal_resistance|Drug_and_metal_MFS_efflux_pumps|PMRBM|MEG_5799|PMRBM-5799_A_889_T,0,0,0,0,0,1,0,6,0,0
MEG_5799|Multi-compound|Drug_and_metal_resistance|Drug_and_metal_MFS_efflux_pumps|PMRBM|MEG_5799|PMRBM-5799_G_928_C,0,0,0,0,0,1,0,6,0,2
MEG_5799|Multi-compound|Drug_and_metal_resistance|Drug_and_metal_MFS_efflux_pumps|PMRBM|MEG_5799|PMRBM-5799_C_1088_A,0,0,0,0,0,1,0,5,1,0
MEG_5800|Multi-compound|Drug_and_metal_resistance|Drug_and_metal_MFS_efflux_pumps|PMRCM|MEG_5800|PMRCM-5800_T_245_A,2,0,0,0,2,0,0,0,0,0
MEG_5800|Multi-compound|Drug_and_metal_resistance|Drug_and_metal_MFS_efflux_pumps|PMRCM|MEG_5800|PMRCM-5800_A_305_T,2,0,0,0,2,0,0,0,0,0
MEG_5800|Multi-compound|Drug_and_metal_resistance|Drug_and_metal_MFS_efflux_pumps|PMRCM|MEG_5800|PMRCM-5800_C_966_G,3,1,0,0,10,0,0,0,0,0
MEG_5800|Multi-compound|Drug_and_metal_resistance|Drug_and_metal_MFS_efflux_pumps|PMRCM|MEG_5800|PMRCM-5800_G_986_A,0,0,0,0,0,0,17,0,0,2
MEG_5800|Multi-compound|Drug_and_metal_resistance|Drug_and_metal_MFS_efflux_pumps|PMRCM|MEG_5800|PMRCM-5800_T_1253_G,3,0,0,0,7,0,0,0,0,0
MEG_5800|Multi-compound|Drug_and_metal_resistance|Drug_and_metal_MFS_efflux_pumps|PMRCM|MEG_5800|PMRCM-5800_A_1434_T,2,0,0,0,2,0,0,0,0,0
MEG_5800|Multi-compound|Drug_and_metal_resistance|Drug_and_metal_MFS_efflux_pumps|PMRCM|MEG_5800|PMRCM-5800_A_1441_G,1,0,0,0,3,0,0,0,0,0
MEG_5800|Multi-compound|Drug_and_metal_resistance|Drug_and_metal_MFS_efflux_pumps|PMRCM|MEG_5800|PMRCM-5800_G_1485_C,2,0,0,0,5,0,0,0,0,0
MEG_5800|Multi-compound|Drug_and_metal_resistance|Drug_and_metal_MFS_efflux_pumps|PMRCM|MEG_5800|PMRCM-5800_C_1531_T,3,0,0,0,5,0,0,0,0,0
MEG_5800|Multi-compound|Drug_and_metal_resistance|Drug_and_metal_MFS_efflux_pumps|PMRCM|MEG_5800|PMRCM-5800_T_1548_G,2,0,0,0,4,0,0,0,0,0
MEG_5801|Drugs|Cationic_antimicrobial_peptides|Lipid_A_modification|PMRF|MEG_5801|PMRF-5801_A_94_T,0,0,0,0,0,1,0,2,0,1
MEG_5801|Drugs|Cationic_antimicrobial_peptides|Lipid_A_modification|PMRF|MEG_5801|PMRF-5801_G_318_T,0,0,0,0,0,0,0,4,0,0
MEG_5801|Drugs|Cationic_antimicrobial_peptides|Lipid_A_modification|PMRF|MEG_5801|PMRF-5801_T_338_G,3,2,3,8,0,0,0,0,0,0
MEG_5801|Drugs|Cationic_antimicrobial_peptides|Lipid_A_modification|PMRF|MEG_5801|PMRF-5801_T_407_A,2,2,6,7,0,0,0,0,0,0
MEG_5802|Multi-compound|Drug_and_metal_resistance|Drug_and_metal_MFS_efflux_pumps|PMRG|MEG_5802|PMRG-5802_C_111_G,0,0,0,0,0,0,5,0,0,0
MEG_5802|Multi-compound|Drug_and_metal_resistance|Drug_and_metal_MFS_efflux_pumps|PMRG|MEG_5802|PMRG-5802_G_345_C,1,0,1,0,2,0,0,0,0,0
MEG_5802|Multi-compound|Drug_and_metal_resistance|Drug_and_metal_MFS_efflux_pumps|PMRG|MEG_5802|PMRG-5802_T_488_G,3,0,1,0,1,0,0,0,0,0
MEG_5809|Drugs|Multi-drug_resistance|Multi-drug_ABC_efflux_pumps|POXT|MEG_5809|POXT-5809_A_372_T,1,1,1,4,1,0,0,0,0,0
MEG_5809|Drugs|Multi-drug_resistance|Multi-drug_ABC_efflux_pumps|POXT|MEG_5809|POXT-5809_A_655_T,0,0,0,3,2,0,0,0,0,0
MEG_5809|Drugs|Multi-drug_resistance|Multi-drug_ABC_efflux_pumps|POXT|MEG_5809|POXT-5809_T_662_G,0,0,0,3,2,0,0,0,0,0
MEG_5809|Drugs|Multi-drug_resistance|Multi-drug_ABC_efflux_pumps|POXT|MEG_5809|POXT-5809_A_672_C,2,3,0,4,0,0,0,0,0,0
MEG_5809|Drugs|Multi-drug_resistance|Multi-drug_ABC_efflux_pumps|POXT|MEG_5809|POXT-5809_T_712_A,1,1,0,4,1,0,0,0,0,0
MEG_5809|Drugs|Multi-drug_resistance|Multi-drug_ABC_efflux_pumps|POXT|MEG_5809|POXT-5809_G_774_A,1,0,0,6,0,0,0,0,0,0
MEG_5809|Drugs|Multi-drug_resistance|Multi-drug_ABC_efflux_pumps|POXT|MEG_5809|POXT-5809_A_788_G,0,3,1,6,3,0,0,0,0,0
MEG_5809|Drugs|Multi-drug_resistance|Multi-drug_ABC_efflux_pumps|POXT|MEG_5809|POXT-5809_T_818_G,1,3,1,5,2,0,0,0,0,0
MEG_5809|Drugs|Multi-drug_resistance|Multi-drug_ABC_efflux_pumps|POXT|MEG_5809|POXT-5809_C_848_T,0,0,0,5,2,0,0,0,0,0
MEG_5809|Drugs|Multi-drug_resistance|Multi-drug_ABC_efflux_pumps|POXT|MEG_5809|POXT-5809_C_1012_T,0,0,0,5,4,0,0,0,0,0
MEG_5809|Drugs|Multi-drug_resistance|Multi-drug_ABC_efflux_pumps|POXT|MEG_5809|POXT-5809_A_1060_T,0,0,0,3,2,0,0,0,0,0
MEG_5809|Drugs|Multi-drug_resistance|Multi-drug_ABC_efflux_pumps|POXT|MEG_5809|POXT-5809_C_1503_T,0,0,0,4,3,0,0,0,0,0
MEG_5813|Metals|Arsenic_resistance|Arsenic_resistance_protein|PSTA|MEG_5813|PSTA-5813_G_238_A,0,0,0,0,0,3,7,3,2,0
MEG_5813|Metals|Arsenic_resistance|Arsenic_resistance_protein|PSTA|MEG_5813|PSTA-5813_A_268_T,4,0,0,2,0,0,0,0,0,0
MEG_5813|Metals|Arsenic_resistance|Arsenic_resistance_protein|PSTA|MEG_5813|PSTA-5813_T_401_C,3,1,0,2,0,0,0,0,0,0
MEG_5813|Metals|Arsenic_resistance|Arsenic_resistance_protein|PSTA|MEG_5813|PSTA-5813_G_475_T,0,0,0,0,0,2,5,2,2,0
MEG_5813|Metals|Arsenic_resistance|Arsenic_resistance_protein|PSTA|MEG_5813|PSTA-5813_T_602_C,0,0,0,0,0,2,4,2,2,0
MEG_5814|Metals|Arsenic_resistance|Arsenic_resistance_protein|PSTB|MEG_5814|PSTB-5814_G_271_T,6,1,0,4,1,0,0,0,0,0
MEG_5814|Metals|Arsenic_resistance|Arsenic_resistance_protein|PSTB|MEG_5814|PSTB-5814_T_453_G,3,2,0,3,0,0,0,0,0,0
MEG_5814|Metals|Arsenic_resistance|Arsenic_resistance_protein|PSTB|MEG_5814|PSTB-5814_C_644_T,6,0,0,3,0,0,0,0,0,0
MEG_5815|Metals|Arsenic_resistance|Arsenic_resistance_protein|PSTC|MEG_5815|PSTC-5815_C_121_A,0,0,0,0,0,0,0,6,0,0
MEG_5815|Metals|Arsenic_resistance|Arsenic_resistance_protein|PSTC|MEG_5815|PSTC-5815_G_648_T,0,0,0,0,0,0,2,2,0,0
MEG_5815|Metals|Arsenic_resistance|Arsenic_resistance_protein|PSTC|MEG_5815|PSTC-5815_C_753_A,0,0,0,0,0,0,2,1,0,1
MEG_5815|Metals|Arsenic_resistance|Arsenic_resistance_protein|PSTC|MEG_5815|PSTC-5815_A_754_C,0,0,0,0,0,0,2,1,0,1
MEG_5815|Metals|Arsenic_resistance|Arsenic_resistance_protein|PSTC|MEG_5815|PSTC-5815_G_876_T,0,0,0,0,0,0,1,3,0,0
MEG_5816|Metals|Arsenic_resistance|Arsenic_resistance_protein|PSTS|MEG_5816|PSTS-5816_G_31_C,0,0,0,0,0,0,3,0,1,0
MEG_5816|Metals|Arsenic_resistance|Arsenic_resistance_protein|PSTS|MEG_5816|PSTS-5816_T_603_C,0,0,0,0,0,0,7,2,0,0
MEG_5816|Metals|Arsenic_resistance|Arsenic_resistance_protein|PSTS|MEG_5816|PSTS-5816_G_769_C,0,0,0,0,0,1,7,1,0,0
MEG_5816|Metals|Arsenic_resistance|Arsenic_resistance_protein|PSTS|MEG_5816|PSTS-5816_T_930_A,0,0,0,0,0,0,4,0,0,2
MEG_5816|Metals|Arsenic_resistance|Arsenic_resistance_protein|PSTS|MEG_5816|PSTS-5816_G_943_A,0,0,0,0,0,0,5,0,0,2
MEG_5817|Metals|Arsenic_resistance|Arsenic_resistance_protein|PSTS|MEG_5817|PSTS-5817_A_152_C,0,0,0,0,0,0,1,1,1,1
MEG_5817|Metals|Arsenic_resistance|Arsenic_resistance_protein|PSTS|MEG_5817|PSTS-5817_C_175_A,0,0,0,0,0,0,1,2,2,1
MEG_5817|Metals|Arsenic_resistance|Arsenic_resistance_protein|PSTS|MEG_5817|PSTS-5817_T_603_C,0,0,0,0,0,1,2,0,1,0
MEG_5817|Metals|Arsenic_resistance|Arsenic_resistance_protein|PSTS|MEG_5817|PSTS-5817_A_743_C,3,0,1,0,0,0,0,0,0,0
MEG_5817|Metals|Arsenic_resistance|Arsenic_resistance_protein|PSTS|MEG_5817|PSTS-5817_G_769_C,0,0,0,0,0,0,8,2,0,0
MEG_5817|Metals|Arsenic_resistance|Arsenic_resistance_protein|PSTS|MEG_5817|PSTS-5817_C_821_T,0,0,0,0,0,0,4,0,0,0
MEG_5819|Drugs|Fosfomycin|Fosfomycin_target_mutation|PTSL|MEG_5819|PTSL-5819_A_597_G,0,2,4,0,3,2,9,1,3,3
MEG_5819|Drugs|Fosfomycin|Fosfomycin_target_mutation|PTSL|MEG_5819|PTSL-5819_A_813_G,2,1,5,0,4,5,7,3,0,2
MEG_5819|Drugs|Fosfomycin|Fosfomycin_target_mutation|PTSL|MEG_5819|PTSL-5819_A_918_G,1,0,7,1,1,3,13,3,1,9
MEG_5819|Drugs|Fosfomycin|Fosfomycin_target_mutation|PTSL|MEG_5819|PTSL-5819_A_981_G,1,0,8,2,2,6,14,2,1,6
MEG_5819|Drugs|Fosfomycin|Fosfomycin_target_mutation|PTSL|MEG_5819|PTSL-5819_G_1100_A,1,0,7,4,7,8,20,5,0,3
MEG_5819|Drugs|Fosfomycin|Fosfomycin_target_mutation|PTSL|MEG_5819|PTSL-5819_T_1380_C,1,1,0,0,4,0,1,1,4,0
MEG_5819|Drugs|Fosfomycin|Fosfomycin_target_mutation|PTSL|MEG_5819|PTSL-5819_G_1437_A,1,0,0,0,1,0,1,0,4,0
MEG_5819|Drugs|Fosfomycin|Fosfomycin_target_mutation|PTSL|MEG_5819|PTSL-5819_G_1443_A,1,0,0,0,1,0,0,0,4,0
MEG_5819|Drugs|Fosfomycin|Fosfomycin_target_mutation|PTSL|MEG_5819|PTSL-5819_T_1518_A,2,0,0,0,2,0,2,1,0,1
MEG_5819|Drugs|Fosfomycin|Fosfomycin_target_mutation|PTSL|MEG_5819|PTSL-5819_T_1524_C,2,0,0,0,3,0,2,1,0,1
MEG_5820|Multi-compound|Drug_and_biocide_resistance|Drug_and_biocide_MFS_efflux_pumps|QACAB|MEG_5820|QACAB-5820_c_740_A,0,0,0,0,0,0,1,3,0,1
MEG_5822|Multi-compound|Drug_and_biocide_resistance|Drug_and_biocide_MFS_efflux_pumps|QACAB|MEG_5822|QACAB-5822_C_1310_G,0,0,0,0,0,2,1,0,1,1
MEG_5822|Multi-compound|Drug_and_biocide_resistance|Drug_and_biocide_MFS_efflux_pumps|QACAB|MEG_5822|QACAB-5822_A_1413_C,0,0,0,0,0,0,2,1,1,0
MEG_5823|Multi-compound|Drug_and_biocide_resistance|Drug_and_biocide_MFS_efflux_pumps|QACAB|MEG_5823|QACAB-5823_A_165_T,0,0,0,0,0,1,1,4,2,1
MEG_5859|Drugs|Fluoroquinolones|Quinolone_active_efflux|QEPA|MEG_5859|QEPA-5859_g_255_T,0,0,0,0,0,2,3,1,0,0
MEG_5859|Drugs|Fluoroquinolones|Quinolone_active_efflux|QEPA|MEG_5859|QEPA-5859_c_299_A,0,0,0,0,0,2,3,1,0,0
MEG_5859|Drugs|Fluoroquinolones|Quinolone_active_efflux|QEPA|MEG_5859|QEPA-5859_t_515_G,0,0,0,0,0,1,2,1,0,0
MEG_5859|Drugs|Fluoroquinolones|Quinolone_active_efflux|QEPA|MEG_5859|QEPA-5859_t_535_A,0,0,0,0,0,1,2,1,0,0
MEG_5861|Drugs|Fluoroquinolones|Quinolone_active_efflux|QEPA|MEG_5861|QEPA-5861_t_515_G,0,0,0,0,0,2,0,1,1,0
MEG_5861|Drugs|Fluoroquinolones|Quinolone_active_efflux|QEPA|MEG_5861|QEPA-5861_t_535_A,0,0,0,0,0,2,1,1,1,0
MEG_5861|Drugs|Fluoroquinolones|Quinolone_active_efflux|QEPA|MEG_5861|QEPA-5861_t_1028_G,0,0,0,0,0,2,2,1,1,0
MEG_5861|Drugs|Fluoroquinolones|Quinolone_active_efflux|QEPA|MEG_5861|QEPA-5861_g_1506_A,0,1,4,3,1,0,0,0,0,0
MEG_5862|Drugs|Fluoroquinolones|Quinolone_active_efflux|QEPA|MEG_5862|QEPA-5862_t_199_C,0,0,0,0,0,2,3,1,1,0
MEG_5862|Drugs|Fluoroquinolones|Quinolone_active_efflux|QEPA|MEG_5862|QEPA-5862_g_255_T,0,0,0,0,0,2,4,2,0,0
MEG_5862|Drugs|Fluoroquinolones|Quinolone_active_efflux|QEPA|MEG_5862|QEPA-5862_c_299_A,0,0,0,0,0,1,2,2,0,0
MEG_5862|Drugs|Fluoroquinolones|Quinolone_active_efflux|QEPA|MEG_5862|QEPA-5862_t_1028_G,0,0,0,0,0,2,3,1,0,0
MEG_5862|Drugs|Fluoroquinolones|Quinolone_active_efflux|QEPA|MEG_5862|QEPA-5862_g_1102_A,0,0,0,0,0,0,3,0,1,0
MEG_5862|Drugs|Fluoroquinolones|Quinolone_active_efflux|QEPA|MEG_5862|QEPA-5862_c_1286_T,0,0,0,0,0,6,11,3,1,0
MEG_5862|Drugs|Fluoroquinolones|Quinolone_active_efflux|QEPA|MEG_5862|QEPA-5862_a_1360_G,0,0,0,0,0,2,2,0,0,0
MEG_5863|Drugs|Fluoroquinolones|Quinolone_active_efflux|QEPA|MEG_5863|QEPA-5863_t_976_C,0,0,0,0,0,2,2,0,0,0
MEG_5863|Drugs|Fluoroquinolones|Quinolone_active_efflux|QEPA|MEG_5863|QEPA-5863_c_1366_A,0,0,0,0,0,2,0,3,0,0
MEG_5869|Drugs|Fluoroquinolones|Quinolone_resistance_protein_Qnr|QNRA|MEG_5869|QNRA-5869_T_37_C,0,0,1,3,1,0,0,0,0,0
MEG_5869|Drugs|Fluoroquinolones|Quinolone_resistance_protein_Qnr|QNRA|MEG_5869|QNRA-5869_A_114_G,0,0,1,3,2,0,0,0,0,0
MEG_5869|Drugs|Fluoroquinolones|Quinolone_resistance_protein_Qnr|QNRA|MEG_5869|QNRA-5869_A_124_G,1,0,1,3,2,0,0,0,0,0
MEG_5869|Drugs|Fluoroquinolones|Quinolone_resistance_protein_Qnr|QNRA|MEG_5869|QNRA-5869_T_309_A,0,0,1,3,0,0,0,0,0,0
MEG_5869|Drugs|Fluoroquinolones|Quinolone_resistance_protein_Qnr|QNRA|MEG_5869|QNRA-5869_C_458_T,0,0,0,2,3,0,0,0,0,0
MEG_5869|Drugs|Fluoroquinolones|Quinolone_resistance_protein_Qnr|QNRA|MEG_5869|QNRA-5869_G_472_C,0,0,0,3,2,0,0,0,0,0
MEG_5869|Drugs|Fluoroquinolones|Quinolone_resistance_protein_Qnr|QNRA|MEG_5869|QNRA-5869_G_552_C,0,0,0,3,2,0,0,0,0,0
MEG_5873|Drugs|Fluoroquinolones|Quinolone_resistance_protein_Qnr|QNRA|MEG_5873|QNRA-5873_T_204_C,1,0,2,1,0,0,0,0,0,0
MEG_5873|Drugs|Fluoroquinolones|Quinolone_resistance_protein_Qnr|QNRA|MEG_5873|QNRA-5873_T_401_C,0,0,4,0,1,0,0,0,0,0
MEG_5873|Drugs|Fluoroquinolones|Quinolone_resistance_protein_Qnr|QNRA|MEG_5873|QNRA-5873_G_451_C,1,0,2,1,1,0,0,0,0,0
MEG_5873|Drugs|Fluoroquinolones|Quinolone_resistance_protein_Qnr|QNRA|MEG_5873|QNRA-5873_C_477_G,3,0,2,1,1,0,0,0,0,0
MEG_5873|Drugs|Fluoroquinolones|Quinolone_resistance_protein_Qnr|QNRA|MEG_5873|QNRA-5873_C_481_G,3,0,2,1,1,0,0,0,0,0
MEG_5886|Drugs|Fluoroquinolones|Quinolone_resistance_protein_Qnr|QNRB|MEG_5886|QNRB-5886_a_132_C,0,0,0,0,0,0,3,1,1,0
MEG_5895|Drugs|Fluoroquinolones|Quinolone_resistance_protein_Qnr|QNRB|MEG_5895|QNRB-5895_a_146_T,1,0,0,3,0,0,0,0,0,0
MEG_5901|Drugs|Fluoroquinolones|Quinolone_resistance_protein_Qnr|QNRB|MEG_5901|QNRB-5901_g_241_A,3,0,1,0,0,0,0,0,0,0
MEG_5903|Drugs|Fluoroquinolones|Quinolone_resistance_protein_Qnr|QNRB|MEG_5903|QNRB-5903_a_34_T,0,0,0,0,0,4,4,2,0,0
MEG_5903|Drugs|Fluoroquinolones|Quinolone_resistance_protein_Qnr|QNRB|MEG_5903|QNRB-5903_c_92_T,0,0,0,0,0,4,8,2,1,0
MEG_5903|Drugs|Fluoroquinolones|Quinolone_resistance_protein_Qnr|QNRB|MEG_5903|QNRB-5903_t_258_A,0,0,0,0,0,4,0,1,0,1
MEG_5903|Drugs|Fluoroquinolones|Quinolone_resistance_protein_Qnr|QNRB|MEG_5903|QNRB-5903_c_262_T,0,0,0,0,0,4,0,1,0,1
MEG_5903|Drugs|Fluoroquinolones|Quinolone_resistance_protein_Qnr|QNRB|MEG_5903|QNRB-5903_c_366_G,0,0,0,0,0,5,3,0,0,0
MEG_5903|Drugs|Fluoroquinolones|Quinolone_resistance_protein_Qnr|QNRB|MEG_5903|QNRB-5903_c_369_T,0,0,0,0,0,5,3,0,0,0
MEG_5910|Drugs|Fluoroquinolones|Quinolone_resistance_protein_Qnr|QNRB|MEG_5910|QNRB-5910_a_86_C,0,0,0,0,0,0,2,1,0,1
MEG_5910|Drugs|Fluoroquinolones|Quinolone_resistance_protein_Qnr|QNRB|MEG_5910|QNRB-5910_a_533_T,0,0,0,0,0,0,3,0,0,1
MEG_5912|Drugs|Fluoroquinolones|Quinolone_resistance_protein_Qnr|QNRB|MEG_5912|QNRB-5912_t_133_C,0,0,0,0,0,0,2,2,0,1
MEG_5918|Drugs|Fluoroquinolones|Quinolone_resistance_protein_Qnr|QNRB|MEG_5918|QNRB-5918_c_99_T,1,0,0,5,1,0,0,0,0,0
MEG_5918|Drugs|Fluoroquinolones|Quinolone_resistance_protein_Qnr|QNRB|MEG_5918|QNRB-5918_t_542_A,1,0,1,2,1,0,0,0,0,0
MEG_5918|Drugs|Fluoroquinolones|Quinolone_resistance_protein_Qnr|QNRB|MEG_5918|QNRB-5918_a_599_G,1,0,2,0,1,0,0,0,0,0
MEG_5918|Drugs|Fluoroquinolones|Quinolone_resistance_protein_Qnr|QNRB|MEG_5918|QNRB-5918_t_604_A,1,0,2,0,1,0,0,0,0,0
MEG_5947|Drugs|Fluoroquinolones|Quinolone_resistance_protein_Qnr|QNRB|MEG_5947|QNRB-5947_A_122_C,0,0,0,0,0,0,3,0,0,3
MEG_5950|Drugs|Fluoroquinolones|Quinolone_resistance_protein_Qnr|QNRB|MEG_5950|QNRB-5950_G_52_T,0,0,1,3,0,0,0,0,0,0
MEG_5950|Drugs|Fluoroquinolones|Quinolone_resistance_protein_Qnr|QNRB|MEG_5950|QNRB-5950_C_142_A,0,0,1,4,1,0,0,0,0,0
MEG_5950|Drugs|Fluoroquinolones|Quinolone_resistance_protein_Qnr|QNRB|MEG_5950|QNRB-5950_A_169_C,1,0,0,2,2,0,0,0,0,0
MEG_5950|Drugs|Fluoroquinolones|Quinolone_resistance_protein_Qnr|QNRB|MEG_5950|QNRB-5950_C_515_T,1,0,0,2,2,0,0,0,0,0
MEG_5956|Drugs|Fluoroquinolones|Quinolone_resistance_protein_Qnr|QNRB|MEG_5956|QNRB-5956_G_85_T,0,0,0,4,4,0,0,0,0,0
MEG_5956|Drugs|Fluoroquinolones|Quinolone_resistance_protein_Qnr|QNRB|MEG_5956|QNRB-5956_C_362_T,0,0,1,2,1,0,0,0,0,0
MEG_5957|Drugs|Fluoroquinolones|Quinolone_resistance_protein_Qnr|QNRB|MEG_5957|QNRB-5957_A_91_C,0,0,0,0,0,1,4,5,0,0
MEG_5957|Drugs|Fluoroquinolones|Quinolone_resistance_protein_Qnr|QNRB|MEG_5957|QNRB-5957_A_168_C,0,0,0,0,0,0,3,2,0,0
MEG_5961|Drugs|Fluoroquinolones|Quinolone_resistance_protein_Qnr|QNRB|MEG_5961|QNRB-5961_C_519_A,0,0,0,0,0,0,3,1,0,0
MEG_5966|Drugs|Fluoroquinolones|Quinolone_resistance_protein_Qnr|QNRB|MEG_5966|QNRB-5966_A_116_T,0,0,0,0,0,1,3,0,0,0
MEG_5966|Drugs|Fluoroquinolones|Quinolone_resistance_protein_Qnr|QNRB|MEG_5966|QNRB-5966_A_152_T,0,0,0,0,0,1,0,2,0,1
MEG_5973|Drugs|Fluoroquinolones|Quinolone_resistance_protein_Qnr|QNRB|MEG_5973|QNRB-5973_C_585_T,0,0,0,0,0,0,2,2,0,0
MEG_5989|Drugs|Fluoroquinolones|Quinolone_resistance_protein_Qnr|QNRB|MEG_5989|QNRB-5989_G_35_C,0,0,0,0,0,0,3,2,0,0
MEG_5994|Drugs|Fluoroquinolones|Quinolone_resistance_protein_Qnr|QNRB|MEG_5994|QNRB-5994_C_123_T,2,0,2,0,0,0,0,0,0,0
MEG_5994|Drugs|Fluoroquinolones|Quinolone_resistance_protein_Qnr|QNRB|MEG_5994|QNRB-5994_A_319_G,2,0,1,1,0,0,0,0,0,0
MEG_5994|Drugs|Fluoroquinolones|Quinolone_resistance_protein_Qnr|QNRB|MEG_5994|QNRB-5994_G_561_A,1,0,1,3,1,0,0,0,0,0
MEG_5997|Drugs|Fluoroquinolones|Quinolone_resistance_protein_Qnr|QNRB|MEG_5997|QNRB-5997_C_515_T,0,1,0,1,2,0,0,0,0,0
MEG_6010|Drugs|Fluoroquinolones|Quinolone_resistance_protein_Qnr|QNRC|MEG_6010|QNRC-6010_C_63_T,0,0,0,0,0,0,0,3,1,0
MEG_6010|Drugs|Fluoroquinolones|Quinolone_resistance_protein_Qnr|QNRC|MEG_6010|QNRC-6010_T_66_A,0,0,0,0,0,0,0,3,1,0
MEG_6010|Drugs|Fluoroquinolones|Quinolone_resistance_protein_Qnr|QNRC|MEG_6010|QNRC-6010_T_186_C,0,0,0,0,0,1,2,0,0,1
MEG_6010|Drugs|Fluoroquinolones|Quinolone_resistance_protein_Qnr|QNRC|MEG_6010|QNRC-6010_T_418_G,0,0,0,0,0,0,0,4,0,0
MEG_6010|Drugs|Fluoroquinolones|Quinolone_resistance_protein_Qnr|QNRC|MEG_6010|QNRC-6010_T_575_A,0,0,0,0,0,1,1,2,0,0
MEG_6011|Drugs|Fluoroquinolones|Quinolone_resistance_protein_Qnr|QNRC|MEG_6011|QNRC-6011_G_231_T,0,0,0,0,0,1,1,0,2,0
MEG_6011|Drugs|Fluoroquinolones|Quinolone_resistance_protein_Qnr|QNRC|MEG_6011|QNRC-6011_C_345_A,0,0,0,0,0,1,1,2,0,0
MEG_6013|Drugs|Fluoroquinolones|Quinolone_resistance_protein_Qnr|QNRD|MEG_6013|QNRD-6013_T_551_C,0,0,0,0,0,1,3,2,0,0
MEG_6014|Drugs|Fluoroquinolones|Quinolone_resistance_protein_Qnr|QNRD|MEG_6014|QNRD-6014_T_108_C,0,0,0,0,0,0,4,0,0,0
MEG_6016|Drugs|Fluoroquinolones|Quinolone_resistance_protein_Qnr|QNRE|MEG_6016|QNRE-6016_G_115_C,0,2,0,2,0,0,0,0,0,0
MEG_6016|Drugs|Fluoroquinolones|Quinolone_resistance_protein_Qnr|QNRE|MEG_6016|QNRE-6016_T_182_A,1,4,0,2,0,0,0,0,0,0
MEG_6016|Drugs|Fluoroquinolones|Quinolone_resistance_protein_Qnr|QNRE|MEG_6016|QNRE-6016_T_460_C,0,0,0,4,0,0,0,0,0,0
MEG_6016|Drugs|Fluoroquinolones|Quinolone_resistance_protein_Qnr|QNRE|MEG_6016|QNRE-6016_G_463_T,0,0,0,4,0,0,0,0,0,0
MEG_6016|Drugs|Fluoroquinolones|Quinolone_resistance_protein_Qnr|QNRE|MEG_6016|QNRE-6016_A_537_T,0,2,0,4,0,0,0,0,0,0
MEG_6016|Drugs|Fluoroquinolones|Quinolone_resistance_protein_Qnr|QNRE|MEG_6016|QNRE-6016_T_570_C,0,2,0,2,1,0,0,0,0,0
MEG_6017|Drugs|Fluoroquinolones|Quinolone_resistance_protein_Qnr|QNRS|MEG_6017|QNRS-6017_g_562_A,0,0,0,1,0,0,0,0,1,2
MEG_6028|Drugs|Fluoroquinolones|Quinolone_resistance_protein_Qnr|QNRS|MEG_6028|QNRS-6028_G_166_A,1,2,1,0,0,0,0,0,0,0
MEG_6034|Drugs|Fluoroquinolones|Quinolone_resistance_protein_Qnr|QNRVC|MEG_6034|QNRVC-6034_T_65_C,0,0,4,0,0,0,0,0,0,0
MEG_6036|Drugs|Fluoroquinolones|Quinolone_resistance_protein_Qnr|QNRVC|MEG_6036|QNRVC-6036_T_65_C,2,0,0,2,0,0,0,0,0,0
MEG_6036|Drugs|Fluoroquinolones|Quinolone_resistance_protein_Qnr|QNRVC|MEG_6036|QNRVC-6036_T_620_A,1,0,1,3,0,0,0,0,0,0
MEG_6046|Drugs|Multi-drug_resistance|Multi-drug_RND_efflux_regulator|RAMR|MEG_6046|RAMR-6046_T_75_C,4,0,3,0,3,0,0,0,0,0
MEG_6052|Metals|Chromium_resistance|Chromium_resistance_protein|RECG|MEG_6052|RECG-6052_G_438_C,3,0,2,0,0,0,0,0,0,0
MEG_6053|Metals|Multi-metal_resistance|Multi-metal_resistance_protein|RECGM|MEG_6053|RECGM-6053_C_53_T,2,0,0,4,0,0,0,0,0,0
MEG_6053|Metals|Multi-metal_resistance|Multi-metal_resistance_protein|RECGM|MEG_6053|RECGM-6053_C_481_T,4,0,2,13,1,0,0,0,0,0
MEG_6053|Metals|Multi-metal_resistance|Multi-metal_resistance_protein|RECGM|MEG_6053|RECGM-6053_T_965_C,6,0,2,10,1,0,0,0,0,0
MEG_6053|Metals|Multi-metal_resistance|Multi-metal_resistance_protein|RECGM|MEG_6053|RECGM-6053_C_1143_A,5,0,5,15,1,0,0,0,0,0
MEG_6053|Metals|Multi-metal_resistance|Multi-metal_resistance_protein|RECGM|MEG_6053|RECGM-6053_T_1181_C,2,0,4,12,0,0,0,0,0,0
MEG_6053|Metals|Multi-metal_resistance|Multi-metal_resistance_protein|RECGM|MEG_6053|RECGM-6053_C_1435_T,1,0,1,6,0,0,0,0,0,0
MEG_6053|Metals|Multi-metal_resistance|Multi-metal_resistance_protein|RECGM|MEG_6053|RECGM-6053_T_1727_G,5,0,0,5,1,0,0,0,0,0
MEG_6054|Drugs|Rifampin|Rifampin_glycosyltransferase|RGT|MEG_6054|RGT-6054_G_32_T,0,0,0,0,0,2,0,3,0,2
MEG_6054|Drugs|Rifampin|Rifampin_glycosyltransferase|RGT|MEG_6054|RGT-6054_C_143_G,0,2,4,7,0,0,0,0,0,0
MEG_6054|Drugs|Rifampin|Rifampin_glycosyltransferase|RGT|MEG_6054|RGT-6054_C_472_G,0,0,0,0,0,4,0,1,0,0
MEG_6054|Drugs|Rifampin|Rifampin_glycosyltransferase|RGT|MEG_6054|RGT-6054_T_572_C,0,0,0,0,0,2,0,1,0,2
MEG_6054|Drugs|Rifampin|Rifampin_glycosyltransferase|RGT|MEG_6054|RGT-6054_C_664_T,0,0,1,11,0,0,0,0,0,0
MEG_6054|Drugs|Rifampin|Rifampin_glycosyltransferase|RGT|MEG_6054|RGT-6054_A_772_C,0,0,0,0,0,1,0,1,1,2
MEG_6058|Drugs|MLS|23S_rRNA_methyltransferases|RLMH|MEG_6058|RLMH-6058_G_48_C,0,0,0,0,0,0,3,1,0,2
MEG_6058|Drugs|MLS|23S_rRNA_methyltransferases|RLMH|MEG_6058|RLMH-6058_A_68_C,0,0,0,0,0,1,4,1,0,2
MEG_6058|Drugs|MLS|23S_rRNA_methyltransferases|RLMH|MEG_6058|RLMH-6058_T_156_C,0,0,0,0,0,0,3,0,1,1
MEG_6058|Drugs|MLS|23S_rRNA_methyltransferases|RLMH|MEG_6058|RLMH-6058_C_298_G,0,0,0,0,0,2,1,1,0,0
MEG_6058|Drugs|MLS|23S_rRNA_methyltransferases|RLMH|MEG_6058|RLMH-6058_C_366_A,0,0,0,0,0,1,5,2,1,0
MEG_6058|Drugs|MLS|23S_rRNA_methyltransferases|RLMH|MEG_6058|RLMH-6058_A_393_C,0,0,0,0,0,1,4,1,1,0
MEG_6082|Multi-compound|Drug_and_biocide_and_metal_resistance|Drug_and_biocide_and_metal_RND_efflux_pumps|ROBA|MEG_6082|ROBA-6082_A_44_G,0,0,0,0,0,7,3,0,0,0
MEG_6082|Multi-compound|Drug_and_biocide_and_metal_resistance|Drug_and_biocide_and_metal_RND_efflux_pumps|ROBA|MEG_6082|ROBA-6082_G_360_A,0,0,4,0,0,0,0,0,0,0
MEG_6082|Multi-compound|Drug_and_biocide_and_metal_resistance|Drug_and_biocide_and_metal_RND_efflux_pumps|ROBA|MEG_6082|ROBA-6082_G_362_T,0,0,0,0,0,6,3,0,0,0
MEG_6082|Multi-compound|Drug_and_biocide_and_metal_resistance|Drug_and_biocide_and_metal_RND_efflux_pumps|ROBA|MEG_6082|ROBA-6082_A_415_C,0,0,0,0,0,9,4,0,0,2
MEG_6082|Multi-compound|Drug_and_biocide_and_metal_resistance|Drug_and_biocide_and_metal_RND_efflux_pumps|ROBA|MEG_6082|ROBA-6082_C_489_G,0,0,0,0,0,7,4,0,0,4
MEG_6082|Multi-compound|Drug_and_biocide_and_metal_resistance|Drug_and_biocide_and_metal_RND_efflux_pumps|ROBA|MEG_6082|ROBA-6082_G_657_C,0,0,0,0,0,8,2,0,0,3
MEG_6082|Multi-compound|Drug_and_biocide_and_metal_resistance|Drug_and_biocide_and_metal_RND_efflux_pumps|ROBA|MEG_6082|ROBA-6082_C_720_T,0,1,5,0,0,0,0,0,0,0
MEG_6082|Multi-compound|Drug_and_biocide_and_metal_resistance|Drug_and_biocide_and_metal_RND_efflux_pumps|ROBA|MEG_6082|ROBA-6082_A_771_C,0,1,3,0,0,0,0,0,0,0
MEG_6082|Multi-compound|Drug_and_biocide_and_metal_resistance|Drug_and_biocide_and_metal_RND_efflux_pumps|ROBA|MEG_6082|ROBA-6082_T_807_G,0,0,0,0,0,6,0,0,0,0
MEG_6082|Multi-compound|Drug_and_biocide_and_metal_resistance|Drug_and_biocide_and_metal_RND_efflux_pumps|ROBA|MEG_6082|ROBA-6082_C_847_G,0,0,0,0,0,5,0,0,0,0
MEG_6084|Drugs|Multi-drug_resistance|Multi-drug_MFS_efflux_pumps|ROSB|MEG_6084|ROSB-6084_C_172_A,0,0,0,0,0,7,3,8,3,0
MEG_6084|Drugs|Multi-drug_resistance|Multi-drug_MFS_efflux_pumps|ROSB|MEG_6084|ROSB-6084_T_221_G,0,0,0,0,0,8,2,7,2,0
MEG_6084|Drugs|Multi-drug_resistance|Multi-drug_MFS_efflux_pumps|ROSB|MEG_6084|ROSB-6084_G_277_A,0,0,0,0,0,6,3,3,1,0
MEG_6084|Drugs|Multi-drug_resistance|Multi-drug_MFS_efflux_pumps|ROSB|MEG_6084|ROSB-6084_A_420_G,0,0,0,0,0,4,3,5,2,0
MEG_6084|Drugs|Multi-drug_resistance|Multi-drug_MFS_efflux_pumps|ROSB|MEG_6084|ROSB-6084_T_632_C,0,0,0,0,0,4,3,3,5,0
MEG_6084|Drugs|Multi-drug_resistance|Multi-drug_MFS_efflux_pumps|ROSB|MEG_6084|ROSB-6084_C_662_T,7,1,0,2,1,0,0,0,0,0
MEG_6084|Drugs|Multi-drug_resistance|Multi-drug_MFS_efflux_pumps|ROSB|MEG_6084|ROSB-6084_G_691_T,0,0,0,0,0,3,4,7,3,0
MEG_6084|Drugs|Multi-drug_resistance|Multi-drug_MFS_efflux_pumps|ROSB|MEG_6084|ROSB-6084_A_1161_T,0,0,0,0,0,2,3,5,5,0
MEG_6084|Drugs|Multi-drug_resistance|Multi-drug_MFS_efflux_pumps|ROSB|MEG_6084|ROSB-6084_A_1179_G,0,0,0,0,0,2,3,7,5,0
MEG_6084|Drugs|Multi-drug_resistance|Multi-drug_MFS_efflux_pumps|ROSB|MEG_6084|ROSB-6084_T_1617_C,5,0,0,1,0,0,0,0,0,0
MEG_6085|Drugs|Rifampin|Monooxygenase|ROX|MEG_6085|ROX-6085_g_199_T,0,0,1,11,1,0,0,0,0,0
MEG_6085|Drugs|Rifampin|Monooxygenase|ROX|MEG_6085|ROX-6085_t_740_G,0,0,0,0,0,11,2,10,0,0
MEG_6086|Drugs|Rifampin|Rifampin_phosphotransferase|RPH|MEG_6086|RPH-6086_t_287_C,0,0,0,0,0,7,0,0,1,3
MEG_6086|Drugs|Rifampin|Rifampin_phosphotransferase|RPH|MEG_6086|RPH-6086_t_349_G,0,0,0,0,0,12,0,2,1,3
MEG_6086|Drugs|Rifampin|Rifampin_phosphotransferase|RPH|MEG_6086|RPH-6086_t_420_C,0,0,0,0,0,15,0,0,2,2
MEG_6086|Drugs|Rifampin|Rifampin_phosphotransferase|RPH|MEG_6086|RPH-6086_g_1213_T,0,0,0,0,0,12,0,9,3,2
MEG_6086|Drugs|Rifampin|Rifampin_phosphotransferase|RPH|MEG_6086|RPH-6086_c_1419_T,4,1,5,0,0,0,0,0,0,0
MEG_6086|Drugs|Rifampin|Rifampin_phosphotransferase|RPH|MEG_6086|RPH-6086_a_1625_T,0,0,0,0,0,16,0,3,1,3
MEG_6086|Drugs|Rifampin|Rifampin_phosphotransferase|RPH|MEG_6086|RPH-6086_t_2031_G,0,0,0,0,0,10,0,2,0,2
MEG_6087|Drugs|Rifampin|Rifampin_phosphotransferase|RPH|MEG_6087|RPH-6087_g_449_A,2,0,1,1,0,0,0,0,0,0
MEG_6087|Drugs|Rifampin|Rifampin_phosphotransferase|RPH|MEG_6087|RPH-6087_c_630_T,0,0,0,0,0,2,1,4,2,3
MEG_6087|Drugs|Rifampin|Rifampin_phosphotransferase|RPH|MEG_6087|RPH-6087_a_765_C,2,0,0,1,3,0,0,0,0,0
MEG_6087|Drugs|Rifampin|Rifampin_phosphotransferase|RPH|MEG_6087|RPH-6087_g_1720_T,2,2,0,1,1,0,0,0,0,0
MEG_6088|Drugs|Rifampin|Rifampin_phosphotransferase|RPH|MEG_6088|RPH-6088_G_695_C,0,0,3,1,0,0,0,0,0,0
MEG_6088|Drugs|Rifampin|Rifampin_phosphotransferase|RPH|MEG_6088|RPH-6088_C_987_G,0,0,0,0,0,1,18,0,0,1
MEG_6088|Drugs|Rifampin|Rifampin_phosphotransferase|RPH|MEG_6088|RPH-6088_C_1669_G,0,0,0,0,0,1,12,0,0,6
MEG_6089|Drugs|Rifampin|Rifampin_phosphotransferase|RPH|MEG_6089|RPH-6089_T_1101_G,0,2,2,0,2,0,0,0,0,0
MEG_6089|Drugs|Rifampin|Rifampin_phosphotransferase|RPH|MEG_6089|RPH-6089_C_1423_G,0,2,7,0,2,0,0,0,0,0
MEG_6089|Drugs|Rifampin|Rifampin_phosphotransferase|RPH|MEG_6089|RPH-6089_A_1804_T,0,0,0,0,0,0,17,5,5,0
MEG_6093|Drugs|Rifampin|Rifampin-resistant_beta-subunit_of_RNA_polymerase_RpoB|RPOB|MEG_6093|RPOB-6093_G_207_T,0,0,0,0,0,2,3,1,0,0
MEG_6093|Drugs|Rifampin|Rifampin-resistant_beta-subunit_of_RNA_polymerase_RpoB|RPOB|MEG_6093|RPOB-6093_G_2221_C,0,0,0,0,0,0,2,0,1,1
MEG_6093|Drugs|Rifampin|Rifampin-resistant_beta-subunit_of_RNA_polymerase_RpoB|RPOB|MEG_6093|RPOB-6093_A_2326_C,0,0,0,0,0,1,3,1,1,1
MEG_6093|Drugs|Rifampin|Rifampin-resistant_beta-subunit_of_RNA_polymerase_RpoB|RPOB|MEG_6093|RPOB-6093_C_2556_G,0,0,0,0,0,3,2,1,0,2
MEG_6093|Drugs|Rifampin|Rifampin-resistant_beta-subunit_of_RNA_polymerase_RpoB|RPOB|MEG_6093|RPOB-6093_C_3090_T,0,0,0,0,0,1,3,2,2,0
MEG_6093|Drugs|Rifampin|Rifampin-resistant_beta-subunit_of_RNA_polymerase_RpoB|RPOB|MEG_6093|RPOB-6093_C_3177_G,0,0,0,0,0,1,3,1,0,0
MEG_6094|Drugs|Rifampin|Rifampin-resistant_beta-subunit_of_RNA_polymerase_RpoB|RPOB|MEG_6094|RPOB-6094_C_1905_T,1,1,3,1,1,0,4,1,0,1
MEG_6094|Drugs|Rifampin|Rifampin-resistant_beta-subunit_of_RNA_polymerase_RpoB|RPOB|MEG_6094|RPOB-6094_T_2151_A,0,0,1,1,0,0,1,0,1,0
MEG_6094|Drugs|Rifampin|Rifampin-resistant_beta-subunit_of_RNA_polymerase_RpoB|RPOB|MEG_6094|RPOB-6094_T_2974_C,0,1,1,1,0,0,0,1,0,0
MEG_6099|Drugs|Rifampin|Rifampin-resistant_beta-subunit_of_RNA_polymerase_RpoB|RPOB|MEG_6099|RPOB-6099_C_456_T,0,0,0,0,1,2,0,1,0,0
MEG_6106|Drugs|Rifampin|Rifampin-resistant_beta-subunit_of_RNA_polymerase_RpoB|RPOB|MEG_6106|RPOB-6106_C_306_T,2,1,5,12,1,0,1,7,4,4
MEG_6106|Drugs|Rifampin|Rifampin-resistant_beta-subunit_of_RNA_polymerase_RpoB|RPOB|MEG_6106|RPOB-6106_A_342_C,2,0,8,13,2,0,0,11,3,4
MEG_6106|Drugs|Rifampin|Rifampin-resistant_beta-subunit_of_RNA_polymerase_RpoB|RPOB|MEG_6106|RPOB-6106_T_444_C,5,1,4,14,2,1,4,15,2,2
MEG_6106|Drugs|Rifampin|Rifampin-resistant_beta-subunit_of_RNA_polymerase_RpoB|RPOB|MEG_6106|RPOB-6106_T_582_C,1,0,0,11,3,0,3,8,3,4
MEG_6106|Drugs|Rifampin|Rifampin-resistant_beta-subunit_of_RNA_polymerase_RpoB|RPOB|MEG_6106|RPOB-6106_A_879_C,3,3,0,15,2,1,5,18,3,6
MEG_6106|Drugs|Rifampin|Rifampin-resistant_beta-subunit_of_RNA_polymerase_RpoB|RPOB|MEG_6106|RPOB-6106_G_897_T,3,2,0,18,2,0,4,16,2,5
MEG_6106|Drugs|Rifampin|Rifampin-resistant_beta-subunit_of_RNA_polymerase_RpoB|RPOB|MEG_6106|RPOB-6106_T_1035_G,0,3,2,19,2,0,3,21,6,6
MEG_6106|Drugs|Rifampin|Rifampin-resistant_beta-subunit_of_RNA_polymerase_RpoB|RPOB|MEG_6106|RPOB-6106_A_1056_G,0,2,3,17,2,0,4,15,4,4
MEG_6106|Drugs|Rifampin|Rifampin-resistant_beta-subunit_of_RNA_polymerase_RpoB|RPOB|MEG_6106|RPOB-6106_C_1209_T,3,1,2,17,2,1,4,10,3,7
MEG_6106|Drugs|Rifampin|Rifampin-resistant_beta-subunit_of_RNA_polymerase_RpoB|RPOB|MEG_6106|RPOB-6106_T_1260_C,3,2,2,23,2,0,3,13,6,5
MEG_6106|Drugs|Rifampin|Rifampin-resistant_beta-subunit_of_RNA_polymerase_RpoB|RPOB|MEG_6106|RPOB-6106_C_1290_T,2,2,1,25,1,1,4,16,6,6
MEG_6106|Drugs|Rifampin|Rifampin-resistant_beta-subunit_of_RNA_polymerase_RpoB|RPOB|MEG_6106|RPOB-6106_C_1368_T,3,1,1,25,3,1,4,19,5,4
MEG_6106|Drugs|Rifampin|Rifampin-resistant_beta-subunit_of_RNA_polymerase_RpoB|RPOB|MEG_6106|RPOB-6106_T_1611_C,3,1,2,15,1,2,2,8,0,4
MEG_6106|Drugs|Rifampin|Rifampin-resistant_beta-subunit_of_RNA_polymerase_RpoB|RPOB|MEG_6106|RPOB-6106_C_1623_T,2,1,2,16,1,2,2,8,2,4
MEG_6106|Drugs|Rifampin|Rifampin-resistant_beta-subunit_of_RNA_polymerase_RpoB|RPOB|MEG_6106|RPOB-6106_A_1626_G,2,1,2,16,1,2,2,8,2,4
MEG_6106|Drugs|Rifampin|Rifampin-resistant_beta-subunit_of_RNA_polymerase_RpoB|RPOB|MEG_6106|RPOB-6106_G_2004_T,2,3,0,12,1,4,5,16,2,4
MEG_6106|Drugs|Rifampin|Rifampin-resistant_beta-subunit_of_RNA_polymerase_RpoB|RPOB|MEG_6106|RPOB-6106_T_2136_A,4,1,0,13,1,0,0,10,1,7
MEG_6106|Drugs|Rifampin|Rifampin-resistant_beta-subunit_of_RNA_polymerase_RpoB|RPOB|MEG_6106|RPOB-6106_A_2151_T,5,0,0,17,1,0,0,11,2,6
MEG_6106|Drugs|Rifampin|Rifampin-resistant_beta-subunit_of_RNA_polymerase_RpoB|RPOB|MEG_6106|RPOB-6106_T_2154_C,5,0,1,17,1,0,0,10,2,6
MEG_6106|Drugs|Rifampin|Rifampin-resistant_beta-subunit_of_RNA_polymerase_RpoB|RPOB|MEG_6106|RPOB-6106_T_2355_C,0,0,3,19,1,2,5,5,5,6
MEG_6106|Drugs|Rifampin|Rifampin-resistant_beta-subunit_of_RNA_polymerase_RpoB|RPOB|MEG_6106|RPOB-6106_A_2457_G,2,3,1,15,2,6,8,9,5,7
MEG_6106|Drugs|Rifampin|Rifampin-resistant_beta-subunit_of_RNA_polymerase_RpoB|RPOB|MEG_6106|RPOB-6106_T_2529_G,2,2,1,13,3,2,3,7,2,6
MEG_6106|Drugs|Rifampin|Rifampin-resistant_beta-subunit_of_RNA_polymerase_RpoB|RPOB|MEG_6106|RPOB-6106_C_2619_T,4,0,2,15,1,2,3,6,5,6
MEG_6106|Drugs|Rifampin|Rifampin-resistant_beta-subunit_of_RNA_polymerase_RpoB|RPOB|MEG_6106|RPOB-6106_C_2661_T,3,0,3,16,1,1,3,10,3,6
MEG_6106|Drugs|Rifampin|Rifampin-resistant_beta-subunit_of_RNA_polymerase_RpoB|RPOB|MEG_6106|RPOB-6106_C_2949_T,4,3,0,13,0,3,4,14,3,2
MEG_6120|Drugs|Rifampin|Rifampin-resistant_beta-subunit_of_RNA_polymerase_RpoB|RPOB|MEG_6120|RPOB-6120_T_2502_C,0,20,2,1,2,0,3,0,0,3
MEG_6120|Drugs|Rifampin|Rifampin-resistant_beta-subunit_of_RNA_polymerase_RpoB|RPOB|MEG_6120|RPOB-6120_G_2505_A,0,19,2,0,2,0,4,0,0,3
MEG_6120|Drugs|Rifampin|Rifampin-resistant_beta-subunit_of_RNA_polymerase_RpoB|RPOB|MEG_6120|RPOB-6120_C_2517_T,0,21,2,0,2,0,3,0,0,4
MEG_6120|Drugs|Rifampin|Rifampin-resistant_beta-subunit_of_RNA_polymerase_RpoB|RPOB|MEG_6120|RPOB-6120_A_2574_G,0,11,3,1,1,0,3,3,0,5
MEG_6120|Drugs|Rifampin|Rifampin-resistant_beta-subunit_of_RNA_polymerase_RpoB|RPOB|MEG_6120|RPOB-6120_A_2628_G,0,2,0,1,0,0,0,2,0,0
MEG_6120|Drugs|Rifampin|Rifampin-resistant_beta-subunit_of_RNA_polymerase_RpoB|RPOB|MEG_6120|RPOB-6120_G_2676_A,0,11,0,0,2,0,2,3,0,5
MEG_6120|Drugs|Rifampin|Rifampin-resistant_beta-subunit_of_RNA_polymerase_RpoB|RPOB|MEG_6120|RPOB-6120_C_2772_T,0,21,1,1,2,1,3,5,0,6
MEG_6120|Drugs|Rifampin|Rifampin-resistant_beta-subunit_of_RNA_polymerase_RpoB|RPOB|MEG_6120|RPOB-6120_A_2793_G,0,14,0,0,1,1,2,3,0,4
MEG_6120|Drugs|Rifampin|Rifampin-resistant_beta-subunit_of_RNA_polymerase_RpoB|RPOB|MEG_6120|RPOB-6120_A_2811_G,0,14,0,0,1,0,1,2,0,2
MEG_6120|Drugs|Rifampin|Rifampin-resistant_beta-subunit_of_RNA_polymerase_RpoB|RPOB|MEG_6120|RPOB-6120_A_2847_G,0,7,0,0,1,0,0,0,0,1
MEG_6120|Drugs|Rifampin|Rifampin-resistant_beta-subunit_of_RNA_polymerase_RpoB|RPOB|MEG_6120|RPOB-6120_C_2901_T,0,4,0,0,0,0,1,0,0,0
MEG_6120|Drugs|Rifampin|Rifampin-resistant_beta-subunit_of_RNA_polymerase_RpoB|RPOB|MEG_6120|RPOB-6120_T_2943_C,1,15,2,1,0,0,1,1,1,2
MEG_6120|Drugs|Rifampin|Rifampin-resistant_beta-subunit_of_RNA_polymerase_RpoB|RPOB|MEG_6120|RPOB-6120_T_2953_C,1,15,2,1,0,0,1,1,1,4
MEG_6120|Drugs|Rifampin|Rifampin-resistant_beta-subunit_of_RNA_polymerase_RpoB|RPOB|MEG_6120|RPOB-6120_G_3063_A,0,15,1,3,0,2,2,2,0,6
MEG_6120|Drugs|Rifampin|Rifampin-resistant_beta-subunit_of_RNA_polymerase_RpoB|RPOB|MEG_6120|RPOB-6120_G_3109_C,0,9,1,2,0,2,0,0,0,0
MEG_6120|Drugs|Rifampin|Rifampin-resistant_beta-subunit_of_RNA_polymerase_RpoB|RPOB|MEG_6120|RPOB-6120_G_3111_A,0,8,1,2,0,2,0,0,0,0
MEG_6120|Drugs|Rifampin|Rifampin-resistant_beta-subunit_of_RNA_polymerase_RpoB|RPOB|MEG_6120|RPOB-6120_C_3123_T,0,8,2,0,1,0,1,0,0,0
MEG_6120|Drugs|Rifampin|Rifampin-resistant_beta-subunit_of_RNA_polymerase_RpoB|RPOB|MEG_6120|RPOB-6120_C_3147_T,0,10,2,1,1,1,1,1,0,1
MEG_6120|Drugs|Rifampin|Rifampin-resistant_beta-subunit_of_RNA_polymerase_RpoB|RPOB|MEG_6120|RPOB-6120_G_3288_A,0,7,0,1,1,0,3,1,0,5
MEG_6120|Drugs|Rifampin|Rifampin-resistant_beta-subunit_of_RNA_polymerase_RpoB|RPOB|MEG_6120|RPOB-6120_T_3303_G,0,6,0,1,1,0,2,0,0,2
MEG_6120|Drugs|Rifampin|Rifampin-resistant_beta-subunit_of_RNA_polymerase_RpoB|RPOB|MEG_6120|RPOB-6120_A_3321_G,0,3,0,0,1,0,2,0,0,2
MEG_6120|Drugs|Rifampin|Rifampin-resistant_beta-subunit_of_RNA_polymerase_RpoB|RPOB|MEG_6120|RPOB-6120_T_3393_C,0,3,0,1,0,0,0,1,0,0
MEG_6120|Drugs|Rifampin|Rifampin-resistant_beta-subunit_of_RNA_polymerase_RpoB|RPOB|MEG_6120|RPOB-6120_A_3402_G,0,4,0,1,0,0,0,1,0,0
MEG_6120|Drugs|Rifampin|Rifampin-resistant_beta-subunit_of_RNA_polymerase_RpoB|RPOB|MEG_6120|RPOB-6120_A_3438_G,0,7,1,1,0,0,0,2,0,1
MEG_6120|Drugs|Rifampin|Rifampin-resistant_beta-subunit_of_RNA_polymerase_RpoB|RPOB|MEG_6120|RPOB-6120_G_3513_A,0,7,2,1,0,0,0,1,0,1
MEG_6120|Drugs|Rifampin|Rifampin-resistant_beta-subunit_of_RNA_polymerase_RpoB|RPOB|MEG_6120|RPOB-6120_A_3528_G,0,2,1,1,0,0,0,0,0,1
MEG_6120|Drugs|Rifampin|Rifampin-resistant_beta-subunit_of_RNA_polymerase_RpoB|RPOB|MEG_6120|RPOB-6120_T_3549_C,0,2,1,1,0,0,0,0,0,0
MEG_6120|Drugs|Rifampin|Rifampin-resistant_beta-subunit_of_RNA_polymerase_RpoB|RPOB|MEG_6120|RPOB-6120_T_3561_C,0,2,1,1,0,0,0,0,0,0
MEG_6120|Drugs|Rifampin|Rifampin-resistant_beta-subunit_of_RNA_polymerase_RpoB|RPOB|MEG_6120|RPOB-6120_T_3696_A,0,9,1,2,0,0,0,2,0,2
MEG_6122|Drugs|Rifampin|Rifampin-resistant_beta-subunit_of_RNA_polymerase_RpoB|RPOB|MEG_6122|RPOB-6122_T_435_C,5,1,3,0,13,1,1,1,3,1
MEG_6122|Drugs|Rifampin|Rifampin-resistant_beta-subunit_of_RNA_polymerase_RpoB|RPOB|MEG_6122|RPOB-6122_C_648_T,6,0,1,2,13,0,4,3,3,1
MEG_6122|Drugs|Rifampin|Rifampin-resistant_beta-subunit_of_RNA_polymerase_RpoB|RPOB|MEG_6122|RPOB-6122_G_684_C,5,0,1,1,10,0,5,2,3,1
MEG_6122|Drugs|Rifampin|Rifampin-resistant_beta-subunit_of_RNA_polymerase_RpoB|RPOB|MEG_6122|RPOB-6122_C_750_T,4,2,3,2,11,0,3,1,3,2
MEG_6122|Drugs|Rifampin|Rifampin-resistant_beta-subunit_of_RNA_polymerase_RpoB|RPOB|MEG_6122|RPOB-6122_G_993_A,3,3,1,3,13,0,1,3,3,0
MEG_6122|Drugs|Rifampin|Rifampin-resistant_beta-subunit_of_RNA_polymerase_RpoB|RPOB|MEG_6122|RPOB-6122_C_1068_T,2,2,0,0,2,1,1,1,1,0
MEG_6122|Drugs|Rifampin|Rifampin-resistant_beta-subunit_of_RNA_polymerase_RpoB|RPOB|MEG_6122|RPOB-6122_A_1131_T,4,2,0,1,8,1,4,1,5,1
MEG_6122|Drugs|Rifampin|Rifampin-resistant_beta-subunit_of_RNA_polymerase_RpoB|RPOB|MEG_6122|RPOB-6122_C_1134_T,4,2,0,1,8,1,5,1,5,1
MEG_6122|Drugs|Rifampin|Rifampin-resistant_beta-subunit_of_RNA_polymerase_RpoB|RPOB|MEG_6122|RPOB-6122_T_1617_C,2,0,0,0,5,0,0,1,0,0
MEG_6122|Drugs|Rifampin|Rifampin-resistant_beta-subunit_of_RNA_polymerase_RpoB|RPOB|MEG_6122|RPOB-6122_C_1755_T,4,0,2,1,11,0,1,3,2,2
MEG_6122|Drugs|Rifampin|Rifampin-resistant_beta-subunit_of_RNA_polymerase_RpoB|RPOB|MEG_6122|RPOB-6122_G_1902_T,2,2,4,2,12,1,5,7,5,1
MEG_6122|Drugs|Rifampin|Rifampin-resistant_beta-subunit_of_RNA_polymerase_RpoB|RPOB|MEG_6122|RPOB-6122_T_2082_C,2,0,0,0,4,0,2,1,0,0
MEG_6122|Drugs|Rifampin|Rifampin-resistant_beta-subunit_of_RNA_polymerase_RpoB|RPOB|MEG_6122|RPOB-6122_A_2403_C,7,3,4,1,12,2,4,0,2,1
MEG_6122|Drugs|Rifampin|Rifampin-resistant_beta-subunit_of_RNA_polymerase_RpoB|RPOB|MEG_6122|RPOB-6122_T_2454_A,8,0,5,1,8,3,5,3,3,0
MEG_6122|Drugs|Rifampin|Rifampin-resistant_beta-subunit_of_RNA_polymerase_RpoB|RPOB|MEG_6122|RPOB-6122_C_2559_T,1,0,1,0,1,0,1,1,2,0
MEG_6122|Drugs|Rifampin|Rifampin-resistant_beta-subunit_of_RNA_polymerase_RpoB|RPOB|MEG_6122|RPOB-6122_A_2631_G,0,0,1,0,0,0,1,0,2,0
MEG_6122|Drugs|Rifampin|Rifampin-resistant_beta-subunit_of_RNA_polymerase_RpoB|RPOB|MEG_6122|RPOB-6122_C_2634_T,0,0,1,0,0,0,1,0,2,0
MEG_6122|Drugs|Rifampin|Rifampin-resistant_beta-subunit_of_RNA_polymerase_RpoB|RPOB|MEG_6122|RPOB-6122_G_2661_A,1,0,0,0,0,0,2,1,3,0
MEG_6122|Drugs|Rifampin|Rifampin-resistant_beta-subunit_of_RNA_polymerase_RpoB|RPOB|MEG_6122|RPOB-6122_A_3036_G,3,1,1,3,6,1,4,0,0,0
MEG_6122|Drugs|Rifampin|Rifampin-resistant_beta-subunit_of_RNA_polymerase_RpoB|RPOB|MEG_6122|RPOB-6122_G_3060_A,1,0,0,1,1,1,3,0,0,0
MEG_6122|Drugs|Rifampin|Rifampin-resistant_beta-subunit_of_RNA_polymerase_RpoB|RPOB|MEG_6122|RPOB-6122_C_3282_A,2,1,0,2,3,0,1,3,1,0
MEG_6122|Drugs|Rifampin|Rifampin-resistant_beta-subunit_of_RNA_polymerase_RpoB|RPOB|MEG_6122|RPOB-6122_A_3363_G,1,1,4,1,6,0,1,0,2,0
MEG_6122|Drugs|Rifampin|Rifampin-resistant_beta-subunit_of_RNA_polymerase_RpoB|RPOB|MEG_6122|RPOB-6122_G_3759_A,1,1,1,1,1,0,3,1,0,0
MEG_6123|Drugs|Rifampin|Rifampin-resistant_beta-subunit_of_RNA_polymerase_RpoB|RPOB|MEG_6123|RPOB-6123_C_1182_T,0,1,3,0,0,0,0,0,0,0
MEG_6123|Drugs|Rifampin|Rifampin-resistant_beta-subunit_of_RNA_polymerase_RpoB|RPOB|MEG_6123|RPOB-6123_C_1941_T,0,1,3,1,1,0,8,0,1,0
MEG_6123|Drugs|Rifampin|Rifampin-resistant_beta-subunit_of_RNA_polymerase_RpoB|RPOB|MEG_6123|RPOB-6123_C_2082_T,0,0,1,1,0,0,4,0,0,0
MEG_6123|Drugs|Rifampin|Rifampin-resistant_beta-subunit_of_RNA_polymerase_RpoB|RPOB|MEG_6123|RPOB-6123_G_2541_A,1,1,1,1,0,0,2,0,0,0
MEG_6130|Drugs|Rifampin|Rifampin-resistant_beta-subunit_of_RNA_polymerase_RpoB|RPOB|MEG_6130|RPOB-6130_A_342_T,0,0,0,0,1,0,1,2,0,0
MEG_6130|Drugs|Rifampin|Rifampin-resistant_beta-subunit_of_RNA_polymerase_RpoB|RPOB|MEG_6130|RPOB-6130_G_993_A,1,2,1,2,2,0,3,1,4,1
MEG_6130|Drugs|Rifampin|Rifampin-resistant_beta-subunit_of_RNA_polymerase_RpoB|RPOB|MEG_6130|RPOB-6130_A_1131_T,2,1,0,0,1,0,1,0,2,0
MEG_6130|Drugs|Rifampin|Rifampin-resistant_beta-subunit_of_RNA_polymerase_RpoB|RPOB|MEG_6130|RPOB-6130_C_1134_T,2,1,0,0,1,0,1,0,2,0
MEG_6130|Drugs|Rifampin|Rifampin-resistant_beta-subunit_of_RNA_polymerase_RpoB|RPOB|MEG_6130|RPOB-6130_T_1155_C,1,0,0,0,1,0,1,0,2,0
MEG_6130|Drugs|Rifampin|Rifampin-resistant_beta-subunit_of_RNA_polymerase_RpoB|RPOB|MEG_6130|RPOB-6130_C_1755_T,3,0,1,0,7,1,1,0,4,1
MEG_6130|Drugs|Rifampin|Rifampin-resistant_beta-subunit_of_RNA_polymerase_RpoB|RPOB|MEG_6130|RPOB-6130_T_1797_C,0,0,0,0,1,1,0,0,2,0
MEG_6130|Drugs|Rifampin|Rifampin-resistant_beta-subunit_of_RNA_polymerase_RpoB|RPOB|MEG_6130|RPOB-6130_C_2347_T,1,1,0,0,2,0,0,1,0,1
MEG_6130|Drugs|Rifampin|Rifampin-resistant_beta-subunit_of_RNA_polymerase_RpoB|RPOB|MEG_6130|RPOB-6130_T_2448_C,1,0,5,0,5,0,0,2,1,0
MEG_6130|Drugs|Rifampin|Rifampin-resistant_beta-subunit_of_RNA_polymerase_RpoB|RPOB|MEG_6130|RPOB-6130_T_2454_A,0,0,5,0,4,0,0,2,1,0
MEG_6130|Drugs|Rifampin|Rifampin-resistant_beta-subunit_of_RNA_polymerase_RpoB|RPOB|MEG_6130|RPOB-6130_T_2580_G,5,1,3,0,10,0,1,4,1,1
MEG_6130|Drugs|Rifampin|Rifampin-resistant_beta-subunit_of_RNA_polymerase_RpoB|RPOB|MEG_6130|RPOB-6130_A_2634_T,2,1,1,0,6,1,0,1,1,0
MEG_6130|Drugs|Rifampin|Rifampin-resistant_beta-subunit_of_RNA_polymerase_RpoB|RPOB|MEG_6130|RPOB-6130_T_2640_C,2,1,1,0,4,1,0,0,1,0
MEG_6130|Drugs|Rifampin|Rifampin-resistant_beta-subunit_of_RNA_polymerase_RpoB|RPOB|MEG_6130|RPOB-6130_G_2661_A,2,1,2,0,4,2,0,0,1,0
MEG_6130|Drugs|Rifampin|Rifampin-resistant_beta-subunit_of_RNA_polymerase_RpoB|RPOB|MEG_6130|RPOB-6130_A_3036_G,3,1,2,1,6,0,4,1,3,0
MEG_6130|Drugs|Rifampin|Rifampin-resistant_beta-subunit_of_RNA_polymerase_RpoB|RPOB|MEG_6130|RPOB-6130_C_3330_T,1,0,2,0,5,1,2,1,4,0
MEG_6130|Drugs|Rifampin|Rifampin-resistant_beta-subunit_of_RNA_polymerase_RpoB|RPOB|MEG_6130|RPOB-6130_G_3759_A,3,0,1,1,13,0,2,0,1,0
MEG_6135|Drugs|Rifampin|Rifampin-resistant_beta-subunit_of_RNA_polymerase_RpoB|RPOB|MEG_6135|RPOB-6135_T_1189_C,0,0,0,1,0,0,1,1,1,0
MEG_6135|Drugs|Rifampin|Rifampin-resistant_beta-subunit_of_RNA_polymerase_RpoB|RPOB|MEG_6135|RPOB-6135_A_1467_T,0,0,0,0,1,1,1,1,0,0
MEG_6135|Drugs|Rifampin|Rifampin-resistant_beta-subunit_of_RNA_polymerase_RpoB|RPOB|MEG_6135|RPOB-6135_T_1867_C,0,0,0,0,2,2,0,1,1,0
MEG_6135|Drugs|Rifampin|Rifampin-resistant_beta-subunit_of_RNA_polymerase_RpoB|RPOB|MEG_6135|RPOB-6135_C_1941_T,0,0,3,0,0,0,2,0,0,0
MEG_6135|Drugs|Rifampin|Rifampin-resistant_beta-subunit_of_RNA_polymerase_RpoB|RPOB|MEG_6135|RPOB-6135_C_2082_T,0,0,1,1,0,0,1,1,0,0
MEG_6135|Drugs|Rifampin|Rifampin-resistant_beta-subunit_of_RNA_polymerase_RpoB|RPOB|MEG_6135|RPOB-6135_A_2661_T,0,0,2,0,0,0,5,0,0,0
MEG_6138|Drugs|Glycopeptides|Vancomycin-resistant_mutation|RPOC|MEG_6138|RPOC-6138_G_75_A,0,14,3,1,0,2,4,0,0,5
MEG_6138|Drugs|Glycopeptides|Vancomycin-resistant_mutation|RPOC|MEG_6138|RPOC-6138_A_120_G,0,15,1,1,1,1,3,1,0,4
MEG_6138|Drugs|Glycopeptides|Vancomycin-resistant_mutation|RPOC|MEG_6138|RPOC-6138_A_150_G,0,11,2,0,1,0,2,1,0,1
MEG_6138|Drugs|Glycopeptides|Vancomycin-resistant_mutation|RPOC|MEG_6138|RPOC-6138_C_180_T,0,16,4,0,1,0,4,1,0,4
MEG_6138|Drugs|Glycopeptides|Vancomycin-resistant_mutation|RPOC|MEG_6138|RPOC-6138_C_183_T,0,16,4,0,1,0,4,1,0,4
MEG_6138|Drugs|Glycopeptides|Vancomycin-resistant_mutation|RPOC|MEG_6138|RPOC-6138_T_385_C,0,1,0,1,0,0,2,0,0,1
MEG_6138|Drugs|Glycopeptides|Vancomycin-resistant_mutation|RPOC|MEG_6138|RPOC-6138_C_390_T,0,1,0,1,0,0,1,0,0,1
MEG_6138|Drugs|Glycopeptides|Vancomycin-resistant_mutation|RPOC|MEG_6138|RPOC-6138_G_642_A,0,3,0,0,0,0,2,0,0,0
MEG_6138|Drugs|Glycopeptides|Vancomycin-resistant_mutation|RPOC|MEG_6138|RPOC-6138_G_654_A,0,7,0,0,0,0,4,0,0,1
MEG_6138|Drugs|Glycopeptides|Vancomycin-resistant_mutation|RPOC|MEG_6138|RPOC-6138_A_705_G,1,14,2,2,0,0,3,0,0,3
MEG_6138|Drugs|Glycopeptides|Vancomycin-resistant_mutation|RPOC|MEG_6138|RPOC-6138_G_750_A,1,15,4,2,1,0,1,0,0,1
MEG_6138|Drugs|Glycopeptides|Vancomycin-resistant_mutation|RPOC|MEG_6138|RPOC-6138_T_774_C,0,13,2,1,1,0,0,0,0,2
MEG_6138|Drugs|Glycopeptides|Vancomycin-resistant_mutation|RPOC|MEG_6138|RPOC-6138_C_795_T,0,19,3,3,0,0,0,0,0,3
MEG_6138|Drugs|Glycopeptides|Vancomycin-resistant_mutation|RPOC|MEG_6138|RPOC-6138_T_811_C,0,18,4,3,0,0,2,1,0,5
MEG_6138|Drugs|Glycopeptides|Vancomycin-resistant_mutation|RPOC|MEG_6138|RPOC-6138_T_2193_C,0,35,2,5,0,2,5,5,0,8
MEG_6138|Drugs|Glycopeptides|Vancomycin-resistant_mutation|RPOC|MEG_6138|RPOC-6138_A_2262_T,1,51,6,1,2,3,4,4,1,10
MEG_6138|Drugs|Glycopeptides|Vancomycin-resistant_mutation|RPOC|MEG_6138|RPOC-6138_A_2497_C,0,43,1,2,1,0,7,2,0,11
MEG_6138|Drugs|Glycopeptides|Vancomycin-resistant_mutation|RPOC|MEG_6138|RPOC-6138_A_2556_G,1,40,0,5,3,0,8,0,0,8
MEG_6138|Drugs|Glycopeptides|Vancomycin-resistant_mutation|RPOC|MEG_6138|RPOC-6138_C_3096_T,0,30,6,3,2,1,1,3,1,8
MEG_6140|Biocides|Multi-biocide_resistance|Multi-biocide_resistance_regulator|RPOS|MEG_6140|RPOS-6140_A_92_C,1,0,1,1,1,0,0,0,0,0
MEG_6140|Biocides|Multi-biocide_resistance|Multi-biocide_resistance_regulator|RPOS|MEG_6140|RPOS-6140_A_131_T,1,0,3,1,3,0,0,0,0,0
MEG_6140|Biocides|Multi-biocide_resistance|Multi-biocide_resistance_regulator|RPOS|MEG_6140|RPOS-6140_G_224_C,1,0,3,0,0,0,0,0,0,0
MEG_6140|Biocides|Multi-biocide_resistance|Multi-biocide_resistance_regulator|RPOS|MEG_6140|RPOS-6140_T_304_C,5,0,0,0,1,0,0,0,0,0
MEG_6140|Biocides|Multi-biocide_resistance|Multi-biocide_resistance_regulator|RPOS|MEG_6140|RPOS-6140_G_356_C,5,0,0,0,1,0,0,0,0,0
MEG_6140|Biocides|Multi-biocide_resistance|Multi-biocide_resistance_regulator|RPOS|MEG_6140|RPOS-6140_G_770_C,2,0,1,2,2,0,0,0,0,0
MEG_6140|Biocides|Multi-biocide_resistance|Multi-biocide_resistance_regulator|RPOS|MEG_6140|RPOS-6140_G_796_T,1,0,1,2,3,0,0,0,0,0
MEG_6140|Biocides|Multi-biocide_resistance|Multi-biocide_resistance_regulator|RPOS|MEG_6140|RPOS-6140_C_810_A,1,0,1,2,4,0,0,0,0,0
MEG_6140|Biocides|Multi-biocide_resistance|Multi-biocide_resistance_regulator|RPOS|MEG_6140|RPOS-6140_G_1012_C,3,0,1,0,1,0,0,0,0,0
MEG_6141|Biocides|Multi-biocide_resistance|Multi-biocide_resistance_regulator|RPOS|MEG_6141|RPOS-6141_T_68_C,3,0,0,2,0,0,0,0,0,0
MEG_6145|Drugs|Aminoglycosides|Aminoglycoside-resistant_16S_ribosomal_subunit_protein|RRSA|MEG_6145|RRSA-6145_G_490_A,0,1,1,0,0,1,1,3,1,0
MEG_6145|Drugs|Aminoglycosides|Aminoglycoside-resistant_16S_ribosomal_subunit_protein|RRSA|MEG_6145|RRSA-6145_A_557_G,1,0,0,0,1,0,1,0,3,1
MEG_6145|Drugs|Aminoglycosides|Aminoglycoside-resistant_16S_ribosomal_subunit_protein|RRSA|MEG_6145|RRSA-6145_A_595_G,2,0,0,0,2,1,1,0,6,4
MEG_6145|Drugs|Aminoglycosides|Aminoglycoside-resistant_16S_ribosomal_subunit_protein|RRSA|MEG_6145|RRSA-6145_C_630_T,2,0,0,0,2,1,1,0,5,3
MEG_6145|Drugs|Aminoglycosides|Aminoglycoside-resistant_16S_ribosomal_subunit_protein|RRSA|MEG_6145|RRSA-6145_T_801_G,2,0,0,0,0,0,0,0,2,2
MEG_6145|Drugs|Aminoglycosides|Aminoglycoside-resistant_16S_ribosomal_subunit_protein|RRSA|MEG_6145|RRSA-6145_T_804_G,1,0,0,0,0,0,0,0,1,2
MEG_6145|Drugs|Aminoglycosides|Aminoglycoside-resistant_16S_ribosomal_subunit_protein|RRSA|MEG_6145|RRSA-6145_T_1122_G,0,2,1,1,2,5,1,0,8,2
MEG_6145|Drugs|Aminoglycosides|Aminoglycoside-resistant_16S_ribosomal_subunit_protein|RRSA|MEG_6145|RRSA-6145_G_1213_A,2,0,3,0,2,5,1,0,10,2
MEG_6145|Drugs|Aminoglycosides|Aminoglycoside-resistant_16S_ribosomal_subunit_protein|RRSA|MEG_6145|RRSA-6145_A_1225_G,2,0,3,0,1,5,1,0,6,2
MEG_6146|Drugs|Aminoglycosides|Aminoglycoside-resistant_16S_ribosomal_subunit_protein|RRSC|MEG_6146|RRSC-6146_C_67_T,7,0,0,0,1,1,8,4,5,1
MEG_6146|Drugs|Aminoglycosides|Aminoglycoside-resistant_16S_ribosomal_subunit_protein|RRSC|MEG_6146|RRSC-6146_A_79_G,2,3,6,11,0,5,10,6,4,4
MEG_6146|Drugs|Aminoglycosides|Aminoglycoside-resistant_16S_ribosomal_subunit_protein|RRSC|MEG_6146|RRSC-6146_T_90_C,3,3,6,11,1,8,13,7,3,4
MEG_6146|Drugs|Aminoglycosides|Aminoglycoside-resistant_16S_ribosomal_subunit_protein|RRSC|MEG_6146|RRSC-6146_A_131_G,0,0,0,0,0,0,1,3,1,1
MEG_6146|Drugs|Aminoglycosides|Aminoglycoside-resistant_16S_ribosomal_subunit_protein|RRSC|MEG_6146|RRSC-6146_C_183_T,0,0,0,4,0,3,1,3,1,0
MEG_6146|Drugs|Aminoglycosides|Aminoglycoside-resistant_16S_ribosomal_subunit_protein|RRSC|MEG_6146|RRSC-6146_T_208_C,0,0,0,1,0,0,4,2,0,0
MEG_6146|Drugs|Aminoglycosides|Aminoglycoside-resistant_16S_ribosomal_subunit_protein|RRSC|MEG_6146|RRSC-6146_A_226_G,2,0,1,2,0,0,1,0,1,0
MEG_6146|Drugs|Aminoglycosides|Aminoglycoside-resistant_16S_ribosomal_subunit_protein|RRSC|MEG_6146|RRSC-6146_A_253_T,0,0,1,1,0,0,0,3,0,0
MEG_6146|Drugs|Aminoglycosides|Aminoglycoside-resistant_16S_ribosomal_subunit_protein|RRSC|MEG_6146|RRSC-6146_T_273_A,1,0,1,3,2,1,7,5,0,0
MEG_6146|Drugs|Aminoglycosides|Aminoglycoside-resistant_16S_ribosomal_subunit_protein|RRSC|MEG_6146|RRSC-6146_G_615_A,0,0,0,2,1,8,1,1,1,0
MEG_6146|Drugs|Aminoglycosides|Aminoglycoside-resistant_16S_ribosomal_subunit_protein|RRSC|MEG_6146|RRSC-6146_C_624_A,0,0,1,2,2,12,10,2,1,2
MEG_6146|Drugs|Aminoglycosides|Aminoglycoside-resistant_16S_ribosomal_subunit_protein|RRSC|MEG_6146|RRSC-6146_T_625_C,1,0,1,4,2,20,9,6,1,2
MEG_6146|Drugs|Aminoglycosides|Aminoglycoside-resistant_16S_ribosomal_subunit_protein|RRSC|MEG_6146|RRSC-6146_A_681_G,3,1,0,0,0,4,5,5,0,2
MEG_6146|Drugs|Aminoglycosides|Aminoglycoside-resistant_16S_ribosomal_subunit_protein|RRSC|MEG_6146|RRSC-6146_G_682_T,1,1,0,0,0,3,0,4,0,1
MEG_6146|Drugs|Aminoglycosides|Aminoglycoside-resistant_16S_ribosomal_subunit_protein|RRSC|MEG_6146|RRSC-6146_C_797_A,0,1,3,0,1,0,7,2,1,2
MEG_6146|Drugs|Aminoglycosides|Aminoglycoside-resistant_16S_ribosomal_subunit_protein|RRSC|MEG_6146|RRSC-6146_T_798_C,5,1,0,1,1,2,24,10,4,2
MEG_6146|Drugs|Aminoglycosides|Aminoglycoside-resistant_16S_ribosomal_subunit_protein|RRSC|MEG_6146|RRSC-6146_G_799_C,5,0,0,0,0,1,6,5,1,0
MEG_6146|Drugs|Aminoglycosides|Aminoglycoside-resistant_16S_ribosomal_subunit_protein|RRSC|MEG_6146|RRSC-6146_T_884_C,9,0,1,5,0,13,4,8,1,5
MEG_6146|Drugs|Aminoglycosides|Aminoglycoside-resistant_16S_ribosomal_subunit_protein|RRSC|MEG_6146|RRSC-6146_G_885_C,14,2,0,3,0,6,10,14,2,2
MEG_6146|Drugs|Aminoglycosides|Aminoglycoside-resistant_16S_ribosomal_subunit_protein|RRSC|MEG_6146|RRSC-6146_G_929_C,1,0,0,1,0,2,3,3,2,0
MEG_6146|Drugs|Aminoglycosides|Aminoglycoside-resistant_16S_ribosomal_subunit_protein|RRSC|MEG_6146|RRSC-6146_T_986_C,1,1,0,1,0,3,7,2,2,0
MEG_6146|Drugs|Aminoglycosides|Aminoglycoside-resistant_16S_ribosomal_subunit_protein|RRSC|MEG_6146|RRSC-6146_C_1038_T,1,1,0,0,0,1,2,0,0,1
MEG_6146|Drugs|Aminoglycosides|Aminoglycoside-resistant_16S_ribosomal_subunit_protein|RRSC|MEG_6146|RRSC-6146_T_1212_C,1,0,0,0,1,1,0,0,1,1
MEG_6146|Drugs|Aminoglycosides|Aminoglycoside-resistant_16S_ribosomal_subunit_protein|RRSC|MEG_6146|RRSC-6146_A_1219_G,8,0,3,4,1,10,2,7,3,1
MEG_6146|Drugs|Aminoglycosides|Aminoglycoside-resistant_16S_ribosomal_subunit_protein|RRSC|MEG_6146|RRSC-6146_C_1342_T,2,2,0,0,0,0,0,1,0,1
MEG_6146|Drugs|Aminoglycosides|Aminoglycoside-resistant_16S_ribosomal_subunit_protein|RRSC|MEG_6146|RRSC-6146_A_1362_C,2,2,0,0,0,0,0,1,0,1
MEG_6147|Drugs|Aminoglycosides|Aminoglycoside-resistant_16S_ribosomal_subunit_protein|RRSH|MEG_6147|RRSH-6147_G_76_A,0,1,1,1,0,0,2,0,0,1
MEG_6147|Drugs|Aminoglycosides|Aminoglycoside-resistant_16S_ribosomal_subunit_protein|RRSH|MEG_6147|RRSH-6147_A_80_C,1,1,4,3,2,1,5,1,0,1
MEG_6147|Drugs|Aminoglycosides|Aminoglycoside-resistant_16S_ribosomal_subunit_protein|RRSH|MEG_6147|RRSH-6147_T_89_G,2,1,4,2,3,1,7,2,0,1
MEG_6147|Drugs|Aminoglycosides|Aminoglycoside-resistant_16S_ribosomal_subunit_protein|RRSH|MEG_6147|RRSH-6147_C_183_T,2,1,0,3,0,2,4,1,0,0
MEG_6147|Drugs|Aminoglycosides|Aminoglycoside-resistant_16S_ribosomal_subunit_protein|RRSH|MEG_6147|RRSH-6147_G_198_A,0,0,0,0,0,0,3,7,1,0
MEG_6147|Drugs|Aminoglycosides|Aminoglycoside-resistant_16S_ribosomal_subunit_protein|RRSH|MEG_6147|RRSH-6147_A_205_G,0,0,1,1,0,0,4,0,0,0
MEG_6147|Drugs|Aminoglycosides|Aminoglycoside-resistant_16S_ribosomal_subunit_protein|RRSH|MEG_6147|RRSH-6147_C_206_A,0,0,1,0,0,0,4,0,0,0
MEG_6147|Drugs|Aminoglycosides|Aminoglycoside-resistant_16S_ribosomal_subunit_protein|RRSH|MEG_6147|RRSH-6147_T_208_C,3,0,2,1,0,0,3,1,2,0
MEG_6147|Drugs|Aminoglycosides|Aminoglycoside-resistant_16S_ribosomal_subunit_protein|RRSH|MEG_6147|RRSH-6147_A_250_T,4,0,3,2,5,5,18,4,3,0
MEG_6147|Drugs|Aminoglycosides|Aminoglycoside-resistant_16S_ribosomal_subunit_protein|RRSH|MEG_6147|RRSH-6147_A_253_T,4,0,3,3,4,5,18,4,2,0
MEG_6147|Drugs|Aminoglycosides|Aminoglycoside-resistant_16S_ribosomal_subunit_protein|RRSH|MEG_6147|RRSH-6147_T_273_A,4,0,2,3,3,6,18,4,1,1
MEG_6147|Drugs|Aminoglycosides|Aminoglycoside-resistant_16S_ribosomal_subunit_protein|RRSH|MEG_6147|RRSH-6147_G_474_A,0,1,4,1,0,2,3,0,0,1
MEG_6147|Drugs|Aminoglycosides|Aminoglycoside-resistant_16S_ribosomal_subunit_protein|RRSH|MEG_6147|RRSH-6147_G_615_A,1,0,0,3,0,3,1,0,0,0
MEG_6147|Drugs|Aminoglycosides|Aminoglycoside-resistant_16S_ribosomal_subunit_protein|RRSH|MEG_6147|RRSH-6147_C_624_A,0,1,3,2,2,1,11,2,0,1
MEG_6147|Drugs|Aminoglycosides|Aminoglycoside-resistant_16S_ribosomal_subunit_protein|RRSH|MEG_6147|RRSH-6147_T_625_C,0,1,3,3,2,5,12,4,0,1
MEG_6147|Drugs|Aminoglycosides|Aminoglycoside-resistant_16S_ribosomal_subunit_protein|RRSH|MEG_6147|RRSH-6147_A_681_G,1,0,3,0,1,0,4,2,1,1
MEG_6147|Drugs|Aminoglycosides|Aminoglycoside-resistant_16S_ribosomal_subunit_protein|RRSH|MEG_6147|RRSH-6147_G_682_T,1,0,2,0,1,1,3,2,0,1
MEG_6147|Drugs|Aminoglycosides|Aminoglycoside-resistant_16S_ribosomal_subunit_protein|RRSH|MEG_6147|RRSH-6147_C_797_A,4,1,1,0,1,0,10,4,2,1
MEG_6147|Drugs|Aminoglycosides|Aminoglycoside-resistant_16S_ribosomal_subunit_protein|RRSH|MEG_6147|RRSH-6147_T_798_C,8,1,1,3,1,6,13,7,2,2
MEG_6147|Drugs|Aminoglycosides|Aminoglycoside-resistant_16S_ribosomal_subunit_protein|RRSH|MEG_6147|RRSH-6147_G_799_C,2,0,1,0,1,1,8,4,1,0
MEG_6147|Drugs|Aminoglycosides|Aminoglycoside-resistant_16S_ribosomal_subunit_protein|RRSH|MEG_6147|RRSH-6147_T_884_C,5,0,1,13,1,17,4,3,0,1
MEG_6147|Drugs|Aminoglycosides|Aminoglycoside-resistant_16S_ribosomal_subunit_protein|RRSH|MEG_6147|RRSH-6147_G_885_C,2,0,1,0,0,5,19,5,5,1
MEG_6147|Drugs|Aminoglycosides|Aminoglycoside-resistant_16S_ribosomal_subunit_protein|RRSH|MEG_6147|RRSH-6147_G_929_C,0,1,0,0,0,0,2,2,1,0
MEG_6147|Drugs|Aminoglycosides|Aminoglycoside-resistant_16S_ribosomal_subunit_protein|RRSH|MEG_6147|RRSH-6147_T_1021_C,12,3,5,2,6,0,1,3,3,0
MEG_6147|Drugs|Aminoglycosides|Aminoglycoside-resistant_16S_ribosomal_subunit_protein|RRSH|MEG_6147|RRSH-6147_T_1120_C,1,1,3,1,1,1,13,1,3,3
MEG_6147|Drugs|Aminoglycosides|Aminoglycoside-resistant_16S_ribosomal_subunit_protein|RRSH|MEG_6147|RRSH-6147_T_1212_C,1,0,0,1,0,1,1,0,0,0
MEG_6147|Drugs|Aminoglycosides|Aminoglycoside-resistant_16S_ribosomal_subunit_protein|RRSH|MEG_6147|RRSH-6147_A_1219_G,4,1,0,4,0,9,5,3,0,2
MEG_6147|Drugs|Aminoglycosides|Aminoglycoside-resistant_16S_ribosomal_subunit_protein|RRSH|MEG_6147|RRSH-6147_C_1342_T,1,2,1,0,0,0,0,0,0,0
MEG_6147|Drugs|Aminoglycosides|Aminoglycoside-resistant_16S_ribosomal_subunit_protein|RRSH|MEG_6147|RRSH-6147_A_1362_C,1,2,1,0,0,0,0,0,0,0
MEG_6153|Multi-compound|Biocide_and_metal_resistance|Biocide_and_metal_resistance_protein|RUVB|MEG_6153|RUVB-6153_G_47_C,0,0,0,0,0,1,5,2,0,0
MEG_6153|Multi-compound|Biocide_and_metal_resistance|Biocide_and_metal_resistance_protein|RUVB|MEG_6153|RUVB-6153_G_187_C,0,0,0,0,0,0,10,0,0,1
MEG_6153|Multi-compound|Biocide_and_metal_resistance|Biocide_and_metal_resistance_protein|RUVB|MEG_6153|RUVB-6153_G_580_A,0,0,0,0,0,1,11,3,0,2
MEG_6153|Multi-compound|Biocide_and_metal_resistance|Biocide_and_metal_resistance_protein|RUVB|MEG_6153|RUVB-6153_A_631_C,0,0,0,0,0,1,5,2,0,2
MEG_6153|Multi-compound|Biocide_and_metal_resistance|Biocide_and_metal_resistance_protein|RUVB|MEG_6153|RUVB-6153_T_647_G,3,0,0,0,4,0,0,0,0,0
MEG_6153|Multi-compound|Biocide_and_metal_resistance|Biocide_and_metal_resistance_protein|RUVB|MEG_6153|RUVB-6153_T_712_G,0,0,0,0,0,0,13,0,0,1
MEG_6153|Multi-compound|Biocide_and_metal_resistance|Biocide_and_metal_resistance_protein|RUVB|MEG_6153|RUVB-6153_C_765_G,3,0,0,0,3,0,0,0,0,0
MEG_6153|Multi-compound|Biocide_and_metal_resistance|Biocide_and_metal_resistance_protein|RUVB|MEG_6153|RUVB-6153_C_855_T,5,0,0,0,1,0,0,0,0,0
MEG_6153|Multi-compound|Biocide_and_metal_resistance|Biocide_and_metal_resistance_protein|RUVB|MEG_6153|RUVB-6153_T_871_C,7,0,0,0,2,0,0,0,0,0
MEG_6153|Multi-compound|Biocide_and_metal_resistance|Biocide_and_metal_resistance_protein|RUVB|MEG_6153|RUVB-6153_C_1038_A,5,0,0,0,0,0,0,0,0,0
MEG_6153|Multi-compound|Biocide_and_metal_resistance|Biocide_and_metal_resistance_protein|RUVB|MEG_6153|RUVB-6153_G_1164_A,0,0,0,0,0,0,4,0,0,0
MEG_6158|Drugs|Nucleosides|Streptothricin_acetyltransferase|SAT|MEG_6158|SAT-6158_t_33_C,0,0,0,0,0,0,0,1,0,3
MEG_6158|Drugs|Nucleosides|Streptothricin_acetyltransferase|SAT|MEG_6158|SAT-6158_g_51_C,0,0,0,0,0,0,0,1,0,3
MEG_6158|Drugs|Nucleosides|Streptothricin_acetyltransferase|SAT|MEG_6158|SAT-6158_a_347_G,2,0,0,0,0,0,0,1,0,3
MEG_6158|Drugs|Nucleosides|Streptothricin_acetyltransferase|SAT|MEG_6158|SAT-6158_t_426_A,4,0,0,0,0,0,0,0,0,0
MEG_6159|Drugs|Nucleosides|Streptothricin_acetyltransferase|SAT|MEG_6159|SAT-6159_g_821_T,0,0,0,0,0,1,1,1,1,0
MEG_6159|Drugs|Nucleosides|Streptothricin_acetyltransferase|SAT|MEG_6159|SAT-6159_a_903_T,0,0,0,0,0,2,0,0,0,3
MEG_6159|Drugs|Nucleosides|Streptothricin_acetyltransferase|SAT|MEG_6159|SAT-6159_g_1103_C,0,0,0,0,0,1,1,4,0,0
MEG_6159|Drugs|Nucleosides|Streptothricin_acetyltransferase|SAT|MEG_6159|SAT-6159_c_1217_T,0,0,0,0,0,4,1,1,0,0
MEG_6159|Drugs|Nucleosides|Streptothricin_acetyltransferase|SAT|MEG_6159|SAT-6159_t_1295_A,0,0,0,0,0,2,1,0,0,2
MEG_6160|Drugs|Nucleosides|Streptothricin_acetyltransferase|SAT|MEG_6160|SAT-6160_g_31_C,2,2,0,0,0,0,0,0,0,0
MEG_6161|Drugs|Nucleosides|Streptothricin_acetyltransferase|SAT|MEG_6161|SAT-6161_g_70_T,4,0,1,0,1,0,0,0,0,0
MEG_6161|Drugs|Nucleosides|Streptothricin_acetyltransferase|SAT|MEG_6161|SAT-6161_c_470_A,0,0,0,0,0,2,1,0,0,1
MEG_6163|Drugs|Nucleosides|Streptothricin_acetyltransferase|SAT|MEG_6163|SAT-6163_c_88_G,1,0,2,1,3,0,0,0,0,0
MEG_6163|Drugs|Nucleosides|Streptothricin_acetyltransferase|SAT|MEG_6163|SAT-6163_a_95_C,1,0,2,1,3,0,0,0,0,0
MEG_6164|Drugs|Nucleosides|Streptothricin_acetyltransferase|SAT|MEG_6164|SAT-6164_c_107_T,0,0,0,0,0,1,0,3,0,0
MEG_6164|Drugs|Nucleosides|Streptothricin_acetyltransferase|SAT|MEG_6164|SAT-6164_g_165_T,0,0,0,0,0,1,0,2,1,0
MEG_6164|Drugs|Nucleosides|Streptothricin_acetyltransferase|SAT|MEG_6164|SAT-6164_g_184_A,0,0,0,0,0,0,1,2,1,0
MEG_6164|Drugs|Nucleosides|Streptothricin_acetyltransferase|SAT|MEG_6164|SAT-6164_g_199_T,0,0,0,0,0,0,1,2,1,0
MEG_6165|Drugs|Nucleosides|Streptothricin_acetyltransferase|SAT|MEG_6165|SAT-6165_t_487_A,0,0,0,0,0,0,3,1,0,1
MEG_6166|Drugs|Nucleosides|Streptothricin_acetyltransferase|SAT|MEG_6166|SAT-6166_T_111_G,0,0,2,1,0,0,1,0,0,0
MEG_6168|Drugs|Nucleosides|Streptothricin_acetyltransferase|SAT|MEG_6168|SAT-6168_G_111_C,0,0,0,0,0,0,7,2,0,0
MEG_6168|Drugs|Nucleosides|Streptothricin_acetyltransferase|SAT|MEG_6168|SAT-6168_C_148_G,3,0,2,0,0,0,0,0,0,0
MEG_6168|Drugs|Nucleosides|Streptothricin_acetyltransferase|SAT|MEG_6168|SAT-6168_C_349_G,4,0,1,0,0,0,0,0,0,0
MEG_6168|Drugs|Nucleosides|Streptothricin_acetyltransferase|SAT|MEG_6168|SAT-6168_G_364_A,0,0,0,0,0,0,3,4,0,0
MEG_6168|Drugs|Nucleosides|Streptothricin_acetyltransferase|SAT|MEG_6168|SAT-6168_G_473_A,0,0,0,0,0,0,6,0,0,0
MEG_6168|Drugs|Nucleosides|Streptothricin_acetyltransferase|SAT|MEG_6168|SAT-6168_T_511_G,0,0,0,0,0,0,5,1,0,0
MEG_6168|Drugs|Nucleosides|Streptothricin_acetyltransferase|SAT|MEG_6168|SAT-6168_T_526_C,2,0,3,0,0,0,0,0,0,0
MEG_6169|Drugs|Nucleosides|Streptothricin_acetyltransferase|SAT|MEG_6169|SAT-6169_G_24_T,0,0,1,2,2,0,0,0,0,0
MEG_6169|Drugs|Nucleosides|Streptothricin_acetyltransferase|SAT|MEG_6169|SAT-6169_G_30_C,0,0,1,2,2,0,0,0,0,0
MEG_6170|Drugs|Nucleosides|Streptothricin_acetyltransferase|SAT|MEG_6170|SAT-6170_T_29_A,1,0,0,1,2,0,0,0,0,0
MEG_6170|Drugs|Nucleosides|Streptothricin_acetyltransferase|SAT|MEG_6170|SAT-6170_T_39_A,1,0,0,1,2,0,0,0,0,0
MEG_6299|Drugs|betalactams|Class_A_betalactamases|SHV|MEG_6299|SHV-6299_A_193_G,0,0,0,0,0,1,0,0,0,3
MEG_6375|Drugs|betalactams|Class_A_betalactamases|SHV|MEG_6375|SHV-6375_A_461_G,2,0,2,0,0,0,0,0,0,0
MEG_6419|Drugs|betalactams|Class_A_betalactamases|SHV|MEG_6419|SHV-6419_C_441_A,1,1,0,2,0,0,0,0,0,0
MEG_6499|Metals|Multi-metal_resistance|Multi-metal_RND_efflux_pumps|SILA|MEG_6499|SILA-6499_C_892_T,0,3,10,11,1,0,0,0,0,0
MEG_6499|Metals|Multi-metal_resistance|Multi-metal_RND_efflux_pumps|SILA|MEG_6499|SILA-6499_C_1600_G,1,2,9,13,1,0,0,0,0,0
MEG_6499|Metals|Multi-metal_resistance|Multi-metal_RND_efflux_pumps|SILA|MEG_6499|SILA-6499_C_1959_T,1,5,13,15,0,0,0,0,0,0
MEG_6499|Metals|Multi-metal_resistance|Multi-metal_RND_efflux_pumps|SILA|MEG_6499|SILA-6499_G_2898_A,1,2,3,9,1,0,0,0,0,0
MEG_6499|Metals|Multi-metal_resistance|Multi-metal_RND_efflux_pumps|SILA|MEG_6499|SILA-6499_A_3088_C,2,1,3,6,1,0,0,0,0,0
MEG_6502|Metals|Multi-metal_resistance|Multi-metal_RND_efflux_pumps|SILC|MEG_6502|SILC-6502_G_154_T,1,0,0,0,5,0,0,0,0,0
MEG_6502|Metals|Multi-metal_resistance|Multi-metal_RND_efflux_pumps|SILC|MEG_6502|SILC-6502_T_497_G,2,0,0,1,2,0,0,0,0,0
MEG_6502|Metals|Multi-metal_resistance|Multi-metal_RND_efflux_pumps|SILC|MEG_6502|SILC-6502_T_509_C,2,0,0,1,2,0,0,0,0,0
MEG_6502|Metals|Multi-metal_resistance|Multi-metal_RND_efflux_pumps|SILC|MEG_6502|SILC-6502_A_628_G,2,0,0,3,3,0,0,0,0,0
MEG_6502|Metals|Multi-metal_resistance|Multi-metal_RND_efflux_pumps|SILC|MEG_6502|SILC-6502_G_657_T,5,0,0,3,3,0,0,0,0,0
MEG_6502|Metals|Multi-metal_resistance|Multi-metal_RND_efflux_pumps|SILC|MEG_6502|SILC-6502_A_1109_T,0,0,0,2,4,0,0,0,0,0
MEG_6507|Metals|Multi-metal_resistance|Multi-metal_RND_efflux_pumps|SILP|MEG_6507|SILP-6507_C_404_T,0,0,0,0,0,12,4,3,2,1
MEG_6507|Metals|Multi-metal_resistance|Multi-metal_RND_efflux_pumps|SILP|MEG_6507|SILP-6507_C_433_A,0,0,0,0,0,12,5,3,2,2
MEG_6507|Metals|Multi-metal_resistance|Multi-metal_RND_efflux_pumps|SILP|MEG_6507|SILP-6507_C_607_T,0,0,0,0,0,16,9,4,4,2
MEG_6507|Metals|Multi-metal_resistance|Multi-metal_RND_efflux_pumps|SILP|MEG_6507|SILP-6507_G_1450_C,0,0,0,0,0,19,18,4,4,8
MEG_6507|Metals|Multi-metal_resistance|Multi-metal_RND_efflux_pumps|SILP|MEG_6507|SILP-6507_G_1574_A,0,0,0,0,0,14,8,6,1,6
MEG_6507|Metals|Multi-metal_resistance|Multi-metal_RND_efflux_pumps|SILP|MEG_6507|SILP-6507_A_1687_T,0,0,0,0,0,12,16,7,1,3
MEG_6507|Metals|Multi-metal_resistance|Multi-metal_RND_efflux_pumps|SILP|MEG_6507|SILP-6507_G_2043_A,0,0,0,0,0,12,10,4,2,5
MEG_6513|Multi-compound|Biocide_and_metal_resistance|Biocide_and_metal_ABC_efflux_pumps|SITA|MEG_6513|SITA-6513_A_253_C,0,0,1,4,2,0,0,0,0,0
MEG_6513|Multi-compound|Biocide_and_metal_resistance|Biocide_and_metal_ABC_efflux_pumps|SITA|MEG_6513|SITA-6513_A_394_T,0,0,0,0,0,3,0,3,1,0
MEG_6513|Multi-compound|Biocide_and_metal_resistance|Biocide_and_metal_ABC_efflux_pumps|SITA|MEG_6513|SITA-6513_G_460_T,0,0,0,0,0,3,3,1,1,0
MEG_6513|Multi-compound|Biocide_and_metal_resistance|Biocide_and_metal_ABC_efflux_pumps|SITA|MEG_6513|SITA-6513_T_509_A,0,0,0,0,0,2,3,3,2,0
MEG_6513|Multi-compound|Biocide_and_metal_resistance|Biocide_and_metal_ABC_efflux_pumps|SITA|MEG_6513|SITA-6513_G_528_T,1,0,2,2,2,1,0,0,0,0
MEG_6513|Multi-compound|Biocide_and_metal_resistance|Biocide_and_metal_ABC_efflux_pumps|SITA|MEG_6513|SITA-6513_G_574_A,2,0,0,4,2,0,0,0,0,0
MEG_6513|Multi-compound|Biocide_and_metal_resistance|Biocide_and_metal_ABC_efflux_pumps|SITA|MEG_6513|SITA-6513_A_653_C,1,0,0,5,0,0,0,0,0,0
MEG_6513|Multi-compound|Biocide_and_metal_resistance|Biocide_and_metal_ABC_efflux_pumps|SITA|MEG_6513|SITA-6513_A_712_C,0,0,1,3,0,0,0,0,0,0
MEG_6513|Multi-compound|Biocide_and_metal_resistance|Biocide_and_metal_ABC_efflux_pumps|SITA|MEG_6513|SITA-6513_T_714_C,0,0,0,0,0,6,1,1,3,1
MEG_6513|Multi-compound|Biocide_and_metal_resistance|Biocide_and_metal_ABC_efflux_pumps|SITA|MEG_6513|SITA-6513_G_770_T,0,0,0,0,0,4,1,1,2,1
MEG_6513|Multi-compound|Biocide_and_metal_resistance|Biocide_and_metal_ABC_efflux_pumps|SITA|MEG_6513|SITA-6513_A_827_G,1,1,0,7,1,0,0,0,0,0
MEG_6514|Multi-compound|Biocide_and_metal_resistance|Biocide_and_metal_ABC_efflux_pumps|SITB|MEG_6514|SITB-6514_G_68_C,2,1,2,2,1,0,0,0,0,0
MEG_6514|Multi-compound|Biocide_and_metal_resistance|Biocide_and_metal_ABC_efflux_pumps|SITB|MEG_6514|SITB-6514_A_212_G,2,0,4,4,2,0,0,0,0,0
MEG_6514|Multi-compound|Biocide_and_metal_resistance|Biocide_and_metal_ABC_efflux_pumps|SITB|MEG_6514|SITB-6514_T_321_C,2,0,3,2,2,0,0,0,0,0
MEG_6514|Multi-compound|Biocide_and_metal_resistance|Biocide_and_metal_ABC_efflux_pumps|SITB|MEG_6514|SITB-6514_G_421_A,2,1,3,1,1,0,0,0,0,0
MEG_6514|Multi-compound|Biocide_and_metal_resistance|Biocide_and_metal_ABC_efflux_pumps|SITB|MEG_6514|SITB-6514_C_503_A,1,0,6,2,0,0,0,0,0,0
MEG_6514|Multi-compound|Biocide_and_metal_resistance|Biocide_and_metal_ABC_efflux_pumps|SITB|MEG_6514|SITB-6514_T_737_G,2,0,3,4,0,0,0,0,0,0
MEG_6515|Multi-compound|Biocide_and_metal_resistance|Biocide_and_metal_ABC_efflux_pumps|SITC|MEG_6515|SITC-6515_G_48_C,5,1,0,2,1,0,0,0,0,0
MEG_6515|Multi-compound|Biocide_and_metal_resistance|Biocide_and_metal_ABC_efflux_pumps|SITC|MEG_6515|SITC-6515_G_74_C,0,0,0,0,0,1,0,0,1,2
MEG_6515|Multi-compound|Biocide_and_metal_resistance|Biocide_and_metal_ABC_efflux_pumps|SITC|MEG_6515|SITC-6515_T_125_G,7,1,0,2,1,0,0,0,0,0
MEG_6515|Multi-compound|Biocide_and_metal_resistance|Biocide_and_metal_ABC_efflux_pumps|SITC|MEG_6515|SITC-6515_T_185_G,3,1,0,1,0,0,0,0,0,0
MEG_6515|Multi-compound|Biocide_and_metal_resistance|Biocide_and_metal_ABC_efflux_pumps|SITC|MEG_6515|SITC-6515_T_210_C,2,1,0,1,0,0,0,0,0,0
MEG_6515|Multi-compound|Biocide_and_metal_resistance|Biocide_and_metal_ABC_efflux_pumps|SITC|MEG_6515|SITC-6515_C_423_T,0,0,0,0,0,0,0,1,2,1
MEG_6515|Multi-compound|Biocide_and_metal_resistance|Biocide_and_metal_ABC_efflux_pumps|SITC|MEG_6515|SITC-6515_T_473_A,0,0,0,0,0,0,0,1,5,0
MEG_6515|Multi-compound|Biocide_and_metal_resistance|Biocide_and_metal_ABC_efflux_pumps|SITC|MEG_6515|SITC-6515_T_556_A,4,1,0,1,0,0,0,0,0,0
MEG_6515|Multi-compound|Biocide_and_metal_resistance|Biocide_and_metal_ABC_efflux_pumps|SITC|MEG_6515|SITC-6515_G_562_A,0,0,0,0,0,0,0,0,4,0
MEG_6516|Multi-compound|Biocide_and_metal_resistance|Biocide_and_metal_ABC_efflux_pumps|SITD|MEG_6516|SITD-6516_C_94_G,0,0,0,0,0,5,1,1,1,2
MEG_6516|Multi-compound|Biocide_and_metal_resistance|Biocide_and_metal_ABC_efflux_pumps|SITD|MEG_6516|SITD-6516_G_401_A,0,0,0,0,0,2,0,1,1,1
MEG_6516|Multi-compound|Biocide_and_metal_resistance|Biocide_and_metal_ABC_efflux_pumps|SITD|MEG_6516|SITD-6516_G_451_A,0,0,0,0,0,2,2,1,2,0
MEG_6519|Biocides|Multi-biocide_resistance|Multi-biocide_ABC_efflux_pump|SMDA|MEG_6519|SMDA-6519_T_98_C,2,1,0,5,0,0,0,0,0,0
MEG_6519|Biocides|Multi-biocide_resistance|Multi-biocide_ABC_efflux_pump|SMDA|MEG_6519|SMDA-6519_A_698_T,3,1,0,8,2,0,0,0,0,0
MEG_6519|Biocides|Multi-biocide_resistance|Multi-biocide_ABC_efflux_pump|SMDA|MEG_6519|SMDA-6519_T_875_C,6,1,1,13,4,0,0,0,0,0
MEG_6519|Biocides|Multi-biocide_resistance|Multi-biocide_ABC_efflux_pump|SMDA|MEG_6519|SMDA-6519_G_987_C,5,4,1,6,5,0,0,0,0,0
MEG_6519|Biocides|Multi-biocide_resistance|Multi-biocide_ABC_efflux_pump|SMDA|MEG_6519|SMDA-6519_G_1181_A,0,0,0,0,0,0,1,3,3,1
MEG_6519|Biocides|Multi-biocide_resistance|Multi-biocide_ABC_efflux_pump|SMDA|MEG_6519|SMDA-6519_A_1355_T,0,0,0,0,0,1,2,2,1,1
MEG_6519|Biocides|Multi-biocide_resistance|Multi-biocide_ABC_efflux_pump|SMDA|MEG_6519|SMDA-6519_A_1361_C,5,0,1,9,0,0,0,0,0,0
MEG_6519|Biocides|Multi-biocide_resistance|Multi-biocide_ABC_efflux_pump|SMDA|MEG_6519|SMDA-6519_G_1419_T,2,1,0,9,1,0,0,0,0,0
MEG_6519|Biocides|Multi-biocide_resistance|Multi-biocide_ABC_efflux_pump|SMDA|MEG_6519|SMDA-6519_C_1604_A,2,0,0,6,3,0,0,0,0,0
MEG_6520|Biocides|Multi-biocide_resistance|Multi-biocide_ABC_efflux_pump|SMDB|MEG_6520|SMDB-6520_C_301_T,0,0,0,0,0,2,9,0,1,1
MEG_6520|Biocides|Multi-biocide_resistance|Multi-biocide_ABC_efflux_pump|SMDB|MEG_6520|SMDB-6520_A_1154_T,0,0,0,0,0,3,20,0,5,2
MEG_6520|Biocides|Multi-biocide_resistance|Multi-biocide_ABC_efflux_pump|SMDB|MEG_6520|SMDB-6520_C_1717_T,0,0,0,0,0,1,9,0,0,0
MEG_6522|Multi-compound|Drug_and_biocide_resistance|Drug_and_biocide_RND_efflux_pumps|SME|MEG_6522|SME-6522_C_294_T,0,0,0,0,0,0,2,1,1,1
MEG_6522|Multi-compound|Drug_and_biocide_resistance|Drug_and_biocide_RND_efflux_pumps|SME|MEG_6522|SME-6522_G_1179_T,0,0,0,0,0,0,0,2,1,1
MEG_6522|Multi-compound|Drug_and_biocide_resistance|Drug_and_biocide_RND_efflux_pumps|SME|MEG_6522|SME-6522_G_1347_T,0,0,0,0,0,1,1,1,0,2
MEG_6522|Multi-compound|Drug_and_biocide_resistance|Drug_and_biocide_RND_efflux_pumps|SME|MEG_6522|SME-6522_G_1689_A,0,0,0,0,0,0,3,4,1,0
MEG_6522|Multi-compound|Drug_and_biocide_resistance|Drug_and_biocide_RND_efflux_pumps|SME|MEG_6522|SME-6522_A_1778_T,0,0,0,0,0,0,1,3,1,0
MEG_6525|Multi-compound|Drug_and_biocide_resistance|Drug_and_biocide_RND_efflux_pumps|SME|MEG_6525|SME-6525_G_46_T,4,0,0,0,3,0,0,0,0,0
MEG_6525|Multi-compound|Drug_and_biocide_resistance|Drug_and_biocide_RND_efflux_pumps|SME|MEG_6525|SME-6525_C_163_G,5,0,0,0,6,0,0,0,0,0
MEG_6525|Multi-compound|Drug_and_biocide_resistance|Drug_and_biocide_RND_efflux_pumps|SME|MEG_6525|SME-6525_G_900_T,4,1,0,0,3,0,0,0,0,0
MEG_6525|Multi-compound|Drug_and_biocide_resistance|Drug_and_biocide_RND_efflux_pumps|SME|MEG_6525|SME-6525_C_1040_G,2,0,0,0,4,0,0,0,0,0
MEG_6525|Multi-compound|Drug_and_biocide_resistance|Drug_and_biocide_RND_efflux_pumps|SME|MEG_6525|SME-6525_G_1104_T,1,0,0,0,6,0,0,0,0,0
MEG_6525|Multi-compound|Drug_and_biocide_resistance|Drug_and_biocide_RND_efflux_pumps|SME|MEG_6525|SME-6525_G_1129_T,2,0,0,0,4,0,0,0,0,0
MEG_6525|Multi-compound|Drug_and_biocide_resistance|Drug_and_biocide_RND_efflux_pumps|SME|MEG_6525|SME-6525_C_1166_T,3,0,0,0,3,0,0,0,0,0
MEG_6529|Multi-compound|Drug_and_biocide_resistance|Drug_and_biocide_RND_efflux_pumps|SME|MEG_6529|SME-6529_C_294_T,0,0,0,0,0,2,1,3,0,1
MEG_6529|Multi-compound|Drug_and_biocide_resistance|Drug_and_biocide_RND_efflux_pumps|SME|MEG_6529|SME-6529_G_1179_T,0,0,0,0,0,2,1,3,0,2
MEG_6529|Multi-compound|Drug_and_biocide_resistance|Drug_and_biocide_RND_efflux_pumps|SME|MEG_6529|SME-6529_G_1347_T,0,0,0,0,0,1,0,3,0,2
MEG_6529|Multi-compound|Drug_and_biocide_resistance|Drug_and_biocide_RND_efflux_pumps|SME|MEG_6529|SME-6529_G_1689_A,0,0,0,0,0,0,0,3,1,2
MEG_6529|Multi-compound|Drug_and_biocide_resistance|Drug_and_biocide_RND_efflux_pumps|SME|MEG_6529|SME-6529_A_1778_T,0,0,0,0,0,1,2,2,1,2
MEG_6531|Biocides|Multi-biocide_resistance|Multi-biocide_MFS_efflux_pump|SMFY|MEG_6531|SMFY-6531_T_100_A,0,0,0,0,0,2,3,8,1,1
MEG_6531|Biocides|Multi-biocide_resistance|Multi-biocide_MFS_efflux_pump|SMFY|MEG_6531|SMFY-6531_A_601_C,0,0,0,0,0,1,3,14,1,3
MEG_6531|Biocides|Multi-biocide_resistance|Multi-biocide_MFS_efflux_pump|SMFY|MEG_6531|SMFY-6531_C_886_T,0,0,0,0,0,1,5,6,3,2
MEG_6531|Biocides|Multi-biocide_resistance|Multi-biocide_MFS_efflux_pump|SMFY|MEG_6531|SMFY-6531_G_983_A,0,0,0,0,0,1,5,6,0,1
MEG_6535|Biocides|Multi-biocide_resistance|Multi-biocide_ABC_efflux_pump|SMRA|MEG_6535|SMRA-6535_G_616_T,0,0,0,0,0,0,18,4,2,1
MEG_6535|Biocides|Multi-biocide_resistance|Multi-biocide_ABC_efflux_pump|SMRA|MEG_6535|SMRA-6535_C_638_A,0,0,0,0,0,0,16,6,1,1
MEG_6535|Biocides|Multi-biocide_resistance|Multi-biocide_ABC_efflux_pump|SMRA|MEG_6535|SMRA-6535_T_682_A,0,0,0,0,0,0,16,7,0,1
MEG_6535|Biocides|Multi-biocide_resistance|Multi-biocide_ABC_efflux_pump|SMRA|MEG_6535|SMRA-6535_G_1335_T,0,0,0,0,0,0,5,6,1,3
MEG_6535|Biocides|Multi-biocide_resistance|Multi-biocide_ABC_efflux_pump|SMRA|MEG_6535|SMRA-6535_T_1425_C,0,0,0,0,0,0,5,3,2,3
MEG_6535|Biocides|Multi-biocide_resistance|Multi-biocide_ABC_efflux_pump|SMRA|MEG_6535|SMRA-6535_A_1588_T,0,0,0,0,0,0,9,2,3,0
MEG_6540|Biocides|Peroxide_resistance|peroxide_resistance_protein|SODA|MEG_6540|SODA-6540_T_33_C,0,0,0,0,0,0,3,3,0,0
MEG_6540|Biocides|Peroxide_resistance|peroxide_resistance_protein|SODA|MEG_6540|SODA-6540_A_90_T,0,0,0,0,0,0,5,2,0,0
MEG_6540|Biocides|Peroxide_resistance|peroxide_resistance_protein|SODA|MEG_6540|SODA-6540_C_117_A,0,0,0,0,0,0,4,2,0,0
MEG_6540|Biocides|Peroxide_resistance|peroxide_resistance_protein|SODA|MEG_6540|SODA-6540_T_170_A,0,0,0,0,0,2,5,0,0,0
MEG_6540|Biocides|Peroxide_resistance|peroxide_resistance_protein|SODA|MEG_6540|SODA-6540_A_206_T,0,0,0,0,0,2,5,0,0,0
MEG_6540|Biocides|Peroxide_resistance|peroxide_resistance_protein|SODA|MEG_6540|SODA-6540_A_348_G,0,0,0,0,0,0,3,1,0,0
MEG_6540|Biocides|Peroxide_resistance|peroxide_resistance_protein|SODA|MEG_6540|SODA-6540_A_404_C,0,0,0,0,0,0,4,2,0,0
MEG_6541|Biocides|Peroxide_resistance|peroxide_resistance_protein|SODA|MEG_6541|SODA-6541_G_174_A,1,0,2,0,1,0,0,0,0,0
MEG_6541|Biocides|Peroxide_resistance|peroxide_resistance_protein|SODA|MEG_6541|SODA-6541_C_268_T,0,0,4,0,0,0,0,0,0,0
MEG_6541|Biocides|Peroxide_resistance|peroxide_resistance_protein|SODA|MEG_6541|SODA-6541_A_503_T,0,0,0,0,0,0,3,2,0,0
MEG_6542|Biocides|Peroxide_resistance|peroxide_resistance_protein|SODA|MEG_6542|SODA-6542_A_90_T,0,0,0,0,0,0,4,0,0,1
MEG_6542|Biocides|Peroxide_resistance|peroxide_resistance_protein|SODA|MEG_6542|SODA-6542_T_240_C,1,0,0,2,1,0,0,0,0,0
MEG_6542|Biocides|Peroxide_resistance|peroxide_resistance_protein|SODA|MEG_6542|SODA-6542_A_348_G,0,0,0,0,0,0,4,0,0,0
MEG_6542|Biocides|Peroxide_resistance|peroxide_resistance_protein|SODA|MEG_6542|SODA-6542_A_405_C,0,0,0,0,0,2,2,0,0,0
MEG_6545|Biocides|Peroxide_resistance|peroxide_resistance_protein|SODB|MEG_6545|SODB-6545_G_75_C,1,0,3,0,0,0,0,0,0,0
MEG_6545|Biocides|Peroxide_resistance|peroxide_resistance_protein|SODB|MEG_6545|SODB-6545_C_93_T,0,0,0,0,0,4,4,0,0,0
MEG_6545|Biocides|Peroxide_resistance|peroxide_resistance_protein|SODB|MEG_6545|SODB-6545_C_195_A,0,0,0,0,0,4,11,0,0,0
MEG_6545|Biocides|Peroxide_resistance|peroxide_resistance_protein|SODB|MEG_6545|SODB-6545_T_232_A,0,0,0,0,0,4,10,0,0,0
MEG_6545|Biocides|Peroxide_resistance|peroxide_resistance_protein|SODB|MEG_6545|SODB-6545_C_390_T,0,0,0,0,0,2,3,0,0,0
MEG_6545|Biocides|Peroxide_resistance|peroxide_resistance_protein|SODB|MEG_6545|SODB-6545_A_414_G,0,0,0,0,0,3,4,0,0,0
MEG_6545|Biocides|Peroxide_resistance|peroxide_resistance_protein|SODB|MEG_6545|SODB-6545_T_490_G,0,0,0,0,0,4,4,0,0,0
MEG_6546|Biocides|Peroxide_resistance|peroxide_resistance_protein|SODB|MEG_6546|SODB-6546_T_14_C,0,0,0,0,0,0,1,1,1,1
MEG_6546|Biocides|Peroxide_resistance|peroxide_resistance_protein|SODB|MEG_6546|SODB-6546_A_47_C,0,0,0,0,0,0,4,2,2,2
MEG_6546|Biocides|Peroxide_resistance|peroxide_resistance_protein|SODB|MEG_6546|SODB-6546_C_52_A,0,0,0,0,0,0,4,2,2,2
MEG_6546|Biocides|Peroxide_resistance|peroxide_resistance_protein|SODB|MEG_6546|SODB-6546_A_196_G,0,0,0,0,0,0,0,3,0,1
MEG_6546|Biocides|Peroxide_resistance|peroxide_resistance_protein|SODB|MEG_6546|SODB-6546_C_228_T,0,0,0,0,0,0,0,3,0,1
MEG_6546|Biocides|Peroxide_resistance|peroxide_resistance_protein|SODB|MEG_6546|SODB-6546_C_315_A,0,0,0,0,0,0,1,2,0,1
MEG_6546|Biocides|Peroxide_resistance|peroxide_resistance_protein|SODB|MEG_6546|SODB-6546_G_472_T,0,0,0,0,0,2,4,2,1,2
MEG_6546|Biocides|Peroxide_resistance|peroxide_resistance_protein|SODB|MEG_6546|SODB-6546_G_544_A,0,0,0,0,0,1,3,2,0,1
MEG_6546|Biocides|Peroxide_resistance|peroxide_resistance_protein|SODB|MEG_6546|SODB-6546_T_545_G,0,0,0,0,0,1,3,2,0,1
MEG_6548|Multi-compound|Drug_and_biocide_resistance|Drug_and_biocide_ABC_efflux_regulator|SOXR|MEG_6548|SOXR-6548_C_147_T,2,0,1,0,1,0,0,0,0,0
MEG_6550|Biocides|Multi-biocide_resistance|Multi-biocide_resistance_regulator|SOXRB|MEG_6550|SOXRB-6550_C_21_A,0,0,0,0,0,2,3,0,0,0
MEG_6550|Biocides|Multi-biocide_resistance|Multi-biocide_resistance_regulator|SOXRB|MEG_6550|SOXRB-6550_G_72_C,0,0,0,0,0,3,4,0,0,0
MEG_6558|Drugs|Multi-drug_resistance|Multi-drug_ABC_efflux_pumps|SRMB|MEG_6558|SRMB-6558_C_944_A,0,0,0,0,0,0,3,1,0,0
MEG_6558|Drugs|Multi-drug_resistance|Multi-drug_ABC_efflux_pumps|SRMB|MEG_6558|SRMB-6558_C_1198_T,0,0,0,0,0,0,5,1,0,0
MEG_6558|Drugs|Multi-drug_resistance|Multi-drug_ABC_efflux_pumps|SRMB|MEG_6558|SRMB-6558_A_1340_T,0,0,0,0,0,0,5,0,0,1
MEG_6558|Drugs|Multi-drug_resistance|Multi-drug_ABC_efflux_pumps|SRMB|MEG_6558|SRMB-6558_G_1418_A,0,0,0,0,0,0,3,2,0,0
MEG_6559|Biocides|Multi-biocide_resistance|Multi-biocide_RND_efflux_pump|SRPA|MEG_6559|SRPA-6559_G_1084_C,0,0,1,1,2,0,0,0,0,0
MEG_6560|Biocides|Multi-biocide_resistance|Multi-biocide_RND_efflux_pump|SRPB|MEG_6560|SRPB-6560_G_68_C,1,0,3,0,1,0,0,0,0,0
MEG_6560|Biocides|Multi-biocide_resistance|Multi-biocide_RND_efflux_pump|SRPB|MEG_6560|SRPB-6560_T_524_G,0,0,0,0,0,0,6,0,1,1
MEG_6560|Biocides|Multi-biocide_resistance|Multi-biocide_RND_efflux_pump|SRPB|MEG_6560|SRPB-6560_T_946_C,0,0,0,0,0,1,2,0,2,0
MEG_6560|Biocides|Multi-biocide_resistance|Multi-biocide_RND_efflux_pump|SRPB|MEG_6560|SRPB-6560_T_1072_A,2,0,5,0,1,0,0,0,0,0
MEG_6560|Biocides|Multi-biocide_resistance|Multi-biocide_RND_efflux_pump|SRPB|MEG_6560|SRPB-6560_T_1441_A,0,0,0,0,0,2,4,0,1,2
MEG_6560|Biocides|Multi-biocide_resistance|Multi-biocide_RND_efflux_pump|SRPB|MEG_6560|SRPB-6560_C_1515_A,1,2,7,0,4,0,0,0,0,0
MEG_6560|Biocides|Multi-biocide_resistance|Multi-biocide_RND_efflux_pump|SRPB|MEG_6560|SRPB-6560_T_1847_C,0,0,0,0,0,3,4,0,2,2
MEG_6560|Biocides|Multi-biocide_resistance|Multi-biocide_RND_efflux_pump|SRPB|MEG_6560|SRPB-6560_C_3054_G,0,0,0,0,0,0,2,0,1,1
MEG_6561|Biocides|Multi-biocide_resistance|Multi-biocide_RND_efflux_pump|SRPC|MEG_6561|SRPC-6561_A_164_G,7,5,0,1,0,0,0,0,0,0
MEG_6561|Biocides|Multi-biocide_resistance|Multi-biocide_RND_efflux_pump|SRPC|MEG_6561|SRPC-6561_G_585_T,3,3,0,1,0,0,0,0,0,0
MEG_6561|Biocides|Multi-biocide_resistance|Multi-biocide_RND_efflux_pump|SRPC|MEG_6561|SRPC-6561_T_770_C,4,1,0,0,0,0,0,0,0,0
MEG_6561|Biocides|Multi-biocide_resistance|Multi-biocide_RND_efflux_pump|SRPC|MEG_6561|SRPC-6561_C_810_G,4,1,0,0,0,0,0,0,0,0
MEG_6561|Biocides|Multi-biocide_resistance|Multi-biocide_RND_efflux_pump|SRPC|MEG_6561|SRPC-6561_T_831_G,3,1,0,0,0,0,0,0,0,0
MEG_6561|Biocides|Multi-biocide_resistance|Multi-biocide_RND_efflux_pump|SRPC|MEG_6561|SRPC-6561_G_849_A,3,1,0,0,0,0,0,0,0,0
MEG_6561|Biocides|Multi-biocide_resistance|Multi-biocide_RND_efflux_pump|SRPC|MEG_6561|SRPC-6561_T_934_A,3,4,0,0,0,0,0,0,0,0
MEG_6561|Biocides|Multi-biocide_resistance|Multi-biocide_RND_efflux_pump|SRPC|MEG_6561|SRPC-6561_T_1034_A,1,2,0,0,2,0,0,0,0,0
MEG_6561|Biocides|Multi-biocide_resistance|Multi-biocide_RND_efflux_pump|SRPC|MEG_6561|SRPC-6561_G_1390_A,2,2,0,0,0,0,0,0,0,0
MEG_6562|Metals|Chromium_resistance|Chromium_resistance_protein|SRPCC|MEG_6562|SRPCC-6562_T_109_C,0,0,0,0,0,1,1,11,2,0
MEG_6562|Metals|Chromium_resistance|Chromium_resistance_protein|SRPCC|MEG_6562|SRPCC-6562_T_293_C,0,0,0,0,0,2,2,5,0,0
MEG_6562|Metals|Chromium_resistance|Chromium_resistance_protein|SRPCC|MEG_6562|SRPCC-6562_G_452_C,0,0,0,0,0,1,3,4,2,0
MEG_6562|Metals|Chromium_resistance|Chromium_resistance_protein|SRPCC|MEG_6562|SRPCC-6562_T_469_A,0,0,0,0,0,1,3,5,2,0
MEG_6562|Metals|Chromium_resistance|Chromium_resistance_protein|SRPCC|MEG_6562|SRPCC-6562_C_500_G,2,2,3,0,0,0,0,0,0,0
MEG_6562|Metals|Chromium_resistance|Chromium_resistance_protein|SRPCC|MEG_6562|SRPCC-6562_G_637_C,1,1,2,1,0,0,0,0,0,0
MEG_6562|Metals|Chromium_resistance|Chromium_resistance_protein|SRPCC|MEG_6562|SRPCC-6562_T_651_C,2,2,2,1,0,0,0,0,0,0
MEG_6562|Metals|Chromium_resistance|Chromium_resistance_protein|SRPCC|MEG_6562|SRPCC-6562_C_688_A,1,1,2,4,0,0,0,0,0,0
MEG_6562|Metals|Chromium_resistance|Chromium_resistance_protein|SRPCC|MEG_6562|SRPCC-6562_A_724_T,0,0,0,0,0,1,1,8,2,0
MEG_6562|Metals|Chromium_resistance|Chromium_resistance_protein|SRPCC|MEG_6562|SRPCC-6562_T_801_G,0,0,0,0,0,2,1,9,1,0
MEG_6562|Metals|Chromium_resistance|Chromium_resistance_protein|SRPCC|MEG_6562|SRPCC-6562_T_920_G,0,0,0,0,0,1,1,6,1,0
MEG_6562|Metals|Chromium_resistance|Chromium_resistance_protein|SRPCC|MEG_6562|SRPCC-6562_T_940_G,0,0,0,0,0,1,1,5,0,0
MEG_6562|Metals|Chromium_resistance|Chromium_resistance_protein|SRPCC|MEG_6562|SRPCC-6562_G_989_T,0,0,0,0,0,1,1,8,2,0
MEG_6562|Metals|Chromium_resistance|Chromium_resistance_protein|SRPCC|MEG_6562|SRPCC-6562_C_1007_A,1,1,2,1,0,0,0,0,0,0
MEG_6562|Metals|Chromium_resistance|Chromium_resistance_protein|SRPCC|MEG_6562|SRPCC-6562_T_1070_C,0,0,0,0,0,1,3,5,2,0
MEG_6562|Metals|Chromium_resistance|Chromium_resistance_protein|SRPCC|MEG_6562|SRPCC-6562_G_1147_T,0,1,2,2,0,0,0,0,0,0
MEG_6577|Biocides|Multi-biocide_resistance|Multi-biocide_SMR_efflux_pump|SUGE|MEG_6577|SUGE-6577_C_31_T,1,2,1,0,1,0,0,0,0,0
MEG_6579|Drugs|Sulfonamides|Sulfonamide-resistant_dihydropteroate_synthases|SULI|MEG_6579|SULI-6579_c_106_G,0,0,0,0,0,0,4,0,1,0
MEG_6579|Drugs|Sulfonamides|Sulfonamide-resistant_dihydropteroate_synthases|SULI|MEG_6579|SULI-6579_c_514_T,0,0,0,0,0,0,5,0,1,0
MEG_6580|Drugs|Sulfonamides|Sulfonamide-resistant_dihydropteroate_synthases|SULI|MEG_6580|SULI-6580_a_795_T,0,0,0,0,0,0,3,0,0,1
MEG_6585|Drugs|Sulfonamides|Sulfonamide-resistant_dihydropteroate_synthases|SULI|MEG_6585|SULI-6585_c_258_G,0,0,0,0,0,0,1,1,0,3
MEG_6585|Drugs|Sulfonamides|Sulfonamide-resistant_dihydropteroate_synthases|SULI|MEG_6585|SULI-6585_c_339_G,0,0,0,0,0,0,4,3,1,0
MEG_6585|Drugs|Sulfonamides|Sulfonamide-resistant_dihydropteroate_synthases|SULI|MEG_6585|SULI-6585_a_661_G,0,0,0,0,0,0,4,0,0,1
MEG_6588|Drugs|Sulfonamides|Sulfonamide-resistant_dihydropteroate_synthases|SULI|MEG_6588|SULI-6588_G_73_T,1,0,3,0,0,0,0,0,0,0
MEG_6592|Drugs|Sulfonamides|Sulfonamide-resistant_dihydropteroate_synthases|SULI|MEG_6592|SULI-6592_T_110_C,0,0,0,0,0,3,5,0,0,1
MEG_6592|Drugs|Sulfonamides|Sulfonamide-resistant_dihydropteroate_synthases|SULI|MEG_6592|SULI-6592_G_228_T,0,0,0,0,0,1,3,3,0,0
MEG_6592|Drugs|Sulfonamides|Sulfonamide-resistant_dihydropteroate_synthases|SULI|MEG_6592|SULI-6592_G_673_T,0,0,0,0,0,2,4,0,0,0
MEG_6592|Drugs|Sulfonamides|Sulfonamide-resistant_dihydropteroate_synthases|SULI|MEG_6592|SULI-6592_T_675_G,0,0,0,0,0,2,4,0,0,0
MEG_6596|Drugs|Sulfonamides|Sulfonamide-resistant_dihydropteroate_synthases|SULI|MEG_6596|SULI-6596_A_119_C,0,0,0,4,0,0,0,0,0,0
MEG_6596|Drugs|Sulfonamides|Sulfonamide-resistant_dihydropteroate_synthases|SULI|MEG_6596|SULI-6596_A_179_T,0,0,0,0,0,5,0,2,0,0
MEG_6596|Drugs|Sulfonamides|Sulfonamide-resistant_dihydropteroate_synthases|SULI|MEG_6596|SULI-6596_G_191_A,0,0,0,4,0,0,0,0,0,0
MEG_6596|Drugs|Sulfonamides|Sulfonamide-resistant_dihydropteroate_synthases|SULI|MEG_6596|SULI-6596_T_194_G,0,0,0,0,0,5,0,2,0,0
MEG_6596|Drugs|Sulfonamides|Sulfonamide-resistant_dihydropteroate_synthases|SULI|MEG_6596|SULI-6596_T_195_C,0,0,0,4,0,0,0,0,0,0
MEG_6596|Drugs|Sulfonamides|Sulfonamide-resistant_dihydropteroate_synthases|SULI|MEG_6596|SULI-6596_C_212_A,0,0,0,0,0,5,0,1,0,0
MEG_6597|Drugs|Sulfonamides|Sulfonamide-resistant_dihydropteroate_synthases|SULI|MEG_6597|SULI-6597_G_604_C,0,2,0,5,0,0,0,0,0,0
MEG_6600|Drugs|Sulfonamides|Sulfonamide-resistant_dihydropteroate_synthases|SULI|MEG_6600|SULI-6600_G_91_C,0,0,0,0,0,3,0,2,0,0
MEG_6600|Drugs|Sulfonamides|Sulfonamide-resistant_dihydropteroate_synthases|SULI|MEG_6600|SULI-6600_T_713_A,0,4,1,0,0,0,0,0,0,0
MEG_6601|Drugs|Sulfonamides|Sulfonamide-resistant_dihydropteroate_synthases|SULI|MEG_6601|SULI-6601_C_504_T,0,0,4,0,0,0,0,0,0,0
MEG_6602|Drugs|Sulfonamides|Sulfonamide-resistant_dihydropteroate_synthases|SULI|MEG_6602|SULI-6602_T_158_C,0,0,0,0,0,2,0,0,0,7
MEG_6602|Drugs|Sulfonamides|Sulfonamide-resistant_dihydropteroate_synthases|SULI|MEG_6602|SULI-6602_A_246_C,0,0,0,0,0,0,0,1,0,9
MEG_6602|Drugs|Sulfonamides|Sulfonamide-resistant_dihydropteroate_synthases|SULI|MEG_6602|SULI-6602_T_313_A,0,0,0,0,0,2,0,3,0,8
MEG_6602|Drugs|Sulfonamides|Sulfonamide-resistant_dihydropteroate_synthases|SULI|MEG_6602|SULI-6602_T_537_G,0,0,0,0,0,0,0,0,1,10
MEG_6602|Drugs|Sulfonamides|Sulfonamide-resistant_dihydropteroate_synthases|SULI|MEG_6602|SULI-6602_G_580_T,0,0,0,0,0,0,0,0,0,10
MEG_6602|Drugs|Sulfonamides|Sulfonamide-resistant_dihydropteroate_synthases|SULI|MEG_6602|SULI-6602_G_594_C,0,0,0,0,0,0,0,0,0,9
MEG_6603|Drugs|Sulfonamides|Sulfonamide-resistant_dihydropteroate_synthases|SULI|MEG_6603|SULI-6603_G_63_A,0,0,0,0,0,1,0,6,2,0
MEG_6603|Drugs|Sulfonamides|Sulfonamide-resistant_dihydropteroate_synthases|SULI|MEG_6603|SULI-6603_T_234_C,0,1,1,0,2,0,0,0,0,0
MEG_6603|Drugs|Sulfonamides|Sulfonamide-resistant_dihydropteroate_synthases|SULI|MEG_6603|SULI-6603_G_235_A,0,1,1,0,2,0,0,0,0,0
MEG_6603|Drugs|Sulfonamides|Sulfonamide-resistant_dihydropteroate_synthases|SULI|MEG_6603|SULI-6603_G_564_C,1,0,3,0,0,0,0,0,0,0
MEG_6603|Drugs|Sulfonamides|Sulfonamide-resistant_dihydropteroate_synthases|SULI|MEG_6603|SULI-6603_T_668_A,0,1,3,2,1,0,0,0,0,0
MEG_6603|Drugs|Sulfonamides|Sulfonamide-resistant_dihydropteroate_synthases|SULI|MEG_6603|SULI-6603_T_677_G,1,0,2,1,1,0,0,0,0,0
MEG_6604|Drugs|Sulfonamides|Sulfonamide-resistant_dihydropteroate_synthases|SULI|MEG_6604|SULI-6604_A_635_T,0,0,1,2,2,0,0,0,0,0
MEG_6605|Drugs|Sulfonamides|Sulfonamide-resistant_dihydropteroate_synthases|SULI|MEG_6605|SULI-6605_A_50_C,0,1,1,2,2,0,0,0,0,0
MEG_6605|Drugs|Sulfonamides|Sulfonamide-resistant_dihydropteroate_synthases|SULI|MEG_6605|SULI-6605_G_67_C,0,0,0,0,0,4,0,1,0,1
MEG_6605|Drugs|Sulfonamides|Sulfonamide-resistant_dihydropteroate_synthases|SULI|MEG_6605|SULI-6605_G_73_A,0,1,1,3,3,0,0,0,0,0
MEG_6605|Drugs|Sulfonamides|Sulfonamide-resistant_dihydropteroate_synthases|SULI|MEG_6605|SULI-6605_C_190_A,1,0,1,1,1,0,0,0,0,0
MEG_6605|Drugs|Sulfonamides|Sulfonamide-resistant_dihydropteroate_synthases|SULI|MEG_6605|SULI-6605_C_268_T,0,0,2,1,1,0,0,0,0,0
MEG_6605|Drugs|Sulfonamides|Sulfonamide-resistant_dihydropteroate_synthases|SULI|MEG_6605|SULI-6605_T_457_C,0,3,1,1,2,0,0,0,0,0
MEG_6605|Drugs|Sulfonamides|Sulfonamide-resistant_dihydropteroate_synthases|SULI|MEG_6605|SULI-6605_G_687_C,1,2,2,3,1,0,0,0,0,0
MEG_6605|Drugs|Sulfonamides|Sulfonamide-resistant_dihydropteroate_synthases|SULI|MEG_6605|SULI-6605_T_720_C,1,2,4,3,4,0,0,0,0,0
MEG_6605|Drugs|Sulfonamides|Sulfonamide-resistant_dihydropteroate_synthases|SULI|MEG_6605|SULI-6605_T_758_C,0,0,0,0,0,3,1,0,0,0
MEG_6605|Drugs|Sulfonamides|Sulfonamide-resistant_dihydropteroate_synthases|SULI|MEG_6605|SULI-6605_T_804_A,0,0,2,2,5,0,0,0,0,0
MEG_6607|Drugs|Sulfonamides|Sulfonamide-resistant_dihydropteroate_synthases|SULI|MEG_6607|SULI-6607_C_143_T,4,0,3,6,1,0,0,0,0,0
MEG_6607|Drugs|Sulfonamides|Sulfonamide-resistant_dihydropteroate_synthases|SULI|MEG_6607|SULI-6607_G_522_T,1,0,1,1,1,0,0,0,0,0
MEG_6607|Drugs|Sulfonamides|Sulfonamide-resistant_dihydropteroate_synthases|SULI|MEG_6607|SULI-6607_T_668_A,2,0,1,1,1,0,0,0,0,0
MEG_6611|Drugs|Sulfonamides|Sulfonamide-resistant_dihydropteroate_synthases|SULI|MEG_6611|SULI-6611_G_93_C,0,0,0,0,0,0,3,1,0,0
MEG_6611|Drugs|Sulfonamides|Sulfonamide-resistant_dihydropteroate_synthases|SULI|MEG_6611|SULI-6611_C_151_T,0,0,0,0,0,4,0,0,0,0
MEG_6614|Drugs|Sulfonamides|Sulfonamide-resistant_dihydropteroate_synthases|SULI|MEG_6614|SULI-6614_T_270_C,0,0,0,0,0,0,3,1,0,0
MEG_6615|Drugs|Sulfonamides|Sulfonamide-resistant_dihydropteroate_synthases|SULI|MEG_6615|SULI-6615_C_310_G,0,0,0,0,0,0,2,2,0,0
MEG_6618|Drugs|Sulfonamides|Sulfonamide-resistant_dihydropteroate_synthases|SULII|MEG_6618|SULII-6618_C_242_G,0,0,0,0,0,0,3,1,0,0
MEG_6619|Drugs|Sulfonamides|Sulfonamide-resistant_dihydropteroate_synthases|SULII|MEG_6619|SULII-6619_T_760_A,0,0,0,0,0,0,4,0,0,0
MEG_6619|Drugs|Sulfonamides|Sulfonamide-resistant_dihydropteroate_synthases|SULII|MEG_6619|SULII-6619_A_780_T,0,0,0,0,0,0,4,0,0,0
MEG_6625|Drugs|Sulfonamides|Sulfonamide-resistant_dihydropteroate_synthases|SULII|MEG_6625|SULII-6625_T_699_G,0,0,0,0,0,3,0,0,1,0
MEG_6626|Drugs|Sulfonamides|Sulfonamide-resistant_dihydropteroate_synthases|SULII|MEG_6626|SULII-6626_C_242_A,0,0,0,2,3,0,0,0,0,0
MEG_6626|Drugs|Sulfonamides|Sulfonamide-resistant_dihydropteroate_synthases|SULII|MEG_6626|SULII-6626_C_269_A,0,0,0,2,3,0,0,0,0,0
MEG_6631|Drugs|Sulfonamides|Sulfonamide-resistant_dihydropteroate_synthases|SULII|MEG_6631|SULII-6631_T_20_C,1,0,0,1,2,0,0,0,0,0
MEG_6631|Drugs|Sulfonamides|Sulfonamide-resistant_dihydropteroate_synthases|SULII|MEG_6631|SULII-6631_A_63_T,1,0,0,3,4,0,0,0,0,0
MEG_6631|Drugs|Sulfonamides|Sulfonamide-resistant_dihydropteroate_synthases|SULII|MEG_6631|SULII-6631_A_71_T,1,0,0,3,4,0,0,0,0,0
MEG_6631|Drugs|Sulfonamides|Sulfonamide-resistant_dihydropteroate_synthases|SULII|MEG_6631|SULII-6631_G_277_C,3,0,3,0,0,0,0,0,0,0
MEG_6632|Drugs|Sulfonamides|Sulfonamide-resistant_dihydropteroate_synthases|SULII|MEG_6632|SULII-6632_C_681_T,0,0,3,1,0,0,0,0,0,0
MEG_6633|Drugs|Sulfonamides|Sulfonamide-resistant_dihydropteroate_synthases|SULII|MEG_6633|SULII-6633_C_146_G,2,4,0,0,0,0,0,0,0,0
MEG_6633|Drugs|Sulfonamides|Sulfonamide-resistant_dihydropteroate_synthases|SULII|MEG_6633|SULII-6633_G_420_A,2,3,0,0,0,0,0,0,0,0
MEG_6633|Drugs|Sulfonamides|Sulfonamide-resistant_dihydropteroate_synthases|SULII|MEG_6633|SULII-6633_G_579_A,0,0,0,0,0,1,2,0,1,0
MEG_6633|Drugs|Sulfonamides|Sulfonamide-resistant_dihydropteroate_synthases|SULII|MEG_6633|SULII-6633_G_635_A,0,0,0,0,0,2,1,0,1,0
MEG_6633|Drugs|Sulfonamides|Sulfonamide-resistant_dihydropteroate_synthases|SULII|MEG_6633|SULII-6633_A_838_G,1,5,0,0,0,0,0,0,0,0
MEG_6639|Drugs|Sulfonamides|Sulfonamide-resistant_dihydropteroate_synthases|SULIII|MEG_6639|SULIII-6639_G_16_T,0,0,0,0,0,0,0,2,1,1
MEG_6639|Drugs|Sulfonamides|Sulfonamide-resistant_dihydropteroate_synthases|SULIII|MEG_6639|SULIII-6639_A_658_C,0,0,0,0,0,1,0,3,0,2
MEG_6639|Drugs|Sulfonamides|Sulfonamide-resistant_dihydropteroate_synthases|SULIII|MEG_6639|SULIII-6639_C_683_A,0,0,0,0,0,1,0,3,0,2
MEG_6640|Drugs|Sulfonamides|Sulfonamide-resistant_dihydropteroate_synthases|SULIV|MEG_6640|SULIV-6640_C_93_G,1,0,1,1,1,0,0,0,0,0
MEG_6640|Drugs|Sulfonamides|Sulfonamide-resistant_dihydropteroate_synthases|SULIV|MEG_6640|SULIV-6640_A_150_G,2,0,1,1,0,0,0,0,0,0
MEG_6640|Drugs|Sulfonamides|Sulfonamide-resistant_dihydropteroate_synthases|SULIV|MEG_6640|SULIV-6640_A_289_G,3,0,0,0,1,0,0,0,0,0
MEG_6640|Drugs|Sulfonamides|Sulfonamide-resistant_dihydropteroate_synthases|SULIV|MEG_6640|SULIV-6640_A_440_C,0,0,0,0,0,0,3,0,0,1
MEG_6640|Drugs|Sulfonamides|Sulfonamide-resistant_dihydropteroate_synthases|SULIV|MEG_6640|SULIV-6640_T_530_G,0,0,0,0,0,0,4,0,0,1
MEG_6640|Drugs|Sulfonamides|Sulfonamide-resistant_dihydropteroate_synthases|SULIV|MEG_6640|SULIV-6640_G_571_C,0,0,0,0,0,0,6,0,0,1
MEG_6640|Drugs|Sulfonamides|Sulfonamide-resistant_dihydropteroate_synthases|SULIV|MEG_6640|SULIV-6640_T_609_C,0,0,0,0,0,0,5,0,0,0
MEG_6640|Drugs|Sulfonamides|Sulfonamide-resistant_dihydropteroate_synthases|SULIV|MEG_6640|SULIV-6640_A_661_G,0,0,0,0,0,0,5,0,0,0
MEG_6641|Drugs|Sulfonamides|Flavin_reductase|SULR|MEG_6641|SULR-6641_c_465_T,0,0,0,0,0,0,1,3,2,1
MEG_6642|Drugs|Sulfonamides|Sulfonamide_monooxygenase|SULX|MEG_6642|SULX-6642_t_41_G,0,0,0,0,0,0,3,2,3,2
MEG_6642|Drugs|Sulfonamides|Sulfonamide_monooxygenase|SULX|MEG_6642|SULX-6642_t_113_A,0,0,0,0,0,0,6,2,2,2
MEG_6642|Drugs|Sulfonamides|Sulfonamide_monooxygenase|SULX|MEG_6642|SULX-6642_g_179_C,7,0,1,2,0,0,0,0,0,0
MEG_6642|Drugs|Sulfonamides|Sulfonamide_monooxygenase|SULX|MEG_6642|SULX-6642_t_194_A,5,0,1,2,0,0,0,0,0,0
MEG_6642|Drugs|Sulfonamides|Sulfonamide_monooxygenase|SULX|MEG_6642|SULX-6642_a_314_G,5,0,1,1,2,0,0,0,0,0
MEG_6642|Drugs|Sulfonamides|Sulfonamide_monooxygenase|SULX|MEG_6642|SULX-6642_g_364_C,2,0,2,2,1,0,0,0,0,0
MEG_6642|Drugs|Sulfonamides|Sulfonamide_monooxygenase|SULX|MEG_6642|SULX-6642_g_391_A,3,0,2,1,0,0,0,0,0,0
MEG_6642|Drugs|Sulfonamides|Sulfonamide_monooxygenase|SULX|MEG_6642|SULX-6642_g_730_C,2,0,3,1,0,0,0,0,0,0
MEG_6642|Drugs|Sulfonamides|Sulfonamide_monooxygenase|SULX|MEG_6642|SULX-6642_c_957_G,0,0,0,0,0,0,4,0,1,0
MEG_6642|Drugs|Sulfonamides|Sulfonamide_monooxygenase|SULX|MEG_6642|SULX-6642_g_1077_T,3,0,1,0,0,0,0,0,0,0
MEG_6642|Drugs|Sulfonamides|Sulfonamide_monooxygenase|SULX|MEG_6642|SULX-6642_c_1094_A,3,0,1,0,0,0,0,0,0,0
MEG_6642|Drugs|Sulfonamides|Sulfonamide_monooxygenase|SULX|MEG_6642|SULX-6642_g_1207_C,4,0,0,1,1,0,0,0,0,0
MEG_6642|Drugs|Sulfonamides|Sulfonamide_monooxygenase|SULX|MEG_6642|SULX-6642_g_1252_A,0,0,0,0,0,0,4,0,2,1
MEG_6645|Biocides|Multi-biocide_resistance|Multi-biocide_RND_efflux_pump|TBTA|MEG_6645|TBTA-6645_A_20_G,0,0,0,0,5,0,0,0,0,0
MEG_6645|Biocides|Multi-biocide_resistance|Multi-biocide_RND_efflux_pump|TBTA|MEG_6645|TBTA-6645_T_31_G,0,0,0,0,7,0,0,0,0,0
MEG_6645|Biocides|Multi-biocide_resistance|Multi-biocide_RND_efflux_pump|TBTA|MEG_6645|TBTA-6645_A_427_T,1,0,1,0,5,0,0,0,0,0
MEG_6645|Biocides|Multi-biocide_resistance|Multi-biocide_RND_efflux_pump|TBTA|MEG_6645|TBTA-6645_T_485_C,0,0,0,0,8,0,0,0,0,0
MEG_6645|Biocides|Multi-biocide_resistance|Multi-biocide_RND_efflux_pump|TBTA|MEG_6645|TBTA-6645_C_618_T,1,0,0,3,14,0,0,0,0,0
MEG_6645|Biocides|Multi-biocide_resistance|Multi-biocide_RND_efflux_pump|TBTA|MEG_6645|TBTA-6645_C_762_A,0,0,0,0,10,0,0,0,0,0
MEG_6646|Biocides|Multi-biocide_resistance|Multi-biocide_RND_efflux_pump|TBTB|MEG_6646|TBTB-6646_A_292_G,0,0,0,0,0,9,7,0,5,0
MEG_6646|Biocides|Multi-biocide_resistance|Multi-biocide_RND_efflux_pump|TBTB|MEG_6646|TBTB-6646_C_502_T,0,0,0,0,0,16,12,0,5,2
MEG_6646|Biocides|Multi-biocide_resistance|Multi-biocide_RND_efflux_pump|TBTB|MEG_6646|TBTB-6646_T_527_G,0,0,0,0,0,16,12,0,4,1
MEG_6646|Biocides|Multi-biocide_resistance|Multi-biocide_RND_efflux_pump|TBTB|MEG_6646|TBTB-6646_G_659_C,0,0,0,0,0,12,9,0,1,0
MEG_6646|Biocides|Multi-biocide_resistance|Multi-biocide_RND_efflux_pump|TBTB|MEG_6646|TBTB-6646_T_1199_A,0,0,0,0,0,13,21,0,2,3
MEG_6646|Biocides|Multi-biocide_resistance|Multi-biocide_RND_efflux_pump|TBTB|MEG_6646|TBTB-6646_A_1243_T,0,0,0,0,0,16,16,0,2,3
MEG_6646|Biocides|Multi-biocide_resistance|Multi-biocide_RND_efflux_pump|TBTB|MEG_6646|TBTB-6646_G_2152_A,0,0,0,0,0,8,20,0,0,2
MEG_6646|Biocides|Multi-biocide_resistance|Multi-biocide_RND_efflux_pump|TBTB|MEG_6646|TBTB-6646_G_2188_T,0,0,0,0,0,6,16,0,0,4
MEG_6648|Biocides|Multi-biocide_resistance|Multi-biocide_RND_efflux_regulator|TBTR|MEG_6648|TBTR-6648_C_262_G,0,4,0,0,0,0,0,0,0,0
MEG_6649|Drugs|Tetracenomycin|Tetracenomycin_MFS_efflux_pump|TCMA|MEG_6649|TCMA-6649_t_407_G,2,2,0,3,0,0,0,0,0,0
MEG_6649|Drugs|Tetracenomycin|Tetracenomycin_MFS_efflux_pump|TCMA|MEG_6649|TCMA-6649_c_806_G,0,3,3,0,2,0,0,0,0,0
MEG_6649|Drugs|Tetracenomycin|Tetracenomycin_MFS_efflux_pump|TCMA|MEG_6649|TCMA-6649_t_1055_G,0,0,0,0,0,0,1,2,0,1
MEG_6649|Drugs|Tetracenomycin|Tetracenomycin_MFS_efflux_pump|TCMA|MEG_6649|TCMA-6649_g_1212_A,2,3,1,2,2,0,0,0,0,0
MEG_6649|Drugs|Tetracenomycin|Tetracenomycin_MFS_efflux_pump|TCMA|MEG_6649|TCMA-6649_g_1283_T,2,2,0,1,4,0,0,0,0,0
MEG_6649|Drugs|Tetracenomycin|Tetracenomycin_MFS_efflux_pump|TCMA|MEG_6649|TCMA-6649_a_1339_G,2,1,1,2,4,0,0,0,0,0
MEG_6651|Metals|Copper_resistance|Copper_resistance_protein|TCRA|MEG_6651|TCRA-6651_A_408_C,9,0,5,0,2,0,0,0,0,0
MEG_6651|Metals|Copper_resistance|Copper_resistance_protein|TCRA|MEG_6651|TCRA-6651_T_1535_C,7,0,13,0,0,0,0,0,0,0
MEG_6651|Metals|Copper_resistance|Copper_resistance_protein|TCRA|MEG_6651|TCRA-6651_G_1618_A,9,1,6,0,0,0,0,0,0,0
MEG_6651|Metals|Copper_resistance|Copper_resistance_protein|TCRA|MEG_6651|TCRA-6651_G_1669_T,8,1,10,0,0,0,0,0,0,0
MEG_6651|Metals|Copper_resistance|Copper_resistance_protein|TCRA|MEG_6651|TCRA-6651_T_2348_A,5,0,6,0,0,0,0,0,0,0
MEG_6652|Metals|Copper_resistance|Copper_resistance_protein|TCRB|MEG_6652|TCRB-6652_G_874_A,4,0,2,13,0,0,0,0,0,0
MEG_6652|Metals|Copper_resistance|Copper_resistance_protein|TCRB|MEG_6652|TCRB-6652_G_1221_C,0,0,5,13,0,0,0,0,0,0
MEG_6652|Metals|Copper_resistance|Copper_resistance_protein|TCRB|MEG_6652|TCRB-6652_A_1382_G,1,0,2,9,0,0,0,0,0,0
MEG_6652|Metals|Copper_resistance|Copper_resistance_protein|TCRB|MEG_6652|TCRB-6652_G_1771_C,0,1,0,5,0,0,0,0,0,0
MEG_6652|Metals|Copper_resistance|Copper_resistance_protein|TCRB|MEG_6652|TCRB-6652_T_1971_G,0,0,0,4,0,0,0,0,0,0
MEG_6655|Multi-compound|Biocide_and_metal_resistance|Biocide_and_metal_resistance_protein|TEHA|MEG_6655|TEHA-6655_C_103_G,0,0,0,0,0,0,3,2,0,1
MEG_6655|Multi-compound|Biocide_and_metal_resistance|Biocide_and_metal_resistance_protein|TEHA|MEG_6655|TEHA-6655_T_180_C,1,4,2,3,1,0,0,0,0,0
MEG_6655|Multi-compound|Biocide_and_metal_resistance|Biocide_and_metal_resistance_protein|TEHA|MEG_6655|TEHA-6655_C_387_T,0,0,0,0,0,0,3,0,0,1
MEG_6655|Multi-compound|Biocide_and_metal_resistance|Biocide_and_metal_resistance_protein|TEHA|MEG_6655|TEHA-6655_G_429_A,0,2,4,2,0,0,0,0,0,0
MEG_6655|Multi-compound|Biocide_and_metal_resistance|Biocide_and_metal_resistance_protein|TEHA|MEG_6655|TEHA-6655_A_460_G,1,2,4,5,0,0,0,0,0,0
MEG_6655|Multi-compound|Biocide_and_metal_resistance|Biocide_and_metal_resistance_protein|TEHA|MEG_6655|TEHA-6655_T_537_C,2,3,1,9,0,0,0,0,0,0
MEG_6655|Multi-compound|Biocide_and_metal_resistance|Biocide_and_metal_resistance_protein|TEHA|MEG_6655|TEHA-6655_A_721_T,0,0,0,0,0,0,7,4,0,2
MEG_6655|Multi-compound|Biocide_and_metal_resistance|Biocide_and_metal_resistance_protein|TEHA|MEG_6655|TEHA-6655_T_893_A,1,5,2,7,2,0,0,0,0,0
MEG_6655|Multi-compound|Biocide_and_metal_resistance|Biocide_and_metal_resistance_protein|TEHA|MEG_6655|TEHA-6655_C_954_A,1,3,1,3,1,0,0,0,0,0
MEG_6655|Multi-compound|Biocide_and_metal_resistance|Biocide_and_metal_resistance_protein|TEHA|MEG_6655|TEHA-6655_A_975_G,0,3,1,3,0,0,0,0,0,0
MEG_6656|Multi-compound|Biocide_and_metal_resistance|Biocide_and_metal_resistance_protein|TEHB|MEG_6656|TEHB-6656_C_132_T,0,0,0,0,0,1,0,1,4,2
MEG_6656|Multi-compound|Biocide_and_metal_resistance|Biocide_and_metal_resistance_protein|TEHB|MEG_6656|TEHB-6656_A_527_C,0,1,5,0,1,0,0,0,0,0
MEG_6942|Drugs|betalactams|Class_A_betalactamases|TEM|MEG_6942|TEM-6942_A_62_T,2,0,0,1,1,0,0,0,0,0
MEG_6942|Drugs|betalactams|Class_A_betalactamases|TEM|MEG_6942|TEM-6942_G_265_C,2,0,0,1,4,0,0,0,0,0
MEG_6943|Drugs|betalactams|Class_A_betalactamases|TEM|MEG_6943|TEM-6943_G_83_C,0,0,0,0,4,0,0,0,0,0
MEG_6955|Metals|Tellurium_resistance|Tellurium_resistance_protein|TERB|MEG_6955|TERB-6955_g_409_A,0,0,0,0,0,1,2,1,0,0
MEG_6957|Metals|Tellurium_resistance|Tellurium_resistance_protein|TERC|MEG_6957|TERC-6957_G_22_C,1,0,3,0,2,0,0,0,0,0
MEG_6957|Metals|Tellurium_resistance|Tellurium_resistance_protein|TERC|MEG_6957|TERC-6957_G_224_C,3,1,2,0,2,0,0,0,0,0
MEG_6957|Metals|Tellurium_resistance|Tellurium_resistance_protein|TERC|MEG_6957|TERC-6957_G_265_T,0,0,0,0,0,0,1,7,1,0
MEG_6957|Metals|Tellurium_resistance|Tellurium_resistance_protein|TERC|MEG_6957|TERC-6957_G_300_C,0,0,0,0,0,0,1,7,1,1
MEG_6957|Metals|Tellurium_resistance|Tellurium_resistance_protein|TERC|MEG_6957|TERC-6957_G_318_A,0,0,0,0,0,0,0,8,0,1
MEG_6957|Metals|Tellurium_resistance|Tellurium_resistance_protein|TERC|MEG_6957|TERC-6957_A_334_C,2,1,4,0,0,0,0,0,0,0
MEG_6957|Metals|Tellurium_resistance|Tellurium_resistance_protein|TERC|MEG_6957|TERC-6957_G_414_A,1,1,3,0,1,0,0,0,0,0
MEG_6957|Metals|Tellurium_resistance|Tellurium_resistance_protein|TERC|MEG_6957|TERC-6957_T_455_A,0,0,0,0,0,0,2,5,1,0
MEG_6957|Metals|Tellurium_resistance|Tellurium_resistance_protein|TERC|MEG_6957|TERC-6957_G_505_A,0,0,0,0,0,0,2,5,1,1
MEG_6957|Metals|Tellurium_resistance|Tellurium_resistance_protein|TERC|MEG_6957|TERC-6957_G_586_C,5,0,7,0,3,0,0,0,0,0
MEG_6957|Metals|Tellurium_resistance|Tellurium_resistance_protein|TERC|MEG_6957|TERC-6957_T_620_C,0,0,0,0,0,0,0,2,2,0
MEG_6957|Metals|Tellurium_resistance|Tellurium_resistance_protein|TERC|MEG_6957|TERC-6957_C_719_G,0,0,2,0,2,0,0,0,0,0
MEG_6957|Metals|Tellurium_resistance|Tellurium_resistance_protein|TERC|MEG_6957|TERC-6957_T_761_C,0,0,0,0,0,0,3,7,1,2
MEG_6957|Metals|Tellurium_resistance|Tellurium_resistance_protein|TERC|MEG_6957|TERC-6957_G_797_C,0,0,0,0,0,0,2,7,1,1
MEG_6957|Metals|Tellurium_resistance|Tellurium_resistance_protein|TERC|MEG_6957|TERC-6957_G_983_T,4,0,1,0,2,0,0,0,0,0
MEG_6958|Metals|Tellurium_resistance|Tellurium_resistance_protein|TERD|MEG_6958|TERD-6958_T_116_G,0,0,0,0,0,5,5,2,0,0
MEG_6958|Metals|Tellurium_resistance|Tellurium_resistance_protein|TERD|MEG_6958|TERD-6958_A_191_G,0,0,0,0,0,4,4,1,0,0
MEG_6958|Metals|Tellurium_resistance|Tellurium_resistance_protein|TERD|MEG_6958|TERD-6958_G_322_A,0,0,0,0,0,0,5,1,0,0
MEG_6958|Metals|Tellurium_resistance|Tellurium_resistance_protein|TERD|MEG_6958|TERD-6958_C_380_G,0,0,0,0,0,0,4,1,0,0
MEG_6961|Metals|Tellurium_resistance|Tellurium_resistance_protein|TERZ|MEG_6961|TERZ-6961_g_232_A,0,0,0,0,0,2,0,2,0,0
MEG_6963|Drugs|Tetracyclines|Tetracycline-resistant_16S_ribosomal_subunit_protein|TET16S|MEG_6963|TET16S-6963_G_476_A,0,0,0,0,2,1,0,1,0,1
MEG_6963|Drugs|Tetracyclines|Tetracycline-resistant_16S_ribosomal_subunit_protein|TET16S|MEG_6963|TET16S-6963_G_481_C,0,0,0,0,2,2,0,1,1,2
MEG_6964|Drugs|Tetracyclines|Tetracycline-resistant_16S_ribosomal_subunit_protein|TET16S|MEG_6964|TET16S-6964_T_271_C,1,0,0,0,2,7,4,2,13,4
MEG_6964|Drugs|Tetracyclines|Tetracycline-resistant_16S_ribosomal_subunit_protein|TET16S|MEG_6964|TET16S-6964_T_295_C,4,0,0,1,6,11,6,2,24,7
MEG_6964|Drugs|Tetracyclines|Tetracycline-resistant_16S_ribosomal_subunit_protein|TET16S|MEG_6964|TET16S-6964_G_372_C,5,1,0,2,7,6,1,1,27,8
MEG_6964|Drugs|Tetracyclines|Tetracycline-resistant_16S_ribosomal_subunit_protein|TET16S|MEG_6964|TET16S-6964_A_387_G,4,1,0,2,5,4,1,1,23,6
MEG_6964|Drugs|Tetracyclines|Tetracycline-resistant_16S_ribosomal_subunit_protein|TET16S|MEG_6964|TET16S-6964_G_890_A,0,0,1,1,3,4,0,0,4,0
MEG_6964|Drugs|Tetracyclines|Tetracycline-resistant_16S_ribosomal_subunit_protein|TET16S|MEG_6964|TET16S-6964_C_902_G,0,0,1,1,3,4,0,0,4,0
MEG_6964|Drugs|Tetracyclines|Tetracycline-resistant_16S_ribosomal_subunit_protein|TET16S|MEG_6964|TET16S-6964_C_1033_T,7,8,24,2,9,9,12,5,17,6
MEG_6964|Drugs|Tetracyclines|Tetracycline-resistant_16S_ribosomal_subunit_protein|TET16S|MEG_6964|TET16S-6964_T_1034_C,5,2,19,0,9,6,6,0,17,4
MEG_6972|Drugs|Tetracyclines|Tetracycline_resistance_MFS_efflux_pumps|TET33|MEG_6972|TET33-6972_g_262_T,0,0,0,0,0,2,1,1,0,0
MEG_6972|Drugs|Tetracyclines|Tetracycline_resistance_MFS_efflux_pumps|TET33|MEG_6972|TET33-6972_a_901_G,0,0,0,0,0,1,1,1,1,0
MEG_6975|Drugs|Tetracyclines|Tetracycline_resistance_MFS_efflux_pumps|TET33|MEG_6975|TET33-6975_C_477_G,0,0,0,0,0,0,0,1,2,1
MEG_6975|Drugs|Tetracyclines|Tetracycline_resistance_MFS_efflux_pumps|TET33|MEG_6975|TET33-6975_G_767_T,0,0,0,0,0,0,1,1,1,1
MEG_6975|Drugs|Tetracyclines|Tetracycline_resistance_MFS_efflux_pumps|TET33|MEG_6975|TET33-6975_G_837_T,0,0,0,0,0,0,2,2,0,1
MEG_6977|Drugs|Tetracyclines|Tetracycline_resistance_MFS_efflux_pumps|TET35|MEG_6977|TET35-6977_g_218_C,5,0,0,3,0,0,0,0,0,0
MEG_6977|Drugs|Tetracyclines|Tetracycline_resistance_MFS_efflux_pumps|TET35|MEG_6977|TET35-6977_t_299_G,5,0,1,2,0,0,0,0,0,0
MEG_6977|Drugs|Tetracyclines|Tetracycline_resistance_MFS_efflux_pumps|TET35|MEG_6977|TET35-6977_c_357_A,6,0,3,3,0,0,0,0,0,0
MEG_6977|Drugs|Tetracyclines|Tetracycline_resistance_MFS_efflux_pumps|TET35|MEG_6977|TET35-6977_c_790_A,8,0,2,4,0,0,0,0,0,0
MEG_6977|Drugs|Tetracyclines|Tetracycline_resistance_MFS_efflux_pumps|TET35|MEG_6977|TET35-6977_a_832_T,14,1,2,3,0,0,0,0,0,0
MEG_6979|Drugs|Tetracyclines|Tetracycline_resistance_ribosomal_protection_proteins|TET36|MEG_6979|TET36-6979_C_232_G,0,0,0,0,0,9,2,1,2,1
MEG_6979|Drugs|Tetracyclines|Tetracycline_resistance_ribosomal_protection_proteins|TET36|MEG_6979|TET36-6979_A_773_G,0,0,0,0,0,15,4,5,5,1
MEG_6979|Drugs|Tetracyclines|Tetracycline_resistance_ribosomal_protection_proteins|TET36|MEG_6979|TET36-6979_T_1285_A,0,0,0,0,0,13,2,5,1,0
MEG_6979|Drugs|Tetracyclines|Tetracycline_resistance_ribosomal_protection_proteins|TET36|MEG_6979|TET36-6979_A_1352_G,0,0,0,0,0,12,1,4,3,1
MEG_6981|Drugs|Tetracyclines|Tetracycline_resistance_MFS_efflux_pumps|TET38|MEG_6981|TET38-6981_a_239_G,0,0,0,0,0,1,0,2,0,1
MEG_6981|Drugs|Tetracyclines|Tetracycline_resistance_MFS_efflux_pumps|TET38|MEG_6981|TET38-6981_g_790_A,0,0,0,0,0,2,1,1,0,0
MEG_6982|Drugs|Tetracyclines|Tetracycline_resistance_MFS_efflux_pumps|TET38|MEG_6982|TET38-6982_g_659_T,1,1,3,1,0,0,0,0,0,0
MEG_6982|Drugs|Tetracyclines|Tetracycline_resistance_MFS_efflux_pumps|TET38|MEG_6982|TET38-6982_t_798_A,2,1,2,1,0,0,0,0,0,0
MEG_6983|Drugs|Tetracyclines|Tetracycline_resistance_MFS_efflux_pumps|TET38|MEG_6983|TET38-6983_g_659_T,4,4,2,3,2,0,0,0,0,0
MEG_6983|Drugs|Tetracyclines|Tetracycline_resistance_MFS_efflux_pumps|TET38|MEG_6983|TET38-6983_t_798_A,1,3,5,2,0,0,0,0,0,0
MEG_6983|Drugs|Tetracyclines|Tetracycline_resistance_MFS_efflux_pumps|TET38|MEG_6983|TET38-6983_t_1050_A,3,1,0,3,1,0,0,0,0,0
MEG_6985|Drugs|Tetracyclines|Tetracycline_resistance_MFS_efflux_pumps|TET38|MEG_6985|TET38-6985_G_115_C,0,0,0,0,0,7,2,1,0,0
MEG_6985|Drugs|Tetracyclines|Tetracycline_resistance_MFS_efflux_pumps|TET38|MEG_6985|TET38-6985_A_239_G,0,0,0,0,0,3,0,5,0,0
MEG_6985|Drugs|Tetracyclines|Tetracycline_resistance_MFS_efflux_pumps|TET38|MEG_6985|TET38-6985_G_687_C,0,0,0,0,0,14,2,4,0,1
MEG_6985|Drugs|Tetracyclines|Tetracycline_resistance_MFS_efflux_pumps|TET38|MEG_6985|TET38-6985_C_693_T,0,0,0,0,0,13,2,4,0,1
MEG_6985|Drugs|Tetracyclines|Tetracycline_resistance_MFS_efflux_pumps|TET38|MEG_6985|TET38-6985_G_790_A,0,0,0,0,0,10,1,6,0,2
MEG_6985|Drugs|Tetracyclines|Tetracycline_resistance_MFS_efflux_pumps|TET38|MEG_6985|TET38-6985_G_865_C,0,0,0,0,0,5,0,6,0,2
MEG_6985|Drugs|Tetracyclines|Tetracycline_resistance_MFS_efflux_pumps|TET38|MEG_6985|TET38-6985_G_1173_A,0,0,0,0,0,8,0,6,0,0
MEG_6985|Drugs|Tetracyclines|Tetracycline_resistance_MFS_efflux_pumps|TET38|MEG_6985|TET38-6985_T_1215_C,0,0,0,0,0,7,2,6,0,0
MEG_6987|Drugs|Tetracyclines|Tetracycline_resistance_MFS_efflux_pumps|TET39|MEG_6987|TET39-6987_G_104_C,0,0,0,0,0,0,6,1,0,0
MEG_6987|Drugs|Tetracyclines|Tetracycline_resistance_MFS_efflux_pumps|TET39|MEG_6987|TET39-6987_C_431_G,0,0,0,0,0,0,5,2,0,1
MEG_6987|Drugs|Tetracyclines|Tetracycline_resistance_MFS_efflux_pumps|TET39|MEG_6987|TET39-6987_T_447_G,0,0,0,0,0,0,4,2,0,1
MEG_6987|Drugs|Tetracyclines|Tetracycline_resistance_MFS_efflux_pumps|TET39|MEG_6987|TET39-6987_T_610_G,0,0,0,0,0,0,6,1,0,0
MEG_6987|Drugs|Tetracyclines|Tetracycline_resistance_MFS_efflux_pumps|TET39|MEG_6987|TET39-6987_A_956_C,0,0,0,0,0,0,8,1,0,0
MEG_6990|Drugs|Tetracyclines|Tetracycline_resistance_MFS_efflux_pumps|TET39|MEG_6990|TET39-6990_C_713_T,0,0,0,0,0,0,4,1,0,1
MEG_6990|Drugs|Tetracyclines|Tetracycline_resistance_MFS_efflux_pumps|TET39|MEG_6990|TET39-6990_A_743_C,0,0,0,0,0,0,3,1,0,1
MEG_6990|Drugs|Tetracyclines|Tetracycline_resistance_MFS_efflux_pumps|TET39|MEG_6990|TET39-6990_A_890_C,0,0,0,0,0,0,5,1,0,0
MEG_6995|Drugs|Tetracyclines|Tetracycline_resistance_MFS_efflux_pumps|TET42|MEG_6995|TET42-6995_G_26_C,2,2,2,6,0,0,0,0,0,0
MEG_6995|Drugs|Tetracyclines|Tetracycline_resistance_MFS_efflux_pumps|TET42|MEG_6995|TET42-6995_T_62_G,3,2,3,7,0,0,0,0,0,0
MEG_6995|Drugs|Tetracyclines|Tetracycline_resistance_MFS_efflux_pumps|TET42|MEG_6995|TET42-6995_G_208_A,3,1,2,4,0,0,0,0,0,0
MEG_6995|Drugs|Tetracyclines|Tetracycline_resistance_MFS_efflux_pumps|TET42|MEG_6995|TET42-6995_G_245_T,5,1,3,5,0,0,0,0,0,0
MEG_6995|Drugs|Tetracyclines|Tetracycline_resistance_MFS_efflux_pumps|TET42|MEG_6995|TET42-6995_C_957_G,3,1,7,6,0,0,0,0,0,0
MEG_6995|Drugs|Tetracyclines|Tetracycline_resistance_MFS_efflux_pumps|TET42|MEG_6995|TET42-6995_G_1120_T,4,2,1,5,0,0,0,0,0,0
MEG_6995|Drugs|Tetracyclines|Tetracycline_resistance_MFS_efflux_pumps|TET42|MEG_6995|TET42-6995_C_1151_G,5,2,2,5,0,0,0,0,0,0
MEG_6998|Drugs|Tetracyclines|Tetracycline_resistance_ribosomal_protection_proteins|TET44|MEG_6998|TET44-6998_G_224_A,0,0,0,0,0,3,2,2,1,2
MEG_6998|Drugs|Tetracyclines|Tetracycline_resistance_ribosomal_protection_proteins|TET44|MEG_6998|TET44-6998_T_247_G,0,0,0,0,0,4,2,2,0,2
MEG_6998|Drugs|Tetracyclines|Tetracycline_resistance_ribosomal_protection_proteins|TET44|MEG_6998|TET44-6998_G_896_T,0,0,0,0,0,5,4,4,1,0
MEG_6998|Drugs|Tetracyclines|Tetracycline_resistance_ribosomal_protection_proteins|TET44|MEG_6998|TET44-6998_C_1120_A,0,0,0,0,0,5,2,3,2,2
MEG_6998|Drugs|Tetracyclines|Tetracycline_resistance_ribosomal_protection_proteins|TET44|MEG_6998|TET44-6998_T_1177_A,0,0,0,0,0,4,6,5,1,1
MEG_6998|Drugs|Tetracyclines|Tetracycline_resistance_ribosomal_protection_proteins|TET44|MEG_6998|TET44-6998_G_1244_C,0,0,0,0,0,6,7,1,2,2
MEG_6998|Drugs|Tetracyclines|Tetracycline_resistance_ribosomal_protection_proteins|TET44|MEG_6998|TET44-6998_C_1302_T,0,0,0,0,0,5,4,2,2,2
MEG_6998|Drugs|Tetracyclines|Tetracycline_resistance_ribosomal_protection_proteins|TET44|MEG_6998|TET44-6998_G_1482_C,0,0,0,0,0,2,2,3,1,1
MEG_6998|Drugs|Tetracyclines|Tetracycline_resistance_ribosomal_protection_proteins|TET44|MEG_6998|TET44-6998_T_1502_A,0,0,0,0,0,2,1,2,1,1
MEG_7001|Drugs|Tetracyclines|Tetracycline_resistance_MFS_efflux_pumps|TET48|MEG_7001|TET48-7001_A_27_T,4,0,1,0,1,0,0,0,0,0
MEG_7001|Drugs|Tetracyclines|Tetracycline_resistance_MFS_efflux_pumps|TET48|MEG_7001|TET48-7001_G_77_A,7,0,4,0,2,0,0,0,0,0
MEG_7001|Drugs|Tetracyclines|Tetracycline_resistance_MFS_efflux_pumps|TET48|MEG_7001|TET48-7001_C_449_A,10,4,3,2,3,0,0,0,0,0
MEG_7001|Drugs|Tetracyclines|Tetracycline_resistance_MFS_efflux_pumps|TET48|MEG_7001|TET48-7001_C_610_A,3,1,9,3,1,0,0,0,0,0
MEG_7001|Drugs|Tetracyclines|Tetracycline_resistance_MFS_efflux_pumps|TET48|MEG_7001|TET48-7001_C_660_A,2,2,2,1,0,0,0,0,0,0
MEG_7001|Drugs|Tetracyclines|Tetracycline_resistance_MFS_efflux_pumps|TET48|MEG_7001|TET48-7001_T_957_C,6,0,5,2,2,0,0,0,0,0
MEG_7001|Drugs|Tetracyclines|Tetracycline_resistance_MFS_efflux_pumps|TET48|MEG_7001|TET48-7001_G_964_A,4,1,6,2,2,0,0,0,0,0
MEG_7002|Drugs|Tetracyclines|Tetracycline_resistance_MFS_efflux_pumps|TET49|MEG_7002|TET49-7002_A_190_C,0,0,0,0,0,0,10,2,1,0
MEG_7002|Drugs|Tetracyclines|Tetracycline_resistance_MFS_efflux_pumps|TET49|MEG_7002|TET49-7002_C_239_A,0,0,0,0,0,0,10,2,1,0
MEG_7002|Drugs|Tetracyclines|Tetracycline_resistance_MFS_efflux_pumps|TET49|MEG_7002|TET49-7002_G_412_C,0,0,0,0,0,0,3,2,1,2
MEG_7002|Drugs|Tetracyclines|Tetracycline_resistance_MFS_efflux_pumps|TET49|MEG_7002|TET49-7002_T_550_C,0,0,0,0,0,0,8,5,2,0
MEG_7002|Drugs|Tetracyclines|Tetracycline_resistance_MFS_efflux_pumps|TET49|MEG_7002|TET49-7002_G_665_C,0,0,0,0,0,0,5,5,1,0
MEG_7002|Drugs|Tetracyclines|Tetracycline_resistance_MFS_efflux_pumps|TET49|MEG_7002|TET49-7002_T_669_G,0,0,0,0,0,0,5,6,1,0
MEG_7002|Drugs|Tetracyclines|Tetracycline_resistance_MFS_efflux_pumps|TET49|MEG_7002|TET49-7002_T_737_G,0,0,0,0,0,0,7,3,0,0
MEG_7002|Drugs|Tetracyclines|Tetracycline_resistance_MFS_efflux_pumps|TET49|MEG_7002|TET49-7002_G_940_C,0,0,0,0,0,0,11,1,0,0
MEG_7002|Drugs|Tetracyclines|Tetracycline_resistance_MFS_efflux_pumps|TET49|MEG_7002|TET49-7002_A_1054_T,0,0,0,0,0,0,9,4,0,2
MEG_7007|Drugs|Tetracyclines|Tetracycline_resistance_MFS_efflux_pumps|TET54|MEG_7007|TET54-7007_A_1002_T,0,0,0,0,0,12,6,1,0,2
MEG_7008|Drugs|Tetracyclines|Tetracycline_resistance_MFS_efflux_pumps|TET55|MEG_7008|TET55-7008_A_135_G,0,0,0,0,0,3,0,1,2,7
MEG_7008|Drugs|Tetracyclines|Tetracycline_resistance_MFS_efflux_pumps|TET55|MEG_7008|TET55-7008_A_300_T,0,0,0,0,0,2,0,2,2,6
MEG_7008|Drugs|Tetracyclines|Tetracycline_resistance_MFS_efflux_pumps|TET55|MEG_7008|TET55-7008_C_350_A,0,0,0,0,0,1,0,1,0,2
MEG_7008|Drugs|Tetracyclines|Tetracycline_resistance_MFS_efflux_pumps|TET55|MEG_7008|TET55-7008_C_377_A,0,0,0,0,0,3,0,1,1,5
MEG_7008|Drugs|Tetracyclines|Tetracycline_resistance_MFS_efflux_pumps|TET55|MEG_7008|TET55-7008_T_617_C,0,0,0,0,0,2,0,2,1,5
MEG_7008|Drugs|Tetracyclines|Tetracycline_resistance_MFS_efflux_pumps|TET55|MEG_7008|TET55-7008_T_645_A,0,0,0,0,0,1,0,2,0,5
MEG_7008|Drugs|Tetracyclines|Tetracycline_resistance_MFS_efflux_pumps|TET55|MEG_7008|TET55-7008_A_727_T,0,0,0,0,0,1,0,2,0,6
MEG_7008|Drugs|Tetracyclines|Tetracycline_resistance_MFS_efflux_pumps|TET55|MEG_7008|TET55-7008_A_824_G,0,0,0,0,0,7,0,0,0,10
MEG_7009|Drugs|Tetracyclines|Tetracycline_resistance_MFS_efflux_pumps|TET56|MEG_7009|TET56-7009_A_69_G,11,3,1,0,1,0,0,0,0,0
MEG_7009|Drugs|Tetracyclines|Tetracycline_resistance_MFS_efflux_pumps|TET56|MEG_7009|TET56-7009_C_158_T,5,4,0,0,2,0,0,0,0,0
MEG_7009|Drugs|Tetracyclines|Tetracycline_resistance_MFS_efflux_pumps|TET56|MEG_7009|TET56-7009_A_388_C,9,2,1,1,2,0,0,0,0,0
MEG_7009|Drugs|Tetracyclines|Tetracycline_resistance_MFS_efflux_pumps|TET56|MEG_7009|TET56-7009_G_601_T,2,2,1,1,1,0,0,0,0,0
MEG_7009|Drugs|Tetracyclines|Tetracycline_resistance_MFS_efflux_pumps|TET56|MEG_7009|TET56-7009_T_799_A,9,2,1,0,1,0,0,0,0,0
MEG_7009|Drugs|Tetracyclines|Tetracycline_resistance_MFS_efflux_pumps|TET56|MEG_7009|TET56-7009_G_868_A,7,3,3,1,2,0,0,0,0,0
MEG_7009|Drugs|Tetracyclines|Tetracycline_resistance_MFS_efflux_pumps|TET56|MEG_7009|TET56-7009_T_1009_A,6,1,1,1,2,0,0,0,0,0
MEG_7011|Drugs|Tetracyclines|Tetracycline_resistance_MFS_efflux_pumps|TET58|MEG_7011|TET58-7011_T_80_G,1,0,3,0,0,0,0,0,0,0
MEG_7011|Drugs|Tetracyclines|Tetracycline_resistance_MFS_efflux_pumps|TET58|MEG_7011|TET58-7011_G_122_T,0,0,4,0,0,0,0,0,0,0
MEG_7011|Drugs|Tetracyclines|Tetracycline_resistance_MFS_efflux_pumps|TET58|MEG_7011|TET58-7011_C_191_G,0,0,6,0,0,0,0,0,0,0
MEG_7011|Drugs|Tetracyclines|Tetracycline_resistance_MFS_efflux_pumps|TET58|MEG_7011|TET58-7011_T_261_G,0,0,0,0,0,0,0,5,0,1
MEG_7011|Drugs|Tetracyclines|Tetracycline_resistance_MFS_efflux_pumps|TET58|MEG_7011|TET58-7011_T_271_A,0,0,0,0,0,0,0,6,0,1
MEG_7011|Drugs|Tetracyclines|Tetracycline_resistance_MFS_efflux_pumps|TET58|MEG_7011|TET58-7011_T_660_A,0,0,7,0,1,0,0,0,0,0
MEG_7011|Drugs|Tetracyclines|Tetracycline_resistance_MFS_efflux_pumps|TET58|MEG_7011|TET58-7011_T_741_G,1,0,4,1,0,0,0,0,0,0
MEG_7011|Drugs|Tetracyclines|Tetracycline_resistance_MFS_efflux_pumps|TET58|MEG_7011|TET58-7011_A_877_G,0,1,3,0,0,0,0,0,0,0
MEG_7011|Drugs|Tetracyclines|Tetracycline_resistance_MFS_efflux_pumps|TET58|MEG_7011|TET58-7011_G_912_T,0,0,0,0,0,0,0,5,0,1
MEG_7011|Drugs|Tetracyclines|Tetracycline_resistance_MFS_efflux_pumps|TET58|MEG_7011|TET58-7011_G_919_A,0,0,0,0,0,0,0,5,0,1
MEG_7011|Drugs|Tetracyclines|Tetracycline_resistance_MFS_efflux_pumps|TET58|MEG_7011|TET58-7011_C_981_A,0,0,6,1,1,0,0,0,0,0
MEG_7011|Drugs|Tetracyclines|Tetracycline_resistance_MFS_efflux_pumps|TET58|MEG_7011|TET58-7011_G_985_C,0,0,0,0,0,0,0,7,0,0
MEG_7011|Drugs|Tetracyclines|Tetracycline_resistance_MFS_efflux_pumps|TET58|MEG_7011|TET58-7011_G_1000_T,0,0,5,1,1,0,0,0,0,0
MEG_7011|Drugs|Tetracyclines|Tetracycline_resistance_MFS_efflux_pumps|TET58|MEG_7011|TET58-7011_A_1001_T,0,0,0,0,0,0,0,6,0,0
MEG_7012|Drugs|Tetracyclines|Tetracycline_resistance_MFS_efflux_pumps|TET59|MEG_7012|TET59-7012_a_1047_T,0,2,0,0,2,0,0,0,0,0
MEG_7022|Drugs|Tetracyclines|Tetracycline_resistance_MFS_efflux_pumps|TETA|MEG_7022|TETA-7022_g_181_A,0,0,0,0,0,10,0,1,4,2
MEG_7022|Drugs|Tetracyclines|Tetracycline_resistance_MFS_efflux_pumps|TETA|MEG_7022|TETA-7022_g_363_C,0,0,0,0,0,11,0,2,1,1
MEG_7022|Drugs|Tetracyclines|Tetracycline_resistance_MFS_efflux_pumps|TETA|MEG_7022|TETA-7022_c_411_G,0,0,0,0,0,12,0,3,1,2
MEG_7022|Drugs|Tetracyclines|Tetracycline_resistance_MFS_efflux_pumps|TETA|MEG_7022|TETA-7022_c_534_A,0,0,0,0,0,13,0,1,4,2
MEG_7022|Drugs|Tetracyclines|Tetracycline_resistance_MFS_efflux_pumps|TETA|MEG_7022|TETA-7022_g_592_T,0,0,0,0,0,6,0,0,4,3
MEG_7022|Drugs|Tetracyclines|Tetracycline_resistance_MFS_efflux_pumps|TETA|MEG_7022|TETA-7022_c_644_T,0,0,0,0,0,5,0,1,3,3
MEG_7022|Drugs|Tetracyclines|Tetracycline_resistance_MFS_efflux_pumps|TETA|MEG_7022|TETA-7022_g_888_A,0,0,0,0,0,12,0,3,3,3
MEG_7022|Drugs|Tetracyclines|Tetracycline_resistance_MFS_efflux_pumps|TETA|MEG_7022|TETA-7022_c_1061_A,0,0,0,0,0,5,0,1,2,2
MEG_7022|Drugs|Tetracyclines|Tetracycline_resistance_MFS_efflux_pumps|TETA|MEG_7022|TETA-7022_t_1228_C,0,0,0,0,0,7,0,2,4,2
MEG_7027|Drugs|Tetracyclines|Tetracycline_resistance_MFS_efflux_pumps|TETA|MEG_7027|TETA-7027_A_460_T,0,0,0,0,0,1,8,4,1,0
MEG_7027|Drugs|Tetracyclines|Tetracycline_resistance_MFS_efflux_pumps|TETA|MEG_7027|TETA-7027_C_971_T,0,0,0,0,0,1,4,1,0,1
MEG_7031|Drugs|Tetracyclines|Tetracycline_resistance_MFS_efflux_pumps|TETA|MEG_7031|TETA-7031_A_460_T,0,0,0,0,0,0,4,2,0,1
MEG_7031|Drugs|Tetracyclines|Tetracycline_resistance_MFS_efflux_pumps|TETA|MEG_7031|TETA-7031_C_971_T,0,0,0,0,0,0,6,2,1,0
MEG_7036|Drugs|Tetracyclines|Tetracycline_resistance_ABC_efflux_pumps|TETA60|MEG_7036|TETA60-7036_T_228_A,0,4,0,1,1,0,0,0,0,0
MEG_7036|Drugs|Tetracyclines|Tetracycline_resistance_ABC_efflux_pumps|TETA60|MEG_7036|TETA60-7036_C_473_T,2,3,2,0,13,0,0,0,0,0
MEG_7036|Drugs|Tetracyclines|Tetracycline_resistance_ABC_efflux_pumps|TETA60|MEG_7036|TETA60-7036_A_853_G,1,4,2,0,15,0,0,0,0,0
MEG_7036|Drugs|Tetracyclines|Tetracycline_resistance_ABC_efflux_pumps|TETA60|MEG_7036|TETA60-7036_T_935_A,2,2,5,0,10,0,0,0,0,0
MEG_7036|Drugs|Tetracyclines|Tetracycline_resistance_ABC_efflux_pumps|TETA60|MEG_7036|TETA60-7036_C_1004_G,2,2,5,0,8,0,0,0,0,0
MEG_7036|Drugs|Tetracyclines|Tetracycline_resistance_ABC_efflux_pumps|TETA60|MEG_7036|TETA60-7036_A_1127_C,0,0,0,4,0,0,0,0,0,0
MEG_7036|Drugs|Tetracyclines|Tetracycline_resistance_ABC_efflux_pumps|TETA60|MEG_7036|TETA60-7036_C_1394_G,0,7,3,0,8,0,0,0,0,0
MEG_7036|Drugs|Tetracyclines|Tetracycline_resistance_ABC_efflux_pumps|TETA60|MEG_7036|TETA60-7036_T_1547_C,3,2,1,1,7,0,0,0,0,0
MEG_7047|Drugs|Tetracyclines|Tetracycline_resistance_MFS_efflux_pumps|TETB|MEG_7047|TETB-7047_A_854_G,0,0,0,0,0,1,1,1,1,0
MEG_7050|Drugs|Tetracyclines|Tetracycline_resistance_MFS_efflux_pumps|TETB|MEG_7050|TETB-7050_G_1096_T,0,0,0,0,0,0,7,7,0,2
MEG_7066|Drugs|Tetracyclines|Tetracycline_resistance_MFS_efflux_pumps|TETC|MEG_7066|TETC-7066_C_770_T,0,0,0,4,0,0,0,0,0,0
MEG_7073|Drugs|Tetracyclines|Tetracycline_resistance_MFS_efflux_pumps|TETE|MEG_7073|TETE-7073_T_39_A,2,1,0,4,1,0,0,0,0,0
MEG_7073|Drugs|Tetracyclines|Tetracycline_resistance_MFS_efflux_pumps|TETE|MEG_7073|TETE-7073_A_125_T,2,0,0,2,2,0,0,0,0,0
MEG_7073|Drugs|Tetracyclines|Tetracycline_resistance_MFS_efflux_pumps|TETE|MEG_7073|TETE-7073_C_183_A,0,0,0,0,0,0,3,4,0,1
MEG_7073|Drugs|Tetracyclines|Tetracycline_resistance_MFS_efflux_pumps|TETE|MEG_7073|TETE-7073_C_272_T,0,0,0,0,0,1,4,1,0,1
MEG_7073|Drugs|Tetracyclines|Tetracycline_resistance_MFS_efflux_pumps|TETE|MEG_7073|TETE-7073_T_283_C,0,0,0,0,0,2,4,1,0,1
MEG_7073|Drugs|Tetracyclines|Tetracycline_resistance_MFS_efflux_pumps|TETE|MEG_7073|TETE-7073_T_338_A,1,0,0,2,2,0,0,0,0,0
MEG_7073|Drugs|Tetracyclines|Tetracycline_resistance_MFS_efflux_pumps|TETE|MEG_7073|TETE-7073_A_386_T,0,0,0,0,0,4,4,0,0,1
MEG_7073|Drugs|Tetracyclines|Tetracycline_resistance_MFS_efflux_pumps|TETE|MEG_7073|TETE-7073_T_552_C,0,0,0,0,0,0,5,5,0,1
MEG_7073|Drugs|Tetracyclines|Tetracycline_resistance_MFS_efflux_pumps|TETE|MEG_7073|TETE-7073_G_649_A,0,0,0,3,2,0,0,0,0,0
MEG_7073|Drugs|Tetracyclines|Tetracycline_resistance_MFS_efflux_pumps|TETE|MEG_7073|TETE-7073_A_661_G,1,0,0,2,2,0,0,0,0,0
MEG_7073|Drugs|Tetracyclines|Tetracycline_resistance_MFS_efflux_pumps|TETE|MEG_7073|TETE-7073_A_924_T,0,0,0,0,0,1,3,2,0,1
MEG_7073|Drugs|Tetracyclines|Tetracycline_resistance_MFS_efflux_pumps|TETE|MEG_7073|TETE-7073_A_1075_C,3,0,0,3,1,0,0,0,0,0
MEG_7074|Drugs|Tetracyclines|Tetracycline_resistance_MFS_efflux_pumps|TETE|MEG_7074|TETE-7074_T_326_A,1,0,0,4,1,0,0,0,0,0
MEG_7074|Drugs|Tetracyclines|Tetracycline_resistance_MFS_efflux_pumps|TETE|MEG_7074|TETE-7074_A_374_T,0,0,0,0,0,2,3,0,0,0
MEG_7074|Drugs|Tetracyclines|Tetracycline_resistance_MFS_efflux_pumps|TETE|MEG_7074|TETE-7074_G_637_A,2,0,0,4,5,0,0,0,0,0
MEG_7074|Drugs|Tetracyclines|Tetracycline_resistance_MFS_efflux_pumps|TETE|MEG_7074|TETE-7074_A_649_G,2,0,0,2,5,0,0,0,0,0
MEG_7074|Drugs|Tetracyclines|Tetracycline_resistance_MFS_efflux_pumps|TETE|MEG_7074|TETE-7074_A_1063_C,3,0,0,0,3,0,0,0,0,0
MEG_7075|Drugs|Tetracyclines|Tetracycline_resistance_MFS_efflux_pumps|TETE|MEG_7075|TETE-7075_T_64_A,0,0,0,0,0,1,2,2,0,1
MEG_7075|Drugs|Tetracyclines|Tetracycline_resistance_MFS_efflux_pumps|TETE|MEG_7075|TETE-7075_T_519_C,0,0,0,0,0,1,7,3,0,0
MEG_7075|Drugs|Tetracyclines|Tetracycline_resistance_MFS_efflux_pumps|TETE|MEG_7075|TETE-7075_A_600_T,0,0,0,0,0,2,4,2,0,0
MEG_7075|Drugs|Tetracyclines|Tetracycline_resistance_MFS_efflux_pumps|TETE|MEG_7075|TETE-7075_G_616_A,0,1,0,1,2,0,0,0,0,0
MEG_7075|Drugs|Tetracyclines|Tetracycline_resistance_MFS_efflux_pumps|TETE|MEG_7075|TETE-7075_A_628_G,0,1,0,1,2,0,0,0,0,0
MEG_7075|Drugs|Tetracyclines|Tetracycline_resistance_MFS_efflux_pumps|TETE|MEG_7075|TETE-7075_A_680_T,0,0,0,0,0,1,6,2,0,1
MEG_7075|Drugs|Tetracyclines|Tetracycline_resistance_MFS_efflux_pumps|TETE|MEG_7075|TETE-7075_A_891_T,0,0,0,0,0,0,6,1,0,0
MEG_7075|Drugs|Tetracyclines|Tetracycline_resistance_MFS_efflux_pumps|TETE|MEG_7075|TETE-7075_A_1072_C,0,0,0,0,0,2,8,1,0,4
MEG_7075|Drugs|Tetracyclines|Tetracycline_resistance_MFS_efflux_pumps|TETE|MEG_7075|TETE-7075_C_1155_A,0,0,0,0,0,3,3,1,0,0
MEG_7092|Drugs|Tetracyclines|Tetracycline_resistance_MFS_efflux_pumps|TETL|MEG_7092|TETL-7092_a_716_G,2,2,4,0,2,0,0,0,0,0
MEG_7092|Drugs|Tetracyclines|Tetracycline_resistance_MFS_efflux_pumps|TETL|MEG_7092|TETL-7092_a_746_C,2,2,3,0,2,0,0,0,0,0
MEG_7093|Drugs|Tetracyclines|Tetracycline_resistance_MFS_efflux_pumps|TETL|MEG_7093|TETL-7093_a_486_T,0,0,0,0,0,0,3,4,2,1
MEG_7093|Drugs|Tetracyclines|Tetracycline_resistance_MFS_efflux_pumps|TETL|MEG_7093|TETL-7093_t_800_A,0,0,0,0,0,0,3,6,1,2
MEG_7093|Drugs|Tetracyclines|Tetracycline_resistance_MFS_efflux_pumps|TETL|MEG_7093|TETL-7093_a_1039_C,0,0,0,0,0,0,4,4,1,0
MEG_7093|Drugs|Tetracyclines|Tetracycline_resistance_MFS_efflux_pumps|TETL|MEG_7093|TETL-7093_c_1231_A,0,0,0,0,0,0,2,4,0,1
MEG_7093|Drugs|Tetracyclines|Tetracycline_resistance_MFS_efflux_pumps|TETL|MEG_7093|TETL-7093_a_1246_C,0,0,0,0,0,0,0,4,0,0
MEG_7093|Drugs|Tetracyclines|Tetracycline_resistance_MFS_efflux_pumps|TETL|MEG_7093|TETL-7093_g_1312_A,0,0,0,0,0,0,3,3,0,0
MEG_7093|Drugs|Tetracyclines|Tetracycline_resistance_MFS_efflux_pumps|TETL|MEG_7093|TETL-7093_a_1365_C,0,0,0,0,0,0,3,1,0,0
MEG_7095|Drugs|Tetracyclines|Tetracycline_resistance_MFS_efflux_pumps|TETL|MEG_7095|TETL-7095_T_495_G,0,0,0,0,0,0,2,0,0,2
MEG_7095|Drugs|Tetracyclines|Tetracycline_resistance_MFS_efflux_pumps|TETL|MEG_7095|TETL-7095_T_899_C,0,0,0,0,0,0,4,0,0,1
MEG_7096|Drugs|Tetracyclines|Tetracycline_resistance_MFS_efflux_pumps|TETL|MEG_7096|TETL-7096_A_439_T,0,0,0,0,0,1,0,3,0,0
MEG_7096|Drugs|Tetracyclines|Tetracycline_resistance_MFS_efflux_pumps|TETL|MEG_7096|TETL-7096_A_799_G,0,0,0,0,0,0,3,0,1,0
MEG_7096|Drugs|Tetracyclines|Tetracycline_resistance_MFS_efflux_pumps|TETL|MEG_7096|TETL-7096_T_899_C,0,0,0,0,0,0,2,0,0,2
MEG_7098|Drugs|Tetracyclines|Tetracycline_resistance_MFS_efflux_pumps|TETL|MEG_7098|TETL-7098_A_586_T,0,0,3,0,1,0,0,0,0,0
MEG_7100|Drugs|Tetracyclines|Tetracycline_resistance_MFS_efflux_pumps|TETL|MEG_7100|TETL-7100_A_439_T,0,0,0,0,0,1,0,1,1,1
MEG_7101|Drugs|Tetracyclines|Tetracycline_resistance_MFS_efflux_pumps|TETL|MEG_7101|TETL-7101_C_553_A,0,0,0,0,0,0,4,0,0,0
MEG_7101|Drugs|Tetracyclines|Tetracycline_resistance_MFS_efflux_pumps|TETL|MEG_7101|TETL-7101_A_1350_T,0,0,0,0,0,0,4,0,0,0
MEG_7103|Drugs|Tetracyclines|Tetracycline_resistance_ribosomal_protection_proteins|TETM|MEG_7103|TETM-7103_a_103_G,0,0,0,0,0,0,0,3,0,1
MEG_7103|Drugs|Tetracyclines|Tetracycline_resistance_ribosomal_protection_proteins|TETM|MEG_7103|TETM-7103_a_1038_G,0,0,0,0,0,1,0,3,0,0
MEG_7103|Drugs|Tetracyclines|Tetracycline_resistance_ribosomal_protection_proteins|TETM|MEG_7103|TETM-7103_t_1709_C,0,0,0,0,0,1,0,1,1,2
MEG_7103|Drugs|Tetracyclines|Tetracycline_resistance_ribosomal_protection_proteins|TETM|MEG_7103|TETM-7103_a_1732_G,0,0,0,0,0,1,0,1,1,2
MEG_7103|Drugs|Tetracyclines|Tetracycline_resistance_ribosomal_protection_proteins|TETM|MEG_7103|TETM-7103_g_1843_A,0,0,0,0,0,2,0,2,1,0
MEG_7105|Drugs|Tetracyclines|Tetracycline_resistance_ribosomal_protection_proteins|TETM|MEG_7105|TETM-7105_t_739_A,0,0,0,0,0,0,3,1,2,0
MEG_7105|Drugs|Tetracyclines|Tetracycline_resistance_ribosomal_protection_proteins|TETM|MEG_7105|TETM-7105_g_757_C,0,0,0,0,0,0,3,1,2,0
MEG_7113|Drugs|Tetracyclines|Tetracycline_resistance_ribosomal_protection_proteins|TETM|MEG_7113|TETM-7113_t_1453_G,1,0,3,0,0,0,0,0,0,0
MEG_7116|Drugs|Tetracyclines|Tetracycline_resistance_ribosomal_protection_proteins|TETM|MEG_7116|TETM-7116_a_1125_G,0,0,0,0,0,0,3,1,1,0
MEG_7119|Drugs|Tetracyclines|Tetracycline_resistance_ribosomal_protection_proteins|TETM|MEG_7119|TETM-7119_t_792_C,0,0,0,0,0,0,3,0,1,0
MEG_7119|Drugs|Tetracyclines|Tetracycline_resistance_ribosomal_protection_proteins|TETM|MEG_7119|TETM-7119_g_1326_C,0,0,0,0,0,2,3,0,0,0
MEG_7123|Drugs|Tetracyclines|Tetracycline_resistance_ribosomal_protection_proteins|TETM|MEG_7123|TETM-7123_t_279_C,0,0,0,0,0,2,1,2,0,0
MEG_7123|Drugs|Tetracyclines|Tetracycline_resistance_ribosomal_protection_proteins|TETM|MEG_7123|TETM-7123_c_740_T,0,0,0,0,0,0,1,4,0,0
MEG_7123|Drugs|Tetracyclines|Tetracycline_resistance_ribosomal_protection_proteins|TETM|MEG_7123|TETM-7123_t_1335_G,0,0,0,0,0,5,0,11,1,0
MEG_7129|Drugs|Tetracyclines|Tetracycline_resistance_ribosomal_protection_proteins|TETM|MEG_7129|TETM-7129_g_785_C,0,0,0,0,0,0,2,2,0,0
MEG_7138|Drugs|Tetracyclines|Tetracycline_resistance_ribosomal_protection_proteins|TETM|MEG_7138|TETM-7138_G_609_C,0,0,0,0,0,1,3,0,0,0
MEG_7138|Drugs|Tetracyclines|Tetracycline_resistance_ribosomal_protection_proteins|TETM|MEG_7138|TETM-7138_C_1748_G,0,0,0,0,0,2,2,0,0,0
MEG_7140|Drugs|Tetracyclines|Tetracycline_resistance_ribosomal_protection_proteins|TETM|MEG_7140|TETM-7140_T_739_A,0,0,0,0,0,0,1,2,1,0
MEG_7140|Drugs|Tetracyclines|Tetracycline_resistance_ribosomal_protection_proteins|TETM|MEG_7140|TETM-7140_G_757_C,0,0,0,0,0,0,1,3,0,0
MEG_7140|Drugs|Tetracyclines|Tetracycline_resistance_ribosomal_protection_proteins|TETM|MEG_7140|TETM-7140_C_1029_G,0,0,1,13,4,0,0,0,0,0
MEG_7143|Drugs|Tetracyclines|Tetracycline_resistance_ribosomal_protection_proteins|TETM|MEG_7143|TETM-7143_G_785_C,0,0,0,0,0,1,0,4,0,1
MEG_7143|Drugs|Tetracyclines|Tetracycline_resistance_ribosomal_protection_proteins|TETM|MEG_7143|TETM-7143_A_1277_T,0,0,0,0,0,8,0,3,0,0
MEG_7144|Drugs|Tetracyclines|Tetracycline_resistance_ribosomal_protection_proteins|TETM|MEG_7144|TETM-7144_A_477_C,0,0,0,1,3,0,0,0,0,0
MEG_7144|Drugs|Tetracyclines|Tetracycline_resistance_ribosomal_protection_proteins|TETM|MEG_7144|TETM-7144_G_1326_C,0,0,0,0,0,1,3,0,0,0
MEG_7149|Drugs|Tetracyclines|Tetracycline_resistance_ribosomal_protection_proteins|TETO|MEG_7149|TETO-7149_c_169_A,0,4,0,1,0,0,0,0,0,0
MEG_7149|Drugs|Tetracyclines|Tetracycline_resistance_ribosomal_protection_proteins|TETO|MEG_7149|TETO-7149_a_1278_T,0,3,0,1,0,0,0,0,0,0
MEG_7151|Drugs|Tetracyclines|Tetracycline_resistance_ribosomal_protection_proteins|TETO|MEG_7151|TETO-7151_g_318_C,0,0,0,0,0,5,0,0,1,0
MEG_7151|Drugs|Tetracyclines|Tetracycline_resistance_ribosomal_protection_proteins|TETO|MEG_7151|TETO-7151_t_583_G,0,7,0,0,0,0,0,0,0,0
MEG_7151|Drugs|Tetracyclines|Tetracycline_resistance_ribosomal_protection_proteins|TETO|MEG_7151|TETO-7151_t_1196_A,0,6,0,0,0,0,0,0,0,0
MEG_7151|Drugs|Tetracyclines|Tetracycline_resistance_ribosomal_protection_proteins|TETO|MEG_7151|TETO-7151_a_1278_T,0,5,0,0,0,0,0,0,0,0
MEG_7151|Drugs|Tetracyclines|Tetracycline_resistance_ribosomal_protection_proteins|TETO|MEG_7151|TETO-7151_a_1739_C,0,2,0,3,0,0,0,0,0,0
MEG_7151|Drugs|Tetracyclines|Tetracycline_resistance_ribosomal_protection_proteins|TETO|MEG_7151|TETO-7151_a_1829_G,0,4,0,0,0,0,0,0,0,0
MEG_7152|Drugs|Tetracyclines|Tetracycline_resistance_ribosomal_protection_proteins|TETO|MEG_7152|TETO-7152_a_1133_G,1,0,0,2,1,0,0,0,0,0
MEG_7152|Drugs|Tetracyclines|Tetracycline_resistance_ribosomal_protection_proteins|TETO|MEG_7152|TETO-7152_a_1412_T,0,3,0,1,0,0,0,0,0,0
MEG_7153|Drugs|Tetracyclines|Tetracycline_resistance_ribosomal_protection_proteins|TETO|MEG_7153|TETO-7153_c_270_G,0,3,0,2,0,0,0,0,0,0
MEG_7153|Drugs|Tetracyclines|Tetracycline_resistance_ribosomal_protection_proteins|TETO|MEG_7153|TETO-7153_t_583_G,0,5,0,1,0,0,0,0,0,0
MEG_7153|Drugs|Tetracyclines|Tetracycline_resistance_ribosomal_protection_proteins|TETO|MEG_7153|TETO-7153_t_1196_A,0,4,0,1,0,0,0,0,0,0
MEG_7153|Drugs|Tetracyclines|Tetracycline_resistance_ribosomal_protection_proteins|TETO|MEG_7153|TETO-7153_a_1278_T,0,5,0,0,0,0,0,0,0,0
MEG_7153|Drugs|Tetracyclines|Tetracycline_resistance_ribosomal_protection_proteins|TETO|MEG_7153|TETO-7153_a_1412_T,0,5,0,2,0,0,0,0,0,0
MEG_7154|Drugs|Tetracyclines|Tetracycline_resistance_ribosomal_protection_proteins|TETO|MEG_7154|TETO-7154_t_968_G,0,0,0,0,0,3,0,0,1,1
MEG_7156|Drugs|Tetracyclines|Tetracycline_resistance_ribosomal_protection_proteins|TETO|MEG_7156|TETO-7156_g_817_C,0,0,0,0,0,0,3,0,1,0
MEG_7157|Drugs|Tetracyclines|Tetracycline_resistance_ribosomal_protection_proteins|TETO|MEG_7157|TETO-7157_c_704_T,0,0,0,0,0,0,3,3,0,0
MEG_7157|Drugs|Tetracyclines|Tetracycline_resistance_ribosomal_protection_proteins|TETO|MEG_7157|TETO-7157_t_1262_G,0,0,0,0,0,1,1,2,0,0
MEG_7158|Drugs|Tetracyclines|Tetracycline_resistance_ribosomal_protection_proteins|TETO|MEG_7158|TETO-7158_t_389_C,0,0,0,4,0,0,0,0,0,0
MEG_7158|Drugs|Tetracyclines|Tetracycline_resistance_ribosomal_protection_proteins|TETO|MEG_7158|TETO-7158_g_632_A,0,0,0,3,1,0,0,0,0,0
MEG_7158|Drugs|Tetracyclines|Tetracycline_resistance_ribosomal_protection_proteins|TETO|MEG_7158|TETO-7158_t_689_A,2,0,3,0,1,0,0,0,0,0
MEG_7158|Drugs|Tetracyclines|Tetracycline_resistance_ribosomal_protection_proteins|TETO|MEG_7158|TETO-7158_a_696_G,0,0,0,4,0,0,0,0,0,0
MEG_7158|Drugs|Tetracyclines|Tetracycline_resistance_ribosomal_protection_proteins|TETO|MEG_7158|TETO-7158_t_1121_G,0,0,0,6,0,0,0,0,0,0
MEG_7158|Drugs|Tetracyclines|Tetracycline_resistance_ribosomal_protection_proteins|TETO|MEG_7158|TETO-7158_a_1133_G,0,0,0,5,0,0,0,0,0,0
MEG_7159|Drugs|Tetracyclines|Tetracycline_resistance_ribosomal_protection_proteins|TETO|MEG_7159|TETO-7159_t_389_C,1,1,0,4,1,0,0,0,0,0
MEG_7159|Drugs|Tetracyclines|Tetracycline_resistance_ribosomal_protection_proteins|TETO|MEG_7159|TETO-7159_g_632_A,0,0,0,3,1,0,0,0,0,0
MEG_7159|Drugs|Tetracyclines|Tetracycline_resistance_ribosomal_protection_proteins|TETO|MEG_7159|TETO-7159_a_696_G,2,0,0,4,2,0,0,0,0,0
MEG_7159|Drugs|Tetracyclines|Tetracycline_resistance_ribosomal_protection_proteins|TETO|MEG_7159|TETO-7159_t_1121_G,0,0,0,3,2,0,0,0,0,0
MEG_7159|Drugs|Tetracyclines|Tetracycline_resistance_ribosomal_protection_proteins|TETO|MEG_7159|TETO-7159_g_1230_T,3,0,0,3,1,0,0,0,0,0
MEG_7160|Drugs|Tetracyclines|Tetracycline_resistance_ribosomal_protection_proteins|TETO|MEG_7160|TETO-7160_A_87_C,0,7,0,3,0,0,0,0,0,0
MEG_7160|Drugs|Tetracyclines|Tetracycline_resistance_ribosomal_protection_proteins|TETO|MEG_7160|TETO-7160_C_169_A,0,5,0,1,0,0,0,0,0,0
MEG_7160|Drugs|Tetracyclines|Tetracycline_resistance_ribosomal_protection_proteins|TETO|MEG_7160|TETO-7160_C_270_G,0,6,0,2,0,0,0,0,0,0
MEG_7160|Drugs|Tetracyclines|Tetracycline_resistance_ribosomal_protection_proteins|TETO|MEG_7160|TETO-7160_A_453_T,0,4,0,1,0,0,0,0,0,0
MEG_7160|Drugs|Tetracyclines|Tetracycline_resistance_ribosomal_protection_proteins|TETO|MEG_7160|TETO-7160_T_583_G,0,5,0,1,1,0,0,0,0,0
MEG_7160|Drugs|Tetracyclines|Tetracycline_resistance_ribosomal_protection_proteins|TETO|MEG_7160|TETO-7160_A_1278_T,0,8,0,0,0,0,0,0,0,0
MEG_7160|Drugs|Tetracyclines|Tetracycline_resistance_ribosomal_protection_proteins|TETO|MEG_7160|TETO-7160_A_1412_T,0,4,0,1,0,0,0,0,0,0
MEG_7161|Drugs|Tetracyclines|Tetracycline_resistance_ribosomal_protection_proteins|TETO|MEG_7161|TETO-7161_T_968_G,0,0,0,0,0,3,0,2,0,1
MEG_7162|Drugs|Tetracyclines|Tetracycline_resistance_ribosomal_protection_proteins|TETO|MEG_7162|TETO-7162_T_389_C,0,0,0,5,0,0,0,0,0,0
MEG_7162|Drugs|Tetracyclines|Tetracycline_resistance_ribosomal_protection_proteins|TETO|MEG_7162|TETO-7162_G_632_A,0,0,0,3,1,0,0,0,0,0
MEG_7162|Drugs|Tetracyclines|Tetracycline_resistance_ribosomal_protection_proteins|TETO|MEG_7162|TETO-7162_A_696_G,1,0,0,4,1,0,0,0,0,0
MEG_7164|Drugs|Tetracyclines|Tetracycline_resistance_ribosomal_protection_proteins|TETO|MEG_7164|TETO-7164_A_1278_T,0,4,0,0,0,0,0,0,0,0
MEG_7165|Drugs|Tetracyclines|Tetracycline_resistance_ribosomal_protection_proteins|TETO|MEG_7165|TETO-7165_T_1196_A,0,3,0,2,0,0,0,0,0,0
MEG_7167|Drugs|Tetracyclines|Tetracycline_resistance_ribosomal_protection_proteins|TETO|MEG_7167|TETO-7167_G_622_T,2,0,1,2,0,0,0,0,0,0
MEG_7167|Drugs|Tetracyclines|Tetracycline_resistance_ribosomal_protection_proteins|TETO|MEG_7167|TETO-7167_T_624_G,2,0,1,2,0,0,0,0,0,0
MEG_7167|Drugs|Tetracyclines|Tetracycline_resistance_ribosomal_protection_proteins|TETO|MEG_7167|TETO-7167_T_941_G,0,1,2,0,1,0,0,0,0,0
MEG_7168|Drugs|Tetracyclines|Tetracycline_resistance_ribosomal_protection_proteins|TETO|MEG_7168|TETO-7168_A_204_C,0,0,0,0,0,1,2,0,0,1
MEG_7168|Drugs|Tetracyclines|Tetracycline_resistance_ribosomal_protection_proteins|TETO|MEG_7168|TETO-7168_C_813_A,0,0,0,0,0,1,0,1,1,1
MEG_7168|Drugs|Tetracyclines|Tetracycline_resistance_ribosomal_protection_proteins|TETO|MEG_7168|TETO-7168_T_1226_C,0,0,0,0,0,2,1,1,0,1
MEG_7172|Drugs|Tetracyclines|Tetracycline_resistance_ribosomal_protection_proteins|TETO|MEG_7172|TETO-7172_C_826_A,2,0,0,2,1,0,0,0,0,0
MEG_7172|Drugs|Tetracyclines|Tetracycline_resistance_ribosomal_protection_proteins|TETO|MEG_7172|TETO-7172_T_1406_C,3,0,0,0,1,0,0,0,0,0
MEG_7174|Drugs|Tetracyclines|Tetracycline_resistance_ribosomal_protection_proteins|TETO|MEG_7174|TETO-7174_C_258_G,0,0,0,0,0,1,3,0,1,0
MEG_7174|Drugs|Tetracyclines|Tetracycline_resistance_ribosomal_protection_proteins|TETO|MEG_7174|TETO-7174_G_577_T,0,0,0,0,0,1,4,0,0,0
MEG_7174|Drugs|Tetracyclines|Tetracycline_resistance_ribosomal_protection_proteins|TETO|MEG_7174|TETO-7174_G_1066_T,2,1,3,0,0,0,0,0,0,0
MEG_7174|Drugs|Tetracyclines|Tetracycline_resistance_ribosomal_protection_proteins|TETO|MEG_7174|TETO-7174_C_1273_A,0,0,0,0,0,2,4,0,1,0
MEG_7174|Drugs|Tetracyclines|Tetracycline_resistance_ribosomal_protection_proteins|TETO|MEG_7174|TETO-7174_T_1323_G,0,0,0,0,0,1,5,0,0,0
MEG_7178|Drugs|Tetracyclines|Tetracycline_resistance_ribosomal_protection_proteins|TETQ|MEG_7178|TETQ-7178_a_48_T,0,0,1,3,0,0,0,0,0,0
MEG_7178|Drugs|Tetracyclines|Tetracycline_resistance_ribosomal_protection_proteins|TETQ|MEG_7178|TETQ-7178_g_1161_T,6,1,8,10,0,0,0,0,0,0
MEG_7178|Drugs|Tetracyclines|Tetracycline_resistance_ribosomal_protection_proteins|TETQ|MEG_7178|TETQ-7178_t_1304_C,5,0,5,8,0,0,0,0,0,0
MEG_7178|Drugs|Tetracyclines|Tetracycline_resistance_ribosomal_protection_proteins|TETQ|MEG_7178|TETQ-7178_t_1629_C,4,2,5,8,0,0,0,0,0,0
MEG_7178|Drugs|Tetracyclines|Tetracycline_resistance_ribosomal_protection_proteins|TETQ|MEG_7178|TETQ-7178_a_1921_T,3,0,1,2,0,0,0,0,0,0
MEG_7179|Drugs|Tetracyclines|Tetracycline_resistance_ribosomal_protection_proteins|TETQ|MEG_7179|TETQ-7179_t_537_C,0,0,0,0,0,1,2,0,0,1
MEG_7179|Drugs|Tetracyclines|Tetracycline_resistance_ribosomal_protection_proteins|TETQ|MEG_7179|TETQ-7179_t_678_A,1,0,0,3,1,0,0,0,0,0
MEG_7179|Drugs|Tetracyclines|Tetracycline_resistance_ribosomal_protection_proteins|TETQ|MEG_7179|TETQ-7179_t_694_C,1,0,0,4,1,0,0,0,0,0
MEG_7179|Drugs|Tetracyclines|Tetracycline_resistance_ribosomal_protection_proteins|TETQ|MEG_7179|TETQ-7179_a_773_G,0,0,0,0,0,1,3,1,0,1
MEG_7179|Drugs|Tetracyclines|Tetracycline_resistance_ribosomal_protection_proteins|TETQ|MEG_7179|TETQ-7179_g_1267_C,2,0,0,4,1,0,0,0,0,0
MEG_7179|Drugs|Tetracyclines|Tetracycline_resistance_ribosomal_protection_proteins|TETQ|MEG_7179|TETQ-7179_a_1283_C,2,0,0,4,1,0,0,0,0,0
MEG_7179|Drugs|Tetracyclines|Tetracycline_resistance_ribosomal_protection_proteins|TETQ|MEG_7179|TETQ-7179_t_1298_A,2,0,0,3,1,0,0,0,0,0
MEG_7179|Drugs|Tetracyclines|Tetracycline_resistance_ribosomal_protection_proteins|TETQ|MEG_7179|TETQ-7179_g_1821_A,0,1,0,2,1,0,0,0,0,0
MEG_7179|Drugs|Tetracyclines|Tetracycline_resistance_ribosomal_protection_proteins|TETQ|MEG_7179|TETQ-7179_t_1857_G,2,0,0,3,0,0,0,0,0,0
MEG_7179|Drugs|Tetracyclines|Tetracycline_resistance_ribosomal_protection_proteins|TETQ|MEG_7179|TETQ-7179_t_1928_G,3,1,0,1,0,0,0,0,0,0
MEG_7180|Drugs|Tetracyclines|Tetracycline_resistance_ribosomal_protection_proteins|TETQ|MEG_7180|TETQ-7180_t_537_C,0,0,0,0,0,1,4,3,2,0
MEG_7180|Drugs|Tetracyclines|Tetracycline_resistance_ribosomal_protection_proteins|TETQ|MEG_7180|TETQ-7180_t_678_A,2,1,0,3,1,0,0,0,0,0
MEG_7180|Drugs|Tetracyclines|Tetracycline_resistance_ribosomal_protection_proteins|TETQ|MEG_7180|TETQ-7180_t_694_C,2,1,0,3,2,0,0,0,0,0
MEG_7180|Drugs|Tetracyclines|Tetracycline_resistance_ribosomal_protection_proteins|TETQ|MEG_7180|TETQ-7180_a_773_G,0,0,0,0,0,0,2,1,0,2
MEG_7180|Drugs|Tetracyclines|Tetracycline_resistance_ribosomal_protection_proteins|TETQ|MEG_7180|TETQ-7180_g_991_C,0,0,0,0,0,3,3,2,1,2
MEG_7180|Drugs|Tetracyclines|Tetracycline_resistance_ribosomal_protection_proteins|TETQ|MEG_7180|TETQ-7180_a_1013_C,0,0,0,0,0,2,2,0,0,2
MEG_7180|Drugs|Tetracyclines|Tetracycline_resistance_ribosomal_protection_proteins|TETQ|MEG_7180|TETQ-7180_a_1173_G,2,0,0,2,1,0,0,0,0,0
MEG_7180|Drugs|Tetracyclines|Tetracycline_resistance_ribosomal_protection_proteins|TETQ|MEG_7180|TETQ-7180_g_1191_C,0,0,0,0,0,2,5,2,0,2
MEG_7180|Drugs|Tetracyclines|Tetracycline_resistance_ribosomal_protection_proteins|TETQ|MEG_7180|TETQ-7180_g_1267_C,4,0,0,2,1,0,0,0,0,0
MEG_7180|Drugs|Tetracyclines|Tetracycline_resistance_ribosomal_protection_proteins|TETQ|MEG_7180|TETQ-7180_a_1283_C,3,0,0,2,0,0,0,0,0,0
MEG_7180|Drugs|Tetracyclines|Tetracycline_resistance_ribosomal_protection_proteins|TETQ|MEG_7180|TETQ-7180_t_1298_A,2,0,0,3,0,0,0,0,0,0
MEG_7180|Drugs|Tetracyclines|Tetracycline_resistance_ribosomal_protection_proteins|TETQ|MEG_7180|TETQ-7180_a_1537_C,0,0,0,0,0,1,1,2,1,1
MEG_7180|Drugs|Tetracyclines|Tetracycline_resistance_ribosomal_protection_proteins|TETQ|MEG_7180|TETQ-7180_a_1681_T,0,0,0,0,0,2,3,2,1,1
MEG_7180|Drugs|Tetracyclines|Tetracycline_resistance_ribosomal_protection_proteins|TETQ|MEG_7180|TETQ-7180_t_1789_A,0,0,0,0,0,1,2,1,0,2
MEG_7181|Drugs|Tetracyclines|Tetracycline_resistance_ribosomal_protection_proteins|TETQ|MEG_7181|TETQ-7181_T_585_C,0,0,0,0,0,0,6,0,0,1
MEG_7181|Drugs|Tetracyclines|Tetracycline_resistance_ribosomal_protection_proteins|TETQ|MEG_7181|TETQ-7181_T_726_A,3,4,0,0,0,0,0,0,0,0
MEG_7181|Drugs|Tetracyclines|Tetracycline_resistance_ribosomal_protection_proteins|TETQ|MEG_7181|TETQ-7181_T_742_C,3,3,0,0,0,0,0,0,0,0
MEG_7181|Drugs|Tetracyclines|Tetracycline_resistance_ribosomal_protection_proteins|TETQ|MEG_7181|TETQ-7181_A_821_G,0,0,0,0,0,3,1,1,0,2
MEG_7181|Drugs|Tetracyclines|Tetracycline_resistance_ribosomal_protection_proteins|TETQ|MEG_7181|TETQ-7181_G_1039_C,0,0,0,0,0,1,2,2,0,1
MEG_7181|Drugs|Tetracyclines|Tetracycline_resistance_ribosomal_protection_proteins|TETQ|MEG_7181|TETQ-7181_A_1061_C,0,0,0,0,0,1,2,2,0,1
MEG_7181|Drugs|Tetracyclines|Tetracycline_resistance_ribosomal_protection_proteins|TETQ|MEG_7181|TETQ-7181_A_1221_G,3,0,0,1,0,0,0,0,0,0
MEG_7181|Drugs|Tetracyclines|Tetracycline_resistance_ribosomal_protection_proteins|TETQ|MEG_7181|TETQ-7181_G_1239_C,0,0,0,0,0,1,7,2,0,1
MEG_7181|Drugs|Tetracyclines|Tetracycline_resistance_ribosomal_protection_proteins|TETQ|MEG_7181|TETQ-7181_G_1315_C,1,1,0,2,0,0,0,0,0,0
MEG_7181|Drugs|Tetracyclines|Tetracycline_resistance_ribosomal_protection_proteins|TETQ|MEG_7181|TETQ-7181_A_1331_C,1,1,0,2,0,0,0,0,0,0
MEG_7181|Drugs|Tetracyclines|Tetracycline_resistance_ribosomal_protection_proteins|TETQ|MEG_7181|TETQ-7181_A_1585_C,0,0,0,0,0,2,3,1,0,1
MEG_7181|Drugs|Tetracyclines|Tetracycline_resistance_ribosomal_protection_proteins|TETQ|MEG_7181|TETQ-7181_A_1729_T,0,0,0,0,0,0,5,1,0,1
MEG_7181|Drugs|Tetracyclines|Tetracycline_resistance_ribosomal_protection_proteins|TETQ|MEG_7181|TETQ-7181_T_1837_A,0,0,0,0,0,2,4,0,0,1
MEG_7182|Drugs|Tetracyclines|Tetracycline_resistance_ribosomal_protection_proteins|TETQ|MEG_7182|TETQ-7182_A_106_G,0,0,0,0,0,1,1,0,0,2
MEG_7182|Drugs|Tetracyclines|Tetracycline_resistance_ribosomal_protection_proteins|TETQ|MEG_7182|TETQ-7182_T_726_A,1,1,0,3,1,0,0,0,0,0
MEG_7182|Drugs|Tetracyclines|Tetracycline_resistance_ribosomal_protection_proteins|TETQ|MEG_7182|TETQ-7182_A_821_G,0,0,0,0,0,0,3,1,0,2
MEG_7182|Drugs|Tetracyclines|Tetracycline_resistance_ribosomal_protection_proteins|TETQ|MEG_7182|TETQ-7182_G_1039_C,0,0,0,0,0,1,4,0,0,0
MEG_7182|Drugs|Tetracyclines|Tetracycline_resistance_ribosomal_protection_proteins|TETQ|MEG_7182|TETQ-7182_A_1061_C,0,0,0,0,0,1,4,0,1,0
MEG_7182|Drugs|Tetracyclines|Tetracycline_resistance_ribosomal_protection_proteins|TETQ|MEG_7182|TETQ-7182_A_1221_G,5,1,0,0,1,0,0,0,0,0
MEG_7182|Drugs|Tetracyclines|Tetracycline_resistance_ribosomal_protection_proteins|TETQ|MEG_7182|TETQ-7182_G_1239_C,0,0,0,0,0,3,1,1,0,0
MEG_7182|Drugs|Tetracyclines|Tetracycline_resistance_ribosomal_protection_proteins|TETQ|MEG_7182|TETQ-7182_A_1331_C,3,0,0,1,0,0,0,0,0,0
MEG_7182|Drugs|Tetracyclines|Tetracycline_resistance_ribosomal_protection_proteins|TETQ|MEG_7182|TETQ-7182_T_1346_A,3,0,0,1,0,0,0,0,0,0
MEG_7182|Drugs|Tetracyclines|Tetracycline_resistance_ribosomal_protection_proteins|TETQ|MEG_7182|TETQ-7182_G_1869_A,3,1,0,0,0,0,0,0,0,0
MEG_7182|Drugs|Tetracyclines|Tetracycline_resistance_ribosomal_protection_proteins|TETQ|MEG_7182|TETQ-7182_T_1905_G,5,0,0,0,0,0,0,0,0,0
MEG_7182|Drugs|Tetracyclines|Tetracycline_resistance_ribosomal_protection_proteins|TETQ|MEG_7182|TETQ-7182_T_1976_G,4,1,0,1,0,0,0,0,0,0
MEG_7184|Drugs|Tetracyclines|Tetracycline_resistance_ribosomal_protection_proteins|TETQ|MEG_7184|TETQ-7184_G_172_C,1,0,0,4,2,0,0,0,0,0
MEG_7184|Drugs|Tetracyclines|Tetracycline_resistance_ribosomal_protection_proteins|TETQ|MEG_7184|TETQ-7184_G_730_A,5,0,0,3,3,0,0,0,0,0
MEG_7184|Drugs|Tetracyclines|Tetracycline_resistance_ribosomal_protection_proteins|TETQ|MEG_7184|TETQ-7184_C_775_T,7,1,0,1,2,0,0,0,0,0
MEG_7184|Drugs|Tetracyclines|Tetracycline_resistance_ribosomal_protection_proteins|TETQ|MEG_7184|TETQ-7184_T_896_A,3,1,0,0,3,0,0,0,0,0
MEG_7184|Drugs|Tetracyclines|Tetracycline_resistance_ribosomal_protection_proteins|TETQ|MEG_7184|TETQ-7184_C_933_A,4,0,0,1,3,0,0,0,0,0
MEG_7184|Drugs|Tetracyclines|Tetracycline_resistance_ribosomal_protection_proteins|TETQ|MEG_7184|TETQ-7184_A_1070_G,5,1,0,2,3,0,0,0,0,0
MEG_7184|Drugs|Tetracyclines|Tetracycline_resistance_ribosomal_protection_proteins|TETQ|MEG_7184|TETQ-7184_G_1442_A,4,0,0,0,1,0,0,0,0,0
MEG_7202|Drugs|Tetracyclines|Tetracycline_resistance_ribosomal_protection_proteins|TETT|MEG_7202|TETT-7202_A_1581_T,0,0,0,2,2,0,0,0,0,0
MEG_7203|Drugs|Tetracyclines|Tetracycline_resistance_ribosomal_protection_proteins|TETT|MEG_7203|TETT-7203_T_188_A,0,0,2,3,2,0,0,0,0,0
MEG_7203|Drugs|Tetracyclines|Tetracycline_resistance_ribosomal_protection_proteins|TETT|MEG_7203|TETT-7203_G_247_T,1,0,2,1,1,0,0,0,0,0
MEG_7203|Drugs|Tetracyclines|Tetracycline_resistance_ribosomal_protection_proteins|TETT|MEG_7203|TETT-7203_A_1581_T,1,0,0,2,4,0,0,0,0,0
MEG_7208|Drugs|Tetracyclines|Tetracycline_resistance_ribosomal_protection_proteins|TETW|MEG_7208|TETW-7208_c_1183_T,1,0,1,3,1,0,0,0,0,0
MEG_7208|Drugs|Tetracyclines|Tetracycline_resistance_ribosomal_protection_proteins|TETW|MEG_7208|TETW-7208_t_1322_A,0,0,1,5,0,0,0,0,0,0
MEG_7209|Drugs|Tetracyclines|Tetracycline_resistance_ribosomal_protection_proteins|TETW|MEG_7209|TETW-7209_c_894_A,0,0,1,7,0,0,0,0,0,0
MEG_7209|Drugs|Tetracyclines|Tetracycline_resistance_ribosomal_protection_proteins|TETW|MEG_7209|TETW-7209_c_975_A,0,0,3,5,0,0,0,0,0,0
MEG_7209|Drugs|Tetracyclines|Tetracycline_resistance_ribosomal_protection_proteins|TETW|MEG_7209|TETW-7209_t_1322_A,0,0,3,2,0,0,0,0,0,0
MEG_7209|Drugs|Tetracyclines|Tetracycline_resistance_ribosomal_protection_proteins|TETW|MEG_7209|TETW-7209_g_1476_T,0,0,1,5,0,0,0,0,0,0
MEG_7212|Drugs|Tetracyclines|Tetracycline_resistance_ribosomal_protection_proteins|TETW|MEG_7212|TETW-7212_g_1134_A,0,0,2,2,0,0,0,0,0,0
MEG_7213|Drugs|Tetracyclines|Tetracycline_resistance_ribosomal_protection_proteins|TETW|MEG_7213|TETW-7213_g_677_C,0,0,0,0,0,0,4,2,0,0
MEG_7213|Drugs|Tetracyclines|Tetracycline_resistance_ribosomal_protection_proteins|TETW|MEG_7213|TETW-7213_c_718_A,0,0,0,0,0,0,4,1,0,0
MEG_7213|Drugs|Tetracyclines|Tetracycline_resistance_ribosomal_protection_proteins|TETW|MEG_7213|TETW-7213_c_954_A,0,0,0,0,0,1,6,1,0,4
MEG_7213|Drugs|Tetracyclines|Tetracycline_resistance_ribosomal_protection_proteins|TETW|MEG_7213|TETW-7213_t_967_A,0,0,0,0,0,2,5,2,1,3
MEG_7219|Drugs|Tetracyclines|Tetracycline_resistance_ribosomal_protection_proteins|TETW|MEG_7219|TETW-7219_t_162_A,0,1,1,0,2,0,0,0,0,0
MEG_7219|Drugs|Tetracyclines|Tetracycline_resistance_ribosomal_protection_proteins|TETW|MEG_7219|TETW-7219_a_645_G,0,1,4,0,4,0,0,0,0,0
MEG_7219|Drugs|Tetracyclines|Tetracycline_resistance_ribosomal_protection_proteins|TETW|MEG_7219|TETW-7219_g_898_T,0,0,0,0,0,1,0,2,0,1
MEG_7220|Drugs|Tetracyclines|Tetracycline_resistance_ribosomal_protection_proteins|TETW|MEG_7220|TETW-7220_g_659_C,0,0,0,0,0,1,1,0,0,2
MEG_7220|Drugs|Tetracyclines|Tetracycline_resistance_ribosomal_protection_proteins|TETW|MEG_7220|TETW-7220_c_1310_A,0,0,0,0,0,1,0,3,0,0
MEG_7220|Drugs|Tetracyclines|Tetracycline_resistance_ribosomal_protection_proteins|TETW|MEG_7220|TETW-7220_c_1629_G,0,0,0,0,0,1,0,2,0,1
MEG_7222|Drugs|Tetracyclines|Tetracycline_resistance_ribosomal_protection_proteins|TETW|MEG_7222|TETW-7222_g_587_A,0,0,0,0,0,1,0,3,0,1
MEG_7222|Drugs|Tetracyclines|Tetracycline_resistance_ribosomal_protection_proteins|TETW|MEG_7222|TETW-7222_g_659_C,0,0,0,0,0,2,0,3,0,0
MEG_7227|Drugs|Tetracyclines|Tetracycline_resistance_ribosomal_protection_proteins|TETW|MEG_7227|TETW-7227_C_1310_A,0,0,0,0,0,0,0,5,0,0
MEG_7228|Drugs|Tetracyclines|Tetracycline_resistance_ribosomal_protection_proteins|TETW|MEG_7228|TETW-7228_C_740_A,0,0,0,0,0,0,6,0,1,0
MEG_7228|Drugs|Tetracyclines|Tetracycline_resistance_ribosomal_protection_proteins|TETW|MEG_7228|TETW-7228_G_864_A,0,0,0,0,0,0,13,0,0,1
MEG_7228|Drugs|Tetracyclines|Tetracycline_resistance_ribosomal_protection_proteins|TETW|MEG_7228|TETW-7228_A_978_C,0,0,0,0,0,1,18,0,2,0
MEG_7228|Drugs|Tetracyclines|Tetracycline_resistance_ribosomal_protection_proteins|TETW|MEG_7228|TETW-7228_A_996_G,0,0,0,0,0,0,17,0,2,0
MEG_7228|Drugs|Tetracyclines|Tetracycline_resistance_ribosomal_protection_proteins|TETW|MEG_7228|TETW-7228_T_1170_G,0,0,0,0,0,0,9,0,1,1
MEG_7228|Drugs|Tetracyclines|Tetracycline_resistance_ribosomal_protection_proteins|TETW|MEG_7228|TETW-7228_A_1851_C,0,0,0,0,0,0,5,0,0,2
MEG_7228|Drugs|Tetracyclines|Tetracycline_resistance_ribosomal_protection_proteins|TETW|MEG_7228|TETW-7228_G_1865_T,0,0,0,0,0,0,3,0,0,2
MEG_7229|Drugs|Tetracyclines|Tetracycline_resistance_ribosomal_protection_proteins|TETW|MEG_7229|TETW-7229_G_676_C,0,0,0,0,0,1,0,2,0,1
MEG_7231|Drugs|Tetracyclines|Tetracycline_resistance_ribosomal_protection_proteins|TETW|MEG_7231|TETW-7231_C_1310_A,0,0,0,0,0,1,0,3,0,2
MEG_7234|Drugs|Tetracyclines|Tetracycline_resistance_ribosomal_protection_proteins|TETW|MEG_7234|TETW-7234_G_622_T,0,0,0,5,0,0,0,0,0,0
MEG_7234|Drugs|Tetracyclines|Tetracycline_resistance_ribosomal_protection_proteins|TETW|MEG_7234|TETW-7234_T_624_G,0,0,0,5,0,0,0,0,0,0
MEG_7234|Drugs|Tetracyclines|Tetracycline_resistance_ribosomal_protection_proteins|TETW|MEG_7234|TETW-7234_T_941_G,0,2,1,0,1,0,0,0,0,0
MEG_7235|Drugs|Tetracyclines|Tetracycline_resistance_ribosomal_protection_proteins|TETW|MEG_7235|TETW-7235_G_622_T,1,0,1,2,0,0,0,0,0,0
MEG_7235|Drugs|Tetracyclines|Tetracycline_resistance_ribosomal_protection_proteins|TETW|MEG_7235|TETW-7235_T_624_G,1,0,1,2,0,0,0,0,0,0
MEG_7235|Drugs|Tetracyclines|Tetracycline_resistance_ribosomal_protection_proteins|TETW|MEG_7235|TETW-7235_C_826_A,3,0,0,1,1,0,0,0,0,0
MEG_7236|Drugs|Tetracyclines|Tetracycline_resistance_ribosomal_protection_proteins|TETW|MEG_7236|TETW-7236_T_624_G,2,0,0,3,0,0,0,0,0,0
MEG_7237|Drugs|Tetracyclines|Tetracycline_resistance_ribosomal_protection_proteins|TETW|MEG_7237|TETW-7237_T_941_G,0,2,3,0,0,0,0,0,0,0
MEG_7237|Drugs|Tetracyclines|Tetracycline_resistance_ribosomal_protection_proteins|TETW|MEG_7237|TETW-7237_C_1183_T,0,0,0,3,2,0,0,0,0,0
MEG_7243|Drugs|Tetracyclines|Tetracycline_inactivation_enzymes|TETX|MEG_7243|TETX-7243_A_969_G,4,2,2,0,0,0,0,0,0,0
MEG_7247|Drugs|Tetracyclines|Tetracycline_resistance_MFS_efflux_pumps|TETZ|MEG_7247|TETZ-7247_c_501_G,0,0,1,4,0,0,0,0,0,0
MEG_7247|Drugs|Tetracyclines|Tetracycline_resistance_MFS_efflux_pumps|TETZ|MEG_7247|TETZ-7247_c_591_T,1,0,0,6,1,0,0,0,0,0
MEG_7247|Drugs|Tetracyclines|Tetracycline_resistance_MFS_efflux_pumps|TETZ|MEG_7247|TETZ-7247_c_625_A,1,0,0,6,2,0,0,0,0,0
MEG_7247|Drugs|Tetracyclines|Tetracycline_resistance_MFS_efflux_pumps|TETZ|MEG_7247|TETZ-7247_t_950_G,0,0,2,3,1,0,0,0,0,0
MEG_7248|Drugs|Tetracyclines|Tetracycline_resistance_MFS_efflux_pumps|TETZ|MEG_7248|TETZ-7248_C_405_G,0,0,0,6,0,0,0,0,0,0
MEG_7248|Drugs|Tetracyclines|Tetracycline_resistance_MFS_efflux_pumps|TETZ|MEG_7248|TETZ-7248_C_529_A,0,0,0,4,0,0,0,0,0,0
MEG_7248|Drugs|Tetracyclines|Tetracycline_resistance_MFS_efflux_pumps|TETZ|MEG_7248|TETZ-7248_T_854_G,1,0,1,7,0,0,0,0,0,0
MEG_7262|Drugs|Nucleosides|Tunicamycin_resistance_protein|TMRB|MEG_7262|TMRB-7262_G_20_C,1,0,3,0,0,0,0,0,0,0
MEG_7262|Drugs|Nucleosides|Tunicamycin_resistance_protein|TMRB|MEG_7262|TMRB-7262_A_37_T,2,0,4,0,0,0,0,0,0,0
MEG_7262|Drugs|Nucleosides|Tunicamycin_resistance_protein|TMRB|MEG_7262|TMRB-7262_G_147_T,1,0,5,0,0,0,0,0,0,0
MEG_7262|Drugs|Nucleosides|Tunicamycin_resistance_protein|TMRB|MEG_7262|TMRB-7262_A_456_G,0,0,0,0,0,0,5,0,0,1
MEG_7262|Drugs|Nucleosides|Tunicamycin_resistance_protein|TMRB|MEG_7262|TMRB-7262_A_513_C,0,0,0,0,0,0,4,0,0,1
MEG_7263|Biocides|Multi-biocide_resistance|Multi-biocide_RND_efflux_pump|TOLC|MEG_7263|TOLC-7263_G_65_T,0,0,0,0,0,4,0,0,0,1
MEG_7263|Biocides|Multi-biocide_resistance|Multi-biocide_RND_efflux_pump|TOLC|MEG_7263|TOLC-7263_T_277_C,0,1,0,0,0,1,1,0,0,2
MEG_7263|Biocides|Multi-biocide_resistance|Multi-biocide_RND_efflux_pump|TOLC|MEG_7263|TOLC-7263_G_373_T,0,0,0,0,0,6,0,0,0,0
MEG_7263|Biocides|Multi-biocide_resistance|Multi-biocide_RND_efflux_pump|TOLC|MEG_7263|TOLC-7263_C_525_A,0,1,0,0,1,2,3,0,0,2
MEG_7263|Biocides|Multi-biocide_resistance|Multi-biocide_RND_efflux_pump|TOLC|MEG_7263|TOLC-7263_A_549_G,0,1,0,0,1,2,3,0,0,2
MEG_7263|Biocides|Multi-biocide_resistance|Multi-biocide_RND_efflux_pump|TOLC|MEG_7263|TOLC-7263_G_645_A,0,0,0,0,1,2,2,0,1,1
MEG_7263|Biocides|Multi-biocide_resistance|Multi-biocide_RND_efflux_pump|TOLC|MEG_7263|TOLC-7263_T_654_A,1,0,0,0,0,2,2,1,1,1
MEG_7263|Biocides|Multi-biocide_resistance|Multi-biocide_RND_efflux_pump|TOLC|MEG_7263|TOLC-7263_T_813_G,0,0,0,1,1,0,7,1,0,0
MEG_7263|Biocides|Multi-biocide_resistance|Multi-biocide_RND_efflux_pump|TOLC|MEG_7263|TOLC-7263_C_870_T,0,0,0,0,1,0,4,1,0,0
MEG_7263|Biocides|Multi-biocide_resistance|Multi-biocide_RND_efflux_pump|TOLC|MEG_7263|TOLC-7263_T_900_C,0,0,0,0,0,0,4,0,0,0
MEG_7263|Biocides|Multi-biocide_resistance|Multi-biocide_RND_efflux_pump|TOLC|MEG_7263|TOLC-7263_G_1275_A,1,0,0,1,0,1,3,1,0,0
MEG_7263|Biocides|Multi-biocide_resistance|Multi-biocide_RND_efflux_pump|TOLC|MEG_7263|TOLC-7263_T_1281_C,0,1,2,1,3,1,5,1,0,0
MEG_7263|Biocides|Multi-biocide_resistance|Multi-biocide_RND_efflux_pump|TOLC|MEG_7263|TOLC-7263_A_1365_C,0,2,1,0,3,1,3,2,0,0
MEG_7263|Biocides|Multi-biocide_resistance|Multi-biocide_RND_efflux_pump|TOLC|MEG_7263|TOLC-7263_A_1422_C,0,3,1,1,0,0,1,1,0,0
MEG_7263|Biocides|Multi-biocide_resistance|Multi-biocide_RND_efflux_pump|TOLC|MEG_7263|TOLC-7263_A_1425_C,0,3,2,1,0,1,2,1,0,0
MEG_7264|Biocides|Multi-biocide_resistance|Multi-biocide_RND_efflux_pump|TOLC|MEG_7264|TOLC-7264_T_271_C,0,0,1,0,1,0,4,1,0,0
MEG_7264|Biocides|Multi-biocide_resistance|Multi-biocide_RND_efflux_pump|TOLC|MEG_7264|TOLC-7264_G_357_A,0,0,0,0,2,0,3,0,0,1
MEG_7264|Biocides|Multi-biocide_resistance|Multi-biocide_RND_efflux_pump|TOLC|MEG_7264|TOLC-7264_C_519_A,1,0,2,0,0,1,5,0,0,0
MEG_7264|Biocides|Multi-biocide_resistance|Multi-biocide_RND_efflux_pump|TOLC|MEG_7264|TOLC-7264_A_543_G,1,0,2,0,2,2,5,0,0,0
MEG_7264|Biocides|Multi-biocide_resistance|Multi-biocide_RND_efflux_pump|TOLC|MEG_7264|TOLC-7264_G_639_A,0,0,1,0,1,2,4,1,0,0
MEG_7264|Biocides|Multi-biocide_resistance|Multi-biocide_RND_efflux_pump|TOLC|MEG_7264|TOLC-7264_T_648_A,0,0,1,0,1,2,3,1,0,0
MEG_7264|Biocides|Multi-biocide_resistance|Multi-biocide_RND_efflux_pump|TOLC|MEG_7264|TOLC-7264_T_807_G,0,0,2,0,1,4,3,1,0,2
MEG_7264|Biocides|Multi-biocide_resistance|Multi-biocide_RND_efflux_pump|TOLC|MEG_7264|TOLC-7264_C_864_T,0,0,1,0,0,4,2,0,1,1
MEG_7264|Biocides|Multi-biocide_resistance|Multi-biocide_RND_efflux_pump|TOLC|MEG_7264|TOLC-7264_T_894_C,0,0,0,0,0,2,1,0,1,1
MEG_7264|Biocides|Multi-biocide_resistance|Multi-biocide_RND_efflux_pump|TOLC|MEG_7264|TOLC-7264_T_918_G,1,0,0,0,0,1,0,0,1,1
MEG_7264|Biocides|Multi-biocide_resistance|Multi-biocide_RND_efflux_pump|TOLC|MEG_7264|TOLC-7264_G_1041_A,0,0,2,0,2,0,1,0,0,0
MEG_7264|Biocides|Multi-biocide_resistance|Multi-biocide_RND_efflux_pump|TOLC|MEG_7264|TOLC-7264_G_1047_A,0,0,2,0,2,0,2,0,0,0
MEG_7264|Biocides|Multi-biocide_resistance|Multi-biocide_RND_efflux_pump|TOLC|MEG_7264|TOLC-7264_G_1269_A,0,0,1,1,1,0,3,2,2,0
MEG_7264|Biocides|Multi-biocide_resistance|Multi-biocide_RND_efflux_pump|TOLC|MEG_7264|TOLC-7264_T_1275_C,0,1,1,0,1,2,1,0,0,0
MEG_7264|Biocides|Multi-biocide_resistance|Multi-biocide_RND_efflux_pump|TOLC|MEG_7264|TOLC-7264_A_1359_C,0,1,2,1,4,3,7,1,1,2
MEG_7264|Biocides|Multi-biocide_resistance|Multi-biocide_RND_efflux_pump|TOLC|MEG_7264|TOLC-7264_A_1416_C,0,2,2,0,2,0,7,0,0,1
MEG_7264|Biocides|Multi-biocide_resistance|Multi-biocide_RND_efflux_pump|TOLC|MEG_7264|TOLC-7264_A_1419_C,0,2,2,0,3,0,10,0,1,2
MEG_7266|Biocides|Multi-biocide_resistance|Multi-biocide_RND_efflux_pump|TOLC|MEG_7266|TOLC-7266_G_59_T,0,0,0,0,0,12,0,1,1,0
MEG_7266|Biocides|Multi-biocide_resistance|Multi-biocide_RND_efflux_pump|TOLC|MEG_7266|TOLC-7266_T_208_C,0,0,0,0,0,19,2,2,0,3
MEG_7266|Biocides|Multi-biocide_resistance|Multi-biocide_RND_efflux_pump|TOLC|MEG_7266|TOLC-7266_G_367_T,0,0,0,0,0,13,1,2,0,0
MEG_7266|Biocides|Multi-biocide_resistance|Multi-biocide_RND_efflux_pump|TOLC|MEG_7266|TOLC-7266_C_398_T,0,0,0,0,0,18,1,2,0,0
MEG_7266|Biocides|Multi-biocide_resistance|Multi-biocide_RND_efflux_pump|TOLC|MEG_7266|TOLC-7266_C_401_T,0,0,0,0,0,20,1,2,0,0
MEG_7266|Biocides|Multi-biocide_resistance|Multi-biocide_RND_efflux_pump|TOLC|MEG_7266|TOLC-7266_G_470_T,0,0,0,0,0,24,1,4,0,0
MEG_7266|Biocides|Multi-biocide_resistance|Multi-biocide_RND_efflux_pump|TOLC|MEG_7266|TOLC-7266_A_1023_T,0,0,0,0,0,13,2,1,1,1
MEG_7266|Biocides|Multi-biocide_resistance|Multi-biocide_RND_efflux_pump|TOLC|MEG_7266|TOLC-7266_T_1043_G,0,0,0,0,0,15,2,1,1,0
MEG_7266|Biocides|Multi-biocide_resistance|Multi-biocide_RND_efflux_pump|TOLC|MEG_7266|TOLC-7266_A_1081_C,0,0,0,0,0,23,0,0,1,2
MEG_7266|Biocides|Multi-biocide_resistance|Multi-biocide_RND_efflux_pump|TOLC|MEG_7266|TOLC-7266_T_1251_A,0,0,0,0,0,21,2,2,0,1
MEG_7267|Biocides|Multi-biocide_resistance|Multi-biocide_RND_efflux_pump|TOLC|MEG_7267|TOLC-7267_G_65_T,0,0,0,0,0,4,0,0,0,0
MEG_7267|Biocides|Multi-biocide_resistance|Multi-biocide_RND_efflux_pump|TOLC|MEG_7267|TOLC-7267_T_277_C,1,0,1,0,0,1,0,2,0,0
MEG_7267|Biocides|Multi-biocide_resistance|Multi-biocide_RND_efflux_pump|TOLC|MEG_7267|TOLC-7267_G_363_A,1,0,1,1,0,0,2,2,0,1
MEG_7267|Biocides|Multi-biocide_resistance|Multi-biocide_RND_efflux_pump|TOLC|MEG_7267|TOLC-7267_G_645_A,0,0,0,0,0,0,4,0,0,0
MEG_7267|Biocides|Multi-biocide_resistance|Multi-biocide_RND_efflux_pump|TOLC|MEG_7267|TOLC-7267_T_654_A,1,0,0,0,0,0,4,0,0,0
MEG_7267|Biocides|Multi-biocide_resistance|Multi-biocide_RND_efflux_pump|TOLC|MEG_7267|TOLC-7267_T_813_G,0,0,1,0,0,0,3,0,0,0
MEG_7267|Biocides|Multi-biocide_resistance|Multi-biocide_RND_efflux_pump|TOLC|MEG_7267|TOLC-7267_C_870_T,1,0,2,0,0,1,2,1,0,1
MEG_7267|Biocides|Multi-biocide_resistance|Multi-biocide_RND_efflux_pump|TOLC|MEG_7267|TOLC-7267_T_900_C,1,0,1,0,0,1,1,1,0,1
MEG_7267|Biocides|Multi-biocide_resistance|Multi-biocide_RND_efflux_pump|TOLC|MEG_7267|TOLC-7267_T_924_G,2,0,1,0,1,1,0,1,0,1
MEG_7267|Biocides|Multi-biocide_resistance|Multi-biocide_RND_efflux_pump|TOLC|MEG_7267|TOLC-7267_G_1275_A,1,0,0,0,0,0,2,1,0,0
MEG_7267|Biocides|Multi-biocide_resistance|Multi-biocide_RND_efflux_pump|TOLC|MEG_7267|TOLC-7267_T_1281_C,0,0,5,2,1,1,6,1,0,1
MEG_7267|Biocides|Multi-biocide_resistance|Multi-biocide_RND_efflux_pump|TOLC|MEG_7267|TOLC-7267_A_1365_C,1,0,3,2,1,0,5,4,0,0
MEG_7267|Biocides|Multi-biocide_resistance|Multi-biocide_RND_efflux_pump|TOLC|MEG_7267|TOLC-7267_A_1425_C,0,0,1,0,0,0,3,2,0,0
MEG_7268|Biocides|Multi-biocide_resistance|Multi-biocide_RND_efflux_pump|TOLCSM|MEG_7268|TOLCSM-7268_G_72_A,0,1,0,7,3,0,0,0,0,0
MEG_7268|Biocides|Multi-biocide_resistance|Multi-biocide_RND_efflux_pump|TOLCSM|MEG_7268|TOLCSM-7268_C_276_T,0,0,0,0,0,4,3,0,0,2
MEG_7268|Biocides|Multi-biocide_resistance|Multi-biocide_RND_efflux_pump|TOLCSM|MEG_7268|TOLCSM-7268_T_443_G,0,0,0,0,0,4,2,0,0,1
MEG_7268|Biocides|Multi-biocide_resistance|Multi-biocide_RND_efflux_pump|TOLCSM|MEG_7268|TOLCSM-7268_C_918_A,0,0,0,0,0,8,1,0,0,3
MEG_7268|Biocides|Multi-biocide_resistance|Multi-biocide_RND_efflux_pump|TOLCSM|MEG_7268|TOLCSM-7268_T_941_C,0,0,0,0,0,10,1,0,0,3
MEG_7268|Biocides|Multi-biocide_resistance|Multi-biocide_RND_efflux_pump|TOLCSM|MEG_7268|TOLCSM-7268_A_1013_G,0,0,0,0,0,6,1,0,0,1
MEG_7268|Biocides|Multi-biocide_resistance|Multi-biocide_RND_efflux_pump|TOLCSM|MEG_7268|TOLCSM-7268_T_1278_A,0,0,0,0,0,4,3,0,1,0
MEG_7269|Metals|Tellurium_resistance|Tellurium_resistance_protein|TRGA|MEG_7269|TRGA-7269_G_82_A,0,2,0,0,2,0,0,0,0,0
MEG_7269|Metals|Tellurium_resistance|Tellurium_resistance_protein|TRGA|MEG_7269|TRGA-7269_A_248_G,0,0,0,0,0,2,2,0,0,0
MEG_7269|Metals|Tellurium_resistance|Tellurium_resistance_protein|TRGA|MEG_7269|TRGA-7269_T_329_G,0,1,0,1,2,0,0,0,0,0
MEG_7269|Metals|Tellurium_resistance|Tellurium_resistance_protein|TRGA|MEG_7269|TRGA-7269_A_341_G,0,0,0,0,0,0,4,0,0,0
MEG_7270|Metals|Multi-metal_resistance|Multi-metal_resistance_regulator|TRGB|MEG_7270|TRGB-7270_G_76_A,0,0,0,0,0,0,3,0,1,0
MEG_7271|Biocides|Phenolic_compound_resistance|Phenolic_RND_efflux_pump|TRIA|MEG_7271|TRIA-7271_G_35_T,0,0,0,0,0,5,1,1,0,0
MEG_7271|Biocides|Phenolic_compound_resistance|Phenolic_RND_efflux_pump|TRIA|MEG_7271|TRIA-7271_C_194_G,0,0,0,0,0,5,1,6,0,0
MEG_7271|Biocides|Phenolic_compound_resistance|Phenolic_RND_efflux_pump|TRIA|MEG_7271|TRIA-7271_G_325_T,4,0,5,0,9,0,0,0,0,0
MEG_7271|Biocides|Phenolic_compound_resistance|Phenolic_RND_efflux_pump|TRIA|MEG_7271|TRIA-7271_T_755_G,2,0,2,0,8,0,0,0,0,0
MEG_7271|Biocides|Phenolic_compound_resistance|Phenolic_RND_efflux_pump|TRIA|MEG_7271|TRIA-7271_C_771_G,1,0,2,0,8,0,0,0,0,0
MEG_7271|Biocides|Phenolic_compound_resistance|Phenolic_RND_efflux_pump|TRIA|MEG_7271|TRIA-7271_C_967_A,0,0,0,0,0,10,1,4,0,0
MEG_7271|Biocides|Phenolic_compound_resistance|Phenolic_RND_efflux_pump|TRIA|MEG_7271|TRIA-7271_C_1005_T,4,0,6,0,3,0,0,0,0,0
MEG_7271|Biocides|Phenolic_compound_resistance|Phenolic_RND_efflux_pump|TRIA|MEG_7271|TRIA-7271_G_1048_A,3,0,5,0,1,0,0,0,0,0
MEG_7272|Biocides|Phenolic_compound_resistance|Phenolic_RND_efflux_pump|TRIAP|MEG_7272|TRIAP-7272_G_61_C,2,0,1,0,1,0,0,0,0,0
MEG_7272|Biocides|Phenolic_compound_resistance|Phenolic_RND_efflux_pump|TRIAP|MEG_7272|TRIAP-7272_T_87_C,2,0,2,0,1,0,0,0,0,0
MEG_7273|Biocides|Phenolic_compound_resistance|Phenolic_RND_efflux_pump|TRIB|MEG_7273|TRIB-7273_G_53_A,0,0,0,0,0,0,2,1,1,1
MEG_7273|Biocides|Phenolic_compound_resistance|Phenolic_RND_efflux_pump|TRIB|MEG_7273|TRIB-7273_G_75_C,0,0,0,0,0,0,2,1,2,1
MEG_7273|Biocides|Phenolic_compound_resistance|Phenolic_RND_efflux_pump|TRIB|MEG_7273|TRIB-7273_G_174_T,0,0,0,0,0,2,3,0,2,2
MEG_7273|Biocides|Phenolic_compound_resistance|Phenolic_RND_efflux_pump|TRIB|MEG_7273|TRIB-7273_T_229_A,0,0,0,0,0,5,2,1,3,2
MEG_7273|Biocides|Phenolic_compound_resistance|Phenolic_RND_efflux_pump|TRIB|MEG_7273|TRIB-7273_C_522_G,0,0,0,0,0,2,3,0,0,1
MEG_7273|Biocides|Phenolic_compound_resistance|Phenolic_RND_efflux_pump|TRIB|MEG_7273|TRIB-7273_G_576_A,0,0,0,0,0,3,2,2,2,0
MEG_7273|Biocides|Phenolic_compound_resistance|Phenolic_RND_efflux_pump|TRIB|MEG_7273|TRIB-7273_G_637_T,0,0,0,0,0,4,1,2,2,1
MEG_7273|Biocides|Phenolic_compound_resistance|Phenolic_RND_efflux_pump|TRIB|MEG_7273|TRIB-7273_C_714_G,0,0,0,0,0,2,4,1,4,1
MEG_7273|Biocides|Phenolic_compound_resistance|Phenolic_RND_efflux_pump|TRIB|MEG_7273|TRIB-7273_T_797_C,2,0,0,2,0,0,0,0,0,0
MEG_7273|Biocides|Phenolic_compound_resistance|Phenolic_RND_efflux_pump|TRIB|MEG_7273|TRIB-7273_G_860_A,0,0,0,0,0,3,3,0,3,0
MEG_7274|Biocides|Phenolic_compound_resistance|Phenolic_RND_efflux_pump|TRIBP|MEG_7274|TRIBP-7274_T_111_G,2,0,0,2,0,0,0,0,0,0
MEG_7275|Biocides|Phenolic_compound_resistance|Phenolic_RND_efflux_pump|TRIC|MEG_7275|TRIC-7275_T_191_A,4,0,3,0,0,0,0,0,0,0
MEG_7275|Biocides|Phenolic_compound_resistance|Phenolic_RND_efflux_pump|TRIC|MEG_7275|TRIC-7275_C_269_A,0,0,0,0,0,0,0,3,3,1
MEG_7275|Biocides|Phenolic_compound_resistance|Phenolic_RND_efflux_pump|TRIC|MEG_7275|TRIC-7275_C_2097_T,7,2,2,0,0,0,0,0,0,0
MEG_7275|Biocides|Phenolic_compound_resistance|Phenolic_RND_efflux_pump|TRIC|MEG_7275|TRIC-7275_C_2274_G,2,2,3,0,1,0,0,0,0,0
MEG_7275|Biocides|Phenolic_compound_resistance|Phenolic_RND_efflux_pump|TRIC|MEG_7275|TRIC-7275_C_2668_A,4,2,2,0,0,0,0,0,0,0
MEG_7275|Biocides|Phenolic_compound_resistance|Phenolic_RND_efflux_pump|TRIC|MEG_7275|TRIC-7275_C_2888_T,2,1,1,0,0,0,0,0,0,0
MEG_7276|Biocides|Phenolic_compound_resistance|Phenolic_RND_efflux_pump|TRICP|MEG_7276|TRICP-7276_A_340_G,2,1,0,0,7,0,0,0,0,0
MEG_7276|Biocides|Phenolic_compound_resistance|Phenolic_RND_efflux_pump|TRICP|MEG_7276|TRICP-7276_T_528_A,1,7,1,0,11,0,0,0,0,0
MEG_7276|Biocides|Phenolic_compound_resistance|Phenolic_RND_efflux_pump|TRICP|MEG_7276|TRICP-7276_C_757_G,1,3,3,0,11,0,0,0,0,0
MEG_7276|Biocides|Phenolic_compound_resistance|Phenolic_RND_efflux_pump|TRICP|MEG_7276|TRICP-7276_G_1137_T,0,7,0,0,14,0,0,0,0,0
MEG_7276|Biocides|Phenolic_compound_resistance|Phenolic_RND_efflux_pump|TRICP|MEG_7276|TRICP-7276_C_1143_A,0,0,0,0,0,0,4,0,2,0
MEG_7276|Biocides|Phenolic_compound_resistance|Phenolic_RND_efflux_pump|TRICP|MEG_7276|TRICP-7276_C_1370_T,1,7,1,0,14,0,0,0,0,0
MEG_7276|Biocides|Phenolic_compound_resistance|Phenolic_RND_efflux_pump|TRICP|MEG_7276|TRICP-7276_A_1688_G,2,5,1,0,11,0,0,0,0,0
MEG_7276|Biocides|Phenolic_compound_resistance|Phenolic_RND_efflux_pump|TRICP|MEG_7276|TRICP-7276_G_2717_C,1,1,1,0,4,0,0,0,0,0
MEG_7281|Metals|Multi-metal_resistance|Multi-metal_ABC_efflux_pumps|TROD|MEG_7281|TROD-7281_A_496_T,4,0,0,0,1,0,0,0,0,0
MEG_7281|Metals|Multi-metal_resistance|Multi-metal_ABC_efflux_pumps|TROD|MEG_7281|TROD-7281_G_672_T,4,0,1,0,2,0,0,0,0,0
MEG_7281|Metals|Multi-metal_resistance|Multi-metal_ABC_efflux_pumps|TROD|MEG_7281|TROD-7281_G_940_A,3,0,1,0,0,0,0,0,0,0
MEG_7282|Metals|Multi-metal_resistance|Multi-metal_ABC_efflux_pumps|TROD|MEG_7282|TROD-7282_C_392_G,1,0,1,0,2,0,0,0,0,0
MEG_7282|Metals|Multi-metal_resistance|Multi-metal_ABC_efflux_pumps|TROD|MEG_7282|TROD-7282_G_400_T,1,0,1,0,2,0,0,0,0,0
MEG_7282|Metals|Multi-metal_resistance|Multi-metal_ABC_efflux_pumps|TROD|MEG_7282|TROD-7282_A_496_T,2,0,2,0,0,0,0,0,0,0
MEG_7282|Metals|Multi-metal_resistance|Multi-metal_ABC_efflux_pumps|TROD|MEG_7282|TROD-7282_G_672_T,4,0,0,0,1,0,0,0,0,0
MEG_7285|Drugs|Thiopeptides|Thiostrepton_23S_rRNA_methyltransferases|TSNR|MEG_7285|TSNR-7285_A_257_T,3,0,0,1,0,0,0,0,0,0
MEG_7285|Drugs|Thiopeptides|Thiostrepton_23S_rRNA_methyltransferases|TSNR|MEG_7285|TSNR-7285_G_298_A,3,1,0,1,0,0,0,0,0,0
MEG_7285|Drugs|Thiopeptides|Thiostrepton_23S_rRNA_methyltransferases|TSNR|MEG_7285|TSNR-7285_G_646_C,0,0,0,0,0,2,10,0,0,0
MEG_7286|Multi-compound|Drug_and_biocide_resistance|Drug_and_biocide_RND_efflux_pumps|TTGA|MEG_7286|TTGA-7286_g_190_A,0,0,2,1,1,0,0,0,0,0
MEG_7286|Multi-compound|Drug_and_biocide_resistance|Drug_and_biocide_RND_efflux_pumps|TTGA|MEG_7286|TTGA-7286_c_207_T,0,0,1,1,2,0,0,0,0,0
MEG_7286|Multi-compound|Drug_and_biocide_resistance|Drug_and_biocide_RND_efflux_pumps|TTGA|MEG_7286|TTGA-7286_t_273_G,0,0,3,1,2,0,0,0,0,0
MEG_7286|Multi-compound|Drug_and_biocide_resistance|Drug_and_biocide_RND_efflux_pumps|TTGA|MEG_7286|TTGA-7286_t_566_G,0,0,2,1,2,0,0,0,0,0
MEG_7286|Multi-compound|Drug_and_biocide_resistance|Drug_and_biocide_RND_efflux_pumps|TTGA|MEG_7286|TTGA-7286_c_571_G,0,0,1,1,2,0,0,0,0,0
MEG_7286|Multi-compound|Drug_and_biocide_resistance|Drug_and_biocide_RND_efflux_pumps|TTGA|MEG_7286|TTGA-7286_g_924_A,0,0,4,0,0,0,0,0,0,0
MEG_7286|Multi-compound|Drug_and_biocide_resistance|Drug_and_biocide_RND_efflux_pumps|TTGA|MEG_7286|TTGA-7286_t_998_G,0,0,3,1,2,0,0,0,0,0
MEG_7287|Multi-compound|Drug_and_biocide_resistance|Drug_and_biocide_RND_efflux_pumps|TTGA|MEG_7287|TTGA-7287_G_595_C,0,0,0,0,0,4,2,2,2,0
MEG_7293|Biocides|Multi-biocide_resistance|Multi-biocide_RND_efflux_pump|TTGF|MEG_7293|TTGF-7293_C_394_T,0,0,0,0,0,1,0,3,1,0
MEG_7293|Biocides|Multi-biocide_resistance|Multi-biocide_RND_efflux_pump|TTGF|MEG_7293|TTGF-7293_G_988_C,0,0,0,0,0,1,0,1,2,0
MEG_7293|Biocides|Multi-biocide_resistance|Multi-biocide_RND_efflux_pump|TTGF|MEG_7293|TTGF-7293_G_1068_C,0,0,0,0,0,2,0,1,1,0
MEG_7293|Biocides|Multi-biocide_resistance|Multi-biocide_RND_efflux_pump|TTGF|MEG_7293|TTGF-7293_C_1333_A,0,0,0,0,0,2,0,1,1,0
MEG_7293|Biocides|Multi-biocide_resistance|Multi-biocide_RND_efflux_pump|TTGF|MEG_7293|TTGF-7293_A_1366_T,0,0,0,0,0,2,0,1,1,0
MEG_7294|Biocides|Multi-biocide_resistance|Multi-biocide_RND_efflux_pump|TTGF|MEG_7294|TTGF-7294_T_433_A,0,0,0,0,0,2,0,0,2,0
MEG_7294|Biocides|Multi-biocide_resistance|Multi-biocide_RND_efflux_pump|TTGF|MEG_7294|TTGF-7294_G_784_C,0,0,0,0,0,3,0,3,1,1
MEG_7294|Biocides|Multi-biocide_resistance|Multi-biocide_RND_efflux_pump|TTGF|MEG_7294|TTGF-7294_G_864_C,0,0,0,0,0,6,0,2,0,0
MEG_7294|Biocides|Multi-biocide_resistance|Multi-biocide_RND_efflux_pump|TTGF|MEG_7294|TTGF-7294_C_1129_A,0,0,0,0,0,2,0,1,0,1
MEG_7294|Biocides|Multi-biocide_resistance|Multi-biocide_RND_efflux_pump|TTGF|MEG_7294|TTGF-7294_A_1162_T,0,0,0,0,0,2,0,1,0,1
MEG_7296|Multi-compound|Drug_and_biocide_resistance|Drug_and_biocide_RND_efflux_regulator|TTGR|MEG_7296|TTGR-7296_A_142_T,0,1,2,1,1,0,0,0,0,0
MEG_7296|Multi-compound|Drug_and_biocide_resistance|Drug_and_biocide_RND_efflux_regulator|TTGR|MEG_7296|TTGR-7296_A_146_T,0,1,2,1,1,0,0,0,0,0
MEG_7296|Multi-compound|Drug_and_biocide_resistance|Drug_and_biocide_RND_efflux_regulator|TTGR|MEG_7296|TTGR-7296_T_538_G,0,0,4,0,0,0,0,0,0,0
MEG_7298|Biocides|Multi-biocide_resistance|Multi-biocide_RND_efflux_regulator|TTGV|MEG_7298|TTGV-7298_T_106_G,0,0,0,0,0,6,0,1,2,0
MEG_7298|Biocides|Multi-biocide_resistance|Multi-biocide_RND_efflux_regulator|TTGV|MEG_7298|TTGV-7298_A_156_C,0,0,0,0,0,10,0,2,1,0
MEG_7298|Biocides|Multi-biocide_resistance|Multi-biocide_RND_efflux_regulator|TTGV|MEG_7298|TTGV-7298_G_424_C,0,0,0,0,0,5,0,1,1,0
MEG_7298|Biocides|Multi-biocide_resistance|Multi-biocide_RND_efflux_regulator|TTGV|MEG_7298|TTGV-7298_G_693_C,0,0,0,0,0,5,0,2,0,1
MEG_7301|Drugs|Elfamycins|EF-Tu_inhibition|TUFAB|MEG_7301|TUFAB-7301_A_25_G,1,0,0,0,1,1,0,1,0,1
MEG_7301|Drugs|Elfamycins|EF-Tu_inhibition|TUFAB|MEG_7301|TUFAB-7301_T_123_A,0,0,1,1,0,1,3,0,0,0
MEG_7301|Drugs|Elfamycins|EF-Tu_inhibition|TUFAB|MEG_7301|TUFAB-7301_T_126_G,0,0,1,1,0,1,3,0,0,0
MEG_7301|Drugs|Elfamycins|EF-Tu_inhibition|TUFAB|MEG_7301|TUFAB-7301_C_144_T,0,1,1,2,0,2,7,1,0,1
MEG_7301|Drugs|Elfamycins|EF-Tu_inhibition|TUFAB|MEG_7301|TUFAB-7301_T_180_C,2,2,3,3,0,3,12,5,1,1
MEG_7301|Drugs|Elfamycins|EF-Tu_inhibition|TUFAB|MEG_7301|TUFAB-7301_G_204_T,0,0,0,0,2,0,0,2,0,1
MEG_7301|Drugs|Elfamycins|EF-Tu_inhibition|TUFAB|MEG_7301|TUFAB-7301_T_219_G,0,0,0,0,2,0,0,2,0,1
MEG_7301|Drugs|Elfamycins|EF-Tu_inhibition|TUFAB|MEG_7301|TUFAB-7301_G_279_A,1,0,5,2,2,1,8,1,1,2
MEG_7301|Drugs|Elfamycins|EF-Tu_inhibition|TUFAB|MEG_7301|TUFAB-7301_T_336_G,3,1,1,2,2,12,4,4,1,2
MEG_7301|Drugs|Elfamycins|EF-Tu_inhibition|TUFAB|MEG_7301|TUFAB-7301_A_360_T,2,0,0,0,4,1,0,2,0,0
MEG_7301|Drugs|Elfamycins|EF-Tu_inhibition|TUFAB|MEG_7301|TUFAB-7301_C_378_T,1,0,0,0,2,0,0,1,0,0
MEG_7301|Drugs|Elfamycins|EF-Tu_inhibition|TUFAB|MEG_7301|TUFAB-7301_T_393_C,6,0,0,0,4,0,0,2,0,0
MEG_7301|Drugs|Elfamycins|EF-Tu_inhibition|TUFAB|MEG_7301|TUFAB-7301_C_528_T,0,0,1,0,1,1,9,1,2,0
MEG_7301|Drugs|Elfamycins|EF-Tu_inhibition|TUFAB|MEG_7301|TUFAB-7301_T_549_G,2,2,0,0,8,2,0,0,2,1
MEG_7301|Drugs|Elfamycins|EF-Tu_inhibition|TUFAB|MEG_7301|TUFAB-7301_C_588_T,2,1,1,0,4,0,0,1,3,1
MEG_7301|Drugs|Elfamycins|EF-Tu_inhibition|TUFAB|MEG_7301|TUFAB-7301_C_613_A,5,0,1,0,8,1,0,1,4,3
MEG_7301|Drugs|Elfamycins|EF-Tu_inhibition|TUFAB|MEG_7301|TUFAB-7301_T_614_C,3,0,0,0,1,1,8,9,3,0
MEG_7301|Drugs|Elfamycins|EF-Tu_inhibition|TUFAB|MEG_7301|TUFAB-7301_G_615_C,5,0,1,0,9,1,0,1,5,3
MEG_7301|Drugs|Elfamycins|EF-Tu_inhibition|TUFAB|MEG_7301|TUFAB-7301_T_632_C,3,0,0,0,1,1,8,10,2,0
MEG_7301|Drugs|Elfamycins|EF-Tu_inhibition|TUFAB|MEG_7301|TUFAB-7301_C_642_T,0,0,0,2,0,2,1,1,1,0
MEG_7301|Drugs|Elfamycins|EF-Tu_inhibition|TUFAB|MEG_7301|TUFAB-7301_T_645_C,2,0,0,0,4,0,0,0,1,2
MEG_7301|Drugs|Elfamycins|EF-Tu_inhibition|TUFAB|MEG_7301|TUFAB-7301_A_744_G,2,0,0,0,1,1,2,1,2,0
MEG_7301|Drugs|Elfamycins|EF-Tu_inhibition|TUFAB|MEG_7301|TUFAB-7301_T_762_G,5,0,0,0,7,1,1,2,3,1
MEG_7301|Drugs|Elfamycins|EF-Tu_inhibition|TUFAB|MEG_7301|TUFAB-7301_T_765_C,3,0,0,0,6,0,0,1,1,1
MEG_7301|Drugs|Elfamycins|EF-Tu_inhibition|TUFAB|MEG_7301|TUFAB-7301_C_841_T,2,1,0,0,3,0,0,2,1,1
MEG_7301|Drugs|Elfamycins|EF-Tu_inhibition|TUFAB|MEG_7301|TUFAB-7301_T_858_C,2,1,0,0,5,0,0,3,0,2
MEG_7301|Drugs|Elfamycins|EF-Tu_inhibition|TUFAB|MEG_7301|TUFAB-7301_T_999_C,1,1,0,2,3,0,3,2,1,1
MEG_7301|Drugs|Elfamycins|EF-Tu_inhibition|TUFAB|MEG_7301|TUFAB-7301_T_1065_C,1,0,1,1,4,2,1,1,2,0
MEG_7301|Drugs|Elfamycins|EF-Tu_inhibition|TUFAB|MEG_7301|TUFAB-7301_G_1149_A,3,1,1,0,2,2,1,1,1,0
MEG_7301|Drugs|Elfamycins|EF-Tu_inhibition|TUFAB|MEG_7301|TUFAB-7301_T_1212_A,3,0,3,1,1,4,7,1,0,0
MEG_7301|Drugs|Elfamycins|EF-Tu_inhibition|TUFAB|MEG_7301|TUFAB-7301_T_1215_A,3,0,2,1,1,3,7,1,0,0
MEG_7301|Drugs|Elfamycins|EF-Tu_inhibition|TUFAB|MEG_7301|TUFAB-7301_G_1224_C,0,0,0,0,1,0,1,1,1,0
MEG_7301|Drugs|Elfamycins|EF-Tu_inhibition|TUFAB|MEG_7301|TUFAB-7301_G_1225_A,2,0,2,1,1,1,5,0,0,0
MEG_7302|Drugs|Elfamycins|EF-Tu_inhibition|TUFAB|MEG_7302|TUFAB-7302_T_81_C,1,0,1,0,3,0,0,0,0,0
MEG_7302|Drugs|Elfamycins|EF-Tu_inhibition|TUFAB|MEG_7302|TUFAB-7302_C_99_T,2,0,0,0,2,7,9,3,1,0
MEG_7302|Drugs|Elfamycins|EF-Tu_inhibition|TUFAB|MEG_7302|TUFAB-7302_T_135_C,5,0,4,3,5,12,12,6,3,3
MEG_7302|Drugs|Elfamycins|EF-Tu_inhibition|TUFAB|MEG_7302|TUFAB-7302_G_159_T,0,1,0,0,5,0,0,1,0,0
MEG_7302|Drugs|Elfamycins|EF-Tu_inhibition|TUFAB|MEG_7302|TUFAB-7302_T_174_G,2,2,1,0,5,1,0,1,0,0
MEG_7302|Drugs|Elfamycins|EF-Tu_inhibition|TUFAB|MEG_7302|TUFAB-7302_C_210_T,1,1,4,1,0,4,8,3,0,3
MEG_7302|Drugs|Elfamycins|EF-Tu_inhibition|TUFAB|MEG_7302|TUFAB-7302_C_213_T,2,1,4,0,7,1,3,3,0,1
MEG_7302|Drugs|Elfamycins|EF-Tu_inhibition|TUFAB|MEG_7302|TUFAB-7302_T_225_C,4,1,4,0,8,1,3,3,1,1
MEG_7302|Drugs|Elfamycins|EF-Tu_inhibition|TUFAB|MEG_7302|TUFAB-7302_T_291_G,16,6,4,22,8,15,8,8,4,2
MEG_7302|Drugs|Elfamycins|EF-Tu_inhibition|TUFAB|MEG_7302|TUFAB-7302_A_315_T,4,0,1,1,6,0,2,1,3,0
MEG_7302|Drugs|Elfamycins|EF-Tu_inhibition|TUFAB|MEG_7302|TUFAB-7302_C_333_T,0,0,0,0,3,0,0,1,2,0
MEG_7302|Drugs|Elfamycins|EF-Tu_inhibition|TUFAB|MEG_7302|TUFAB-7302_T_348_C,3,0,1,2,5,0,2,1,4,0
MEG_7302|Drugs|Elfamycins|EF-Tu_inhibition|TUFAB|MEG_7302|TUFAB-7302_C_483_T,1,1,2,0,1,1,3,3,0,0
MEG_7302|Drugs|Elfamycins|EF-Tu_inhibition|TUFAB|MEG_7302|TUFAB-7302_T_504_G,0,1,1,1,3,0,3,1,0,1
MEG_7302|Drugs|Elfamycins|EF-Tu_inhibition|TUFAB|MEG_7302|TUFAB-7302_T_569_C,1,0,0,0,0,0,2,4,2,0
MEG_7302|Drugs|Elfamycins|EF-Tu_inhibition|TUFAB|MEG_7302|TUFAB-7302_T_587_C,0,0,0,0,0,0,1,3,1,0
MEG_7302|Drugs|Elfamycins|EF-Tu_inhibition|TUFAB|MEG_7302|TUFAB-7302_T_597_C,4,0,0,1,2,6,2,6,0,1
MEG_7302|Drugs|Elfamycins|EF-Tu_inhibition|TUFAB|MEG_7302|TUFAB-7302_A_699_G,0,1,1,0,1,0,1,1,1,2
MEG_7302|Drugs|Elfamycins|EF-Tu_inhibition|TUFAB|MEG_7302|TUFAB-7302_T_717_G,5,1,2,1,5,0,2,3,1,2
MEG_7302|Drugs|Elfamycins|EF-Tu_inhibition|TUFAB|MEG_7302|TUFAB-7302_T_720_C,3,0,1,1,5,0,1,2,0,1
MEG_7302|Drugs|Elfamycins|EF-Tu_inhibition|TUFAB|MEG_7302|TUFAB-7302_C_796_T,3,1,1,0,2,1,2,1,1,0
MEG_7302|Drugs|Elfamycins|EF-Tu_inhibition|TUFAB|MEG_7302|TUFAB-7302_T_813_C,4,1,0,0,6,1,5,2,4,0
MEG_7302|Drugs|Elfamycins|EF-Tu_inhibition|TUFAB|MEG_7302|TUFAB-7302_C_954_T,0,0,0,0,1,0,3,1,0,0
MEG_7302|Drugs|Elfamycins|EF-Tu_inhibition|TUFAB|MEG_7302|TUFAB-7302_T_1020_C,1,1,1,0,7,0,4,4,0,2
MEG_7302|Drugs|Elfamycins|EF-Tu_inhibition|TUFAB|MEG_7302|TUFAB-7302_G_1104_A,0,0,0,0,0,1,2,1,0,0
MEG_7302|Drugs|Elfamycins|EF-Tu_inhibition|TUFAB|MEG_7302|TUFAB-7302_T_1167_A,0,2,0,1,1,1,6,1,2,0
MEG_7302|Drugs|Elfamycins|EF-Tu_inhibition|TUFAB|MEG_7302|TUFAB-7302_T_1170_A,0,2,0,1,1,1,5,1,2,0
MEG_7302|Drugs|Elfamycins|EF-Tu_inhibition|TUFAB|MEG_7302|TUFAB-7302_G_1180_A,0,1,0,1,1,1,3,1,2,0
MEG_7304|Drugs|Elfamycins|EF-Tu_inhibition|TUFAB|MEG_7304|TUFAB-7304_G_255_A,0,46,5,4,1,2,5,4,1,13
MEG_7304|Drugs|Elfamycins|EF-Tu_inhibition|TUFAB|MEG_7304|TUFAB-7304_T_411_C,0,40,4,5,1,1,3,6,2,11
MEG_7304|Drugs|Elfamycins|EF-Tu_inhibition|TUFAB|MEG_7304|TUFAB-7304_A_414_G,0,41,4,5,1,1,3,6,2,11
MEG_7304|Drugs|Elfamycins|EF-Tu_inhibition|TUFAB|MEG_7304|TUFAB-7304_G_483_A,1,24,3,1,0,1,3,2,1,3
MEG_7304|Drugs|Elfamycins|EF-Tu_inhibition|TUFAB|MEG_7304|TUFAB-7304_A_522_T,1,10,2,0,0,1,3,1,0,1
MEG_7304|Drugs|Elfamycins|EF-Tu_inhibition|TUFAB|MEG_7304|TUFAB-7304_G_528_A,1,8,2,0,0,1,2,1,0,1
MEG_7304|Drugs|Elfamycins|EF-Tu_inhibition|TUFAB|MEG_7304|TUFAB-7304_T_555_C,1,3,2,0,0,0,0,0,0,1
MEG_7304|Drugs|Elfamycins|EF-Tu_inhibition|TUFAB|MEG_7304|TUFAB-7304_A_600_G,0,4,1,1,0,0,0,2,0,1
MEG_7304|Drugs|Elfamycins|EF-Tu_inhibition|TUFAB|MEG_7304|TUFAB-7304_A_612_T,0,7,1,1,1,0,0,2,0,2
MEG_7304|Drugs|Elfamycins|EF-Tu_inhibition|TUFAB|MEG_7304|TUFAB-7304_A_654_G,0,24,1,3,1,0,0,2,0,4
MEG_7304|Drugs|Elfamycins|EF-Tu_inhibition|TUFAB|MEG_7304|TUFAB-7304_C_657_T,0,26,1,3,1,0,0,2,0,7
MEG_7304|Drugs|Elfamycins|EF-Tu_inhibition|TUFAB|MEG_7304|TUFAB-7304_T_715_C,0,41,3,5,1,1,3,5,0,11
MEG_7304|Drugs|Elfamycins|EF-Tu_inhibition|TUFAB|MEG_7304|TUFAB-7304_A_957_G,0,24,2,4,1,0,7,5,2,7
MEG_7304|Drugs|Elfamycins|EF-Tu_inhibition|TUFAB|MEG_7304|TUFAB-7304_T_1002_C,1,26,1,3,1,0,8,3,1,4
MEG_7304|Drugs|Elfamycins|EF-Tu_inhibition|TUFAB|MEG_7304|TUFAB-7304_C_1005_T,1,26,2,3,1,0,9,4,1,3
MEG_7317|Drugs|Elfamycins|EF-Tu_inhibition|TUFAB|MEG_7317|TUFAB-7317_T_315_A,0,0,0,2,0,0,0,3,0,0
MEG_7317|Drugs|Elfamycins|EF-Tu_inhibition|TUFAB|MEG_7317|TUFAB-7317_C_333_T,2,0,0,0,2,0,0,0,1,0
MEG_7317|Drugs|Elfamycins|EF-Tu_inhibition|TUFAB|MEG_7317|TUFAB-7317_T_348_C,3,0,0,0,2,1,2,1,1,1
MEG_7317|Drugs|Elfamycins|EF-Tu_inhibition|TUFAB|MEG_7317|TUFAB-7317_A_717_G,0,0,0,1,2,1,2,0,0,0
MEG_7317|Drugs|Elfamycins|EF-Tu_inhibition|TUFAB|MEG_7317|TUFAB-7317_T_813_C,0,0,1,1,1,0,1,0,0,0
MEG_7317|Drugs|Elfamycins|EF-Tu_inhibition|TUFAB|MEG_7317|TUFAB-7317_T_1170_A,2,1,2,2,3,4,6,1,0,1
MEG_7317|Drugs|Elfamycins|EF-Tu_inhibition|TUFAB|MEG_7317|TUFAB-7317_G_1180_A,2,1,2,1,3,2,4,0,0,1
MEG_7323|Metals|Tungsten_Resistance|Tungsten_ABC_efflux_pumps|TUPA|MEG_7323|TUPA-7323_A_18_G,0,0,0,0,0,1,1,1,1,0
MEG_7323|Metals|Tungsten_Resistance|Tungsten_ABC_efflux_pumps|TUPA|MEG_7323|TUPA-7323_G_48_C,0,0,0,0,0,1,1,1,1,0
MEG_7323|Metals|Tungsten_Resistance|Tungsten_ABC_efflux_pumps|TUPA|MEG_7323|TUPA-7323_A_343_G,0,0,0,0,0,0,5,1,2,0
MEG_7323|Metals|Tungsten_Resistance|Tungsten_ABC_efflux_pumps|TUPA|MEG_7323|TUPA-7323_G_364_C,0,0,0,0,0,0,4,1,1,0
MEG_7323|Metals|Tungsten_Resistance|Tungsten_ABC_efflux_pumps|TUPA|MEG_7323|TUPA-7323_G_470_T,0,0,0,0,0,2,3,3,2,0
MEG_7323|Metals|Tungsten_Resistance|Tungsten_ABC_efflux_pumps|TUPA|MEG_7323|TUPA-7323_C_854_T,0,0,0,0,0,0,2,2,2,0
MEG_7324|Metals|Tungsten_Resistance|Tungsten_ABC_efflux_pumps|TUPB|MEG_7324|TUPB-7324_C_152_T,0,0,0,0,0,7,0,0,4,0
MEG_7324|Metals|Tungsten_Resistance|Tungsten_ABC_efflux_pumps|TUPB|MEG_7324|TUPB-7324_A_504_T,3,0,0,1,0,0,0,0,0,0
MEG_7324|Metals|Tungsten_Resistance|Tungsten_ABC_efflux_pumps|TUPB|MEG_7324|TUPB-7324_G_511_C,3,0,1,1,0,0,0,0,0,0
MEG_7324|Metals|Tungsten_Resistance|Tungsten_ABC_efflux_pumps|TUPB|MEG_7324|TUPB-7324_C_540_G,4,0,1,3,0,0,0,0,0,0
MEG_7324|Metals|Tungsten_Resistance|Tungsten_ABC_efflux_pumps|TUPB|MEG_7324|TUPB-7324_A_553_C,0,0,0,0,0,4,0,0,7,2
MEG_7325|Metals|Tungsten_Resistance|Tungsten_ABC_efflux_pumps|TUPC|MEG_7325|TUPC-7325_A_292_T,0,0,0,0,0,1,3,1,1,0
MEG_7325|Metals|Tungsten_Resistance|Tungsten_ABC_efflux_pumps|TUPC|MEG_7325|TUPC-7325_A_556_C,0,0,0,0,0,1,4,1,1,0
MEG_7325|Metals|Tungsten_Resistance|Tungsten_ABC_efflux_pumps|TUPC|MEG_7325|TUPC-7325_G_609_T,0,0,0,0,0,1,3,1,0,0
MEG_7328|Drugs|Cationic_antimicrobial_peptides|Lipid_A_modification|UGD|MEG_7328|UGD-7328_C_131_A,0,0,0,0,0,0,11,1,2,1
MEG_7328|Drugs|Cationic_antimicrobial_peptides|Lipid_A_modification|UGD|MEG_7328|UGD-7328_A_172_G,1,0,0,14,0,0,0,0,0,0
MEG_7328|Drugs|Cationic_antimicrobial_peptides|Lipid_A_modification|UGD|MEG_7328|UGD-7328_C_180_T,0,0,0,0,0,0,8,2,1,1
MEG_7328|Drugs|Cationic_antimicrobial_peptides|Lipid_A_modification|UGD|MEG_7328|UGD-7328_C_210_G,0,0,0,0,0,0,5,3,0,3
MEG_7328|Drugs|Cationic_antimicrobial_peptides|Lipid_A_modification|UGD|MEG_7328|UGD-7328_A_241_G,0,0,0,0,0,0,7,5,0,2
MEG_7328|Drugs|Cationic_antimicrobial_peptides|Lipid_A_modification|UGD|MEG_7328|UGD-7328_G_334_A,0,0,0,0,0,0,16,1,0,1
MEG_7328|Drugs|Cationic_antimicrobial_peptides|Lipid_A_modification|UGD|MEG_7328|UGD-7328_T_428_A,2,1,0,13,1,0,0,0,0,0
MEG_7328|Drugs|Cationic_antimicrobial_peptides|Lipid_A_modification|UGD|MEG_7328|UGD-7328_G_530_A,0,0,0,8,1,0,0,0,0,0
MEG_7328|Drugs|Cationic_antimicrobial_peptides|Lipid_A_modification|UGD|MEG_7328|UGD-7328_T_554_A,0,0,0,5,1,0,0,0,0,0
MEG_7328|Drugs|Cationic_antimicrobial_peptides|Lipid_A_modification|UGD|MEG_7328|UGD-7328_C_567_A,0,0,0,0,0,0,10,3,1,1
MEG_7328|Drugs|Cationic_antimicrobial_peptides|Lipid_A_modification|UGD|MEG_7328|UGD-7328_G_665_T,1,3,0,5,1,0,0,0,0,0
MEG_7328|Drugs|Cationic_antimicrobial_peptides|Lipid_A_modification|UGD|MEG_7328|UGD-7328_T_781_C,0,0,0,0,0,0,11,2,0,1
MEG_7330|Drugs|Fosfomycin|Fosfomycin_target_mutation|UHPT|MEG_7330|UHPT-7330_T_13_C,0,0,3,1,0,0,4,0,0,0
MEG_7330|Drugs|Fosfomycin|Fosfomycin_target_mutation|UHPT|MEG_7330|UHPT-7330_T_165_C,0,0,2,0,1,2,10,0,0,4
MEG_7330|Drugs|Fosfomycin|Fosfomycin_target_mutation|UHPT|MEG_7330|UHPT-7330_T_171_C,0,0,2,0,1,2,11,0,0,4
MEG_7330|Drugs|Fosfomycin|Fosfomycin_target_mutation|UHPT|MEG_7330|UHPT-7330_C_214_T,0,1,1,0,2,0,11,0,0,4
MEG_7330|Drugs|Fosfomycin|Fosfomycin_target_mutation|UHPT|MEG_7330|UHPT-7330_C_250_T,0,1,4,3,0,0,13,1,1,0
MEG_7330|Drugs|Fosfomycin|Fosfomycin_target_mutation|UHPT|MEG_7330|UHPT-7330_C_258_A,0,1,4,2,0,0,13,1,1,0
MEG_7330|Drugs|Fosfomycin|Fosfomycin_target_mutation|UHPT|MEG_7330|UHPT-7330_G_306_T,0,1,4,1,1,0,13,0,1,1
MEG_7330|Drugs|Fosfomycin|Fosfomycin_target_mutation|UHPT|MEG_7330|UHPT-7330_C_312_G,0,0,5,2,2,1,12,4,0,3
MEG_7330|Drugs|Fosfomycin|Fosfomycin_target_mutation|UHPT|MEG_7330|UHPT-7330_T_318_C,0,0,5,2,3,1,11,4,0,3
MEG_7330|Drugs|Fosfomycin|Fosfomycin_target_mutation|UHPT|MEG_7330|UHPT-7330_C_639_T,1,3,5,1,0,0,14,2,3,0
MEG_7330|Drugs|Fosfomycin|Fosfomycin_target_mutation|UHPT|MEG_7330|UHPT-7330_G_1024_A,0,0,5,4,3,0,6,3,1,0
MEG_7330|Drugs|Fosfomycin|Fosfomycin_target_mutation|UHPT|MEG_7330|UHPT-7330_T_1044_C,1,1,5,4,5,2,15,4,1,1
MEG_7330|Drugs|Fosfomycin|Fosfomycin_target_mutation|UHPT|MEG_7330|UHPT-7330_C_1275_A,0,0,1,0,0,5,4,0,1,0
MEG_7330|Drugs|Fosfomycin|Fosfomycin_target_mutation|UHPT|MEG_7330|UHPT-7330_G_1284_A,0,0,2,1,1,2,7,1,1,0
MEG_7330|Drugs|Fosfomycin|Fosfomycin_target_mutation|UHPT|MEG_7330|UHPT-7330_G_1287_T,0,0,2,1,1,2,7,2,0,0
MEG_7330|Drugs|Fosfomycin|Fosfomycin_target_mutation|UHPT|MEG_7330|UHPT-7330_A_1335_G,1,1,5,0,0,2,7,1,0,0
MEG_7335|Drugs|Glycopeptides|VanA-type_resistance_protein|VAN|MEG_7335|VAN-7335_A_728_C,0,0,0,0,0,3,0,1,1,0
MEG_7335|Drugs|Glycopeptides|VanA-type_resistance_protein|VAN|MEG_7335|VAN-7335_G_742_A,0,0,0,0,0,3,0,1,1,0
MEG_7341|Drugs|Glycopeptides|VanA-type_resistance_protein|VANA|MEG_7341|VANA-7341_C_71_G,3,0,0,1,0,0,0,0,0,0
MEG_7341|Drugs|Glycopeptides|VanA-type_resistance_protein|VANA|MEG_7341|VANA-7341_A_180_C,3,0,2,0,0,0,0,0,0,0
MEG_7341|Drugs|Glycopeptides|VanA-type_resistance_protein|VANA|MEG_7341|VANA-7341_A_415_C,4,0,2,1,0,0,0,0,0,0
MEG_7341|Drugs|Glycopeptides|VanA-type_resistance_protein|VANA|MEG_7341|VANA-7341_A_753_G,1,0,3,3,0,0,0,0,0,0
MEG_7343|Drugs|Glycopeptides|VanA-type_resistance_protein|VANA|MEG_7343|VANA-7343_G_647_A,0,0,0,0,0,1,0,4,0,1
MEG_7343|Drugs|Glycopeptides|VanA-type_resistance_protein|VANA|MEG_7343|VANA-7343_G_871_C,0,0,0,0,0,1,0,3,0,0
MEG_7344|Drugs|Glycopeptides|VanA-type_resistance_protein|VANA|MEG_7344|VANA-7344_A_533_C,0,0,0,0,0,0,5,4,3,3
MEG_7344|Drugs|Glycopeptides|VanA-type_resistance_protein|VANA|MEG_7344|VANA-7344_G_715_C,0,0,0,0,0,0,2,10,0,1
MEG_7344|Drugs|Glycopeptides|VanA-type_resistance_protein|VANA|MEG_7344|VANA-7344_G_796_C,0,0,0,0,0,0,4,2,1,1
MEG_7344|Drugs|Glycopeptides|VanA-type_resistance_protein|VANA|MEG_7344|VANA-7344_G_2044_C,0,0,0,0,0,0,4,2,1,0
MEG_7345|Drugs|Glycopeptides|VanB-type_resistance_protein|VANB|MEG_7345|VANB-7345_t_189_A,0,0,0,0,0,4,1,0,0,0
MEG_7345|Drugs|Glycopeptides|VanB-type_resistance_protein|VANB|MEG_7345|VANB-7345_g_274_C,0,0,0,0,0,3,4,0,0,0
MEG_7345|Drugs|Glycopeptides|VanB-type_resistance_protein|VANB|MEG_7345|VANB-7345_c_609_A,0,0,0,0,0,4,3,0,1,0
MEG_7345|Drugs|Glycopeptides|VanB-type_resistance_protein|VANB|MEG_7345|VANB-7345_a_728_T,0,0,0,0,0,3,3,0,0,0
MEG_7345|Drugs|Glycopeptides|VanB-type_resistance_protein|VANB|MEG_7345|VANB-7345_a_737_G,0,0,0,0,0,4,3,0,0,0
MEG_7359|Drugs|Glycopeptides|VanC-type_resistance_protein|VANC|MEG_7359|VANC-7359_a_81_G,0,0,1,2,3,0,0,0,0,0
MEG_7359|Drugs|Glycopeptides|VanC-type_resistance_protein|VANC|MEG_7359|VANC-7359_a_658_G,0,0,1,1,2,0,0,0,0,0
MEG_7359|Drugs|Glycopeptides|VanC-type_resistance_protein|VANC|MEG_7359|VANC-7359_t_951_G,0,1,2,0,1,0,0,0,0,0
MEG_7368|Drugs|Glycopeptides|VanC-type_resistance_protein|VANC|MEG_7368|VANC-7368_C_112_A,2,0,3,0,0,0,0,0,0,0
MEG_7370|Drugs|Glycopeptides|VanC-type_resistance_protein|VANC|MEG_7370|VANC-7370_C_151_A,0,0,0,0,0,0,0,2,1,1
MEG_7370|Drugs|Glycopeptides|VanC-type_resistance_protein|VANC|MEG_7370|VANC-7370_A_531_G,0,0,0,0,0,1,1,0,1,1
MEG_7371|Drugs|Glycopeptides|VanC-type_resistance_protein|VANC|MEG_7371|VANC-7371_G_992_A,5,1,1,1,0,0,0,0,0,0
MEG_7372|Drugs|Glycopeptides|VanC-type_resistance_protein|VANC|MEG_7372|VANC-7372_A_222_G,0,0,1,0,6,0,0,0,0,0
MEG_7372|Drugs|Glycopeptides|VanC-type_resistance_protein|VANC|MEG_7372|VANC-7372_G_310_T,0,0,1,1,2,0,0,0,0,0
MEG_7372|Drugs|Glycopeptides|VanC-type_resistance_protein|VANC|MEG_7372|VANC-7372_A_338_C,0,0,1,0,3,0,0,0,0,0
MEG_7372|Drugs|Glycopeptides|VanC-type_resistance_protein|VANC|MEG_7372|VANC-7372_A_658_G,0,0,11,3,9,0,0,0,0,0
MEG_7372|Drugs|Glycopeptides|VanC-type_resistance_protein|VANC|MEG_7372|VANC-7372_T_951_G,0,0,1,2,9,0,0,0,0,0
MEG_7372|Drugs|Glycopeptides|VanC-type_resistance_protein|VANC|MEG_7372|VANC-7372_G_982_C,0,0,3,2,11,0,0,0,0,0
MEG_7372|Drugs|Glycopeptides|VanC-type_resistance_protein|VANC|MEG_7372|VANC-7372_G_1264_T,0,0,5,2,7,0,0,0,0,0
MEG_7374|Drugs|Glycopeptides|VanC-type_resistance_protein|VANC|MEG_7374|VANC-7374_T_946_A,0,0,0,0,0,0,1,1,2,0
MEG_7391|Drugs|Glycopeptides|VanE-type_resistance_protein|VANE|MEG_7391|VANE-7391_A_271_T,0,1,0,0,3,0,0,0,0,0
MEG_7392|Drugs|Glycopeptides|VanG-type_resistance_protein|VANG|MEG_7392|VANG-7392_t_62_C,3,1,2,0,3,0,0,0,0,0
MEG_7392|Drugs|Glycopeptides|VanG-type_resistance_protein|VANG|MEG_7392|VANG-7392_t_75_A,3,1,2,1,3,0,0,0,0,0
MEG_7392|Drugs|Glycopeptides|VanG-type_resistance_protein|VANG|MEG_7392|VANG-7392_g_140_A,5,0,3,3,1,0,0,0,0,0
MEG_7392|Drugs|Glycopeptides|VanG-type_resistance_protein|VANG|MEG_7392|VANG-7392_t_486_C,3,0,2,2,1,0,0,0,0,0
MEG_7392|Drugs|Glycopeptides|VanG-type_resistance_protein|VANG|MEG_7392|VANG-7392_a_487_T,2,0,2,2,1,0,0,0,0,0
MEG_7392|Drugs|Glycopeptides|VanG-type_resistance_protein|VANG|MEG_7392|VANG-7392_t_509_C,2,0,1,2,1,0,0,0,0,0
MEG_7392|Drugs|Glycopeptides|VanG-type_resistance_protein|VANG|MEG_7392|VANG-7392_g_722_T,3,1,2,1,0,0,0,0,0,0
MEG_7392|Drugs|Glycopeptides|VanG-type_resistance_protein|VANG|MEG_7392|VANG-7392_a_796_G,2,0,2,2,0,0,0,0,0,0
MEG_7392|Drugs|Glycopeptides|VanG-type_resistance_protein|VANG|MEG_7392|VANG-7392_a_844_C,2,0,3,3,0,0,0,0,0,0
MEG_7403|Drugs|Glycopeptides|VanA-type_resistance_protein|VANHA|MEG_7403|VANHA-7403_G_570_C,0,0,0,0,0,1,3,2,0,0
MEG_7405|Drugs|Glycopeptides|VanA-type_resistance_protein|VANHA|MEG_7405|VANHA-7405_T_72_G,1,0,2,0,2,0,0,0,0,0
MEG_7405|Drugs|Glycopeptides|VanA-type_resistance_protein|VANHA|MEG_7405|VANHA-7405_A_1007_T,2,1,0,1,0,0,0,0,0,0
MEG_7406|Drugs|Glycopeptides|VanA-type_resistance_protein|VANHA|MEG_7406|VANHA-7406_G_715_C,0,0,0,0,0,1,0,1,2,0
MEG_7408|Drugs|Glycopeptides|VanA-type_resistance_protein|VANHA|MEG_7408|VANHA-7408_G_1138_C,0,0,0,0,0,1,0,2,0,1
MEG_7408|Drugs|Glycopeptides|VanA-type_resistance_protein|VANHA|MEG_7408|VANHA-7408_G_1608_A,0,0,0,0,0,1,0,4,0,0
MEG_7411|Drugs|Glycopeptides|VanA-type_resistance_protein|VANHA|MEG_7411|VANHA-7411_C_2390_G,2,1,1,0,0,0,0,0,0,0
MEG_7411|Drugs|Glycopeptides|VanA-type_resistance_protein|VANHA|MEG_7411|VANHA-7411_G_2395_A,2,1,1,0,0,0,0,0,0,0
MEG_7411|Drugs|Glycopeptides|VanA-type_resistance_protein|VANHA|MEG_7411|VANHA-7411_T_2545_A,1,2,1,0,0,0,0,0,0,0
MEG_7412|Drugs|Glycopeptides|VanA-type_resistance_protein|VANHA|MEG_7412|VANHA-7412_G_570_C,0,0,0,0,0,4,10,4,0,0
MEG_7412|Drugs|Glycopeptides|VanA-type_resistance_protein|VANHA|MEG_7412|VANHA-7412_G_1021_A,0,0,2,3,0,0,0,0,0,0
MEG_7412|Drugs|Glycopeptides|VanA-type_resistance_protein|VANHA|MEG_7412|VANHA-7412_C_1032_G,1,0,3,3,0,0,0,0,0,0
MEG_7412|Drugs|Glycopeptides|VanA-type_resistance_protein|VANHA|MEG_7412|VANHA-7412_A_1141_C,2,0,2,1,0,0,0,0,0,0
MEG_7412|Drugs|Glycopeptides|VanA-type_resistance_protein|VANHA|MEG_7412|VANHA-7412_A_1376_C,2,0,3,4,0,0,0,0,0,0
MEG_7412|Drugs|Glycopeptides|VanA-type_resistance_protein|VANHA|MEG_7412|VANHA-7412_T_1593_G,2,0,2,0,0,0,0,0,0,0
MEG_7412|Drugs|Glycopeptides|VanA-type_resistance_protein|VANHA|MEG_7412|VANHA-7412_A_1714_G,0,0,2,4,0,0,0,0,0,0
MEG_7414|Drugs|Glycopeptides|VanB-type_resistance_protein|VANHB|MEG_7414|VANHB-7414_c_40_A,2,2,1,0,0,0,0,0,0,0
MEG_7414|Drugs|Glycopeptides|VanB-type_resistance_protein|VANHB|MEG_7414|VANHB-7414_c_144_A,5,0,1,1,1,0,0,0,0,0
MEG_7414|Drugs|Glycopeptides|VanB-type_resistance_protein|VANHB|MEG_7414|VANHB-7414_a_241_G,2,0,1,0,1,0,0,0,0,0
MEG_7414|Drugs|Glycopeptides|VanB-type_resistance_protein|VANHB|MEG_7414|VANHB-7414_g_426_T,0,1,2,2,3,0,0,0,0,0
MEG_7414|Drugs|Glycopeptides|VanB-type_resistance_protein|VANHB|MEG_7414|VANHB-7414_a_682_C,1,1,0,0,3,0,0,0,0,0
MEG_7415|Drugs|Glycopeptides|VanB-type_resistance_protein|VANHB|MEG_7415|VANHB-7415_c_144_A,4,1,4,0,0,0,0,0,0,0
MEG_7415|Drugs|Glycopeptides|VanB-type_resistance_protein|VANHB|MEG_7415|VANHB-7415_a_241_G,2,1,3,0,0,0,0,0,0,0
MEG_7415|Drugs|Glycopeptides|VanB-type_resistance_protein|VANHB|MEG_7415|VANHB-7415_t_791_A,1,2,1,0,0,0,0,0,0,0
MEG_7415|Drugs|Glycopeptides|VanB-type_resistance_protein|VANHB|MEG_7415|VANHB-7415_c_807_T,1,2,2,0,0,0,0,0,0,0
MEG_7422|Drugs|Glycopeptides|VanD-type_resistance_protein|VANHD|MEG_7422|VANHD-7422_G_77_T,0,0,2,0,2,0,0,0,0,0
MEG_7422|Drugs|Glycopeptides|VanD-type_resistance_protein|VANHD|MEG_7422|VANHD-7422_G_529_T,2,0,1,0,1,0,0,0,0,0
MEG_7423|Drugs|Glycopeptides|VanD-type_resistance_protein|VANHD|MEG_7423|VANHD-7423_G_275_A,0,0,0,0,0,0,2,1,1,0
MEG_7423|Drugs|Glycopeptides|VanD-type_resistance_protein|VANHD|MEG_7423|VANHD-7423_A_552_C,0,0,0,0,0,0,3,4,0,0
MEG_7423|Drugs|Glycopeptides|VanD-type_resistance_protein|VANHD|MEG_7423|VANHD-7423_G_657_A,0,0,0,0,0,0,3,0,1,0
MEG_7429|Drugs|Glycopeptides|VanD-type_resistance_protein|VANHD|MEG_7429|VANHD-7429_C_1084_A,0,0,0,0,0,2,4,1,0,0
MEG_7429|Drugs|Glycopeptides|VanD-type_resistance_protein|VANHD|MEG_7429|VANHD-7429_C_1170_A,0,0,0,0,0,2,2,2,0,0
MEG_7429|Drugs|Glycopeptides|VanD-type_resistance_protein|VANHD|MEG_7429|VANHD-7429_T_1210_G,0,0,0,0,0,1,1,3,0,0
MEG_7429|Drugs|Glycopeptides|VanD-type_resistance_protein|VANHD|MEG_7429|VANHD-7429_A_1421_T,0,0,0,0,0,2,2,2,0,0
MEG_7429|Drugs|Glycopeptides|VanD-type_resistance_protein|VANHD|MEG_7429|VANHD-7429_G_1523_T,0,0,0,0,0,1,4,1,0,0
MEG_7429|Drugs|Glycopeptides|VanD-type_resistance_protein|VANHD|MEG_7429|VANHD-7429_A_1541_G,0,0,0,0,0,1,5,0,0,0
MEG_7429|Drugs|Glycopeptides|VanD-type_resistance_protein|VANHD|MEG_7429|VANHD-7429_A_1723_G,0,0,0,0,0,0,5,5,0,0
MEG_7432|Drugs|Glycopeptides|VanD-type_resistance_protein|VANHD|MEG_7432|VANHD-7432_G_657_A,0,0,0,0,0,0,3,2,0,0
MEG_7432|Drugs|Glycopeptides|VanD-type_resistance_protein|VANHD|MEG_7432|VANHD-7432_T_992_A,0,0,0,0,0,0,6,0,0,0
MEG_7432|Drugs|Glycopeptides|VanD-type_resistance_protein|VANHD|MEG_7432|VANHD-7432_A_1799_T,0,0,0,0,0,0,5,0,0,0
MEG_7432|Drugs|Glycopeptides|VanD-type_resistance_protein|VANHD|MEG_7432|VANHD-7432_C_1831_A,0,0,0,0,0,0,4,0,0,0
MEG_7432|Drugs|Glycopeptides|VanD-type_resistance_protein|VANHD|MEG_7432|VANHD-7432_A_2302_C,0,0,0,0,0,0,4,0,0,0
MEG_7434|Drugs|Glycopeptides|VanD-type_resistance_protein|VANHD|MEG_7434|VANHD-7434_G_275_A,0,0,0,0,0,0,4,2,0,0
MEG_7434|Drugs|Glycopeptides|VanD-type_resistance_protein|VANHD|MEG_7434|VANHD-7434_G_460_C,0,0,0,0,0,0,5,0,0,0
MEG_7434|Drugs|Glycopeptides|VanD-type_resistance_protein|VANHD|MEG_7434|VANHD-7434_G_657_A,0,0,0,0,0,0,3,2,0,0
MEG_7434|Drugs|Glycopeptides|VanD-type_resistance_protein|VANHD|MEG_7434|VANHD-7434_T_992_A,0,0,0,0,0,0,5,0,0,0
MEG_7434|Drugs|Glycopeptides|VanD-type_resistance_protein|VANHD|MEG_7434|VANHD-7434_T_1270_A,0,0,0,0,0,0,9,0,0,1
MEG_7434|Drugs|Glycopeptides|VanD-type_resistance_protein|VANHD|MEG_7434|VANHD-7434_A_1799_T,0,0,0,0,0,0,11,0,0,0
MEG_7434|Drugs|Glycopeptides|VanD-type_resistance_protein|VANHD|MEG_7434|VANHD-7434_C_1831_A,0,0,0,0,0,0,12,0,0,0
MEG_7434|Drugs|Glycopeptides|VanD-type_resistance_protein|VANHD|MEG_7434|VANHD-7434_A_2302_C,0,0,0,0,0,0,5,0,0,0
MEG_7435|Drugs|Glycopeptides|VanD-type_resistance_protein|VANHD|MEG_7435|VANHD-7435_T_1567_G,0,0,1,4,1,0,0,0,0,0
MEG_7438|Drugs|Glycopeptides|VanD-type_resistance_protein|VANHD|MEG_7438|VANHD-7438_A_1007_T,5,2,3,2,1,0,0,0,0,0
MEG_7438|Drugs|Glycopeptides|VanD-type_resistance_protein|VANHD|MEG_7438|VANHD-7438_A_1035_G,4,3,2,4,1,0,0,0,0,0
MEG_7438|Drugs|Glycopeptides|VanD-type_resistance_protein|VANHD|MEG_7438|VANHD-7438_T_1100_G,0,3,0,3,1,0,0,0,0,0
MEG_7438|Drugs|Glycopeptides|VanD-type_resistance_protein|VANHD|MEG_7438|VANHD-7438_A_2058_C,2,1,3,1,3,0,0,0,0,0
MEG_7438|Drugs|Glycopeptides|VanD-type_resistance_protein|VANHD|MEG_7438|VANHD-7438_T_2147_A,0,2,1,0,4,0,0,0,0,0
MEG_7440|Drugs|Glycopeptides|VanI-type_resistance_protein|VANI|MEG_7440|VANI-7440_g_35_T,0,0,0,0,0,0,0,1,0,5
MEG_7440|Drugs|Glycopeptides|VanI-type_resistance_protein|VANI|MEG_7440|VANI-7440_c_524_T,0,0,0,0,0,1,2,0,0,5
MEG_7440|Drugs|Glycopeptides|VanI-type_resistance_protein|VANI|MEG_7440|VANI-7440_g_688_T,0,0,0,0,0,1,4,2,0,3
MEG_7440|Drugs|Glycopeptides|VanI-type_resistance_protein|VANI|MEG_7440|VANI-7440_t_1011_A,0,0,0,0,0,0,3,0,0,2
MEG_7441|Drugs|Glycopeptides|VanI-type_resistance_protein|VANI|MEG_7441|VANI-7441_g_238_C,0,1,0,3,0,0,0,0,0,0
MEG_7444|Drugs|Glycopeptides|VanL-type_resistance_protein|VANL|MEG_7444|VANL-7444_T_208_A,2,0,1,0,1,0,0,0,0,0
MEG_7444|Drugs|Glycopeptides|VanL-type_resistance_protein|VANL|MEG_7444|VANL-7444_C_473_A,0,0,3,0,1,0,0,0,0,0
MEG_7444|Drugs|Glycopeptides|VanL-type_resistance_protein|VANL|MEG_7444|VANL-7444_A_694_G,0,3,1,0,1,0,0,0,0,0
MEG_7445|Drugs|Glycopeptides|VanL-type_resistance_protein|VANL|MEG_7445|VANL-7445_T_208_A,3,1,1,0,0,0,0,0,0,0
MEG_7445|Drugs|Glycopeptides|VanL-type_resistance_protein|VANL|MEG_7445|VANL-7445_A_269_T,3,2,0,0,0,0,0,0,0,0
MEG_7445|Drugs|Glycopeptides|VanL-type_resistance_protein|VANL|MEG_7445|VANL-7445_T_603_G,0,3,0,1,1,0,0,0,0,0
MEG_7445|Drugs|Glycopeptides|VanL-type_resistance_protein|VANL|MEG_7445|VANL-7445_C_614_T,0,2,0,1,1,0,0,0,0,0
MEG_7445|Drugs|Glycopeptides|VanL-type_resistance_protein|VANL|MEG_7445|VANL-7445_C_776_T,2,2,0,0,0,0,0,0,0,0
MEG_7446|Drugs|Glycopeptides|VanN-type_resistance_protein|VANN|MEG_7446|VANN-7446_T_223_A,6,0,3,0,0,0,0,0,0,0
MEG_7447|Drugs|Glycopeptides|VanN-type_resistance_protein|VANN|MEG_7447|VANN-7447_T_223_A,2,0,2,0,0,0,0,0,0,0
MEG_7447|Drugs|Glycopeptides|VanN-type_resistance_protein|VANN|MEG_7447|VANN-7447_G_468_T,4,0,0,3,0,0,0,0,0,0
MEG_7447|Drugs|Glycopeptides|VanN-type_resistance_protein|VANN|MEG_7447|VANN-7447_A_500_C,0,0,0,0,0,0,3,0,1,0
MEG_7447|Drugs|Glycopeptides|VanN-type_resistance_protein|VANN|MEG_7447|VANN-7447_A_769_T,0,0,0,0,0,1,2,1,0,0
MEG_7447|Drugs|Glycopeptides|VanN-type_resistance_protein|VANN|MEG_7447|VANN-7447_A_1183_G,5,1,6,0,0,0,0,0,0,0
MEG_7447|Drugs|Glycopeptides|VanN-type_resistance_protein|VANN|MEG_7447|VANN-7447_A_1320_G,5,0,6,0,0,0,0,0,0,0
MEG_7447|Drugs|Glycopeptides|VanN-type_resistance_protein|VANN|MEG_7447|VANN-7447_T_1508_G,4,1,4,0,0,0,0,0,0,0
MEG_7459|Drugs|Glycopeptides|VanA-type_regulator|VANRA|MEG_7459|VANRA-7459_T_147_A,0,0,0,0,0,1,6,2,0,0
MEG_7459|Drugs|Glycopeptides|VanA-type_regulator|VANRA|MEG_7459|VANRA-7459_T_486_C,0,0,0,0,0,2,4,3,0,0
MEG_7459|Drugs|Glycopeptides|VanA-type_regulator|VANRA|MEG_7459|VANRA-7459_C_534_T,0,0,0,0,0,2,5,3,0,0
MEG_7464|Drugs|Glycopeptides|VanB-type_regulator|VANRB|MEG_7464|VANRB-7464_T_39_C,0,0,4,1,0,0,0,0,0,0
MEG_7464|Drugs|Glycopeptides|VanB-type_regulator|VANRB|MEG_7464|VANRB-7464_G_91_T,0,0,5,1,0,0,0,0,0,0
MEG_7464|Drugs|Glycopeptides|VanB-type_regulator|VANRB|MEG_7464|VANRB-7464_C_242_G,0,0,1,1,3,0,0,0,0,0
MEG_7468|Drugs|Glycopeptides|VanB-type_regulator|VANRB|MEG_7468|VANRB-7468_T_382_C,2,0,3,0,1,0,0,0,0,0
MEG_7468|Drugs|Glycopeptides|VanB-type_regulator|VANRB|MEG_7468|VANRB-7468_C_472_T,1,0,6,0,0,0,0,0,0,0
MEG_7468|Drugs|Glycopeptides|VanB-type_regulator|VANRB|MEG_7468|VANRB-7468_G_1128_C,2,0,4,0,0,0,0,0,0,0
MEG_7468|Drugs|Glycopeptides|VanB-type_regulator|VANRB|MEG_7468|VANRB-7468_A_1148_C,2,0,4,0,0,0,0,0,0,0
MEG_7468|Drugs|Glycopeptides|VanB-type_regulator|VANRB|MEG_7468|VANRB-7468_C_1280_T,3,0,5,0,1,0,0,0,0,0
MEG_7469|Drugs|Glycopeptides|VanB-type_regulator|VANRB|MEG_7469|VANRB-7469_A_313_C,0,0,0,0,0,0,3,1,2,0
MEG_7469|Drugs|Glycopeptides|VanB-type_regulator|VANRB|MEG_7469|VANRB-7469_A_331_G,2,0,0,3,0,0,0,0,0,0
MEG_7469|Drugs|Glycopeptides|VanB-type_regulator|VANRB|MEG_7469|VANRB-7469_G_366_A,2,0,0,4,0,0,0,0,0,0
MEG_7475|Drugs|Glycopeptides|VanD-type_regulator|VANRD|MEG_7475|VANRD-7475_c_48_T,0,0,0,0,0,0,4,1,0,1
MEG_7475|Drugs|Glycopeptides|VanD-type_regulator|VANRD|MEG_7475|VANRD-7475_t_227_G,0,0,0,0,0,0,5,1,0,0
MEG_7475|Drugs|Glycopeptides|VanD-type_regulator|VANRD|MEG_7475|VANRD-7475_c_267_A,0,0,0,0,0,0,4,0,0,1
MEG_7475|Drugs|Glycopeptides|VanD-type_regulator|VANRD|MEG_7475|VANRD-7475_a_412_C,0,0,0,0,0,0,3,1,0,1
MEG_7475|Drugs|Glycopeptides|VanD-type_regulator|VANRD|MEG_7475|VANRD-7475_g_466_T,0,0,0,0,0,0,4,1,0,0
MEG_7475|Drugs|Glycopeptides|VanD-type_regulator|VANRD|MEG_7475|VANRD-7475_g_514_T,0,0,0,0,0,1,4,1,0,0
MEG_7475|Drugs|Glycopeptides|VanD-type_regulator|VANRD|MEG_7475|VANRD-7475_t_548_G,0,0,0,0,0,1,5,0,0,0
MEG_7482|Drugs|Glycopeptides|VanL-type_regulator|VANRI|MEG_7482|VANRI-7482_T_350_C,0,0,0,0,0,0,2,2,1,0
MEG_7483|Drugs|Glycopeptides|VanL-type_regulator|VANRL|MEG_7483|VANRL-7483_A_132_C,0,0,0,0,0,3,0,0,3,0
MEG_7483|Drugs|Glycopeptides|VanL-type_regulator|VANRL|MEG_7483|VANRL-7483_A_420_G,0,0,0,0,0,3,0,0,1,0
MEG_7483|Drugs|Glycopeptides|VanL-type_regulator|VANRL|MEG_7483|VANRL-7483_A_570_T,0,0,0,0,0,3,0,0,2,1
MEG_7483|Drugs|Glycopeptides|VanL-type_regulator|VANRL|MEG_7483|VANRL-7483_A_584_T,0,0,0,0,0,4,0,0,2,1
MEG_7490|Drugs|Glycopeptides|VanB-type_regulator|VANSB|MEG_7490|VANSB-7490_a_181_G,1,0,0,3,0,0,0,0,0,0
MEG_7490|Drugs|Glycopeptides|VanB-type_regulator|VANSB|MEG_7490|VANSB-7490_t_451_C,1,0,0,4,0,0,0,0,0,0
MEG_7491|Drugs|Glycopeptides|VanB-type_regulator|VANSB|MEG_7491|VANSB-7491_t_658_C,2,1,0,3,0,0,0,0,0,0
MEG_7493|Drugs|Glycopeptides|VanB-type_regulator|VANSB|MEG_7493|VANSB-7493_T_1190_G,1,0,0,2,1,0,0,0,0,0
MEG_7498|Drugs|Glycopeptides|VanC-type_regulator|VANSC|MEG_7498|VANSC-7498_c_140_G,0,0,0,0,0,0,5,6,2,1
MEG_7498|Drugs|Glycopeptides|VanC-type_regulator|VANSC|MEG_7498|VANSC-7498_t_365_G,0,0,0,0,0,0,9,2,0,2
MEG_7498|Drugs|Glycopeptides|VanC-type_regulator|VANSC|MEG_7498|VANSC-7498_a_390_T,0,0,0,0,0,0,7,2,0,3
MEG_7498|Drugs|Glycopeptides|VanC-type_regulator|VANSC|MEG_7498|VANSC-7498_t_441_A,0,0,0,0,0,0,5,1,1,1
MEG_7498|Drugs|Glycopeptides|VanC-type_regulator|VANSC|MEG_7498|VANSC-7498_t_489_C,0,0,0,0,0,0,4,3,1,2
MEG_7498|Drugs|Glycopeptides|VanC-type_regulator|VANSC|MEG_7498|VANSC-7498_c_493_T,0,0,0,0,0,0,4,3,1,2
MEG_7507|Drugs|Glycopeptides|VanD-type_regulator|VANSD|MEG_7507|VANSD-7507_C_478_G,0,0,0,0,0,4,4,9,21,2
MEG_7507|Drugs|Glycopeptides|VanD-type_regulator|VANSD|MEG_7507|VANSD-7507_A_519_C,0,0,0,0,0,4,2,6,25,1
MEG_7507|Drugs|Glycopeptides|VanD-type_regulator|VANSD|MEG_7507|VANSD-7507_A_560_T,0,0,0,0,0,1,1,3,30,1
MEG_7507|Drugs|Glycopeptides|VanD-type_regulator|VANSD|MEG_7507|VANSD-7507_C_861_A,0,0,0,0,0,1,1,9,9,3
MEG_7507|Drugs|Glycopeptides|VanD-type_regulator|VANSD|MEG_7507|VANSD-7507_C_876_G,0,0,0,0,0,1,0,8,13,3
MEG_7507|Drugs|Glycopeptides|VanD-type_regulator|VANSD|MEG_7507|VANSD-7507_C_1086_G,0,0,0,0,0,0,1,1,16,1
MEG_7507|Drugs|Glycopeptides|VanD-type_regulator|VANSD|MEG_7507|VANSD-7507_A_1105_G,0,0,0,0,0,0,1,0,11,0
MEG_7507|Drugs|Glycopeptides|VanD-type_regulator|VANSD|MEG_7507|VANSD-7507_C_1131_T,0,0,0,0,0,0,0,0,5,0
MEG_7525|Drugs|Glycopeptides|VanC-type_resistance_protein|VANTC|MEG_7525|VANTC-7525_a_64_G,3,1,6,2,1,0,0,0,0,0
MEG_7525|Drugs|Glycopeptides|VanC-type_resistance_protein|VANTC|MEG_7525|VANTC-7525_g_2032_T,3,1,5,0,0,0,0,0,0,0
MEG_7525|Drugs|Glycopeptides|VanC-type_resistance_protein|VANTC|MEG_7525|VANTC-7525_t_2082_C,3,0,3,1,0,0,0,0,0,0
MEG_7530|Drugs|Glycopeptides|VanE-type_resistance_protein|VANTE|MEG_7530|VANTE-7530_T_269_C,1,0,4,9,10,0,0,0,0,0
MEG_7530|Drugs|Glycopeptides|VanE-type_resistance_protein|VANTE|MEG_7530|VANTE-7530_G_397_C,0,0,3,10,7,0,0,0,0,0
MEG_7530|Drugs|Glycopeptides|VanE-type_resistance_protein|VANTE|MEG_7530|VANTE-7530_C_414_A,0,0,1,11,8,0,0,0,0,0
MEG_7530|Drugs|Glycopeptides|VanE-type_resistance_protein|VANTE|MEG_7530|VANTE-7530_G_503_T,1,0,2,11,10,0,0,0,0,0
MEG_7530|Drugs|Glycopeptides|VanE-type_resistance_protein|VANTE|MEG_7530|VANTE-7530_T_600_A,1,3,3,7,6,0,0,0,0,0
MEG_7530|Drugs|Glycopeptides|VanE-type_resistance_protein|VANTE|MEG_7530|VANTE-7530_C_725_A,0,1,3,11,8,0,0,0,0,0
MEG_7530|Drugs|Glycopeptides|VanE-type_resistance_protein|VANTE|MEG_7530|VANTE-7530_A_901_G,2,0,4,8,7,0,0,0,0,0
MEG_7530|Drugs|Glycopeptides|VanE-type_resistance_protein|VANTE|MEG_7530|VANTE-7530_T_983_A,0,1,2,7,12,0,0,0,0,0
MEG_7530|Drugs|Glycopeptides|VanE-type_resistance_protein|VANTE|MEG_7530|VANTE-7530_A_1147_T,3,1,3,11,7,0,0,0,0,0
MEG_7531|Drugs|Glycopeptides|VanG-type_resistance_protein|VANTG|MEG_7531|VANTG-7531_c_111_A,0,0,0,0,0,0,3,6,2,2
MEG_7531|Drugs|Glycopeptides|VanG-type_resistance_protein|VANTG|MEG_7531|VANTG-7531_c_271_A,0,0,0,0,0,0,0,4,1,2
MEG_7531|Drugs|Glycopeptides|VanG-type_resistance_protein|VANTG|MEG_7531|VANTG-7531_t_375_G,0,0,0,0,0,0,1,4,0,1
MEG_7531|Drugs|Glycopeptides|VanG-type_resistance_protein|VANTG|MEG_7531|VANTG-7531_t_656_C,0,0,0,0,0,0,10,4,6,1
MEG_7531|Drugs|Glycopeptides|VanG-type_resistance_protein|VANTG|MEG_7531|VANTG-7531_t_1352_G,0,0,0,0,0,0,6,4,3,2
MEG_7531|Drugs|Glycopeptides|VanG-type_resistance_protein|VANTG|MEG_7531|VANTG-7531_t_1356_A,0,0,0,0,0,0,5,4,3,2
MEG_7531|Drugs|Glycopeptides|VanG-type_resistance_protein|VANTG|MEG_7531|VANTG-7531_a_1912_C,0,0,0,0,0,0,0,1,1,2
MEG_7533|Drugs|Glycopeptides|VanL-type_resistance_protein|VANTML|MEG_7533|VANTML-7533_A_11_G,0,0,0,0,0,2,1,0,3,0
MEG_7533|Drugs|Glycopeptides|VanL-type_resistance_protein|VANTML|MEG_7533|VANTML-7533_G_19_T,0,0,0,0,0,3,1,0,3,1
MEG_7533|Drugs|Glycopeptides|VanL-type_resistance_protein|VANTML|MEG_7533|VANTML-7533_T_75_G,0,0,0,0,0,6,4,0,7,3
MEG_7533|Drugs|Glycopeptides|VanL-type_resistance_protein|VANTML|MEG_7533|VANTML-7533_T_465_G,0,0,0,0,0,4,7,0,14,2
MEG_7533|Drugs|Glycopeptides|VanL-type_resistance_protein|VANTML|MEG_7533|VANTML-7533_A_552_T,0,0,0,0,0,7,10,0,10,5
MEG_7533|Drugs|Glycopeptides|VanL-type_resistance_protein|VANTML|MEG_7533|VANTML-7533_A_666_C,0,0,0,0,0,8,10,0,11,2
MEG_7533|Drugs|Glycopeptides|VanL-type_resistance_protein|VANTML|MEG_7533|VANTML-7533_C_937_A,0,0,0,0,0,4,9,0,7,4
MEG_7533|Drugs|Glycopeptides|VanL-type_resistance_protein|VANTML|MEG_7533|VANTML-7533_A_961_T,0,0,0,0,0,3,7,0,7,3
MEG_7537|Drugs|Glycopeptides|VanA-type_accessory_protein|VANWA|MEG_7537|VANWA-7537_C_43_T,0,0,0,0,0,2,0,4,2,1
MEG_7537|Drugs|Glycopeptides|VanA-type_accessory_protein|VANWA|MEG_7537|VANWA-7537_T_177_G,0,0,0,0,0,2,0,4,2,1
MEG_7537|Drugs|Glycopeptides|VanA-type_accessory_protein|VANWA|MEG_7537|VANWA-7537_A_380_C,0,0,0,0,0,2,0,3,1,0
MEG_7537|Drugs|Glycopeptides|VanA-type_accessory_protein|VANWA|MEG_7537|VANWA-7537_G_442_A,0,0,0,0,0,4,4,2,1,0
MEG_7537|Drugs|Glycopeptides|VanA-type_accessory_protein|VANWA|MEG_7537|VANWA-7537_T_593_G,0,0,0,0,0,2,0,2,1,0
MEG_7537|Drugs|Glycopeptides|VanA-type_accessory_protein|VANWA|MEG_7537|VANWA-7537_G_631_A,0,0,0,0,0,2,0,2,1,0
MEG_7543|Drugs|Glycopeptides|VanG-type_accessory_protein|VANWG|MEG_7543|VANWG-7543_A_262_C,2,1,5,0,2,0,0,0,0,0
MEG_7543|Drugs|Glycopeptides|VanG-type_accessory_protein|VANWG|MEG_7543|VANWG-7543_T_380_A,5,1,1,0,1,0,0,0,0,0
MEG_7543|Drugs|Glycopeptides|VanG-type_accessory_protein|VANWG|MEG_7543|VANWG-7543_G_526_T,3,1,1,0,0,0,0,0,0,0
MEG_7543|Drugs|Glycopeptides|VanG-type_accessory_protein|VANWG|MEG_7543|VANWG-7543_A_761_T,2,1,5,0,1,0,0,0,0,0
MEG_7543|Drugs|Glycopeptides|VanG-type_accessory_protein|VANWG|MEG_7543|VANWG-7543_A_784_G,2,1,5,0,2,0,0,0,0,0
MEG_7544|Drugs|Glycopeptides|VanG-type_accessory_protein|VANWG|MEG_7544|VANWG-7544_G_526_T,2,0,2,0,0,0,0,0,0,0
MEG_7545|Drugs|Glycopeptides|VanI-type_accessory_protein|VANWI|MEG_7545|VANWI-7545_G_430_C,0,0,0,0,0,2,13,0,1,0
MEG_7545|Drugs|Glycopeptides|VanI-type_accessory_protein|VANWI|MEG_7545|VANWI-7545_C_531_A,0,0,0,0,0,1,6,1,1,1
MEG_7545|Drugs|Glycopeptides|VanI-type_accessory_protein|VANWI|MEG_7545|VANWI-7545_A_859_G,0,0,0,0,0,0,6,1,1,1
MEG_7545|Drugs|Glycopeptides|VanI-type_accessory_protein|VANWI|MEG_7545|VANWI-7545_T_994_G,0,0,0,0,0,1,13,3,0,0
MEG_7547|Drugs|Glycopeptides|VanA-type_resistance_protein|VANXA|MEG_7547|VANXA-7547_g_536_A,0,0,0,0,0,6,0,0,0,0
MEG_7560|Drugs|Glycopeptides|VanB-type_resistance_protein|VANXB|MEG_7560|VANXB-7560_a_67_T,0,0,0,0,0,2,2,0,0,0
MEG_7571|Drugs|Glycopeptides|VanM-type_resistance_protein|VANXM|MEG_7571|VANXM-7571_C_3133_T,0,0,2,5,0,0,0,0,0,0
MEG_7571|Drugs|Glycopeptides|VanM-type_resistance_protein|VANXM|MEG_7571|VANXM-7571_T_3461_A,0,0,1,3,0,0,0,0,0,0
MEG_7592|Drugs|Glycopeptides|VanA-type_accessory_protein|VANYA|MEG_7592|VANYA-7592_t_349_C,0,0,0,0,0,1,1,3,0,1
MEG_7592|Drugs|Glycopeptides|VanA-type_accessory_protein|VANYA|MEG_7592|VANYA-7592_a_394_C,0,0,0,0,0,1,0,4,0,2
MEG_7592|Drugs|Glycopeptides|VanA-type_accessory_protein|VANYA|MEG_7592|VANYA-7592_g_458_C,0,0,0,0,0,0,0,2,1,1
MEG_7594|Drugs|Glycopeptides|VanA-type_accessory_protein|VANYA|MEG_7594|VANYA-7594_A_75_C,2,0,1,7,0,0,0,0,0,0
MEG_7594|Drugs|Glycopeptides|VanA-type_accessory_protein|VANYA|MEG_7594|VANYA-7594_C_334_G,2,1,2,4,0,0,0,0,0,0
MEG_7594|Drugs|Glycopeptides|VanA-type_accessory_protein|VANYA|MEG_7594|VANYA-7594_T_387_A,4,2,2,4,0,0,0,0,0,0
MEG_7594|Drugs|Glycopeptides|VanA-type_accessory_protein|VANYA|MEG_7594|VANYA-7594_T_393_G,5,2,2,3,0,0,0,0,0,0
MEG_7594|Drugs|Glycopeptides|VanA-type_accessory_protein|VANYA|MEG_7594|VANYA-7594_T_496_C,3,1,1,7,0,0,0,0,0,0
MEG_7603|Drugs|Glycopeptides|VanD-type_accessory_protein|VANYD|MEG_7603|VANYD-7603_A_455_T,0,0,0,0,0,0,4,0,1,2
MEG_7603|Drugs|Glycopeptides|VanD-type_accessory_protein|VANYD|MEG_7603|VANYD-7603_A_886_G,0,0,0,0,0,0,5,0,0,1
MEG_7603|Drugs|Glycopeptides|VanD-type_accessory_protein|VANYD|MEG_7603|VANYD-7603_C_942_G,0,0,0,0,0,0,3,0,1,0
MEG_7604|Drugs|Glycopeptides|VanD-type_accessory_protein|VANYD|MEG_7604|VANYD-7604_A_456_T,0,0,0,0,0,0,5,0,0,0
MEG_7604|Drugs|Glycopeptides|VanD-type_accessory_protein|VANYD|MEG_7604|VANYD-7604_A_887_G,0,0,0,0,0,0,3,0,1,1
MEG_7604|Drugs|Glycopeptides|VanD-type_accessory_protein|VANYD|MEG_7604|VANYD-7604_C_943_G,0,0,0,0,0,0,8,0,1,1
MEG_7605|Drugs|Glycopeptides|VanD-type_accessory_protein|VANYD|MEG_7605|VANYD-7605_G_72_T,2,0,0,4,0,0,0,0,0,0
MEG_7605|Drugs|Glycopeptides|VanD-type_accessory_protein|VANYD|MEG_7605|VANYD-7605_C_73_G,2,0,0,4,0,0,0,0,0,0
MEG_7605|Drugs|Glycopeptides|VanD-type_accessory_protein|VANYD|MEG_7605|VANYD-7605_T_98_C,0,0,0,5,0,0,0,0,0,0
MEG_7605|Drugs|Glycopeptides|VanD-type_accessory_protein|VANYD|MEG_7605|VANYD-7605_C_309_G,8,0,0,3,2,0,0,0,0,0
MEG_7605|Drugs|Glycopeptides|VanD-type_accessory_protein|VANYD|MEG_7605|VANYD-7605_G_508_T,1,0,0,3,1,0,0,0,0,0
MEG_7605|Drugs|Glycopeptides|VanD-type_accessory_protein|VANYD|MEG_7605|VANYD-7605_T_639_G,6,0,0,7,0,0,0,0,0,0
MEG_7605|Drugs|Glycopeptides|VanD-type_accessory_protein|VANYD|MEG_7605|VANYD-7605_A_642_G,6,0,0,7,0,0,0,0,0,0
MEG_7605|Drugs|Glycopeptides|VanD-type_accessory_protein|VANYD|MEG_7605|VANYD-7605_A_868_T,3,1,0,4,2,0,0,0,0,0
MEG_7605|Drugs|Glycopeptides|VanD-type_accessory_protein|VANYD|MEG_7605|VANYD-7605_C_918_G,2,1,0,6,3,0,0,0,0,0
MEG_7608|Drugs|Glycopeptides|VanF-type_accessory_protein|VANYF|MEG_7608|VANYF-7608_C_16_T,0,0,0,0,0,0,3,0,0,1
MEG_7608|Drugs|Glycopeptides|VanF-type_accessory_protein|VANYF|MEG_7608|VANYF-7608_C_151_T,0,0,0,0,0,0,11,0,0,1
MEG_7608|Drugs|Glycopeptides|VanF-type_accessory_protein|VANYF|MEG_7608|VANYF-7608_G_174_C,0,0,0,0,0,0,8,0,0,0
MEG_7608|Drugs|Glycopeptides|VanF-type_accessory_protein|VANYF|MEG_7608|VANYF-7608_A_363_G,0,0,0,0,0,0,7,3,1,1
MEG_7608|Drugs|Glycopeptides|VanF-type_accessory_protein|VANYF|MEG_7608|VANYF-7608_G_406_C,0,0,0,0,0,0,8,3,0,3
MEG_7611|Drugs|Glycopeptides|VanF-type_accessory_protein|VANYF|MEG_7611|VANYF-7611_C_123_A,0,0,0,0,0,0,1,3,0,0
MEG_7611|Drugs|Glycopeptides|VanF-type_accessory_protein|VANYF|MEG_7611|VANYF-7611_C_209_A,0,0,0,0,0,0,7,4,0,3
MEG_7611|Drugs|Glycopeptides|VanF-type_accessory_protein|VANYF|MEG_7611|VANYF-7611_T_249_G,0,0,0,0,0,0,5,5,0,3
MEG_7611|Drugs|Glycopeptides|VanF-type_accessory_protein|VANYF|MEG_7611|VANYF-7611_A_460_T,0,0,0,0,0,1,8,2,0,1
MEG_7611|Drugs|Glycopeptides|VanF-type_accessory_protein|VANYF|MEG_7611|VANYF-7611_G_562_T,0,0,0,0,0,0,5,1,0,0
MEG_7611|Drugs|Glycopeptides|VanF-type_accessory_protein|VANYF|MEG_7611|VANYF-7611_A_580_G,0,0,0,0,0,0,5,1,0,0
MEG_7611|Drugs|Glycopeptides|VanF-type_accessory_protein|VANYF|MEG_7611|VANYF-7611_A_762_G,0,0,0,0,0,0,2,2,0,1
MEG_7617|Drugs|Glycopeptides|VanA-type_accessory_protein|VANZA|MEG_7617|VANZA-7617_A_100_C,0,0,0,0,0,2,4,1,0,0
MEG_7617|Drugs|Glycopeptides|VanA-type_accessory_protein|VANZA|MEG_7617|VANZA-7617_C_237_G,0,0,0,0,0,0,2,2,0,0
MEG_7617|Drugs|Glycopeptides|VanA-type_accessory_protein|VANZA|MEG_7617|VANZA-7617_T_357_A,0,0,0,0,0,1,2,3,0,0
MEG_7617|Drugs|Glycopeptides|VanA-type_accessory_protein|VANZA|MEG_7617|VANZA-7617_G_451_T,0,0,0,0,0,0,2,2,0,0
MEG_7621|Drugs|MLS|Streptogramin_A_O-acetyltransferase|VATA|MEG_7621|VATA-7621_A_394_G,0,0,0,0,0,3,0,4,2,0
MEG_7622|Drugs|MLS|Streptogramin_A_O-acetyltransferase|VATB|MEG_7622|VATB-7622_T_58_A,0,0,0,0,0,2,1,0,1,1
MEG_7622|Drugs|MLS|Streptogramin_A_O-acetyltransferase|VATB|MEG_7622|VATB-7622_T_162_A,0,0,0,0,0,2,0,0,3,0
MEG_7622|Drugs|MLS|Streptogramin_A_O-acetyltransferase|VATB|MEG_7622|VATB-7622_C_406_G,0,0,0,0,0,2,1,0,1,0
MEG_7627|Drugs|MLS|Streptogramin_A_O-acetyltransferase|VATE|MEG_7627|VATE-7627_A_92_C,0,19,0,0,0,0,0,0,0,0
MEG_7627|Drugs|MLS|Streptogramin_A_O-acetyltransferase|VATE|MEG_7627|VATE-7627_T_109_A,0,15,0,0,0,0,0,0,0,0
MEG_7627|Drugs|MLS|Streptogramin_A_O-acetyltransferase|VATE|MEG_7627|VATE-7627_G_175_C,0,5,0,0,0,0,0,0,0,0
MEG_7627|Drugs|MLS|Streptogramin_A_O-acetyltransferase|VATE|MEG_7627|VATE-7627_C_242_T,0,4,0,0,0,0,0,0,0,0
MEG_7627|Drugs|MLS|Streptogramin_A_O-acetyltransferase|VATE|MEG_7627|VATE-7627_A_272_T,0,4,0,0,0,0,0,0,0,0
MEG_7627|Drugs|MLS|Streptogramin_A_O-acetyltransferase|VATE|MEG_7627|VATE-7627_A_308_T,0,10,0,0,0,0,0,0,0,0
MEG_7627|Drugs|MLS|Streptogramin_A_O-acetyltransferase|VATE|MEG_7627|VATE-7627_G_316_C,0,11,0,0,0,0,0,0,0,0
MEG_7628|Drugs|MLS|Streptogramin_A_O-acetyltransferase|VATE|MEG_7628|VATE-7628_A_92_C,1,32,1,0,2,0,0,0,0,0
MEG_7628|Drugs|MLS|Streptogramin_A_O-acetyltransferase|VATE|MEG_7628|VATE-7628_T_109_A,1,28,0,0,2,0,0,0,0,0
MEG_7628|Drugs|MLS|Streptogramin_A_O-acetyltransferase|VATE|MEG_7628|VATE-7628_G_175_C,1,26,0,0,0,0,0,0,0,0
MEG_7628|Drugs|MLS|Streptogramin_A_O-acetyltransferase|VATE|MEG_7628|VATE-7628_C_242_T,0,21,0,0,0,0,0,0,0,0
MEG_7628|Drugs|MLS|Streptogramin_A_O-acetyltransferase|VATE|MEG_7628|VATE-7628_A_272_T,0,14,0,0,0,0,0,0,0,0
MEG_7628|Drugs|MLS|Streptogramin_A_O-acetyltransferase|VATE|MEG_7628|VATE-7628_A_308_T,0,5,0,0,0,0,0,0,0,0
MEG_7628|Drugs|MLS|Streptogramin_A_O-acetyltransferase|VATE|MEG_7628|VATE-7628_G_316_C,0,7,0,0,0,0,0,0,0,0
MEG_7629|Drugs|MLS|Streptogramin_A_O-acetyltransferase|VATE|MEG_7629|VATE-7629_A_308_T,0,4,0,0,0,0,0,0,0,0
MEG_7629|Drugs|MLS|Streptogramin_A_O-acetyltransferase|VATE|MEG_7629|VATE-7629_G_316_C,0,4,0,0,0,0,0,0,0,0
MEG_7630|Drugs|MLS|Streptogramin_A_O-acetyltransferase|VATE|MEG_7630|VATE-7630_T_109_A,0,4,0,0,0,0,0,0,0,0
MEG_7630|Drugs|MLS|Streptogramin_A_O-acetyltransferase|VATE|MEG_7630|VATE-7630_G_175_C,0,5,0,0,0,0,0,0,0,0
MEG_7630|Drugs|MLS|Streptogramin_A_O-acetyltransferase|VATE|MEG_7630|VATE-7630_A_308_T,0,4,0,0,0,0,0,0,0,0
MEG_7630|Drugs|MLS|Streptogramin_A_O-acetyltransferase|VATE|MEG_7630|VATE-7630_G_316_C,0,4,0,0,0,0,0,0,0,0
MEG_7631|Drugs|MLS|Streptogramin_A_O-acetyltransferase|VATE|MEG_7631|VATE-7631_A_92_C,1,4,0,0,0,0,0,0,0,0
MEG_7631|Drugs|MLS|Streptogramin_A_O-acetyltransferase|VATE|MEG_7631|VATE-7631_T_109_A,1,4,0,0,0,0,0,0,0,0
MEG_7631|Drugs|MLS|Streptogramin_A_O-acetyltransferase|VATE|MEG_7631|VATE-7631_G_175_C,0,4,0,0,0,0,0,0,0,0
MEG_7631|Drugs|MLS|Streptogramin_A_O-acetyltransferase|VATE|MEG_7631|VATE-7631_C_242_T,0,6,0,0,0,0,0,0,0,0
MEG_7632|Drugs|MLS|Streptogramin_A_O-acetyltransferase|VATE|MEG_7632|VATE-7632_A_92_C,1,4,0,0,0,0,0,0,0,0
MEG_7632|Drugs|MLS|Streptogramin_A_O-acetyltransferase|VATE|MEG_7632|VATE-7632_T_109_A,1,5,0,0,0,0,0,0,0,0
MEG_7637|Multi-compound|Drug_and_biocide_resistance|Drug_and_biocide_RND_efflux_pumps|VCEA|MEG_7637|VCEA-7637_A_59_T,0,0,0,0,0,0,2,2,1,0
MEG_7637|Multi-compound|Drug_and_biocide_resistance|Drug_and_biocide_RND_efflux_pumps|VCEA|MEG_7637|VCEA-7637_A_1012_C,0,0,0,0,0,2,1,2,1,0
MEG_7641|Multi-compound|Drug_and_biocide_resistance|Drug_and_biocide_MATE_efflux_pumps|VCMA|MEG_7641|VCMA-7641_A_801_T,0,0,3,0,5,0,0,0,0,0
MEG_7641|Multi-compound|Drug_and_biocide_resistance|Drug_and_biocide_MATE_efflux_pumps|VCMA|MEG_7641|VCMA-7641_C_941_T,0,3,5,1,8,0,0,0,0,0
MEG_7643|Biocides|Multi-biocide_resistance|Multi-biocide_MATE_efflux_pump|VCRM|MEG_7643|VCRM-7643_T_501_C,0,0,0,0,0,0,0,9,1,1
MEG_7643|Biocides|Multi-biocide_resistance|Multi-biocide_MATE_efflux_pump|VCRM|MEG_7643|VCRM-7643_T_593_G,0,0,0,0,0,0,0,6,2,1
MEG_7643|Biocides|Multi-biocide_resistance|Multi-biocide_MATE_efflux_pump|VCRM|MEG_7643|VCRM-7643_G_1297_A,0,0,0,0,0,0,0,6,0,2
MEG_7669|Multi-compound|Drug_and_biocide_resistance|Drug_and_biocide_RND_efflux_pumps|VEXB|MEG_7669|VEXB-7669_G_536_A,4,0,9,2,0,0,0,0,0,0
MEG_7669|Multi-compound|Drug_and_biocide_resistance|Drug_and_biocide_RND_efflux_pumps|VEXB|MEG_7669|VEXB-7669_A_2626_G,4,0,8,1,1,0,0,0,0,0
MEG_7669|Multi-compound|Drug_and_biocide_resistance|Drug_and_biocide_RND_efflux_pumps|VEXB|MEG_7669|VEXB-7669_C_2825_G,4,1,3,0,1,0,0,0,0,0
MEG_7669|Multi-compound|Drug_and_biocide_resistance|Drug_and_biocide_RND_efflux_pumps|VEXB|MEG_7669|VEXB-7669_A_2872_G,5,2,6,1,2,0,0,0,0,0
MEG_7671|Multi-compound|Drug_and_biocide_resistance|Drug_and_biocide_RND_efflux_pumps|VEXD|MEG_7671|VEXD-7671_T_122_A,0,0,0,0,0,4,1,1,2,1
MEG_7671|Multi-compound|Drug_and_biocide_resistance|Drug_and_biocide_RND_efflux_pumps|VEXD|MEG_7671|VEXD-7671_T_1589_C,0,0,0,0,0,5,1,6,4,3
MEG_7671|Multi-compound|Drug_and_biocide_resistance|Drug_and_biocide_RND_efflux_pumps|VEXD|MEG_7671|VEXD-7671_C_1764_A,0,0,0,0,0,5,2,7,3,6
MEG_7671|Multi-compound|Drug_and_biocide_resistance|Drug_and_biocide_RND_efflux_pumps|VEXD|MEG_7671|VEXD-7671_C_1842_T,0,0,0,0,0,4,2,7,1,2
MEG_7671|Multi-compound|Drug_and_biocide_resistance|Drug_and_biocide_RND_efflux_pumps|VEXD|MEG_7671|VEXD-7671_C_2125_T,0,0,0,0,0,9,2,5,1,7
MEG_7671|Multi-compound|Drug_and_biocide_resistance|Drug_and_biocide_RND_efflux_pumps|VEXD|MEG_7671|VEXD-7671_G_2660_C,0,0,0,0,0,1,2,4,0,3
MEG_7671|Multi-compound|Drug_and_biocide_resistance|Drug_and_biocide_RND_efflux_pumps|VEXD|MEG_7671|VEXD-7671_T_2876_G,0,0,0,0,0,2,0,0,0,6
MEG_7672|Multi-compound|Drug_and_biocide_resistance|Drug_and_biocide_RND_efflux_pumps|VEXE|MEG_7672|VEXE-7672_A_82_G,1,3,0,8,1,0,0,0,0,0
MEG_7672|Multi-compound|Drug_and_biocide_resistance|Drug_and_biocide_RND_efflux_pumps|VEXE|MEG_7672|VEXE-7672_A_284_G,0,2,0,6,0,0,0,0,0,0
MEG_7672|Multi-compound|Drug_and_biocide_resistance|Drug_and_biocide_RND_efflux_pumps|VEXE|MEG_7672|VEXE-7672_C_397_A,2,2,0,7,1,0,0,0,0,0
MEG_7672|Multi-compound|Drug_and_biocide_resistance|Drug_and_biocide_RND_efflux_pumps|VEXE|MEG_7672|VEXE-7672_G_403_T,2,2,0,7,1,0,0,0,0,0
MEG_7672|Multi-compound|Drug_and_biocide_resistance|Drug_and_biocide_RND_efflux_pumps|VEXE|MEG_7672|VEXE-7672_A_772_G,0,4,0,6,3,0,0,0,0,0
MEG_7672|Multi-compound|Drug_and_biocide_resistance|Drug_and_biocide_RND_efflux_pumps|VEXE|MEG_7672|VEXE-7672_T_781_G,0,4,0,6,3,0,0,0,0,0
MEG_7672|Multi-compound|Drug_and_biocide_resistance|Drug_and_biocide_RND_efflux_pumps|VEXE|MEG_7672|VEXE-7672_A_953_C,1,2,0,4,2,0,0,0,0,0
MEG_7672|Multi-compound|Drug_and_biocide_resistance|Drug_and_biocide_RND_efflux_pumps|VEXE|MEG_7672|VEXE-7672_C_996_G,0,3,0,2,2,0,0,0,0,0
MEG_7678|Drugs|Multi-drug_resistance|Multi-drug_ABC_efflux_pumps|VGA|MEG_7678|VGA-7678_a_189_C,1,0,0,3,5,0,0,0,0,0
MEG_7678|Drugs|Multi-drug_resistance|Multi-drug_ABC_efflux_pumps|VGA|MEG_7678|VGA-7678_t_396_G,1,0,0,3,2,0,0,0,0,0
MEG_7678|Drugs|Multi-drug_resistance|Multi-drug_ABC_efflux_pumps|VGA|MEG_7678|VGA-7678_a_616_T,1,0,2,2,8,0,0,0,0,0
MEG_7678|Drugs|Multi-drug_resistance|Multi-drug_ABC_efflux_pumps|VGA|MEG_7678|VGA-7678_g_1157_C,0,0,0,0,0,1,2,1,0,2
MEG_7678|Drugs|Multi-drug_resistance|Multi-drug_ABC_efflux_pumps|VGA|MEG_7678|VGA-7678_a_1164_C,0,0,0,0,0,1,1,1,0,2
MEG_7678|Drugs|Multi-drug_resistance|Multi-drug_ABC_efflux_pumps|VGA|MEG_7678|VGA-7678_c_1197_T,2,0,1,3,3,0,0,0,0,0
MEG_7678|Drugs|Multi-drug_resistance|Multi-drug_ABC_efflux_pumps|VGA|MEG_7678|VGA-7678_a_1271_C,3,0,1,2,3,0,0,0,0,0
MEG_7680|Drugs|Multi-drug_resistance|Multi-drug_ABC_efflux_pumps|VGA|MEG_7680|VGA-7680_G_1157_C,0,0,0,0,0,2,2,0,1,0
MEG_7680|Drugs|Multi-drug_resistance|Multi-drug_ABC_efflux_pumps|VGA|MEG_7680|VGA-7680_A_1164_C,0,0,0,0,0,2,2,0,1,0
MEG_7680|Drugs|Multi-drug_resistance|Multi-drug_ABC_efflux_pumps|VGA|MEG_7680|VGA-7680_C_1197_T,0,0,1,2,4,0,0,0,0,0
MEG_7680|Drugs|Multi-drug_resistance|Multi-drug_ABC_efflux_pumps|VGA|MEG_7680|VGA-7680_G_1349_C,1,1,0,0,2,0,0,0,0,0
MEG_7681|Drugs|Multi-drug_resistance|Multi-drug_ABC_efflux_pumps|VGA|MEG_7681|VGA-7681_G_248_A,0,0,0,0,0,4,3,0,0,0
MEG_7681|Drugs|Multi-drug_resistance|Multi-drug_ABC_efflux_pumps|VGA|MEG_7681|VGA-7681_A_261_C,0,0,0,0,0,3,3,0,0,0
MEG_7681|Drugs|Multi-drug_resistance|Multi-drug_ABC_efflux_pumps|VGA|MEG_7681|VGA-7681_A_311_T,0,0,0,0,0,1,5,0,3,1
MEG_7681|Drugs|Multi-drug_resistance|Multi-drug_ABC_efflux_pumps|VGA|MEG_7681|VGA-7681_T_396_G,0,0,2,3,4,0,0,0,0,0
MEG_7681|Drugs|Multi-drug_resistance|Multi-drug_ABC_efflux_pumps|VGA|MEG_7681|VGA-7681_A_618_G,0,0,0,0,0,9,8,7,5,1
MEG_7681|Drugs|Multi-drug_resistance|Multi-drug_ABC_efflux_pumps|VGA|MEG_7681|VGA-7681_A_689_C,0,0,0,0,0,8,9,5,7,0
MEG_7681|Drugs|Multi-drug_resistance|Multi-drug_ABC_efflux_pumps|VGA|MEG_7681|VGA-7681_G_1157_C,0,0,0,0,0,6,5,3,0,1
MEG_7681|Drugs|Multi-drug_resistance|Multi-drug_ABC_efflux_pumps|VGA|MEG_7681|VGA-7681_A_1164_C,0,0,0,0,0,4,5,3,0,1
MEG_7682|Drugs|Multi-drug_resistance|Multi-drug_ABC_efflux_pumps|VGA|MEG_7682|VGA-7682_T_52_G,2,1,5,3,2,0,0,0,0,0
MEG_7682|Drugs|Multi-drug_resistance|Multi-drug_ABC_efflux_pumps|VGA|MEG_7682|VGA-7682_A_210_G,1,0,2,6,3,0,0,0,0,0
MEG_7682|Drugs|Multi-drug_resistance|Multi-drug_ABC_efflux_pumps|VGA|MEG_7682|VGA-7682_A_509_G,0,0,0,0,0,1,4,0,0,4
MEG_7682|Drugs|Multi-drug_resistance|Multi-drug_ABC_efflux_pumps|VGA|MEG_7682|VGA-7682_A_538_C,0,0,0,0,0,1,6,1,0,3
MEG_7682|Drugs|Multi-drug_resistance|Multi-drug_ABC_efflux_pumps|VGA|MEG_7682|VGA-7682_A_686_T,0,0,1,0,0,4,6,2,1,2
MEG_7682|Drugs|Multi-drug_resistance|Multi-drug_ABC_efflux_pumps|VGA|MEG_7682|VGA-7682_A_723_T,3,1,6,7,3,0,0,0,0,0
MEG_7682|Drugs|Multi-drug_resistance|Multi-drug_ABC_efflux_pumps|VGA|MEG_7682|VGA-7682_G_825_T,0,0,0,0,0,4,7,3,0,2
MEG_7682|Drugs|Multi-drug_resistance|Multi-drug_ABC_efflux_pumps|VGA|MEG_7682|VGA-7682_T_1014_A,0,0,0,0,0,2,6,0,0,1
MEG_7682|Drugs|Multi-drug_resistance|Multi-drug_ABC_efflux_pumps|VGA|MEG_7682|VGA-7682_C_1094_G,0,0,0,0,0,4,7,0,1,2
MEG_7682|Drugs|Multi-drug_resistance|Multi-drug_ABC_efflux_pumps|VGA|MEG_7682|VGA-7682_C_1189_G,0,0,0,0,0,2,5,2,2,1
MEG_7683|Drugs|Multi-drug_resistance|Multi-drug_ABC_efflux_pumps|VGA|MEG_7683|VGA-7683_T_165_C,0,0,0,0,0,8,12,1,4,0
MEG_7683|Drugs|Multi-drug_resistance|Multi-drug_ABC_efflux_pumps|VGA|MEG_7683|VGA-7683_G_334_C,0,0,0,0,0,17,6,3,0,1
MEG_7683|Drugs|Multi-drug_resistance|Multi-drug_ABC_efflux_pumps|VGA|MEG_7683|VGA-7683_A_368_T,0,0,0,0,0,14,9,4,0,0
MEG_7683|Drugs|Multi-drug_resistance|Multi-drug_ABC_efflux_pumps|VGA|MEG_7683|VGA-7683_A_461_G,0,0,0,0,0,13,11,2,4,1
MEG_7684|Drugs|Multi-drug_resistance|Multi-drug_ABC_efflux_pumps|VGA|MEG_7684|VGA-7684_G_496_T,0,0,0,0,0,0,0,3,1,1
MEG_7685|Drugs|Multi-drug_resistance|Multi-drug_ABC_efflux_pumps|VGA|MEG_7685|VGA-7685_A_330_C,2,3,0,0,0,0,0,0,0,0
MEG_7685|Drugs|Multi-drug_resistance|Multi-drug_ABC_efflux_pumps|VGA|MEG_7685|VGA-7685_A_332_G,2,3,0,0,0,0,0,0,0,0
MEG_7685|Drugs|Multi-drug_resistance|Multi-drug_ABC_efflux_pumps|VGA|MEG_7685|VGA-7685_A_1061_G,2,1,1,1,0,0,0,0,0,0
MEG_7685|Drugs|Multi-drug_resistance|Multi-drug_ABC_efflux_pumps|VGA|MEG_7685|VGA-7685_A_1082_T,2,0,1,0,1,0,0,0,0,0
MEG_7686|Drugs|Multi-drug_resistance|Multi-drug_ABC_efflux_pumps|VGA|MEG_7686|VGA-7686_G_248_A,0,0,0,0,0,2,2,2,0,1
MEG_7686|Drugs|Multi-drug_resistance|Multi-drug_ABC_efflux_pumps|VGA|MEG_7686|VGA-7686_A_261_C,0,0,0,0,0,2,2,2,0,1
MEG_7686|Drugs|Multi-drug_resistance|Multi-drug_ABC_efflux_pumps|VGA|MEG_7686|VGA-7686_A_311_T,0,0,0,0,0,2,2,0,0,0
MEG_7686|Drugs|Multi-drug_resistance|Multi-drug_ABC_efflux_pumps|VGA|MEG_7686|VGA-7686_T_396_G,0,0,0,2,3,0,0,0,0,0
MEG_7686|Drugs|Multi-drug_resistance|Multi-drug_ABC_efflux_pumps|VGA|MEG_7686|VGA-7686_A_616_T,2,0,0,5,4,0,0,0,0,0
MEG_7686|Drugs|Multi-drug_resistance|Multi-drug_ABC_efflux_pumps|VGA|MEG_7686|VGA-7686_G_1157_C,0,0,0,0,0,4,1,0,0,0
MEG_7686|Drugs|Multi-drug_resistance|Multi-drug_ABC_efflux_pumps|VGA|MEG_7686|VGA-7686_A_1164_C,0,0,0,0,0,3,1,0,0,0
MEG_7686|Drugs|Multi-drug_resistance|Multi-drug_ABC_efflux_pumps|VGA|MEG_7686|VGA-7686_C_1197_T,1,0,1,1,4,0,0,0,0,0
MEG_7686|Drugs|Multi-drug_resistance|Multi-drug_ABC_efflux_pumps|VGA|MEG_7686|VGA-7686_A_1271_C,1,0,0,1,2,0,0,0,0,0
MEG_7687|Drugs|Multi-drug_resistance|Multi-drug_ABC_efflux_pumps|VGA|MEG_7687|VGA-7687_T_161_G,1,1,1,1,1,0,0,0,0,0
MEG_7687|Drugs|Multi-drug_resistance|Multi-drug_ABC_efflux_pumps|VGA|MEG_7687|VGA-7687_G_248_A,0,0,0,0,0,0,4,0,0,0
MEG_7687|Drugs|Multi-drug_resistance|Multi-drug_ABC_efflux_pumps|VGA|MEG_7687|VGA-7687_A_261_C,0,0,0,0,0,1,4,0,0,0
MEG_7687|Drugs|Multi-drug_resistance|Multi-drug_ABC_efflux_pumps|VGA|MEG_7687|VGA-7687_T_791_A,0,0,5,0,0,0,0,0,0,0
MEG_7687|Drugs|Multi-drug_resistance|Multi-drug_ABC_efflux_pumps|VGA|MEG_7687|VGA-7687_T_988_C,2,1,1,0,2,0,0,0,0,0
MEG_7687|Drugs|Multi-drug_resistance|Multi-drug_ABC_efflux_pumps|VGA|MEG_7687|VGA-7687_C_989_A,2,1,1,0,2,0,0,0,0,0
MEG_7687|Drugs|Multi-drug_resistance|Multi-drug_ABC_efflux_pumps|VGA|MEG_7687|VGA-7687_A_1061_G,4,0,2,0,2,0,0,0,0,0
MEG_7687|Drugs|Multi-drug_resistance|Multi-drug_ABC_efflux_pumps|VGA|MEG_7687|VGA-7687_A_1082_T,3,1,2,0,3,0,0,0,0,0
MEG_7687|Drugs|Multi-drug_resistance|Multi-drug_ABC_efflux_pumps|VGA|MEG_7687|VGA-7687_G_1349_C,0,0,2,0,3,0,0,0,0,0
MEG_7688|Drugs|Multi-drug_resistance|Multi-drug_ABC_efflux_pumps|VGAB|MEG_7688|VGAB-7688_C_1028_T,0,0,0,0,0,1,14,17,3,0
MEG_7688|Drugs|Multi-drug_resistance|Multi-drug_ABC_efflux_pumps|VGAB|MEG_7688|VGAB-7688_C_1084_T,0,0,0,0,0,0,16,7,3,0
MEG_7688|Drugs|Multi-drug_resistance|Multi-drug_ABC_efflux_pumps|VGAB|MEG_7688|VGAB-7688_A_1476_C,0,0,0,0,0,1,11,5,2,0
MEG_7689|Drugs|Multi-drug_resistance|Multi-drug_ABC_efflux_pumps|VGAD|MEG_7689|VGAD-7689_A_396_C,0,0,0,0,0,0,14,3,0,1
MEG_7689|Drugs|Multi-drug_resistance|Multi-drug_ABC_efflux_pumps|VGAD|MEG_7689|VGAD-7689_A_446_C,0,0,0,0,0,0,10,3,0,0
MEG_7689|Drugs|Multi-drug_resistance|Multi-drug_ABC_efflux_pumps|VGAD|MEG_7689|VGAD-7689_A_611_C,0,0,0,0,0,0,14,5,0,1
MEG_7689|Drugs|Multi-drug_resistance|Multi-drug_ABC_efflux_pumps|VGAD|MEG_7689|VGAD-7689_C_909_A,0,0,0,0,0,0,13,4,0,1
MEG_7689|Drugs|Multi-drug_resistance|Multi-drug_ABC_efflux_pumps|VGAD|MEG_7689|VGAD-7689_G_994_C,0,0,0,0,0,0,19,2,0,4
MEG_7689|Drugs|Multi-drug_resistance|Multi-drug_ABC_efflux_pumps|VGAD|MEG_7689|VGAD-7689_A_1204_T,0,0,0,0,0,0,9,3,0,1
MEG_7689|Drugs|Multi-drug_resistance|Multi-drug_ABC_efflux_pumps|VGAD|MEG_7689|VGAD-7689_A_1415_G,0,0,0,0,0,0,12,3,0,2
MEG_7689|Drugs|Multi-drug_resistance|Multi-drug_ABC_efflux_pumps|VGAD|MEG_7689|VGAD-7689_C_1431_A,0,0,0,0,0,0,8,3,0,1
MEG_7691|Drugs|MLS|Streptogramin_B_ester_bond_cleavage|VGBA|MEG_7691|VGBA-7691_a_153_T,0,0,0,0,0,4,0,2,1,1
MEG_7691|Drugs|MLS|Streptogramin_B_ester_bond_cleavage|VGBA|MEG_7691|VGBA-7691_c_234_G,3,1,1,0,0,0,0,0,0,0
MEG_7691|Drugs|MLS|Streptogramin_B_ester_bond_cleavage|VGBA|MEG_7691|VGBA-7691_g_246_T,4,1,1,0,0,0,0,0,0,0
MEG_7691|Drugs|MLS|Streptogramin_B_ester_bond_cleavage|VGBA|MEG_7691|VGBA-7691_a_313_C,5,1,0,0,0,0,0,0,0,0
MEG_7691|Drugs|MLS|Streptogramin_B_ester_bond_cleavage|VGBA|MEG_7691|VGBA-7691_a_324_G,0,0,0,0,0,1,0,5,0,0
MEG_7691|Drugs|MLS|Streptogramin_B_ester_bond_cleavage|VGBA|MEG_7691|VGBA-7691_t_396_C,0,0,0,0,0,3,0,2,2,1
MEG_7691|Drugs|MLS|Streptogramin_B_ester_bond_cleavage|VGBA|MEG_7691|VGBA-7691_c_468_A,3,0,1,0,0,0,0,0,0,0
MEG_7691|Drugs|MLS|Streptogramin_B_ester_bond_cleavage|VGBA|MEG_7691|VGBA-7691_a_803_T,5,0,2,0,0,0,0,0,0,0
MEG_7691|Drugs|MLS|Streptogramin_B_ester_bond_cleavage|VGBA|MEG_7691|VGBA-7691_c_877_A,3,0,1,0,0,0,0,0,0,0
MEG_7692|Drugs|MLS|Streptogramin_B_ester_bond_cleavage|VGBA|MEG_7692|VGBA-7692_A_324_G,0,0,0,0,0,3,0,3,0,1
MEG_7692|Drugs|MLS|Streptogramin_B_ester_bond_cleavage|VGBA|MEG_7692|VGBA-7692_T_396_C,0,0,0,0,0,2,0,4,0,0
MEG_7692|Drugs|MLS|Streptogramin_B_ester_bond_cleavage|VGBA|MEG_7692|VGBA-7692_C_468_A,5,1,0,0,0,0,0,0,0,0
MEG_7771|Biocides|Multi-biocide_resistance|Multi-biocide_RND_efflux_pump|VMEA|MEG_7771|VMEA-7771_G_248_C,0,0,0,0,0,0,5,0,0,0
MEG_7771|Biocides|Multi-biocide_resistance|Multi-biocide_RND_efflux_pump|VMEA|MEG_7771|VMEA-7771_A_263_C,0,0,0,0,0,0,5,0,0,0
MEG_7771|Biocides|Multi-biocide_resistance|Multi-biocide_RND_efflux_pump|VMEA|MEG_7771|VMEA-7771_C_320_T,0,0,0,0,0,1,3,0,0,0
MEG_7771|Biocides|Multi-biocide_resistance|Multi-biocide_RND_efflux_pump|VMEA|MEG_7771|VMEA-7771_T_414_C,0,0,0,0,0,0,2,2,0,0
MEG_7771|Biocides|Multi-biocide_resistance|Multi-biocide_RND_efflux_pump|VMEA|MEG_7771|VMEA-7771_C_1005_G,0,0,0,0,0,1,8,2,0,1
MEG_7772|Biocides|Multi-biocide_resistance|Multi-biocide_RND_efflux_pump|VMEA|MEG_7772|VMEA-7772_C_103_G,0,0,0,0,0,1,2,3,2,0
MEG_7772|Biocides|Multi-biocide_resistance|Multi-biocide_RND_efflux_pump|VMEA|MEG_7772|VMEA-7772_G_496_A,0,2,2,0,0,0,0,0,0,0
MEG_7773|Biocides|Multi-biocide_resistance|Multi-biocide_RND_efflux_pump|VMEA|MEG_7773|VMEA-7773_A_49_T,0,0,0,0,0,0,5,1,0,0
MEG_7773|Biocides|Multi-biocide_resistance|Multi-biocide_RND_efflux_pump|VMEA|MEG_7773|VMEA-7773_A_75_G,0,0,0,0,0,0,6,1,0,0
MEG_7773|Biocides|Multi-biocide_resistance|Multi-biocide_RND_efflux_pump|VMEA|MEG_7773|VMEA-7773_C_385_A,0,0,0,0,0,0,6,1,0,0
MEG_7773|Biocides|Multi-biocide_resistance|Multi-biocide_RND_efflux_pump|VMEA|MEG_7773|VMEA-7773_G_572_T,4,3,4,0,0,0,0,0,0,0
MEG_7773|Biocides|Multi-biocide_resistance|Multi-biocide_RND_efflux_pump|VMEA|MEG_7773|VMEA-7773_A_583_T,4,2,4,0,0,0,0,0,0,0
MEG_7773|Biocides|Multi-biocide_resistance|Multi-biocide_RND_efflux_pump|VMEA|MEG_7773|VMEA-7773_C_697_T,0,0,0,0,0,0,4,1,0,0
MEG_7773|Biocides|Multi-biocide_resistance|Multi-biocide_RND_efflux_pump|VMEA|MEG_7773|VMEA-7773_C_762_A,0,0,0,0,0,0,6,1,0,0
MEG_7773|Biocides|Multi-biocide_resistance|Multi-biocide_RND_efflux_pump|VMEA|MEG_7773|VMEA-7773_C_918_T,4,2,1,0,0,0,0,0,0,0
MEG_7773|Biocides|Multi-biocide_resistance|Multi-biocide_RND_efflux_pump|VMEA|MEG_7773|VMEA-7773_T_1019_A,4,2,1,0,1,0,0,0,0,0
MEG_7774|Biocides|Multi-biocide_resistance|Multi-biocide_RND_efflux_pump|VMEA|MEG_7774|VMEA-7774_C_656_G,4,0,0,0,1,0,0,0,0,0
MEG_7776|Biocides|Multi-biocide_resistance|Multi-biocide_RND_efflux_pump|VMEA|MEG_7776|VMEA-7776_C_768_G,0,0,0,0,0,0,8,0,1,0
MEG_7776|Biocides|Multi-biocide_resistance|Multi-biocide_RND_efflux_pump|VMEA|MEG_7776|VMEA-7776_T_840_A,0,0,0,0,0,0,5,0,2,0
MEG_7779|Biocides|Multi-biocide_resistance|Multi-biocide_RND_efflux_pump|VMEA|MEG_7779|VMEA-7779_G_56_A,1,0,0,2,2,0,0,0,0,0
MEG_7780|Biocides|Multi-biocide_resistance|Multi-biocide_RND_efflux_pump|VMEA|MEG_7780|VMEA-7780_C_320_T,0,0,0,0,0,2,2,0,0,0
MEG_7780|Biocides|Multi-biocide_resistance|Multi-biocide_RND_efflux_pump|VMEA|MEG_7780|VMEA-7780_A_700_C,0,0,0,0,0,1,4,2,0,3
MEG_7780|Biocides|Multi-biocide_resistance|Multi-biocide_RND_efflux_pump|VMEA|MEG_7780|VMEA-7780_G_745_T,0,0,0,0,0,0,6,2,2,2
MEG_7780|Biocides|Multi-biocide_resistance|Multi-biocide_RND_efflux_pump|VMEA|MEG_7780|VMEA-7780_G_871_T,0,0,0,0,0,0,1,4,0,1
MEG_7780|Biocides|Multi-biocide_resistance|Multi-biocide_RND_efflux_pump|VMEA|MEG_7780|VMEA-7780_T_894_A,0,0,0,0,0,0,1,4,1,1
MEG_7780|Biocides|Multi-biocide_resistance|Multi-biocide_RND_efflux_pump|VMEA|MEG_7780|VMEA-7780_T_990_C,0,0,0,0,0,1,4,4,2,1
MEG_7781|Biocides|Multi-biocide_resistance|Multi-biocide_RND_efflux_pump|VMEA|MEG_7781|VMEA-7781_G_92_C,0,3,2,2,0,0,0,0,0,0
MEG_7781|Biocides|Multi-biocide_resistance|Multi-biocide_RND_efflux_pump|VMEA|MEG_7781|VMEA-7781_C_208_A,0,1,0,2,4,0,0,0,0,0
MEG_7781|Biocides|Multi-biocide_resistance|Multi-biocide_RND_efflux_pump|VMEA|MEG_7781|VMEA-7781_T_249_G,0,2,2,3,4,0,0,0,0,0
MEG_7781|Biocides|Multi-biocide_resistance|Multi-biocide_RND_efflux_pump|VMEA|MEG_7781|VMEA-7781_A_264_G,0,0,0,0,0,0,4,0,1,1
MEG_7781|Biocides|Multi-biocide_resistance|Multi-biocide_RND_efflux_pump|VMEA|MEG_7781|VMEA-7781_C_347_G,0,2,2,2,0,0,0,0,0,0
MEG_7781|Biocides|Multi-biocide_resistance|Multi-biocide_RND_efflux_pump|VMEA|MEG_7781|VMEA-7781_A_560_G,0,0,0,0,0,0,4,0,0,0
MEG_7781|Biocides|Multi-biocide_resistance|Multi-biocide_RND_efflux_pump|VMEA|MEG_7781|VMEA-7781_T_971_C,0,0,0,0,0,0,6,0,1,1
MEG_7781|Biocides|Multi-biocide_resistance|Multi-biocide_RND_efflux_pump|VMEA|MEG_7781|VMEA-7781_T_1007_A,0,0,0,0,0,0,7,0,0,1
MEG_7782|Biocides|Multi-biocide_resistance|Multi-biocide_RND_efflux_pump|VMEA|MEG_7782|VMEA-7782_C_182_G,0,0,0,0,0,2,1,1,0,0
MEG_7782|Biocides|Multi-biocide_resistance|Multi-biocide_RND_efflux_pump|VMEA|MEG_7782|VMEA-7782_C_194_A,0,0,0,0,0,2,1,1,0,0
MEG_7782|Biocides|Multi-biocide_resistance|Multi-biocide_RND_efflux_pump|VMEA|MEG_7782|VMEA-7782_A_223_T,0,0,0,0,0,2,2,1,0,1
MEG_7783|Biocides|Multi-biocide_resistance|Multi-biocide_RND_efflux_pump|VMEA|MEG_7783|VMEA-7783_A_74_T,0,0,0,0,0,1,6,5,2,0
MEG_7783|Biocides|Multi-biocide_resistance|Multi-biocide_RND_efflux_pump|VMEA|MEG_7783|VMEA-7783_C_98_T,0,0,0,0,0,1,8,5,2,0
MEG_7783|Biocides|Multi-biocide_resistance|Multi-biocide_RND_efflux_pump|VMEA|MEG_7783|VMEA-7783_T_150_G,0,0,0,0,0,1,4,1,1,0
MEG_7783|Biocides|Multi-biocide_resistance|Multi-biocide_RND_efflux_pump|VMEA|MEG_7783|VMEA-7783_T_310_C,0,0,0,0,0,0,3,1,0,0
MEG_7783|Biocides|Multi-biocide_resistance|Multi-biocide_RND_efflux_pump|VMEA|MEG_7783|VMEA-7783_T_348_C,0,0,0,0,0,0,4,1,0,0
MEG_7783|Biocides|Multi-biocide_resistance|Multi-biocide_RND_efflux_pump|VMEA|MEG_7783|VMEA-7783_A_606_C,0,1,0,2,1,0,0,0,0,0
MEG_7783|Biocides|Multi-biocide_resistance|Multi-biocide_RND_efflux_pump|VMEA|MEG_7783|VMEA-7783_C_768_G,0,0,0,0,0,0,4,1,1,0
MEG_7783|Biocides|Multi-biocide_resistance|Multi-biocide_RND_efflux_pump|VMEA|MEG_7783|VMEA-7783_T_840_A,0,0,0,0,0,1,6,1,1,0
MEG_7784|Biocides|Multi-biocide_resistance|Multi-biocide_RND_efflux_pump|VMEB|MEG_7784|VMEB-7784_T_1121_A,1,1,1,2,0,0,0,0,0,0
MEG_7784|Biocides|Multi-biocide_resistance|Multi-biocide_RND_efflux_pump|VMEB|MEG_7784|VMEB-7784_T_1197_A,1,1,1,1,0,0,0,0,0,0
MEG_7785|Biocides|Multi-biocide_resistance|Multi-biocide_RND_efflux_pump|VMEB|MEG_7785|VMEB-7785_G_34_A,0,0,0,0,0,4,5,0,1,0
MEG_7785|Biocides|Multi-biocide_resistance|Multi-biocide_RND_efflux_pump|VMEB|MEG_7785|VMEB-7785_G_81_C,0,2,3,11,2,0,0,0,0,0
MEG_7785|Biocides|Multi-biocide_resistance|Multi-biocide_RND_efflux_pump|VMEB|MEG_7785|VMEB-7785_G_227_C,0,0,0,0,0,9,8,0,3,2
MEG_7785|Biocides|Multi-biocide_resistance|Multi-biocide_RND_efflux_pump|VMEB|MEG_7785|VMEB-7785_G_886_A,0,0,0,0,0,14,7,0,2,2
MEG_7785|Biocides|Multi-biocide_resistance|Multi-biocide_RND_efflux_pump|VMEB|MEG_7785|VMEB-7785_A_1081_T,0,0,0,0,0,9,14,0,2,3
MEG_7785|Biocides|Multi-biocide_resistance|Multi-biocide_RND_efflux_pump|VMEB|MEG_7785|VMEB-7785_T_1121_A,8,1,3,7,0,0,0,0,0,0
MEG_7785|Biocides|Multi-biocide_resistance|Multi-biocide_RND_efflux_pump|VMEB|MEG_7785|VMEB-7785_T_1197_A,5,1,2,4,1,0,0,0,0,0
MEG_7785|Biocides|Multi-biocide_resistance|Multi-biocide_RND_efflux_pump|VMEB|MEG_7785|VMEB-7785_G_1774_A,0,0,0,0,0,12,14,0,1,3
MEG_7785|Biocides|Multi-biocide_resistance|Multi-biocide_RND_efflux_pump|VMEB|MEG_7785|VMEB-7785_T_1786_G,5,3,4,15,2,0,0,0,0,0
MEG_7785|Biocides|Multi-biocide_resistance|Multi-biocide_RND_efflux_pump|VMEB|MEG_7785|VMEB-7785_T_2770_C,0,0,0,0,0,9,8,0,0,4
MEG_7785|Biocides|Multi-biocide_resistance|Multi-biocide_RND_efflux_pump|VMEB|MEG_7785|VMEB-7785_G_2803_T,0,0,0,0,0,6,9,0,0,3
MEG_7785|Biocides|Multi-biocide_resistance|Multi-biocide_RND_efflux_pump|VMEB|MEG_7785|VMEB-7785_G_2973_C,0,0,0,0,0,6,12,0,2,0
MEG_7786|Biocides|Multi-biocide_resistance|Multi-biocide_RND_efflux_pump|VMEC|MEG_7786|VMEC-7786_A_224_C,0,0,0,0,0,4,5,0,1,1
MEG_7786|Biocides|Multi-biocide_resistance|Multi-biocide_RND_efflux_pump|VMEC|MEG_7786|VMEC-7786_A_258_T,0,0,0,0,0,5,6,0,0,2
MEG_7786|Biocides|Multi-biocide_resistance|Multi-biocide_RND_efflux_pump|VMEC|MEG_7786|VMEC-7786_T_306_A,0,0,0,0,0,5,5,0,0,2
MEG_7786|Biocides|Multi-biocide_resistance|Multi-biocide_RND_efflux_pump|VMEC|MEG_7786|VMEC-7786_A_370_G,0,0,0,0,0,8,8,0,0,1
MEG_7786|Biocides|Multi-biocide_resistance|Multi-biocide_RND_efflux_pump|VMEC|MEG_7786|VMEC-7786_G_562_A,0,0,0,0,0,8,8,0,1,0
MEG_7786|Biocides|Multi-biocide_resistance|Multi-biocide_RND_efflux_pump|VMEC|MEG_7786|VMEC-7786_C_769_G,0,0,0,0,0,3,9,0,1,0
MEG_7786|Biocides|Multi-biocide_resistance|Multi-biocide_RND_efflux_pump|VMEC|MEG_7786|VMEC-7786_T_788_A,0,0,0,0,0,3,9,0,1,0
MEG_7787|Biocides|Multi-biocide_resistance|Multi-biocide_RND_efflux_pump|VMED|MEG_7787|VMED-7787_C_1693_G,0,0,0,0,0,0,0,3,1,1
MEG_7787|Biocides|Multi-biocide_resistance|Multi-biocide_RND_efflux_pump|VMED|MEG_7787|VMED-7787_A_2014_C,0,0,0,0,0,0,0,3,0,2
MEG_7787|Biocides|Multi-biocide_resistance|Multi-biocide_RND_efflux_pump|VMED|MEG_7787|VMED-7787_G_2482_T,0,0,0,0,0,0,0,6,1,2
MEG_7787|Biocides|Multi-biocide_resistance|Multi-biocide_RND_efflux_pump|VMED|MEG_7787|VMED-7787_G_2936_C,5,1,0,0,8,0,0,0,0,0
MEG_7787|Biocides|Multi-biocide_resistance|Multi-biocide_RND_efflux_pump|VMED|MEG_7787|VMED-7787_T_2957_C,6,3,0,0,7,0,0,0,0,0
MEG_7788|Biocides|Multi-biocide_resistance|Multi-biocide_RND_efflux_pump|VMEE|MEG_7788|VMEE-7788_A_216_T,0,0,0,0,0,1,8,0,1,1
MEG_7788|Biocides|Multi-biocide_resistance|Multi-biocide_RND_efflux_pump|VMEE|MEG_7788|VMEE-7788_G_417_C,0,0,0,0,0,3,10,5,2,1
MEG_7788|Biocides|Multi-biocide_resistance|Multi-biocide_RND_efflux_pump|VMEE|MEG_7788|VMEE-7788_G_460_C,0,0,0,0,0,1,8,4,2,2
MEG_7788|Biocides|Multi-biocide_resistance|Multi-biocide_RND_efflux_pump|VMEE|MEG_7788|VMEE-7788_T_607_C,0,0,0,0,0,2,11,0,0,1
MEG_7789|Biocides|Multi-biocide_resistance|Multi-biocide_RND_efflux_pump|VMEF|MEG_7789|VMEF-7789_G_547_C,1,5,1,8,0,0,0,0,0,0
MEG_7789|Biocides|Multi-biocide_resistance|Multi-biocide_RND_efflux_pump|VMEF|MEG_7789|VMEF-7789_G_1604_T,3,2,2,7,0,0,0,0,0,0
MEG_7789|Biocides|Multi-biocide_resistance|Multi-biocide_RND_efflux_pump|VMEF|MEG_7789|VMEF-7789_G_1865_A,1,8,0,9,0,0,0,0,0,0
MEG_7789|Biocides|Multi-biocide_resistance|Multi-biocide_RND_efflux_pump|VMEF|MEG_7789|VMEF-7789_T_2117_A,2,6,0,6,0,0,0,0,0,0
MEG_7789|Biocides|Multi-biocide_resistance|Multi-biocide_RND_efflux_pump|VMEF|MEG_7789|VMEF-7789_T_2687_G,1,2,0,3,1,0,0,0,0,0
MEG_7793|Biocides|Multi-biocide_resistance|Multi-biocide_RND_efflux_pump|VMEJ|MEG_7793|VMEJ-7793_C_227_T,0,0,0,0,0,1,0,7,1,0
MEG_7793|Biocides|Multi-biocide_resistance|Multi-biocide_RND_efflux_pump|VMEJ|MEG_7793|VMEJ-7793_T_962_C,0,0,0,0,0,0,0,4,0,1
MEG_7793|Biocides|Multi-biocide_resistance|Multi-biocide_RND_efflux_pump|VMEJ|MEG_7793|VMEJ-7793_G_1108_C,0,0,0,0,0,0,0,4,0,1
MEG_7794|Biocides|Multi-biocide_resistance|Multi-biocide_RND_efflux_pump|VMEK|MEG_7794|VMEK-7794_G_315_C,5,0,0,2,6,0,0,0,0,0
MEG_7794|Biocides|Multi-biocide_resistance|Multi-biocide_RND_efflux_pump|VMEK|MEG_7794|VMEK-7794_A_733_T,0,0,0,0,0,1,0,3,2,3
MEG_7794|Biocides|Multi-biocide_resistance|Multi-biocide_RND_efflux_pump|VMEK|MEG_7794|VMEK-7794_G_790_T,0,0,0,0,0,0,0,4,3,0
MEG_7794|Biocides|Multi-biocide_resistance|Multi-biocide_RND_efflux_pump|VMEK|MEG_7794|VMEK-7794_A_1335_G,0,0,0,0,0,5,0,10,3,1
MEG_7794|Biocides|Multi-biocide_resistance|Multi-biocide_RND_efflux_pump|VMEK|MEG_7794|VMEK-7794_G_2128_T,7,2,1,0,10,0,0,0,0,0
MEG_7794|Biocides|Multi-biocide_resistance|Multi-biocide_RND_efflux_pump|VMEK|MEG_7794|VMEK-7794_G_2266_C,6,3,1,0,8,0,0,0,0,0
MEG_7794|Biocides|Multi-biocide_resistance|Multi-biocide_RND_efflux_pump|VMEK|MEG_7794|VMEK-7794_A_2546_G,0,0,0,0,0,4,0,2,4,4
MEG_7794|Biocides|Multi-biocide_resistance|Multi-biocide_RND_efflux_pump|VMEK|MEG_7794|VMEK-7794_A_2565_G,6,4,0,1,13,0,0,0,0,0
MEG_7794|Biocides|Multi-biocide_resistance|Multi-biocide_RND_efflux_pump|VMEK|MEG_7794|VMEK-7794_G_2758_C,0,0,0,0,0,3,0,3,6,2
MEG_7794|Biocides|Multi-biocide_resistance|Multi-biocide_RND_efflux_pump|VMEK|MEG_7794|VMEK-7794_A_2836_G,3,1,2,0,6,0,0,0,0,0
MEG_7794|Biocides|Multi-biocide_resistance|Multi-biocide_RND_efflux_pump|VMEK|MEG_7794|VMEK-7794_G_2863_T,0,0,0,0,0,1,0,4,4,1
MEG_7794|Biocides|Multi-biocide_resistance|Multi-biocide_RND_efflux_pump|VMEK|MEG_7794|VMEK-7794_T_3090_G,0,2,2,0,0,0,0,0,0,0
MEG_7796|Biocides|Multi-biocide_resistance|Multi-biocide_RND_efflux_pump|VMEQ|MEG_7796|VMEQ-7796_G_79_C,0,0,0,13,2,0,0,0,0,0
MEG_7796|Biocides|Multi-biocide_resistance|Multi-biocide_RND_efflux_pump|VMEQ|MEG_7796|VMEQ-7796_A_369_T,0,1,0,23,4,0,0,0,0,0
MEG_7796|Biocides|Multi-biocide_resistance|Multi-biocide_RND_efflux_pump|VMEQ|MEG_7796|VMEQ-7796_A_628_G,0,0,0,28,8,0,0,0,0,0
MEG_7796|Biocides|Multi-biocide_resistance|Multi-biocide_RND_efflux_pump|VMEQ|MEG_7796|VMEQ-7796_T_777_A,0,0,0,21,7,0,0,0,0,0
MEG_7796|Biocides|Multi-biocide_resistance|Multi-biocide_RND_efflux_pump|VMEQ|MEG_7796|VMEQ-7796_C_1376_T,0,1,1,16,10,0,0,0,0,0
MEG_7796|Biocides|Multi-biocide_resistance|Multi-biocide_RND_efflux_pump|VMEQ|MEG_7796|VMEQ-7796_G_2689_A,0,0,0,13,2,0,0,0,0,0
MEG_7796|Biocides|Multi-biocide_resistance|Multi-biocide_RND_efflux_pump|VMEQ|MEG_7796|VMEQ-7796_T_2822_A,0,0,0,11,6,0,0,0,0,0
MEG_7796|Biocides|Multi-biocide_resistance|Multi-biocide_RND_efflux_pump|VMEQ|MEG_7796|VMEQ-7796_C_2994_T,0,0,0,8,3,0,0,0,0,0
MEG_7796|Biocides|Multi-biocide_resistance|Multi-biocide_RND_efflux_pump|VMEQ|MEG_7796|VMEQ-7796_A_3106_G,0,0,0,5,1,0,0,0,0,0
MEG_7802|Drugs|Multi-drug_resistance|Multi-drug_ABC_efflux_pumps|VMLR|MEG_7802|VMLR-7802_T_297_C,0,0,0,0,0,0,17,3,0,1
MEG_7802|Drugs|Multi-drug_resistance|Multi-drug_ABC_efflux_pumps|VMLR|MEG_7802|VMLR-7802_C_574_T,0,0,0,0,0,0,18,3,0,2
MEG_7802|Drugs|Multi-drug_resistance|Multi-drug_ABC_efflux_pumps|VMLR|MEG_7802|VMLR-7802_G_1033_C,0,0,0,0,0,0,17,8,0,3
MEG_7802|Drugs|Multi-drug_resistance|Multi-drug_ABC_efflux_pumps|VMLR|MEG_7802|VMLR-7802_G_1189_C,0,0,0,0,0,0,10,6,0,2
MEG_7802|Drugs|Multi-drug_resistance|Multi-drug_ABC_efflux_pumps|VMLR|MEG_7802|VMLR-7802_T_1250_C,0,0,0,0,0,0,8,5,0,3
MEG_7802|Drugs|Multi-drug_resistance|Multi-drug_ABC_efflux_pumps|VMLR|MEG_7802|VMLR-7802_T_1260_C,0,0,0,0,0,0,8,5,0,2
MEG_7802|Drugs|Multi-drug_resistance|Multi-drug_ABC_efflux_pumps|VMLR|MEG_7802|VMLR-7802_T_1283_C,0,0,0,0,0,0,6,4,0,3
MEG_7802|Drugs|Multi-drug_resistance|Multi-drug_ABC_efflux_pumps|VMLR|MEG_7802|VMLR-7802_C_1343_A,0,0,0,0,0,0,4,6,0,3
MEG_7803|Biocides|Multi-biocide_resistance|Multi-biocide_MATE_efflux_pump|VMRA|MEG_7803|VMRA-7803_C_241_T,0,0,0,0,0,3,0,2,1,0
MEG_7803|Biocides|Multi-biocide_resistance|Multi-biocide_MATE_efflux_pump|VMRA|MEG_7803|VMRA-7803_C_351_T,0,0,0,0,0,6,0,3,1,0
MEG_7803|Biocides|Multi-biocide_resistance|Multi-biocide_MATE_efflux_pump|VMRA|MEG_7803|VMRA-7803_T_531_C,0,0,0,0,0,4,0,1,1,0
MEG_7803|Biocides|Multi-biocide_resistance|Multi-biocide_MATE_efflux_pump|VMRA|MEG_7803|VMRA-7803_G_878_A,0,0,0,0,0,3,0,5,5,0
MEG_7803|Biocides|Multi-biocide_resistance|Multi-biocide_MATE_efflux_pump|VMRA|MEG_7803|VMRA-7803_T_1076_G,0,0,0,0,0,3,0,2,0,0
MEG_7803|Biocides|Multi-biocide_resistance|Multi-biocide_MATE_efflux_pump|VMRA|MEG_7803|VMRA-7803_A_1203_C,0,0,0,0,0,1,0,3,0,0
MEG_7804|Drugs|Mycobacterium_tuberculosis-specific_Drug|Viomycin_phosphotransferases|VPH|MEG_7804|VPH-7804_G_151_C,1,0,4,5,0,0,0,0,0,0
MEG_7804|Drugs|Mycobacterium_tuberculosis-specific_Drug|Viomycin_phosphotransferases|VPH|MEG_7804|VPH-7804_G_163_T,1,0,4,5,0,0,0,0,0,0
MEG_7804|Drugs|Mycobacterium_tuberculosis-specific_Drug|Viomycin_phosphotransferases|VPH|MEG_7804|VPH-7804_A_221_G,0,2,4,2,0,0,0,0,0,0
MEG_7804|Drugs|Mycobacterium_tuberculosis-specific_Drug|Viomycin_phosphotransferases|VPH|MEG_7804|VPH-7804_C_349_T,0,1,1,5,0,0,0,0,0,0
MEG_7804|Drugs|Mycobacterium_tuberculosis-specific_Drug|Viomycin_phosphotransferases|VPH|MEG_7804|VPH-7804_C_373_T,0,1,1,8,0,0,0,0,0,0
MEG_7804|Drugs|Mycobacterium_tuberculosis-specific_Drug|Viomycin_phosphotransferases|VPH|MEG_7804|VPH-7804_A_463_T,0,0,1,7,0,0,0,0,0,0
MEG_7804|Drugs|Mycobacterium_tuberculosis-specific_Drug|Viomycin_phosphotransferases|VPH|MEG_7804|VPH-7804_C_564_A,0,0,2,6,0,0,0,0,0,0
MEG_7804|Drugs|Mycobacterium_tuberculosis-specific_Drug|Viomycin_phosphotransferases|VPH|MEG_7804|VPH-7804_G_808_T,0,0,2,2,0,0,0,0,0,0
MEG_7804|Drugs|Mycobacterium_tuberculosis-specific_Drug|Viomycin_phosphotransferases|VPH|MEG_7804|VPH-7804_A_830_C,0,0,2,2,0,0,0,0,0,0
MEG_7811|Metals|Iron_resistance|Iron_resistance_protein|YBTP|MEG_7811|YBTP-7811_A_358_T,0,1,4,0,3,0,0,0,0,0
MEG_7811|Metals|Iron_resistance|Iron_resistance_protein|YBTP|MEG_7811|YBTP-7811_G_654_A,0,1,4,0,2,0,0,0,0,0
MEG_7811|Metals|Iron_resistance|Iron_resistance_protein|YBTP|MEG_7811|YBTP-7811_G_1101_A,1,1,5,0,4,0,0,0,0,0
MEG_7811|Metals|Iron_resistance|Iron_resistance_protein|YBTP|MEG_7811|YBTP-7811_C_1102_T,0,0,0,0,0,0,16,1,0,0
MEG_7811|Metals|Iron_resistance|Iron_resistance_protein|YBTP|MEG_7811|YBTP-7811_G_1144_T,3,1,4,0,2,0,0,0,0,0
MEG_7811|Metals|Iron_resistance|Iron_resistance_protein|YBTP|MEG_7811|YBTP-7811_C_1281_T,2,1,4,0,1,0,0,0,0,0
MEG_7811|Metals|Iron_resistance|Iron_resistance_protein|YBTP|MEG_7811|YBTP-7811_A_1306_T,2,3,3,0,2,0,0,0,0,0
MEG_7811|Metals|Iron_resistance|Iron_resistance_protein|YBTP|MEG_7811|YBTP-7811_G_1381_T,1,1,10,0,4,0,0,0,0,0
MEG_7812|Metals|Iron_resistance|Iron_resistance_protein|YBTQ|MEG_7812|YBTQ-7812_A_619_C,0,0,0,0,0,8,6,1,2,4
MEG_7812|Metals|Iron_resistance|Iron_resistance_protein|YBTQ|MEG_7812|YBTQ-7812_A_1295_T,0,0,0,0,0,6,1,0,0,0
MEG_7812|Metals|Iron_resistance|Iron_resistance_protein|YBTQ|MEG_7812|YBTQ-7812_T_1400_A,8,1,0,90,0,0,0,0,0,0
MEG_7817|Biocides|Paraquat_resistance|Paraquat_efflux_pump|YDDG|MEG_7817|YDDG-7817_G_397_C,0,0,0,0,0,0,0,2,0,3
MEG_7817|Biocides|Paraquat_resistance|Paraquat_efflux_pump|YDDG|MEG_7817|YDDG-7817_T_745_A,0,0,0,0,0,0,0,2,1,3
MEG_7817|Biocides|Paraquat_resistance|Paraquat_efflux_pump|YDDG|MEG_7817|YDDG-7817_C_795_G,2,0,7,12,2,0,0,0,0,0
MEG_7818|Biocides|Peroxide_resistance|peroxide_resistance_protein|YDEI|MEG_7818|YDEI-7818_C_56_T,0,0,0,0,0,0,3,0,0,1
MEG_7819|Biocides|Multi-biocide_resistance|Multi-biocide_resistance_regulator|YDEO|MEG_7819|YDEO-7819_G_46_C,5,0,1,1,4,0,0,0,0,0
MEG_7819|Biocides|Multi-biocide_resistance|Multi-biocide_resistance_regulator|YDEO|MEG_7819|YDEO-7819_G_64_A,6,0,2,1,5,0,0,0,0,0
MEG_7819|Biocides|Multi-biocide_resistance|Multi-biocide_resistance_regulator|YDEO|MEG_7819|YDEO-7819_A_211_G,1,2,8,1,10,0,0,0,0,0
MEG_7819|Biocides|Multi-biocide_resistance|Multi-biocide_resistance_regulator|YDEO|MEG_7819|YDEO-7819_G_341_C,6,0,4,0,2,0,0,0,0,0
MEG_7819|Biocides|Multi-biocide_resistance|Multi-biocide_resistance_regulator|YDEO|MEG_7819|YDEO-7819_T_374_G,5,0,3,0,2,0,0,0,0,0
MEG_7819|Biocides|Multi-biocide_resistance|Multi-biocide_resistance_regulator|YDEO|MEG_7819|YDEO-7819_A_420_T,0,2,4,1,2,0,0,0,0,0
MEG_7819|Biocides|Multi-biocide_resistance|Multi-biocide_resistance_regulator|YDEO|MEG_7819|YDEO-7819_A_650_G,9,1,3,0,8,0,0,0,0,0
MEG_7819|Biocides|Multi-biocide_resistance|Multi-biocide_resistance_regulator|YDEO|MEG_7819|YDEO-7819_A_674_C,9,1,2,0,7,0,0,0,0,0
MEG_7820|Biocides|Acid_resistance|Acid_resistance_protein|YDEP|MEG_7820|YDEP-7820_C_164_T,0,0,2,3,0,0,0,0,0,0
MEG_7820|Biocides|Acid_resistance|Acid_resistance_protein|YDEP|MEG_7820|YDEP-7820_A_449_G,0,0,3,7,0,0,0,0,0,0
MEG_7820|Biocides|Acid_resistance|Acid_resistance_protein|YDEP|MEG_7820|YDEP-7820_A_470_C,0,0,4,9,0,0,0,0,0,0
MEG_7820|Biocides|Acid_resistance|Acid_resistance_protein|YDEP|MEG_7820|YDEP-7820_G_714_C,1,0,4,13,0,0,0,0,0,0
MEG_7820|Biocides|Acid_resistance|Acid_resistance_protein|YDEP|MEG_7820|YDEP-7820_G_1031_A,3,0,7,7,0,0,0,0,0,0
MEG_7820|Biocides|Acid_resistance|Acid_resistance_protein|YDEP|MEG_7820|YDEP-7820_G_1275_A,4,0,8,8,0,0,0,0,0,0
MEG_7820|Biocides|Acid_resistance|Acid_resistance_protein|YDEP|MEG_7820|YDEP-7820_C_1947_T,0,0,0,0,0,7,0,1,0,0
MEG_7820|Biocides|Acid_resistance|Acid_resistance_protein|YDEP|MEG_7820|YDEP-7820_C_2163_T,1,0,3,5,0,0,0,0,0,0
MEG_7821|Metals|Multi-metal_resistance|Multi-metal_resistance_protein|YFEA|MEG_7821|YFEA-7821_G_754_A,0,0,0,0,0,0,1,1,2,0
MEG_7822|Metals|Multi-metal_resistance|Multi-metal_resistance_protein|YFEA|MEG_7822|YFEA-7822_G_105_C,0,0,0,0,0,1,0,0,3,0
MEG_7822|Metals|Multi-metal_resistance|Multi-metal_resistance_protein|YFEA|MEG_7822|YFEA-7822_G_636_C,4,0,1,0,0,0,0,0,0,0
MEG_7822|Metals|Multi-metal_resistance|Multi-metal_resistance_protein|YFEA|MEG_7822|YFEA-7822_A_729_T,0,0,0,0,0,1,1,0,2,0
MEG_7823|Metals|Multi-metal_resistance|Multi-metal_resistance_protein|YFEA|MEG_7823|YFEA-7823_A_341_T,0,0,0,0,0,1,2,0,2,0
MEG_7823|Metals|Multi-metal_resistance|Multi-metal_resistance_protein|YFEA|MEG_7823|YFEA-7823_T_885_A,0,0,0,0,0,4,1,0,3,0
MEG_7828|Metals|Copper_resistance|Copper_resistance_protein|YFMO|MEG_7828|YFMO-7828_G_570_C,0,0,0,0,0,2,1,8,0,0
MEG_7828|Metals|Copper_resistance|Copper_resistance_protein|YFMO|MEG_7828|YFMO-7828_T_972_C,0,0,0,0,0,2,3,4,1,0
MEG_7828|Metals|Copper_resistance|Copper_resistance_protein|YFMO|MEG_7828|YFMO-7828_T_1136_G,0,0,0,0,0,1,0,8,0,0
MEG_7835|Multi-compound|Biocide_and_metal_resistance|Biocide_and_metal_resistance_protein|YIEF|MEG_7835|YIEF-7835_G_133_T,0,0,0,0,0,1,0,0,0,3
MEG_7837|Biocides|Multi-biocide_resistance|Multi-biocide_resistance_protein|YJCG|MEG_7837|YJCG-7837_C_69_T,4,1,0,0,0,0,0,0,0,0
MEG_7837|Biocides|Multi-biocide_resistance|Multi-biocide_resistance_protein|YJCG|MEG_7837|YJCG-7837_G_566_A,5,3,0,0,1,0,0,0,0,0
MEG_7837|Biocides|Multi-biocide_resistance|Multi-biocide_resistance_protein|YJCG|MEG_7837|YJCG-7837_T_912_A,6,2,0,0,1,0,0,0,0,0
MEG_7837|Biocides|Multi-biocide_resistance|Multi-biocide_resistance_protein|YJCG|MEG_7837|YJCG-7837_C_1559_G,3,1,0,0,0,0,0,0,0,0
MEG_7843|Drugs|Lipopeptides|Daptomycin-resistant_mutant|YYBT|MEG_7843|YYBT-7843_T_570_C,3,0,1,24,1,5,3,6,2,10
MEG_7843|Drugs|Lipopeptides|Daptomycin-resistant_mutant|YYBT|MEG_7843|YYBT-7843_C_804_G,1,1,1,12,1,0,2,7,1,2
MEG_7843|Drugs|Lipopeptides|Daptomycin-resistant_mutant|YYBT|MEG_7843|YYBT-7843_A_840_G,1,0,2,9,1,0,0,2,0,1
MEG_7843|Drugs|Lipopeptides|Daptomycin-resistant_mutant|YYBT|MEG_7843|YYBT-7843_T_861_A,0,0,2,5,1,0,0,1,1,1
MEG_7843|Drugs|Lipopeptides|Daptomycin-resistant_mutant|YYBT|MEG_7843|YYBT-7843_T_867_C,0,0,1,6,1,0,1,0,1,0
MEG_7843|Drugs|Lipopeptides|Daptomycin-resistant_mutant|YYBT|MEG_7843|YYBT-7843_T_870_C,0,0,1,6,1,0,1,1,1,1
MEG_7843|Drugs|Lipopeptides|Daptomycin-resistant_mutant|YYBT|MEG_7843|YYBT-7843_C_1086_T,1,1,4,24,4,3,5,8,0,4
MEG_7843|Drugs|Lipopeptides|Daptomycin-resistant_mutant|YYBT|MEG_7843|YYBT-7843_T_1122_C,3,0,2,29,2,2,5,6,0,6
MEG_7843|Drugs|Lipopeptides|Daptomycin-resistant_mutant|YYBT|MEG_7843|YYBT-7843_A_1125_C,3,0,1,29,3,2,5,6,0,6
MEG_7843|Drugs|Lipopeptides|Daptomycin-resistant_mutant|YYBT|MEG_7843|YYBT-7843_A_1314_G,2,0,1,17,3,1,5,12,3,8
MEG_7843|Drugs|Lipopeptides|Daptomycin-resistant_mutant|YYBT|MEG_7843|YYBT-7843_T_1428_C,1,1,1,17,1,2,4,4,1,4
MEG_7843|Drugs|Lipopeptides|Daptomycin-resistant_mutant|YYBT|MEG_7843|YYBT-7843_T_1632_C,3,1,1,22,2,1,3,5,1,5
MEG_7845|Metals|Zinc_resistance|Zinc_resistance_protein|ZEVA|MEG_7845|ZEVA-7845_T_28_C,0,0,0,0,0,0,5,0,0,1
MEG_7845|Metals|Zinc_resistance|Zinc_resistance_protein|ZEVA|MEG_7845|ZEVA-7845_T_57_C,0,0,0,0,0,1,5,1,0,1
MEG_7845|Metals|Zinc_resistance|Zinc_resistance_protein|ZEVA|MEG_7845|ZEVA-7845_A_74_G,2,0,0,1,2,0,0,0,0,0
MEG_7845|Metals|Zinc_resistance|Zinc_resistance_protein|ZEVA|MEG_7845|ZEVA-7845_A_100_G,0,0,0,0,0,1,2,2,0,0
MEG_7845|Metals|Zinc_resistance|Zinc_resistance_protein|ZEVA|MEG_7845|ZEVA-7845_C_300_G,3,0,0,2,0,0,0,0,0,0
MEG_7845|Metals|Zinc_resistance|Zinc_resistance_protein|ZEVA|MEG_7845|ZEVA-7845_C_325_G,0,0,0,0,0,2,3,0,0,0
MEG_7845|Metals|Zinc_resistance|Zinc_resistance_protein|ZEVA|MEG_7845|ZEVA-7845_G_328_T,0,0,0,0,0,2,3,0,0,0
MEG_7845|Metals|Zinc_resistance|Zinc_resistance_protein|ZEVA|MEG_7845|ZEVA-7845_G_429_A,0,0,0,0,0,1,4,2,0,2
MEG_7845|Metals|Zinc_resistance|Zinc_resistance_protein|ZEVA|MEG_7845|ZEVA-7845_G_456_T,0,0,0,0,0,0,5,2,0,3
MEG_7845|Metals|Zinc_resistance|Zinc_resistance_protein|ZEVA|MEG_7845|ZEVA-7845_G_457_A,0,0,0,0,0,0,5,2,0,3
MEG_7845|Metals|Zinc_resistance|Zinc_resistance_protein|ZEVA|MEG_7845|ZEVA-7845_T_474_C,0,0,0,0,0,0,4,2,0,2
MEG_7845|Metals|Zinc_resistance|Zinc_resistance_protein|ZEVA|MEG_7845|ZEVA-7845_G_568_A,0,0,0,0,0,0,6,0,0,1
MEG_7846|Metals|Zinc_resistance|Zinc_resistance_protein|ZEVB|MEG_7846|ZEVB-7846_G_103_C,2,1,2,3,1,0,0,0,0,0
MEG_7846|Metals|Zinc_resistance|Zinc_resistance_protein|ZEVB|MEG_7846|ZEVB-7846_G_349_A,8,0,2,1,0,0,0,0,0,0
MEG_7846|Metals|Zinc_resistance|Zinc_resistance_protein|ZEVB|MEG_7846|ZEVB-7846_A_816_T,0,0,0,0,0,0,8,1,0,0
MEG_7847|Metals|Zinc_resistance|Zinc_resistance_protein|ZIAA|MEG_7847|ZIAA-7847_T_315_A,0,0,0,0,0,6,11,4,2,1
MEG_7847|Metals|Zinc_resistance|Zinc_resistance_protein|ZIAA|MEG_7847|ZIAA-7847_T_361_A,1,0,0,3,0,0,0,0,0,0
MEG_7847|Metals|Zinc_resistance|Zinc_resistance_protein|ZIAA|MEG_7847|ZIAA-7847_G_604_A,0,0,0,0,0,15,15,3,2,0
MEG_7847|Metals|Zinc_resistance|Zinc_resistance_protein|ZIAA|MEG_7847|ZIAA-7847_G_616_A,0,0,0,0,0,16,15,4,2,0
MEG_7847|Metals|Zinc_resistance|Zinc_resistance_protein|ZIAA|MEG_7847|ZIAA-7847_G_1680_A,0,0,0,0,0,14,9,5,0,2
MEG_7847|Metals|Zinc_resistance|Zinc_resistance_protein|ZIAA|MEG_7847|ZIAA-7847_G_2134_C,0,0,0,0,0,3,5,1,1,0
MEG_7848|Metals|Zinc_resistance|Zinc_resistance_regulator|ZIAR|MEG_7848|ZIAR-7848_A_298_C,0,1,0,3,0,0,0,0,0,0
MEG_7851|Metals|Zinc_resistance|Zinc_resistance_protein|ZITB|MEG_7851|ZITB-7851_T_111_C,0,0,0,0,0,1,4,0,0,0
MEG_7851|Metals|Zinc_resistance|Zinc_resistance_protein|ZITB|MEG_7851|ZITB-7851_A_628_C,0,0,0,0,0,0,1,0,2,3
MEG_7851|Metals|Zinc_resistance|Zinc_resistance_protein|ZITB|MEG_7851|ZITB-7851_T_686_G,0,0,0,0,0,1,0,0,1,2
MEG_7851|Metals|Zinc_resistance|Zinc_resistance_protein|ZITB|MEG_7851|ZITB-7851_A_697_G,0,0,0,0,0,1,0,0,2,2
MEG_7851|Metals|Zinc_resistance|Zinc_resistance_protein|ZITB|MEG_7851|ZITB-7851_A_905_T,0,0,0,0,0,0,1,0,2,2
MEG_7852|Metals|Zinc_resistance|Zinc_resistance_protein|ZNEB|MEG_7852|ZNEB-7852_G_73_A,0,0,0,0,0,0,7,6,1,1
MEG_7852|Metals|Zinc_resistance|Zinc_resistance_protein|ZNEB|MEG_7852|ZNEB-7852_G_340_T,0,0,0,0,0,0,8,1,3,2
MEG_7852|Metals|Zinc_resistance|Zinc_resistance_protein|ZNEB|MEG_7852|ZNEB-7852_A_380_T,8,0,0,1,4,0,0,0,0,0
MEG_7852|Metals|Zinc_resistance|Zinc_resistance_protein|ZNEB|MEG_7852|ZNEB-7852_G_432_T,0,0,0,0,0,0,8,3,0,0
MEG_7852|Metals|Zinc_resistance|Zinc_resistance_protein|ZNEB|MEG_7852|ZNEB-7852_G_557_C,0,0,0,0,0,0,12,3,0,3
MEG_7852|Metals|Zinc_resistance|Zinc_resistance_protein|ZNEB|MEG_7852|ZNEB-7852_C_590_T,0,0,0,0,0,0,11,2,0,2
MEG_7852|Metals|Zinc_resistance|Zinc_resistance_protein|ZNEB|MEG_7852|ZNEB-7852_T_628_G,4,1,0,0,1,0,0,0,0,0
MEG_7852|Metals|Zinc_resistance|Zinc_resistance_protein|ZNEB|MEG_7852|ZNEB-7852_T_701_A,6,0,0,0,2,0,0,0,0,0
MEG_7852|Metals|Zinc_resistance|Zinc_resistance_protein|ZNEB|MEG_7852|ZNEB-7852_A_898_G,0,0,0,0,0,0,7,6,2,2
MEG_7852|Metals|Zinc_resistance|Zinc_resistance_protein|ZNEB|MEG_7852|ZNEB-7852_A_1026_G,0,0,0,0,0,0,8,1,0,2
MEG_7852|Metals|Zinc_resistance|Zinc_resistance_protein|ZNEB|MEG_7852|ZNEB-7852_T_1086_A,0,0,0,0,0,0,11,2,1,0
MEG_7855|Metals|Zinc_resistance|Zinc_resistance_protein|ZNUA|MEG_7855|ZNUA-7855_A_19_T,1,0,4,1,0,0,0,0,0,0
MEG_7855|Metals|Zinc_resistance|Zinc_resistance_protein|ZNUA|MEG_7855|ZNUA-7855_C_173_A,1,0,2,8,0,0,0,0,0,0
MEG_7855|Metals|Zinc_resistance|Zinc_resistance_protein|ZNUA|MEG_7855|ZNUA-7855_C_528_T,0,0,0,0,0,2,0,0,1,1
MEG_7855|Metals|Zinc_resistance|Zinc_resistance_protein|ZNUA|MEG_7855|ZNUA-7855_C_554_G,1,0,1,3,1,0,0,0,0,0
MEG_7855|Metals|Zinc_resistance|Zinc_resistance_protein|ZNUA|MEG_7855|ZNUA-7855_G_595_C,1,0,1,6,0,0,0,0,0,0
MEG_7855|Metals|Zinc_resistance|Zinc_resistance_protein|ZNUA|MEG_7855|ZNUA-7855_C_622_G,1,0,2,6,0,0,0,0,0,0
MEG_7855|Metals|Zinc_resistance|Zinc_resistance_protein|ZNUA|MEG_7855|ZNUA-7855_T_690_A,3,0,3,8,1,0,0,0,0,0
MEG_7855|Metals|Zinc_resistance|Zinc_resistance_protein|ZNUA|MEG_7855|ZNUA-7855_T_791_G,0,0,3,6,3,0,0,0,0,0
MEG_7855|Metals|Zinc_resistance|Zinc_resistance_protein|ZNUA|MEG_7855|ZNUA-7855_G_860_T,0,0,2,9,3,0,0,0,0,0
MEG_7855|Metals|Zinc_resistance|Zinc_resistance_protein|ZNUA|MEG_7855|ZNUA-7855_C_902_T,0,0,0,0,0,2,2,0,2,0
MEG_7855|Metals|Zinc_resistance|Zinc_resistance_protein|ZNUA|MEG_7855|ZNUA-7855_G_917_C,0,0,1,7,4,0,0,0,0,0
MEG_7855|Metals|Zinc_resistance|Zinc_resistance_protein|ZNUA|MEG_7855|ZNUA-7855_A_925_G,0,0,1,7,4,0,0,0,0,0
MEG_7856|Metals|Zinc_resistance|Zinc_resistance_protein|ZNUA|MEG_7856|ZNUA-7856_C_119_A,0,0,1,5,0,0,0,0,0,0
MEG_7856|Metals|Zinc_resistance|Zinc_resistance_protein|ZNUA|MEG_7856|ZNUA-7856_T_236_G,0,0,0,0,0,2,0,1,0,1
MEG_7856|Metals|Zinc_resistance|Zinc_resistance_protein|ZNUA|MEG_7856|ZNUA-7856_G_487_C,0,0,1,2,1,0,0,0,0,0
MEG_7856|Metals|Zinc_resistance|Zinc_resistance_protein|ZNUA|MEG_7856|ZNUA-7856_G_582_A,0,0,0,0,0,1,0,1,0,3
MEG_7856|Metals|Zinc_resistance|Zinc_resistance_protein|ZNUA|MEG_7856|ZNUA-7856_C_646_T,0,0,0,0,0,1,0,2,0,1
MEG_7856|Metals|Zinc_resistance|Zinc_resistance_protein|ZNUA|MEG_7856|ZNUA-7856_C_764_A,0,0,0,0,0,1,0,2,0,1
MEG_7856|Metals|Zinc_resistance|Zinc_resistance_protein|ZNUA|MEG_7856|ZNUA-7856_A_865_C,1,0,0,4,0,0,0,0,0,0
MEG_7858|Metals|Zinc_resistance|Zinc_resistance_protein|ZNUB|MEG_7858|ZNUB-7858_T_143_A,0,0,0,0,0,0,5,0,0,1
MEG_7858|Metals|Zinc_resistance|Zinc_resistance_protein|ZNUB|MEG_7858|ZNUB-7858_T_221_G,1,0,3,7,0,0,0,0,0,0
MEG_7858|Metals|Zinc_resistance|Zinc_resistance_protein|ZNUB|MEG_7858|ZNUB-7858_G_303_T,0,0,1,0,1,0,1,1,0,1
MEG_7858|Metals|Zinc_resistance|Zinc_resistance_protein|ZNUB|MEG_7858|ZNUB-7858_T_318_C,0,0,2,0,1,0,1,1,0,1
MEG_7858|Metals|Zinc_resistance|Zinc_resistance_protein|ZNUB|MEG_7858|ZNUB-7858_G_333_T,0,0,0,0,0,0,5,0,0,1
MEG_7858|Metals|Zinc_resistance|Zinc_resistance_protein|ZNUB|MEG_7858|ZNUB-7858_T_385_G,0,0,2,0,0,1,3,0,0,1
MEG_7858|Metals|Zinc_resistance|Zinc_resistance_protein|ZNUB|MEG_7858|ZNUB-7858_T_387_G,0,0,0,0,0,0,7,0,0,0
MEG_7858|Metals|Zinc_resistance|Zinc_resistance_protein|ZNUB|MEG_7858|ZNUB-7858_A_450_G,0,0,1,0,0,1,1,1,0,0
MEG_7858|Metals|Zinc_resistance|Zinc_resistance_protein|ZNUB|MEG_7858|ZNUB-7858_A_459_T,0,0,1,0,0,1,1,1,0,0
MEG_7858|Metals|Zinc_resistance|Zinc_resistance_protein|ZNUB|MEG_7858|ZNUB-7858_A_501_C,0,0,3,0,0,1,2,1,0,0
MEG_7858|Metals|Zinc_resistance|Zinc_resistance_protein|ZNUB|MEG_7858|ZNUB-7858_C_536_G,0,0,0,0,0,1,5,0,0,0
MEG_7858|Metals|Zinc_resistance|Zinc_resistance_protein|ZNUB|MEG_7858|ZNUB-7858_T_600_A,0,0,3,0,1,0,2,0,0,0
MEG_7858|Metals|Zinc_resistance|Zinc_resistance_protein|ZNUB|MEG_7858|ZNUB-7858_G_611_A,0,0,0,0,0,0,9,0,0,0
MEG_7858|Metals|Zinc_resistance|Zinc_resistance_protein|ZNUB|MEG_7858|ZNUB-7858_C_624_T,0,0,3,0,1,0,4,0,0,1
MEG_7858|Metals|Zinc_resistance|Zinc_resistance_protein|ZNUB|MEG_7858|ZNUB-7858_G_700_T,0,0,1,0,1,0,3,0,1,0
MEG_7858|Metals|Zinc_resistance|Zinc_resistance_protein|ZNUB|MEG_7858|ZNUB-7858_G_717_T,0,1,1,0,0,0,1,0,1,0
MEG_7858|Metals|Zinc_resistance|Zinc_resistance_protein|ZNUB|MEG_7858|ZNUB-7858_G_737_A,0,0,0,0,0,0,7,0,0,0
MEG_7859|Metals|Zinc_resistance|Zinc_resistance_protein|ZNUC|MEG_7859|ZNUC-7859_A_196_C,0,0,0,0,0,2,0,2,2,1
MEG_7859|Metals|Zinc_resistance|Zinc_resistance_protein|ZNUC|MEG_7859|ZNUC-7859_G_398_C,0,0,0,0,0,1,1,1,1,1
MEG_7859|Metals|Zinc_resistance|Zinc_resistance_protein|ZNUC|MEG_7859|ZNUC-7859_G_515_T,0,0,0,0,0,1,0,1,2,0
MEG_7859|Metals|Zinc_resistance|Zinc_resistance_protein|ZNUC|MEG_7859|ZNUC-7859_A_587_G,0,0,0,0,0,3,0,0,1,0
MEG_7859|Metals|Zinc_resistance|Zinc_resistance_protein|ZNUC|MEG_7859|ZNUC-7859_G_717_T,2,0,0,2,0,0,0,0,0,0
MEG_7861|Metals|Zinc_resistance|Zinc_resistance_regulator|ZRAR|MEG_7861|ZRAR-7861_T_155_G,0,0,0,0,0,1,0,2,0,1
MEG_7861|Metals|Zinc_resistance|Zinc_resistance_regulator|ZRAR|MEG_7861|ZRAR-7861_A_376_G,0,0,0,0,0,2,0,1,2,0
MEG_7861|Metals|Zinc_resistance|Zinc_resistance_regulator|ZRAR|MEG_7861|ZRAR-7861_C_423_T,0,0,0,0,0,4,1,0,1,0
MEG_7861|Metals|Zinc_resistance|Zinc_resistance_regulator|ZRAR|MEG_7861|ZRAR-7861_G_520_C,0,0,0,0,0,3,0,2,0,0
MEG_7861|Metals|Zinc_resistance|Zinc_resistance_regulator|ZRAR|MEG_7861|ZRAR-7861_T_1012_C,0,0,0,1,0,2,4,4,1,0
MEG_7861|Metals|Zinc_resistance|Zinc_resistance_regulator|ZRAR|MEG_7861|ZRAR-7861_T_1025_G,1,1,0,2,0,0,0,0,0,0
MEG_7861|Metals|Zinc_resistance|Zinc_resistance_regulator|ZRAR|MEG_7861|ZRAR-7861_G_1197_C,0,0,0,0,0,2,1,0,1,3
MEG_7862|Metals|Zinc_resistance|Zinc_resistance_regulator|ZRAR|MEG_7862|ZRAR-7862_G_372_A,0,0,0,0,0,0,0,0,1,3
MEG_7862|Metals|Zinc_resistance|Zinc_resistance_regulator|ZRAR|MEG_7862|ZRAR-7862_A_572_G,2,1,0,3,0,0,0,0,0,0
MEG_7862|Metals|Zinc_resistance|Zinc_resistance_regulator|ZRAR|MEG_7862|ZRAR-7862_G_597_A,2,0,0,4,0,0,0,0,0,0
MEG_7862|Metals|Zinc_resistance|Zinc_resistance_regulator|ZRAR|MEG_7862|ZRAR-7862_C_904_A,0,0,0,0,0,0,4,0,0,5
MEG_7862|Metals|Zinc_resistance|Zinc_resistance_regulator|ZRAR|MEG_7862|ZRAR-7862_A_1249_T,0,0,0,0,0,0,1,0,0,5
MEG_7865|Multi-compound|Biocide_and_metal_resistance|Biocide_and_metal_resistance_protein|ZUPT|MEG_7865|ZUPT-7865_C_265_G,0,0,0,4,0,0,0,0,0,0
MEG_7865|Multi-compound|Biocide_and_metal_resistance|Biocide_and_metal_resistance_protein|ZUPT|MEG_7865|ZUPT-7865_G_400_C,0,0,0,0,0,3,3,1,0,0
MEG_7865|Multi-compound|Biocide_and_metal_resistance|Biocide_and_metal_resistance_protein|ZUPT|MEG_7865|ZUPT-7865_T_593_A,0,1,1,2,0,0,0,0,0,0
MEG_7865|Multi-compound|Biocide_and_metal_resistance|Biocide_and_metal_resistance_protein|ZUPT|MEG_7865|ZUPT-7865_G_628_T,0,1,1,3,0,0,0,0,0,0
MEG_7865|Multi-compound|Biocide_and_metal_resistance|Biocide_and_metal_resistance_protein|ZUPT|MEG_7865|ZUPT-7865_T_656_A,0,0,0,0,0,2,2,0,0,2
MEG_7865|Multi-compound|Biocide_and_metal_resistance|Biocide_and_metal_resistance_protein|ZUPT|MEG_7865|ZUPT-7865_A_703_G,0,0,0,0,0,2,3,0,0,2
MEG_7866|Multi-compound|Biocide_and_metal_resistance|Biocide_and_metal_resistance_protein|ZUPT|MEG_7866|ZUPT-7866_G_53_A,0,0,0,0,0,0,1,0,2,3
MEG_7866|Multi-compound|Biocide_and_metal_resistance|Biocide_and_metal_resistance_protein|ZUPT|MEG_7866|ZUPT-7866_G_376_C,0,0,0,0,0,5,2,0,1,2
MEG_7866|Multi-compound|Biocide_and_metal_resistance|Biocide_and_metal_resistance_protein|ZUPT|MEG_7866|ZUPT-7866_T_569_A,0,0,1,3,0,0,0,0,0,0
MEG_7866|Multi-compound|Biocide_and_metal_resistance|Biocide_and_metal_resistance_protein|ZUPT|MEG_7866|ZUPT-7866_T_632_A,0,0,0,0,0,4,2,0,1,1
MEG_7866|Multi-compound|Biocide_and_metal_resistance|Biocide_and_metal_resistance_protein|ZUPT|MEG_7866|ZUPT-7866_A_679_G,0,0,0,0,0,5,3,0,1,1
MEG_7866|Multi-compound|Biocide_and_metal_resistance|Biocide_and_metal_resistance_protein|ZUPT|MEG_7866|ZUPT-7866_A_735_C,0,0,0,0,0,3,2,0,0,0
MEG_7867|Metals|Zinc_resistance|Zinc_resistance_regulator|ZUR|MEG_7867|ZUR-7867_G_54_C,0,0,0,0,0,0,9,1,2,0
MEG_7867|Metals|Zinc_resistance|Zinc_resistance_regulator|ZUR|MEG_7867|ZUR-7867_G_93_T,0,0,1,2,1,0,0,0,0,0
MEG_7867|Metals|Zinc_resistance|Zinc_resistance_regulator|ZUR|MEG_7867|ZUR-7867_A_102_G,0,0,0,0,0,0,5,1,1,0
MEG_7868|Metals|Zinc_resistance|Zinc_resistance_regulator|ZUR|MEG_7868|ZUR-7868_T_491_G,0,0,0,0,0,1,3,0,0,0
MEG_8249|Drugs|MLS|Macrolide-resistant_23S_rRNA_mutation|MLS23S|MEG_8249|MLS23S-8249_G_35_C,0,0,1,3,0,5,3,2,0,0
MEG_8249|Drugs|MLS|Macrolide-resistant_23S_rRNA_mutation|MLS23S|MEG_8249|MLS23S-8249_A_56_G,3,0,3,2,13,1,3,4,2,2
MEG_8249|Drugs|MLS|Macrolide-resistant_23S_rRNA_mutation|MLS23S|MEG_8249|MLS23S-8249_T_78_C,4,1,4,3,13,1,4,4,4,2
MEG_8249|Drugs|MLS|Macrolide-resistant_23S_rRNA_mutation|MLS23S|MEG_8249|MLS23S-8249_T_137_A,8,4,16,3,22,11,35,12,8,4
MEG_8249|Drugs|MLS|Macrolide-resistant_23S_rRNA_mutation|MLS23S|MEG_8249|MLS23S-8249_T_138_C,1,0,0,0,8,0,1,0,0,1
MEG_8249|Drugs|MLS|Macrolide-resistant_23S_rRNA_mutation|MLS23S|MEG_8249|MLS23S-8249_A_142_T,10,4,17,3,24,10,38,9,7,4
MEG_8249|Drugs|MLS|Macrolide-resistant_23S_rRNA_mutation|MLS23S|MEG_8249|MLS23S-8249_C_264_G,3,1,4,8,6,4,1,6,2,0
MEG_8249|Drugs|MLS|Macrolide-resistant_23S_rRNA_mutation|MLS23S|MEG_8249|MLS23S-8249_T_284_C,1,1,0,1,4,1,0,0,1,0
MEG_8249|Drugs|MLS|Macrolide-resistant_23S_rRNA_mutation|MLS23S|MEG_8249|MLS23S-8249_G_285_A,7,3,2,1,4,4,9,3,1,0
MEG_8249|Drugs|MLS|Macrolide-resistant_23S_rRNA_mutation|MLS23S|MEG_8249|MLS23S-8249_C_316_T,2,1,6,0,5,3,10,3,2,2
MEG_8249|Drugs|MLS|Macrolide-resistant_23S_rRNA_mutation|MLS23S|MEG_8249|MLS23S-8249_A_348_G,2,1,0,1,6,0,0,1,0,0
MEG_8249|Drugs|MLS|Macrolide-resistant_23S_rRNA_mutation|MLS23S|MEG_8249|MLS23S-8249_T_349_A,0,1,2,1,1,1,5,1,1,1
MEG_8249|Drugs|MLS|Macrolide-resistant_23S_rRNA_mutation|MLS23S|MEG_8249|MLS23S-8249_G_350_A,4,3,2,4,1,1,6,2,1,1
MEG_8249|Drugs|MLS|Macrolide-resistant_23S_rRNA_mutation|MLS23S|MEG_8249|MLS23S-8249_C_353_T,2,1,0,1,6,0,0,1,0,0
MEG_8249|Drugs|MLS|Macrolide-resistant_23S_rRNA_mutation|MLS23S|MEG_8249|MLS23S-8249_A_354_G,2,1,0,1,6,0,0,1,0,0
MEG_8249|Drugs|MLS|Macrolide-resistant_23S_rRNA_mutation|MLS23S|MEG_8249|MLS23S-8249_G_356_A,3,3,20,4,9,15,34,9,5,4
MEG_8249|Drugs|MLS|Macrolide-resistant_23S_rRNA_mutation|MLS23S|MEG_8249|MLS23S-8249_C_357_T,1,3,13,4,4,8,26,7,4,1
MEG_8249|Drugs|MLS|Macrolide-resistant_23S_rRNA_mutation|MLS23S|MEG_8249|MLS23S-8249_G_367_A,1,1,6,2,2,0,11,1,1,0
MEG_8249|Drugs|MLS|Macrolide-resistant_23S_rRNA_mutation|MLS23S|MEG_8249|MLS23S-8249_G_500_A,1,0,2,0,1,0,6,0,0,3
MEG_8249|Drugs|MLS|Macrolide-resistant_23S_rRNA_mutation|MLS23S|MEG_8249|MLS23S-8249_A_613_T,7,0,3,3,12,1,7,3,0,0
MEG_8249|Drugs|MLS|Macrolide-resistant_23S_rRNA_mutation|MLS23S|MEG_8249|MLS23S-8249_A_626_T,10,1,4,3,19,2,7,4,3,0
MEG_8249|Drugs|MLS|Macrolide-resistant_23S_rRNA_mutation|MLS23S|MEG_8249|MLS23S-8249_T_646_C,14,1,5,3,19,2,9,7,5,1
MEG_8249|Drugs|MLS|Macrolide-resistant_23S_rRNA_mutation|MLS23S|MEG_8249|MLS23S-8249_G_664_A,4,0,2,1,1,2,6,5,2,1
MEG_8249|Drugs|MLS|Macrolide-resistant_23S_rRNA_mutation|MLS23S|MEG_8249|MLS23S-8249_C_687_T,15,6,22,32,9,45,46,25,13,9
MEG_8249|Drugs|MLS|Macrolide-resistant_23S_rRNA_mutation|MLS23S|MEG_8249|MLS23S-8249_T_688_C,14,6,21,33,10,45,46,23,13,9
MEG_8249|Drugs|MLS|Macrolide-resistant_23S_rRNA_mutation|MLS23S|MEG_8249|MLS23S-8249_T_766_C,22,10,14,5,46,7,8,6,17,5
MEG_8249|Drugs|MLS|Macrolide-resistant_23S_rRNA_mutation|MLS23S|MEG_8249|MLS23S-8249_G_774_A,6,0,0,7,0,9,6,5,0,3
MEG_8249|Drugs|MLS|Macrolide-resistant_23S_rRNA_mutation|MLS23S|MEG_8249|MLS23S-8249_A_877_T,24,13,9,7,49,8,13,12,16,8
MEG_8249|Drugs|MLS|Macrolide-resistant_23S_rRNA_mutation|MLS23S|MEG_8249|MLS23S-8249_T_884_C,19,11,7,6,43,8,11,13,15,8
MEG_8249|Drugs|MLS|Macrolide-resistant_23S_rRNA_mutation|MLS23S|MEG_8249|MLS23S-8249_A_892_G,20,10,7,4,38,7,7,13,13,5
MEG_8249|Drugs|MLS|Macrolide-resistant_23S_rRNA_mutation|MLS23S|MEG_8249|MLS23S-8249_C_965_T,1,1,2,3,14,3,1,2,5,1
MEG_8249|Drugs|MLS|Macrolide-resistant_23S_rRNA_mutation|MLS23S|MEG_8249|MLS23S-8249_A_1054_G,25,6,7,23,2,51,45,38,10,8
MEG_8249|Drugs|MLS|Macrolide-resistant_23S_rRNA_mutation|MLS23S|MEG_8249|MLS23S-8249_G_1171_A,4,2,3,0,2,5,9,3,0,2
MEG_8249|Drugs|MLS|Macrolide-resistant_23S_rRNA_mutation|MLS23S|MEG_8249|MLS23S-8249_T_1174_G,89,22,40,155,69,122,112,61,38,38
MEG_8249|Drugs|MLS|Macrolide-resistant_23S_rRNA_mutation|MLS23S|MEG_8249|MLS23S-8249_C_1178_T,4,2,2,0,2,4,9,2,0,2
MEG_8249|Drugs|MLS|Macrolide-resistant_23S_rRNA_mutation|MLS23S|MEG_8249|MLS23S-8249_C_1211_T,14,32,50,17,15,7,103,35,21,5
MEG_8249|Drugs|MLS|Macrolide-resistant_23S_rRNA_mutation|MLS23S|MEG_8249|MLS23S-8249_C_1357_T,2,0,0,5,2,22,2,6,2,0
MEG_8249|Drugs|MLS|Macrolide-resistant_23S_rRNA_mutation|MLS23S|MEG_8249|MLS23S-8249_A_1387_G,16,7,10,4,39,1,14,11,12,3
MEG_8249|Drugs|MLS|Macrolide-resistant_23S_rRNA_mutation|MLS23S|MEG_8249|MLS23S-8249_T_1400_C,16,7,12,4,43,1,13,11,12,2
MEG_8249|Drugs|MLS|Macrolide-resistant_23S_rRNA_mutation|MLS23S|MEG_8249|MLS23S-8249_T_1402_C,6,0,0,0,7,0,0,2,1,0
MEG_8249|Drugs|MLS|Macrolide-resistant_23S_rRNA_mutation|MLS23S|MEG_8249|MLS23S-8249_G_1445_A,1,0,2,1,1,0,5,3,4,0
MEG_8249|Drugs|MLS|Macrolide-resistant_23S_rRNA_mutation|MLS23S|MEG_8249|MLS23S-8249_C_1446_T,1,2,2,0,1,0,4,1,1,0
MEG_8249|Drugs|MLS|Macrolide-resistant_23S_rRNA_mutation|MLS23S|MEG_8249|MLS23S-8249_C_1447_A,1,2,2,0,1,0,4,1,1,0
MEG_8249|Drugs|MLS|Macrolide-resistant_23S_rRNA_mutation|MLS23S|MEG_8249|MLS23S-8249_A_1490_G,14,4,8,21,2,38,23,36,8,4
MEG_8249|Drugs|MLS|Macrolide-resistant_23S_rRNA_mutation|MLS23S|MEG_8249|MLS23S-8249_G_1491_T,4,2,6,14,1,23,11,17,4,2
MEG_8249|Drugs|MLS|Macrolide-resistant_23S_rRNA_mutation|MLS23S|MEG_8249|MLS23S-8249_T_1506_C,1,0,3,1,0,0,12,2,0,2
MEG_8249|Drugs|MLS|Macrolide-resistant_23S_rRNA_mutation|MLS23S|MEG_8249|MLS23S-8249_C_1507_T,0,0,3,1,0,0,12,2,0,2
MEG_8249|Drugs|MLS|Macrolide-resistant_23S_rRNA_mutation|MLS23S|MEG_8249|MLS23S-8249_A_1566_G,7,6,6,9,1,19,19,18,6,6
MEG_8249|Drugs|MLS|Macrolide-resistant_23S_rRNA_mutation|MLS23S|MEG_8249|MLS23S-8249_G_1567_T,5,6,6,9,1,12,19,15,4,4
MEG_8249|Drugs|MLS|Macrolide-resistant_23S_rRNA_mutation|MLS23S|MEG_8249|MLS23S-8249_A_1569_G,5,0,0,1,0,2,2,3,1,1
MEG_8249|Drugs|MLS|Macrolide-resistant_23S_rRNA_mutation|MLS23S|MEG_8249|MLS23S-8249_C_1574_T,11,5,8,3,20,3,6,11,5,2
MEG_8249|Drugs|MLS|Macrolide-resistant_23S_rRNA_mutation|MLS23S|MEG_8249|MLS23S-8249_G_1723_A,126,49,118,178,80,169,211,107,54,45
MEG_8249|Drugs|MLS|Macrolide-resistant_23S_rRNA_mutation|MLS23S|MEG_8249|MLS23S-8249_C_1730_T,115,26,20,162,54,146,39,69,17,27
MEG_8249|Drugs|MLS|Macrolide-resistant_23S_rRNA_mutation|MLS23S|MEG_8249|MLS23S-8249_A_1746_G,11,8,3,3,16,2,7,8,4,4
MEG_8249|Drugs|MLS|Macrolide-resistant_23S_rRNA_mutation|MLS23S|MEG_8249|MLS23S-8249_T_1865_C,81,45,52,97,88,92,95,67,22,32
MEG_8249|Drugs|MLS|Macrolide-resistant_23S_rRNA_mutation|MLS23S|MEG_8249|MLS23S-8249_C_1870_A,2,1,5,2,0,0,4,2,2,0
MEG_8249|Drugs|MLS|Macrolide-resistant_23S_rRNA_mutation|MLS23S|MEG_8249|MLS23S-8249_A_1872_C,2,1,5,2,0,0,4,3,2,0
MEG_8249|Drugs|MLS|Macrolide-resistant_23S_rRNA_mutation|MLS23S|MEG_8249|MLS23S-8249_T_1882_C,16,4,10,8,42,2,11,8,10,3
MEG_8249|Drugs|MLS|Macrolide-resistant_23S_rRNA_mutation|MLS23S|MEG_8249|MLS23S-8249_G_1906_T,0,0,1,0,1,0,6,2,0,2
MEG_8249|Drugs|MLS|Macrolide-resistant_23S_rRNA_mutation|MLS23S|MEG_8249|MLS23S-8249_G_1907_A,0,0,1,0,1,0,6,2,0,2
MEG_8249|Drugs|MLS|Macrolide-resistant_23S_rRNA_mutation|MLS23S|MEG_8249|MLS23S-8249_C_1974_T,0,3,0,2,1,3,0,0,1,2
MEG_8249|Drugs|MLS|Macrolide-resistant_23S_rRNA_mutation|MLS23S|MEG_8249|MLS23S-8249_C_1986_A,1,0,5,2,0,0,5,2,2,1
MEG_8249|Drugs|MLS|Macrolide-resistant_23S_rRNA_mutation|MLS23S|MEG_8249|MLS23S-8249_A_1987_G,18,1,10,31,5,38,44,32,10,14
MEG_8249|Drugs|MLS|Macrolide-resistant_23S_rRNA_mutation|MLS23S|MEG_8249|MLS23S-8249_G_1988_A,1,0,5,2,0,0,5,2,2,1
MEG_8249|Drugs|MLS|Macrolide-resistant_23S_rRNA_mutation|MLS23S|MEG_8249|MLS23S-8249_C_2104_T,2,0,0,7,0,6,5,4,0,1
MEG_8249|Drugs|MLS|Macrolide-resistant_23S_rRNA_mutation|MLS23S|MEG_8249|MLS23S-8249_T_2132_A,2,0,0,0,0,0,13,4,0,3
MEG_8249|Drugs|MLS|Macrolide-resistant_23S_rRNA_mutation|MLS23S|MEG_8249|MLS23S-8249_T_2137_C,15,4,10,4,38,1,10,5,3,3
MEG_8249|Drugs|MLS|Macrolide-resistant_23S_rRNA_mutation|MLS23S|MEG_8249|MLS23S-8249_A_2163_G,11,2,12,5,30,3,26,11,1,8
MEG_8249|Drugs|MLS|Macrolide-resistant_23S_rRNA_mutation|MLS23S|MEG_8249|MLS23S-8249_T_2203_G,10,5,5,6,24,5,20,10,6,3
MEG_8249|Drugs|MLS|Macrolide-resistant_23S_rRNA_mutation|MLS23S|MEG_8249|MLS23S-8249_G_2209_C,0,0,5,3,2,0,12,1,0,0
MEG_8249|Drugs|MLS|Macrolide-resistant_23S_rRNA_mutation|MLS23S|MEG_8249|MLS23S-8249_A_2211_G,13,7,20,6,30,9,35,14,10,6
MEG_8249|Drugs|MLS|Macrolide-resistant_23S_rRNA_mutation|MLS23S|MEG_8249|MLS23S-8249_C_2215_G,0,0,6,3,3,0,11,1,0,0
MEG_8249|Drugs|MLS|Macrolide-resistant_23S_rRNA_mutation|MLS23S|MEG_8249|MLS23S-8249_C_2248_T,0,2,3,3,3,0,6,5,0,1
MEG_8249|Drugs|MLS|Macrolide-resistant_23S_rRNA_mutation|MLS23S|MEG_8249|MLS23S-8249_G_2251_A,4,0,3,0,2,1,4,2,1,1
MEG_8249|Drugs|MLS|Macrolide-resistant_23S_rRNA_mutation|MLS23S|MEG_8249|MLS23S-8249_T_2302_C,4,1,0,4,0,13,9,5,0,3
MEG_8249|Drugs|MLS|Macrolide-resistant_23S_rRNA_mutation|MLS23S|MEG_8249|MLS23S-8249_G_2523_C,2,0,2,0,1,5,10,5,1,1
MEG_8249|Drugs|MLS|Macrolide-resistant_23S_rRNA_mutation|MLS23S|MEG_8249|MLS23S-8249_G_2525_A,2,0,1,0,0,1,2,2,1,1
MEG_8249|Drugs|MLS|Macrolide-resistant_23S_rRNA_mutation|MLS23S|MEG_8249|MLS23S-8249_G_2543_A,2,0,1,0,0,2,2,2,0,1
MEG_8249|Drugs|MLS|Macrolide-resistant_23S_rRNA_mutation|MLS23S|MEG_8249|MLS23S-8249_C_2636_T,0,0,3,0,2,0,0,1,1,0
MEG_8249|Drugs|MLS|Macrolide-resistant_23S_rRNA_mutation|MLS23S|MEG_8249|MLS23S-8249_G_2644_T,0,0,0,0,0,0,4,2,0,0
MEG_8249|Drugs|MLS|Macrolide-resistant_23S_rRNA_mutation|MLS23S|MEG_8249|MLS23S-8249_G_2648_C,0,0,0,0,0,0,4,2,0,0
MEG_8249|Drugs|MLS|Macrolide-resistant_23S_rRNA_mutation|MLS23S|MEG_8249|MLS23S-8249_G_2802_A,1,0,1,2,0,0,0,0,1,0
MEG_8249|Drugs|MLS|Macrolide-resistant_23S_rRNA_mutation|MLS23S|MEG_8249|MLS23S-8249_T_2804_G,0,0,0,11,0,9,0,1,0,1
MEG_8445|Drugs|Fluoroquinolones|Fluoroquinolone-resistant_DNA_topoisomerases|PARC|MEG_8445|PARC-8445_A_471_G,0,0,0,1,2,1,4,0,0,0
MEG_8445|Drugs|Fluoroquinolones|Fluoroquinolone-resistant_DNA_topoisomerases|PARC|MEG_8445|PARC-8445_G_594_A,0,0,0,0,0,2,2,0,0,0
MEG_8445|Drugs|Fluoroquinolones|Fluoroquinolone-resistant_DNA_topoisomerases|PARC|MEG_8445|PARC-8445_C_1470_T,2,0,0,4,0,3,0,2,1,0
MEG_8445|Drugs|Fluoroquinolones|Fluoroquinolone-resistant_DNA_topoisomerases|PARC|MEG_8445|PARC-8445_T_1665_C,0,0,1,0,0,2,1,0,0,0
MEG_8634|Drugs|Lipopeptides|Colistin-resistant_mutant|PMRAR|MEG_8634|PMRAR-8634_C_46_T,0,0,1,0,3,0,3,0,0,2
MEG_8634|Drugs|Lipopeptides|Colistin-resistant_mutant|PMRAR|MEG_8634|PMRAR-8634_C_66_T,0,0,3,1,3,0,3,0,0,2
MEG_8634|Drugs|Lipopeptides|Colistin-resistant_mutant|PMRAR|MEG_8634|PMRAR-8634_G_85_A,3,0,1,1,0,2,6,1,1,1
MEG_8634|Drugs|Lipopeptides|Colistin-resistant_mutant|PMRAR|MEG_8634|PMRAR-8634_A_126_C,0,0,7,4,1,0,5,1,0,1
MEG_8634|Drugs|Lipopeptides|Colistin-resistant_mutant|PMRAR|MEG_8634|PMRAR-8634_T_213_C,0,1,2,0,0,0,1,2,0,0
MEG_8634|Drugs|Lipopeptides|Colistin-resistant_mutant|PMRAR|MEG_8634|PMRAR-8634_C_288_T,0,1,2,0,1,0,4,2,0,1
MEG_8634|Drugs|Lipopeptides|Colistin-resistant_mutant|PMRAR|MEG_8634|PMRAR-8634_T_327_C,0,1,2,0,1,0,5,1,0,2
MEG_8634|Drugs|Lipopeptides|Colistin-resistant_mutant|PMRAR|MEG_8634|PMRAR-8634_C_405_T,0,0,3,0,0,1,9,0,1,3
MEG_8678|Drugs|Aminoglycosides|Aminoglycoside-resistant_16S_ribosomal_subunit_protein|RPSL|MEG_8678|RPSL-8678_T_282_C,1,1,1,0,0,1,6,0,1,0
MEG_8678|Drugs|Aminoglycosides|Aminoglycoside-resistant_16S_ribosomal_subunit_protein|RPSL|MEG_8678|RPSL-8678_T_306_A,1,0,1,1,0,1,4,0,1,0
MEG_8678|Drugs|Aminoglycosides|Aminoglycoside-resistant_16S_ribosomal_subunit_protein|RPSL|MEG_8678|RPSL-8678_C_354_T,3,0,0,1,0,0,2,0,0,0
MEG_8678|Drugs|Aminoglycosides|Aminoglycoside-resistant_16S_ribosomal_subunit_protein|RPSL|MEG_8678|RPSL-8678_C_363_T,3,0,0,1,0,0,2,0,0,0
MEG_8679|Drugs|Oxazolidinone|Oxazolidinone-resistant_23S_rRNA_mutation|RRL|MEG_8679|RRL-8679_T_2700_A,0,0,0,0,1,1,1,0,3,2
MEG_8679|Drugs|Oxazolidinone|Oxazolidinone-resistant_23S_rRNA_mutation|RRL|MEG_8679|RRL-8679_C_2702_T,0,0,0,0,1,1,1,0,3,2
MEG_8679|Drugs|Oxazolidinone|Oxazolidinone-resistant_23S_rRNA_mutation|RRL|MEG_8679|RRL-8679_G_2786_C,0,0,0,3,0,3,0,0,3,0
MEG_8679|Drugs|Oxazolidinone|Oxazolidinone-resistant_23S_rRNA_mutation|RRL|MEG_8679|RRL-8679_C_2798_G,0,0,0,3,0,2,0,0,2,0
MEG_8680|Drugs|Aminoglycosides|Aminoglycoside-resistant_16S_ribosomal_subunit_protein|RRS|MEG_8680|RRS-8680_G_406_C,2,0,0,0,3,2,0,0,4,4
MEG_8680|Drugs|Aminoglycosides|Aminoglycoside-resistant_16S_ribosomal_subunit_protein|RRS|MEG_8680|RRS-8680_G_724_A,0,0,0,0,0,2,0,0,2,0
MEG_8680|Drugs|Aminoglycosides|Aminoglycoside-resistant_16S_ribosomal_subunit_protein|RRS|MEG_8680|RRS-8680_A_736_C,0,0,0,0,2,2,1,0,3,1
MEG_8680|Drugs|Aminoglycosides|Aminoglycoside-resistant_16S_ribosomal_subunit_protein|RRS|MEG_8680|RRS-8680_A_739_C,0,0,0,0,2,2,1,0,3,1
MEG_8680|Drugs|Aminoglycosides|Aminoglycoside-resistant_16S_ribosomal_subunit_protein|RRS|MEG_8680|RRS-8680_G_910_A,1,0,0,1,0,7,1,0,9,4
MEG_8680|Drugs|Aminoglycosides|Aminoglycoside-resistant_16S_ribosomal_subunit_protein|RRS|MEG_8680|RRS-8680_T_945_C,1,1,0,1,2,8,1,0,9,6
MEG_8680|Drugs|Aminoglycosides|Aminoglycoside-resistant_16S_ribosomal_subunit_protein|RRS|MEG_8680|RRS-8680_T_983_C,1,1,0,0,1,4,1,0,2,5
MEG_8680|Drugs|Aminoglycosides|Aminoglycoside-resistant_16S_ribosomal_subunit_protein|RRS|MEG_8680|RRS-8680_C_1050_T,0,4,2,2,2,2,3,1,1,4
MEG_7883|Multi-compound|Drug_and_biocide_resistance|Drug_and_biocide_RND_efflux_pumps|ACRB|MEG_7883|ACRB-7883_T_82_C,2,1,2,1,6,0,4,1,1,0
MEG_7883|Multi-compound|Drug_and_biocide_resistance|Drug_and_biocide_RND_efflux_pumps|ACRB|MEG_7883|ACRB-7883_T_119_C,1,0,0,0,7,0,1,1,1,1
MEG_7883|Multi-compound|Drug_and_biocide_resistance|Drug_and_biocide_RND_efflux_pumps|ACRB|MEG_7883|ACRB-7883_G_639_A,1,1,1,0,7,0,2,0,2,0
MEG_7883|Multi-compound|Drug_and_biocide_resistance|Drug_and_biocide_RND_efflux_pumps|ACRB|MEG_7883|ACRB-7883_G_2004_A,6,1,1,2,6,0,2,2,0,1
MEG_7883|Multi-compound|Drug_and_biocide_resistance|Drug_and_biocide_RND_efflux_pumps|ACRB|MEG_7883|ACRB-7883_A_2115_G,3,1,1,0,10,2,3,2,1,0
MEG_7883|Multi-compound|Drug_and_biocide_resistance|Drug_and_biocide_RND_efflux_pumps|ACRB|MEG_7883|ACRB-7883_A_2442_G,10,2,1,2,10,4,3,3,7,2
MEG_7883|Multi-compound|Drug_and_biocide_resistance|Drug_and_biocide_RND_efflux_pumps|ACRB|MEG_7883|ACRB-7883_G_2568_A,4,3,1,0,10,3,4,3,1,2
MEG_7883|Multi-compound|Drug_and_biocide_resistance|Drug_and_biocide_RND_efflux_pumps|ACRB|MEG_7883|ACRB-7883_A_2598_G,5,0,2,1,12,2,4,3,2,2
MEG_7883|Multi-compound|Drug_and_biocide_resistance|Drug_and_biocide_RND_efflux_pumps|ACRB|MEG_7883|ACRB-7883_C_2904_T,4,2,2,1,4,1,1,1,4,0
MEG_8146|Drugs|Fluoroquinolones|Fluoroquinolone-resistant_DNA_topoisomerases|GYRA|MEG_8146|GYRA-8146_A_693_G,2,0,2,2,3,0,2,0,1,1
MEG_8146|Drugs|Fluoroquinolones|Fluoroquinolone-resistant_DNA_topoisomerases|GYRA|MEG_8146|GYRA-8146_C_891_T,0,0,0,0,5,1,0,0,1,1
MEG_8146|Drugs|Fluoroquinolones|Fluoroquinolone-resistant_DNA_topoisomerases|GYRA|MEG_8146|GYRA-8146_C_939_T,1,0,0,0,4,1,0,0,2,1
MEG_8146|Drugs|Fluoroquinolones|Fluoroquinolone-resistant_DNA_topoisomerases|GYRA|MEG_8146|GYRA-8146_C_1506_T,1,1,0,0,1,0,2,2,2,0
MEG_8146|Drugs|Fluoroquinolones|Fluoroquinolone-resistant_DNA_topoisomerases|GYRA|MEG_8146|GYRA-8146_C_2115_T,1,0,0,0,4,0,0,0,1,0
MEG_8146|Drugs|Fluoroquinolones|Fluoroquinolone-resistant_DNA_topoisomerases|GYRA|MEG_8146|GYRA-8146_C_2196_A,1,0,0,0,2,1,0,0,0,1
MEG_8146|Drugs|Fluoroquinolones|Fluoroquinolone-resistant_DNA_topoisomerases|GYRA|MEG_8146|GYRA-8146_C_2199_T,1,0,0,0,2,1,0,0,0,1
MEG_8446|Drugs|Fluoroquinolones|Fluoroquinolone-resistant_DNA_topoisomerases|PARC|MEG_8446|PARC-8446_T_1161_C,0,0,1,0,0,1,0,1,1,0
MEG_8446|Drugs|Fluoroquinolones|Fluoroquinolone-resistant_DNA_topoisomerases|PARC|MEG_8446|PARC-8446_C_1170_T,1,0,1,0,0,1,0,1,1,0
MEG_8446|Drugs|Fluoroquinolones|Fluoroquinolone-resistant_DNA_topoisomerases|PARC|MEG_8446|PARC-8446_C_1483_T,1,0,0,2,2,0,0,1,2,0
MEG_8446|Drugs|Fluoroquinolones|Fluoroquinolone-resistant_DNA_topoisomerases|PARC|MEG_8446|PARC-8446_C_1491_T,1,0,0,2,2,0,0,1,2,0
MEG_8446|Drugs|Fluoroquinolones|Fluoroquinolone-resistant_DNA_topoisomerases|PARC|MEG_8446|PARC-8446_C_1539_T,1,0,0,2,1,0,0,1,1,0
MEG_8449|Drugs|Aminocoumarins|Aminocoumarin-resistant_DNA_topoisomerases|PARE|MEG_8449|PARE-8449_G_435_A,2,0,2,0,0,0,0,0,0,1
MEG_8449|Drugs|Aminocoumarins|Aminocoumarin-resistant_DNA_topoisomerases|PARE|MEG_8449|PARE-8449_T_654_C,1,1,1,1,1,0,0,1,1,0
MEG_8449|Drugs|Aminocoumarins|Aminocoumarin-resistant_DNA_topoisomerases|PARE|MEG_8449|PARE-8449_A_1161_G,1,3,0,0,1,0,0,0,1,0
MEG_8449|Drugs|Aminocoumarins|Aminocoumarin-resistant_DNA_topoisomerases|PARE|MEG_8449|PARE-8449_T_1341_C,4,2,1,1,4,0,0,0,0,0
MEG_8635|Drugs|Lipopeptides|Colistin-resistant_mutant|PMRAR|MEG_8635|PMRAR-8635_G_88_T,2,1,1,0,4,0,2,1,0,0
MEG_8635|Drugs|Lipopeptides|Colistin-resistant_mutant|PMRAR|MEG_8635|PMRAR-8635_C_98_T,2,1,1,0,4,0,2,1,0,0
MEG_8635|Drugs|Lipopeptides|Colistin-resistant_mutant|PMRAR|MEG_8635|PMRAR-8635_G_222_A,1,1,2,0,5,0,2,1,1,0
MEG_8635|Drugs|Lipopeptides|Colistin-resistant_mutant|PMRAR|MEG_8635|PMRAR-8635_G_342_A,2,0,0,1,4,0,1,5,1,0
MEG_8090|Drugs|Fosfomycin|Fosfomycin_thiol_transferases|FOSL|MEG_8090|FOSL-8090_C_41_A,0,3,1,1,0,0,0,0,0,0
MEG_8090|Drugs|Fosfomycin|Fosfomycin_thiol_transferases|FOSL|MEG_8090|FOSL-8090_T_159_G,0,4,0,0,0,0,0,0,0,0
MEG_8090|Drugs|Fosfomycin|Fosfomycin_thiol_transferases|FOSL|MEG_8090|FOSL-8090_T_309_A,0,3,1,0,0,0,0,0,0,0
MEG_8231|Drugs|Lipopeptides|Colistin-resistant_mutant|LPSB|MEG_8231|LPSB-8231_G_53_C,3,3,2,4,0,0,0,0,0,0
MEG_8231|Drugs|Lipopeptides|Colistin-resistant_mutant|LPSB|MEG_8231|LPSB-8231_C_272_A,5,1,2,4,0,0,0,0,0,0
MEG_8231|Drugs|Lipopeptides|Colistin-resistant_mutant|LPSB|MEG_8231|LPSB-8231_T_502_G,4,2,3,8,0,0,0,0,0,0
MEG_8231|Drugs|Lipopeptides|Colistin-resistant_mutant|LPSB|MEG_8231|LPSB-8231_T_594_A,4,1,9,3,0,0,0,0,0,0
MEG_8231|Drugs|Lipopeptides|Colistin-resistant_mutant|LPSB|MEG_8231|LPSB-8231_C_796_A,4,2,5,2,0,0,0,0,0,0
MEG_8232|Drugs|Multi-drug_resistance|Multi-drug_ABC_efflux_pumps|LPTD|MEG_8232|LPTD-8232_A_478_G,0,0,0,0,0,1,14,0,0,1
MEG_8232|Drugs|Multi-drug_resistance|Multi-drug_ABC_efflux_pumps|LPTD|MEG_8232|LPTD-8232_C_603_A,0,0,0,0,0,0,17,1,0,1
MEG_8232|Drugs|Multi-drug_resistance|Multi-drug_ABC_efflux_pumps|LPTD|MEG_8232|LPTD-8232_A_1030_G,0,0,0,0,0,1,12,0,0,0
MEG_8232|Drugs|Multi-drug_resistance|Multi-drug_ABC_efflux_pumps|LPTD|MEG_8232|LPTD-8232_T_1242_C,0,0,0,0,0,0,14,1,0,1
MEG_8232|Drugs|Multi-drug_resistance|Multi-drug_ABC_efflux_pumps|LPTD|MEG_8232|LPTD-8232_G_1521_C,0,0,0,0,0,0,15,1,0,1
MEG_8232|Drugs|Multi-drug_resistance|Multi-drug_ABC_efflux_pumps|LPTD|MEG_8232|LPTD-8232_T_1721_A,0,0,0,0,0,1,15,1,0,1
MEG_8232|Drugs|Multi-drug_resistance|Multi-drug_ABC_efflux_pumps|LPTD|MEG_8232|LPTD-8232_T_1808_C,0,0,0,0,0,1,18,4,0,0
MEG_8232|Drugs|Multi-drug_resistance|Multi-drug_ABC_efflux_pumps|LPTD|MEG_8232|LPTD-8232_G_1910_C,0,0,0,0,0,3,7,0,0,0
MEG_8232|Drugs|Multi-drug_resistance|Multi-drug_ABC_efflux_pumps|LPTD|MEG_8232|LPTD-8232_G_2251_A,0,0,0,0,0,2,9,1,0,0
MEG_8036|Drugs|Lipopeptides|Colistin_phosphoethanolamine_transferase|CPRS|MEG_8036|CPRS-8036_G_69_A,2,1,0,1,8,0,0,0,0,0
MEG_8036|Drugs|Lipopeptides|Colistin_phosphoethanolamine_transferase|CPRS|MEG_8036|CPRS-8036_C_603_T,2,0,0,3,7,0,0,0,0,0
MEG_8452|Drugs|Multi-drug_resistance|MDR_regulator|PARS|MEG_8452|PARS-8452_G_209_T,4,1,0,8,0,0,0,0,0,0
MEG_8452|Drugs|Multi-drug_resistance|MDR_regulator|PARS|MEG_8452|PARS-8452_G_390_T,2,1,0,7,1,0,0,0,0,0
MEG_8452|Drugs|Multi-drug_resistance|MDR_regulator|PARS|MEG_8452|PARS-8452_G_591_C,2,1,0,11,1,0,0,0,0,0
MEG_8452|Drugs|Multi-drug_resistance|MDR_regulator|PARS|MEG_8452|PARS-8452_C_625_G,2,1,0,13,0,0,0,0,0,0
MEG_8452|Drugs|Multi-drug_resistance|MDR_regulator|PARS|MEG_8452|PARS-8452_T_673_G,3,3,0,8,0,0,0,0,0,0
MEG_8452|Drugs|Multi-drug_resistance|MDR_regulator|PARS|MEG_8452|PARS-8452_C_1011_A,4,0,0,10,0,0,0,0,0,0
MEG_8452|Drugs|Multi-drug_resistance|MDR_regulator|PARS|MEG_8452|PARS-8452_G_1048_A,4,3,0,9,0,0,0,0,0,0
MEG_8452|Drugs|Multi-drug_resistance|MDR_regulator|PARS|MEG_8452|PARS-8452_C_1223_A,1,0,0,2,1,0,0,0,0,0
MEG_8451|Drugs|Multi-drug_resistance|MDR_regulator|PARR|MEG_8451|PARR-8451_G_40_T,0,0,0,0,0,1,1,1,1,1
MEG_8451|Drugs|Multi-drug_resistance|MDR_regulator|PARR|MEG_8451|PARR-8451_C_285_A,0,0,0,0,0,0,1,2,1,2
MEG_8451|Drugs|Multi-drug_resistance|MDR_regulator|PARR|MEG_8451|PARR-8451_C_293_A,2,1,1,0,5,0,0,0,0,0
MEG_8451|Drugs|Multi-drug_resistance|MDR_regulator|PARR|MEG_8451|PARR-8451_C_476_G,0,0,0,0,0,1,1,4,1,0
MEG_8451|Drugs|Multi-drug_resistance|MDR_regulator|PARR|MEG_8451|PARR-8451_C_526_T,0,0,0,0,0,1,1,5,1,0
MEG_8451|Drugs|Multi-drug_resistance|MDR_regulator|PARR|MEG_8451|PARR-8451_A_617_T,0,0,0,0,0,0,3,1,2,1
MEG_8451|Drugs|Multi-drug_resistance|MDR_regulator|PARR|MEG_8451|PARR-8451_G_672_A,0,0,0,0,0,0,1,1,1,1
MEG_8718|Drugs|Tetracyclines|Tetracycline_inactivation_enzymes|TETX|MEG_8718|TETX-8718_T_715_C,1,1,0,6,0,0,0,0,0,0
MEG_8718|Drugs|Tetracyclines|Tetracycline_inactivation_enzymes|TETX|MEG_8718|TETX-8718_A_739_T,1,1,0,7,0,0,0,0,0,0
MEG_8718|Drugs|Tetracyclines|Tetracycline_inactivation_enzymes|TETX|MEG_8718|TETX-8718_A_909_T,0,2,0,2,0,0,0,0,0,0
MEG_8243|Drugs|MLS|MLS_resistance_MFS_efflux_pumps|MEFD|MEG_8243|MEFD-8243_T_314_C,3,0,0,1,3,0,0,0,0,0
MEG_8243|Drugs|MLS|MLS_resistance_MFS_efflux_pumps|MEFD|MEG_8243|MEFD-8243_A_346_T,3,0,0,1,7,0,0,0,0,0
MEG_8243|Drugs|MLS|MLS_resistance_MFS_efflux_pumps|MEFD|MEG_8243|MEFD-8243_T_730_C,4,0,0,1,7,0,0,0,0,0
MEG_8243|Drugs|MLS|MLS_resistance_MFS_efflux_pumps|MEFD|MEG_8243|MEFD-8243_T_1015_A,5,0,0,1,4,0,0,0,0,0
MEG_7872|Drugs|Aminoglycosides|Aminoglycoside_N-acetyltransferases|AAC6-PRIME|MEG_7872|AAC6-PRIME-7872_A_33_C,0,0,0,0,0,0,0,1,0,4
MEG_7872|Drugs|Aminoglycosides|Aminoglycoside_N-acetyltransferases|AAC6-PRIME|MEG_7872|AAC6-PRIME-7872_T_64_A,0,0,0,0,0,0,0,1,0,4
MEG_8088|Drugs|Fosfomycin|Fosfomycin_thiol_transferases|FOSA|MEG_8088|FOSA-8088_T_341_G,0,0,0,0,0,0,1,2,1,0
MEG_8061|Drugs|Trimethoprim|Dihydrofolate_reductase|DFRA|MEG_8061|DFRA-8061_T_264_A,2,0,1,0,1,0,0,0,0,0
MEG_8061|Drugs|Trimethoprim|Dihydrofolate_reductase|DFRA|MEG_8061|DFRA-8061_T_323_C,0,0,0,0,0,0,6,0,0,0
MEG_8062|Drugs|Trimethoprim|Dihydrofolate_reductase|DFRA|MEG_8062|DFRA-8062_A_540_T,0,0,0,0,0,0,4,1,0,0
MEG_8065|Drugs|Trimethoprim|Dihydrofolate_reductase|DFRA|MEG_8065|DFRA-8065_A_206_T,0,0,0,0,0,2,2,0,0,0
MEG_8064|Drugs|Trimethoprim|Dihydrofolate_reductase|DFRA|MEG_8064|DFRA-8064_A_81_T,1,0,1,5,0,0,0,0,0,0
MEG_7952|Drugs|betalactams|Class_C_betalactamases|ADC|MEG_7952|ADC-7952_A_532_C,0,0,0,0,0,1,1,1,1,2
MEG_7952|Drugs|betalactams|Class_C_betalactamases|ADC|MEG_7952|ADC-7952_A_1058_C,0,0,0,0,0,0,0,1,1,2
MEG_8125|Drugs|betalactams|Class_B_betalactamases|GOB|MEG_8125|GOB-8125_A_85_C,1,0,1,4,1,0,0,0,0,0
MEG_8125|Drugs|betalactams|Class_B_betalactamases|GOB|MEG_8125|GOB-8125_A_289_T,1,0,0,5,0,0,0,0,0,0
MEG_8125|Drugs|betalactams|Class_B_betalactamases|GOB|MEG_8125|GOB-8125_G_313_C,1,0,0,4,0,0,0,0,0,0
MEG_8125|Drugs|betalactams|Class_B_betalactamases|GOB|MEG_8125|GOB-8125_A_530_T,0,0,0,3,1,0,0,0,0,0
MEG_8552|Drugs|betalactams|Class_C_betalactamases|PDC|MEG_8552|PDC-8552_G_203_A,0,0,0,0,0,0,4,0,0,0
MEG_8552|Drugs|betalactams|Class_C_betalactamases|PDC|MEG_8552|PDC-8552_G_369_T,0,0,0,0,0,0,13,0,0,0
MEG_8692|Multi-compound|Drug_and_biocide_resistance|Drug_and_biocide_MFS_efflux_pumps|SDRM|MEG_8692|SDRM-8692_C_439_T,0,3,5,7,2,0,0,0,0,0
MEG_8692|Multi-compound|Drug_and_biocide_resistance|Drug_and_biocide_MFS_efflux_pumps|SDRM|MEG_8692|SDRM-8692_T_747_C,0,5,2,5,4,0,0,0,0,0
MEG_8692|Multi-compound|Drug_and_biocide_resistance|Drug_and_biocide_MFS_efflux_pumps|SDRM|MEG_8692|SDRM-8692_T_893_C,1,1,2,2,3,0,0,0,0,0
MEG_8692|Multi-compound|Drug_and_biocide_resistance|Drug_and_biocide_MFS_efflux_pumps|SDRM|MEG_8692|SDRM-8692_T_930_G,1,2,2,1,4,0,0,0,0,0
MEG_8674|Drugs|Rifampin|Rifampin-resistant_beta-subunit_of_RNA_polymerase_RpoB|RPOB|MEG_8674|RPOB-8674_G_270_T,0,0,0,0,0,2,1,3,0,0
MEG_8674|Drugs|Rifampin|Rifampin-resistant_beta-subunit_of_RNA_polymerase_RpoB|RPOB|MEG_8674|RPOB-8674_A_572_T,0,0,1,3,0,0,0,0,0,0
MEG_8674|Drugs|Rifampin|Rifampin-resistant_beta-subunit_of_RNA_polymerase_RpoB|RPOB|MEG_8674|RPOB-8674_G_2284_C,0,0,0,0,0,2,5,2,2,1
MEG_8674|Drugs|Rifampin|Rifampin-resistant_beta-subunit_of_RNA_polymerase_RpoB|RPOB|MEG_8674|RPOB-8674_A_2389_C,0,0,0,0,0,0,8,0,4,0
MEG_8674|Drugs|Rifampin|Rifampin-resistant_beta-subunit_of_RNA_polymerase_RpoB|RPOB|MEG_8674|RPOB-8674_C_2619_G,0,0,0,0,0,1,4,0,1,1
MEG_8674|Drugs|Rifampin|Rifampin-resistant_beta-subunit_of_RNA_polymerase_RpoB|RPOB|MEG_8674|RPOB-8674_C_3153_T,0,0,0,0,0,1,1,0,1,1
MEG_8689|Drugs|Multi-drug_resistance|Multi-drug_ABC_efflux_pumps|SALC|MEG_8689|SALC-8689_A_258_T,2,2,0,0,0,0,0,0,0,0
MEG_8689|Drugs|Multi-drug_resistance|Multi-drug_ABC_efflux_pumps|SALC|MEG_8689|SALC-8689_T_423_A,7,0,0,0,0,0,0,0,0,0
MEG_8689|Drugs|Multi-drug_resistance|Multi-drug_ABC_efflux_pumps|SALC|MEG_8689|SALC-8689_G_445_T,9,0,0,1,0,0,0,0,0,0
MEG_8689|Drugs|Multi-drug_resistance|Multi-drug_ABC_efflux_pumps|SALC|MEG_8689|SALC-8689_A_1149_T,6,2,0,1,0,0,0,0,0,0
MEG_8689|Drugs|Multi-drug_resistance|Multi-drug_ABC_efflux_pumps|SALC|MEG_8689|SALC-8689_G_1282_T,2,0,0,0,2,0,0,0,0,0
MEG_8690|Drugs|Multi-drug_resistance|Multi-drug_ABC_efflux_pumps|SALD|MEG_8690|SALD-8690_G_228_C,2,0,0,2,0,0,0,0,0,0
MEG_8690|Drugs|Multi-drug_resistance|Multi-drug_ABC_efflux_pumps|SALD|MEG_8690|SALD-8690_A_555_T,4,0,0,7,0,0,0,0,0,0
MEG_8690|Drugs|Multi-drug_resistance|Multi-drug_ABC_efflux_pumps|SALD|MEG_8690|SALD-8690_T_642_G,0,0,0,4,0,0,0,0,0,0
MEG_8690|Drugs|Multi-drug_resistance|Multi-drug_ABC_efflux_pumps|SALD|MEG_8690|SALD-8690_A_1015_C,0,0,0,0,0,2,2,2,0,0
MEG_8690|Drugs|Multi-drug_resistance|Multi-drug_ABC_efflux_pumps|SALD|MEG_8690|SALD-8690_T_1023_G,3,1,0,2,0,0,0,0,0,0
MEG_8690|Drugs|Multi-drug_resistance|Multi-drug_ABC_efflux_pumps|SALD|MEG_8690|SALD-8690_C_1049_A,0,0,0,0,0,1,2,2,0,0
MEG_8690|Drugs|Multi-drug_resistance|Multi-drug_ABC_efflux_pumps|SALD|MEG_8690|SALD-8690_T_1053_C,2,1,0,7,0,0,0,0,0,0
MEG_8690|Drugs|Multi-drug_resistance|Multi-drug_ABC_efflux_pumps|SALD|MEG_8690|SALD-8690_G_1060_T,0,0,0,0,0,1,3,2,0,0
MEG_8690|Drugs|Multi-drug_resistance|Multi-drug_ABC_efflux_pumps|SALD|MEG_8690|SALD-8690_C_1133_T,0,0,0,0,0,2,6,0,0,0
MEG_8690|Drugs|Multi-drug_resistance|Multi-drug_ABC_efflux_pumps|SALD|MEG_8690|SALD-8690_G_1189_A,1,1,0,2,0,0,0,0,0,0
MEG_8690|Drugs|Multi-drug_resistance|Multi-drug_ABC_efflux_pumps|SALD|MEG_8690|SALD-8690_A_1268_C,1,0,0,5,0,0,0,0,0,0
MEG_8690|Drugs|Multi-drug_resistance|Multi-drug_ABC_efflux_pumps|SALD|MEG_8690|SALD-8690_T_1365_A,1,1,0,5,1,0,0,0,0,0
MEG_8690|Drugs|Multi-drug_resistance|Multi-drug_ABC_efflux_pumps|SALD|MEG_8690|SALD-8690_C_1550_A,6,0,0,3,1,0,0,0,0,0
MEG_8691|Drugs|Multi-drug_resistance|Multi-drug_ABC_efflux_pumps|SALE|MEG_8691|SALE-8691_T_333_G,0,0,0,0,0,2,3,0,0,0
MEG_8691|Drugs|Multi-drug_resistance|Multi-drug_ABC_efflux_pumps|SALE|MEG_8691|SALE-8691_A_361_G,0,0,0,0,0,2,2,0,0,0
MEG_8691|Drugs|Multi-drug_resistance|Multi-drug_ABC_efflux_pumps|SALE|MEG_8691|SALE-8691_A_832_C,0,0,0,0,0,2,1,0,1,2
MEG_8691|Drugs|Multi-drug_resistance|Multi-drug_ABC_efflux_pumps|SALE|MEG_8691|SALE-8691_A_842_G,0,0,0,0,0,2,1,0,0,2
MEG_8691|Drugs|Multi-drug_resistance|Multi-drug_ABC_efflux_pumps|SALE|MEG_8691|SALE-8691_G_964_C,0,0,0,0,0,3,0,0,0,3
MEG_8259|Drugs|MLS|MLS_resistance_ABC_efflux_pumps|MSRG|MEG_8259|MSRG-8259_A_982_C,6,0,1,2,4,0,0,0,0,0
MEG_8244|Drugs|MLS|MLS_resistance_MFS_efflux_pumps|MEFF|MEG_8244|MEFF-8244_A_112_C,0,0,0,0,0,2,0,1,1,2
MEG_8244|Drugs|MLS|MLS_resistance_MFS_efflux_pumps|MEFF|MEG_8244|MEFF-8244_C_355_G,0,0,0,0,0,4,0,0,0,1
MEG_8244|Drugs|MLS|MLS_resistance_MFS_efflux_pumps|MEFF|MEG_8244|MEFF-8244_G_436_C,0,0,0,0,0,6,0,1,0,1
MEG_8244|Drugs|MLS|MLS_resistance_MFS_efflux_pumps|MEFF|MEG_8244|MEFF-8244_T_442_G,0,0,0,0,0,6,0,1,0,0
MEG_8244|Drugs|MLS|MLS_resistance_MFS_efflux_pumps|MEFF|MEG_8244|MEFF-8244_G_555_A,0,0,0,0,0,2,0,1,0,2
MEG_8244|Drugs|MLS|MLS_resistance_MFS_efflux_pumps|MEFF|MEG_8244|MEFF-8244_G_658_A,0,0,0,0,0,4,0,1,0,0
MEG_8244|Drugs|MLS|MLS_resistance_MFS_efflux_pumps|MEFF|MEG_8244|MEFF-8244_A_755_T,0,0,0,0,0,3,0,2,1,0
MEG_8244|Drugs|MLS|MLS_resistance_MFS_efflux_pumps|MEFF|MEG_8244|MEFF-8244_T_1052_G,0,0,0,0,0,4,0,0,0,0
MEG_8244|Drugs|MLS|MLS_resistance_MFS_efflux_pumps|MEFF|MEG_8244|MEFF-8244_A_1108_T,0,0,0,0,0,5,1,2,0,0
MEG_8662|Drugs|Metronidazole|rdxA_nitroimidazole_reductase|RDXA|MEG_8662|RDXA-8662_T_38_C,0,0,0,0,0,0,4,0,1,3
MEG_8662|Drugs|Metronidazole|rdxA_nitroimidazole_reductase|RDXA|MEG_8662|RDXA-8662_A_113_G,0,0,0,0,0,0,3,1,1,2
MEG_8662|Drugs|Metronidazole|rdxA_nitroimidazole_reductase|RDXA|MEG_8662|RDXA-8662_A_143_T,0,0,0,0,0,0,4,1,0,2
MEG_8662|Drugs|Metronidazole|rdxA_nitroimidazole_reductase|RDXA|MEG_8662|RDXA-8662_G_509_A,0,2,1,0,1,0,0,0,0,0
MEG_8236|Drugs|Lipopeptides|Colistin_phosphoethanolamine_transferase|MCR|MEG_8236|MCR-8236_C_164_G,0,0,10,0,0,0,0,0,0,0
MEG_8236|Drugs|Lipopeptides|Colistin_phosphoethanolamine_transferase|MCR|MEG_8236|MCR-8236_G_181_T,0,0,10,0,0,0,0,0,0,0
MEG_8236|Drugs|Lipopeptides|Colistin_phosphoethanolamine_transferase|MCR|MEG_8236|MCR-8236_T_205_G,0,0,12,0,0,0,0,0,0,0
MEG_8236|Drugs|Lipopeptides|Colistin_phosphoethanolamine_transferase|MCR|MEG_8236|MCR-8236_C_270_G,0,0,11,0,0,0,0,0,0,0
MEG_8236|Drugs|Lipopeptides|Colistin_phosphoethanolamine_transferase|MCR|MEG_8236|MCR-8236_G_293_A,0,0,11,0,0,0,0,0,0,0
MEG_8236|Drugs|Lipopeptides|Colistin_phosphoethanolamine_transferase|MCR|MEG_8236|MCR-8236_A_305_G,0,0,9,0,0,0,0,0,0,0
MEG_8236|Drugs|Lipopeptides|Colistin_phosphoethanolamine_transferase|MCR|MEG_8236|MCR-8236_T_439_C,0,0,7,0,1,0,0,0,0,0
MEG_8236|Drugs|Lipopeptides|Colistin_phosphoethanolamine_transferase|MCR|MEG_8236|MCR-8236_C_914_T,0,0,10,0,0,0,0,0,0,0
MEG_8236|Drugs|Lipopeptides|Colistin_phosphoethanolamine_transferase|MCR|MEG_8236|MCR-8236_A_997_G,0,0,11,0,2,0,0,0,0,0
MEG_8236|Drugs|Lipopeptides|Colistin_phosphoethanolamine_transferase|MCR|MEG_8236|MCR-8236_A_1162_T,0,0,17,0,0,0,0,0,0,0
MEG_8092|Drugs|Fosfomycin|Fosfomycin_thiol_transferases|FOSM|MEG_8092|FOSM-8092_A_87_C,1,0,0,2,1,0,0,0,0,0
MEG_8093|Drugs|Fosfomycin|Fosfomycin_thiol_transferases|FOSM|MEG_8093|FOSM-8093_G_118_A,0,0,0,0,0,0,2,1,0,1
MEG_8093|Drugs|Fosfomycin|Fosfomycin_thiol_transferases|FOSM|MEG_8093|FOSM-8093_T_322_A,0,0,0,0,0,0,3,1,0,2
MEG_8093|Drugs|Fosfomycin|Fosfomycin_thiol_transferases|FOSM|MEG_8093|FOSM-8093_C_355_A,0,0,0,0,0,0,1,1,0,2
MEG_8093|Drugs|Fosfomycin|Fosfomycin_thiol_transferases|FOSM|MEG_8093|FOSM-8093_C_357_A,3,1,3,0,0,0,0,0,0,0
MEG_8443|Drugs|Pleuromutilin|Pleuromutilin-resistant_23S_rRNA_mutation|P23S|MEG_8443|P23S-8443_G_1898_A,0,1,1,5,1,2,2,0,0,3
MEG_8443|Drugs|Pleuromutilin|Pleuromutilin-resistant_23S_rRNA_mutation|P23S|MEG_8443|P23S-8443_C_1901_T,0,2,0,0,0,0,0,1,2,0
MEG_8443|Drugs|Pleuromutilin|Pleuromutilin-resistant_23S_rRNA_mutation|P23S|MEG_8443|P23S-8443_G_1903_T,0,2,0,0,0,0,0,1,2,0
MEG_8443|Drugs|Pleuromutilin|Pleuromutilin-resistant_23S_rRNA_mutation|P23S|MEG_8443|P23S-8443_G_2505_A,2,2,2,3,5,3,0,0,2,2
MEG_8443|Drugs|Pleuromutilin|Pleuromutilin-resistant_23S_rRNA_mutation|P23S|MEG_8443|P23S-8443_A_2519_G,2,2,2,5,7,6,0,0,3,7
MEG_8443|Drugs|Pleuromutilin|Pleuromutilin-resistant_23S_rRNA_mutation|P23S|MEG_8443|P23S-8443_A_2522_T,3,0,2,0,0,1,3,3,0,1
MEG_8443|Drugs|Pleuromutilin|Pleuromutilin-resistant_23S_rRNA_mutation|P23S|MEG_8443|P23S-8443_C_2557_T,2,5,2,6,10,8,0,2,3,11
MEG_8020|Drugs|Phenicol|Phenicol_resistance_MFS_efflux_pumps|CML|MEG_8020|CML-8020_t_124_C,4,0,0,3,0,0,0,0,0,0
MEG_8020|Drugs|Phenicol|Phenicol_resistance_MFS_efflux_pumps|CML|MEG_8020|CML-8020_a_558_C,4,0,0,0,0,0,0,0,0,0
MEG_8020|Drugs|Phenicol|Phenicol_resistance_MFS_efflux_pumps|CML|MEG_8020|CML-8020_c_628_A,6,0,0,0,0,0,0,0,0,0
MEG_8020|Drugs|Phenicol|Phenicol_resistance_MFS_efflux_pumps|CML|MEG_8020|CML-8020_g_796_C,3,0,0,1,0,0,0,0,0,0
MEG_8020|Drugs|Phenicol|Phenicol_resistance_MFS_efflux_pumps|CML|MEG_8020|CML-8020_c_1053_A,6,0,0,2,0,0,0,0,0,0
MEG_8020|Drugs|Phenicol|Phenicol_resistance_MFS_efflux_pumps|CML|MEG_8020|CML-8020_t_1097_C,4,0,0,1,0,0,0,0,0,0
MEG_8245|Drugs|MLS|MLS_resistance_MFS_efflux_pumps|MEFF|MEG_8245|MEFF-8245_a_112_C,0,0,0,0,0,9,0,0,1,2
MEG_8245|Drugs|MLS|MLS_resistance_MFS_efflux_pumps|MEFF|MEG_8245|MEFF-8245_c_355_G,0,0,0,0,0,9,0,2,0,0
MEG_8245|Drugs|MLS|MLS_resistance_MFS_efflux_pumps|MEFF|MEG_8245|MEFF-8245_g_436_C,0,0,0,0,0,8,0,2,0,1
MEG_8245|Drugs|MLS|MLS_resistance_MFS_efflux_pumps|MEFF|MEG_8245|MEFF-8245_t_442_G,0,0,0,0,0,8,0,2,1,1
MEG_8245|Drugs|MLS|MLS_resistance_MFS_efflux_pumps|MEFF|MEG_8245|MEFF-8245_g_555_A,0,0,0,0,0,10,1,1,0,0
MEG_8245|Drugs|MLS|MLS_resistance_MFS_efflux_pumps|MEFF|MEG_8245|MEFF-8245_g_658_A,0,0,0,0,0,5,2,0,1,1
MEG_8245|Drugs|MLS|MLS_resistance_MFS_efflux_pumps|MEFF|MEG_8245|MEFF-8245_a_755_T,0,0,0,0,0,4,1,1,0,2
MEG_8245|Drugs|MLS|MLS_resistance_MFS_efflux_pumps|MEFF|MEG_8245|MEFF-8245_t_1052_G,0,0,0,0,0,9,3,3,0,1
MEG_8245|Drugs|MLS|MLS_resistance_MFS_efflux_pumps|MEFF|MEG_8245|MEFF-8245_a_1108_T,0,0,0,0,0,8,1,2,0,1
MEG_8021|Drugs|Phenicol|Phenicol_resistance_MFS_efflux_pumps|CML|MEG_8021|CML-8021_c_72_T,2,3,5,0,0,0,0,0,0,0
MEG_8021|Drugs|Phenicol|Phenicol_resistance_MFS_efflux_pumps|CML|MEG_8021|CML-8021_t_396_C,2,0,9,0,2,0,0,0,0,0
MEG_8021|Drugs|Phenicol|Phenicol_resistance_MFS_efflux_pumps|CML|MEG_8021|CML-8021_t_869_G,3,0,7,0,1,0,0,0,0,0
MEG_8021|Drugs|Phenicol|Phenicol_resistance_MFS_efflux_pumps|CML|MEG_8021|CML-8021_c_1098_T,1,0,2,0,1,0,0,0,0,0
MEG_8247|Drugs|Multi-drug_resistance|Multi-drug_RND_efflux_pumps|MEXC1|MEG_8247|MEXC1-8247_g_1084_T,3,1,2,1,1,0,0,0,0,0
MEG_8658|Drugs|Fluoroquinolones|Quinolone_resistance_protein_Qnr|QNRVC|MEG_8658|QNRVC-8658_a_197_T,0,0,0,0,0,0,0,3,0,1
MEG_8658|Drugs|Fluoroquinolones|Quinolone_resistance_protein_Qnr|QNRVC|MEG_8658|QNRVC-8658_t_202_G,0,0,0,0,4,0,0,0,0,0
MEG_8658|Drugs|Fluoroquinolones|Quinolone_resistance_protein_Qnr|QNRVC|MEG_8658|QNRVC-8658_a_396_G,0,0,0,0,0,1,0,2,0,1
MEG_8658|Drugs|Fluoroquinolones|Quinolone_resistance_protein_Qnr|QNRVC|MEG_8658|QNRVC-8658_g_532_A,0,0,0,0,0,3,0,0,0,1
MEG_8658|Drugs|Fluoroquinolones|Quinolone_resistance_protein_Qnr|QNRVC|MEG_8658|QNRVC-8658_a_571_T,0,0,0,0,0,1,0,1,0,2
MEG_8240|Drugs|Lipopeptides|Colistin_phosphoethanolamine_transferase|MCR|MEG_8240|MCR-8240_c_75_T,0,0,0,0,0,0,0,2,0,7
MEG_8240|Drugs|Lipopeptides|Colistin_phosphoethanolamine_transferase|MCR|MEG_8240|MCR-8240_t_140_G,0,0,0,0,0,2,1,0,0,6
MEG_8240|Drugs|Lipopeptides|Colistin_phosphoethanolamine_transferase|MCR|MEG_8240|MCR-8240_t_295_G,0,0,0,0,0,1,0,0,0,6
MEG_8240|Drugs|Lipopeptides|Colistin_phosphoethanolamine_transferase|MCR|MEG_8240|MCR-8240_g_642_T,0,0,0,0,0,0,3,1,1,0
MEG_8240|Drugs|Lipopeptides|Colistin_phosphoethanolamine_transferase|MCR|MEG_8240|MCR-8240_g_874_C,3,2,0,1,0,0,0,0,0,0
MEG_8240|Drugs|Lipopeptides|Colistin_phosphoethanolamine_transferase|MCR|MEG_8240|MCR-8240_a_905_G,0,0,0,0,0,2,5,4,0,12
MEG_8240|Drugs|Lipopeptides|Colistin_phosphoethanolamine_transferase|MCR|MEG_8240|MCR-8240_t_1061_G,0,0,0,0,0,0,3,2,1,0
MEG_8240|Drugs|Lipopeptides|Colistin_phosphoethanolamine_transferase|MCR|MEG_8240|MCR-8240_t_1275_A,0,0,0,0,0,2,1,1,0,5
MEG_8638|Drugs|Multi-drug_resistance|Multi-drug_ABC_efflux_pumps|POXT|MEG_8638|POXT-8638_t_93_C,0,0,0,3,2,0,0,0,0,0
MEG_8638|Drugs|Multi-drug_resistance|Multi-drug_ABC_efflux_pumps|POXT|MEG_8638|POXT-8638_a_372_T,0,0,0,3,1,0,0,0,0,0
MEG_8638|Drugs|Multi-drug_resistance|Multi-drug_ABC_efflux_pumps|POXT|MEG_8638|POXT-8638_a_655_T,0,0,0,5,0,0,0,0,0,0
MEG_8638|Drugs|Multi-drug_resistance|Multi-drug_ABC_efflux_pumps|POXT|MEG_8638|POXT-8638_t_662_G,0,0,0,5,0,0,0,0,0,0
MEG_8638|Drugs|Multi-drug_resistance|Multi-drug_ABC_efflux_pumps|POXT|MEG_8638|POXT-8638_a_672_C,0,2,0,4,1,0,0,0,0,0
MEG_8638|Drugs|Multi-drug_resistance|Multi-drug_ABC_efflux_pumps|POXT|MEG_8638|POXT-8638_t_712_A,0,3,0,7,1,0,0,0,0,0
MEG_8638|Drugs|Multi-drug_resistance|Multi-drug_ABC_efflux_pumps|POXT|MEG_8638|POXT-8638_g_774_A,1,1,0,4,1,0,0,0,0,0
MEG_8638|Drugs|Multi-drug_resistance|Multi-drug_ABC_efflux_pumps|POXT|MEG_8638|POXT-8638_a_788_G,0,1,0,7,1,0,0,0,0,0
MEG_8638|Drugs|Multi-drug_resistance|Multi-drug_ABC_efflux_pumps|POXT|MEG_8638|POXT-8638_t_818_G,0,0,0,7,2,0,0,0,0,0
MEG_8638|Drugs|Multi-drug_resistance|Multi-drug_ABC_efflux_pumps|POXT|MEG_8638|POXT-8638_c_848_T,1,0,0,8,0,0,0,0,0,0
MEG_8638|Drugs|Multi-drug_resistance|Multi-drug_ABC_efflux_pumps|POXT|MEG_8638|POXT-8638_c_1012_T,1,0,0,4,1,0,0,0,0,0
MEG_8638|Drugs|Multi-drug_resistance|Multi-drug_ABC_efflux_pumps|POXT|MEG_8638|POXT-8638_a_1060_T,1,0,0,3,1,0,0,0,0,0
MEG_8638|Drugs|Multi-drug_resistance|Multi-drug_ABC_efflux_pumps|POXT|MEG_8638|POXT-8638_t_1156_C,1,0,0,2,1,0,0,0,0,0
MEG_8638|Drugs|Multi-drug_resistance|Multi-drug_ABC_efflux_pumps|POXT|MEG_8638|POXT-8638_c_1503_T,0,0,0,2,2,0,0,0,0,0
MEG_8067|Drugs|Trimethoprim|Dihydrofolate_reductase|DFRA|MEG_8067|DFRA-8067_c_285_A,0,0,0,3,1,0,0,0,0,0
MEG_8071|Drugs|Trimethoprim|Dihydrofolate_reductase|DFRE|MEG_8071|DFRE-8071_a_355_C,0,0,0,0,0,0,3,1,0,0
MEG_8071|Drugs|Trimethoprim|Dihydrofolate_reductase|DFRE|MEG_8071|DFRE-8071_c_413_G,0,0,0,0,0,0,3,0,1,0
MEG_8238|Drugs|Lipopeptides|Colistin_phosphoethanolamine_transferase|MCR|MEG_8238|MCR-8238_C_229_A,0,0,0,0,0,1,0,3,0,0
MEG_8238|Drugs|Lipopeptides|Colistin_phosphoethanolamine_transferase|MCR|MEG_8238|MCR-8238_G_250_T,0,0,0,0,0,1,3,1,0,0
MEG_8238|Drugs|Lipopeptides|Colistin_phosphoethanolamine_transferase|MCR|MEG_8238|MCR-8238_A_273_C,0,0,0,0,0,1,0,2,0,1
MEG_8238|Drugs|Lipopeptides|Colistin_phosphoethanolamine_transferase|MCR|MEG_8238|MCR-8238_T_408_A,0,0,0,0,0,1,3,1,1,0
MEG_8238|Drugs|Lipopeptides|Colistin_phosphoethanolamine_transferase|MCR|MEG_8238|MCR-8238_G_430_A,0,0,0,0,0,1,3,1,0,0
MEG_8238|Drugs|Lipopeptides|Colistin_phosphoethanolamine_transferase|MCR|MEG_8238|MCR-8238_G_642_T,0,0,0,0,0,0,1,2,1,0
MEG_8238|Drugs|Lipopeptides|Colistin_phosphoethanolamine_transferase|MCR|MEG_8238|MCR-8238_G_650_T,1,0,0,4,0,0,0,0,0,0
MEG_8238|Drugs|Lipopeptides|Colistin_phosphoethanolamine_transferase|MCR|MEG_8238|MCR-8238_C_774_G,0,0,0,0,0,4,5,2,0,0
MEG_8238|Drugs|Lipopeptides|Colistin_phosphoethanolamine_transferase|MCR|MEG_8238|MCR-8238_T_782_C,0,0,0,1,3,0,0,0,0,0
MEG_8238|Drugs|Lipopeptides|Colistin_phosphoethanolamine_transferase|MCR|MEG_8238|MCR-8238_G_945_A,0,0,0,0,0,1,3,0,0,0
MEG_8238|Drugs|Lipopeptides|Colistin_phosphoethanolamine_transferase|MCR|MEG_8238|MCR-8238_A_962_G,0,0,0,0,0,1,3,0,0,0
MEG_8238|Drugs|Lipopeptides|Colistin_phosphoethanolamine_transferase|MCR|MEG_8238|MCR-8238_G_983_A,1,0,0,4,0,0,0,0,0,0
MEG_8238|Drugs|Lipopeptides|Colistin_phosphoethanolamine_transferase|MCR|MEG_8238|MCR-8238_C_993_T,0,0,0,0,0,1,2,0,1,0
MEG_8238|Drugs|Lipopeptides|Colistin_phosphoethanolamine_transferase|MCR|MEG_8238|MCR-8238_T_1061_G,0,0,0,0,0,0,3,1,1,0
MEG_8238|Drugs|Lipopeptides|Colistin_phosphoethanolamine_transferase|MCR|MEG_8238|MCR-8238_G_1113_T,1,0,0,3,1,0,0,0,0,0
MEG_8238|Drugs|Lipopeptides|Colistin_phosphoethanolamine_transferase|MCR|MEG_8238|MCR-8238_C_1189_G,0,0,0,0,0,0,4,0,0,0
MEG_8238|Drugs|Lipopeptides|Colistin_phosphoethanolamine_transferase|MCR|MEG_8238|MCR-8238_G_1207_A,0,0,0,0,0,1,7,1,1,0
MEG_8238|Drugs|Lipopeptides|Colistin_phosphoethanolamine_transferase|MCR|MEG_8238|MCR-8238_C_1264_G,0,0,0,0,0,0,5,1,0,0
MEG_8238|Drugs|Lipopeptides|Colistin_phosphoethanolamine_transferase|MCR|MEG_8238|MCR-8238_G_1287_T,0,0,0,0,0,0,3,1,0,0
MEG_8238|Drugs|Lipopeptides|Colistin_phosphoethanolamine_transferase|MCR|MEG_8238|MCR-8238_A_1297_G,0,1,0,4,1,0,0,0,0,0
MEG_8237|Drugs|Lipopeptides|Colistin_phosphoethanolamine_transferase|MCR|MEG_8237|MCR-8237_A_997_G,0,0,8,0,0,0,0,0,0,0
MEG_8087|Biocides|Aldehyde_resistance|Aldehyde_degradation|FORMA|MEG_8087|FORMA-8087_G_61_A,0,3,0,5,0,0,0,0,0,0
MEG_8087|Biocides|Aldehyde_resistance|Aldehyde_degradation|FORMA|MEG_8087|FORMA-8087_T_89_A,0,0,0,0,0,0,9,0,0,0
MEG_8087|Biocides|Aldehyde_resistance|Aldehyde_degradation|FORMA|MEG_8087|FORMA-8087_A_263_G,0,0,0,0,0,2,6,0,0,0
MEG_8087|Biocides|Aldehyde_resistance|Aldehyde_degradation|FORMA|MEG_8087|FORMA-8087_A_272_C,1,0,0,3,2,0,0,0,0,0
MEG_8087|Biocides|Aldehyde_resistance|Aldehyde_degradation|FORMA|MEG_8087|FORMA-8087_A_401_G,0,2,0,5,1,0,0,0,0,0
MEG_8087|Biocides|Aldehyde_resistance|Aldehyde_degradation|FORMA|MEG_8087|FORMA-8087_A_424_T,0,0,0,0,0,1,8,0,0,0
MEG_8087|Biocides|Aldehyde_resistance|Aldehyde_degradation|FORMA|MEG_8087|FORMA-8087_T_426_C,0,3,0,5,1,0,0,0,0,0
MEG_8087|Biocides|Aldehyde_resistance|Aldehyde_degradation|FORMA|MEG_8087|FORMA-8087_G_439_T,0,0,0,0,0,1,8,0,0,0
MEG_8087|Biocides|Aldehyde_resistance|Aldehyde_degradation|FORMA|MEG_8087|FORMA-8087_G_450_C,0,0,0,0,0,1,5,0,0,0
MEG_8087|Biocides|Aldehyde_resistance|Aldehyde_degradation|FORMA|MEG_8087|FORMA-8087_T_591_A,0,0,0,0,0,1,11,0,1,0
MEG_8087|Biocides|Aldehyde_resistance|Aldehyde_degradation|FORMA|MEG_8087|FORMA-8087_A_658_T,0,0,0,0,0,1,4,0,0,1
MEG_8087|Biocides|Aldehyde_resistance|Aldehyde_degradation|FORMA|MEG_8087|FORMA-8087_A_752_C,2,2,0,5,1,0,0,0,0,0
MEG_8087|Biocides|Aldehyde_resistance|Aldehyde_degradation|FORMA|MEG_8087|FORMA-8087_G_836_C,0,0,0,0,0,4,4,0,0,0
MEG_8087|Biocides|Aldehyde_resistance|Aldehyde_degradation|FORMA|MEG_8087|FORMA-8087_G_862_C,0,0,0,0,0,3,4,0,1,0
MEG_8700|Multi-compound|Biocide_and_metal_resistance|Biocide_and_metal_ABC_efflux_pumps|SITABCD|MEG_8700|SITABCD-8700_C_609_T,0,0,0,0,0,0,8,5,1,0
MEG_8700|Multi-compound|Biocide_and_metal_resistance|Biocide_and_metal_ABC_efflux_pumps|SITABCD|MEG_8700|SITABCD-8700_G_745_T,0,0,0,0,0,1,12,3,2,0
MEG_8700|Multi-compound|Biocide_and_metal_resistance|Biocide_and_metal_ABC_efflux_pumps|SITABCD|MEG_8700|SITABCD-8700_G_763_T,0,0,0,0,0,0,13,3,2,0
MEG_8700|Multi-compound|Biocide_and_metal_resistance|Biocide_and_metal_ABC_efflux_pumps|SITABCD|MEG_8700|SITABCD-8700_C_1421_G,0,0,0,0,0,0,16,1,1,0
MEG_8014|Drugs|Phenicol|Chloramphenicol_acetyltransferases|CATT|MEG_8014|CATT-8014_A_94_G,0,0,0,0,0,0,4,0,0,0
MEG_8014|Drugs|Phenicol|Chloramphenicol_acetyltransferases|CATT|MEG_8014|CATT-8014_C_612_G,0,0,0,0,0,0,7,2,0,0
MEG_8656|Drugs|Fluoroquinolones|Quinolone_resistance_protein_Qnr|QNRB|MEG_8656|QNRB-8656_T_59_G,0,0,0,0,0,1,4,2,0,0
MEG_8656|Drugs|Fluoroquinolones|Quinolone_resistance_protein_Qnr|QNRB|MEG_8656|QNRB-8656_A_140_G,0,0,0,0,0,4,2,1,0,0
MEG_8656|Drugs|Fluoroquinolones|Quinolone_resistance_protein_Qnr|QNRB|MEG_8656|QNRB-8656_A_152_G,0,0,0,0,0,4,2,1,0,0
MEG_8656|Drugs|Fluoroquinolones|Quinolone_resistance_protein_Qnr|QNRB|MEG_8656|QNRB-8656_A_163_C,0,0,0,0,0,4,2,0,0,0
MEG_8744|Drugs|Rifampin|Rifampin-resistant_beta-subunit_of_RNA_polymerase_RpoB|RPOB|MEG_8744|RPOB-8744_T_1251_C,0,0,0,0,0,0,3,1,0,0
MEG_8744|Drugs|Rifampin|Rifampin-resistant_beta-subunit_of_RNA_polymerase_RpoB|RPOB|MEG_8744|RPOB-8744_C_1905_T,1,0,1,1,1,0,1,1,0,0
MEG_8744|Drugs|Rifampin|Rifampin-resistant_beta-subunit_of_RNA_polymerase_RpoB|RPOB|MEG_8744|RPOB-8744_T_2151_A,0,0,2,1,0,0,2,1,0,1
MEG_8744|Drugs|Rifampin|Rifampin-resistant_beta-subunit_of_RNA_polymerase_RpoB|RPOB|MEG_8744|RPOB-8744_G_2730_C,0,0,1,0,1,0,3,2,0,0
MEG_8744|Drugs|Rifampin|Rifampin-resistant_beta-subunit_of_RNA_polymerase_RpoB|RPOB|MEG_8744|RPOB-8744_T_2974_C,0,0,0,1,0,0,1,2,0,0
MEG_8773|Drugs|Fluoroquinolones|Fluoroquinolone-resistant_DNA_topoisomerases|GYRA|MEG_8773|GYRA-8773_A_693_G,0,0,1,0,9,0,1,0,0,0
MEG_8773|Drugs|Fluoroquinolones|Fluoroquinolone-resistant_DNA_topoisomerases|GYRA|MEG_8773|GYRA-8773_C_891_T,1,1,1,1,2,1,1,0,1,0
MEG_8773|Drugs|Fluoroquinolones|Fluoroquinolone-resistant_DNA_topoisomerases|GYRA|MEG_8773|GYRA-8773_C_939_T,1,2,2,0,2,0,1,0,1,0
MEG_8773|Drugs|Fluoroquinolones|Fluoroquinolone-resistant_DNA_topoisomerases|GYRA|MEG_8773|GYRA-8773_C_1017_T,2,2,0,0,1,0,0,0,1,1
MEG_8773|Drugs|Fluoroquinolones|Fluoroquinolone-resistant_DNA_topoisomerases|GYRA|MEG_8773|GYRA-8773_C_1506_T,4,1,3,1,5,0,2,2,2,1
MEG_8773|Drugs|Fluoroquinolones|Fluoroquinolone-resistant_DNA_topoisomerases|GYRA|MEG_8773|GYRA-8773_G_1665_A,1,2,2,0,5,2,1,1,0,0
MEG_8773|Drugs|Fluoroquinolones|Fluoroquinolone-resistant_DNA_topoisomerases|GYRA|MEG_8773|GYRA-8773_C_2115_T,4,0,0,0,5,1,0,1,1,1
MEG_8773|Drugs|Fluoroquinolones|Fluoroquinolone-resistant_DNA_topoisomerases|GYRA|MEG_8773|GYRA-8773_C_2196_A,0,0,1,1,6,1,1,1,2,1
MEG_8773|Drugs|Fluoroquinolones|Fluoroquinolone-resistant_DNA_topoisomerases|GYRA|MEG_8773|GYRA-8773_C_2199_T,0,0,1,1,6,1,1,1,3,1
MEG_8776|Drugs|Lipopeptides|Colistin_phosphoethanolamine_transferase|MCR|MEG_8776|MCR-8776_G_108_A,2,0,1,4,0,0,0,0,0,0
MEG_8776|Drugs|Lipopeptides|Colistin_phosphoethanolamine_transferase|MCR|MEG_8776|MCR-8776_G_833_C,0,1,3,0,0,0,0,0,0,0
MEG_8776|Drugs|Lipopeptides|Colistin_phosphoethanolamine_transferase|MCR|MEG_8776|MCR-8776_G_1339_A,3,0,0,1,1,0,0,0,0,0
MEG_8777|Drugs|Lipopeptides|Colistin_phosphoethanolamine_transferase|MCR|MEG_8777|MCR-8777_G_108_A,3,0,0,2,0,0,0,0,0,0
MEG_8777|Drugs|Lipopeptides|Colistin_phosphoethanolamine_transferase|MCR|MEG_8777|MCR-8777_G_423_A,0,0,3,2,0,0,0,0,0,0
MEG_8777|Drugs|Lipopeptides|Colistin_phosphoethanolamine_transferase|MCR|MEG_8777|MCR-8777_T_938_C,0,1,2,1,0,0,0,0,0,0
MEG_8777|Drugs|Lipopeptides|Colistin_phosphoethanolamine_transferase|MCR|MEG_8777|MCR-8777_A_1115_T,2,0,0,3,2,0,0,0,0,0
MEG_8777|Drugs|Lipopeptides|Colistin_phosphoethanolamine_transferase|MCR|MEG_8777|MCR-8777_T_1343_A,0,1,3,1,0,0,0,0,0,0
MEG_8777|Drugs|Lipopeptides|Colistin_phosphoethanolamine_transferase|MCR|MEG_8777|MCR-8777_T_1356_A,1,1,3,1,0,0,0,0,0,0
MEG_8778|Drugs|Lipopeptides|Colistin_phosphoethanolamine_transferase|MCR|MEG_8778|MCR-8778_T_865_C,0,0,0,0,0,1,3,0,0,0
MEG_8778|Drugs|Lipopeptides|Colistin_phosphoethanolamine_transferase|MCR|MEG_8778|MCR-8778_G_1461_C,0,0,0,0,0,1,4,0,0,0
MEG_8779|Drugs|Lipopeptides|Colistin_phosphoethanolamine_transferase|MCR|MEG_8779|MCR-8779_T_72_A,0,0,0,0,0,1,10,5,1,2
MEG_8779|Drugs|Lipopeptides|Colistin_phosphoethanolamine_transferase|MCR|MEG_8779|MCR-8779_T_96_C,0,0,7,1,1,0,0,0,0,0
MEG_8779|Drugs|Lipopeptides|Colistin_phosphoethanolamine_transferase|MCR|MEG_8779|MCR-8779_T_661_A,0,0,0,0,0,1,4,0,0,2
MEG_8779|Drugs|Lipopeptides|Colistin_phosphoethanolamine_transferase|MCR|MEG_8779|MCR-8779_T_1038_A,0,0,0,0,0,0,2,1,0,1
MEG_8780|Drugs|Lipopeptides|Colistin_phosphoethanolamine_transferase|MCR|MEG_8780|MCR-8780_T_439_C,0,0,6,0,0,0,0,0,0,0
MEG_8780|Drugs|Lipopeptides|Colistin_phosphoethanolamine_transferase|MCR|MEG_8780|MCR-8780_A_1162_T,0,0,5,0,0,0,0,0,0,0
MEG_8781|Drugs|Lipopeptides|Colistin_phosphoethanolamine_transferase|MCR|MEG_8781|MCR-8781_C_914_T,0,0,4,0,0,0,0,0,0,0
MEG_8781|Drugs|Lipopeptides|Colistin_phosphoethanolamine_transferase|MCR|MEG_8781|MCR-8781_A_997_G,0,0,4,0,0,0,0,0,0,0
MEG_8781|Drugs|Lipopeptides|Colistin_phosphoethanolamine_transferase|MCR|MEG_8781|MCR-8781_A_1162_T,0,0,5,0,0,0,0,0,0,0
MEG_8782|Drugs|Lipopeptides|Colistin_phosphoethanolamine_transferase|MCR|MEG_8782|MCR-8782_A_107_T,0,0,0,0,0,1,4,0,0,0
MEG_8782|Drugs|Lipopeptides|Colistin_phosphoethanolamine_transferase|MCR|MEG_8782|MCR-8782_C_914_T,0,0,5,0,0,0,0,0,0,0
MEG_8783|Drugs|Lipopeptides|Colistin_phosphoethanolamine_transferase|MCR|MEG_8783|MCR-8783_A_997_G,0,0,5,0,0,0,0,0,0,0
MEG_8784|Drugs|Lipopeptides|Colistin_phosphoethanolamine_transferase|MCR|MEG_8784|MCR-8784_G_293_A,0,0,4,0,0,0,0,0,0,0
MEG_8784|Drugs|Lipopeptides|Colistin_phosphoethanolamine_transferase|MCR|MEG_8784|MCR-8784_T_439_C,0,0,5,0,0,0,0,0,0,0
MEG_8784|Drugs|Lipopeptides|Colistin_phosphoethanolamine_transferase|MCR|MEG_8784|MCR-8784_G_496_A,0,5,0,0,0,0,0,0,0,0
MEG_8784|Drugs|Lipopeptides|Colistin_phosphoethanolamine_transferase|MCR|MEG_8784|MCR-8784_T_719_C,5,1,0,0,5,0,0,0,0,0
MEG_8784|Drugs|Lipopeptides|Colistin_phosphoethanolamine_transferase|MCR|MEG_8784|MCR-8784_T_731_A,3,1,0,0,4,0,0,0,0,0
MEG_8784|Drugs|Lipopeptides|Colistin_phosphoethanolamine_transferase|MCR|MEG_8784|MCR-8784_C_914_T,0,0,4,0,0,0,0,0,0,0
MEG_8785|Drugs|Lipopeptides|Colistin_phosphoethanolamine_transferase|MCR|MEG_8785|MCR-8785_C_270_G,0,0,4,0,0,0,0,0,0,0
MEG_8785|Drugs|Lipopeptides|Colistin_phosphoethanolamine_transferase|MCR|MEG_8785|MCR-8785_T_439_C,0,0,4,0,1,0,0,0,0,0
MEG_8785|Drugs|Lipopeptides|Colistin_phosphoethanolamine_transferase|MCR|MEG_8785|MCR-8785_G_496_A,1,3,0,0,0,0,0,0,0,0
MEG_8785|Drugs|Lipopeptides|Colistin_phosphoethanolamine_transferase|MCR|MEG_8785|MCR-8785_G_900_A,6,0,0,3,1,0,0,0,0,0
MEG_8785|Drugs|Lipopeptides|Colistin_phosphoethanolamine_transferase|MCR|MEG_8785|MCR-8785_C_914_T,0,0,6,0,0,0,0,0,0,0
MEG_8785|Drugs|Lipopeptides|Colistin_phosphoethanolamine_transferase|MCR|MEG_8785|MCR-8785_A_997_G,0,0,5,0,0,0,0,0,0,0
MEG_8786|Drugs|Lipopeptides|Colistin_phosphoethanolamine_transferase|MCR|MEG_8786|MCR-8786_C_164_G,0,0,5,0,0,0,0,0,0,0
MEG_8786|Drugs|Lipopeptides|Colistin_phosphoethanolamine_transferase|MCR|MEG_8786|MCR-8786_G_181_T,0,0,5,0,0,0,0,0,0,0
MEG_8786|Drugs|Lipopeptides|Colistin_phosphoethanolamine_transferase|MCR|MEG_8786|MCR-8786_T_439_C,0,0,4,0,0,0,0,0,0,0
MEG_8786|Drugs|Lipopeptides|Colistin_phosphoethanolamine_transferase|MCR|MEG_8786|MCR-8786_C_914_T,0,0,4,0,0,0,0,0,0,0
MEG_8787|Drugs|Lipopeptides|Colistin_phosphoethanolamine_transferase|MCR|MEG_8787|MCR-8787_C_914_T,0,0,5,0,0,0,0,0,0,0
MEG_8787|Drugs|Lipopeptides|Colistin_phosphoethanolamine_transferase|MCR|MEG_8787|MCR-8787_A_997_G,0,0,3,0,1,0,0,0,0,0
MEG_8787|Drugs|Lipopeptides|Colistin_phosphoethanolamine_transferase|MCR|MEG_8787|MCR-8787_C_1079_T,1,0,0,2,1,0,0,0,0,0
MEG_8787|Drugs|Lipopeptides|Colistin_phosphoethanolamine_transferase|MCR|MEG_8787|MCR-8787_A_1162_T,0,0,5,0,1,0,0,0,0,0
MEG_8788|Drugs|Lipopeptides|Colistin_phosphoethanolamine_transferase|MCR|MEG_8788|MCR-8788_A_363_T,5,1,2,0,0,0,0,0,0,0
MEG_8788|Drugs|Lipopeptides|Colistin_phosphoethanolamine_transferase|MCR|MEG_8788|MCR-8788_T_439_C,0,0,3,0,1,0,0,0,0,0
MEG_8790|Drugs|Lipopeptides|Colistin_phosphoethanolamine_transferase|MCR|MEG_8790|MCR-8790_G_78_C,1,0,3,2,0,0,0,0,0,0
MEG_8791|Drugs|Lipopeptides|Colistin_phosphoethanolamine_transferase|MCR|MEG_8791|MCR-8791_C_508_T,0,0,0,0,0,2,0,0,0,3
MEG_8791|Drugs|Lipopeptides|Colistin_phosphoethanolamine_transferase|MCR|MEG_8791|MCR-8791_A_589_G,0,0,0,0,0,7,0,2,0,1
MEG_8791|Drugs|Lipopeptides|Colistin_phosphoethanolamine_transferase|MCR|MEG_8791|MCR-8791_T_1195_G,0,0,0,0,0,4,1,0,0,2
MEG_8794|Drugs|Lipopeptides|Colistin_phosphoethanolamine_transferase|MCR|MEG_8794|MCR-8794_C_282_T,0,1,3,0,3,0,0,0,0,0
MEG_8794|Drugs|Lipopeptides|Colistin_phosphoethanolamine_transferase|MCR|MEG_8794|MCR-8794_G_712_A,0,0,0,0,0,3,3,2,1,0
MEG_8796|Drugs|Lipopeptides|Colistin_phosphoethanolamine_transferase|MCR|MEG_8796|MCR-8796_A_598_G,0,0,0,0,0,2,1,3,1,0
MEG_8796|Drugs|Lipopeptides|Colistin_phosphoethanolamine_transferase|MCR|MEG_8796|MCR-8796_A_610_C,0,0,0,0,0,2,1,3,1,1
MEG_8796|Drugs|Lipopeptides|Colistin_phosphoethanolamine_transferase|MCR|MEG_8796|MCR-8796_A_627_C,0,0,0,0,0,2,1,3,1,1
MEG_8796|Drugs|Lipopeptides|Colistin_phosphoethanolamine_transferase|MCR|MEG_8796|MCR-8796_A_1000_T,0,0,0,0,0,1,5,0,2,1
MEG_8796|Drugs|Lipopeptides|Colistin_phosphoethanolamine_transferase|MCR|MEG_8796|MCR-8796_A_1022_T,0,0,0,0,0,1,6,1,2,1
MEG_8800|Drugs|Lipopeptides|Colistin_phosphoethanolamine_transferase|MCR|MEG_8800|MCR-8800_T_619_A,0,1,3,0,1,0,0,0,0,0
MEG_8800|Drugs|Lipopeptides|Colistin_phosphoethanolamine_transferase|MCR|MEG_8800|MCR-8800_C_833_T,0,0,0,0,0,0,3,1,0,0
MEG_8800|Drugs|Lipopeptides|Colistin_phosphoethanolamine_transferase|MCR|MEG_8800|MCR-8800_T_841_C,1,2,2,0,0,0,0,0,0,0
MEG_8800|Drugs|Lipopeptides|Colistin_phosphoethanolamine_transferase|MCR|MEG_8800|MCR-8800_A_920_G,0,0,0,0,0,0,3,1,1,0
MEG_8800|Drugs|Lipopeptides|Colistin_phosphoethanolamine_transferase|MCR|MEG_8800|MCR-8800_T_925_A,1,2,2,0,0,0,0,0,0,0
MEG_8800|Drugs|Lipopeptides|Colistin_phosphoethanolamine_transferase|MCR|MEG_8800|MCR-8800_A_1062_G,0,0,0,0,0,0,3,0,1,0
MEG_8800|Drugs|Lipopeptides|Colistin_phosphoethanolamine_transferase|MCR|MEG_8800|MCR-8800_T_1133_A,0,0,0,0,0,0,4,0,1,0
MEG_8800|Drugs|Lipopeptides|Colistin_phosphoethanolamine_transferase|MCR|MEG_8800|MCR-8800_C_1457_G,0,0,8,0,2,0,0,0,0,0
MEG_8800|Drugs|Lipopeptides|Colistin_phosphoethanolamine_transferase|MCR|MEG_8800|MCR-8800_G_1506_T,0,0,6,0,1,0,0,0,0,0
MEG_8801|Drugs|Lipopeptides|Colistin_phosphoethanolamine_transferase|MCR|MEG_8801|MCR-8801_T_107_A,0,0,0,0,0,2,0,1,1,3
MEG_8801|Drugs|Lipopeptides|Colistin_phosphoethanolamine_transferase|MCR|MEG_8801|MCR-8801_C_229_A,0,0,0,0,0,1,0,2,0,1
MEG_8801|Drugs|Lipopeptides|Colistin_phosphoethanolamine_transferase|MCR|MEG_8801|MCR-8801_G_430_A,0,0,0,0,0,0,5,0,3,1
MEG_8801|Drugs|Lipopeptides|Colistin_phosphoethanolamine_transferase|MCR|MEG_8801|MCR-8801_T_580_G,0,0,0,0,0,1,1,1,1,0
MEG_8801|Drugs|Lipopeptides|Colistin_phosphoethanolamine_transferase|MCR|MEG_8801|MCR-8801_A_587_T,0,0,0,0,0,3,0,1,2,1
MEG_8801|Drugs|Lipopeptides|Colistin_phosphoethanolamine_transferase|MCR|MEG_8801|MCR-8801_G_609_C,0,0,0,0,0,1,3,1,1,0
MEG_8801|Drugs|Lipopeptides|Colistin_phosphoethanolamine_transferase|MCR|MEG_8801|MCR-8801_C_716_A,0,0,0,0,0,2,0,2,1,2
MEG_8801|Drugs|Lipopeptides|Colistin_phosphoethanolamine_transferase|MCR|MEG_8801|MCR-8801_A_962_G,0,0,0,0,0,0,3,1,1,0
MEG_8801|Drugs|Lipopeptides|Colistin_phosphoethanolamine_transferase|MCR|MEG_8801|MCR-8801_G_983_A,2,0,0,2,0,0,0,0,0,0
MEG_8801|Drugs|Lipopeptides|Colistin_phosphoethanolamine_transferase|MCR|MEG_8801|MCR-8801_C_993_T,0,0,0,0,0,0,4,0,1,0
MEG_8801|Drugs|Lipopeptides|Colistin_phosphoethanolamine_transferase|MCR|MEG_8801|MCR-8801_G_1113_T,1,0,0,6,2,0,0,0,0,0
MEG_8801|Drugs|Lipopeptides|Colistin_phosphoethanolamine_transferase|MCR|MEG_8801|MCR-8801_G_1207_A,0,0,0,0,0,0,3,0,1,0
MEG_8801|Drugs|Lipopeptides|Colistin_phosphoethanolamine_transferase|MCR|MEG_8801|MCR-8801_C_1248_T,0,0,0,0,0,0,0,4,2,1
MEG_8801|Drugs|Lipopeptides|Colistin_phosphoethanolamine_transferase|MCR|MEG_8801|MCR-8801_G_1497_A,0,0,0,0,0,0,5,0,0,0
MEG_8801|Drugs|Lipopeptides|Colistin_phosphoethanolamine_transferase|MCR|MEG_8801|MCR-8801_G_1554_A,0,0,0,0,0,1,0,1,1,1
MEG_8802|Drugs|Lipopeptides|Colistin_phosphoethanolamine_transferase|MCR|MEG_8802|MCR-8802_T_408_A,0,0,0,0,0,2,2,0,1,0
MEG_8802|Drugs|Lipopeptides|Colistin_phosphoethanolamine_transferase|MCR|MEG_8802|MCR-8802_G_430_A,0,0,0,0,0,0,3,2,2,1
MEG_8802|Drugs|Lipopeptides|Colistin_phosphoethanolamine_transferase|MCR|MEG_8802|MCR-8802_T_580_G,0,0,0,0,0,0,5,1,0,0
MEG_8802|Drugs|Lipopeptides|Colistin_phosphoethanolamine_transferase|MCR|MEG_8802|MCR-8802_G_609_C,0,0,0,0,0,0,3,2,1,0
MEG_8802|Drugs|Lipopeptides|Colistin_phosphoethanolamine_transferase|MCR|MEG_8802|MCR-8802_G_650_T,4,2,0,5,1,0,0,0,0,0
MEG_8802|Drugs|Lipopeptides|Colistin_phosphoethanolamine_transferase|MCR|MEG_8802|MCR-8802_C_774_G,0,0,0,0,0,0,4,0,0,0
MEG_8802|Drugs|Lipopeptides|Colistin_phosphoethanolamine_transferase|MCR|MEG_8802|MCR-8802_T_782_C,0,1,0,0,3,0,0,0,0,0
MEG_8802|Drugs|Lipopeptides|Colistin_phosphoethanolamine_transferase|MCR|MEG_8802|MCR-8802_A_805_C,0,1,0,0,3,0,0,0,0,0
MEG_8802|Drugs|Lipopeptides|Colistin_phosphoethanolamine_transferase|MCR|MEG_8802|MCR-8802_T_809_G,0,1,0,0,4,0,0,0,0,0
MEG_8802|Drugs|Lipopeptides|Colistin_phosphoethanolamine_transferase|MCR|MEG_8802|MCR-8802_G_945_A,0,0,0,0,0,2,1,0,1,0
MEG_8802|Drugs|Lipopeptides|Colistin_phosphoethanolamine_transferase|MCR|MEG_8802|MCR-8802_T_1001_A,0,0,0,0,4,0,0,0,0,0
MEG_8802|Drugs|Lipopeptides|Colistin_phosphoethanolamine_transferase|MCR|MEG_8802|MCR-8802_G_1113_T,1,1,0,1,1,0,0,0,0,0
MEG_8802|Drugs|Lipopeptides|Colistin_phosphoethanolamine_transferase|MCR|MEG_8802|MCR-8802_C_1137_A,0,1,0,0,7,0,0,0,0,0
MEG_8802|Drugs|Lipopeptides|Colistin_phosphoethanolamine_transferase|MCR|MEG_8802|MCR-8802_C_1189_G,0,0,0,0,0,0,13,2,1,0
MEG_8802|Drugs|Lipopeptides|Colistin_phosphoethanolamine_transferase|MCR|MEG_8802|MCR-8802_C_1264_G,0,0,0,0,0,1,3,0,0,0
MEG_8802|Drugs|Lipopeptides|Colistin_phosphoethanolamine_transferase|MCR|MEG_8802|MCR-8802_G_1287_T,0,0,0,0,0,0,7,1,0,1
MEG_8802|Drugs|Lipopeptides|Colistin_phosphoethanolamine_transferase|MCR|MEG_8802|MCR-8802_T_1463_G,2,1,0,2,0,0,0,0,0,0
MEG_8803|Drugs|Lipopeptides|Colistin_phosphoethanolamine_transferase|MCR|MEG_8803|MCR-8803_T_580_G,0,0,0,0,0,0,1,1,2,0
MEG_8803|Drugs|Lipopeptides|Colistin_phosphoethanolamine_transferase|MCR|MEG_8803|MCR-8803_A_587_T,0,0,0,0,0,0,0,2,2,1
MEG_8803|Drugs|Lipopeptides|Colistin_phosphoethanolamine_transferase|MCR|MEG_8803|MCR-8803_G_609_C,0,0,0,0,0,0,2,1,2,0
MEG_8803|Drugs|Lipopeptides|Colistin_phosphoethanolamine_transferase|MCR|MEG_8803|MCR-8803_G_642_T,0,0,0,0,0,2,1,0,1,0
MEG_8803|Drugs|Lipopeptides|Colistin_phosphoethanolamine_transferase|MCR|MEG_8803|MCR-8803_G_983_A,0,1,0,5,0,0,0,0,0,0
MEG_8803|Drugs|Lipopeptides|Colistin_phosphoethanolamine_transferase|MCR|MEG_8803|MCR-8803_T_1061_G,0,0,0,0,0,2,3,1,0,0
MEG_8803|Drugs|Lipopeptides|Colistin_phosphoethanolamine_transferase|MCR|MEG_8803|MCR-8803_T_1275_A,0,0,0,0,0,0,2,0,0,3
MEG_8803|Drugs|Lipopeptides|Colistin_phosphoethanolamine_transferase|MCR|MEG_8803|MCR-8803_G_1287_T,0,0,0,0,0,0,4,0,0,0
MEG_8803|Drugs|Lipopeptides|Colistin_phosphoethanolamine_transferase|MCR|MEG_8803|MCR-8803_C_1397_T,0,0,0,0,0,0,3,2,0,0
MEG_8803|Drugs|Lipopeptides|Colistin_phosphoethanolamine_transferase|MCR|MEG_8803|MCR-8803_T_1463_G,2,1,0,5,0,0,0,0,0,0
MEG_8805|Drugs|Lipopeptides|Colistin_phosphoethanolamine_transferase|MCR|MEG_8805|MCR-8805_G_178_C,1,0,3,1,6,0,0,0,0,0
MEG_8805|Drugs|Lipopeptides|Colistin_phosphoethanolamine_transferase|MCR|MEG_8805|MCR-8805_A_379_C,2,0,3,0,4,0,0,0,0,0
MEG_8805|Drugs|Lipopeptides|Colistin_phosphoethanolamine_transferase|MCR|MEG_8805|MCR-8805_C_556_A,2,1,6,0,9,0,0,0,0,0
MEG_8805|Drugs|Lipopeptides|Colistin_phosphoethanolamine_transferase|MCR|MEG_8805|MCR-8805_T_594_A,3,0,5,0,10,0,0,0,0,0
MEG_8805|Drugs|Lipopeptides|Colistin_phosphoethanolamine_transferase|MCR|MEG_8805|MCR-8805_T_719_A,3,2,3,1,9,0,0,0,0,0
MEG_8805|Drugs|Lipopeptides|Colistin_phosphoethanolamine_transferase|MCR|MEG_8805|MCR-8805_G_1429_A,0,1,0,0,7,0,0,0,0,0
MEG_8806|Drugs|Lipopeptides|Colistin_phosphoethanolamine_transferase|MCR|MEG_8806|MCR-8806_T_249_G,0,0,5,0,1,0,0,0,0,0
MEG_8806|Drugs|Lipopeptides|Colistin_phosphoethanolamine_transferase|MCR|MEG_8806|MCR-8806_C_275_A,0,0,0,0,0,1,5,1,0,0
MEG_8806|Drugs|Lipopeptides|Colistin_phosphoethanolamine_transferase|MCR|MEG_8806|MCR-8806_T_283_A,0,0,0,0,0,3,2,0,0,0
MEG_8806|Drugs|Lipopeptides|Colistin_phosphoethanolamine_transferase|MCR|MEG_8806|MCR-8806_T_311_A,0,0,0,0,0,3,2,0,0,0
MEG_8806|Drugs|Lipopeptides|Colistin_phosphoethanolamine_transferase|MCR|MEG_8806|MCR-8806_A_469_C,0,0,0,0,0,1,2,0,0,1
MEG_8806|Drugs|Lipopeptides|Colistin_phosphoethanolamine_transferase|MCR|MEG_8806|MCR-8806_G_534_A,0,0,0,0,0,0,8,0,0,0
MEG_8806|Drugs|Lipopeptides|Colistin_phosphoethanolamine_transferase|MCR|MEG_8806|MCR-8806_T_567_G,0,0,0,0,0,1,7,1,0,0
MEG_8806|Drugs|Lipopeptides|Colistin_phosphoethanolamine_transferase|MCR|MEG_8806|MCR-8806_T_725_C,0,0,0,0,0,3,1,0,0,0
MEG_8806|Drugs|Lipopeptides|Colistin_phosphoethanolamine_transferase|MCR|MEG_8806|MCR-8806_T_801_A,0,0,0,0,0,2,4,1,0,0
MEG_8806|Drugs|Lipopeptides|Colistin_phosphoethanolamine_transferase|MCR|MEG_8806|MCR-8806_T_895_C,0,0,5,1,1,0,0,0,0,0
MEG_8806|Drugs|Lipopeptides|Colistin_phosphoethanolamine_transferase|MCR|MEG_8806|MCR-8806_A_1135_T,0,0,0,0,0,1,4,2,0,0
MEG_8806|Drugs|Lipopeptides|Colistin_phosphoethanolamine_transferase|MCR|MEG_8806|MCR-8806_A_1286_G,0,0,0,0,0,0,7,1,1,0
MEG_8806|Drugs|Lipopeptides|Colistin_phosphoethanolamine_transferase|MCR|MEG_8806|MCR-8806_C_1348_A,0,0,0,0,0,0,3,1,1,0
MEG_8806|Drugs|Lipopeptides|Colistin_phosphoethanolamine_transferase|MCR|MEG_8806|MCR-8806_G_1497_T,0,0,0,0,0,3,5,1,0,0
MEG_8808|Drugs|Lipopeptides|Colistin_phosphoethanolamine_transferase|MCR|MEG_8808|MCR-8808_C_65_A,0,0,0,0,0,1,2,2,0,0
MEG_8808|Drugs|Lipopeptides|Colistin_phosphoethanolamine_transferase|MCR|MEG_8808|MCR-8808_G_162_C,0,0,0,0,0,2,3,1,0,2
MEG_8808|Drugs|Lipopeptides|Colistin_phosphoethanolamine_transferase|MCR|MEG_8808|MCR-8808_T_311_C,0,0,0,0,0,3,2,5,0,1
MEG_8808|Drugs|Lipopeptides|Colistin_phosphoethanolamine_transferase|MCR|MEG_8808|MCR-8808_A_316_G,4,1,0,7,3,0,0,0,0,0
MEG_8808|Drugs|Lipopeptides|Colistin_phosphoethanolamine_transferase|MCR|MEG_8808|MCR-8808_T_590_G,0,0,0,0,0,4,1,0,0,1
MEG_8808|Drugs|Lipopeptides|Colistin_phosphoethanolamine_transferase|MCR|MEG_8808|MCR-8808_A_761_C,0,0,0,0,0,0,2,3,0,3
MEG_8808|Drugs|Lipopeptides|Colistin_phosphoethanolamine_transferase|MCR|MEG_8808|MCR-8808_A_1070_C,0,0,0,0,0,3,2,0,0,3
MEG_8808|Drugs|Lipopeptides|Colistin_phosphoethanolamine_transferase|MCR|MEG_8808|MCR-8808_C_1355_G,0,0,0,0,0,1,2,0,0,2
MEG_8808|Drugs|Lipopeptides|Colistin_phosphoethanolamine_transferase|MCR|MEG_8808|MCR-8808_C_1436_T,0,0,0,0,0,2,2,0,0,1
MEG_8808|Drugs|Lipopeptides|Colistin_phosphoethanolamine_transferase|MCR|MEG_8808|MCR-8808_A_1498_T,0,0,0,0,0,3,0,2,0,0
MEG_8808|Drugs|Lipopeptides|Colistin_phosphoethanolamine_transferase|MCR|MEG_8808|MCR-8808_C_1511_T,0,0,0,0,0,3,0,2,0,0
MEG_8932|Drugs|betalactams|Class_C_betalactamases|CMH|MEG_8932|CMH-8932_G_573_C,0,0,0,0,0,2,0,0,0,2
MEG_8940|Drugs|betalactams|Class_C_betalactamases|CMH|MEG_8940|CMH-8940_T_68_C,0,0,0,0,0,3,0,0,0,6
MEG_8940|Drugs|betalactams|Class_C_betalactamases|CMH|MEG_8940|CMH-8940_T_377_C,0,0,0,0,0,5,0,4,1,9
MEG_8940|Drugs|betalactams|Class_C_betalactamases|CMH|MEG_8940|CMH-8940_G_456_C,0,0,0,0,0,4,0,2,1,6
MEG_8940|Drugs|betalactams|Class_C_betalactamases|CMH|MEG_8940|CMH-8940_G_573_C,0,0,0,0,0,2,0,1,2,3
MEG_8940|Drugs|betalactams|Class_C_betalactamases|CMH|MEG_8940|CMH-8940_G_606_A,0,0,0,0,0,4,0,1,1,6
MEG_8940|Drugs|betalactams|Class_C_betalactamases|CMH|MEG_8940|CMH-8940_A_770_G,0,0,0,0,0,6,0,1,2,7
MEG_8940|Drugs|betalactams|Class_C_betalactamases|CMH|MEG_8940|CMH-8940_T_856_G,0,0,0,0,0,2,0,1,0,8
MEG_8940|Drugs|betalactams|Class_C_betalactamases|CMH|MEG_8940|CMH-8940_A_928_G,0,0,0,0,0,9,0,0,0,15
MEG_8940|Drugs|betalactams|Class_C_betalactamases|CMH|MEG_8940|CMH-8940_T_1037_C,0,0,0,0,0,6,0,2,2,9
MEG_9153|Drugs|betalactams|Class_C_betalactamases|PDC|MEG_9153|PDC-9153_C_564_A,0,0,0,0,0,0,0,0,4,0
MEG_9153|Drugs|betalactams|Class_C_betalactamases|PDC|MEG_9153|PDC-9153_G_763_T,0,0,0,0,0,0,0,0,2,3
MEG_9194|Multi-compound|Drug_and_biocide_resistance|Drug_and_biocide_RND_efflux_pumps|ACRA|MEG_9194|ACRA-9194_C_161_A,3,0,1,0,1,0,0,0,0,0
MEG_9194|Multi-compound|Drug_and_biocide_resistance|Drug_and_biocide_RND_efflux_pumps|ACRA|MEG_9194|ACRA-9194_G_254_C,3,0,1,0,1,0,0,0,0,0
MEG_9194|Multi-compound|Drug_and_biocide_resistance|Drug_and_biocide_RND_efflux_pumps|ACRA|MEG_9194|ACRA-9194_G_561_C,3,0,0,1,0,0,0,0,0,0
MEG_9194|Multi-compound|Drug_and_biocide_resistance|Drug_and_biocide_RND_efflux_pumps|ACRA|MEG_9194|ACRA-9194_G_922_T,3,0,0,1,2,0,0,0,0,0
MEG_9274|Drugs|betalactams|Class_C_betalactamases|ADC|MEG_9274|ADC-9274_T_828_C,0,0,0,0,0,0,3,0,1,0
MEG_9571|Drugs|betalactams|Class_D_betalactamases|OXA|MEG_9571|OXA-9571_T_90_A,0,0,0,0,0,3,6,1,0,0
MEG_9723|Drugs|betalactams|Class_D_betalactamases|OXA|MEG_9723|OXA-9723_T_293_C,0,0,0,0,0,0,5,0,0,0
MEG_9723|Drugs|betalactams|Class_D_betalactamases|OXA|MEG_9723|OXA-9723_G_514_T,0,0,0,0,0,0,6,1,0,0
MEG_9723|Drugs|betalactams|Class_D_betalactamases|OXA|MEG_9723|OXA-9723_G_594_C,0,0,0,0,0,0,10,1,0,0
MEG_9723|Drugs|betalactams|Class_D_betalactamases|OXA|MEG_9723|OXA-9723_G_636_A,0,0,0,0,0,0,7,2,0,0
MEG_9960|Drugs|betalactams|Class_B_betalactamases|KHM|MEG_9960|KHM-9960_T_48_C,0,0,0,0,0,1,11,0,0,1
MEG_9960|Drugs|betalactams|Class_B_betalactamases|KHM|MEG_9960|KHM-9960_A_66_C,0,0,0,0,0,1,11,0,0,1
MEG_9960|Drugs|betalactams|Class_B_betalactamases|KHM|MEG_9960|KHM-9960_C_279_G,0,0,0,0,0,2,4,0,0,0
MEG_9960|Drugs|betalactams|Class_B_betalactamases|KHM|MEG_9960|KHM-9960_A_315_T,0,0,0,0,0,1,5,0,0,0
MEG_9960|Drugs|betalactams|Class_B_betalactamases|KHM|MEG_9960|KHM-9960_A_409_C,0,0,0,0,0,1,3,0,1,0
MEG_9960|Drugs|betalactams|Class_B_betalactamases|KHM|MEG_9960|KHM-9960_T_663_G,0,0,0,0,0,1,7,0,1,0
MEG_9961|Multi-compound|Drug_and_biocide_and_metal_resistance|Drug_and_biocide_and_metal_RND_efflux_regulator|BAER|MEG_9961|BAER-9961_T_87_G,1,0,0,4,2,0,0,0,0,0
MEG_9961|Multi-compound|Drug_and_biocide_and_metal_resistance|Drug_and_biocide_and_metal_RND_efflux_regulator|BAER|MEG_9961|BAER-9961_G_165_T,0,0,0,0,0,0,2,0,1,2
MEG_9961|Multi-compound|Drug_and_biocide_and_metal_resistance|Drug_and_biocide_and_metal_RND_efflux_regulator|BAER|MEG_9961|BAER-9961_C_169_A,0,0,0,0,0,0,2,0,1,2
MEG_9961|Multi-compound|Drug_and_biocide_and_metal_resistance|Drug_and_biocide_and_metal_RND_efflux_regulator|BAER|MEG_9961|BAER-9961_T_176_C,1,0,0,4,0,0,0,0,0,0
MEG_9961|Multi-compound|Drug_and_biocide_and_metal_resistance|Drug_and_biocide_and_metal_RND_efflux_regulator|BAER|MEG_9961|BAER-9961_G_222_T,0,0,0,0,0,3,0,0,2,2
MEG_9961|Multi-compound|Drug_and_biocide_and_metal_resistance|Drug_and_biocide_and_metal_RND_efflux_regulator|BAER|MEG_9961|BAER-9961_T_325_C,0,0,0,0,0,1,1,0,2,0
MEG_9961|Multi-compound|Drug_and_biocide_and_metal_resistance|Drug_and_biocide_and_metal_RND_efflux_regulator|BAER|MEG_9961|BAER-9961_C_414_G,0,0,0,0,0,2,2,0,0,0
MEG_9961|Multi-compound|Drug_and_biocide_and_metal_resistance|Drug_and_biocide_and_metal_RND_efflux_regulator|BAER|MEG_9961|BAER-9961_A_437_C,1,0,0,3,0,0,0,0,0,0
MEG_9961|Multi-compound|Drug_and_biocide_and_metal_resistance|Drug_and_biocide_and_metal_RND_efflux_regulator|BAER|MEG_9961|BAER-9961_G_545_T,2,0,0,7,0,0,0,0,0,0
MEG_9961|Multi-compound|Drug_and_biocide_and_metal_resistance|Drug_and_biocide_and_metal_RND_efflux_regulator|BAER|MEG_9961|BAER-9961_A_575_C,1,0,0,9,0,0,0,0,0,0
MEG_9961|Multi-compound|Drug_and_biocide_and_metal_resistance|Drug_and_biocide_and_metal_RND_efflux_regulator|BAER|MEG_9961|BAER-9961_G_646_T,0,0,1,8,0,0,0,0,0,0
MEG_9973|Multi-compound|Drug_and_biocide_resistance|Drug_and_biocide_SMR_efflux_regulator|PHOR|MEG_9973|PHOR-9973_A_407_T,0,0,0,1,3,0,0,0,0,0
MEG_9974|Biocides|Phenolic_compound_resistance|Triclosan-resistant_mutation|FABG|MEG_9974|FABG-9974_G_65_A,0,0,0,0,0,3,1,0,0,0
MEG_9974|Biocides|Phenolic_compound_resistance|Triclosan-resistant_mutation|FABG|MEG_9974|FABG-9974_C_186_G,0,0,0,0,0,3,0,1,0,0
MEG_9974|Biocides|Phenolic_compound_resistance|Triclosan-resistant_mutation|FABG|MEG_9974|FABG-9974_G_255_A,0,0,0,0,0,3,0,1,0,0
MEG_9974|Biocides|Phenolic_compound_resistance|Triclosan-resistant_mutation|FABG|MEG_9974|FABG-9974_T_684_A,0,0,0,0,0,0,3,1,0,0
MEG_9975|Drugs|Rifampin|Rifampin-resistant_beta-subunit_of_RNA_polymerase_RpoB|RPOB|MEG_9975|RPOB-9975_G_270_T,0,0,0,0,0,2,2,0,0,1
MEG_9975|Drugs|Rifampin|Rifampin-resistant_beta-subunit_of_RNA_polymerase_RpoB|RPOB|MEG_9975|RPOB-9975_G_2284_C,0,0,0,0,0,2,1,0,2,2
MEG_9975|Drugs|Rifampin|Rifampin-resistant_beta-subunit_of_RNA_polymerase_RpoB|RPOB|MEG_9975|RPOB-9975_A_2389_C,0,0,0,0,0,1,7,1,0,3
MEG_9975|Drugs|Rifampin|Rifampin-resistant_beta-subunit_of_RNA_polymerase_RpoB|RPOB|MEG_9975|RPOB-9975_C_2619_G,0,0,0,0,0,1,6,0,1,1
MEG_9975|Drugs|Rifampin|Rifampin-resistant_beta-subunit_of_RNA_polymerase_RpoB|RPOB|MEG_9975|RPOB-9975_C_3240_G,0,0,0,0,0,1,1,0,1,1
MEG_9981|Drugs|MLS|Macrolide-resistant_23S_rRNA_mutation|MLS23S|MEG_9981|MLS23S-9981_A_1937_G,0,0,1,1,1,1,0,0,0,0
MEG_9981|Drugs|MLS|Macrolide-resistant_23S_rRNA_mutation|MLS23S|MEG_9981|MLS23S-9981_C_2004_T,0,0,1,0,1,1,1,0,1,0
MEG_9981|Drugs|MLS|Macrolide-resistant_23S_rRNA_mutation|MLS23S|MEG_9981|MLS23S-9981_T_2012_A,0,1,0,1,0,1,1,0,0,0
MEG_9982|Drugs|Metronidazole|nim_nitroimidazole_reductase|NIMB|MEG_9982|NIMB-9982_A_140_C,0,10,0,2,0,0,0,0,0,0
MEG_9982|Drugs|Metronidazole|nim_nitroimidazole_reductase|NIMB|MEG_9982|NIMB-9982_A_241_T,0,0,0,0,0,1,1,0,2,0
MEG_9982|Drugs|Metronidazole|nim_nitroimidazole_reductase|NIMB|MEG_9982|NIMB-9982_G_253_A,0,0,0,0,0,0,3,0,2,0
MEG_9984|Drugs|betalactams|Penicillin_binding_protein|PBP3|MEG_9984|PBP3-9984_T_1155_A,1,0,0,0,3,0,0,1,0,0
MEG_9984|Drugs|betalactams|Penicillin_binding_protein|PBP3|MEG_9984|PBP3-9984_T_1224_C,1,1,0,1,3,0,0,0,0,0
MEG_9985|Drugs|betalactams|Penicillin_binding_protein|PBP3|MEG_9985|PBP3-9985_C_60_T,0,1,4,0,3,0,5,1,0,2
MEG_9985|Drugs|betalactams|Penicillin_binding_protein|PBP3|MEG_9985|PBP3-9985_A_375_T,1,1,4,0,0,2,9,2,0,1
MEG_9985|Drugs|betalactams|Penicillin_binding_protein|PBP3|MEG_9985|PBP3-9985_G_429_A,0,0,4,0,0,1,5,3,0,1
MEG_9985|Drugs|betalactams|Penicillin_binding_protein|PBP3|MEG_9985|PBP3-9985_C_460_T,0,0,2,0,0,1,3,2,0,0
MEG_9985|Drugs|betalactams|Penicillin_binding_protein|PBP3|MEG_9985|PBP3-9985_G_510_A,0,0,3,0,0,1,5,0,0,1
MEG_9985|Drugs|betalactams|Penicillin_binding_protein|PBP3|MEG_9985|PBP3-9985_A_561_G,4,0,6,0,1,3,13,3,1,5
MEG_9985|Drugs|betalactams|Penicillin_binding_protein|PBP3|MEG_9985|PBP3-9985_C_1109_T,5,0,2,8,0,13,3,10,0,4
MEG_9985|Drugs|betalactams|Penicillin_binding_protein|PBP3|MEG_9985|PBP3-9985_A_1152_G,2,1,0,0,2,0,0,0,0,0
MEG_9985|Drugs|betalactams|Penicillin_binding_protein|PBP3|MEG_9985|PBP3-9985_G_1155_A,2,1,0,0,2,0,0,0,0,0
MEG_9985|Drugs|betalactams|Penicillin_binding_protein|PBP3|MEG_9985|PBP3-9985_A_1161_G,2,1,0,0,2,0,0,0,0,0
MEG_9985|Drugs|betalactams|Penicillin_binding_protein|PBP3|MEG_9985|PBP3-9985_T_1224_C,1,1,0,0,2,0,0,0,0,0
MEG_9985|Drugs|betalactams|Penicillin_binding_protein|PBP3|MEG_9985|PBP3-9985_A_1275_G,2,3,18,3,5,5,21,7,2,3
MEG_9985|Drugs|betalactams|Penicillin_binding_protein|PBP3|MEG_9985|PBP3-9985_C_1638_A,1,0,4,1,2,3,12,2,1,1
MEG_9992|Drugs|MLS|23S_rRNA_methyltransferases|CFR|MEG_9992|CFR-9992_T_242_G,0,2,1,0,1,0,0,0,0,0
MEG_9992|Drugs|MLS|23S_rRNA_methyltransferases|CFR|MEG_9992|CFR-9992_A_294_C,0,3,3,0,3,0,0,0,0,0
MEG_9992|Drugs|MLS|23S_rRNA_methyltransferases|CFR|MEG_9992|CFR-9992_T_377_A,0,3,5,0,0,0,0,0,0,0
MEG_9992|Drugs|MLS|23S_rRNA_methyltransferases|CFR|MEG_9992|CFR-9992_A_586_G,0,1,2,0,3,0,0,0,0,0
MEG_9992|Drugs|MLS|23S_rRNA_methyltransferases|CFR|MEG_9992|CFR-9992_T_654_A,0,1,0,0,5,0,0,0,0,0
MEG_9992|Drugs|MLS|23S_rRNA_methyltransferases|CFR|MEG_9992|CFR-9992_A_894_T,0,3,2,0,4,0,0,0,0,0
MEG_9992|Drugs|MLS|23S_rRNA_methyltransferases|CFR|MEG_9992|CFR-9992_G_1027_C,0,2,3,0,2,0,0,0,0,0
MEG_9994|Drugs|Fluoroquinolones|Fluoroquinolone-resistant_DNA_topoisomerases|GYRA|MEG_9994|GYRA-9994_A_224_G,0,1,4,3,2,0,0,0,0,0
MEG_9994|Drugs|Fluoroquinolones|Fluoroquinolone-resistant_DNA_topoisomerases|GYRA|MEG_9994|GYRA-9994_G_361_T,0,2,2,4,3,0,0,0,0,0
MEG_9994|Drugs|Fluoroquinolones|Fluoroquinolone-resistant_DNA_topoisomerases|GYRA|MEG_9994|GYRA-9994_A_863_C,0,8,6,14,1,0,0,0,0,0
MEG_9994|Drugs|Fluoroquinolones|Fluoroquinolone-resistant_DNA_topoisomerases|GYRA|MEG_9994|GYRA-9994_T_975_G,0,4,10,12,2,0,0,0,0,0
MEG_9994|Drugs|Fluoroquinolones|Fluoroquinolone-resistant_DNA_topoisomerases|GYRA|MEG_9994|GYRA-9994_A_1257_T,0,5,9,15,4,0,0,0,0,0
MEG_9994|Drugs|Fluoroquinolones|Fluoroquinolone-resistant_DNA_topoisomerases|GYRA|MEG_9994|GYRA-9994_C_1434_T,0,5,10,8,3,0,0,0,0,0
MEG_9994|Drugs|Fluoroquinolones|Fluoroquinolone-resistant_DNA_topoisomerases|GYRA|MEG_9994|GYRA-9994_A_1752_C,0,4,9,8,3,0,0,0,0,0
MEG_9994|Drugs|Fluoroquinolones|Fluoroquinolone-resistant_DNA_topoisomerases|GYRA|MEG_9994|GYRA-9994_A_1803_T,0,5,9,7,3,0,0,0,0,0
MEG_9994|Drugs|Fluoroquinolones|Fluoroquinolone-resistant_DNA_topoisomerases|GYRA|MEG_9994|GYRA-9994_T_2010_C,0,5,6,12,0,0,0,0,0,0
MEG_9994|Drugs|Fluoroquinolones|Fluoroquinolone-resistant_DNA_topoisomerases|GYRA|MEG_9994|GYRA-9994_A_2336_C,0,2,3,6,0,0,0,0,0,0
MEG_10008|Drugs|Rifampin|Rifampin-resistant_beta-subunit_of_RNA_polymerase_RpoB|RPOB|MEG_10008|RPOB-10008_T_552_C,0,0,0,0,0,4,5,4,3,0
MEG_10008|Drugs|Rifampin|Rifampin-resistant_beta-subunit_of_RNA_polymerase_RpoB|RPOB|MEG_10008|RPOB-10008_T_1058_G,0,0,0,0,0,3,4,3,2,0
MEG_10008|Drugs|Rifampin|Rifampin-resistant_beta-subunit_of_RNA_polymerase_RpoB|RPOB|MEG_10008|RPOB-10008_T_1380_C,0,0,0,0,0,3,3,5,1,0
MEG_10008|Drugs|Rifampin|Rifampin-resistant_beta-subunit_of_RNA_polymerase_RpoB|RPOB|MEG_10008|RPOB-10008_T_1655_C,0,0,0,0,0,4,3,9,0,1
MEG_10008|Drugs|Rifampin|Rifampin-resistant_beta-subunit_of_RNA_polymerase_RpoB|RPOB|MEG_10008|RPOB-10008_A_2216_T,2,0,5,0,6,0,0,0,0,0
MEG_10008|Drugs|Rifampin|Rifampin-resistant_beta-subunit_of_RNA_polymerase_RpoB|RPOB|MEG_10008|RPOB-10008_G_2377_T,0,0,0,0,0,3,4,7,1,3
MEG_10008|Drugs|Rifampin|Rifampin-resistant_beta-subunit_of_RNA_polymerase_RpoB|RPOB|MEG_10008|RPOB-10008_A_3035_G,0,0,0,0,0,3,2,5,0,2
MEG_10008|Drugs|Rifampin|Rifampin-resistant_beta-subunit_of_RNA_polymerase_RpoB|RPOB|MEG_10008|RPOB-10008_A_3768_T,0,0,0,0,0,1,2,2,0,2
MEG_10013|Multi-compound|Drug_and_biocide_and_metal_resistance|Drug_and_biocide_and_metal_RND_efflux_regulator|BAES|MEG_10013|BAES-10013_T_51_A,0,1,1,0,2,0,0,0,0,0
MEG_10013|Multi-compound|Drug_and_biocide_and_metal_resistance|Drug_and_biocide_and_metal_RND_efflux_regulator|BAES|MEG_10013|BAES-10013_G_59_C,0,1,1,0,2,0,0,0,0,0
MEG_10013|Multi-compound|Drug_and_biocide_and_metal_resistance|Drug_and_biocide_and_metal_RND_efflux_regulator|BAES|MEG_10013|BAES-10013_G_204_C,0,0,0,0,0,1,13,1,0,4
MEG_10013|Multi-compound|Drug_and_biocide_and_metal_resistance|Drug_and_biocide_and_metal_RND_efflux_regulator|BAES|MEG_10013|BAES-10013_C_226_T,0,3,3,0,1,0,0,0,0,0
MEG_10013|Multi-compound|Drug_and_biocide_and_metal_resistance|Drug_and_biocide_and_metal_RND_efflux_regulator|BAES|MEG_10013|BAES-10013_G_262_A,0,0,0,0,0,1,11,3,0,5
MEG_10013|Multi-compound|Drug_and_biocide_and_metal_resistance|Drug_and_biocide_and_metal_RND_efflux_regulator|BAES|MEG_10013|BAES-10013_T_414_A,0,0,0,0,0,2,8,3,0,2
MEG_10013|Multi-compound|Drug_and_biocide_and_metal_resistance|Drug_and_biocide_and_metal_RND_efflux_regulator|BAES|MEG_10013|BAES-10013_G_427_T,0,3,0,0,2,0,0,0,0,0
MEG_10013|Multi-compound|Drug_and_biocide_and_metal_resistance|Drug_and_biocide_and_metal_RND_efflux_regulator|BAES|MEG_10013|BAES-10013_C_450_T,0,3,0,0,2,0,0,0,0,0
MEG_10013|Multi-compound|Drug_and_biocide_and_metal_resistance|Drug_and_biocide_and_metal_RND_efflux_regulator|BAES|MEG_10013|BAES-10013_C_492_G,0,0,0,0,0,1,11,4,1,2
MEG_10013|Multi-compound|Drug_and_biocide_and_metal_resistance|Drug_and_biocide_and_metal_RND_efflux_regulator|BAES|MEG_10013|BAES-10013_T_621_A,0,0,0,0,0,1,11,7,3,3
MEG_10013|Multi-compound|Drug_and_biocide_and_metal_resistance|Drug_and_biocide_and_metal_RND_efflux_regulator|BAES|MEG_10013|BAES-10013_G_687_A,0,0,0,0,0,2,5,5,1,3
MEG_10013|Multi-compound|Drug_and_biocide_and_metal_resistance|Drug_and_biocide_and_metal_RND_efflux_regulator|BAES|MEG_10013|BAES-10013_C_778_G,0,1,2,0,1,0,0,0,0,0
MEG_10013|Multi-compound|Drug_and_biocide_and_metal_resistance|Drug_and_biocide_and_metal_RND_efflux_regulator|BAES|MEG_10013|BAES-10013_A_878_T,0,0,0,0,0,0,8,2,0,1
MEG_10013|Multi-compound|Drug_and_biocide_and_metal_resistance|Drug_and_biocide_and_metal_RND_efflux_regulator|BAES|MEG_10013|BAES-10013_G_943_A,0,0,0,0,0,0,9,4,0,1
MEG_10013|Multi-compound|Drug_and_biocide_and_metal_resistance|Drug_and_biocide_and_metal_RND_efflux_regulator|BAES|MEG_10013|BAES-10013_A_959_T,0,0,0,0,0,0,8,4,0,1
MEG_10013|Multi-compound|Drug_and_biocide_and_metal_resistance|Drug_and_biocide_and_metal_RND_efflux_regulator|BAES|MEG_10013|BAES-10013_T_1217_C,0,1,1,0,2,0,0,0,0,0
MEG_10047|Drugs|Lipopeptides|Polymyxin_resistant_glycyltransferase|ALME|MEG_10047|ALME-10047_T_461_G,0,0,0,0,0,1,0,3,1,0
MEG_10047|Drugs|Lipopeptides|Polymyxin_resistant_glycyltransferase|ALME|MEG_10047|ALME-10047_T_1010_G,0,0,0,0,0,1,0,3,2,0
MEG_10047|Drugs|Lipopeptides|Polymyxin_resistant_glycyltransferase|ALME|MEG_10047|ALME-10047_A_1167_T,0,0,0,0,0,0,0,3,0,1
MEG_10047|Drugs|Lipopeptides|Polymyxin_resistant_glycyltransferase|ALME|MEG_10047|ALME-10047_T_1298_G,0,0,0,0,0,0,0,1,1,2
MEG_10070|Drugs|MLS|ABC-F_ATPase_ribosomal_protection_protein|CPLR|MEG_10070|CPLR-10070_A_365_G,2,1,1,0,2,0,0,0,0,0
MEG_10070|Drugs|MLS|ABC-F_ATPase_ribosomal_protection_protein|CPLR|MEG_10070|CPLR-10070_A_538_C,1,1,3,0,4,0,0,0,0,0
MEG_10070|Drugs|MLS|ABC-F_ATPase_ribosomal_protection_protein|CPLR|MEG_10070|CPLR-10070_C_1020_G,2,3,1,0,3,0,0,0,0,0
MEG_10070|Drugs|MLS|ABC-F_ATPase_ribosomal_protection_protein|CPLR|MEG_10070|CPLR-10070_G_1166_T,3,0,1,0,1,0,0,0,0,0
MEG_10070|Drugs|MLS|ABC-F_ATPase_ribosomal_protection_protein|CPLR|MEG_10070|CPLR-10070_A_1200_G,0,0,0,0,0,11,6,4,1,0
MEG_10070|Drugs|MLS|ABC-F_ATPase_ribosomal_protection_protein|CPLR|MEG_10070|CPLR-10070_A_1207_G,2,0,2,0,0,0,0,0,0,0
MEG_10070|Drugs|MLS|ABC-F_ATPase_ribosomal_protection_protein|CPLR|MEG_10070|CPLR-10070_T_1358_A,6,1,2,0,1,0,0,0,0,0
MEG_10070|Drugs|MLS|ABC-F_ATPase_ribosomal_protection_protein|CPLR|MEG_10070|CPLR-10070_A_1486_T,4,0,2,0,0,0,0,0,0,0
MEG_10070|Drugs|MLS|ABC-F_ATPase_ribosomal_protection_protein|CPLR|MEG_10070|CPLR-10070_T_1523_A,4,1,2,0,0,0,0,0,0,0
MEG_10072|Drugs|Fosfomycin|Fosfomycin_transporter_regulator_mutation|CYAA|MEG_10072|CYAA-10072_T_52_C,1,1,0,1,3,2,0,0,0,0
MEG_10072|Drugs|Fosfomycin|Fosfomycin_transporter_regulator_mutation|CYAA|MEG_10072|CYAA-10072_T_78_C,1,0,0,1,3,2,0,0,0,0
MEG_10072|Drugs|Fosfomycin|Fosfomycin_transporter_regulator_mutation|CYAA|MEG_10072|CYAA-10072_T_261_C,2,3,7,1,4,1,16,1,0,1
MEG_10072|Drugs|Fosfomycin|Fosfomycin_transporter_regulator_mutation|CYAA|MEG_10072|CYAA-10072_G_264_A,2,3,7,1,4,0,16,1,0,1
MEG_10072|Drugs|Fosfomycin|Fosfomycin_transporter_regulator_mutation|CYAA|MEG_10072|CYAA-10072_C_343_T,1,0,2,0,1,0,8,3,0,0
MEG_10072|Drugs|Fosfomycin|Fosfomycin_transporter_regulator_mutation|CYAA|MEG_10072|CYAA-10072_A_393_G,0,0,3,2,2,1,6,2,0,0
MEG_10072|Drugs|Fosfomycin|Fosfomycin_transporter_regulator_mutation|CYAA|MEG_10072|CYAA-10072_G_396_A,0,0,2,2,2,1,5,2,0,0
MEG_10072|Drugs|Fosfomycin|Fosfomycin_transporter_regulator_mutation|CYAA|MEG_10072|CYAA-10072_C_414_T,0,2,3,2,3,1,8,2,0,0
MEG_10072|Drugs|Fosfomycin|Fosfomycin_transporter_regulator_mutation|CYAA|MEG_10072|CYAA-10072_A_425_G,1,2,4,2,3,1,7,3,0,0
MEG_10072|Drugs|Fosfomycin|Fosfomycin_transporter_regulator_mutation|CYAA|MEG_10072|CYAA-10072_T_955_C,12,2,1,13,5,3,3,4,0,1
MEG_10072|Drugs|Fosfomycin|Fosfomycin_transporter_regulator_mutation|CYAA|MEG_10072|CYAA-10072_G_1374_T,4,3,17,5,5,1,25,12,3,5
MEG_10072|Drugs|Fosfomycin|Fosfomycin_transporter_regulator_mutation|CYAA|MEG_10072|CYAA-10072_T_1467_C,0,2,10,3,3,0,17,5,2,2
MEG_10072|Drugs|Fosfomycin|Fosfomycin_transporter_regulator_mutation|CYAA|MEG_10072|CYAA-10072_C_1719_T,0,2,8,4,3,1,19,3,1,1
MEG_10072|Drugs|Fosfomycin|Fosfomycin_transporter_regulator_mutation|CYAA|MEG_10072|CYAA-10072_C_1827_T,0,0,7,0,2,5,23,3,1,2
MEG_10072|Drugs|Fosfomycin|Fosfomycin_transporter_regulator_mutation|CYAA|MEG_10072|CYAA-10072_T_1950_C,0,0,9,1,2,0,8,2,0,0
MEG_10072|Drugs|Fosfomycin|Fosfomycin_transporter_regulator_mutation|CYAA|MEG_10072|CYAA-10072_T_1990_C,0,0,10,3,1,0,12,2,0,0
MEG_10072|Drugs|Fosfomycin|Fosfomycin_transporter_regulator_mutation|CYAA|MEG_10072|CYAA-10072_T_1995_C,0,0,9,3,1,0,12,2,0,0
MEG_10072|Drugs|Fosfomycin|Fosfomycin_transporter_regulator_mutation|CYAA|MEG_10072|CYAA-10072_G_2127_T,1,1,6,0,1,1,8,3,1,0
MEG_10072|Drugs|Fosfomycin|Fosfomycin_transporter_regulator_mutation|CYAA|MEG_10072|CYAA-10072_G_2133_C,1,1,7,0,1,1,8,3,1,0
MEG_10072|Drugs|Fosfomycin|Fosfomycin_transporter_regulator_mutation|CYAA|MEG_10072|CYAA-10072_A_2304_G,0,1,10,0,3,4,19,3,1,1
MEG_10072|Drugs|Fosfomycin|Fosfomycin_transporter_regulator_mutation|CYAA|MEG_10072|CYAA-10072_A_2340_G,0,0,4,2,0,0,9,1,0,0
MEG_10072|Drugs|Fosfomycin|Fosfomycin_transporter_regulator_mutation|CYAA|MEG_10072|CYAA-10072_T_2373_C,0,1,5,2,0,0,7,1,0,0
MEG_10072|Drugs|Fosfomycin|Fosfomycin_transporter_regulator_mutation|CYAA|MEG_10072|CYAA-10072_C_2379_T,12,3,3,11,5,20,18,14,3,6
MEG_10072|Drugs|Fosfomycin|Fosfomycin_transporter_regulator_mutation|CYAA|MEG_10072|CYAA-10072_T_2382_C,0,1,4,2,0,0,7,1,0,0
MEG_10072|Drugs|Fosfomycin|Fosfomycin_transporter_regulator_mutation|CYAA|MEG_10072|CYAA-10072_A_2475_C,0,3,8,2,0,0,6,3,1,0
MEG_10072|Drugs|Fosfomycin|Fosfomycin_transporter_regulator_mutation|CYAA|MEG_10072|CYAA-10072_T_2517_C,0,1,2,2,0,0,3,1,1,0
MEG_10072|Drugs|Fosfomycin|Fosfomycin_transporter_regulator_mutation|CYAA|MEG_10072|CYAA-10072_A_2535_G,0,0,6,2,0,2,4,1,1,2
MEG_10077|Drugs|Lipopeptides|Daptomycin-resistant_mutant|DRMA|MEG_10077|DRMA-10077_T_119_A,0,0,0,2,2,0,0,0,0,0
MEG_10077|Drugs|Lipopeptides|Daptomycin-resistant_mutant|DRMA|MEG_10077|DRMA-10077_T_306_A,0,0,0,0,0,1,1,2,0,1
MEG_10082|Drugs|Lipopeptides|Daptomycin_resistant_glycerolphosphodiesterase|GDPD|MEG_10082|GDPD-10082_C_253_T,0,2,1,4,0,1,5,10,1,3
MEG_10082|Drugs|Lipopeptides|Daptomycin_resistant_glycerolphosphodiesterase|GDPD|MEG_10082|GDPD-10082_G_258_A,0,1,1,5,2,0,5,10,1,3
MEG_10082|Drugs|Lipopeptides|Daptomycin_resistant_glycerolphosphodiesterase|GDPD|MEG_10082|GDPD-10082_C_316_G,1,0,1,8,2,1,5,7,3,1
MEG_10082|Drugs|Lipopeptides|Daptomycin_resistant_glycerolphosphodiesterase|GDPD|MEG_10082|GDPD-10082_A_747_C,1,2,2,16,4,1,6,6,1,3
MEG_10082|Drugs|Lipopeptides|Daptomycin_resistant_glycerolphosphodiesterase|GDPD|MEG_10082|GDPD-10082_G_756_A,1,1,2,14,4,1,5,6,1,4
MEG_10082|Drugs|Lipopeptides|Daptomycin_resistant_glycerolphosphodiesterase|GDPD|MEG_10082|GDPD-10082_A_801_G,1,1,3,22,3,0,2,8,1,1
MEG_10082|Drugs|Lipopeptides|Daptomycin_resistant_glycerolphosphodiesterase|GDPD|MEG_10082|GDPD-10082_A_879_G,0,2,1,27,2,1,3,8,0,7
MEG_10082|Drugs|Lipopeptides|Daptomycin_resistant_glycerolphosphodiesterase|GDPD|MEG_10082|GDPD-10082_C_1036_T,1,1,2,16,1,1,3,10,2,7
MEG_10082|Drugs|Lipopeptides|Daptomycin_resistant_glycerolphosphodiesterase|GDPD|MEG_10082|GDPD-10082_C_1107_T,1,2,1,23,2,0,3,7,3,10
MEG_10082|Drugs|Lipopeptides|Daptomycin_resistant_glycerolphosphodiesterase|GDPD|MEG_10082|GDPD-10082_A_1380_G,2,0,2,17,1,0,4,7,2,1
MEG_10082|Drugs|Lipopeptides|Daptomycin_resistant_glycerolphosphodiesterase|GDPD|MEG_10082|GDPD-10082_C_1404_T,2,1,1,13,1,0,2,1,1,2
MEG_10082|Drugs|Lipopeptides|Daptomycin_resistant_glycerolphosphodiesterase|GDPD|MEG_10082|GDPD-10082_T_1422_C,0,1,1,8,0,0,1,1,1,3
MEG_10082|Drugs|Lipopeptides|Daptomycin_resistant_glycerolphosphodiesterase|GDPD|MEG_10082|GDPD-10082_T_1434_A,0,1,0,5,0,1,0,0,1,4
MEG_10082|Drugs|Lipopeptides|Daptomycin_resistant_glycerolphosphodiesterase|GDPD|MEG_10082|GDPD-10082_C_1443_T,0,1,0,7,0,1,1,1,0,5
MEG_10082|Drugs|Lipopeptides|Daptomycin_resistant_glycerolphosphodiesterase|GDPD|MEG_10082|GDPD-10082_C_1728_T,1,2,1,17,2,0,1,3,0,3
MEG_10088|Drugs|Rifampin|RNA_polymerase_protection_protein|HELR|MEG_10088|HELR-10088_C_44_A,0,0,0,5,8,0,0,0,0,0
MEG_10088|Drugs|Rifampin|RNA_polymerase_protection_protein|HELR|MEG_10088|HELR-10088_A_531_T,0,0,0,15,12,0,0,0,0,0
MEG_10088|Drugs|Rifampin|RNA_polymerase_protection_protein|HELR|MEG_10088|HELR-10088_C_610_G,0,1,0,14,14,0,0,0,0,0
MEG_10088|Drugs|Rifampin|RNA_polymerase_protection_protein|HELR|MEG_10088|HELR-10088_T_656_G,0,1,0,10,15,0,0,0,0,0
MEG_10088|Drugs|Rifampin|RNA_polymerase_protection_protein|HELR|MEG_10088|HELR-10088_C_774_A,0,2,0,12,15,0,0,0,0,0
MEG_10088|Drugs|Rifampin|RNA_polymerase_protection_protein|HELR|MEG_10088|HELR-10088_C_842_A,0,0,0,14,11,0,0,0,0,0
MEG_10088|Drugs|Rifampin|RNA_polymerase_protection_protein|HELR|MEG_10088|HELR-10088_G_1198_A,0,2,0,11,13,0,0,0,0,0
MEG_10088|Drugs|Rifampin|RNA_polymerase_protection_protein|HELR|MEG_10088|HELR-10088_T_1339_G,0,0,0,0,0,2,27,4,0,0
MEG_10098|Drugs|Lipopeptides|Colistin-resistant_mutant|LPXD|MEG_10098|LPXD-10098_T_466_C,0,0,0,0,0,3,6,3,0,0
MEG_10098|Drugs|Lipopeptides|Colistin-resistant_mutant|LPXD|MEG_10098|LPXD-10098_T_583_C,0,0,0,0,0,2,6,3,0,1
MEG_10098|Drugs|Lipopeptides|Colistin-resistant_mutant|LPXD|MEG_10098|LPXD-10098_A_974_G,0,0,0,0,0,1,5,3,0,4
MEG_10109|Drugs|Nitrofuran|Nitrofurazone-resistant_mutation|NFSB|MEG_10109|NFSB-10109_C_57_T,1,0,2,1,3,0,4,0,0,0
MEG_10109|Drugs|Nitrofuran|Nitrofurazone-resistant_mutation|NFSB|MEG_10109|NFSB-10109_G_96_T,0,2,3,1,5,1,3,2,0,0
MEG_10109|Drugs|Nitrofuran|Nitrofurazone-resistant_mutation|NFSB|MEG_10109|NFSB-10109_A_99_C,0,2,3,1,5,1,4,2,0,0
MEG_10109|Drugs|Nitrofuran|Nitrofurazone-resistant_mutation|NFSB|MEG_10109|NFSB-10109_C_204_T,0,3,0,1,0,3,3,1,0,0
MEG_10109|Drugs|Nitrofuran|Nitrofurazone-resistant_mutation|NFSB|MEG_10109|NFSB-10109_G_216_A,0,2,0,1,0,1,3,1,0,0
MEG_10109|Drugs|Nitrofuran|Nitrofurazone-resistant_mutation|NFSB|MEG_10109|NFSB-10109_G_225_A,0,1,0,1,0,0,4,0,1,0
MEG_10109|Drugs|Nitrofuran|Nitrofurazone-resistant_mutation|NFSB|MEG_10109|NFSB-10109_T_278_C,0,1,1,0,1,0,7,1,1,1
MEG_10109|Drugs|Nitrofuran|Nitrofurazone-resistant_mutation|NFSB|MEG_10109|NFSB-10109_C_312_T,0,1,3,1,2,0,6,1,0,1
MEG_10109|Drugs|Nitrofuran|Nitrofurazone-resistant_mutation|NFSB|MEG_10109|NFSB-10109_G_381_A,0,2,3,2,1,0,3,0,0,0
MEG_10109|Drugs|Nitrofuran|Nitrofurazone-resistant_mutation|NFSB|MEG_10109|NFSB-10109_T_468_G,1,2,2,0,1,3,6,1,1,1
MEG_10109|Drugs|Nitrofuran|Nitrofurazone-resistant_mutation|NFSB|MEG_10109|NFSB-10109_T_618_A,0,0,3,0,2,2,7,1,0,0
MEG_10128|Drugs|Rifampin|Rifampin_monooyxgenase|ROX|MEG_10128|ROX-10128_C_27_G,0,0,0,0,0,3,5,1,1,1
MEG_10128|Drugs|Rifampin|Rifampin_monooyxgenase|ROX|MEG_10128|ROX-10128_C_84_T,7,1,0,0,0,0,0,0,0,0
MEG_10128|Drugs|Rifampin|Rifampin_monooyxgenase|ROX|MEG_10128|ROX-10128_T_493_G,0,0,0,0,0,2,13,1,1,3
MEG_10128|Drugs|Rifampin|Rifampin_monooyxgenase|ROX|MEG_10128|ROX-10128_C_523_A,0,0,0,0,0,2,13,2,2,3
MEG_10128|Drugs|Rifampin|Rifampin_monooyxgenase|ROX|MEG_10128|ROX-10128_C_709_G,0,0,0,0,0,1,12,3,6,4
MEG_10128|Drugs|Rifampin|Rifampin_monooyxgenase|ROX|MEG_10128|ROX-10128_G_1194_C,4,0,1,0,0,0,0,0,0,0
MEG_10128|Drugs|Rifampin|Rifampin_monooyxgenase|ROX|MEG_10128|ROX-10128_G_1199_C,4,0,1,0,0,0,0,0,0,0
MEG_10128|Drugs|Rifampin|Rifampin_monooyxgenase|ROX|MEG_10128|ROX-10128_T_1207_C,4,0,0,0,0,0,0,0,0,0
MEG_10128|Drugs|Rifampin|Rifampin_monooyxgenase|ROX|MEG_10128|ROX-10128_G_1270_A,6,0,0,0,0,0,0,0,0,0
MEG_10128|Drugs|Rifampin|Rifampin_monooyxgenase|ROX|MEG_10128|ROX-10128_G_1285_T,5,0,1,0,0,0,0,0,0,0
MEG_10141|Drugs|Sulfonamides|Sulfonamide_resistant_ECF_transporter_comonent|THFT|MEG_10141|THFT-10141_C_352_T,0,0,2,2,0,0,0,0,0,0
MEG_10141|Drugs|Sulfonamides|Sulfonamide_resistant_ECF_transporter_comonent|THFT|MEG_10141|THFT-10141_T_386_A,0,0,2,3,0,0,0,0,0,0
MEG_10144|Drugs|Fosfomycin|Fosfomycin_target_mutation|UHPA|MEG_10144|UHPA-10144_G_192_A,0,0,1,0,0,1,3,1,0,2
MEG_10144|Drugs|Fosfomycin|Fosfomycin_target_mutation|UHPA|MEG_10144|UHPA-10144_A_414_G,0,0,0,0,0,1,7,0,0,1
MEG_10144|Drugs|Fosfomycin|Fosfomycin_target_mutation|UHPA|MEG_10144|UHPA-10144_G_561_A,1,0,4,0,1,0,2,0,0,0
MEG_10150|Drugs|Glycopeptides|Vancomycin-resistant_mutation|VRAF|MEG_10150|VRAF-10150_C_29_G,0,0,0,0,0,2,3,0,0,0
MEG_10150|Drugs|Glycopeptides|Vancomycin-resistant_mutation|VRAF|MEG_10150|VRAF-10150_G_69_T,0,0,0,0,0,2,3,1,0,1
MEG_10150|Drugs|Glycopeptides|Vancomycin-resistant_mutation|VRAF|MEG_10150|VRAF-10150_C_220_T,0,0,0,0,0,3,10,2,0,1
MEG_10150|Drugs|Glycopeptides|Vancomycin-resistant_mutation|VRAF|MEG_10150|VRAF-10150_G_262_T,0,0,0,0,0,2,9,1,0,0
MEG_10150|Drugs|Glycopeptides|Vancomycin-resistant_mutation|VRAF|MEG_10150|VRAF-10150_T_294_C,0,0,0,0,0,1,9,1,0,1
MEG_10150|Drugs|Glycopeptides|Vancomycin-resistant_mutation|VRAF|MEG_10150|VRAF-10150_A_330_T,0,0,0,0,0,1,8,2,2,1
MEG_10150|Drugs|Glycopeptides|Vancomycin-resistant_mutation|VRAF|MEG_10150|VRAF-10150_A_447_G,0,0,0,0,0,2,4,3,0,0
MEG_10150|Drugs|Glycopeptides|Vancomycin-resistant_mutation|VRAF|MEG_10150|VRAF-10150_A_530_T,0,0,0,0,0,3,8,3,1,0
MEG_10153|Drugs|Lipopeptides|Daptomycin_resistant_mutant_YvlB|YVLB|MEG_10153|YVLB-10153_A_187_G,1,0,1,8,1,2,1,4,0,3
MEG_10153|Drugs|Lipopeptides|Daptomycin_resistant_mutant_YvlB|YVLB|MEG_10153|YVLB-10153_T_315_C,3,1,0,18,1,0,3,7,0,3
MEG_10153|Drugs|Lipopeptides|Daptomycin_resistant_mutant_YvlB|YVLB|MEG_10153|YVLB-10153_T_598_A,3,2,3,11,0,1,2,9,1,2
MEG_10153|Drugs|Lipopeptides|Daptomycin_resistant_mutant_YvlB|YVLB|MEG_10153|YVLB-10153_C_639_T,2,0,1,8,1,1,2,7,1,2
MEG_10153|Drugs|Lipopeptides|Daptomycin_resistant_mutant_YvlB|YVLB|MEG_10153|YVLB-10153_T_678_C,1,0,0,7,1,0,0,5,0,2
MEG_10153|Drugs|Lipopeptides|Daptomycin_resistant_mutant_YvlB|YVLB|MEG_10153|YVLB-10153_T_681_C,1,0,0,5,1,0,0,4,0,2
MEG_10153|Drugs|Lipopeptides|Daptomycin_resistant_mutant_YvlB|YVLB|MEG_10153|YVLB-10153_T_726_C,1,0,1,11,1,2,1,8,0,2
MEG_10153|Drugs|Lipopeptides|Daptomycin_resistant_mutant_YvlB|YVLB|MEG_10153|YVLB-10153_G_804_A,2,1,3,12,0,1,4,14,0,4
MEG_10153|Drugs|Lipopeptides|Daptomycin_resistant_mutant_YvlB|YVLB|MEG_10153|YVLB-10153_G_993_A,4,1,0,19,3,1,3,8,0,5
MEG_10153|Drugs|Lipopeptides|Daptomycin_resistant_mutant_YvlB|YVLB|MEG_10153|YVLB-10153_T_1197_C,3,1,2,16,2,1,3,13,1,0
MEG_10153|Drugs|Lipopeptides|Daptomycin_resistant_mutant_YvlB|YVLB|MEG_10153|YVLB-10153_G_1230_A,3,1,1,15,2,2,1,9,0,0
MEG_10153|Drugs|Lipopeptides|Daptomycin_resistant_mutant_YvlB|YVLB|MEG_10153|YVLB-10153_T_1263_C,2,2,1,16,0,1,1,6,1,2
MEG_10153|Drugs|Lipopeptides|Daptomycin_resistant_mutant_YvlB|YVLB|MEG_10153|YVLB-10153_C_1302_T,2,1,1,14,1,2,2,7,1,2
MEG_10153|Drugs|Lipopeptides|Daptomycin_resistant_mutant_YvlB|YVLB|MEG_10153|YVLB-10153_A_1389_G,0,1,1,7,2,2,3,9,1,2
MEG_10189|Drugs|Tetracyclines|Tetracycline_resistance_ABC_efflux_pumps|TETA60|MEG_10189|TETA60-10189_t_228_A,1,1,1,1,3,0,0,0,0,0
MEG_10189|Drugs|Tetracyclines|Tetracycline_resistance_ABC_efflux_pumps|TETA60|MEG_10189|TETA60-10189_t_935_A,0,0,3,0,2,0,0,0,0,0
MEG_10189|Drugs|Tetracyclines|Tetracycline_resistance_ABC_efflux_pumps|TETA60|MEG_10189|TETA60-10189_c_1004_G,0,0,0,0,5,0,0,0,0,0
MEG_10189|Drugs|Tetracyclines|Tetracycline_resistance_ABC_efflux_pumps|TETA60|MEG_10189|TETA60-10189_a_1127_C,0,1,0,9,2,0,0,0,0,0
MEG_10189|Drugs|Tetracyclines|Tetracycline_resistance_ABC_efflux_pumps|TETA60|MEG_10189|TETA60-10189_a_1514_T,0,1,0,10,0,0,0,0,0,0
MEG_10189|Drugs|Tetracyclines|Tetracycline_resistance_ABC_efflux_pumps|TETA60|MEG_10189|TETA60-10189_g_1685_C,0,0,0,6,1,0,0,0,0,0
MEG_10190|Drugs|Tetracyclines|Tetracycline_resistance_ABC_efflux_pumps|TETB60|MEG_10190|TETB60-10190_t_53_A,0,0,0,0,0,8,7,6,2,0
MEG_10190|Drugs|Tetracyclines|Tetracycline_resistance_ABC_efflux_pumps|TETB60|MEG_10190|TETB60-10190_t_255_A,0,0,0,0,0,9,10,7,1,0
MEG_10190|Drugs|Tetracyclines|Tetracycline_resistance_ABC_efflux_pumps|TETB60|MEG_10190|TETB60-10190_t_336_C,0,0,0,0,0,8,11,6,1,0
MEG_10190|Drugs|Tetracyclines|Tetracycline_resistance_ABC_efflux_pumps|TETB60|MEG_10190|TETB60-10190_c_898_T,0,0,0,0,0,15,13,6,3,0
MEG_10190|Drugs|Tetracyclines|Tetracycline_resistance_ABC_efflux_pumps|TETB60|MEG_10190|TETB60-10190_c_1334_T,0,0,0,0,0,6,15,5,3,0
MEG_10190|Drugs|Tetracyclines|Tetracycline_resistance_ABC_efflux_pumps|TETB60|MEG_10190|TETB60-10190_t_1551_A,0,0,0,0,0,4,9,5,3,0
MEG_10191|Drugs|Multi-drug_resistance|Multi-drug_ABC_efflux_pumps|SALD|MEG_10191|SALD-10191_g_228_C,4,0,0,4,0,0,0,0,0,0
MEG_10191|Drugs|Multi-drug_resistance|Multi-drug_ABC_efflux_pumps|SALD|MEG_10191|SALD-10191_t_642_G,0,1,0,5,0,0,0,0,0,0
MEG_10191|Drugs|Multi-drug_resistance|Multi-drug_ABC_efflux_pumps|SALD|MEG_10191|SALD-10191_a_1015_C,0,0,0,0,0,2,4,1,0,0
MEG_10191|Drugs|Multi-drug_resistance|Multi-drug_ABC_efflux_pumps|SALD|MEG_10191|SALD-10191_t_1023_G,2,0,0,8,0,0,0,0,0,0
MEG_10191|Drugs|Multi-drug_resistance|Multi-drug_ABC_efflux_pumps|SALD|MEG_10191|SALD-10191_c_1049_A,0,0,0,0,0,2,4,1,0,0
MEG_10191|Drugs|Multi-drug_resistance|Multi-drug_ABC_efflux_pumps|SALD|MEG_10191|SALD-10191_t_1053_C,3,0,0,8,0,0,0,0,0,0
MEG_10191|Drugs|Multi-drug_resistance|Multi-drug_ABC_efflux_pumps|SALD|MEG_10191|SALD-10191_g_1060_T,0,0,0,0,0,2,4,0,0,0
MEG_10191|Drugs|Multi-drug_resistance|Multi-drug_ABC_efflux_pumps|SALD|MEG_10191|SALD-10191_c_1133_T,0,0,0,0,0,0,4,0,0,0
MEG_10191|Drugs|Multi-drug_resistance|Multi-drug_ABC_efflux_pumps|SALD|MEG_10191|SALD-10191_a_1245_T,1,0,0,4,0,0,0,0,0,0
MEG_10191|Drugs|Multi-drug_resistance|Multi-drug_ABC_efflux_pumps|SALD|MEG_10191|SALD-10191_a_1268_C,2,0,0,5,0,0,0,0,0,0
MEG_10191|Drugs|Multi-drug_resistance|Multi-drug_ABC_efflux_pumps|SALD|MEG_10191|SALD-10191_t_1365_A,0,0,0,6,0,0,0,0,0,0
MEG_10191|Drugs|Multi-drug_resistance|Multi-drug_ABC_efflux_pumps|SALD|MEG_10191|SALD-10191_c_1400_G,0,0,0,0,0,2,6,1,0,0
MEG_10191|Drugs|Multi-drug_resistance|Multi-drug_ABC_efflux_pumps|SALD|MEG_10191|SALD-10191_t_1408_G,0,0,0,0,0,1,4,1,0,0
MEG_10191|Drugs|Multi-drug_resistance|Multi-drug_ABC_efflux_pumps|SALD|MEG_10191|SALD-10191_c_1550_A,4,0,0,0,0,0,0,0,0,0
MEG_10191|Drugs|Multi-drug_resistance|Multi-drug_ABC_efflux_pumps|SALD|MEG_10191|SALD-10191_g_1563_A,0,0,0,0,0,1,6,1,0,0
MEG_10192|Drugs|Multi-drug_resistance|Multi-drug_ABC_efflux_pumps|SALE|MEG_10192|SALE-10192_a_144_T,0,0,0,0,0,0,2,0,1,2
MEG_10192|Drugs|Multi-drug_resistance|Multi-drug_ABC_efflux_pumps|SALE|MEG_10192|SALE-10192_a_832_C,0,0,0,0,0,2,1,0,0,1
MEG_10192|Drugs|Multi-drug_resistance|Multi-drug_ABC_efflux_pumps|SALE|MEG_10192|SALE-10192_a_842_G,0,0,0,0,0,2,1,0,0,1
MEG_10198|Drugs|betalactams|Class_C_betalactamases|MOX|MEG_10198|MOX-10198_a_432_T,0,0,0,4,0,0,0,0,0,0
MEG_10258|Metals|Multi-metal_resistance|Multi-metal_MFS_efflux_pumps|NCRA|MEG_10258|NCRA-10258_g_714_A,0,0,0,0,0,3,0,4,1,0
MEG_10258|Metals|Multi-metal_resistance|Multi-metal_MFS_efflux_pumps|NCRA|MEG_10258|NCRA-10258_g_727_C,0,0,0,0,0,3,0,3,0,1
MEG_10258|Metals|Multi-metal_resistance|Multi-metal_MFS_efflux_pumps|NCRA|MEG_10258|NCRA-10258_t_762_A,0,0,0,0,0,2,0,2,0,0
MEG_10258|Metals|Multi-metal_resistance|Multi-metal_MFS_efflux_pumps|NCRA|MEG_10258|NCRA-10258_c_867_T,0,0,0,0,0,2,0,4,1,1
MEG_10258|Metals|Multi-metal_resistance|Multi-metal_MFS_efflux_pumps|NCRA|MEG_10258|NCRA-10258_g_1134_C,0,0,0,0,0,1,0,3,1,0
MEG_10323|Drugs|betalactams|Class_C_betalactamases|PDC|MEG_10323|PDC-10323_c_310_T,0,0,2,3,0,0,0,0,0,0
MEG_10323|Drugs|betalactams|Class_C_betalactamases|PDC|MEG_10323|PDC-10323_c_330_A,0,0,1,3,0,0,0,0,0,0
MEG_10323|Drugs|betalactams|Class_C_betalactamases|PDC|MEG_10323|PDC-10323_a_1004_C,0,0,1,3,1,0,0,0,0,0
MEG_10462|Drugs|betalactams|Class_D_betalactamases|OXA|MEG_10462|OXA-10462_c_65_T,0,0,1,0,3,0,0,0,0,0
MEG_10506|Drugs|betalactams|Class_A_betalactamases|OKP|MEG_10506|OKP-10506_c_836_T,1,2,6,0,0,0,0,0,0,0
MEG_10588|Drugs|betalactams|Class_A_betalactamases|OKP|MEG_10588|OKP-10588_g_81_T,0,1,0,6,0,0,0,0,0,0
MEG_10895|Drugs|betalactams|Class_A_betalactamases|LEN|MEG_10895|LEN-10895_a_290_C,0,0,1,1,3,0,0,0,0,0
MEG_10895|Drugs|betalactams|Class_A_betalactamases|LEN|MEG_10895|LEN-10895_g_712_C,1,0,3,1,3,0,0,0,0,0
MEG_10895|Drugs|betalactams|Class_A_betalactamases|LEN|MEG_10895|LEN-10895_c_819_G,1,0,1,0,2,0,0,0,0,0
MEG_11000|Drugs|betalactams|Class_A_betalactamases|OXY|MEG_11000|OXY-11000_t_162_A,0,0,1,3,0,0,0,0,0,0
MEG_11000|Drugs|betalactams|Class_A_betalactamases|OXY|MEG_11000|OXY-11000_a_163_T,0,0,1,3,0,0,0,0,0,0
MEG_11000|Drugs|betalactams|Class_A_betalactamases|OXY|MEG_11000|OXY-11000_a_381_C,0,0,1,6,0,0,0,0,0,0
MEG_11000|Drugs|betalactams|Class_A_betalactamases|OXY|MEG_11000|OXY-11000_g_635_A,0,0,1,6,0,0,0,0,0,0
MEG_11119|Drugs|betalactams|Class_D_betalactamases|OXA|MEG_11119|OXA-11119_t_216_C,0,0,0,0,0,0,3,2,0,0
MEG_11224|Drugs|Fluoroquinolones|Quinolone_resistance_protein_Qnr|QNRB|MEG_11224|QNRB-11224_t_354_C,0,0,0,0,0,0,2,2,0,0
MEG_11224|Drugs|Fluoroquinolones|Quinolone_resistance_protein_Qnr|QNRB|MEG_11224|QNRB-11224_a_359_G,0,0,0,0,0,0,2,2,0,0
MEG_11226|Drugs|Fluoroquinolones|Quinolone_resistance_protein_Qnr|QNRB|MEG_11226|QNRB-11226_a_232_G,0,0,0,0,0,0,3,0,0,1
MEG_11230|Drugs|Fluoroquinolones|Quinolone_resistance_protein_Qnr|QNRA|MEG_11230|QNRA-11230_a_16_T,0,3,0,1,0,0,0,0,0,0
MEG_11230|Drugs|Fluoroquinolones|Quinolone_resistance_protein_Qnr|QNRA|MEG_11230|QNRA-11230_c_103_A,0,10,0,4,0,0,0,0,0,0
MEG_11230|Drugs|Fluoroquinolones|Quinolone_resistance_protein_Qnr|QNRA|MEG_11230|QNRA-11230_c_156_G,0,8,0,4,0,0,0,0,0,0
MEG_11230|Drugs|Fluoroquinolones|Quinolone_resistance_protein_Qnr|QNRA|MEG_11230|QNRA-11230_g_192_C,0,9,0,3,0,0,0,0,0,0
MEG_11230|Drugs|Fluoroquinolones|Quinolone_resistance_protein_Qnr|QNRA|MEG_11230|QNRA-11230_t_274_A,0,6,0,2,1,0,0,0,0,0
MEG_11230|Drugs|Fluoroquinolones|Quinolone_resistance_protein_Qnr|QNRA|MEG_11230|QNRA-11230_g_277_C,0,6,0,2,1,0,0,0,0,0
MEG_11230|Drugs|Fluoroquinolones|Quinolone_resistance_protein_Qnr|QNRA|MEG_11230|QNRA-11230_t_531_A,0,12,0,1,0,0,0,0,0,0
MEG_11236|Drugs|Fluoroquinolones|Quinolone_resistance_protein_Qnr|QNRE|MEG_11236|QNRE-11236_a_116_T,0,0,0,0,0,0,0,2,3,1
MEG_11236|Drugs|Fluoroquinolones|Quinolone_resistance_protein_Qnr|QNRE|MEG_11236|QNRE-11236_t_129_C,0,0,0,0,0,0,0,3,2,1
MEG_11236|Drugs|Fluoroquinolones|Quinolone_resistance_protein_Qnr|QNRE|MEG_11236|QNRE-11236_g_338_C,1,0,0,1,2,0,0,0,0,0
MEG_11236|Drugs|Fluoroquinolones|Quinolone_resistance_protein_Qnr|QNRE|MEG_11236|QNRE-11236_a_396_T,0,0,0,0,0,0,0,3,0,1
MEG_11236|Drugs|Fluoroquinolones|Quinolone_resistance_protein_Qnr|QNRE|MEG_11236|QNRE-11236_a_415_G,2,0,1,2,4,0,0,0,0,0
MEG_11236|Drugs|Fluoroquinolones|Quinolone_resistance_protein_Qnr|QNRE|MEG_11236|QNRE-11236_t_437_C,0,0,0,0,0,0,0,4,1,1
MEG_11236|Drugs|Fluoroquinolones|Quinolone_resistance_protein_Qnr|QNRE|MEG_11236|QNRE-11236_c_519_A,2,0,1,0,4,0,0,0,0,0
MEG_11236|Drugs|Fluoroquinolones|Quinolone_resistance_protein_Qnr|QNRE|MEG_11236|QNRE-11236_g_593_C,2,0,0,0,5,0,0,0,0,0
MEG_11242|Drugs|Fosfomycin|Fosfomycin_thiol_transferases|FOSA|MEG_11242|FOSA-11242_t_193_G,0,0,0,0,0,1,3,1,0,0
MEG_11242|Drugs|Fosfomycin|Fosfomycin_thiol_transferases|FOSA|MEG_11242|FOSA-11242_a_254_G,0,0,0,0,0,0,4,1,0,0
MEG_11244|Drugs|Fosfomycin|Fosfomycin_thiol_transferases|FOSA|MEG_11244|FOSA-11244_c_50_A,0,0,0,0,0,2,2,0,0,1
MEG_11244|Drugs|Fosfomycin|Fosfomycin_thiol_transferases|FOSA|MEG_11244|FOSA-11244_g_333_C,0,0,0,0,0,1,2,0,0,1
MEG_11250|Drugs|Fosfomycin|Fosfomycin_thiol_transferases|FOSL|MEG_11250|FOSL-11250_a_47_T,0,0,0,0,0,0,3,0,0,1
MEG_11286|Drugs|Aminoglycosides|Aminoglycoside_N-acetyltransferases|AAC6-PRIME|MEG_11286|AAC6-PRIME-11286_a_247_T,2,1,0,0,1,0,0,0,0,0
MEG_11287|Drugs|Aminoglycosides|Aminoglycoside_N-acetyltransferases|AAC6-PRIME|MEG_11287|AAC6-PRIME-11287_a_62_C,2,1,0,1,0,0,0,0,0,0
MEG_11287|Drugs|Aminoglycosides|Aminoglycoside_N-acetyltransferases|AAC6-PRIME|MEG_11287|AAC6-PRIME-11287_a_354_C,3,0,0,1,0,0,0,0,0,0
MEG_11295|Drugs|Aminoglycosides|Aminoglycoside_O-phosphotransferases|APH3-PRIME|MEG_11295|APH3-PRIME-11295_c_236_A,0,0,0,0,0,1,3,2,3,0
MEG_11299|Drugs|Bacitracin|Bacitracin_ABC_transporter|BCRA|MEG_11299|BCRA-11299_t_14_C,0,0,0,0,0,5,1,0,0,4
MEG_11299|Drugs|Bacitracin|Bacitracin_ABC_transporter|BCRA|MEG_11299|BCRA-11299_a_50_T,0,0,0,0,0,7,1,0,0,4
MEG_11299|Drugs|Bacitracin|Bacitracin_ABC_transporter|BCRA|MEG_11299|BCRA-11299_a_141_T,6,0,1,0,3,0,0,0,0,0
MEG_11299|Drugs|Bacitracin|Bacitracin_ABC_transporter|BCRA|MEG_11299|BCRA-11299_t_153_A,0,0,0,0,0,7,6,0,1,8
MEG_11299|Drugs|Bacitracin|Bacitracin_ABC_transporter|BCRA|MEG_11299|BCRA-11299_a_189_G,6,0,2,0,6,0,0,0,0,0
MEG_11299|Drugs|Bacitracin|Bacitracin_ABC_transporter|BCRA|MEG_11299|BCRA-11299_c_309_A,5,0,4,2,4,0,0,0,0,0
MEG_11299|Drugs|Bacitracin|Bacitracin_ABC_transporter|BCRA|MEG_11299|BCRA-11299_g_321_C,0,0,0,0,0,3,0,0,1,11
MEG_11299|Drugs|Bacitracin|Bacitracin_ABC_transporter|BCRA|MEG_11299|BCRA-11299_a_441_G,0,0,0,0,0,5,1,0,2,5
MEG_11299|Drugs|Bacitracin|Bacitracin_ABC_transporter|BCRA|MEG_11299|BCRA-11299_a_615_T,0,0,0,0,0,6,1,0,1,9
MEG_11299|Drugs|Bacitracin|Bacitracin_ABC_transporter|BCRA|MEG_11299|BCRA-11299_a_681_T,0,0,0,0,0,2,2,0,1,6
MEG_11299|Drugs|Bacitracin|Bacitracin_ABC_transporter|BCRA|MEG_11299|BCRA-11299_t_690_G,4,0,1,0,0,0,0,0,0,0
MEG_11299|Drugs|Bacitracin|Bacitracin_ABC_transporter|BCRA|MEG_11299|BCRA-11299_a_747_C,3,0,2,0,2,0,0,0,0,0
MEG_11299|Drugs|Bacitracin|Bacitracin_ABC_transporter|BCRA|MEG_11299|BCRA-11299_t_754_G,3,0,1,0,2,0,0,0,0,0
MEG_11299|Drugs|Bacitracin|Bacitracin_ABC_transporter|BCRA|MEG_11299|BCRA-11299_t_826_A,1,0,2,1,2,0,0,0,0,0
MEG_11299|Drugs|Bacitracin|Bacitracin_ABC_transporter|BCRA|MEG_11299|BCRA-11299_t_828_A,0,0,0,0,0,8,2,0,1,6
MEG_11299|Drugs|Bacitracin|Bacitracin_ABC_transporter|BCRA|MEG_11299|BCRA-11299_c_857_A,0,0,2,1,2,0,0,0,0,0
MEG_11302|Drugs|Trimethoprim|Dihydrofolate_reductase|DFRA|MEG_11302|DFRA-11302_c_155_T,0,0,0,0,0,0,3,1,0,0
MEG_11302|Drugs|Trimethoprim|Dihydrofolate_reductase|DFRA|MEG_11302|DFRA-11302_g_379_A,0,0,0,0,0,0,4,0,0,0
MEG_11302|Drugs|Trimethoprim|Dihydrofolate_reductase|DFRA|MEG_11302|DFRA-11302_g_412_C,0,0,0,0,0,0,6,1,1,0
MEG_11303|Drugs|Trimethoprim|Dihydrofolate_reductase|DFRA|MEG_11303|DFRA-11303_c_20_A,0,0,0,0,0,3,1,0,0,0
MEG_11303|Drugs|Trimethoprim|Dihydrofolate_reductase|DFRA|MEG_11303|DFRA-11303_t_227_A,0,0,0,0,0,2,1,0,0,1
MEG_11304|Drugs|Trimethoprim|Dihydrofolate_reductase|DFRA|MEG_11304|DFRA-11304_g_69_T,0,0,0,0,0,2,5,0,1,0
MEG_11304|Drugs|Trimethoprim|Dihydrofolate_reductase|DFRA|MEG_11304|DFRA-11304_t_125_G,0,0,0,0,0,1,6,0,0,0
MEG_11304|Drugs|Trimethoprim|Dihydrofolate_reductase|DFRA|MEG_11304|DFRA-11304_g_134_T,0,0,0,0,0,1,7,0,0,0
MEG_11305|Drugs|Trimethoprim|Dihydrofolate_reductase|DFRA|MEG_11305|DFRA-11305_c_69_A,0,1,0,7,0,0,0,0,0,0
MEG_11305|Drugs|Trimethoprim|Dihydrofolate_reductase|DFRA|MEG_11305|DFRA-11305_a_356_C,0,1,1,4,0,0,0,0,0,0
MEG_11312|Drugs|Fosfomycin|Fosfomycin_thiol_transferases|FOSA|MEG_11312|FOSA-11312_a_31_T,0,0,0,0,0,0,0,0,34,0
MEG_11312|Drugs|Fosfomycin|Fosfomycin_thiol_transferases|FOSA|MEG_11312|FOSA-11312_c_35_T,0,0,0,0,0,0,0,0,42,0
MEG_11312|Drugs|Fosfomycin|Fosfomycin_thiol_transferases|FOSA|MEG_11312|FOSA-11312_t_51_G,0,0,0,0,0,0,0,0,63,0
MEG_11312|Drugs|Fosfomycin|Fosfomycin_thiol_transferases|FOSA|MEG_11312|FOSA-11312_a_132_G,0,0,0,0,0,0,0,0,99,0
MEG_11312|Drugs|Fosfomycin|Fosfomycin_thiol_transferases|FOSA|MEG_11312|FOSA-11312_a_179_C,0,0,0,0,0,0,0,0,80,0
MEG_11312|Drugs|Fosfomycin|Fosfomycin_thiol_transferases|FOSA|MEG_11312|FOSA-11312_a_215_C,0,0,0,0,0,0,0,0,70,0
MEG_11312|Drugs|Fosfomycin|Fosfomycin_thiol_transferases|FOSA|MEG_11312|FOSA-11312_a_261_G,0,0,0,0,0,0,0,0,54,0
MEG_11312|Drugs|Fosfomycin|Fosfomycin_thiol_transferases|FOSA|MEG_11312|FOSA-11312_g_280_T,0,0,0,0,0,0,0,0,59,0
MEG_11312|Drugs|Fosfomycin|Fosfomycin_thiol_transferases|FOSA|MEG_11312|FOSA-11312_c_307_T,0,0,0,0,0,0,0,0,81,0
MEG_11312|Drugs|Fosfomycin|Fosfomycin_thiol_transferases|FOSA|MEG_11312|FOSA-11312_t_346_C,0,0,0,0,0,0,0,0,108,0
MEG_11322|Metals|Multi-metal_resistance|Multi-metal_resistance_protein|ARSA|MEG_11322|ARSA-11322_c_334_T,0,0,0,0,0,9,0,0,2,0
MEG_11322|Metals|Multi-metal_resistance|Multi-metal_resistance_protein|ARSA|MEG_11322|ARSA-11322_a_596_C,0,0,0,0,0,12,0,6,0,0
MEG_11322|Metals|Multi-metal_resistance|Multi-metal_resistance_protein|ARSA|MEG_11322|ARSA-11322_g_1114_C,0,0,0,0,0,14,0,4,2,0
MEG_11322|Metals|Multi-metal_resistance|Multi-metal_resistance_protein|ARSA|MEG_11322|ARSA-11322_t_1212_C,0,0,0,0,0,9,0,2,1,0
MEG_11322|Metals|Multi-metal_resistance|Multi-metal_resistance_protein|ARSA|MEG_11322|ARSA-11322_t_1295_A,0,0,0,0,0,9,0,1,3,0
MEG_11322|Metals|Multi-metal_resistance|Multi-metal_resistance_protein|ARSA|MEG_11322|ARSA-11322_a_1359_T,0,0,0,0,0,9,0,4,3,0
MEG_11323|Metals|Arsenic_resistance|Arsenic_resistance_protein|ARSB|MEG_11323|ARSB-11323_a_52_T,0,0,0,0,0,0,5,1,0,0
MEG_11323|Metals|Arsenic_resistance|Arsenic_resistance_protein|ARSB|MEG_11323|ARSB-11323_t_111_A,0,0,0,0,0,0,10,0,0,0
MEG_11323|Metals|Arsenic_resistance|Arsenic_resistance_protein|ARSB|MEG_11323|ARSB-11323_a_184_C,8,0,0,0,4,0,0,0,0,0
MEG_11323|Metals|Arsenic_resistance|Arsenic_resistance_protein|ARSB|MEG_11323|ARSB-11323_g_275_A,6,1,0,0,2,0,0,0,0,0
MEG_11323|Metals|Arsenic_resistance|Arsenic_resistance_protein|ARSB|MEG_11323|ARSB-11323_c_407_T,8,0,0,0,2,0,0,0,0,0
MEG_11323|Metals|Arsenic_resistance|Arsenic_resistance_protein|ARSB|MEG_11323|ARSB-11323_a_561_G,0,0,0,0,0,0,4,0,2,0
MEG_11323|Metals|Arsenic_resistance|Arsenic_resistance_protein|ARSB|MEG_11323|ARSB-11323_a_606_C,0,0,0,0,0,0,6,1,2,0
MEG_11323|Metals|Arsenic_resistance|Arsenic_resistance_protein|ARSB|MEG_11323|ARSB-11323_t_654_A,0,0,0,0,0,0,10,2,2,0
MEG_11323|Metals|Arsenic_resistance|Arsenic_resistance_protein|ARSB|MEG_11323|ARSB-11323_g_702_A,8,0,0,0,1,0,0,0,0,0
MEG_11323|Metals|Arsenic_resistance|Arsenic_resistance_protein|ARSB|MEG_11323|ARSB-11323_t_1006_A,4,0,0,0,2,0,0,0,0,0
MEG_11323|Metals|Arsenic_resistance|Arsenic_resistance_protein|ARSB|MEG_11323|ARSB-11323_t_1020_A,4,0,0,0,2,0,0,0,0,0
MEG_11323|Metals|Arsenic_resistance|Arsenic_resistance_protein|ARSB|MEG_11323|ARSB-11323_a_1029_G,3,0,0,0,2,0,0,0,0,0
MEG_11324|Metals|Arsenic_resistance|Arsenic_resistance_protein|ARSB|MEG_11324|ARSB-11324_t_53_A,0,0,0,0,0,3,1,1,0,2
MEG_11324|Metals|Arsenic_resistance|Arsenic_resistance_protein|ARSB|MEG_11324|ARSB-11324_a_134_T,0,0,0,0,0,1,1,2,0,2
MEG_11324|Metals|Arsenic_resistance|Arsenic_resistance_protein|ARSB|MEG_11324|ARSB-11324_g_141_A,1,0,0,3,0,0,0,0,0,0
MEG_11324|Metals|Arsenic_resistance|Arsenic_resistance_protein|ARSB|MEG_11324|ARSB-11324_t_192_G,2,0,0,3,0,0,0,0,0,0
MEG_11324|Metals|Arsenic_resistance|Arsenic_resistance_protein|ARSB|MEG_11324|ARSB-11324_t_276_C,0,0,0,0,0,1,0,3,0,1
MEG_11324|Metals|Arsenic_resistance|Arsenic_resistance_protein|ARSB|MEG_11324|ARSB-11324_a_490_T,2,0,0,6,0,0,0,0,0,0
MEG_11324|Metals|Arsenic_resistance|Arsenic_resistance_protein|ARSB|MEG_11324|ARSB-11324_t_687_A,0,0,0,0,0,1,1,1,0,1
MEG_11324|Metals|Arsenic_resistance|Arsenic_resistance_protein|ARSB|MEG_11324|ARSB-11324_g_745_T,0,0,0,0,0,3,2,2,0,1
MEG_11324|Metals|Arsenic_resistance|Arsenic_resistance_protein|ARSB|MEG_11324|ARSB-11324_c_874_A,1,0,0,8,0,0,0,0,0,0
MEG_11324|Metals|Arsenic_resistance|Arsenic_resistance_protein|ARSB|MEG_11324|ARSB-11324_a_909_T,0,0,0,0,0,0,1,2,0,2
MEG_11325|Metals|Arsenic_resistance|Arsenic_resistance_protein|ARSB|MEG_11325|ARSB-11325_g_307_C,2,1,0,0,4,0,0,0,0,0
MEG_11325|Metals|Arsenic_resistance|Arsenic_resistance_protein|ARSB|MEG_11325|ARSB-11325_c_316_G,0,0,0,0,0,0,9,0,1,7
MEG_11325|Metals|Arsenic_resistance|Arsenic_resistance_protein|ARSB|MEG_11325|ARSB-11325_g_389_A,0,0,0,0,0,0,9,0,3,7
MEG_11325|Metals|Arsenic_resistance|Arsenic_resistance_protein|ARSB|MEG_11325|ARSB-11325_a_474_G,0,0,0,0,0,0,4,0,4,1
MEG_11326|Metals|Arsenic_resistance|Arsenic_resistance_protein|ARSB|MEG_11326|ARSB-11326_a_39_G,0,0,0,0,0,1,0,1,2,0
MEG_11326|Metals|Arsenic_resistance|Arsenic_resistance_protein|ARSB|MEG_11326|ARSB-11326_a_391_G,0,0,0,0,0,3,0,2,1,0
MEG_11326|Metals|Arsenic_resistance|Arsenic_resistance_protein|ARSB|MEG_11326|ARSB-11326_a_465_T,0,0,0,0,0,4,0,0,0,0
MEG_11326|Metals|Arsenic_resistance|Arsenic_resistance_protein|ARSB|MEG_11326|ARSB-11326_t_496_C,0,0,0,0,0,5,0,1,1,0
MEG_11326|Metals|Arsenic_resistance|Arsenic_resistance_protein|ARSB|MEG_11326|ARSB-11326_c_673_T,0,0,5,0,0,0,0,0,0,0
MEG_11326|Metals|Arsenic_resistance|Arsenic_resistance_protein|ARSB|MEG_11326|ARSB-11326_t_725_G,0,0,0,0,0,1,0,2,3,0
MEG_11326|Metals|Arsenic_resistance|Arsenic_resistance_protein|ARSB|MEG_11326|ARSB-11326_g_748_T,0,0,0,0,0,2,0,3,2,0
MEG_11333|Metals|Multi-metal_resistance|Multi-metal_resistance_protein|CADA|MEG_11333|CADA-11333_t_433_C,0,0,0,0,0,2,1,2,2,0
MEG_11333|Metals|Multi-metal_resistance|Multi-metal_resistance_protein|CADA|MEG_11333|CADA-11333_g_1045_C,0,0,0,0,0,5,3,0,2,0
MEG_11333|Metals|Multi-metal_resistance|Multi-metal_resistance_protein|CADA|MEG_11333|CADA-11333_t_1145_C,0,0,0,0,0,8,0,2,0,0
MEG_11333|Metals|Multi-metal_resistance|Multi-metal_resistance_protein|CADA|MEG_11333|CADA-11333_t_1555_C,0,0,0,0,0,5,1,4,1,0
MEG_11333|Metals|Multi-metal_resistance|Multi-metal_resistance_protein|CADA|MEG_11333|CADA-11333_g_1647_A,0,0,0,0,0,5,4,1,1,0
MEG_11333|Metals|Multi-metal_resistance|Multi-metal_resistance_protein|CADA|MEG_11333|CADA-11333_t_1738_G,0,0,0,0,0,4,3,0,3,0
MEG_11336|Metals|Multi-metal_resistance|Multi-metal_resistance_regulator|CADC|MEG_11336|CADC-11336_t_120_G,0,0,0,0,0,0,3,0,1,0
MEG_11338|Multi-compound|Drug_and_biocide_and_metal_resistance|Drug_and_biocide_and_metal_RND_efflux_pumps|CMEB|MEG_11338|CMEB-11338_c_1115_A,0,0,0,0,0,0,13,16,5,0
MEG_11338|Multi-compound|Drug_and_biocide_and_metal_resistance|Drug_and_biocide_and_metal_RND_efflux_pumps|CMEB|MEG_11338|CMEB-11338_t_1293_C,0,0,0,0,0,1,9,8,4,0
MEG_11338|Multi-compound|Drug_and_biocide_and_metal_resistance|Drug_and_biocide_and_metal_RND_efflux_pumps|CMEB|MEG_11338|CMEB-11338_c_1418_T,0,0,0,0,0,0,19,6,7,1
MEG_11338|Multi-compound|Drug_and_biocide_and_metal_resistance|Drug_and_biocide_and_metal_RND_efflux_pumps|CMEB|MEG_11338|CMEB-11338_a_1589_G,0,0,0,0,0,0,10,10,5,0
MEG_11338|Multi-compound|Drug_and_biocide_and_metal_resistance|Drug_and_biocide_and_metal_RND_efflux_pumps|CMEB|MEG_11338|CMEB-11338_a_1799_G,0,0,0,0,0,0,12,18,8,1
MEG_11338|Multi-compound|Drug_and_biocide_and_metal_resistance|Drug_and_biocide_and_metal_RND_efflux_pumps|CMEB|MEG_11338|CMEB-11338_c_2333_A,0,0,0,0,0,0,10,7,4,0
MEG_11338|Multi-compound|Drug_and_biocide_and_metal_resistance|Drug_and_biocide_and_metal_RND_efflux_pumps|CMEB|MEG_11338|CMEB-11338_a_2457_G,3,0,0,14,7,0,0,0,0,0
MEG_11338|Multi-compound|Drug_and_biocide_and_metal_resistance|Drug_and_biocide_and_metal_RND_efflux_pumps|CMEB|MEG_11338|CMEB-11338_g_2789_C,0,0,0,0,0,1,7,11,4,0
MEG_11350|Drugs|MLS|Macrolide_esterases|ESTX|MEG_11350|ESTX-11350_c_37_T,0,0,0,1,4,0,0,0,0,0
MEG_11350|Drugs|MLS|Macrolide_esterases|ESTX|MEG_11350|ESTX-11350_t_38_G,0,0,0,1,4,0,0,0,0,0
MEG_11350|Drugs|MLS|Macrolide_esterases|ESTX|MEG_11350|ESTX-11350_c_347_T,0,0,0,3,3,0,0,0,0,0
MEG_11350|Drugs|MLS|Macrolide_esterases|ESTX|MEG_11350|ESTX-11350_c_432_A,0,0,0,1,3,0,0,0,0,0
MEG_11350|Drugs|MLS|Macrolide_esterases|ESTX|MEG_11350|ESTX-11350_a_447_G,0,0,0,2,3,0,0,0,0,0
MEG_11350|Drugs|MLS|Macrolide_esterases|ESTX|MEG_11350|ESTX-11350_c_832_T,1,0,0,1,3,0,0,0,0,0
MEG_11357|Drugs|Organoarsenicals|Arsinothricin_resistance_N-acetyltransferases|ARSN1|MEG_11357|ARSN1-11357_c_176_A,0,0,0,0,0,2,2,0,2,1
MEG_11357|Drugs|Organoarsenicals|Arsinothricin_resistance_N-acetyltransferases|ARSN1|MEG_11357|ARSN1-11357_t_273_G,0,0,0,0,0,1,1,2,1,0
MEG_11357|Drugs|Organoarsenicals|Arsinothricin_resistance_N-acetyltransferases|ARSN1|MEG_11357|ARSN1-11357_a_345_G,1,0,1,3,0,0,0,0,0,0
MEG_11357|Drugs|Organoarsenicals|Arsinothricin_resistance_N-acetyltransferases|ARSN1|MEG_11357|ARSN1-11357_t_374_G,0,0,0,0,0,2,0,2,0,0
MEG_11357|Drugs|Organoarsenicals|Arsinothricin_resistance_N-acetyltransferases|ARSN1|MEG_11357|ARSN1-11357_g_394_A,0,1,1,3,0,0,0,0,0,0
MEG_11357|Drugs|Organoarsenicals|Arsinothricin_resistance_N-acetyltransferases|ARSN1|MEG_11357|ARSN1-11357_t_478_C,1,2,0,0,1,0,0,0,0,0
MEG_11358|Drugs|Organoarsenicals|Arsinothricin_resistance_N-acetyltransferases|ARSN1|MEG_11358|ARSN1-11358_c_29_G,1,0,0,0,3,0,0,0,0,0
MEG_11358|Drugs|Organoarsenicals|Arsinothricin_resistance_N-acetyltransferases|ARSN1|MEG_11358|ARSN1-11358_t_347_A,2,0,0,0,2,0,0,0,0,0
MEG_11358|Drugs|Organoarsenicals|Arsinothricin_resistance_N-acetyltransferases|ARSN1|MEG_11358|ARSN1-11358_t_377_A,2,0,0,0,2,0,0,0,0,0
MEG_11358|Drugs|Organoarsenicals|Arsinothricin_resistance_N-acetyltransferases|ARSN1|MEG_11358|ARSN1-11358_a_434_G,2,0,0,0,2,0,0,0,0,0
MEG_11358|Drugs|Organoarsenicals|Arsinothricin_resistance_N-acetyltransferases|ARSN1|MEG_11358|ARSN1-11358_a_437_T,2,0,0,0,2,0,0,0,0,0
MEG_11360|Metals|Arsenic_resistance|Arsenic_resistance_N-acetyltransferases|ARSN2|MEG_11360|ARSN2-11360_t_37_A,0,0,0,0,0,0,5,1,0,0
MEG_11360|Metals|Arsenic_resistance|Arsenic_resistance_N-acetyltransferases|ARSN2|MEG_11360|ARSN2-11360_g_65_T,0,0,0,0,0,0,6,1,0,0
MEG_11360|Metals|Arsenic_resistance|Arsenic_resistance_N-acetyltransferases|ARSN2|MEG_11360|ARSN2-11360_t_307_A,0,0,0,0,0,0,4,0,0,0
MEG_11361|Metals|Arsenic_resistance|Arsenic_resistance_N-acetyltransferases|ARSN2|MEG_11361|ARSN2-11361_g_320_T,0,0,0,0,0,1,3,0,1,1
MEG_11361|Metals|Arsenic_resistance|Arsenic_resistance_N-acetyltransferases|ARSN2|MEG_11361|ARSN2-11361_t_335_C,0,0,0,0,0,1,2,0,1,1
MEG_11361|Metals|Arsenic_resistance|Arsenic_resistance_N-acetyltransferases|ARSN2|MEG_11361|ARSN2-11361_t_467_A,0,0,0,0,0,1,2,1,0,0
MEG_11363|Metals|Arsenic_resistance|Arsenic_resistance_N-acetyltransferases|ARSN2|MEG_11363|ARSN2-11363_g_204_A,0,0,0,0,0,0,3,0,1,0
MEG_11363|Metals|Arsenic_resistance|Arsenic_resistance_N-acetyltransferases|ARSN2|MEG_11363|ARSN2-11363_c_330_A,0,0,0,0,0,0,3,0,1,0
MEG_11371|Drugs|MLS|Macrolide_esterases|BRB|MEG_11371|BRB-11371_a_85_G,0,0,0,0,0,2,0,1,1,0
MEG_11371|Drugs|MLS|Macrolide_esterases|BRB|MEG_11371|BRB-11371_g_90_C,0,0,0,0,0,2,0,1,1,0
MEG_11384|Drugs|Lipopeptides|Daptomycin_ABC_efflux_transporter_protein|DRCA|MEG_11384|DRCA-11384_g_565_A,0,0,0,0,0,0,5,2,1,2
MEG_11386|Drugs|Lipopeptides|Daptomycin_efflux_regulator|DRCR|MEG_11386|DRCR-11386_c_248_T,2,1,0,1,0,0,0,0,0,0
MEG_11386|Drugs|Lipopeptides|Daptomycin_efflux_regulator|DRCR|MEG_11386|DRCR-11386_a_258_G,2,0,0,2,0,0,0,0,0,0
MEG_11386|Drugs|Lipopeptides|Daptomycin_efflux_regulator|DRCR|MEG_11386|DRCR-11386_a_329_T,1,0,0,4,0,0,0,0,0,0
MEG_11386|Drugs|Lipopeptides|Daptomycin_efflux_regulator|DRCR|MEG_11386|DRCR-11386_a_409_T,1,0,0,3,0,0,0,0,0,0
MEG_11396|Metals|Cadmium_resistance|Cadmium_resistance_chaperone|HSCC|MEG_11396|HSCC-11396_t_105_G,0,1,0,0,12,0,0,0,0,0
MEG_11396|Metals|Cadmium_resistance|Cadmium_resistance_chaperone|HSCC|MEG_11396|HSCC-11396_g_156_A,0,1,0,1,9,0,0,0,0,0
MEG_11396|Metals|Cadmium_resistance|Cadmium_resistance_chaperone|HSCC|MEG_11396|HSCC-11396_c_166_T,0,0,0,0,0,1,2,3,0,0
MEG_11396|Metals|Cadmium_resistance|Cadmium_resistance_chaperone|HSCC|MEG_11396|HSCC-11396_a_217_T,0,0,0,0,0,0,2,5,0,0
MEG_11396|Metals|Cadmium_resistance|Cadmium_resistance_chaperone|HSCC|MEG_11396|HSCC-11396_g_352_T,0,0,0,0,0,0,1,7,1,0
MEG_11396|Metals|Cadmium_resistance|Cadmium_resistance_chaperone|HSCC|MEG_11396|HSCC-11396_a_454_T,2,1,0,2,15,0,0,0,0,0
MEG_11396|Metals|Cadmium_resistance|Cadmium_resistance_chaperone|HSCC|MEG_11396|HSCC-11396_g_522_A,0,1,0,2,14,0,0,0,0,0
MEG_11396|Metals|Cadmium_resistance|Cadmium_resistance_chaperone|HSCC|MEG_11396|HSCC-11396_t_632_A,0,0,0,0,0,2,5,4,0,0
MEG_11396|Metals|Cadmium_resistance|Cadmium_resistance_chaperone|HSCC|MEG_11396|HSCC-11396_t_932_C,3,2,0,1,12,0,0,0,0,0
MEG_11396|Metals|Cadmium_resistance|Cadmium_resistance_chaperone|HSCC|MEG_11396|HSCC-11396_t_958_G,0,0,0,0,0,1,1,3,1,4
MEG_11396|Metals|Cadmium_resistance|Cadmium_resistance_chaperone|HSCC|MEG_11396|HSCC-11396_c_990_A,2,0,0,3,13,0,0,0,0,0
MEG_11396|Metals|Cadmium_resistance|Cadmium_resistance_chaperone|HSCC|MEG_11396|HSCC-11396_g_1234_T,0,0,0,0,0,5,0,7,1,3
MEG_11396|Metals|Cadmium_resistance|Cadmium_resistance_chaperone|HSCC|MEG_11396|HSCC-11396_c_1294_A,0,2,0,3,8,0,0,0,0,0
MEG_11396|Metals|Cadmium_resistance|Cadmium_resistance_chaperone|HSCC|MEG_11396|HSCC-11396_a_1501_G,0,0,0,0,0,2,4,7,0,0
MEG_11396|Metals|Cadmium_resistance|Cadmium_resistance_chaperone|HSCC|MEG_11396|HSCC-11396_a_1573_C,0,0,0,0,0,3,2,7,1,1
MEG_11396|Metals|Cadmium_resistance|Cadmium_resistance_chaperone|HSCC|MEG_11396|HSCC-11396_c_1641_T,0,0,0,0,0,3,0,4,1,1
MEG_11398|Drugs|MLS|Lincosamide_nucleotidyltransferases|LNU|MEG_11398|LNU-11398_g_64_A,0,2,0,6,0,0,0,0,0,0
MEG_11398|Drugs|MLS|Lincosamide_nucleotidyltransferases|LNU|MEG_11398|LNU-11398_t_243_A,0,0,0,4,0,0,0,0,0,0
MEG_11398|Drugs|MLS|Lincosamide_nucleotidyltransferases|LNU|MEG_11398|LNU-11398_c_427_T,0,0,0,4,0,0,0,0,0,0
MEG_11398|Drugs|MLS|Lincosamide_nucleotidyltransferases|LNU|MEG_11398|LNU-11398_a_648_T,0,1,0,3,0,0,0,0,0,0
MEG_11429|Metals|Tellurium_resistance|Tellurium_resistance_protein|TERA|MEG_11429|TERA-11429_g_76_C,4,0,5,0,2,0,0,0,0,0
MEG_11429|Metals|Tellurium_resistance|Tellurium_resistance_protein|TERA|MEG_11429|TERA-11429_a_312_G,0,0,0,0,0,0,4,0,1,0
MEG_11429|Metals|Tellurium_resistance|Tellurium_resistance_protein|TERA|MEG_11429|TERA-11429_c_512_G,11,1,5,0,1,0,0,0,0,0
MEG_11429|Metals|Tellurium_resistance|Tellurium_resistance_protein|TERA|MEG_11429|TERA-11429_a_628_G,0,0,0,0,0,0,10,0,1,0
MEG_11429|Metals|Tellurium_resistance|Tellurium_resistance_protein|TERA|MEG_11429|TERA-11429_a_846_T,0,0,0,0,0,0,10,0,1,0
MEG_11429|Metals|Tellurium_resistance|Tellurium_resistance_protein|TERA|MEG_11429|TERA-11429_a_1138_T,0,0,0,0,0,0,6,0,0,0
MEG_11432|Drugs|Multi-drug_resistance|ABC-F_ribosomal_protection_protein|VGAF|MEG_11432|VGAF-11432_g_118_T,0,0,0,0,0,0,8,0,2,2
MEG_11432|Drugs|Multi-drug_resistance|ABC-F_ribosomal_protection_protein|VGAF|MEG_11432|VGAF-11432_a_186_G,0,0,0,0,0,0,14,0,3,0
MEG_11432|Drugs|Multi-drug_resistance|ABC-F_ribosomal_protection_protein|VGAF|MEG_11432|VGAF-11432_a_352_G,0,0,0,0,0,1,7,0,0,0
MEG_11432|Drugs|Multi-drug_resistance|ABC-F_ribosomal_protection_protein|VGAF|MEG_11432|VGAF-11432_c_816_T,0,0,0,0,0,0,12,0,1,3
MEG_11432|Drugs|Multi-drug_resistance|ABC-F_ribosomal_protection_protein|VGAF|MEG_11432|VGAF-11432_a_1160_G,0,0,0,4,4,0,0,0,0,0
MEG_11436|Biocides|Peroxide_resistance|Peroxide_resistance_stress_protein|KATP|MEG_11436|KATP-11436_g_27_C,0,0,0,0,0,0,0,2,1,2
MEG_11436|Biocides|Peroxide_resistance|Peroxide_resistance_stress_protein|KATP|MEG_11436|KATP-11436_a_146_C,0,0,0,0,0,0,3,3,1,1
MEG_11436|Biocides|Peroxide_resistance|Peroxide_resistance_stress_protein|KATP|MEG_11436|KATP-11436_a_952_T,0,0,0,0,0,1,1,5,1,6
MEG_11436|Biocides|Peroxide_resistance|Peroxide_resistance_stress_protein|KATP|MEG_11436|KATP-11436_a_1004_T,9,1,4,0,3,0,0,0,0,0
MEG_11436|Biocides|Peroxide_resistance|Peroxide_resistance_stress_protein|KATP|MEG_11436|KATP-11436_t_1262_A,0,0,0,0,0,0,5,3,2,4
MEG_11436|Biocides|Peroxide_resistance|Peroxide_resistance_stress_protein|KATP|MEG_11436|KATP-11436_g_1273_A,0,0,0,0,0,1,4,4,2,4
MEG_11436|Biocides|Peroxide_resistance|Peroxide_resistance_stress_protein|KATP|MEG_11436|KATP-11436_t_1702_C,0,0,0,0,0,0,3,2,4,3
MEG_11436|Biocides|Peroxide_resistance|Peroxide_resistance_stress_protein|KATP|MEG_11436|KATP-11436_g_1735_A,0,0,0,0,0,0,3,4,4,2
MEG_11436|Biocides|Peroxide_resistance|Peroxide_resistance_stress_protein|KATP|MEG_11436|KATP-11436_t_1836_G,0,0,0,0,0,0,1,5,1,1
MEG_11438|Biocides|Peroxide_resistance|Peroxide_resistance_stress_protein|SODC|MEG_11438|SODC-11438_a_51_T,1,0,2,1,0,0,0,0,0,0
MEG_11438|Biocides|Peroxide_resistance|Peroxide_resistance_stress_protein|SODC|MEG_11438|SODC-11438_c_92_A,0,0,2,3,0,0,0,0,0,0
MEG_11438|Biocides|Peroxide_resistance|Peroxide_resistance_stress_protein|SODC|MEG_11438|SODC-11438_g_390_A,0,0,2,4,0,0,0,0,0,0
MEG_11438|Biocides|Peroxide_resistance|Peroxide_resistance_stress_protein|SODC|MEG_11438|SODC-11438_t_446_A,0,0,0,0,0,1,4,0,0,3
MEG_11439|Multi-compound|Drug_and_biocide_and_metal_resistance|Drug_and_biocide_and_metal_RND_efflux_pumps|CMEB|MEG_11439|CMEB-11439_C_653_A,0,0,0,0,0,0,0,1,2,3
MEG_11439|Multi-compound|Drug_and_biocide_and_metal_resistance|Drug_and_biocide_and_metal_RND_efflux_pumps|CMEB|MEG_11439|CMEB-11439_C_733_A,3,0,0,1,1,0,0,0,0,0
MEG_11439|Multi-compound|Drug_and_biocide_and_metal_resistance|Drug_and_biocide_and_metal_RND_efflux_pumps|CMEB|MEG_11439|CMEB-11439_T_1081_C,3,0,0,0,2,0,0,0,0,0
MEG_11439|Multi-compound|Drug_and_biocide_and_metal_resistance|Drug_and_biocide_and_metal_RND_efflux_pumps|CMEB|MEG_11439|CMEB-11439_T_1091_A,2,0,2,0,11,0,0,0,0,0
MEG_11439|Multi-compound|Drug_and_biocide_and_metal_resistance|Drug_and_biocide_and_metal_RND_efflux_pumps|CMEB|MEG_11439|CMEB-11439_G_1096_A,3,0,0,0,1,0,0,0,0,0
MEG_11439|Multi-compound|Drug_and_biocide_and_metal_resistance|Drug_and_biocide_and_metal_RND_efflux_pumps|CMEB|MEG_11439|CMEB-11439_C_1578_A,0,1,1,0,11,0,0,0,0,0
MEG_11439|Multi-compound|Drug_and_biocide_and_metal_resistance|Drug_and_biocide_and_metal_RND_efflux_pumps|CMEB|MEG_11439|CMEB-11439_G_1864_T,2,0,2,0,9,0,0,0,0,0
MEG_11439|Multi-compound|Drug_and_biocide_and_metal_resistance|Drug_and_biocide_and_metal_RND_efflux_pumps|CMEB|MEG_11439|CMEB-11439_T_2265_A,0,0,0,0,0,0,1,1,3,1
MEG_11439|Multi-compound|Drug_and_biocide_and_metal_resistance|Drug_and_biocide_and_metal_RND_efflux_pumps|CMEB|MEG_11439|CMEB-11439_C_2978_A,0,0,0,0,0,0,0,1,3,0
MEG_11441|Drugs|Fluoroquinolones|Fluoroquinolone-resistant_DNA_topoisomerases|PARC|MEG_11441|PARC-11441_A_471_G,0,0,1,0,0,0,2,1,0,0
MEG_11441|Drugs|Fluoroquinolones|Fluoroquinolone-resistant_DNA_topoisomerases|PARC|MEG_11441|PARC-11441_T_948_C,0,0,1,0,0,0,2,0,0,1
MEG_11441|Drugs|Fluoroquinolones|Fluoroquinolone-resistant_DNA_topoisomerases|PARC|MEG_11441|PARC-11441_C_1062_T,2,0,1,1,3,0,4,0,0,0
MEG_11441|Drugs|Fluoroquinolones|Fluoroquinolone-resistant_DNA_topoisomerases|PARC|MEG_11441|PARC-11441_C_1584_T,1,0,1,0,1,0,2,0,0,0
MEG_11442|Multi-compound|Drug_and_biocide_and_metal_resistance|Drug_and_biocide_and_metal_RND_efflux_pumps|CMEA|MEG_11442|CMEA-11442_G_73_C,3,0,0,2,5,0,0,0,0,0
MEG_11442|Multi-compound|Drug_and_biocide_and_metal_resistance|Drug_and_biocide_and_metal_RND_efflux_pumps|CMEA|MEG_11442|CMEA-11442_C_95_A,0,0,0,0,0,4,0,1,0,1
MEG_11442|Multi-compound|Drug_and_biocide_and_metal_resistance|Drug_and_biocide_and_metal_RND_efflux_pumps|CMEA|MEG_11442|CMEA-11442_G_160_T,0,0,0,0,0,2,0,0,1,1
MEG_11442|Multi-compound|Drug_and_biocide_and_metal_resistance|Drug_and_biocide_and_metal_RND_efflux_pumps|CMEA|MEG_11442|CMEA-11442_T_168_C,2,1,0,1,4,0,0,0,0,0
MEG_11442|Multi-compound|Drug_and_biocide_and_metal_resistance|Drug_and_biocide_and_metal_RND_efflux_pumps|CMEA|MEG_11442|CMEA-11442_G_173_T,0,0,0,0,0,2,0,0,1,2
MEG_11442|Multi-compound|Drug_and_biocide_and_metal_resistance|Drug_and_biocide_and_metal_RND_efflux_pumps|CMEA|MEG_11442|CMEA-11442_C_226_A,0,0,0,0,0,2,0,4,2,2
MEG_11442|Multi-compound|Drug_and_biocide_and_metal_resistance|Drug_and_biocide_and_metal_RND_efflux_pumps|CMEA|MEG_11442|CMEA-11442_T_291_C,0,0,0,0,0,2,0,2,1,1
MEG_11442|Multi-compound|Drug_and_biocide_and_metal_resistance|Drug_and_biocide_and_metal_RND_efflux_pumps|CMEA|MEG_11442|CMEA-11442_C_427_T,0,0,0,0,0,3,0,0,0,3
MEG_11442|Multi-compound|Drug_and_biocide_and_metal_resistance|Drug_and_biocide_and_metal_RND_efflux_pumps|CMEA|MEG_11442|CMEA-11442_T_526_C,3,2,0,0,3,0,0,0,0,0
MEG_11442|Multi-compound|Drug_and_biocide_and_metal_resistance|Drug_and_biocide_and_metal_RND_efflux_pumps|CMEA|MEG_11442|CMEA-11442_A_574_G,2,1,0,1,2,0,0,0,0,0
MEG_11442|Multi-compound|Drug_and_biocide_and_metal_resistance|Drug_and_biocide_and_metal_RND_efflux_pumps|CMEA|MEG_11442|CMEA-11442_A_637_C,2,1,0,2,2,0,0,0,0,0
MEG_11442|Multi-compound|Drug_and_biocide_and_metal_resistance|Drug_and_biocide_and_metal_RND_efflux_pumps|CMEA|MEG_11442|CMEA-11442_A_646_T,0,0,0,0,0,1,0,2,0,1
MEG_11442|Multi-compound|Drug_and_biocide_and_metal_resistance|Drug_and_biocide_and_metal_RND_efflux_pumps|CMEA|MEG_11442|CMEA-11442_G_811_C,4,2,0,2,4,0,0,0,0,0
MEG_11442|Multi-compound|Drug_and_biocide_and_metal_resistance|Drug_and_biocide_and_metal_RND_efflux_pumps|CMEA|MEG_11442|CMEA-11442_T_941_A,0,0,0,0,0,2,0,1,0,2
MEG_11442|Multi-compound|Drug_and_biocide_and_metal_resistance|Drug_and_biocide_and_metal_RND_efflux_pumps|CMEA|MEG_11442|CMEA-11442_A_1017_G,4,1,0,4,5,0,0,0,0,0
MEG_11443|Biocides|Phenolic_compound_resistance|Triclosan-resistant_mutation|FABG|MEG_11443|FABG-11443_A_154_C,4,0,0,0,0,0,0,0,0,0
MEG_11443|Biocides|Phenolic_compound_resistance|Triclosan-resistant_mutation|FABG|MEG_11443|FABG-11443_G_230_A,0,0,0,0,0,3,0,1,0,0
MEG_11443|Biocides|Phenolic_compound_resistance|Triclosan-resistant_mutation|FABG|MEG_11443|FABG-11443_C_268_G,0,0,0,0,0,0,4,1,0,0
MEG_11443|Biocides|Phenolic_compound_resistance|Triclosan-resistant_mutation|FABG|MEG_11443|FABG-11443_G_288_A,0,0,0,0,0,4,0,1,0,0
MEG_11443|Biocides|Phenolic_compound_resistance|Triclosan-resistant_mutation|FABG|MEG_11443|FABG-11443_C_409_G,0,0,0,0,0,3,1,0,1,0
MEG_11443|Biocides|Phenolic_compound_resistance|Triclosan-resistant_mutation|FABG|MEG_11443|FABG-11443_G_478_A,0,0,0,0,0,2,1,0,2,0
MEG_11443|Biocides|Phenolic_compound_resistance|Triclosan-resistant_mutation|FABG|MEG_11443|FABG-11443_C_498_T,0,0,0,0,0,0,4,1,0,0
MEG_11445|Drugs|Lipopeptides|Colistin-resistant_mutant|PMRB|MEG_11445|PMRB-11445_C_222_G,2,0,3,2,1,1,8,0,0,3
MEG_11445|Drugs|Lipopeptides|Colistin-resistant_mutant|PMRB|MEG_11445|PMRB-11445_A_387_G,0,1,2,0,0,3,9,2,0,3
MEG_11445|Drugs|Lipopeptides|Colistin-resistant_mutant|PMRB|MEG_11445|PMRB-11445_G_477_T,1,1,2,0,1,4,7,1,1,0
MEG_11445|Drugs|Lipopeptides|Colistin-resistant_mutant|PMRB|MEG_11445|PMRB-11445_A_848_G,0,0,2,1,1,1,7,1,0,4
MEG_11445|Drugs|Lipopeptides|Colistin-resistant_mutant|PMRB|MEG_11445|PMRB-11445_G_963_A,0,0,0,0,0,0,8,7,3,1
MEG_11445|Drugs|Lipopeptides|Colistin-resistant_mutant|PMRB|MEG_11445|PMRB-11445_T_1072_A,0,0,3,0,2,3,4,1,1,0
MEG_11446|Drugs|Lipopeptides|Colistin-resistant_mutant|PMRB|MEG_11446|PMRB-11446_A_990_G,2,0,1,2,9,1,3,0,1,0
MEG_11452|Drugs|Lipopeptides|Colistin_phosphoethanolamine_transferase|MCR|MEG_11452|MCR-11452_G_423_A,2,0,2,1,0,0,0,0,0,0
MEG_11452|Drugs|Lipopeptides|Colistin_phosphoethanolamine_transferase|MCR|MEG_11452|MCR-11452_A_699_G,0,0,0,0,0,2,1,2,0,0
MEG_11452|Drugs|Lipopeptides|Colistin_phosphoethanolamine_transferase|MCR|MEG_11452|MCR-11452_C_720_A,4,1,1,1,0,0,0,0,0,0
MEG_11452|Drugs|Lipopeptides|Colistin_phosphoethanolamine_transferase|MCR|MEG_11452|MCR-11452_T_938_C,0,0,3,3,0,0,0,0,0,0
MEG_11452|Drugs|Lipopeptides|Colistin_phosphoethanolamine_transferase|MCR|MEG_11452|MCR-11452_A_991_C,1,0,3,2,0,0,0,0,0,0
MEG_11452|Drugs|Lipopeptides|Colistin_phosphoethanolamine_transferase|MCR|MEG_11452|MCR-11452_G_1001_C,1,0,3,1,1,0,0,0,0,0
MEG_11452|Drugs|Lipopeptides|Colistin_phosphoethanolamine_transferase|MCR|MEG_11452|MCR-11452_T_1053_G,0,0,2,3,2,0,0,0,0,0
MEG_11452|Drugs|Lipopeptides|Colistin_phosphoethanolamine_transferase|MCR|MEG_11452|MCR-11452_C_1183_T,0,2,2,1,0,0,0,0,0,0
MEG_11452|Drugs|Lipopeptides|Colistin_phosphoethanolamine_transferase|MCR|MEG_11452|MCR-11452_C_1189_A,0,1,2,1,0,0,0,0,0,0
MEG_11452|Drugs|Lipopeptides|Colistin_phosphoethanolamine_transferase|MCR|MEG_11452|MCR-11452_G_1222_C,0,1,3,0,0,0,0,0,0,0
MEG_11452|Drugs|Lipopeptides|Colistin_phosphoethanolamine_transferase|MCR|MEG_11452|MCR-11452_G_1339_A,2,0,1,0,1,0,0,0,0,0
MEG_11452|Drugs|Lipopeptides|Colistin_phosphoethanolamine_transferase|MCR|MEG_11452|MCR-11452_G_1585_C,0,1,3,4,1,0,0,0,0,0
MEG_11453|Drugs|Lipopeptides|Colistin_phosphoethanolamine_transferase|MCR|MEG_11453|MCR-11453_C_730_G,1,0,3,0,1,0,0,0,0,0
MEG_11454|Drugs|Lipopeptides|Colistin_phosphoethanolamine_transferase|MCR|MEG_11454|MCR-11454_G_343_A,0,0,0,0,0,0,4,0,0,0
MEG_11455|Drugs|Lipopeptides|Colistin_phosphoethanolamine_transferase|MCR|MEG_11455|MCR-11455_C_164_G,0,0,6,0,0,0,0,0,0,0
MEG_11455|Drugs|Lipopeptides|Colistin_phosphoethanolamine_transferase|MCR|MEG_11455|MCR-11455_G_181_T,0,0,4,0,0,0,0,0,0,0
MEG_11455|Drugs|Lipopeptides|Colistin_phosphoethanolamine_transferase|MCR|MEG_11455|MCR-11455_T_439_C,0,0,5,0,0,0,0,0,0,0
MEG_11455|Drugs|Lipopeptides|Colistin_phosphoethanolamine_transferase|MCR|MEG_11455|MCR-11455_A_997_G,0,1,4,0,1,0,0,0,0,0
MEG_11456|Drugs|Lipopeptides|Colistin_phosphoethanolamine_transferase|MCR|MEG_11456|MCR-11456_A_997_G,0,0,4,0,0,0,0,0,0,0
MEG_11456|Drugs|Lipopeptides|Colistin_phosphoethanolamine_transferase|MCR|MEG_11456|MCR-11456_A_1162_T,0,0,3,0,1,0,0,0,0,0
MEG_11458|Drugs|Lipopeptides|Colistin_phosphoethanolamine_transferase|MCR|MEG_11458|MCR-11458_G_303_C,0,0,0,0,0,0,3,0,1,0
MEG_11458|Drugs|Lipopeptides|Colistin_phosphoethanolamine_transferase|MCR|MEG_11458|MCR-11458_T_619_A,0,2,2,0,0,0,0,0,0,0
MEG_11458|Drugs|Lipopeptides|Colistin_phosphoethanolamine_transferase|MCR|MEG_11458|MCR-11458_A_688_T,1,2,4,0,0,0,0,0,0,0
MEG_11458|Drugs|Lipopeptides|Colistin_phosphoethanolamine_transferase|MCR|MEG_11458|MCR-11458_C_833_T,0,0,0,0,0,0,2,2,0,0
MEG_11458|Drugs|Lipopeptides|Colistin_phosphoethanolamine_transferase|MCR|MEG_11458|MCR-11458_T_925_A,0,0,4,0,0,0,0,0,0,0
MEG_11458|Drugs|Lipopeptides|Colistin_phosphoethanolamine_transferase|MCR|MEG_11458|MCR-11458_C_1207_A,1,0,4,0,0,0,0,0,0,0
MEG_11459|Drugs|Lipopeptides|Colistin_phosphoethanolamine_transferase|MCR|MEG_11459|MCR-11459_C_410_T,0,0,0,0,0,0,6,1,0,0
MEG_11459|Drugs|Lipopeptides|Colistin_phosphoethanolamine_transferase|MCR|MEG_11459|MCR-11459_A_592_C,0,0,0,0,0,0,4,1,2,1
MEG_11459|Drugs|Lipopeptides|Colistin_phosphoethanolamine_transferase|MCR|MEG_11459|MCR-11459_C_816_T,0,0,0,0,0,0,4,1,0,0
MEG_11459|Drugs|Lipopeptides|Colistin_phosphoethanolamine_transferase|MCR|MEG_11459|MCR-11459_T_838_G,0,0,0,0,0,0,3,1,1,1
MEG_11459|Drugs|Lipopeptides|Colistin_phosphoethanolamine_transferase|MCR|MEG_11459|MCR-11459_C_1025_T,0,0,0,0,0,0,6,0,0,2
MEG_11459|Drugs|Lipopeptides|Colistin_phosphoethanolamine_transferase|MCR|MEG_11459|MCR-11459_G_1470_A,0,0,0,0,0,0,4,0,0,0
MEG_11459|Drugs|Lipopeptides|Colistin_phosphoethanolamine_transferase|MCR|MEG_11459|MCR-11459_T_1547_C,0,0,0,0,0,3,0,0,3,1
MEG_11464|Drugs|Tetracyclines|Tetracycline_resistance_MFS_efflux_pumps|TETL|MEG_11464|TETL-11464_C_553_A,0,0,0,0,0,0,4,0,0,0
MEG_11464|Drugs|Tetracyclines|Tetracycline_resistance_MFS_efflux_pumps|TETL|MEG_11464|TETL-11464_T_617_G,0,0,0,0,0,0,3,1,0,0
MEG_11466|Drugs|Tetracyclines|Tetracycline_resistance_MFS_efflux_pumps|TETE|MEG_11466|TETE-11466_A_125_T,2,1,0,1,1,0,0,0,0,0
MEG_11466|Drugs|Tetracyclines|Tetracycline_resistance_MFS_efflux_pumps|TETE|MEG_11466|TETE-11466_T_338_A,0,0,0,3,3,0,0,0,0,0
MEG_11466|Drugs|Tetracyclines|Tetracycline_resistance_MFS_efflux_pumps|TETE|MEG_11466|TETE-11466_A_386_T,0,0,0,0,0,3,2,0,0,0
MEG_11466|Drugs|Tetracyclines|Tetracycline_resistance_MFS_efflux_pumps|TETE|MEG_11466|TETE-11466_C_545_G,0,0,0,1,3,0,0,0,0,0
MEG_11466|Drugs|Tetracyclines|Tetracycline_resistance_MFS_efflux_pumps|TETE|MEG_11466|TETE-11466_G_649_A,5,2,0,2,2,0,0,0,0,0
MEG_11466|Drugs|Tetracyclines|Tetracycline_resistance_MFS_efflux_pumps|TETE|MEG_11466|TETE-11466_A_661_G,5,2,0,2,2,0,0,0,0,0
MEG_11466|Drugs|Tetracyclines|Tetracycline_resistance_MFS_efflux_pumps|TETE|MEG_11466|TETE-11466_A_1075_C,2,0,0,4,1,0,0,0,0,0
MEG_11472|Drugs|Multi-drug_resistance|Multi-drug_RND_efflux_pumps|MEXC1|MEG_11472|MEXC1-11472_G_93_T,3,0,0,0,3,0,0,0,0,0
MEG_11472|Drugs|Multi-drug_resistance|Multi-drug_RND_efflux_pumps|MEXC1|MEG_11472|MEXC1-11472_T_122_A,1,0,0,1,2,0,0,0,0,0
MEG_11472|Drugs|Multi-drug_resistance|Multi-drug_RND_efflux_pumps|MEXC1|MEG_11472|MEXC1-11472_G_141_T,1,0,0,1,2,0,0,0,0,0
MEG_11472|Drugs|Multi-drug_resistance|Multi-drug_RND_efflux_pumps|MEXC1|MEG_11472|MEXC1-11472_G_343_A,6,0,0,1,2,0,0,0,0,0
MEG_11483|Drugs|betalactams|Class_B_betalactamases|GOB|MEG_11483|GOB-11483_A_89_G,0,0,0,0,0,0,3,2,1,0
MEG_11483|Drugs|betalactams|Class_B_betalactamases|GOB|MEG_11483|GOB-11483_A_632_C,0,0,0,0,0,0,1,3,0,0
MEG_11483|Drugs|betalactams|Class_B_betalactamases|GOB|MEG_11483|GOB-11483_G_687_C,0,0,0,0,0,0,2,2,0,0
MEG_11483|Drugs|betalactams|Class_B_betalactamases|GOB|MEG_11483|GOB-11483_C_751_A,0,0,0,0,0,0,4,1,0,0
MEG_11496|Drugs|Metronidazole|nim_nitroimidazole_reductase|NIMI|MEG_11496|NIMI-11496_T_429_C,0,0,0,0,0,3,0,0,1,1
MEG_11499|Drugs|Metronidazole|nim_nitroimidazole_reductase|NIME|MEG_11499|NIME-11499_T_105_A,0,0,0,0,0,0,1,1,0,5
MEG_11499|Drugs|Metronidazole|nim_nitroimidazole_reductase|NIME|MEG_11499|NIME-11499_A_359_T,0,0,0,0,0,1,1,0,0,3
MEG_11502|Drugs|Lipopeptides|Colistin_phosphoethanolamine_transferase|MCR|MEG_11502|MCR-11502_T_262_A,0,0,0,0,0,0,4,0,1,1
MEG_11502|Drugs|Lipopeptides|Colistin_phosphoethanolamine_transferase|MCR|MEG_11502|MCR-11502_A_317_T,0,0,0,0,0,0,5,1,0,0
MEG_11502|Drugs|Lipopeptides|Colistin_phosphoethanolamine_transferase|MCR|MEG_11502|MCR-11502_C_410_T,0,0,0,0,0,0,5,0,0,2
MEG_11502|Drugs|Lipopeptides|Colistin_phosphoethanolamine_transferase|MCR|MEG_11502|MCR-11502_A_592_C,0,0,0,0,0,0,11,1,0,0
MEG_11502|Drugs|Lipopeptides|Colistin_phosphoethanolamine_transferase|MCR|MEG_11502|MCR-11502_C_816_T,0,0,0,0,0,0,4,0,0,0
MEG_11502|Drugs|Lipopeptides|Colistin_phosphoethanolamine_transferase|MCR|MEG_11502|MCR-11502_C_1025_T,0,0,0,0,0,0,4,1,0,1
MEG_11502|Drugs|Lipopeptides|Colistin_phosphoethanolamine_transferase|MCR|MEG_11502|MCR-11502_G_1470_A,0,0,0,0,0,0,3,0,0,1
MEG_11502|Drugs|Lipopeptides|Colistin_phosphoethanolamine_transferase|MCR|MEG_11502|MCR-11502_A_1531_C,0,0,0,0,0,0,3,0,0,1
MEG_11503|Drugs|Aminoglycosides|16S_rRNA_methyltransferases|FMRO|MEG_11503|FMRO-11503_A_138_T,0,0,0,0,0,3,0,0,1,0
MEG_11503|Drugs|Aminoglycosides|16S_rRNA_methyltransferases|FMRO|MEG_11503|FMRO-11503_G_159_T,0,0,0,0,0,3,0,0,1,0
MEG_11503|Drugs|Aminoglycosides|16S_rRNA_methyltransferases|FMRO|MEG_11503|FMRO-11503_C_164_G,0,0,0,0,0,2,0,0,2,0
MEG_11503|Drugs|Aminoglycosides|16S_rRNA_methyltransferases|FMRO|MEG_11503|FMRO-11503_G_489_C,0,0,0,0,0,3,0,0,1,0
MEG_11506|Drugs|Aminoglycosides|Aminoglycoside_O-nucleotidyltransferases|ANT6|MEG_11506|ANT6-11506_A_67_G,0,0,0,0,0,2,4,2,0,1
MEG_11506|Drugs|Aminoglycosides|Aminoglycoside_O-nucleotidyltransferases|ANT6|MEG_11506|ANT6-11506_A_80_C,0,0,0,0,0,2,4,1,0,1
MEG_11506|Drugs|Aminoglycosides|Aminoglycoside_O-nucleotidyltransferases|ANT6|MEG_11506|ANT6-11506_A_150_G,0,0,0,0,0,2,1,4,0,1
MEG_11506|Drugs|Aminoglycosides|Aminoglycoside_O-nucleotidyltransferases|ANT6|MEG_11506|ANT6-11506_G_199_A,0,0,0,0,0,5,1,3,0,0
MEG_11506|Drugs|Aminoglycosides|Aminoglycoside_O-nucleotidyltransferases|ANT6|MEG_11506|ANT6-11506_T_205_A,0,0,0,0,0,5,1,2,0,0
MEG_11506|Drugs|Aminoglycosides|Aminoglycoside_O-nucleotidyltransferases|ANT6|MEG_11506|ANT6-11506_A_452_T,0,0,0,0,0,2,2,0,0,0
MEG_11506|Drugs|Aminoglycosides|Aminoglycoside_O-nucleotidyltransferases|ANT6|MEG_11506|ANT6-11506_T_526_A,0,0,0,0,0,4,5,3,0,0
MEG_11506|Drugs|Aminoglycosides|Aminoglycoside_O-nucleotidyltransferases|ANT6|MEG_11506|ANT6-11506_A_579_G,0,0,0,0,0,5,7,4,0,0
MEG_11506|Drugs|Aminoglycosides|Aminoglycoside_O-nucleotidyltransferases|ANT6|MEG_11506|ANT6-11506_A_619_T,0,0,0,0,0,7,2,5,0,0
MEG_11507|Drugs|MLS|23S_rRNA_methyltransferases|ERM|MEG_11507|ERM-11507_T_79_A,4,0,1,0,2,0,0,0,0,0
MEG_11507|Drugs|MLS|23S_rRNA_methyltransferases|ERM|MEG_11507|ERM-11507_T_236_G,2,1,0,1,1,0,0,0,0,0
MEG_11507|Drugs|MLS|23S_rRNA_methyltransferases|ERM|MEG_11507|ERM-11507_G_612_T,2,1,1,0,2,0,0,0,0,0
MEG_11510|Drugs|Tetracyclines|Tetracycline_resistance_ribosomal_protection_proteins|TETO|MEG_11510|TETO-11510_G_577_T,0,0,0,0,0,1,4,0,0,0
MEG_11510|Drugs|Tetracyclines|Tetracycline_resistance_ribosomal_protection_proteins|TETO|MEG_11510|TETO-11510_G_1066_T,0,0,3,2,1,0,0,0,0,0
MEG_11510|Drugs|Tetracyclines|Tetracycline_resistance_ribosomal_protection_proteins|TETO|MEG_11510|TETO-11510_C_1273_A,0,0,0,0,0,1,6,0,2,0
MEG_11510|Drugs|Tetracyclines|Tetracycline_resistance_ribosomal_protection_proteins|TETO|MEG_11510|TETO-11510_T_1323_G,0,0,0,0,0,2,4,0,0,3
MEG_11510|Drugs|Tetracyclines|Tetracycline_resistance_ribosomal_protection_proteins|TETO|MEG_11510|TETO-11510_G_1796_A,0,0,0,0,0,0,3,0,0,1
MEG_11515|Drugs|Ionophores|Ionophore_ABC_efflux_pump|NARA|MEG_11515|NARA-11515_A_63_T,3,0,0,1,0,0,0,0,0,0
MEG_11515|Drugs|Ionophores|Ionophore_ABC_efflux_pump|NARA|MEG_11515|NARA-11515_A_223_C,4,0,1,8,0,0,0,0,0,0
MEG_11515|Drugs|Ionophores|Ionophore_ABC_efflux_pump|NARA|MEG_11515|NARA-11515_T_228_G,0,0,0,0,0,0,5,0,0,0
MEG_11515|Drugs|Ionophores|Ionophore_ABC_efflux_pump|NARA|MEG_11515|NARA-11515_T_297_G,0,0,0,0,0,0,8,0,0,0
MEG_11515|Drugs|Ionophores|Ionophore_ABC_efflux_pump|NARA|MEG_11515|NARA-11515_A_352_G,0,0,0,0,0,0,10,0,0,0
MEG_11515|Drugs|Ionophores|Ionophore_ABC_efflux_pump|NARA|MEG_11515|NARA-11515_A_357_C,4,0,2,6,0,0,0,0,0,0
MEG_11515|Drugs|Ionophores|Ionophore_ABC_efflux_pump|NARA|MEG_11515|NARA-11515_A_432_T,0,0,0,0,0,0,5,0,0,0
MEG_11515|Drugs|Ionophores|Ionophore_ABC_efflux_pump|NARA|MEG_11515|NARA-11515_C_562_G,0,0,0,0,0,0,6,0,0,1
MEG_11515|Drugs|Ionophores|Ionophore_ABC_efflux_pump|NARA|MEG_11515|NARA-11515_A_581_G,0,0,0,0,0,0,7,0,0,1
MEG_11515|Drugs|Ionophores|Ionophore_ABC_efflux_pump|NARA|MEG_11515|NARA-11515_C_693_T,0,0,0,0,0,0,8,0,0,0
MEG_11515|Drugs|Ionophores|Ionophore_ABC_efflux_pump|NARA|MEG_11515|NARA-11515_A_703_C,4,2,1,3,0,0,0,0,0,0
MEG_11515|Drugs|Ionophores|Ionophore_ABC_efflux_pump|NARA|MEG_11515|NARA-11515_A_831_G,2,0,1,4,0,0,0,0,0,0
MEG_11515|Drugs|Ionophores|Ionophore_ABC_efflux_pump|NARA|MEG_11515|NARA-11515_G_846_A,0,0,0,0,0,0,4,0,0,0
MEG_11516|Drugs|Ionophores|Ionophore_ABC_efflux_pump|NARB|MEG_11516|NARB-11516_T_58_G,0,0,0,0,0,0,0,6,0,0
MEG_11516|Drugs|Ionophores|Ionophore_ABC_efflux_pump|NARB|MEG_11516|NARB-11516_G_238_T,0,0,0,0,0,0,0,2,2,0
MEG_11516|Drugs|Ionophores|Ionophore_ABC_efflux_pump|NARB|MEG_11516|NARB-11516_A_248_C,0,1,2,2,1,0,0,0,0,0
MEG_11516|Drugs|Ionophores|Ionophore_ABC_efflux_pump|NARB|MEG_11516|NARB-11516_A_285_T,0,0,0,0,0,0,0,4,4,0
MEG_11516|Drugs|Ionophores|Ionophore_ABC_efflux_pump|NARB|MEG_11516|NARB-11516_T_338_C,0,0,0,0,0,0,0,2,3,0
MEG_11516|Drugs|Ionophores|Ionophore_ABC_efflux_pump|NARB|MEG_11516|NARB-11516_T_690_A,0,2,7,2,1,0,0,0,0,0
MEG_11516|Drugs|Ionophores|Ionophore_ABC_efflux_pump|NARB|MEG_11516|NARB-11516_G_784_C,0,1,8,2,0,0,0,0,0,0
MEG_11516|Drugs|Ionophores|Ionophore_ABC_efflux_pump|NARB|MEG_11516|NARB-11516_G_846_C,0,0,0,0,0,0,0,5,1,0
MEG_11516|Drugs|Ionophores|Ionophore_ABC_efflux_pump|NARB|MEG_11516|NARB-11516_A_883_G,2,1,8,2,4,0,0,0,0,0
MEG_11516|Drugs|Ionophores|Ionophore_ABC_efflux_pump|NARB|MEG_11516|NARB-11516_C_1007_A,0,0,0,0,0,0,0,4,1,0
MEG_11516|Drugs|Ionophores|Ionophore_ABC_efflux_pump|NARB|MEG_11516|NARB-11516_C_1074_T,0,2,3,0,2,0,0,0,0,0
MEG_11516|Drugs|Ionophores|Ionophore_ABC_efflux_pump|NARB|MEG_11516|NARB-11516_A_1075_G,0,2,3,0,2,0,0,0,0,0
MEG_11516|Drugs|Ionophores|Ionophore_ABC_efflux_pump|NARB|MEG_11516|NARB-11516_T_1148_C,0,0,3,1,3,0,0,0,0,0
MEG_11516|Drugs|Ionophores|Ionophore_ABC_efflux_pump|NARB|MEG_11516|NARB-11516_T_1423_G,3,2,2,0,0,0,0,0,0,0
MEG_407|Multi-compound|Drug_and_biocide_and_metal_resistance|Drug_and_biocide_and_metal_RND_efflux_pumps|ACRD|MEG_407|ACRD-407_G_2269_T,0,0,0,0,0,0,6,6,0,0
MEG_1490|Drugs|Cationic_antimicrobial_peptides|Cationic_peptide-resistant_16S_ribosomal_subunit_protein|CAP16S|MEG_1490|CAP16S-1490_T_884_G,2,0,3,0,0,1,5,4,0,0
MEG_1490|Drugs|Cationic_antimicrobial_peptides|Cationic_peptide-resistant_16S_ribosomal_subunit_protein|CAP16S|MEG_1490|CAP16S-1490_T_986_G,2,1,0,1,0,0,0,0,0,0
MEG_3977|Drugs|MLS|Macrolide-resistant_23S_rRNA_mutation|MLS23S|MEG_3977|MLS23S-3977_T_349_C,1,0,0,0,3,0,0,0,1,1
MEG_3977|Drugs|MLS|Macrolide-resistant_23S_rRNA_mutation|MLS23S|MEG_3977|MLS23S-3977_A_1220_G,1,2,4,1,0,2,13,2,0,0
MEG_3977|Drugs|MLS|Macrolide-resistant_23S_rRNA_mutation|MLS23S|MEG_3977|MLS23S-3977_T_1229_G,6,2,3,1,9,1,4,1,0,2
MEG_3977|Drugs|MLS|Macrolide-resistant_23S_rRNA_mutation|MLS23S|MEG_3977|MLS23S-3977_C_1986_G,1,3,6,3,2,0,7,3,2,0
MEG_3977|Drugs|MLS|Macrolide-resistant_23S_rRNA_mutation|MLS23S|MEG_3977|MLS23S-3977_T_2132_G,0,1,5,1,2,1,22,1,1,1
MEG_3977|Drugs|MLS|Macrolide-resistant_23S_rRNA_mutation|MLS23S|MEG_3977|MLS23S-3977_T_2302_G,2,1,3,0,1,0,6,1,0,1
MEG_3988|Drugs|MLS|Macrolide-resistant_23S_rRNA_mutation|MLS23S|MEG_3988|MLS23S-3988_A_301_T,0,10,0,0,0,0,0,1,0,3
MEG_3988|Drugs|MLS|Macrolide-resistant_23S_rRNA_mutation|MLS23S|MEG_3988|MLS23S-3988_G_1990_C,0,0,0,1,1,1,1,1,2,3
MEG_3992|Drugs|MLS|Macrolide-resistant_23S_rRNA_mutation|MLS23S|MEG_3992|MLS23S-3992_T_2648_G,0,0,2,2,1,1,0,4,0,1
MEG_6146|Drugs|Aminoglycosides|Aminoglycoside-resistant_16S_ribosomal_subunit_protein|RRSC|MEG_6146|RRSC-6146_T_884_G,1,1,0,0,1,1,8,4,0,1
MEG_6146|Drugs|Aminoglycosides|Aminoglycoside-resistant_16S_ribosomal_subunit_protein|RRSC|MEG_6146|RRSC-6146_T_986_G,0,0,0,1,0,0,1,2,0,0
MEG_6147|Drugs|Aminoglycosides|Aminoglycoside-resistant_16S_ribosomal_subunit_protein|RRSH|MEG_6147|RRSH-6147_T_884_G,1,1,1,1,1,0,6,5,2,1
MEG_7469|Drugs|Glycopeptides|VanB-type_regulator|VANRB|MEG_7469|VANRB-7469_G_366_C,0,0,0,0,0,0,3,1,2,1
MEG_8249|Drugs|MLS|Macrolide-resistant_23S_rRNA_mutation|MLS23S|MEG_8249|MLS23S-8249_T_349_C,2,1,0,1,6,0,0,1,0,0
MEG_8249|Drugs|MLS|Macrolide-resistant_23S_rRNA_mutation|MLS23S|MEG_8249|MLS23S-8249_C_1986_G,2,2,2,1,3,1,5,2,1,0
MEG_8249|Drugs|MLS|Macrolide-resistant_23S_rRNA_mutation|MLS23S|MEG_8249|MLS23S-8249_T_2132_G,0,0,6,1,6,1,17,6,1,3
MEG_8249|Drugs|MLS|Macrolide-resistant_23S_rRNA_mutation|MLS23S|MEG_8249|MLS23S-8249_T_2302_G,1,0,3,0,3,3,5,2,1,0
